RoadSpeed,TirePressure,InclinationAngle,NormalForce,SlipAngle,ElapsedTime,AligningTorque,LateralForce,Index,SourceFile
25,12,0,-266.41,2.813,726.704,39.23,-327.9,20491,R20MZ_FZ_250_filtered
25,12,0,-266.39,4.149,726.364,44.05,-435.67,20457,R20MZ_FZ_250_filtered
25,12,0,-266.21,3.26,726.584,43.38,-369.15,20479,R20MZ_FZ_250_filtered
25,12,0,-266.08,3.218,726.594,42.69,-366.66,20480,R20MZ_FZ_250_filtered
25,12,0,-265.87,3.704,726.474,45.04,-404.35,20468,R20MZ_FZ_250_filtered
25,12,0,-265.86,5.55,861.211,36.62,-498.15,25406,R20MZ_FZ_250_filtered
25,12,0,-265.82,4.626,726.244,43.62,-463.12,20445,R20MZ_FZ_250_filtered
25,12,0,-265.81,-2.071,733.124,-36.28,248.93,21132,R20MZ_FZ_250_filtered
25,12,0,-265.77,4.196,726.354,44.65,-437.38,20456,R20MZ_FZ_250_filtered
25,12,0,-265.69,3.751,726.464,45.08,-406.53,20467,R20MZ_FZ_250_filtered
25,12,-0,-265.64,3.3,726.574,43.84,-371.62,20478,R20MZ_FZ_250_filtered
25,12,0,-265.55,5.989,861.101,33.63,-515.04,25395,R20MZ_FZ_250_filtered
25,12,0,-265.53,-2.522,733.014,-39.75,293.14,21121,R20MZ_FZ_250_filtered
25,12,-0,-265.48,5.463,726.034,38.25,-504.2,20424,R20MZ_FZ_250_filtered
25,12,0,-265.45,3.669,726.484,44.43,-401.72,20469,R20MZ_FZ_250_filtered
25,12,0,-265.45,2.83,726.694,40.05,-330.84,20490,R20MZ_FZ_250_filtered
25,12,0,-265.22,-2.131,733.114,-36.91,253.74,21131,R20MZ_FZ_250_filtered
25,12,-0,-265.17,4.597,726.254,43.26,-461.72,20446,R20MZ_FZ_250_filtered
25,12,0,-265.13,-2.038,733.134,-35.81,244.14,21133,R20MZ_FZ_250_filtered
25,12,0,-265.09,5.987,725.904,36.33,-525.15,20411,R20MZ_FZ_250_filtered
25,12,-0,-265.02,2.882,861.881,39.16,-330.83,25473,R20MZ_FZ_250_filtered
25,12,0,-264.97,-1.633,733.234,-31.44,199.76,21143,R20MZ_FZ_250_filtered
25,12,0,-264.97,5.584,861.201,36.38,-498.93,25405,R20MZ_FZ_250_filtered
25,12,0,-264.93,5.934,725.914,36.01,-523.58,20412,R20MZ_FZ_250_filtered
25,12,0,-264.91,3.3,861.771,42.1,-368.21,25462,R20MZ_FZ_250_filtered
25,12,0,-264.9,5.06,861.331,38.45,-476.59,25418,R20MZ_FZ_250_filtered
25,12,0,-264.83,3.741,861.661,43.09,-402.48,25451,R20MZ_FZ_250_filtered
25,12,0,-264.78,-2.077,868.321,-35.27,245.83,26116,R20MZ_FZ_250_filtered
25,12,0,-264.77,-1.619,868.431,-30.45,198.06,26127,R20MZ_FZ_250_filtered
25,12,0,-264.74,4.981,726.154,40.67,-480.63,20436,R20MZ_FZ_250_filtered
25,12,0,-264.7,-2.518,868.211,-38.99,290.35,26105,R20MZ_FZ_250_filtered
25,12,0,-264.68,2.858,861.891,38.35,-327.72,25474,R20MZ_FZ_250_filtered
25,12,0,-264.64,4.119,726.374,43.57,-433.04,20458,R20MZ_FZ_250_filtered
25,12,0,-264.62,-2.998,732.894,-42.75,337.51,21109,R20MZ_FZ_250_filtered
25,12,0,-264.59,-2.557,868.201,-39.16,294.69,26104,R20MZ_FZ_250_filtered
25,12,0,-264.58,4.632,861.441,40.47,-455.66,25429,R20MZ_FZ_250_filtered
25,12,0,-264.55,-2.953,732.904,-42.53,333.16,21110,R20MZ_FZ_250_filtered
25,12,0,-264.5,2.887,726.684,40.53,-333.31,20489,R20MZ_FZ_250_filtered
25,12,0,-264.44,2.764,726.714,38.26,-324,20492,R20MZ_FZ_250_filtered
25,12,0,-264.33,5.51,861.221,35.86,-495.35,25407,R20MZ_FZ_250_filtered
25,12,0,-264.32,-3.41,732.794,-43.84,368.84,21099,R20MZ_FZ_250_filtered
25,12,0,-264.27,4.551,726.264,43.04,-458.77,20447,R20MZ_FZ_250_filtered
25,12,0,-264.23,-3.444,732.784,-44.23,372.56,21098,R20MZ_FZ_250_filtered
25,12,0,-264.21,5.145,726.114,40.95,-486.06,20432,R20MZ_FZ_250_filtered
25,12,0,-264.19,3.178,726.604,42.33,-362.78,20481,R20MZ_FZ_250_filtered
25,12,0,-264.17,2.372,862.001,35.93,-285.69,25485,R20MZ_FZ_250_filtered
25,12,0,-264.16,-2.117,868.311,-35.52,251.1,26115,R20MZ_FZ_250_filtered
25,12,-0,-264.15,6.383,725.804,34.14,-539.86,20401,R20MZ_FZ_250_filtered
25,12,0,-264.09,6.413,725.794,33.85,-541.73,20400,R20MZ_FZ_250_filtered
25,12,0,-264.08,3.269,861.781,42.01,-365.27,25463,R20MZ_FZ_250_filtered
25,12,0,-264.05,5.959,861.111,32.92,-512.56,25396,R20MZ_FZ_250_filtered
25,12,0,-264.05,3.352,861.761,42.56,-370.85,25461,R20MZ_FZ_250_filtered
25,12,0,-264.02,4.595,861.451,39.87,-453.18,25430,R20MZ_FZ_250_filtered
25,12,0,-264.01,4.236,726.344,45.05,-438.62,20455,R20MZ_FZ_250_filtered
25,12,0,-264.01,3.803,861.651,43.24,-404.18,25450,R20MZ_FZ_250_filtered
25,12,0,-263.97,5.579,726.004,38.4,-507.15,20421,R20MZ_FZ_250_filtered
25,12,0,-263.97,-1.654,868.421,-30.93,203.49,26126,R20MZ_FZ_250_filtered
25,12,0,-263.93,-1.666,733.224,-32.09,205.67,21142,R20MZ_FZ_250_filtered
25,12,0,-263.9,2.417,861.991,36.94,-289.1,25484,R20MZ_FZ_250_filtered
25,12,0,-263.85,-1.579,868.441,-29.78,193.1,26128,R20MZ_FZ_250_filtered
25,12,0,-263.8,-3.041,732.884,-42.87,341.85,21108,R20MZ_FZ_250_filtered
25,12,0,-263.75,5.426,726.044,38.32,-501.09,20425,R20MZ_FZ_250_filtered
25,12,0,-263.68,-3.917,732.664,-43.4,407.61,21086,R20MZ_FZ_250_filtered
25,12,0,-263.68,-2.157,733.104,-36.8,259.34,21130,R20MZ_FZ_250_filtered
25,12,0,-263.58,-2.032,868.331,-34.73,241.35,26117,R20MZ_FZ_250_filtered
25,12,0,-263.55,-4.365,732.554,-43.11,434.46,21075,R20MZ_FZ_250_filtered
25,12,0,-263.54,-4.799,732.444,-40.41,457.57,21064,R20MZ_FZ_250_filtered
25,12,0,-263.52,-2.991,868.091,-41.69,334.72,26093,R20MZ_FZ_250_filtered
25,12,0,-263.38,6.026,725.894,36.27,-525.45,20410,R20MZ_FZ_250_filtered
25,12,-0,-263.32,-4.326,732.564,-43.06,431.51,21076,R20MZ_FZ_250_filtered
25,12,0,-263.31,-2.958,868.101,-41.24,330.69,26094,R20MZ_FZ_250_filtered
25,12,0,-263.29,3.626,726.494,43.83,-397.98,20470,R20MZ_FZ_250_filtered
25,12,0,-263.22,-3.42,867.981,-42.65,368.84,26082,R20MZ_FZ_250_filtered
25,12,0,-263.21,-3.845,732.684,-43.91,400.95,21088,R20MZ_FZ_250_filtered
25,12,0,-263.18,3.34,726.564,43.93,-373.47,20477,R20MZ_FZ_250_filtered
25,12,0,-263.17,-3.489,732.774,-44.18,376.44,21097,R20MZ_FZ_250_filtered
25,12,0,-263.15,6.419,860.991,31.96,-530.72,25384,R20MZ_FZ_250_filtered
25,12,0,-263.1,-2.477,868.221,-38.13,286.02,26106,R20MZ_FZ_250_filtered
25,12,0,-263.09,3.227,861.791,41.14,-361.84,25464,R20MZ_FZ_250_filtered
25,12,0,-262.95,-2.927,732.914,-42.21,330.24,21111,R20MZ_FZ_250_filtered
25,12,0,-262.95,-2.597,868.191,-39.18,299.51,26103,R20MZ_FZ_250_filtered
25,12,0,-262.93,-5.237,732.334,-39.13,477.72,21053,R20MZ_FZ_250_filtered
25,12,0,-262.92,-5.207,732.344,-39.5,475.89,21054,R20MZ_FZ_250_filtered
25,12,0,-262.89,4.165,861.561,41.58,-429.14,25441,R20MZ_FZ_250_filtered
25,12,0,-262.84,2.928,861.871,39.71,-333.62,25472,R20MZ_FZ_250_filtered
25,12,0,-262.77,-3.356,732.804,-43.53,365.91,21100,R20MZ_FZ_250_filtered
25,12,0,-262.77,5.02,861.341,38.18,-473.94,25419,R20MZ_FZ_250_filtered
25,12,0,-262.76,3.68,861.681,41.84,-396.11,25453,R20MZ_FZ_250_filtered
25,12,0,-262.73,4.07,726.384,43.48,-429.3,20459,R20MZ_FZ_250_filtered
25,12,0,-262.72,-3.399,867.991,-42.42,365.44,26083,R20MZ_FZ_250_filtered
25,12,0,-262.7,6.868,725.684,30.15,-556.15,20389,R20MZ_FZ_250_filtered
25,12,0,-262.66,-4.276,732.574,-43.03,428.88,21077,R20MZ_FZ_250_filtered
25,12,0,-262.64,5.185,861.301,38.72,-479.69,25415,R20MZ_FZ_250_filtered
25,12,0,-262.6,-1.702,868.411,-30.89,209.08,26125,R20MZ_FZ_250_filtered
25,12,0,-262.6,-1.198,868.541,-23.63,148.59,26138,R20MZ_FZ_250_filtered
25,12,0,-262.57,-5.279,732.324,-38.81,479.28,21052,R20MZ_FZ_250_filtered
25,12,0,-262.56,5.474,861.231,35.71,-492.39,25408,R20MZ_FZ_250_filtered
25,12,0,-262.54,-2.159,868.301,-35.42,256.55,26114,R20MZ_FZ_250_filtered
25,12,0,-262.52,-4.788,867.641,-38.87,450.28,26048,R20MZ_FZ_250_filtered
25,12,0,-262.46,-3.963,732.654,-42.97,410.72,21085,R20MZ_FZ_250_filtered
25,12,0,-262.31,2.724,726.724,37.67,-319.18,20493,R20MZ_FZ_250_filtered
25,12,0,-262.25,-1.235,868.531,-24.25,154.34,26137,R20MZ_FZ_250_filtered
25,12,-0,-262.24,-1.71,733.214,-32.31,211.58,21141,R20MZ_FZ_250_filtered
25,12,0,-262.22,4.271,861.531,41.96,-434.4,25438,R20MZ_FZ_250_filtered
25,12,0,-262.21,-1.98,868.341,-34.23,237.33,26118,R20MZ_FZ_250_filtered
25,12,0,-262.16,4.945,726.164,40.84,-477.21,20437,R20MZ_FZ_250_filtered
25,12,-0,-262.09,3.378,861.751,42.38,-372.53,25460,R20MZ_FZ_250_filtered
25,12,0,-262.06,2.467,861.981,36.79,-292.05,25483,R20MZ_FZ_250_filtered
25,12,0,-262.03,-2.915,868.111,-41.05,326.67,26095,R20MZ_FZ_250_filtered
25,12,0,-262.02,-1.244,733.334,-25.12,155.26,21153,R20MZ_FZ_250_filtered
25,12,0,-261.99,6.387,861.001,32.09,-527.75,25385,R20MZ_FZ_250_filtered
25,12,0,-261.95,-1.164,868.551,-22.41,143.48,26139,R20MZ_FZ_250_filtered
25,12,-0,-261.88,-1.539,868.451,-29.35,188.94,26129,R20MZ_FZ_250_filtered
25,12,0,-261.87,-3.811,732.694,-43.9,398.49,21089,R20MZ_FZ_250_filtered
25,12,0,-261.87,-4.762,867.651,-39.32,448.11,26049,R20MZ_FZ_250_filtered
25,12,0,-261.84,5.174,726.104,40.59,-486.2,20431,R20MZ_FZ_250_filtered
25,12,0,-261.82,-4.73,732.464,-40.65,452.62,21066,R20MZ_FZ_250_filtered
25,12,0,-261.82,1.954,862.111,31.63,-240.23,25496,R20MZ_FZ_250_filtered
25,12,0,-261.81,-5.671,732.224,-35.67,495.58,21042,R20MZ_FZ_250_filtered
25,12,0,-261.78,6.908,725.674,30.51,-556.61,20388,R20MZ_FZ_250_filtered
25,12,0,-261.76,4.557,861.461,39.7,-449.75,25431,R20MZ_FZ_250_filtered
25,12,0,-261.73,-4.401,732.544,-42.54,437.1,21074,R20MZ_FZ_250_filtered
25,12,0,-261.72,6.063,725.884,36.11,-524.66,20409,R20MZ_FZ_250_filtered
25,12,0,-261.71,3.841,861.641,43.04,-405.87,25449,R20MZ_FZ_250_filtered
25,12,0,-261.7,2.461,726.784,37.65,-293.28,20499,R20MZ_FZ_250_filtered
25,12,0,-261.68,-3.516,732.764,-43.25,380.48,21096,R20MZ_FZ_250_filtered
25,12,0,-261.63,4.273,726.334,44.47,-439.53,20454,R20MZ_FZ_250_filtered
25,12,0,-261.63,-3.837,867.881,-42.62,395.54,26072,R20MZ_FZ_250_filtered
25,12,0,-261.62,-3.352,868.001,-42.14,362.36,26084,R20MZ_FZ_250_filtered
25,12,0,-261.6,5.382,726.054,38.37,-497.52,20426,R20MZ_FZ_250_filtered
25,12,0,-261.6,3.148,726.614,41.95,-358.26,20482,R20MZ_FZ_250_filtered
25,12,0,-261.56,5.91,861.121,32.59,-509.45,25397,R20MZ_FZ_250_filtered
25,12,0,-261.53,5.629,725.994,37.49,-506.35,20420,R20MZ_FZ_250_filtered
25,12,0,-261.48,-5.222,867.531,-38.03,470.13,26037,R20MZ_FZ_250_filtered
25,12,0,-261.46,2.972,861.861,40.25,-336.1,25471,R20MZ_FZ_250_filtered
25,12,0,-261.43,-3.324,732.814,-43.53,363.6,21101,R20MZ_FZ_250_filtered
25,12,0,-261.41,2.006,862.101,32.98,-243.34,25495,R20MZ_FZ_250_filtered
25,12,0,-261.38,-3.081,732.874,-42.28,345.9,21107,R20MZ_FZ_250_filtered
25,12,0,-261.33,7.288,725.574,29.97,-567.61,20378,R20MZ_FZ_250_filtered
25,12,0,-261.32,4.511,726.274,42.9,-455.5,20448,R20MZ_FZ_250_filtered
25,12,0,-261.32,-4.268,867.771,-41.87,421.9,26061,R20MZ_FZ_250_filtered
25,12,0,-261.27,7.329,725.564,30.56,-568.7,20377,R20MZ_FZ_250_filtered
25,12,0,-261.25,-5.324,732.314,-38.25,481.14,21051,R20MZ_FZ_250_filtered
25,12,0,-261.21,-2.45,868.231,-37.84,282.93,26107,R20MZ_FZ_250_filtered
25,12,0,-261.2,-2.203,733.094,-36.94,264.94,21129,R20MZ_FZ_250_filtered
25,12,0,-261.14,-5.727,732.214,-35.08,497.44,21041,R20MZ_FZ_250_filtered
25,12,0,-261.13,-5.265,867.521,-37.66,471.52,26036,R20MZ_FZ_250_filtered
25,12,0,-261.07,6.118,861.071,33.9,-516.44,25392,R20MZ_FZ_250_filtered
25,12,0,-261.06,4.325,861.521,41.55,-435.33,25437,R20MZ_FZ_250_filtered
25,12,0,-261.01,-5.641,732.234,-35.72,493.73,21043,R20MZ_FZ_250_filtered
25,12,0,-261.01,4.118,861.571,41.1,-425.87,25442,R20MZ_FZ_250_filtered
25,12,0,-261,3.189,861.801,40.78,-357.63,25465,R20MZ_FZ_250_filtered
25,12,0,-260.99,3.376,726.554,43.7,-375.17,20476,R20MZ_FZ_250_filtered
25,12,0,-260.97,6.5,725.774,34.02,-541.72,20398,R20MZ_FZ_250_filtered
25,12,0,-260.94,-2.887,732.924,-42.19,327.31,21112,R20MZ_FZ_250_filtered
25,12,0,-260.86,-4.831,867.631,-38.68,452.45,26047,R20MZ_FZ_250_filtered
25,12,0,-260.81,-0.774,733.454,-14.96,95.86,21165,R20MZ_FZ_250_filtered
25,12,0,-260.71,-2.645,732.984,-40.11,307.6,21118,R20MZ_FZ_250_filtered
25,12,0,-260.69,7.255,725.584,29.5,-564.96,20379,R20MZ_FZ_250_filtered
25,12,0,-260.67,-2.198,868.291,-35.62,261.69,26113,R20MZ_FZ_250_filtered
25,12,0,-260.64,-2.871,868.121,-40.57,323.43,26096,R20MZ_FZ_250_filtered
25,12,0,-260.6,4.736,726.214,42.94,-464.64,20442,R20MZ_FZ_250_filtered
25,12,-0,-260.6,2.511,861.971,36.32,-294.97,25482,R20MZ_FZ_250_filtered
25,12,0,-260.56,-4.709,867.661,-39.33,445.33,26050,R20MZ_FZ_250_filtered
25,12,0,-260.54,6.54,860.961,31.72,-532.25,25381,R20MZ_FZ_250_filtered
25,12,0,-260.49,3.632,861.691,41.52,-391.75,25454,R20MZ_FZ_250_filtered
25,12,0,-260.47,7.789,725.454,25.74,-577.53,20366,R20MZ_FZ_250_filtered
25,12,0,-260.47,4.987,861.351,38.02,-470.68,25420,R20MZ_FZ_250_filtered
25,12,0,-260.45,3.428,861.741,42.2,-374.69,25459,R20MZ_FZ_250_filtered
25,12,0,-260.44,-5.363,732.304,-37.14,482.71,21050,R20MZ_FZ_250_filtered
25,12,0,-260.42,-3.781,867.891,-42.46,393.07,26073,R20MZ_FZ_250_filtered
25,12,0,-260.35,4.024,726.394,43.46,-424.93,20460,R20MZ_FZ_250_filtered
25,12,0,-260.26,-4.448,732.534,-41.82,439.6,21073,R20MZ_FZ_250_filtered
25,12,0,-260.24,7.378,860.751,29.64,-557.83,25360,R20MZ_FZ_250_filtered
25,12,-0,-260.24,-0.76,868.651,-14.81,96.19,26149,R20MZ_FZ_250_filtered
25,12,0,-260.22,6.94,725.664,30.49,-555.67,20387,R20MZ_FZ_250_filtered
25,12,0,-260.22,-4.877,867.621,-37.87,454,26046,R20MZ_FZ_250_filtered
25,12,0,-260.21,7.819,860.641,24.21,-567.59,25349,R20MZ_FZ_250_filtered
25,12,0,-260.16,-1.944,868.351,-33.84,233.93,26119,R20MZ_FZ_250_filtered
25,12,0,-260.15,5.428,861.241,35.81,-488.97,25409,R20MZ_FZ_250_filtered
25,12,0,-260.12,2.966,726.664,41.62,-337.79,20487,R20MZ_FZ_250_filtered
25,12,0,-260.12,-3.562,732.754,-42.86,384.54,21095,R20MZ_FZ_250_filtered
25,12,0,-260.11,-1.28,868.521,-24.86,160.23,26136,R20MZ_FZ_250_filtered
25,12,0,-260.08,3.879,861.631,42.65,-406.94,25448,R20MZ_FZ_250_filtered
25,12,0,-260.08,-1.747,868.401,-31.17,214.69,26124,R20MZ_FZ_250_filtered
25,12,0,-260.07,7.369,725.554,30.98,-567.78,20376,R20MZ_FZ_250_filtered
25,12,0,-260.06,4.314,726.324,43.85,-440.6,20453,R20MZ_FZ_250_filtered
25,12,0,-260.05,-1.287,733.324,-25.41,161.17,21152,R20MZ_FZ_250_filtered
25,12,0,-260.02,6.778,725.704,29.85,-550.38,20391,R20MZ_FZ_250_filtered
25,12,0,-260.02,5.221,726.094,39.91,-486.65,20430,R20MZ_FZ_250_filtered
25,12,0,-260.02,-1.746,733.204,-32.12,216.86,21140,R20MZ_FZ_250_filtered
25,12,0,-260.02,-0.719,868.661,-13.92,90.29,26150,R20MZ_FZ_250_filtered
25,12,0,-260.01,7.307,860.771,28.1,-554.87,25362,R20MZ_FZ_250_filtered
25,12,0,-260.01,-5.668,867.421,-34.04,487.81,26026,R20MZ_FZ_250_filtered
25,12,0,-260,6.837,860.891,27.01,-541.38,25374,R20MZ_FZ_250_filtered
25,12,0,-259.9,-5.608,732.244,-36.47,492.19,21044,R20MZ_FZ_250_filtered
25,12,0,-259.89,7.793,860.651,24.42,-566.67,25350,R20MZ_FZ_250_filtered
25,12,0,-259.88,7.743,725.464,25.76,-576.44,20367,R20MZ_FZ_250_filtered
25,12,0,-259.87,4.791,861.401,40.37,-459.67,25425,R20MZ_FZ_250_filtered
25,12,0,-259.86,2.029,862.091,33.22,-246.74,25494,R20MZ_FZ_250_filtered
25,12,0,-259.84,-3.121,732.864,-41.8,350.42,21106,R20MZ_FZ_250_filtered
25,12,0,-259.82,-4.227,867.781,-41.93,419.76,26062,R20MZ_FZ_250_filtered
25,12,-0,-259.81,-4.687,732.474,-40.93,450.16,21067,R20MZ_FZ_250_filtered
25,12,0,-259.76,6.994,860.851,28.39,-546.04,25370,R20MZ_FZ_250_filtered
25,12,0,-259.73,6.105,725.874,35.71,-524.49,20408,R20MZ_FZ_250_filtered
25,12,0,-259.72,5.664,725.984,37.08,-506.65,20419,R20MZ_FZ_250_filtered
25,12,0,-259.71,11.796,724.444,1.7,-601.83,20265,R20MZ_FZ_250_filtered
25,12,0,-259.69,8.227,725.344,24.38,-583.88,20355,R20MZ_FZ_250_filtered
25,12,0,-259.69,2.501,726.774,37.4,-296.37,20498,R20MZ_FZ_250_filtered
25,12,0,-259.62,2.678,726.734,37.04,-313.88,20494,R20MZ_FZ_250_filtered
25,12,0,-259.61,-1.503,868.461,-28.26,185.23,26130,R20MZ_FZ_250_filtered
25,12,0,-259.59,-5.118,732.364,-39.24,471.41,21056,R20MZ_FZ_250_filtered
25,12,0,-259.55,-2.253,733.084,-36.34,269.3,21128,R20MZ_FZ_250_filtered
25,12,0,-259.54,-0.814,733.444,-15.57,102.39,21164,R20MZ_FZ_250_filtered
25,12,0,-259.54,-0.802,868.641,-14.94,102.07,26148,R20MZ_FZ_250_filtered
25,12,0,-259.53,8.19,725.354,23.99,-582.49,20356,R20MZ_FZ_250_filtered
25,12,0,-259.51,-2.397,868.241,-37.2,279.69,26108,R20MZ_FZ_250_filtered
25,12,0,-259.47,5.869,861.131,32.45,-505.71,25398,R20MZ_FZ_250_filtered
25,12,0,-259.41,-3.309,868.011,-42.26,359.73,26085,R20MZ_FZ_250_filtered
25,12,0,-259.39,5.336,726.064,38.89,-493.79,20427,R20MZ_FZ_250_filtered
25,12,0,-259.39,-4.43,867.731,-40.28,431.67,26057,R20MZ_FZ_250_filtered
25,12,0,-259.34,4.51,861.471,39.82,-446.32,25432,R20MZ_FZ_250_filtered
25,12,0,-259.32,4.473,726.284,42.98,-451.6,20449,R20MZ_FZ_250_filtered
25,12,0,-259.24,7.869,860.631,23.94,-566.81,25348,R20MZ_FZ_250_filtered
25,12,0,-259.23,3.015,861.851,40.32,-338.57,25470,R20MZ_FZ_250_filtered
25,12,0,-259.23,-5.714,867.411,-33.66,489.52,26025,R20MZ_FZ_250_filtered
25,12,0,-259.22,-5.746,867.401,-33.18,490.92,26024,R20MZ_FZ_250_filtered
25,12,0,-259.2,12.276,859.401,2.66,-599.98,25225,R20MZ_FZ_250_filtered
25,12,0,-259.13,12.262,724.214,4.72,-611.47,20242,R20MZ_FZ_250_filtered
25,12,0,-259.09,-2.835,868.131,-40.87,320.65,26097,R20MZ_FZ_250_filtered
25,12,0,-259.08,7.819,725.444,25.59,-577.06,20365,R20MZ_FZ_250_filtered
25,12,0,-259.07,8.653,725.234,21.63,-589.15,20344,R20MZ_FZ_250_filtered
25,12,0,-259.07,5.704,861.171,34.75,-499.05,25402,R20MZ_FZ_250_filtered
25,12,0,-259.05,7.748,860.661,24.47,-563.86,25351,R20MZ_FZ_250_filtered
25,12,0,-259.04,3.16,861.811,40.33,-353.12,25466,R20MZ_FZ_250_filtered
25,12,0,-259.04,1.553,862.211,25.49,-197.56,25506,R20MZ_FZ_250_filtered
25,12,0,-258.99,-3.541,867.951,-41.63,377.86,26079,R20MZ_FZ_250_filtered
25,12,0,-258.98,-2.681,732.974,-39.79,312.1,21117,R20MZ_FZ_250_filtered
25,12,-0,-258.97,5.823,725.944,35.61,-515.03,20415,R20MZ_FZ_250_filtered
25,12,0,-258.97,1.431,727.044,25.19,-187.33,20525,R20MZ_FZ_250_filtered
25,12,0,-258.96,12.221,859.511,10.82,-596.42,25236,R20MZ_FZ_250_filtered
25,12,0,-258.96,3.461,861.731,41.81,-376.54,25458,R20MZ_FZ_250_filtered
25,12,0,-258.96,-4.672,867.671,-38.88,442.86,26051,R20MZ_FZ_250_filtered
25,12,0,-258.93,-4.205,732.594,-42.56,423.94,21079,R20MZ_FZ_250_filtered
25,12,0,-258.93,7.424,860.741,29.94,-557.05,25359,R20MZ_FZ_250_filtered
25,12,0,-258.91,-6.118,867.311,-33.22,503.5,26015,R20MZ_FZ_250_filtered
25,12,0,-258.91,-3.996,867.841,-41.04,406.4,26068,R20MZ_FZ_250_filtered
25,12,0,-258.86,11.867,859.631,-1.7,-592.83,25248,R20MZ_FZ_250_filtered
25,12,0,-258.84,2.027,726.894,34.48,-247.66,20510,R20MZ_FZ_250_filtered
25,12,0,-258.84,4.086,861.581,40.82,-421.98,25443,R20MZ_FZ_250_filtered
25,12,0,-258.82,6.54,725.764,33.2,-540.77,20397,R20MZ_FZ_250_filtered
25,12,0,-258.81,6.15,861.061,33.29,-515.64,25391,R20MZ_FZ_250_filtered
25,12,0,-258.79,12.19,724.334,3.68,-605.87,20254,R20MZ_FZ_250_filtered
25,12,0,-258.78,-5.552,732.254,-36.7,490.5,21045,R20MZ_FZ_250_filtered
25,12,0,-258.75,-1.785,868.391,-31.39,219.5,26123,R20MZ_FZ_250_filtered
25,12,0,-258.74,11.729,724.104,-2.54,-613.61,20232,R20MZ_FZ_250_filtered
25,12,-0,-258.73,3.584,861.701,41.4,-387.23,25455,R20MZ_FZ_250_filtered
25,12,0,-258.73,-6.142,867.301,-33.56,504.88,26014,R20MZ_FZ_250_filtered
25,12,0,-258.71,-5.107,867.561,-37.82,463.49,26040,R20MZ_FZ_250_filtered
25,12,0,-258.68,9.151,860.311,17.37,-579.98,25316,R20MZ_FZ_250_filtered
25,12,0,-258.68,8.71,860.421,20.59,-578.59,25327,R20MZ_FZ_250_filtered
25,12,0,-258.66,-3.722,732.714,-43.58,394.49,21091,R20MZ_FZ_250_filtered
25,12,0,-258.65,12.236,859.501,13.79,-596.42,25235,R20MZ_FZ_250_filtered
25,12,0,-258.6,2.203,726.844,35.91,-269.53,20505,R20MZ_FZ_250_filtered
25,12,0,-258.6,-1.307,868.511,-24.87,165.37,26135,R20MZ_FZ_250_filtered
25,12,0,-258.57,7.697,725.474,25.81,-573.18,20368,R20MZ_FZ_250_filtered
25,12,0,-258.56,5.299,726.074,38.66,-490.68,20428,R20MZ_FZ_250_filtered
25,12,0,-258.53,6.582,860.951,31.43,-531.14,25380,R20MZ_FZ_250_filtered
25,12,0,-258.51,12.281,859.391,0.5,-600.28,25224,R20MZ_FZ_250_filtered
25,12,0,-258.5,-1.907,868.361,-33.63,230.84,26120,R20MZ_FZ_250_filtered
25,12,0,-258.49,4.779,726.204,42.28,-465.4,20441,R20MZ_FZ_250_filtered
25,12,-0,-258.47,-4.65,732.484,-41.12,448.62,21068,R20MZ_FZ_250_filtered
25,12,0,-258.46,4.831,861.391,39.69,-460.43,25424,R20MZ_FZ_250_filtered
25,12,0,-258.44,-1.792,733.194,-32.45,221.52,21139,R20MZ_FZ_250_filtered
25,12,0,-258.42,-6.12,732.114,-35.04,510.95,21031,R20MZ_FZ_250_filtered
25,12,0,-258.42,-2.287,733.074,-37.06,273.64,21127,R20MZ_FZ_250_filtered
25,12,0,-258.42,11.739,859.291,-3.97,-598.86,25215,R20MZ_FZ_250_filtered
25,12,-0,-258.4,-6.076,732.124,-35.43,509.26,21032,R20MZ_FZ_250_filtered
25,12,0,-258.35,-1.878,733.174,-33.96,229.76,21137,R20MZ_FZ_250_filtered
25,12,0,-258.34,3.046,726.644,41.55,-343.65,20485,R20MZ_FZ_250_filtered
25,12,0,-258.33,9.513,725.014,18.66,-593.16,20322,R20MZ_FZ_250_filtered
25,12,0,-258.32,2.999,726.654,41.68,-340.56,20486,R20MZ_FZ_250_filtered
25,12,0,-258.31,-5.406,732.294,-36.98,484.58,21049,R20MZ_FZ_250_filtered
25,12,0,-258.3,-3.247,732.834,-42.74,359.44,21103,R20MZ_FZ_250_filtered
25,12,-0,-258.3,12.216,859.521,7.13,-594.53,25237,R20MZ_FZ_250_filtered
25,12,0,-258.3,-5.346,867.501,-36.01,474.17,26034,R20MZ_FZ_250_filtered
25,12,0,-258.3,-3.74,867.901,-42.39,390.61,26074,R20MZ_FZ_250_filtered
25,12,0,-258.29,7.216,725.594,29.11,-561.08,20380,R20MZ_FZ_250_filtered
25,12,0,-258.28,9.563,725.004,18.02,-594.11,20321,R20MZ_FZ_250_filtered
25,12,0,-258.28,8.302,860.521,24.91,-573.49,25337,R20MZ_FZ_250_filtered
25,12,0,-258.26,-3.199,732.844,-41.94,356.64,21104,R20MZ_FZ_250_filtered
25,12,0,-258.26,4.908,861.371,38.59,-464.3,25422,R20MZ_FZ_250_filtered
25,12,0,-258.25,-2.78,868.141,-39.92,317.86,26098,R20MZ_FZ_250_filtered
25,12,0,-258.24,4.866,726.184,41.39,-470.05,20439,R20MZ_FZ_250_filtered
25,12,0,-258.24,-0.673,868.671,-13.37,84.72,26151,R20MZ_FZ_250_filtered
25,12,-0,-258.23,12.275,724.204,3.11,-611.77,20241,R20MZ_FZ_250_filtered
25,12,0,-258.2,3.041,861.841,40.13,-341.18,25469,R20MZ_FZ_250_filtered
25,12,0,-258.19,11.743,724.454,4.69,-598.87,20266,R20MZ_FZ_250_filtered
25,12,0,-258.18,12.225,724.314,11.94,-607.44,20252,R20MZ_FZ_250_filtered
25,12,0,-258.18,12.264,859.411,4.38,-597.01,25226,R20MZ_FZ_250_filtered
25,12,0,-258.18,7.254,860.781,27.55,-551.76,25363,R20MZ_FZ_250_filtered
25,12,0,-258.17,8.696,725.224,21.65,-588.84,20343,R20MZ_FZ_250_filtered
25,12,0,-258.15,6.797,860.901,27.48,-537.8,25375,R20MZ_FZ_250_filtered
25,12,0,-258.15,2.07,862.081,34.25,-249.67,25493,R20MZ_FZ_250_filtered
25,12,0,-258.13,6.304,861.021,32.01,-520.58,25387,R20MZ_FZ_250_filtered
25,12,0,-258.13,2.583,861.951,35.94,-301.16,25480,R20MZ_FZ_250_filtered
25,12,0,-258.12,5.404,861.251,36.22,-485.39,25410,R20MZ_FZ_250_filtered
25,12,0,-258.12,-0.852,868.631,-15.38,108.3,26147,R20MZ_FZ_250_filtered
25,12,0,-258.11,6.745,725.714,29.88,-546.8,20392,R20MZ_FZ_250_filtered
25,12,0,-258.1,-1.322,733.314,-25.8,166.78,21151,R20MZ_FZ_250_filtered
25,12,-0,-258.09,2.642,861.941,35.65,-305.49,25479,R20MZ_FZ_250_filtered
25,12,0,-258.08,2.628,726.744,36.36,-308.6,20495,R20MZ_FZ_250_filtered
25,12,0,-258.07,2.592,726.754,36.37,-303.63,20496,R20MZ_FZ_250_filtered
25,12,-0,-258.07,-5.042,732.384,-38.92,468.16,21058,R20MZ_FZ_250_filtered
25,12,0,-258.07,-1.453,868.471,-27.48,182.14,26131,R20MZ_FZ_250_filtered
25,12,0,-258.06,9.067,725.134,17.47,-589.43,20334,R20MZ_FZ_250_filtered
25,12,0,-258.04,9.192,860.301,18.44,-580.29,25315,R20MZ_FZ_250_filtered
25,12,0,-258.03,11.378,724.544,18.02,-600.46,20275,R20MZ_FZ_250_filtered
25,12,0,-258.02,11.39,859.741,16.81,-590.68,25259,R20MZ_FZ_250_filtered
25,12,0,-258.02,5.316,861.271,37.32,-481.2,25412,R20MZ_FZ_250_filtered
25,12,0,-258.02,4.474,861.481,40.03,-442.74,25433,R20MZ_FZ_250_filtered
25,12,0,-258.01,-4.479,867.721,-39.68,433.39,26056,R20MZ_FZ_250_filtered
25,12,0,-258,3.953,726.414,43.75,-416.7,20462,R20MZ_FZ_250_filtered
25,12,0,-258,-5.004,732.394,-38.16,466.44,21059,R20MZ_FZ_250_filtered
25,12,0,-258,-4.159,732.604,-42.5,421.93,21080,R20MZ_FZ_250_filtered
25,12,0,-257.99,-4.194,867.791,-41.22,417.59,26063,R20MZ_FZ_250_filtered
25,12,0,-257.99,-2.762,868.151,-39.03,315.07,26099,R20MZ_FZ_250_filtered
25,12,-0,-257.97,11.342,724.554,17.51,-600.6,20276,R20MZ_FZ_250_filtered
25,12,-0,-257.97,8.608,725.244,21.36,-586.97,20345,R20MZ_FZ_250_filtered
25,12,0,-257.97,7.034,860.841,28.13,-544.79,25369,R20MZ_FZ_250_filtered
25,12,0,-257.95,2.538,726.764,36.84,-299.45,20497,R20MZ_FZ_250_filtered
25,12,0,-257.95,1.058,862.331,20.57,-142.5,25518,R20MZ_FZ_250_filtered
25,12,0,-257.93,8.738,860.411,20.42,-578.27,25326,R20MZ_FZ_250_filtered
25,12,0,-257.91,5.796,725.954,36.11,-512.08,20416,R20MZ_FZ_250_filtered
25,12,0,-257.91,9.563,860.201,17.44,-581.84,25305,R20MZ_FZ_250_filtered
25,12,0,-257.91,8.66,860.431,20.63,-576.88,25328,R20MZ_FZ_250_filtered
25,12,0,-257.89,10.899,724.674,5.57,-597.48,20288,R20MZ_FZ_250_filtered
25,12,0,-257.88,4.427,726.294,42.72,-447.87,20450,R20MZ_FZ_250_filtered
25,12,0,-257.88,-1.839,733.184,-32.86,226.03,21138,R20MZ_FZ_250_filtered
25,12,0,-257.88,-1.105,868.571,-20.81,134.83,26141,R20MZ_FZ_250_filtered
25,12,0,-257.86,11.725,859.281,-1.47,-600.87,25214,R20MZ_FZ_250_filtered
25,12,0,-257.84,-5.074,732.374,-39.05,469.55,21057,R20MZ_FZ_250_filtered
25,12,0,-257.81,-6.182,867.291,-33.36,505.66,26013,R20MZ_FZ_250_filtered
25,12,0,-257.8,4.82,726.194,41.54,-467.41,20440,R20MZ_FZ_250_filtered
25,12,0,-257.79,-5.443,732.284,-36.77,486.3,21048,R20MZ_FZ_250_filtered
25,12,0,-257.77,10.95,724.664,6.19,-598.26,20287,R20MZ_FZ_250_filtered
25,12,0,-257.77,-5.786,867.391,-32.54,491.7,26023,R20MZ_FZ_250_filtered
25,12,0,-257.74,8.139,725.364,23.35,-579.05,20357,R20MZ_FZ_250_filtered
25,12,0,-257.72,10.44,724.784,17.71,-597.97,20299,R20MZ_FZ_250_filtered
25,12,0,-257.69,10.077,860.081,11.66,-583.69,25293,R20MZ_FZ_250_filtered
25,12,0,-257.65,-3.598,867.941,-41.04,380.83,26078,R20MZ_FZ_250_filtered
25,12,0,-257.64,11.725,724.094,-2.56,-614.7,20231,R20MZ_FZ_250_filtered
25,12,0,-257.63,4.029,861.591,40.99,-417.93,25444,R20MZ_FZ_250_filtered
25,12,0,-257.63,-3.23,868.031,-41.25,354.63,26087,R20MZ_FZ_250_filtered
25,12,0,-257.63,-2.354,868.251,-36.84,276.59,26109,R20MZ_FZ_250_filtered
25,12,0,-257.58,7.412,725.544,31.03,-565.58,20375,R20MZ_FZ_250_filtered
25,12,0,-257.58,9.102,860.321,15.97,-577.79,25317,R20MZ_FZ_250_filtered
25,12,0,-257.58,-1.868,868.371,-32.56,227.73,26121,R20MZ_FZ_250_filtered
25,12,0,-257.56,8.197,860.551,22.2,-570.06,25340,R20MZ_FZ_250_filtered
25,12,0,-257.55,-5.485,732.274,-36.78,487.86,21047,R20MZ_FZ_250_filtered
25,12,-0,-257.54,11.736,724.114,-1.42,-610.35,20233,R20MZ_FZ_250_filtered
25,12,0,-257.54,11.423,859.731,17.85,-591.61,25258,R20MZ_FZ_250_filtered
25,12,0,-257.49,11.304,724.564,17.12,-597.96,20277,R20MZ_FZ_250_filtered
25,12,0,-257.49,6.19,861.051,32.71,-515.48,25390,R20MZ_FZ_250_filtered
25,12,0,-257.46,-4.521,732.514,-40.87,443.81,21071,R20MZ_FZ_250_filtered
25,12,0,-257.44,-4.961,867.601,-36.58,457.13,26044,R20MZ_FZ_250_filtered
25,12,0,-257.42,-2.319,868.261,-36.23,273.96,26110,R20MZ_FZ_250_filtered
25,12,0,-257.38,-3.261,868.021,-41.77,356.94,26086,R20MZ_FZ_250_filtered
25,12,0,-257.37,9.616,724.994,17.66,-592.85,20320,R20MZ_FZ_250_filtered
25,12,0,-257.37,5.737,861.161,33.59,-499.19,25401,R20MZ_FZ_250_filtered
25,12,0,-257.37,-5.07,867.571,-37.32,461.48,26041,R20MZ_FZ_250_filtered
25,12,0,-257.34,-1.426,868.481,-27.25,178.74,26132,R20MZ_FZ_250_filtered
25,12,0,-257.32,-5.838,732.184,-33.67,501.96,21038,R20MZ_FZ_250_filtered
25,12,0,-257.32,9.609,860.191,17.16,-582.61,25304,R20MZ_FZ_250_filtered
25,12,0,-257.31,4.865,861.381,38.99,-461.81,25423,R20MZ_FZ_250_filtered
25,12,0,-257.28,4.44,861.491,40.36,-440.11,25434,R20MZ_FZ_250_filtered
25,12,0,-257.26,-6.033,732.134,-35.24,507.56,21033,R20MZ_FZ_250_filtered
25,12,0,-257.19,9.984,724.904,11.82,-594.86,20311,R20MZ_FZ_250_filtered
25,12,0,-257.17,5.745,725.964,36.28,-509.28,20417,R20MZ_FZ_250_filtered
25,12,-0,-257.17,11.953,859.611,-10.73,-593.6,25246,R20MZ_FZ_250_filtered
25,12,-0,-257.16,-5.519,732.264,-36.91,489.26,21046,R20MZ_FZ_250_filtered
25,12,-0,-257.16,10.983,859.851,5.85,-588.64,25270,R20MZ_FZ_250_filtered
25,12,0,-257.12,-4.987,867.591,-36.73,458.53,26043,R20MZ_FZ_250_filtered
25,12,0,-257.11,10.961,859.861,4.83,-586.46,25271,R20MZ_FZ_250_filtered
25,12,-0,-257.11,7.918,860.621,22.84,-564.78,25347,R20MZ_FZ_250_filtered
25,12,0,-257.11,1.595,862.201,25.33,-201.12,25505,R20MZ_FZ_250_filtered
25,12,0,-257.1,10.4,724.794,18.23,-595.32,20300,R20MZ_FZ_250_filtered
25,12,0,-257.1,8.298,725.324,26.09,-581.07,20353,R20MZ_FZ_250_filtered
25,12,0,-257.08,7.464,860.731,29.49,-555.48,25358,R20MZ_FZ_250_filtered
25,12,0,-257.07,10.119,860.071,13.95,-583.84,25292,R20MZ_FZ_250_filtered
25,12,0,-257.05,-1.341,868.501,-25.52,170.35,26134,R20MZ_FZ_250_filtered
25,12,0,-257.03,-4.561,732.504,-40.9,445.52,21070,R20MZ_FZ_250_filtered
25,12,-0,-257.03,-4.566,867.701,-38.7,437.14,26054,R20MZ_FZ_250_filtered
25,12,0,-257.02,12.289,859.381,-2.85,-598.1,25223,R20MZ_FZ_250_filtered
25,12,0,-257.01,-3.196,868.041,-40.48,351.82,26088,R20MZ_FZ_250_filtered
25,12,0,-256.97,2.103,862.071,34.46,-253.23,25492,R20MZ_FZ_250_filtered
25,12,0,-256.97,-4.589,867.691,-39.08,439,26053,R20MZ_FZ_250_filtered
25,12,0,-256.97,-4.029,867.831,-40.17,408.74,26067,R20MZ_FZ_250_filtered
25,12,0,-256.96,2.177,726.854,35.73,-264.08,20506,R20MZ_FZ_250_filtered
25,12,0,-256.96,1.01,727.144,20.63,-139.72,20535,R20MZ_FZ_250_filtered
25,12,0,-256.94,10.068,724.884,14.32,-595.33,20309,R20MZ_FZ_250_filtered
25,12,0,-256.94,6.583,725.754,32.72,-540.15,20396,R20MZ_FZ_250_filtered
25,12,0,-256.94,-1.07,733.384,-20.34,131.27,21158,R20MZ_FZ_250_filtered
25,12,0,-256.91,-5.507,867.461,-35.25,479.48,26030,R20MZ_FZ_250_filtered
25,12,0,-256.91,-4.504,867.711,-38.95,435.57,26055,R20MZ_FZ_250_filtered
25,12,0,-256.9,-1.358,733.304,-26.15,171.9,21150,R20MZ_FZ_250_filtered
25,12,0,-256.88,-5.388,867.491,-35.62,475.27,26033,R20MZ_FZ_250_filtered
25,12,0,-256.86,9.179,725.104,20.29,-590.84,20331,R20MZ_FZ_250_filtered
25,12,0,-256.86,-1.394,868.491,-26.32,174.54,26133,R20MZ_FZ_250_filtered
25,12,0,-256.85,-4.154,867.801,-41.19,415.27,26064,R20MZ_FZ_250_filtered
25,12,0,-256.84,11.039,859.841,7.22,-588.81,25269,R20MZ_FZ_250_filtered
25,12,0,-256.82,10.867,724.684,5.87,-595,20289,R20MZ_FZ_250_filtered
25,12,0,-256.82,7.657,725.484,25.58,-568.81,20369,R20MZ_FZ_250_filtered
25,12,0,-256.81,6.624,860.941,30.89,-530.51,25379,R20MZ_FZ_250_filtered
25,12,0,-256.79,11.707,859.271,2.85,-600.88,25213,R20MZ_FZ_250_filtered
25,12,0,-256.75,12.246,724.234,9.11,-603.83,20244,R20MZ_FZ_250_filtered
25,12,-0,-256.75,6.696,725.724,30.41,-543.68,20393,R20MZ_FZ_250_filtered
25,12,0,-256.75,-3.71,867.911,-41.82,387.81,26075,R20MZ_FZ_250_filtered
25,12,0,-256.74,-4.603,732.494,-41.27,446.76,21069,R20MZ_FZ_250_filtered
25,12,-0,-256.73,0.975,727.154,19.32,-134.72,20536,R20MZ_FZ_250_filtered
25,12,0,-256.72,6.179,725.854,34.86,-525.72,20406,R20MZ_FZ_250_filtered
25,12,0,-256.7,-6.551,732.004,-31.58,524.14,21020,R20MZ_FZ_250_filtered
25,12,-0,-256.7,-3.637,867.931,-40.91,383.17,26077,R20MZ_FZ_250_filtered
25,12,0,-256.69,-1.39,733.294,-27.11,175.78,21149,R20MZ_FZ_250_filtered
25,12,0,-256.67,10.458,859.981,17.05,-583.06,25283,R20MZ_FZ_250_filtered
25,12,0,-256.65,6.742,860.911,28.25,-534.54,25376,R20MZ_FZ_250_filtered
25,12,0,-256.62,-5.036,867.581,-36.86,459.92,26042,R20MZ_FZ_250_filtered
25,12,-0,-256.61,8.34,860.511,25.68,-571.44,25336,R20MZ_FZ_250_filtered
25,12,0,-256.61,6.264,861.031,32.29,-518.1,25388,R20MZ_FZ_250_filtered
25,12,0,-256.61,1.104,862.321,21.33,-146.69,25517,R20MZ_FZ_250_filtered
25,12,-0,-256.59,-3.667,867.921,-41.54,385.5,26076,R20MZ_FZ_250_filtered
25,12,0,-256.58,2.181,862.051,34.82,-262.23,25490,R20MZ_FZ_250_filtered
25,12,0,-256.57,-5.822,867.381,-32,492.79,26022,R20MZ_FZ_250_filtered
25,12,0,-256.55,11.698,724.464,7.05,-595.29,20267,R20MZ_FZ_250_filtered
25,12,-0,-256.51,9.658,860.181,16.65,-581.36,25303,R20MZ_FZ_250_filtered
25,12,0,-256.48,11.755,859.301,-3.97,-596.67,25216,R20MZ_FZ_250_filtered
25,12,0,-256.46,6.231,861.041,32.62,-516.09,25389,R20MZ_FZ_250_filtered
25,12,0,-256.44,-6.218,867.281,-32.86,507.06,26012,R20MZ_FZ_250_filtered
25,12,0,-256.43,12.202,859.531,2.35,-590.95,25238,R20MZ_FZ_250_filtered
25,12,0,-256.43,9.231,860.291,19.46,-579.05,25314,R20MZ_FZ_250_filtered
25,12,0,-256.43,-6.543,867.201,-30.93,516.53,26004,R20MZ_FZ_250_filtered
25,12,0,-256.41,10.525,859.961,15.29,-586.79,25281,R20MZ_FZ_250_filtered
25,12,0,-256.4,10.481,724.774,16.19,-597.81,20298,R20MZ_FZ_250_filtered
25,12,0,-256.4,8.744,725.214,21.1,-586.65,20342,R20MZ_FZ_250_filtered
25,12,0,-256.4,7.222,860.791,27.54,-548.18,25364,R20MZ_FZ_250_filtered
25,12,0,-256.36,7.027,725.644,30.17,-552.69,20385,R20MZ_FZ_250_filtered
25,12,0,-256.34,11.713,724.084,-0.12,-613.29,20230,R20MZ_FZ_250_filtered
25,12,0,-256.34,12.288,724.194,0.81,-609.75,20240,R20MZ_FZ_250_filtered
25,12,0,-256.34,8.578,725.254,21.99,-583.24,20346,R20MZ_FZ_250_filtered
25,12,0,-256.34,8.622,860.441,20.73,-574.23,25329,R20MZ_FZ_250_filtered
25,12,0,-256.31,-6.232,732.084,-34.28,515.76,21028,R20MZ_FZ_250_filtered
25,12,0,-256.31,-5.414,867.481,-35.05,476.67,26032,R20MZ_FZ_250_filtered
25,12,0,-256.3,11.398,723.994,11.48,-615.63,20221,R20MZ_FZ_250_filtered
25,12,0,-256.29,9.955,724.914,11.48,-592.22,20312,R20MZ_FZ_250_filtered
25,12,0,-256.26,0.588,721.284,10.69,-86.5,19950,R20MZ_FZ_250_filtered
25,12,-0,-256.25,-4.118,867.811,-40.45,413.26,26065,R20MZ_FZ_250_filtered
25,12,0,-256.24,12.226,724.304,14.16,-605.57,20251,R20MZ_FZ_250_filtered
25,12,0,-256.22,-5.465,867.471,-35.51,477.77,26031,R20MZ_FZ_250_filtered
25,12,0,-256.15,2.144,726.864,35.45,-258.65,20507,R20MZ_FZ_250_filtered
25,12,-0,-256.13,11.368,723.984,11.9,-618.12,20220,R20MZ_FZ_250_filtered
25,12,0,-256.13,11.339,859.171,11.05,-605.23,25203,R20MZ_FZ_250_filtered
25,12,0,-256.11,-6.524,732.014,-32.25,522.46,21021,R20MZ_FZ_250_filtered
25,12,0,-256.1,10.985,724.654,7.33,-597.49,20286,R20MZ_FZ_250_filtered
25,12,0,-256.1,6.623,725.744,31.8,-540.28,20395,R20MZ_FZ_250_filtered
25,12,0,-256.08,2.133,862.061,35.05,-257.26,25491,R20MZ_FZ_250_filtered
25,12,0,-256.06,12.261,859.421,5.92,-593.43,25227,R20MZ_FZ_250_filtered
25,12,0,-256.04,8.78,860.401,19.59,-576.71,25325,R20MZ_FZ_250_filtered
25,12,0,-256.01,-5.99,732.144,-34.89,506.33,21034,R20MZ_FZ_250_filtered
25,12,0,-256.01,11.453,859.721,18.76,-590.83,25257,R20MZ_FZ_250_filtered
25,12,0,-255.96,11.397,859.181,10.65,-602.12,25204,R20MZ_FZ_250_filtered
25,12,0,-255.92,-5.865,867.371,-32.04,494.04,26021,R20MZ_FZ_250_filtered
25,12,-0,-255.87,0.621,721.294,11.33,-92.24,19951,R20MZ_FZ_250_filtered
25,12,0,-255.87,7.179,725.604,28.99,-557.34,20381,R20MZ_FZ_250_filtered
25,12,0,-255.86,-5.881,732.174,-33.92,503.36,21037,R20MZ_FZ_250_filtered
25,12,0,-255.85,0.558,856.471,9.36,-80.29,24933,R20MZ_FZ_250_filtered
25,12,0,-255.84,-0.913,733.424,-16.05,114.52,21162,R20MZ_FZ_250_filtered
25,12,0,-255.82,1.809,726.954,27.55,-224.38,20516,R20MZ_FZ_250_filtered
25,12,0,-255.8,11.314,859.761,16.29,-583.19,25261,R20MZ_FZ_250_filtered
25,12,0,-255.78,-6.628,867.181,-29.55,519.16,26002,R20MZ_FZ_250_filtered
25,12,0,-255.75,11.269,724.574,16.29,-594.68,20278,R20MZ_FZ_250_filtered
25,12,0,-255.75,9.081,860.331,15.53,-575.46,25318,R20MZ_FZ_250_filtered
25,12,0,-255.75,7.069,860.831,28.27,-543.22,25368,R20MZ_FZ_250_filtered
25,12,0,-255.71,11.762,859.651,5.91,-585.99,25250,R20MZ_FZ_250_filtered
25,12,0,-255.68,-6.473,732.024,-32.33,521.07,21022,R20MZ_FZ_250_filtered
25,12,0,-255.68,6.679,860.931,29.56,-530.5,25378,R20MZ_FZ_250_filtered
25,12,0,-255.65,1.645,862.191,25.45,-204.21,25504,R20MZ_FZ_250_filtered
25,12,0,-255.64,11.448,724.004,10.5,-611.29,20222,R20MZ_FZ_250_filtered
25,12,0,-255.61,10.152,860.061,15.32,-582.74,25291,R20MZ_FZ_250_filtered
25,12,0,-255.58,-1.03,733.394,-19.19,127.87,21159,R20MZ_FZ_250_filtered
25,12,0,-255.56,10.565,859.951,14.83,-586.32,25280,R20MZ_FZ_250_filtered
25,12,0,-255.54,9.695,860.171,16,-579.65,25302,R20MZ_FZ_250_filtered
25,12,0,-255.44,10.095,724.874,15.36,-592.99,20308,R20MZ_FZ_250_filtered
25,12,0,-255.43,10.357,724.804,18.54,-592.22,20301,R20MZ_FZ_250_filtered
25,12,0,-255.43,8.107,725.374,23.02,-575.32,20358,R20MZ_FZ_250_filtered
25,12,0,-255.35,10.906,859.871,5.18,-583.34,25272,R20MZ_FZ_250_filtered
25,12,0,-255.33,-5.903,867.361,-32.84,495.45,26020,R20MZ_FZ_250_filtered
25,12,-0,-255.26,9.026,725.144,16.5,-586.16,20335,R20MZ_FZ_250_filtered
25,12,0,-255.24,-5.913,732.164,-34.27,504.77,21036,R20MZ_FZ_250_filtered
25,12,0,-255.21,8.343,725.314,26.24,-578.27,20352,R20MZ_FZ_250_filtered
25,12,0,-255.15,1.043,721.404,20.04,-150.57,19962,R20MZ_FZ_250_filtered
25,12,0,-255.15,11.311,859.161,11.82,-605.85,25202,R20MZ_FZ_250_filtered
25,12,0,-255.11,7.461,725.534,30.01,-563.7,20374,R20MZ_FZ_250_filtered
25,12,0,-255.11,9.264,860.281,20.24,-577.17,25313,R20MZ_FZ_250_filtered
25,12,0,-255.11,-0.94,868.611,-16.02,118.87,26145,R20MZ_FZ_250_filtered
25,12,0,-255.05,12.302,859.371,-5.33,-595.45,25222,R20MZ_FZ_250_filtered
25,12,0,-255.04,11.994,859.601,-13.05,-590.95,25245,R20MZ_FZ_250_filtered
25,12,0,-255.04,1.393,862.251,23.98,-180.48,25510,R20MZ_FZ_250_filtered
25,12,0,-255.04,-6.271,867.271,-32.41,508.01,26011,R20MZ_FZ_250_filtered
25,12,0,-255.02,0.528,721.274,9.96,-79.98,19949,R20MZ_FZ_250_filtered
25,12,0,-255.02,7.61,725.494,26.52,-565.54,20370,R20MZ_FZ_250_filtered
25,12,0,-255,7.113,860.821,27.98,-542.74,25367,R20MZ_FZ_250_filtered
25,12,0,-254.99,-0.957,733.414,-16.59,119.79,21161,R20MZ_FZ_250_filtered
25,12,0,-254.98,8.151,860.561,21.94,-566.31,25341,R20MZ_FZ_250_filtered
25,12,0,-254.96,11.069,859.831,9.01,-586.94,25268,R20MZ_FZ_250_filtered
25,12,0,-254.96,6.708,860.921,28.84,-531.73,25377,R20MZ_FZ_250_filtered
25,12,0,-254.9,1.805,862.151,26.69,-222.5,25500,R20MZ_FZ_250_filtered
25,12,0,-254.89,11.954,724.414,-11.54,-600.13,20262,R20MZ_FZ_250_filtered
25,12,0,-254.88,-6.675,731.974,-29.15,528.96,21017,R20MZ_FZ_250_filtered
25,12,0,-254.87,0.671,721.304,11.72,-96.89,19952,R20MZ_FZ_250_filtered
25,12,0,-254.87,0.969,721.384,17.63,-139.39,19960,R20MZ_FZ_250_filtered
25,12,-0,-254.87,7.067,725.634,29.38,-552.2,20384,R20MZ_FZ_250_filtered
25,12,0,-254.86,9.441,725.034,20.3,-588.03,20324,R20MZ_FZ_250_filtered
25,12,0,-254.85,-6.268,732.074,-33.74,517.18,21027,R20MZ_FZ_250_filtered
25,12,0,-254.83,12.15,724.354,-3.32,-597.92,20256,R20MZ_FZ_250_filtered
25,12,0,-254.82,11.332,723.974,12.3,-618.44,20219,R20MZ_FZ_250_filtered
25,12,0,-254.81,7.147,725.614,28.87,-554.54,20382,R20MZ_FZ_250_filtered
25,12,0,-254.81,-6.322,732.064,-33.19,518.43,21026,R20MZ_FZ_250_filtered
25,12,0,-254.78,12.236,724.244,12.05,-600.27,20245,R20MZ_FZ_250_filtered
25,12,0,-254.77,12.235,859.481,16.68,-591.59,25233,R20MZ_FZ_250_filtered
25,12,0,-254.76,10.916,723.874,13.26,-622.61,20209,R20MZ_FZ_250_filtered
25,12,0,-254.72,11.687,859.261,6.08,-599.17,25212,R20MZ_FZ_250_filtered
25,12,0,-254.67,1.142,862.311,21.99,-150.39,25516,R20MZ_FZ_250_filtered
25,12,0,-254.65,-0.987,733.404,-17.67,124.3,21160,R20MZ_FZ_250_filtered
25,12,0,-254.64,7.498,860.721,28.61,-554.07,25357,R20MZ_FZ_250_filtered
25,12,0,-254.61,9.216,725.094,20.95,-588.19,20330,R20MZ_FZ_250_filtered
25,12,0,-254.58,11.022,724.644,8.72,-595.47,20285,R20MZ_FZ_250_filtered
25,12,0,-254.51,7.676,860.681,25.18,-556.7,25353,R20MZ_FZ_250_filtered
25,12,0,-254.47,10.894,859.061,12.28,-608.17,25192,R20MZ_FZ_250_filtered
25,12,0,-254.46,10.824,724.694,6.33,-592.35,20290,R20MZ_FZ_250_filtered
25,12,0,-254.46,8.578,860.451,21.38,-570.96,25330,R20MZ_FZ_250_filtered
25,12,0,-254.46,7.185,860.801,27.19,-545.23,25365,R20MZ_FZ_250_filtered
25,12,0,-254.45,0.947,856.571,16.16,-134.89,24943,R20MZ_FZ_250_filtered
25,12,0,-254.44,7.1,725.624,29.2,-552.82,20383,R20MZ_FZ_250_filtered
25,12,0,-254.43,1.083,721.414,21.21,-155.52,19963,R20MZ_FZ_250_filtered
25,12,0,-254.42,8.533,725.264,22.59,-579.5,20347,R20MZ_FZ_250_filtered
25,12,0,-254.39,-0.581,733.494,-14.05,75.6,21169,R20MZ_FZ_250_filtered
25,12,0,-254.38,1.633,726.994,25.46,-205.6,20520,R20MZ_FZ_250_filtered
25,12,0,-254.38,-7.033,867.081,-28.49,528.79,25992,R20MZ_FZ_250_filtered
25,12,0,-254.31,-6.435,732.034,-32.71,519.99,21023,R20MZ_FZ_250_filtered
25,12,0,-254.25,0.943,727.164,18.48,-129.76,20537,R20MZ_FZ_250_filtered
25,12,0,-254.23,-6.293,867.261,-31.93,509.72,26010,R20MZ_FZ_250_filtered
25,12,0,-254.22,8.774,725.204,19.69,-584.46,20341,R20MZ_FZ_250_filtered
25,12,0,-254.22,1.759,726.964,26.15,-218.61,20517,R20MZ_FZ_250_filtered
25,12,0,-254.14,11.43,859.191,10.25,-598.08,25205,R20MZ_FZ_250_filtered
25,12,0,-254.14,1.694,862.181,25.16,-208.07,25503,R20MZ_FZ_250_filtered
25,12,0,-254.13,-7.073,867.071,-28.65,529.88,25991,R20MZ_FZ_250_filtered
25,12,0,-254.09,8.38,860.501,25.52,-569.42,25335,R20MZ_FZ_250_filtered
25,12,0,-254.05,12.285,724.184,-2.76,-606.16,20239,R20MZ_FZ_250_filtered
25,12,0,-253.98,-6.958,867.101,-27.37,526.03,25994,R20MZ_FZ_250_filtered
25,12,0,-253.97,10.564,724.754,14.27,-593.29,20296,R20MZ_FZ_250_filtered
25,12,0,-253.97,10.459,858.951,14.82,-609.41,25181,R20MZ_FZ_250_filtered
25,12,0,-253.97,12.191,859.541,-1.9,-587.82,25239,R20MZ_FZ_250_filtered
25,12,0,-253.96,9.908,724.924,11.05,-589.1,20313,R20MZ_FZ_250_filtered
25,12,0,-253.96,10.864,859.051,12.42,-610.51,25191,R20MZ_FZ_250_filtered
25,12,0,-253.95,-0.408,868.731,-10.57,55.59,26157,R20MZ_FZ_250_filtered
25,12,0,-253.93,11.266,859.151,12.14,-604.62,25201,R20MZ_FZ_250_filtered
25,12,0,-253.93,11.763,859.311,-2.24,-594.66,25217,R20MZ_FZ_250_filtered
25,12,-0,-253.93,-6.341,867.251,-31.64,510.67,26009,R20MZ_FZ_250_filtered
25,12,0,-253.86,-6.728,731.964,-27.95,529.9,21016,R20MZ_FZ_250_filtered
25,12,0,-253.84,10.934,859.071,11.75,-603.97,25193,R20MZ_FZ_250_filtered
25,12,0,-253.84,10.608,859.941,13.38,-584.92,25279,R20MZ_FZ_250_filtered
25,12,0,-253.82,10.897,723.864,13.55,-623.24,20208,R20MZ_FZ_250_filtered
25,12,0,-253.77,12.229,724.294,15.62,-602.92,20250,R20MZ_FZ_250_filtered
25,12,0,-253.74,1.764,862.161,26.17,-217.38,25501,R20MZ_FZ_250_filtered
25,12,0,-253.71,10.478,723.764,15.79,-624,20198,R20MZ_FZ_250_filtered
25,12,0,-253.71,1.344,727.064,24.26,-176.74,20527,R20MZ_FZ_250_filtered
25,12,0,-253.69,-6.357,732.054,-32.74,519.37,21025,R20MZ_FZ_250_filtered
25,12,0,-253.69,12.271,859.431,8.99,-590.48,25228,R20MZ_FZ_250_filtered
25,12,0,-253.68,-6.376,867.241,-31.49,511.61,26008,R20MZ_FZ_250_filtered
25,12,0,-253.66,1.682,726.984,25.18,-209.15,20519,R20MZ_FZ_250_filtered
25,12,0,-253.66,-7.455,866.971,-27.08,536.87,25981,R20MZ_FZ_250_filtered
25,12,0,-253.65,-7.115,867.061,-28.54,531.29,25990,R20MZ_FZ_250_filtered
25,12,0,-253.63,8.984,725.154,16.53,-583.36,20336,R20MZ_FZ_250_filtered
25,12,0,-253.61,7.564,725.504,26.85,-563.05,20371,R20MZ_FZ_250_filtered
25,12,0,-253.6,-6.717,867.161,-27.13,521.36,26000,R20MZ_FZ_250_filtered
25,12,0,-253.58,1.357,862.261,23.64,-174.73,25511,R20MZ_FZ_250_filtered
25,12,0,-253.51,0.714,721.314,11.46,-101.51,19953,R20MZ_FZ_250_filtered
25,12,0,-253.47,11.012,723.894,11.88,-614.22,20211,R20MZ_FZ_250_filtered
25,12,0,-253.47,-0.541,733.504,-13.08,71.27,21170,R20MZ_FZ_250_filtered
25,12,-0,-253.46,10.522,723.774,14.72,-619.49,20199,R20MZ_FZ_250_filtered
25,12,0,-253.45,1.732,862.171,25.68,-212.41,25502,R20MZ_FZ_250_filtered
25,12,0,-253.44,10.193,860.051,15.87,-581.5,25290,R20MZ_FZ_250_filtered
25,12,0,-253.43,11.496,724.014,10.89,-606.77,20223,R20MZ_FZ_250_filtered
25,12,0,-253.41,1.18,862.301,22.46,-154.41,25515,R20MZ_FZ_250_filtered
25,12,0,-253.4,0.595,727.254,11.4,-86.02,20546,R20MZ_FZ_250_filtered
25,12,0,-253.4,11.118,859.821,10.58,-584.28,25267,R20MZ_FZ_250_filtered
25,12,0,-253.38,11.235,724.584,15.73,-591.88,20279,R20MZ_FZ_250_filtered
25,12,0,-253.38,9.738,860.161,14.67,-577.62,25301,R20MZ_FZ_250_filtered
25,12,0,-253.37,12.034,859.591,-12.62,-588.13,25244,R20MZ_FZ_250_filtered
25,12,0,-253.37,-7.5,866.961,-26.52,538.26,25980,R20MZ_FZ_250_filtered
25,12,0,-253.36,11.652,724.474,9.92,-592.8,20268,R20MZ_FZ_250_filtered
25,12,0,-253.34,11.496,859.711,19.87,-588.49,25256,R20MZ_FZ_250_filtered
25,12,0,-253.29,-7.414,866.981,-27.72,534.54,25982,R20MZ_FZ_250_filtered
25,12,-0,-253.28,-0.439,868.721,-11.04,61.5,26156,R20MZ_FZ_250_filtered
25,12,0,-253.26,0.939,862.361,17.98,-127.88,25521,R20MZ_FZ_250_filtered
25,12,0,-253.25,1.728,726.974,25.72,-213.64,20518,R20MZ_FZ_250_filtered
25,12,0,-253.21,1.44,721.504,28.47,-197.69,19972,R20MZ_FZ_250_filtered
25,12,0,-253.2,10.872,859.881,5.71,-580.69,25273,R20MZ_FZ_250_filtered
25,12,0,-253.19,10.14,724.864,16.61,-590.34,20307,R20MZ_FZ_250_filtered
25,12,0,-253.17,8.373,725.304,25.94,-576.25,20351,R20MZ_FZ_250_filtered
25,12,0,-253.17,7.991,860.601,21.24,-561.03,25345,R20MZ_FZ_250_filtered
25,12,0,-253.15,1.473,721.514,27.91,-202.65,19973,R20MZ_FZ_250_filtered
25,12,0,-253.06,0.492,721.264,10.39,-73.47,19948,R20MZ_FZ_250_filtered
25,12,-0,-253.05,8.065,725.384,23.05,-572.35,20359,R20MZ_FZ_250_filtered
25,12,0,-253.04,-6.92,867.111,-26.67,524.96,25995,R20MZ_FZ_250_filtered
25,12,0,-253.02,8.114,860.571,21.59,-563.35,25342,R20MZ_FZ_250_filtered
25,12,0,-253.01,-7.372,866.991,-28.7,533.01,25983,R20MZ_FZ_250_filtered
25,12,0,-253,9.693,724.974,16.31,-587.71,20318,R20MZ_FZ_250_filtered
25,12,0,-252.94,7.623,860.691,25.76,-554.22,25354,R20MZ_FZ_250_filtered
25,12,0,-252.93,7.583,860.701,26.64,-553.12,25355,R20MZ_FZ_250_filtered
25,12,0,-252.91,10.489,858.961,14.14,-605.36,25182,R20MZ_FZ_250_filtered
25,12,0,-252.9,0.546,727.264,10.13,-81.2,20547,R20MZ_FZ_250_filtered
25,12,0,-252.87,-6.751,867.151,-26.13,522.45,25999,R20MZ_FZ_250_filtered
25,12,0,-252.85,12.245,859.471,17.14,-589.24,25232,R20MZ_FZ_250_filtered
25,12,0,-252.85,9.46,860.231,20.48,-575.45,25308,R20MZ_FZ_250_filtered
25,12,0,-252.85,9.305,860.271,20.62,-575.29,25312,R20MZ_FZ_250_filtered
25,12,0,-252.83,-6.759,731.954,-27.15,530.99,21015,R20MZ_FZ_250_filtered
25,12,-0,-252.82,12.131,724.364,-4.72,-595.41,20257,R20MZ_FZ_250_filtered
25,12,0,-252.81,8.492,725.274,23.49,-576.54,20348,R20MZ_FZ_250_filtered
25,12,0,-252.72,1.112,721.424,22.36,-159.21,19964,R20MZ_FZ_250_filtered
25,12,0,-252.72,11.981,724.404,-13.16,-597.45,20261,R20MZ_FZ_250_filtered
25,12,0,-252.71,9.246,725.084,21.12,-585.69,20329,R20MZ_FZ_250_filtered
25,12,0,-252.69,8.87,860.381,17.1,-572.34,25323,R20MZ_FZ_250_filtered
25,12,0,-252.65,-7.912,866.861,-20.54,542.61,25970,R20MZ_FZ_250_filtered
25,12,0,-252.61,11.281,723.964,12.56,-615.93,20218,R20MZ_FZ_250_filtered
25,12,0,-252.59,-0.498,733.514,-12.18,66.92,21171,R20MZ_FZ_250_filtered
25,12,0,-252.53,9.402,725.044,20.96,-585.69,20325,R20MZ_FZ_250_filtered
25,12,0,-252.51,10.611,724.744,12.92,-590.95,20295,R20MZ_FZ_250_filtered
25,12,0,-252.49,10.784,724.704,7.2,-590.63,20291,R20MZ_FZ_250_filtered
25,12,0,-252.49,-7.511,731.764,-26.47,546.2,20996,R20MZ_FZ_250_filtered
25,12,0,-252.48,-7.421,731.784,-27.79,542.48,20998,R20MZ_FZ_250_filtered
25,12,0,-252.46,-7.464,731.774,-27.35,544.48,20997,R20MZ_FZ_250_filtered
25,12,0,-252.42,10.363,860.001,17.79,-578.84,25285,R20MZ_FZ_250_filtered
25,12,0,-252.41,0.904,727.174,17.45,-123.83,20538,R20MZ_FZ_250_filtered
25,12,0,-252.41,9.94,858.821,17.99,-613.6,25168,R20MZ_FZ_250_filtered
25,12,0,-252.37,1.413,721.494,28.79,-192.58,19971,R20MZ_FZ_250_filtered
25,12,0,-252.35,9.981,858.831,17.35,-612.82,25169,R20MZ_FZ_250_filtered
25,12,0,-252.34,1.331,856.671,27.38,-182.49,24953,R20MZ_FZ_250_filtered
25,12,0,-252.31,-7.11,731.864,-29.19,539.21,21006,R20MZ_FZ_250_filtered
25,12,0,-252.3,10.984,859.081,11.48,-600.09,25194,R20MZ_FZ_250_filtered
25,12,0,-252.25,10.048,723.654,17.57,-624.62,20187,R20MZ_FZ_250_filtered
25,12,0,-252.25,12.242,724.254,14.63,-598.39,20246,R20MZ_FZ_250_filtered
25,12,0,-252.24,-7.179,867.041,-28.44,532.08,25988,R20MZ_FZ_250_filtered
25,12,0,-252.22,10.376,858.931,16.04,-612.21,25179,R20MZ_FZ_250_filtered
25,12,0,-252.2,-7.949,866.851,-21.43,544.62,25969,R20MZ_FZ_250_filtered
25,12,0,-252.19,11.652,859.251,8.5,-596.67,25211,R20MZ_FZ_250_filtered
25,12,0,-252.19,1.225,862.291,22.54,-158.59,25514,R20MZ_FZ_250_filtered
25,12,0,-252.18,0.88,856.551,13.36,-122.78,24941,R20MZ_FZ_250_filtered
25,12,0,-252.18,10.008,858.841,16.56,-609.55,25170,R20MZ_FZ_250_filtered
25,12,0,-252.17,9.789,860.151,13.26,-576.36,25300,R20MZ_FZ_250_filtered
25,12,0,-252.15,9.917,860.121,10.68,-577.14,25297,R20MZ_FZ_250_filtered
25,12,-0,-252.13,-6.891,731.924,-28.09,531.8,21012,R20MZ_FZ_250_filtered
25,12,-0,-252.1,-6.837,867.131,-25.41,524.03,25997,R20MZ_FZ_250_filtered
25,12,0,-252.08,-6.787,867.141,-25.24,523.55,25998,R20MZ_FZ_250_filtered
25,12,0,-252.05,10.081,723.664,16.64,-619.63,20188,R20MZ_FZ_250_filtered
25,12,0,-252.05,12.302,724.174,-5.76,-602.72,20238,R20MZ_FZ_250_filtered
25,12,0,-252.04,11.066,724.634,10.38,-593.29,20284,R20MZ_FZ_250_filtered
25,12,0,-252.02,8.817,725.194,18.43,-582.11,20340,R20MZ_FZ_250_filtered
25,12,0,-251.99,8.031,725.394,22.96,-570.48,20360,R20MZ_FZ_250_filtered
25,12,0,-251.99,-7.15,731.854,-29.25,539.68,21005,R20MZ_FZ_250_filtered
25,12,0,-251.99,12.302,859.361,-6.61,-592.62,25221,R20MZ_FZ_250_filtered
25,12,0,-251.98,-7.872,866.871,-20.58,540.76,25971,R20MZ_FZ_250_filtered
25,12,0,-251.96,10.664,859.931,11.67,-582.73,25278,R20MZ_FZ_250_filtered
25,12,-0,-251.89,-6.852,731.934,-27.22,531.95,21013,R20MZ_FZ_250_filtered
25,12,-0,-251.88,8.407,725.294,25.44,-575.13,20350,R20MZ_FZ_250_filtered
25,12,0,-251.87,0.67,862.431,13.37,-93.45,25528,R20MZ_FZ_250_filtered
25,12,0,-251.82,1.273,862.281,22.86,-163.39,25513,R20MZ_FZ_250_filtered
25,12,0,-251.8,12.227,724.284,16.55,-601.03,20249,R20MZ_FZ_250_filtered
25,12,0,-251.77,11.468,859.201,10.2,-595.28,25206,R20MZ_FZ_250_filtered
25,12,0,-251.77,8.995,860.351,15.03,-571.72,25320,R20MZ_FZ_250_filtered
25,12,0,-251.77,8.038,860.591,21.12,-560.39,25344,R20MZ_FZ_250_filtered
25,12,0,-251.76,-6.809,731.944,-26.81,531.62,21014,R20MZ_FZ_250_filtered
25,12,0,-251.71,1.324,862.271,23.2,-168.98,25512,R20MZ_FZ_250_filtered
25,12,0,-251.7,1.3,727.074,23.78,-171.15,20528,R20MZ_FZ_250_filtered
25,12,0,-251.69,11.528,724.024,10.61,-603.97,20224,R20MZ_FZ_250_filtered
25,12,0,-251.66,11.769,859.321,-0.86,-592.79,25218,R20MZ_FZ_250_filtered
25,12,0,-251.66,8.494,860.471,23.8,-566.91,25332,R20MZ_FZ_250_filtered
25,12,0,-251.65,10.845,723.854,13.38,-621.05,20207,R20MZ_FZ_250_filtered
25,12,0,-251.64,11.222,859.141,12.39,-601.8,25200,R20MZ_FZ_250_filtered
25,12,0,-251.64,-7.332,867.001,-29.27,532.39,25984,R20MZ_FZ_250_filtered
25,12,0,-251.63,10.561,723.784,14.09,-614.21,20200,R20MZ_FZ_250_filtered
25,12,0,-251.63,12.241,859.441,12.04,-588.45,25229,R20MZ_FZ_250_filtered
25,12,0,-251.61,-7.889,731.674,-21.87,547.76,20987,R20MZ_FZ_250_filtered
25,12,0,-251.6,9.862,724.934,11.4,-587.54,20314,R20MZ_FZ_250_filtered
25,12,0,-251.6,7.986,725.404,22.85,-569.86,20361,R20MZ_FZ_250_filtered
25,12,0,-251.57,9.541,858.721,19.41,-611.88,25158,R20MZ_FZ_250_filtered
25,12,0,-251.55,-8.367,866.741,-25.39,548.68,25958,R20MZ_FZ_250_filtered
25,12,0,-251.53,8.084,860.581,20.98,-561.01,25343,R20MZ_FZ_250_filtered
25,12,0,-251.51,1.224,727.094,22.79,-160.13,20530,R20MZ_FZ_250_filtered
25,12,-0,-251.49,12.073,859.581,-10.68,-585.62,25243,R20MZ_FZ_250_filtered
25,12,-0,-251.47,11.602,724.484,13.49,-591.55,20269,R20MZ_FZ_250_filtered
25,12,0,-251.47,-7.343,731.804,-29.36,539.86,21000,R20MZ_FZ_250_filtered
25,12,0,-251.47,10.216,860.041,16.66,-580.25,25289,R20MZ_FZ_250_filtered
25,12,0,-251.45,-11.997,730.654,18.17,564.62,20885,R20MZ_FZ_250_filtered
25,12,0,-251.4,-7.544,731.754,-25.38,546.97,20995,R20MZ_FZ_250_filtered
25,12,0,-251.37,8.946,725.164,16.21,-581.18,20337,R20MZ_FZ_250_filtered
25,12,0,-251.36,11.057,723.904,11.96,-610.02,20212,R20MZ_FZ_250_filtered
25,12,0,-251.36,10.188,724.854,16.86,-588.78,20306,R20MZ_FZ_250_filtered
25,12,0,-251.36,-8.309,866.751,-26.05,546.82,25959,R20MZ_FZ_250_filtered
25,12,0,-251.35,-7.926,731.664,-22.72,549.45,20986,R20MZ_FZ_250_filtered
25,12,0,-251.34,1.364,721.484,28.69,-186.98,19970,R20MZ_FZ_250_filtered
25,12,0,-251.33,8.461,860.481,24.74,-566.45,25333,R20MZ_FZ_250_filtered
25,12,0,-251.33,-7.989,866.841,-22.56,545.87,25968,R20MZ_FZ_250_filtered
25,12,0,-251.27,0.747,721.324,11.07,-105.7,19954,R20MZ_FZ_250_filtered
25,12,0,-251.23,-12.033,730.644,21.6,567.25,20884,R20MZ_FZ_250_filtered
25,12,0,-251.23,11.147,859.811,11.95,-582.1,25266,R20MZ_FZ_250_filtered
25,12,0,-251.21,11.755,724.144,-4.07,-600.84,20236,R20MZ_FZ_250_filtered
25,12,0,-251.21,-7.228,867.031,-28.57,532.4,25987,R20MZ_FZ_250_filtered
25,12,0,-251.2,9.611,723.544,19.39,-623.67,20176,R20MZ_FZ_250_filtered
25,12,0,-251.2,12.023,724.394,-12.19,-595.57,20260,R20MZ_FZ_250_filtered
25,12,0,-251.2,-7.841,866.881,-20.92,539.52,25972,R20MZ_FZ_250_filtered
25,12,0,-251.19,-7.222,731.834,-29.48,540.32,21003,R20MZ_FZ_250_filtered
25,12,0,-251.19,-7.576,866.941,-23.94,540.44,25978,R20MZ_FZ_250_filtered
25,12,0,-251.18,-7.6,731.744,-24,547.61,20994,R20MZ_FZ_250_filtered
25,12,0,-251.17,8.953,860.361,15.39,-570.63,25321,R20MZ_FZ_250_filtered
25,12,0,-251.15,-7.624,866.931,-22.29,540.76,25977,R20MZ_FZ_250_filtered
25,12,0,-251.12,12.255,859.451,14.87,-587.83,25230,R20MZ_FZ_250_filtered
25,12,0,-251.12,9.338,860.261,20.88,-574.2,25311,R20MZ_FZ_250_filtered
25,12,0,-251.11,9.367,725.054,21.55,-584.43,20326,R20MZ_FZ_250_filtered
25,12,0,-251.09,10.651,724.734,10.95,-589.55,20294,R20MZ_FZ_250_filtered
25,12,0,-251.09,10.056,858.851,16.09,-605.21,25171,R20MZ_FZ_250_filtered
25,12,-0,-251.04,12.088,724.374,-7.02,-594.31,20258,R20MZ_FZ_250_filtered
25,12,0,-251.04,10.741,724.714,8.1,-589.39,20292,R20MZ_FZ_250_filtered
25,12,0,-251.03,-7.853,731.684,-21.28,546.99,20988,R20MZ_FZ_250_filtered
25,12,0,-251,9.119,858.611,21.02,-607.86,25147,R20MZ_FZ_250_filtered
25,12,0,-251,8.916,860.371,16.19,-570.62,25322,R20MZ_FZ_250_filtered
25,12,0,-250.99,9.829,860.141,12.16,-575.73,25299,R20MZ_FZ_250_filtered
25,12,0,-250.98,9.296,725.074,21.59,-584.12,20328,R20MZ_FZ_250_filtered
25,12,0,-250.96,-8.337,731.554,-26.26,553.51,20975,R20MZ_FZ_250_filtered
25,12,0,-250.96,-7.799,866.891,-20.84,539.38,25973,R20MZ_FZ_250_filtered
25,12,0,-250.95,-8.284,866.761,-26.42,544.96,25960,R20MZ_FZ_250_filtered
25,12,0,-250.94,-7.302,731.814,-29.79,539.71,21001,R20MZ_FZ_250_filtered
25,12,0,-250.94,10.83,859.891,6.85,-579.59,25274,R20MZ_FZ_250_filtered
25,12,0,-250.9,9.736,724.964,14.76,-586.3,20317,R20MZ_FZ_250_filtered
25,12,0,-250.89,10.785,859.031,13.7,-607.07,25189,R20MZ_FZ_250_filtered
25,12,0,-250.89,0.915,862.371,17.19,-121.98,25522,R20MZ_FZ_250_filtered
25,12,0,-250.87,8.86,725.184,17.76,-580.87,20339,R20MZ_FZ_250_filtered
25,12,0,-250.87,-11.918,730.664,13.17,563.39,20886,R20MZ_FZ_250_filtered
25,12,0,-250.87,0.84,856.541,12.27,-116.1,24940,R20MZ_FZ_250_filtered
25,12,0,-250.84,9.568,723.534,20.62,-626.78,20175,R20MZ_FZ_250_filtered
25,12,0,-250.84,9.499,858.711,20.18,-613.76,25157,R20MZ_FZ_250_filtered
25,12,0,-250.83,0.508,727.274,9.17,-76.21,20548,R20MZ_FZ_250_filtered
25,12,0,-250.78,11.198,724.594,14.94,-590.32,20280,R20MZ_FZ_250_filtered
25,12,0,-250.77,10.548,858.971,13.83,-601.47,25183,R20MZ_FZ_250_filtered
25,12,0,-250.76,12.102,859.571,-8.62,-584.53,25242,R20MZ_FZ_250_filtered
25,12,0,-250.75,-8.021,866.831,-23.02,546.19,25967,R20MZ_FZ_250_filtered
25,12,0,-250.74,-8.29,731.564,-26.97,551.96,20976,R20MZ_FZ_250_filtered
25,12,-0,-250.71,12.245,859.461,16.58,-587.51,25231,R20MZ_FZ_250_filtered
25,12,0,-250.7,-7.262,731.824,-29.44,540.18,21002,R20MZ_FZ_250_filtered
25,12,0,-250.69,9.37,860.251,21.24,-574.04,25310,R20MZ_FZ_250_filtered
25,12,0,-250.67,11.096,724.624,11.62,-591.41,20283,R20MZ_FZ_250_filtered
25,12,0,-250.65,12.056,724.384,-9.44,-594,20259,R20MZ_FZ_250_filtered
25,12,0,-250.64,-7.759,866.901,-20.28,539.69,25974,R20MZ_FZ_250_filtered
25,12,0,-250.63,-8.37,731.544,-25.11,555.36,20974,R20MZ_FZ_250_filtered
25,12,0,-250.62,-8.003,731.644,-23.64,551.77,20984,R20MZ_FZ_250_filtered
25,12,-0,-250.62,10.334,858.921,16.53,-609.71,25178,R20MZ_FZ_250_filtered
25,12,0,-250.61,-12.194,730.534,-19.95,569.01,20873,R20MZ_FZ_250_filtered
25,12,0,-250.6,0.785,721.334,11.35,-110.34,19955,R20MZ_FZ_250_filtered
25,12,0,-250.6,10.707,859.921,9.93,-581.01,25277,R20MZ_FZ_250_filtered
25,12,0,-250.59,10.259,724.834,17.87,-587.38,20304,R20MZ_FZ_250_filtered
25,12,0,-250.57,10.701,724.724,9.12,-589.08,20293,R20MZ_FZ_250_filtered
25,12,0,-250.57,-12.07,730.634,21.75,569.9,20883,R20MZ_FZ_250_filtered
25,12,0,-250.57,-8.405,866.731,-23.69,549.45,25957,R20MZ_FZ_250_filtered
25,12,0,-250.56,0.694,856.501,10.74,-94.38,24936,R20MZ_FZ_250_filtered
25,12,0,-250.54,-9.274,866.511,-23.04,553.8,25935,R20MZ_FZ_250_filtered
25,12,0,-250.53,0.71,862.421,13.67,-97.46,25527,R20MZ_FZ_250_filtered
25,12,0,-250.52,9.585,858.731,18.68,-607.22,25159,R20MZ_FZ_250_filtered
25,12,0,-250.5,-11.084,866.071,-7.54,556.25,25891,R20MZ_FZ_250_filtered
25,12,0,-250.48,12.237,724.264,16.27,-598.38,20247,R20MZ_FZ_250_filtered
25,12,0,-250.46,10.329,860.011,18.33,-578.22,25286,R20MZ_FZ_250_filtered
25,12,0,-250.45,12.245,724.274,16.88,-599.32,20248,R20MZ_FZ_250_filtered
25,12,0,-250.44,11.252,723.954,12.24,-612.97,20217,R20MZ_FZ_250_filtered
25,12,0,-250.42,-8.44,866.721,-22.24,549.45,25956,R20MZ_FZ_250_filtered
25,12,0,-250.41,10.81,723.844,13.68,-617.15,20206,R20MZ_FZ_250_filtered
25,12,0,-250.41,-11.443,865.961,-23.62,557.52,25880,R20MZ_FZ_250_filtered
25,12,0,-250.41,-9.322,866.501,-22.71,554.11,25934,R20MZ_FZ_250_filtered
25,12,0,-250.4,-11.054,866.081,-5.72,554.56,25892,R20MZ_FZ_250_filtered
25,12,0,-250.39,-12.199,730.544,-18.32,566.84,20874,R20MZ_FZ_250_filtered
25,12,0,-250.37,9.068,858.601,21.94,-610.5,25146,R20MZ_FZ_250_filtered
25,12,0,-250.37,-8.24,866.771,-27,543.73,25961,R20MZ_FZ_250_filtered
25,12,0,-250.34,10.217,724.844,17.03,-587.54,20305,R20MZ_FZ_250_filtered
25,12,0,-250.32,-12.193,730.524,-19.58,571.01,20872,R20MZ_FZ_250_filtered
25,12,0,-250.3,-9.245,866.521,-23.45,552.86,25936,R20MZ_FZ_250_filtered
25,12,0,-250.28,11.524,724.504,18.94,-592.5,20271,R20MZ_FZ_250_filtered
25,12,0,-250.28,10.256,860.031,17.28,-579.31,25288,R20MZ_FZ_250_filtered
25,12,0,-250.28,-7.676,866.921,-20.99,540.61,25976,R20MZ_FZ_250_filtered
25,12,0,-250.27,-8.844,731.434,-15.5,558.45,20963,R20MZ_FZ_250_filtered
25,12,0,-250.27,-7.717,866.911,-20.2,540.31,25975,R20MZ_FZ_250_filtered
25,12,0,-250.2,-8.1,866.811,-23.86,545.12,25965,R20MZ_FZ_250_filtered
25,12,0,-250.18,-10.621,730.984,-12.82,561.86,20918,R20MZ_FZ_250_filtered
25,12,0,-250.18,-8.035,731.634,-24.26,552.57,20983,R20MZ_FZ_250_filtered
25,12,-0,-250.17,1.553,721.534,27.28,-210.99,19975,R20MZ_FZ_250_filtered
25,12,0,-250.16,1.102,856.611,20.09,-152.68,24947,R20MZ_FZ_250_filtered
25,12,0,-250.16,-10.597,866.181,-13.46,555.32,25902,R20MZ_FZ_250_filtered
25,12,-0,-250.16,-10.141,866.301,-17.38,554.11,25914,R20MZ_FZ_250_filtered
25,12,0,-250.12,-8.844,866.631,-14.55,552.25,25947,R20MZ_FZ_250_filtered
25,12,0,-250.11,8.904,725.174,16.95,-580.55,20338,R20MZ_FZ_250_filtered
25,12,0,-250.1,12.298,724.164,-7.02,-600.99,20237,R20MZ_FZ_250_filtered
25,12,0,-250.1,0.85,727.184,16.74,-118.24,20539,R20MZ_FZ_250_filtered
25,12,-0,-250.09,-7.763,731.704,-21.53,547.16,20990,R20MZ_FZ_250_filtered
25,12,0,-250.09,9.9,858.811,18.4,-611.43,25167,R20MZ_FZ_250_filtered
25,12,0,-250.06,11.559,724.494,16.91,-591.26,20270,R20MZ_FZ_250_filtered
25,12,0,-250.05,-12.191,730.554,-15.51,566.38,20875,R20MZ_FZ_250_filtered
25,12,0,-250.05,11.562,859.691,17.41,-583.79,25254,R20MZ_FZ_250_filtered
25,12,0,-250.05,-8.061,866.821,-23.35,545.73,25966,R20MZ_FZ_250_filtered
25,12,0,-250.04,-8.8,866.641,-14.81,550.7,25948,R20MZ_FZ_250_filtered
25,12,0,-250.03,-11.099,730.874,-9.39,562.62,20907,R20MZ_FZ_250_filtered
25,12,0,-250.03,-10.654,866.171,-11.74,557.19,25901,R20MZ_FZ_250_filtered
25,12,-0,-250,10.115,723.674,16.18,-614.34,20189,R20MZ_FZ_250_filtered
25,12,0,-250,10.608,723.794,13.8,-609.85,20201,R20MZ_FZ_250_filtered
25,12,0,-250,11.611,859.681,14.21,-582.38,25253,R20MZ_FZ_250_filtered
25,12,0,-249.99,9.169,723.434,21.38,-619.32,20165,R20MZ_FZ_250_filtered
25,12,0,-249.98,-9.723,731.214,-10.65,561.42,20941,R20MZ_FZ_250_filtered
25,12,0,-249.98,1.808,856.791,29,-238.14,24965,R20MZ_FZ_250_filtered
25,12,0,-249.98,-11.129,866.061,-9.72,558.74,25890,R20MZ_FZ_250_filtered
25,12,0,-249.97,9.322,725.064,21.75,-583.5,20327,R20MZ_FZ_250_filtered
25,12,0,-249.97,-7.714,731.714,-21.29,547.77,20991,R20MZ_FZ_250_filtered
25,12,0,-249.97,11.497,859.211,10.45,-594.17,25207,R20MZ_FZ_250_filtered
25,12,0,-249.93,11.175,724.604,13.69,-590.15,20281,R20MZ_FZ_250_filtered
25,12,0,-249.92,11.762,859.331,-1.59,-591.38,25219,R20MZ_FZ_250_filtered
25,12,0,-249.92,-8.176,866.791,-25.83,544.2,25963,R20MZ_FZ_250_filtered
25,12,0,-249.91,-12.254,730.434,0.59,569.63,20863,R20MZ_FZ_250_filtered
25,12,0,-249.91,10.293,860.021,18.01,-578.38,25287,R20MZ_FZ_250_filtered
25,12,0,-249.89,9.127,723.424,22.48,-622.6,20164,R20MZ_FZ_250_filtered
25,12,0,-249.88,11.634,724.054,9.09,-605.04,20227,R20MZ_FZ_250_filtered
25,12,0,-249.88,-9.217,866.531,-22.99,551.8,25937,R20MZ_FZ_250_filtered
25,12,0,-249.87,-10.17,866.291,-17.55,555.49,25913,R20MZ_FZ_250_filtered
25,12,0,-249.87,-8.206,866.781,-26.7,543.89,25962,R20MZ_FZ_250_filtered
25,12,0,-249.86,-8.802,731.444,-15.35,556.6,20964,R20MZ_FZ_250_filtered
25,12,0,-249.86,0.731,856.511,10.99,-99.17,24937,R20MZ_FZ_250_filtered
25,12,0,-249.85,-9.22,731.334,-23.41,557.39,20953,R20MZ_FZ_250_filtered
25,12,-0,-249.85,-8.457,731.524,-21.91,556.92,20972,R20MZ_FZ_250_filtered
25,12,0,-249.84,-8.138,866.801,-24.72,544.5,25964,R20MZ_FZ_250_filtered
25,12,0,-249.83,-9.792,866.391,-8.26,557.04,25923,R20MZ_FZ_250_filtered
25,12,0,-249.82,-11.052,730.884,-7.37,561.24,20908,R20MZ_FZ_250_filtered
25,12,0,-249.81,11.129,724.614,12.48,-590.46,20282,R20MZ_FZ_250_filtered
25,12,0,-249.8,-7.678,731.724,-21.18,547.76,20992,R20MZ_FZ_250_filtered
25,12,0,-249.76,0.133,727.374,1.87,-25.02,20558,R20MZ_FZ_250_filtered
25,12,-0,-249.74,-7.635,731.734,-22.32,547.61,20993,R20MZ_FZ_250_filtered
25,12,0,-249.68,9.143,858.621,19.96,-603.02,25148,R20MZ_FZ_250_filtered
25,12,0,-249.68,11.024,859.091,11.32,-597.43,25195,R20MZ_FZ_250_filtered
25,12,0,-249.67,-12.197,730.514,-18.22,572.42,20871,R20MZ_FZ_250_filtered
25,12,0,-249.66,0.161,727.364,2.83,-29.98,20557,R20MZ_FZ_250_filtered
25,12,0,-249.66,-11.656,730.324,-2.91,569.49,20853,R20MZ_FZ_250_filtered
25,12,0,-249.66,-12.195,865.721,-19.38,564.18,25856,R20MZ_FZ_250_filtered
25,12,0,-249.62,-11.507,865.941,-23.58,561.71,25878,R20MZ_FZ_250_filtered
25,12,0,-249.62,-9.716,866.411,-11.63,554.88,25925,R20MZ_FZ_250_filtered
25,12,0,-249.61,-11.125,730.864,-11.33,564.49,20906,R20MZ_FZ_250_filtered
25,12,0,-249.61,1.252,856.651,26.07,-171.62,24951,R20MZ_FZ_250_filtered
25,12,0,-249.6,-10.572,730.994,-14.31,561.26,20919,R20MZ_FZ_250_filtered
25,12,0,-249.6,-10.148,731.104,-18.35,561.58,20930,R20MZ_FZ_250_filtered
25,12,0,-249.59,-8.765,731.454,-16.26,555.52,20965,R20MZ_FZ_250_filtered
25,12,0,-249.59,0.802,856.531,11.54,-110.03,24939,R20MZ_FZ_250_filtered
25,12,-0,-249.58,9.651,723.554,18.6,-618.54,20177,R20MZ_FZ_250_filtered
25,12,0,-249.56,-8.884,866.621,-14.57,553.17,25946,R20MZ_FZ_250_filtered
25,12,0,-249.55,-11.414,865.971,-22.3,555.98,25881,R20MZ_FZ_250_filtered
25,12,0,-249.54,-10.204,866.281,-18.5,556.88,25912,R20MZ_FZ_250_filtered
25,12,0,-249.53,-12.117,730.624,18.79,571.45,20882,R20MZ_FZ_250_filtered
25,12,0,-249.51,-9.762,731.204,-9.48,562.8,20940,R20MZ_FZ_250_filtered
25,12,0,-249.5,-9.245,731.324,-23.43,558.94,20952,R20MZ_FZ_250_filtered
25,12,0,-249.48,-11.599,730.304,-8.01,571.33,20851,R20MZ_FZ_250_filtered
25,12,0,-249.46,0.747,862.411,14.91,-101.34,25526,R20MZ_FZ_250_filtered
25,12,0,-249.39,-8.068,731.624,-24.18,552.57,20982,R20MZ_FZ_250_filtered
25,12,0,-249.39,8.658,858.501,23.44,-602.26,25136,R20MZ_FZ_250_filtered
25,12,-0,-249.39,-8.489,866.711,-20.99,549.31,25955,R20MZ_FZ_250_filtered
25,12,0,-249.38,-11.521,730.744,-22.57,567.76,20894,R20MZ_FZ_250_filtered
25,12,0,-249.38,-9.172,731.344,-23.1,556.47,20954,R20MZ_FZ_250_filtered
25,12,0,-249.38,10.78,859.901,7.69,-578.97,25275,R20MZ_FZ_250_filtered
25,12,0,-249.38,-8.76,866.651,-15.51,549.01,25949,R20MZ_FZ_250_filtered
25,12,0,-249.37,9.461,858.701,20.72,-612.51,25156,R20MZ_FZ_250_filtered
25,12,0,-249.36,-8.413,731.534,-23.45,556.28,20973,R20MZ_FZ_250_filtered
25,12,-0,-249.34,0.761,856.521,10.96,-104.28,24938,R20MZ_FZ_250_filtered
25,12,-0,-249.33,9.53,723.524,21.33,-626.47,20174,R20MZ_FZ_250_filtered
25,12,0,-249.33,-11.631,730.314,-6.01,569.93,20852,R20MZ_FZ_250_filtered
25,12,0,-249.31,-11.869,730.674,6.22,563.71,20887,R20MZ_FZ_250_filtered
25,12,0,-249.3,0.818,727.194,16.27,-112.49,20540,R20MZ_FZ_250_filtered
25,12,0,-249.26,-12.25,730.444,-3.16,569,20864,R20MZ_FZ_250_filtered
25,12,0,-249.24,11.097,723.914,12.16,-607.37,20213,R20MZ_FZ_250_filtered
25,12,0,-249.24,-9.68,731.224,-12.75,559.56,20942,R20MZ_FZ_250_filtered
25,12,-0,-249.22,1.773,856.781,28,-233.01,24964,R20MZ_FZ_250_filtered
25,12,0,-249.22,-10.696,866.161,-9.66,558.74,25900,R20MZ_FZ_250_filtered
25,12,0,-249.19,-11.155,866.051,-11.03,560.62,25889,R20MZ_FZ_250_filtered
25,12,0,-249.18,-10.175,731.094,-18.52,562.5,20929,R20MZ_FZ_250_filtered
25,12,0,-249.18,-10.512,866.201,-16.74,553.64,25904,R20MZ_FZ_250_filtered
25,12,0,-249.14,1.955,721.634,32.27,-256.88,19985,R20MZ_FZ_250_filtered
25,12,0,-249.14,8.62,858.491,23.71,-605.06,25135,R20MZ_FZ_250_filtered
25,12,0,-249.14,-12.11,865.821,20.04,563.37,25866,R20MZ_FZ_250_filtered
25,12,0,-249.12,8.685,723.314,24.32,-616.86,20153,R20MZ_FZ_250_filtered
25,12,0,-249.12,1.149,856.621,21.53,-156.55,24948,R20MZ_FZ_250_filtered
25,12,0,-249.11,-8.726,731.464,-16.53,555.07,20966,R20MZ_FZ_250_filtered
25,12,0,-249.11,0.859,862.381,16.6,-116.38,25523,R20MZ_FZ_250_filtered
25,12,0,-249.1,-12.144,730.614,14.22,571.77,20881,R20MZ_FZ_250_filtered
25,12,0,-249.1,-11.376,865.981,-20.87,555.99,25882,R20MZ_FZ_250_filtered
25,12,0,-249.08,1.914,721.624,31.49,-252.87,19984,R20MZ_FZ_250_filtered
25,12,0,-249.05,-10.111,866.311,-16.71,553.34,25915,R20MZ_FZ_250_filtered
25,12,0,-249.04,-10.204,731.084,-19.43,563.58,20928,R20MZ_FZ_250_filtered
25,12,0,-249.02,-11.014,730.894,-5.45,561.1,20909,R20MZ_FZ_250_filtered
25,12,0,-249.02,-8.922,866.611,-14.66,553.32,25945,R20MZ_FZ_250_filtered
25,12,0,-249.01,1.216,856.641,24.81,-166.03,24950,R20MZ_FZ_250_filtered
25,12,0,-249.01,-12.239,865.641,-2.31,561.09,25848,R20MZ_FZ_250_filtered
25,12,0,-248.99,-10.122,731.114,-17.62,560.19,20931,R20MZ_FZ_250_filtered
25,12,-0,-248.98,-10.971,866.101,-2.41,555.21,25894,R20MZ_FZ_250_filtered
25,12,0,-248.97,-9.807,731.194,-8.3,563.57,20939,R20MZ_FZ_250_filtered
25,12,0,-248.96,10.089,858.861,15.88,-601.62,25172,R20MZ_FZ_250_filtered
25,12,0,-248.95,-11.611,865.511,-5.77,562.16,25836,R20MZ_FZ_250_filtered
25,12,0,-248.95,-11.55,865.931,-19.84,562.49,25877,R20MZ_FZ_250_filtered
25,12,0,-248.93,-11.585,865.501,-8.03,563.57,25835,R20MZ_FZ_250_filtered
25,12,0,-248.92,1.872,721.614,31.2,-248.22,19983,R20MZ_FZ_250_filtered
25,12,0,-248.91,-9.149,731.354,-21.93,556.94,20955,R20MZ_FZ_250_filtered
25,12,0,-248.89,-12.203,730.504,-15.91,572.57,20870,R20MZ_FZ_250_filtered
25,12,0,-248.89,-9.295,731.314,-22.94,560.95,20951,R20MZ_FZ_250_filtered
25,12,0,-248.87,-12.18,865.711,-17.94,566.2,25855,R20MZ_FZ_250_filtered
25,12,0,-248.86,-12.266,730.414,6.87,573.64,20861,R20MZ_FZ_250_filtered
25,12,0,-248.85,-10.236,866.271,-19.5,557.52,25911,R20MZ_FZ_250_filtered
25,12,0,-248.84,10.746,859.911,8.15,-579.6,25276,R20MZ_FZ_250_filtered
25,12,0,-248.83,-12.207,730.564,-12.86,567,20876,R20MZ_FZ_250_filtered
25,12,0,-248.83,9.02,858.591,23.03,-610.03,25145,R20MZ_FZ_250_filtered
25,12,0,-248.81,-11.561,730.734,-19.34,569.18,20893,R20MZ_FZ_250_filtered
25,12,0,-248.8,-12.256,730.424,4.58,571.17,20862,R20MZ_FZ_250_filtered
25,12,0,-248.79,-9.659,866.421,-13.19,553.65,25926,R20MZ_FZ_250_filtered
25,12,-0,-248.77,9.928,723.624,18.94,-622.12,20184,R20MZ_FZ_250_filtered
25,12,0,-248.77,-8.111,731.614,-24.88,552.57,20981,R20MZ_FZ_250_filtered
25,12,0,-248.76,10.369,723.734,17.13,-620.73,20195,R20MZ_FZ_250_filtered
25,12,0,-248.75,-8.724,866.661,-16.17,548.56,25950,R20MZ_FZ_250_filtered
25,12,0,-248.74,9.083,723.414,23.65,-622.75,20163,R20MZ_FZ_250_filtered
25,12,-0,-248.74,0.206,727.354,3.66,-34.94,20556,R20MZ_FZ_250_filtered
25,12,0,-248.74,-8.184,731.594,-26.6,551.81,20979,R20MZ_FZ_250_filtered
25,12,0,-248.73,-8.931,731.414,-15.64,560.48,20961,R20MZ_FZ_250_filtered
25,12,0,-248.73,-9.165,866.541,-22.18,551.65,25938,R20MZ_FZ_250_filtered
25,12,0,-248.72,-12.183,865.751,-15.31,558.92,25859,R20MZ_FZ_250_filtered
25,12,0,-248.71,-9.329,731.304,-22.8,561.89,20950,R20MZ_FZ_250_filtered
25,12,0,-248.7,10.576,858.981,13.78,-599.28,25184,R20MZ_FZ_250_filtered
25,12,0,-248.66,-10.712,730.964,-9.26,565.12,20916,R20MZ_FZ_250_filtered
25,12,0,-248.64,-11.867,865.871,6.29,558.44,25871,R20MZ_FZ_250_filtered
25,12,-0,-248.63,-8.141,731.604,-25.81,552.75,20980,R20MZ_FZ_250_filtered
25,12,0,-248.62,8.583,858.481,24.3,-604.75,25134,R20MZ_FZ_250_filtered
25,12,-0,-248.6,-8.954,866.601,-15,552.72,25944,R20MZ_FZ_250_filtered
25,12,0,-248.56,-12.203,730.494,-13.74,572.27,20869,R20MZ_FZ_250_filtered
25,12,0,-248.56,-8.503,731.514,-20.71,556.92,20971,R20MZ_FZ_250_filtered
25,12,0,-248.54,-8.678,731.474,-16.87,555.54,20967,R20MZ_FZ_250_filtered
25,12,0,-248.53,-11.811,730.684,-0.25,565.9,20888,R20MZ_FZ_250_filtered
25,12,0,-248.51,1.842,721.604,30.82,-243.26,19982,R20MZ_FZ_250_filtered
25,12,0,-248.51,-12.2,730.574,-9.37,568.71,20877,R20MZ_FZ_250_filtered
25,12,0,-248.5,-11.351,730.794,-19.82,562.83,20899,R20MZ_FZ_250_filtered
25,12,0,-248.49,-10.513,731.004,-16.26,560.65,20920,R20MZ_FZ_250_filtered
25,12,0,-248.48,-10.247,731.074,-20.28,564.05,20927,R20MZ_FZ_250_filtered
25,12,0,-248.48,0.836,862.391,15.92,-110.79,25524,R20MZ_FZ_250_filtered
25,12,0,-248.48,-11.65,865.521,-2.75,561.87,25837,R20MZ_FZ_250_filtered
25,12,0,-248.47,1.17,856.631,23.5,-161.06,24949,R20MZ_FZ_250_filtered
25,12,0,-248.44,-11.556,730.294,-9.15,573.34,20850,R20MZ_FZ_250_filtered
25,12,0,-248.43,0.789,862.401,15.68,-105.83,25525,R20MZ_FZ_250_filtered
25,12,0,-248.41,11.538,859.221,10.27,-593.39,25208,R20MZ_FZ_250_filtered
25,12,0,-248.4,-12.198,865.701,-15.8,566.67,25854,R20MZ_FZ_250_filtered
25,12,0,-248.39,11.587,859.231,10.2,-593.86,25209,R20MZ_FZ_250_filtered
25,12,0,-248.37,-11.653,730.714,-11.69,569.79,20891,R20MZ_FZ_250_filtered
25,12,0,-248.37,-10.073,866.321,-14.99,553.68,25916,R20MZ_FZ_250_filtered
25,12,-0,-248.35,9.212,723.444,20.43,-613.72,20166,R20MZ_FZ_250_filtered
25,12,0,-248.35,1.526,856.721,25.73,-204.46,24958,R20MZ_FZ_250_filtered
25,12,0,-248.35,-11.188,866.041,-12.02,560.77,25888,R20MZ_FZ_250_filtered
25,12,0,-248.34,-8.598,731.494,-18.38,557.4,20969,R20MZ_FZ_250_filtered
25,12,0,-248.33,-9.845,731.184,-7.96,563.88,20938,R20MZ_FZ_250_filtered
25,12,0,-248.32,11.07,859.101,11.69,-596.03,25196,R20MZ_FZ_250_filtered
25,12,0,-248.32,-9.849,866.381,-7.5,557.05,25922,R20MZ_FZ_250_filtered
25,12,0,-248.31,11.211,723.944,12.74,-610.47,20216,R20MZ_FZ_250_filtered
25,12,0,-248.31,-8.981,731.404,-16.28,560.49,20960,R20MZ_FZ_250_filtered
25,12,0,-248.3,-8.543,731.504,-19.33,557.08,20970,R20MZ_FZ_250_filtered
25,12,0,-248.29,-9.617,866.431,-14.68,553.67,25927,R20MZ_FZ_250_filtered
25,12,-0,-248.28,-11.772,730.694,-5.6,567.79,20889,R20MZ_FZ_250_filtered
25,12,-0,-248.27,1.72,856.771,27.31,-227.73,24963,R20MZ_FZ_250_filtered
25,12,0,-248.24,-12.167,730.604,8.26,571.62,20880,R20MZ_FZ_250_filtered
25,12,0,-248.24,-12.133,865.811,15.41,564,25865,R20MZ_FZ_250_filtered
25,12,0,-248.23,-12.206,730.484,-11.38,572.11,20868,R20MZ_FZ_250_filtered
25,12,0,-248.21,-10.743,866.151,-7.6,559.37,25899,R20MZ_FZ_250_filtered
25,12,0,-248.2,-11.203,730.844,-12.87,566.68,20904,R20MZ_FZ_250_filtered
25,12,0,-248.2,-9.89,731.174,-8.35,563.11,20937,R20MZ_FZ_250_filtered
25,12,0,-248.19,-12.228,865.651,-4.96,561.25,25849,R20MZ_FZ_250_filtered
25,12,0,-248.18,-11.686,730.344,4.3,571.33,20855,R20MZ_FZ_250_filtered
25,12,0,-248.17,-11.67,865.531,1.48,562.5,25838,R20MZ_FZ_250_filtered
25,12,0,-248.15,10.294,858.911,16.65,-606.9,25177,R20MZ_FZ_250_filtered
25,12,0,-248.14,9.687,723.564,18.09,-612.94,20178,R20MZ_FZ_250_filtered
25,12,-0,-248.14,8.179,858.381,26.32,-598.38,25124,R20MZ_FZ_250_filtered
25,12,0,-248.13,11.128,723.924,12.34,-607.05,20214,R20MZ_FZ_250_filtered
25,12,0,-248.13,-10.758,730.954,-7.13,565.59,20915,R20MZ_FZ_250_filtered
25,12,0,-248.12,8.202,723.194,27.25,-609.56,20141,R20MZ_FZ_250_filtered
25,12,0,-248.11,-12.219,730.474,-9.33,571.65,20867,R20MZ_FZ_250_filtered
25,12,0,-248.08,10.651,723.804,14.24,-607.98,20202,R20MZ_FZ_250_filtered
25,12,0,-248.08,-9.366,731.294,-21.51,562.2,20949,R20MZ_FZ_250_filtered
25,12,0,-248.07,-12.187,730.594,1.08,570.86,20879,R20MZ_FZ_250_filtered
25,12,0,-248.06,8.24,723.204,26.17,-608.63,20142,R20MZ_FZ_250_filtered
25,12,-0,-248.06,-9.001,731.394,-17.43,560.66,20959,R20MZ_FZ_250_filtered
25,12,0,-248.05,11.173,723.934,12.82,-608.13,20215,R20MZ_FZ_250_filtered
25,12,0,-248.05,9.86,858.801,18.6,-608.46,25166,R20MZ_FZ_250_filtered
25,12,0,-248.02,11.152,859.121,12.42,-597.57,25198,R20MZ_FZ_250_filtered
25,12,0,-248,-11.192,730.204,-11.63,570.87,20841,R20MZ_FZ_250_filtered
25,12,0,-247.99,8.69,858.511,22.13,-597.13,25137,R20MZ_FZ_250_filtered
25,12,0,-247.97,-9.631,731.234,-14.48,558.94,20943,R20MZ_FZ_250_filtered
25,12,0,-247.97,-11.153,865.391,-11.29,564.97,25824,R20MZ_FZ_250_filtered
25,12,0,-247.96,-11.162,730.194,-11.91,572.43,20840,R20MZ_FZ_250_filtered
25,12,0,-247.96,-8.636,731.484,-17.32,556.77,20968,R20MZ_FZ_250_filtered
25,12,-0,-247.93,-10.984,730.904,-4.12,562.36,20910,R20MZ_FZ_250_filtered
25,12,-0,-247.92,-9.08,731.374,-20.1,559.43,20957,R20MZ_FZ_250_filtered
25,12,0,-247.9,-10.085,731.124,-16.75,560.51,20932,R20MZ_FZ_250_filtered
25,12,0,-247.89,-11.337,865.991,-19.73,556.76,25883,R20MZ_FZ_250_filtered
25,12,0,-247.89,-10.79,866.141,-5.41,559.07,25898,R20MZ_FZ_250_filtered
25,12,0,-247.87,-11.12,865.381,-11.38,567.13,25823,R20MZ_FZ_250_filtered
25,12,0,-247.86,8.643,723.304,24.88,-617.63,20152,R20MZ_FZ_250_filtered
25,12,0,-247.85,8.728,723.324,23.22,-613.12,20154,R20MZ_FZ_250_filtered
25,12,0,-247.85,10.168,723.684,16.13,-610.92,20190,R20MZ_FZ_250_filtered
25,12,0,-247.85,10.764,723.834,14.11,-613.89,20205,R20MZ_FZ_250_filtered
25,12,0,-247.84,-11.307,730.804,-18.48,564.85,20900,R20MZ_FZ_250_filtered
25,12,0,-247.81,-11.12,730.184,-11.69,575.06,20839,R20MZ_FZ_250_filtered
25,12,0,-247.81,-11.709,730.704,-9.22,569.33,20890,R20MZ_FZ_250_filtered
25,12,0,-247.77,-11.617,730.724,-15.05,569.47,20892,R20MZ_FZ_250_filtered
25,12,0,-247.77,-10.696,865.271,-12.67,567.46,25812,R20MZ_FZ_250_filtered
25,12,0,-247.74,-11.706,730.354,4.88,571.95,20856,R20MZ_FZ_250_filtered
25,12,0,-247.74,-9.112,731.364,-21.24,558.18,20956,R20MZ_FZ_250_filtered
25,12,0,-247.73,-12.166,865.801,8.78,563.24,25864,R20MZ_FZ_250_filtered
25,12,0,-247.73,-10.467,866.211,-18.44,555.07,25905,R20MZ_FZ_250_filtered
25,12,0,-247.72,-11.226,730.834,-13.49,566.85,20903,R20MZ_FZ_250_filtered
25,12,0,-247.68,11.102,859.111,12.08,-596.17,25197,R20MZ_FZ_250_filtered
25,12,0,-247.65,-12.2,865.761,-12.19,559.71,25860,R20MZ_FZ_250_filtered
25,12,0,-247.61,-11.683,865.541,4.86,563.42,25839,R20MZ_FZ_250_filtered
25,12,0,-247.61,-10.306,866.251,-20.54,557.85,25909,R20MZ_FZ_250_filtered
25,12,0,-247.6,8.219,858.391,24.87,-595.42,25125,R20MZ_FZ_250_filtered
25,12,0,-247.58,-12.196,730.584,-5.01,570.55,20878,R20MZ_FZ_250_filtered
25,12,0,-247.57,-11.194,865.401,-11.4,564.37,25825,R20MZ_FZ_250_filtered
25,12,0,-247.56,-9.878,866.371,-7.33,556.43,25921,R20MZ_FZ_250_filtered
25,12,0,-247.55,-11.08,865.371,-11.51,568.83,25822,R20MZ_FZ_250_filtered
25,12,0,-247.55,-12.208,865.661,-6.81,562.18,25850,R20MZ_FZ_250_filtered
25,12,0,-247.54,0.301,862.531,4.66,-43.32,25538,R20MZ_FZ_250_filtered
25,12,0,-247.53,-12.192,865.681,-10.93,564.49,25852,R20MZ_FZ_250_filtered
25,12,0,-247.52,1.929,856.821,30.37,-249.9,24968,R20MZ_FZ_250_filtered
25,12,0,-247.51,-9.411,731.284,-19.91,562.2,20948,R20MZ_FZ_250_filtered
25,12,0,-247.5,-9.931,731.164,-9.14,562.81,20936,R20MZ_FZ_250_filtered
25,12,0,-247.5,-11.807,865.881,-0.12,559.86,25872,R20MZ_FZ_250_filtered
25,12,0,-247.5,-10.269,866.261,-20.15,557.68,25910,R20MZ_FZ_250_filtered
25,12,0,-247.46,1.799,721.594,29.43,-237.99,19981,R20MZ_FZ_250_filtered
25,12,0,-247.46,-10.925,866.111,-1.66,556.75,25895,R20MZ_FZ_250_filtered
25,12,0,-247.43,9.481,723.514,21.44,-622.74,20173,R20MZ_FZ_250_filtered
25,12,0,-247.43,-12.185,865.691,-13.57,565.59,25853,R20MZ_FZ_250_filtered
25,12,0,-247.42,-9.049,731.384,-18.62,560.5,20958,R20MZ_FZ_250_filtered
25,12,0,-247.41,-11.719,730.394,5.5,575.34,20860,R20MZ_FZ_250_filtered
25,12,-0,-247.39,-11.72,730.384,3.79,574.26,20859,R20MZ_FZ_250_filtered
25,12,0,-247.38,-9.099,866.561,-20.26,552.13,25940,R20MZ_FZ_250_filtered
25,12,-0,-247.36,-9.584,731.244,-15.66,559.28,20944,R20MZ_FZ_250_filtered
25,12,0,-247.36,-12.259,865.601,7.06,568.18,25844,R20MZ_FZ_250_filtered
25,12,0,-247.34,-10.718,865.281,-12.82,565.6,25813,R20MZ_FZ_250_filtered
25,12,0,-247.31,-12.216,865.671,-8.55,563.26,25851,R20MZ_FZ_250_filtered
25,12,0,-247.3,-11.707,730.364,3.81,572.71,20857,R20MZ_FZ_250_filtered
25,12,0,-247.29,-10.425,866.221,-18.7,556.32,25906,R20MZ_FZ_250_filtered
25,12,0,-247.28,-11.218,866.031,-12.43,560.16,25887,R20MZ_FZ_250_filtered
25,12,0,-247.26,-10.804,730.944,-4.77,566.38,20914,R20MZ_FZ_250_filtered
25,12,0,-247.25,-9.971,731.154,-10.35,562.97,20935,R20MZ_FZ_250_filtered
25,12,0,-247.25,7.707,858.261,29.16,-589.54,25112,R20MZ_FZ_250_filtered
25,12,0,-247.22,-11.32,866.001,-17.37,557.7,25884,R20MZ_FZ_250_filtered
25,12,0,-247.21,-11.7,865.581,4.49,566.95,25843,R20MZ_FZ_250_filtered
25,12,0,-247.17,-10.048,731.134,-14.87,561.29,20933,R20MZ_FZ_250_filtered
25,12,0,-247.16,-9.574,866.441,-16.47,554.14,25928,R20MZ_FZ_250_filtered
25,12,0,-247.14,7.738,858.271,28.19,-589.38,25113,R20MZ_FZ_250_filtered
25,12,0,-247.13,-11.282,730.814,-17.03,566.39,20901,R20MZ_FZ_250_filtered
25,12,0,-247.13,-12.183,865.791,1.32,563.41,25863,R20MZ_FZ_250_filtered
25,12,0,-247.11,-9.479,866.461,-17.89,555.07,25930,R20MZ_FZ_250_filtered
25,12,0,-247.1,-11.707,730.374,3.52,573.01,20858,R20MZ_FZ_250_filtered
25,12,0,-247.08,2.014,721.644,32.94,-260.6,19986,R20MZ_FZ_250_filtered
25,12,0,-247.08,-11.525,865.481,-9.84,567.14,25833,R20MZ_FZ_250_filtered
25,12,0,-247.07,10.727,723.824,14.23,-610.76,20204,R20MZ_FZ_250_filtered
25,12,0,-247.06,-10.014,731.144,-12.86,562.05,20934,R20MZ_FZ_250_filtered
25,12,0,-247.06,-11.762,865.891,-5.38,560.79,25873,R20MZ_FZ_250_filtered
25,12,0,-247.06,-11.255,866.021,-13.57,559.23,25886,R20MZ_FZ_250_filtered
25,12,0,-247.06,-10.886,866.121,-1.96,558.15,25896,R20MZ_FZ_250_filtered
25,12,0,-247.05,7.761,723.084,29.13,-601.34,20130,R20MZ_FZ_250_filtered
25,12,0,-247.05,0.081,727.384,0.81,-19.11,20559,R20MZ_FZ_250_filtered
25,12,0,-247.02,0.49,862.481,7.49,-68.89,25533,R20MZ_FZ_250_filtered
25,12,0,-247.01,-11.488,730.274,-9.87,575.37,20848,R20MZ_FZ_250_filtered
25,12,0,-246.98,10.132,858.871,15.99,-600.2,25173,R20MZ_FZ_250_filtered
25,12,-0,-246.97,10.679,723.814,14.38,-608.58,20203,R20MZ_FZ_250_filtered
25,12,0,-246.97,2.359,856.921,32.08,-290.85,24978,R20MZ_FZ_250_filtered
25,12,0,-246.95,-10.76,865.291,-12.86,565.45,25814,R20MZ_FZ_250_filtered
25,12,0,-246.95,-11.684,865.551,5.57,563.87,25840,R20MZ_FZ_250_filtered
25,12,0,-246.89,-9.962,866.351,-8.99,556.15,25919,R20MZ_FZ_250_filtered
25,12,0,-246.88,-11.694,865.901,-9.03,561.56,25874,R20MZ_FZ_250_filtered
25,12,0,-246.87,-11.248,730.214,-12.01,570.74,20842,R20MZ_FZ_250_filtered
25,12,0,-246.85,8.985,858.581,23.08,-605.98,25144,R20MZ_FZ_250_filtered
25,12,0,-246.85,-11.478,865.471,-9.79,567.6,25832,R20MZ_FZ_250_filtered
25,12,0,-246.83,-10.647,865.261,-12.7,569.63,25811,R20MZ_FZ_250_filtered
25,12,0,-246.83,-12.183,865.771,-9.44,561.25,25861,R20MZ_FZ_250_filtered
25,12,-0,-246.81,7.806,723.094,28.2,-599.92,20131,R20MZ_FZ_250_filtered
25,12,0,-246.79,9.664,858.751,17.58,-599.43,25161,R20MZ_FZ_250_filtered
25,12,0,-246.77,8.285,723.214,24.89,-604.73,20143,R20MZ_FZ_250_filtered
25,12,0,-246.74,-10.681,730.074,-13.08,576.78,20828,R20MZ_FZ_250_filtered
25,12,0,-246.73,-11.7,865.561,4.99,564.16,25841,R20MZ_FZ_250_filtered
25,12,0,-246.72,9.883,723.614,18.76,-617.62,20183,R20MZ_FZ_250_filtered
25,12,-0,-246.71,-10.774,730.094,-13.56,573.23,20830,R20MZ_FZ_250_filtered
25,12,0,-246.7,10.656,859.001,14.08,-599.89,25186,R20MZ_FZ_250_filtered
25,12,0,-246.69,-9.995,866.341,-10.69,555.38,25918,R20MZ_FZ_250_filtered
25,12,0,-246.68,9.046,723.404,24.01,-619.34,20162,R20MZ_FZ_250_filtered
25,12,0,-246.68,-10.343,866.241,-20,558.02,25908,R20MZ_FZ_250_filtered
25,12,0,-246.66,-12.196,865.781,-4.78,562.81,25862,R20MZ_FZ_250_filtered
25,12,0,-246.63,-10.294,729.974,-15.53,575.55,20818,R20MZ_FZ_250_filtered
25,12,-0,-246.58,1.697,856.761,27.05,-222.14,24962,R20MZ_FZ_250_filtered
25,12,0,-246.57,-11.446,865.461,-9.36,566.68,25831,R20MZ_FZ_250_filtered
25,12,0,-246.54,7.325,722.974,31.55,-590.32,20119,R20MZ_FZ_250_filtered
25,12,0,-246.52,-9.532,866.451,-17.1,554.61,25929,R20MZ_FZ_250_filtered
25,12,0,-246.5,-9.068,866.571,-18.72,552.26,25941,R20MZ_FZ_250_filtered
25,12,0,-246.48,1.759,721.584,28.23,-232.23,19980,R20MZ_FZ_250_filtered
25,12,0,-246.48,-10.934,730.914,-2.58,564.54,20911,R20MZ_FZ_250_filtered
25,12,0,-246.48,-10.851,730.934,-3.27,566.55,20913,R20MZ_FZ_250_filtered
25,12,0,-246.48,7.261,858.151,32.06,-579.62,25101,R20MZ_FZ_250_filtered
25,12,0,-246.46,-10.891,730.924,-2.5,566.25,20912,R20MZ_FZ_250_filtered
25,12,0,-246.42,-9.54,731.254,-16.72,560.36,20945,R20MZ_FZ_250_filtered
25,12,0,-246.41,-11.282,730.224,-11.28,571.82,20843,R20MZ_FZ_250_filtered
25,12,0,-246.38,8.168,723.184,28.16,-607.39,20140,R20MZ_FZ_250_filtered
25,12,0,-246.37,-0.359,727.484,-6.17,36.11,20569,R20MZ_FZ_250_filtered
25,12,-0,-246.36,2.332,721.724,34,-293.94,19994,R20MZ_FZ_250_filtered
25,12,0,-246.35,-11.03,865.361,-11.42,569.01,25821,R20MZ_FZ_250_filtered
25,12,0,-246.33,-11.713,865.571,4.08,565.1,25842,R20MZ_FZ_250_filtered
25,12,0,-246.32,-10.39,731.034,-19.14,564.09,20923,R20MZ_FZ_250_filtered
25,12,0,-246.3,9.252,723.454,20.47,-608.91,20167,R20MZ_FZ_250_filtered
25,12,0,-246.3,-0.328,727.474,-5.85,30.67,20568,R20MZ_FZ_250_filtered
25,12,0,-246.3,1.607,856.741,26.22,-212.68,24960,R20MZ_FZ_250_filtered
25,12,0,-246.26,-10.248,729.964,-15.35,577.56,20817,R20MZ_FZ_250_filtered
25,12,-0,-246.24,10.248,858.901,17.12,-603.77,25176,R20MZ_FZ_250_filtered
25,12,0,-246.23,2.379,721.734,33.92,-298.6,19995,R20MZ_FZ_250_filtered
25,12,0,-246.2,0.093,862.581,1.37,-17.55,25543,R20MZ_FZ_250_filtered
25,12,0,-246.16,0.439,727.294,6.93,-64.38,20550,R20MZ_FZ_250_filtered
25,12,0,-246.11,8.543,858.471,24.98,-601.47,25133,R20MZ_FZ_250_filtered
25,12,0,-246.09,8.612,723.294,25.56,-614.51,20151,R20MZ_FZ_250_filtered
25,12,0,-246.09,7.303,858.161,30.72,-579.13,25102,R20MZ_FZ_250_filtered
25,12,0,-246.08,-11.364,730.244,-9.74,574.77,20845,R20MZ_FZ_250_filtered
25,12,0,-246.08,6.825,858.041,33.48,-566.58,25090,R20MZ_FZ_250_filtered
25,12,0,-246.07,9.73,723.574,18.23,-609.05,20179,R20MZ_FZ_250_filtered
25,12,0,-246.06,0.318,862.521,5,-47.96,25537,R20MZ_FZ_250_filtered
25,12,0,-246.05,8.265,858.401,23.93,-590.91,25126,R20MZ_FZ_250_filtered
25,12,0,-246.05,-10.281,865.171,-14.46,566.7,25802,R20MZ_FZ_250_filtered
25,12,0,-246.04,-11.402,730.254,-9.55,575.22,20846,R20MZ_FZ_250_filtered
25,12,0,-245.99,7.764,858.281,26.96,-586.57,25114,R20MZ_FZ_250_filtered
25,12,0,-245.96,-10.655,730.064,-13.35,579.58,20827,R20MZ_FZ_250_filtered
25,12,0,-245.96,-10.793,865.301,-12.94,565.93,25815,R20MZ_FZ_250_filtered
25,12,0,-245.95,8.108,858.361,27.74,-594.97,25122,R20MZ_FZ_250_filtered
25,12,-0,-245.93,7.373,722.984,30.11,-588.9,20120,R20MZ_FZ_250_filtered
25,12,0,-245.9,-0.278,727.464,-4.87,25.4,20567,R20MZ_FZ_250_filtered
25,12,0,-245.89,-11.452,730.264,-9.62,575.37,20847,R20MZ_FZ_250_filtered
25,12,0,-245.89,10.184,858.881,16.53,-600.37,25174,R20MZ_FZ_250_filtered
25,12,0,-245.88,1.646,856.751,26.45,-217.19,24961,R20MZ_FZ_250_filtered
25,12,0,-245.87,-11.396,865.451,-9.42,566.07,25830,R20MZ_FZ_250_filtered
25,12,0,-245.83,6.886,722.864,32.53,-576.52,20108,R20MZ_FZ_250_filtered
25,12,0,-245.83,-11.318,730.234,-10.88,573.53,20844,R20MZ_FZ_250_filtered
25,12,0,-245.79,10.208,723.694,16.87,-609.98,20191,R20MZ_FZ_250_filtered
25,12,0,-245.73,-10.808,730.104,-13.01,573.54,20831,R20MZ_FZ_250_filtered
25,12,0,-245.71,7.292,722.964,32.51,-588.31,20118,R20MZ_FZ_250_filtered
25,12,0,-245.69,9.823,858.791,18.73,-605.33,25165,R20MZ_FZ_250_filtered
25,12,0,-245.64,-10.205,865.151,-14.54,570.41,25800,R20MZ_FZ_250_filtered
25,12,0,-245.63,-10.21,729.954,-15.23,579.89,20816,R20MZ_FZ_250_filtered
25,12,0,-245.63,8.738,858.521,21.64,-592.31,25138,R20MZ_FZ_250_filtered
25,12,0,-245.6,-11.279,865.421,-11.18,564.84,25827,R20MZ_FZ_250_filtered
25,12,0,-245.54,2.249,856.891,32.41,-277.2,24975,R20MZ_FZ_250_filtered
25,12,0,-245.51,-10.333,729.984,-15.05,575.1,20819,R20MZ_FZ_250_filtered
25,12,0,-245.49,-10.998,865.351,-10.78,568.54,25820,R20MZ_FZ_250_filtered
25,12,0,-245.43,0.032,727.394,0.15,-13.21,20560,R20MZ_FZ_250_filtered
25,12,0,-245.42,-11.368,865.441,-9.64,566.23,25829,R20MZ_FZ_250_filtered
25,12,0,-245.37,2.382,856.931,31.71,-293.92,24979,R20MZ_FZ_250_filtered
25,12,0,-245.36,0.444,862.491,6.73,-62.82,25534,R20MZ_FZ_250_filtered
25,12,-0,-245.33,-10.324,865.181,-14.61,566.87,25803,R20MZ_FZ_250_filtered
25,12,-0,-245.32,10.224,858.891,16.89,-602.21,25175,R20MZ_FZ_250_filtered
25,12,0,-245.29,2.302,721.714,33.47,-289.29,19993,R20MZ_FZ_250_filtered
25,12,0,-245.28,-10.373,729.994,-15.05,575.87,20820,R20MZ_FZ_250_filtered
25,12,0,-245.28,1.977,856.831,30.37,-253.3,24969,R20MZ_FZ_250_filtered
25,12,0,-245.23,7.841,723.104,26.88,-595.73,20132,R20MZ_FZ_250_filtered
25,12,0,-245.2,6.441,722.754,35.13,-560.7,20097,R20MZ_FZ_250_filtered
25,12,0,-245.12,9.856,723.604,18.71,-613.25,20182,R20MZ_FZ_250_filtered
25,12,0,-245.09,9.385,858.681,20.87,-604.72,25154,R20MZ_FZ_250_filtered
25,12,0,-245.07,-9.777,865.041,-16.57,569.96,25789,R20MZ_FZ_250_filtered
25,12,0,-245.06,10.276,723.714,17.26,-613.86,20193,R20MZ_FZ_250_filtered
25,12,0,-245.05,9.704,858.761,18.07,-598.81,25162,R20MZ_FZ_250_filtered
25,12,0,-245.05,-10.868,865.321,-11.48,568.41,25817,R20MZ_FZ_250_filtered
25,12,0,-245.03,0.366,862.511,5.47,-52.44,25536,R20MZ_FZ_250_filtered
25,12,0,-245.03,-10.831,865.311,-12.13,567.48,25816,R20MZ_FZ_250_filtered
25,12,0,-245.02,6.865,858.051,32.27,-565.79,25091,R20MZ_FZ_250_filtered
25,12,0,-245,-10.557,865.241,-12.88,571.35,25809,R20MZ_FZ_250_filtered
25,12,0,-244.99,-10.847,730.114,-12.88,574.78,20832,R20MZ_FZ_250_filtered
25,12,0,-244.92,6.854,722.854,33.71,-574.49,20107,R20MZ_FZ_250_filtered
25,12,0,-244.92,-9.848,865.061,-16.54,566.71,25791,R20MZ_FZ_250_filtered
25,12,0,-244.9,-10.168,865.141,-14.93,572.9,25799,R20MZ_FZ_250_filtered
25,12,0,-244.87,-10.609,730.054,-13.08,580.98,20826,R20MZ_FZ_250_filtered
25,12,0,-244.86,6.384,857.931,36.05,-550.91,25079,R20MZ_FZ_250_filtered
25,12,0,-244.84,7.67,858.251,29.7,-586.59,25111,R20MZ_FZ_250_filtered
25,12,0,-244.83,9.78,858.781,18.81,-602.85,25164,R20MZ_FZ_250_filtered
25,12,0,-244.82,-9.766,729.844,-16.58,579.9,20805,R20MZ_FZ_250_filtered
25,12,0,-244.8,7.226,858.141,32.41,-576.81,25100,R20MZ_FZ_250_filtered
25,12,0,-244.79,-10.927,730.134,-11.7,577.57,20834,R20MZ_FZ_250_filtered
25,12,0,-244.78,-0.186,862.641,-3.32,16.11,25549,R20MZ_FZ_250_filtered
25,12,0,-244.77,5.969,722.634,37.26,-542.53,20085,R20MZ_FZ_250_filtered
25,12,0,-244.73,2.249,721.704,33.34,-284.32,19992,R20MZ_FZ_250_filtered
25,12,0,-244.71,-9.85,729.864,-16.7,576.03,20807,R20MZ_FZ_250_filtered
25,12,0,-244.65,-9.802,729.854,-16.96,577.73,20806,R20MZ_FZ_250_filtered
25,12,0,-244.59,5.9,857.811,38.09,-532.3,25067,R20MZ_FZ_250_filtered
25,12,-0,-244.55,9.441,723.504,21.16,-617.28,20172,R20MZ_FZ_250_filtered
25,12,0,-244.53,6.344,857.921,36.92,-549.05,25078,R20MZ_FZ_250_filtered
25,12,0,-244.53,6.785,858.031,34.12,-564.1,25089,R20MZ_FZ_250_filtered
25,12,0,-244.47,2.203,856.881,32.26,-272.54,24974,R20MZ_FZ_250_filtered
25,12,-0,-244.47,8.932,858.571,23.19,-601.45,25143,R20MZ_FZ_250_filtered
25,12,0,-244.45,-0.237,727.454,-4.25,20.3,20566,R20MZ_FZ_250_filtered
25,12,0,-244.44,-0.407,727.494,-7.25,42.33,20570,R20MZ_FZ_250_filtered
25,12,0,-244.44,-10.88,730.124,-12.1,576.64,20833,R20MZ_FZ_250_filtered
25,12,0,-244.42,5.941,857.821,37.42,-534.16,25068,R20MZ_FZ_250_filtered
25,12,0,-244.38,7.693,723.064,29.73,-594.18,20128,R20MZ_FZ_250_filtered
25,12,0,-244.37,-10.57,730.044,-13.19,580.99,20825,R20MZ_FZ_250_filtered
25,12,0,-244.36,-9.88,729.874,-16.94,576.19,20808,R20MZ_FZ_250_filtered
25,12,0,-244.33,9.011,723.394,24.02,-614.35,20161,R20MZ_FZ_250_filtered
25,12,0,-244.31,8.126,723.174,28.18,-602.09,20139,R20MZ_FZ_250_filtered
25,12,0,-244.26,-10.164,729.944,-15.88,581.6,20815,R20MZ_FZ_250_filtered
25,12,0,-244.25,5.53,722.524,40.09,-523.48,20074,R20MZ_FZ_250_filtered
25,12,0,-244.25,0.409,862.501,6.11,-57.56,25535,R20MZ_FZ_250_filtered
25,12,0,-244.22,8.804,723.344,22.82,-603.46,20156,R20MZ_FZ_250_filtered
25,12,0,-244.2,9.286,723.464,20.81,-606.41,20168,R20MZ_FZ_250_filtered
25,12,0,-244.18,-10.535,730.034,-12.51,580.67,20824,R20MZ_FZ_250_filtered
25,12,0,-244.15,-10.414,730.004,-14.56,577.44,20821,R20MZ_FZ_250_filtered
25,12,0,-244.15,7.35,858.171,29.51,-576.48,25103,R20MZ_FZ_250_filtered
25,12,-0,-244.13,8.503,858.461,25.05,-596.64,25132,R20MZ_FZ_250_filtered
25,12,0,-244.13,-10.122,865.131,-15.02,573.53,25798,R20MZ_FZ_250_filtered
25,12,0,-244.1,10.236,723.704,17.27,-611.38,20192,R20MZ_FZ_250_filtered
25,12,0,-244.05,5.46,857.701,40.18,-511.83,25056,R20MZ_FZ_250_filtered
25,12,0,-244.04,6.937,722.874,31.58,-574.94,20109,R20MZ_FZ_250_filtered
25,12,0,-244.02,8.563,723.284,25.46,-609.68,20150,R20MZ_FZ_250_filtered
25,12,0,-244.01,9.8,723.594,18.74,-609.97,20181,R20MZ_FZ_250_filtered
25,12,0,-244.01,-9.373,729.744,-18.82,576.04,20795,R20MZ_FZ_250_filtered
25,12,0,-244.01,0.041,862.591,0.29,-11.48,25544,R20MZ_FZ_250_filtered
25,12,0,-243.99,6.496,722.764,34.07,-559.75,20098,R20MZ_FZ_250_filtered
25,12,0,-243.99,6.427,857.941,34.66,-550.59,25080,R20MZ_FZ_250_filtered
25,12,0,-243.97,-9.718,865.031,-16.55,572.43,25788,R20MZ_FZ_250_filtered
25,12,0,-243.96,5.505,857.711,39.09,-514,25057,R20MZ_FZ_250_filtered
25,12,0,-243.94,-9.884,865.071,-16.04,567.5,25792,R20MZ_FZ_250_filtered
25,12,0,-243.94,-10.52,865.231,-12.16,571.66,25808,R20MZ_FZ_250_filtered
25,12,0,-243.92,7.823,858.291,26.32,-582.37,25115,R20MZ_FZ_250_filtered
25,12,0,-243.92,9.734,858.771,18.7,-600.19,25163,R20MZ_FZ_250_filtered
25,12,0,-243.91,7.256,722.954,32.53,-584.1,20117,R20MZ_FZ_250_filtered
25,12,0,-243.9,-10.358,865.191,-14.11,568.42,25804,R20MZ_FZ_250_filtered
25,12,-0,-243.88,2.222,721.694,33.03,-279.34,19991,R20MZ_FZ_250_filtered
25,12,0,-243.87,-10.486,730.024,-13.1,580.22,20823,R20MZ_FZ_250_filtered
25,12,0,-243.85,8.045,858.351,27.54,-590.29,25121,R20MZ_FZ_250_filtered
25,12,0,-243.83,7.418,722.994,29.15,-584.86,20121,R20MZ_FZ_250_filtered
25,12,0,-243.79,2.022,856.841,31.19,-256.54,24970,R20MZ_FZ_250_filtered
25,12,0,-243.76,-0.393,862.691,-6.85,44.83,25554,R20MZ_FZ_250_filtered
25,12,0,-243.74,9.342,858.671,20.64,-600.83,25153,R20MZ_FZ_250_filtered
25,12,0,-243.66,-9.929,729.884,-16.4,577.28,20809,R20MZ_FZ_250_filtered
25,12,0,-243.56,-9.398,729.754,-18.95,574.65,20796,R20MZ_FZ_250_filtered
25,12,0,-243.54,-10.131,729.934,-15.72,581.6,20814,R20MZ_FZ_250_filtered
25,12,0,-243.54,-10.45,730.014,-13.75,578.83,20822,R20MZ_FZ_250_filtered
25,12,-0,-243.54,-10.437,865.211,-12.81,571.22,25806,R20MZ_FZ_250_filtered
25,12,0,-243.45,2.429,856.941,31.24,-296.87,24980,R20MZ_FZ_250_filtered
25,12,0,-243.42,-9.364,864.941,-18.13,566.25,25779,R20MZ_FZ_250_filtered
25,12,0,-243.41,2.158,856.871,32.07,-267.72,24973,R20MZ_FZ_250_filtered
25,12,0,-243.4,-9.403,864.951,-17.81,565.64,25780,R20MZ_FZ_250_filtered
25,12,0,-243.38,5.483,722.514,40.83,-519.59,20073,R20MZ_FZ_250_filtered
25,12,0,-243.38,-9.972,729.894,-16.24,578.84,20810,R20MZ_FZ_250_filtered
25,12,0,-243.38,9.272,858.651,19.55,-595.38,25151,R20MZ_FZ_250_filtered
25,12,0,-243.35,6.906,858.061,31.04,-562.98,25092,R20MZ_FZ_250_filtered
25,12,-0,-243.35,7.183,858.131,32.18,-572.61,25099,R20MZ_FZ_250_filtered
25,12,0,-243.33,5.926,722.624,37.86,-538.51,20084,R20MZ_FZ_250_filtered
25,12,0,-243.31,8.294,858.411,23.23,-587.17,25127,R20MZ_FZ_250_filtered
25,12,0,-243.29,-9.733,729.834,-16.92,581.61,20804,R20MZ_FZ_250_filtered
25,12,0,-243.28,5.091,722.414,40.45,-500.81,20063,R20MZ_FZ_250_filtered
25,12,0,-243.27,-9.332,729.734,-18.75,577.72,20794,R20MZ_FZ_250_filtered
25,12,0,-243.26,-0.129,862.631,-2.55,11.15,25548,R20MZ_FZ_250_filtered
25,12,0,-243.25,-0.197,727.444,-3.57,15.66,20565,R20MZ_FZ_250_filtered
25,12,0,-243.25,-10.088,729.924,-15.57,581.31,20813,R20MZ_FZ_250_filtered
25,12,0,-243.22,9.406,723.494,21.02,-612.93,20171,R20MZ_FZ_250_filtered
25,12,0,-243.18,-9.321,864.931,-18.04,568.1,25778,R20MZ_FZ_250_filtered
25,12,0,-243.17,5.026,857.591,39.78,-490.42,25045,R20MZ_FZ_250_filtered
25,12,0,-243.15,-10.005,729.904,-15.32,580.54,20811,R20MZ_FZ_250_filtered
25,12,0,-243.15,5.991,857.831,36.17,-533.69,25069,R20MZ_FZ_250_filtered
25,12,-0,-243.13,-0.018,727.404,-0.66,-6.65,20561,R20MZ_FZ_250_filtered
25,12,0,-243.12,6.739,858.021,34.06,-559.9,25088,R20MZ_FZ_250_filtered
25,12,0,-243.04,7.617,858.241,29.33,-582.06,25110,R20MZ_FZ_250_filtered
25,12,0,-243.01,2.084,856.851,31.72,-259.34,24971,R20MZ_FZ_250_filtered
25,12,0,-243.01,6.305,857.911,36.62,-544.85,25077,R20MZ_FZ_250_filtered
25,12,0,-243,9.306,858.661,20.45,-597.55,25152,R20MZ_FZ_250_filtered
25,12,0,-242.97,-9.919,865.081,-15.63,569.05,25793,R20MZ_FZ_250_filtered
25,12,0,-242.96,-9.689,865.021,-16.42,573.38,25787,R20MZ_FZ_250_filtered
25,12,0,-242.87,7.887,723.114,26.21,-590.91,20133,R20MZ_FZ_250_filtered
25,12,0,-242.84,-9.274,864.921,-18.29,570.28,25777,R20MZ_FZ_250_filtered
25,12,0,-242.83,8.889,858.561,23.43,-596.93,25142,R20MZ_FZ_250_filtered
25,12,0,-242.83,-8.918,864.831,-20.14,562.84,25768,R20MZ_FZ_250_filtered
25,12,-0,-242.82,-8.937,729.634,-21.06,572.18,20784,R20MZ_FZ_250_filtered
25,12,0,-242.82,2.707,857.021,38.57,-326.33,24988,R20MZ_FZ_250_filtered
25,12,0,-242.81,-9.69,729.824,-17.12,582.24,20803,R20MZ_FZ_250_filtered
25,12,0,-242.79,-8.875,864.821,-20,564.39,25767,R20MZ_FZ_250_filtered
25,12,0,-242.77,-0.739,727.594,-17.36,98.33,20580,R20MZ_FZ_250_filtered
25,12,0,-242.76,2.179,721.684,32.66,-274.69,19990,R20MZ_FZ_250_filtered
25,12,0,-242.76,-10.046,729.914,-14.96,581.32,20812,R20MZ_FZ_250_filtered
25,12,0,-242.71,5.424,857.691,40.37,-507.64,25055,R20MZ_FZ_250_filtered
25,12,0,-242.7,2.133,721.674,32.81,-270.49,19989,R20MZ_FZ_250_filtered
25,12,0,-242.7,2.117,856.861,32.1,-263.21,24972,R20MZ_FZ_250_filtered
25,12,0,-242.7,-10.05,865.111,-14.38,573.54,25796,R20MZ_FZ_250_filtered
25,12,0,-242.68,5.064,857.601,38.85,-492.43,25046,R20MZ_FZ_250_filtered
25,12,0,-242.68,-0.099,862.621,-1.24,5.75,25547,R20MZ_FZ_250_filtered
25,12,0,-242.66,5.868,857.801,38.22,-528.26,25066,R20MZ_FZ_250_filtered
25,12,0,-242.65,0.007,862.601,-0.44,-5.57,25545,R20MZ_FZ_250_filtered
25,12,0,-242.65,-8.846,864.811,-20.15,566.56,25766,R20MZ_FZ_250_filtered
25,12,0,-242.57,5.542,857.721,37.89,-513.68,25058,R20MZ_FZ_250_filtered
25,12,0,-242.47,-0.44,727.504,-7.59,49.18,20571,R20MZ_FZ_250_filtered
25,12,0,-242.46,-9.273,729.724,-19.06,580.22,20793,R20MZ_FZ_250_filtered
25,12,0,-242.4,-0.729,862.791,-16.91,99.9,25564,R20MZ_FZ_250_filtered
25,12,0,-242.38,-8.879,729.624,-20.73,573.71,20783,R20MZ_FZ_250_filtered
25,12,0,-242.34,9.331,723.474,21.05,-606.71,20169,R20MZ_FZ_250_filtered
25,12,-0,-242.31,-0.715,727.584,-15.66,92.75,20579,R20MZ_FZ_250_filtered
25,12,0,-242.29,9.374,723.484,20.76,-609.19,20170,R20MZ_FZ_250_filtered
25,12,0,-242.28,4.657,722.304,41.49,-475.68,20052,R20MZ_FZ_250_filtered
25,12,0,-242.26,2.682,857.011,37.43,-322.15,24987,R20MZ_FZ_250_filtered
25,12,0,-242.23,5.055,722.404,40.59,-496.77,20062,R20MZ_FZ_250_filtered
25,12,-0,-242.22,5.131,722.424,39.92,-502.97,20064,R20MZ_FZ_250_filtered
25,12,0,-242.22,-10.01,865.101,-14.62,572.92,25795,R20MZ_FZ_250_filtered
25,12,0,-242.18,8.081,723.164,28.24,-596.32,20138,R20MZ_FZ_250_filtered
25,12,0,-242.12,-8.857,729.614,-20.79,575.58,20782,R20MZ_FZ_250_filtered
25,12,0,-242.1,-9.443,864.961,-17.47,566.57,25781,R20MZ_FZ_250_filtered
25,12,0,-242.07,8.965,723.384,23.62,-609.36,20160,R20MZ_FZ_250_filtered
25,12,0,-242.04,-0.045,862.611,-0.6,0.62,25546,R20MZ_FZ_250_filtered
25,12,0,-242.02,4.59,857.481,40.52,-464.51,25034,R20MZ_FZ_250_filtered
25,12,0,-241.97,-8.405,729.504,-23.01,570.77,20771,R20MZ_FZ_250_filtered
25,12,0,-241.97,7.387,858.181,28.41,-572.6,25104,R20MZ_FZ_250_filtered
25,12,0,-241.97,8.822,858.541,22.21,-590.41,25140,R20MZ_FZ_250_filtered
25,12,0,-241.92,-8.499,729.524,-22.05,567.36,20773,R20MZ_FZ_250_filtered
25,12,0,-241.91,-9.653,729.814,-16.94,581.93,20802,R20MZ_FZ_250_filtered
25,12,0,-241.89,8.848,723.354,22.97,-601.6,20157,R20MZ_FZ_250_filtered
25,12,0,-241.85,-8.439,864.711,-21.61,559.91,25756,R20MZ_FZ_250_filtered
25,12,0,-241.83,-8.414,864.701,-22,561.3,25755,R20MZ_FZ_250_filtered
25,12,0,-241.82,-9.249,729.714,-19.15,581.17,20792,R20MZ_FZ_250_filtered
25,12,-0,-241.78,6.463,857.951,33.61,-548.24,25081,R20MZ_FZ_250_filtered
25,12,0,-241.76,7.863,858.301,25.94,-578.79,25116,R20MZ_FZ_250_filtered
25,12,0,-241.72,8.463,858.451,24.86,-592.13,25131,R20MZ_FZ_250_filtered
25,12,0,-241.7,4.604,722.294,41.64,-471.95,20051,R20MZ_FZ_250_filtered
25,12,0,-241.68,-9.525,729.784,-17.57,579.16,20799,R20MZ_FZ_250_filtered
25,12,0,-241.58,8.34,858.421,23.71,-585.3,25128,R20MZ_FZ_250_filtered
25,12,0,-241.56,7.654,723.054,29.88,-588.27,20127,R20MZ_FZ_250_filtered
25,12,0,-241.56,-9.638,865.011,-16.11,573.54,25786,R20MZ_FZ_250_filtered
25,12,0,-241.55,4.54,857.471,41.02,-460.47,25033,R20MZ_FZ_250_filtered
25,12,0,-241.55,8.015,858.341,27.54,-585.3,25120,R20MZ_FZ_250_filtered
25,12,0,-241.54,-9.241,864.911,-18.18,571.83,25776,R20MZ_FZ_250_filtered
25,12,0,-241.53,6.769,722.834,33.86,-564.38,20105,R20MZ_FZ_250_filtered
25,12,0,-241.52,8.861,858.551,22.76,-592.89,25141,R20MZ_FZ_250_filtered
25,12,0,-241.48,5.612,722.544,37.88,-524.69,20076,R20MZ_FZ_250_filtered
25,12,0,-241.48,-8.043,729.414,-23.99,561.96,20762,R20MZ_FZ_250_filtered
25,12,0,-241.47,6.967,722.884,30.44,-571.36,20110,R20MZ_FZ_250_filtered
25,12,0,-241.46,-8.524,729.534,-21.79,567.54,20774,R20MZ_FZ_250_filtered
25,12,0,-241.45,-9.565,729.794,-17.31,580.86,20800,R20MZ_FZ_250_filtered
25,12,0,-241.45,-8.8,864.801,-20.36,568.12,25765,R20MZ_FZ_250_filtered
25,12,-0,-241.44,-9.004,729.654,-20.41,572.82,20786,R20MZ_FZ_250_filtered
25,12,0,-241.44,-8.481,864.721,-21.48,558.52,25757,R20MZ_FZ_250_filtered
25,12,0,-241.38,-9.599,865.001,-16.19,572.77,25785,R20MZ_FZ_250_filtered
25,12,0,-241.37,2.638,857.001,36.05,-317.96,24986,R20MZ_FZ_250_filtered
25,12,0,-241.36,4.152,722.184,41.23,-442.63,20040,R20MZ_FZ_250_filtered
25,12,0,-241.31,6.526,722.774,33.39,-556.62,20099,R20MZ_FZ_250_filtered
25,12,0,-241.26,-9.6,729.804,-17.01,581.46,20801,R20MZ_FZ_250_filtered
25,12,0,-241.25,-8.007,864.601,-23.24,553.09,25745,R20MZ_FZ_250_filtered
25,12,0,-241.24,6.319,722.724,36.47,-549.49,20094,R20MZ_FZ_250_filtered
25,12,0,-241.22,5.887,722.614,37.33,-533.2,20083,R20MZ_FZ_250_filtered
25,12,0,-241.15,-7.555,864.491,-25.01,546.28,25734,R20MZ_FZ_250_filtered
25,12,0,-241.14,4.141,857.371,40.42,-434.57,25023,R20MZ_FZ_250_filtered
25,12,0,-241.13,8.881,723.364,23.07,-602.35,20158,R20MZ_FZ_250_filtered
25,12,0,-241.13,2.463,856.951,31.39,-299.33,24981,R20MZ_FZ_250_filtered
25,12,0,-241.12,-8.003,729.404,-23.95,562.56,20761,R20MZ_FZ_250_filtered
25,12,0,-241.07,-9.522,864.981,-16.41,570.46,25783,R20MZ_FZ_250_filtered
25,12,0,-241.01,-9.479,864.971,-16.88,568.28,25782,R20MZ_FZ_250_filtered
25,12,0,-240.97,6.262,857.901,36.5,-539.56,25076,R20MZ_FZ_250_filtered
25,12,0,-240.97,-7.482,864.471,-25.78,547.81,25732,R20MZ_FZ_250_filtered
25,12,0,-240.97,-7.918,864.581,-23.79,555.87,25743,R20MZ_FZ_250_filtered
25,12,0,-240.97,-8.992,864.851,-19.43,564.26,25770,R20MZ_FZ_250_filtered
25,12,0,-240.96,-7.958,864.591,-23.76,554.79,25744,R20MZ_FZ_250_filtered
25,12,0,-240.95,4.203,722.194,40.59,-446.67,20041,R20MZ_FZ_250_filtered
25,12,0,-240.95,-0.643,727.564,-12.41,82.82,20577,R20MZ_FZ_250_filtered
25,12,0,-240.9,5.44,722.504,41.18,-514.44,20072,R20MZ_FZ_250_filtered
25,12,0,-240.89,-9.568,864.991,-16.12,572.48,25784,R20MZ_FZ_250_filtered
25,12,0,-240.88,2.74,721.834,40.1,-332.86,20005,R20MZ_FZ_250_filtered
25,12,0,-240.83,4.099,857.361,41.36,-430.84,25022,R20MZ_FZ_250_filtered
25,12,0,-240.83,5.384,857.681,39.83,-502.65,25054,R20MZ_FZ_250_filtered
25,12,0,-240.81,6.696,858.011,33.93,-554.6,25087,R20MZ_FZ_250_filtered
25,12,0,-240.8,-7.976,729.394,-23.78,564.72,20760,R20MZ_FZ_250_filtered
25,12,-0,-240.8,7.141,858.121,32.21,-567,25098,R20MZ_FZ_250_filtered
25,12,0,-240.79,5.824,857.791,37.88,-522.81,25065,R20MZ_FZ_250_filtered
25,12,0,-240.79,-7.032,864.361,-28.21,538.97,25721,R20MZ_FZ_250_filtered
25,12,0,-240.78,7.442,723.004,27.92,-580.65,20122,R20MZ_FZ_250_filtered
25,12,0,-240.73,-9.207,729.704,-19.38,581.17,20791,R20MZ_FZ_250_filtered
25,12,0,-240.69,-9.044,729.664,-20,574.66,20787,R20MZ_FZ_250_filtered
25,12,0,-240.69,2.798,857.041,38.19,-331.89,24990,R20MZ_FZ_250_filtered
25,12,0,-240.68,-7.078,864.371,-27.8,538.52,25722,R20MZ_FZ_250_filtered
25,12,0,-240.68,-8.031,864.611,-23.06,552.63,25746,R20MZ_FZ_250_filtered
25,12,0,-240.68,-8.358,864.691,-22.1,562.54,25754,R20MZ_FZ_250_filtered
25,12,0,-240.67,2.703,721.824,39.74,-328.66,20004,R20MZ_FZ_250_filtered
25,12,-0,-240.66,-8.375,729.494,-22.89,571.72,20770,R20MZ_FZ_250_filtered
25,12,0,-240.59,8.915,723.374,23.05,-605.15,20159,R20MZ_FZ_250_filtered
25,12,0,-240.58,6.022,857.841,35.12,-531.65,25070,R20MZ_FZ_250_filtered
25,12,0,-240.56,4.694,722.314,40.75,-477.85,20053,R20MZ_FZ_250_filtered
25,12,-0,-240.55,7.578,858.231,29,-576.76,25109,R20MZ_FZ_250_filtered
25,12,0,-240.55,-6.601,864.251,-30.88,528.59,25710,R20MZ_FZ_250_filtered
25,12,0,-240.55,-9.197,864.901,-18.48,572.32,25775,R20MZ_FZ_250_filtered
25,12,0,-240.49,-8.514,864.731,-21,558.84,25758,R20MZ_FZ_250_filtered
25,12,0,-240.47,7.923,723.124,26.24,-587.47,20134,R20MZ_FZ_250_filtered
25,12,0,-240.47,8.434,858.441,24.63,-588.24,25130,R20MZ_FZ_250_filtered
25,12,0,-240.46,5.009,722.394,40.35,-491.8,20061,R20MZ_FZ_250_filtered
25,12,0,-240.44,4.946,857.571,40.2,-481.4,25043,R20MZ_FZ_250_filtered
25,12,0,-240.42,-8.806,729.604,-20.66,577.13,20781,R20MZ_FZ_250_filtered
25,12,0,-240.41,-0.615,727.554,-10.79,78.04,20576,R20MZ_FZ_250_filtered
25,12,0,-240.38,4.17,857.381,39,-436.89,25024,R20MZ_FZ_250_filtered
25,12,0,-240.34,-8.77,864.791,-20.38,568.44,25764,R20MZ_FZ_250_filtered
25,12,0,-240.29,-9.088,729.674,-19.53,577.15,20788,R20MZ_FZ_250_filtered
25,12,-0,-240.25,2.598,856.991,34.34,-313.28,24985,R20MZ_FZ_250_filtered
25,12,0,-240.23,5.167,722.434,39.21,-503.13,20065,R20MZ_FZ_250_filtered
25,12,0,-240.19,-8.572,729.544,-21.5,569.4,20775,R20MZ_FZ_250_filtered
25,12,0,-240.16,8.38,858.431,24.09,-585.6,25129,R20MZ_FZ_250_filtered
25,12,0,-240.14,-8.328,864.681,-22,562.55,25753,R20MZ_FZ_250_filtered
25,12,-0,-240.13,-7.572,729.294,-26.01,556.38,20750,R20MZ_FZ_250_filtered
25,12,0,-240.13,-9.042,864.861,-18.96,566.58,25771,R20MZ_FZ_250_filtered
25,12,0,-240.12,4.56,722.284,41.72,-466.97,20050,R20MZ_FZ_250_filtered
25,12,0,-240.09,-6.163,728.944,-35.52,526.29,20715,R20MZ_FZ_250_filtered
25,12,0,-240.08,4.113,722.174,41.6,-437.51,20039,R20MZ_FZ_250_filtered
25,12,0,-240.07,-9.164,729.694,-19.42,580.85,20790,R20MZ_FZ_250_filtered
25,12,0,-240.05,-8.092,729.424,-23.79,562.42,20763,R20MZ_FZ_250_filtered
25,12,0,-240.04,-0.778,862.801,-18.99,105.34,25565,R20MZ_FZ_250_filtered
25,12,0,-240.03,-9.136,729.684,-19.12,579.31,20789,R20MZ_FZ_250_filtered
25,12,0,-240.03,-9.08,864.871,-18.72,568.92,25772,R20MZ_FZ_250_filtered
25,12,0,-240.02,-6.989,864.351,-28.06,538.82,25720,R20MZ_FZ_250_filtered
25,12,0,-239.94,-6.641,864.261,-30.49,528.75,25711,R20MZ_FZ_250_filtered
25,12,0,-239.9,2.493,856.961,31.29,-301.81,24982,R20MZ_FZ_250_filtered
25,12,-0,-239.84,-8.335,729.484,-22.82,571.88,20769,R20MZ_FZ_250_filtered
25,12,0,-239.82,2.566,856.981,32.9,-308.78,24984,R20MZ_FZ_250_filtered
25,12,0,-239.82,-7.115,864.381,-27.62,537.92,25723,R20MZ_FZ_250_filtered
25,12,0,-239.82,-9.122,864.881,-18.23,570.93,25773,R20MZ_FZ_250_filtered
25,12,0,-239.81,-9.17,864.891,-18.25,571.7,25774,R20MZ_FZ_250_filtered
25,12,0,-239.8,-7.084,729.174,-29.24,549.24,20738,R20MZ_FZ_250_filtered
25,12,0,-239.8,-6.159,864.141,-34.46,516.49,25699,R20MZ_FZ_250_filtered
25,12,-0,-239.79,4.058,857.351,41.9,-426.48,25021,R20MZ_FZ_250_filtered
25,12,-0,-239.78,8.487,723.264,24.72,-599.71,20148,R20MZ_FZ_250_filtered
25,12,0,-239.75,4.233,722.204,40.11,-448.83,20042,R20MZ_FZ_250_filtered
25,12,-0,-239.74,7.969,858.331,27.75,-580.94,25119,R20MZ_FZ_250_filtered
25,12,0,-239.73,-7.441,864.461,-26.22,547.65,25731,R20MZ_FZ_250_filtered
25,12,0,-239.68,-8.603,729.554,-21.22,572.04,20776,R20MZ_FZ_250_filtered
25,12,0,-239.68,4.497,857.461,40.46,-455.96,25032,R20MZ_FZ_250_filtered
25,12,0,-239.63,7.425,858.191,28.39,-569.63,25105,R20MZ_FZ_250_filtered
25,12,0,-239.6,3.752,722.084,42.01,-413.62,20030,R20MZ_FZ_250_filtered
25,12,0,-239.6,3.232,857.141,34.63,-364.74,25000,R20MZ_FZ_250_filtered
25,12,0,-239.58,-6.604,729.054,-32.73,538.85,20726,R20MZ_FZ_250_filtered
25,12,0,-239.58,-7.602,729.304,-25.93,555.77,20751,R20MZ_FZ_250_filtered
25,12,0,-239.57,3.722,722.074,42.05,-409.74,20029,R20MZ_FZ_250_filtered
25,12,0,-239.57,3.695,857.261,39.28,-402.14,25012,R20MZ_FZ_250_filtered
25,12,0,-239.57,-7.605,864.501,-24.69,545.82,25735,R20MZ_FZ_250_filtered
25,12,0,-239.51,6.092,722.664,35.04,-541.25,20088,R20MZ_FZ_250_filtered
25,12,0,-239.5,-7.041,729.164,-29.83,549.22,20737,R20MZ_FZ_250_filtered
25,12,0,-239.46,-7.929,729.384,-24.57,565.98,20759,R20MZ_FZ_250_filtered
25,12,0,-239.44,-7.875,864.571,-24.23,555.88,25742,R20MZ_FZ_250_filtered
25,12,0,-239.43,4.666,857.501,39.49,-467.6,25036,R20MZ_FZ_250_filtered
25,12,0,-239.37,-8.766,729.594,-20.59,577.14,20780,R20MZ_FZ_250_filtered
25,12,0,-239.36,3.662,857.251,38.79,-399.18,25011,R20MZ_FZ_250_filtered
25,12,0,-239.34,5.137,857.621,37.02,-491.64,25048,R20MZ_FZ_250_filtered
25,12,0,-239.34,6.504,857.961,33.17,-545.44,25082,R20MZ_FZ_250_filtered
25,12,0,-239.31,7.897,858.311,26.3,-577.37,25117,R20MZ_FZ_250_filtered
25,12,0,-239.3,7.11,858.111,31.87,-562.03,25097,R20MZ_FZ_250_filtered
25,12,0,-239.28,7.614,723.044,28.79,-582.97,20126,R20MZ_FZ_250_filtered
25,12,0,-239.27,-0.474,862.711,-7.58,57.11,25556,R20MZ_FZ_250_filtered
25,12,0,-239.19,-6.209,728.954,-35.18,526.61,20716,R20MZ_FZ_250_filtered
25,12,0,-239.19,-8.557,864.741,-20.97,560.24,25759,R20MZ_FZ_250_filtered
25,12,0,-239.16,3.189,857.131,34.5,-361.18,24999,R20MZ_FZ_250_filtered
25,12,0,-239.16,6.662,858.001,33.97,-549.77,25086,R20MZ_FZ_250_filtered
25,12,0,-239.08,-6.647,729.064,-32.19,539.32,20727,R20MZ_FZ_250_filtered
25,12,0,-239.07,6.288,722.714,35.57,-544.2,20093,R20MZ_FZ_250_filtered
25,12,0,-239.06,-7.125,729.184,-28.8,549.1,20739,R20MZ_FZ_250_filtered
25,12,0,-239.06,6.235,857.891,35.83,-534.74,25075,R20MZ_FZ_250_filtered
25,12,-0,-239.02,5.644,722.554,37.07,-522.64,20077,R20MZ_FZ_250_filtered
25,12,0,-238.99,7.549,858.221,29.34,-572.57,25108,R20MZ_FZ_250_filtered
25,12,0,-238.99,-8.074,864.621,-22.64,553.26,25747,R20MZ_FZ_250_filtered
25,12,0,-238.98,7.939,858.321,26.71,-577.83,25118,R20MZ_FZ_250_filtered
25,12,0,-238.98,-5.238,863.911,-39.86,486.28,25676,R20MZ_FZ_250_filtered
25,12,0,-238.93,-7.004,729.154,-29.81,549.4,20736,R20MZ_FZ_250_filtered
25,12,0,-238.92,7.002,722.894,30.02,-567.3,20111,R20MZ_FZ_250_filtered
25,12,0,-238.92,-8.64,729.564,-20.77,574.53,20777,R20MZ_FZ_250_filtered
25,12,0,-238.86,-0.524,862.731,-8.61,68.73,25558,R20MZ_FZ_250_filtered
25,12,0,-238.85,6.728,722.824,33.19,-559.07,20104,R20MZ_FZ_250_filtered
25,12,0,-238.85,7.173,722.934,31.23,-572.27,20115,R20MZ_FZ_250_filtered
25,12,0,-238.82,-6.68,864.271,-30.33,529.24,25712,R20MZ_FZ_250_filtered
25,12,0,-238.79,-5.649,864.011,-36.99,501.3,25686,R20MZ_FZ_250_filtered
25,12,0,-238.78,-6.561,729.044,-32.77,538.23,20725,R20MZ_FZ_250_filtered
25,12,0,-238.77,-8.128,729.434,-23.49,564.29,20764,R20MZ_FZ_250_filtered
25,12,0,-238.77,-8.294,729.474,-22.72,571.57,20768,R20MZ_FZ_250_filtered
25,12,0,-238.75,-6.129,728.934,-35.7,525.52,20714,R20MZ_FZ_250_filtered
25,12,0,-238.74,-6.075,864.121,-34.78,514.79,25697,R20MZ_FZ_250_filtered
25,12,0,-238.74,-8.282,864.671,-22.13,561.78,25752,R20MZ_FZ_250_filtered
25,12,0,-238.71,4.73,722.324,40.31,-478.77,20054,R20MZ_FZ_250_filtered
25,12,0,-238.71,4.91,857.561,39.83,-476.27,25042,R20MZ_FZ_250_filtered
25,12,0,-238.71,5.791,857.781,37.37,-517.36,25064,R20MZ_FZ_250_filtered
25,12,0,-238.7,3.61,857.241,37.74,-395.46,25010,R20MZ_FZ_250_filtered
25,12,0,-238.69,-0.503,862.721,-8.27,63.16,25557,R20MZ_FZ_250_filtered
25,12,0,-238.68,3.683,722.064,41.38,-405.07,20028,R20MZ_FZ_250_filtered
25,12,0,-238.68,-7.397,864.451,-25.43,547.35,25730,R20MZ_FZ_250_filtered
25,12,0,-238.65,7.488,723.014,28.03,-577.68,20123,R20MZ_FZ_250_filtered
25,12,-0,-238.61,5.334,857.671,39.34,-497.66,25053,R20MZ_FZ_250_filtered
25,12,0,-238.61,-8.601,864.751,-20.3,562.87,25760,R20MZ_FZ_250_filtered
25,12,-0,-238.59,-1.222,727.704,-27.22,157.64,20591,R20MZ_FZ_250_filtered
25,12,0,-238.58,-6.962,864.341,-28.47,538.36,25719,R20MZ_FZ_250_filtered
25,12,0,-238.56,-5.729,728.834,-37.83,511.08,20704,R20MZ_FZ_250_filtered
25,12,-0,-238.55,-1.159,862.891,-26.63,152.2,25574,R20MZ_FZ_250_filtered
25,12,0,-238.54,-8.693,729.574,-20.6,576.23,20778,R20MZ_FZ_250_filtered
25,12,0,-238.49,6.064,857.851,34.84,-529.15,25071,R20MZ_FZ_250_filtered
25,12,0,-238.47,2.843,857.051,37.97,-334.21,24991,R20MZ_FZ_250_filtered
25,12,0,-238.47,-7.835,864.561,-24.24,555.58,25741,R20MZ_FZ_250_filtered
25,12,0,-238.46,-6.674,729.074,-31.91,539.96,20728,R20MZ_FZ_250_filtered
25,12,0,-238.45,-5.274,863.921,-39.58,487.68,25677,R20MZ_FZ_250_filtered
25,12,0,-238.43,3.277,857.151,34.04,-367.52,25001,R20MZ_FZ_250_filtered
25,12,0,-238.42,-5.193,863.901,-40.04,485.19,25675,R20MZ_FZ_250_filtered
25,12,0,-238.41,-7.155,864.391,-26.96,538.38,25724,R20MZ_FZ_250_filtered
25,12,0,-238.4,-5.682,728.824,-38.21,510.63,20703,R20MZ_FZ_250_filtered
25,12,0,-238.4,-8.733,729.584,-20.44,576.83,20779,R20MZ_FZ_250_filtered
25,12,0,-238.37,-5.762,728.844,-37.74,512.66,20705,R20MZ_FZ_250_filtered
25,12,0,-238.36,2.627,721.804,36.85,-320.43,20002,R20MZ_FZ_250_filtered
25,12,0,-238.36,-6.522,864.231,-31.42,527.66,25708,R20MZ_FZ_250_filtered
25,12,0,-238.34,4.532,722.274,41.19,-461.68,20049,R20MZ_FZ_250_filtered
25,12,0,-238.29,-8.643,864.761,-20.31,565.51,25761,R20MZ_FZ_250_filtered
25,12,0,-238.26,4.969,722.384,40.35,-486.33,20060,R20MZ_FZ_250_filtered
25,12,0,-238.23,6.987,858.081,30.02,-557.06,25094,R20MZ_FZ_250_filtered
25,12,0,-238.16,3.791,722.094,41.61,-416.57,20031,R20MZ_FZ_250_filtered
25,12,0,-238.16,-8.174,729.444,-23,566.94,20765,R20MZ_FZ_250_filtered
25,12,0,-238.15,-1.173,727.694,-27.35,152.2,20590,R20MZ_FZ_250_filtered
25,12,0,-238.11,7.575,723.034,28.55,-578.91,20125,R20MZ_FZ_250_filtered
25,12,0,-238.08,-0.808,862.811,-21.12,111.26,25566,R20MZ_FZ_250_filtered
25,12,0,-238.08,-8.119,864.631,-22.27,555.28,25748,R20MZ_FZ_250_filtered
25,12,0,-237.99,3.146,857.121,34.92,-357,24998,R20MZ_FZ_250_filtered
25,12,0,-237.98,4.01,857.341,41.72,-421.67,25020,R20MZ_FZ_250_filtered
25,12,0,-237.93,4.282,722.214,39.4,-450.07,20043,R20MZ_FZ_250_filtered
25,12,0,-237.92,7.537,723.024,28.08,-576.91,20124,R20MZ_FZ_250_filtered
25,12,-0,-237.85,-7.645,864.511,-24.67,547.08,25736,R20MZ_FZ_250_filtered
25,12,0,-237.82,-7.841,729.364,-24.45,565.53,20757,R20MZ_FZ_250_filtered
25,12,0,-237.81,-2.073,863.121,-37.23,260.93,25597,R20MZ_FZ_250_filtered
25,12,0,-237.8,-1.259,727.714,-27.02,163.54,20592,R20MZ_FZ_250_filtered
25,12,0,-237.79,-1.204,862.901,-25.89,157.63,25575,R20MZ_FZ_250_filtered
25,12,0,-237.78,4.081,722.164,41.57,-432.69,20038,R20MZ_FZ_250_filtered
25,12,0,-237.71,-7.655,729.314,-25.36,556.86,20752,R20MZ_FZ_250_filtered
25,12,0,-237.7,-8.205,729.454,-22.96,569.09,20766,R20MZ_FZ_250_filtered
25,12,0,-237.7,-5.756,864.041,-36.28,504.74,25689,R20MZ_FZ_250_filtered
25,12,0,-237.69,-5.287,728.724,-40.49,494.04,20693,R20MZ_FZ_250_filtered
25,12,0,-237.69,4.222,857.391,37.9,-438.12,25025,R20MZ_FZ_250_filtered
25,12,0,-237.67,6.547,857.971,32.68,-543.88,25083,R20MZ_FZ_250_filtered
25,12,0,-237.66,7.065,858.101,31.04,-557.98,25096,R20MZ_FZ_250_filtered
25,12,0,-237.57,-4.754,863.791,-42.14,464.89,25664,R20MZ_FZ_250_filtered
25,12,0,-237.56,-8.233,864.661,-21.87,560.86,25751,R20MZ_FZ_250_filtered
25,12,0,-237.53,-8.159,864.641,-22.26,557.46,25749,R20MZ_FZ_250_filtered
25,12,-0,-237.52,6.614,857.991,33.46,-546.03,25085,R20MZ_FZ_250_filtered
25,12,0,-237.48,-7.684,729.324,-24.94,558.56,20753,R20MZ_FZ_250_filtered
25,12,0,-237.47,-8.203,864.651,-21.92,559.31,25750,R20MZ_FZ_250_filtered
25,12,0,-237.42,-6.093,728.924,-35.47,525.06,20713,R20MZ_FZ_250_filtered
25,12,0,-237.4,7.019,858.091,30.58,-556.43,25095,R20MZ_FZ_250_filtered
25,12,0,-237.38,-7.406,729.254,-26.65,557.31,20746,R20MZ_FZ_250_filtered
25,12,0,-237.37,-6.923,864.331,-28.44,537.14,25718,R20MZ_FZ_250_filtered
25,12,0,-237.36,-6.244,864.161,-34.34,517.93,25701,R20MZ_FZ_250_filtered
25,12,0,-237.25,-6.245,728.964,-34.69,528.03,20717,R20MZ_FZ_250_filtered
25,12,-0,-237.24,-7.683,864.521,-24.18,548.79,25737,R20MZ_FZ_250_filtered
25,12,0,-237.19,-4.843,728.614,-42.6,473.73,20682,R20MZ_FZ_250_filtered
25,12,0,-237.15,-5.602,864.001,-37.27,500.23,25685,R20MZ_FZ_250_filtered
25,12,0,-237.13,5.742,857.771,36.62,-512.85,25063,R20MZ_FZ_250_filtered
25,12,0,-237.12,-4.803,728.604,-42.27,472.64,20681,R20MZ_FZ_250_filtered
25,12,0,-237.11,-2.515,863.231,-36.87,304.82,25608,R20MZ_FZ_250_filtered
25,12,0,-237.07,5.664,857.751,36.71,-508.97,25061,R20MZ_FZ_250_filtered
25,12,-0,-237.07,6.096,857.861,34.75,-527.41,25072,R20MZ_FZ_250_filtered
25,12,0,-237.07,-7.762,864.541,-23.74,552.8,25739,R20MZ_FZ_250_filtered
25,12,0,-237.04,-7.361,864.441,-25.86,546.58,25729,R20MZ_FZ_250_filtered
25,12,0,-237.02,-6.484,864.221,-31.65,526.59,25707,R20MZ_FZ_250_filtered
25,12,0,-237.01,6.581,857.981,33.36,-543.55,25084,R20MZ_FZ_250_filtered
25,12,-0,-237,-6.969,729.144,-30.21,548.64,20735,R20MZ_FZ_250_filtered
25,12,-0,-236.98,-4.841,863.811,-42.26,468,25666,R20MZ_FZ_250_filtered
25,12,0,-236.97,-2.101,863.131,-37.67,264.49,25598,R20MZ_FZ_250_filtered
25,12,0,-236.96,7.048,722.904,29.82,-564.95,20112,R20MZ_FZ_250_filtered
25,12,0,-236.94,3.779,857.281,39.38,-406.48,25014,R20MZ_FZ_250_filtered
25,12,-0,-236.93,4.869,857.551,39.63,-472.06,25041,R20MZ_FZ_250_filtered
25,12,0,-236.91,-6.735,729.084,-31.28,540.92,20729,R20MZ_FZ_250_filtered
25,12,0,-236.89,3.381,721.984,35.36,-381.02,20020,R20MZ_FZ_250_filtered
25,12,0,-236.86,-1.123,727.684,-26.67,146.45,20589,R20MZ_FZ_250_filtered
25,12,0,-236.85,-6.045,864.111,-34.57,513.72,25696,R20MZ_FZ_250_filtered
25,12,0,-236.81,6.685,722.814,33.02,-554.41,20103,R20MZ_FZ_250_filtered
25,12,0,-236.79,-4.313,863.681,-43.2,440.69,25653,R20MZ_FZ_250_filtered
25,12,0,-236.76,-6.528,729.034,-33.07,537.77,20724,R20MZ_FZ_250_filtered
25,12,0,-236.76,-7.195,864.401,-26.77,539.64,25725,R20MZ_FZ_250_filtered
25,12,0,-236.72,-4.354,863.691,-42.82,442.56,25654,R20MZ_FZ_250_filtered
25,12,0,-236.72,-6.724,864.281,-29.45,529.88,25713,R20MZ_FZ_250_filtered
25,12,0,-236.71,-5.323,728.734,-40.03,495.92,20694,R20MZ_FZ_250_filtered
25,12,0,-236.7,3.311,857.161,33.61,-370.16,25002,R20MZ_FZ_250_filtered
25,12,0,-236.64,5.807,722.594,36.54,-523.23,20081,R20MZ_FZ_250_filtered
25,12,0,-236.63,6.252,722.704,35.35,-539.67,20092,R20MZ_FZ_250_filtered
25,12,0,-236.61,-2.576,728.044,-38.78,312.13,20625,R20MZ_FZ_250_filtered
25,12,0,-236.6,-5.658,728.814,-38.07,510.17,20702,R20MZ_FZ_250_filtered
25,12,-0,-236.6,3.579,857.231,36.88,-391.1,25009,R20MZ_FZ_250_filtered
25,12,0,-236.55,7.126,722.924,30.86,-567.6,20114,R20MZ_FZ_250_filtered
25,12,0,-236.54,6.606,722.794,32.5,-551.77,20101,R20MZ_FZ_250_filtered
25,12,0,-236.54,5.297,857.661,39,-493.93,25052,R20MZ_FZ_250_filtered
25,12,0,-236.51,-2.029,863.111,-37.16,257.37,25596,R20MZ_FZ_250_filtered
25,12,0,-236.5,6.139,857.871,34.9,-527.88,25073,R20MZ_FZ_250_filtered
25,12,0,-236.49,4.78,722.334,39.42,-478.12,20055,R20MZ_FZ_250_filtered
25,12,0,-236.47,-2.115,727.934,-38.87,267.93,20614,R20MZ_FZ_250_filtered
25,12,0,-236.39,-7.33,864.431,-26.01,545.53,25728,R20MZ_FZ_250_filtered
25,12,0,-236.38,-3.87,863.571,-42.84,411.84,25642,R20MZ_FZ_250_filtered
25,12,0,-236.38,-7.724,864.531,-23.93,551.08,25738,R20MZ_FZ_250_filtered
25,12,0,-236.31,5.265,857.651,38.3,-491.29,25051,R20MZ_FZ_250_filtered
25,12,-0,-236.3,4.481,722.264,40.46,-457.48,20048,R20MZ_FZ_250_filtered
25,12,0,-236.3,-5.214,728.704,-40.35,492.5,20691,R20MZ_FZ_250_filtered
25,12,-0,-236.3,-5.805,864.051,-35.73,505.86,25690,R20MZ_FZ_250_filtered
25,12,0,-236.29,-2.605,728.054,-39.38,315.23,20626,R20MZ_FZ_250_filtered
25,12,0,-236.28,5.364,722.484,39.88,-504.47,20070,R20MZ_FZ_250_filtered
25,12,0,-236.28,5.702,857.761,36.84,-509.89,25062,R20MZ_FZ_250_filtered
25,12,0,-236.26,-4.365,728.494,-43.76,448.46,20670,R20MZ_FZ_250_filtered
25,12,0,-236.24,-5.151,863.891,-39.79,484.42,25674,R20MZ_FZ_250_filtered
25,12,0,-236.23,-2.553,863.241,-37.58,308.24,25609,R20MZ_FZ_250_filtered
25,12,0,-236.23,-7.241,864.411,-25.97,541.97,25726,R20MZ_FZ_250_filtered
25,12,0,-236.16,4.422,857.441,38.87,-446.47,25030,R20MZ_FZ_250_filtered
25,12,0,-236.15,5.682,722.564,36.48,-520.46,20078,R20MZ_FZ_250_filtered
25,12,0,-236.11,5.215,857.641,37.82,-489.89,25050,R20MZ_FZ_250_filtered
25,12,0,-236.09,2.874,857.061,37.57,-335.89,24992,R20MZ_FZ_250_filtered
25,12,0,-236.08,-7.21,729.204,-28.01,550.83,20741,R20MZ_FZ_250_filtered
25,12,0,-236.08,-1.257,862.911,-25.88,163.39,25576,R20MZ_FZ_250_filtered
25,12,0,-236.07,-3.925,728.384,-43.49,420.55,20659,R20MZ_FZ_250_filtered
25,12,0,-236.06,3.977,857.331,41.52,-417.32,25019,R20MZ_FZ_250_filtered
25,12,0,-236.05,5.25,722.454,38.49,-500.61,20067,R20MZ_FZ_250_filtered
25,12,-0,-236,-2.526,728.034,-37.82,308.73,20624,R20MZ_FZ_250_filtered
25,12,0,-236,-3.923,863.581,-42.96,414.33,25643,R20MZ_FZ_250_filtered
25,12,0,-235.96,-6.277,864.171,-33.22,519.34,25702,R20MZ_FZ_250_filtered
25,12,0,-235.95,-7.28,864.421,-25.91,544.44,25727,R20MZ_FZ_250_filtered
25,12,0,-235.94,-1.657,863.011,-26.53,215.81,25586,R20MZ_FZ_250_filtered
25,12,0,-235.92,-7.768,729.344,-24.24,562.74,20755,R20MZ_FZ_250_filtered
25,12,0,-235.83,-4.395,728.504,-43.76,450.31,20671,R20MZ_FZ_250_filtered
25,12,0,-235.79,-6.925,729.134,-29.83,548.17,20734,R20MZ_FZ_250_filtered
25,12,0,-235.78,-3.442,863.461,-42.11,381.93,25631,R20MZ_FZ_250_filtered
25,12,0,-235.76,4.25,857.401,37.49,-438.89,25026,R20MZ_FZ_250_filtered
25,12,0,-235.75,-0.849,862.821,-22.57,116.7,25567,R20MZ_FZ_250_filtered
25,12,0,-235.71,-5.802,728.854,-36.79,514.7,20706,R20MZ_FZ_250_filtered
25,12,0,-235.71,-2.967,863.341,-40.5,344.38,25619,R20MZ_FZ_250_filtered
25,12,0,-235.66,6.215,722.694,34.75,-537.04,20091,R20MZ_FZ_250_filtered
25,12,0,-235.62,2.955,721.884,38.49,-347.37,20010,R20MZ_FZ_250_filtered
25,12,0,-235.62,-7.372,729.244,-26.5,556.69,20745,R20MZ_FZ_250_filtered
25,12,0,-235.61,-6.439,864.211,-32.02,525.68,25706,R20MZ_FZ_250_filtered
25,12,0,-235.57,3.832,722.104,40.74,-418.11,20032,R20MZ_FZ_250_filtered
25,12,0,-235.56,-6.047,728.914,-35.3,524.93,20712,R20MZ_FZ_250_filtered
25,12,0,-235.55,-1.027,727.664,-25.57,136.54,20587,R20MZ_FZ_250_filtered
25,12,0,-235.55,-1.631,727.804,-25.17,212.71,20601,R20MZ_FZ_250_filtered
25,12,-0,-235.54,-2.161,727.944,-38.89,271.83,20615,R20MZ_FZ_250_filtered
25,12,0,-235.54,-5.564,863.991,-37.14,499.48,25684,R20MZ_FZ_250_filtered
25,12,0,-235.52,-1.314,727.724,-26.42,169.77,20593,R20MZ_FZ_250_filtered
25,12,0,-235.52,-7.25,729.214,-27.51,552.85,20742,R20MZ_FZ_250_filtered
25,12,0,-235.49,6.172,722.684,34.37,-536.42,20090,R20MZ_FZ_250_filtered
25,12,0,-235.49,-3.475,863.471,-42.2,384.41,25632,R20MZ_FZ_250_filtered
25,12,0,-235.47,-5.994,864.101,-34.37,512.5,25695,R20MZ_FZ_250_filtered
25,12,0,-235.45,4.829,857.541,39.4,-469.12,25040,R20MZ_FZ_250_filtered
25,12,0,-235.44,5.768,722.584,35.83,-520.43,20080,R20MZ_FZ_250_filtered
25,12,0,-235.39,-4.39,863.701,-43.24,445.04,25655,R20MZ_FZ_250_filtered
25,12,0,-235.36,-3.884,728.374,-43.03,418.38,20658,R20MZ_FZ_250_filtered
25,12,0,-235.3,-4.328,728.484,-43.04,446.75,20669,R20MZ_FZ_250_filtered
25,12,0,-235.29,-6.763,729.094,-30.82,542.78,20730,R20MZ_FZ_250_filtered
25,12,0,-235.28,-6.763,864.291,-29.25,531.58,25714,R20MZ_FZ_250_filtered
25,12,0,-235.27,-3.486,728.274,-43.07,389.08,20648,R20MZ_FZ_250_filtered
25,12,0,-235.26,2.92,857.071,37.45,-337.74,24993,R20MZ_FZ_250_filtered
25,12,0,-235.26,-0.98,862.851,-24.14,132.36,25570,R20MZ_FZ_250_filtered
25,12,0,-235.24,3.02,857.091,37,-343.94,24995,R20MZ_FZ_250_filtered
25,12,0,-235.24,-2.155,863.141,-38,268.54,25599,R20MZ_FZ_250_filtered
25,12,0,-235.21,-3.833,863.561,-42.53,410.15,25641,R20MZ_FZ_250_filtered
25,12,0,-235.18,-3.395,863.451,-41.76,379.45,25630,R20MZ_FZ_250_filtered
25,12,0,-235.16,-2.996,728.154,-41.65,351.54,20636,R20MZ_FZ_250_filtered
25,12,0,-235.13,-6.484,729.024,-32.57,537.33,20723,R20MZ_FZ_250_filtered
25,12,0,-235.12,5.732,722.574,36.06,-519.5,20079,R20MZ_FZ_250_filtered
25,12,0,-235.11,4.898,722.364,38.84,-479.19,20058,R20MZ_FZ_250_filtered
25,12,0,-235.11,-3.049,728.164,-42.05,354.48,20637,R20MZ_FZ_250_filtered
25,12,-0,-235.1,5.329,722.474,38.77,-501.2,20069,R20MZ_FZ_250_filtered
25,12,0,-235.08,-3.438,728.264,-42.72,386.75,20647,R20MZ_FZ_250_filtered
25,12,0,-235.08,-7.283,729.224,-27.13,554.71,20743,R20MZ_FZ_250_filtered
25,12,0,-235.08,3.821,857.291,39.5,-407.71,25015,R20MZ_FZ_250_filtered
25,12,0,-235.07,-2.596,863.251,-37.65,312.76,25610,R20MZ_FZ_250_filtered
25,12,0,-235.05,3.413,721.994,35.2,-383.17,20021,R20MZ_FZ_250_filtered
25,12,-0,-235.05,4.323,722.224,38.82,-450.51,20044,R20MZ_FZ_250_filtered
25,12,0,-235,-7.329,729.234,-26.85,556.1,20744,R20MZ_FZ_250_filtered
25,12,0,-234.98,-6.396,864.201,-32.11,524.61,25705,R20MZ_FZ_250_filtered
25,12,0,-234.98,-6.834,864.311,-28.25,535.61,25716,R20MZ_FZ_250_filtered
25,12,0,-234.96,5.291,722.464,38.44,-500.13,20068,R20MZ_FZ_250_filtered
25,12,0,-234.94,-3.05,863.361,-41.36,350.76,25621,R20MZ_FZ_250_filtered
25,12,0,-234.93,-1.986,863.101,-36.7,254.26,25595,R20MZ_FZ_250_filtered
25,12,0,-234.92,-6.797,864.301,-28.68,533.76,25715,R20MZ_FZ_250_filtered
25,12,0,-234.87,-0.882,862.831,-23.34,121.98,25568,R20MZ_FZ_250_filtered
25,12,0,-234.8,3.358,857.171,33.2,-371.84,25003,R20MZ_FZ_250_filtered
25,12,0,-234.78,-2.655,728.064,-39.7,319.29,20627,R20MZ_FZ_250_filtered
25,12,0,-234.74,4.293,857.411,37.32,-439.33,25027,R20MZ_FZ_250_filtered
25,12,0,-234.74,-1.698,863.021,-28.39,220.32,25587,R20MZ_FZ_250_filtered
25,12,0,-234.62,-4.281,863.671,-42.74,439,25652,R20MZ_FZ_250_filtered
25,12,0,-234.56,-5.613,728.804,-37.92,509.73,20701,R20MZ_FZ_250_filtered
25,12,0,-234.54,-3.958,728.394,-44.05,422.89,20660,R20MZ_FZ_250_filtered
25,12,0,-234.54,-6.891,729.124,-29.92,547.41,20733,R20MZ_FZ_250_filtered
25,12,0,-234.46,-0.937,862.841,-23.99,127.1,25569,R20MZ_FZ_250_filtered
25,12,0,-234.45,-2.495,728.024,-37.4,305.62,20623,R20MZ_FZ_250_filtered
25,12,0,-234.43,-2.967,728.144,-41.17,349.53,20635,R20MZ_FZ_250_filtered
25,12,0,-234.32,-5.832,864.061,-34.82,507.4,25691,R20MZ_FZ_250_filtered
25,12,0,-234.31,3.603,722.044,38.82,-396.07,20026,R20MZ_FZ_250_filtered
25,12,0,-234.31,-5.174,728.694,-40.39,492.06,20690,R20MZ_FZ_250_filtered
25,12,0,-234.26,-3.954,863.591,-42.98,417.46,25644,R20MZ_FZ_250_filtered
25,12,0,-234.24,-2.437,863.211,-36.48,298.63,25606,R20MZ_FZ_250_filtered
25,12,0,-234.23,-4.451,728.514,-43.82,453.6,20672,R20MZ_FZ_250_filtered
25,12,0,-234.22,-5.105,863.881,-39.79,483.82,25673,R20MZ_FZ_250_filtered
25,12,0,-234.21,4.856,722.354,38.81,-477.64,20057,R20MZ_FZ_250_filtered
25,12,0,-234.2,-5.374,728.744,-39.66,498.27,20695,R20MZ_FZ_250_filtered
25,12,0,-234.18,3.098,721.914,35.83,-355.42,20013,R20MZ_FZ_250_filtered
25,12,0,-234.18,-5.848,728.864,-36.73,517.36,20707,R20MZ_FZ_250_filtered
25,12,0,-234.18,2.977,857.081,37.33,-340.38,24994,R20MZ_FZ_250_filtered
25,12,0,-234.16,-1.3,862.921,-25.5,169.46,25577,R20MZ_FZ_250_filtered
25,12,0,-234.13,-6.362,864.191,-32.11,523.22,25704,R20MZ_FZ_250_filtered
25,12,0,-234.12,3.875,722.114,40.74,-418.72,20033,R20MZ_FZ_250_filtered
25,12,0,-233.97,3.008,721.894,37.48,-349.52,20011,R20MZ_FZ_250_filtered
25,12,0,-233.87,4,722.144,41.02,-423.66,20036,R20MZ_FZ_250_filtered
25,12,0,-233.87,-6.842,729.114,-30,546.34,20732,R20MZ_FZ_250_filtered
25,12,-0,-233.81,3.849,857.301,39.7,-409.09,25016,R20MZ_FZ_250_filtered
25,12,0,-233.79,-3.518,863.481,-42.72,387.69,25633,R20MZ_FZ_250_filtered
25,12,0,-233.78,-4.436,863.711,-43.46,448.17,25656,R20MZ_FZ_250_filtered
25,12,0,-233.73,-6.808,729.104,-30.58,544.94,20731,R20MZ_FZ_250_filtered
25,12,0,-233.7,-6.448,729.014,-32.98,536.88,20722,R20MZ_FZ_250_filtered
25,12,-0,-233.67,-4.675,863.771,-42.1,462.6,25662,R20MZ_FZ_250_filtered
25,12,0,-233.62,-4.292,728.474,-42.85,445.69,20668,R20MZ_FZ_250_filtered
25,12,0,-233.58,-2.199,863.151,-37.75,273.68,25600,R20MZ_FZ_250_filtered
25,12,0,-233.56,-1.597,727.794,-24,207.89,20600,R20MZ_FZ_250_filtered
25,12,0,-233.55,-5.403,863.951,-37.95,493.78,25680,R20MZ_FZ_250_filtered
25,12,0,-233.51,-3.526,728.284,-43.83,392.18,20649,R20MZ_FZ_250_filtered
25,12,0,-233.49,-3.083,728.174,-42,357.29,20638,R20MZ_FZ_250_filtered
25,12,0,-233.41,3.503,857.211,35.02,-382.88,25007,R20MZ_FZ_250_filtered
25,12,0,-233.37,-6.401,729.004,-33.16,536.12,20721,R20MZ_FZ_250_filtered
25,12,0,-233.36,3.396,857.181,33.16,-373.71,25004,R20MZ_FZ_250_filtered
25,12,0,-233.32,-1.344,727.734,-26.07,175.83,20594,R20MZ_FZ_250_filtered
25,12,0,-233.31,-3.364,863.441,-40.98,377.44,25629,R20MZ_FZ_250_filtered
25,12,0,-233.31,-4.911,863.831,-41.24,473.3,25668,R20MZ_FZ_250_filtered
25,12,0,-233.3,-2.197,727.954,-39.11,275.86,20616,R20MZ_FZ_250_filtered
25,12,0,-233.23,-3.414,728.254,-42.21,384.89,20646,R20MZ_FZ_250_filtered
25,12,0,-233.23,-5.881,864.071,-34.39,509.43,25692,R20MZ_FZ_250_filtered
25,12,0,-233.22,-3.852,728.364,-43.15,416.53,20657,R20MZ_FZ_250_filtered
25,12,0,-233.14,-3.797,863.551,-42.07,408.77,25640,R20MZ_FZ_250_filtered
25,12,0,-233.13,-6.004,728.904,-35.1,524.78,20711,R20MZ_FZ_250_filtered
25,12,0,-233.13,-5.526,863.981,-36.9,498.25,25683,R20MZ_FZ_250_filtered
25,12,0,-233.11,-2.448,728.014,-37.25,302.53,20622,R20MZ_FZ_250_filtered
25,12,0,-232.99,3.957,722.134,40.81,-421.03,20035,R20MZ_FZ_250_filtered
25,12,0,-232.97,3.466,857.201,34.31,-379.45,25006,R20MZ_FZ_250_filtered
25,12,0,-232.9,-1.738,863.031,-30.41,224.98,25588,R20MZ_FZ_250_filtered
25,12,0,-232.86,-3.073,863.371,-41.6,354.18,25622,R20MZ_FZ_250_filtered
25,12,0,-232.85,-1.776,727.844,-32.14,231.84,20605,R20MZ_FZ_250_filtered
25,12,0,-232.85,-4.246,863.661,-42.56,437.94,25651,R20MZ_FZ_250_filtered
25,12,-0,-232.83,-6.355,728.994,-33.72,534.43,20720,R20MZ_FZ_250_filtered
25,12,0,-232.82,-2.401,863.201,-36.2,295.55,25605,R20MZ_FZ_250_filtered
25,12,0,-232.81,3.563,722.034,36.95,-392.8,20025,R20MZ_FZ_250_filtered
25,12,0,-232.81,3.433,857.191,33.47,-376.52,25005,R20MZ_FZ_250_filtered
25,12,0,-232.78,-4.002,863.601,-43.35,420.88,25645,R20MZ_FZ_250_filtered
25,12,0,-232.78,-5.919,864.081,-33.86,510.66,25693,R20MZ_FZ_250_filtered
25,12,0,-232.76,-2.639,863.261,-38.24,316.66,25611,R20MZ_FZ_250_filtered
25,12,0,-232.75,3.91,722.124,40.66,-419.64,20034,R20MZ_FZ_250_filtered
25,12,0,-232.64,-2.923,728.134,-40.73,347.2,20634,R20MZ_FZ_250_filtered
25,12,0,-232.57,3.449,722.004,35.05,-385.36,20022,R20MZ_FZ_250_filtered
25,12,-0,-232.53,-5.437,863.961,-37.43,495.96,25681,R20MZ_FZ_250_filtered
25,12,0,-232.49,-5.579,728.794,-37.99,509.75,20700,R20MZ_FZ_250_filtered
25,12,0,-232.49,-1.349,862.931,-25,175.2,25578,R20MZ_FZ_250_filtered
25,12,0,-232.3,-4.004,728.404,-44.08,426.16,20661,R20MZ_FZ_250_filtered
25,12,0,-232.17,-1.564,727.784,-23.26,203.1,20599,R20MZ_FZ_250_filtered
25,12,0,-232.17,-5.121,728.684,-40.34,491.77,20689,R20MZ_FZ_250_filtered
25,12,0,-232.09,-2.878,863.321,-39.79,339.44,25617,R20MZ_FZ_250_filtered
25,12,0,-232.07,-5.073,863.871,-39.61,482.92,25672,R20MZ_FZ_250_filtered
25,12,0,-232.01,-2.691,728.074,-39.81,323.79,20628,R20MZ_FZ_250_filtered
25,12,0,-232.01,-5.481,863.971,-37.08,497.47,25682,R20MZ_FZ_250_filtered
25,12,0,-231.92,-5.404,728.754,-39.1,501.24,20696,R20MZ_FZ_250_filtered
25,12,0,-231.84,-1.398,727.744,-24.86,182.04,20595,R20MZ_FZ_250_filtered
25,12,0,-231.75,-4.486,863.721,-43.41,451.45,25657,R20MZ_FZ_250_filtered
25,12,0,-231.72,-2.24,727.964,-38.73,279.9,20617,R20MZ_FZ_250_filtered
25,12,0,-231.69,-2.234,863.161,-37.29,278.19,25601,R20MZ_FZ_250_filtered
25,12,0,-231.69,-4.949,863.841,-40.86,476.72,25669,R20MZ_FZ_250_filtered
25,12,0,-231.65,3.53,722.024,35.91,-389.86,20024,R20MZ_FZ_250_filtered
25,12,0,-231.62,-1.527,727.774,-23.07,198.16,20598,R20MZ_FZ_250_filtered
25,12,0,-231.61,-3.572,728.294,-44.07,395.76,20650,R20MZ_FZ_250_filtered
25,12,0,-231.55,-5.036,863.861,-39.82,481.53,25671,R20MZ_FZ_250_filtered
25,12,0,-231.35,-1.386,862.941,-23.8,181.1,25579,R20MZ_FZ_250_filtered
25,12,0,-231.32,-3.114,863.381,-41.3,358.23,25623,R20MZ_FZ_250_filtered
25,12,0,-231.31,-4.677,728.574,-42.26,470.38,20678,R20MZ_FZ_250_filtered
25,12,0,-231.31,-3.321,863.431,-40.69,375.28,25628,R20MZ_FZ_250_filtered
25,12,0,-231.3,-3.131,728.184,-42.34,361.8,20639,R20MZ_FZ_250_filtered
25,12,0,-231.29,-3.375,728.244,-42.14,383.05,20645,R20MZ_FZ_250_filtered
25,12,0,-231.16,-4.245,728.464,-42.71,444.48,20667,R20MZ_FZ_250_filtered
25,12,0,-231.16,-3.756,863.541,-41.78,407.08,25639,R20MZ_FZ_250_filtered
25,12,0,-231.15,-1.769,863.041,-31.6,229.81,25589,R20MZ_FZ_250_filtered
25,12,0,-231.14,-2.278,863.171,-37.16,283.01,25602,R20MZ_FZ_250_filtered
25,12,0,-231.11,-2.357,863.191,-36.49,292.14,25604,R20MZ_FZ_250_filtered
25,12,0,-231.1,-1.438,727.754,-23.98,187.32,20596,R20MZ_FZ_250_filtered
25,12,0,-231.06,-2.405,728.004,-37.72,298.67,20621,R20MZ_FZ_250_filtered
25,12,0,-231.04,-5.525,728.784,-38.25,508.67,20699,R20MZ_FZ_250_filtered
25,12,0,-230.93,-1.446,862.951,-22.96,186.53,25580,R20MZ_FZ_250_filtered
25,12,0,-230.91,-3.811,728.354,-42.95,415.63,20656,R20MZ_FZ_250_filtered
25,12,-0,-230.91,-2.686,863.271,-38.75,321.33,25612,R20MZ_FZ_250_filtered
25,12,0,-230.86,-4.641,863.761,-41.55,461.67,25661,R20MZ_FZ_250_filtered
25,12,0,-230.85,-1.969,727.894,-37.13,253.38,20610,R20MZ_FZ_250_filtered
25,12,0,-230.82,-4.195,863.651,-42.62,436.4,25650,R20MZ_FZ_250_filtered
25,12,0,-230.78,-5.452,728.764,-38.73,504.2,20697,R20MZ_FZ_250_filtered
25,12,0,-230.76,-1.475,727.764,-23.32,192.73,20597,R20MZ_FZ_250_filtered
25,12,0,-230.7,-4.99,863.851,-40.36,479.22,25670,R20MZ_FZ_250_filtered
25,12,-0,-230.66,-2.847,863.311,-39.24,336.99,25616,R20MZ_FZ_250_filtered
25,12,0,-230.63,-1.808,727.854,-33.54,236.5,20606,R20MZ_FZ_250_filtered
25,12,0,-230.47,-1.794,863.051,-32.76,235.09,25590,R20MZ_FZ_250_filtered
25,12,0,-230.44,-2.279,727.974,-38.41,284.87,20618,R20MZ_FZ_250_filtered
25,12,0,-230.36,-2.876,728.124,-40.31,344.58,20633,R20MZ_FZ_250_filtered
25,12,0,-230.16,-4.05,728.414,-44.05,430.22,20662,R20MZ_FZ_250_filtered
25,12,0,-230.14,-2.37,727.994,-37.62,294.48,20620,R20MZ_FZ_250_filtered
25,12,0,-230.09,-4.508,863.731,-42.18,454.56,25658,R20MZ_FZ_250_filtered
25,12,0,-230.01,-1.849,863.061,-33.53,239.44,25591,R20MZ_FZ_250_filtered
25,12,0,-229.98,-1.874,863.071,-34.44,243.93,25592,R20MZ_FZ_250_filtered
25,12,0,-229.96,-2.727,728.084,-39.72,328.14,20629,R20MZ_FZ_250_filtered
25,12,0,-229.91,-5.492,728.774,-38.52,507.3,20698,R20MZ_FZ_250_filtered
25,12,-0,-229.88,-3.603,863.501,-42.26,395.01,25635,R20MZ_FZ_250_filtered
25,12,-0,-229.83,-3.288,863.421,-40.74,372.66,25627,R20MZ_FZ_250_filtered
25,12,0,-229.82,-2.809,863.301,-38.9,333.42,25615,R20MZ_FZ_250_filtered
25,12,0,-229.8,-4.161,863.641,-42.51,434.72,25649,R20MZ_FZ_250_filtered
25,12,0,-229.78,-4.514,728.534,-43.21,460.78,20674,R20MZ_FZ_250_filtered
25,12,0,-229.78,-5.009,728.654,-41.11,486.21,20686,R20MZ_FZ_250_filtered
25,12,0,-229.7,-1.925,727.884,-36.47,249.66,20609,R20MZ_FZ_250_filtered
25,12,0,-229.7,-2.329,727.984,-38.12,289.99,20619,R20MZ_FZ_250_filtered
25,12,0,-229.65,-3.706,863.531,-41.7,405.08,25638,R20MZ_FZ_250_filtered
25,12,0,-229.59,-1.886,727.874,-35.71,245.17,20608,R20MZ_FZ_250_filtered
25,12,0,-229.49,-5.042,728.664,-40.9,489.16,20687,R20MZ_FZ_250_filtered
25,12,0,-229.25,-1.832,727.864,-34.91,241.14,20607,R20MZ_FZ_250_filtered
25,12,0,-229.19,-3.162,863.391,-41.31,362.28,25624,R20MZ_FZ_250_filtered
25,12,-0,-229.13,-4.209,728.454,-43.01,443.1,20666,R20MZ_FZ_250_filtered
25,12,0,-229.06,-2.768,728.094,-39.85,333.12,20630,R20MZ_FZ_250_filtered
25,12,0,-229.01,-4.112,863.631,-42.64,431.76,25648,R20MZ_FZ_250_filtered
25,12,0,-228.98,-3.328,728.234,-41.67,381.05,20644,R20MZ_FZ_250_filtered
25,12,0,-228.97,-3.193,863.401,-40.78,366.3,25625,R20MZ_FZ_250_filtered
25,12,-0,-228.93,-3.24,863.411,-40.65,370.04,25626,R20MZ_FZ_250_filtered
25,12,0,-228.62,-3.638,863.511,-42.2,398.73,25636,R20MZ_FZ_250_filtered
25,12,0,-228.38,-4.605,728.554,-42.56,467.61,20676,R20MZ_FZ_250_filtered
25,12,0,-228.34,-4.564,728.544,-42.73,464.34,20675,R20MZ_FZ_250_filtered
25,12,0,-228.31,-3.762,728.344,-43.18,413.94,20655,R20MZ_FZ_250_filtered
25,12,0,-227.77,-4.08,728.424,-43.52,434.1,20663,R20MZ_FZ_250_filtered
25,12,-0,-227.76,-4.164,728.444,-42.85,440.94,20665,R20MZ_FZ_250_filtered
25,12,0,-227.71,-3.645,728.314,-43.18,404.17,20652,R20MZ_FZ_250_filtered
25,12,0,-227.22,-4.119,728.434,-43.14,437.83,20664,R20MZ_FZ_250_filtered
25,12,0,-209.91,5.227,759.893,24.75,-413.09,21676,R20MZ_FZ_200_filtered
25,12,0,-209.87,2.517,760.573,25.65,-268.55,21744,R20MZ_FZ_200_filtered
25,12,0,-209.73,5.193,759.903,24.63,-412.14,21677,R20MZ_FZ_200_filtered
25,12,0,-209.68,5.674,759.783,22.57,-426.26,21665,R20MZ_FZ_200_filtered
25,12,0,-209.66,2.073,760.683,25,-230.39,21755,R20MZ_FZ_200_filtered
25,12,0,-209.55,3.392,760.353,28.96,-331.81,21722,R20MZ_FZ_200_filtered
25,12,0,-209.53,4.75,760.013,26.25,-398.18,21688,R20MZ_FZ_200_filtered
25,12,0,-209.42,5.634,759.793,22.2,-424.86,21666,R20MZ_FZ_200_filtered
25,12,0,-209.34,2.465,760.583,25.62,-265.94,21745,R20MZ_FZ_200_filtered
25,12,0,-209.33,2.981,760.463,27.61,-301.89,21733,R20MZ_FZ_200_filtered
25,12,0,-209.3,6.118,759.673,20.85,-438.81,21654,R20MZ_FZ_200_filtered
25,12,0,-209.29,2.047,760.693,24.19,-227.61,21756,R20MZ_FZ_200_filtered
25,12,0,-209.15,5.718,759.773,22.3,-426.25,21664,R20MZ_FZ_200_filtered
25,12,0,-209.04,6.552,759.563,20.11,-450.13,21643,R20MZ_FZ_200_filtered
25,12,0,-209.04,3.443,760.343,28.84,-333.69,21721,R20MZ_FZ_200_filtered
25,12,0,-208.94,5.272,759.883,24.77,-413.08,21675,R20MZ_FZ_200_filtered
25,12,0,-208.92,3.84,760.243,29.76,-358.5,21711,R20MZ_FZ_200_filtered
25,12,-0,-208.7,2.933,760.473,27.23,-299.39,21734,R20MZ_FZ_200_filtered
25,12,0,-208.63,2.548,760.563,25.41,-270.72,21743,R20MZ_FZ_200_filtered
25,12,0,-208.57,5.156,759.913,24.57,-409.97,21678,R20MZ_FZ_200_filtered
25,12,0,-208.54,6.154,759.663,21.05,-439.74,21653,R20MZ_FZ_200_filtered
25,12,0,-208.53,3.363,760.363,28.6,-329.48,21723,R20MZ_FZ_200_filtered
25,12,0,-208.41,4.833,759.993,25.94,-399.12,21686,R20MZ_FZ_200_filtered
25,12,-0,-208.38,3.88,760.233,29.67,-360.03,21710,R20MZ_FZ_200_filtered
25,12,0,-208.34,6.082,759.683,20.14,-436.78,21655,R20MZ_FZ_200_filtered
25,12,0,-208.34,4.72,760.023,26.39,-396.31,21689,R20MZ_FZ_200_filtered
25,12,0,-208.25,2.001,760.703,23.24,-223.56,21757,R20MZ_FZ_200_filtered
25,12,0,-208.24,2.114,760.673,26.08,-233.2,21754,R20MZ_FZ_200_filtered
25,12,0,-208.13,4.364,760.113,27.65,-382.53,21698,R20MZ_FZ_200_filtered
25,12,0,-208.04,3.914,760.223,29.17,-360.97,21709,R20MZ_FZ_200_filtered
25,12,0,-207.82,6.629,759.543,20.05,-450.28,21641,R20MZ_FZ_200_filtered
25,12,0,-207.79,2.419,760.593,25.44,-262.16,21746,R20MZ_FZ_200_filtered
25,12,0,-207.69,3.475,760.333,28.99,-334.9,21720,R20MZ_FZ_200_filtered
25,12,0,-207.49,7.455,759.333,18.57,-466.56,21620,R20MZ_FZ_200_filtered
25,12,0,-207.48,5.322,759.873,24.98,-412.14,21674,R20MZ_FZ_200_filtered
25,12,0,-207.32,6.998,759.453,15.99,-459.57,21632,R20MZ_FZ_200_filtered
25,12,0,-207.18,6.036,759.693,19.43,-433.67,21656,R20MZ_FZ_200_filtered
25,12,0,-207.15,5.747,759.763,22.18,-425.94,21663,R20MZ_FZ_200_filtered
25,12,0,-207.02,-3.874,766.473,-29.07,349.53,22333,R20MZ_FZ_200_filtered
25,12,0,-206.99,-2.859,766.723,-29.51,290.76,22358,R20MZ_FZ_200_filtered
25,12,0,-206.97,2.605,760.553,25.13,-272.72,21742,R20MZ_FZ_200_filtered
25,12,0,-206.94,3.802,760.253,28.93,-356.15,21712,R20MZ_FZ_200_filtered
25,12,0,-206.83,4.677,760.033,25.78,-393.36,21690,R20MZ_FZ_200_filtered
25,12,-0,-206.78,6.207,759.653,20.9,-438.95,21652,R20MZ_FZ_200_filtered
25,12,0,-206.75,-3.824,766.483,-29.51,347.8,22334,R20MZ_FZ_200_filtered
25,12,0,-206.72,12.243,758.073,12.72,-486.54,21494,R20MZ_FZ_200_filtered
25,12,0,-206.69,4.236,760.143,27.03,-377.23,21701,R20MZ_FZ_200_filtered
25,12,0,-206.68,7.912,759.223,12.98,-470.58,21609,R20MZ_FZ_200_filtered
25,12,0,-206.68,4.4,760.103,28.37,-382.35,21697,R20MZ_FZ_200_filtered
25,12,0,-206.67,3.314,760.373,28.22,-326.22,21724,R20MZ_FZ_200_filtered
25,12,0,-206.65,2.903,760.483,26.34,-295.81,21735,R20MZ_FZ_200_filtered
25,12,0,-206.64,7.422,759.343,18.18,-465.3,21621,R20MZ_FZ_200_filtered
25,12,0,-206.55,5.552,759.813,21.93,-418.61,21668,R20MZ_FZ_200_filtered
25,12,0,-206.55,-4.298,766.363,-28.78,368.62,22322,R20MZ_FZ_200_filtered
25,12,0,-206.51,5.107,759.923,24.05,-406.68,21679,R20MZ_FZ_200_filtered
25,12,0,-206.42,6.668,759.533,19.94,-449.35,21640,R20MZ_FZ_200_filtered
25,12,0,-206.4,1.977,760.713,22.34,-219.65,21758,R20MZ_FZ_200_filtered
25,12,-0,-206.33,2.152,760.663,26.26,-235.65,21753,R20MZ_FZ_200_filtered
25,12,0,-206.25,7.956,759.213,12.5,-470.88,21608,R20MZ_FZ_200_filtered
25,12,0,-206.25,-4.749,766.253,-25.28,385.19,22311,R20MZ_FZ_200_filtered
25,12,0,-206.24,6.968,759.463,15.72,-456.94,21633,R20MZ_FZ_200_filtered
25,12,0,-206.22,-3.026,766.683,-28.85,302.24,22354,R20MZ_FZ_200_filtered
25,12,0,-206.17,8.386,759.103,15.51,-474.14,21597,R20MZ_FZ_200_filtered
25,12,0,-206.17,2.384,760.603,25.2,-257.82,21747,R20MZ_FZ_200_filtered
25,12,0,-206.16,-4.786,766.243,-24.87,386.91,22310,R20MZ_FZ_200_filtered
25,12,0,-206.11,12.076,758.183,-15.62,-482.8,21505,R20MZ_FZ_200_filtered
25,12,0,-206.06,3.957,760.213,29.17,-361.42,21708,R20MZ_FZ_200_filtered
25,12,0,-206.06,-4.713,766.263,-25.75,383.19,22312,R20MZ_FZ_200_filtered
25,12,0,-206.03,-3.898,766.463,-28.53,350.93,22332,R20MZ_FZ_200_filtered
25,12,0,-206,5.794,759.753,21.8,-425.3,21662,R20MZ_FZ_200_filtered
25,12,0,-205.94,1.645,760.793,17.54,-191.15,21766,R20MZ_FZ_200_filtered
25,12,0,-205.92,4.871,759.983,25.7,-398.63,21685,R20MZ_FZ_200_filtered
25,12,0,-205.91,1.211,755.243,20.85,-159.97,21212,R20MZ_FZ_200_filtered
25,12,-0,-205.83,11.491,758.313,14.28,-482.98,21518,R20MZ_FZ_200_filtered
25,12,0,-205.78,12.003,758.203,-17.89,-482.64,21507,R20MZ_FZ_200_filtered
25,12,0,-205.76,-5.207,766.133,-25.15,400.86,22299,R20MZ_FZ_200_filtered
25,12,0,-205.75,1.183,755.233,20.18,-155.97,21211,R20MZ_FZ_200_filtered
25,12,0,-205.74,12.302,757.963,-10.29,-488.52,21483,R20MZ_FZ_200_filtered
25,12,0,-205.74,6.457,759.583,20,-444.52,21645,R20MZ_FZ_200_filtered
25,12,0,-205.7,6.237,759.643,21.5,-438.02,21651,R20MZ_FZ_200_filtered
25,12,0,-205.68,-3.457,766.573,-29.43,328.9,22343,R20MZ_FZ_200_filtered
25,12,-0,-205.66,0.721,755.113,8.9,-96.68,21199,R20MZ_FZ_200_filtered
25,12,0,-205.66,12.246,758.093,10.6,-483.9,21496,R20MZ_FZ_200_filtered
25,12,0,-205.66,5.352,759.863,24.94,-411.66,21673,R20MZ_FZ_200_filtered
25,12,0,-205.64,1.605,760.803,17.33,-187.71,21767,R20MZ_FZ_200_filtered
25,12,0,-205.61,10.227,758.643,9.97,-481.43,21551,R20MZ_FZ_200_filtered
25,12,0,-205.61,-4.343,766.353,-28.06,369.84,22321,R20MZ_FZ_200_filtered
25,12,0,-205.6,2.641,760.543,24.93,-274.73,21741,R20MZ_FZ_200_filtered
25,12,0,-205.57,-3.304,766.613,-30.31,319,22347,R20MZ_FZ_200_filtered
25,12,0,-205.52,7.873,759.233,13.23,-469.18,21610,R20MZ_FZ_200_filtered
25,12,0,-205.5,12.296,757.973,-9.76,-486.98,21484,R20MZ_FZ_200_filtered
25,12,0,-205.43,12.249,758.063,12.45,-485.62,21493,R20MZ_FZ_200_filtered
25,12,0,-205.42,9.788,758.753,7.26,-479.57,21562,R20MZ_FZ_200_filtered
25,12,-0,-205.39,8.835,758.993,10.15,-475.67,21586,R20MZ_FZ_200_filtered
25,12,0,-205.37,11.459,758.323,13.38,-481.28,21519,R20MZ_FZ_200_filtered
25,12,0,-205.37,11.079,758.433,2.19,-480.49,21530,R20MZ_FZ_200_filtered
25,12,0,-205.34,11.108,758.423,4.31,-482.22,21529,R20MZ_FZ_200_filtered
25,12,0,-205.24,10.19,758.653,8.82,-480.03,21552,R20MZ_FZ_200_filtered
25,12,0,-205.22,10.621,758.543,7.81,-481.44,21541,R20MZ_FZ_200_filtered
25,12,0,-205.2,-5.652,766.023,-22.14,413.44,22288,R20MZ_FZ_200_filtered
25,12,0,-205.15,8.003,759.203,12.43,-469.65,21607,R20MZ_FZ_200_filtered
25,12,0,-205.13,11.144,758.413,6.05,-481.73,21528,R20MZ_FZ_200_filtered
25,12,0,-205.13,9.306,758.873,12.53,-478.31,21574,R20MZ_FZ_200_filtered
25,12,0,-205.11,1.138,755.223,18.5,-150.99,21210,R20MZ_FZ_200_filtered
25,12,0,-205.11,8.871,758.983,9.96,-476,21585,R20MZ_FZ_200_filtered
25,12,0,-205.06,-5.701,766.013,-20.92,414.22,22287,R20MZ_FZ_200_filtered
25,12,0,-205.04,-5.251,766.123,-24.7,401.8,22298,R20MZ_FZ_200_filtered
25,12,0,-205.02,1.569,760.813,17.15,-184.45,21768,R20MZ_FZ_200_filtered
25,12,0,-205.02,-2.827,766.733,-29.38,287.68,22359,R20MZ_FZ_200_filtered
25,12,0,-204.99,-5.615,766.033,-22.71,411.88,22289,R20MZ_FZ_200_filtered
25,12,0,-204.98,9.742,758.763,8.15,-479.24,21563,R20MZ_FZ_200_filtered
25,12,0,-204.98,4.912,759.973,25,-398.3,21684,R20MZ_FZ_200_filtered
25,12,0,-204.97,9.272,758.883,11.24,-477.07,21575,R20MZ_FZ_200_filtered
25,12,0,-204.96,-3.742,766.503,-29.9,343.05,22336,R20MZ_FZ_200_filtered
25,12,0,-204.91,8.787,759.003,10.81,-474.59,21587,R20MZ_FZ_200_filtered
25,12,0,-204.91,8.433,759.093,15.86,-473.21,21596,R20MZ_FZ_200_filtered
25,12,0,-204.88,-4.835,766.233,-24.64,387.52,22309,R20MZ_FZ_200_filtered
25,12,0,-204.87,-4.661,766.273,-26.6,381.05,22313,R20MZ_FZ_200_filtered
25,12,0,-204.83,-5.141,766.153,-25.5,397.01,22301,R20MZ_FZ_200_filtered
25,12,0,-204.81,4.203,760.153,26.8,-373.81,21702,R20MZ_FZ_200_filtered
25,12,-0,-204.79,3.553,760.313,29.02,-337.2,21718,R20MZ_FZ_200_filtered
25,12,0,-204.77,7.385,759.353,17.43,-462.99,21622,R20MZ_FZ_200_filtered
25,12,0,-204.77,5.992,759.703,19.02,-430.55,21657,R20MZ_FZ_200_filtered
25,12,0,-204.73,4.649,760.043,26.4,-390.25,21691,R20MZ_FZ_200_filtered
25,12,0,-204.64,10.264,758.633,11.39,-480.96,21550,R20MZ_FZ_200_filtered
25,12,0,-204.64,3.127,760.423,28.68,-308.22,21729,R20MZ_FZ_200_filtered
25,12,0,-204.63,0.684,755.103,9.12,-90.95,21198,R20MZ_FZ_200_filtered
25,12,0,-204.61,10.698,758.523,4.76,-482.98,21539,R20MZ_FZ_200_filtered
25,12,0,-204.59,1.614,755.343,21.1,-200.13,21222,R20MZ_FZ_200_filtered
25,12,0,-204.58,-6.093,765.913,-21.71,424.59,22277,R20MZ_FZ_200_filtered
25,12,0,-204.57,11.951,758.213,-15.21,-480.61,21508,R20MZ_FZ_200_filtered
25,12,0,-204.55,3.27,760.383,27.58,-322.03,21725,R20MZ_FZ_200_filtered
25,12,0,-204.52,0.839,755.143,9.54,-112.19,21202,R20MZ_FZ_200_filtered
25,12,0,-204.5,4,760.203,28.82,-362.18,21707,R20MZ_FZ_200_filtered
25,12,0,-204.46,-5.566,766.043,-23,409.74,22290,R20MZ_FZ_200_filtered
25,12,0,-204.46,-3.066,766.673,-28.13,304.41,22353,R20MZ_FZ_200_filtered
25,12,0,-204.44,9.833,758.743,6.43,-478.96,21561,R20MZ_FZ_200_filtered
25,12,0,-204.44,5.522,759.823,22.78,-415.82,21669,R20MZ_FZ_200_filtered
25,12,0,-204.41,12.116,758.173,-12.44,-480.92,21504,R20MZ_FZ_200_filtered
25,12,0,-204.36,9.692,758.773,9.06,-477.52,21564,R20MZ_FZ_200_filtered
25,12,0,-204.35,1.254,755.253,21.11,-163.68,21213,R20MZ_FZ_200_filtered
25,12,0,-204.35,1.697,755.363,20.58,-207.4,21224,R20MZ_FZ_200_filtered
25,12,-0,-204.33,2.342,760.613,24.78,-252.98,21748,R20MZ_FZ_200_filtered
25,12,0,-204.32,-3.512,766.563,-29.07,330.47,22342,R20MZ_FZ_200_filtered
25,12,0,-204.31,12.235,758.103,9.4,-481.26,21497,R20MZ_FZ_200_filtered
25,12,0,-204.28,12.286,757.983,-7.74,-484.48,21485,R20MZ_FZ_200_filtered
25,12,0,-204.28,6.712,759.523,19.41,-448.08,21639,R20MZ_FZ_200_filtered
25,12,-0,-204.27,-6.526,765.803,-19.97,434.24,22266,R20MZ_FZ_200_filtered
25,12,0,-204.23,8.914,758.973,8.94,-475.52,21584,R20MZ_FZ_200_filtered
25,12,0,-204.23,-3.26,766.623,-30.23,316.38,22348,R20MZ_FZ_200_filtered
25,12,0,-204.21,11.187,757.733,7.31,-493.19,21461,R20MZ_FZ_200_filtered
25,12,0,-204.21,-4.381,766.343,-27.48,370.8,22320,R20MZ_FZ_200_filtered
25,12,0,-204.17,8.754,759.013,11.02,-472.57,21588,R20MZ_FZ_200_filtered
25,12,0,-204.15,11.684,757.863,0.77,-485.57,21474,R20MZ_FZ_200_filtered
25,12,0,-204.15,-2.787,766.743,-28.88,284.57,22360,R20MZ_FZ_200_filtered
25,12,0,-204.14,11.611,757.843,5.39,-490.4,21472,R20MZ_FZ_200_filtered
25,12,0,-204.14,6.917,759.473,15.63,-453.03,21634,R20MZ_FZ_200_filtered
25,12,0,-204.13,7.837,759.243,13.61,-466.38,21611,R20MZ_FZ_200_filtered
25,12,0,-204.13,6.428,759.593,20.16,-440.79,21646,R20MZ_FZ_200_filtered
25,12,0,-204.06,1.095,755.213,17.29,-145.69,21209,R20MZ_FZ_200_filtered
25,12,0,-204.06,8.462,759.083,16.41,-471.95,21595,R20MZ_FZ_200_filtered
25,12,0,-204.05,9.228,758.893,10.37,-475.05,21576,R20MZ_FZ_200_filtered
25,12,0,-204.03,-6.571,765.793,-19.24,435.47,22265,R20MZ_FZ_200_filtered
25,12,-0,-203.96,-2.66,766.773,-27.18,277.29,22363,R20MZ_FZ_200_filtered
25,12,0,-203.95,-6.06,765.923,-22.08,422.75,22278,R20MZ_FZ_200_filtered
25,12,0,-203.94,10.156,758.663,7.58,-477.68,21553,R20MZ_FZ_200_filtered
25,12,-0,-203.91,-5.095,766.163,-25.36,394.55,22302,R20MZ_FZ_200_filtered
25,12,0,-203.88,5.389,759.853,24.44,-411.35,21672,R20MZ_FZ_200_filtered
25,12,0,-203.87,1.943,760.723,20.85,-215.14,21759,R20MZ_FZ_200_filtered
25,12,0,-203.84,3.724,760.273,28.17,-348.83,21714,R20MZ_FZ_200_filtered
25,12,0,-203.82,11.184,758.403,8,-480.02,21527,R20MZ_FZ_200_filtered
25,12,0,-203.68,-4.182,766.393,-28.51,361.97,22325,R20MZ_FZ_200_filtered
25,12,0,-203.65,-6.491,765.813,-20.84,432.07,22267,R20MZ_FZ_200_filtered
25,12,0,-203.59,7.581,759.303,18.06,-463.6,21617,R20MZ_FZ_200_filtered
25,12,0,-203.58,-4.628,766.283,-26.78,378.58,22314,R20MZ_FZ_200_filtered
25,12,0,-203.55,1.719,760.773,17.78,-197.17,21764,R20MZ_FZ_200_filtered
25,12,0,-203.54,7.16,759.413,17.56,-457.53,21628,R20MZ_FZ_200_filtered
25,12,0,-203.52,5.43,759.843,24.18,-412.09,21671,R20MZ_FZ_200_filtered
25,12,0,-203.51,3.17,760.413,28.11,-310.85,21728,R20MZ_FZ_200_filtered
25,12,0,-203.51,-6.991,765.693,-17.96,441.37,22255,R20MZ_FZ_200_filtered
25,12,0,-203.51,-4.87,766.223,-23.87,387.7,22308,R20MZ_FZ_200_filtered
25,12,0,-203.5,4.596,760.053,26.41,-386.98,21692,R20MZ_FZ_200_filtered
25,12,0,-203.48,11.042,758.443,0.7,-477.98,21531,R20MZ_FZ_200_filtered
25,12,0,-203.48,4.48,760.083,28.22,-382.65,21695,R20MZ_FZ_200_filtered
25,12,0,-203.46,5.952,759.713,18.96,-427.93,21658,R20MZ_FZ_200_filtered
25,12,0,-203.44,-5.737,766.003,-20.03,414.05,22286,R20MZ_FZ_200_filtered
25,12,0,-203.42,8.045,759.193,12.12,-468.38,21606,R20MZ_FZ_200_filtered
25,12,0,-203.42,2.688,760.533,24.62,-277.04,21740,R20MZ_FZ_200_filtered
25,12,0,-203.4,-6.175,765.893,-21.31,425.53,22275,R20MZ_FZ_200_filtered
25,12,0,-203.38,3.596,760.303,28.96,-339.39,21717,R20MZ_FZ_200_filtered
25,12,0,-203.35,-2.703,766.763,-27.36,279.76,22362,R20MZ_FZ_200_filtered
25,12,0,-203.33,10.742,757.623,7.54,-494.59,21450,R20MZ_FZ_200_filtered
25,12,0,-203.31,12.246,758.053,11.47,-483.74,21492,R20MZ_FZ_200_filtered
25,12,0,-203.27,11.23,757.743,6.18,-490.54,21462,R20MZ_FZ_200_filtered
25,12,0,-203.26,4.04,760.193,28.34,-363.12,21706,R20MZ_FZ_200_filtered
25,12,0,-203.26,3.234,760.393,27.16,-317.97,21726,R20MZ_FZ_200_filtered
25,12,0,-203.24,4.954,759.963,24.43,-398.31,21683,R20MZ_FZ_200_filtered
25,12,0,-203.24,3.193,760.403,27.47,-314.1,21727,R20MZ_FZ_200_filtered
25,12,0,-203.24,2.299,760.623,25.02,-248.49,21749,R20MZ_FZ_200_filtered
25,12,0,-203.22,11.704,757.873,-2.58,-482.91,21475,R20MZ_FZ_200_filtered
25,12,0,-203.21,-6.624,765.783,-18.39,435.46,22264,R20MZ_FZ_200_filtered
25,12,0,-203.18,2.73,760.523,24.55,-279.84,21739,R20MZ_FZ_200_filtered
25,12,0,-203.18,-3.136,766.653,-28.31,309.09,22351,R20MZ_FZ_200_filtered
25,12,0,-203.15,9.65,758.783,9.42,-475.81,21565,R20MZ_FZ_200_filtered
25,12,0,-203.15,-5.293,766.113,-24.23,402.28,22297,R20MZ_FZ_200_filtered
25,12,0,-203.12,7.352,759.363,16.64,-459.69,21623,R20MZ_FZ_200_filtered
25,12,0,-203.11,-3.537,766.553,-28.47,332.34,22341,R20MZ_FZ_200_filtered
25,12,0,-203.08,1.583,755.333,20.92,-195.62,21221,R20MZ_FZ_200_filtered
25,12,0,-203.06,0.879,755.153,10.18,-116.67,21203,R20MZ_FZ_200_filtered
25,12,0,-203.06,1.523,760.823,17.61,-179.78,21769,R20MZ_FZ_200_filtered
25,12,0,-203.06,-6.02,765.933,-21.88,420.6,22279,R20MZ_FZ_200_filtered
25,12,0,-202.95,10.3,758.623,12.87,-479.41,21549,R20MZ_FZ_200_filtered
25,12,0,-202.94,4.997,759.953,24.18,-399.38,21682,R20MZ_FZ_200_filtered
25,12,0,-202.92,6.752,759.513,18.89,-447.28,21638,R20MZ_FZ_200_filtered
25,12,0,-202.9,9.387,758.853,14.59,-477.4,21572,R20MZ_FZ_200_filtered
25,12,0,-202.89,4.155,760.163,26.48,-370.22,21703,R20MZ_FZ_200_filtered
25,12,0,-202.86,10.738,758.513,4.34,-480.95,21538,R20MZ_FZ_200_filtered
25,12,0,-202.85,8.276,759.133,12.57,-469.78,21600,R20MZ_FZ_200_filtered
25,12,0,-202.84,11.42,758.333,12.68,-478.77,21520,R20MZ_FZ_200_filtered
25,12,0,-202.81,11.612,758.283,10.58,-478.78,21515,R20MZ_FZ_200_filtered
25,12,0,-202.79,2.075,755.453,26.03,-240.59,21233,R20MZ_FZ_200_filtered
25,12,0,-202.76,10.295,757.513,9.22,-494.75,21439,R20MZ_FZ_200_filtered
25,12,0,-202.75,12.293,757.993,-4.01,-482.63,21486,R20MZ_FZ_200_filtered
25,12,0,-202.75,4.516,760.073,27.18,-383.43,21694,R20MZ_FZ_200_filtered
25,12,0,-202.74,1.294,755.263,21.01,-167.09,21214,R20MZ_FZ_200_filtered
25,12,0,-202.73,0.631,755.093,9.02,-84.73,21197,R20MZ_FZ_200_filtered
25,12,0,-202.72,5.919,759.723,19.69,-426.03,21659,R20MZ_FZ_200_filtered
25,12,0,-202.72,3.688,760.283,28.05,-345.1,21715,R20MZ_FZ_200_filtered
25,12,0,-202.66,2.108,755.463,25.64,-244.31,21234,R20MZ_FZ_200_filtered
25,12,-0,-202.66,6.391,759.603,20.5,-438.44,21647,R20MZ_FZ_200_filtered
25,12,0,-202.64,-3.981,766.443,-27.59,353.72,22330,R20MZ_FZ_200_filtered
25,12,0,-202.6,10.255,757.503,10.18,-497.53,21438,R20MZ_FZ_200_filtered
25,12,0,-202.59,-4.426,766.333,-26.51,371.89,22319,R20MZ_FZ_200_filtered
25,12,0,-202.58,-7.061,765.673,-18.14,443.38,22253,R20MZ_FZ_200_filtered
25,12,0,-202.56,4.564,760.063,27.01,-384.5,21693,R20MZ_FZ_200_filtered
25,12,0,-202.54,-5.058,766.173,-25.32,392.53,22303,R20MZ_FZ_200_filtered
25,12,0,-202.54,-4.142,766.403,-28.65,359.81,22326,R20MZ_FZ_200_filtered
25,12,0,-202.52,12.14,758.163,-10.45,-478.89,21503,R20MZ_FZ_200_filtered
25,12,0,-202.5,8.084,759.183,12.17,-467.13,21605,R20MZ_FZ_200_filtered
25,12,0,-202.45,1.727,755.373,20.36,-210.34,21225,R20MZ_FZ_200_filtered
25,12,0,-202.45,11.907,758.223,-10.09,-478.29,21509,R20MZ_FZ_200_filtered
25,12,0,-202.45,7.794,759.253,13.94,-463.75,21612,R20MZ_FZ_200_filtered
25,12,0,-202.45,6.884,759.483,15.7,-449.92,21635,R20MZ_FZ_200_filtered
25,12,-0,-202.42,4.083,760.183,27.64,-364.94,21705,R20MZ_FZ_200_filtered
25,12,0,-202.41,3.628,760.293,28.65,-341.69,21716,R20MZ_FZ_200_filtered
25,12,0,-202.41,-3.179,766.643,-28.75,311.42,22350,R20MZ_FZ_200_filtered
25,12,0,-202.39,1.152,760.913,16.62,-141.8,21778,R20MZ_FZ_200_filtered
25,12,0,-202.36,-5.34,766.103,-23.41,402.43,22296,R20MZ_FZ_200_filtered
25,12,0,-202.36,-4.903,766.213,-23.52,388.31,22307,R20MZ_FZ_200_filtered
25,12,0,-202.26,0.91,755.163,11.05,-120.84,21204,R20MZ_FZ_200_filtered
25,12,0,-202.23,6.354,759.613,21.01,-437.22,21648,R20MZ_FZ_200_filtered
25,12,0,-202.23,1.191,760.903,16.85,-145.82,21777,R20MZ_FZ_200_filtered
25,12,0,-202.23,-3.589,766.543,-28.73,334.53,22340,R20MZ_FZ_200_filtered
25,12,0,-202.22,11.221,758.393,9.38,-477.21,21526,R20MZ_FZ_200_filtered
25,12,0,-202.22,1.895,760.733,20.25,-210.96,21760,R20MZ_FZ_200_filtered
25,12,0,-202.21,10.784,757.633,6.63,-491.16,21451,R20MZ_FZ_200_filtered
25,12,0,-202.21,-4.031,766.433,-27.28,355,22329,R20MZ_FZ_200_filtered
25,12,0,-202.17,-4.938,766.203,-23.77,389.43,22306,R20MZ_FZ_200_filtered
25,12,0,-202.15,9.188,758.903,9.72,-473.17,21577,R20MZ_FZ_200_filtered
25,12,0,-202.13,-6.955,765.703,-17.46,439.04,22256,R20MZ_FZ_200_filtered
25,12,-0,-202.13,-5.781,765.993,-19.73,414.55,22285,R20MZ_FZ_200_filtered
25,12,-0,-202.1,-7.406,765.583,-17.99,446.2,22244,R20MZ_FZ_200_filtered
25,12,-0,-202.1,-3.656,766.523,-29.67,338.58,22338,R20MZ_FZ_200_filtered
25,12,0,-202.09,12.249,758.043,9.7,-482.33,21491,R20MZ_FZ_200_filtered
25,12,0,-202.07,8.704,759.023,11.47,-471.01,21589,R20MZ_FZ_200_filtered
25,12,0,-202.06,7.633,759.293,17.81,-462.18,21616,R20MZ_FZ_200_filtered
25,12,0,-202.04,9.872,758.733,6.33,-477.4,21560,R20MZ_FZ_200_filtered
25,12,0,-202.03,10.663,757.603,9.17,-496.15,21448,R20MZ_FZ_200_filtered
25,12,0,-202.03,11.101,757.713,8.33,-493.19,21459,R20MZ_FZ_200_filtered
25,12,0,-202.02,-5.986,765.943,-21.8,418.11,22280,R20MZ_FZ_200_filtered
25,12,0,-202.01,-5.5,766.063,-23.4,405.26,22292,R20MZ_FZ_200_filtered
25,12,0,-202,8.487,759.073,16.26,-470.71,21594,R20MZ_FZ_200_filtered
25,12,0,-201.99,11.721,757.883,-5.65,-481.19,21476,R20MZ_FZ_200_filtered
25,12,-0,-201.98,10.213,757.493,10.9,-498.61,21437,R20MZ_FZ_200_filtered
25,12,0,-201.96,10.113,758.673,5.94,-474.87,21554,R20MZ_FZ_200_filtered
25,12,0,-201.95,-7.448,765.573,-17.24,448.36,22243,R20MZ_FZ_200_filtered
25,12,0,-201.94,9.789,757.383,11.06,-498.63,21426,R20MZ_FZ_200_filtered
25,12,0,-201.9,7.19,759.403,17.59,-456.29,21627,R20MZ_FZ_200_filtered
25,12,0,-201.9,-4.452,766.323,-26.48,373.29,22318,R20MZ_FZ_200_filtered
25,12,0,-201.89,1.065,755.203,16.07,-140.1,21208,R20MZ_FZ_200_filtered
25,12,0,-201.88,2.158,755.473,24.79,-247.4,21235,R20MZ_FZ_200_filtered
25,12,0,-201.83,11.542,757.823,6.88,-488.71,21470,R20MZ_FZ_200_filtered
25,12,0,-201.81,-6.447,765.823,-20.6,430.22,22268,R20MZ_FZ_200_filtered
25,12,0,-201.76,11.268,757.753,5.76,-487.74,21463,R20MZ_FZ_200_filtered
25,12,0,-201.74,4.123,760.173,27.12,-367.28,21704,R20MZ_FZ_200_filtered
25,12,0,-201.72,-6.662,765.773,-16.77,435.16,22263,R20MZ_FZ_200_filtered
25,12,0,-201.7,1.032,755.193,15.01,-135.13,21207,R20MZ_FZ_200_filtered
25,12,0,-201.7,12.236,758.113,6.76,-479.53,21498,R20MZ_FZ_200_filtered
25,12,0,-201.7,7.318,759.373,16.86,-457.21,21624,R20MZ_FZ_200_filtered
25,12,0,-201.69,6.795,759.503,18.02,-447.27,21637,R20MZ_FZ_200_filtered
25,12,0,-201.68,9.387,757.283,11.76,-495.97,21416,R20MZ_FZ_200_filtered
25,12,0,-201.66,-4.538,766.303,-26.33,375.78,22316,R20MZ_FZ_200_filtered
25,12,0,-201.62,10.539,758.563,10.02,-475.34,21543,R20MZ_FZ_200_filtered
25,12,0,-201.55,-5.379,766.093,-23.03,402.92,22295,R20MZ_FZ_200_filtered
25,12,0,-201.53,-4.104,766.413,-28.09,358.26,22327,R20MZ_FZ_200_filtered
25,12,0,-201.44,6.837,759.493,16.59,-448.05,21636,R20MZ_FZ_200_filtered
25,12,-0,-201.42,-7.369,765.593,-18.92,443.57,22245,R20MZ_FZ_200_filtered
25,12,0,-201.42,-4.985,766.193,-24.42,390.05,22305,R20MZ_FZ_200_filtered
25,12,0,-201.4,-3.619,766.533,-28.72,336.39,22339,R20MZ_FZ_200_filtered
25,12,0,-201.39,11.761,757.933,-4.38,-486.5,21481,R20MZ_FZ_200_filtered
25,12,-0,-201.38,-5.815,765.983,-18.92,414.71,22284,R20MZ_FZ_200_filtered
25,12,0,-201.37,9.006,758.953,8.71,-473.95,21582,R20MZ_FZ_200_filtered
25,12,0,-201.34,-12.017,764.443,24.81,457.94,22130,R20MZ_FZ_200_filtered
25,12,0,-201.34,-5.453,766.073,-23.58,403.85,22293,R20MZ_FZ_200_filtered
25,12,0,-201.33,0.598,755.083,8.73,-78.83,21196,R20MZ_FZ_200_filtered
25,12,0,-201.29,-7.91,765.463,-12.02,451.93,22232,R20MZ_FZ_200_filtered
25,12,0,-201.29,-4.504,766.313,-26.24,374.39,22317,R20MZ_FZ_200_filtered
25,12,0,-201.25,10.331,757.523,8.74,-491,21440,R20MZ_FZ_200_filtered
25,12,0,-201.24,9.417,758.843,15.35,-476.3,21571,R20MZ_FZ_200_filtered
25,12,0,-201.23,-4.056,766.423,-27.53,356.87,22328,R20MZ_FZ_200_filtered
25,12,0,-201.2,9.604,758.793,10.56,-474.24,21566,R20MZ_FZ_200_filtered
25,12,-0,-201.18,7.657,759.283,16.19,-460.91,21615,R20MZ_FZ_200_filtered
25,12,0,-201.13,-6.249,765.873,-21.22,425.87,22273,R20MZ_FZ_200_filtered
25,12,0,-201.12,8.237,759.143,12.58,-467.74,21601,R20MZ_FZ_200_filtered
25,12,0,-201.09,10.791,758.503,3.5,-478.13,21537,R20MZ_FZ_200_filtered
25,12,-0,-201.07,7.226,759.393,17.15,-455.79,21626,R20MZ_FZ_200_filtered
25,12,0,-201.06,10.185,757.483,10.76,-497.69,21436,R20MZ_FZ_200_filtered
25,12,0,-201.04,8.543,759.063,15.81,-469.79,21593,R20MZ_FZ_200_filtered
25,12,0,-201.04,-6.902,765.713,-16.41,437.04,22257,R20MZ_FZ_200_filtered
25,12,0,-201.02,10.819,757.643,6.46,-488.36,21452,R20MZ_FZ_200_filtered
25,12,0,-200.99,-6.41,765.833,-21.15,428.37,22269,R20MZ_FZ_200_filtered
25,12,0,-200.94,1.772,755.383,20.7,-212.51,21226,R20MZ_FZ_200_filtered
25,12,0,-200.94,8.465,757.053,14.59,-493.96,21393,R20MZ_FZ_200_filtered
25,12,0,-200.94,9.914,758.723,5.8,-475.82,21559,R20MZ_FZ_200_filtered
25,12,-0,-200.92,0.951,755.173,12.28,-125.18,21205,R20MZ_FZ_200_filtered
25,12,0,-200.92,-7.095,765.663,-18.72,443.23,22252,R20MZ_FZ_200_filtered
25,12,0,-200.9,10.614,757.593,9.29,-494.43,21447,R20MZ_FZ_200_filtered
25,12,0,-200.9,-5.904,765.963,-20.27,416.11,22282,R20MZ_FZ_200_filtered
25,12,0,-200.88,1.496,755.313,21.26,-185.67,21219,R20MZ_FZ_200_filtered
25,12,0,-200.87,8.119,759.173,12.4,-466.65,21604,R20MZ_FZ_200_filtered
25,12,0,-200.86,11.002,758.453,0.07,-475.32,21532,R20MZ_FZ_200_filtered
25,12,0,-200.86,-7.876,765.473,-11.5,449.29,22233,R20MZ_FZ_200_filtered
25,12,0,-200.84,7.27,759.383,17.14,-455.81,21625,R20MZ_FZ_200_filtered
25,12,0,-200.82,-12.05,764.433,24.9,460.71,22129,R20MZ_FZ_200_filtered
25,12,0,-200.8,12.164,758.153,-7.89,-477.32,21502,R20MZ_FZ_200_filtered
25,12,0,-200.79,-6.705,765.763,-16.1,435.33,22262,R20MZ_FZ_200_filtered
25,12,0,-200.78,0.981,755.183,13.84,-129.69,21206,R20MZ_FZ_200_filtered
25,12,0,-200.78,8.943,757.173,12.62,-493.64,21405,R20MZ_FZ_200_filtered
25,12,0,-200.74,0.725,761.023,9.65,-93.86,21789,R20MZ_FZ_200_filtered
25,12,0,-200.71,8.897,757.163,13.89,-497.37,21404,R20MZ_FZ_200_filtered
25,12,-0,-200.71,-7.528,765.553,-15.16,449.15,22241,R20MZ_FZ_200_filtered
25,12,0,-200.65,-6.367,765.843,-21.26,427.45,22270,R20MZ_FZ_200_filtered
25,12,0,-200.64,-12.176,764.333,-15.83,458.58,22119,R20MZ_FZ_200_filtered
25,12,0,-200.63,1.228,760.893,17.04,-149.06,21776,R20MZ_FZ_200_filtered
25,12,0,-200.58,7.749,759.263,14.35,-461.22,21613,R20MZ_FZ_200_filtered
25,12,0,-200.58,-6.341,765.853,-21.22,426.99,22271,R20MZ_FZ_200_filtered
25,12,0,-200.57,-9.237,765.123,-16.58,458.15,22198,R20MZ_FZ_200_filtered
25,12,0,-200.55,0.553,755.073,8.19,-73.07,21195,R20MZ_FZ_200_filtered
25,12,0,-200.55,11.381,758.343,12.45,-476.26,21521,R20MZ_FZ_200_filtered
25,12,0,-200.54,11.849,758.233,-4.72,-475.94,21510,R20MZ_FZ_200_filtered
25,12,0,-200.53,9.427,757.293,11.15,-491.77,21417,R20MZ_FZ_200_filtered
25,12,0,-200.53,9.153,758.913,8.82,-472.1,21578,R20MZ_FZ_200_filtered
25,12,0,-200.51,11.761,757.923,-3.56,-485.58,21480,R20MZ_FZ_200_filtered
25,12,0,-200.48,11.245,758.383,10.8,-475.19,21525,R20MZ_FZ_200_filtered
25,12,0,-200.47,-11.431,764.563,-18.8,455.35,22142,R20MZ_FZ_200_filtered
25,12,0,-200.46,12.288,758.003,-0.87,-481.22,21487,R20MZ_FZ_200_filtered
25,12,0,-200.45,0.757,761.013,10.36,-97.89,21788,R20MZ_FZ_200_filtered
25,12,0,-200.45,-5.863,765.973,-19.64,415.47,22283,R20MZ_FZ_200_filtered
25,12,0,-200.42,9.895,757.413,8.94,-489.45,21429,R20MZ_FZ_200_filtered
25,12,0,-200.42,-11.513,764.543,-17.8,459.83,22140,R20MZ_FZ_200_filtered
25,12,0,-200.41,-12.091,764.423,22.22,462.74,22128,R20MZ_FZ_200_filtered
25,12,0,-200.41,-9.714,765.013,-4.52,457.2,22187,R20MZ_FZ_200_filtered
25,12,0,-200.4,-10.598,764.783,-7.63,456.57,22164,R20MZ_FZ_200_filtered
25,12,0,-200.35,0.665,761.033,8.57,-89.67,21790,R20MZ_FZ_200_filtered
25,12,0,-200.35,-12.177,764.323,-15.4,461.85,22118,R20MZ_FZ_200_filtered
25,12,0,-200.34,-7.123,765.653,-18.81,442.78,22251,R20MZ_FZ_200_filtered
25,12,0,-200.33,12.276,758.013,1.41,-480.45,21488,R20MZ_FZ_200_filtered
25,12,0,-200.31,-10.646,764.773,-5.73,458.11,22163,R20MZ_FZ_200_filtered
25,12,0,-200.3,-6.294,765.863,-21.31,426.49,22272,R20MZ_FZ_200_filtered
25,12,0,-200.29,-10.167,764.893,-12.79,457.66,22175,R20MZ_FZ_200_filtered
25,12,-0,-200.28,12.255,758.033,6.58,-480.91,21490,R20MZ_FZ_200_filtered
25,12,0,-200.26,11.067,757.703,8.17,-491.46,21458,R20MZ_FZ_200_filtered
25,12,0,-200.22,11.74,757.893,-7.49,-481.5,21477,R20MZ_FZ_200_filtered
25,12,0,-200.19,11.306,757.763,5.94,-485.41,21464,R20MZ_FZ_200_filtered
25,12,0,-200.19,7.704,759.273,15.78,-461.09,21614,R20MZ_FZ_200_filtered
25,12,0,-200.17,8.2,759.153,13.24,-466.66,21602,R20MZ_FZ_200_filtered
25,12,0,-200.17,-6.873,765.723,-15.66,435.81,22258,R20MZ_FZ_200_filtered
25,12,0,-200.15,12.217,758.123,3.64,-477.99,21499,R20MZ_FZ_200_filtered
25,12,0,-200.12,11.705,758.263,5.59,-474.85,21513,R20MZ_FZ_200_filtered
25,12,-0,-200.11,8.661,759.033,12.87,-469.91,21590,R20MZ_FZ_200_filtered
25,12,0,-200.1,8.866,757.153,14.55,-498.62,21403,R20MZ_FZ_200_filtered
25,12,0,-200.09,11.505,757.813,6.75,-487.12,21469,R20MZ_FZ_200_filtered
25,12,0,-200.09,8.152,759.163,13,-466.19,21603,R20MZ_FZ_200_filtered
25,12,-0,-200.06,-10.191,764.883,-13.84,458.75,22174,R20MZ_FZ_200_filtered
25,12,0,-200.04,-12.251,764.213,9.47,463.69,22107,R20MZ_FZ_200_filtered
25,12,0,-200,-10.125,764.903,-12.77,455.8,22176,R20MZ_FZ_200_filtered
25,12,0,-199.97,10.386,757.533,8.68,-488.21,21441,R20MZ_FZ_200_filtered
25,12,0,-199.97,12.269,758.023,3.71,-480.44,21489,R20MZ_FZ_200_filtered
25,12,0,-199.95,-12.177,764.313,-14.08,464.95,22117,R20MZ_FZ_200_filtered
25,12,0,-199.94,-7.83,765.483,-11.67,446.5,22234,R20MZ_FZ_200_filtered
25,12,0,-199.91,-11.113,764.663,-5.83,458.43,22152,R20MZ_FZ_200_filtered
25,12,0,-199.9,1.373,755.283,21.52,-173.26,21216,R20MZ_FZ_200_filtered
25,12,0,-199.88,9.959,758.713,5.2,-474.25,21558,R20MZ_FZ_200_filtered
25,12,0,-199.87,9.046,758.943,8.32,-473.47,21581,R20MZ_FZ_200_filtered
25,12,0,-199.86,8.571,759.053,14.81,-469.6,21592,R20MZ_FZ_200_filtered
25,12,0,-199.83,-11.558,764.093,-5.22,464.02,22096,R20MZ_FZ_200_filtered
25,12,0,-199.81,12.183,758.143,-5.02,-476.86,21501,R20MZ_FZ_200_filtered
25,12,0,-199.79,-8.831,765.233,-7.28,457.66,22209,R20MZ_FZ_200_filtered
25,12,0,-199.78,-8.344,765.343,-16.39,457.05,22220,R20MZ_FZ_200_filtered
25,12,-0,-199.77,-12.249,764.223,7.67,461.24,22108,R20MZ_FZ_200_filtered
25,12,0,-199.74,8.426,757.043,15.57,-496.13,21392,R20MZ_FZ_200_filtered
25,12,0,-199.73,-11.518,764.083,-5.46,465.87,22095,R20MZ_FZ_200_filtered
25,12,0,-199.72,11.275,758.373,12.11,-473.76,21524,R20MZ_FZ_200_filtered
25,12,0,-199.7,8.975,757.183,11.82,-489.29,21406,R20MZ_FZ_200_filtered
25,12,0,-199.69,1.423,755.293,21.64,-176.68,21217,R20MZ_FZ_200_filtered
25,12,0,-199.63,1.818,755.393,20.63,-215.27,21227,R20MZ_FZ_200_filtered
25,12,0,-199.63,-11.402,764.573,-17.2,453.64,22143,R20MZ_FZ_200_filtered
25,12,0,-199.62,-6.746,765.753,-15.02,435.47,22261,R20MZ_FZ_200_filtered
25,12,0,-199.59,-9.27,765.113,-15.92,459.07,22197,R20MZ_FZ_200_filtered
25,12,0,-199.57,-6.785,765.743,-14.78,435.35,22260,R20MZ_FZ_200_filtered
25,12,0,-199.55,8.498,757.063,13.44,-489.6,21394,R20MZ_FZ_200_filtered
25,12,0,-199.55,-11.072,763.973,-7.33,467.43,22084,R20MZ_FZ_200_filtered
25,12,0,-199.54,10.498,758.573,11.11,-473.6,21544,R20MZ_FZ_200_filtered
25,12,0,-199.54,-10.682,764.763,-4.18,459.04,22162,R20MZ_FZ_200_filtered
25,12,0,-199.52,-7.279,765.613,-19.97,440.94,22247,R20MZ_FZ_200_filtered
25,12,0,-199.51,11.764,757.913,-4.66,-484.01,21479,R20MZ_FZ_200_filtered
25,12,0,-199.51,-10.555,764.793,-9.2,454.57,22165,R20MZ_FZ_200_filtered
25,12,0,-199.47,8.372,757.033,16.36,-495.5,21391,R20MZ_FZ_200_filtered
25,12,0,-199.47,9.123,758.923,8.49,-471.77,21579,R20MZ_FZ_200_filtered
25,12,0,-199.46,-11.594,764.103,-3.93,461.39,22097,R20MZ_FZ_200_filtered
25,12,0,-199.43,-11.136,764.653,-7.22,460.15,22151,R20MZ_FZ_200_filtered
25,12,-0,-199.42,11.751,757.903,-6.74,-482.59,21478,R20MZ_FZ_200_filtered
25,12,0,-199.42,9.45,758.833,15.13,-474.89,21570,R20MZ_FZ_200_filtered
25,12,0,-199.41,2.205,755.483,24.03,-249.26,21236,R20MZ_FZ_200_filtered
25,12,0,-199.41,-9.784,764.993,-1.9,459.36,22185,R20MZ_FZ_200_filtered
25,12,0,-199.4,-11.109,763.983,-7.14,464.17,22085,R20MZ_FZ_200_filtered
25,12,0,-199.39,12.209,758.133,-0.88,-476.87,21500,R20MZ_FZ_200_filtered
25,12,0,-199.34,-11.546,764.533,-14.23,460.29,22139,R20MZ_FZ_200_filtered
25,12,0,-199.34,-7.571,765.543,-13.63,448.06,22240,R20MZ_FZ_200_filtered
25,12,0,-199.32,-11.075,764.673,-4.19,455.95,22153,R20MZ_FZ_200_filtered
25,12,0,-199.32,-9.654,765.023,-6.35,455.51,22188,R20MZ_FZ_200_filtered
25,12,0,-199.3,11.467,757.803,7.3,-485.57,21468,R20MZ_FZ_200_filtered
25,12,0,-199.24,-8.875,765.223,-7.85,458.44,22208,R20MZ_FZ_200_filtered
25,12,0,-199.2,-11.706,764.193,8.44,467.71,22106,R20MZ_FZ_200_filtered
25,12,0,-199.18,10.14,757.473,10.85,-495.19,21435,R20MZ_FZ_200_filtered
25,12,0,-199.16,-7.249,765.623,-19.39,441.56,22248,R20MZ_FZ_200_filtered
25,12,0,-199.14,10.583,757.583,9.61,-492.54,21446,R20MZ_FZ_200_filtered
25,12,0,-199.14,10.858,757.653,6.62,-486.63,21453,R20MZ_FZ_200_filtered
25,12,0,-199.13,10.04,758.693,4.52,-472.52,21556,R20MZ_FZ_200_filtered
25,12,0,-199.13,-11.037,764.683,-2.14,453.48,22154,R20MZ_FZ_200_filtered
25,12,0,-199.12,11.806,758.243,0.42,-475.01,21511,R20MZ_FZ_200_filtered
25,12,0,-199.11,-7.167,765.643,-18.87,442.48,22250,R20MZ_FZ_200_filtered
25,12,0,-199.08,8.027,756.943,16.39,-490.08,21382,R20MZ_FZ_200_filtered
25,12,0,-199.08,11.346,757.773,6.29,-484.46,21465,R20MZ_FZ_200_filtered
25,12,0,-199.08,11.343,758.353,12.78,-474.23,21522,R20MZ_FZ_200_filtered
25,12,0,-199.07,-7.214,765.633,-19.42,442.19,22249,R20MZ_FZ_200_filtered
25,12,0,-199.02,7.985,756.933,17.29,-492.73,21381,R20MZ_FZ_200_filtered
25,12,0,-199.02,9.073,758.933,8.28,-472.55,21580,R20MZ_FZ_200_filtered
25,12,0,-199.02,-12.186,764.303,-11.93,465.73,22116,R20MZ_FZ_200_filtered
25,12,0,-199,1.274,760.883,17.38,-153.1,21775,R20MZ_FZ_200_filtered
25,12,0,-199,-10.231,764.873,-14.55,458.91,22173,R20MZ_FZ_200_filtered
25,12,0,-199,-8.016,765.433,-14.58,452.24,22229,R20MZ_FZ_200_filtered
25,12,0,-198.98,-9.309,765.103,-15.73,458.92,22196,R20MZ_FZ_200_filtered
25,12,0,-198.95,10.956,758.463,0.32,-473.44,21533,R20MZ_FZ_200_filtered
25,12,0,-198.93,2.494,755.563,24.27,-274.36,21244,R20MZ_FZ_200_filtered
25,12,0,-198.92,1.858,755.403,21.73,-218.22,21228,R20MZ_FZ_200_filtered
25,12,0,-198.89,11.026,757.693,8.1,-489.75,21457,R20MZ_FZ_200_filtered
25,12,0,-198.88,10.001,758.703,4.53,-472.98,21557,R20MZ_FZ_200_filtered
25,12,0,-198.88,-11.908,764.463,17.25,455.01,22132,R20MZ_FZ_200_filtered
25,12,0,-198.86,-8.394,765.333,-15.36,456.75,22219,R20MZ_FZ_200_filtered
25,12,0,-198.84,-10.5,764.803,-11.15,453.5,22166,R20MZ_FZ_200_filtered
25,12,0,-198.84,-10.089,764.913,-11.65,454.57,22177,R20MZ_FZ_200_filtered
25,12,0,-198.82,-6.828,765.733,-15.22,435.49,22259,R20MZ_FZ_200_filtered
25,12,0,-198.76,8.816,757.143,15.21,-497.68,21402,R20MZ_FZ_200_filtered
25,12,0,-198.74,2.531,755.573,24.1,-278.09,21245,R20MZ_FZ_200_filtered
25,12,0,-198.72,-12.123,764.413,17.2,462.89,22127,R20MZ_FZ_200_filtered
25,12,0,-198.72,-8.918,765.213,-8.18,457.52,22207,R20MZ_FZ_200_filtered
25,12,0,-198.65,0.787,761.003,11.98,-102.07,21787,R20MZ_FZ_200_filtered
25,12,0,-198.65,-11.14,763.993,-7.11,461.86,22086,R20MZ_FZ_200_filtered
25,12,0,-198.65,-9.194,765.133,-16.3,456.44,22199,R20MZ_FZ_200_filtered
25,12,0,-198.63,-10.671,763.873,-7.82,464.64,22074,R20MZ_FZ_200_filtered
25,12,0,-198.63,-11.62,764.113,-2.27,459.85,22098,R20MZ_FZ_200_filtered
25,12,0,-198.62,-11.023,763.963,-7.46,469.44,22083,R20MZ_FZ_200_filtered
25,12,0,-198.61,-9.835,764.983,-1.66,458.57,22184,R20MZ_FZ_200_filtered
25,12,0,-198.58,-10.628,763.863,-7.72,467.59,22073,R20MZ_FZ_200_filtered
25,12,0,-198.57,9.495,758.823,14.72,-474.11,21569,R20MZ_FZ_200_filtered
25,12,0,-198.56,-12.196,764.293,-9.61,464.65,22115,R20MZ_FZ_200_filtered
25,12,0,-198.47,-10.192,763.753,-9.56,468.37,22062,R20MZ_FZ_200_filtered
25,12,0,-198.46,2.242,755.493,23.1,-251.25,21237,R20MZ_FZ_200_filtered
25,12,0,-198.46,-7.788,765.493,-11.38,444.82,22235,R20MZ_FZ_200_filtered
25,12,0,-198.45,-10.735,764.753,-1.97,458.12,22161,R20MZ_FZ_200_filtered
25,12,0,-198.4,-11.707,764.183,7.17,466.8,22105,R20MZ_FZ_200_filtered
25,12,0,-198.37,-7.615,765.533,-11.98,446.97,22239,R20MZ_FZ_200_filtered
25,12,0,-198.31,10.445,758.583,12.49,-472.82,21545,R20MZ_FZ_200_filtered
25,12,0,-198.28,-11.362,764.583,-16,453.35,22144,R20MZ_FZ_200_filtered
25,12,0,-198.27,9.945,757.423,8.96,-487.4,21430,R20MZ_FZ_200_filtered
25,12,0,-198.27,-11.179,764.643,-7.71,460.31,22150,R20MZ_FZ_200_filtered
25,12,0,-198.25,-12.236,764.233,4.53,459.68,22109,R20MZ_FZ_200_filtered
25,12,0,-198.2,-11.594,764.523,-10.16,459.98,22138,R20MZ_FZ_200_filtered
25,12,0,-198.18,11.314,758.363,12.76,-473.61,21523,R20MZ_FZ_200_filtered
25,12,0,-198.16,11.425,757.793,7.27,-484.78,21467,R20MZ_FZ_200_filtered
25,12,0,-198.13,7.551,756.823,18.48,-486.19,21370,R20MZ_FZ_200_filtered
25,12,0,-198.13,10.923,758.473,0.77,-472.81,21534,R20MZ_FZ_200_filtered
25,12,0,-198.12,2.574,755.583,24.1,-280.72,21246,R20MZ_FZ_200_filtered
25,12,0,-198.12,7.938,756.923,18.23,-492.56,21380,R20MZ_FZ_200_filtered
25,12,0,-198.08,-10.152,763.743,-9.42,471.47,22061,R20MZ_FZ_200_filtered
25,12,0,-197.99,-10.599,763.853,-7.72,470.05,22072,R20MZ_FZ_200_filtered
25,12,-0,-197.98,2.461,755.553,24.06,-270.01,21243,R20MZ_FZ_200_filtered
25,12,0,-197.98,-7.694,765.513,-10.94,444.82,22237,R20MZ_FZ_200_filtered
25,12,0,-197.97,8.542,757.073,12.69,-485.55,21395,R20MZ_FZ_200_filtered
25,12,0,-197.95,-8.44,765.323,-13.88,455.67,22218,R20MZ_FZ_200_filtered
25,12,0,-197.95,-8.05,765.423,-14.92,451.02,22228,R20MZ_FZ_200_filtered
25,12,0,-197.92,7.5,756.813,19.47,-486.52,21369,R20MZ_FZ_200_filtered
25,12,0,-197.91,7.1,756.713,19.39,-477.82,21359,R20MZ_FZ_200_filtered
25,12,0,-197.91,7.583,756.833,16.82,-483.09,21371,R20MZ_FZ_200_filtered
25,12,0,-197.9,-8.202,765.383,-18.35,448.71,22224,R20MZ_FZ_200_filtered
25,12,0,-197.88,9.032,757.193,11.95,-486.49,21407,R20MZ_FZ_200_filtered
25,12,0,-197.88,-12.223,764.243,0.92,458.61,22110,R20MZ_FZ_200_filtered
25,12,0,-197.87,1.364,760.863,17.64,-160.52,21773,R20MZ_FZ_200_filtered
25,12,0,-197.86,-8.947,765.203,-8.25,455.8,22206,R20MZ_FZ_200_filtered
25,12,-0,-197.84,-7.66,765.523,-11.22,445.91,22238,R20MZ_FZ_200_filtered
25,12,0,-197.81,7.073,756.703,20.64,-478.46,21358,R20MZ_FZ_200_filtered
25,12,0,-197.8,-11.637,764.123,1.3,459.69,22099,R20MZ_FZ_200_filtered
25,12,0,-197.79,-9.621,765.033,-7.69,454.76,22189,R20MZ_FZ_200_filtered
25,12,0,-197.77,8.06,756.953,15.55,-485.42,21383,R20MZ_FZ_200_filtered
25,12,0,-197.77,-10.064,764.923,-10.32,454.44,22178,R20MZ_FZ_200_filtered
25,12,0,-197.75,11.389,757.783,6.87,-484.47,21466,R20MZ_FZ_200_filtered
25,12,0,-197.71,-9.351,765.093,-14.78,457.83,22195,R20MZ_FZ_200_filtered
25,12,0,-197.69,-12.183,764.283,-6.84,462.77,22114,R20MZ_FZ_200_filtered
25,12,-0,-197.62,10.909,757.663,7.08,-486.15,21454,R20MZ_FZ_200_filtered
25,12,0,-197.61,9.512,757.313,10.74,-486.94,21419,R20MZ_FZ_200_filtered
25,12,0,-197.57,-11.198,764.003,-6.67,460.46,22087,R20MZ_FZ_200_filtered
25,12,0,-197.56,0.3,761.133,3.31,-42.49,21800,R20MZ_FZ_200_filtered
25,12,0,-197.55,9.227,757.243,12.97,-494.86,21412,R20MZ_FZ_200_filtered
25,12,0,-197.52,-7.738,765.503,-11.22,444.35,22236,R20MZ_FZ_200_filtered
25,12,0,-197.51,-11.007,764.693,-0.37,452.72,22155,R20MZ_FZ_200_filtered
25,12,0,-197.44,-10.24,763.763,-9.1,465.13,22063,R20MZ_FZ_200_filtered
25,12,0,-197.42,10.104,757.463,11.18,-493.02,21434,R20MZ_FZ_200_filtered
25,12,0,-197.41,-8.161,765.393,-17.66,448.56,22225,R20MZ_FZ_200_filtered
25,12,0,-197.4,-12.144,764.403,11.84,461.99,22126,R20MZ_FZ_200_filtered
25,12,0,-197.4,-10.261,764.863,-14.77,457.97,22172,R20MZ_FZ_200_filtered
25,12,0,-197.39,-11.859,764.473,10.92,455.19,22133,R20MZ_FZ_200_filtered
25,12,0,-197.36,6.668,756.603,20.82,-467.27,21348,R20MZ_FZ_200_filtered
25,12,0,-197.36,-12.217,764.253,-0.74,459.22,22111,R20MZ_FZ_200_filtered
25,12,0,-197.36,-8.121,765.403,-16.93,448.84,22226,R20MZ_FZ_200_filtered
25,12,0,-197.34,-11.211,764.633,-8.5,459.22,22149,R20MZ_FZ_200_filtered
25,12,0,-197.33,-12.183,764.363,-8.6,457.37,22122,R20MZ_FZ_200_filtered
25,12,0,-197.32,10.541,757.573,9.53,-491.47,21445,R20MZ_FZ_200_filtered
25,12,0,-197.28,-10.782,764.743,0.35,457.51,22160,R20MZ_FZ_200_filtered
25,12,-0,-197.27,-12.194,764.273,-4.08,461.1,22113,R20MZ_FZ_200_filtered
25,12,0,-197.26,8.35,757.023,16.86,-493.01,21390,R20MZ_FZ_200_filtered
25,12,0,-197.24,-11.71,764.173,7.52,464.47,22104,R20MZ_FZ_200_filtered
25,12,0,-197.21,-9.876,764.973,-1.95,457.48,22183,R20MZ_FZ_200_filtered
25,12,0,-197.19,-9.124,765.153,-14.76,454.31,22201,R20MZ_FZ_200_filtered
25,12,0,-197.14,-12.204,764.263,-2.22,459.84,22112,R20MZ_FZ_200_filtered
25,12,0,-197.13,6.191,756.483,23.62,-457.04,21336,R20MZ_FZ_200_filtered
25,12,0,-197.11,-10.547,763.843,-7.46,470.99,22071,R20MZ_FZ_200_filtered
25,12,0,-197.11,-11.631,764.513,-7.33,458.77,22137,R20MZ_FZ_200_filtered
25,12,0,-197.1,-10.991,763.953,-7.23,469.42,22082,R20MZ_FZ_200_filtered
25,12,0,-197.08,-11.391,764.053,-5.06,463.57,22092,R20MZ_FZ_200_filtered
25,12,0,-197.07,-10.298,764.853,-14.42,457.53,22171,R20MZ_FZ_200_filtered
25,12,-0,-197.06,10.945,757.673,7.07,-487.08,21455,R20MZ_FZ_200_filtered
25,12,-0,-197.04,6.621,756.593,22.21,-468.05,21347,R20MZ_FZ_200_filtered
25,12,0,-197.04,8.778,757.133,15.16,-494.88,21401,R20MZ_FZ_200_filtered
25,12,0,-197.02,-10.284,763.773,-8.9,463.58,22064,R20MZ_FZ_200_filtered
25,12,-0,-196.99,-8.526,765.303,-10.89,453.2,22216,R20MZ_FZ_200_filtered
25,12,0,-196.98,-11.233,764.623,-9.69,457.39,22148,R20MZ_FZ_200_filtered
25,12,0,-196.96,-9.718,763.633,-10.36,471.34,22050,R20MZ_FZ_200_filtered
25,12,0,-196.95,-12.166,764.393,5.08,460.46,22125,R20MZ_FZ_200_filtered
25,12,0,-196.92,-9.385,765.083,-13.35,456.76,22194,R20MZ_FZ_200_filtered
25,12,0,-196.91,7.024,756.693,21.02,-475.97,21357,R20MZ_FZ_200_filtered
25,12,0,-196.82,2.612,755.593,24.13,-282.71,21247,R20MZ_FZ_200_filtered
25,12,0,-196.82,-9.92,764.963,-3.05,457.37,22182,R20MZ_FZ_200_filtered
25,12,0,-196.79,6.144,756.473,24.3,-455.8,21335,R20MZ_FZ_200_filtered
25,12,0,-196.79,-9.769,763.643,-10.18,467.44,22051,R20MZ_FZ_200_filtered
25,12,0,-196.72,2.279,755.503,22.81,-252.94,21238,R20MZ_FZ_200_filtered
25,12,0,-196.7,-8.658,765.273,-8.66,451.49,22213,R20MZ_FZ_200_filtered
25,12,0,-196.59,-9.8,763.653,-9.55,465.3,22052,R20MZ_FZ_200_filtered
25,12,0,-196.55,7.904,756.913,18.31,-489.77,21379,R20MZ_FZ_200_filtered
25,12,0,-196.53,9.986,757.433,9.92,-486.93,21431,R20MZ_FZ_200_filtered
25,12,0,-196.53,-11.23,764.013,-6.51,460.48,22088,R20MZ_FZ_200_filtered
25,12,0,-196.52,10.059,757.453,10.35,-490.98,21433,R20MZ_FZ_200_filtered
25,12,0,-196.52,0.604,761.053,6.66,-79.86,21792,R20MZ_FZ_200_filtered
25,12,-0,-196.52,-11.745,764.493,-0.74,457.24,22135,R20MZ_FZ_200_filtered
25,12,0,-196.52,-11.332,764.593,-15.3,454.3,22145,R20MZ_FZ_200_filtered
25,12,0,-196.52,-8.985,765.193,-9.7,454.73,22205,R20MZ_FZ_200_filtered
25,12,0,-196.5,-11.313,764.033,-5.54,462.04,22090,R20MZ_FZ_200_filtered
25,12,0,-196.5,-12.178,764.373,-5.61,458.6,22123,R20MZ_FZ_200_filtered
25,12,0,-196.48,-9.428,765.073,-12.07,456.29,22193,R20MZ_FZ_200_filtered
25,12,0,-196.47,-10.883,764.723,2.91,455.99,22158,R20MZ_FZ_200_filtered
25,12,0,-196.41,-10.34,764.843,-13.92,457.24,22170,R20MZ_FZ_200_filtered
25,12,0,-196.4,7.457,756.803,20.01,-483.88,21368,R20MZ_FZ_200_filtered
25,12,0,-196.4,0.87,760.983,12.79,-109.01,21785,R20MZ_FZ_200_filtered
25,12,0,-196.36,-11.694,764.503,-4.45,457.84,22136,R20MZ_FZ_200_filtered
25,12,0,-196.35,-10.422,764.823,-12.89,454.76,22168,R20MZ_FZ_200_filtered
25,12,0,-196.34,2.425,755.543,23.13,-265.51,21242,R20MZ_FZ_200_filtered
25,12,0,-196.32,-11.265,764.613,-11.73,456.76,22147,R20MZ_FZ_200_filtered
25,12,0,-196.3,-11.805,764.483,4.49,456.29,22134,R20MZ_FZ_200_filtered
25,12,0,-196.28,6.227,756.493,22.31,-456.11,21337,R20MZ_FZ_200_filtered
25,12,0,-196.28,-8.613,765.283,-9.02,451.79,22214,R20MZ_FZ_200_filtered
25,12,0,-196.27,8.575,757.083,12.88,-483.21,21396,R20MZ_FZ_200_filtered
25,12,0,-196.25,7.15,756.723,18.44,-474.7,21360,R20MZ_FZ_200_filtered
25,12,0,-196.23,-10.844,764.733,2.47,456.74,22159,R20MZ_FZ_200_filtered
25,12,0,-196.22,9.62,757.343,11.79,-491.76,21422,R20MZ_FZ_200_filtered
25,12,0,-196.22,-8.362,763.293,-14.44,464.53,22016,R20MZ_FZ_200_filtered
25,12,0,-196.16,-8.572,765.293,-9.52,452.72,22215,R20MZ_FZ_200_filtered
25,12,0,-196.14,5.749,756.373,24.59,-444.48,21325,R20MZ_FZ_200_filtered
25,12,0,-196.13,8.095,756.963,14.58,-481.5,21384,R20MZ_FZ_200_filtered
25,12,-0,-196.1,2.388,755.533,23.1,-261.14,21241,R20MZ_FZ_200_filtered
25,12,0,-196.1,-10.374,764.833,-13.14,456.32,22169,R20MZ_FZ_200_filtered
25,12,-0,-196.07,-11.359,764.043,-5.06,462.49,22091,R20MZ_FZ_200_filtered
25,12,-0,-196.06,-8.801,763.403,-12.87,469.65,22027,R20MZ_FZ_200_filtered
25,12,0,-196.05,-9.313,763.533,-10.91,465.76,22040,R20MZ_FZ_200_filtered
25,12,0,-196.03,-9.517,765.053,-9.49,455.22,22191,R20MZ_FZ_200_filtered
25,12,0,-196.02,5.693,756.363,26.02,-443.08,21324,R20MZ_FZ_200_filtered
25,12,0,-196.02,9.061,757.203,12.38,-485.68,21408,R20MZ_FZ_200_filtered
25,12,0,-195.93,-9.678,763.623,-10.07,473.5,22049,R20MZ_FZ_200_filtered
25,12,0,-195.92,-11.301,764.603,-13.65,455.38,22146,R20MZ_FZ_200_filtered
25,12,0,-195.92,-10.931,764.713,2.69,454.75,22157,R20MZ_FZ_200_filtered
25,12,-0,-195.91,9.543,757.323,11.37,-487.86,21420,R20MZ_FZ_200_filtered
25,12,0,-195.9,-9.086,765.163,-13.85,453.99,22202,R20MZ_FZ_200_filtered
25,12,0,-195.88,-9.023,765.183,-10.84,454.58,22204,R20MZ_FZ_200_filtered
25,12,0,-195.87,5.26,756.253,26.4,-428.03,21313,R20MZ_FZ_200_filtered
25,12,0,-195.84,-10.024,764.933,-8.29,455.07,22179,R20MZ_FZ_200_filtered
25,12,0,-195.83,-8.829,763.413,-13,466.7,22028,R20MZ_FZ_200_filtered
25,12,0,-195.8,8.307,757.013,16.59,-489.61,21389,R20MZ_FZ_200_filtered
25,12,0,-195.78,4.829,756.143,26.97,-409.44,21302,R20MZ_FZ_200_filtered
25,12,0,-195.78,9.589,757.333,11.55,-489.56,21421,R20MZ_FZ_200_filtered
25,12,0,-195.77,0.902,760.973,13.19,-113.82,21784,R20MZ_FZ_200_filtered
25,12,0,-195.7,-11.283,764.023,-6.34,461.43,22089,R20MZ_FZ_200_filtered
25,12,0,-195.64,-8.397,763.303,-14,462.21,22017,R20MZ_FZ_200_filtered
25,12,0,-195.57,0.376,761.113,5,-51.16,21798,R20MZ_FZ_200_filtered
25,12,0,-195.55,-10.791,763.903,-7.44,463.14,22077,R20MZ_FZ_200_filtered
25,12,0,-195.54,8.733,757.123,14.77,-491.91,21400,R20MZ_FZ_200_filtered
25,12,0,-195.5,-7.909,763.183,-15.48,460.01,22005,R20MZ_FZ_200_filtered
25,12,0,-195.48,-7.874,763.173,-15.73,462.34,22004,R20MZ_FZ_200_filtered
25,12,0,-195.47,-9.041,765.173,-12.28,454.13,22203,R20MZ_FZ_200_filtered
25,12,0,-195.45,-9.35,763.543,-10.83,464.07,22041,R20MZ_FZ_200_filtered
25,12,0,-195.42,5.309,756.263,25.72,-428.97,21314,R20MZ_FZ_200_filtered
25,12,0,-195.38,6.108,756.463,24.7,-452.06,21334,R20MZ_FZ_200_filtered
25,12,0,-195.37,5.227,756.243,27.05,-424.95,21312,R20MZ_FZ_200_filtered
25,12,0,-195.37,6.702,756.613,19.56,-464.17,21349,R20MZ_FZ_200_filtered
25,12,0,-195.33,-8.749,763.393,-13.06,470.88,22026,R20MZ_FZ_200_filtered
25,12,0,-195.32,2.319,755.513,22.49,-254.97,21239,R20MZ_FZ_200_filtered
25,12,0,-195.3,-0.184,761.243,-3.2,15.52,21811,R20MZ_FZ_200_filtered
25,12,0,-195.14,7.191,756.733,17.63,-470.36,21361,R20MZ_FZ_200_filtered
25,12,0,-195.13,-8.317,763.283,-14.42,466.39,22015,R20MZ_FZ_200_filtered
25,12,0,-195.11,-7.831,763.163,-15.75,463.45,22003,R20MZ_FZ_200_filtered
25,12,0,-195.03,2.925,755.673,30.35,-302.28,21255,R20MZ_FZ_200_filtered
25,12,0,-195.03,2.975,755.683,29.89,-306.45,21256,R20MZ_FZ_200_filtered
25,12,0,-195.01,9.144,757.223,13.02,-490.05,21410,R20MZ_FZ_200_filtered
25,12,0,-194.97,3.01,755.693,28.65,-309.54,21257,R20MZ_FZ_200_filtered
25,12,0,-194.93,9.101,757.213,12.86,-487.39,21409,R20MZ_FZ_200_filtered
25,12,0,-194.92,-7.435,763.063,-16.57,456.15,21993,R20MZ_FZ_200_filtered
25,12,0,-194.91,-0.23,761.253,-3.15,21.27,21812,R20MZ_FZ_200_filtered
25,12,0,-194.91,-7.476,763.073,-16.28,454,21994,R20MZ_FZ_200_filtered
25,12,0,-194.91,-9.64,763.613,-9.75,473.96,22048,R20MZ_FZ_200_filtered
25,12,0,-194.91,-10.318,763.783,-8.42,463.75,22065,R20MZ_FZ_200_filtered
25,12,0,-194.9,7.864,756.903,18.37,-486.18,21378,R20MZ_FZ_200_filtered
25,12,0,-194.89,6.551,756.573,23.61,-462.46,21345,R20MZ_FZ_200_filtered
25,12,0,-194.84,5.666,756.353,26.75,-439.66,21323,R20MZ_FZ_200_filtered
25,12,0,-194.84,6.982,756.683,20.65,-471.92,21356,R20MZ_FZ_200_filtered
25,12,0,-194.83,-7.964,763.193,-14.82,457.71,22006,R20MZ_FZ_200_filtered
25,12,0,-194.78,4.874,756.153,25.46,-410.2,21303,R20MZ_FZ_200_filtered
25,12,0,-194.74,4.788,756.133,27.89,-406.63,21301,R20MZ_FZ_200_filtered
25,12,0,-194.73,8.628,757.093,13.73,-483.37,21397,R20MZ_FZ_200_filtered
25,12,0,-194.7,5.78,756.383,23.49,-442.76,21326,R20MZ_FZ_200_filtered
25,12,0,-194.69,-9.833,763.663,-9.7,464.38,22053,R20MZ_FZ_200_filtered
25,12,0,-194.64,-8.869,763.423,-12.95,464.37,22029,R20MZ_FZ_200_filtered
25,12,0,-194.57,-10.844,763.913,-7.24,464.2,22078,R20MZ_FZ_200_filtered
25,12,0,-194.45,2.358,755.523,22.41,-257.59,21240,R20MZ_FZ_200_filtered
25,12,-0,-194.42,7.423,756.793,20.03,-479.81,21367,R20MZ_FZ_200_filtered
25,12,0,-194.41,8.147,756.973,15.23,-479.48,21385,R20MZ_FZ_200_filtered
25,12,0,-194.39,-8.435,763.313,-13.5,460.67,22018,R20MZ_FZ_200_filtered
25,12,0,-194.38,-7.403,763.053,-16.95,457.24,21992,R20MZ_FZ_200_filtered
25,12,0,-194.37,-10.043,763.713,-8.76,471.5,22058,R20MZ_FZ_200_filtered
25,12,0,-194.32,6.267,756.503,21.44,-452.82,21338,R20MZ_FZ_200_filtered
25,12,0,-194.3,0.423,761.103,5.54,-55.51,21797,R20MZ_FZ_200_filtered
25,12,0,-194.26,8.705,757.113,14.73,-489.11,21399,R20MZ_FZ_200_filtered
25,12,0,-194.25,-8.268,763.273,-14.48,467,22014,R20MZ_FZ_200_filtered
25,12,0,-194.22,0.562,761.063,6.36,-74.57,21793,R20MZ_FZ_200_filtered
25,12,0,-194.21,-6.518,762.833,-21.04,446.87,21970,R20MZ_FZ_200_filtered
25,12,0,-194.15,8.664,757.103,14.39,-485.69,21398,R20MZ_FZ_200_filtered
25,12,0,-194.13,6.745,756.623,18.9,-459.95,21350,R20MZ_FZ_200_filtered
25,12,0,-194.12,2.888,755.663,29.52,-298.23,21254,R20MZ_FZ_200_filtered
25,12,0,-194.09,-6.994,762.953,-18.66,451.36,21982,R20MZ_FZ_200_filtered
25,12,0,-194.06,5.338,756.273,24.81,-426.93,21315,R20MZ_FZ_200_filtered
25,12,0,-194.04,4.341,756.023,26.26,-384.76,21290,R20MZ_FZ_200_filtered
25,12,0,-194.03,4.366,756.033,25.99,-387.22,21291,R20MZ_FZ_200_filtered
25,12,0,-193.99,-6.954,762.943,-18.54,452.74,21981,R20MZ_FZ_200_filtered
25,12,0,-193.96,-10.361,763.793,-7.66,465.14,22066,R20MZ_FZ_200_filtered
25,12,0,-193.95,-7.034,762.963,-18.06,449.34,21983,R20MZ_FZ_200_filtered
25,12,0,-193.92,-6.077,762.723,-23.19,439.12,21959,R20MZ_FZ_200_filtered
25,12,0,-193.92,-9.598,763.603,-9.5,472.44,22047,R20MZ_FZ_200_filtered
25,12,0,-193.91,-8.718,763.383,-13,470.57,22025,R20MZ_FZ_200_filtered
25,12,0,-193.78,-9.153,763.493,-11.27,471.82,22036,R20MZ_FZ_200_filtered
25,12,0,-193.77,-7.35,763.043,-16.89,456.78,21991,R20MZ_FZ_200_filtered
25,12,0,-193.75,-7.519,763.083,-16.13,452.3,21995,R20MZ_FZ_200_filtered
25,12,0,-193.75,-9.402,763.553,-10.55,464.08,22042,R20MZ_FZ_200_filtered
25,12,0,-193.69,6.5,756.563,23.14,-457.2,21344,R20MZ_FZ_200_filtered
25,12,0,-193.69,-0.27,761.263,-3.76,27.02,21813,R20MZ_FZ_200_filtered
25,12,0,-193.67,-0.141,761.233,-3.1,10.56,21810,R20MZ_FZ_200_filtered
25,12,0,-193.63,6.065,756.453,24.24,-447.25,21333,R20MZ_FZ_200_filtered
25,12,0,-193.57,3.064,755.703,27.33,-311.4,21258,R20MZ_FZ_200_filtered
25,12,0,-193.56,-9.96,763.693,-8.8,469.05,22056,R20MZ_FZ_200_filtered
25,12,0,-193.56,-10,763.703,-8.38,470.24,22057,R20MZ_FZ_200_filtered
25,12,-0,-193.55,8.267,757.003,16.92,-486.31,21388,R20MZ_FZ_200_filtered
25,12,0,-193.53,6.95,756.673,20.51,-467.26,21355,R20MZ_FZ_200_filtered
25,12,0,-193.5,4.736,756.123,28.01,-402.12,21300,R20MZ_FZ_200_filtered
25,12,0,-193.5,5.183,756.233,26.75,-420.11,21311,R20MZ_FZ_200_filtered
25,12,0,-193.49,0.531,761.073,5.89,-69.28,21794,R20MZ_FZ_200_filtered
25,12,0,-193.49,-10.393,763.803,-7.52,466.37,22067,R20MZ_FZ_200_filtered
25,12,0,-193.47,4.41,756.043,25.37,-388.3,21292,R20MZ_FZ_200_filtered
25,12,0,-193.46,-9.864,763.673,-9.38,465,22054,R20MZ_FZ_200_filtered
25,12,0,-193.45,-6.553,762.843,-20.37,445.49,21971,R20MZ_FZ_200_filtered
25,12,0,-193.41,7.387,756.783,19.77,-475.31,21366,R20MZ_FZ_200_filtered
25,12,0,-193.4,-7.803,763.153,-15.52,462.81,22002,R20MZ_FZ_200_filtered
25,12,0,-193.33,-8.921,763.433,-12.45,463.9,22030,R20MZ_FZ_200_filtered
25,12,0,-193.3,-6.475,762.823,-21.05,446.38,21969,R20MZ_FZ_200_filtered
25,12,0,-193.25,0.445,761.093,5.91,-59.99,21796,R20MZ_FZ_200_filtered
25,12,0,-193.2,4.914,756.163,24.48,-408.64,21304,R20MZ_FZ_200_filtered
25,12,0,-193.12,-9.92,763.683,-9.19,467.02,22055,R20MZ_FZ_200_filtered
25,12,0,-193.11,-6.12,762.733,-22.8,438.19,21960,R20MZ_FZ_200_filtered
25,12,0,-193.06,5.825,756.393,22.13,-439.96,21327,R20MZ_FZ_200_filtered
25,12,0,-193.06,7.699,756.863,16.78,-473.89,21374,R20MZ_FZ_200_filtered
25,12,-0,-193.06,-8.48,763.323,-13.52,461.31,22019,R20MZ_FZ_200_filtered
25,12,0,-193.05,-6.912,762.933,-18.65,452.28,21980,R20MZ_FZ_200_filtered
25,12,0,-193,-5.641,762.613,-25.49,430.29,21948,R20MZ_FZ_200_filtered
25,12,0,-192.98,7.825,756.893,18.03,-482.13,21377,R20MZ_FZ_200_filtered
25,12,-0,-192.93,2.672,755.613,26.35,-284.23,21249,R20MZ_FZ_200_filtered
25,12,0,-192.93,8.187,756.983,15.67,-480.4,21386,R20MZ_FZ_200_filtered
25,12,0,-192.8,-6.588,762.853,-19.86,443.63,21972,R20MZ_FZ_200_filtered
25,12,0,-192.78,7.225,756.743,18.07,-467.4,21362,R20MZ_FZ_200_filtered
25,12,0,-192.77,0.489,761.083,6.09,-64.17,21795,R20MZ_FZ_200_filtered
25,12,0,-192.76,-7.309,763.033,-16.6,455.4,21990,R20MZ_FZ_200_filtered
25,12,0,-192.7,-9.432,763.563,-10.26,465.48,22043,R20MZ_FZ_200_filtered
25,12,0,-192.66,8.223,756.993,16.49,-483.06,21387,R20MZ_FZ_200_filtered
25,12,0,-192.6,-0.095,761.223,-2.21,5.46,21809,R20MZ_FZ_200_filtered
25,12,0,-192.6,-5.2,762.503,-28.04,418.66,21937,R20MZ_FZ_200_filtered
25,12,0,-192.6,-7.07,762.973,-18,447.81,21984,R20MZ_FZ_200_filtered
25,12,0,-192.59,6.787,756.633,19.08,-457.77,21351,R20MZ_FZ_200_filtered
25,12,0,-192.56,-7.555,763.093,-16.23,451.98,21996,R20MZ_FZ_200_filtered
25,12,0,-192.56,-8.236,763.263,-14.41,466.09,22013,R20MZ_FZ_200_filtered
25,12,0,-192.5,3.88,755.913,30.36,-359.46,21279,R20MZ_FZ_200_filtered
25,12,0,-192.49,-5.152,762.493,-28.59,418.34,21936,R20MZ_FZ_200_filtered
25,12,0,-192.49,-8.672,763.373,-12.35,469.03,22024,R20MZ_FZ_200_filtered
25,12,0,-192.46,-8.954,763.443,-12.24,464.86,22031,R20MZ_FZ_200_filtered
25,12,0,-192.44,-6.15,762.743,-22.52,437.44,21961,R20MZ_FZ_200_filtered
25,12,0,-192.34,-5.596,762.603,-26,430.57,21947,R20MZ_FZ_200_filtered
25,12,0,-192.31,7.78,756.883,17.64,-478.4,21376,R20MZ_FZ_200_filtered
25,12,0,-192.31,-7.754,763.143,-15.23,461.45,22001,R20MZ_FZ_200_filtered
25,12,0,-192.29,-9.11,763.483,-11.13,470.57,22035,R20MZ_FZ_200_filtered
25,12,0,-192.28,-6.879,762.923,-18.96,451.22,21979,R20MZ_FZ_200_filtered
25,12,0,-192.25,-9.515,763.583,-9.28,468.87,22045,R20MZ_FZ_200_filtered
25,12,0,-192.14,-9.482,763.573,-9.59,467.16,22044,R20MZ_FZ_200_filtered
25,12,0,-192.13,5.384,756.283,24.26,-424.12,21316,R20MZ_FZ_200_filtered
25,12,0,-192.12,-6.435,762.813,-21.13,445.31,21968,R20MZ_FZ_200_filtered
25,12,0,-192.06,6.463,756.553,22.92,-453.42,21343,R20MZ_FZ_200_filtered
25,12,0,-192.05,7.355,756.773,19.56,-471.41,21365,R20MZ_FZ_200_filtered
25,12,0,-192.05,7.748,756.873,17.46,-475.45,21375,R20MZ_FZ_200_filtered
25,12,0,-192.04,-8.64,763.363,-12.33,467.97,22023,R20MZ_FZ_200_filtered
25,12,0,-191.99,-1.984,761.703,-29.53,235.03,21857,R20MZ_FZ_200_filtered
25,12,0,-191.91,0.134,761.173,0.48,-20.88,21804,R20MZ_FZ_200_filtered
25,12,0,-191.9,-6.627,762.863,-19.75,442.71,21973,R20MZ_FZ_200_filtered
25,12,0,-191.81,-9.027,763.463,-11.27,468.44,22033,R20MZ_FZ_200_filtered
25,12,0,-191.8,3.104,755.713,25.22,-312,21259,R20MZ_FZ_200_filtered
25,12,0,-191.78,3.461,755.803,24.26,-336.04,21268,R20MZ_FZ_200_filtered
25,12,0,-191.77,5.149,756.223,26.15,-415.28,21310,R20MZ_FZ_200_filtered
25,12,0,-191.77,-8.997,763.453,-11.83,466.58,22032,R20MZ_FZ_200_filtered
25,12,0,-191.74,-8.516,763.333,-13.32,463.17,22020,R20MZ_FZ_200_filtered
25,12,0,-191.73,-8.195,763.253,-14.28,464.69,22012,R20MZ_FZ_200_filtered
25,12,0,-191.7,6.018,756.443,23.81,-442.89,21332,R20MZ_FZ_200_filtered
25,12,0,-191.68,3.436,755.793,24.03,-333.27,21267,R20MZ_FZ_200_filtered
25,12,0,-191.63,-0.622,761.363,-10.03,81.77,21823,R20MZ_FZ_200_filtered
25,12,0,-191.59,4.708,756.113,28.24,-397.15,21299,R20MZ_FZ_200_filtered
25,12,0,-191.58,4.459,756.053,24.65,-387.36,21293,R20MZ_FZ_200_filtered
25,12,0,-191.5,-4.707,762.383,-30.71,403.79,21925,R20MZ_FZ_200_filtered
25,12,0,-191.47,7.264,756.753,18.48,-466.29,21363,R20MZ_FZ_200_filtered
25,12,-0,-191.46,-0.059,761.213,-1.33,0.68,21808,R20MZ_FZ_200_filtered
25,12,0,-191.45,2.713,755.623,27.71,-285.5,21250,R20MZ_FZ_200_filtered
25,12,0,-191.43,-7.605,763.103,-15.94,454.02,21997,R20MZ_FZ_200_filtered
25,12,0,-191.37,-9.084,763.473,-10.8,469.51,22034,R20MZ_FZ_200_filtered
25,12,0,-191.36,6.867,756.653,20.16,-459.45,21353,R20MZ_FZ_200_filtered
25,12,0,-191.36,-5.127,762.483,-28.45,417.27,21935,R20MZ_FZ_200_filtered
25,12,0,-191.31,3.506,755.813,23.91,-337.58,21269,R20MZ_FZ_200_filtered
25,12,0,-191.25,6.339,756.523,21.54,-447.69,21340,R20MZ_FZ_200_filtered
25,12,0,-191.22,5.866,756.403,21.98,-437.13,21328,R20MZ_FZ_200_filtered
25,12,0,-191.21,-7.108,762.983,-17.8,447.68,21985,R20MZ_FZ_200_filtered
25,12,0,-191.19,-7.715,763.133,-14.97,460.37,22000,R20MZ_FZ_200_filtered
25,12,0,-191.14,7.305,756.763,19.14,-468.15,21364,R20MZ_FZ_200_filtered
25,12,0,-191.13,-0.311,761.273,-4.33,33.56,21814,R20MZ_FZ_200_filtered
25,12,0,-191.11,-5.712,762.633,-24.56,429.84,21950,R20MZ_FZ_200_filtered
25,12,0,-191.1,-8.553,763.343,-13,465.17,22021,R20MZ_FZ_200_filtered
25,12,0,-191.08,-8.603,763.353,-12.64,467.04,22022,R20MZ_FZ_200_filtered
25,12,0,-191.05,4.948,756.173,23.6,-406.61,21305,R20MZ_FZ_200_filtered
25,12,0,-191.04,6.823,756.643,19.77,-457.6,21352,R20MZ_FZ_200_filtered
25,12,-0,-191,-7.672,763.123,-15.47,458.84,21999,R20MZ_FZ_200_filtered
25,12,0,-190.92,-1.586,761.593,-18.99,194.4,21846,R20MZ_FZ_200_filtered
25,12,0,-190.91,3.399,755.783,23.95,-329.21,21266,R20MZ_FZ_200_filtered
25,12,0,-190.85,-7.273,763.023,-16.55,454.32,21989,R20MZ_FZ_200_filtered
25,12,0,-190.84,-8.115,763.233,-14.63,462.85,22010,R20MZ_FZ_200_filtered
25,12,0,-190.8,-1.946,761.693,-29.1,232.56,21856,R20MZ_FZ_200_filtered
25,12,0,-190.8,-6.394,762.803,-21.21,443.62,21967,R20MZ_FZ_200_filtered
25,12,0,-190.77,-8.161,763.243,-14.08,464.09,22011,R20MZ_FZ_200_filtered
25,12,0,-190.72,-7.236,763.013,-16.66,452.47,21988,R20MZ_FZ_200_filtered
25,12,0,-190.7,-2.47,761.823,-27.7,274.12,21869,R20MZ_FZ_200_filtered
25,12,0,-190.65,-7.638,763.113,-15.99,456.66,21998,R20MZ_FZ_200_filtered
25,12,0,-190.63,-6.192,762.753,-22.04,437.46,21962,R20MZ_FZ_200_filtered
25,12,0,-190.61,-6.839,762.913,-18.07,449.66,21978,R20MZ_FZ_200_filtered
25,12,0,-190.57,-2.436,761.813,-27.51,271.48,21868,R20MZ_FZ_200_filtered
25,12,0,-190.54,-1.541,761.583,-18.04,190.04,21845,R20MZ_FZ_200_filtered
25,12,0,-190.49,-0.656,761.373,-10.98,87.69,21824,R20MZ_FZ_200_filtered
25,12,0,-190.49,-3.354,762.043,-30.99,334.62,21891,R20MZ_FZ_200_filtered
25,12,0,-190.49,-3.394,762.053,-31.07,336.65,21892,R20MZ_FZ_200_filtered
25,12,0,-190.46,5.984,756.433,23.28,-439.02,21331,R20MZ_FZ_200_filtered
25,12,0,-190.46,-4.275,762.273,-31.55,385.19,21914,R20MZ_FZ_200_filtered
25,12,0,-190.44,-7.16,762.993,-17.14,449.07,21986,R20MZ_FZ_200_filtered
25,12,0,-190.42,-1.072,761.473,-21.07,136.4,21834,R20MZ_FZ_200_filtered
25,12,0,-190.39,-2.919,761.933,-31.08,306.54,21880,R20MZ_FZ_200_filtered
25,12,0,-190.39,-4.674,762.373,-30.71,403.01,21924,R20MZ_FZ_200_filtered
25,12,0,-190.35,0.001,761.203,-0.76,-4.44,21807,R20MZ_FZ_200_filtered
25,12,0,-190.32,-6.759,762.893,-18.58,446.58,21976,R20MZ_FZ_200_filtered
25,12,0,-190.32,-7.198,763.003,-17.09,450.62,21987,R20MZ_FZ_200_filtered
25,12,0,-190.31,0.094,761.183,-0.06,-15.13,21805,R20MZ_FZ_200_filtered
25,12,0,-190.22,-6.802,762.903,-18.23,448.29,21977,R20MZ_FZ_200_filtered
25,12,0,-190.13,-2.402,761.803,-27.55,269.33,21867,R20MZ_FZ_200_filtered
25,12,0,-190.11,6.384,756.533,22.01,-447.67,21341,R20MZ_FZ_200_filtered
25,12,-0,-190.11,-4.796,762.403,-29.79,405.21,21927,R20MZ_FZ_200_filtered
25,12,0,-190.1,-1.113,761.483,-21.26,141.36,21835,R20MZ_FZ_200_filtered
25,12,0,-190.1,-3.836,762.163,-31.83,362.69,21903,R20MZ_FZ_200_filtered
25,12,0,-190.09,-5.27,762.523,-27.13,419.62,21939,R20MZ_FZ_200_filtered
25,12,0,-190.08,5.935,756.423,22.78,-436.52,21330,R20MZ_FZ_200_filtered
25,12,0,-190.06,5.538,756.323,25.97,-425.35,21320,R20MZ_FZ_200_filtered
25,12,0,-190.02,5.905,756.413,22.2,-435.92,21329,R20MZ_FZ_200_filtered
25,12,0,-190.01,3.542,755.823,23.56,-337.87,21270,R20MZ_FZ_200_filtered
25,12,-0,-190,3.158,755.723,24.03,-312.43,21260,R20MZ_FZ_200_filtered
25,12,0,-189.96,3.356,755.773,23.82,-324.71,21265,R20MZ_FZ_200_filtered
25,12,0,-189.96,-5.078,762.473,-28.22,416.03,21934,R20MZ_FZ_200_filtered
25,12,0,-189.94,-6.706,762.883,-18.85,444.41,21975,R20MZ_FZ_200_filtered
25,12,0,-189.91,-4.325,762.283,-31.59,386.9,21915,R20MZ_FZ_200_filtered
25,12,0,-189.85,0.05,761.193,-0.37,-9.07,21806,R20MZ_FZ_200_filtered
25,12,0,-189.81,-5.754,762.643,-24.41,430.33,21951,R20MZ_FZ_200_filtered
25,12,0,-189.76,4.499,756.063,25.08,-386.27,21294,R20MZ_FZ_200_filtered
25,12,0,-189.68,4.991,756.183,24.36,-405.18,21306,R20MZ_FZ_200_filtered
25,12,0,-189.68,-2.516,761.833,-28.25,277.39,21870,R20MZ_FZ_200_filtered
25,12,0,-189.67,-3.788,762.153,-31.87,360.2,21902,R20MZ_FZ_200_filtered
25,12,0,-189.66,-6.349,762.793,-20.69,442.53,21966,R20MZ_FZ_200_filtered
25,12,0,-189.64,4.669,756.103,27.54,-392.48,21298,R20MZ_FZ_200_filtered
25,12,0,-189.62,-1.916,761.683,-28.61,229.63,21855,R20MZ_FZ_200_filtered
25,12,0,-189.49,-1.513,761.573,-17.1,185.72,21844,R20MZ_FZ_200_filtered
25,12,0,-189.47,-3.324,762.033,-30.35,332.74,21890,R20MZ_FZ_200_filtered
25,12,0,-189.43,-2.883,761.923,-30.51,304.37,21879,R20MZ_FZ_200_filtered
25,12,0,-189.41,-4.637,762.363,-30.51,401.61,21923,R20MZ_FZ_200_filtered
25,12,-0,-189.3,4.023,755.943,27.04,-362.21,21282,R20MZ_FZ_200_filtered
25,12,0,-189.29,-6.243,762.763,-21.88,438.23,21963,R20MZ_FZ_200_filtered
25,12,0,-189.26,-2.077,761.723,-30.05,241.11,21859,R20MZ_FZ_200_filtered
25,12,0,-189.21,5.063,756.203,25.19,-407.06,21308,R20MZ_FZ_200_filtered
25,12,0,-189.2,5.467,756.303,25.07,-421.01,21318,R20MZ_FZ_200_filtered
25,12,0,-189.1,-4.197,762.253,-31.06,381.92,21912,R20MZ_FZ_200_filtered
25,12,-0,-189.06,-1.157,761.493,-21.47,146.52,21836,R20MZ_FZ_200_filtered
25,12,0,-188.96,-3.758,762.143,-31.37,358.18,21901,R20MZ_FZ_200_filtered
25,12,0,-188.96,-5.911,762.683,-23.14,435.25,21955,R20MZ_FZ_200_filtered
25,12,0,-188.88,-0.695,761.383,-12.57,93.14,21825,R20MZ_FZ_200_filtered
25,12,0,-188.86,3.32,755.763,23.64,-320.35,21264,R20MZ_FZ_200_filtered
25,12,0,-188.85,-2.357,761.793,-27.22,267.32,21866,R20MZ_FZ_200_filtered
25,12,0,-188.85,-3.438,762.063,-31.3,339.45,21893,R20MZ_FZ_200_filtered
25,12,0,-188.67,5.028,756.193,24.81,-405.18,21307,R20MZ_FZ_200_filtered
25,12,0,-188.66,-0.532,761.333,-6.05,66.12,21820,R20MZ_FZ_200_filtered
25,12,0,-188.66,-3.871,762.173,-31.9,364.42,21904,R20MZ_FZ_200_filtered
25,12,0,-188.6,-5.483,762.573,-25.8,427.36,21944,R20MZ_FZ_200_filtered
25,12,0,-188.58,-4.363,762.293,-31.39,388.31,21916,R20MZ_FZ_200_filtered
25,12,0,-188.45,3.767,755.883,30.22,-346.89,21276,R20MZ_FZ_200_filtered
25,12,0,-188.43,-2.838,761.913,-29.93,302.53,21878,R20MZ_FZ_200_filtered
25,12,0,-188.42,4.215,755.993,26.21,-371.25,21287,R20MZ_FZ_200_filtered
25,12,0,-188.41,-1.661,761.613,-21.36,202.32,21848,R20MZ_FZ_200_filtered
25,12,0,-188.26,-5.802,762.653,-23.87,431.73,21952,R20MZ_FZ_200_filtered
25,12,0,-188.14,3.284,755.753,23.49,-316.94,21263,R20MZ_FZ_200_filtered
25,12,0,-188.13,3.2,755.733,23.6,-312.75,21261,R20MZ_FZ_200_filtered
25,12,0,-188.11,4.626,756.093,27.06,-388.76,21297,R20MZ_FZ_200_filtered
25,12,0,-188.11,-5.318,762.533,-27.14,421.34,21940,R20MZ_FZ_200_filtered
25,12,0,-188.03,-5.87,762.673,-23.29,434.34,21954,R20MZ_FZ_200_filtered
25,12,0,-188.02,-2.117,761.733,-29.77,244.85,21860,R20MZ_FZ_200_filtered
25,12,0,-187.9,-2.552,761.843,-28.56,280.66,21871,R20MZ_FZ_200_filtered
25,12,0,-187.86,4.542,756.073,25.65,-385.65,21295,R20MZ_FZ_200_filtered
25,12,0,-187.82,-3.007,761.953,-31.11,312.31,21882,R20MZ_FZ_200_filtered
25,12,0,-187.8,-4.83,762.413,-30.09,406.92,21928,R20MZ_FZ_200_filtered
25,12,0,-187.67,-5.434,762.563,-26.11,426.31,21943,R20MZ_FZ_200_filtered
25,12,0,-187.66,4.58,756.083,26.17,-386.56,21296,R20MZ_FZ_200_filtered
25,12,0,-187.65,-3.274,762.023,-30.23,331.06,21889,R20MZ_FZ_200_filtered
25,12,0,-187.43,-5.837,762.663,-23.44,433.11,21953,R20MZ_FZ_200_filtered
25,12,0,-187.35,-4.592,762.353,-29.89,400.39,21922,R20MZ_FZ_200_filtered
25,12,0,-187.27,4.063,755.953,26.43,-361.91,21283,R20MZ_FZ_200_filtered
25,12,0,-187.27,-0.503,761.323,-5.15,61.5,21819,R20MZ_FZ_200_filtered
25,12,0,-187.11,-1.465,761.563,-17.05,181.07,21843,R20MZ_FZ_200_filtered
25,12,0,-187.1,3.724,755.873,29.48,-342.98,21275,R20MZ_FZ_200_filtered
25,12,0,-187.03,-3.713,762.133,-30.82,356.67,21900,R20MZ_FZ_200_filtered
25,12,0,-186.97,-4.157,762.243,-30.71,380.23,21911,R20MZ_FZ_200_filtered
25,12,0,-186.94,-5.363,762.543,-26.53,423.05,21941,R20MZ_FZ_200_filtered
25,12,0,-186.92,-4.996,762.453,-28.09,414.37,21932,R20MZ_FZ_200_filtered
25,12,0,-186.84,-2.151,761.743,-29.26,248.72,21861,R20MZ_FZ_200_filtered
25,12,0,-186.77,-0.46,761.313,-5.26,56.37,21818,R20MZ_FZ_200_filtered
25,12,0,-186.76,4.185,755.983,25.97,-366.4,21286,R20MZ_FZ_200_filtered
25,12,0,-186.58,-0.726,761.393,-14.55,98.43,21826,R20MZ_FZ_200_filtered
25,12,0,-186.55,-4.401,762.303,-30.9,390.48,21917,R20MZ_FZ_200_filtered
25,12,0,-186.46,-4.909,762.433,-28.89,411.13,21930,R20MZ_FZ_200_filtered
25,12,0,-186.4,-4.877,762.423,-29.62,408.78,21929,R20MZ_FZ_200_filtered
25,12,0,-186.4,-4.953,762.443,-28.28,413.14,21931,R20MZ_FZ_200_filtered
25,12,0,-186.36,-5.403,762.553,-26.24,425.06,21942,R20MZ_FZ_200_filtered
25,12,0,-186.33,4.089,755.963,25.84,-361.89,21284,R20MZ_FZ_200_filtered
25,12,0,-186.31,-2.795,761.903,-29.3,300.67,21877,R20MZ_FZ_200_filtered
25,12,0,-186.2,-2.281,761.773,-27.78,261.3,21864,R20MZ_FZ_200_filtered
25,12,0,-186.16,-3.03,761.963,-31.07,315.28,21883,R20MZ_FZ_200_filtered
25,12,0,-186.06,-4.559,762.343,-29.53,399.32,21921,R20MZ_FZ_200_filtered
25,12,0,-186.02,4.135,755.973,26.03,-363.62,21285,R20MZ_FZ_200_filtered
25,12,0,-186,-1.419,761.553,-17.51,176.43,21842,R20MZ_FZ_200_filtered
25,12,-0,-185.89,3.691,755.863,28.02,-339.86,21274,R20MZ_FZ_200_filtered
25,12,-0,-185.81,-1.256,761.513,-20.62,156.31,21838,R20MZ_FZ_200_filtered
25,12,0,-185.78,-3.229,762.013,-29.59,329.68,21888,R20MZ_FZ_200_filtered
25,12,0,-185.77,3.66,755.853,26.83,-338.02,21273,R20MZ_FZ_200_filtered
25,12,0,-185.72,-3.679,762.123,-30.23,355.13,21899,R20MZ_FZ_200_filtered
25,12,-0,-185.69,-2.2,761.753,-29,252.93,21862,R20MZ_FZ_200_filtered
25,12,0,-185.62,-4.436,762.313,-30.93,392.51,21918,R20MZ_FZ_200_filtered
25,12,0,-185.61,-1.717,761.633,-23.59,211.18,21850,R20MZ_FZ_200_filtered
25,12,0,-185.5,-0.764,761.403,-16.37,103.73,21827,R20MZ_FZ_200_filtered
25,12,0,-185.35,-3.948,762.193,-31.74,369.57,21906,R20MZ_FZ_200_filtered
25,12,0,-185.31,-0.89,761.433,-19.25,117.04,21830,R20MZ_FZ_200_filtered
25,12,0,-185.2,-4.111,762.233,-30.22,379.02,21910,R20MZ_FZ_200_filtered
25,12,0,-185.2,-4.511,762.333,-30.14,397.31,21920,R20MZ_FZ_200_filtered
25,12,0,-184.94,-2.755,761.893,-28.96,298.68,21876,R20MZ_FZ_200_filtered
25,12,0,-184.93,-1.765,761.643,-24.15,215.39,21851,R20MZ_FZ_200_filtered
25,12,-0,-184.8,-0.811,761.413,-17.84,108.71,21828,R20MZ_FZ_200_filtered
25,12,0,-184.76,-2.237,761.763,-27.92,257.4,21863,R20MZ_FZ_200_filtered
25,12,0,-184.74,-4.067,762.223,-30.38,377.16,21909,R20MZ_FZ_200_filtered
25,12,0,-184.73,-1.385,761.543,-18.24,171.49,21841,R20MZ_FZ_200_filtered
25,12,0,-184.66,-4.465,762.323,-30.52,395.29,21919,R20MZ_FZ_200_filtered
25,12,0,-184.54,-0.85,761.423,-19.2,112.71,21829,R20MZ_FZ_200_filtered
25,12,-0,-184.39,-3.072,761.973,-31.07,318.71,21884,R20MZ_FZ_200_filtered
25,12,0,-184.32,-1.298,761.523,-20.07,161.1,21839,R20MZ_FZ_200_filtered
25,12,0,-184.22,-1.341,761.533,-18.73,166.35,21840,R20MZ_FZ_200_filtered
25,12,0,-184,-4.001,762.203,-31.12,372.35,21907,R20MZ_FZ_200_filtered
25,12,-0,-183.9,-3.639,762.113,-30.24,353.75,21898,R20MZ_FZ_200_filtered
25,12,0,-183.88,-4.038,762.213,-30.38,375,21908,R20MZ_FZ_200_filtered
25,12,0,-183.83,-3.202,762.003,-29.49,327.98,21887,R20MZ_FZ_200_filtered
25,12,0,-183.82,-3.123,761.983,-30.25,322.41,21885,R20MZ_FZ_200_filtered
25,12,0,-183.79,-3.153,761.993,-29.5,325.37,21886,R20MZ_FZ_200_filtered
25,12,0,-183.55,-3.604,762.103,-30.52,351.42,21897,R20MZ_FZ_200_filtered
25,12,0,-159.45,1.53,789.113,15.18,-165.37,22466,R20MZ_FZ_150_filtered
25,12,0,-159.4,1.564,789.123,14.57,-169.09,22467,R20MZ_FZ_150_filtered
25,12,0,-158.97,1.607,789.133,14.52,-172.2,22468,R20MZ_FZ_150_filtered
25,12,0,-158.5,1.479,789.103,15.8,-160.74,22465,R20MZ_FZ_150_filtered
25,12,0,-158.41,1.117,789.013,14.99,-130.63,22456,R20MZ_FZ_150_filtered
25,12,0,-158.01,1.089,789.003,13.61,-126.59,22455,R20MZ_FZ_150_filtered
25,12,0,-157.59,1.647,789.143,14.65,-174.52,22469,R20MZ_FZ_150_filtered
25,12,0,-157.03,1.459,789.093,16.69,-156.24,22464,R20MZ_FZ_150_filtered
25,12,0,-156.88,2.014,789.233,17.43,-200.39,22478,R20MZ_FZ_150_filtered
25,12,0,-156.43,6.568,793.353,12.3,-350.36,22889,R20MZ_FZ_150_filtered
25,12,0,-156.37,7.02,793.242,8.06,-356.87,22878,R20MZ_FZ_150_filtered
25,12,0,-156.36,5.648,793.583,14.23,-335.79,22912,R20MZ_FZ_150_filtered
25,12,0,-156.29,1.963,789.223,16.84,-196.53,22477,R20MZ_FZ_150_filtered
25,12,0,-156.28,1.044,788.993,12.63,-122.26,22454,R20MZ_FZ_150_filtered
25,12,0,-156.16,6.976,793.253,7.6,-355.46,22879,R20MZ_FZ_150_filtered
25,12,0,-156.16,5.172,793.703,15.07,-326.46,22924,R20MZ_FZ_150_filtered
25,12,0,-156.13,7.477,793.122,11.87,-361.04,22866,R20MZ_FZ_150_filtered
25,12,0,-156.13,5.613,793.593,13.76,-334.07,22913,R20MZ_FZ_150_filtered
25,12,0,-156.06,6.095,793.473,11.63,-343.08,22901,R20MZ_FZ_150_filtered
25,12,0,-156.04,5.203,793.693,15.51,-327.55,22923,R20MZ_FZ_150_filtered
25,12,0,-156.01,0.705,788.903,4.48,-82.99,22445,R20MZ_FZ_150_filtered
25,12,0,-155.98,6.519,793.362,12.25,-350.05,22890,R20MZ_FZ_150_filtered
25,12,0,-155.95,6.128,793.463,12.25,-343.53,22900,R20MZ_FZ_150_filtered
25,12,0,-155.95,2.49,794.372,16.32,-220.87,22991,R20MZ_FZ_150_filtered
25,12,0,-155.93,7.891,793.023,6.19,-363.97,22856,R20MZ_FZ_150_filtered
25,12,0,-155.93,3.363,794.153,18.51,-269.1,22969,R20MZ_FZ_150_filtered
25,12,0,-155.88,6.054,793.483,10.65,-340.73,22902,R20MZ_FZ_150_filtered
25,12,-0,-155.82,2.954,794.263,15.87,-247.05,22980,R20MZ_FZ_150_filtered
25,12,0,-155.78,2.445,794.383,15.96,-219.14,22992,R20MZ_FZ_150_filtered
25,12,0,-155.74,5.689,793.573,14.25,-335.62,22911,R20MZ_FZ_150_filtered
25,12,0,-155.7,7.433,793.133,11.17,-360.88,22867,R20MZ_FZ_150_filtered
25,12,0,-155.55,7.937,793.013,5.77,-365.08,22855,R20MZ_FZ_150_filtered
25,12,0,-155.5,1.406,789.083,17.26,-151.73,22463,R20MZ_FZ_150_filtered
25,12,-0,-155.46,7.055,793.233,8.7,-356.69,22877,R20MZ_FZ_150_filtered
25,12,0,-155.42,0.689,788.893,5.01,-78.06,22444,R20MZ_FZ_150_filtered
25,12,0,-155.38,2.991,794.253,16.41,-248.31,22979,R20MZ_FZ_150_filtered
25,12,0,-155.33,4.258,793.932,16.34,-303.82,22947,R20MZ_FZ_150_filtered
25,12,0,-155.3,6.616,793.343,12.27,-350.06,22888,R20MZ_FZ_150_filtered
25,12,0,-155.29,8.843,792.783,5.04,-370.17,22832,R20MZ_FZ_150_filtered
25,12,0,-155.18,0.758,788.913,4.57,-87.66,22446,R20MZ_FZ_150_filtered
25,12,0,-155.15,3.326,794.162,18.13,-267.22,22970,R20MZ_FZ_150_filtered
25,12,0,-155.13,2.014,794.492,15.67,-188.91,23003,R20MZ_FZ_150_filtered
25,12,0,-155.13,-2.327,800.652,-16.89,206.58,23618,R20MZ_FZ_150_filtered
25,12,0,-155.11,10.21,792.443,6.01,-374.07,22798,R20MZ_FZ_150_filtered
25,12,0,-155.11,9.715,792.563,4.04,-371.56,22810,R20MZ_FZ_150_filtered
25,12,0,-155.09,4.765,793.802,16.51,-317.77,22934,R20MZ_FZ_150_filtered
25,12,0,-155.08,-1.912,800.752,-15.45,179.59,23628,R20MZ_FZ_150_filtered
25,12,0,-155.05,9.282,792.673,7.3,-370.5,22821,R20MZ_FZ_150_filtered
25,12,0,-155.05,6.941,793.263,7.57,-352.2,22880,R20MZ_FZ_150_filtered
25,12,0,-155.02,6.485,793.372,11.99,-346.6,22891,R20MZ_FZ_150_filtered
25,12,0,-155.01,12.047,791.983,-19.48,-374.66,22752,R20MZ_FZ_150_filtered
25,12,0,-154.97,9.762,792.553,3.64,-372.99,22809,R20MZ_FZ_150_filtered
25,12,0,-154.96,12.232,791.863,10.36,-377.46,22740,R20MZ_FZ_150_filtered
25,12,0,-154.95,1.021,788.983,11.64,-117.61,22453,R20MZ_FZ_150_filtered
25,12,0,-154.92,7.401,793.143,10.58,-358.58,22868,R20MZ_FZ_150_filtered
25,12,0,-154.91,5.127,793.713,15,-324.29,22925,R20MZ_FZ_150_filtered
25,12,0,-154.9,4.688,793.823,16.66,-315.61,22936,R20MZ_FZ_150_filtered
25,12,0,-154.85,5.258,793.682,15.58,-327.23,22922,R20MZ_FZ_150_filtered
25,12,0,-154.84,2.056,794.482,16.49,-190.77,23002,R20MZ_FZ_150_filtered
25,12,0,-154.79,-2.269,800.662,-16.86,203.97,23619,R20MZ_FZ_150_filtered
25,12,0,-154.77,8.807,792.793,5.21,-369.38,22833,R20MZ_FZ_150_filtered
25,12,0,-154.74,9.31,792.663,8.71,-370.99,22820,R20MZ_FZ_150_filtered
25,12,0,-154.72,11.552,792.093,11.62,-374.38,22763,R20MZ_FZ_150_filtered
25,12,0,-154.71,7.526,793.113,11.64,-359.82,22865,R20MZ_FZ_150_filtered
25,12,0,-154.67,10.673,792.323,1.83,-375.15,22786,R20MZ_FZ_150_filtered
25,12,0,-154.64,1.935,789.213,16.12,-192.66,22476,R20MZ_FZ_150_filtered
25,12,0,-154.64,12.222,791.873,10.69,-376.38,22741,R20MZ_FZ_150_filtered
25,12,0,-154.64,2.387,794.393,16.09,-216.19,22993,R20MZ_FZ_150_filtered
25,12,0,-154.58,11.124,792.213,2.03,-375.3,22775,R20MZ_FZ_150_filtered
25,12,0,-154.57,-1.86,800.762,-16.01,176.94,23629,R20MZ_FZ_150_filtered
25,12,0,-154.54,11.8,791.753,-11.08,-378.05,22730,R20MZ_FZ_150_filtered
25,12,0,-154.52,-1.341,800.892,-13.07,135.53,23642,R20MZ_FZ_150_filtered
25,12,0,-154.51,5.57,793.603,13.69,-331.25,22914,R20MZ_FZ_150_filtered
25,12,0,-154.51,4.808,793.792,16.21,-317.32,22933,R20MZ_FZ_150_filtered
25,12,0,-154.49,10.624,792.333,3.17,-373.91,22787,R20MZ_FZ_150_filtered
25,12,0,-154.43,-2.352,800.642,-16.43,208.44,23617,R20MZ_FZ_150_filtered
25,12,0,-154.4,-2.793,800.532,-18.55,234.02,23606,R20MZ_FZ_150_filtered
25,12,0,-154.35,0.633,788.883,5.48,-72.62,22443,R20MZ_FZ_150_filtered
25,12,0,-154.33,1.579,794.602,9.7,-157.74,23014,R20MZ_FZ_150_filtered
25,12,0,-154.32,3.781,794.052,18.19,-286.74,22959,R20MZ_FZ_150_filtered
25,12,0,-154.3,11.164,792.203,4.17,-374.84,22774,R20MZ_FZ_150_filtered
25,12,0,-154.29,12.009,791.993,-21.4,-373.71,22753,R20MZ_FZ_150_filtered
25,12,0,-154.27,-1.45,800.862,-13.16,146.24,23639,R20MZ_FZ_150_filtered
25,12,0,-154.25,2.54,794.362,15.79,-222.39,22990,R20MZ_FZ_150_filtered
25,12,0,-154.17,1.365,789.073,17.31,-147.35,22462,R20MZ_FZ_150_filtered
25,12,0,-154.15,6.002,793.492,10.12,-337.74,22903,R20MZ_FZ_150_filtered
25,12,0,-154.13,10.177,792.453,4.32,-371.56,22799,R20MZ_FZ_150_filtered
25,12,0,-154.13,1.538,794.612,10.33,-154.77,23015,R20MZ_FZ_150_filtered
25,12,-0,-154.12,10.717,792.313,0.93,-374.36,22785,R20MZ_FZ_150_filtered
25,12,0,-154.11,-2.718,800.552,-18.83,229.71,23608,R20MZ_FZ_150_filtered
25,12,0,-154.1,2.882,794.282,15.81,-242.71,22982,R20MZ_FZ_150_filtered
25,12,0,-154.06,8.322,792.913,8.24,-365.67,22845,R20MZ_FZ_150_filtered
25,12,0,-154.03,-2.745,800.542,-18.49,232.33,23607,R20MZ_FZ_150_filtered
25,12,0,-154.02,8.889,792.773,4.14,-369.55,22831,R20MZ_FZ_150_filtered
25,12,0,-154.01,11.651,791.643,2.66,-377.32,22719,R20MZ_FZ_150_filtered
25,12,0,-154.01,9.805,792.543,2.62,-372.85,22808,R20MZ_FZ_150_filtered
25,12,0,-153.97,11.099,792.223,0.36,-373.75,22776,R20MZ_FZ_150_filtered
25,12,0,-153.92,11.465,792.113,11.88,-372.98,22765,R20MZ_FZ_150_filtered
25,12,0,-153.91,-2.823,800.522,-17.85,235.6,23605,R20MZ_FZ_150_filtered
25,12,0,-153.9,11.807,791.743,-8.69,-379.47,22729,R20MZ_FZ_150_filtered
25,12,0,-153.88,7.842,793.033,6.81,-361.65,22857,R20MZ_FZ_150_filtered
25,12,0,-153.88,6.642,793.333,12.19,-348.16,22887,R20MZ_FZ_150_filtered
25,12,0,-153.83,1.286,789.053,16.86,-140.86,22460,R20MZ_FZ_150_filtered
25,12,0,-153.72,1.724,789.163,13.87,-177.44,22471,R20MZ_FZ_150_filtered
25,12,0,-153.71,7.362,793.153,10.18,-355.74,22869,R20MZ_FZ_150_filtered
25,12,0,-153.67,-1.941,800.742,-15.3,182.08,23627,R20MZ_FZ_150_filtered
25,12,0,-153.64,11.18,791.523,4.66,-380.42,22707,R20MZ_FZ_150_filtered
25,12,0,-153.63,12.216,791.883,10.04,-374.21,22742,R20MZ_FZ_150_filtered
25,12,0,-153.61,9.361,792.653,10.18,-370.19,22819,R20MZ_FZ_150_filtered
25,12,0,-153.61,3.293,794.172,18.07,-264.57,22971,R20MZ_FZ_150_filtered
25,12,0,-153.55,-3.232,800.422,-18.72,255.88,23595,R20MZ_FZ_150_filtered
25,12,0,-153.53,1.322,789.063,16.95,-144.12,22461,R20MZ_FZ_150_filtered
25,12,0,-153.52,-2.236,800.672,-16.66,201.01,23620,R20MZ_FZ_150_filtered
25,12,0,-153.47,3.028,794.242,16.61,-249.07,22978,R20MZ_FZ_150_filtered
25,12,0,-153.46,2.102,794.472,17.29,-192.47,23001,R20MZ_FZ_150_filtered
25,12,0,-153.4,8.767,792.803,5.83,-367.05,22834,R20MZ_FZ_150_filtered
25,12,0,-153.39,1.886,789.203,15.81,-188.6,22475,R20MZ_FZ_150_filtered
25,12,0,-153.33,-3.181,800.432,-19.2,253.9,23596,R20MZ_FZ_150_filtered
25,12,0,-153.31,-2.405,800.632,-16.33,210.46,23616,R20MZ_FZ_150_filtered
25,12,0,-153.28,11.974,792.003,-20.05,-371.83,22754,R20MZ_FZ_150_filtered
25,12,0,-153.21,-1.295,800.902,-12.82,131.98,23643,R20MZ_FZ_150_filtered
25,12,0,-153.19,11.588,792.083,9.44,-372.81,22762,R20MZ_FZ_150_filtered
25,12,0,-153.17,6.221,793.443,13,-341.03,22898,R20MZ_FZ_150_filtered
25,12,0,-153.16,0.587,788.873,6.1,-67.17,22442,R20MZ_FZ_150_filtered
25,12,0,-153.15,0.975,788.973,10.32,-112.77,22452,R20MZ_FZ_150_filtered
25,12,-0,-153.13,5.29,793.672,15.69,-325.97,22921,R20MZ_FZ_150_filtered
25,12,0,-153.1,1.505,794.622,10.81,-151.53,23016,R20MZ_FZ_150_filtered
25,12,0,-153.07,5.097,793.723,14.08,-321.48,22926,R20MZ_FZ_150_filtered
25,12,0,-153.06,1.624,794.592,9.82,-159.74,23013,R20MZ_FZ_150_filtered
25,12,0,-153.02,1.936,794.513,14.03,-183.29,23005,R20MZ_FZ_150_filtered
25,12,0,-152.99,4.652,793.833,16.16,-313.25,22937,R20MZ_FZ_150_filtered
25,12,0,-152.99,-3.672,800.312,-18.61,273.44,23584,R20MZ_FZ_150_filtered
25,12,-0,-152.92,-4.545,800.092,-17.57,299.68,23562,R20MZ_FZ_150_filtered
25,12,0,-152.92,-3.152,800.442,-18.75,251.91,23597,R20MZ_FZ_150_filtered
25,12,0,-152.85,-5.065,799.962,-16.08,311.91,23549,R20MZ_FZ_150_filtered
25,12,0,-152.85,-5.025,799.972,-16.65,311.44,23550,R20MZ_FZ_150_filtered
25,12,0,-152.84,-3.271,800.412,-18.8,256.98,23594,R20MZ_FZ_150_filtered
25,12,0,-152.78,11.185,792.193,5.66,-372.64,22773,R20MZ_FZ_150_filtered
25,12,0,-152.77,11.805,791.733,-6.43,-379.49,22728,R20MZ_FZ_150_filtered
25,12,-0,-152.75,-6.418,799.622,-12.07,332.39,23515,R20MZ_FZ_150_filtered
25,12,0,-152.73,-6.387,799.632,-12.95,331.44,23516,R20MZ_FZ_150_filtered
25,12,0,-152.72,11.577,791.623,3.85,-379.63,22717,R20MZ_FZ_150_filtered
25,12,0,-152.72,-4.151,800.192,-18.92,290.05,23572,R20MZ_FZ_150_filtered
25,12,0,-152.7,8.299,792.923,7.61,-363.02,22846,R20MZ_FZ_150_filtered
25,12,0,-152.7,6.901,793.273,7.93,-348.75,22881,R20MZ_FZ_150_filtered
25,12,0,-152.7,3.933,794.013,17.47,-289.06,22955,R20MZ_FZ_150_filtered
25,12,0,-152.67,11.142,791.513,4.54,-381.34,22706,R20MZ_FZ_150_filtered
25,12,-0,-152.66,3.733,794.062,17.94,-283.93,22960,R20MZ_FZ_150_filtered
25,12,0,-152.66,-1.74,800.792,-15.51,166.41,23632,R20MZ_FZ_150_filtered
25,12,0,-152.63,-6.339,799.642,-13.35,329.58,23517,R20MZ_FZ_150_filtered
25,12,0,-152.61,7.125,793.213,10.03,-353.27,22875,R20MZ_FZ_150_filtered
25,12,0,-152.61,-4.12,800.202,-19.16,288.34,23573,R20MZ_FZ_150_filtered
25,12,0,-152.54,9.851,792.533,2.55,-371.9,22807,R20MZ_FZ_150_filtered
25,12,0,-152.53,-1.505,800.852,-12.96,149.36,23638,R20MZ_FZ_150_filtered
25,12,0,-152.52,6.689,793.323,12.11,-346.28,22886,R20MZ_FZ_150_filtered
25,12,0,-152.43,5.522,793.612,13.98,-328.13,22915,R20MZ_FZ_150_filtered
25,12,0,-152.43,2.352,794.402,15.45,-212.78,22994,R20MZ_FZ_150_filtered
25,12,0,-152.42,-3.71,800.302,-17.93,275.15,23583,R20MZ_FZ_150_filtered
25,12,0,-152.4,2.455,789.343,15.77,-225.19,22489,R20MZ_FZ_150_filtered
25,12,0,-152.39,4.852,793.783,15.64,-316.35,22932,R20MZ_FZ_150_filtered
25,12,-0,-152.36,10.251,791.293,5.43,-381,22684,R20MZ_FZ_150_filtered
25,12,0,-152.36,10.134,792.463,3.42,-368.45,22800,R20MZ_FZ_150_filtered
25,12,0,-152.34,11.064,792.233,-1.64,-370.62,22777,R20MZ_FZ_150_filtered
25,12,0,-152.34,8.94,792.763,3.7,-368.01,22830,R20MZ_FZ_150_filtered
25,12,0,-152.3,2.573,794.352,16.11,-223.65,22989,R20MZ_FZ_150_filtered
25,12,0,-152.3,-5.981,799.732,-12.9,325.69,23526,R20MZ_FZ_150_filtered
25,12,0,-152.27,11.44,792.123,11.17,-370.79,22766,R20MZ_FZ_150_filtered
25,12,0,-152.23,10.739,791.413,4.17,-379.32,22696,R20MZ_FZ_150_filtered
25,12,0,-152.22,-2.868,800.512,-16.92,237.14,23604,R20MZ_FZ_150_filtered
25,12,0,-152.21,2.13,789.263,17.5,-205.16,22481,R20MZ_FZ_150_filtered
25,12,0,-152.21,4.38,793.903,17.84,-303.96,22944,R20MZ_FZ_150_filtered
25,12,0,-152.17,8.476,792.873,11.11,-364.75,22841,R20MZ_FZ_150_filtered
25,12,0,-152.15,12.272,791.773,-11.3,-373.07,22731,R20MZ_FZ_150_filtered
25,12,0,-152.15,2.126,794.462,17.5,-194.16,23000,R20MZ_FZ_150_filtered
25,12,0,-152.14,-4.986,799.982,-16.86,308.96,23551,R20MZ_FZ_150_filtered
25,12,0,-152.12,10.762,792.303,0.8,-371.89,22784,R20MZ_FZ_150_filtered
25,12,0,-152.12,7.803,793.043,7.06,-358.52,22858,R20MZ_FZ_150_filtered
25,12,0,-152.09,9.778,791.173,6.43,-382.58,22672,R20MZ_FZ_150_filtered
25,12,0,-152.09,-6.866,799.512,-9.28,337.97,23504,R20MZ_FZ_150_filtered
25,12,0,-152.08,9.388,792.643,10.81,-368.93,22818,R20MZ_FZ_150_filtered
25,12,0,-152.07,-5.545,799.842,-13.47,318.88,23537,R20MZ_FZ_150_filtered
25,12,0,-152.03,0.941,788.963,9.27,-108.26,22451,R20MZ_FZ_150_filtered
25,12,0,-152.01,-2.678,800.562,-18.45,227.23,23609,R20MZ_FZ_150_filtered
25,12,0,-151.99,10.217,791.283,6.35,-382.42,22683,R20MZ_FZ_150_filtered
25,12,0,-151.99,11.684,791.653,0.64,-374.48,22720,R20MZ_FZ_150_filtered
25,12,0,-151.99,8.057,792.983,6.42,-360.86,22852,R20MZ_FZ_150_filtered
25,12,0,-151.99,5.978,793.503,10.12,-334.18,22904,R20MZ_FZ_150_filtered
25,12,0,-151.94,8.866,790.943,8.19,-381.82,22649,R20MZ_FZ_150_filtered
25,12,0,-151.92,-7.291,799.402,-12.62,342.29,23493,R20MZ_FZ_150_filtered
25,12,0,-151.92,-5.406,799.872,-15.08,315.79,23540,R20MZ_FZ_150_filtered
25,12,0,-151.88,12.212,791.893,8.39,-371.87,22743,R20MZ_FZ_150_filtered
25,12,0,-151.83,-7.757,799.292,-5.46,344.93,23482,R20MZ_FZ_150_filtered
25,12,0,-151.83,-1.533,800.842,-12.71,152.32,23637,R20MZ_FZ_150_filtered
25,12,0,-151.82,11.089,791.503,4.82,-380.42,22705,R20MZ_FZ_150_filtered
25,12,0,-151.82,-4.064,800.212,-19.52,286.18,23574,R20MZ_FZ_150_filtered
25,12,0,-151.81,-1.985,800.732,-14.63,184.41,23626,R20MZ_FZ_150_filtered
25,12,0,-151.8,1.774,789.173,14.07,-179.58,22472,R20MZ_FZ_150_filtered
25,12,0,-151.79,11.636,792.073,6.46,-370.76,22761,R20MZ_FZ_150_filtered
25,12,0,-151.74,1.799,789.183,14.9,-181.91,22473,R20MZ_FZ_150_filtered
25,12,0,-151.74,1.845,789.193,15.32,-185.04,22474,R20MZ_FZ_150_filtered
25,12,0,-151.73,8.717,792.813,6.1,-364.71,22835,R20MZ_FZ_150_filtered
25,12,0,-151.73,-1.707,800.802,-15.11,163.34,23633,R20MZ_FZ_150_filtered
25,12,0,-151.72,10.659,791.393,5.2,-381.96,22694,R20MZ_FZ_150_filtered
25,12,0,-151.71,7.328,793.163,9.8,-352.8,22870,R20MZ_FZ_150_filtered
25,12,0,-151.69,6.25,793.432,12.95,-339.62,22897,R20MZ_FZ_150_filtered
25,12,0,-151.69,4.179,793.953,15.33,-298.98,22949,R20MZ_FZ_150_filtered
25,12,0,-151.67,9.816,791.183,5.66,-379.77,22673,R20MZ_FZ_150_filtered
25,12,0,-151.66,-3.745,800.292,-16.98,275.93,23582,R20MZ_FZ_150_filtered
25,12,0,-151.65,-3.305,800.402,-18.53,258.55,23593,R20MZ_FZ_150_filtered
25,12,0,-151.61,0.907,788.953,7.19,-103.6,22450,R20MZ_FZ_150_filtered
25,12,0,-151.61,10.295,791.303,5.07,-377.9,22685,R20MZ_FZ_150_filtered
25,12,0,-151.59,-2.436,800.622,-15.95,212.76,23615,R20MZ_FZ_150_filtered
25,12,0,-151.58,-1.255,800.912,-12.38,128.75,23644,R20MZ_FZ_150_filtered
25,12,0,-151.56,1.666,794.582,9.93,-162.04,23012,R20MZ_FZ_150_filtered
25,12,0,-151.55,3.252,794.182,17.23,-260.85,22972,R20MZ_FZ_150_filtered
25,12,0,-151.55,-5.104,799.952,-15.59,311.75,23548,R20MZ_FZ_150_filtered
25,12,0,-151.52,9.289,791.053,7.5,-382.72,22660,R20MZ_FZ_150_filtered
25,12,0,-151.52,-6.802,799.532,-8.44,334.57,23506,R20MZ_FZ_150_filtered
25,12,0,-151.51,-4.189,800.182,-18.39,290.5,23571,R20MZ_FZ_150_filtered
25,12,0,-151.43,8.239,792.933,7.24,-360.69,22847,R20MZ_FZ_150_filtered
25,12,0,-151.43,7.169,793.203,10.45,-351.71,22874,R20MZ_FZ_150_filtered
25,12,0,-151.41,4.622,793.843,16.41,-310.6,22938,R20MZ_FZ_150_filtered
25,12,0,-151.4,3.074,794.232,16.34,-249.53,22977,R20MZ_FZ_150_filtered
25,12,0,-151.39,-7.323,799.392,-11.34,342.46,23492,R20MZ_FZ_150_filtered
25,12,0,-151.39,-4.514,800.102,-17.8,297.03,23563,R20MZ_FZ_150_filtered
25,12,0,-151.38,2.432,789.333,15.81,-221.47,22488,R20MZ_FZ_150_filtered
25,12,0,-151.36,10.169,791.273,6.69,-382.29,22682,R20MZ_FZ_150_filtered
25,12,0,-151.36,-6.291,799.652,-14.01,327.42,23518,R20MZ_FZ_150_filtered
25,12,0,-151.32,-7.797,799.282,-5.17,346.02,23481,R20MZ_FZ_150_filtered
25,12,0,-151.32,-3.583,800.332,-19.33,269.58,23586,R20MZ_FZ_150_filtered
25,12,0,-151.28,8.424,790.833,8.68,-378.87,22638,R20MZ_FZ_150_filtered
25,12,0,-151.28,11.93,792.013,-16.48,-370.29,22755,R20MZ_FZ_150_filtered
25,12,0,-151.25,7.596,793.093,10.91,-356.04,22863,R20MZ_FZ_150_filtered
25,12,0,-151.22,6.854,793.283,8.25,-346.26,22882,R20MZ_FZ_150_filtered
25,12,0,-151.22,-6.02,799.722,-12.5,325.55,23525,R20MZ_FZ_150_filtered
25,12,0,-151.22,-5.865,799.762,-12.77,321.52,23529,R20MZ_FZ_150_filtered
25,12,0,-151.2,11.541,791.613,4.3,-378.22,22716,R20MZ_FZ_150_filtered
25,12,0,-151.2,-8.195,799.172,-12.66,347.89,23470,R20MZ_FZ_150_filtered
25,12,0,-151.18,8.892,790.953,7.62,-378.85,22650,R20MZ_FZ_150_filtered
25,12,0,-151.18,-11.932,798.252,25.71,354.03,23378,R20MZ_FZ_150_filtered
25,12,0,-151.17,-6.47,799.612,-11.46,331.91,23514,R20MZ_FZ_150_filtered
25,12,0,-151.16,-3.116,800.452,-18.59,249.58,23598,R20MZ_FZ_150_filtered
25,12,0,-151.14,-8.163,799.182,-12.96,345.72,23471,R20MZ_FZ_150_filtered
25,12,0,-151.14,-6.911,799.502,-9.39,337.96,23503,R20MZ_FZ_150_filtered
25,12,0,-151.12,9.734,791.163,6.88,-383.5,22671,R20MZ_FZ_150_filtered
25,12,0,-151.04,6.407,793.393,12.35,-340.07,22893,R20MZ_FZ_150_filtered
25,12,0,-151.03,-7.251,799.412,-13.21,340.6,23494,R20MZ_FZ_150_filtered
25,12,0,-151.03,-5.371,799.882,-15.43,313.8,23541,R20MZ_FZ_150_filtered
25,12,0,-151.01,4.403,793.893,18.15,-303.17,22943,R20MZ_FZ_150_filtered
25,12,0,-150.99,8.522,792.863,10.94,-363.5,22840,R20MZ_FZ_150_filtered
25,12,-0,-150.99,-11.377,798.372,-13.97,351.16,23390,R20MZ_FZ_150_filtered
25,12,0,-150.96,11.794,791.723,-5.74,-378.23,22727,R20MZ_FZ_150_filtered
25,12,0,-150.93,8.812,790.933,8.54,-382.28,22648,R20MZ_FZ_150_filtered
25,12,0,-150.92,3.979,794.003,17.17,-288.74,22954,R20MZ_FZ_150_filtered
25,12,0,-150.9,8.977,792.753,4.13,-366.43,22829,R20MZ_FZ_150_filtered
25,12,0,-150.9,-2.637,800.572,-18.04,224.47,23610,R20MZ_FZ_150_filtered
25,12,0,-150.89,-4.948,799.992,-16.03,306.64,23552,R20MZ_FZ_150_filtered
25,12,0,-150.88,11.714,791.663,-1.51,-371.52,22721,R20MZ_FZ_150_filtered
25,12,-0,-150.88,-1.654,800.812,-14.68,160.72,23634,R20MZ_FZ_150_filtered
25,12,0,-150.87,-8.673,799.062,-2.72,349.44,23459,R20MZ_FZ_150_filtered
25,12,0,-150.85,9.888,792.523,2.16,-370.94,22806,R20MZ_FZ_150_filtered
25,12,0,-150.84,-12.15,798.152,-9.62,350.49,23368,R20MZ_FZ_150_filtered
25,12,0,-150.83,9.373,791.073,6.26,-377.27,22662,R20MZ_FZ_150_filtered
25,12,0,-150.82,12.275,791.783,-8.52,-371.7,22732,R20MZ_FZ_150_filtered
25,12,0,-150.82,5.044,793.732,13.6,-318.67,22927,R20MZ_FZ_150_filtered
25,12,0,-150.82,-12.147,798.142,-11.78,353.46,23367,R20MZ_FZ_150_filtered
25,12,0,-150.81,-10.966,798.492,2.77,349.89,23402,R20MZ_FZ_150_filtered
25,12,0,-150.79,-11.826,798.272,12.78,349.88,23380,R20MZ_FZ_150_filtered
25,12,0,-150.77,1.127,794.712,11.71,-120.18,23025,R20MZ_FZ_150_filtered
25,12,0,-150.76,-7.721,799.302,-5.47,343.1,23483,R20MZ_FZ_150_filtered
25,12,0,-150.74,7.488,790.603,10.74,-373.11,22615,R20MZ_FZ_150_filtered
25,12,-0,-150.74,-9.093,798.952,-10.29,349.47,23448,R20MZ_FZ_150_filtered
25,12,0,-150.7,8.097,792.973,6.69,-359.3,22851,R20MZ_FZ_150_filtered
25,12,0,-150.7,-4.673,800.062,-14.48,302.13,23559,R20MZ_FZ_150_filtered
25,12,-0,-150.69,0.552,788.863,6.13,-61.56,22441,R20MZ_FZ_150_filtered
25,12,0,-150.69,-11.007,798.482,1.1,351.27,23401,R20MZ_FZ_150_filtered
25,12,0,-150.69,-7.213,799.422,-12.94,338.29,23495,R20MZ_FZ_150_filtered
25,12,0,-150.69,-2.155,800.692,-15.72,194.99,23622,R20MZ_FZ_150_filtered
25,12,0,-150.68,8.382,790.823,9.2,-380.58,22637,R20MZ_FZ_150_filtered
25,12,0,-150.64,-2.034,800.722,-14.73,187.03,23625,R20MZ_FZ_150_filtered
25,12,0,-150.62,3.516,794.112,19.03,-271.08,22965,R20MZ_FZ_150_filtered
25,12,0,-150.62,-12.198,798.032,7.27,355.31,23356,R20MZ_FZ_150_filtered
25,12,0,-150.61,-11.976,798.242,28.86,354.99,23377,R20MZ_FZ_150_filtered
25,12,0,-150.61,-1.593,800.832,-13.03,155.42,23636,R20MZ_FZ_150_filtered
25,12,-0,-150.6,9.433,792.633,11.37,-367.66,22817,R20MZ_FZ_150_filtered
25,12,0,-150.59,3.685,794.073,17.7,-280.55,22961,R20MZ_FZ_150_filtered
25,12,0,-150.58,2.298,794.412,15.68,-208.71,22995,R20MZ_FZ_150_filtered
25,12,0,-150.58,-5.83,799.772,-11.94,320.02,23530,R20MZ_FZ_150_filtered
25,12,0,-150.56,7.941,790.713,10.33,-377.64,22626,R20MZ_FZ_150_filtered
25,12,0,-150.56,-8.629,799.072,-3.37,347.12,23460,R20MZ_FZ_150_filtered
25,12,0,-150.55,11.252,791.543,3.38,-375.26,22709,R20MZ_FZ_150_filtered
25,12,0,-150.55,-8.238,799.162,-12.01,348.53,23469,R20MZ_FZ_150_filtered
25,12,0,-150.55,-4.028,800.222,-18.48,283.7,23575,R20MZ_FZ_150_filtered
25,12,0,-150.54,5.812,793.543,12.88,-332.32,22908,R20MZ_FZ_150_filtered
25,12,0,-150.54,4.892,793.773,15.43,-314.97,22931,R20MZ_FZ_150_filtered
25,12,0,-150.53,-8.123,799.192,-12.83,344.03,23472,R20MZ_FZ_150_filtered
25,12,0,-150.51,11.225,792.183,7.51,-369.84,22772,R20MZ_FZ_150_filtered
25,12,0,-150.51,1.089,794.722,11.44,-116.92,23026,R20MZ_FZ_150_filtered
25,12,0,-150.48,-6.759,799.542,-8.02,332.71,23507,R20MZ_FZ_150_filtered
25,12,0,-150.47,1.908,794.522,12.87,-179.72,23006,R20MZ_FZ_150_filtered
25,12,0,-150.46,7.019,790.483,11.93,-369.39,22603,R20MZ_FZ_150_filtered
25,12,0,-150.46,6.296,793.423,12.98,-338.21,22896,R20MZ_FZ_150_filtered
25,12,0,-150.44,-6.949,799.492,-9.58,337.19,23502,R20MZ_FZ_150_filtered
25,12,0,-150.42,-4.465,800.112,-18.09,294.71,23564,R20MZ_FZ_150_filtered
25,12,0,-150.41,-12.188,798.042,3.58,352.22,23357,R20MZ_FZ_150_filtered
25,12,0,-150.39,-2.11,800.702,-15.62,192.2,23623,R20MZ_FZ_150_filtered
25,12,0,-150.38,5.929,793.513,10.63,-331.85,22905,R20MZ_FZ_150_filtered
25,12,0,-150.38,-2.906,800.502,-16.64,239.03,23603,R20MZ_FZ_150_filtered
25,12,0,-150.36,5.374,793.653,16.14,-323.8,22919,R20MZ_FZ_150_filtered
25,12,-0,-150.36,-7.823,799.272,-5.06,345.88,23480,R20MZ_FZ_150_filtered
25,12,0,-150.35,10.606,791.383,5.73,-380.86,22693,R20MZ_FZ_150_filtered
25,12,0,-150.34,-12.208,798.022,10.48,358.12,23355,R20MZ_FZ_150_filtered
25,12,0,-150.34,-9.124,798.942,-11.08,351.45,23447,R20MZ_FZ_150_filtered
25,12,0,-150.34,-3.345,800.392,-18,259.79,23592,R20MZ_FZ_150_filtered
25,12,0,-150.32,-4.222,800.172,-17.75,290.69,23570,R20MZ_FZ_150_filtered
25,12,0,-150.31,7.282,793.173,9.82,-351.08,22871,R20MZ_FZ_150_filtered
25,12,0,-150.3,10.1,792.473,1.84,-365.5,22801,R20MZ_FZ_150_filtered
25,12,0,-150.28,11.399,792.133,10.71,-368.29,22767,R20MZ_FZ_150_filtered
25,12,0,-150.27,7.893,790.703,10.93,-377.78,22625,R20MZ_FZ_150_filtered
25,12,0,-150.27,9.854,791.193,5.19,-376.33,22674,R20MZ_FZ_150_filtered
25,12,-0,-150.27,-10.033,798.722,-6.84,352.27,23425,R20MZ_FZ_150_filtered
25,12,-0,-150.27,-8.722,799.052,-1.79,350.69,23458,R20MZ_FZ_150_filtered
25,12,0,-150.24,6.324,793.413,12.69,-338.03,22895,R20MZ_FZ_150_filtered
25,12,0,-150.22,-2.074,800.712,-15.01,189.85,23624,R20MZ_FZ_150_filtered
25,12,0,-150.2,2.158,794.453,17.42,-196.17,22999,R20MZ_FZ_150_filtered
25,12,0,-150.19,-7.661,799.312,-5.64,341.39,23484,R20MZ_FZ_150_filtered
25,12,0,-150.19,-1.603,800.822,-13.6,157.74,23635,R20MZ_FZ_150_filtered
25,12,0,-150.17,10.352,792.403,11.05,-369.85,22794,R20MZ_FZ_150_filtered
25,12,0,-150.16,-11.404,798.362,-15.51,352.84,23389,R20MZ_FZ_150_filtered
25,12,0,-150.16,-10.525,798.592,-5.26,351.62,23412,R20MZ_FZ_150_filtered
25,12,0,-150.13,0.503,788.853,6.67,-56.61,22440,R20MZ_FZ_150_filtered
25,12,0,-150.13,-7.37,799.382,-9.92,342.15,23491,R20MZ_FZ_150_filtered
25,12,0,-150.11,-1.192,800.932,-11.22,122.54,23646,R20MZ_FZ_150_filtered
25,12,0,-150.09,1.445,794.633,10.99,-147.45,23017,R20MZ_FZ_150_filtered
25,12,0,-150.09,1.173,794.703,12.21,-123.13,23024,R20MZ_FZ_150_filtered
25,12,0,-150.09,-12.143,798.132,-13.45,355.64,23366,R20MZ_FZ_150_filtered
25,12,0,-150.09,-3.543,800.342,-18.95,267.28,23587,R20MZ_FZ_150_filtered
25,12,0,-150.07,-5.139,799.942,-15.28,310.66,23547,R20MZ_FZ_150_filtered
25,12,0,-150.06,5.849,793.533,12.43,-331.52,22907,R20MZ_FZ_150_filtered
25,12,0,-150.06,3.107,794.222,16.97,-250.45,22976,R20MZ_FZ_150_filtered
25,12,0,-150.05,2.383,789.323,16.23,-217.09,22487,R20MZ_FZ_150_filtered
25,12,0,-150.05,6.58,790.373,13.54,-363.05,22592,R20MZ_FZ_150_filtered
25,12,0,-150.03,-1.233,800.922,-11.12,125.5,23645,R20MZ_FZ_150_filtered
25,12,0,-150.02,-3.795,800.282,-16.31,277.03,23581,R20MZ_FZ_150_filtered
25,12,0,-150.01,-2.478,800.612,-16.08,214.5,23614,R20MZ_FZ_150_filtered
25,12,0,-150,7.052,790.493,11.46,-367.83,22604,R20MZ_FZ_150_filtered
25,12,0,-150,-9.57,798.832,-3.19,352.39,23436,R20MZ_FZ_150_filtered
25,12,0,-150,-6.06,799.712,-12.29,325.23,23524,R20MZ_FZ_150_filtered
25,12,0,-149.99,2.198,789.273,17.15,-205.48,22482,R20MZ_FZ_150_filtered
25,12,0,-149.99,9.69,791.153,7.3,-381.94,22670,R20MZ_FZ_150_filtered
25,12,-0,-149.99,-6.513,799.602,-10.52,331.47,23513,R20MZ_FZ_150_filtered
25,12,0,-149.98,7.212,793.193,10.31,-350.76,22873,R20MZ_FZ_150_filtered
25,12,0,-149.98,2.801,794.302,15.18,-235.56,22984,R20MZ_FZ_150_filtered
25,12,0,-149.98,1.715,794.573,9.96,-163.73,23011,R20MZ_FZ_150_filtered
25,12,0,-149.97,-10.058,798.712,-7.54,352.99,23424,R20MZ_FZ_150_filtered
25,12,0,-149.95,-9.534,798.842,-4.86,350.24,23437,R20MZ_FZ_150_filtered
25,12,0,-149.94,7.452,790.593,11.34,-373.73,22614,R20MZ_FZ_150_filtered
25,12,0,-149.92,9.25,791.043,7.74,-382.72,22659,R20MZ_FZ_150_filtered
25,12,0,-149.91,6.973,790.473,12.68,-367.84,22602,R20MZ_FZ_150_filtered
25,12,0,-149.91,-11.665,797.922,3.46,351.46,23346,R20MZ_FZ_150_filtered
25,12,0,-149.91,-9.621,798.822,-1.67,353.33,23435,R20MZ_FZ_150_filtered
25,12,0,-149.9,11.022,792.243,-2.39,-367.34,22778,R20MZ_FZ_150_filtered
25,12,0,-149.9,7.254,793.182,10.07,-350.14,22872,R20MZ_FZ_150_filtered
25,12,-0,-149.89,8.447,790.843,7.94,-375.09,22639,R20MZ_FZ_150_filtered
25,12,0,-149.89,8.21,792.943,7.01,-358.98,22848,R20MZ_FZ_150_filtered
25,12,0,-149.89,-11.647,797.912,0.47,353.92,23345,R20MZ_FZ_150_filtered
25,12,0,-149.88,6.811,793.293,9.81,-344.41,22883,R20MZ_FZ_150_filtered
25,12,0,-149.86,8.339,790.813,9.83,-379.48,22636,R20MZ_FZ_150_filtered
25,12,-0,-149.86,-8.271,799.152,-11.01,348.07,23468,R20MZ_FZ_150_filtered
25,12,0,-149.84,11.684,792.063,4.15,-369.04,22760,R20MZ_FZ_150_filtered
25,12,0,-149.84,10.501,792.363,7.96,-365.77,22790,R20MZ_FZ_150_filtered
25,12,0,-149.84,-12.134,798.162,-7.18,348.81,23369,R20MZ_FZ_150_filtered
25,12,0,-149.83,-10.474,798.602,-7.14,351.74,23413,R20MZ_FZ_150_filtered
25,12,0,-149.83,-6.258,799.662,-14.32,325.89,23519,R20MZ_FZ_150_filtered
25,12,0,-149.82,-10.934,798.502,4.25,348.36,23403,R20MZ_FZ_150_filtered
25,12,0,-149.81,12.219,791.903,7.08,-370.14,22744,R20MZ_FZ_150_filtered
25,12,0,-149.76,-11.046,798.472,-0.78,351.41,23400,R20MZ_FZ_150_filtered
25,12,0,-149.74,-11.298,798.392,-13.04,347.28,23392,R20MZ_FZ_150_filtered
25,12,0,-149.74,-4.714,800.052,-13.61,302.14,23558,R20MZ_FZ_150_filtered
25,12,0,-149.71,-3.063,800.462,-17.54,247.26,23599,R20MZ_FZ_150_filtered
25,12,0,-149.7,-5.629,799.822,-11.36,317.96,23535,R20MZ_FZ_150_filtered
25,12,0,-149.69,9.93,792.513,1.81,-368.9,22805,R20MZ_FZ_150_filtered
25,12,0,-149.69,5.006,793.742,13.57,-316.48,22928,R20MZ_FZ_150_filtered
25,12,0,-149.65,8.928,790.963,7.46,-374.66,22651,R20MZ_FZ_150_filtered
25,12,0,-149.65,12.248,791.823,1.76,-373.54,22736,R20MZ_FZ_150_filtered
25,12,-0,-149.65,-12.025,798.232,29.06,355.01,23376,R20MZ_FZ_150_filtered
25,12,0,-149.64,7.646,793.083,10.43,-354.96,22862,R20MZ_FZ_150_filtered
25,12,0,-149.61,2.874,789.453,21.36,-246.9,22500,R20MZ_FZ_150_filtered
25,12,0,-149.61,8.014,790.733,9.16,-371.21,22628,R20MZ_FZ_150_filtered
25,12,0,-149.61,1.042,794.732,10.87,-113.2,23027,R20MZ_FZ_150_filtered
25,12,0,-149.6,-7.416,799.372,-9.03,340.75,23490,R20MZ_FZ_150_filtered
25,12,0,-149.6,-2.596,800.582,-17.65,221.68,23611,R20MZ_FZ_150_filtered
25,12,0,-149.58,3.213,794.193,16.78,-257.56,22973,R20MZ_FZ_150_filtered
25,12,-0,-149.57,5.9,793.523,11.34,-331.35,22906,R20MZ_FZ_150_filtered
25,12,0,-149.57,-8.756,799.042,-1.43,350.52,23457,R20MZ_FZ_150_filtered
25,12,0,-149.56,-8.584,799.082,-4.51,345.25,23461,R20MZ_FZ_150_filtered
25,12,0,-149.55,11.261,792.173,9.17,-367.51,22771,R20MZ_FZ_150_filtered
25,12,0,-149.55,7.76,793.053,7.57,-356.05,22859,R20MZ_FZ_150_filtered
25,12,0,-149.53,-7.858,799.262,-5.27,345.08,23479,R20MZ_FZ_150_filtered
25,12,0,-149.51,11.79,791.713,-7.68,-375.88,22726,R20MZ_FZ_150_filtered
25,12,-0,-149.5,7.536,790.613,10.06,-369.98,22616,R20MZ_FZ_150_filtered
25,12,0,-149.49,6.538,790.363,14.51,-361.65,22591,R20MZ_FZ_150_filtered
25,12,0,-149.48,4.577,793.852,16.24,-307.04,22939,R20MZ_FZ_150_filtered
25,12,0,-149.47,-11.698,797.932,7.62,349.94,23347,R20MZ_FZ_150_filtered
25,12,0,-149.47,-9.06,798.962,-9.35,346.96,23449,R20MZ_FZ_150_filtered
25,12,0,-149.47,-2.946,800.492,-16.62,240.88,23602,R20MZ_FZ_150_filtered
25,12,0,-149.44,4.135,793.963,15.11,-295.87,22950,R20MZ_FZ_150_filtered
25,12,0,-149.43,1.866,794.532,11.52,-176.46,23007,R20MZ_FZ_150_filtered
25,12,0,-149.38,2.568,789.373,15.1,-229.8,22492,R20MZ_FZ_150_filtered
25,12,0,-149.37,4.973,793.753,14,-315.26,22929,R20MZ_FZ_150_filtered
25,12,0,-149.36,-5.34,799.892,-15.17,312.25,23542,R20MZ_FZ_150_filtered
25,12,-0,-149.36,-3.026,800.472,-17.35,244.96,23600,R20MZ_FZ_150_filtered
25,12,0,-149.33,5.454,793.633,15.25,-324.24,22917,R20MZ_FZ_150_filtered
25,12,0,-149.33,-10.092,798.702,-7.9,352.4,23423,R20MZ_FZ_150_filtered
25,12,0,-149.32,9.139,792.713,4.02,-363.77,22825,R20MZ_FZ_150_filtered
25,12,0,-149.32,-9.664,798.812,1,352.4,23434,R20MZ_FZ_150_filtered
25,12,-0,-149.32,-6.212,799.672,-14.11,325.14,23520,R20MZ_FZ_150_filtered
25,12,0,-149.28,6.091,790.253,15.16,-354.97,22580,R20MZ_FZ_150_filtered
25,12,0,-149.27,-5.182,799.932,-14.67,310.53,23546,R20MZ_FZ_150_filtered
25,12,0,-149.26,-6.104,799.702,-12.35,324.92,23523,R20MZ_FZ_150_filtered
25,12,0,-149.24,8.775,790.923,9.23,-380.86,22647,R20MZ_FZ_150_filtered
25,12,0,-149.24,12.279,791.793,-5.51,-371.07,22733,R20MZ_FZ_150_filtered
25,12,0,-149.22,-10.424,798.612,-8.74,350.69,23414,R20MZ_FZ_150_filtered
25,12,0,-149.2,-9.159,798.932,-10.92,351.95,23446,R20MZ_FZ_150_filtered
25,12,0,-149.2,-6.709,799.552,-8.02,331.47,23508,R20MZ_FZ_150_filtered
25,12,0,-149.18,-11.217,797.802,-3.99,354.56,23334,R20MZ_FZ_150_filtered
25,12,0,-149.18,-12.141,798.122,-13.06,356.29,23365,R20MZ_FZ_150_filtered
25,12,0,-149.17,1.762,794.562,10.46,-166.39,23010,R20MZ_FZ_150_filtered
25,12,0,-149.16,2.954,789.473,20.53,-251.69,22502,R20MZ_FZ_150_filtered
25,12,0,-149.16,-11.779,798.282,6.03,348.97,23381,R20MZ_FZ_150_filtered
25,12,0,-149.13,8.13,792.963,7.32,-358.51,22850,R20MZ_FZ_150_filtered
25,12,0,-149.11,11.289,791.553,3.46,-373.07,22710,R20MZ_FZ_150_filtered
25,12,0,-149.11,9.026,792.743,3.75,-365.33,22828,R20MZ_FZ_150_filtered
25,12,0,-149.1,2.703,794.323,15.26,-229.01,22986,R20MZ_FZ_150_filtered
25,12,0,-149.1,-10.565,798.582,-3.19,350.95,23411,R20MZ_FZ_150_filtered
25,12,0,-149.09,11.739,791.673,-4.3,-369.8,22722,R20MZ_FZ_150_filtered
25,12,0,-149.08,-2.549,800.592,-17.19,219.17,23612,R20MZ_FZ_150_filtered
25,12,0,-149.06,-12.18,798.052,0.54,350.06,23358,R20MZ_FZ_150_filtered
25,12,0,-149.05,3.647,794.083,17.86,-276.81,22962,R20MZ_FZ_150_filtered
25,12,0,-149.04,9.461,792.623,10.9,-366.6,22816,R20MZ_FZ_150_filtered
25,12,0,-149.03,-10.738,797.682,-4.58,357.68,23322,R20MZ_FZ_150_filtered
25,12,0,-149.01,7.716,793.062,8.78,-354.93,22860,R20MZ_FZ_150_filtered
25,12,0,-149,8.164,792.953,7.16,-358.19,22849,R20MZ_FZ_150_filtered
25,12,0,-148.99,1.21,794.693,12.52,-125.76,23023,R20MZ_FZ_150_filtered
25,12,0,-148.98,-5.785,799.782,-11.35,318.77,23531,R20MZ_FZ_150_filtered
25,12,0,-148.96,-6.544,799.592,-9.74,331.16,23512,R20MZ_FZ_150_filtered
25,12,-0,-148.95,6.126,790.263,14.39,-354.63,22581,R20MZ_FZ_150_filtered
25,12,0,-148.95,-6.661,799.562,-7.99,331.02,23509,R20MZ_FZ_150_filtered
25,12,0,-148.94,11.881,792.023,-10.83,-368.88,22756,R20MZ_FZ_150_filtered
25,12,0,-148.94,-9.98,798.732,-5.44,349.92,23426,R20MZ_FZ_150_filtered
25,12,-0,-148.94,-7.631,799.322,-5.51,340.18,23485,R20MZ_FZ_150_filtered
25,12,0,-148.93,3.572,794.102,18.35,-271.69,22964,R20MZ_FZ_150_filtered
25,12,0,-148.92,-5.297,799.902,-15.09,311.32,23543,R20MZ_FZ_150_filtered
25,12,0,-148.92,-2.989,800.482,-17.14,243.24,23601,R20MZ_FZ_150_filtered
25,12,0,-148.91,-8.318,799.142,-9.72,347.3,23467,R20MZ_FZ_150_filtered
25,12,0,-148.9,-7.462,799.362,-8.28,340,23489,R20MZ_FZ_150_filtered
25,12,0,-148.89,-11.432,798.352,-16.43,353.16,23388,R20MZ_FZ_150_filtered
25,12,0,-148.85,10.054,792.483,1.02,-364.52,22802,R20MZ_FZ_150_filtered
25,12,0,-148.85,-11.17,797.792,-3.68,357.33,23333,R20MZ_FZ_150_filtered
25,12,0,-148.84,10.389,792.393,10.67,-367.5,22793,R20MZ_FZ_150_filtered
25,12,0,-148.83,-5.658,799.812,-10.76,317.96,23534,R20MZ_FZ_150_filtered
25,12,0,-148.82,-6.986,799.482,-9.86,336.58,23501,R20MZ_FZ_150_filtered
25,12,0,-148.81,4.496,793.872,17.51,-303.77,22941,R20MZ_FZ_150_filtered
25,12,0,-148.8,5.653,790.143,16.49,-345.84,22569,R20MZ_FZ_150_filtered
25,12,0,-148.8,-6.143,799.692,-13.18,324.97,23522,R20MZ_FZ_150_filtered
25,12,0,-148.79,9.409,791.083,5.85,-373.69,22663,R20MZ_FZ_150_filtered
25,12,0,-148.78,-11.615,797.902,-1.4,355.79,23344,R20MZ_FZ_150_filtered
25,12,0,-148.78,-5.231,799.922,-14.69,310.86,23545,R20MZ_FZ_150_filtered
25,12,0,-148.77,8.648,792.833,7.87,-361.15,22837,R20MZ_FZ_150_filtered
25,12,0,-148.77,-11.259,798.402,-11.9,346.68,23393,R20MZ_FZ_150_filtered
25,12,0,-148.76,10.818,791.433,3.38,-374.3,22698,R20MZ_FZ_150_filtered
25,12,0,-148.76,-12.145,798.172,-4.23,348.21,23370,R20MZ_FZ_150_filtered
25,12,0,-148.76,-3.834,800.272,-16.14,277.81,23580,R20MZ_FZ_150_filtered
25,12,0,-148.75,7.682,793.073,9.3,-354.5,22861,R20MZ_FZ_150_filtered
25,12,0,-148.75,2.232,794.432,16.34,-201.26,22997,R20MZ_FZ_150_filtered
25,12,-0,-148.74,10.57,791.373,5.85,-378.97,22692,R20MZ_FZ_150_filtered
25,12,0,-148.74,2.753,794.312,14.93,-231.98,22985,R20MZ_FZ_150_filtered
25,12,0,-148.73,9.217,791.033,8.39,-380.85,22658,R20MZ_FZ_150_filtered
25,12,0,-148.68,4.546,793.862,16.65,-305.16,22940,R20MZ_FZ_150_filtered
25,12,0,-148.66,-10.258,797.562,-5.29,360.3,23310,R20MZ_FZ_150_filtered
25,12,0,-148.64,1.404,794.642,11.72,-143.27,23018,R20MZ_FZ_150_filtered
25,12,0,-148.61,-3.383,800.382,-18.07,261.23,23591,R20MZ_FZ_150_filtered
25,12,0,-148.6,11.759,791.683,-7.73,-369.5,22723,R20MZ_FZ_150_filtered
25,12,0,-148.6,-9.833,797.452,-5.68,359.69,23299,R20MZ_FZ_150_filtered
25,12,0,-148.59,-4.756,800.042,-13.03,302.15,23557,R20MZ_FZ_150_filtered
25,12,0,-148.58,3.176,794.203,16.6,-254.14,22974,R20MZ_FZ_150_filtered
25,12,0,-148.58,-10.301,797.572,-5.31,357.67,23311,R20MZ_FZ_150_filtered
25,12,0,-148.58,-10.381,798.622,-10.35,349.16,23415,R20MZ_FZ_150_filtered
25,12,0,-148.57,2.227,789.283,16.9,-205.6,22483,R20MZ_FZ_150_filtered
25,12,0,-148.56,8.493,790.853,7.72,-371.52,22640,R20MZ_FZ_150_filtered
25,12,0,-148.54,11.724,792.053,2.16,-367.79,22759,R20MZ_FZ_150_filtered
25,12,0,-148.54,11.354,792.143,10.61,-366.74,22768,R20MZ_FZ_150_filtered
25,12,0,-148.54,8.594,792.843,9,-361.47,22838,R20MZ_FZ_150_filtered
25,12,0,-148.54,3.127,794.213,16.57,-252.12,22975,R20MZ_FZ_150_filtered
25,12,0,-148.54,-10.127,798.692,-8.26,350.38,23422,R20MZ_FZ_150_filtered
25,12,0,-148.54,-3.51,800.352,-18.7,265.57,23588,R20MZ_FZ_150_filtered
25,12,0,-148.51,-5.254,799.912,-15.26,310.69,23544,R20MZ_FZ_150_filtered
25,12,0,-148.5,-7.137,799.442,-13.03,335.97,23497,R20MZ_FZ_150_filtered
25,12,0,-148.49,-8.54,799.092,-5.33,344.19,23462,R20MZ_FZ_150_filtered
25,12,0,-148.48,9.893,791.203,5.1,-373.84,22675,R20MZ_FZ_150_filtered
25,12,0,-148.48,-8.791,799.032,-1.04,349.13,23456,R20MZ_FZ_150_filtered
25,12,-0,-148.47,-6.59,799.582,-9.11,331.18,23511,R20MZ_FZ_150_filtered
25,12,0,-148.46,7.409,790.583,11.76,-370.96,22613,R20MZ_FZ_150_filtered
25,12,0,-148.46,12.208,791.913,4.85,-369.53,22745,R20MZ_FZ_150_filtered
25,12,0,-148.46,-6.18,799.682,-13.48,324.67,23521,R20MZ_FZ_150_filtered
25,12,0,-148.45,-9.706,798.802,2.55,350.05,23433,R20MZ_FZ_150_filtered
25,12,0,-148.44,4.101,793.972,15.26,-293.1,22951,R20MZ_FZ_150_filtered
25,12,0,-148.43,-4.87,800.012,-14.22,302.62,23554,R20MZ_FZ_150_filtered
25,12,0,-148.42,9.512,792.613,9.86,-365.64,22815,R20MZ_FZ_150_filtered
25,12,0,-148.42,4.061,793.982,15.88,-290.91,22952,R20MZ_FZ_150_filtered
25,12,-0,-148.42,-7.901,799.252,-6.18,344.2,23478,R20MZ_FZ_150_filtered
25,12,0,-148.39,-5.751,799.792,-11.1,318.31,23532,R20MZ_FZ_150_filtered
25,12,0,-148.38,-3.869,800.262,-16.22,278.76,23579,R20MZ_FZ_150_filtered
25,12,0,-148.37,7.844,790.693,11.62,-375.11,22624,R20MZ_FZ_150_filtered
25,12,0,-148.37,-11.582,797.892,-2.04,356.88,23343,R20MZ_FZ_150_filtered
25,12,0,-148.35,2.837,789.443,21.18,-242.38,22499,R20MZ_FZ_150_filtered
25,12,0,-148.33,-4.299,800.152,-17.06,291.46,23568,R20MZ_FZ_150_filtered
25,12,0,-148.32,9.051,792.733,3.54,-363.92,22827,R20MZ_FZ_150_filtered
25,12,0,-148.31,5.695,790.153,15.25,-345.33,22570,R20MZ_FZ_150_filtered
25,12,0,-148.29,5.215,790.033,15.69,-333.7,22558,R20MZ_FZ_150_filtered
25,12,0,-148.29,11.458,791.593,5.14,-374.48,22714,R20MZ_FZ_150_filtered
25,12,0,-148.27,-9.864,797.462,-5.94,357.23,23300,R20MZ_FZ_150_filtered
25,12,0,-148.27,-12.147,798.112,-11.18,355.68,23364,R20MZ_FZ_150_filtered
25,12,0,-148.26,5.169,790.023,15.8,-332.33,22557,R20MZ_FZ_150_filtered
25,12,0,-148.25,9.977,792.503,1.12,-366.73,22804,R20MZ_FZ_150_filtered
25,12,0,-148.24,-4.84,800.022,-13.88,302.31,23555,R20MZ_FZ_150_filtered
25,12,0,-148.23,-5.694,799.802,-10.77,318.31,23533,R20MZ_FZ_150_filtered
25,12,0,-148.21,6.932,790.463,12.61,-363.97,22601,R20MZ_FZ_150_filtered
25,12,0,-148.2,-8.049,799.212,-10.95,342.5,23474,R20MZ_FZ_150_filtered
25,12,0,-148.19,-7.015,799.472,-10.6,336.12,23500,R20MZ_FZ_150_filtered
25,12,0,-148.19,-3.425,800.372,-18.21,262.79,23590,R20MZ_FZ_150_filtered
25,12,0,-148.18,-3.955,800.242,-17.35,280.31,23577,R20MZ_FZ_150_filtered
25,12,-0,-148.17,-12.064,798.222,25.67,354.25,23375,R20MZ_FZ_150_filtered
25,12,0,-148.17,-7.493,799.352,-7.7,340.01,23488,R20MZ_FZ_150_filtered
25,12,0,-148.17,-4.794,800.032,-13.58,302,23556,R20MZ_FZ_150_filtered
25,12,0,-148.16,2.35,789.313,16.49,-213.21,22486,R20MZ_FZ_150_filtered
25,12,0,-148.16,3.424,789.583,15.01,-272.46,22513,R20MZ_FZ_150_filtered
25,12,0,-148.16,-9.35,797.332,-6.41,359.08,23287,R20MZ_FZ_150_filtered
25,12,0,-148.15,8.294,790.803,10.61,-376.83,22635,R20MZ_FZ_150_filtered
25,12,0,-148.15,9.65,791.143,7.57,-379.93,22669,R20MZ_FZ_150_filtered
25,12,0,-148.14,11.294,792.163,10.26,-366.56,22770,R20MZ_FZ_150_filtered
25,12,0,-148.14,9.099,792.723,3.7,-363.61,22826,R20MZ_FZ_150_filtered
25,12,0,-148.13,-11.252,797.812,-4.02,351.48,23335,R20MZ_FZ_150_filtered
25,12,0,-148.11,-7.104,799.452,-11.81,335.84,23498,R20MZ_FZ_150_filtered
25,12,0,-148.1,10.01,792.493,0.89,-364.83,22803,R20MZ_FZ_150_filtered
25,12,0,-148.07,12.191,791.933,-2.8,-370.6,22747,R20MZ_FZ_150_filtered
25,12,0,-148.06,-6.63,799.572,-8.41,331.02,23510,R20MZ_FZ_150_filtered
25,12,0,-148.02,7.573,790.623,9.28,-365.63,22617,R20MZ_FZ_150_filtered
25,12,0,-148.02,11.777,792.043,-0.25,-367.32,22758,R20MZ_FZ_150_filtered
25,12,0,-148.02,-11.708,797.942,10.75,349.46,23348,R20MZ_FZ_150_filtered
25,12,0,-148.01,2.301,789.303,16.72,-209.65,22485,R20MZ_FZ_150_filtered
25,12,0,-148.01,6.492,790.353,14.52,-358.21,22590,R20MZ_FZ_150_filtered
25,12,0,-148,10.968,792.253,-2.47,-365.14,22779,R20MZ_FZ_150_filtered
25,12,0,-148,-10.773,797.692,-4.92,354.9,23323,R20MZ_FZ_150_filtered
25,12,0,-148,-9.202,798.922,-10.98,350.71,23445,R20MZ_FZ_150_filtered
25,12,0,-147.96,-11.076,798.462,-2.84,351.3,23399,R20MZ_FZ_150_filtered
25,12,0,-147.95,6.658,790.393,11.78,-356.8,22594,R20MZ_FZ_150_filtered
25,12,0,-147.92,-11.137,797.782,-3.27,359.21,23332,R20MZ_FZ_150_filtered
25,12,0,-147.92,-11.707,798.292,0.72,348.98,23382,R20MZ_FZ_150_filtered
25,12,0,-147.91,-10.341,797.582,-5.33,354.75,23312,R20MZ_FZ_150_filtered
25,12,0,-147.91,-4.388,800.132,-17.44,292.09,23566,R20MZ_FZ_150_filtered
25,12,0,-147.9,11.321,792.153,10.51,-365.61,22769,R20MZ_FZ_150_filtered
25,12,0,-147.81,-8.845,799.022,-1.76,347.75,23455,R20MZ_FZ_150_filtered
25,12,0,-147.81,-4.343,800.142,-17.49,291.93,23567,R20MZ_FZ_150_filtered
25,12,0,-147.81,-3.907,800.252,-16.65,279.37,23578,R20MZ_FZ_150_filtered
25,12,0,-147.79,10.461,792.373,9.11,-365.32,22791,R20MZ_FZ_150_filtered
25,12,0,-147.76,10.429,792.383,10.27,-365.93,22792,R20MZ_FZ_150_filtered
25,12,0,-147.75,8.972,790.973,6.55,-371.69,22652,R20MZ_FZ_150_filtered
25,12,0,-147.7,-11.724,798.002,13.23,358.88,23354,R20MZ_FZ_150_filtered
25,12,0,-147.69,10.861,791.443,3.33,-373.22,22699,R20MZ_FZ_150_filtered
25,12,0,-147.68,-10.613,798.572,-1.22,349.11,23410,R20MZ_FZ_150_filtered
25,12,0,-147.67,-7.536,796.882,-9.82,351.79,23242,R20MZ_FZ_150_filtered
25,12,0,-147.66,-11.472,798.342,-15.61,352.42,23387,R20MZ_FZ_150_filtered
25,12,0,-147.63,10.936,792.263,-2.23,-364.36,22780,R20MZ_FZ_150_filtered
25,12,0,-147.62,9.456,791.093,5.79,-371.99,22664,R20MZ_FZ_150_filtered
25,12,0,-147.61,11.828,792.033,-4.8,-367.95,22757,R20MZ_FZ_150_filtered
25,12,0,-147.61,-6.138,796.532,-14.23,344.21,23207,R20MZ_FZ_150_filtered
25,12,0,-147.6,12.199,791.923,1.68,-369.5,22746,R20MZ_FZ_150_filtered
25,12,0,-147.6,-8.903,797.222,-7.27,357.84,23276,R20MZ_FZ_150_filtered
25,12,0,-147.58,-10.228,797.552,-5.35,361.56,23309,R20MZ_FZ_150_filtered
25,12,0,-147.57,-6.624,796.652,-12.54,346.52,23219,R20MZ_FZ_150_filtered
25,12,0,-147.57,-9.449,798.862,-7.08,346.21,23439,R20MZ_FZ_150_filtered
25,12,0,-147.57,-8.481,799.102,-6.35,344.51,23463,R20MZ_FZ_150_filtered
25,12,0,-147.55,-10.818,797.702,-5.33,352.54,23324,R20MZ_FZ_150_filtered
25,12,0,-147.52,1.243,794.682,12.23,-128.23,23022,R20MZ_FZ_150_filtered
25,12,0,-147.51,-9.429,797.352,-6.79,354.72,23289,R20MZ_FZ_150_filtered
25,12,0,-147.51,-7.585,799.332,-5.86,339.67,23486,R20MZ_FZ_150_filtered
25,12,0,-147.5,2.263,789.293,16.72,-207.31,22484,R20MZ_FZ_150_filtered
25,12,0,-147.46,-1.63,795.402,-13.42,174.68,23094,R20MZ_FZ_150_filtered
25,12,0,-147.46,-10.657,797.662,-4.15,360.29,23320,R20MZ_FZ_150_filtered
25,12,0,-147.44,6.064,790.243,15.35,-351.7,22579,R20MZ_FZ_150_filtered
25,12,0,-147.43,-10.348,798.632,-10.51,348.41,23416,R20MZ_FZ_150_filtered
25,12,0,-147.42,-9.744,797.432,-5.34,361.56,23297,R20MZ_FZ_150_filtered
25,12,0,-147.41,3.339,789.563,15.86,-267.35,22511,R20MZ_FZ_150_filtered
25,12,0,-147.41,9.177,791.023,8.37,-378.05,22657,R20MZ_FZ_150_filtered
25,12,0,-147.41,-12.145,798.182,-0.08,349.17,23371,R20MZ_FZ_150_filtered
25,12,0,-147.4,-7.542,799.342,-6.53,339.85,23487,R20MZ_FZ_150_filtered
25,12,0,-147.38,8.05,790.743,9.01,-367.51,22629,R20MZ_FZ_150_filtered
25,12,-0,-147.37,-7.937,796.982,-8.9,355.85,23252,R20MZ_FZ_150_filtered
25,12,0,-147.36,-2.048,795.512,-22.17,204.02,23105,R20MZ_FZ_150_filtered
25,12,0,-147.31,-6.581,796.642,-12.94,348.08,23218,R20MZ_FZ_150_filtered
25,12,0,-147.29,-7.944,799.242,-8,343.88,23477,R20MZ_FZ_150_filtered
25,12,0,-147.27,-7.055,796.762,-11.46,349.94,23230,R20MZ_FZ_150_filtered
25,12,0,-147.27,-8.013,797.002,-9.03,352.58,23254,R20MZ_FZ_150_filtered
25,12,0,-147.27,-8.453,799.112,-7.08,345.12,23464,R20MZ_FZ_150_filtered
25,12,0,-147.26,-9.903,797.472,-6.53,355.21,23301,R20MZ_FZ_150_filtered
25,12,0,-147.25,4.734,789.913,18.16,-319.15,22546,R20MZ_FZ_150_filtered
25,12,-0,-147.2,-11.1,797.772,-3.87,358.93,23331,R20MZ_FZ_150_filtered
25,12,0,-147.18,-1.615,795.392,-12.27,172.05,23093,R20MZ_FZ_150_filtered
25,12,0,-147.17,10.98,791.473,4.59,-375.39,22702,R20MZ_FZ_150_filtered
25,12,0,-147.17,-9.294,797.322,-6.1,360.14,23286,R20MZ_FZ_150_filtered
25,12,0,-147.15,7.374,790.573,12.34,-367.22,22612,R20MZ_FZ_150_filtered
25,12,0,-147.15,-9.233,798.912,-10.78,349.01,23444,R20MZ_FZ_150_filtered
25,12,0,-147.15,-7.979,799.232,-8.7,343.6,23476,R20MZ_FZ_150_filtered
25,12,0,-147.12,-9.927,798.752,-1.44,346.38,23428,R20MZ_FZ_150_filtered
25,12,0,-147.1,11.332,791.563,3.75,-372.28,22711,R20MZ_FZ_150_filtered
25,12,0,-147.08,-7.095,796.772,-11.6,348.08,23231,R20MZ_FZ_150_filtered
25,12,0,-147.06,-8.942,797.232,-7.33,355.34,23277,R20MZ_FZ_150_filtered
25,12,0,-147.05,-11.235,798.412,-10.11,347.32,23394,R20MZ_FZ_150_filtered
25,12,-0,-147.03,2.994,789.483,19.67,-251.96,22503,R20MZ_FZ_150_filtered
25,12,0,-147.03,5.732,790.163,14.07,-342.85,22571,R20MZ_FZ_150_filtered
25,12,0,-147.02,-1.181,795.292,-17.01,132.22,23083,R20MZ_FZ_150_filtered
25,12,0,-147,7.813,790.683,12.08,-371.69,22623,R20MZ_FZ_150_filtered
25,12,0,-146.99,8.256,790.793,10.45,-374.01,22634,R20MZ_FZ_150_filtered
25,12,0,-146.97,-6.66,796.662,-12.02,344.66,23220,R20MZ_FZ_150_filtered
25,12,0,-146.97,-8.022,799.222,-9.93,343.11,23475,R20MZ_FZ_150_filtered
25,12,0,-146.95,-11.653,798.302,-3.15,349.8,23383,R20MZ_FZ_150_filtered
25,12,0,-146.94,-2.005,795.502,-21.85,201.69,23104,R20MZ_FZ_150_filtered
25,12,0,-146.94,-7.012,796.752,-10.95,350.55,23229,R20MZ_FZ_150_filtered
25,12,0,-146.94,-12.154,798.102,-9,354.75,23363,R20MZ_FZ_150_filtered
25,12,0,-146.9,-8.853,797.212,-7.13,359.68,23275,R20MZ_FZ_150_filtered
25,12,0,-146.89,-8.425,797.102,-7.85,356.92,23264,R20MZ_FZ_150_filtered
25,12,0,-146.87,-11.731,797.992,11.89,356.56,23353,R20MZ_FZ_150_filtered
25,12,0,-146.87,-8.362,799.132,-8.35,346.67,23466,R20MZ_FZ_150_filtered
25,12,0,-146.86,-7.987,796.992,-9.04,354.73,23253,R20MZ_FZ_150_filtered
25,12,0,-146.86,-11.306,797.822,-3.9,350.09,23336,R20MZ_FZ_150_filtered
25,12,0,-146.84,-10.854,798.522,5.2,347.92,23405,R20MZ_FZ_150_filtered
25,12,0,-146.82,-12.13,798.192,6.52,350.55,23372,R20MZ_FZ_150_filtered
25,12,0,-146.79,-1.668,795.412,-14.73,177.63,23095,R20MZ_FZ_150_filtered
25,12,-0,-146.78,5.573,790.123,17.06,-340.36,22567,R20MZ_FZ_150_filtered
25,12,0,-146.77,8.538,790.863,7.79,-368.73,22641,R20MZ_FZ_150_filtered
25,12,0,-146.77,9.922,791.213,5.5,-372.76,22676,R20MZ_FZ_150_filtered
25,12,0,-146.77,-5.705,796.422,-15.34,338.64,23196,R20MZ_FZ_150_filtered
25,12,0,-146.77,-6.176,796.542,-14.44,342.78,23208,R20MZ_FZ_150_filtered
25,12,0,-146.77,-12.11,798.202,14.29,352.22,23373,R20MZ_FZ_150_filtered
25,12,0,-146.74,-10.182,797.542,-5.42,361.24,23308,R20MZ_FZ_150_filtered
25,12,0,-146.73,-8.501,797.122,-7.94,352.56,23266,R20MZ_FZ_150_filtered
25,12,0,-146.71,5.146,790.013,16.01,-329.23,22556,R20MZ_FZ_150_filtered
25,12,-0,-146.7,-10.384,797.592,-5.13,353.37,23313,R20MZ_FZ_150_filtered
25,12,0,-146.69,1.294,794.672,12.24,-131.14,23021,R20MZ_FZ_150_filtered
25,12,0,-146.68,7.131,790.513,10.38,-359.57,22606,R20MZ_FZ_150_filtered
25,12,0,-146.65,-10.301,798.642,-10.8,347.46,23417,R20MZ_FZ_150_filtered
25,12,0,-146.65,-8.868,799.012,-2.35,347.11,23454,R20MZ_FZ_150_filtered
25,12,0,-146.64,-12.165,798.072,-3.18,350.23,23360,R20MZ_FZ_150_filtered
25,12,0,-146.63,-11.604,798.312,-5.53,350.57,23384,R20MZ_FZ_150_filtered
25,12,0,-146.6,11.384,791.573,4.47,-372.27,22712,R20MZ_FZ_150_filtered
25,12,0,-146.58,-11.11,798.452,-3.93,350.68,23398,R20MZ_FZ_150_filtered
25,12,0,-146.58,-10.661,798.562,0.02,348.67,23409,R20MZ_FZ_150_filtered
25,12,0,-146.58,-8.404,799.122,-7.76,345.91,23465,R20MZ_FZ_150_filtered
25,12,0,-146.53,9.615,791.133,7.4,-377.41,22668,R20MZ_FZ_150_filtered
25,12,0,-146.53,-7.582,796.892,-9.85,349.81,23243,R20MZ_FZ_150_filtered
25,12,0,-146.51,-8.919,799.002,-3.71,346.08,23453,R20MZ_FZ_150_filtered
25,12,0,-146.5,10.895,791.453,3.71,-373.52,22700,R20MZ_FZ_150_filtered
25,12,0,-146.5,-5.255,796.312,-17.21,333.19,23185,R20MZ_FZ_150_filtered
25,12,0,-146.48,6.893,790.453,12.87,-359.42,22600,R20MZ_FZ_150_filtered
25,12,0,-146.48,-10.235,798.662,-11.91,347.01,23419,R20MZ_FZ_150_filtered
25,12,0,-146.45,-7.464,796.862,-9.7,353.15,23240,R20MZ_FZ_150_filtered
25,12,0,-146.44,-6.532,796.632,-12.61,347.91,23217,R20MZ_FZ_150_filtered
25,12,0,-146.44,-8.822,797.202,-7.04,359.87,23274,R20MZ_FZ_150_filtered
25,12,0,-146.44,-9.267,798.902,-10.63,347.75,23443,R20MZ_FZ_150_filtered
25,12,0,-146.42,10.41,791.333,5.4,-374.14,22688,R20MZ_FZ_150_filtered
25,12,0,-146.41,-10.858,797.712,-5.02,351.97,23325,R20MZ_FZ_150_filtered
25,12,0,-146.4,3.793,789.683,20.6,-286.73,22523,R20MZ_FZ_150_filtered
25,12,0,-146.39,4.284,789.803,15.34,-303.46,22535,R20MZ_FZ_150_filtered
25,12,0,-146.36,10.933,791.463,4.55,-374.01,22701,R20MZ_FZ_150_filtered
25,12,0,-146.35,-10.63,797.652,-3.55,359.54,23319,R20MZ_FZ_150_filtered
25,12,0,-146.33,-6.222,796.552,-13.97,340.93,23209,R20MZ_FZ_150_filtered
25,12,0,-146.32,4.691,789.903,18.84,-316.19,22545,R20MZ_FZ_150_filtered
25,12,0,-146.32,-11.539,797.882,-2.68,356.28,23342,R20MZ_FZ_150_filtered
25,12,0,-146.31,-5.216,796.302,-17.74,333.35,23184,R20MZ_FZ_150_filtered
25,12,0,-146.3,-7.146,796.782,-11.69,346.56,23232,R20MZ_FZ_150_filtered
25,12,0,-146.27,10.043,791.243,6.8,-376.95,22679,R20MZ_FZ_150_filtered
25,12,0,-146.27,-7.908,796.972,-8.71,355.69,23251,R20MZ_FZ_150_filtered
25,12,0,-146.22,3.304,789.553,16.17,-263.01,22510,R20MZ_FZ_150_filtered
25,12,0,-146.21,4.821,789.933,16.02,-318.33,22548,R20MZ_FZ_150_filtered
25,12,0,-146.21,6.014,790.233,15.23,-347.96,22578,R20MZ_FZ_150_filtered
25,12,0,-146.21,-10.702,798.552,1.69,348.68,23408,R20MZ_FZ_150_filtered
25,12,0,-146.2,-12.14,798.092,-7.22,353.35,23362,R20MZ_FZ_150_filtered
25,12,-0,-146.18,5.287,790.053,14.78,-329.79,22560,R20MZ_FZ_150_filtered
25,12,-0,-146.16,-1.144,795.282,-17.05,128.19,23082,R20MZ_FZ_150_filtered
25,12,0,-146.16,-8.379,797.092,-7.65,357.52,23263,R20MZ_FZ_150_filtered
25,12,0,-146.15,6.457,790.343,14.78,-354.16,22589,R20MZ_FZ_150_filtered
25,12,0,-146.15,-9.455,797.362,-6.43,353.94,23290,R20MZ_FZ_150_filtered
25,12,0,-146.09,-8.063,797.012,-9.37,350.58,23255,R20MZ_FZ_150_filtered
25,12,0,-146.08,-9.889,798.762,0.47,346.38,23429,R20MZ_FZ_150_filtered
25,12,0,-146.06,-9.834,798.772,1.7,346.04,23430,R20MZ_FZ_150_filtered
25,12,0,-146.05,-12.158,798.082,-5.3,351.62,23361,R20MZ_FZ_150_filtered
25,12,0,-146.04,-9.708,797.422,-5.33,360.14,23296,R20MZ_FZ_150_filtered
25,12,0,-146.03,-8.981,797.242,-8.08,353.38,23278,R20MZ_FZ_150_filtered
25,12,0,-146.03,-11.33,797.832,-3.49,349.94,23337,R20MZ_FZ_150_filtered
25,12,0,-146.02,-11.172,798.432,-5.95,349.64,23396,R20MZ_FZ_150_filtered
25,12,0,-146,-9.261,797.312,-6.53,359.55,23285,R20MZ_FZ_150_filtered
25,12,0,-145.98,10.487,791.353,6.09,-375.85,22690,R20MZ_FZ_150_filtered
25,12,0,-145.96,9.143,791.013,8.65,-375.72,22656,R20MZ_FZ_150_filtered
25,12,0,-145.94,-5.663,796.412,-15.29,338.77,23195,R20MZ_FZ_150_filtered
25,12,0,-145.93,-11.202,798.422,-8.01,348.56,23395,R20MZ_FZ_150_filtered
25,12,0,-145.89,4.249,789.793,16.07,-301.27,22534,R20MZ_FZ_150_filtered
25,12,0,-145.89,8.09,790.753,8.83,-365.45,22630,R20MZ_FZ_150_filtered
25,12,0,-145.86,9.015,790.983,7.12,-370.74,22653,R20MZ_FZ_150_filtered
25,12,0,-145.86,9.499,791.103,6.56,-371.64,22665,R20MZ_FZ_150_filtered
25,12,0,-145.86,10.449,791.343,5.73,-374.77,22689,R20MZ_FZ_150_filtered
25,12,0,-145.86,-6.986,796.742,-10.95,349.94,23228,R20MZ_FZ_150_filtered
25,12,0,-145.85,3.769,789.673,20.89,-283.15,22522,R20MZ_FZ_150_filtered
25,12,0,-145.85,-1.226,795.302,-16.14,136.08,23084,R20MZ_FZ_150_filtered
25,12,0,-145.81,-4.814,796.202,-19.46,324.37,23174,R20MZ_FZ_150_filtered
25,12,0,-145.8,-5.297,796.322,-17.4,332.59,23186,R20MZ_FZ_150_filtered
25,12,0,-145.79,-10.749,798.542,3.55,348.56,23407,R20MZ_FZ_150_filtered
25,12,0,-145.77,-2.502,795.622,-17.74,231.16,23116,R20MZ_FZ_150_filtered
25,12,0,-145.76,6.701,790.403,11.32,-352.77,22595,R20MZ_FZ_150_filtered
25,12,0,-145.76,-10.794,798.532,4.88,348.09,23406,R20MZ_FZ_150_filtered
25,12,0,-145.72,-4.771,796.192,-19.23,324.2,23173,R20MZ_FZ_150_filtered
25,12,0,-145.71,3.876,789.703,19.88,-287.8,22525,R20MZ_FZ_150_filtered
25,12,0,-145.7,0.653,794.832,4.16,-75.17,23037,R20MZ_FZ_150_filtered
25,12,0,-145.7,-10.263,798.652,-11.69,347.14,23418,R20MZ_FZ_150_filtered
25,12,0,-145.65,-7.423,796.852,-9.6,351.95,23239,R20MZ_FZ_150_filtered
25,12,0,-145.65,-11.724,797.982,9.93,354.1,23352,R20MZ_FZ_150_filtered
25,12,0,-145.64,-1.572,795.382,-12.43,168.94,23092,R20MZ_FZ_150_filtered
25,12,-0,-145.61,4.326,789.813,14.83,-303.58,22536,R20MZ_FZ_150_filtered
25,12,0,-145.6,5.781,790.173,13.44,-339.27,22572,R20MZ_FZ_150_filtered
25,12,0,-145.53,-5.779,796.442,-15.48,336.34,23198,R20MZ_FZ_150_filtered
25,12,0,-145.53,-10.43,797.602,-4.42,352.86,23314,R20MZ_FZ_150_filtered
25,12,0,-145.52,9.97,791.223,5.87,-373.37,22677,R20MZ_FZ_150_filtered
25,12,0,-145.49,-1.969,795.492,-21.87,199.69,23103,R20MZ_FZ_150_filtered
25,12,0,-145.44,9.567,791.123,7.46,-375.72,22667,R20MZ_FZ_150_filtered
25,12,0,-145.44,-6.697,796.672,-11.97,343.4,23221,R20MZ_FZ_150_filtered
25,12,0,-145.4,7.785,790.673,11.61,-368.27,22622,R20MZ_FZ_150_filtered
25,12,0,-145.4,-10.892,797.722,-4.67,352.11,23326,R20MZ_FZ_150_filtered
25,12,0,-145.39,10.013,791.233,6.46,-375.23,22678,R20MZ_FZ_150_filtered
25,12,0,-145.38,-8.538,797.132,-7.89,351.67,23267,R20MZ_FZ_150_filtered
25,12,0,-145.37,5.524,790.113,17.74,-336.18,22566,R20MZ_FZ_150_filtered
25,12,0,-145.34,7.341,790.563,12.49,-363.32,22611,R20MZ_FZ_150_filtered
25,12,0,-145.33,8.212,790.783,10.39,-370.59,22633,R20MZ_FZ_150_filtered
25,12,0,-145.31,-9.943,797.482,-6.15,354.27,23302,R20MZ_FZ_150_filtered
25,12,0,-145.29,-7.622,796.902,-9.81,348.56,23244,R20MZ_FZ_150_filtered
25,12,0,-145.25,-8.776,797.192,-6.87,358.77,23273,R20MZ_FZ_150_filtered
25,12,0,-145.18,-1.087,795.272,-16.94,124.27,23081,R20MZ_FZ_150_filtered
25,12,-0,-145.18,-1.71,795.422,-16.24,180.63,23096,R20MZ_FZ_150_filtered
25,12,0,-145.15,-4.722,796.182,-19.53,323.12,23172,R20MZ_FZ_150_filtered
25,12,-0,-145.12,3.046,789.493,18.3,-251.01,22504,R20MZ_FZ_150_filtered
25,12,0,-145.12,9.058,790.993,7.71,-371.49,22654,R20MZ_FZ_150_filtered
25,12,0,-145.09,-7.177,796.792,-11.39,345.8,23233,R20MZ_FZ_150_filtered
25,12,0,-145.08,9.09,791.003,8.15,-373.22,22655,R20MZ_FZ_150_filtered
25,12,0,-145.07,7.181,790.523,10.2,-356.62,22607,R20MZ_FZ_150_filtered
25,12,0,-145.07,-9.021,797.252,-7.53,352.74,23279,R20MZ_FZ_150_filtered
25,12,0,-145.04,-2.539,795.632,-18.44,233.33,23117,R20MZ_FZ_150_filtered
25,12,0,-145.03,-9.668,797.412,-5.21,358.93,23295,R20MZ_FZ_150_filtered
25,12,0,-145.02,3.276,789.543,16.39,-258.18,22509,R20MZ_FZ_150_filtered
25,12,0,-145.02,-6.499,796.622,-12.7,346.53,23216,R20MZ_FZ_150_filtered
25,12,0,-145.02,-9.221,797.302,-6.81,358.32,23284,R20MZ_FZ_150_filtered
25,12,0,-145.01,-7.868,796.962,-8.79,353.97,23250,R20MZ_FZ_150_filtered
25,12,0,-144.97,-6.057,796.512,-14.15,343.59,23205,R20MZ_FZ_150_filtered
25,12,0,-144.95,-6.264,796.562,-14.22,340.35,23210,R20MZ_FZ_150_filtered
25,12,-0,-144.93,-6.933,796.732,-10.89,348.88,23227,R20MZ_FZ_150_filtered
25,12,0,-144.91,-2.974,795.742,-22.21,255.83,23128,R20MZ_FZ_150_filtered
25,12,0,-144.86,6.259,790.293,12.91,-345.17,22584,R20MZ_FZ_150_filtered
25,12,0,-144.85,0.624,794.842,3.68,-71.29,23038,R20MZ_FZ_150_filtered
25,12,0,-144.82,8.656,790.893,9.12,-372.6,22644,R20MZ_FZ_150_filtered
25,12,0,-144.8,4.857,789.943,15.15,-315.84,22549,R20MZ_FZ_150_filtered
25,12,0,-144.78,4.209,789.783,16.69,-297.57,22533,R20MZ_FZ_150_filtered
25,12,0,-144.75,3.504,789.603,14.04,-270.72,22515,R20MZ_FZ_150_filtered
25,12,0,-144.71,5.095,790.003,15.91,-324.69,22555,R20MZ_FZ_150_filtered
25,12,0,-144.71,5.973,790.223,15.38,-344.09,22577,R20MZ_FZ_150_filtered
25,12,0,-144.7,4.652,789.893,18.56,-312.13,22544,R20MZ_FZ_150_filtered
25,12,0,-144.66,-8.352,797.082,-8.08,357.22,23262,R20MZ_FZ_150_filtered
25,12,0,-144.66,-9.979,797.492,-5.7,354.44,23303,R20MZ_FZ_150_filtered
25,12,0,-144.6,-2.136,795.532,-22.19,209.3,23107,R20MZ_FZ_150_filtered
25,12,0,-144.59,-9.508,797.372,-6.07,354.46,23291,R20MZ_FZ_150_filtered
25,12,0,-144.58,-5.345,796.332,-17.43,331.98,23187,R20MZ_FZ_150_filtered
25,12,0,-144.55,7.658,790.643,9.31,-360.94,22619,R20MZ_FZ_150_filtered
25,12,0,-144.54,3.723,789.663,20.13,-278.95,22521,R20MZ_FZ_150_filtered
25,12,0,-144.53,-3.859,795.962,-21.39,294.9,23150,R20MZ_FZ_150_filtered
25,12,0,-144.53,-10.46,797.612,-4.23,353.67,23315,R20MZ_FZ_150_filtered
25,12,0,-144.52,-4.34,796.082,-19.83,311.64,23162,R20MZ_FZ_150_filtered
25,12,0,-144.51,2.642,789.393,15.17,-229.52,22494,R20MZ_FZ_150_filtered
25,12,0,-144.49,5.324,790.063,14.71,-326.7,22561,R20MZ_FZ_150_filtered
25,12,0,-144.46,-1.531,795.372,-11.72,165.4,23091,R20MZ_FZ_150_filtered
25,12,-0,-144.44,-4.297,796.072,-19.51,310.59,23161,R20MZ_FZ_150_filtered
25,12,0,-144.42,8.623,790.883,8.57,-369.81,22643,R20MZ_FZ_150_filtered
25,12,-0,-144.4,6.412,790.333,14.69,-350.1,22588,R20MZ_FZ_150_filtered
25,12,0,-144.36,0.729,794.812,5.26,-82.29,23035,R20MZ_FZ_150_filtered
25,12,0,-144.34,8.13,790.763,9.36,-366.08,22631,R20MZ_FZ_150_filtered
25,12,0,-144.33,-10.069,797.512,-5.03,356.45,23305,R20MZ_FZ_150_filtered
25,12,0,-144.31,-7.377,796.842,-9.29,350.71,23238,R20MZ_FZ_150_filtered
25,12,-0,-144.3,4.369,789.823,14.62,-301.86,22537,R20MZ_FZ_150_filtered
25,12,0,-144.29,-3.419,795.852,-19.51,276.61,23139,R20MZ_FZ_150_filtered
25,12,0,-144.28,-2.943,795.732,-21.54,253.97,23127,R20MZ_FZ_150_filtered
25,12,0,-144.27,-10.014,797.502,-5.07,355.24,23304,R20MZ_FZ_150_filtered
25,12,0,-144.25,-4.854,796.212,-19.49,324.69,23175,R20MZ_FZ_150_filtered
25,12,0,-144.25,-5.135,796.282,-17.59,330.73,23182,R20MZ_FZ_150_filtered
25,12,0,-144.21,6.729,790.413,11.55,-350.41,22596,R20MZ_FZ_150_filtered
25,12,0,-144.21,-8.739,797.182,-6.78,357.7,23272,R20MZ_FZ_150_filtered
25,12,0,-144.17,-9.626,797.402,-4.92,358.18,23294,R20MZ_FZ_150_filtered
25,12,0,-144.15,2.669,789.403,16.52,-229.6,22495,R20MZ_FZ_150_filtered
25,12,0,-144.15,-3.467,795.862,-19.62,278.49,23140,R20MZ_FZ_150_filtered
25,12,0,-144.12,8.175,790.773,9.92,-368.26,22632,R20MZ_FZ_150_filtered
25,12,0,-144.04,7.742,790.663,10.96,-364.86,22621,R20MZ_FZ_150_filtered
25,12,0,-143.98,-3.008,795.752,-22.33,257.71,23129,R20MZ_FZ_150_filtered
25,12,0,-143.96,-9.181,797.292,-6.45,357.57,23283,R20MZ_FZ_150_filtered
25,12,0,-143.9,-8.306,797.072,-7.81,355.81,23261,R20MZ_FZ_150_filtered
25,12,0,-143.84,3.924,789.713,19.45,-285.95,22526,R20MZ_FZ_150_filtered
25,12,0,-143.84,-7.821,796.952,-8.62,352.74,23249,R20MZ_FZ_150_filtered
25,12,0,-143.83,-6.017,796.502,-14.07,342.22,23204,R20MZ_FZ_150_filtered
25,12,0,-143.82,-9.576,797.392,-5.13,357.25,23293,R20MZ_FZ_150_filtered
25,12,0,-143.81,-3.948,795.982,-21.57,298.04,23152,R20MZ_FZ_150_filtered
25,12,0,-143.79,-7.659,796.912,-9.36,348.59,23245,R20MZ_FZ_150_filtered
25,12,0,-143.74,-9.055,797.262,-7.35,353.85,23280,R20MZ_FZ_150_filtered
25,12,-0,-143.74,-9.548,797.382,-5.81,356.03,23292,R20MZ_FZ_150_filtered
25,12,0,-143.73,3.092,789.503,17.77,-250.23,22505,R20MZ_FZ_150_filtered
25,12,0,-143.73,5.496,790.103,17.59,-331.81,22565,R20MZ_FZ_150_filtered
25,12,0,-143.73,-4.253,796.062,-19.22,308.87,23160,R20MZ_FZ_150_filtered
25,12,0,-143.72,-6.455,796.612,-13.1,345.9,23215,R20MZ_FZ_150_filtered
25,12,0,-143.71,7.695,790.653,10.52,-362.34,22620,R20MZ_FZ_150_filtered
25,12,0,-143.64,-3.82,795.952,-21.07,293.21,23149,R20MZ_FZ_150_filtered
25,12,0,-143.63,5.817,790.183,13.2,-337.09,22573,R20MZ_FZ_150_filtered
25,12,0,-143.63,-5.589,796.392,-15.44,337.24,23193,R20MZ_FZ_150_filtered
25,12,0,-143.58,-5.825,796.452,-15.19,336.16,23199,R20MZ_FZ_150_filtered
25,12,0,-143.57,-8.26,797.062,-7.91,354.9,23260,R20MZ_FZ_150_filtered
25,12,0,-143.55,0.581,794.852,3.25,-66.6,23039,R20MZ_FZ_150_filtered
25,12,0,-143.55,-2.592,795.642,-18.71,235.68,23118,R20MZ_FZ_150_filtered
25,12,0,-143.55,-4.691,796.172,-19.63,321.28,23171,R20MZ_FZ_150_filtered
25,12,0,-143.54,-2.9,795.722,-20.84,251.95,23126,R20MZ_FZ_150_filtered
25,12,0,-143.53,3.221,789.533,16.25,-254.27,22508,R20MZ_FZ_150_filtered
25,12,0,-143.53,-9.14,797.282,-6.75,356.62,23282,R20MZ_FZ_150_filtered
25,12,0,-143.46,-7.208,796.802,-11.08,346.55,23234,R20MZ_FZ_150_filtered
25,12,0,-143.45,-8.659,797.162,-6.73,355.53,23270,R20MZ_FZ_150_filtered
25,12,0,-143.44,-9.094,797.272,-6.9,355.23,23281,R20MZ_FZ_150_filtered
25,12,0,-143.43,4.621,789.883,18.68,-307.64,22543,R20MZ_FZ_150_filtered
25,12,0,-143.43,-6.302,796.572,-14.02,340.81,23211,R20MZ_FZ_150_filtered
25,12,0,-143.41,7.22,790.533,11.07,-355.7,22608,R20MZ_FZ_150_filtered
25,12,-0,-143.34,-6.856,796.712,-10.99,347.51,23225,R20MZ_FZ_150_filtered
25,12,0,-143.32,6.774,790.423,12,-350.41,22597,R20MZ_FZ_150_filtered
25,12,0,-143.31,5.381,790.073,15.13,-325.76,22562,R20MZ_FZ_150_filtered
25,12,0,-143.27,6.815,790.433,12.8,-352.27,22598,R20MZ_FZ_150_filtered
25,12,0,-143.22,7.261,790.543,11.63,-356.78,22609,R20MZ_FZ_150_filtered
25,12,0,-143.2,-7.34,796.832,-9.64,350.43,23237,R20MZ_FZ_150_filtered
25,12,-0,-143.2,-7.772,796.942,-8.76,352.31,23248,R20MZ_FZ_150_filtered
25,12,0,-143.2,-8.707,797.172,-6.82,356.64,23271,R20MZ_FZ_150_filtered
25,12,0,-143.18,-0.753,795.192,-10.92,89.58,23073,R20MZ_FZ_150_filtered
25,12,-0,-143.14,-1.04,795.262,-16.94,120.45,23080,R20MZ_FZ_150_filtered
25,12,0,-143.13,5.947,790.213,14.75,-340.79,22576,R20MZ_FZ_150_filtered
25,12,0,-143.12,-2.177,795.542,-21.83,211.98,23108,R20MZ_FZ_150_filtered
25,12,0,-143.05,6.368,790.323,14.46,-346.22,22587,R20MZ_FZ_150_filtered
25,12,0,-143.04,-5.991,796.492,-14.03,341.44,23203,R20MZ_FZ_150_filtered
25,12,0,-143.02,6.336,790.313,14.09,-344.22,22586,R20MZ_FZ_150_filtered
25,12,0,-143.01,6.296,790.303,13.26,-343.43,22585,R20MZ_FZ_150_filtered
25,12,0,-143.01,-5.38,796.342,-17.35,332.28,23188,R20MZ_FZ_150_filtered
25,12,0,-142.94,-1.488,795.362,-12.05,161.83,23090,R20MZ_FZ_150_filtered
25,12,0,-142.83,-5.859,796.462,-14.73,337.27,23200,R20MZ_FZ_150_filtered
25,12,0,-142.81,-3.5,795.872,-20.16,280.33,23141,R20MZ_FZ_150_filtered
25,12,-0,-142.77,-3.345,795.832,-18.81,272.76,23137,R20MZ_FZ_150_filtered
25,12,0,-142.75,-7.261,796.812,-10.36,348.25,23235,R20MZ_FZ_150_filtered
25,12,0,-142.74,4.173,789.773,16.69,-292.43,22532,R20MZ_FZ_150_filtered
25,12,0,-142.74,0.816,794.792,7.34,-88.79,23033,R20MZ_FZ_150_filtered
25,12,0,-142.69,-3.053,795.762,-22.68,259.89,23130,R20MZ_FZ_150_filtered
25,12,0,-142.68,4.9,789.953,14.56,-313.33,22550,R20MZ_FZ_150_filtered
25,12,0,-142.67,0.232,794.943,1.96,-29.42,23048,R20MZ_FZ_150_filtered
25,12,0,-142.66,-7.31,796.822,-10.25,349.48,23236,R20MZ_FZ_150_filtered
25,12,0,-142.59,-6.421,796.602,-12.9,345.16,23214,R20MZ_FZ_150_filtered
25,12,0,-142.55,-0.644,795.162,-7.19,77.15,23070,R20MZ_FZ_150_filtered
25,12,0,-142.54,-6.817,796.702,-10.74,345.79,23224,R20MZ_FZ_150_filtered
25,12,0,-142.53,0.929,794.763,8.51,-100.11,23030,R20MZ_FZ_150_filtered
25,12,0,-142.53,-1.892,795.472,-20.13,195.84,23101,R20MZ_FZ_150_filtered
25,12,0,-142.51,-5.544,796.382,-15.34,336.02,23192,R20MZ_FZ_150_filtered
25,12,0,-142.5,-7.742,796.932,-9.02,351.2,23247,R20MZ_FZ_150_filtered
25,12,0,-142.49,-6.335,796.582,-13.93,342.55,23212,R20MZ_FZ_150_filtered
25,12,0,-142.46,3.538,789.613,14.05,-268.7,22516,R20MZ_FZ_150_filtered
25,12,0,-142.4,3.149,789.513,16.52,-250.25,22506,R20MZ_FZ_150_filtered
25,12,0,-142.39,3.175,789.523,16.31,-251.33,22507,R20MZ_FZ_150_filtered
25,12,0,-142.36,-1.79,795.442,-17.86,186.98,23098,R20MZ_FZ_150_filtered
25,12,0,-142.35,-5.944,796.482,-14.24,340.21,23202,R20MZ_FZ_150_filtered
25,12,0,-142.27,-4.657,796.162,-19.05,320.19,23170,R20MZ_FZ_150_filtered
25,12,0,-142.24,-6.385,796.592,-13.32,343.94,23213,R20MZ_FZ_150_filtered
25,12,0,-142.16,-3.775,795.942,-20.73,291.81,23148,R20MZ_FZ_150_filtered
25,12,-0,-142.15,4.405,789.833,14.57,-299.52,22538,R20MZ_FZ_150_filtered
25,12,0,-142.14,0.276,794.932,2.53,-33.58,23047,R20MZ_FZ_150_filtered
25,12,0,-142.08,-5.093,796.272,-16.92,329.8,23181,R20MZ_FZ_150_filtered
25,12,0,-142.03,-2.628,795.652,-18.86,238.49,23119,R20MZ_FZ_150_filtered
25,12,0,-141.86,-1.439,795.352,-12.7,157.81,23089,R20MZ_FZ_150_filtered
25,12,0,-141.85,-5.497,796.372,-15.96,335.4,23191,R20MZ_FZ_150_filtered
25,12,0,-141.83,-0.792,795.202,-12.87,93.64,23074,R20MZ_FZ_150_filtered
25,12,0,-141.81,-2.384,795.592,-17.32,224.65,23113,R20MZ_FZ_150_filtered
25,12,0,-141.79,-0.294,795.062,-3.09,27.7,23060,R20MZ_FZ_150_filtered
25,12,0,-141.74,-4.221,796.052,-19.32,307.77,23159,R20MZ_FZ_150_filtered
25,12,0,-141.67,-5.418,796.352,-17.41,333.25,23189,R20MZ_FZ_150_filtered
25,12,0,-141.65,0.863,794.782,8.02,-92.07,23032,R20MZ_FZ_150_filtered
25,12,0,-141.64,3.64,789.643,16.63,-270.84,22519,R20MZ_FZ_150_filtered
25,12,0,-141.62,-0.995,795.252,-16.4,116.07,23079,R20MZ_FZ_150_filtered
25,12,0,-141.62,-1.369,795.332,-14.78,148.99,23087,R20MZ_FZ_150_filtered
25,12,0,-141.49,3.952,789.723,18.81,-283.26,22527,R20MZ_FZ_150_filtered
25,12,0,-141.48,-2.864,795.712,-19.57,250.55,23125,R20MZ_FZ_150_filtered
25,12,0,-141.46,-2.341,795.582,-17.25,222.83,23112,R20MZ_FZ_150_filtered
25,12,0,-141.37,-2.211,795.552,-20.71,214.45,23109,R20MZ_FZ_150_filtered
25,12,0,-141.37,-5.461,796.362,-16.22,334.32,23190,R20MZ_FZ_150_filtered
25,12,0,-141.33,-4.982,796.242,-17.9,326.75,23178,R20MZ_FZ_150_filtered
25,12,0,-141.25,-1.411,795.342,-13.35,153.62,23088,R20MZ_FZ_150_filtered
25,12,0,-141.22,4.946,789.963,14.62,-312.57,22551,R20MZ_FZ_150_filtered
25,12,0,-141.06,-4.93,796.232,-18.53,325.76,23177,R20MZ_FZ_150_filtered
25,12,0,-141,3.61,789.633,15.34,-268.2,22518,R20MZ_FZ_150_filtered
25,12,0,-140.97,4.455,789.843,14.89,-298.01,22539,R20MZ_FZ_150_filtered
25,12,0,-140.9,-3.55,795.882,-20.41,281.77,23142,R20MZ_FZ_150_filtered
25,12,0,-140.87,-0.238,795.052,-2.89,22.75,23059,R20MZ_FZ_150_filtered
25,12,0,-140.86,-0.626,795.152,-6.1,72.2,23069,R20MZ_FZ_150_filtered
25,12,0,-140.81,4.127,789.763,16.99,-287.91,22531,R20MZ_FZ_150_filtered
25,12,-0,-140.71,-3.306,795.822,-19.24,271.22,23136,R20MZ_FZ_150_filtered
25,12,0,-140.64,3.577,789.623,14.42,-267.88,22517,R20MZ_FZ_150_filtered
25,12,0,-140.64,-2.658,795.662,-18.93,240.83,23120,R20MZ_FZ_150_filtered
25,12,0,-140.63,-5.022,796.252,-17.75,327.98,23179,R20MZ_FZ_150_filtered
25,12,0,-140.62,0.312,794.922,3.42,-37.76,23046,R20MZ_FZ_150_filtered
25,12,0,-140.62,-0.964,795.242,-15.44,111.45,23078,R20MZ_FZ_150_filtered
25,12,0,-140.51,-4.616,796.152,-19.13,319.11,23169,R20MZ_FZ_150_filtered
25,12,0,-140.48,-3.093,795.772,-22.2,261.77,23131,R20MZ_FZ_150_filtered
25,12,-0,-140.43,-2.317,795.572,-18.57,220.37,23111,R20MZ_FZ_150_filtered
25,12,0,-140.36,-4.181,796.042,-18.87,307,23158,R20MZ_FZ_150_filtered
25,12,0,-140.33,-4.502,796.122,-20.12,316.06,23166,R20MZ_FZ_150_filtered
25,12,0,-140.28,-0.828,795.212,-13.93,97.96,23075,R20MZ_FZ_150_filtered
25,12,0,-140.28,-4.566,796.142,-19.1,318.21,23168,R20MZ_FZ_150_filtered
25,12,0,-140.27,4.535,789.863,16.99,-299.68,22541,R20MZ_FZ_150_filtered
25,12,0,-140.26,-2.268,795.562,-19.65,217.72,23110,R20MZ_FZ_150_filtered
25,12,0,-140.24,4.491,789.853,15.89,-297.66,22540,R20MZ_FZ_150_filtered
25,12,0,-139.78,-0.203,795.042,-3.02,17.33,23058,R20MZ_FZ_150_filtered
25,12,0,-139.78,-0.909,795.232,-15.35,106.83,23077,R20MZ_FZ_150_filtered
25,12,0,-139.74,-0.861,795.222,-14.88,102.29,23076,R20MZ_FZ_150_filtered
25,12,0,-139.62,-4.051,796.012,-20.81,302.71,23155,R20MZ_FZ_150_filtered
25,12,0,-139.5,-3.129,795.782,-21.91,264.24,23132,R20MZ_FZ_150_filtered
25,12,0,-139.44,-4.137,796.032,-19.41,305.97,23157,R20MZ_FZ_150_filtered
25,12,0,-139.42,-3.262,795.812,-19.45,269.82,23135,R20MZ_FZ_150_filtered
25,12,-0,-139.37,0.345,794.912,3.99,-41.45,23045,R20MZ_FZ_150_filtered
25,12,-0,-139.35,4.007,789.733,18.24,-281.67,22528,R20MZ_FZ_150_filtered
25,12,0,-139.34,-2.703,795.672,-18.57,243.31,23121,R20MZ_FZ_150_filtered
25,12,0,-139.3,0.5,794.872,3.26,-57.58,23041,R20MZ_FZ_150_filtered
25,12,0,-139.29,-4.536,796.132,-19.2,317.29,23167,R20MZ_FZ_150_filtered
25,12,0,-139.25,-2.742,795.682,-18.48,245.63,23122,R20MZ_FZ_150_filtered
25,12,0,-139.24,-3.697,795.922,-19.75,289.05,23146,R20MZ_FZ_150_filtered
25,12,0,-139.08,4.041,789.743,17.81,-281.83,22529,R20MZ_FZ_150_filtered
25,12,0,-139.06,-3.626,795.902,-20.1,285.81,23144,R20MZ_FZ_150_filtered
25,12,0,-138.99,-3.216,795.802,-20.39,268.57,23134,R20MZ_FZ_150_filtered
25,12,0,-138.92,-3.182,795.792,-20.79,266.29,23133,R20MZ_FZ_150_filtered
25,12,0,-138.8,-0.593,795.142,-5.13,67.58,23068,R20MZ_FZ_150_filtered
25,12,0,-138.76,0.462,794.883,3.46,-53.22,23042,R20MZ_FZ_150_filtered
25,12,0,-138.74,-4.097,796.022,-19.83,304.73,23156,R20MZ_FZ_150_filtered
25,12,0,-138.59,-3.651,795.912,-19.56,287.34,23145,R20MZ_FZ_150_filtered
25,12,0,-138.23,0.389,794.902,4.16,-45.49,23044,R20MZ_FZ_150_filtered
25,12,0,-138.2,-0.158,795.032,-2.8,12.67,23057,R20MZ_FZ_150_filtered
25,12,0,-138.01,-0.415,795.092,-5.07,42,23063,R20MZ_FZ_150_filtered
25,12,0,-137.79,0.427,794.892,4.13,-49.21,23043,R20MZ_FZ_150_filtered
25,12,0,-137.69,-0.561,795.132,-4.22,62.13,23067,R20MZ_FZ_150_filtered
25,12,0,-136.95,-0.46,795.102,-4.11,46.98,23064,R20MZ_FZ_150_filtered
25,12,0,-136.85,-0.1,795.022,-2.51,7.87,23056,R20MZ_FZ_150_filtered
25,12,0,-136.81,-0.524,795.122,-4.14,56.87,23066,R20MZ_FZ_150_filtered
25,12,0,-135.34,0.034,794.992,-2.28,-5.61,23053,R20MZ_FZ_150_filtered
25,12,0,-135.14,-0.07,795.012,-2.42,3.69,23055,R20MZ_FZ_150_filtered
25,12,0,-134.91,-0.016,795.003,-2.1,-0.79,23054,R20MZ_FZ_150_filtered
25,12,0,-109.24,1.201,890.42,13.1,-106.75,26196,R20MZ_FZ_100_filtered
25,12,0,-109.15,1.716,890.55,8.94,-137.27,26209,R20MZ_FZ_100_filtered
25,12,0,-108.09,1.643,890.53,9.13,-131.83,26207,R20MZ_FZ_100_filtered
25,12,0,-107.35,1.348,890.46,10.53,-115.99,26200,R20MZ_FZ_100_filtered
25,12,0,-106.61,1.117,890.4,12.26,-99.25,26194,R20MZ_FZ_100_filtered
25,12,-0,-105.86,2.18,890.66,11.5,-155.52,26220,R20MZ_FZ_100_filtered
25,12,0,-105.84,1.79,890.57,8,-139.26,26211,R20MZ_FZ_100_filtered
25,12,0,-105.65,2.221,890.67,10.56,-157.55,26221,R20MZ_FZ_100_filtered
25,12,0,-105.17,1.394,890.47,9.87,-117.05,26201,R20MZ_FZ_100_filtered
25,12,0,-105.02,1.561,890.51,9.15,-125.43,26205,R20MZ_FZ_100_filtered
25,12,0,-104.91,1.066,890.39,11.28,-95.99,26193,R20MZ_FZ_100_filtered
25,12,0,-104.53,8.152,894.35,2.81,-254.31,26588,R20MZ_FZ_100_filtered
25,12,0,-104.52,8.108,894.36,1.57,-252.28,26589,R20MZ_FZ_100_filtered
25,12,0,-104.5,7.221,894.58,5.36,-247.93,26611,R20MZ_FZ_100_filtered
25,12,0,-104.45,8.619,894.23,5.61,-255.55,26576,R20MZ_FZ_100_filtered
25,12,0,-104.43,9.068,894.12,0.16,-257.57,26565,R20MZ_FZ_100_filtered
25,12,0,-104.42,9.468,894.01,7.08,-258.35,26554,R20MZ_FZ_100_filtered
25,12,0,-104.41,12.223,893.2,-4.4,-265.34,26473,R20MZ_FZ_100_filtered
25,12,0,-104.36,12.18,893.31,3.48,-265.14,26484,R20MZ_FZ_100_filtered
25,12,0,-104.35,12.186,893.3,6.79,-265.61,26483,R20MZ_FZ_100_filtered
25,12,0,-104.34,7.698,894.46,5.31,-250.73,26599,R20MZ_FZ_100_filtered
25,12,0,-104.29,2.588,890.77,9.19,-171.95,26231,R20MZ_FZ_100_filtered
25,12,0,-104.27,11.332,893.54,8.82,-262.69,26507,R20MZ_FZ_100_filtered
25,12,0,-104.25,8.57,894.24,5.67,-255.08,26577,R20MZ_FZ_100_filtered
25,12,0,-104.2,9.989,893.89,-2.23,-259.72,26542,R20MZ_FZ_100_filtered
25,12,0,-104.15,5.815,894.93,7.34,-238.34,26646,R20MZ_FZ_100_filtered
25,12,0,-104.1,6.73,894.7,5.8,-244.66,26623,R20MZ_FZ_100_filtered
25,12,-0,-104.05,2.262,890.68,9.56,-157.35,26222,R20MZ_FZ_100_filtered
25,12,0,-103.94,11.842,893.42,-9.88,-264.37,26495,R20MZ_FZ_100_filtered
25,12,0,-103.94,11.312,893.55,7.87,-259.74,26508,R20MZ_FZ_100_filtered
25,12,0,-103.93,11.374,893.53,10.26,-263.19,26506,R20MZ_FZ_100_filtered
25,12,0,-103.83,2.544,890.76,9.5,-168.71,26230,R20MZ_FZ_100_filtered
25,12,0,-103.77,2.091,890.64,12.3,-149.68,26218,R20MZ_FZ_100_filtered
25,12,0,-103.72,2.637,890.78,8.56,-173.35,26232,R20MZ_FZ_100_filtered
25,12,0,-103.71,10.442,893.77,7.89,-259.4,26530,R20MZ_FZ_100_filtered
25,12,0,-103.69,4.471,895.27,9.73,-220.17,26680,R20MZ_FZ_100_filtered
25,12,0,-103.68,9.454,894.02,7.07,-256.18,26555,R20MZ_FZ_100_filtered
25,12,0,-103.62,11.786,893.08,-9.44,-260.17,26462,R20MZ_FZ_100_filtered
25,12,-0,-103.61,4.896,895.16,7.93,-227.91,26669,R20MZ_FZ_100_filtered
25,12,-0,-103.6,10.025,893.88,-0.79,-258.91,26541,R20MZ_FZ_100_filtered
25,12,0,-103.6,4.929,895.15,7.5,-228.88,26668,R20MZ_FZ_100_filtered
25,12,0,-103.59,5.871,894.92,6.89,-238.96,26645,R20MZ_FZ_100_filtered
25,12,0,-103.54,5.397,895.04,8.87,-233.82,26657,R20MZ_FZ_100_filtered
25,12,0,-103.51,8.533,894.25,5.79,-252.74,26578,R20MZ_FZ_100_filtered
25,12,0,-103.51,6.779,894.69,5.87,-245.3,26622,R20MZ_FZ_100_filtered
25,12,0,-103.47,9.03,894.13,-0.64,-255.84,26566,R20MZ_FZ_100_filtered
25,12,0,-103.47,6.268,894.82,6.19,-241,26635,R20MZ_FZ_100_filtered
25,12,0,-103.45,9.109,894.11,1.41,-257.25,26564,R20MZ_FZ_100_filtered
25,12,0,-103.41,12.241,893.18,-7.98,-264.55,26471,R20MZ_FZ_100_filtered
25,12,0,-103.4,1.448,890.48,9.39,-117.87,26202,R20MZ_FZ_100_filtered
25,12,-0,-103.34,12.168,893.32,-0.49,-262.17,26485,R20MZ_FZ_100_filtered
25,12,0,-103.31,8.645,894.22,5.16,-254.13,26575,R20MZ_FZ_100_filtered
25,12,0,-103.29,4.512,895.26,10.79,-220.51,26679,R20MZ_FZ_100_filtered
25,12,0,-103.25,5.354,895.05,7.97,-232.72,26658,R20MZ_FZ_100_filtered
25,12,0,-103.25,4.434,895.28,8.98,-218.62,26681,R20MZ_FZ_100_filtered
25,12,0,-103.23,10.947,893.65,-3.88,-260.82,26518,R20MZ_FZ_100_filtered
25,12,0,-103.23,7.263,894.57,6.27,-247.49,26610,R20MZ_FZ_100_filtered
25,12,0,-103.22,4.018,895.38,7.37,-210.23,26691,R20MZ_FZ_100_filtered
25,12,0,-103.21,12.204,893.29,8.96,-264.08,26482,R20MZ_FZ_100_filtered
25,12,0,-103.18,11.802,893.09,-13.18,-258.29,26463,R20MZ_FZ_100_filtered
25,12,-0,-103.16,1.833,890.58,8.22,-139.51,26212,R20MZ_FZ_100_filtered
25,12,0,-103.16,6.342,894.8,7.51,-242.05,26633,R20MZ_FZ_100_filtered
25,12,0,-103.11,10.904,893.66,-3.89,-260.19,26519,R20MZ_FZ_100_filtered
25,12,0,-103.07,1.481,890.49,9.04,-119.99,26203,R20MZ_FZ_100_filtered
25,12,0,-103.05,6.694,894.71,5.87,-242.35,26624,R20MZ_FZ_100_filtered
25,12,0,-103.04,5.781,894.94,6.95,-236.46,26647,R20MZ_FZ_100_filtered
25,12,0,-103,3.075,890.89,12.88,-187.92,26243,R20MZ_FZ_100_filtered
25,12,0,-102.97,7.144,894.6,3.56,-243.56,26613,R20MZ_FZ_100_filtered
25,12,0,-102.94,10.477,893.76,7.73,-258.79,26529,R20MZ_FZ_100_filtered
25,12,0,-102.87,11.895,893.41,-14.75,-263.92,26494,R20MZ_FZ_100_filtered
25,12,0,-102.87,8.066,894.37,0.77,-248.84,26590,R20MZ_FZ_100_filtered
25,12,0,-102.78,10.845,893.67,-4.01,-257.2,26520,R20MZ_FZ_100_filtered
25,12,0,-102.74,5.423,895.03,9.41,-233.38,26656,R20MZ_FZ_100_filtered
25,12,0,-102.71,3.991,895.39,7.95,-209.15,26692,R20MZ_FZ_100_filtered
25,12,0,-102.7,4.857,895.17,8.55,-226.25,26670,R20MZ_FZ_100_filtered
25,12,0,-102.64,3.108,895.61,7.36,-182.8,26714,R20MZ_FZ_100_filtered
25,12,0,-102.64,-2.371,896.98,-11.21,166.29,26851,R20MZ_FZ_100_filtered
25,12,0,-102.6,3.121,890.9,11.57,-188.74,26244,R20MZ_FZ_100_filtered
25,12,0,-102.58,8.234,894.33,4.82,-251.67,26586,R20MZ_FZ_100_filtered
25,12,0,-102.56,2.672,895.72,8.72,-165.94,26725,R20MZ_FZ_100_filtered
25,12,0,-102.54,8.991,894.14,-0.76,-252.58,26567,R20MZ_FZ_100_filtered
25,12,0,-102.49,7.741,894.45,5.44,-249.81,26598,R20MZ_FZ_100_filtered
25,12,0,-102.46,2.048,890.63,12.03,-146.24,26217,R20MZ_FZ_100_filtered
25,12,0,-102.46,3.537,891,7.6,-202.36,26254,R20MZ_FZ_100_filtered
25,12,0,-102.43,5.9,894.91,6.49,-238.03,26644,R20MZ_FZ_100_filtered
25,12,0,-102.37,9.56,893.99,6.28,-257.23,26552,R20MZ_FZ_100_filtered
25,12,0,-102.36,6.823,894.68,5.42,-244.04,26621,R20MZ_FZ_100_filtered
25,12,0,-102.36,2.639,895.73,7.63,-164.96,26726,R20MZ_FZ_100_filtered
25,12,0,-102.34,2.67,890.79,8.41,-173.7,26233,R20MZ_FZ_100_filtered
25,12,0,-102.34,3.562,891.01,7.49,-202.67,26255,R20MZ_FZ_100_filtered
25,12,0,-102.28,10.433,892.73,3.09,-261.75,26427,R20MZ_FZ_100_filtered
25,12,0,-102.25,10.884,892.84,1.63,-262.97,26438,R20MZ_FZ_100_filtered
25,12,0,-102.25,10.921,892.85,1.38,-261.42,26439,R20MZ_FZ_100_filtered
25,12,0,-102.25,-1.922,896.87,-14.43,148,26840,R20MZ_FZ_100_filtered
25,12,0,-102.24,3.499,890.99,7.71,-199.39,26253,R20MZ_FZ_100_filtered
25,12,0,-102.21,11.768,893.07,-4.91,-261.09,26461,R20MZ_FZ_100_filtered
25,12,0,-102.18,9.909,893.91,-2.15,-255.39,26544,R20MZ_FZ_100_filtered
25,12,0,-102.17,9.144,894.1,2.88,-255.22,26563,R20MZ_FZ_100_filtered
25,12,0,-102.16,6.228,894.83,5.23,-238.31,26636,R20MZ_FZ_100_filtered
25,12,0,-102.13,7.299,894.56,6.91,-245.95,26609,R20MZ_FZ_100_filtered
25,12,0,-102.09,5.317,895.06,7.61,-230.56,26659,R20MZ_FZ_100_filtered
25,12,0,-102.08,11.364,892.96,2.62,-262.34,26450,R20MZ_FZ_100_filtered
25,12,0,-102.05,3.95,891.11,13.9,-211.5,26265,R20MZ_FZ_100_filtered
25,12,0,-102,7.576,894.49,5.72,-244.52,26602,R20MZ_FZ_100_filtered
25,12,0,-101.98,4.066,895.37,7.03,-210.28,26690,R20MZ_FZ_100_filtered
25,12,-0,-101.97,11.407,893.52,11.59,-261.89,26505,R20MZ_FZ_100_filtered
25,12,0,-101.97,3.504,895.51,9.52,-194.89,26704,R20MZ_FZ_100_filtered
25,12,0,-101.96,10.078,893.87,-0.04,-257.08,26540,R20MZ_FZ_100_filtered
25,12,0,-101.94,-1.888,896.86,-13.17,146.94,26839,R20MZ_FZ_100_filtered
25,12,0,-101.9,10.396,892.72,3.31,-262.18,26426,R20MZ_FZ_100_filtered
25,12,0,-101.87,9.041,892.38,4.19,-260.03,26392,R20MZ_FZ_100_filtered
25,12,0,-101.84,9.963,892.61,3.09,-261.91,26415,R20MZ_FZ_100_filtered
25,12,0,-101.78,3.156,895.6,7.22,-183.09,26713,R20MZ_FZ_100_filtered
25,12,0,-101.74,-7.323,900.78,-6.75,236.11,27230,R20MZ_FZ_100_filtered
25,12,0,-101.72,10.517,893.75,6.66,-257.23,26528,R20MZ_FZ_100_filtered
25,12,0,-101.64,8.494,894.26,6.4,-249.45,26579,R20MZ_FZ_100_filtered
25,12,0,-101.62,3.573,895.49,11.24,-197.07,26702,R20MZ_FZ_100_filtered
25,12,0,-101.59,9.998,892.62,2.68,-260.01,26416,R20MZ_FZ_100_filtered
25,12,0,-101.58,10.827,893.68,-3.21,-254.42,26521,R20MZ_FZ_100_filtered
25,12,0,-101.56,6.652,894.72,5.73,-239.37,26625,R20MZ_FZ_100_filtered
25,12,0,-101.55,11.402,892.97,1.56,-259.99,26451,R20MZ_FZ_100_filtered
25,12,0,-101.54,-6.409,901.01,-7.3,231.62,27253,R20MZ_FZ_100_filtered
25,12,0,-101.51,2.522,890.75,9.4,-164.68,26229,R20MZ_FZ_100_filtered
25,12,0,-101.51,12.249,893.17,-10.4,-261.56,26470,R20MZ_FZ_100_filtered
25,12,0,-101.51,-2.405,896.99,-11.28,168.48,26852,R20MZ_FZ_100_filtered
25,12,0,-101.5,10.477,892.74,2.37,-259.08,26428,R20MZ_FZ_100_filtered
25,12,0,-101.49,-1.957,896.88,-15.57,149.74,26841,R20MZ_FZ_100_filtered
25,12,0,-101.47,2.987,890.87,14.04,-181.86,26241,R20MZ_FZ_100_filtered
25,12,0,-101.44,-7.376,900.77,-5.99,237.5,27229,R20MZ_FZ_100_filtered
25,12,0,-101.43,8.597,892.27,3.59,-257.36,26381,R20MZ_FZ_100_filtered
25,12,0,-101.4,8.995,892.37,4.82,-260.21,26391,R20MZ_FZ_100_filtered
25,12,0,-101.39,-3.259,901.8,-10.89,183.39,27332,R20MZ_FZ_100_filtered
25,12,-0,-101.38,11.749,893.06,-1.54,-260.29,26460,R20MZ_FZ_100_filtered
25,12,-0,-101.36,2.296,890.69,8.52,-156.56,26223,R20MZ_FZ_100_filtered
25,12,0,-101.33,9.404,894.03,6.77,-253.18,26556,R20MZ_FZ_100_filtered
25,12,0,-101.31,12.211,893.22,-1.44,-259.41,26475,R20MZ_FZ_100_filtered
25,12,0,-101.31,3.95,895.4,8.43,-207.12,26693,R20MZ_FZ_100_filtered
25,12,0,-101.28,2.178,895.84,9.54,-145.12,26737,R20MZ_FZ_100_filtered
25,12,0,-101.27,-5.486,901.24,-8.36,223.86,27276,R20MZ_FZ_100_filtered
25,12,0,-101.25,2.604,895.74,6.31,-163.12,26727,R20MZ_FZ_100_filtered
25,12,0,-101.22,3.622,895.48,11.75,-197.06,26701,R20MZ_FZ_100_filtered
25,12,0,-101.2,5.462,895.02,10.03,-231.94,26655,R20MZ_FZ_100_filtered
25,12,0,-101.15,9.488,892.49,3.39,-259.88,26403,R20MZ_FZ_100_filtered
25,12,0,-101.13,11.809,893.1,-13.39,-257.04,26464,R20MZ_FZ_100_filtered
25,12,0,-101.11,9.607,893.98,5.05,-254.89,26551,R20MZ_FZ_100_filtered
25,12,0,-101.1,11.945,893.4,-18.5,-261.71,26493,R20MZ_FZ_100_filtered
25,12,0,-101.1,-2.803,897.09,-11.36,183.7,26862,R20MZ_FZ_100_filtered
25,12,0,-101.1,-6.859,900.9,-5.06,232.69,27242,R20MZ_FZ_100_filtered
25,12,0,-101.09,3.036,895.63,7.64,-179.05,26716,R20MZ_FZ_100_filtered
25,12,0,-101.07,-6.448,901,-6.99,232.82,27252,R20MZ_FZ_100_filtered
25,12,0,-101.05,1.869,890.59,8.82,-139.2,26213,R20MZ_FZ_100_filtered
25,12,0,-101.05,7.776,894.44,5.06,-248.09,26597,R20MZ_FZ_100_filtered
25,12,0,-101.04,-7.284,900.79,-7.8,234.39,27231,R20MZ_FZ_100_filtered
25,12,0,-101.03,-1.845,896.85,-11.64,145.7,26838,R20MZ_FZ_100_filtered
25,12,0,-101.03,-5.944,901.13,-8.34,226.65,27265,R20MZ_FZ_100_filtered
25,12,0,-101.02,9.077,892.39,3.61,-257.2,26393,R20MZ_FZ_100_filtered
25,12,0,-101.02,1.769,895.95,4.01,-124.78,26748,R20MZ_FZ_100_filtered
25,12,0,-101.01,1.988,890.62,11.73,-143.41,26216,R20MZ_FZ_100_filtered
25,12,0,-101.01,5.351,891.46,9.87,-234.9,26300,R20MZ_FZ_100_filtered
25,12,0,-101.01,-1.52,896.76,-6.66,125.37,26829,R20MZ_FZ_100_filtered
25,12,0,-101.01,-3.209,901.81,-11.01,182.44,27333,R20MZ_FZ_100_filtered
25,12,0,-101,8.03,894.38,0.46,-245.57,26591,R20MZ_FZ_100_filtered
25,12,0,-101,4.399,895.29,8.32,-216.12,26682,R20MZ_FZ_100_filtered
25,12,0,-101,-11.028,899.86,-1.69,242.77,27138,R20MZ_FZ_100_filtered
25,12,0,-100.99,8.559,892.26,4.47,-258.78,26380,R20MZ_FZ_100_filtered
25,12,0,-100.97,5.739,894.95,7.07,-233.65,26648,R20MZ_FZ_100_filtered
25,12,0,-100.97,-9.148,900.32,-9.13,242.61,27184,R20MZ_FZ_100_filtered
25,12,0,-100.96,4.942,891.35,8.08,-228.27,26289,R20MZ_FZ_100_filtered
25,12,0,-100.95,9.518,892.5,3.06,-258.76,26404,R20MZ_FZ_100_filtered
25,12,0,-100.94,12.158,893.33,-6.22,-258.45,26486,R20MZ_FZ_100_filtered
25,12,0,-100.93,-10.56,899.97,-0.84,243.5,27149,R20MZ_FZ_100_filtered
25,12,0,-100.92,2.198,895.83,9.09,-146.03,26736,R20MZ_FZ_100_filtered
25,12,0,-100.89,-4.1,901.59,-11.31,204.32,27311,R20MZ_FZ_100_filtered
25,12,0,-100.88,-10.514,899.98,-2.2,241.52,27150,R20MZ_FZ_100_filtered
25,12,0,-100.88,-4.133,901.58,-10.82,205.72,27310,R20MZ_FZ_100_filtered
25,12,0,-100.87,4.429,891.23,8.31,-222.05,26277,R20MZ_FZ_100_filtered
25,12,-0,-100.87,-6.011,901.11,-7.73,228.84,27263,R20MZ_FZ_100_filtered
25,12,0,-100.86,11.694,893.45,0.36,-255.84,26498,R20MZ_FZ_100_filtered
25,12,0,-100.86,-10.109,900.08,-7.34,243.05,27160,R20MZ_FZ_100_filtered
25,12,0,-100.83,1.723,895.96,3.26,-122.94,26749,R20MZ_FZ_100_filtered
25,12,0,-100.83,-1.473,896.75,-7.15,123.22,26828,R20MZ_FZ_100_filtered
25,12,0,-100.83,-11.972,899.63,29.98,244.57,27115,R20MZ_FZ_100_filtered
25,12,0,-100.83,-9.664,900.2,3.79,244.46,27172,R20MZ_FZ_100_filtered
25,12,0,-100.82,2.124,895.85,9.75,-142.94,26738,R20MZ_FZ_100_filtered
25,12,0,-100.82,-6.895,900.89,-5.44,234.51,27241,R20MZ_FZ_100_filtered
25,12,0,-100.81,12.203,893.28,10.06,-261.3,26481,R20MZ_FZ_100_filtered
25,12,0,-100.79,-8.229,900.55,-8.07,239.98,27207,R20MZ_FZ_100_filtered
25,12,0,-100.77,7.206,891.92,5.92,-249.46,26346,R20MZ_FZ_100_filtered
25,12,0,-100.77,2.728,895.71,9.4,-166.19,26724,R20MZ_FZ_100_filtered
25,12,-0,-100.77,-5.526,901.23,-7.37,224.96,27275,R20MZ_FZ_100_filtered
25,12,0,-100.76,-9.617,900.21,1.85,243.08,27173,R20MZ_FZ_100_filtered
25,12,0,-100.76,-3.693,901.69,-8.51,195.32,27321,R20MZ_FZ_100_filtered
25,12,0,-100.75,-6.488,900.99,-5.84,232.71,27251,R20MZ_FZ_100_filtered
25,12,0,-100.74,3.169,890.91,9.91,-187.62,26245,R20MZ_FZ_100_filtered
25,12,-0,-100.74,-4.597,901.47,-9.87,213.5,27299,R20MZ_FZ_100_filtered
25,12,0,-100.74,-3.178,901.82,-11.03,180.72,27334,R20MZ_FZ_100_filtered
25,12,0,-100.72,9.918,892.6,3.87,-261.45,26414,R20MZ_FZ_100_filtered
25,12,0,-100.68,-10.086,900.09,-6.97,242.46,27161,R20MZ_FZ_100_filtered
25,12,0,-100.68,-8.746,900.43,1.12,242.29,27195,R20MZ_FZ_100_filtered
25,12,-0,-100.68,-4.628,901.46,-8.2,214.42,27298,R20MZ_FZ_100_filtered
25,12,0,-100.67,5.029,895.13,6.82,-226.38,26666,R20MZ_FZ_100_filtered
25,12,0,-100.66,-4.19,901.57,-10.64,206.82,27309,R20MZ_FZ_100_filtered
25,12,0,-100.65,-5.582,901.22,-6.5,224.77,27274,R20MZ_FZ_100_filtered
25,12,0,-100.64,-6.936,900.88,-5.74,234.85,27240,R20MZ_FZ_100_filtered
25,12,0,-100.61,-12.012,899.62,27.63,246.91,27114,R20MZ_FZ_100_filtered
25,12,0,-100.6,11.284,892.94,3.33,-261.09,26448,R20MZ_FZ_100_filtered
25,12,0,-100.6,-7.86,900.65,-2.74,239.83,27217,R20MZ_FZ_100_filtered
25,12,-0,-100.58,7.645,892.03,5.85,-253.33,26357,R20MZ_FZ_100_filtered
25,12,0,-100.57,9.18,894.09,4.05,-252.72,26562,R20MZ_FZ_100_filtered
25,12,0,-100.55,-8.663,900.45,0.22,238.45,27197,R20MZ_FZ_100_filtered
25,12,0,-100.54,11.032,893.63,-2.5,-258.8,26516,R20MZ_FZ_100_filtered
25,12,0,-100.54,-7.744,900.68,-1.75,235.21,27220,R20MZ_FZ_100_filtered
25,12,0,-100.5,5.311,891.45,10.35,-234.13,26299,R20MZ_FZ_100_filtered
25,12,0,-100.5,7.337,894.55,7.49,-243.91,26608,R20MZ_FZ_100_filtered
25,12,0,-100.5,-9.201,900.31,-8.33,243.72,27183,R20MZ_FZ_100_filtered
25,12,0,-100.49,-8.7,900.44,0.73,240.11,27196,R20MZ_FZ_100_filtered
25,12,0,-100.49,-5.897,901.14,-7.83,224.79,27266,R20MZ_FZ_100_filtered
25,12,0,-100.48,7.681,892.04,4.94,-251.97,26358,R20MZ_FZ_100_filtered
25,12,0,-100.48,-2.766,897.08,-10.38,181.65,26861,R20MZ_FZ_100_filtered
25,12,0,-100.48,-12.101,899.51,-12.53,245.86,27103,R20MZ_FZ_100_filtered
25,12,0,-100.45,-6.82,900.91,-4.2,230.69,27243,R20MZ_FZ_100_filtered
25,12,0,-100.44,8.073,892.14,6.3,-255.98,26368,R20MZ_FZ_100_filtered
25,12,0,-100.42,7.101,894.61,2.62,-240.62,26614,R20MZ_FZ_100_filtered
25,12,0,-100.42,-5.099,901.34,-9.2,219.95,27286,R20MZ_FZ_100_filtered
25,12,0,-100.39,3.457,890.98,8.1,-195.51,26252,R20MZ_FZ_100_filtered
25,12,0,-100.39,-3.28,897.21,-11.64,199.36,26874,R20MZ_FZ_100_filtered
25,12,0,-100.37,4.883,891.34,9.12,-228.7,26288,R20MZ_FZ_100_filtered
25,12,0,-100.37,-1.438,896.74,-7.41,121.04,26827,R20MZ_FZ_100_filtered
25,12,0,-100.37,-5.058,901.35,-9.54,219.49,27287,R20MZ_FZ_100_filtered
25,12,0,-100.36,4.036,891.13,12.12,-210.73,26267,R20MZ_FZ_100_filtered
25,12,0,-100.35,5.801,891.57,7.51,-239.38,26311,R20MZ_FZ_100_filtered
25,12,0,-100.33,-11.391,899.75,-17.07,242.03,27127,R20MZ_FZ_100_filtered
25,12,-0,-100.32,-9.12,900.33,-9.15,240.8,27185,R20MZ_FZ_100_filtered
25,12,0,-100.31,-2.84,897.1,-12.66,185.89,26863,R20MZ_FZ_100_filtered
25,12,0,-100.29,8.526,892.25,5.01,-257.25,26379,R20MZ_FZ_100_filtered
25,12,0,-100.28,4.481,891.24,7.94,-220.78,26278,R20MZ_FZ_100_filtered
25,12,0,-100.28,9.56,892.51,3.19,-256.12,26405,R20MZ_FZ_100_filtered
25,12,0,-100.28,8.948,894.15,-0.88,-249.13,26568,R20MZ_FZ_100_filtered
25,12,0,-100.28,-11.061,899.85,-2.3,245.2,27137,R20MZ_FZ_100_filtered
25,12,0,-100.28,-10.048,900.1,-6.44,241.23,27162,R20MZ_FZ_100_filtered
25,12,0,-100.27,-3.255,897.2,-12.22,197.35,26873,R20MZ_FZ_100_filtered
25,12,0,-100.26,11.431,893.51,12.69,-259.88,26504,R20MZ_FZ_100_filtered
25,12,0,-100.25,1.905,890.6,9.69,-139.84,26214,R20MZ_FZ_100_filtered
25,12,0,-100.25,6.186,894.84,4.65,-235.65,26637,R20MZ_FZ_100_filtered
25,12,0,-100.24,-11.424,899.74,-15.78,245.13,27126,R20MZ_FZ_100_filtered
25,12,0,-100.22,4.809,895.18,8.45,-222.94,26671,R20MZ_FZ_100_filtered
25,12,0,-100.2,11.458,892.98,1.69,-256.58,26452,R20MZ_FZ_100_filtered
25,12,0,-100.2,-9.707,900.19,4.84,244.31,27171,R20MZ_FZ_100_filtered
25,12,0,-100.19,2.707,890.8,9.18,-172.26,26234,R20MZ_FZ_100_filtered
25,12,0,-100.19,1.793,895.94,5.63,-125.71,26747,R20MZ_FZ_100_filtered
25,12,0,-100.18,2.488,890.74,9.11,-161.24,26228,R20MZ_FZ_100_filtered
25,12,0,-100.18,5.847,891.58,6.89,-238.59,26312,R20MZ_FZ_100_filtered
25,12,0,-100.17,10.356,892.71,3.65,-260.8,26425,R20MZ_FZ_100_filtered
25,12,0,-100.17,-10.994,899.87,0.64,240.43,27139,R20MZ_FZ_100_filtered
25,12,0,-100.16,10.041,892.63,2.79,-256.91,26417,R20MZ_FZ_100_filtered
25,12,0,-100.16,-5.02,901.36,-10.17,218.3,27288,R20MZ_FZ_100_filtered
25,12,0,-100.1,-2.283,896.96,-12.18,163.53,26849,R20MZ_FZ_100_filtered
25,12,0,-100.07,3.459,895.52,9.14,-192.45,26705,R20MZ_FZ_100_filtered
25,12,0,-100.07,-7.402,900.76,-5.14,237.01,27228,R20MZ_FZ_100_filtered
25,12,0,-100.06,3.189,895.59,7.34,-182.95,26712,R20MZ_FZ_100_filtered
25,12,0,-100.04,-10.149,900.07,-8.4,242.93,27159,R20MZ_FZ_100_filtered
25,12,0,-100.02,-4.658,901.45,-7.22,214.54,27297,R20MZ_FZ_100_filtered
25,12,0,-100,7.247,891.93,5.41,-247.14,26347,R20MZ_FZ_100_filtered
25,12,0,-99.99,-10.6,899.96,0.63,244.64,27148,R20MZ_FZ_100_filtered
25,12,0,-99.97,-11.922,899.64,29.13,242.27,27116,R20MZ_FZ_100_filtered
25,12,0,-99.96,-1.55,896.77,-6.42,127.84,26830,R20MZ_FZ_100_filtered
25,12,0,-99.96,-1.991,896.89,-16.28,151.75,26842,R20MZ_FZ_100_filtered
25,12,-0,-99.94,8.159,892.16,4.73,-253.32,26370,R20MZ_FZ_100_filtered
25,12,0,-99.93,6.763,891.81,6.09,-246.06,26335,R20MZ_FZ_100_filtered
25,12,0,-99.9,10.109,893.86,1.32,-254.87,26539,R20MZ_FZ_100_filtered
25,12,0,-99.9,-12.097,899.5,-10.1,247.41,27102,R20MZ_FZ_100_filtered
25,12,0,-99.89,10.8,892.82,3.71,-259.72,26436,R20MZ_FZ_100_filtered
25,12,0,-99.88,9.449,892.48,4.21,-259.25,26402,R20MZ_FZ_100_filtered
25,12,0,-99.87,6.278,891.69,7.84,-242.05,26323,R20MZ_FZ_100_filtered
25,12,0,-99.86,-3.298,901.79,-10.45,183.86,27331,R20MZ_FZ_100_filtered
25,12,0,-99.83,2.946,890.86,14.28,-177.51,26240,R20MZ_FZ_100_filtered
25,12,0,-99.83,10.518,892.75,2.25,-255.96,26429,R20MZ_FZ_100_filtered
25,12,0,-99.83,-4.538,901.48,-10.42,211.6,27300,R20MZ_FZ_100_filtered
25,12,0,-99.82,6.428,894.78,9.08,-238.79,26631,R20MZ_FZ_100_filtered
25,12,0,-99.79,-12.165,899.39,14.35,246.93,27091,R20MZ_FZ_100_filtered
25,12,0,-99.77,-9.757,900.18,4.82,242.57,27170,R20MZ_FZ_100_filtered
25,12,0,-99.76,2.26,895.82,9.35,-146.83,26735,R20MZ_FZ_100_filtered
25,12,0,-99.73,8.733,894.2,4.24,-249.29,26573,R20MZ_FZ_100_filtered
25,12,0,-99.73,-12.091,899.52,-13,243.43,27104,R20MZ_FZ_100_filtered
25,12,0,-99.72,8.451,894.27,6.85,-246.22,26580,R20MZ_FZ_100_filtered
25,12,0,-99.69,2.758,895.7,10.06,-166.2,26723,R20MZ_FZ_100_filtered
25,12,0,-99.68,-3.616,901.71,-10.53,191.92,27323,R20MZ_FZ_100_filtered
25,12,0,-99.67,-12.161,899.4,14.71,245.71,27092,R20MZ_FZ_100_filtered
25,12,0,-99.63,-3.748,901.68,-7.68,195.78,27320,R20MZ_FZ_100_filtered
25,12,0,-99.61,7.617,892.02,6.14,-251.66,26356,R20MZ_FZ_100_filtered
25,12,0,-99.61,-8.321,900.53,-5.63,240.89,27205,R20MZ_FZ_100_filtered
25,12,0,-99.59,-7.238,900.8,-8.96,232.09,27232,R20MZ_FZ_100_filtered
25,12,0,-99.59,-6.05,901.1,-7.64,228.36,27262,R20MZ_FZ_100_filtered
25,12,0,-99.58,-9.564,900.22,0.31,241.39,27174,R20MZ_FZ_100_filtered
25,12,0,-99.57,4.847,891.33,10.47,-226.21,26287,R20MZ_FZ_100_filtered
25,12,0,-99.55,5.265,895.07,6.63,-227.29,26660,R20MZ_FZ_100_filtered
25,12,0,-99.55,2.544,895.75,5.65,-160.28,26728,R20MZ_FZ_100_filtered
25,12,0,-99.55,-8.786,900.42,0.56,242.76,27194,R20MZ_FZ_100_filtered
25,12,0,-99.55,-6.335,901.03,-8.65,227.3,27255,R20MZ_FZ_100_filtered
25,12,0,-99.54,7.82,894.43,4.52,-246.05,26596,R20MZ_FZ_100_filtered
25,12,0,-99.53,-8.158,900.57,-9.4,235.65,27209,R20MZ_FZ_100_filtered
25,12,-0,-99.52,8.963,892.36,5.22,-258.14,26390,R20MZ_FZ_100_filtered
25,12,0,-99.51,9.63,893.97,4.63,-252.86,26550,R20MZ_FZ_100_filtered
25,12,0,-99.5,-11.349,899.76,-15.22,239.39,27128,R20MZ_FZ_100_filtered
25,12,0,-99.48,9.117,892.4,3.57,-253.64,26394,R20MZ_FZ_100_filtered
25,12,0,-99.46,-11.574,899.28,-2.61,242.79,27081,R20MZ_FZ_100_filtered
25,12,0,-99.46,-10.457,899.99,-4.48,239.99,27151,R20MZ_FZ_100_filtered
25,12,0,-99.44,-10.669,899.95,2.46,244.62,27147,R20MZ_FZ_100_filtered
25,12,0,-99.44,-9.074,900.34,-8.19,238.76,27186,R20MZ_FZ_100_filtered
25,12,-0,-99.43,9.356,894.04,6.43,-250.2,26557,R20MZ_FZ_100_filtered
25,12,0,-99.4,1.292,896.06,7.24,-99.85,26759,R20MZ_FZ_100_filtered
25,12,0,-99.39,11.703,893.05,0.94,-258.62,26459,R20MZ_FZ_100_filtered
25,12,0,-99.39,10.556,893.74,5.72,-256.14,26527,R20MZ_FZ_100_filtered
25,12,0,-99.39,5.061,895.12,6.62,-224.64,26665,R20MZ_FZ_100_filtered
25,12,0,-99.38,5.394,891.47,9.75,-233.34,26301,R20MZ_FZ_100_filtered
25,12,0,-99.38,3.662,895.47,12.65,-196.74,26700,R20MZ_FZ_100_filtered
25,12,0,-99.38,-4.064,901.6,-11.13,202.01,27312,R20MZ_FZ_100_filtered
25,12,0,-99.37,3.897,895.41,8.92,-204.47,26694,R20MZ_FZ_100_filtered
25,12,0,-99.36,7.735,892.05,4.84,-248.69,26359,R20MZ_FZ_100_filtered
25,12,-0,-99.33,4.352,891.21,9.03,-217.2,26275,R20MZ_FZ_100_filtered
25,12,0,-99.33,2.088,895.86,9.8,-140.57,26739,R20MZ_FZ_100_filtered
25,12,0,-99.31,6.899,894.66,4.66,-240.3,26619,R20MZ_FZ_100_filtered
25,12,0,-99.3,-3.212,897.19,-12.67,194.7,26872,R20MZ_FZ_100_filtered
25,12,-0,-99.29,4.972,891.36,7.2,-225.86,26290,R20MZ_FZ_100_filtered
25,12,0,-99.28,-2.724,897.07,-9.57,180.12,26860,R20MZ_FZ_100_filtered
25,12,0,-99.27,10.784,893.69,-2.28,-252.37,26522,R20MZ_FZ_100_filtered
25,12,0,-99.27,5.505,895.01,10.36,-229.61,26654,R20MZ_FZ_100_filtered
25,12,0,-99.26,-10.961,899.88,2.79,238.75,27140,R20MZ_FZ_100_filtered
25,12,0,-99.26,-5.146,901.33,-9.01,219.36,27285,R20MZ_FZ_100_filtered
25,12,0,-99.23,11.006,892.87,1.47,-254.73,26441,R20MZ_FZ_100_filtered
25,12,0,-99.23,1.261,896.07,7.24,-97.82,26760,R20MZ_FZ_100_filtered
25,12,0,-99.23,-3.732,897.32,-10.92,211.34,26885,R20MZ_FZ_100_filtered
25,12,-0,-99.23,-4.996,901.37,-9.46,216.46,27289,R20MZ_FZ_100_filtered
25,12,0,-99.17,-10.167,898.93,-3.55,244.03,27046,R20MZ_FZ_100_filtered
25,12,0,-99.15,5.77,891.56,8.44,-237.25,26310,R20MZ_FZ_100_filtered
25,12,0,-99.1,6.325,891.7,7.07,-240,26324,R20MZ_FZ_100_filtered
25,12,0,-99.1,11.066,893.62,-1.3,-256.77,26515,R20MZ_FZ_100_filtered
25,12,0,-99.1,-7.89,900.64,-3.7,238.76,27216,R20MZ_FZ_100_filtered
25,12,0,-99.09,-1.809,896.84,-10.19,144.47,26837,R20MZ_FZ_100_filtered
25,12,0,-99.08,-2.88,897.11,-13.87,187.75,26864,R20MZ_FZ_100_filtered
25,12,0,-99.08,-9.69,898.81,-3.54,244.66,27034,R20MZ_FZ_100_filtered
25,12,0,-99.06,-3.692,897.31,-10.21,209.9,26884,R20MZ_FZ_100_filtered
25,12,0,-99.06,-12.097,899.53,-12.53,241.23,27105,R20MZ_FZ_100_filtered
25,12,0,-99.06,-10.01,900.11,-5.8,240.76,27163,R20MZ_FZ_100_filtered
25,12,0,-99.04,3.874,891.09,14.21,-204.86,26263,R20MZ_FZ_100_filtered
25,12,0,-99.04,-12.17,899.41,13.48,243.57,27093,R20MZ_FZ_100_filtered
25,12,0,-99.04,-11.872,899.65,25.56,240.28,27117,R20MZ_FZ_100_filtered
25,12,0,-99.03,2.448,890.73,9.44,-158.3,26227,R20MZ_FZ_100_filtered
25,12,-0,-99.03,-7.445,900.75,-4.58,235.83,27227,R20MZ_FZ_100_filtered
25,12,0,-99.02,9.402,892.47,4.84,-256.78,26401,R20MZ_FZ_100_filtered
25,12,0,-99.02,-8.336,898.47,-5.43,242.46,27000,R20MZ_FZ_100_filtered
25,12,0,-99.01,-9.202,898.69,-3.78,244.76,27022,R20MZ_FZ_100_filtered
25,12,0,-99.01,-12.107,899.49,-8.15,247.73,27101,R20MZ_FZ_100_filtered
25,12,-0,-99,9.879,892.59,4.54,-259.06,26413,R20MZ_FZ_100_filtered
25,12,0,-98.99,8.04,892.13,6.78,-253.5,26367,R20MZ_FZ_100_filtered
25,12,0,-98.96,-8.626,900.46,-0.64,236.44,27198,R20MZ_FZ_100_filtered
25,12,0,-98.94,-8.12,900.58,-9.13,234.74,27210,R20MZ_FZ_100_filtered
25,12,0,-98.93,12.135,893.34,-10.65,-254.72,26487,R20MZ_FZ_100_filtered
25,12,0,-98.93,-10.609,899.04,-2.94,245.25,27057,R20MZ_FZ_100_filtered
25,12,0,-98.92,-5.871,901.15,-7.19,223.38,27267,R20MZ_FZ_100_filtered
25,12,0,-98.91,5.99,894.89,5.91,-234.71,26642,R20MZ_FZ_100_filtered
25,12,0,-98.9,-9.238,898.7,-4.34,243.38,27023,R20MZ_FZ_100_filtered
25,12,-0,-98.9,-5.612,901.21,-5.33,223.88,27273,R20MZ_FZ_100_filtered
25,12,0,-98.89,11.654,893.46,2.18,-252.82,26499,R20MZ_FZ_100_filtered
25,12,0,-98.87,-8.821,900.41,0.93,241.85,27193,R20MZ_FZ_100_filtered
25,12,0,-98.85,10.3,893.81,6.07,-252.54,26534,R20MZ_FZ_100_filtered
25,12,0,-98.85,-11.085,899.16,-3.2,244.19,27069,R20MZ_FZ_100_filtered
25,12,0,-98.85,-11.094,899.84,-2.59,246.28,27136,R20MZ_FZ_100_filtered
25,12,0,-98.84,6.802,891.82,5.5,-242.62,26336,R20MZ_FZ_100_filtered
25,12,0,-98.84,-7.411,898.24,-6.17,239.38,26977,R20MZ_FZ_100_filtered
25,12,0,-98.83,9.229,894.08,4.51,-250.37,26561,R20MZ_FZ_100_filtered
25,12,0,-98.82,-0.977,896.64,-13.03,89.4,26817,R20MZ_FZ_100_filtered
25,12,0,-98.82,-11.612,899.29,-1.71,240.29,27082,R20MZ_FZ_100_filtered
25,12,0,-98.81,-7.698,900.69,-1.59,233.48,27221,R20MZ_FZ_100_filtered
25,12,0,-98.8,-4.16,897.43,-12.13,219.52,26896,R20MZ_FZ_100_filtered
25,12,0,-98.76,-5.41,901.26,-9.44,220.94,27278,R20MZ_FZ_100_filtered
25,12,0,-98.75,-6.782,900.92,-3.62,229.16,27244,R20MZ_FZ_100_filtered
25,12,0,-98.73,3.003,895.64,8.64,-176.41,26717,R20MZ_FZ_100_filtered
25,12,0,-98.72,5.281,891.44,10.29,-231.02,26298,R20MZ_FZ_100_filtered
25,12,0,-98.72,6.624,894.73,6.41,-236.89,26626,R20MZ_FZ_100_filtered
25,12,0,-98.72,4.351,895.3,6.84,-212.84,26683,R20MZ_FZ_100_filtered
25,12,0,-98.7,7.373,894.54,7.97,-242.16,26607,R20MZ_FZ_100_filtered
25,12,0,-98.7,7.065,894.62,2.35,-238.4,26615,R20MZ_FZ_100_filtered
25,12,0,-98.66,10.317,892.7,5.01,-258.13,26424,R20MZ_FZ_100_filtered
25,12,0,-98.65,11.487,893.5,12.68,-257.38,26503,R20MZ_FZ_100_filtered
25,12,0,-98.65,5.681,894.96,7.43,-230.66,26649,R20MZ_FZ_100_filtered
25,12,0,-98.64,-1.026,896.65,-13.75,91.73,26818,R20MZ_FZ_100_filtered
25,12,0,-98.63,4.063,891.14,10.67,-207.92,26268,R20MZ_FZ_100_filtered
25,12,0,-98.62,8.188,892.17,4.66,-249.12,26371,R20MZ_FZ_100_filtered
25,12,0,-98.62,12.211,893.23,1.78,-256.29,26476,R20MZ_FZ_100_filtered
25,12,0,-98.61,6.458,894.77,9.21,-237.03,26630,R20MZ_FZ_100_filtered
25,12,0,-98.59,-10.651,899.05,-3.55,243.57,27058,R20MZ_FZ_100_filtered
25,12,0,-98.59,-12.167,899.38,12.61,247.38,27090,R20MZ_FZ_100_filtered
25,12,0,-98.58,10.075,892.64,2.58,-253.49,26418,R20MZ_FZ_100_filtered
25,12,0,-98.58,11.818,893.11,-10.82,-256.25,26465,R20MZ_FZ_100_filtered
25,12,0,-98.58,-3.338,901.78,-9.9,184.28,27330,R20MZ_FZ_100_filtered
25,12,0,-98.57,-7.022,900.86,-6.28,232.54,27238,R20MZ_FZ_100_filtered
25,12,0,-98.56,-4.701,901.44,-6.31,213.47,27296,R20MZ_FZ_100_filtered
25,12,0,-98.48,3.424,890.97,8.31,-190.87,26251,R20MZ_FZ_100_filtered
25,12,0,-98.48,1.334,896.05,7.02,-101.85,26758,R20MZ_FZ_100_filtered
25,12,0,-98.47,10.147,893.85,3.03,-253.15,26538,R20MZ_FZ_100_filtered
25,12,0,-98.45,-12.065,899.6,17.12,246.93,27112,R20MZ_FZ_100_filtered
25,12,0,-98.44,-9.277,900.29,-7.02,241.56,27181,R20MZ_FZ_100_filtered
25,12,0,-98.4,-4.206,897.44,-11.96,220,26897,R20MZ_FZ_100_filtered
25,12,0,-98.4,-7.365,898.23,-5.85,240.62,26976,R20MZ_FZ_100_filtered
25,12,0,-98.4,-10.184,900.06,-9.53,242.34,27158,R20MZ_FZ_100_filtered
25,12,0,-98.4,-9.788,900.17,4.49,241.69,27169,R20MZ_FZ_100_filtered
25,12,0,-98.39,7.559,892.01,7.04,-248.52,26355,R20MZ_FZ_100_filtered
25,12,0,-98.38,-12.107,899.54,-10.07,240.01,27106,R20MZ_FZ_100_filtered
25,12,0,-98.37,9.824,893.93,-0.82,-250.71,26546,R20MZ_FZ_100_filtered
25,12,0,-98.37,6.135,894.85,3.85,-233.29,26638,R20MZ_FZ_100_filtered
25,12,0,-98.34,-10.688,899.06,-3.33,241.41,27059,R20MZ_FZ_100_filtered
25,12,0,-98.33,-1.584,896.78,-6.38,130.35,26831,R20MZ_FZ_100_filtered
25,12,0,-98.33,-7.499,900.74,-2.77,235.19,27226,R20MZ_FZ_100_filtered
25,12,0,-98.33,-6.272,901.04,-8.94,226.34,27256,R20MZ_FZ_100_filtered
25,12,0,-98.32,3.224,895.58,6.97,-182.45,26711,R20MZ_FZ_100_filtered
25,12,0,-98.32,-10.93,899.89,5.16,238.77,27141,R20MZ_FZ_100_filtered
25,12,-0,-98.3,10.764,892.81,4.12,-257.02,26435,R20MZ_FZ_100_filtered
25,12,0,-98.3,-2.041,896.9,-15.87,154.12,26843,R20MZ_FZ_100_filtered
25,12,0,-98.28,-9.528,900.23,-1.55,239.85,27175,R20MZ_FZ_100_filtered
25,12,0,-98.28,-3.793,901.67,-7.17,195.96,27319,R20MZ_FZ_100_filtered
25,12,0,-98.27,-9.292,898.71,-4.35,241.1,27024,R20MZ_FZ_100_filtered
25,12,0,-98.25,3.633,891.03,7.7,-197.8,26257,R20MZ_FZ_100_filtered
25,12,0,-98.25,-8.36,898.48,-5.3,240.46,27001,R20MZ_FZ_100_filtered
25,12,0,-98.23,4.769,895.19,8.85,-219.96,26672,R20MZ_FZ_100_filtered
25,12,0,-98.22,-4.256,901.55,-9.9,205.89,27307,R20MZ_FZ_100_filtered
25,12,0,-98.21,-6.581,900.97,-3.68,230.66,27249,R20MZ_FZ_100_filtered
25,12,0,-98.19,-7.446,898.25,-6.12,237.67,26978,R20MZ_FZ_100_filtered
25,12,0,-98.19,-10.128,898.92,-3.12,245.28,27045,R20MZ_FZ_100_filtered
25,12,0,-98.19,-11.328,899.77,-13.11,238.16,27129,R20MZ_FZ_100_filtered
25,12,0,-98.16,5.877,891.59,6.17,-235.48,26313,R20MZ_FZ_100_filtered
25,12,0,-98.16,-5.562,897.78,-9.09,232.58,26931,R20MZ_FZ_100_filtered
25,12,-0,-98.16,-5.66,901.2,-4.84,223.59,27272,R20MZ_FZ_100_filtered
25,12,-0,-98.14,8.91,892.35,5.85,-254.71,26389,R20MZ_FZ_100_filtered
25,12,0,-98.14,10.608,893.73,3.8,-254.6,26526,R20MZ_FZ_100_filtered
25,12,0,-98.14,-9.653,898.8,-3.08,245.56,27033,R20MZ_FZ_100_filtered
25,12,0,-98.13,11.485,892.99,1.7,-253.62,26453,R20MZ_FZ_100_filtered
25,12,0,-98.12,-11.045,899.15,-3.09,245.73,27068,R20MZ_FZ_100_filtered
25,12,0,-98.11,11.102,893.61,0.28,-254.72,26514,R20MZ_FZ_100_filtered
25,12,0,-98.09,-4.116,897.42,-12.41,218.46,26895,R20MZ_FZ_100_filtered
25,12,0,-98.09,-7.205,900.81,-9.32,231.03,27233,R20MZ_FZ_100_filtered
25,12,-0,-98.07,4.807,891.32,11.38,-222.93,26286,R20MZ_FZ_100_filtered
25,12,0,-98.07,3.424,895.53,8.44,-189.57,26706,R20MZ_FZ_100_filtered
25,12,0,-98.07,-5.077,897.66,-10.54,230.71,26919,R20MZ_FZ_100_filtered
25,12,0,-98.07,-8.868,900.4,-0.06,240.3,27192,R20MZ_FZ_100_filtered
25,12,0,-98.06,-10.423,900,-6.2,239.71,27152,R20MZ_FZ_100_filtered
25,12,0,-98.05,-8.352,900.52,-4.51,239.53,27204,R20MZ_FZ_100_filtered
25,12,0,-98.03,2.731,890.81,10.5,-170.51,26235,R20MZ_FZ_100_filtered
25,12,0,-98.03,-6.012,897.89,-7.73,234.89,26942,R20MZ_FZ_100_filtered
25,12,0,-98.01,-10.214,898.94,-3.99,241.86,27047,R20MZ_FZ_100_filtered
25,12,0,-97.98,-4.947,901.38,-8.87,214.9,27290,R20MZ_FZ_100_filtered
25,12,0,-97.97,-11.123,899.17,-3.55,241.57,27070,R20MZ_FZ_100_filtered
25,12,0,-97.97,-10.699,899.94,4.9,244.49,27146,R20MZ_FZ_100_filtered
25,12,0,-97.94,-10.572,899.03,-2.37,245.42,27056,R20MZ_FZ_100_filtered
25,12,0,-97.93,-7.931,900.63,-4.44,237.81,27215,R20MZ_FZ_100_filtered
25,12,0,-97.91,2.894,890.85,14.09,-173.47,26239,R20MZ_FZ_100_filtered
25,12,0,-97.91,-3.646,897.3,-9.72,207.74,26883,R20MZ_FZ_100_filtered
25,12,0,-97.89,9.325,894.05,5.92,-248.37,26558,R20MZ_FZ_100_filtered
25,12,0,-97.89,-5.366,901.27,-9.42,219.69,27279,R20MZ_FZ_100_filtered
25,12,0,-97.87,2.388,890.71,8.63,-155.5,26225,R20MZ_FZ_100_filtered
25,12,-0,-97.87,6.033,894.88,5.89,-233.29,26641,R20MZ_FZ_100_filtered
25,12,0,-97.87,-2.686,897.06,-8.95,179.35,26859,R20MZ_FZ_100_filtered
25,12,0,-97.87,-6.96,898.13,-6.25,236.88,26966,R20MZ_FZ_100_filtered
25,12,0,-97.85,3.215,890.92,8.64,-185.54,26246,R20MZ_FZ_100_filtered
25,12,0,-97.82,-0.927,896.63,-11.68,87.1,26816,R20MZ_FZ_100_filtered
25,12,0,-97.82,-12.114,899.48,-5.07,246.04,27100,R20MZ_FZ_100_filtered
25,12,0,-97.81,6.193,891.67,9.26,-238.28,26321,R20MZ_FZ_100_filtered
25,12,0,-97.8,-8.08,900.59,-8.34,234.71,27211,R20MZ_FZ_100_filtered
25,12,0,-97.79,5.452,891.48,9.23,-229.6,26302,R20MZ_FZ_100_filtered
25,12,0,-97.79,7.99,892.12,6.88,-249.93,26366,R20MZ_FZ_100_filtered
25,12,0,-97.79,8.367,894.29,6.92,-244.33,26582,R20MZ_FZ_100_filtered
25,12,0,-97.76,7.757,892.06,4.72,-244.49,26360,R20MZ_FZ_100_filtered
25,12,0,-97.74,4.614,895.23,11.99,-216.61,26676,R20MZ_FZ_100_filtered
25,12,0,-97.74,-9.172,898.68,-3.91,244.78,27021,R20MZ_FZ_100_filtered
25,12,0,-97.73,10.728,893.7,-1.57,-251.62,26523,R20MZ_FZ_100_filtered
25,12,0,-97.73,-2.912,897.12,-14.49,189.01,26865,R20MZ_FZ_100_filtered
25,12,0,-97.72,-11.12,899.83,-3.68,245.76,27135,R20MZ_FZ_100_filtered
25,12,0,-97.72,-9.479,900.24,-2.67,238.78,27176,R20MZ_FZ_100_filtered
25,12,0,-97.71,10.254,893.82,5.24,-251.44,26535,R20MZ_FZ_100_filtered
25,12,0,-97.7,6.945,894.65,3.97,-239.04,26618,R20MZ_FZ_100_filtered
25,12,0,-97.7,-9.979,900.12,-4.62,240.67,27164,R20MZ_FZ_100_filtered
25,12,0,-97.68,11.673,893.04,2.29,-256.61,26458,R20MZ_FZ_100_filtered
25,12,0,-97.67,7.286,891.94,4.94,-243.08,26348,R20MZ_FZ_100_filtered
25,12,0,-97.66,-7.81,898.34,-5.24,241.68,26987,R20MZ_FZ_100_filtered
25,12,-0,-97.65,2.513,895.76,5.25,-156.98,26729,R20MZ_FZ_100_filtered
25,12,0,-97.64,6.644,891.78,7.93,-241.88,26332,R20MZ_FZ_100_filtered
25,12,0,-97.64,2.286,895.81,8.57,-147.58,26734,R20MZ_FZ_100_filtered
25,12,0,-97.64,-9.765,898.83,-3.88,240.61,27036,R20MZ_FZ_100_filtered
25,12,0,-97.63,-11.161,899.18,-3.12,239.53,27071,R20MZ_FZ_100_filtered
25,12,0,-97.63,-11.646,899.3,-0.89,239.39,27083,R20MZ_FZ_100_filtered
25,12,0,-97.62,9.701,893.96,3.61,-250.68,26549,R20MZ_FZ_100_filtered
25,12,0,-97.61,-6.483,898.01,-8.1,235.97,26954,R20MZ_FZ_100_filtered
25,12,0,-97.6,-5.124,897.67,-10.63,229.78,26920,R20MZ_FZ_100_filtered
25,12,0,-97.59,8.414,894.28,6.96,-244.77,26581,R20MZ_FZ_100_filtered
25,12,0,-97.58,11.606,893.47,4.92,-251.75,26500,R20MZ_FZ_100_filtered
25,12,0,-97.58,11.524,893.49,11.7,-254.89,26502,R20MZ_FZ_100_filtered
25,12,0,-97.58,8.908,894.16,-0.55,-246.33,26569,R20MZ_FZ_100_filtered
25,12,0,-97.58,-10.992,899.14,-2.39,245.72,27067,R20MZ_FZ_100_filtered
25,12,0,-97.57,3.835,891.08,13.97,-200.19,26262,R20MZ_FZ_100_filtered
25,12,0,-97.57,9.833,892.58,4.85,-256.43,26412,R20MZ_FZ_100_filtered
25,12,0,-97.57,2.8,895.69,9.75,-166.51,26722,R20MZ_FZ_100_filtered
25,12,0,-97.56,8.775,894.19,3.47,-247.09,26572,R20MZ_FZ_100_filtered
25,12,-0,-97.52,-11.486,899.26,-1.94,245.45,27079,R20MZ_FZ_100_filtered
25,12,0,-97.51,6.364,891.71,6.62,-236.09,26325,R20MZ_FZ_100_filtered
25,12,0,-97.51,-4.259,897.45,-11.6,219.87,26898,R20MZ_FZ_100_filtered
25,12,0,-97.5,-1.636,896.79,-6.45,133.59,26832,R20MZ_FZ_100_filtered
25,12,0,-97.5,-4.676,897.56,-11.32,225.45,26909,R20MZ_FZ_100_filtered
25,12,0,-97.48,-6.523,898.02,-8.47,234.3,26955,R20MZ_FZ_100_filtered
25,12,0,-97.47,-10.734,899.07,-3.06,240.18,27060,R20MZ_FZ_100_filtered
25,12,0,-97.44,7.944,894.4,1.22,-241.71,26593,R20MZ_FZ_100_filtered
25,12,0,-97.44,-5.219,901.31,-8.42,218.59,27283,R20MZ_FZ_100_filtered
25,12,0,-97.43,5.233,895.08,6.11,-225.11,26661,R20MZ_FZ_100_filtered
25,12,0,-97.43,-9.829,900.16,3.26,240.91,27168,R20MZ_FZ_100_filtered
25,12,0,-97.42,1.644,895.98,1.57,-118.08,26751,R20MZ_FZ_100_filtered
25,12,0,-97.39,-3.169,897.18,-13.06,193.17,26871,R20MZ_FZ_100_filtered
25,12,0,-97.39,-5.828,901.16,-6.22,222.83,27268,R20MZ_FZ_100_filtered
25,12,0,-97.38,-8.245,898.45,-4.63,243.42,26998,R20MZ_FZ_100_filtered
25,12,0,-97.38,-12.161,899.42,10.39,242.63,27094,R20MZ_FZ_100_filtered
25,12,0,-97.37,6.568,894.74,7.42,-235.32,26627,R20MZ_FZ_100_filtered
25,12,0,-97.37,5.105,895.11,6.18,-223.38,26664,R20MZ_FZ_100_filtered
25,12,0,-97.35,-8.577,900.47,-0.78,235.84,27199,R20MZ_FZ_100_filtered
25,12,0,-97.35,-6.207,901.06,-8.65,226.53,27258,R20MZ_FZ_100_filtered
25,12,-0,-97.3,7.405,894.53,7.82,-240.58,26606,R20MZ_FZ_100_filtered
25,12,0,-97.3,0.831,896.18,3.14,-69.27,26771,R20MZ_FZ_100_filtered
25,12,0,-97.3,-5.158,897.68,-9.85,228.7,26921,R20MZ_FZ_100_filtered
25,12,0,-97.3,-6.749,900.93,-3.09,228.56,27245,R20MZ_FZ_100_filtered
25,12,0,-97.3,-3.378,901.77,-9.57,185.09,27329,R20MZ_FZ_100_filtered
25,12,0,-97.28,3.854,895.42,9.13,-201.19,26695,R20MZ_FZ_100_filtered
25,12,0,-97.28,-9.356,900.27,-5.02,239.09,27179,R20MZ_FZ_100_filtered
25,12,0,-97.26,10.549,892.76,2.35,-253.13,26430,R20MZ_FZ_100_filtered
25,12,0,-97.26,6.992,894.64,3.08,-237.81,26617,R20MZ_FZ_100_filtered
25,12,0,-97.26,-8.905,900.39,-1.43,239.24,27191,R20MZ_FZ_100_filtered
25,12,0,-97.22,-5.698,901.19,-4.63,223.58,27271,R20MZ_FZ_100_filtered
25,12,0,-97.21,-12.112,899.47,-2.07,244.67,27099,R20MZ_FZ_100_filtered
25,12,0,-97.21,-11.83,899.66,19.99,239.98,27118,R20MZ_FZ_100_filtered
25,12,0,-97.2,6.116,894.86,4.37,-232.23,26639,R20MZ_FZ_100_filtered
25,12,0,-97.2,-8.406,898.49,-4.99,239.53,27002,R20MZ_FZ_100_filtered
25,12,0,-97.2,-6.169,901.07,-8.21,227.46,27259,R20MZ_FZ_100_filtered
25,12,0,-97.15,-6.616,900.96,-2.8,230.05,27248,R20MZ_FZ_100_filtered
25,12,0,-97.14,10.224,893.83,4.45,-251.32,26536,R20MZ_FZ_100_filtered
25,12,0,-97.14,-5.605,897.79,-9.39,231.19,26932,R20MZ_FZ_100_filtered
25,12,0,-97.14,-6.887,898.11,-6.29,239.4,26964,R20MZ_FZ_100_filtered
25,12,0,-97.14,-4.451,901.5,-10.72,208.4,27302,R20MZ_FZ_100_filtered
25,12,0,-97.13,-6.053,897.9,-8.07,234.12,26943,R20MZ_FZ_100_filtered
25,12,0,-97.13,-6.434,898,-7.54,237.36,26953,R20MZ_FZ_100_filtered
25,12,0,-97.13,-12.085,899.59,10.25,245.88,27111,R20MZ_FZ_100_filtered
25,12,-0,-97.13,-7.545,900.73,-1.61,234.76,27225,R20MZ_FZ_100_filtered
25,12,0,-97.12,9.159,892.41,3.63,-250.21,26395,R20MZ_FZ_100_filtered
25,12,0,-97.11,5.014,891.37,6.62,-222.59,26291,R20MZ_FZ_100_filtered
25,12,0,-97.11,-6.24,901.05,-8.7,226.2,27257,R20MZ_FZ_100_filtered
25,12,0,-97.1,-10.095,898.91,-2.6,245.29,27044,R20MZ_FZ_100_filtered
25,12,0,-97.09,6.505,894.76,8.91,-235.66,26629,R20MZ_FZ_100_filtered
25,12,0,-97.09,-7.332,898.22,-5.69,240.9,26975,R20MZ_FZ_100_filtered
25,12,0,-97.09,-8.401,900.51,-3.5,238.3,27203,R20MZ_FZ_100_filtered
25,12,0,-97.08,-9.332,898.72,-4.16,239.86,27025,R20MZ_FZ_100_filtered
25,12,0,-97.08,-10.212,900.05,-8.96,242.18,27157,R20MZ_FZ_100_filtered
25,12,0,-97.07,4.739,895.2,9.87,-217.5,26673,R20MZ_FZ_100_filtered
25,12,-0,-97.07,-2.217,896.94,-12.99,162.04,26847,R20MZ_FZ_100_filtered
25,12,0,-97.06,12.113,893.35,-14.65,-252.17,26488,R20MZ_FZ_100_filtered
25,12,0,-97.06,-5.967,897.88,-7.9,235.06,26941,R20MZ_FZ_100_filtered
25,12,0,-97.05,-10.257,898.95,-3.5,240.44,27048,R20MZ_FZ_100_filtered
25,12,0,-97.05,-11.144,899.82,-4.95,244.96,27134,R20MZ_FZ_100_filtered
25,12,0,-97.04,-8.694,898.56,-3.26,244.2,27009,R20MZ_FZ_100_filtered
25,12,0,-97.03,-11.292,899.78,-11.88,238.29,27130,R20MZ_FZ_100_filtered
25,12,-0,-97,10.181,893.84,3.34,-251.9,26537,R20MZ_FZ_100_filtered
25,12,0,-96.99,8.858,894.17,0.29,-245.08,26570,R20MZ_FZ_100_filtered
25,12,0,-96.99,-10.881,899.9,6.62,240.14,27142,R20MZ_FZ_100_filtered
25,12,0,-96.98,-11.6,899.7,-1.74,244.83,27122,R20MZ_FZ_100_filtered
25,12,0,-96.97,10.278,892.69,4.91,-255.63,26423,R20MZ_FZ_100_filtered
25,12,0,-96.97,-4.087,897.41,-12.41,216.31,26894,R20MZ_FZ_100_filtered
25,12,0,-96.97,-6.701,900.94,-2.78,228.84,27246,R20MZ_FZ_100_filtered
25,12,0,-96.97,-4.293,901.54,-9.64,205.75,27306,R20MZ_FZ_100_filtered
25,12,0,-96.96,10.685,893.71,0.08,-251.76,26524,R20MZ_FZ_100_filtered
25,12,0,-96.95,10.645,893.72,1.87,-253.01,26525,R20MZ_FZ_100_filtered
25,12,0,-96.95,9.719,893.95,1.83,-249.75,26548,R20MZ_FZ_100_filtered
25,12,0,-96.95,6.076,894.87,4.76,-232.54,26640,R20MZ_FZ_100_filtered
25,12,0,-96.95,-8.977,900.37,-4.43,237.54,27189,R20MZ_FZ_100_filtered
25,12,0,-96.94,-9.601,898.79,-2.43,244.97,27032,R20MZ_FZ_100_filtered
25,12,0,-96.94,-10.755,899.93,6.66,244.06,27145,R20MZ_FZ_100_filtered
25,12,0,-96.94,-6.663,900.95,-2.54,229.62,27247,R20MZ_FZ_100_filtered
25,12,0,-96.93,5.243,891.43,9.68,-227.61,26297,R20MZ_FZ_100_filtered
25,12,0,-96.93,9.776,893.94,0.29,-249.89,26547,R20MZ_FZ_100_filtered
25,12,0,-96.89,-4.712,897.57,-11.58,224.68,26910,R20MZ_FZ_100_filtered
25,12,0,-96.88,4.657,895.22,11.73,-215.79,26675,R20MZ_FZ_100_filtered
25,12,0,-96.85,4.11,891.15,9.81,-204.92,26269,R20MZ_FZ_100_filtered
25,12,0,-96.84,5.655,894.97,8.53,-228.37,26650,R20MZ_FZ_100_filtered
25,12,0,-96.83,12.21,893.24,5.18,-254.54,26477,R20MZ_FZ_100_filtered
25,12,0,-96.79,-1.364,896.72,-8.4,115.97,26825,R20MZ_FZ_100_filtered
25,12,0,-96.78,11.213,892.92,3.96,-255.63,26446,R20MZ_FZ_100_filtered
25,12,0,-96.78,4.313,895.31,5.94,-210.37,26684,R20MZ_FZ_100_filtered
25,12,0,-96.77,12.084,893.36,-17.01,-251.91,26489,R20MZ_FZ_100_filtered
25,12,0,-96.77,-7.011,898.14,-6.5,235.36,26967,R20MZ_FZ_100_filtered
25,12,0,-96.76,11.042,892.88,1.97,-252.22,26442,R20MZ_FZ_100_filtered
25,12,0,-96.76,0.873,896.17,4.22,-71.27,26770,R20MZ_FZ_100_filtered
25,12,0,-96.76,-2.086,896.91,-15.36,156.79,26844,R20MZ_FZ_100_filtered
25,12,0,-96.76,-4.57,897.53,-8.64,224.21,26906,R20MZ_FZ_100_filtered
25,12,0,-96.76,-10.378,900.01,-7.46,239.73,27153,R20MZ_FZ_100_filtered
25,12,0,-96.74,6.843,891.83,5.43,-238.25,26337,R20MZ_FZ_100_filtered
25,12,0,-96.74,1.384,896.04,6.24,-103.85,26757,R20MZ_FZ_100_filtered
25,12,0,-96.74,-12.109,899.55,-7.39,240.01,27107,R20MZ_FZ_100_filtered
25,12,0,-96.73,5.917,891.6,6.54,-231.43,26314,R20MZ_FZ_100_filtered
25,12,0,-96.73,-1.063,896.66,-13.71,94.71,26819,R20MZ_FZ_100_filtered
25,12,0,-96.73,-10.536,899.02,-1.89,244.66,27055,R20MZ_FZ_100_filtered
25,12,0,-96.73,-7.101,900.84,-7.43,231.2,27236,R20MZ_FZ_100_filtered
25,12,0,-96.71,-5.746,901.18,-4.59,223.29,27270,R20MZ_FZ_100_filtered
25,12,0,-96.7,8.818,894.18,1.68,-245.38,26571,R20MZ_FZ_100_filtered
25,12,0,-96.69,4.558,891.26,8.63,-214.7,26280,R20MZ_FZ_100_filtered
25,12,0,-96.69,-12.15,899.43,6.89,241.68,27095,R20MZ_FZ_100_filtered
25,12,-0,-96.68,3.375,895.54,8.13,-186.75,26707,R20MZ_FZ_100_filtered
25,12,0,-96.68,-2.123,896.92,-14.02,159.1,26845,R20MZ_FZ_100_filtered
25,12,0,-96.67,-7.055,900.85,-6.6,231.81,27237,R20MZ_FZ_100_filtered
25,12,0,-96.66,6.544,894.75,8.21,-234.68,26628,R20MZ_FZ_100_filtered
25,12,0,-96.64,11.133,893.6,1.01,-252.22,26513,R20MZ_FZ_100_filtered
25,12,0,-96.64,-8.45,900.5,-2.55,237.67,27202,R20MZ_FZ_100_filtered
25,12,0,-96.64,-3.978,901.62,-10.36,199.08,27314,R20MZ_FZ_100_filtered
25,12,0,-96.63,3.731,895.45,11.9,-196.24,26698,R20MZ_FZ_100_filtered
25,12,0,-96.63,-7.939,898.37,-5.3,238.02,26990,R20MZ_FZ_100_filtered
25,12,0,-96.63,-9.812,898.84,-3.73,239.84,27037,R20MZ_FZ_100_filtered
25,12,0,-96.63,-8.483,900.49,-1.82,237.09,27201,R20MZ_FZ_100_filtered
25,12,0,-96.6,-11.202,899.19,-2.96,238.79,27072,R20MZ_FZ_100_filtered
25,12,0,-96.59,9.355,892.46,5.2,-254.28,26400,R20MZ_FZ_100_filtered
25,12,0,-96.57,0.785,896.19,1.66,-66.89,26772,R20MZ_FZ_100_filtered
25,12,0,-96.57,-7.486,898.26,-6.19,236.91,26979,R20MZ_FZ_100_filtered
25,12,0,-96.56,2.849,895.68,9.75,-167.1,26721,R20MZ_FZ_100_filtered
25,12,0,-96.56,-4.78,901.42,-5.48,213.16,27294,R20MZ_FZ_100_filtered
25,12,0,-96.55,-12.122,899.46,0.3,243.59,27098,R20MZ_FZ_100_filtered
25,12,0,-96.54,-11.666,899.31,1.54,239.07,27084,R20MZ_FZ_100_filtered
25,12,0,-96.53,5.142,895.1,6.06,-222.75,26663,R20MZ_FZ_100_filtered
25,12,0,-96.52,-1.722,896.82,-8.49,141.66,26835,R20MZ_FZ_100_filtered
25,12,0,-96.49,-12.138,899.44,3.8,241.86,27096,R20MZ_FZ_100_filtered
25,12,0,-96.48,-9.396,900.26,-4.22,238.58,27178,R20MZ_FZ_100_filtered
25,12,0,-96.47,5.675,891.54,8.77,-230.06,26308,R20MZ_FZ_100_filtered
25,12,0,-96.46,-11.443,899.25,-1.47,244.63,27078,R20MZ_FZ_100_filtered
25,12,0,-96.46,-4.335,901.53,-9.75,206.04,27305,R20MZ_FZ_100_filtered
25,12,0,-96.45,-11.73,899.34,13.94,243.09,27087,R20MZ_FZ_100_filtered
25,12,-0,-96.44,4.764,891.31,11.76,-219.35,26285,R20MZ_FZ_100_filtered
25,12,0,-96.44,-3.61,897.29,-9.4,205.89,26882,R20MZ_FZ_100_filtered
25,12,0,-96.44,-8.043,900.6,-7.2,235.22,27212,R20MZ_FZ_100_filtered
25,12,0,-96.44,-3.527,901.73,-10.85,188.66,27325,R20MZ_FZ_100_filtered
25,12,0,-96.43,-1.695,896.81,-7.45,139.54,26834,R20MZ_FZ_100_filtered
25,12,0,-96.43,-7.615,900.71,-0.82,233.49,27223,R20MZ_FZ_100_filtered
25,12,0,-96.43,-4.904,901.39,-8.09,214.11,27291,R20MZ_FZ_100_filtered
25,12,0,-96.42,-11.777,899.67,13.37,240.46,27119,R20MZ_FZ_100_filtered
25,12,0,-96.41,-11.753,899.36,13.35,244.47,27089,R20MZ_FZ_100_filtered
25,12,0,-96.4,2.967,895.65,8.95,-172.99,26718,R20MZ_FZ_100_filtered
25,12,0,-96.4,-9.127,898.67,-3.47,244.21,27020,R20MZ_FZ_100_filtered
25,12,0,-96.36,9.79,892.57,4.81,-253.92,26411,R20MZ_FZ_100_filtered
25,12,0,-96.35,10.722,892.8,3.65,-254.86,26434,R20MZ_FZ_100_filtered
25,12,0,-96.35,-12.095,899.58,3.55,244.33,27110,R20MZ_FZ_100_filtered
25,12,0,-96.35,-8.942,900.38,-2.78,238.44,27190,R20MZ_FZ_100_filtered
25,12,0,-96.33,-3.868,901.65,-6.98,196.9,27317,R20MZ_FZ_100_filtered
25,12,0,-96.31,6.609,891.77,7.9,-238.15,26331,R20MZ_FZ_100_filtered
25,12,0,-96.31,-12.098,899.56,-4.06,241.57,27108,R20MZ_FZ_100_filtered
25,12,0,-96.29,-0.897,896.62,-10.43,84.15,26815,R20MZ_FZ_100_filtered
25,12,0,-96.28,3.38,890.96,8.55,-187.09,26250,R20MZ_FZ_100_filtered
25,12,0,-96.27,4.688,895.21,10.9,-215.94,26674,R20MZ_FZ_100_filtered
25,12,0,-96.26,8.871,892.34,5.83,-251.6,26388,R20MZ_FZ_100_filtered
25,12,0,-96.26,-2.65,897.05,-8.6,179.08,26858,R20MZ_FZ_100_filtered
25,12,0,-96.26,-4.282,897.46,-10.52,219.52,26899,R20MZ_FZ_100_filtered
25,12,0,-96.26,-7.764,898.33,-4.57,240.92,26986,R20MZ_FZ_100_filtered
25,12,0,-96.26,-12.101,899.57,-0.76,243.27,27109,R20MZ_FZ_100_filtered
25,12,0,-96.24,7.519,892,7.02,-244.93,26354,R20MZ_FZ_100_filtered
25,12,0,-96.24,-1.679,896.8,-6.75,136.29,26833,R20MZ_FZ_100_filtered
25,12,0,-96.24,-7.127,900.83,-7.83,230.72,27235,R20MZ_FZ_100_filtered
25,12,0,-96.24,-4.824,901.41,-6.09,213.19,27293,R20MZ_FZ_100_filtered
25,12,0,-96.23,-3.121,897.17,-13.44,192.23,26870,R20MZ_FZ_100_filtered
25,12,0,-96.21,8.456,892.23,5.71,-250.84,26377,R20MZ_FZ_100_filtered
25,12,0,-96.2,2.332,895.8,7.72,-148.31,26733,R20MZ_FZ_100_filtered
25,12,0,-96.19,5.625,894.98,9.19,-227.12,26651,R20MZ_FZ_100_filtered
25,12,0,-96.18,-6.086,897.91,-8.23,232.61,26944,R20MZ_FZ_100_filtered
25,12,0,-96.17,4.279,895.32,6.03,-208.65,26685,R20MZ_FZ_100_filtered
25,12,0,-96.17,-8.004,900.61,-5.93,236.16,27213,R20MZ_FZ_100_filtered
25,12,0,-96.17,-5.772,901.17,-5.11,222.65,27269,R20MZ_FZ_100_filtered
25,12,0,-96.16,8.242,892.18,4.57,-245.25,26372,R20MZ_FZ_100_filtered
25,12,0,-96.16,5.2,895.09,5.75,-223.2,26662,R20MZ_FZ_100_filtered
25,12,0,-96.16,-11.653,899.69,1.97,243.43,27121,R20MZ_FZ_100_filtered
25,12,0,-96.16,-11.263,899.79,-10.36,239.89,27131,R20MZ_FZ_100_filtered
25,12,0,-96.14,-2.952,897.13,-15.2,190.28,26866,R20MZ_FZ_100_filtered
25,12,0,-96.13,2.78,890.82,11.83,-168.99,26236,R20MZ_FZ_100_filtered
25,12,0,-96.13,-10.969,899.13,-1.8,244.65,27066,R20MZ_FZ_100_filtered
25,12,0,-96.12,-11.746,899.35,14.99,243.87,27088,R20MZ_FZ_100_filtered
25,12,0,-96.11,8.708,892.3,4.27,-247.25,26384,R20MZ_FZ_100_filtered
25,12,0,-96.1,-11.699,899.32,4.92,239.86,27085,R20MZ_FZ_100_filtered
25,12,0,-96.09,-5.649,897.8,-9.91,230.41,26933,R20MZ_FZ_100_filtered
25,12,0,-96.08,-11.195,899.81,-6.77,243.61,27133,R20MZ_FZ_100_filtered
25,12,0,-96.07,3.816,895.43,9.87,-198.55,26696,R20MZ_FZ_100_filtered
25,12,0,-96.07,-6.849,898.1,-5.91,238.75,26963,R20MZ_FZ_100_filtered
25,12,0,-96.05,-3.501,901.74,-10.21,187.75,27326,R20MZ_FZ_100_filtered
25,12,0,-96.04,-7.283,898.21,-5.62,240.03,26974,R20MZ_FZ_100_filtered
25,12,0,-96.04,-12.128,899.45,1.8,242.95,27097,R20MZ_FZ_100_filtered
25,12,0,-96.02,-3.942,901.63,-8.73,198.11,27315,R20MZ_FZ_100_filtered
25,12,0,-96.01,6.155,891.66,9.14,-234.7,26320,R20MZ_FZ_100_filtered
25,12,0,-96,4.252,895.33,6.04,-207.4,26686,R20MZ_FZ_100_filtered
25,12,0,-95.96,-8.643,898.55,-3.16,243.28,27008,R20MZ_FZ_100_filtered
25,12,0,-95.92,-8.208,898.44,-4.08,242.3,26997,R20MZ_FZ_100_filtered
25,12,0,-95.91,-3.837,897.35,-13.22,212.14,26888,R20MZ_FZ_100_filtered
25,12,0,-95.9,5.566,894.99,9.78,-227.1,26652,R20MZ_FZ_100_filtered
25,12,0,-95.9,-2.166,896.93,-13.53,160.96,26846,R20MZ_FZ_100_filtered
25,12,0,-95.9,-10.291,898.96,-3.41,240.17,27049,R20MZ_FZ_100_filtered
25,12,0,-95.89,11.644,893.03,2.77,-254.84,26457,R20MZ_FZ_100_filtered
25,12,0,-95.89,3.766,895.44,11,-197.16,26697,R20MZ_FZ_100_filtered
25,12,0,-95.89,-4.405,901.51,-9.92,207.01,27303,R20MZ_FZ_100_filtered
25,12,0,-95.87,2.853,890.84,13.72,-170.52,26238,R20MZ_FZ_100_filtered
25,12,0,-95.87,-10.842,899.91,7.54,242.19,27143,R20MZ_FZ_100_filtered
25,12,0,-95.86,9.326,892.45,4.71,-251.58,26399,R20MZ_FZ_100_filtered
25,12,0,-95.85,-5.201,897.69,-9.47,228.41,26922,R20MZ_FZ_100_filtered
25,12,0,-95.85,-5.933,897.87,-7.66,233.97,26940,R20MZ_FZ_100_filtered
25,12,0,-95.83,-6.407,897.99,-7.16,236.75,26952,R20MZ_FZ_100_filtered
25,12,0,-95.83,-8.446,898.5,-4.91,239.43,27003,R20MZ_FZ_100_filtered
25,12,0,-95.82,-2.61,897.04,-8.21,178.58,26857,R20MZ_FZ_100_filtered
25,12,0,-95.8,3.262,890.93,7.95,-183.7,26247,R20MZ_FZ_100_filtered
25,12,0,-95.8,10.231,892.68,4.38,-253.45,26422,R20MZ_FZ_100_filtered
25,12,0,-95.8,-4.87,901.4,-6.62,213.5,27292,R20MZ_FZ_100_filtered
25,12,-0,-95.79,1.601,895.99,1.63,-115.25,26752,R20MZ_FZ_100_filtered
25,12,0,-95.78,-10.297,900.03,-7.95,241.6,27155,R20MZ_FZ_100_filtered
25,12,0,-95.78,-3.896,901.64,-7.96,197.67,27316,R20MZ_FZ_100_filtered
25,12,0,-95.77,-3.454,901.75,-9.97,187.01,27327,R20MZ_FZ_100_filtered
25,12,0,-95.75,-6.556,898.03,-8.39,233.04,26956,R20MZ_FZ_100_filtered
25,12,0,-95.71,10.109,892.65,3,-251.42,26419,R20MZ_FZ_100_filtered
25,12,0,-95.66,7.325,891.95,5.08,-239.35,26349,R20MZ_FZ_100_filtered
25,12,0,-95.65,-7.044,898.15,-6.39,235.36,26968,R20MZ_FZ_100_filtered
25,12,0,-95.64,-11.72,899.68,7.34,242.01,27120,R20MZ_FZ_100_filtered
25,12,0,-95.63,5.207,891.42,8.64,-224.18,26296,R20MZ_FZ_100_filtered
25,12,0,-95.62,10.598,892.77,2.59,-251.76,26431,R20MZ_FZ_100_filtered
25,12,0,-95.61,-4.049,897.4,-12.67,214.87,26893,R20MZ_FZ_100_filtered
25,12,0,-95.59,2.811,890.83,12.94,-168.8,26237,R20MZ_FZ_100_filtered
25,12,0,-95.59,-4.75,897.58,-11.8,224.38,26911,R20MZ_FZ_100_filtered
25,12,0,-95.58,-5.002,897.64,-10.96,229.33,26917,R20MZ_FZ_100_filtered
25,12,0,-95.58,-10.771,899.08,-2.94,239.7,27061,R20MZ_FZ_100_filtered
25,12,0,-95.53,-10.923,899.12,-2.08,243.42,27065,R20MZ_FZ_100_filtered
25,12,0,-95.5,-11.404,899.24,-1.32,243.42,27077,R20MZ_FZ_100_filtered
25,12,0,-95.47,-3.585,897.28,-8.93,204.98,26881,R20MZ_FZ_100_filtered
25,12,0,-95.46,-3.084,897.16,-13.99,191.67,26869,R20MZ_FZ_100_filtered
25,12,0,-95.46,-10.492,899.01,-1.66,243.7,27054,R20MZ_FZ_100_filtered
25,12,0,-95.43,-4.531,897.52,-8.34,223.14,26905,R20MZ_FZ_100_filtered
25,12,0,-95.42,-9.092,898.66,-3.26,243.14,27019,R20MZ_FZ_100_filtered
25,12,0,-95.37,11.819,893.13,-7.43,-255.76,26467,R20MZ_FZ_100_filtered
25,12,0,-95.35,3.297,890.94,8.18,-183.19,26248,R20MZ_FZ_100_filtered
25,12,0,-95.35,2.866,895.67,9.59,-168.32,26720,R20MZ_FZ_100_filtered
25,12,0,-95.31,11.156,892.91,3.43,-253.44,26445,R20MZ_FZ_100_filtered
25,12,0,-95.31,-7.727,898.32,-4.46,240.29,26985,R20MZ_FZ_100_filtered
25,12,0,-95.3,-1.302,896.71,-8.96,112.87,26824,R20MZ_FZ_100_filtered
25,12,0,-95.3,-8.162,898.43,-3.82,241.57,26996,R20MZ_FZ_100_filtered
25,12,0,-95.28,-6.367,897.98,-6.56,235.83,26951,R20MZ_FZ_100_filtered
25,12,0,-95.28,-9.567,898.78,-1.96,244.21,27031,R20MZ_FZ_100_filtered
25,12,0,-95.27,11.561,893.01,2.73,-251.58,26455,R20MZ_FZ_100_filtered
25,12,0,-95.26,2.419,895.78,6.61,-151.12,26731,R20MZ_FZ_100_filtered
25,12,0,-95.24,-6.607,898.04,-7.74,233.04,26957,R20MZ_FZ_100_filtered
25,12,0,-95.24,-9.367,898.73,-4,239.55,27026,R20MZ_FZ_100_filtered
25,12,0,-95.18,2.92,895.66,9.15,-170.16,26719,R20MZ_FZ_100_filtered
25,12,0,-95.17,-0.579,896.53,-3.41,51.6,26806,R20MZ_FZ_100_filtered
25,12,0,-95.15,-8.918,898.62,-4.09,239.7,27015,R20MZ_FZ_100_filtered
25,12,0,-95.14,0.901,896.16,5.3,-73.61,26769,R20MZ_FZ_100_filtered
25,12,0,-95.12,4.717,891.3,11.81,-215.46,26284,R20MZ_FZ_100_filtered
25,12,0,-95.11,1.424,896.03,5.5,-105.68,26756,R20MZ_FZ_100_filtered
25,12,0,-95.1,10.686,892.79,3.13,-252.52,26433,R20MZ_FZ_100_filtered
25,12,0,-95.1,11.601,893.02,2.55,-252.52,26456,R20MZ_FZ_100_filtered
25,12,0,-95.07,5.049,891.38,6.59,-219.63,26292,R20MZ_FZ_100_filtered
25,12,0,-95.06,-2.993,897.14,-14.51,191.03,26867,R20MZ_FZ_100_filtered
25,12,0,-95.06,-3.878,897.36,-13.19,212.28,26889,R20MZ_FZ_100_filtered
25,12,0,-95.03,2.373,895.79,7.19,-149.56,26732,R20MZ_FZ_100_filtered
25,12,0,-94.99,-7.529,898.27,-6.12,236.78,26980,R20MZ_FZ_100_filtered
25,12,0,-94.96,6.397,891.72,6.84,-232.55,26326,R20MZ_FZ_100_filtered
25,12,0,-94.92,-6.128,897.92,-7.99,231.98,26945,R20MZ_FZ_100_filtered
25,12,0,-94.9,7.483,891.99,6.91,-241.7,26353,R20MZ_FZ_100_filtered
25,12,0,-94.88,4.59,891.27,9.74,-212.2,26281,R20MZ_FZ_100_filtered
25,12,0,-94.88,-4.336,897.47,-10.62,219.25,26900,R20MZ_FZ_100_filtered
25,12,0,-94.86,9.767,892.56,4.45,-251.62,26410,R20MZ_FZ_100_filtered
25,12,0,-94.85,7.804,892.07,5.04,-241.84,26361,R20MZ_FZ_100_filtered
25,12,0,-94.84,3.754,891.06,12,-194.23,26260,R20MZ_FZ_100_filtered
25,12,0,-94.84,0.742,896.2,0.64,-64.24,26773,R20MZ_FZ_100_filtered
25,12,0,-94.83,-3.46,897.25,-10.12,202.99,26878,R20MZ_FZ_100_filtered
25,12,0,-94.82,-11.245,899.2,-2.51,238.91,27073,R20MZ_FZ_100_filtered
25,12,0,-94.81,-7.081,898.16,-5.85,235.84,26969,R20MZ_FZ_100_filtered
25,12,0,-94.8,-10.459,899,-1.67,242.97,27053,R20MZ_FZ_100_filtered
25,12,0,-94.77,-3.038,897.15,-14.1,191.63,26868,R20MZ_FZ_100_filtered
25,12,0,-94.77,-4.003,897.39,-12.8,214.15,26892,R20MZ_FZ_100_filtered
25,12,0,-94.77,-8.131,898.42,-3.7,241.1,26995,R20MZ_FZ_100_filtered
25,12,0,-94.74,-8.016,898.39,-5.03,238.66,26992,R20MZ_FZ_100_filtered
25,12,-0,-94.72,-11.37,899.23,-1.42,242.53,27076,R20MZ_FZ_100_filtered
25,12,0,-94.71,-6.804,898.09,-5.87,237.69,26962,R20MZ_FZ_100_filtered
25,12,0,-94.71,-10.8,899.09,-2.67,240.33,27062,R20MZ_FZ_100_filtered
25,12,-0,-94.68,8.275,892.19,4.71,-243.34,26373,R20MZ_FZ_100_filtered
25,12,0,-94.68,-4.962,897.63,-10.54,228.72,26916,R20MZ_FZ_100_filtered
25,12,0,-94.67,10.154,892.66,3.41,-251.3,26420,R20MZ_FZ_100_filtered
25,12,0,-94.66,-10.33,898.97,-2.9,240.67,27050,R20MZ_FZ_100_filtered
25,12,0,-94.62,4.154,891.16,8.88,-203.21,26270,R20MZ_FZ_100_filtered
25,12,0,-94.6,10.197,892.67,4.18,-251.9,26421,R20MZ_FZ_100_filtered
25,12,0,-94.57,11.139,892.9,3.3,-251.91,26444,R20MZ_FZ_100_filtered
25,12,0,-94.56,-3.923,897.37,-13.31,212.26,26890,R20MZ_FZ_100_filtered
25,12,0,-94.55,-8.971,898.63,-4.15,240.51,27016,R20MZ_FZ_100_filtered
25,12,0,-94.52,10.645,892.78,2.9,-251.26,26432,R20MZ_FZ_100_filtered
25,12,0,-94.51,7.363,891.96,5.42,-237.33,26350,R20MZ_FZ_100_filtered
25,12,0,-94.5,-5.4,897.74,-6.56,231.35,26927,R20MZ_FZ_100_filtered
25,12,0,-94.48,-1.251,896.7,-10.45,109.79,26823,R20MZ_FZ_100_filtered
25,12,0,-94.48,-9.414,898.74,-3.62,240.35,27027,R20MZ_FZ_100_filtered
25,12,0,-94.47,-7.249,898.2,-5.3,239.58,26973,R20MZ_FZ_100_filtered
25,12,0,-94.45,-9.052,898.65,-3.39,242.5,27018,R20MZ_FZ_100_filtered
25,12,0,-94.43,-8.487,898.51,-4.55,240.03,27004,R20MZ_FZ_100_filtered
25,12,0,-94.43,-8.599,898.54,-3.14,242.5,27007,R20MZ_FZ_100_filtered
25,12,0,-94.43,-10.894,899.11,-2.14,242.37,27064,R20MZ_FZ_100_filtered
25,12,0,-94.42,-8.535,898.52,-4.02,241.43,27005,R20MZ_FZ_100_filtered
25,12,0,-94.38,5.639,891.53,8.78,-226.78,26307,R20MZ_FZ_100_filtered
25,12,0,-94.38,9.721,892.55,3.69,-250.02,26409,R20MZ_FZ_100_filtered
25,12,0,-94.37,-10.416,898.99,-1.92,242.06,27052,R20MZ_FZ_100_filtered
25,12,0,-94.36,9.286,892.44,4.66,-249.75,26398,R20MZ_FZ_100_filtered
25,12,0,-94.32,-9.891,898.86,-3.37,240.97,27039,R20MZ_FZ_100_filtered
25,12,0,-94.32,-9.974,898.88,-2.63,242.95,27041,R20MZ_FZ_100_filtered
25,12,0,-94.31,-5.69,897.81,-9.63,230.3,26934,R20MZ_FZ_100_filtered
25,12,0,-94.29,1.949,895.9,9.34,-130.15,26743,R20MZ_FZ_100_filtered
25,12,0,-94.29,-10.831,899.1,-2.64,241.25,27063,R20MZ_FZ_100_filtered
25,12,0,-94.27,-10.37,898.98,-2.58,241.3,27051,R20MZ_FZ_100_filtered
25,12,0,-94.25,-9.929,898.87,-2.87,242.39,27040,R20MZ_FZ_100_filtered
25,12,0,-94.19,3.712,891.05,9.84,-192.97,26259,R20MZ_FZ_100_filtered
25,12,0,-94.19,-4.497,897.51,-8.2,221.88,26904,R20MZ_FZ_100_filtered
25,12,0,-94.16,0.943,896.15,5.99,-75.43,26768,R20MZ_FZ_100_filtered
25,12,0,-94.15,-7.577,898.28,-5.19,238.2,26981,R20MZ_FZ_100_filtered
25,12,0,-94.13,-3.958,897.38,-12.81,213.05,26891,R20MZ_FZ_100_filtered
25,12,0,-94.11,-5.253,897.7,-8.68,228.73,26923,R20MZ_FZ_100_filtered
25,12,-0,-94.11,-6.332,897.97,-6.51,235.4,26950,R20MZ_FZ_100_filtered
25,12,0,-94.1,-11.291,899.21,-2.39,240.17,27074,R20MZ_FZ_100_filtered
25,12,0,-94.07,9.249,892.43,3.92,-248.46,26397,R20MZ_FZ_100_filtered
25,12,0,-94.07,-7.694,898.31,-4.37,240.49,26984,R20MZ_FZ_100_filtered
25,12,0,-94.07,-11.322,899.22,-1.95,241.25,27075,R20MZ_FZ_100_filtered
25,12,0,-94.05,1.556,896,2.38,-112.16,26753,R20MZ_FZ_100_filtered
25,12,0,-94.05,-1.158,896.68,-12.76,101.68,26821,R20MZ_FZ_100_filtered
25,12,0,-94.03,4.693,891.29,11.41,-213.01,26283,R20MZ_FZ_100_filtered
25,12,0,-94.03,8.317,892.2,4.96,-243.37,26374,R20MZ_FZ_100_filtered
25,12,0,-94.03,-3.507,897.26,-9.44,203.76,26879,R20MZ_FZ_100_filtered
25,12,0,-94.01,-8.086,898.41,-4.25,240.51,26994,R20MZ_FZ_100_filtered
25,12,0,-93.99,5.161,891.41,7.64,-220.58,26295,R20MZ_FZ_100_filtered
25,12,0,-93.94,-8.051,898.4,-4.78,239.56,26993,R20MZ_FZ_100_filtered
25,12,0,-93.9,1.997,895.89,10.14,-132.22,26742,R20MZ_FZ_100_filtered
25,12,-0,-93.9,-8.57,898.53,-3.52,242.23,27006,R20MZ_FZ_100_filtered
25,12,0,-93.89,-9.017,898.64,-3.67,241.41,27017,R20MZ_FZ_100_filtered
25,12,0,-93.88,-4.358,897.48,-9.88,219.58,26901,R20MZ_FZ_100_filtered
25,12,0,-93.88,-9.491,898.76,-2.58,242.66,27029,R20MZ_FZ_100_filtered
25,12,-0,-93.87,-7.651,898.3,-4.86,240.06,26983,R20MZ_FZ_100_filtered
25,12,0,-93.86,6.57,891.76,7.75,-234.83,26330,R20MZ_FZ_100_filtered
25,12,0,-93.85,5.522,891.5,9.32,-223.53,26304,R20MZ_FZ_100_filtered
25,12,0,-93.83,4.651,891.28,10.86,-211.76,26282,R20MZ_FZ_100_filtered
25,12,0,-93.82,5.081,891.39,6.93,-218.29,26293,R20MZ_FZ_100_filtered
25,12,0,-93.82,1.516,896.01,3.52,-109.68,26754,R20MZ_FZ_100_filtered
25,12,0,-93.76,-9.448,898.75,-2.73,241.21,27028,R20MZ_FZ_100_filtered
25,12,0,-93.72,-6.161,897.93,-7.28,232.59,26946,R20MZ_FZ_100_filtered
25,12,0,-93.69,-1.214,896.69,-11.7,105.75,26822,R20MZ_FZ_100_filtered
25,12,0,-93.64,7.846,892.08,5.49,-240.71,26362,R20MZ_FZ_100_filtered
25,12,0,-93.64,-4.919,897.62,-11.1,228.42,26915,R20MZ_FZ_100_filtered
25,12,0,-93.64,-6.645,898.05,-7.18,234.6,26958,R20MZ_FZ_100_filtered
25,12,0,-93.63,-0.658,896.55,-4.43,57.99,26808,R20MZ_FZ_100_filtered
25,12,0,-93.55,7.443,891.98,6.4,-239.02,26352,R20MZ_FZ_100_filtered
25,12,0,-93.54,-4.795,897.59,-11.78,224.85,26912,R20MZ_FZ_100_filtered
25,12,-0,-93.54,-7.214,898.19,-5.61,238.98,26972,R20MZ_FZ_100_filtered
25,12,0,-93.49,7.87,892.09,6.1,-241.33,26363,R20MZ_FZ_100_filtered
25,12,-0,-93.47,5.603,891.52,9.15,-223.8,26306,R20MZ_FZ_100_filtered
25,12,0,-93.47,-7.161,898.18,-5.46,238.32,26971,R20MZ_FZ_100_filtered
25,12,0,-93.4,6.924,891.85,6.56,-233.76,26339,R20MZ_FZ_100_filtered
25,12,0,-93.4,0.719,896.21,0.3,-61.46,26774,R20MZ_FZ_100_filtered
25,12,0,-93.4,-6.765,898.08,-5.89,237.41,26961,R20MZ_FZ_100_filtered
25,12,0,-93.36,6.076,891.64,8.36,-228.03,26318,R20MZ_FZ_100_filtered
25,12,0,-93.34,-5.29,897.71,-7.9,229.48,26924,R20MZ_FZ_100_filtered
25,12,0,-93.34,-5.725,897.82,-9.36,231.04,26935,R20MZ_FZ_100_filtered
25,12,0,-93.33,-5.372,897.73,-7.3,231.37,26926,R20MZ_FZ_100_filtered
25,12,0,-93.32,-7.121,898.17,-5.89,236.95,26970,R20MZ_FZ_100_filtered
25,12,0,-93.28,6.995,891.87,7.2,-236.7,26341,R20MZ_FZ_100_filtered
25,12,0,-93.26,-4.455,897.5,-8.7,221.28,26903,R20MZ_FZ_100_filtered
25,12,0,-93.21,6.441,891.73,6.93,-230.2,26327,R20MZ_FZ_100_filtered
25,12,0,-93.17,-6.68,898.06,-6.7,235.87,26959,R20MZ_FZ_100_filtered
25,12,0,-93.16,5.568,891.51,9.33,-222.62,26305,R20MZ_FZ_100_filtered
25,12,0,-93.16,0.969,896.14,6.96,-77.91,26767,R20MZ_FZ_100_filtered
25,12,0,-93.16,-4.409,897.49,-9.08,220.36,26902,R20MZ_FZ_100_filtered
25,12,0,-93.13,5.135,891.4,7.14,-218.55,26294,R20MZ_FZ_100_filtered
25,12,0,-93.1,6.004,891.62,7.24,-225.81,26316,R20MZ_FZ_100_filtered
25,12,0,-93.09,-4.85,897.6,-11.7,225.93,26913,R20MZ_FZ_100_filtered
25,12,0,-93.09,-6.718,898.07,-6.33,236.62,26960,R20MZ_FZ_100_filtered
25,12,0,-93.07,7.415,891.97,5.89,-237.18,26351,R20MZ_FZ_100_filtered
25,12,0,-93.04,-4.882,897.61,-11.33,227.5,26914,R20MZ_FZ_100_filtered
25,12,0,-93.03,-5.342,897.72,-7.62,230.88,26925,R20MZ_FZ_100_filtered
25,12,0,-92.62,6.521,891.75,7.58,-231.62,26329,R20MZ_FZ_100_filtered
25,12,0,-92.59,1.089,896.11,8.13,-86.09,26764,R20MZ_FZ_100_filtered
25,12,0,-92.56,-5.81,897.84,-8.54,232.89,26937,R20MZ_FZ_100_filtered
25,12,0,-92.51,6.961,891.86,7,-234.66,26340,R20MZ_FZ_100_filtered
25,12,0,-92.43,6.49,891.74,7.24,-229.87,26328,R20MZ_FZ_100_filtered
25,12,0,-92.35,6.042,891.63,7.76,-225.81,26317,R20MZ_FZ_100_filtered
25,12,0,-92.34,-5.768,897.83,-9.21,231.83,26936,R20MZ_FZ_100_filtered
25,12,0,-92.18,1.033,896.13,7.76,-80.52,26766,R20MZ_FZ_100_filtered
25,12,0,-92.02,-0.68,896.56,-5.32,61.68,26809,R20MZ_FZ_100_filtered
25,12,0,-91.81,0.314,896.31,1.3,-30.27,26784,R20MZ_FZ_100_filtered
25,12,0,-91.47,0.47,896.27,2.32,-42.7,26780,R20MZ_FZ_100_filtered
25,12,0,-90.94,-0.794,896.59,-6.31,74.43,26812,R20MZ_FZ_100_filtered
25,12,0,-90.83,-0.127,896.42,-4.04,8.69,26795,R20MZ_FZ_100_filtered
25,12,0,-90.65,-0.468,896.5,-2.13,40.89,26803,R20MZ_FZ_100_filtered
25,12,0,-90.62,0.513,896.26,1.74,-45.48,26779,R20MZ_FZ_100_filtered
25,12,0,-90.61,-0.101,896.41,-3.18,5.42,26794,R20MZ_FZ_100_filtered
25,12,0,-90.44,-0.176,896.43,-4.6,12.41,26796,R20MZ_FZ_100_filtered
25,12,0,-90.44,-0.765,896.58,-5.61,70.24,26811,R20MZ_FZ_100_filtered
25,12,0,-90.1,0.629,896.23,0.31,-54.75,26776,R20MZ_FZ_100_filtered
25,12,0,-90.06,-0.058,896.4,-1.97,1.84,26793,R20MZ_FZ_100_filtered
25,12,0,-89.83,0.55,896.25,1.51,-48.1,26778,R20MZ_FZ_100_filtered
25,12,0,-89.74,0.278,896.32,1,-26.52,26785,R20MZ_FZ_100_filtered
25,12,0,-89.65,0.582,896.24,1.26,-51.7,26777,R20MZ_FZ_100_filtered
25,12,0,-89.08,-0.223,896.44,-4.53,16.13,26797,R20MZ_FZ_100_filtered
25,12,0,-88.83,-0.004,896.39,-1.24,-1.55,26792,R20MZ_FZ_100_filtered
25,12,0,-87.81,-0.443,896.49,-2.3,36.44,26802,R20MZ_FZ_100_filtered
25,12,0,-87.41,-0.27,896.45,-4.05,20.02,26798,R20MZ_FZ_100_filtered
25,12,0,-87.38,0.237,896.33,0.76,-22.95,26786,R20MZ_FZ_100_filtered
25,12,0,-86.45,0.038,896.38,-0.06,-4.65,26791,R20MZ_FZ_100_filtered
25,12,0,-86.2,-0.4,896.48,-2.46,32.27,26801,R20MZ_FZ_100_filtered
25,12,0,-85.97,-0.323,896.46,-3.07,23.43,26799,R20MZ_FZ_100_filtered
25,12,-0,-85.49,-0.37,896.47,-2.63,27.79,26800,R20MZ_FZ_100_filtered
25,12,0,-85.27,0.074,896.37,1.13,-8.39,26790,R20MZ_FZ_100_filtered
25,12,0,-84.16,0.129,896.36,1.11,-11.75,26789,R20MZ_FZ_100_filtered
25,12,-0,-84.08,0.167,896.35,1.48,-15.14,26788,R20MZ_FZ_100_filtered
25,12,-0,-58.83,2.037,823.022,6.01,-92.37,23725,R20MZ_FZ_50_filtered
25,12,0,-58.57,1.614,822.912,3.59,-80.63,23714,R20MZ_FZ_50_filtered
25,12,0,-58.39,1.578,822.902,4.18,-79.08,23713,R20MZ_FZ_50_filtered
25,12,0,-58.3,1.995,823.012,5.02,-91.01,23724,R20MZ_FZ_50_filtered
25,12,0,-57.74,1.657,822.922,2.54,-81.22,23715,R20MZ_FZ_50_filtered
25,12,0,-57.19,1.53,822.892,4.85,-76.45,23712,R20MZ_FZ_50_filtered
25,12,0,-56.84,1.951,823.002,4.94,-88.69,23723,R20MZ_FZ_50_filtered
25,12,0,-56.8,1.159,822.802,6.68,-63.67,23703,R20MZ_FZ_50_filtered
25,12,0,-56.69,2.506,823.132,3.65,-99.22,23736,R20MZ_FZ_50_filtered
25,12,0,-56.64,1.126,822.792,6.37,-62.3,23702,R20MZ_FZ_50_filtered
25,12,0,-56.33,1.087,822.782,5.27,-60.29,23701,R20MZ_FZ_50_filtered
25,12,0,-56.13,2.463,823.122,4.31,-97.84,23735,R20MZ_FZ_50_filtered
25,12,0,-55.81,1.919,822.992,5.01,-86.97,23722,R20MZ_FZ_50_filtered
25,12,0,-55.77,1.2,822.812,7.66,-64.67,23704,R20MZ_FZ_50_filtered
25,12,0,-55.39,1.492,822.882,5.97,-73.75,23711,R20MZ_FZ_50_filtered
25,12,0,-55.03,2.984,823.262,7.78,-107.15,23749,R20MZ_FZ_50_filtered
25,12,0,-54.74,1.047,822.772,4.79,-57.95,23700,R20MZ_FZ_50_filtered
25,12,0,-54.32,2.433,823.112,4.83,-96.13,23734,R20MZ_FZ_50_filtered
25,12,0,-54.3,8.567,826.632,4.06,-137.99,24085,R20MZ_FZ_50_filtered
25,12,-0,-53.97,3.879,823.482,7.15,-118.55,23771,R20MZ_FZ_50_filtered
25,12,0,-53.91,3.844,823.472,6.27,-117.01,23770,R20MZ_FZ_50_filtered
25,12,0,-53.89,1.882,822.982,4.52,-84.67,23721,R20MZ_FZ_50_filtered
25,12,0,-53.85,2.621,823.162,2.13,-99.04,23739,R20MZ_FZ_50_filtered
25,12,-0,-53.79,7.644,826.862,2.94,-137.31,24108,R20MZ_FZ_50_filtered
25,12,0,-53.76,-3.383,829.622,-5.78,117.81,24384,R20MZ_FZ_50_filtered
25,12,0,-53.72,-2.923,829.512,-6.27,110.5,24373,R20MZ_FZ_50_filtered
25,12,0,-53.57,2.863,823.232,7.14,-102.44,23746,R20MZ_FZ_50_filtered
25,12,0,-53.56,-2.462,829.392,-5.23,100.9,24361,R20MZ_FZ_50_filtered
25,12,0,-53.52,1.232,822.822,7.72,-64.93,23705,R20MZ_FZ_50_filtered
25,12,0,-53.48,4.813,823.712,6.24,-125.88,23794,R20MZ_FZ_50_filtered
25,12,0,-53.47,-2.491,829.402,-4.9,102.14,24362,R20MZ_FZ_50_filtered
25,12,0,-53.43,3.5,823.382,1.37,-112.68,23761,R20MZ_FZ_50_filtered
25,12,0,-53.39,1.445,822.872,7.42,-71.15,23710,R20MZ_FZ_50_filtered
25,12,0,-53.39,9.508,826.392,4.67,-137.5,24061,R20MZ_FZ_50_filtered
25,12,0,-53.39,8.102,826.752,0.13,-137.21,24097,R20MZ_FZ_50_filtered
25,12,0,-53.39,6.269,827.212,2.99,-133.6,24143,R20MZ_FZ_50_filtered
25,12,0,-53.38,5.741,823.942,3.85,-130.68,23817,R20MZ_FZ_50_filtered
25,12,0,-53.38,8.139,826.742,1.27,-137.54,24096,R20MZ_FZ_50_filtered
25,12,-0,-53.36,6.731,827.092,3,-134.51,24131,R20MZ_FZ_50_filtered
25,12,0,-53.33,4.378,823.602,2.69,-122.79,23783,R20MZ_FZ_50_filtered
25,12,0,-53.33,-3.818,829.732,-4.05,123.52,24395,R20MZ_FZ_50_filtered
25,12,-0,-53.32,7.223,826.972,2.61,-135.76,24119,R20MZ_FZ_50_filtered
25,12,0,-53.31,3.385,823.352,3.58,-110.55,23758,R20MZ_FZ_50_filtered
25,12,0,-53.31,7.184,826.982,1.94,-135.8,24120,R20MZ_FZ_50_filtered
25,12,0,-53.29,8.61,826.622,3.57,-137.04,24084,R20MZ_FZ_50_filtered
25,12,-0,-53.26,3.911,823.492,7.35,-118.08,23772,R20MZ_FZ_50_filtered
25,12,-0,-53.24,7.595,826.872,3.28,-135.59,24109,R20MZ_FZ_50_filtered
25,12,0,-53.22,6.704,827.102,3.14,-134.1,24132,R20MZ_FZ_50_filtered
25,12,0,-53.19,-2.886,829.502,-4.85,109.37,24372,R20MZ_FZ_50_filtered
25,12,0,-53.18,7.135,824.292,3,-134.4,23852,R20MZ_FZ_50_filtered
25,12,0,-53.14,6.21,824.062,3.65,-132.22,23829,R20MZ_FZ_50_filtered
25,12,0,-53.14,6.663,824.172,3.49,-134.07,23840,R20MZ_FZ_50_filtered
25,12,0,-53.14,-3.415,829.632,-4.92,118.86,24385,R20MZ_FZ_50_filtered
25,12,0,-53.14,-4.288,829.852,-6.29,126.21,24407,R20MZ_FZ_50_filtered
25,12,0,-53.11,11.853,825.812,-15.79,-139.19,24003,R20MZ_FZ_50_filtered
25,12,0,-53.09,-2,829.282,-9.55,90.23,24350,R20MZ_FZ_50_filtered
25,12,0,-53.07,2.39,823.102,5.65,-94.39,23733,R20MZ_FZ_50_filtered
25,12,0,-53.06,9.473,826.402,5.31,-137.35,24062,R20MZ_FZ_50_filtered
25,12,0,-53.02,10.908,826.052,-5.21,-136.86,24027,R20MZ_FZ_50_filtered
25,12,0,-53.01,5.778,823.952,2.87,-129.14,23818,R20MZ_FZ_50_filtered
25,12,0,-53,5.298,823.832,2.76,-128.04,23806,R20MZ_FZ_50_filtered
25,12,0,-53,-2.418,829.382,-5.51,98.87,24360,R20MZ_FZ_50_filtered
25,12,0,-52.99,11.322,825.932,8.66,-137.95,24015,R20MZ_FZ_50_filtered
25,12,0,-52.97,5.771,827.332,3.63,-130.18,24155,R20MZ_FZ_50_filtered
25,12,0,-52.97,-1.968,829.272,-8.12,88.95,24349,R20MZ_FZ_50_filtered
25,12,0,-52.97,-2.964,829.522,-7.74,111.17,24374,R20MZ_FZ_50_filtered
25,12,0,-52.95,7.686,826.852,3.13,-136.39,24107,R20MZ_FZ_50_filtered
25,12,0,-52.94,8.042,824.522,3.1,-136.23,23875,R20MZ_FZ_50_filtered
25,12,0,-52.93,6.295,827.202,3.34,-132.67,24142,R20MZ_FZ_50_filtered
25,12,-0,-52.92,-2.047,829.292,-10.07,91.02,24351,R20MZ_FZ_50_filtered
25,12,0,-52.91,9.031,826.522,-2.19,-135.93,24074,R20MZ_FZ_50_filtered
25,12,0,-52.91,-3.324,829.612,-6.02,116.21,24383,R20MZ_FZ_50_filtered
25,12,0,-52.89,7.608,824.412,2.41,-135.16,23864,R20MZ_FZ_50_filtered
25,12,0,-52.87,8.527,826.642,3.81,-136.38,24086,R20MZ_FZ_50_filtered
25,12,0,-52.84,3.032,823.272,7.73,-106.01,23750,R20MZ_FZ_50_filtered
25,12,0,-52.84,6.166,824.052,3.94,-132.12,23828,R20MZ_FZ_50_filtered
25,12,0,-52.84,-4.335,829.862,-5.82,126.5,24408,R20MZ_FZ_50_filtered
25,12,0,-52.78,5.257,823.822,2.51,-128.5,23805,R20MZ_FZ_50_filtered
25,12,0,-52.76,4.854,823.722,5.68,-124.61,23795,R20MZ_FZ_50_filtered
25,12,0,-52.76,5.693,823.932,4.95,-130.36,23816,R20MZ_FZ_50_filtered
25,12,0,-52.76,7.092,824.282,3.36,-134.08,23851,R20MZ_FZ_50_filtered
25,12,0,-52.76,9.067,826.512,-0.92,-136.43,24073,R20MZ_FZ_50_filtered
25,12,0,-52.72,2.22,823.062,7.46,-90.77,23729,R20MZ_FZ_50_filtered
25,12,0,-52.69,7.575,824.402,3.02,-135.81,23863,R20MZ_FZ_50_filtered
25,12,0,-52.69,-3.901,829.752,-5.59,123.86,24397,R20MZ_FZ_50_filtered
25,12,0,-52.68,4.776,823.702,6.22,-125.11,23793,R20MZ_FZ_50_filtered
25,12,0,-52.66,6.232,827.222,2.01,-132.82,24144,R20MZ_FZ_50_filtered
25,12,0,-52.63,7.151,826.992,0.39,-133.44,24121,R20MZ_FZ_50_filtered
25,12,0,-52.63,5.344,827.442,3.68,-129.57,24166,R20MZ_FZ_50_filtered
25,12,0,-52.62,3.812,823.462,5.4,-114.38,23769,R20MZ_FZ_50_filtered
25,12,0,-52.62,6.686,824.182,2.97,-132.82,23841,R20MZ_FZ_50_filtered
25,12,0,-52.6,4.285,823.582,4.43,-120.96,23781,R20MZ_FZ_50_filtered
25,12,0,-52.59,8.066,826.762,-1.09,-134.53,24098,R20MZ_FZ_50_filtered
25,12,0,-52.58,1.018,822.762,3.71,-55.28,23699,R20MZ_FZ_50_filtered
25,12,0,-52.56,-4.242,829.842,-6.19,125.24,24406,R20MZ_FZ_50_filtered
25,12,0,-52.54,8.488,824.632,2.53,-136.41,23886,R20MZ_FZ_50_filtered
25,12,0,-52.54,11.802,825.822,-10.46,-136.9,24004,R20MZ_FZ_50_filtered
25,12,0,-52.52,9.94,824.992,1.64,-136.69,23922,R20MZ_FZ_50_filtered
25,12,0,-52.49,11.89,825.802,-19.33,-138.72,24002,R20MZ_FZ_50_filtered
25,12,0,-52.47,8.007,824.512,3.62,-135.3,23874,R20MZ_FZ_50_filtered
25,12,0,-52.47,10.038,826.272,-1.61,-136.4,24049,R20MZ_FZ_50_filtered
25,12,0,-52.46,10.847,825.222,1.61,-136.85,23945,R20MZ_FZ_50_filtered
25,12,0,-52.44,1.404,822.862,7.79,-68.94,23709,R20MZ_FZ_50_filtered
25,12,0,-52.43,9.014,824.762,2.3,-135.47,23899,R20MZ_FZ_50_filtered
25,12,0,-52.42,6.611,824.162,4.01,-133.15,23839,R20MZ_FZ_50_filtered
25,12,0,-52.42,10.431,826.162,6.58,-137.03,24038,R20MZ_FZ_50_filtered
25,12,0,-52.42,9.438,826.412,5.61,-135.3,24063,R20MZ_FZ_50_filtered
25,12,0,-52.41,5.377,827.432,4.21,-129.11,24165,R20MZ_FZ_50_filtered
25,12,0,-52.41,4.386,827.682,2.72,-120.12,24190,R20MZ_FZ_50_filtered
25,12,0,-52.4,10.366,825.102,2.67,-136.55,23933,R20MZ_FZ_50_filtered
25,12,0,-52.39,12.2,825.572,-9.51,-136.88,23979,R20MZ_FZ_50_filtered
25,12,0,-52.38,-2.54,829.412,-4.46,102.95,24363,R20MZ_FZ_50_filtered
25,12,0,-52.37,5.806,827.322,3.31,-130.36,24154,R20MZ_FZ_50_filtered
25,12,0,-52.37,4.889,827.552,3.32,-125.41,24177,R20MZ_FZ_50_filtered
25,12,0,-52.35,11.332,825.342,1.51,-136.11,23957,R20MZ_FZ_50_filtered
25,12,0,-52.32,9.558,826.382,4.23,-135.62,24060,R20MZ_FZ_50_filtered
25,12,-0,-52.29,9.462,824.872,2.22,-135.58,23910,R20MZ_FZ_50_filtered
25,12,0,-52.29,-3.781,829.722,-3.36,122.31,24394,R20MZ_FZ_50_filtered
25,12,0,-52.28,7.257,826.962,3.63,-134.24,24118,R20MZ_FZ_50_filtered
25,12,0,-52.28,-2.858,829.492,-3.81,107.9,24371,R20MZ_FZ_50_filtered
25,12,0,-52.25,1.846,822.972,3.8,-82.88,23720,R20MZ_FZ_50_filtered
25,12,0,-52.24,1.812,822.962,2.91,-81.38,23719,R20MZ_FZ_50_filtered
25,12,0,-52.22,-3.47,829.642,-4.75,119.09,24386,R20MZ_FZ_50_filtered
25,12,0,-52.2,9.097,826.502,0.45,-134.72,24072,R20MZ_FZ_50_filtered
25,12,0,-52.18,8.967,824.752,3.02,-136.69,23898,R20MZ_FZ_50_filtered
25,12,0,-52.14,5.218,823.812,3.33,-126.66,23804,R20MZ_FZ_50_filtered
25,12,-0,-52.14,7.18,824.302,2.66,-132.17,23853,R20MZ_FZ_50_filtered
25,12,-0,-52.13,8.083,824.532,2.72,-134.66,23876,R20MZ_FZ_50_filtered
25,12,0,-52.13,10.895,825.232,0.81,-135.27,23946,R20MZ_FZ_50_filtered
25,12,0,-52.12,4.413,823.612,2.07,-120.58,23784,R20MZ_FZ_50_filtered
25,12,0,-52.12,12.192,825.582,-8.04,-136.22,23980,R20MZ_FZ_50_filtered
25,12,0,-52.12,10.471,826.152,6.13,-136.08,24037,R20MZ_FZ_50_filtered
25,12,0,-52.12,-5.257,830.092,-5.09,128.99,24431,R20MZ_FZ_50_filtered
25,12,0,-52.04,1.278,822.832,8.09,-65.04,23706,R20MZ_FZ_50_filtered
25,12,0,-52.01,2.359,823.092,6.71,-92.69,23732,R20MZ_FZ_50_filtered
25,12,0,-52.01,3.947,827.792,3.27,-115.27,24201,R20MZ_FZ_50_filtered
25,12,0,-52,10.973,826.032,-3.56,-136.38,24025,R20MZ_FZ_50_filtered
25,12,0,-51.98,-1.925,829.262,-6.37,87.55,24348,R20MZ_FZ_50_filtered
25,12,0,-51.97,11.785,825.462,-2.98,-135.93,23969,R20MZ_FZ_50_filtered
25,12,0,-51.93,8.65,826.612,3.35,-134.87,24083,R20MZ_FZ_50_filtered
25,12,0,-51.93,7.727,826.842,2.96,-134.39,24106,R20MZ_FZ_50_filtered
25,12,-0,-51.91,-5.207,830.082,-5.2,129.79,24430,R20MZ_FZ_50_filtered
25,12,0,-51.9,10.413,825.112,2.19,-135.95,23934,R20MZ_FZ_50_filtered
25,12,0,-51.89,6.335,827.192,3.92,-130.94,24141,R20MZ_FZ_50_filtered
25,12,0,-51.88,12.134,825.702,5.3,-136.24,23992,R20MZ_FZ_50_filtered
25,12,0,-51.86,6.25,824.072,3.73,-129.72,23830,R20MZ_FZ_50_filtered
25,12,0,-51.84,3.984,827.782,2.9,-115.45,24200,R20MZ_FZ_50_filtered
25,12,0,-51.82,6.132,824.042,4.3,-130.79,23827,R20MZ_FZ_50_filtered
25,12,0,-51.82,-1.553,829.162,-0.66,76.85,24338,R20MZ_FZ_50_filtered
25,12,0,-51.78,6.647,827.112,2.89,-131.89,24133,R20MZ_FZ_50_filtered
25,12,0,-51.76,3.501,827.902,4.39,-108.36,24212,R20MZ_FZ_50_filtered
25,12,0,-51.73,-2.375,829.372,-6.05,97.32,24359,R20MZ_FZ_50_filtered
25,12,0,-51.69,11.414,825.912,11.83,-137.24,24013,R20MZ_FZ_50_filtered
25,12,0,-51.68,11.767,825.452,-0.59,-136.06,23968,R20MZ_FZ_50_filtered
25,12,0,-51.68,-3.005,829.532,-8.24,111.01,24375,R20MZ_FZ_50_filtered
25,12,0,-51.67,3.355,823.342,4.42,-107.71,23757,R20MZ_FZ_50_filtered
25,12,0,-51.66,10.323,825.092,3.32,-135.47,23932,R20MZ_FZ_50_filtered
25,12,0,-51.64,2.297,823.082,6.99,-91.27,23731,R20MZ_FZ_50_filtered
25,12,0,-51.63,9.412,824.862,2.48,-135.45,23909,R20MZ_FZ_50_filtered
25,12,0,-51.62,5.662,823.922,5.45,-127.89,23815,R20MZ_FZ_50_filtered
25,12,0,-51.62,5.723,827.342,3.05,-128.15,24156,R20MZ_FZ_50_filtered
25,12,0,-51.62,-3.3,829.602,-6.5,114.57,24382,R20MZ_FZ_50_filtered
25,12,0,-51.61,2.833,823.222,5.79,-99.64,23745,R20MZ_FZ_50_filtered
25,12,0,-51.61,9.973,825.002,1.49,-134.68,23923,R20MZ_FZ_50_filtered
25,12,0,-51.59,1.374,822.852,8.3,-67.22,23708,R20MZ_FZ_50_filtered
25,12,0,-51.58,8.937,824.742,3.45,-135.63,23897,R20MZ_FZ_50_filtered
25,12,0,-51.56,3.952,823.502,7.21,-115.44,23773,R20MZ_FZ_50_filtered
25,12,0,-51.53,9.489,824.882,1.58,-134.06,23911,R20MZ_FZ_50_filtered
25,12,0,-51.5,7.541,824.392,3.28,-134.07,23862,R20MZ_FZ_50_filtered
25,12,-0,-51.49,8.574,824.652,1.57,-133.25,23888,R20MZ_FZ_50_filtered
25,12,0,-51.48,10.864,826.062,-5.44,-134.19,24028,R20MZ_FZ_50_filtered
25,12,0,-51.47,0.971,822.752,2.74,-52.66,23698,R20MZ_FZ_50_filtered
25,12,0,-51.47,1.316,822.842,8.33,-65.63,23707,R20MZ_FZ_50_filtered
25,12,0,-51.47,3.46,827.912,3.55,-107.59,24213,R20MZ_FZ_50_filtered
25,12,0,-51.43,3.019,828.022,2.85,-99.5,24224,R20MZ_FZ_50_filtered
25,12,0,-51.42,5.341,823.842,2.81,-125.52,23807,R20MZ_FZ_50_filtered
25,12,0,-51.42,-3.923,829.762,-6.52,123.24,24398,R20MZ_FZ_50_filtered
25,12,0,-51.4,7.064,824.272,3.57,-132.38,23850,R20MZ_FZ_50_filtered
25,12,0,-51.4,11.371,825.352,1,-134.23,23958,R20MZ_FZ_50_filtered
25,12,-0,-51.38,10.802,825.212,2.11,-136.05,23944,R20MZ_FZ_50_filtered
25,12,0,-51.37,12.16,825.682,8.96,-135.93,23990,R20MZ_FZ_50_filtered
25,12,0,-51.37,-5.17,830.072,-4.94,129.56,24429,R20MZ_FZ_50_filtered
25,12,0,-51.34,-2.809,829.482,-2.54,106.66,24370,R20MZ_FZ_50_filtered
25,12,0,-51.34,-5.734,830.212,-4.71,127.86,24443,R20MZ_FZ_50_filtered
25,12,0,-51.33,8.454,824.622,3.2,-134.67,23885,R20MZ_FZ_50_filtered
25,12,0,-51.33,8.977,826.532,-3.18,-133.41,24075,R20MZ_FZ_50_filtered
25,12,0,-51.32,-8.927,831.012,-2.84,128.34,24523,R20MZ_FZ_50_filtered
25,12,0,-51.31,8.494,826.652,4.68,-132.98,24087,R20MZ_FZ_50_filtered
25,12,0,-51.29,10.075,826.262,-0.14,-134.37,24048,R20MZ_FZ_50_filtered
25,12,0,-51.22,11.293,825.332,1.93,-136.07,23956,R20MZ_FZ_50_filtered
25,12,0,-51.21,-6.612,830.432,-4.17,129.48,24465,R20MZ_FZ_50_filtered
25,12,0,-51.2,5.822,823.962,2.75,-125.23,23819,R20MZ_FZ_50_filtered
25,12,0,-51.19,-7.056,830.542,-3.34,130.08,24476,R20MZ_FZ_50_filtered
25,12,0,-51.19,-8.939,832.762,-5.06,127.28,24697,R20MZ_FZ_50_filtered
25,12,0,-51.17,4.727,823.692,5.63,-122.73,23792,R20MZ_FZ_50_filtered
25,12,0,-51.16,2.649,823.172,2.2,-97.28,23740,R20MZ_FZ_50_filtered
25,12,0,-51.16,-3.728,829.712,-2.6,120.92,24393,R20MZ_FZ_50_filtered
25,12,0,-51.15,-8.453,830.892,-2.61,129.24,24511,R20MZ_FZ_50_filtered
25,12,0,-51.14,-7.094,830.552,-3.11,129.46,24477,R20MZ_FZ_50_filtered
25,12,0,-51.13,2.263,823.072,7.34,-90.82,23730,R20MZ_FZ_50_filtered
25,12,0,-51.1,-5.654,830.192,-3.48,130.32,24441,R20MZ_FZ_50_filtered
25,12,0,-51.1,-9.416,832.642,-0.48,127.43,24685,R20MZ_FZ_50_filtered
25,12,0,-51.09,6.578,824.152,4.4,-130.95,23838,R20MZ_FZ_50_filtered
25,12,0,-51.09,-9.377,831.122,-2.26,129.6,24534,R20MZ_FZ_50_filtered
25,12,0,-51.07,12.185,825.592,-6.32,-134.18,23981,R20MZ_FZ_50_filtered
25,12,0,-51.07,6.182,827.232,0.62,-129.56,24145,R20MZ_FZ_50_filtered
25,12,0,-51.07,-4.375,829.872,-4.87,126.16,24409,R20MZ_FZ_50_filtered
25,12,0,-51.06,7.657,824.422,1.95,-132.37,23865,R20MZ_FZ_50_filtered
25,12,0,-51.04,-8.89,831.002,-2.45,129.28,24522,R20MZ_FZ_50_filtered
25,12,0,-51.03,4.893,823.732,5.19,-121.33,23796,R20MZ_FZ_50_filtered
25,12,0,-51.02,3.554,823.392,1.24,-110.47,23762,R20MZ_FZ_50_filtered
25,12,0,-51.02,-4.69,829.952,-3.02,128.5,24417,R20MZ_FZ_50_filtered
25,12,0,-51.01,5.416,827.422,4.81,-126.91,24164,R20MZ_FZ_50_filtered
25,12,0,-51,-8.011,830.782,-2.8,129.32,24500,R20MZ_FZ_50_filtered
25,12,0,-50.99,-6.189,833.452,-6.29,126.67,24766,R20MZ_FZ_50_filtered
25,12,0,-50.97,10.354,826.182,6.59,-132.87,24040,R20MZ_FZ_50_filtered
25,12,0,-50.96,-7.975,830.772,-2.99,130.37,24499,R20MZ_FZ_50_filtered
25,12,0,-50.93,-8.012,832.992,-7.36,128.03,24720,R20MZ_FZ_50_filtered
25,12,0,-50.93,-6.681,833.332,0.34,128.2,24754,R20MZ_FZ_50_filtered
25,12,0,-50.92,9.061,824.772,1.48,-132.04,23900,R20MZ_FZ_50_filtered
25,12,0,-50.92,3.531,827.892,5.27,-107.69,24211,R20MZ_FZ_50_filtered
25,12,0,-50.92,3.056,828.012,2.61,-100.27,24223,R20MZ_FZ_50_filtered
25,12,0,-50.92,-7.601,833.102,1.55,128.16,24731,R20MZ_FZ_50_filtered
25,12,0,-50.88,-1.535,829.152,-1.09,75.45,24337,R20MZ_FZ_50_filtered
25,12,0,-50.87,11.933,825.792,-21.14,-136.21,24001,R20MZ_FZ_50_filtered
25,12,0,-50.83,-1.626,829.182,-0.41,79.48,24340,R20MZ_FZ_50_filtered
25,12,0,-50.82,9.902,826.302,-4.21,-132.48,24052,R20MZ_FZ_50_filtered
25,12,0,-50.82,8.222,826.722,3.3,-132.82,24094,R20MZ_FZ_50_filtered
25,12,0,-50.81,10.443,825.122,1.57,-132.8,23935,R20MZ_FZ_50_filtered
25,12,0,-50.79,6.812,827.072,3.04,-131.25,24129,R20MZ_FZ_50_filtered
25,12,0,-50.78,-8.429,830.882,-2.27,129.59,24510,R20MZ_FZ_50_filtered
25,12,0,-50.77,-6.147,833.462,-6.83,125.41,24767,R20MZ_FZ_50_filtered
25,12,-0,-50.75,-7.49,830.652,-2.97,129.64,24487,R20MZ_FZ_50_filtered
25,12,0,-50.74,-8.536,832.872,1.69,127.89,24708,R20MZ_FZ_50_filtered
25,12,0,-50.73,-6.653,833.342,-0.62,127.6,24755,R20MZ_FZ_50_filtered
25,12,0,-50.71,11.816,825.472,-6.61,-133.42,23970,R20MZ_FZ_50_filtered
25,12,0,-50.71,-9.865,831.242,-2.02,128.7,24546,R20MZ_FZ_50_filtered
25,12,0,-50.71,-7.563,833.112,1.09,127.29,24732,R20MZ_FZ_50_filtered
25,12,0,-50.7,4.031,827.772,2.35,-114.37,24199,R20MZ_FZ_50_filtered
25,12,0,-50.67,-10.769,831.472,-2.16,127.6,24569,R20MZ_FZ_50_filtered
25,12,0,-50.67,-11.681,831.702,0.28,128.06,24592,R20MZ_FZ_50_filtered
25,12,0,-50.66,-9.421,831.132,-2.23,128.4,24535,R20MZ_FZ_50_filtered
25,12,0,-50.65,4.505,827.652,5.39,-118.57,24187,R20MZ_FZ_50_filtered
25,12,0,-50.65,-2.08,829.302,-10.4,92.24,24352,R20MZ_FZ_50_filtered
25,12,0,-50.65,-4.199,829.832,-6.02,123.69,24405,R20MZ_FZ_50_filtered
25,12,0,-50.65,-5.718,833.572,-1.24,125.14,24778,R20MZ_FZ_50_filtered
25,12,0,-50.64,11.766,825.832,-5.56,-133.14,24005,R20MZ_FZ_50_filtered
25,12,0,-50.64,-8.045,830.792,-3.08,127.29,24501,R20MZ_FZ_50_filtered
25,12,0,-50.64,-8.496,830.902,-2.54,128.04,24512,R20MZ_FZ_50_filtered
25,12,0,-50.62,2.596,828.132,2.09,-90.18,24235,R20MZ_FZ_50_filtered
25,12,0,-50.62,-8.458,832.882,1.06,126.96,24709,R20MZ_FZ_50_filtered
25,12,0,-50.62,-4.816,833.802,-1.94,120.14,24801,R20MZ_FZ_50_filtered
25,12,0,-50.61,8.02,826.772,-1.4,-130.67,24099,R20MZ_FZ_50_filtered
25,12,0,-50.61,-6.645,830.442,-4.19,128.23,24466,R20MZ_FZ_50_filtered
25,12,0,-50.6,-2.581,829.422,-3.62,103.6,24364,R20MZ_FZ_50_filtered
25,12,0,-50.6,-7.068,833.232,-7.24,126.37,24744,R20MZ_FZ_50_filtered
25,12,0,-50.57,-10.321,832.412,-6.09,127.32,24662,R20MZ_FZ_50_filtered
25,12,0,-50.56,4.353,827.692,1.46,-117.6,24191,R20MZ_FZ_50_filtered
25,12,0,-50.56,-4.836,829.992,-5.66,126.84,24421,R20MZ_FZ_50_filtered
25,12,0,-50.54,-3.498,829.652,-4.26,118.15,24387,R20MZ_FZ_50_filtered
25,12,0,-50.53,-6.167,830.322,-4.06,128.83,24454,R20MZ_FZ_50_filtered
25,12,0,-50.53,-9.92,832.522,-3.89,128.67,24673,R20MZ_FZ_50_filtered
25,12,0,-50.52,9.141,826.492,1.83,-132.22,24071,R20MZ_FZ_50_filtered
25,12,0,-50.52,-9.887,832.532,-2.59,127.44,24674,R20MZ_FZ_50_filtered
25,12,0,-50.5,-11.263,832.172,-11.56,125.43,24638,R20MZ_FZ_50_filtered
25,12,0,-50.49,-5.121,830.062,-4.67,128.53,24428,R20MZ_FZ_50_filtered
25,12,0,-50.49,-11.725,831.712,1.77,127.56,24593,R20MZ_FZ_50_filtered
25,12,0,-50.48,4.237,823.572,5.46,-117.81,23780,R20MZ_FZ_50_filtered
25,12,0,-50.48,9.372,824.852,2.7,-133.41,23908,R20MZ_FZ_50_filtered
25,12,0,-50.48,-9.378,832.652,-2.12,125.75,24686,R20MZ_FZ_50_filtered
25,12,0,-50.47,7.217,824.312,2.36,-128.6,23854,R20MZ_FZ_50_filtered
25,12,0,-50.47,-6.568,830.422,-3.58,129.57,24464,R20MZ_FZ_50_filtered
25,12,0,-50.46,11.007,826.022,-2.37,-134.67,24024,R20MZ_FZ_50_filtered
25,12,0,-50.46,-4.35,833.911,-5.53,116.68,24812,R20MZ_FZ_50_filtered
25,12,0,-50.45,-6.099,830.302,-4.23,129.92,24452,R20MZ_FZ_50_filtered
25,12,0,-50.43,8.892,824.732,3.47,-133.58,23896,R20MZ_FZ_50_filtered
25,12,-0,-50.42,9.532,824.892,1.15,-130.9,23912,R20MZ_FZ_50_filtered
25,12,0,-50.4,2.791,823.212,4.86,-97.82,23744,R20MZ_FZ_50_filtered
25,12,0,-50.38,3.763,823.452,4.31,-111.26,23768,R20MZ_FZ_50_filtered
25,12,0,-50.38,7.972,824.502,3.84,-132.96,23873,R20MZ_FZ_50_filtered
25,12,0,-50.38,7.111,827.002,-0.26,-130.03,24122,R20MZ_FZ_50_filtered
25,12,0,-50.36,8.133,824.542,1.83,-130.63,23877,R20MZ_FZ_50_filtered
25,12,0,-50.36,-5.755,833.562,-1.42,125.74,24777,R20MZ_FZ_50_filtered
25,12,0,-50.35,-8.053,832.982,-7.42,128.8,24719,R20MZ_FZ_50_filtered
25,12,0,-50.33,5.181,823.802,3.73,-124.27,23803,R20MZ_FZ_50_filtered
25,12,0,-50.32,-11.218,832.182,-10.99,124.98,24639,R20MZ_FZ_50_filtered
25,12,0,-50.32,-8.984,832.752,-5.88,127.91,24696,R20MZ_FZ_50_filtered
25,12,0,-50.29,7.499,824.382,3.7,-131.76,23861,R20MZ_FZ_50_filtered
25,12,0,-50.28,-11.767,832.062,20.81,125.05,24627,R20MZ_FZ_50_filtered
25,12,0,-50.27,9.393,826.422,5.86,-131.7,24064,R20MZ_FZ_50_filtered
25,12,0,-50.25,7.294,826.952,3.86,-132.22,24117,R20MZ_FZ_50_filtered
25,12,0,-50.25,-3.433,834.141,-5.59,106.19,24835,R20MZ_FZ_50_filtered
25,12,0,-50.24,10.764,825.202,2.42,-134.23,23943,R20MZ_FZ_50_filtered
25,12,-0,-50.23,-2.332,829.362,-6.7,96.14,24358,R20MZ_FZ_50_filtered
25,12,0,-50.22,-7.522,833.122,0.93,125.43,24733,R20MZ_FZ_50_filtered
25,12,0,-50.21,-3.041,829.542,-8.6,111.02,24376,R20MZ_FZ_50_filtered
25,12,0,-50.2,-10.295,831.352,-1.82,128.32,24557,R20MZ_FZ_50_filtered
25,12,0,-50.19,-7.001,830.532,-2.97,129.27,24475,R20MZ_FZ_50_filtered
25,12,0,-50.19,-10.724,831.462,-1.51,128.01,24568,R20MZ_FZ_50_filtered
25,12,0,-50.18,-4.317,833.922,-6.11,116.14,24813,R20MZ_FZ_50_filtered
25,12,0,-50.16,9.589,826.372,3.49,-133.11,24059,R20MZ_FZ_50_filtered
25,12,0,-50.14,-7.573,830.672,-3.32,127.75,24489,R20MZ_FZ_50_filtered
25,12,0,-50.14,-11.201,831.582,-1.52,127.29,24580,R20MZ_FZ_50_filtered
25,12,0,-50.14,-6.719,833.322,0.14,127.39,24753,R20MZ_FZ_50_filtered
25,12,0,-50.12,-9.465,832.632,1.09,127.72,24684,R20MZ_FZ_50_filtered
25,12,0,-50.09,-12.042,831.942,-10.04,125.61,24615,R20MZ_FZ_50_filtered
25,12,0,-50.08,-1.898,829.252,-5.14,86.66,24347,R20MZ_FZ_50_filtered
25,12,0,-50.08,-2.967,834.261,-3.07,97.83,24847,R20MZ_FZ_50_filtered
25,12,0,-50.07,12.141,825.712,2.13,-133.13,23993,R20MZ_FZ_50_filtered
25,12,0,-50.06,2.119,828.242,5.1,-79.92,24246,R20MZ_FZ_50_filtered
25,12,0,-50.05,12.165,825.672,9.74,-133,23989,R20MZ_FZ_50_filtered
25,12,0,-50.05,-4.414,829.882,-4.55,125.43,24410,R20MZ_FZ_50_filtered
25,12,0,-50.04,-7.131,833.212,-6.41,127.44,24742,R20MZ_FZ_50_filtered
25,12,0,-50.03,-7.984,833.002,-6.26,126.19,24721,R20MZ_FZ_50_filtered
25,12,0,-50.02,6.094,824.032,4.15,-128.01,23826,R20MZ_FZ_50_filtered
25,12,0,-50.02,6.611,827.122,3.33,-128.27,24134,R20MZ_FZ_50_filtered
25,12,0,-50.02,6.378,827.182,4.72,-128.44,24140,R20MZ_FZ_50_filtered
25,12,-0,-50.02,5.908,827.302,2.96,-126.89,24152,R20MZ_FZ_50_filtered
25,12,-0,-49.99,11.253,825.322,2.53,-134.34,23955,R20MZ_FZ_50_filtered
25,12,0,-49.99,-7.129,830.562,-3.45,128.39,24478,R20MZ_FZ_50_filtered
25,12,0,-49.98,-6.223,833.442,-5.35,126.84,24765,R20MZ_FZ_50_filtered
25,12,0,-49.97,-8.857,830.992,-2.06,128.66,24521,R20MZ_FZ_50_filtered
25,12,0,-49.97,-9.819,831.232,-2.45,128.96,24545,R20MZ_FZ_50_filtered
25,12,0,-49.97,-12.092,831.822,10.66,126.32,24603,R20MZ_FZ_50_filtered
25,12,0,-49.97,-4.766,833.812,-1.83,118.89,24802,R20MZ_FZ_50_filtered
25,12,0,-49.96,11.442,825.902,12.57,-134.53,24012,R20MZ_FZ_50_filtered
25,12,0,-49.96,-6.526,830.412,-3.07,128.96,24463,R20MZ_FZ_50_filtered
25,12,0,-49.95,5.686,827.352,3.48,-125.39,24157,R20MZ_FZ_50_filtered
25,12,0,-49.94,10.941,825.242,0.37,-132.36,23947,R20MZ_FZ_50_filtered
25,12,0,-49.94,7.774,826.832,2.67,-131.59,24105,R20MZ_FZ_50_filtered
25,12,0,-49.92,-10.828,832.302,6.29,126.04,24651,R20MZ_FZ_50_filtered
25,12,0,-49.91,6.296,824.082,3.24,-125.81,23831,R20MZ_FZ_50_filtered
25,12,0,-49.91,-9.334,831.112,-2.05,129.26,24533,R20MZ_FZ_50_filtered
25,12,0,-49.91,-6.597,833.352,-0.22,125.71,24756,R20MZ_FZ_50_filtered
25,12,0,-49.9,-3.394,834.151,-6.27,105.14,24836,R20MZ_FZ_50_filtered
25,12,0,-49.86,-12.039,831.952,-7.64,123.87,24616,R20MZ_FZ_50_filtered
25,12,0,-49.85,2.082,828.252,5.34,-79.78,24247,R20MZ_FZ_50_filtered
25,12,0,-49.84,-8.967,831.022,-2.62,126.92,24524,R20MZ_FZ_50_filtered
25,12,-0,-49.83,-4.401,833.901,-5.03,116.93,24811,R20MZ_FZ_50_filtered
25,12,0,-49.82,3.298,823.332,5.24,-104.58,23756,R20MZ_FZ_50_filtered
25,12,0,-49.8,-3.902,834.031,-3.18,111.49,24824,R20MZ_FZ_50_filtered
25,12,0,-49.78,10,825.012,1.16,-130.48,23924,R20MZ_FZ_50_filtered
25,12,0,-49.77,-11.826,832.052,26.76,125.82,24626,R20MZ_FZ_50_filtered
25,12,0,-49.76,-12.092,831.832,7.04,125.55,24604,R20MZ_FZ_50_filtered
25,12,0,-49.76,-8.566,832.862,2.94,128.02,24707,R20MZ_FZ_50_filtered
25,12,0,-49.76,-2.521,834.372,-5.52,89.27,24858,R20MZ_FZ_50_filtered
25,12,0,-49.74,8.403,824.612,3.32,-131.88,23884,R20MZ_FZ_50_filtered
25,12,0,-49.74,4.977,827.532,2.38,-122.1,24175,R20MZ_FZ_50_filtered
25,12,0,-49.73,-9.454,831.142,-2.42,126.68,24536,R20MZ_FZ_50_filtered
25,12,0,-49.72,-9.946,832.512,-4.36,128.38,24672,R20MZ_FZ_50_filtered
25,12,0,-49.71,3.574,827.882,5.73,-106.65,24210,R20MZ_FZ_50_filtered
25,12,0,-49.7,-12.102,831.812,13.22,126.34,24602,R20MZ_FZ_50_filtered
25,12,0,-49.69,-1.681,829.192,-0.59,80.79,24341,R20MZ_FZ_50_filtered
25,12,0,-49.69,-3.691,829.702,-2.27,120.13,24392,R20MZ_FZ_50_filtered
25,12,0,-49.68,3.099,828.002,2.57,-99.6,24222,R20MZ_FZ_50_filtered
25,12,0,-49.68,-3.973,829.772,-7.13,122.29,24399,R20MZ_FZ_50_filtered
25,12,0,-49.68,-10.25,831.342,-1.53,128.4,24556,R20MZ_FZ_50_filtered
25,12,0,-49.67,-2.785,829.472,-1.81,106.02,24369,R20MZ_FZ_50_filtered
25,12,0,-49.67,-10.278,832.422,-7.5,125.78,24663,R20MZ_FZ_50_filtered
25,12,0,-49.66,10.283,825.082,2.95,-132.81,23931,R20MZ_FZ_50_filtered
25,12,0,-49.66,-7.931,830.762,-2.67,130.4,24498,R20MZ_FZ_50_filtered
25,12,0,-49.66,-9.899,831.252,-2.31,126.84,24547,R20MZ_FZ_50_filtered
25,12,0,-49.65,7.014,824.262,4.05,-129.57,23849,R20MZ_FZ_50_filtered
25,12,0,-49.65,9.811,824.962,2.69,-132.18,23919,R20MZ_FZ_50_filtered
25,12,0,-49.64,-2.119,829.312,-9.6,92.88,24353,R20MZ_FZ_50_filtered
25,12,0,-49.64,-7.447,830.642,-2.67,128.82,24486,R20MZ_FZ_50_filtered
25,12,0,-49.6,-9.776,831.222,-1.66,128.2,24544,R20MZ_FZ_50_filtered
25,12,0,-49.59,-5.811,833.552,-1.77,124.97,24776,R20MZ_FZ_50_filtered
25,12,-0,-49.59,-5.669,833.582,-1.55,123.13,24779,R20MZ_FZ_50_filtered
25,12,0,-49.58,-10.397,832.392,-2,126.18,24660,R20MZ_FZ_50_filtered
25,12,0,-49.56,11.415,825.362,0.71,-130.63,23959,R20MZ_FZ_50_filtered
25,12,0,-49.56,-8.431,832.892,-0.37,124.78,24710,R20MZ_FZ_50_filtered
25,12,0,-49.55,-4.161,829.822,-6.01,123.05,24404,R20MZ_FZ_50_filtered
25,12,0,-49.54,4.445,823.622,1.9,-117.13,23785,R20MZ_FZ_50_filtered
25,12,-0,-49.54,3.417,827.922,2.48,-105.47,24214,R20MZ_FZ_50_filtered
25,12,0,-49.53,-6.103,833.471,-7.16,123.41,24768,R20MZ_FZ_50_filtered
25,12,0,-49.51,5.37,823.852,3,-121.92,23808,R20MZ_FZ_50_filtered
25,12,0,-49.51,-3.931,834.021,-3.85,111.45,24823,R20MZ_FZ_50_filtered
25,12,0,-49.49,10.818,826.072,-4.68,-130.3,24029,R20MZ_FZ_50_filtered
25,12,0,-49.48,2.644,828.122,2.84,-90.62,24234,R20MZ_FZ_50_filtered
25,12,0,-49.47,12.2,825.552,-9.06,-132.94,23977,R20MZ_FZ_50_filtered
25,12,0,-49.44,-10.905,832.282,3.63,126.94,24649,R20MZ_FZ_50_filtered
25,12,0,-49.43,2.689,823.182,2.62,-96.06,23741,R20MZ_FZ_50_filtered
25,12,0,-49.43,-8.905,832.772,-4.51,125.56,24698,R20MZ_FZ_50_filtered
25,12,0,-49.41,4.695,823.682,4.77,-119.64,23791,R20MZ_FZ_50_filtered
25,12,0,-49.4,-1.115,829.062,-8.99,59.23,24328,R20MZ_FZ_50_filtered
25,12,0,-49.4,-3,834.252,-2.79,98.15,24846,R20MZ_FZ_50_filtered
25,12,0,-49.39,-11.72,832.072,13.65,124.18,24628,R20MZ_FZ_50_filtered
25,12,0,-49.38,-9.322,832.662,-3.67,124.01,24687,R20MZ_FZ_50_filtered
25,12,0,-49.35,-2.285,829.352,-6.94,95.18,24357,R20MZ_FZ_50_filtered
25,12,0,-49.35,-5.77,830.222,-4.75,126.47,24444,R20MZ_FZ_50_filtered
25,12,0,-49.34,-11.658,831.692,0.05,127.54,24591,R20MZ_FZ_50_filtered
25,12,0,-49.34,-0.658,834.841,-0.27,32.23,24905,R20MZ_FZ_50_filtered
25,12,0,-49.32,6.527,824.142,4.73,-128.15,23837,R20MZ_FZ_50_filtered
25,12,0,-49.32,-11.738,831.722,4.54,126.33,24594,R20MZ_FZ_50_filtered
25,12,0,-49.32,-4.885,833.781,-2.78,119.84,24799,R20MZ_FZ_50_filtered
25,12,0,-49.3,4.766,827.582,3.56,-119.76,24180,R20MZ_FZ_50_filtered
25,12,0,-49.29,5.464,827.412,6.05,-124.11,24163,R20MZ_FZ_50_filtered
25,12,0,-49.29,-5.2,833.702,-6.49,119.72,24791,R20MZ_FZ_50_filtered
25,12,-0,-49.28,10.105,826.252,1.32,-131.69,24047,R20MZ_FZ_50_filtered
25,12,0,-49.28,-11.168,831.572,-1.25,126.98,24579,R20MZ_FZ_50_filtered
25,12,0,-49.26,7.522,826.892,4.13,-128.48,24111,R20MZ_FZ_50_filtered
25,12,0,-49.25,-11.295,832.162,-12.88,124.97,24637,R20MZ_FZ_50_filtered
25,12,0,-49.24,-8.383,830.872,-2.3,128.68,24509,R20MZ_FZ_50_filtered
25,12,0,-49.23,8.264,826.712,3.94,-130.03,24093,R20MZ_FZ_50_filtered
25,12,0,-49.23,-2.916,834.271,-3.28,96.13,24848,R20MZ_FZ_50_filtered
25,12,0,-49.22,8.617,824.662,1.26,-129.21,23889,R20MZ_FZ_50_filtered
25,12,0,-49.22,-9.017,832.742,-6.72,127.44,24695,R20MZ_FZ_50_filtered
25,12,0,-49.2,-5.3,833.672,-4.81,122.95,24788,R20MZ_FZ_50_filtered
25,12,0,-49.19,-10.941,832.272,1.72,125.57,24648,R20MZ_FZ_50_filtered
25,12,0,-49.18,-3.545,829.662,-3.5,118.32,24388,R20MZ_FZ_50_filtered
25,12,0,-49.17,11.836,825.482,-10.83,-129.97,23971,R20MZ_FZ_50_filtered
25,12,0,-49.17,-6.269,833.432,-4.3,125.6,24764,R20MZ_FZ_50_filtered
25,12,0,-49.16,-1.071,829.052,-8.9,57.18,24327,R20MZ_FZ_50_filtered
25,12,0,-49.16,-4.285,833.932,-6.6,114.61,24814,R20MZ_FZ_50_filtered
25,12,0,-49.14,3.872,827.812,3.67,-111.08,24203,R20MZ_FZ_50_filtered
25,12,0,-49.14,-12.041,831.932,-11.42,125.75,24614,R20MZ_FZ_50_filtered
25,12,0,-49.11,10.543,826.132,3.42,-132.33,24035,R20MZ_FZ_50_filtered
25,12,0,-49.11,-5.572,830.172,-1.99,128.83,24439,R20MZ_FZ_50_filtered
25,12,0,-49.1,-3.477,834.132,-5.04,106.35,24834,R20MZ_FZ_50_filtered
25,12,0,-49.07,7.701,824.432,1.78,-127.98,23866,R20MZ_FZ_50_filtered
25,12,0,-49.07,6.855,827.062,2.04,-129.07,24128,R20MZ_FZ_50_filtered
25,12,0,-49.06,6.767,824.202,2.13,-125.21,23843,R20MZ_FZ_50_filtered
25,12,0,-49.06,-11.326,831.612,-2.27,125.14,24583,R20MZ_FZ_50_filtered
25,12,0,-49.05,2.744,823.202,3.95,-96.39,23743,R20MZ_FZ_50_filtered
25,12,0,-49.04,4.191,823.562,7.27,-114.82,23779,R20MZ_FZ_50_filtered
25,12,0,-49.04,-2.575,834.362,-4.84,89.58,24857,R20MZ_FZ_50_filtered
25,12,0,-49.03,12.18,825.602,-4.89,-130.28,23982,R20MZ_FZ_50_filtered
25,12,0,-49.03,-8.084,830.802,-3.28,125.9,24502,R20MZ_FZ_50_filtered
25,12,0,-49.03,-0.706,834.831,0.05,34.2,24904,R20MZ_FZ_50_filtered
25,12,0,-49.01,4.538,827.642,6.35,-116.71,24186,R20MZ_FZ_50_filtered
25,12,0,-49.01,-2.621,829.432,-2.28,103.42,24365,R20MZ_FZ_50_filtered
25,12,-0,-49.01,-11.869,832.042,30.59,124.95,24625,R20MZ_FZ_50_filtered
25,12,-0,-49.01,-3.047,834.242,-3.48,98.48,24845,R20MZ_FZ_50_filtered
25,12,0,-48.98,-10.785,832.312,6.54,124.38,24652,R20MZ_FZ_50_filtered
25,12,0,-48.97,11.694,825.432,2.25,-132.5,23966,R20MZ_FZ_50_filtered
25,12,0,-48.96,-6.699,830.452,-4.09,126.99,24467,R20MZ_FZ_50_filtered
25,12,0,-48.91,4.007,823.512,7.54,-111.9,23774,R20MZ_FZ_50_filtered
25,12,0,-48.9,-5.091,830.052,-4.53,127.27,24427,R20MZ_FZ_50_filtered
25,12,0,-48.9,-8.61,832.852,3.51,126.37,24706,R20MZ_FZ_50_filtered
25,12,0,-48.89,-1.153,834.711,-3.15,53.19,24892,R20MZ_FZ_50_filtered
25,12,0,-48.88,4.065,827.762,1.96,-113.01,24198,R20MZ_FZ_50_filtered
25,12,0,-48.88,-1.483,829.142,-1.87,73.75,24336,R20MZ_FZ_50_filtered
25,12,-0,-48.86,-3.36,834.161,-6.44,103.3,24837,R20MZ_FZ_50_filtered
25,12,0,-48.84,9.088,824.782,1.47,-127.84,23901,R20MZ_FZ_50_filtered
25,12,0,-48.84,11.21,825.312,2.92,-132.02,23954,R20MZ_FZ_50_filtered
25,12,0,-48.83,3.248,823.322,6.52,-102.38,23755,R20MZ_FZ_50_filtered
25,12,0,-48.83,-8.814,830.982,-1.93,127.46,24520,R20MZ_FZ_50_filtered
25,12,0,-48.82,7.931,824.492,3.91,-130.16,23872,R20MZ_FZ_50_filtered
25,12,0,-48.82,-12.085,831.842,3.32,124.05,24605,R20MZ_FZ_50_filtered
25,12,0,-48.81,11.968,825.782,-20.89,-132.97,24000,R20MZ_FZ_50_filtered
25,12,0,-48.8,9.645,826.362,2.17,-130.79,24058,R20MZ_FZ_50_filtered
25,12,0,-48.8,1.643,828.372,-2.39,-68.31,24259,R20MZ_FZ_50_filtered
25,12,0,-48.8,-10.228,832.432,-8.12,124.39,24664,R20MZ_FZ_50_filtered
25,12,-0,-48.79,11.703,825.842,-2.29,-128.86,24006,R20MZ_FZ_50_filtered
25,12,0,-48.79,-12.048,831.962,-4.99,122.48,24617,R20MZ_FZ_50_filtered
25,12,0,-48.78,-7.614,830.682,-3.59,126.35,24490,R20MZ_FZ_50_filtered
25,12,0,-48.76,-10.691,831.452,-1.2,127.58,24567,R20MZ_FZ_50_filtered
25,12,0,-48.76,-1.586,834.602,-4.14,66.65,24881,R20MZ_FZ_50_filtered
25,12,0,-48.75,1.166,828.482,3.7,-54.61,24270,R20MZ_FZ_50_filtered
25,12,0,-48.74,-6.247,830.342,-3.67,126.09,24456,R20MZ_FZ_50_filtered
25,12,0,-48.73,-3.961,834.012,-3.88,110.84,24822,R20MZ_FZ_50_filtered
25,12,0,-48.73,-1.116,834.721,-3.65,51.91,24893,R20MZ_FZ_50_filtered
25,12,0,-48.72,2.499,828.152,0.08,-87.36,24237,R20MZ_FZ_50_filtered
25,12,0,-48.72,-0.745,834.821,0.85,36.22,24903,R20MZ_FZ_50_filtered
25,12,0,-48.71,-6.973,830.522,-2.62,128.51,24474,R20MZ_FZ_50_filtered
25,12,0,-48.7,-8.875,832.782,-3.86,124.52,24699,R20MZ_FZ_50_filtered
25,12,0,-48.69,-9.733,831.212,-1.14,127.16,24543,R20MZ_FZ_50_filtered
25,12,0,-48.68,7.324,826.942,4.87,-129.9,24116,R20MZ_FZ_50_filtered
25,12,0,-48.68,3.148,827.992,1.97,-98.67,24221,R20MZ_FZ_50_filtered
25,12,0,-48.67,-6.759,833.312,-0.09,125.86,24752,R20MZ_FZ_50_filtered
25,12,0,-48.66,-4.61,829.932,-2.17,126.32,24415,R20MZ_FZ_50_filtered
25,12,0,-48.63,-9.009,831.032,-3.11,125.76,24525,R20MZ_FZ_50_filtered
25,12,0,-48.62,3.584,823.402,0.6,-107.52,23763,R20MZ_FZ_50_filtered
25,12,0,-48.62,-9.94,831.262,-2.81,125.11,24548,R20MZ_FZ_50_filtered
25,12,0,-48.6,12.122,825.722,-2.33,-128.89,23994,R20MZ_FZ_50_filtered
25,12,0,-48.59,-7.472,833.132,-0.03,123.89,24734,R20MZ_FZ_50_filtered
25,12,0,-48.58,5.144,823.792,3.9,-121.35,23802,R20MZ_FZ_50_filtered
25,12,0,-48.58,-11.651,832.082,7,122.77,24629,R20MZ_FZ_50_filtered
25,12,0,-48.57,9.336,824.842,2.77,-130.8,23907,R20MZ_FZ_50_filtered
25,12,0,-48.57,-3.085,829.552,-8.45,110.98,24377,R20MZ_FZ_50_filtered
25,12,0,-48.56,-9.287,831.102,-1.81,128.15,24532,R20MZ_FZ_50_filtered
25,12,-0,-48.56,-8.13,832.962,-6.17,126.09,24717,R20MZ_FZ_50_filtered
25,12,0,-48.56,-5.344,833.661,-3.65,122.52,24787,R20MZ_FZ_50_filtered
25,12,0,-48.55,2.72,823.192,3.15,-95.75,23742,R20MZ_FZ_50_filtered
25,12,0,-48.55,2.052,828.262,5.35,-78.49,24248,R20MZ_FZ_50_filtered
25,12,0,-48.55,-9.814,832.552,1.02,123.7,24676,R20MZ_FZ_50_filtered
25,12,0,-48.53,10.479,825.132,1.23,-129.26,23936,R20MZ_FZ_50_filtered
25,12,0,-48.52,-7.902,830.752,-2.04,128.98,24497,R20MZ_FZ_50_filtered
25,12,0,-48.5,7.055,827.012,-1.18,-126.39,24123,R20MZ_FZ_50_filtered
25,12,0,-48.48,-4.882,830.002,-5.68,126.08,24422,R20MZ_FZ_50_filtered
25,12,0,-48.47,-11.324,832.152,-14.43,124.04,24636,R20MZ_FZ_50_filtered
25,12,0,-48.45,-9.517,832.622,2.89,127.09,24683,R20MZ_FZ_50_filtered
25,12,0,-48.44,3.13,823.292,7.74,-101.61,23752,R20MZ_FZ_50_filtered
25,12,0,-48.44,1.216,828.472,3.35,-55.23,24269,R20MZ_FZ_50_filtered
25,12,0,-48.43,9.864,826.312,-3.67,-129.08,24053,R20MZ_FZ_50_filtered
25,12,0,-48.42,-3.648,829.692,-2.2,119.54,24391,R20MZ_FZ_50_filtered
25,12,0,-48.4,7.824,826.822,2.03,-128.58,24104,R20MZ_FZ_50_filtered
25,12,0,-48.4,-2.737,829.462,-1.56,105.09,24368,R20MZ_FZ_50_filtered
25,12,0,-48.37,-4.123,829.812,-6.54,122.94,24403,R20MZ_FZ_50_filtered
25,12,0,-48.37,-11.613,831.682,-0.9,126.03,24590,R20MZ_FZ_50_filtered
25,12,0,-48.36,-0.66,828.942,-0.73,36.57,24316,R20MZ_FZ_50_filtered
25,12,0,-48.35,-11.772,831.732,8.99,124.68,24595,R20MZ_FZ_50_filtered
25,12,0,-48.34,-3.589,829.672,-2.89,118.47,24389,R20MZ_FZ_50_filtered
25,12,0,-48.33,11.488,825.892,11.25,-131.55,24011,R20MZ_FZ_50_filtered
25,12,0,-48.33,-1.167,829.072,-9.12,60.6,24329,R20MZ_FZ_50_filtered
25,12,-0,-48.3,4.947,823.742,4.4,-117.71,23797,R20MZ_FZ_50_filtered
25,12,0,-48.3,2.686,828.112,3.77,-89.98,24233,R20MZ_FZ_50_filtered
25,12,0,-48.26,3.733,823.442,3.52,-108.27,23767,R20MZ_FZ_50_filtered
25,12,0,-48.26,8.73,826.592,1.78,-129.42,24081,R20MZ_FZ_50_filtered
25,12,0,-48.26,-9.976,832.502,-4.57,126.7,24671,R20MZ_FZ_50_filtered
25,12,0,-48.26,-1.092,834.732,-3.4,50.22,24894,R20MZ_FZ_50_filtered
25,12,0,-48.25,5.858,823.972,2.25,-121.15,23820,R20MZ_FZ_50_filtered
25,12,0,-48.24,5.023,827.522,2.05,-120.06,24174,R20MZ_FZ_50_filtered
25,12,0,-48.23,-7.674,833.082,1.83,126.92,24729,R20MZ_FZ_50_filtered
25,12,0,-48.22,-9.29,832.672,-4.87,123.11,24688,R20MZ_FZ_50_filtered
25,12,-0,-48.2,-1.712,829.202,-0.53,82.22,24342,R20MZ_FZ_50_filtered
25,12,0,-48.18,4.32,827.702,0.04,-114.66,24192,R20MZ_FZ_50_filtered
25,12,0,-48.16,-5.529,830.162,-1.65,127.75,24438,R20MZ_FZ_50_filtered
25,12,0,-48.16,-7.169,830.572,-3.31,127.18,24479,R20MZ_FZ_50_filtered
25,12,0,-48.14,2.167,828.232,4.63,-80.25,24245,R20MZ_FZ_50_filtered
25,12,0,-48.14,-10.219,831.332,-1.37,127.61,24555,R20MZ_FZ_50_filtered
25,12,0,-48.13,6.061,824.022,4.07,-124.6,23825,R20MZ_FZ_50_filtered
25,12,0,-48.12,-1.63,834.591,-3.97,67.13,24880,R20MZ_FZ_50_filtered
25,12,0,-48.11,-3.161,829.572,-8.13,111.8,24379,R20MZ_FZ_50_filtered
25,12,0,-48.11,-7.412,830.632,-1.96,128.05,24485,R20MZ_FZ_50_filtered
25,12,0,-48.11,-5.847,833.542,-2.61,123.73,24775,R20MZ_FZ_50_filtered
25,12,0,-48.1,0.277,828.712,0.13,-16.51,24293,R20MZ_FZ_50_filtered
25,12,0,-48.1,-1.847,829.242,-3.93,86.04,24346,R20MZ_FZ_50_filtered
25,12,0,-48.1,-4.005,829.782,-6.98,122.21,24400,R20MZ_FZ_50_filtered
25,12,0,-48.1,-5.147,833.711,-6.84,118.63,24792,R20MZ_FZ_50_filtered
25,12,0,-48.09,10.726,825.192,2.83,-131.91,23942,R20MZ_FZ_50_filtered
25,12,-0,-48.09,10.967,825.252,0.2,-128.09,23948,R20MZ_FZ_50_filtered
25,12,0,-48.09,-2.709,829.452,-1.35,104.5,24367,R20MZ_FZ_50_filtered
25,12,0,-48.08,0.733,828.592,0.32,-38.66,24281,R20MZ_FZ_50_filtered
25,12,0,-48.07,-1.553,834.612,-4.26,65.27,24882,R20MZ_FZ_50_filtered
25,12,0,-48.04,-2.004,834.502,-4.31,76.89,24871,R20MZ_FZ_50_filtered
25,12,0,-48.03,-5.045,830.042,-4.91,126.82,24426,R20MZ_FZ_50_filtered
25,12,0,-48.01,-9.497,831.152,-2.66,125.17,24537,R20MZ_FZ_50_filtered
25,12,0,-48,-2.446,834.391,-5.91,86.65,24860,R20MZ_FZ_50_filtered
25,12,0,-47.99,-3.629,829.682,-2.49,118.95,24390,R20MZ_FZ_50_filtered
25,12,0,-47.98,-3.514,834.122,-4.88,106.2,24833,R20MZ_FZ_50_filtered
25,12,0,-47.97,-5.376,830.122,-3.54,125.31,24434,R20MZ_FZ_50_filtered
25,12,0,-47.97,-6.989,833.252,-6.34,123.45,24746,R20MZ_FZ_50_filtered
25,12,0,-47.97,-6.072,833.482,-6.42,121.74,24769,R20MZ_FZ_50_filtered
25,12,0,-47.95,-2.886,834.281,-3.3,94.88,24849,R20MZ_FZ_50_filtered
25,12,0,-47.94,-11.371,831.622,-2.06,123.92,24584,R20MZ_FZ_50_filtered
25,12,0,-47.92,4.65,823.672,3.92,-116.49,23790,R20MZ_FZ_50_filtered
25,12,0,-47.91,5.951,827.292,2.78,-124.74,24151,R20MZ_FZ_50_filtered
25,12,-0,-47.91,-4.464,829.892,-3.93,124.56,24411,R20MZ_FZ_50_filtered
25,12,0,-47.89,-4.089,829.802,-6.97,122.32,24402,R20MZ_FZ_50_filtered
25,12,0,-47.89,-10.449,832.382,-0.29,124.84,24659,R20MZ_FZ_50_filtered
25,12,0,-47.87,6.895,827.052,1.26,-127.08,24127,R20MZ_FZ_50_filtered
25,12,0,-47.86,-9.05,832.732,-6.93,125.9,24694,R20MZ_FZ_50_filtered
25,12,0,-47.84,-12.077,831.852,1.22,122.18,24606,R20MZ_FZ_50_filtered
25,12,0,-47.84,-3.315,834.172,-6.08,101.45,24838,R20MZ_FZ_50_filtered
25,12,0,-47.82,2.953,828.042,3.27,-96.06,24226,R20MZ_FZ_50_filtered
25,12,0,-47.82,-5.813,830.232,-5.02,125.76,24445,R20MZ_FZ_50_filtered
25,12,0,-47.81,7.989,826.782,-2.13,-126.61,24100,R20MZ_FZ_50_filtered
25,12,0,-47.81,-0.184,828.822,-3.27,8.68,24304,R20MZ_FZ_50_filtered
25,12,0,-47.78,-8.387,832.902,-1.82,123.56,24711,R20MZ_FZ_50_filtered
25,12,-0,-47.74,-4.919,830.012,-5.89,125.18,24423,R20MZ_FZ_50_filtered
25,12,0,-47.74,-10.887,831.502,-2.38,123.11,24572,R20MZ_FZ_50_filtered
25,12,0,-47.72,-8.339,830.862,-1.65,128.19,24508,R20MZ_FZ_50_filtered
25,12,0,-47.71,6.412,827.172,5.38,-126.3,24139,R20MZ_FZ_50_filtered
25,12,0,-47.71,-0.637,828.932,-0.22,35.17,24315,R20MZ_FZ_50_filtered
25,12,0,-47.71,-2.162,829.322,-8.72,93.17,24354,R20MZ_FZ_50_filtered
25,12,0,-47.7,-3.998,834.002,-4.18,109.91,24821,R20MZ_FZ_50_filtered
25,12,0,-47.69,8.38,824.602,3.52,-128.95,23883,R20MZ_FZ_50_filtered
25,12,0,-47.68,2.006,828.272,5.53,-76.63,24249,R20MZ_FZ_50_filtered
25,12,0,-47.65,6.575,827.132,4.09,-125.16,24135,R20MZ_FZ_50_filtered
25,12,0,-47.65,-11.131,831.562,-1.46,125.76,24578,R20MZ_FZ_50_filtered
25,12,0,-47.63,-8.571,830.922,-2.79,125.63,24514,R20MZ_FZ_50_filtered
25,12,0,-47.62,3.624,827.872,6.55,-105.22,24209,R20MZ_FZ_50_filtered
25,12,0,-47.61,7.48,826.902,4.22,-125.19,24112,R20MZ_FZ_50_filtered
25,12,0,-47.61,-1.498,834.622,-4.65,63.59,24883,R20MZ_FZ_50_filtered
25,12,0,-47.6,8.165,824.552,1.75,-126.28,23878,R20MZ_FZ_50_filtered
25,12,0,-47.6,-6.938,830.512,-2.2,127.6,24473,R20MZ_FZ_50_filtered
25,12,0,-47.6,-9.981,831.272,-3.17,123.92,24549,R20MZ_FZ_50_filtered
25,12,-0,-47.57,-9.565,832.612,4.82,126.09,24682,R20MZ_FZ_50_filtered
25,12,0,-47.56,3.165,823.302,7.72,-100.38,23753,R20MZ_FZ_50_filtered
25,12,0,-47.56,10.135,826.242,2.13,-129.98,24046,R20MZ_FZ_50_filtered
25,12,0,-47.55,-11.159,832.202,-9.76,123.59,24641,R20MZ_FZ_50_filtered
25,12,0,-47.54,-10.012,832.492,-4.84,124.82,24670,R20MZ_FZ_50_filtered
25,12,0,-47.54,-3.801,834.052,-2.55,109.03,24826,R20MZ_FZ_50_filtered
25,12,0,-47.53,11.661,825.422,2.75,-130.45,23965,R20MZ_FZ_50_filtered
25,12,-0,-47.53,5.496,827.402,6.26,-121.59,24162,R20MZ_FZ_50_filtered
25,12,0,-47.53,-7.654,830.692,-3.19,125.28,24491,R20MZ_FZ_50_filtered
25,12,0,-47.53,-9.251,831.092,-1.19,127.11,24531,R20MZ_FZ_50_filtered
25,12,0,-47.52,10.234,825.072,2.95,-130.65,23930,R20MZ_FZ_50_filtered
25,12,0,-47.51,1.12,828.492,4.05,-53.37,24271,R20MZ_FZ_50_filtered
25,12,0,-47.5,11.233,825.962,5.77,-127.34,24018,R20MZ_FZ_50_filtered
25,12,0,-47.5,-10.734,832.322,7.08,122.98,24653,R20MZ_FZ_50_filtered
25,12,0,-47.49,6.979,824.252,4.35,-127.06,23848,R20MZ_FZ_50_filtered
25,12,0,-47.49,1.604,828.382,-2.76,-67.2,24260,R20MZ_FZ_50_filtered
25,12,0,-47.48,-6.725,830.462,-4.04,126.67,24468,R20MZ_FZ_50_filtered
25,12,0,-47.47,-6.002,830.282,-3.25,128.69,24450,R20MZ_FZ_50_filtered
25,12,0,-47.42,-4.567,829.922,-2.29,125.24,24414,R20MZ_FZ_50_filtered
25,12,0,-47.41,4.495,823.632,1.8,-113.53,23786,R20MZ_FZ_50_filtered
25,12,0,-47.41,11.458,825.372,1.2,-127.19,23960,R20MZ_FZ_50_filtered
25,12,0,-47.41,3.372,827.932,1.72,-102.54,24215,R20MZ_FZ_50_filtered
25,12,-0,-47.4,6.335,824.092,3.31,-122.2,23832,R20MZ_FZ_50_filtered
25,12,0,-47.4,-4.049,829.792,-7.04,122.07,24401,R20MZ_FZ_50_filtered
25,12,0,-47.4,-4.5,829.902,-3.09,124.55,24412,R20MZ_FZ_50_filtered
25,12,0,-47.39,10.769,826.082,-3.76,-127.33,24030,R20MZ_FZ_50_filtered
25,12,0,-47.39,-8.137,830.812,-3.28,124.97,24503,R20MZ_FZ_50_filtered
25,12,0,-47.38,8.4,826.672,5.01,-126.01,24089,R20MZ_FZ_50_filtered
25,12,0,-47.37,-11.912,832.032,30.38,123.97,24624,R20MZ_FZ_50_filtered
25,12,0,-47.37,-5.598,833.602,-2.15,120.18,24781,R20MZ_FZ_50_filtered
25,12,0,-47.29,-4.544,829.912,-2.77,124.83,24413,R20MZ_FZ_50_filtered
25,12,0,-47.29,-3.085,834.232,-3.53,98.45,24844,R20MZ_FZ_50_filtered
25,12,0,-47.28,-6.295,830.352,-3.33,125.75,24457,R20MZ_FZ_50_filtered
25,12,0,-47.27,4.11,827.752,1.23,-111.05,24197,R20MZ_FZ_50_filtered
25,12,0,-47.27,-0.224,828.832,-3.19,10.37,24305,R20MZ_FZ_50_filtered
25,12,0,-47.25,4.161,823.552,8.08,-111.41,23778,R20MZ_FZ_50_filtered
25,12,0,-47.25,8.284,826.702,4.56,-127.36,24092,R20MZ_FZ_50_filtered
25,12,0,-47.24,-4.93,833.772,-3.47,119.18,24798,R20MZ_FZ_50_filtered
25,12,0,-47.23,11.17,825.302,2.76,-129.66,23953,R20MZ_FZ_50_filtered
25,12,0,-47.23,4.731,827.592,4.51,-116.34,24181,R20MZ_FZ_50_filtered
25,12,0,-47.22,11.096,826.002,0.34,-129.35,24022,R20MZ_FZ_50_filtered
25,12,0,-47.22,-1.434,829.132,-2.86,72.53,24335,R20MZ_FZ_50_filtered
25,12,0,-47.22,-8.777,830.972,-1.62,126.83,24519,R20MZ_FZ_50_filtered
25,12,-0,-47.22,-9.698,831.202,-1.44,125.94,24542,R20MZ_FZ_50_filtered
25,12,0,-47.22,-6.306,833.422,-3.86,124.38,24763,R20MZ_FZ_50_filtered
25,12,0,-47.21,4.044,823.522,7.25,-109.18,23775,R20MZ_FZ_50_filtered
25,12,0,-47.21,6.11,827.252,-0.61,-123.3,24147,R20MZ_FZ_50_filtered
25,12,0,-47.19,-10.66,831.442,-0.99,126.68,24566,R20MZ_FZ_50_filtered
25,12,-0,-47.18,10.278,826.202,6.39,-127.01,24042,R20MZ_FZ_50_filtered
25,12,0,-47.18,-1.821,829.232,-2.99,85.13,24345,R20MZ_FZ_50_filtered
25,12,0,-47.18,-10.187,832.442,-8.32,123.11,24665,R20MZ_FZ_50_filtered
25,12,0,-47.18,-1.186,834.701,-2.56,54.11,24891,R20MZ_FZ_50_filtered
25,12,-0,-47.17,5.41,823.862,3.42,-118.48,23809,R20MZ_FZ_50_filtered
25,12,0,-47.16,-0.791,834.811,0.69,37.99,24902,R20MZ_FZ_50_filtered
25,12,0,-47.15,-6.524,833.372,-0.77,122.69,24758,R20MZ_FZ_50_filtered
25,12,0,-47.14,6.812,824.212,1.72,-121.77,23844,R20MZ_FZ_50_filtered
25,12,0,-47.14,-12.025,831.912,-9.82,123.91,24612,R20MZ_FZ_50_filtered
25,12,0,-47.13,0.247,828.722,-0.5,-14.44,24294,R20MZ_FZ_50_filtered
25,12,-0,-47.13,-0.976,829.032,-7.91,53.99,24325,R20MZ_FZ_50_filtered
25,12,0,-47.13,-9.047,831.042,-2.84,124.67,24526,R20MZ_FZ_50_filtered
25,12,0,-47.11,-7.855,830.742,-1.84,127.86,24496,R20MZ_FZ_50_filtered
25,12,0,-47.1,6.487,824.132,5,-125.05,23836,R20MZ_FZ_50_filtered
25,12,-0,-47.1,-10.177,831.322,-1.24,126.56,24554,R20MZ_FZ_50_filtered
25,12,0,-47.1,-10.974,832.262,-0.35,124.31,24647,R20MZ_FZ_50_filtered
25,12,0,-47.08,0.692,828.602,-1.21,-37.4,24282,R20MZ_FZ_50_filtered
25,12,0,-47.08,-9.767,832.562,2.3,122.81,24677,R20MZ_FZ_50_filtered
25,12,0,-47.07,7.734,824.442,2.25,-124.44,23867,R20MZ_FZ_50_filtered
25,12,0,-47.07,8.646,824.672,1.3,-125.15,23890,R20MZ_FZ_50_filtered
25,12,0,-47.07,-12.035,831.972,-2.73,121.59,24618,R20MZ_FZ_50_filtered
25,12,0,-47.07,-7.732,833.072,1.69,126.07,24728,R20MZ_FZ_50_filtered
25,12,0,-47.06,4.571,827.632,6.95,-114.5,24185,R20MZ_FZ_50_filtered
25,12,0,-47.06,3.828,827.822,4.16,-107.68,24204,R20MZ_FZ_50_filtered
25,12,0,-47.06,-11.568,831.672,-1.03,124.93,24589,R20MZ_FZ_50_filtered
25,12,0,-47.05,9.213,826.472,3.23,-127.65,24069,R20MZ_FZ_50_filtered
25,12,0,-47.01,7.364,826.932,5.17,-127.52,24115,R20MZ_FZ_50_filtered
25,12,0,-47.01,-5,830.032,-5.12,125.9,24425,R20MZ_FZ_50_filtered
25,12,0,-47.01,-7.91,833.022,-4.94,122.94,24723,R20MZ_FZ_50_filtered
25,12,0,-47,7.021,827.022,-1.33,-124.1,24124,R20MZ_FZ_50_filtered
25,12,0,-47,1.247,828.462,3.55,-56.05,24268,R20MZ_FZ_50_filtered
25,12,0,-46.99,1.764,828.342,1.05,-69.33,24256,R20MZ_FZ_50_filtered
25,12,0,-46.98,9.694,826.352,0.88,-128.26,24057,R20MZ_FZ_50_filtered
25,12,0,-46.98,-8.852,832.792,-2.08,123.74,24700,R20MZ_FZ_50_filtered
25,12,0,-46.97,-4.471,833.882,-4.23,115.51,24809,R20MZ_FZ_50_filtered
25,12,0,-46.96,5.092,823.782,3.8,-118.05,23801,R20MZ_FZ_50_filtered
25,12,0,-46.94,0.351,828.692,0.87,-19.75,24291,R20MZ_FZ_50_filtered
25,12,0,-46.92,2.728,828.102,4.59,-89.65,24232,R20MZ_FZ_50_filtered
25,12,0,-46.92,-2.206,829.332,-8.16,93.98,24355,R20MZ_FZ_50_filtered
25,12,0,-46.92,-7.437,833.142,-0.43,123.31,24735,R20MZ_FZ_50_filtered
25,12,0,-46.91,-1.779,829.222,-2.29,84.68,24344,R20MZ_FZ_50_filtered
25,12,0,-46.91,-6.456,830.392,-2.25,127.8,24461,R20MZ_FZ_50_filtered
25,12,-0,-46.9,-0.698,828.952,-2.02,38.32,24317,R20MZ_FZ_50_filtered
25,12,0,-46.9,-3.553,834.112,-3.9,105.56,24832,R20MZ_FZ_50_filtered
25,12,0,-46.87,-1.968,834.511,-4.1,75.5,24872,R20MZ_FZ_50_filtered
25,12,0,-46.86,-9.534,831.162,-3,124.09,24538,R20MZ_FZ_50_filtered
25,12,0,-46.86,-5.887,833.531,-2.52,122.8,24774,R20MZ_FZ_50_filtered
25,12,-0,-46.85,3.692,823.432,3.03,-105.76,23766,R20MZ_FZ_50_filtered
25,12,0,-46.82,12.012,825.772,-19.45,-130.27,23999,R20MZ_FZ_50_filtered
25,12,0,-46.81,10.688,825.182,2.52,-128.89,23941,R20MZ_FZ_50_filtered
25,12,0,-46.81,-8.647,832.842,3.74,124.98,24705,R20MZ_FZ_50_filtered
25,12,-0,-46.77,8.768,826.582,0.81,-127,24080,R20MZ_FZ_50_filtered
25,12,0,-46.72,-4.685,833.832,-2.09,116.46,24804,R20MZ_FZ_50_filtered
25,12,0,-46.71,-11.369,832.142,-14.09,123.13,24635,R20MZ_FZ_50_filtered
25,12,0,-46.71,-9.078,832.722,-6.97,125.43,24693,R20MZ_FZ_50_filtered
25,12,0,-46.69,2.913,828.052,3.21,-93.2,24227,R20MZ_FZ_50_filtered
25,12,0,-46.68,6.946,827.042,0.44,-124.89,24126,R20MZ_FZ_50_filtered
25,12,0,-46.68,-9.247,832.682,-5.6,123.07,24689,R20MZ_FZ_50_filtered
25,12,0,-46.67,7.413,824.362,4.03,-125.99,23859,R20MZ_FZ_50_filtered
25,12,0,-46.67,-5.423,830.132,-2.89,125.12,24435,R20MZ_FZ_50_filtered
25,12,0,-46.67,-5.505,830.152,-1.93,126.82,24437,R20MZ_FZ_50_filtered
25,12,0,-46.66,-10.611,831.432,-0.8,125.9,24565,R20MZ_FZ_50_filtered
25,12,0,-46.65,-8.614,830.932,-2.41,125.13,24515,R20MZ_FZ_50_filtered
25,12,0,-46.63,-8.296,830.852,-1.79,127.46,24507,R20MZ_FZ_50_filtered
25,12,0,-46.62,9.289,824.832,3.11,-127.96,23906,R20MZ_FZ_50_filtered
25,12,0,-46.62,-0.595,828.922,0.38,32.83,24314,R20MZ_FZ_50_filtered
25,12,0,-46.61,6.531,827.142,4.77,-123.03,24136,R20MZ_FZ_50_filtered
25,12,-0,-46.6,6.449,827.162,5.31,-124.53,24138,R20MZ_FZ_50_filtered
25,12,0,-46.6,5.978,827.282,2.09,-123.01,24150,R20MZ_FZ_50_filtered
25,12,0,-46.6,-8.177,830.822,-2.96,124.99,24504,R20MZ_FZ_50_filtered
25,12,0,-46.6,-8.745,830.962,-1.65,126.22,24518,R20MZ_FZ_50_filtered
25,12,0,-46.59,5.063,827.512,1.68,-118.06,24173,R20MZ_FZ_50_filtered
25,12,0,-46.58,-9.218,831.082,-1.42,126.36,24530,R20MZ_FZ_50_filtered
25,12,0,-46.58,-1.05,834.742,-3.49,47.94,24895,R20MZ_FZ_50_filtered
25,12,0,-46.57,-4.97,830.022,-5.53,125.6,24424,R20MZ_FZ_50_filtered
25,12,0,-46.57,-4.959,833.762,-3.54,118.62,24797,R20MZ_FZ_50_filtered
25,12,0,-46.56,-11.117,832.212,-8.02,123.3,24642,R20MZ_FZ_50_filtered
25,12,0,-46.54,10.172,826.232,3.05,-127.74,24045,R20MZ_FZ_50_filtered
25,12,0,-46.54,2.204,828.222,4.34,-79.78,24244,R20MZ_FZ_50_filtered
25,12,0,-46.54,-10.496,832.372,1.13,123.27,24658,R20MZ_FZ_50_filtered
25,12,0,-46.54,-3.771,834.062,-2.64,107.33,24827,R20MZ_FZ_50_filtered
25,12,0,-46.52,11.858,825.492,-14.01,-126.23,23972,R20MZ_FZ_50_filtered
25,12,0,-46.52,12.187,825.612,-3.55,-126.54,23983,R20MZ_FZ_50_filtered
25,12,-0,-46.51,3.182,827.982,2.02,-97.85,24220,R20MZ_FZ_50_filtered
25,12,0,-46.5,8.802,824.712,3.58,-128.14,23894,R20MZ_FZ_50_filtered
25,12,0,-46.48,8.215,824.562,2.24,-123.35,23879,R20MZ_FZ_50_filtered
25,12,0,-46.48,7.855,826.812,0.84,-125.98,24103,R20MZ_FZ_50_filtered
25,12,0,-46.46,5.192,827.482,0.27,-118.79,24170,R20MZ_FZ_50_filtered
25,12,0,-46.46,-11.004,832.252,-1.51,123.56,24646,R20MZ_FZ_50_filtered
25,12,0,-46.45,2.462,828.162,-0.29,-84.83,24238,R20MZ_FZ_50_filtered
25,12,0,-46.44,-7.258,830.592,-3.04,125.93,24481,R20MZ_FZ_50_filtered
25,12,0,-46.43,10.207,825.062,2.89,-127.71,23929,R20MZ_FZ_50_filtered
25,12,0,-46.43,11.51,825.882,8.71,-128.77,24010,R20MZ_FZ_50_filtered
25,12,0,-46.43,-4.035,833.992,-4.34,109.61,24820,R20MZ_FZ_50_filtered
25,12,0,-46.43,-2.164,834.461,-2.22,79.83,24867,R20MZ_FZ_50_filtered
25,12,0,-46.41,-0.127,828.812,-2.06,6.29,24303,R20MZ_FZ_50_filtered
25,12,0,-46.39,9.244,826.462,4.08,-126.08,24068,R20MZ_FZ_50_filtered
25,12,0,-46.38,9.33,826.442,5.5,-125.65,24066,R20MZ_FZ_50_filtered
25,12,0,-46.38,-11.807,831.782,12.18,123.08,24600,R20MZ_FZ_50_filtered
25,12,0,-46.38,-7.764,833.062,0.33,125.29,24727,R20MZ_FZ_50_filtered
25,12,0,-46.37,8.855,826.562,-1.99,-124.84,24078,R20MZ_FZ_50_filtered
25,12,0,-46.36,10.636,826.112,0.05,-127.67,24033,R20MZ_FZ_50_filtered
25,12,0,-46.36,-8.34,832.912,-2.61,122.79,24712,R20MZ_FZ_50_filtered
25,12,0,-46.35,-5.849,830.242,-4.68,125.79,24446,R20MZ_FZ_50_filtered
25,12,0,-46.34,7.419,826.922,5.28,-125.21,24114,R20MZ_FZ_50_filtered
25,12,0,-46.34,-11.089,831.552,-0.85,125.28,24577,R20MZ_FZ_50_filtered
25,12,0,-46.33,7.294,824.332,2.41,-122.24,23856,R20MZ_FZ_50_filtered
25,12,-0,-46.3,5.533,823.892,5.8,-118.79,23812,R20MZ_FZ_50_filtered
25,12,-0,-46.29,-1.201,829.082,-8.15,62.53,24330,R20MZ_FZ_50_filtered
25,12,0,-46.29,-5.459,830.142,-2.48,125.75,24436,R20MZ_FZ_50_filtered
25,12,0,-46.28,5.895,823.982,2.11,-117.86,23821,R20MZ_FZ_50_filtered
25,12,0,-46.28,-10.062,832.482,-6.42,123.77,24669,R20MZ_FZ_50_filtered
25,12,-0,-46.27,9.82,826.322,-2.9,-126.38,24054,R20MZ_FZ_50_filtered
25,12,0,-46.26,-11.53,831.662,-0.95,124.04,24588,R20MZ_FZ_50_filtered
25,12,0,-46.26,-9.61,832.602,6.34,124.84,24681,R20MZ_FZ_50_filtered
25,12,0,-46.23,8.337,826.692,4.82,-125.79,24091,R20MZ_FZ_50_filtered
25,12,0,-46.23,-6.772,830.472,-3.57,126.09,24469,R20MZ_FZ_50_filtered
25,12,-0,-46.22,-6.413,830.382,-2.39,127.04,24460,R20MZ_FZ_50_filtered
25,12,0,-46.2,3.655,823.422,1.79,-104.73,23765,R20MZ_FZ_50_filtered
25,12,0,-46.19,6.855,824.222,2.6,-120.69,23845,R20MZ_FZ_50_filtered
25,12,0,-46.18,9.131,824.792,1.32,-124.21,23902,R20MZ_FZ_50_filtered
25,12,0,-46.18,6.981,827.032,-0.63,-123.78,24125,R20MZ_FZ_50_filtered
25,12,0,-46.18,4.283,827.712,-0.19,-111.52,24193,R20MZ_FZ_50_filtered
25,12,0,-46.16,4.117,823.542,8.35,-108.75,23777,R20MZ_FZ_50_filtered
25,12,0,-46.16,8.816,826.572,-0.92,-125.36,24079,R20MZ_FZ_50_filtered
25,12,0,-46.14,8.327,824.592,3.45,-125.97,23882,R20MZ_FZ_50_filtered
25,12,0,-46.13,12.119,825.732,-6.52,-125.28,23995,R20MZ_FZ_50_filtered
25,12,0,-46.12,12.165,825.652,7.46,-127.5,23987,R20MZ_FZ_50_filtered
25,12,0,-46.12,0.658,828.612,-1.78,-35.5,24283,R20MZ_FZ_50_filtered
25,12,0,-46.12,-2.641,834.341,-4,89.49,24855,R20MZ_FZ_50_filtered
25,12,0,-46.11,7.94,826.792,-1.51,-124.06,24101,R20MZ_FZ_50_filtered
25,12,0,-46.11,-8.246,830.842,-1.92,126.88,24506,R20MZ_FZ_50_filtered
25,12,0,-46.11,-12.062,831.862,-0.61,121.3,24607,R20MZ_FZ_50_filtered
25,12,0,-46.08,6.489,827.152,5.4,-123.14,24137,R20MZ_FZ_50_filtered
25,12,0,-46.07,-11.4,831.632,-1.75,123.25,24585,R20MZ_FZ_50_filtered
25,12,0,-46.07,-11.942,832.022,28.11,123.41,24623,R20MZ_FZ_50_filtered
25,12,0,-46.07,-6.474,833.382,-1.34,122.01,24759,R20MZ_FZ_50_filtered
25,12,0,-46.06,11.117,825.992,1.61,-126.88,24021,R20MZ_FZ_50_filtered
25,12,0,-46.06,8.365,826.682,4.77,-124.54,24090,R20MZ_FZ_50_filtered
25,12,0,-46.06,-5.979,830.272,-3.44,127.91,24449,R20MZ_FZ_50_filtered
25,12,0,-46.06,-10.689,832.332,6.38,121.58,24654,R20MZ_FZ_50_filtered
25,12,0,-46.05,4.692,827.602,5,-113.82,24182,R20MZ_FZ_50_filtered
25,12,0,-46.03,-7.331,830.612,-1.88,126.83,24483,R20MZ_FZ_50_filtered
25,12,0,-46.02,-7.694,830.702,-3.07,124.95,24492,R20MZ_FZ_50_filtered
25,12,0,-46.01,6.033,827.272,1.05,-121.79,24149,R20MZ_FZ_50_filtered
25,12,0,-46,-10.929,831.512,-2.18,122.18,24573,R20MZ_FZ_50_filtered
25,12,0,-46,-7.258,833.182,-2.95,124.24,24739,R20MZ_FZ_50_filtered
25,12,0,-45.98,7.898,826.802,-0.48,-123.6,24102,R20MZ_FZ_50_filtered
25,12,0,-45.97,-5.116,833.721,-5.89,117.36,24793,R20MZ_FZ_50_filtered
25,12,0,-45.95,6.006,824.012,3.95,-121.44,23824,R20MZ_FZ_50_filtered
25,12,0,-45.95,5.529,827.392,5.98,-119.92,24161,R20MZ_FZ_50_filtered
25,12,0,-45.93,4.163,827.742,1.13,-109.64,24196,R20MZ_FZ_50_filtered
25,12,0,-45.93,-0.283,828.842,-3.22,12.55,24306,R20MZ_FZ_50_filtered
25,12,0,-45.93,-10.152,832.452,-8.89,122.23,24666,R20MZ_FZ_50_filtered
25,12,0,-45.92,7.848,824.472,3.88,-124.24,23870,R20MZ_FZ_50_filtered
25,12,0,-45.92,-6.887,830.502,-2.36,127.12,24472,R20MZ_FZ_50_filtered
25,12,0,-45.91,-9.196,832.692,-6.33,123.43,24690,R20MZ_FZ_50_filtered
25,12,0,-45.9,4.525,823.642,2.06,-111.21,23787,R20MZ_FZ_50_filtered
25,12,0,-45.88,5.45,823.872,4.35,-116.5,23810,R20MZ_FZ_50_filtered
25,12,0,-45.88,6.933,824.242,3.49,-124.07,23847,R20MZ_FZ_50_filtered
25,12,0,-45.88,-11.043,831.542,-1.23,124.52,24576,R20MZ_FZ_50_filtered
25,12,0,-45.87,-9.662,831.192,-1.31,125,24541,R20MZ_FZ_50_filtered
25,12,0,-45.86,-9.73,832.572,3.98,122.83,24678,R20MZ_FZ_50_filtered
25,12,0,-45.85,10.258,826.212,5.78,-125.46,24043,R20MZ_FZ_50_filtered
25,12,0,-45.85,6.071,827.262,-0.03,-121.9,24148,R20MZ_FZ_50_filtered
25,12,0,-45.85,-5.94,830.262,-3.92,127.47,24448,R20MZ_FZ_50_filtered
25,12,0,-45.84,11.187,825.972,4.39,-125,24019,R20MZ_FZ_50_filtered
25,12,-0,-45.84,-6.945,833.262,-5.76,123.49,24747,R20MZ_FZ_50_filtered
25,12,0,-45.83,9.597,824.912,1.79,-124.83,23914,R20MZ_FZ_50_filtered
25,12,0,-45.83,-2.836,834.292,-3.3,93.04,24850,R20MZ_FZ_50_filtered
25,12,0,-45.82,-5.556,833.612,-2.56,119.42,24782,R20MZ_FZ_50_filtered
25,12,0,-45.79,1.558,828.392,-2.38,-65.12,24261,R20MZ_FZ_50_filtered
25,12,0,-45.79,-1.467,834.631,-4.06,62.05,24884,R20MZ_FZ_50_filtered
25,12,0,-45.78,-9.178,831.072,-1.39,125.64,24529,R20MZ_FZ_50_filtered
25,12,0,-45.78,-11.811,831.772,12.44,122.33,24599,R20MZ_FZ_50_filtered
25,12,0,-45.76,6.376,824.102,3.7,-120.05,23833,R20MZ_FZ_50_filtered
25,12,0,-45.75,11.614,825.412,2.57,-128.14,23964,R20MZ_FZ_50_filtered
25,12,0,-45.75,-7.723,830.712,-2.44,125.24,24493,R20MZ_FZ_50_filtered
25,12,0,-45.74,-10.504,831.402,-1.92,123.54,24562,R20MZ_FZ_50_filtered
25,12,0,-45.73,4.612,823.662,3.15,-113.21,23789,R20MZ_FZ_50_filtered
25,12,0,-45.73,0.809,828.572,2.13,-40.48,24279,R20MZ_FZ_50_filtered
25,12,0,-45.72,-3.118,834.221,-4.3,98.43,24843,R20MZ_FZ_50_filtered
25,12,0,-45.7,-10.127,831.312,-0.97,125.26,24553,R20MZ_FZ_50_filtered
25,12,0,-45.69,4.073,823.532,7.39,-107.8,23776,R20MZ_FZ_50_filtered
25,12,0,-45.69,6.452,824.122,4.51,-122.4,23835,R20MZ_FZ_50_filtered
25,12,0,-45.69,-8.651,830.942,-2.07,125.19,24516,R20MZ_FZ_50_filtered
25,12,0,-45.69,-8.805,832.802,-0.25,123.44,24701,R20MZ_FZ_50_filtered
25,12,0,-45.68,-0.731,828.962,-2.21,40.3,24318,R20MZ_FZ_50_filtered
25,12,0,-45.68,-5.911,833.522,-3.31,121.76,24773,R20MZ_FZ_50_filtered
25,12,0,-45.68,-1.714,834.571,-3.34,68.09,24878,R20MZ_FZ_50_filtered
25,12,0,-45.67,-10.532,831.412,-1.76,124.24,24563,R20MZ_FZ_50_filtered
25,12,0,-45.66,-6.33,830.362,-2.96,125.94,24458,R20MZ_FZ_50_filtered
25,12,0,-45.65,5.006,823.762,3.73,-113.82,23799,R20MZ_FZ_50_filtered
25,12,0,-45.65,8.779,824.702,3.14,-125,23893,R20MZ_FZ_50_filtered
25,12,0,-45.65,-0.098,828.802,-1.84,4.04,24302,R20MZ_FZ_50_filtered
25,12,0,-45.65,-9.089,831.052,-2.62,124.69,24527,R20MZ_FZ_50_filtered
25,12,0,-45.65,-10.047,831.292,-1.96,123.71,24551,R20MZ_FZ_50_filtered
25,12,0,-45.65,-5.43,833.642,-3.02,120.96,24785,R20MZ_FZ_50_filtered
25,12,0,-45.65,-4.522,833.872,-3.33,115.05,24808,R20MZ_FZ_50_filtered
25,12,0,-45.64,-7.779,830.722,-2.07,126.26,24494,R20MZ_FZ_50_filtered
25,12,0,-45.64,-10.112,832.462,-9,122.01,24667,R20MZ_FZ_50_filtered
25,12,0,-45.64,-9.123,832.712,-6.66,124.55,24692,R20MZ_FZ_50_filtered
25,12,0,-45.62,-9.654,832.592,6.6,124.08,24680,R20MZ_FZ_50_filtered
25,12,0,-45.62,-5.994,833.502,-4.95,120.63,24771,R20MZ_FZ_50_filtered
25,12,0,-45.61,6.404,824.112,4.08,-120.06,23834,R20MZ_FZ_50_filtered
25,12,0,-45.61,10.209,826.222,4.12,-126.28,24044,R20MZ_FZ_50_filtered
25,12,0,-45.61,9.778,826.332,-1.45,-125.45,24055,R20MZ_FZ_50_filtered
25,12,0,-45.6,10.683,826.102,-2.04,-125.91,24032,R20MZ_FZ_50_filtered
25,12,0,-45.6,2.245,828.212,4.03,-79.6,24243,R20MZ_FZ_50_filtered
25,12,0,-45.59,-7.804,833.052,-1,124.54,24726,R20MZ_FZ_50_filtered
25,12,0,-45.58,-10.555,832.362,1.94,122.33,24657,R20MZ_FZ_50_filtered
25,12,0,-45.58,-5.947,833.512,-4.06,120.99,24772,R20MZ_FZ_50_filtered
25,12,0,-45.55,9.279,826.452,4.94,-125.32,24067,R20MZ_FZ_50_filtered
25,12,0,-45.55,-8.729,832.822,2.84,123.92,24703,R20MZ_FZ_50_filtered
25,12,0,-45.54,-8.217,830.832,-2.28,125.61,24505,R20MZ_FZ_50_filtered
25,12,0,-45.54,-8.205,832.942,-4.68,124.07,24715,R20MZ_FZ_50_filtered
25,12,0,-45.53,8.695,824.682,2.05,-123.03,23891,R20MZ_FZ_50_filtered
25,12,0,-45.53,7.445,826.912,4.78,-124.06,24113,R20MZ_FZ_50_filtered
25,12,0,-45.53,-10.094,831.302,-1.34,124.69,24552,R20MZ_FZ_50_filtered
25,12,0,-45.51,10.646,825.172,2.41,-126.71,23940,R20MZ_FZ_50_filtered
25,12,0,-45.51,-5.902,830.252,-4.31,126.22,24447,R20MZ_FZ_50_filtered
25,12,0,-45.51,-11.392,832.132,-10.51,122.62,24634,R20MZ_FZ_50_filtered
25,12,0,-45.51,-10.084,832.472,-7.65,122.52,24668,R20MZ_FZ_50_filtered
25,12,0,-45.51,-8.301,832.922,-3.19,122.68,24713,R20MZ_FZ_50_filtered
25,12,0,-45.5,7.77,824.452,2.46,-122.34,23868,R20MZ_FZ_50_filtered
25,12,0,-45.49,7.372,824.352,4.04,-123.47,23858,R20MZ_FZ_50_filtered
25,12,0,-45.49,-9.695,832.582,5.53,123.14,24679,R20MZ_FZ_50_filtered
25,12,0,-45.48,11.024,825.262,0.95,-125.3,23949,R20MZ_FZ_50_filtered
25,12,-0,-45.48,-12.038,831.982,2.31,121.16,24619,R20MZ_FZ_50_filtered
25,12,0,-45.46,12.046,825.762,-17.27,-127.01,23998,R20MZ_FZ_50_filtered
25,12,0,-45.46,5.144,827.492,0.42,-117.09,24171,R20MZ_FZ_50_filtered
25,12,0,-45.46,-7.389,833.152,-1.92,122.51,24736,R20MZ_FZ_50_filtered
25,12,0,-45.44,4.577,823.652,2.62,-111.51,23788,R20MZ_FZ_50_filtered
25,12,0,-45.44,5.055,823.772,3.66,-115.23,23800,R20MZ_FZ_50_filtered
25,12,0,-45.44,11.55,825.872,5.17,-125.82,24009,R20MZ_FZ_50_filtered
25,12,-0,-45.44,9.731,826.342,-0.67,-126.38,24056,R20MZ_FZ_50_filtered
25,12,0,-45.43,5.567,827.382,5.26,-118.64,24160,R20MZ_FZ_50_filtered
25,12,-0,-45.42,4.618,827.622,6.44,-112.89,24184,R20MZ_FZ_50_filtered
25,12,0,-45.4,-1.389,829.122,-3.57,70.79,24334,R20MZ_FZ_50_filtered
25,12,0,-45.39,-7.306,830.602,-2.47,126.41,24482,R20MZ_FZ_50_filtered
25,12,0,-45.37,3.209,827.972,1.7,-97.1,24219,R20MZ_FZ_50_filtered
25,12,0,-45.36,-12.047,831.902,-8.45,122.95,24611,R20MZ_FZ_50_filtered
25,12,0,-45.33,10.091,825.032,1.4,-124.41,23926,R20MZ_FZ_50_filtered
25,12,0,-45.33,11.15,825.292,2.52,-127.52,23952,R20MZ_FZ_50_filtered
25,12,0,-45.33,11.863,825.502,-14.36,-124.66,23973,R20MZ_FZ_50_filtered
25,12,-0,-45.33,2.757,828.092,4.35,-89.16,24231,R20MZ_FZ_50_filtered
25,12,0,-45.33,-0.571,828.912,0.63,30.87,24313,R20MZ_FZ_50_filtered
25,12,0,-45.33,-9.138,831.062,-1.78,124.97,24528,R20MZ_FZ_50_filtered
25,12,0,-45.32,1.296,828.452,3.32,-56.53,24267,R20MZ_FZ_50_filtered
25,12,0,-45.31,5.983,824.002,3.28,-118.2,23823,R20MZ_FZ_50_filtered
25,12,0,-45.31,-5.464,833.632,-3.23,120.64,24784,R20MZ_FZ_50_filtered
25,12,0,-45.3,10.168,825.052,2.86,-125.47,23928,R20MZ_FZ_50_filtered
25,12,-0,-45.29,5.928,823.992,2.43,-116.75,23822,R20MZ_FZ_50_filtered
25,12,0,-45.27,7.333,824.342,3.38,-121.94,23857,R20MZ_FZ_50_filtered
25,12,0,-45.25,-10.575,831.422,-1.2,125,24564,R20MZ_FZ_50_filtered
25,12,-0,-45.24,11.575,825.402,2.45,-125.75,23963,R20MZ_FZ_50_filtered
25,12,0,-45.24,3.344,827.942,1.2,-99.39,24216,R20MZ_FZ_50_filtered
25,12,0,-45.24,-5.506,833.622,-2.71,120.07,24783,R20MZ_FZ_50_filtered
25,12,0,-45.22,8.254,824.572,2.39,-121.72,23880,R20MZ_FZ_50_filtered
25,12,0,-45.22,9.259,824.822,3.07,-124.85,23905,R20MZ_FZ_50_filtered
25,12,0,-45.22,9.685,824.932,2.62,-125.5,23916,R20MZ_FZ_50_filtered
25,12,-0,-45.22,4.64,827.612,6.04,-112.41,24183,R20MZ_FZ_50_filtered
25,12,0,-45.22,-9.17,832.702,-6.53,123.79,24691,R20MZ_FZ_50_filtered
25,12,0,-45.21,-4.076,833.982,-4.57,109.91,24819,R20MZ_FZ_50_filtered
25,12,0,-45.2,-3.642,834.091,-2.74,104.86,24830,R20MZ_FZ_50_filtered
25,12,0,-45.17,-11.791,831.762,14.49,121.85,24598,R20MZ_FZ_50_filtered
25,12,0,-45.17,-11.026,832.242,-2.68,122.79,24645,R20MZ_FZ_50_filtered
25,12,0,-45.17,-10.602,832.352,3.75,121.25,24656,R20MZ_FZ_50_filtered
25,12,0,-45.15,-6.373,830.372,-2.5,126.52,24459,R20MZ_FZ_50_filtered
25,12,0,-45.11,11.618,825.862,2.3,-124.54,24008,R20MZ_FZ_50_filtered
25,12,0,-45.11,-7.844,833.042,-2.63,123.27,24725,R20MZ_FZ_50_filtered
25,12,0,-45.11,-1.013,834.751,-2.71,46.07,24896,R20MZ_FZ_50_filtered
25,12,0,-45.1,11.492,825.382,1.53,-124.68,23961,R20MZ_FZ_50_filtered
25,12,0,-45.09,12.16,825.642,4.72,-125.31,23986,R20MZ_FZ_50_filtered
25,12,0,-45.09,-6.872,833.282,-3.21,123.45,24749,R20MZ_FZ_50_filtered
25,12,0,-45.07,-11.096,832.222,-5.74,122.7,24643,R20MZ_FZ_50_filtered
25,12,0,-45.06,-10.649,832.342,4.88,120.98,24655,R20MZ_FZ_50_filtered
25,12,0,-45.06,-0.828,834.802,0.64,39.07,24901,R20MZ_FZ_50_filtered
25,12,0,-45.04,8.288,824.582,3.35,-123.3,23881,R20MZ_FZ_50_filtered
25,12,0,-45.04,-11.497,831.652,-1.61,123.6,24587,R20MZ_FZ_50_filtered
25,12,0,-45.03,12.092,825.742,-11.23,-123.71,23996,R20MZ_FZ_50_filtered
25,12,0,-45.02,-12.048,831.872,-2.04,120.93,24608,R20MZ_FZ_50_filtered
25,12,0,-45.01,-11.45,831.642,-1.3,122.97,24586,R20MZ_FZ_50_filtered
25,12,0,-45,-10.969,831.522,-2.04,122.64,24574,R20MZ_FZ_50_filtered
25,12,0,-44.98,11.086,825.282,1.86,-125.04,23951,R20MZ_FZ_50_filtered
25,12,0,-44.97,-8.768,832.812,1.33,123.75,24702,R20MZ_FZ_50_filtered
25,12,-0,-44.96,11.16,825.982,2.72,-124.82,24020,R20MZ_FZ_50_filtered
25,12,0,-44.95,8.73,824.692,2.69,-122.84,23892,R20MZ_FZ_50_filtered
25,12,0,-44.94,-4.631,833.841,-2.09,115.36,24805,R20MZ_FZ_50_filtered
25,12,0,-44.91,7.811,824.462,3.27,-122.5,23869,R20MZ_FZ_50_filtered
25,12,0,-44.9,-1.922,834.521,-4.25,73.7,24873,R20MZ_FZ_50_filtered
25,12,0,-44.88,4.223,827.722,-0.11,-109.49,24194,R20MZ_FZ_50_filtered
25,12,0,-44.88,0.38,828.682,0.39,-21.76,24290,R20MZ_FZ_50_filtered
25,12,0,-44.88,-11.54,832.102,-1.86,122.05,24631,R20MZ_FZ_50_filtered
25,12,0,-44.86,-4.167,833.961,-5.47,110.91,24817,R20MZ_FZ_50_filtered
25,12,0,-44.83,3.78,827.832,4.9,-104.7,24205,R20MZ_FZ_50_filtered
25,12,0,-44.82,-0.943,829.022,-7.22,52.27,24324,R20MZ_FZ_50_filtered
25,12,0,-44.81,-11.016,831.532,-1.54,123.61,24575,R20MZ_FZ_50_filtered
25,12,0,-44.8,-1.254,829.092,-7.54,64.99,24331,R20MZ_FZ_50_filtered
25,12,0,-44.79,10.599,825.162,2.37,-124.71,23939,R20MZ_FZ_50_filtered
25,12,0,-44.78,-12.017,831.992,8.74,121.6,24620,R20MZ_FZ_50_filtered
25,12,0,-44.75,-4.604,833.852,-2.25,114.77,24806,R20MZ_FZ_50_filtered
25,12,0,-44.75,-4.124,833.971,-4.91,110.26,24818,R20MZ_FZ_50_filtered
25,12,0,-44.72,-3.238,834.192,-5.24,99.29,24840,R20MZ_FZ_50_filtered
25,12,0,-44.71,10.128,825.042,2.07,-124.08,23927,R20MZ_FZ_50_filtered
25,12,0,-44.68,-2.367,834.411,-4.78,83.94,24862,R20MZ_FZ_50_filtered
25,12,0,-44.65,3.733,827.842,5.95,-102.84,24206,R20MZ_FZ_50_filtered
25,12,0,-44.65,-7.303,833.172,-2.48,123.46,24738,R20MZ_FZ_50_filtered
25,12,0,-44.62,4.204,827.732,0.27,-108.88,24195,R20MZ_FZ_50_filtered
25,12,0,-44.59,2.888,828.062,3.5,-91.04,24228,R20MZ_FZ_50_filtered
25,12,0,-44.58,9.177,824.802,1.42,-122.19,23903,R20MZ_FZ_50_filtered
25,12,0,-44.57,-5.036,833.742,-4.23,117.88,24795,R20MZ_FZ_50_filtered
25,12,0,-44.54,-11.488,832.112,-4.48,121.9,24632,R20MZ_FZ_50_filtered
25,12,0,-44.51,-11.447,832.122,-7.72,122.25,24633,R20MZ_FZ_50_filtered
25,12,0,-44.5,3.695,827.852,6.53,-102.89,24207,R20MZ_FZ_50_filtered
25,12,-0,-44.49,-1.357,829.112,-5.1,69.05,24333,R20MZ_FZ_50_filtered
25,12,0,-44.48,12.168,825.622,-1.15,-124.04,23984,R20MZ_FZ_50_filtered
25,12,0,-44.43,2.79,828.082,4.46,-88.88,24230,R20MZ_FZ_50_filtered
25,12,0,-44.43,-3.193,834.201,-4.64,98.47,24841,R20MZ_FZ_50_filtered
25,12,0,-44.42,-2.803,834.302,-2.53,91.93,24851,R20MZ_FZ_50_filtered
25,12,0,-44.39,-3.675,834.081,-2.3,105.13,24829,R20MZ_FZ_50_filtered
25,12,-0,-44.38,11.865,825.512,-12.5,-124.8,23974,R20MZ_FZ_50_filtered
25,12,-0,-44.38,-12.019,832.002,16.12,122.08,24621,R20MZ_FZ_50_filtered
25,12,0,-44.37,11.063,825.272,1.31,-124.23,23950,R20MZ_FZ_50_filtered
25,12,0,-44.34,-4.561,833.862,-3.13,114.78,24807,R20MZ_FZ_50_filtered
25,12,0,-44.27,2.41,828.172,-0.13,-82.36,24239,R20MZ_FZ_50_filtered
25,12,0,-44.19,12.161,825.632,1.78,-123.75,23985,R20MZ_FZ_50_filtered
25,12,0,-44.18,1.835,828.322,3.43,-69.5,24254,R20MZ_FZ_50_filtered
25,12,0,-44.18,0.865,828.562,2.49,-41.14,24278,R20MZ_FZ_50_filtered
25,12,0,-44.18,-1.424,834.641,-3.54,60.21,24885,R20MZ_FZ_50_filtered
25,12,0,-44.16,0.623,828.622,-1.93,-33.96,24284,R20MZ_FZ_50_filtered
25,12,0,-44.09,-1.754,834.562,-3.09,69,24877,R20MZ_FZ_50_filtered
25,12,0,-44.05,11.54,825.392,1.63,-124.39,23962,R20MZ_FZ_50_filtered
25,12,0,-43.88,-2.243,834.442,-2.89,81.27,24865,R20MZ_FZ_50_filtered
25,12,0,-43.84,1.342,828.442,2.64,-56.77,24266,R20MZ_FZ_50_filtered
25,12,0,-43.81,-0.32,828.852,-2.13,14.92,24307,R20MZ_FZ_50_filtered
25,12,-0,-43.79,-2.724,834.321,-3.23,90.61,24853,R20MZ_FZ_50_filtered
25,12,-0,-43.78,2.838,828.072,3.78,-89.45,24229,R20MZ_FZ_50_filtered
25,12,0,-43.74,1.955,828.292,4.84,-72.58,24251,R20MZ_FZ_50_filtered
25,12,0,-43.74,-1.304,829.102,-6.07,66.87,24332,R20MZ_FZ_50_filtered
25,12,0,-43.7,-2.765,834.312,-2.84,90.85,24852,R20MZ_FZ_50_filtered
25,12,0,-43.69,-1.87,834.531,-3.77,72.47,24874,R20MZ_FZ_50_filtered
25,12,0,-43.52,0.423,828.672,0.19,-23.12,24289,R20MZ_FZ_50_filtered
25,12,0,-43.5,-0.045,828.792,-1.49,1.68,24301,R20MZ_FZ_50_filtered
25,12,0,-43.42,-0.761,828.972,-2.9,42.05,24319,R20MZ_FZ_50_filtered
25,12,0,-43.41,-2.28,834.432,-3.17,81.71,24864,R20MZ_FZ_50_filtered
25,12,0,-43.39,1.05,828.512,4.02,-49.29,24273,R20MZ_FZ_50_filtered
25,12,0,-43.32,-0.524,828.902,-0.21,28.37,24312,R20MZ_FZ_50_filtered
25,12,0,-43.29,2.382,828.182,0.71,-80.64,24240,R20MZ_FZ_50_filtered
25,12,0,-43.22,-0.983,834.761,-2.11,44.37,24897,R20MZ_FZ_50_filtered
25,12,0,-43.21,0.164,828.742,-0.54,-10.35,24296,R20MZ_FZ_50_filtered
25,12,0,-43.18,1.873,828.312,4.29,-69.76,24253,R20MZ_FZ_50_filtered
25,12,0,-43.1,-0.895,829.012,-5.95,50.41,24323,R20MZ_FZ_50_filtered
25,12,0,-43.03,-1.838,834.542,-3.74,71,24875,R20MZ_FZ_50_filtered
25,12,0,-42.97,2.326,828.192,1.71,-79.54,24241,R20MZ_FZ_50_filtered
25,12,0,-42.93,-1.387,834.651,-3.49,58.63,24886,R20MZ_FZ_50_filtered
25,12,0,-42.76,1.92,828.302,4.53,-71.03,24252,R20MZ_FZ_50_filtered
25,12,0,-42.65,-0.938,834.771,-1.39,42.93,24898,R20MZ_FZ_50_filtered
25,12,0,-42.64,0.887,828.552,3.12,-42.04,24277,R20MZ_FZ_50_filtered
25,12,0,-42.58,1.378,828.432,1.69,-58.01,24265,R20MZ_FZ_50_filtered
25,12,0,-42.51,-1.351,834.661,-2.73,57.1,24887,R20MZ_FZ_50_filtered
25,12,0,-42.41,-0.363,828.862,-1.86,17.57,24308,R20MZ_FZ_50_filtered
25,12,0,-42.37,-0.484,828.892,-0.46,25.56,24311,R20MZ_FZ_50_filtered
25,12,0,-42.27,0.575,828.632,-1.7,-31.59,24285,R20MZ_FZ_50_filtered
25,12,0,-42.25,0.006,828.782,-0.82,-0.8,24300,R20MZ_FZ_50_filtered
25,12,0,-42.04,1.469,828.412,-0.7,-60.6,24263,R20MZ_FZ_50_filtered
25,12,0,-42.03,1.014,828.522,4.33,-47.26,24274,R20MZ_FZ_50_filtered
25,12,0,-41.95,-0.853,829.002,-4.66,48.85,24322,R20MZ_FZ_50_filtered
25,12,-0,-41.89,1.429,828.422,0.77,-59.04,24264,R20MZ_FZ_50_filtered
25,12,0,-41.67,0.466,828.662,0.02,-24.93,24288,R20MZ_FZ_50_filtered
25,12,0,-41.61,-0.78,828.982,-2.89,44.51,24320,R20MZ_FZ_50_filtered
25,12,0,-41.58,0.111,828.752,-0.38,-7.71,24297,R20MZ_FZ_50_filtered
25,12,0,-41.54,0.922,828.542,3.83,-43.6,24276,R20MZ_FZ_50_filtered
25,12,0,-41.47,0.069,828.762,-0.58,-5.39,24298,R20MZ_FZ_50_filtered
25,12,0,-41.32,0.971,828.532,4.04,-45.27,24275,R20MZ_FZ_50_filtered
25,12,0,-41.28,-0.817,828.992,-3.82,46.53,24321,R20MZ_FZ_50_filtered
25,12,0,-41.18,0.54,828.642,-1.25,-29.27,24286,R20MZ_FZ_50_filtered
25,12,0,-41.16,-0.408,828.872,-1.41,20.03,24309,R20MZ_FZ_50_filtered
25,12,0,-40.67,0.5,828.652,-0.18,-27.31,24287,R20MZ_FZ_50_filtered
