AmbientRoomTemperature,ElapsedTime,LongitudinalForce,LateralForce,NormalForce,InclinationAngle,OverturningMoment,AligningTorque,WheelRotationalSpeed,NormalizedLongitudinalForce(FX/FZ),NormalizedLateralForce(FY/FZ),TirePressure,EffectiveRadius,LoadedRadius,RoadSurfaceTemperature,SlipAngle,SlipRatioTextbook,SlipRatioBasedOnRL,TireSurfaceTemperature-Center,TireSurfaceTemperature-Inboard,TireSurfaceTemperature-Outboard,RoadSpeed,testid,tireid,Index
79.56,856.471,-11.14,-80.29,-255.85,0.006,0.09,9.36,0.11,0.0436,0.3138,12,37534.48,7.56,95.94,0.558,-0,-0.9998,118.23,120.1,122.49,24.94,Cornering,"Hoosier 43075 16x7.5-10 R20, 7 inch rim",24933
79.53,856.481,-10.02,-85.4,-254.33,0.01,0.08,10.21,0.04,0.0394,0.3358,11.95,96843.35,7.56,95.93,0.602,-0,-0.9999,118.28,120.06,122.52,24.96,Cornering,"Hoosier 43075 16x7.5-10 R20, 7 inch rim",24934
79.56,856.491,-9.86,-89.87,-252.05,-0,0.51,10.28,0.11,0.0391,0.3566,11.93,37559.89,7.57,95.97,0.636,-0,-0.9998,118.21,119.97,122.41,24.96,Cornering,"Hoosier 43075 16x7.5-10 R20, 7 inch rim",24935
79.58,856.501,-10.4,-94.38,-250.56,0.016,0.88,10.74,0.11,0.0415,0.3767,12.01,37559.3,7.56,95.96,0.694,-0,-0.9998,118.11,119.95,122.27,24.96,Cornering,"Hoosier 43075 16x7.5-10 R20, 7 inch rim",24936
79.55,856.511,-11.5,-99.17,-249.86,0.012,1.64,10.99,0.18,0.046,0.3969,12.14,23279.79,7.56,95.97,0.731,-0,-0.9997,118.04,120.06,122.13,24.94,Cornering,"Hoosier 43075 16x7.5-10 R20, 7 inch rim",24937
79.54,856.521,-13.33,-104.28,-249.34,-0,1.3,10.96,0.18,0.0535,0.4182,12.26,23268.77,7.57,95.98,0.761,-0,-0.9997,118.11,120.08,122.11,24.93,Cornering,"Hoosier 43075 16x7.5-10 R20, 7 inch rim",24938
79.57,856.531,-14.54,-110.03,-249.59,0.001,1.24,11.54,0.04,0.0582,0.4408,12.35,96815.31,7.57,96,0.802,-0,-0.9999,118.15,120.08,122.19,24.95,Cornering,"Hoosier 43075 16x7.5-10 R20, 7 inch rim",24939
79.56,856.541,-15.17,-116.1,-250.87,0.013,1.59,12.27,0.18,0.0605,0.4628,12.34,23306.05,7.57,96,0.84,-0,-0.9997,118.08,120.01,122.35,24.97,Cornering,"Hoosier 43075 16x7.5-10 R20, 7 inch rim",24940
79.53,856.551,-14.74,-122.78,-252.18,0.007,1.19,13.36,-0.03,0.0584,0.4869,12.28,-167532.98,7.57,95.99,0.88,-0,-1,118.08,119.97,122.49,25,Cornering,"Hoosier 43075 16x7.5-10 R20, 7 inch rim",24941
79.55,856.561,-13.25,-128.83,-253.49,-0.002,1.41,15.18,0.11,0.0523,0.5082,12.16,37635.24,7.57,96,0.908,-0,-0.9998,118.13,119.9,122.66,25.01,Cornering,"Hoosier 43075 16x7.5-10 R20, 7 inch rim",24942
79.56,856.571,-12.15,-134.89,-254.45,0.01,1.63,16.16,0.11,0.0478,0.5301,12.03,37626,7.57,95.95,0.947,-0,-0.9998,118.13,119.86,122.76,25.01,Cornering,"Hoosier 43075 16x7.5-10 R20, 7 inch rim",24943
79.55,856.581,-10.16,-139.69,-254.18,0.007,2.35,17.68,0.11,0.04,0.5496,11.94,37599.15,7.57,95.93,0.997,-0,-0.9998,118.15,119.84,122.82,24.99,Cornering,"Hoosier 43075 16x7.5-10 R20, 7 inch rim",24944
79.53,856.591,-9.01,-144.49,-253.37,0.01,2.97,18.42,0.18,0.0355,0.5703,11.94,23315.37,7.57,95.89,1.022,-0,-0.9997,118.17,119.82,122.82,24.98,Cornering,"Hoosier 43075 16x7.5-10 R20, 7 inch rim",24945
79.55,856.601,-8.26,-148.66,-251.59,0.006,3.27,18.84,0.18,0.0328,0.5909,11.98,23304.2,7.57,95.87,1.06,-0,-0.9997,118.19,119.79,122.72,24.97,Cornering,"Hoosier 43075 16x7.5-10 R20, 7 inch rim",24946
79.56,856.611,-7.69,-152.68,-250.16,0.009,3.79,20.09,0.11,0.0307,0.6103,12.08,37580.17,7.57,95.84,1.102,-0,-0.9998,118.13,119.82,122.58,24.98,Cornering,"Hoosier 43075 16x7.5-10 R20, 7 inch rim",24947
79.53,856.621,-7.69,-156.55,-249.12,0.01,4.37,21.53,0.04,0.0309,0.6284,12.22,96915.38,7.57,95.85,1.149,-0,-0.9999,118.08,119.9,122.37,24.98,Cornering,"Hoosier 43075 16x7.5-10 R20, 7 inch rim",24948
79.54,856.631,-7.76,-161.06,-248.47,0.014,4.42,23.5,0.04,0.0312,0.6482,12.32,96936.98,7.57,95.86,1.17,-0,-0.9999,118.13,119.97,122.19,24.98,Cornering,"Hoosier 43075 16x7.5-10 R20, 7 inch rim",24949
79.56,856.641,-8.33,-166.03,-249.01,0.013,4.67,24.81,0.04,0.0334,0.6667,12.36,96890.07,7.57,95.88,1.216,-0,-0.9999,118.19,120.01,122.21,24.97,Cornering,"Hoosier 43075 16x7.5-10 R20, 7 inch rim",24950
79.55,856.651,-8.57,-171.62,-249.61,0.007,4.12,26.07,0.18,0.0343,0.6875,12.33,23307.71,7.57,95.89,1.252,-0,-0.9997,118.19,120.08,122.27,24.98,Cornering,"Hoosier 43075 16x7.5-10 R20, 7 inch rim",24951
79.52,856.661,-8.52,-177.2,-250.85,-0.003,4.17,26.74,-0.03,0.034,0.7064,12.24,-167389.09,7.57,95.89,1.286,-0,-1,118.19,120.01,122.33,24.98,Cornering,"Hoosier 43075 16x7.5-10 R20, 7 inch rim",24952
79.54,856.671,-7.93,-182.49,-252.34,0.004,4.47,27.38,0.11,0.0314,0.7232,12.11,37593.8,7.57,95.89,1.331,-0,-0.9998,118.19,119.93,122.41,24.99,Cornering,"Hoosier 43075 16x7.5-10 R20, 7 inch rim",24953
79.55,856.681,-7.21,-188.24,-253.39,0.007,4.55,27.61,0.18,0.0284,0.7429,11.99,23317.11,7.57,95.9,1.381,-0,-0.9997,118.17,119.9,122.49,24.99,Cornering,"Hoosier 43075 16x7.5-10 R20, 7 inch rim",24954
79.52,856.691,-6.45,-192.88,-253.71,0.006,5.53,27.4,0.11,0.0254,0.7602,11.94,37592.27,7.57,95.88,1.414,-0,-0.9998,118.21,119.86,122.45,24.99,Cornering,"Hoosier 43075 16x7.5-10 R20, 7 inch rim",24955
79.52,856.701,-5.68,-197.04,-252.26,-0.006,6,26.85,0.18,0.0225,0.7811,11.97,23321.64,7.58,95.87,1.455,-0,-0.9997,118.26,119.84,122.43,25,Cornering,"Hoosier 43075 16x7.5-10 R20, 7 inch rim",24956
79.55,856.711,-5.45,-200.91,-250.41,-0.002,6.17,26.14,0.11,0.0218,0.8023,12.06,37625.48,7.57,95.86,1.5,-0,-0.9998,118.26,119.77,122.29,25.01,Cornering,"Hoosier 43075 16x7.5-10 R20, 7 inch rim",24957
79.53,856.721,-5.82,-204.46,-248.35,0.004,6.59,25.73,-0.03,0.0234,0.8233,12.17,-167640.94,7.57,95.89,1.526,-0,-1,118.21,119.71,122.21,25.02,Cornering,"Hoosier 43075 16x7.5-10 R20, 7 inch rim",24958
79.51,856.731,-6.43,-208.32,-247.34,-0.006,6.99,25.63,0.04,0.026,0.8422,12.3,97007.59,7.58,95.87,1.577,-0,-0.9999,118.19,119.84,122.05,25.01,Cornering,"Hoosier 43075 16x7.5-10 R20, 7 inch rim",24959
79.53,856.741,-7.33,-212.68,-246.3,0.013,6.61,26.22,0.11,0.0297,0.8635,12.39,37570.97,7.57,95.86,1.607,-0,-0.9998,118.28,119.95,121.93,24.98,Cornering,"Hoosier 43075 16x7.5-10 R20, 7 inch rim",24960
79.55,856.751,-8.63,-217.19,-245.88,0.014,6.44,26.45,0.11,0.0351,0.8833,12.4,37535.27,7.57,95.85,1.646,-0,-0.9998,118.36,119.99,121.87,24.96,Cornering,"Hoosier 43075 16x7.5-10 R20, 7 inch rim",24961
79.51,856.761,-9.37,-222.14,-246.58,-0,6.77,27.05,-0.03,0.038,0.9009,12.34,-167158.72,7.58,95.83,1.697,-0,-1,118.36,119.95,121.93,24.95,Cornering,"Hoosier 43075 16x7.5-10 R20, 7 inch rim",24962
79.51,856.771,-9.97,-227.73,-248.27,-0,7.43,27.31,0.04,0.0402,0.9173,12.25,96842.23,7.58,95.86,1.72,-0,-0.9999,118.38,119.82,121.95,24.97,Cornering,"Hoosier 43075 16x7.5-10 R20, 7 inch rim",24963
79.54,856.781,-9.51,-233.01,-249.22,-0,7.47,28,0.04,0.0381,0.935,12.11,96884.1,7.57,95.88,1.773,-0,-0.9999,118.41,119.77,122.01,24.98,Cornering,"Hoosier 43075 16x7.5-10 R20, 7 inch rim",24964
79.53,856.791,-8.14,-238.14,-249.98,0.004,7.75,29,0.11,0.0326,0.9526,12,37610.09,7.57,95.86,1.808,-0,-0.9998,118.43,119.71,122.01,25.01,Cornering,"Hoosier 43075 16x7.5-10 R20, 7 inch rim",24965
79.5,856.801,-6.49,-242.47,-249.56,0.001,7.9,29.7,0.04,0.026,0.9716,11.95,96969.34,7.58,95.82,1.851,-0,-0.9999,118.38,119.6,122.07,25,Cornering,"Hoosier 43075 16x7.5-10 R20, 7 inch rim",24966
79.52,856.811,-5.29,-246.81,-249.39,0.001,8.71,30.01,-0.03,0.0212,0.9896,11.96,-167488.34,7.58,95.81,1.889,-0,-1,118.41,119.6,122.05,25,Cornering,"Hoosier 43075 16x7.5-10 R20, 7 inch rim",24967
79.54,856.821,-4.02,-249.9,-247.52,0.013,9,30.37,0.11,0.0162,1.0096,12.06,37563.58,7.57,95.79,1.929,-0,-0.9998,118.41,119.57,121.97,24.98,Cornering,"Hoosier 43075 16x7.5-10 R20, 7 inch rim",24968
79.51,856.831,-3.65,-253.3,-245.28,0.004,8.52,30.37,0.18,0.0149,1.0327,12.19,23287.38,7.57,95.77,1.977,-0,-0.9997,118.43,119.55,121.91,24.97,Cornering,"Hoosier 43075 16x7.5-10 R20, 7 inch rim",24969
79.5,856.841,-3.46,-256.54,-243.79,0.001,8.36,31.19,0.04,0.0142,1.0523,12.31,96756.02,7.58,95.75,2.022,-0,-0.9999,118.41,119.6,121.79,24.95,Cornering,"Hoosier 43075 16x7.5-10 R20, 7 inch rim",24970
79.53,856.851,-4.38,-259.34,-243.01,0.012,9.04,31.72,0.11,0.018,1.0672,12.35,37507.31,7.57,95.71,2.084,-0,-0.9998,118.47,119.71,121.69,24.94,Cornering,"Hoosier 43075 16x7.5-10 R20, 7 inch rim",24971
79.53,856.861,-5.75,-263.21,-242.7,0.004,8.89,32.1,0.04,0.0237,1.0845,12.35,96749.59,7.58,95.69,2.117,-0,-0.9999,118.56,119.75,121.59,24.95,Cornering,"Hoosier 43075 16x7.5-10 R20, 7 inch rim",24972
79.5,856.871,-7.37,-267.72,-243.41,0.009,8.98,32.07,0.11,0.0303,1.0999,12.26,37514.02,7.57,95.66,2.158,-0,-0.9998,118.62,119.75,121.61,24.95,Cornering,"Hoosier 43075 16x7.5-10 R20, 7 inch rim",24973
79.51,856.881,-8.17,-272.54,-244.47,0.006,8.86,32.26,0.11,0.0334,1.1148,12.15,37538.94,7.58,95.66,2.203,-0,-0.9998,118.62,119.68,121.69,24.97,Cornering,"Hoosier 43075 16x7.5-10 R20, 7 inch rim",24974
79.54,856.891,-8.24,-277.2,-245.54,0.006,9.04,32.41,0.04,0.0336,1.1289,12.03,96830.09,7.57,95.65,2.249,-0,-0.9999,118.6,119.64,121.71,24.97,Cornering,"Hoosier 43075 16x7.5-10 R20, 7 inch rim",24975
79.51,856.901,-7.56,-282.33,-247.19,0.01,9.69,32.74,0.11,0.0306,1.1421,11.98,37545.34,7.57,95.64,2.284,-0,-0.9998,118.6,119.55,121.73,24.97,Cornering,"Hoosier 43075 16x7.5-10 R20, 7 inch rim",24976
79.49,856.911,-6.52,-286.67,-247.54,0.01,9.96,32.59,0.04,0.0263,1.158,11.99,96847.68,7.57,95.61,2.314,-0,-0.9999,118.6,119.51,121.77,24.98,Cornering,"Hoosier 43075 16x7.5-10 R20, 7 inch rim",24977
79.52,856.921,-5.66,-290.85,-246.97,0.009,10.15,32.08,0.18,0.0229,1.1777,12.06,23280.86,7.57,95.58,2.359,-0,-0.9997,118.6,119.51,121.81,24.97,Cornering,"Hoosier 43075 16x7.5-10 R20, 7 inch rim",24978
79.53,856.931,-4.56,-293.92,-245.37,0.001,10.67,31.71,0.11,0.0186,1.1979,12.19,37533.76,7.57,95.53,2.382,-0,-0.9998,118.66,119.46,121.71,24.97,Cornering,"Hoosier 43075 16x7.5-10 R20, 7 inch rim",24979
79.49,856.941,-4.31,-296.87,-243.45,0.017,10.56,31.24,0.11,0.0177,1.2195,12.31,37532.34,7.57,95.55,2.429,-0,-0.9998,118.66,119.42,121.61,24.97,Cornering,"Hoosier 43075 16x7.5-10 R20, 7 inch rim",24980
79.49,856.951,-4.11,-299.33,-241.13,0.006,10.36,31.39,0.11,0.0171,1.2414,12.35,37531.28,7.57,95.56,2.463,-0,-0.9998,118.62,119.42,121.57,24.97,Cornering,"Hoosier 43075 16x7.5-10 R20, 7 inch rim",24981
79.52,856.961,-5.43,-301.81,-239.9,0.009,10.7,31.29,0.18,0.0226,1.2581,12.34,23289.12,7.57,95.6,2.493,-0,-0.9997,118.71,119.46,121.52,24.98,Cornering,"Hoosier 43075 16x7.5-10 R20, 7 inch rim",24982
79.5,856.971,-6.53,-304.74,-239.59,-0.002,11.33,31.71,0.11,0.0273,1.2719,12.28,37546.79,7.58,95.66,2.525,-0,-0.9998,118.75,119.55,121.46,24.98,Cornering,"Hoosier 43075 16x7.5-10 R20, 7 inch rim",24983
79.48,856.981,-7.26,-308.78,-239.82,0.004,11.44,32.9,-0.03,0.0303,1.2876,12.18,-167170.34,7.58,95.73,2.566,-0,-1,118.86,119.57,121.44,24.97,Cornering,"Hoosier 43075 16x7.5-10 R20, 7 inch rim",24984
79.51,856.991,-7.08,-313.28,-240.25,-0,10.97,34.34,0.18,0.0295,1.304,12.08,23265.45,7.57,95.75,2.598,-0,-0.9997,118.94,119.57,121.52,24.96,Cornering,"Hoosier 43075 16x7.5-10 R20, 7 inch rim",24985
79.51,857.001,-6.37,-317.96,-241.37,0.007,10.96,36.05,0.04,0.0264,1.3173,12.03,96664.51,7.57,95.76,2.638,-0,-0.9999,118.9,119.53,121.52,24.94,Cornering,"Hoosier 43075 16x7.5-10 R20, 7 inch rim",24986
79.49,857.011,-4.96,-322.15,-242.26,0.004,11.41,37.43,0.18,0.0205,1.3298,12.08,23231.3,7.58,95.75,2.682,-0,-0.9997,118.9,119.51,121.59,24.92,Cornering,"Hoosier 43075 16x7.5-10 R20, 7 inch rim",24987
79.49,857.021,-3.25,-326.33,-242.82,0.004,11.72,38.57,0.11,0.0134,1.3439,12.16,37471.16,7.58,95.74,2.707,-0,-0.9998,118.9,119.42,121.61,24.93,Cornering,"Hoosier 43075 16x7.5-10 R20, 7 inch rim",24988
79.52,857.031,-2,-329.57,-242.47,-0.003,12.48,38.64,-0.03,0.0083,1.3592,12.28,-167026.25,7.58,95.74,2.754,-0,-1,118.92,119.4,121.61,24.95,Cornering,"Hoosier 43075 16x7.5-10 R20, 7 inch rim",24989
79.51,857.041,-0.98,-331.89,-240.69,0.004,12.38,38.19,-0.03,0.0041,1.3789,12.33,-167213.45,7.57,95.75,2.798,-0,-1,118.9,119.38,121.61,24.98,Cornering,"Hoosier 43075 16x7.5-10 R20, 7 inch rim",24990
79.48,857.051,-0.33,-334.21,-238.47,0.009,12.29,37.97,0.18,0.0014,1.4015,12.35,23281.92,7.57,95.73,2.843,-0,-0.9997,119.03,119.38,121.59,24.98,Cornering,"Hoosier 43075 16x7.5-10 R20, 7 inch rim",24991
79.5,857.061,-0.26,-335.89,-236.09,0.001,12.35,37.57,0.04,0.0011,1.4227,12.33,96711.05,7.57,95.73,2.874,-0,-0.9999,119.05,119.29,121.52,24.96,Cornering,"Hoosier 43075 16x7.5-10 R20, 7 inch rim",24992
79.51,857.071,-1.07,-337.74,-235.26,0.003,13.2,37.45,0.04,0.0046,1.4356,12.25,96639.45,7.57,95.71,2.92,-0,-0.9999,119.11,119.29,121.48,24.94,Cornering,"Hoosier 43075 16x7.5-10 R20, 7 inch rim",24993
79.49,857.081,-2.39,-340.38,-234.18,0.001,12.7,37.33,-0.03,0.0102,1.4535,12.14,-166797,7.57,95.67,2.977,-0,-1,119.11,119.4,121.5,24.92,Cornering,"Hoosier 43075 16x7.5-10 R20, 7 inch rim",24994
79.48,857.091,-4.23,-343.94,-235.24,0.001,13.75,37,0.11,0.018,1.4621,12.03,37433.93,7.57,95.63,3.02,-0,-0.9998,119.29,119.4,121.48,24.92,Cornering,"Hoosier 43075 16x7.5-10 R20, 7 inch rim",24995
79.51,857.101,-5.78,-347.68,-235.45,0.004,13.52,36.43,0.18,0.0246,1.4766,11.97,23228.09,7.57,95.65,3.073,-0,-0.9997,119.26,119.42,121.52,24.93,Cornering,"Hoosier 43075 16x7.5-10 R20, 7 inch rim",24996
79.51,857.111,-6.91,-352.34,-237.35,0.009,14.33,35.54,0.11,0.0291,1.4845,11.99,37456.98,7.57,95.68,3.102,-0,-0.9998,119.24,119.38,121.57,24.93,Cornering,"Hoosier 43075 16x7.5-10 R20, 7 inch rim",24997
79.48,857.121,-7.12,-357,-237.99,0.009,13.89,34.92,0.04,0.0299,1.5001,12.08,96595.2,7.57,95.7,3.146,-0,-0.9999,119.26,119.29,121.61,24.93,Cornering,"Hoosier 43075 16x7.5-10 R20, 7 inch rim",24998
79.49,857.131,-6.81,-361.18,-239.16,0.003,14.85,34.5,0.11,0.0285,1.5102,12.19,37444.9,7.57,95.72,3.189,-0,-0.9998,119.29,119.29,121.59,24.93,Cornering,"Hoosier 43075 16x7.5-10 R20, 7 inch rim",24999
79.51,857.141,-5.37,-364.74,-239.6,0.001,16.3,34.63,0.11,0.0224,1.5223,12.28,37443.21,7.57,95.74,3.232,-0,-0.9998,119.26,119.29,121.67,24.93,Cornering,"Hoosier 43075 16x7.5-10 R20, 7 inch rim",25000
79.49,857.151,-4.49,-367.52,-238.43,0.007,16.43,34.04,0.04,0.0189,1.5414,12.31,96604.41,7.57,95.78,3.277,-0,-0.9999,119.26,119.38,121.69,24.94,Cornering,"Hoosier 43075 16x7.5-10 R20, 7 inch rim",25001
79.48,857.161,-3.78,-370.16,-236.7,0.01,15.71,33.61,0.18,0.016,1.5638,12.31,23254.71,7.56,95.85,3.311,-0,-0.9997,119.41,119.38,121.73,24.96,Cornering,"Hoosier 43075 16x7.5-10 R20, 7 inch rim",25002
79.51,857.171,-3.71,-371.84,-234.8,0.001,15.35,33.2,0.11,0.0158,1.5836,12.25,37533.89,7.56,95.87,3.358,-0,-0.9998,119.44,119.31,121.71,24.99,Cornering,"Hoosier 43075 16x7.5-10 R20, 7 inch rim",25003
79.51,857.181,-4.16,-373.71,-233.36,0.006,14.82,33.16,0.04,0.0178,1.6014,12.16,96816.4,7.56,95.88,3.396,-0,-0.9999,119.41,119.38,121.71,25,Cornering,"Hoosier 43075 16x7.5-10 R20, 7 inch rim",25004
79.48,857.191,-5.1,-376.52,-232.81,0.016,13.92,33.47,-0.03,0.0219,1.6173,12.06,-167221.39,7.56,95.86,3.433,-0,-1,119.39,119.49,121.77,25,Cornering,"Hoosier 43075 16x7.5-10 R20, 7 inch rim",25005
79.49,857.201,-6.07,-379.45,-232.97,0.001,14.02,34.31,0.11,0.026,1.6288,12,37529.4,7.56,95.83,3.466,-0,-0.9998,119.48,119.57,121.77,24.99,Cornering,"Hoosier 43075 16x7.5-10 R20, 7 inch rim",25006
79.51,857.211,-7.05,-382.88,-233.41,0.007,13.99,35.02,0.18,0.0302,1.6404,12,23265.95,7.56,95.81,3.503,-0,-0.9997,119.56,119.66,121.81,24.98,Cornering,"Hoosier 43075 16x7.5-10 R20, 7 inch rim",25007
79.49,857.221,-7.24,-387.06,-234.81,-0.002,14.55,35.73,-0.03,0.0308,1.6484,12.06,-167086.36,7.56,95.76,3.532,-0,-1,119.61,119.62,121.87,24.98,Cornering,"Hoosier 43075 16x7.5-10 R20, 7 inch rim",25008
79.48,857.231,-6.55,-391.1,-236.6,-0,15.6,36.88,-0.03,0.0277,1.653,12.16,-167193.53,7.56,95.75,3.579,-0,-1,119.54,119.66,121.95,25,Cornering,"Hoosier 43075 16x7.5-10 R20, 7 inch rim",25009
79.51,857.241,-5.25,-395.46,-238.7,0.004,16.82,37.74,0.11,0.022,1.6567,12.29,37531.86,7.55,95.76,3.61,-0,-0.9998,119.59,119.64,121.97,25,Cornering,"Hoosier 43075 16x7.5-10 R20, 7 inch rim",25010
79.51,857.251,-3.52,-399.18,-239.36,0.007,17.3,38.79,0.04,0.0147,1.6677,12.37,96809.24,7.55,95.74,3.662,-0,-0.9999,119.54,119.64,121.97,25,Cornering,"Hoosier 43075 16x7.5-10 R20, 7 inch rim",25011
79.47,857.261,-1.91,-402.14,-239.57,0.013,17.26,39.28,0.11,0.008,1.6786,12.36,37519.39,7.55,95.69,3.695,-0,-0.9998,119.56,119.6,122.05,24.99,Cornering,"Hoosier 43075 16x7.5-10 R20, 7 inch rim",25012
79.48,857.271,-0.46,-404.91,-238.5,-0.002,16.33,39.56,0.18,0.0019,1.6977,12.34,23265,7.55,95.68,3.735,-0,-0.9997,119.61,119.64,122.05,24.98,Cornering,"Hoosier 43075 16x7.5-10 R20, 7 inch rim",25013
79.51,857.281,-0.15,-406.48,-236.94,0.01,15.24,39.38,-0.03,0.0006,1.7155,12.29,-167153.5,7.55,95.67,3.779,-0,-1,119.69,119.66,122.01,25,Cornering,"Hoosier 43075 16x7.5-10 R20, 7 inch rim",25014
79.5,857.291,-0.16,-407.71,-235.08,0.009,14.47,39.5,0.04,0.0007,1.7343,12.17,96723.26,7.55,95.68,3.821,-0,-0.9999,119.69,119.66,121.95,24.98,Cornering,"Hoosier 43075 16x7.5-10 R20, 7 inch rim",25015
79.47,857.301,-1.22,-409.09,-233.81,-0,14.1,39.7,0.04,0.0052,1.7497,12.05,96742.25,7.55,95.67,3.849,-0,-0.9999,119.69,119.64,121.99,24.99,Cornering,"Hoosier 43075 16x7.5-10 R20, 7 inch rim",25016
79.51,857.311,-2.71,-410.8,-233.31,0.003,14.57,40.07,0.04,0.0116,1.7608,11.98,96692.88,7.55,95.68,3.887,-0,-0.9999,119.76,119.73,122.05,24.98,Cornering,"Hoosier 43075 16x7.5-10 R20, 7 inch rim",25017
79.51,857.321,-3.67,-413.9,-234.56,-0.002,16.04,40.95,0.18,0.0156,1.7646,11.97,23232.1,7.55,95.68,3.94,-0,-0.9997,119.84,119.77,122.05,24.96,Cornering,"Hoosier 43075 16x7.5-10 R20, 7 inch rim",25018
79.48,857.331,-4.39,-417.32,-236.06,0.006,17.33,41.52,0.11,0.0186,1.7679,12.04,37445.36,7.54,95.69,3.977,-0,-0.9998,119.89,119.73,122.13,24.95,Cornering,"Hoosier 43075 16x7.5-10 R20, 7 inch rim",25019
79.48,857.341,-4.6,-421.67,-237.98,0.001,18.18,41.72,0.11,0.0193,1.7719,12.14,37452.46,7.54,95.7,4.01,-0,-0.9998,119.91,119.73,122.19,24.96,Cornering,"Hoosier 43075 16x7.5-10 R20, 7 inch rim",25020
79.51,857.351,-3.98,-426.48,-239.79,-0,18.39,41.9,0.04,0.0166,1.7786,12.3,96581.81,7.54,95.71,4.058,-0,-0.9999,119.89,119.71,122.23,24.96,Cornering,"Hoosier 43075 16x7.5-10 R20, 7 inch rim",25021
79.5,857.361,-3.32,-430.84,-240.83,0.004,18.42,41.36,-0.03,0.0138,1.789,12.39,-166891.81,7.54,95.74,4.099,-0,-1,119.89,119.71,122.23,24.97,Cornering,"Hoosier 43075 16x7.5-10 R20, 7 inch rim",25022
79.47,857.371,-2.52,-434.57,-241.14,0.006,17.92,40.42,0.04,0.0105,1.8021,12.42,96660.91,7.54,95.76,4.141,-0,-0.9999,119.93,119.73,122.27,24.98,Cornering,"Hoosier 43075 16x7.5-10 R20, 7 inch rim",25023
79.5,857.381,-2.08,-436.89,-240.38,0.013,17.71,39,0.11,0.0086,1.8175,12.38,37461.93,7.53,95.82,4.17,-0,-0.9998,119.99,119.79,122.29,24.97,Cornering,"Hoosier 43075 16x7.5-10 R20, 7 inch rim",25024
79.51,857.391,-1.78,-438.12,-237.69,0.006,16.24,37.9,0.11,0.0075,1.8432,12.29,37476.71,7.54,95.85,4.222,-0,-0.9998,120.02,119.84,122.27,24.98,Cornering,"Hoosier 43075 16x7.5-10 R20, 7 inch rim",25025
79.48,857.401,-1.91,-438.89,-235.76,0.01,15.67,37.49,0.11,0.0081,1.8616,12.17,37457.86,7.53,95.89,4.25,-0,-0.9998,120.1,119.82,122.21,24.97,Cornering,"Hoosier 43075 16x7.5-10 R20, 7 inch rim",25026
79.48,857.411,-2.75,-439.33,-234.74,0.004,16.76,37.32,0.04,0.0117,1.8716,12.05,96618.55,7.53,95.86,4.293,-0,-0.9999,120.12,119.84,122.23,24.97,Cornering,"Hoosier 43075 16x7.5-10 R20, 7 inch rim",25027
79.5,857.421,-3.81,-440.57,-233.98,0.007,17.23,37.87,0.11,0.0163,1.883,11.98,37453.33,7.53,95.84,4.338,-0,-0.9998,120.17,119.93,122.27,24.97,Cornering,"Hoosier 43075 16x7.5-10 R20, 7 inch rim",25028
79.5,857.431,-5.11,-443.06,-235.01,0.01,18.75,38.3,0.11,0.0217,1.8853,11.99,37460.45,7.53,95.84,4.368,-0,-0.9998,120.21,120.01,122.31,24.97,Cornering,"Hoosier 43075 16x7.5-10 R20, 7 inch rim",25029
79.47,857.441,-6.06,-446.47,-236.16,0.006,19.58,38.87,0.04,0.0257,1.8906,12.08,96578.67,7.53,95.83,4.422,-0,-0.9999,120.27,120.01,122.31,24.97,Cornering,"Hoosier 43075 16x7.5-10 R20, 7 inch rim",25030
79.49,857.451,-5.97,-450.97,-237.19,-0.002,18.9,39.64,0.11,0.0252,1.9013,12.19,37421.19,7.53,95.82,4.452,-0,-0.9998,120.29,120.01,122.37,24.95,Cornering,"Hoosier 43075 16x7.5-10 R20, 7 inch rim",25031
79.51,857.461,-5.04,-455.96,-239.68,0.009,19.77,40.46,0.11,0.021,1.9023,12.29,37427.49,7.53,95.83,4.497,-0,-0.9998,120.32,120.1,122.43,24.96,Cornering,"Hoosier 43075 16x7.5-10 R20, 7 inch rim",25032
79.48,857.471,-3.64,-460.47,-241.55,0.013,20.24,41.02,-0.03,0.0151,1.9063,12.33,-166595.91,7.53,95.86,4.54,-0,-1,120.32,120.1,122.47,24.94,Cornering,"Hoosier 43075 16x7.5-10 R20, 7 inch rim",25033
79.48,857.481,-2.69,-464.51,-242.02,0.01,19.5,40.52,0.04,0.0111,1.9193,12.31,96510.42,7.52,95.88,4.59,-0,-0.9999,120.38,120.17,122.54,24.96,Cornering,"Hoosier 43075 16x7.5-10 R20, 7 inch rim",25034
79.51,857.491,-1.27,-466.82,-241.1,-0.003,18.44,40.26,0.11,0.0053,1.9362,12.25,37403.76,7.52,95.89,4.613,-0,-0.9998,120.38,120.23,122.58,24.94,Cornering,"Hoosier 43075 16x7.5-10 R20, 7 inch rim",25035
79.51,857.501,-0.67,-467.6,-239.43,0.007,17.86,39.49,0.18,0.0028,1.9529,12.12,23203.36,7.52,95.89,4.666,-0,-0.9997,120.44,120.23,122.62,24.95,Cornering,"Hoosier 43075 16x7.5-10 R20, 7 inch rim",25036
79.48,857.511,-0.65,-467.27,-237.18,-0.002,17.46,38.84,0.18,0.0027,1.9701,12.03,23212.74,7.52,95.87,4.706,-0,-0.9997,120.47,120.3,122.52,24.96,Cornering,"Hoosier 43075 16x7.5-10 R20, 7 inch rim",25037
79.48,857.521,-1.37,-466.96,-235.75,0.006,17.5,38.62,0.18,0.0058,1.9808,11.95,23216.62,7.52,95.87,4.749,-0,-0.9997,120.53,120.3,122.49,24.97,Cornering,"Hoosier 43075 16x7.5-10 R20, 7 inch rim",25038
79.51,857.531,-2.5,-467.26,-235.16,0.012,18.89,39.07,0.18,0.0106,1.987,11.94,23215.35,7.52,95.84,4.784,-0,-0.9997,120.57,120.37,122.52,24.97,Cornering,"Hoosier 43075 16x7.5-10 R20, 7 inch rim",25039
79.48,857.541,-4.09,-469.12,-235.45,0.009,19.87,39.4,0.11,0.0174,1.9924,12.01,37417.59,7.52,95.84,4.829,-0,-0.9998,120.62,120.45,122.58,24.96,Cornering,"Hoosier 43075 16x7.5-10 R20, 7 inch rim",25040
79.47,857.551,-5.54,-472.06,-236.93,-0,21.14,39.63,0.18,0.0234,1.9924,12.12,23212.32,7.52,95.83,4.869,-0,-0.9997,120.68,120.52,122.56,24.97,Cornering,"Hoosier 43075 16x7.5-10 R20, 7 inch rim",25041
79.5,857.561,-6.13,-476.27,-238.71,0.013,21.71,39.83,0.11,0.0257,1.9952,12.25,37438.89,7.51,95.82,4.91,-0,-0.9998,120.77,120.54,122.56,24.98,Cornering,"Hoosier 43075 16x7.5-10 R20, 7 inch rim",25042
79.51,857.571,-5.57,-481.4,-240.44,0.01,21.05,40.2,0.18,0.0232,2.0022,12.34,23231.05,7.51,95.79,4.946,-0,-0.9997,120.75,120.54,122.64,24.99,Cornering,"Hoosier 43075 16x7.5-10 R20, 7 inch rim",25043
79.48,857.581,-4.7,-486.21,-242.39,-0.002,21.16,40.17,0.11,0.0194,2.0059,12.36,37442.56,7.51,95.77,4.995,-0,-0.9998,120.7,120.63,122.7,24.98,Cornering,"Hoosier 43075 16x7.5-10 R20, 7 inch rim",25044
79.48,857.591,-3.28,-490.42,-243.17,0.003,20.05,39.78,0.11,0.0135,2.0167,12.31,37440.67,7.51,95.76,5.026,-0,-0.9998,120.72,120.67,122.7,24.98,Cornering,"Hoosier 43075 16x7.5-10 R20, 7 inch rim",25045
79.51,857.601,-2.32,-492.43,-242.68,0.003,19.56,38.85,0.11,0.0096,2.0291,12.23,37464.48,7.51,95.72,5.064,-0,-0.9998,120.83,120.72,122.66,25,Cornering,"Hoosier 43075 16x7.5-10 R20, 7 inch rim",25046
79.49,857.611,-1.59,-492.73,-241.17,-0.002,19.04,37.63,0.11,0.0066,2.043,12.11,37470.37,7.51,95.69,5.109,-0,-0.9998,120.87,120.81,122.66,25.01,Cornering,"Hoosier 43075 16x7.5-10 R20, 7 inch rim",25047
79.48,857.621,-1.17,-491.64,-239.34,0.01,19.24,37.02,0.11,0.0049,2.0542,12,37468.7,7.51,95.65,5.137,-0,-0.9998,120.96,120.81,122.58,25.01,Cornering,"Hoosier 43075 16x7.5-10 R20, 7 inch rim",25048
79.49,857.631,-1.2,-490.38,-237.16,0.009,19.76,37.12,0.18,0.0051,2.0677,11.99,23232.72,7.51,95.64,5.188,-0,-0.9997,120.96,120.85,122.47,25,Cornering,"Hoosier 43075 16x7.5-10 R20, 7 inch rim",25049
79.51,857.641,-1.85,-489.89,-236.11,0.003,21.06,37.82,0.11,0.0078,2.0749,12.01,37437.77,7.51,95.6,5.215,-0,-0.9998,121.09,120.87,122.43,24.99,Cornering,"Hoosier 43075 16x7.5-10 R20, 7 inch rim",25050
79.48,857.651,-3.29,-491.29,-236.31,0.006,22.18,38.3,0.11,0.0139,2.079,12.09,37425.96,7.51,95.6,5.265,-0,-0.9998,121.2,120.96,122.47,24.98,Cornering,"Hoosier 43075 16x7.5-10 R20, 7 inch rim",25051
79.48,857.661,-4.19,-493.93,-236.54,0.007,22,39,0.11,0.0177,2.0881,12.21,37441.33,7.5,95.56,5.297,-0,-0.9998,121.3,121.03,122.54,25,Cornering,"Hoosier 43075 16x7.5-10 R20, 7 inch rim",25052
79.51,857.671,-4.66,-497.66,-238.61,-0,22.58,39.34,0.18,0.0195,2.0856,12.34,23221.64,7.51,95.51,5.334,-0,-0.9997,121.43,121.11,122.54,25,Cornering,"Hoosier 43075 16x7.5-10 R20, 7 inch rim",25053
79.5,857.681,-4.14,-502.65,-240.83,0.004,21.98,39.83,0.04,0.0172,2.0872,12.4,96522.46,7.5,95.5,5.384,-0,-0.9999,121.45,121.09,122.64,24.99,Cornering,"Hoosier 43075 16x7.5-10 R20, 7 inch rim",25054
79.47,857.691,-2.93,-507.64,-242.71,0.013,21.28,40.37,0.18,0.0121,2.0916,12.4,23207.28,7.5,95.52,5.424,-0,-0.9997,121.5,121.16,122.74,24.98,Cornering,"Hoosier 43075 16x7.5-10 R20, 7 inch rim",25055
79.49,857.701,-1.9,-511.83,-244.05,0.007,20.77,40.18,0.18,0.0078,2.0973,12.34,23173.53,7.5,95.54,5.46,-0,-0.9997,121.52,121.2,122.82,24.95,Cornering,"Hoosier 43075 16x7.5-10 R20, 7 inch rim",25056
79.51,857.711,-1.09,-514,-243.96,0.003,20.66,39.09,0.18,0.0045,2.1069,12.21,23171.73,7.5,95.56,5.505,-0,-0.9997,121.6,121.27,122.86,24.95,Cornering,"Hoosier 43075 16x7.5-10 R20, 7 inch rim",25057
79.48,857.721,-0.46,-513.68,-242.57,0.009,20.63,37.89,0.25,0.0019,2.1176,12.1,16785.29,7.5,95.59,5.542,-0,-0.9996,121.73,121.25,122.86,24.94,Cornering,"Hoosier 43075 16x7.5-10 R20, 7 inch rim",25058
79.48,857.731,-0.07,-512.11,-240.01,0.004,20.43,37,0.18,0.0003,2.1337,11.99,23168.63,7.5,95.63,5.58,-0,-0.9997,121.69,121.33,122.76,24.95,Cornering,"Hoosier 43075 16x7.5-10 R20, 7 inch rim",25059
79.51,857.741,-0.32,-510.08,-238.01,0.013,21.32,36.55,0.18,0.0013,2.1431,11.97,23161.35,7.49,95.68,5.626,-0,-0.9997,121.71,121.33,122.74,24.94,Cornering,"Hoosier 43075 16x7.5-10 R20, 7 inch rim",25060
79.5,857.751,-0.99,-508.97,-237.07,0.007,22.68,36.71,0.04,0.0042,2.1469,12,96340.77,7.5,95.71,5.664,-0,-0.9999,121.8,121.38,122.64,24.96,Cornering,"Hoosier 43075 16x7.5-10 R20, 7 inch rim",25061
79.48,857.761,-2.93,-509.89,-236.28,0.001,23.21,36.84,0.25,0.0124,2.158,12.11,16799.97,7.49,95.7,5.702,-0,-0.9996,121.86,121.44,122.64,24.97,Cornering,"Hoosier 43075 16x7.5-10 R20, 7 inch rim",25062
79.49,857.771,-4.91,-512.85,-237.13,0.01,23.7,36.62,0.18,0.0207,2.1627,12.25,23178.02,7.49,95.69,5.742,-0,-0.9997,121.95,121.6,122.68,24.97,Cornering,"Hoosier 43075 16x7.5-10 R20, 7 inch rim",25063
79.51,857.781,-5.51,-517.36,-238.71,0.006,23.26,37.37,0.04,0.0231,2.1673,12.41,96363.14,7.49,95.7,5.791,-0,-0.9999,122.03,121.67,122.68,24.97,Cornering,"Hoosier 43075 16x7.5-10 R20, 7 inch rim",25064
79.48,857.791,-5.31,-522.81,-240.79,0.004,22.5,37.88,0.11,0.022,2.1712,12.47,37354.35,7.49,95.72,5.824,-0,-0.9998,122.08,121.69,122.74,24.96,Cornering,"Hoosier 43075 16x7.5-10 R20, 7 inch rim",25065
79.47,857.801,-4.43,-528.26,-242.66,0.003,21.88,38.22,0.11,0.0183,2.177,12.47,37342.59,7.49,95.75,5.868,-0,-0.9998,122.12,121.73,122.8,24.96,Cornering,"Hoosier 43075 16x7.5-10 R20, 7 inch rim",25066
79.5,857.811,-3.21,-532.3,-244.59,0.001,22.45,38.09,0.04,0.0131,2.1763,12.42,96298.91,7.49,95.77,5.9,-0,-0.9999,122.08,121.84,122.84,24.96,Cornering,"Hoosier 43075 16x7.5-10 R20, 7 inch rim",25067
79.5,857.821,-1.94,-534.16,-244.42,0.001,22.39,37.42,0.18,0.0079,2.1854,12.31,23147.93,7.49,95.78,5.941,-0,-0.9997,122.03,121.91,122.88,24.94,Cornering,"Hoosier 43075 16x7.5-10 R20, 7 inch rim",25068
79.47,857.831,-1.18,-533.69,-243.15,0.016,22.34,36.17,0.11,0.0049,2.1949,12.18,37307.91,7.48,95.8,5.991,-0,-0.9998,122.08,121.91,122.8,24.94,Cornering,"Hoosier 43075 16x7.5-10 R20, 7 inch rim",25069
79.48,857.841,-0.45,-531.65,-240.58,0.01,21.81,35.12,0.11,0.0019,2.2099,12.08,37323.11,7.48,95.79,6.022,-0,-0.9998,122.14,121.89,122.76,24.95,Cornering,"Hoosier 43075 16x7.5-10 R20, 7 inch rim",25070
79.52,857.851,-0.27,-529.15,-238.49,0.012,22.41,34.84,0.11,0.0012,2.2188,12.08,37294.03,7.48,95.76,6.064,-0,-0.9998,122.12,121.95,122.76,24.93,Cornering,"Hoosier 43075 16x7.5-10 R20, 7 inch rim",25071
79.5,857.861,-0.98,-527.41,-237.07,-0,23.79,34.75,0.04,0.0041,2.2247,12.14,96173.48,7.48,95.71,6.096,-0,-0.9999,122.16,122.02,122.66,24.93,Cornering,"Hoosier 43075 16x7.5-10 R20, 7 inch rim",25072
79.46,857.871,-2.42,-527.88,-236.5,0.003,24.1,34.9,0.25,0.0102,2.232,12.24,16758.89,7.48,95.65,6.139,-0,-0.9996,122.18,122.06,122.62,24.93,Cornering,"Hoosier 43075 16x7.5-10 R20, 7 inch rim",25073
79.5,857.881,-3.66,-530.52,-237.14,-0.003,24.34,35.4,0.25,0.0155,2.2371,12.36,16749.69,7.48,95.62,6.182,-0,-0.9996,122.27,122.17,122.68,24.92,Cornering,"Hoosier 43075 16x7.5-10 R20, 7 inch rim",25074
79.51,857.891,-4.64,-534.74,-239.06,0.012,24.4,35.83,0.18,0.0194,2.2369,12.44,23102.54,7.48,95.6,6.235,-0,-0.9997,122.33,122.35,122.72,24.91,Cornering,"Hoosier 43075 16x7.5-10 R20, 7 inch rim",25075
79.48,857.901,-4.6,-539.56,-240.97,0.007,24,36.5,0.18,0.0191,2.2391,12.45,23122.79,7.48,95.63,6.262,-0,-0.9997,122.4,122.46,122.7,24.93,Cornering,"Hoosier 43075 16x7.5-10 R20, 7 inch rim",25076
79.48,857.911,-4.17,-544.85,-243.01,0.001,23.36,36.62,0.04,0.0171,2.2421,12.4,96200.94,7.48,95.6,6.305,-0,-0.9999,122.48,122.52,122.74,24.95,Cornering,"Hoosier 43075 16x7.5-10 R20, 7 inch rim",25077
79.51,857.921,-2.99,-549.05,-244.53,0.004,23.18,36.92,0.11,0.0122,2.2454,12.3,37334.17,7.48,95.62,6.344,-0,-0.9998,122.53,122.61,122.82,24.97,Cornering,"Hoosier 43075 16x7.5-10 R20, 7 inch rim",25078
79.5,857.931,-2.15,-550.91,-244.86,0.001,23.43,36.05,0.18,0.0088,2.2499,12.19,23154.76,7.47,95.65,6.384,-0,-0.9997,122.57,122.77,122.74,24.97,Cornering,"Hoosier 43075 16x7.5-10 R20, 7 inch rim",25079
79.46,857.941,-1.36,-550.59,-243.99,0.007,23.66,34.66,0.25,0.0056,2.2566,12.06,16772.64,7.47,95.71,6.427,-0,-0.9996,122.7,122.83,122.7,24.96,Cornering,"Hoosier 43075 16x7.5-10 R20, 7 inch rim",25080
79.49,857.951,-0.63,-548.24,-241.78,-0,23.43,33.61,0.11,0.0026,2.2675,12.01,37307.84,7.47,95.75,6.463,-0,-0.9998,122.83,122.88,122.62,24.96,Cornering,"Hoosier 43075 16x7.5-10 R20, 7 inch rim",25081
79.51,857.961,-0.2,-545.44,-239.34,0.006,23.6,33.17,0.11,0.0008,2.2789,12.04,37313.31,7.47,95.77,6.504,-0,-0.9998,122.91,122.99,122.6,24.97,Cornering,"Hoosier 43075 16x7.5-10 R20, 7 inch rim",25082
79.48,857.971,-1.15,-543.88,-237.67,0.01,23.97,32.68,0.11,0.0048,2.2883,12.13,37344.64,7.47,95.79,6.547,-0,-0.9998,122.93,123.05,122.47,24.99,Cornering,"Hoosier 43075 16x7.5-10 R20, 7 inch rim",25083
79.47,857.981,-1.89,-543.55,-237.01,0.006,25.16,33.36,0.04,0.008,2.2933,12.25,96347.65,7.47,95.79,6.581,-0,-0.9999,123.15,123.14,122.45,25,Cornering,"Hoosier 43075 16x7.5-10 R20, 7 inch rim",25084
79.5,857.991,-3.5,-546.03,-237.52,-0,25.3,33.46,0.18,0.0147,2.2989,12.35,23181.37,7.47,95.77,6.614,-0,-0.9997,123.32,123.25,122.49,25.01,Cornering,"Hoosier 43075 16x7.5-10 R20, 7 inch rim",25085
79.5,858.001,-4.42,-549.77,-239.16,0.006,25.74,33.97,0.04,0.0185,2.2987,12.41,96309.1,7.47,95.75,6.662,-0,-0.9999,123.51,123.45,122.52,25,Cornering,"Hoosier 43075 16x7.5-10 R20, 7 inch rim",25086
79.47,858.011,-4.93,-554.6,-240.81,0.007,25.07,33.93,0.11,0.0205,2.3031,12.41,37315.66,7.47,95.79,6.696,-0,-0.9998,123.64,123.58,122.54,24.98,Cornering,"Hoosier 43075 16x7.5-10 R20, 7 inch rim",25087
79.5,858.021,-4.59,-559.9,-243.12,0.01,24.51,34.06,0.04,0.0189,2.3029,12.34,96136.99,7.47,95.8,6.739,-0,-0.9999,123.75,123.67,122.6,24.96,Cornering,"Hoosier 43075 16x7.5-10 R20, 7 inch rim",25088
79.51,858.031,-3.54,-564.1,-244.53,0.013,23.99,34.12,0.11,0.0145,2.3069,12.25,37247.98,7.46,95.83,6.785,-0,-0.9998,123.86,123.69,122.68,24.94,Cornering,"Hoosier 43075 16x7.5-10 R20, 7 inch rim",25089
79.48,858.041,-2.57,-566.58,-246.08,0.006,24.79,33.48,0.04,0.0105,2.3024,12.11,96096.92,7.46,95.85,6.825,-0,-0.9999,123.86,123.8,122.74,24.95,Cornering,"Hoosier 43075 16x7.5-10 R20, 7 inch rim",25090
79.47,858.051,-1.76,-565.79,-245.02,0.003,25.14,32.27,0.11,0.0072,2.3091,12.03,37241.52,7.46,95.84,6.865,-0,-0.9998,123.94,123.93,122.72,24.94,Cornering,"Hoosier 43075 16x7.5-10 R20, 7 inch rim",25091
79.5,858.061,-1.06,-562.98,-243.35,0.009,25.38,31.04,0.11,0.0044,2.3135,12,37229.5,7.46,95.84,6.906,-0,-0.9998,124.07,123.95,122.62,24.93,Cornering,"Hoosier 43075 16x7.5-10 R20, 7 inch rim",25092
79.5,858.071,-0.73,-559.85,-240.72,-0.003,25.01,30.19,0.11,0.003,2.3258,12.06,37227.04,7.46,95.84,6.936,-0,-0.9998,124.16,124,122.6,24.93,Cornering,"Hoosier 43075 16x7.5-10 R20, 7 inch rim",25093
79.46,858.081,-1.19,-557.06,-238.23,0.01,24.68,30.02,0.25,0.005,2.3383,12.18,16729.36,7.46,95.88,6.987,-0,-0.9996,124.18,124.06,122.54,24.93,Cornering,"Hoosier 43075 16x7.5-10 R20, 7 inch rim",25094
79.5,858.091,-2,-556.43,-237.4,0.007,25.26,30.58,0.04,0.0084,2.3438,12.32,96033.6,7.46,95.89,7.019,-0,-0.9999,124.33,124.15,122.45,24.94,Cornering,"Hoosier 43075 16x7.5-10 R20, 7 inch rim",25095
79.51,858.101,-3.44,-557.98,-237.66,0.004,25.8,31.04,0.18,0.0145,2.3478,12.42,23110.43,7.46,95.88,7.065,-0,-0.9997,124.5,124.33,122.45,24.96,Cornering,"Hoosier 43075 16x7.5-10 R20, 7 inch rim",25096
79.49,858.111,-4.36,-562.03,-239.3,0.01,25.98,31.87,0.25,0.0182,2.3486,12.45,16748.09,7.46,95.87,7.11,-0,-0.9996,124.71,124.48,122.56,24.96,Cornering,"Hoosier 43075 16x7.5-10 R20, 7 inch rim",25097
79.47,858.121,-4.82,-567,-240.8,-0,25.26,32.21,0.18,0.02,2.3547,12.44,23106.49,7.46,95.83,7.141,-0,-0.9997,124.84,124.7,122.62,24.96,Cornering,"Hoosier 43075 16x7.5-10 R20, 7 inch rim",25098
79.5,858.131,-4.72,-572.61,-243.35,-0,24.92,32.18,0.18,0.0194,2.353,12.34,23093.58,7.46,95.81,7.183,-0,-0.9997,125.08,124.79,122.66,24.95,Cornering,"Hoosier 43075 16x7.5-10 R20, 7 inch rim",25099
79.49,858.141,-3.92,-576.81,-244.8,0.003,24.9,32.41,0.11,0.016,2.3562,12.22,37228.87,7.46,95.76,7.226,-0,-0.9998,125.16,124.9,122.7,24.95,Cornering,"Hoosier 43075 16x7.5-10 R20, 7 inch rim",25100
79.48,858.151,-2.84,-579.62,-246.48,0.01,25.56,32.06,0.18,0.0115,2.3516,12.1,23105.52,7.45,95.74,7.261,-0,-0.9997,125.27,124.97,122.8,24.97,Cornering,"Hoosier 43075 16x7.5-10 R20, 7 inch rim",25101
79.48,858.161,-1.99,-579.13,-246.09,0.001,25.86,30.72,0.11,0.0081,2.3533,12.05,37282.78,7.45,95.73,7.303,-0,-0.9998,125.36,125.12,122.66,24.99,Cornering,"Hoosier 43075 16x7.5-10 R20, 7 inch rim",25102
79.51,858.171,-1.1,-576.48,-244.15,0.001,25.19,29.51,0.11,0.0045,2.3612,12.06,37287.35,7.45,95.72,7.35,-0,-0.9998,125.49,125.19,122.29,25,Cornering,"Hoosier 43075 16x7.5-10 R20, 7 inch rim",25103
79.49,858.181,-0.86,-572.6,-241.97,0.013,25.51,28.41,0.11,0.0036,2.3664,12.15,37258.18,7.45,95.76,7.387,-0,-0.9998,125.57,125.25,121.97,24.98,Cornering,"Hoosier 43075 16x7.5-10 R20, 7 inch rim",25104
79.47,858.191,-0.7,-569.63,-239.63,0.006,25.42,28.39,0.18,0.0029,2.3771,12.28,23086.04,7.45,95.79,7.425,-0,-0.9997,125.57,125.27,121.67,24.96,Cornering,"Hoosier 43075 16x7.5-10 R20, 7 inch rim",25105
79.49,858.201,-1.63,-568.52,-237.5,-0.002,25.26,28.38,0.04,0.0069,2.3938,12.39,95914.05,7.45,95.82,7.462,-0,-0.9999,125.62,125.39,121.3,24.94,Cornering,"Hoosier 43075 16x7.5-10 R20, 7 inch rim",25106
79.51,858.211,-2.98,-569.6,-238.06,-0.002,26.66,28.86,0.18,0.0125,2.3927,12.44,23060.23,7.45,95.88,7.505,-0,-0.9997,125.83,125.56,120.98,24.93,Cornering,"Hoosier 43075 16x7.5-10 R20, 7 inch rim",25107
79.48,858.221,-4.18,-572.57,-238.99,0.012,27.07,29.34,0.11,0.0175,2.3958,12.42,37209.38,7.45,95.89,7.549,-0,-0.9998,126.07,125.78,120.82,24.96,Cornering,"Hoosier 43075 16x7.5-10 R20, 7 inch rim",25108
79.48,858.231,-5.33,-576.76,-240.55,-0,26.69,29,0.04,0.0221,2.3977,12.34,96021.32,7.45,95.92,7.578,-0,-0.9999,126.26,126,120.72,24.97,Cornering,"Hoosier 43075 16x7.5-10 R20, 7 inch rim",25109
79.51,858.241,-5.06,-582.06,-243.04,0.001,26.2,29.33,0.11,0.0208,2.395,12.22,37255.22,7.45,95.95,7.617,-0,-0.9998,126.32,126.2,120.62,24.99,Cornering,"Hoosier 43075 16x7.5-10 R20, 7 inch rim",25110
79.49,858.251,-4.19,-586.59,-244.84,0.014,25.77,29.7,0.11,0.0171,2.3958,12.14,37233.18,7.44,95.93,7.67,-0,-0.9998,126.5,126.33,120.58,24.98,Cornering,"Hoosier 43075 16x7.5-10 R20, 7 inch rim",25111
79.47,858.261,-3.36,-589.54,-247.25,0.01,26.74,29.16,0.11,0.0136,2.3843,12.08,37195.25,7.44,95.9,7.707,-0,-0.9998,126.56,126.42,120.68,24.96,Cornering,"Hoosier 43075 16x7.5-10 R20, 7 inch rim",25112
79.49,858.271,-2.33,-589.38,-247.14,0.007,26.57,28.19,0.18,0.0094,2.3848,12.08,23047.27,7.44,95.86,7.738,-0,-0.9997,126.67,126.6,120.84,24.93,Cornering,"Hoosier 43075 16x7.5-10 R20, 7 inch rim",25113
79.51,858.281,-1.44,-586.57,-245.99,0.003,26.67,26.96,0.11,0.0059,2.3845,12.17,37138.22,7.44,95.82,7.764,-0,-0.9998,126.77,126.75,120.94,24.92,Cornering,"Hoosier 43075 16x7.5-10 R20, 7 inch rim",25114
79.47,858.291,-0.88,-582.37,-243.92,0.009,26.45,26.32,0.11,0.0036,2.3875,12.28,37124.22,7.44,95.81,7.823,-0,-0.9998,126.92,126.88,121.02,24.92,Cornering,"Hoosier 43075 16x7.5-10 R20, 7 inch rim",25115
79.48,858.301,-1.09,-578.79,-241.76,0.013,26.7,25.94,0.11,0.0045,2.3941,12.37,37129.17,7.44,95.76,7.863,-0,-0.9998,127.03,126.9,121.16,24.92,Cornering,"Hoosier 43075 16x7.5-10 R20, 7 inch rim",25116
79.5,858.311,-1.65,-577.37,-239.31,0.001,26.35,26.3,0.11,0.0069,2.4126,12.41,37125.99,7.44,95.75,7.897,-0,-0.9998,127.1,127.06,121.2,24.92,Cornering,"Hoosier 43075 16x7.5-10 R20, 7 inch rim",25117
79.5,858.321,-2.88,-577.83,-238.98,0.004,27.37,26.71,0.18,0.012,2.4179,12.42,23019.77,7.44,95.69,7.939,-0,-0.9997,127.31,127.26,121.3,24.92,Cornering,"Hoosier 43075 16x7.5-10 R20, 7 inch rim",25118
79.47,858.331,-3.59,-580.94,-239.74,-0,27.56,27.75,0.04,0.015,2.4232,12.37,95706.54,7.44,95.68,7.969,-0,-0.9999,127.59,127.56,121.4,24.92,Cornering,"Hoosier 43075 16x7.5-10 R20, 7 inch rim",25119
79.49,858.341,-4.95,-585.3,-241.55,0.006,27.56,27.54,0.25,0.0205,2.4231,12.25,16680.86,7.44,95.66,8.015,-0,-0.9996,127.85,127.89,121.63,24.92,Cornering,"Hoosier 43075 16x7.5-10 R20, 7 inch rim",25120
79.51,858.351,-5.18,-590.29,-243.85,0.003,27.21,27.54,0.18,0.0213,2.4207,12.14,23018.97,7.43,95.71,8.045,-0,-0.9997,128.04,128.14,121.81,24.92,Cornering,"Hoosier 43075 16x7.5-10 R20, 7 inch rim",25121
79.48,858.361,-4.57,-594.97,-245.95,0.01,26.63,27.74,0.04,0.0186,2.4191,12.03,95739.58,7.43,95.77,8.108,-0,-0.9999,128.21,128.36,121.99,24.93,Cornering,"Hoosier 43075 16x7.5-10 R20, 7 inch rim",25122
79.47,858.371,-3.92,-598.23,-247.74,0.006,26.65,27.15,-0.03,0.0158,2.4147,11.98,-165317.17,7.43,95.79,8.138,-0,-1,128.4,128.51,122.17,24.93,Cornering,"Hoosier 43075 16x7.5-10 R20, 7 inch rim",25123
79.5,858.381,-2.73,-598.38,-248.14,-0,26.41,26.32,0.18,0.011,2.4115,12,23021.74,7.43,95.8,8.179,-0,-0.9997,128.51,128.69,122.33,24.93,Cornering,"Hoosier 43075 16x7.5-10 R20, 7 inch rim",25124
79.5,858.391,-1.97,-595.42,-247.6,0.004,26.92,24.87,0.04,0.008,2.4048,12.09,95778.78,7.43,95.8,8.219,-0,-0.9999,128.66,128.88,122.37,24.95,Cornering,"Hoosier 43075 16x7.5-10 R20, 7 inch rim",25125
79.47,858.401,-1.21,-590.91,-246.05,0.006,27.1,23.93,0.11,0.0049,2.4016,12.23,37160.16,7.43,95.81,8.265,-0,-0.9998,128.88,129.06,122.31,24.97,Cornering,"Hoosier 43075 16x7.5-10 R20, 7 inch rim",25126
79.49,858.411,-1.33,-587.17,-243.31,0.003,26.48,23.23,0.04,0.0055,2.4132,12.36,95893.68,7.43,95.81,8.294,-0,-0.9999,129.03,129.15,122.35,24.98,Cornering,"Hoosier 43075 16x7.5-10 R20, 7 inch rim",25127
79.51,858.421,-1.62,-585.3,-241.58,0.01,26.82,23.71,0.11,0.0067,2.4228,12.41,37196.04,7.43,95.82,8.34,-0,-0.9998,129.16,129.3,122.37,25,Cornering,"Hoosier 43075 16x7.5-10 R20, 7 inch rim",25128
79.48,858.431,-2.84,-585.6,-240.16,0.004,27.26,24.09,0.04,0.0118,2.4383,12.43,95894.24,7.43,95.84,8.38,-0,-0.9999,129.31,129.57,122.31,24.99,Cornering,"Hoosier 43075 16x7.5-10 R20, 7 inch rim",25129
79.47,858.441,-4.08,-588.24,-240.47,0.009,27.65,24.63,0.04,0.017,2.4462,12.38,95813.69,7.43,95.85,8.434,-0,-0.9999,129.61,129.81,122.29,24.97,Cornering,"Hoosier 43075 16x7.5-10 R20, 7 inch rim",25130
79.5,858.451,-5.21,-592.13,-241.72,0.007,27.7,24.86,0.11,0.0216,2.4497,12.27,37132.17,7.43,95.87,8.463,-0,-0.9998,129.97,130.1,122.39,24.96,Cornering,"Hoosier 43075 16x7.5-10 R20, 7 inch rim",25131
79.5,858.461,-5.42,-596.64,-244.13,-0,27.73,25.05,0.25,0.0222,2.4439,12.12,16706.15,7.43,95.9,8.503,-0,-0.9996,130.19,130.38,122.52,24.98,Cornering,"Hoosier 43075 16x7.5-10 R20, 7 inch rim",25132
79.47,858.471,-5.02,-601.47,-246.11,0.003,26.62,24.98,0.11,0.0204,2.444,12.05,37184.52,7.43,95.94,8.543,-0,-0.9998,130.34,130.54,122.6,25,Cornering,"Hoosier 43075 16x7.5-10 R20, 7 inch rim",25133
79.48,858.481,-4.43,-604.75,-248.62,0.006,27.27,24.3,0.04,0.0178,2.4324,12.02,95931,7.42,95.96,8.583,-0,-0.9999,130.51,130.67,122.76,25.01,Cornering,"Hoosier 43075 16x7.5-10 R20, 7 inch rim",25134
79.51,858.491,-3.21,-605.06,-249.14,0.009,26.7,23.71,0.18,0.0129,2.4286,12.07,23064.34,7.42,95.97,8.62,-0,-0.9997,130.72,130.84,122.88,25.01,Cornering,"Hoosier 43075 16x7.5-10 R20, 7 inch rim",25135
79.49,858.501,-1.25,-602.26,-249.39,0.006,27.48,23.44,0.04,0.005,2.415,12.17,95756.01,7.42,95.97,8.658,-0,-0.9999,130.81,131.02,122.9,24.97,Cornering,"Hoosier 43075 16x7.5-10 R20, 7 inch rim",25136
79.47,858.511,-0.68,-597.13,-247.99,0.006,27.65,22.13,0.11,0.0027,2.4079,12.32,37100.68,7.42,95.96,8.69,-0,-0.9998,130.98,131.24,122.84,24.96,Cornering,"Hoosier 43075 16x7.5-10 R20, 7 inch rim",25137
79.49,858.521,-0.37,-592.31,-245.63,0.013,27.68,21.64,0.11,0.0015,2.4114,12.41,37061.4,7.42,95.94,8.738,-0,-0.9998,131.24,131.37,122.72,24.93,Cornering,"Hoosier 43075 16x7.5-10 R20, 7 inch rim",25138
79.51,858.531,-0.66,-590.1,-243.72,-0.002,28.06,22.04,0.18,0.0027,2.4212,12.44,22984.81,7.42,95.93,8.779,-0,-0.9997,131.39,131.44,122.72,24.93,Cornering,"Hoosier 43075 16x7.5-10 R20, 7 inch rim",25139
79.47,858.541,-2.1,-590.41,-241.97,0.007,28.08,22.21,0.18,0.0087,2.44,12.39,22982.07,7.42,95.94,8.822,-0,-0.9997,131.62,131.61,122.68,24.93,Cornering,"Hoosier 43075 16x7.5-10 R20, 7 inch rim",25140
79.48,858.551,-3.66,-592.89,-241.52,0.001,28.01,22.76,0.18,0.0151,2.4548,12.32,22984.94,7.42,95.96,8.861,-0,-0.9997,131.86,131.92,122.64,24.94,Cornering,"Hoosier 43075 16x7.5-10 R20, 7 inch rim",25141
79.5,858.561,-4.73,-596.93,-242.83,0.001,28.45,23.43,0.11,0.0195,2.4582,12.21,37062.99,7.42,95.97,8.889,-0,-0.9998,132.25,132.14,122.6,24.94,Cornering,"Hoosier 43075 16x7.5-10 R20, 7 inch rim",25142
79.49,858.571,-5.59,-601.45,-244.47,-0,27.93,23.19,0.11,0.0229,2.4602,12.11,37058.52,7.42,95.98,8.932,-0,-0.9998,132.55,132.41,122.68,24.94,Cornering,"Hoosier 43075 16x7.5-10 R20, 7 inch rim",25143
79.47,858.581,-5.48,-605.98,-246.85,0.009,27.3,23.08,0.04,0.0222,2.4548,12.06,95579.87,7.42,95.95,8.985,-0,-0.9999,132.67,132.69,122.8,24.95,Cornering,"Hoosier 43075 16x7.5-10 R20, 7 inch rim",25144
79.49,858.591,-4.3,-610.03,-248.83,0.006,26.7,23.03,0.18,0.0173,2.4516,12.09,23001.34,7.42,95.98,9.02,-0,-0.9997,132.89,132.85,122.9,24.97,Cornering,"Hoosier 43075 16x7.5-10 R20, 7 inch rim",25145
79.51,858.601,-3.51,-610.5,-250.37,0.007,27.38,21.94,0.18,0.014,2.4383,12.17,23008.83,7.42,95.99,9.068,-0,-0.9997,133.06,133.02,122.92,24.98,Cornering,"Hoosier 43075 16x7.5-10 R20, 7 inch rim",25146
79.47,858.611,-2.32,-607.86,-251,0.013,28.46,21.02,0.04,0.0092,2.4217,12.3,95721.12,7.42,95.95,9.119,-0,-0.9999,133.23,133.2,123.06,25,Cornering,"Hoosier 43075 16x7.5-10 R20, 7 inch rim",25147
79.48,858.621,-1.34,-603.02,-249.68,0.004,28.42,19.96,0.11,0.0054,2.4152,12.4,37113.75,7.42,95.92,9.143,-0,-0.9998,133.47,133.49,122.98,25,Cornering,"Hoosier 43075 16x7.5-10 R20, 7 inch rim",25148
79.5,858.631,-0.88,-598.19,-247.21,-0.003,28.38,19.24,0.11,0.0035,2.4198,12.47,37091.63,7.42,95.89,9.189,-0,-0.9998,133.64,133.64,122.88,24.98,Cornering,"Hoosier 43075 16x7.5-10 R20, 7 inch rim",25149
79.49,858.641,-1.28,-595.38,-245.07,-0.002,28.58,19.14,0.18,0.0052,2.4295,12.46,22998.38,7.42,95.88,9.226,-0,-0.9997,133.85,133.73,122.82,24.98,Cornering,"Hoosier 43075 16x7.5-10 R20, 7 inch rim",25150
79.47,858.651,-2.1,-595.38,-243.38,0.007,28.59,19.55,0.11,0.0086,2.4463,12.39,37099.87,7.41,95.84,9.272,-0,-0.9998,134,133.82,122.78,25,Cornering,"Hoosier 43075 16x7.5-10 R20, 7 inch rim",25151
79.48,858.661,-2.97,-597.55,-243,0.006,28.79,20.45,0.11,0.0122,2.459,12.28,37078.93,7.41,95.86,9.306,-0,-0.9998,134.26,134.15,122.76,24.98,Cornering,"Hoosier 43075 16x7.5-10 R20, 7 inch rim",25152
79.51,858.671,-4.49,-600.83,-243.74,0.014,28.73,20.64,0.18,0.0184,2.4651,12.14,23006.57,7.41,95.9,9.342,-0,-0.9997,134.63,134.43,122.8,25,Cornering,"Hoosier 43075 16x7.5-10 R20, 7 inch rim",25153
79.48,858.681,-5.02,-604.72,-245.09,0.009,28.15,20.87,0.25,0.0205,2.4674,12.03,16660.78,7.41,95.92,9.385,-0,-0.9996,134.95,134.72,122.88,24.98,Cornering,"Hoosier 43075 16x7.5-10 R20, 7 inch rim",25154
79.47,858.691,-5.28,-608.92,-247.28,0.003,27.85,20.62,0.11,0.0214,2.4624,11.97,37050.46,7.41,95.91,9.409,-0,-0.9998,135.14,134.94,123.04,24.97,Cornering,"Hoosier 43075 16x7.5-10 R20, 7 inch rim",25155
79.5,858.701,-4.55,-612.51,-249.37,0.009,27.59,20.72,0.11,0.0183,2.4562,12,37044.78,7.41,95.92,9.461,-0,-0.9998,135.25,135.09,123.2,24.97,Cornering,"Hoosier 43075 16x7.5-10 R20, 7 inch rim",25156
79.5,858.711,-3.64,-613.76,-250.84,0.009,27.71,20.18,0.18,0.0145,2.4468,12.08,22974.49,7.41,95.96,9.499,-0,-0.9997,135.46,135.36,123.24,24.97,Cornering,"Hoosier 43075 16x7.5-10 R20, 7 inch rim",25157
79.47,858.721,-2.51,-611.88,-251.57,0.001,28.7,19.41,0.11,0.01,2.4323,12.22,37044.48,7.41,95.98,9.541,-0,-0.9998,135.68,135.49,123.32,24.98,Cornering,"Hoosier 43075 16x7.5-10 R20, 7 inch rim",25158
79.48,858.731,-1.32,-607.22,-250.52,0.009,28.89,18.68,0.18,0.0053,2.4238,12.36,22989.88,7.41,96.01,9.585,-0,-0.9997,135.87,135.69,123.32,25,Cornering,"Hoosier 43075 16x7.5-10 R20, 7 inch rim",25159
79.51,858.741,-0.97,-602.54,-248.8,-0.002,28.64,17.71,0.18,0.0039,2.4218,12.42,22981.75,7.41,96.03,9.625,-0,-0.9997,136.13,135.93,123.2,24.99,Cornering,"Hoosier 43075 16x7.5-10 R20, 7 inch rim",25160
79.49,858.751,-0.97,-599.43,-246.79,0.001,28.7,17.58,0.18,0.0039,2.4289,12.43,22989.71,7.41,96.03,9.664,-0,-0.9997,136.43,136.06,123.06,25,Cornering,"Hoosier 43075 16x7.5-10 R20, 7 inch rim",25161
79.47,858.761,-1.33,-598.81,-245.05,0.009,28.69,18.07,0.11,0.0054,2.4436,12.38,37026.15,7.41,96.04,9.704,-0,-0.9998,136.64,136.13,122.98,24.98,Cornering,"Hoosier 43075 16x7.5-10 R20, 7 inch rim",25162
79.5,858.771,-2.33,-600.19,-243.92,0.001,28.4,18.7,0.11,0.0096,2.4606,12.27,36988.37,7.41,96.04,9.734,-0,-0.9998,136.99,136.32,123,24.96,Cornering,"Hoosier 43075 16x7.5-10 R20, 7 inch rim",25163
79.51,858.781,-3.72,-602.85,-244.83,0.012,29.16,18.81,0.11,0.0152,2.4623,12.15,36983.16,7.41,96.09,9.78,-0,-0.9998,137.27,136.65,122.98,24.96,Cornering,"Hoosier 43075 16x7.5-10 R20, 7 inch rim",25164
79.47,858.791,-4.67,-605.33,-245.69,0.006,28.46,18.73,0.18,0.019,2.4638,12.06,22930.55,7.41,96.18,9.823,-0,-0.9997,137.63,136.92,123,24.95,Cornering,"Hoosier 43075 16x7.5-10 R20, 7 inch rim",25165
79.48,858.801,-4.99,-608.46,-248.05,0.01,28.17,18.6,0.18,0.0201,2.453,12.06,22917.25,7.41,96.26,9.86,-0,-0.9997,137.93,137.1,123.14,24.94,Cornering,"Hoosier 43075 16x7.5-10 R20, 7 inch rim",25166
79.5,858.811,-4.67,-611.43,-250.09,0.016,28,18.4,0.04,0.0187,2.4449,12.1,95253.48,7.4,96.31,9.9,-0,-0.9999,138.1,137.23,123.32,24.93,Cornering,"Hoosier 43075 16x7.5-10 R20, 7 inch rim",25167
79.49,858.821,-4,-613.6,-252.41,0.006,28.88,17.99,0.11,0.0159,2.431,12.22,36921.81,7.41,96.37,9.94,-0,-0.9998,138.27,137.43,123.4,24.93,Cornering,"Hoosier 43075 16x7.5-10 R20, 7 inch rim",25168
79.47,858.831,-2.9,-612.82,-252.35,0.003,28.25,17.35,0.04,0.0115,2.4285,12.36,95141,7.4,96.39,9.981,-0,-0.9999,138.49,137.62,123.46,24.91,Cornering,"Hoosier 43075 16x7.5-10 R20, 7 inch rim",25169
79.49,858.841,-1.87,-609.55,-252.18,0.001,28.79,16.56,0.11,0.0074,2.4172,12.44,36896.83,7.41,96.39,10.008,-0,-0.9998,138.72,137.78,123.44,24.92,Cornering,"Hoosier 43075 16x7.5-10 R20, 7 inch rim",25170
79.5,858.851,-1.06,-605.21,-251.09,0.013,29,16.09,0.25,0.0042,2.4103,12.45,16587.95,7.4,96.37,10.056,-0,-0.9996,138.98,138.06,123.42,24.92,Cornering,"Hoosier 43075 16x7.5-10 R20, 7 inch rim",25171
79.47,858.861,-0.84,-601.62,-248.96,0.012,29,15.88,0.11,0.0034,2.4165,12.41,36904.46,7.4,96.37,10.089,-0,-0.9998,139.22,138.15,123.3,24.93,Cornering,"Hoosier 43075 16x7.5-10 R20, 7 inch rim",25172
79.47,858.871,-1.11,-600.2,-246.98,0.001,29.12,15.99,0.11,0.0045,2.4301,12.3,36925.14,7.4,96.36,10.132,-0,-0.9998,139.45,138.22,123.22,24.94,Cornering,"Hoosier 43075 16x7.5-10 R20, 7 inch rim",25173
79.51,858.881,-1.96,-600.37,-245.89,0.017,29.31,16.53,0.25,0.008,2.4417,12.18,16604.35,7.4,96.36,10.184,-0,-0.9996,139.71,138.35,123.16,24.96,Cornering,"Hoosier 43075 16x7.5-10 R20, 7 inch rim",25174
79.49,858.891,-3.08,-602.21,-245.32,-0,29.04,16.89,0.18,0.0126,2.4548,12.04,22901.53,7.4,96.35,10.224,-0,-0.9997,139.99,138.7,123.16,24.95,Cornering,"Hoosier 43075 16x7.5-10 R20, 7 inch rim",25175
79.48,858.901,-4.14,-603.77,-246.24,-0,29.36,17.12,0.18,0.0168,2.452,12,22910.37,7.4,96.33,10.248,-0,-0.9997,140.27,139.01,123.22,24.96,Cornering,"Hoosier 43075 16x7.5-10 R20, 7 inch rim",25176
79.48,858.911,-5.14,-606.9,-248.15,0.006,28.48,16.65,0.11,0.0207,2.4457,12.01,36931.65,7.4,96.3,10.294,-0,-0.9998,140.53,139.25,123.3,24.96,Cornering,"Hoosier 43075 16x7.5-10 R20, 7 inch rim",25177
79.51,858.921,-5.18,-609.71,-250.62,-0,28.36,16.53,0.04,0.0207,2.4328,12.1,95298.71,7.4,96.28,10.334,-0,-0.9999,140.76,139.43,123.55,24.98,Cornering,"Hoosier 43075 16x7.5-10 R20, 7 inch rim",25178
79.48,858.931,-4.67,-612.21,-252.22,0.004,27.85,16.04,0.11,0.0185,2.4273,12.22,36956.13,7.4,96.27,10.376,-0,-0.9998,140.87,139.6,123.73,24.98,Cornering,"Hoosier 43075 16x7.5-10 R20, 7 inch rim",25179
79.48,858.941,-3.21,-612.2,-254.28,-0.003,29.59,15.89,0.04,0.0126,2.4076,12.36,95361.26,7.4,96.24,10.417,-0,-0.9999,141.15,139.85,123.83,25,Cornering,"Hoosier 43075 16x7.5-10 R20, 7 inch rim",25180
79.5,858.951,-2.28,-609.41,-253.97,0.007,29.21,14.82,0.25,0.009,2.3995,12.44,16620.33,7.4,96.24,10.459,-0,-0.9996,141.41,140.04,123.87,25,Cornering,"Hoosier 43075 16x7.5-10 R20, 7 inch rim",25181
79.5,858.961,-1.21,-605.36,-252.91,0.006,29.32,14.14,0.04,0.0048,2.3936,12.46,95338.77,7.4,96.26,10.489,-0,-0.9999,141.62,140.26,123.85,25,Cornering,"Hoosier 43075 16x7.5-10 R20, 7 inch rim",25182
79.47,858.971,-0.46,-601.47,-250.77,0.007,28.95,13.83,0.11,0.0018,2.3985,12.39,36978.04,7.4,96.26,10.548,-0,-0.9998,141.81,140.46,123.77,25.01,Cornering,"Hoosier 43075 16x7.5-10 R20, 7 inch rim",25183
79.48,858.981,-0.57,-599.28,-248.7,0.004,28.99,13.78,0.25,0.0023,2.4097,12.32,16613.87,7.4,96.28,10.576,-0,-0.9996,142.07,140.53,123.63,25,Cornering,"Hoosier 43075 16x7.5-10 R20, 7 inch rim",25184
79.51,858.991,-1.52,-598.8,-247.13,-0.002,29.09,13.88,0.11,0.0062,2.423,12.19,36918.17,7.4,96.27,10.616,-0,-0.9998,142.22,140.68,123.55,24.98,Cornering,"Hoosier 43075 16x7.5-10 R20, 7 inch rim",25185
79.48,859.001,-2.77,-599.89,-246.7,0.001,29.11,14.08,0.11,0.0112,2.4316,12.06,36904.64,7.4,96.26,10.656,-0,-0.9998,142.52,141.01,123.53,24.97,Cornering,"Hoosier 43075 16x7.5-10 R20, 7 inch rim",25186
79.47,859.011,-4.01,-601.77,-247.31,0.006,28.93,14.29,0.18,0.0162,2.4332,11.99,22865.77,7.4,96.31,10.698,-0,-0.9997,142.72,141.3,123.59,24.95,Cornering,"Hoosier 43075 16x7.5-10 R20, 7 inch rim",25187
79.5,859.021,-5.15,-603.93,-248.61,-0.01,28.79,13.81,0.11,0.0207,2.4292,11.99,36843.82,7.4,96.35,10.732,-0,-0.9998,142.97,141.61,123.65,24.94,Cornering,"Hoosier 43075 16x7.5-10 R20, 7 inch rim",25188
79.5,859.031,-5.56,-607.07,-250.89,0.004,28.53,13.7,0.11,0.0221,2.4197,12.06,36828.64,7.4,96.35,10.785,-0,-0.9998,143.19,141.72,123.79,24.93,Cornering,"Hoosier 43075 16x7.5-10 R20, 7 inch rim",25189
79.48,859.041,-5.61,-609.87,-252.31,-0.002,27.89,13.06,0.04,0.0222,2.4171,12.2,94966.62,7.4,96.4,10.824,-0,-0.9999,143.4,141.83,123.95,24.93,Cornering,"Hoosier 43075 16x7.5-10 R20, 7 inch rim",25190
79.48,859.051,-4.86,-610.51,-253.96,0.01,28.4,12.42,0.04,0.0191,2.4039,12.33,95041.91,7.4,96.45,10.864,-0,-0.9999,143.64,142.07,124.13,24.96,Cornering,"Hoosier 43075 16x7.5-10 R20, 7 inch rim",25191
79.5,859.061,-3.25,-608.17,-254.47,0.004,29.08,12.28,0.11,0.0128,2.3899,12.44,36857.75,7.4,96.49,10.894,-0,-0.9998,143.83,142.22,124.21,24.96,Cornering,"Hoosier 43075 16x7.5-10 R20, 7 inch rim",25192
79.48,859.071,-2.02,-603.97,-253.84,0.007,29.43,11.75,0.04,0.008,2.3794,12.47,95085.21,7.4,96.51,10.934,-0,-0.9999,144.11,142.4,124.17,24.97,Cornering,"Hoosier 43075 16x7.5-10 R20, 7 inch rim",25193
79.47,859.081,-1.08,-600.09,-252.3,0.01,29.13,11.48,0.11,0.0043,2.3784,12.45,36837.73,7.4,96.53,10.984,-0,-0.9998,144.35,142.62,124.13,24.96,Cornering,"Hoosier 43075 16x7.5-10 R20, 7 inch rim",25194
79.49,859.091,-1.08,-597.43,-249.68,0.003,28.29,11.32,0.11,0.0043,2.3928,12.36,36858.27,7.4,96.57,11.024,-0,-0.9998,144.5,142.69,124.01,24.97,Cornering,"Hoosier 43075 16x7.5-10 R20, 7 inch rim",25195
79.5,859.101,-1.5,-596.03,-248.32,0.012,29.15,11.69,0.11,0.0061,2.4002,12.24,36860.94,7.4,96.58,11.07,-0,-0.9998,144.65,142.82,123.83,24.98,Cornering,"Hoosier 43075 16x7.5-10 R20, 7 inch rim",25196
79.47,859.111,-2.55,-596.17,-247.68,0.001,29.49,12.08,0.04,0.0103,2.407,12.1,95096.07,7.4,96.61,11.102,-0,-0.9999,144.95,143.02,123.81,24.99,Cornering,"Hoosier 43075 16x7.5-10 R20, 7 inch rim",25197
79.48,859.121,-3.55,-597.57,-248.02,0.003,29.12,12.42,0.11,0.0143,2.4094,12,36876.06,7.4,96.59,11.152,-0,-0.9998,145.2,143.32,123.85,25,Cornering,"Hoosier 43075 16x7.5-10 R20, 7 inch rim",25198
79.51,859.131,-4.64,-599.46,-249.45,0.01,29.01,12.46,0.18,0.0186,2.4031,11.99,22854.51,7.4,96.56,11.178,-0,-0.9997,145.5,143.65,123.89,24.98,Cornering,"Hoosier 43075 16x7.5-10 R20, 7 inch rim",25199
79.49,859.141,-4.9,-601.8,-251.64,0.003,28.77,12.39,0.11,0.0195,2.3915,12.03,36824.2,7.4,96.57,11.222,-0,-0.9998,145.78,143.83,124.01,24.97,Cornering,"Hoosier 43075 16x7.5-10 R20, 7 inch rim",25200
79.47,859.151,-4.87,-604.62,-253.93,0.013,28.54,12.14,0.11,0.0192,2.381,12.14,36818.4,7.39,96.58,11.266,-0,-0.9998,146,143.87,124.27,24.97,Cornering,"Hoosier 43075 16x7.5-10 R20, 7 inch rim",25201
79.49,859.161,-3.74,-605.85,-255.15,0.004,28.39,11.82,0.11,0.0147,2.3745,12.28,36804.04,7.4,96.56,11.311,-0,-0.9998,146.28,144.05,124.43,24.96,Cornering,"Hoosier 43075 16x7.5-10 R20, 7 inch rim",25202
79.51,859.171,-2.88,-605.23,-256.13,0.006,29.17,11.05,0.04,0.0112,2.363,12.38,94972.09,7.4,96.55,11.339,-0,-0.9999,146.47,144.27,124.54,24.98,Cornering,"Hoosier 43075 16x7.5-10 R20, 7 inch rim",25203
79.48,859.181,-1.49,-602.12,-255.96,0.004,29.61,10.65,0.11,0.0058,2.3524,12.39,36826.9,7.4,96.55,11.397,-0,-0.9998,146.75,144.4,124.56,24.98,Cornering,"Hoosier 43075 16x7.5-10 R20, 7 inch rim",25204
79.48,859.191,-0.8,-598.08,-254.14,0.013,29.26,10.25,0.11,0.0032,2.3534,12.35,36805.45,7.39,96.55,11.43,-0,-0.9998,147.03,144.67,124.43,24.97,Cornering,"Hoosier 43075 16x7.5-10 R20, 7 inch rim",25205
79.51,859.201,-0.42,-595.28,-251.77,0.014,28.78,10.2,0.18,0.0017,2.3644,12.27,22830.81,7.39,96.57,11.468,-0,-0.9997,147.2,144.87,124.39,24.98,Cornering,"Hoosier 43075 16x7.5-10 R20, 7 inch rim",25206
79.49,859.211,-0.62,-594.17,-249.97,0.009,28.88,10.45,0.11,0.0025,2.377,12.15,36796.5,7.4,96.57,11.497,-0,-0.9998,147.46,145.02,124.35,24.97,Cornering,"Hoosier 43075 16x7.5-10 R20, 7 inch rim",25207
79.47,859.221,-1.89,-593.39,-248.41,0.003,28.33,10.27,0.25,0.0076,2.3887,12.05,16535.21,7.4,96.58,11.538,-0,-0.9996,147.8,145.31,124.29,24.97,Cornering,"Hoosier 43075 16x7.5-10 R20, 7 inch rim",25208
79.49,859.231,-3.36,-593.86,-248.39,0.006,28.02,10.2,0.04,0.0135,2.3908,12,94821.05,7.4,96.59,11.587,-0,-0.9999,147.99,145.57,124.33,24.96,Cornering,"Hoosier 43075 16x7.5-10 R20, 7 inch rim",25209
79.51,859.241,-4.67,-595.11,-249.76,-0.002,28.12,9.92,0.32,0.0187,2.3827,12,12960,7.4,96.58,11.611,-0,-0.9994,148.23,145.79,124.39,24.96,Cornering,"Hoosier 43075 16x7.5-10 R20, 7 inch rim",25210
79.48,859.251,-6.17,-596.67,-252.19,0.006,29.1,8.5,0.04,0.0245,2.3659,12.1,94776.66,7.39,96.61,11.652,-0,-0.9999,148.44,145.97,124.54,24.96,Cornering,"Hoosier 43075 16x7.5-10 R20, 7 inch rim",25211
79.48,859.261,-7.74,-599.17,-254.72,0.001,29.14,6.08,0.18,0.0304,2.3523,12.22,22801.97,7.39,96.61,11.687,-0,-0.9997,148.62,145.97,124.76,24.97,Cornering,"Hoosier 43075 16x7.5-10 R20, 7 inch rim",25212
79.5,859.271,-9.23,-600.88,-256.79,0.004,29.81,2.85,0.04,0.036,2.3399,12.33,94779.17,7.39,96.63,11.707,-0,-0.9999,148.89,145.99,125,24.96,Cornering,"Hoosier 43075 16x7.5-10 R20, 7 inch rim",25213
79.5,859.281,-11.29,-600.87,-257.86,0.003,30.39,-1.47,0.11,0.0438,2.3302,12.39,36748.78,7.39,96.64,11.725,-0,-0.9998,149.04,146.1,125.2,24.96,Cornering,"Hoosier 43075 16x7.5-10 R20, 7 inch rim",25214
79.48,859.291,-11.77,-598.86,-258.42,0.014,31.57,-3.97,0.11,0.0455,2.3174,12.4,36755.36,7.39,96.64,11.739,-0,-0.9998,149.3,146.19,125.22,24.97,Cornering,"Hoosier 43075 16x7.5-10 R20, 7 inch rim",25215
79.49,859.301,-10.41,-596.67,-256.48,0.004,29.75,-3.97,0.11,0.0406,2.3264,12.33,36770.28,7.39,96.64,11.755,-0,-0.9998,149.62,146.27,125.22,24.98,Cornering,"Hoosier 43075 16x7.5-10 R20, 7 inch rim",25216
79.51,859.311,-8.01,-594.66,-253.93,0.006,27.74,-2.24,0.18,0.0315,2.3418,12.25,22806.16,7.39,96.64,11.763,-0,-0.9997,149.88,146.45,125.16,24.98,Cornering,"Hoosier 43075 16x7.5-10 R20, 7 inch rim",25217
79.48,859.321,-6.79,-592.79,-251.66,0.004,26.61,-0.86,0.18,0.027,2.3556,12.13,22805.67,7.39,96.62,11.769,-0,-0.9997,150.1,146.63,125,24.98,Cornering,"Hoosier 43075 16x7.5-10 R20, 7 inch rim",25218
79.47,859.331,-8.18,-591.38,-249.92,0.001,26.93,-1.59,0.11,0.0327,2.3663,12.03,36760.77,7.39,96.58,11.762,-0,-0.9998,150.35,146.69,124.86,24.97,Cornering,"Hoosier 43075 16x7.5-10 R20, 7 inch rim",25219
79.51,859.341,-11.42,-590.59,-249.35,0.003,27.46,-3.92,0.11,0.0458,2.3685,11.98,36768.92,7.39,96.54,11.765,-0,-0.9998,150.61,146.93,124.8,24.98,Cornering,"Hoosier 43075 16x7.5-10 R20, 7 inch rim",25220
79.48,859.361,-15.92,-592.62,-251.99,0.003,28.35,-6.61,0.04,0.0632,2.3518,12.11,94953.59,7.39,96.48,12.302,-0,-0.9999,150.98,147.48,124.92,25.01,Cornering,"Hoosier 43075 16x7.5-10 R20, 7 inch rim",25221
79.48,859.371,-15.1,-595.45,-255.05,0.013,28.85,-5.33,0.11,0.0592,2.3346,12.28,36827.27,7.39,96.47,12.302,-0,-0.9998,151.23,147.73,125.12,25.02,Cornering,"Hoosier 43075 16x7.5-10 R20, 7 inch rim",25222
79.51,859.381,-12.79,-598.1,-257.02,0.009,28.58,-2.85,0.25,0.0498,2.3271,12.41,16540.83,7.39,96.47,12.289,-0,-0.9996,151.43,147.79,125.34,25,Cornering,"Hoosier 43075 16x7.5-10 R20, 7 inch rim",25223
79.49,859.391,-9.17,-600.28,-258.51,0.001,28.21,0.5,0.11,0.0355,2.3221,12.48,36761.95,7.39,96.48,12.281,-0,-0.9998,151.64,148.01,125.51,24.97,Cornering,"Hoosier 43075 16x7.5-10 R20, 7 inch rim",25224
79.47,859.401,-6.38,-599.98,-259.2,0.007,28.33,2.66,0.18,0.0246,2.3147,12.47,22780.91,7.39,96.53,12.276,-0,-0.9997,151.81,148.23,125.63,24.95,Cornering,"Hoosier 43075 16x7.5-10 R20, 7 inch rim",25225
79.5,859.411,-4.4,-597.01,-258.18,0.001,28.56,4.38,0.11,0.017,2.3124,12.41,36738.68,7.39,96.55,12.264,-0,-0.9998,152.07,148.48,125.63,24.96,Cornering,"Hoosier 43075 16x7.5-10 R20, 7 inch rim",25226
79.5,859.421,-2.86,-593.43,-256.06,0.001,28.48,5.92,0.18,0.0112,2.3175,12.32,22787.53,7.39,96.59,12.261,-0,-0.9997,152.31,148.7,125.59,24.96,Cornering,"Hoosier 43075 16x7.5-10 R20, 7 inch rim",25227
79.48,859.431,-0.71,-590.48,-253.69,0.01,28.49,8.99,0.11,0.0028,2.3275,12.18,36780.38,7.39,96.61,12.271,-0,-0.9998,152.48,148.92,125.53,24.98,Cornering,"Hoosier 43075 16x7.5-10 R20, 7 inch rim",25228
79.48,859.441,0.94,-588.45,-251.63,0.006,28.89,12.04,0.18,-0.0037,2.3385,12.07,22852.73,7.39,96.65,12.241,-0,-0.9997,152.73,149.07,125.45,25.03,Cornering,"Hoosier 43075 16x7.5-10 R20, 7 inch rim",25229
79.5,859.451,1.8,-587.83,-251.12,0.012,29.19,14.87,0.11,-0.0071,2.3408,12.04,36842.25,7.39,96.65,12.255,-0,-0.9998,153.01,149.33,125.32,25.03,Cornering,"Hoosier 43075 16x7.5-10 R20, 7 inch rim",25230
79.49,859.461,1.69,-587.51,-250.71,-0,28.9,16.58,0.11,-0.0067,2.3434,12.08,36818.02,7.39,96.65,12.245,-0,-0.9998,153.23,149.66,125.36,25.01,Cornering,"Hoosier 43075 16x7.5-10 R20, 7 inch rim",25231
79.47,859.471,1.13,-589.24,-252.85,0.006,29.15,17.14,0.11,-0.0045,2.3304,12.19,36792.41,7.39,96.67,12.245,-0,-0.9998,153.4,149.99,125.45,24.99,Cornering,"Hoosier 43075 16x7.5-10 R20, 7 inch rim",25232
79.5,859.481,0.31,-591.59,-254.77,0.007,28.72,16.68,0.11,-0.0012,2.322,12.31,36742.57,7.39,96.7,12.235,-0,-0.9998,153.53,150.15,125.61,24.96,Cornering,"Hoosier 43075 16x7.5-10 R20, 7 inch rim",25233
79.51,859.491,-0.43,-594.39,-256.93,-0.002,28.17,15.36,0.04,0.0017,2.3134,12.38,94735.66,7.39,96.72,12.233,-0,-0.9999,153.72,150.24,125.85,24.95,Cornering,"Hoosier 43075 16x7.5-10 R20, 7 inch rim",25234
79.48,859.501,-0.57,-596.42,-258.65,0.004,28.5,13.79,0.11,0.0022,2.3059,12.39,36716.78,7.39,96.76,12.236,-0,-0.9998,153.87,150.35,126.07,24.94,Cornering,"Hoosier 43075 16x7.5-10 R20, 7 inch rim",25235
79.48,859.511,-1.26,-596.42,-258.96,0.007,28.3,10.82,0.11,0.0049,2.3031,12.36,36684.78,7.39,96.78,12.221,-0,-0.9998,154.02,150.5,126.33,24.92,Cornering,"Hoosier 43075 16x7.5-10 R20, 7 inch rim",25236
79.51,859.521,-2.57,-594.53,-258.3,-0,28.6,7.13,0.18,0.0099,2.3017,12.28,22743.62,7.39,96.8,12.216,-0,-0.9997,154.22,150.61,126.37,24.9,Cornering,"Hoosier 43075 16x7.5-10 R20, 7 inch rim",25237
79.49,859.531,-5.22,-590.95,-256.43,0.003,28.59,2.35,0.11,0.0204,2.3045,12.15,36678.76,7.39,96.8,12.202,-0,-0.9998,154.41,150.79,126.31,24.91,Cornering,"Hoosier 43075 16x7.5-10 R20, 7 inch rim",25238
79.47,859.541,-7.94,-587.82,-253.97,0.006,28.94,-1.9,0.04,0.0313,2.3145,12.03,94684.62,7.39,96.83,12.191,-0,-0.9999,154.56,150.9,126.27,24.93,Cornering,"Hoosier 43075 16x7.5-10 R20, 7 inch rim",25239
79.48,859.551,-9.93,-585.79,-251.62,0.009,28.55,-4.41,0.18,0.0395,2.3281,11.97,22785.47,7.39,96.86,12.159,-0,-0.9997,154.71,150.96,126.15,24.94,Cornering,"Hoosier 43075 16x7.5-10 R20, 7 inch rim",25240
79.51,859.561,-12.44,-584.53,-250.14,0.001,29.11,-6.85,0.04,0.0497,2.3368,11.99,94770.06,7.39,96.87,12.135,-0,-0.9999,154.86,151.05,126.03,24.95,Cornering,"Hoosier 43075 16x7.5-10 R20, 7 inch rim",25241
79.49,859.571,-15.06,-584.53,-250.76,0.006,29.86,-8.62,0.11,0.06,2.3311,12.06,36734.93,7.39,96.9,12.102,-0,-0.9998,155.12,151.27,125.99,24.94,Cornering,"Hoosier 43075 16x7.5-10 R20, 7 inch rim",25242
79.47,859.581,-17.88,-585.62,-251.49,-0,29.59,-10.68,0.11,0.0711,2.3286,12.21,36721.68,7.39,96.93,12.073,-0,-0.9998,155.27,151.53,126.03,24.93,Cornering,"Hoosier 43075 16x7.5-10 R20, 7 inch rim",25243
79.5,859.591,-20.31,-588.13,-253.37,0.004,28.48,-12.62,0.11,0.0802,2.3213,12.34,36761,7.39,96.94,12.034,-0,-0.9998,155.29,151.73,126.21,24.95,Cornering,"Hoosier 43075 16x7.5-10 R20, 7 inch rim",25244
79.5,859.601,-21.04,-590.95,-255.04,0.007,27.1,-13.05,0.04,0.0825,2.3171,12.41,94928.59,7.39,96.92,11.994,-0,-0.9999,155.46,151.73,126.37,24.98,Cornering,"Hoosier 43075 16x7.5-10 R20, 7 inch rim",25245
79.47,859.611,-18.88,-593.6,-257.17,-0,26.84,-10.73,0.11,0.0734,2.3082,12.42,36840.19,7.39,96.92,11.953,-0,-0.9998,155.59,151.75,126.68,25,Cornering,"Hoosier 43075 16x7.5-10 R20, 7 inch rim",25246
79.48,859.621,-14.61,-594.38,-258.43,-0.003,27.24,-6.39,0.18,0.0565,2.2999,12.39,22854.71,7.39,96.92,11.898,-0,-0.9997,155.76,151.82,126.88,25,Cornering,"Hoosier 43075 16x7.5-10 R20, 7 inch rim",25247
79.51,859.631,-9.76,-592.83,-258.86,0.007,28.13,-1.7,0.11,0.0377,2.2901,12.3,36825.91,7.39,96.97,11.867,-0,-0.9998,155.89,151.93,126.98,24.98,Cornering,"Hoosier 43075 16x7.5-10 R20, 7 inch rim",25248
79.48,859.641,-5.44,-589.55,-257.71,-0.003,29,2.58,0.11,0.0211,2.2876,12.17,36792.2,7.4,97.03,11.798,-0,-0.9998,156.08,152.08,126.86,24.95,Cornering,"Hoosier 43075 16x7.5-10 R20, 7 inch rim",25249
79.47,859.651,-2.76,-585.99,-255.71,0.017,29.31,5.91,0.11,0.0108,2.2916,12.03,36788.32,7.39,97.07,11.762,-0,-0.9998,156.25,152.22,126.76,24.94,Cornering,"Hoosier 43075 16x7.5-10 R20, 7 inch rim",25250
79.5,859.661,-1.85,-583.48,-252.35,0.006,28.75,7.81,0.11,0.0073,2.3122,11.95,36812.68,7.4,97.12,11.707,-0,-0.9998,156.36,152.28,126.64,24.96,Cornering,"Hoosier 43075 16x7.5-10 R20, 7 inch rim",25251
79.5,859.671,-0.95,-582.08,-250.77,0.012,29.48,10.75,0.04,0.0038,2.3212,11.96,95041.48,7.39,97.15,11.661,-0,-0.9999,156.51,152.37,126.5,24.98,Cornering,"Hoosier 43075 16x7.5-10 R20, 7 inch rim",25252
79.48,859.681,0.09,-582.38,-250,0.006,29.53,14.21,0.18,-0.0004,2.3295,12.03,22888.61,7.4,97.18,11.611,-0,-0.9997,156.73,152.57,126.37,25.01,Cornering,"Hoosier 43075 16x7.5-10 R20, 7 inch rim",25253
79.48,859.691,0.83,-583.79,-250.05,0.001,28.4,17.41,0.18,-0.0033,2.3347,12.16,22897.8,7.4,97.19,11.562,-0,-0.9997,156.88,152.75,126.33,25.01,Cornering,"Hoosier 43075 16x7.5-10 R20, 7 inch rim",25254
79.51,859.701,1.03,-585.82,-251.75,-0.005,28,19.24,0.11,-0.0041,2.327,12.31,36904.34,7.4,97.19,11.526,-0,-0.9998,156.88,153.05,126.44,25,Cornering,"Hoosier 43075 16x7.5-10 R20, 7 inch rim",25255
79.5,859.711,0.85,-588.49,-253.34,0.001,26.41,19.87,0.11,-0.0034,2.323,12.4,36891.07,7.4,97.22,11.496,-0,-0.9998,156.92,153.14,126.62,24.99,Cornering,"Hoosier 43075 16x7.5-10 R20, 7 inch rim",25256
79.47,859.721,-0.05,-590.83,-256.01,0.001,27.02,18.76,-0.03,0.0002,2.3079,12.44,-164281.08,7.4,97.26,11.453,-0,-1,157.05,153.14,126.82,24.98,Cornering,"Hoosier 43075 16x7.5-10 R20, 7 inch rim",25257
79.5,859.731,0.07,-591.61,-257.54,0.004,27.41,17.85,0.11,-0.0003,2.2972,12.41,36857.56,7.4,97.3,11.423,-0,-0.9998,157.13,153.19,127.08,24.96,Cornering,"Hoosier 43075 16x7.5-10 R20, 7 inch rim",25258
79.5,859.741,0.71,-590.68,-258.02,0.004,28.05,16.81,0.04,-0.0027,2.2893,12.33,95108.6,7.4,97.33,11.39,-0,-0.9999,157.15,153.32,127.22,24.97,Cornering,"Hoosier 43075 16x7.5-10 R20, 7 inch rim",25259
79.48,859.751,2.03,-587.24,-257.5,-0.002,29.15,16.6,0.11,-0.0079,2.2806,12.19,36859.3,7.4,97.34,11.341,-0,-0.9998,157.24,153.38,127.26,24.96,Cornering,"Hoosier 43075 16x7.5-10 R20, 7 inch rim",25260
79.48,859.761,2.69,-583.19,-255.8,0.004,29.78,16.29,0.04,-0.0105,2.2799,12.05,95089.06,7.4,97.38,11.314,-0,-0.9999,157.37,153.54,127.12,24.96,Cornering,"Hoosier 43075 16x7.5-10 R20, 7 inch rim",25261
79.51,859.771,2.55,-580.39,-253.41,0.014,29.8,15.75,0.11,-0.0101,2.2903,11.99,36858.27,7.39,97.4,11.281,-0,-0.9998,157.41,153.63,127.04,24.95,Cornering,"Hoosier 43075 16x7.5-10 R20, 7 inch rim",25262
79.5,859.781,1.16,-578.99,-250.84,0.019,29.01,14.74,0.11,-0.0046,2.3082,11.99,36846.14,7.39,97.45,11.241,-0,-0.9998,157.48,153.71,126.92,24.94,Cornering,"Hoosier 43075 16x7.5-10 R20, 7 inch rim",25263
79.47,859.791,-0.89,-579.12,-249.84,-0.002,28.82,13.61,0.11,0.0036,2.318,12.08,36875.39,7.4,97.46,11.213,-0,-0.9998,157.61,153.91,126.74,24.96,Cornering,"Hoosier 43075 16x7.5-10 R20, 7 inch rim",25264
79.5,859.801,-3.01,-579.74,-250.35,-0.002,29.24,12.77,0.11,0.012,2.3157,12.19,36880.54,7.4,97.46,11.171,-0,-0.9998,157.82,154.09,126.68,24.96,Cornering,"Hoosier 43075 16x7.5-10 R20, 7 inch rim",25265
79.51,859.811,-4.81,-582.1,-251.23,0.012,27.92,11.95,0.25,0.0191,2.317,12.3,16580.68,7.4,97.44,11.147,-0,-0.9996,157.84,154.31,126.72,24.96,Cornering,"Hoosier 43075 16x7.5-10 R20, 7 inch rim",25266
79.48,859.821,-6.34,-584.28,-253.4,0.006,28.02,10.58,0.18,0.025,2.3058,12.39,22889.95,7.4,97.43,11.118,-0,-0.9997,157.82,154.42,126.84,24.97,Cornering,"Hoosier 43075 16x7.5-10 R20, 7 inch rim",25267
79.48,859.831,-7.39,-586.94,-254.96,0.004,27.14,9.01,0.11,0.029,2.3021,12.39,36918.76,7.4,97.43,11.069,-0,-0.9998,157.8,154.4,127.02,24.97,Cornering,"Hoosier 43075 16x7.5-10 R20, 7 inch rim",25268
79.51,859.841,-8.06,-588.81,-256.84,0.007,27.59,7.22,0.11,0.0314,2.2925,12.33,36922.45,7.4,97.43,11.039,-0,-0.9998,157.82,154.4,127.26,24.97,Cornering,"Hoosier 43075 16x7.5-10 R20, 7 inch rim",25269
79.5,859.851,-7.91,-588.64,-257.16,-0,27.84,5.85,0.04,0.0307,2.289,12.22,95282.83,7.4,97.43,10.983,-0,-0.9999,157.8,154.44,127.45,24.98,Cornering,"Hoosier 43075 16x7.5-10 R20, 7 inch rim",25270
79.47,859.861,-7.27,-586.46,-257.11,0.009,28.89,4.83,0.11,0.0283,2.281,12.12,36940.62,7.4,97.46,10.961,-0,-0.9998,157.78,154.51,127.49,24.98,Cornering,"Hoosier 43075 16x7.5-10 R20, 7 inch rim",25271
79.49,859.871,-5.92,-583.34,-255.35,0.009,29.44,5.18,0.11,0.0232,2.2845,12.03,36938.63,7.4,97.44,10.906,-0,-0.9998,157.88,154.55,127.39,24.97,Cornering,"Hoosier 43075 16x7.5-10 R20, 7 inch rim",25272
79.51,859.881,-5.24,-580.69,-253.2,0.006,29.4,5.71,0.18,0.0207,2.2934,12.03,22897.92,7.4,97.49,10.872,-0,-0.9997,157.97,154.62,127.26,24.96,Cornering,"Hoosier 43075 16x7.5-10 R20, 7 inch rim",25273
79.48,859.891,-4.74,-579.59,-250.94,0.006,28.39,6.85,0.11,0.0189,2.3097,12.08,36922.04,7.4,97.53,10.83,-0,-0.9998,157.99,154.62,127.08,24.96,Cornering,"Hoosier 43075 16x7.5-10 R20, 7 inch rim",25274
79.48,859.901,-5.23,-578.97,-249.38,0.003,27.94,7.69,0.04,0.021,2.3217,12.2,95279.7,7.4,97.54,10.78,-0,-0.9999,158.1,154.62,126.9,24.97,Cornering,"Hoosier 43075 16x7.5-10 R20, 7 inch rim",25275
79.51,859.911,-6.59,-579.6,-248.84,0.003,26.96,8.15,0.11,0.0265,2.3292,12.32,36992.18,7.4,97.55,10.746,-0,-0.9998,158.18,154.7,126.8,25,Cornering,"Hoosier 43075 16x7.5-10 R20, 7 inch rim",25276
79.5,859.921,-6.87,-581.01,-250.6,0.012,27.53,9.93,0.11,0.0274,2.3185,12.4,37022.51,7.4,97.57,10.707,-0,-0.9998,158.25,154.86,126.84,25.01,Cornering,"Hoosier 43075 16x7.5-10 R20, 7 inch rim",25277
79.47,859.931,-6.54,-582.73,-251.96,0.004,27.18,11.67,0.11,0.026,2.3128,12.44,37053.34,7.4,97.57,10.664,-0,-0.9998,158.27,154.9,126.96,25.03,Cornering,"Hoosier 43075 16x7.5-10 R20, 7 inch rim",25278
79.49,859.941,-5.58,-584.92,-253.84,0.01,27.27,13.38,0.18,0.022,2.3043,12.39,22981.22,7.4,97.59,10.608,-0,-0.9997,158.21,154.86,127.16,25.03,Cornering,"Hoosier 43075 16x7.5-10 R20, 7 inch rim",25279
79.51,859.951,-4.14,-586.32,-255.56,0.007,27.7,14.83,0.11,0.0162,2.2942,12.31,37013.48,7.4,97.6,10.565,-0,-0.9998,158.27,154.81,127.32,25,Cornering,"Hoosier 43075 16x7.5-10 R20, 7 inch rim",25280
79.48,859.961,-2.89,-586.79,-256.41,0.007,27.83,15.29,0.11,0.0113,2.2885,12.2,36966.67,7.4,97.59,10.525,-0,-0.9998,158.4,154.84,127.59,24.96,Cornering,"Hoosier 43075 16x7.5-10 R20, 7 inch rim",25281
79.47,859.971,-1.09,-585.22,-256.91,-0.003,29.22,16.13,0.18,0.0042,2.2779,12.07,22925.95,7.4,97.57,10.489,-0,-0.9997,158.44,154.84,127.69,24.96,Cornering,"Hoosier 43075 16x7.5-10 R20, 7 inch rim",25282
79.49,859.981,0.7,-583.06,-256.67,0.012,29.7,17.05,0.04,-0.0027,2.2716,12,95333.09,7.4,97.57,10.458,-0,-0.9999,158.53,154.92,127.61,24.96,Cornering,"Hoosier 43075 16x7.5-10 R20, 7 inch rim",25283
79.5,859.991,2.04,-580.56,-254.61,0.006,29.08,18.01,0.11,-0.008,2.2802,11.97,36972.01,7.4,97.6,10.405,-0,-0.9998,158.59,155.01,127.49,24.96,Cornering,"Hoosier 43075 16x7.5-10 R20, 7 inch rim",25284
79.47,860.001,1.58,-578.84,-252.42,0.003,28.1,17.79,0.11,-0.0063,2.2932,12.03,37011.13,7.4,97.64,10.363,-0,-0.9998,158.66,154.86,127.39,24.98,Cornering,"Hoosier 43075 16x7.5-10 R20, 7 inch rim",25285
79.48,860.011,1.18,-578.22,-250.46,0.004,27.13,18.33,0.18,-0.0047,2.3086,12.14,22958.71,7.4,97.69,10.329,-0,-0.9997,158.76,154.86,127.26,24.98,Cornering,"Hoosier 43075 16x7.5-10 R20, 7 inch rim",25286
79.51,860.021,-0.51,-578.38,-249.91,0.007,26.93,18.01,0.11,0.002,2.3144,12.3,37036.33,7.4,97.75,10.293,-0,-0.9998,158.85,154.95,127.14,24.99,Cornering,"Hoosier 43075 16x7.5-10 R20, 7 inch rim",25287
79.49,860.031,-2.57,-579.31,-250.28,0.006,26.79,17.28,0.11,0.0103,2.3147,12.44,37066.34,7.4,97.78,10.256,-0,-0.9998,158.91,155.12,127.08,25.01,Cornering,"Hoosier 43075 16x7.5-10 R20, 7 inch rim",25288
79.48,860.041,-4.06,-580.25,-251.47,0.003,27.22,16.66,0.18,0.0162,2.3074,12.49,23014.65,7.4,97.81,10.216,-0,-0.9997,158.98,155.3,127.22,25.03,Cornering,"Hoosier 43075 16x7.5-10 R20, 7 inch rim",25289
79.5,860.051,-4.98,-581.5,-253.44,0.009,27.92,15.87,0.11,0.0197,2.2944,12.48,37099.26,7.4,97.83,10.193,-0,-0.9998,158.98,155.34,127.39,25.03,Cornering,"Hoosier 43075 16x7.5-10 R20, 7 inch rim",25290
79.51,860.061,-4.99,-582.74,-255.61,0.001,28.81,15.32,0.18,0.0195,2.2798,12.42,23013.84,7.4,97.82,10.152,-0,-0.9997,158.96,155.25,127.57,25.03,Cornering,"Hoosier 43075 16x7.5-10 R20, 7 inch rim",25291
79.48,860.071,-5.12,-583.84,-257.07,0.007,28.64,13.95,0.11,0.0199,2.2712,12.28,37064.67,7.4,97.83,10.119,-0,-0.9998,159.02,155.21,127.75,25,Cornering,"Hoosier 43075 16x7.5-10 R20, 7 inch rim",25292
79.49,860.081,-5.64,-583.69,-257.69,0.013,28.95,11.66,0.04,0.0219,2.2651,12.11,95599.8,7.4,97.83,10.077,-0,-0.9999,158.96,155.23,127.91,25,Cornering,"Hoosier 43075 16x7.5-10 R20, 7 inch rim",25293
79.51,860.091,-4.82,-582.13,-257.39,0.007,29.15,10.93,-0.03,0.0187,2.2617,11.99,-165146.81,7.4,97.81,10.037,-0,-1,158.96,155.3,127.87,25,Cornering,"Hoosier 43075 16x7.5-10 R20, 7 inch rim",25294
79.49,860.101,-4.33,-579.95,-255.6,0.014,28.35,10.3,0.18,0.0169,2.269,11.91,23003.22,7.4,97.82,9.997,-0,-0.9997,158.98,155.32,127.69,25,Cornering,"Hoosier 43075 16x7.5-10 R20, 7 inch rim",25295
79.46,860.111,-4.06,-578.37,-253.44,-0.003,27.58,10.27,0.18,0.016,2.2821,11.93,23001.12,7.4,97.82,9.95,-0,-0.9997,159,155.39,127.57,25,Cornering,"Hoosier 43075 16x7.5-10 R20, 7 inch rim",25296
79.49,860.121,-4.4,-577.14,-252.15,0.014,27.5,10.68,0.11,0.0174,2.2889,12.02,37061.26,7.39,97.86,9.917,-0,-0.9998,158.94,155.41,127.41,24.98,Cornering,"Hoosier 43075 16x7.5-10 R20, 7 inch rim",25297
79.52,860.131,-5.4,-576.19,-250.47,-0.003,27.12,11.14,0.11,0.0215,2.3004,12.15,37050.32,7.4,97.86,9.859,-0,-0.9998,158.98,155.5,127.2,24.97,Cornering,"Hoosier 43075 16x7.5-10 R20, 7 inch rim",25298
79.48,860.141,-6.33,-575.73,-250.99,0.009,28.21,12.16,0.04,0.0252,2.2938,12.3,95559.27,7.4,97.86,9.829,-0,-0.9999,159,155.61,127.14,24.97,Cornering,"Hoosier 43075 16x7.5-10 R20, 7 inch rim",25299
79.48,860.151,-7.02,-576.36,-252.17,0.003,28.79,13.26,0.18,0.0278,2.2855,12.39,22990.64,7.4,97.88,9.789,-0,-0.9997,159,155.67,127.22,24.97,Cornering,"Hoosier 43075 16x7.5-10 R20, 7 inch rim",25300
79.5,860.161,-6.97,-577.62,-253.38,0.009,28.55,14.67,0.04,0.0275,2.2797,12.4,95651.4,7.4,97.88,9.738,-0,-0.9999,159,155.69,127.37,24.98,Cornering,"Hoosier 43075 16x7.5-10 R20, 7 inch rim",25301
79.49,860.171,-6.19,-579.65,-255.54,0.007,28.93,16,0.11,0.0242,2.2683,12.37,37128.36,7.4,97.91,9.695,-0,-0.9998,158.91,155.65,127.53,25.01,Cornering,"Hoosier 43075 16x7.5-10 R20, 7 inch rim",25302
79.47,860.181,-5.5,-581.36,-256.51,-0,28.65,16.65,0.18,0.0214,2.2664,12.28,23036.79,7.4,97.93,9.658,-0,-0.9997,158.98,155.56,127.71,25.01,Cornering,"Hoosier 43075 16x7.5-10 R20, 7 inch rim",25303
79.49,860.191,-4.23,-582.61,-257.32,0.007,28.57,17.16,0.18,0.0164,2.2641,12.13,23023.99,7.4,97.93,9.609,-0,-0.9997,158.98,155.5,127.83,25,Cornering,"Hoosier 43075 16x7.5-10 R20, 7 inch rim",25304
79.51,860.201,-2.83,-581.84,-257.91,0.01,28.64,17.44,0.25,0.011,2.2559,12.01,16689.3,7.4,97.9,9.563,-0,-0.9996,158.94,155.5,127.81,25,Cornering,"Hoosier 43075 16x7.5-10 R20, 7 inch rim",25305
79.48,860.211,-1.1,-579.65,-256.49,0.003,28.26,18.16,0.11,0.0043,2.26,11.95,37111.89,7.4,97.9,9.526,-0,-0.9998,158.91,155.58,127.63,24.98,Cornering,"Hoosier 43075 16x7.5-10 R20, 7 inch rim",25306
79.47,860.221,0.46,-577.32,-254.67,0.003,27.45,19.39,0.18,-0.0018,2.2669,11.98,23015.85,7.4,97.91,9.489,-0,-0.9997,158.94,155.58,127.45,24.98,Cornering,"Hoosier 43075 16x7.5-10 R20, 7 inch rim",25307
79.5,860.231,1.08,-575.45,-252.85,0.01,27.28,20.48,0.04,-0.0043,2.2758,12.06,95705.22,7.4,97.91,9.46,-0,-0.9999,158.81,155.5,127.28,24.98,Cornering,"Hoosier 43075 16x7.5-10 R20, 7 inch rim",25308
79.51,860.241,0.27,-574.19,-250.7,-0.002,27.06,20.68,0.11,-0.0011,2.2903,12.19,37115.71,7.4,97.91,9.407,-0,-0.9998,158.74,155.54,127.16,24.98,Cornering,"Hoosier 43075 16x7.5-10 R20, 7 inch rim",25309
79.47,860.251,-0.81,-574.04,-250.69,0.007,27.55,21.24,0.11,0.0032,2.2899,12.33,37119.57,7.4,97.91,9.37,-0,-0.9998,158.74,155.63,127.1,24.98,Cornering,"Hoosier 43075 16x7.5-10 R20, 7 inch rim",25310
79.49,860.261,-2.6,-574.2,-251.12,0.007,27.92,20.88,0.25,0.0104,2.2865,12.41,16680.5,7.4,97.88,9.338,-0,-0.9996,158.74,155.72,127.16,24.97,Cornering,"Hoosier 43075 16x7.5-10 R20, 7 inch rim",25311
79.51,860.271,-3.91,-575.29,-252.85,0.009,28.67,20.62,0.18,0.0155,2.2753,12.42,23006.28,7.4,97.88,9.305,-0,-0.9997,158.68,155.76,127.3,24.96,Cornering,"Hoosier 43075 16x7.5-10 R20, 7 inch rim",25312
79.48,860.281,-4.46,-577.17,-255.11,0.014,29.14,20.24,0.04,0.0175,2.2624,12.37,95602,7.4,97.88,9.264,-0,-0.9999,158.57,155.72,127.55,24.94,Cornering,"Hoosier 43075 16x7.5-10 R20, 7 inch rim",25313
79.47,860.291,-4.68,-579.05,-256.43,0.013,28.37,19.46,0.25,0.0182,2.2581,12.28,16666.08,7.4,97.85,9.231,-0,-0.9996,158.51,155.67,127.81,24.94,Cornering,"Hoosier 43075 16x7.5-10 R20, 7 inch rim",25314
79.51,860.301,-4.61,-580.29,-258.04,0.016,28.84,18.44,0.25,0.0179,2.2489,12.14,16671.72,7.4,97.86,9.192,-0,-0.9996,158.48,155.58,127.99,24.94,Cornering,"Hoosier 43075 16x7.5-10 R20, 7 inch rim",25315
79.51,860.311,-4.15,-579.98,-258.68,0.016,29.08,17.37,0.04,0.0161,2.2421,12.05,95698.29,7.4,97.86,9.151,-0,-0.9999,158.44,155.56,128.07,24.96,Cornering,"Hoosier 43075 16x7.5-10 R20, 7 inch rim",25316
79.47,860.321,-3.93,-577.79,-257.58,0.003,28.63,15.97,0.18,0.0153,2.2431,12,23019.08,7.4,97.87,9.102,-0,-0.9997,158.44,155.58,127.99,24.96,Cornering,"Hoosier 43075 16x7.5-10 R20, 7 inch rim",25317
79.49,860.331,-3.41,-575.46,-255.75,0.006,28.04,15.53,0.11,0.0133,2.2501,12.05,37114.55,7.4,97.91,9.081,-0,-0.9998,158.38,155.58,127.89,24.96,Cornering,"Hoosier 43075 16x7.5-10 R20, 7 inch rim",25318
79.51,860.341,-3.81,-572.8,-253.39,-0.002,27.88,15.08,0.18,0.015,2.2605,12.14,23018.18,7.4,97.91,9.03,-0,-0.9997,158.36,155.39,127.77,24.95,Cornering,"Hoosier 43075 16x7.5-10 R20, 7 inch rim",25319
79.48,860.351,-4.8,-571.72,-251.77,0.013,27.2,15.03,0.11,0.0191,2.2708,12.25,37123.12,7.4,97.89,8.995,-0,-0.9998,158.31,155.39,127.69,24.96,Cornering,"Hoosier 43075 16x7.5-10 R20, 7 inch rim",25320
79.47,860.361,-6.23,-570.63,-251.17,0.017,28.45,15.39,0.11,0.0248,2.2719,12.39,37135.85,7.4,97.86,8.953,-0,-0.9998,158.31,155.41,127.63,24.96,Cornering,"Hoosier 43075 16x7.5-10 R20, 7 inch rim",25321
79.49,860.371,-7.23,-570.62,-251,0.006,28.43,16.19,0.04,0.0288,2.2734,12.47,95847.59,7.4,97.84,8.916,-0,-0.9999,158.29,155.52,127.61,24.98,Cornering,"Hoosier 43075 16x7.5-10 R20, 7 inch rim",25322
79.51,860.381,-8.02,-572.34,-252.69,0.007,28.7,17.1,0.11,0.0318,2.265,12.49,37169.89,7.4,97.86,8.87,-0,-0.9998,158.25,155.58,127.73,24.98,Cornering,"Hoosier 43075 16x7.5-10 R20, 7 inch rim",25323
79.48,860.391,-7.66,-574.21,-254.45,-0.002,28.96,18.42,0.04,0.0301,2.2567,12.43,95891.16,7.4,97.88,8.831,-0,-0.9999,158.21,155.56,127.97,24.98,Cornering,"Hoosier 43075 16x7.5-10 R20, 7 inch rim",25324
79.48,860.401,-6.71,-576.71,-256.04,0.001,28.3,19.59,0.11,0.0262,2.2524,12.35,37213.18,7.4,97.92,8.78,-0,-0.9998,158.14,155.5,128.13,25,Cornering,"Hoosier 43075 16x7.5-10 R20, 7 inch rim",25325
79.5,860.411,-5.26,-578.27,-257.93,0.001,28.83,20.42,0.18,0.0204,2.2419,12.22,23084.08,7.4,97.96,8.738,-0,-0.9997,158.16,155.39,128.34,25,Cornering,"Hoosier 43075 16x7.5-10 R20, 7 inch rim",25326
79.49,860.421,-4.1,-578.59,-258.68,0.012,28.34,20.59,0.11,0.0158,2.2367,12.08,37228.57,7.4,97.96,8.71,-0,-0.9998,158.1,155.36,128.4,25.01,Cornering,"Hoosier 43075 16x7.5-10 R20, 7 inch rim",25327
79.47,860.431,-2.73,-576.88,-257.91,0.009,28.15,20.63,0.18,0.0106,2.2367,12.02,23083.42,7.4,97.98,8.66,-0,-0.9997,157.97,155.36,128.31,25,Cornering,"Hoosier 43075 16x7.5-10 R20, 7 inch rim",25328
79.5,860.441,-1.59,-574.23,-256.34,0.01,27.55,20.73,0.11,0.0062,2.2402,12.03,37211.04,7.4,97.97,8.622,-0,-0.9998,157.97,155.36,128.13,24.99,Cornering,"Hoosier 43075 16x7.5-10 R20, 7 inch rim",25329
79.51,860.451,-0.67,-570.96,-254.46,0.004,27.61,21.38,0.18,0.0026,2.2438,12.13,23072.17,7.4,97.99,8.578,-0,-0.9997,157.86,155.25,127.95,24.98,Cornering,"Hoosier 43075 16x7.5-10 R20, 7 inch rim",25330
79.48,860.461,-0.37,-568.61,-252.47,-0.005,27.8,22.76,0.18,0.0015,2.2521,12.25,23064.06,7.4,98.02,8.534,-0,-0.9997,157.8,155.14,127.81,24.97,Cornering,"Hoosier 43075 16x7.5-10 R20, 7 inch rim",25331
79.48,860.471,-1.14,-566.91,-251.66,0.01,28.45,23.8,0.04,0.0045,2.2527,12.33,95840.82,7.4,98.05,8.494,-0,-0.9999,157.88,155.19,127.73,24.95,Cornering,"Hoosier 43075 16x7.5-10 R20, 7 inch rim",25332
79.51,860.481,-2.27,-566.45,-251.33,0.013,28.57,24.74,0.11,0.009,2.2538,12.39,37165.84,7.4,98.09,8.461,-0,-0.9998,157.84,155.21,127.63,24.95,Cornering,"Hoosier 43075 16x7.5-10 R20, 7 inch rim",25333
79.49,860.491,-3.25,-567.37,-252.81,-0.002,28.96,25.23,0.11,0.0128,2.2443,12.38,37178.07,7.4,98.12,8.422,-0,-0.9998,157.82,155.3,127.63,24.96,Cornering,"Hoosier 43075 16x7.5-10 R20, 7 inch rim",25334
79.47,860.501,-4.12,-569.42,-254.09,0.009,27.73,25.52,0.04,0.0162,2.241,12.3,95890.17,7.4,98.11,8.38,-0,-0.9999,157.76,155.21,127.79,24.96,Cornering,"Hoosier 43075 16x7.5-10 R20, 7 inch rim",25335
79.48,860.511,-4.27,-571.44,-256.61,-0,28.81,25.68,0.04,0.0166,2.2269,12.19,95899.69,7.4,98.17,8.34,-0,-0.9999,157.61,155.1,128.07,24.96,Cornering,"Hoosier 43075 16x7.5-10 R20, 7 inch rim",25336
79.51,860.521,-4.27,-573.49,-258.28,0.014,28.06,24.91,0.25,0.0165,2.2204,12.06,16721.93,7.4,98.18,8.302,-0,-0.9996,157.61,154.99,128.23,24.96,Cornering,"Hoosier 43075 16x7.5-10 R20, 7 inch rim",25337
79.49,860.531,-3.92,-574.41,-259.15,0.003,27.99,23.89,0.18,0.0151,2.2165,11.99,23100.85,7.4,98.23,8.266,-0,-0.9997,157.5,154.92,128.38,24.99,Cornering,"Hoosier 43075 16x7.5-10 R20, 7 inch rim",25338
79.48,860.541,-3.19,-573.17,-259.12,0.01,28.15,22.89,0.32,0.0123,2.212,11.98,13127.27,7.4,98.25,8.233,-0,-0.9994,157.37,154.88,128.36,24.98,Cornering,"Hoosier 43075 16x7.5-10 R20, 7 inch rim",25339
79.5,860.551,-2.39,-570.06,-257.56,0.016,28.06,22.2,0.11,0.0093,2.2133,12.06,37259.09,7.4,98.29,8.197,-0,-0.9998,157.33,154.84,128.29,25,Cornering,"Hoosier 43075 16x7.5-10 R20, 7 inch rim",25340
79.5,860.561,-1.76,-566.31,-254.98,0.009,27.38,21.94,0.11,0.0069,2.2211,12.17,37254.58,7.4,98.31,8.151,-0,-0.9998,157.28,154.75,128.15,24.99,Cornering,"Hoosier 43075 16x7.5-10 R20, 7 inch rim",25341
79.48,860.571,-2.29,-563.35,-253.02,0.007,27.62,21.59,0.11,0.0091,2.2265,12.3,37240.63,7.4,98.36,8.114,-0,-0.9998,157.13,154.62,127.99,24.98,Cornering,"Hoosier 43075 16x7.5-10 R20, 7 inch rim",25342
79.49,860.581,-4.23,-561.01,-251.53,0.01,27.87,20.98,0.18,0.0168,2.2304,12.39,23100.28,7.4,98.37,8.084,-0,-0.9997,157.15,154.64,127.87,24.98,Cornering,"Hoosier 43075 16x7.5-10 R20, 7 inch rim",25343
79.51,860.591,-6.01,-560.39,-251.77,0.007,27.93,21.12,0.11,0.0239,2.2258,12.41,37247.38,7.4,98.39,8.038,-0,-0.9998,157.09,154.68,127.81,24.98,Cornering,"Hoosier 43075 16x7.5-10 R20, 7 inch rim",25344
79.48,860.601,-7.65,-561.03,-253.17,0.014,28.26,21.24,0.11,0.0302,2.216,12.41,37277.47,7.4,98.4,7.991,-0,-0.9998,157,154.79,127.81,25,Cornering,"Hoosier 43075 16x7.5-10 R20, 7 inch rim",25345
79.47,860.611,-8.29,-562.74,-254.96,-0.002,28.13,21.9,0.18,0.0325,2.2071,12.31,23128.78,7.4,98.42,7.955,-0,-0.9997,156.94,154.75,127.95,25,Cornering,"Hoosier 43075 16x7.5-10 R20, 7 inch rim",25346
79.5,860.621,-7.88,-564.78,-257.11,-0,27.91,22.84,0.25,0.0307,2.1967,12.19,16768.41,7.4,98.4,7.918,-0,-0.9996,156.79,154.59,128.19,25.01,Cornering,"Hoosier 43075 16x7.5-10 R20, 7 inch rim",25347
79.51,860.631,-6.72,-566.81,-259.24,0.003,27.9,23.94,0.11,0.0259,2.1864,12.06,37314.03,7.4,98.38,7.869,-0,-0.9998,156.75,154.42,128.4,25.01,Cornering,"Hoosier 43075 16x7.5-10 R20, 7 inch rim",25348
79.48,860.641,-5.39,-567.59,-260.21,0.001,28.04,24.21,0.18,0.0207,2.1812,12,23162.92,7.4,98.37,7.819,-0,-0.9997,156.6,154.33,128.56,25.03,Cornering,"Hoosier 43075 16x7.5-10 R20, 7 inch rim",25349
79.49,860.651,-3.86,-566.67,-259.89,0.007,27.33,24.42,0.11,0.0149,2.1804,12,37346.52,7.4,98.32,7.793,-0,-0.9998,156.53,154.26,128.58,25.03,Cornering,"Hoosier 43075 16x7.5-10 R20, 7 inch rim",25350
79.51,860.661,-2.5,-563.86,-259.05,0.01,27.88,24.47,0.18,0.0097,2.1766,12.07,23161.36,7.4,98.31,7.748,-0,-0.9997,156.4,154.2,128.52,25.03,Cornering,"Hoosier 43075 16x7.5-10 R20, 7 inch rim",25351
79.49,860.671,-1.51,-559.8,-256.53,-0.003,27.02,24.57,0.11,0.0059,2.1822,12.19,37337.28,7.41,98.3,7.699,-0,-0.9998,156.3,154.18,128.31,25.02,Cornering,"Hoosier 43075 16x7.5-10 R20, 7 inch rim",25352
79.48,860.681,-1.15,-556.7,-254.51,0.01,26.67,25.18,0.11,0.0045,2.1874,12.35,37313.27,7.4,98.28,7.676,-0,-0.9998,156.19,153.93,128.19,25,Cornering,"Hoosier 43075 16x7.5-10 R20, 7 inch rim",25353
79.5,860.691,-1.98,-554.22,-252.94,0.017,26.73,25.76,0.11,0.0078,2.1911,12.46,37291.77,7.4,98.29,7.623,-0,-0.9998,156.06,153.87,128.01,24.98,Cornering,"Hoosier 43075 16x7.5-10 R20, 7 inch rim",25354
79.51,860.701,-3.12,-553.12,-252.93,0.01,27.36,26.64,-0.03,0.0123,2.1869,12.5,-166017.16,7.4,98.3,7.583,-0,-1,155.97,153.87,127.97,24.97,Cornering,"Hoosier 43075 16x7.5-10 R20, 7 inch rim",25355
79.48,860.711,-3.97,-552.81,-253.52,-0.002,27.73,27.89,0.18,0.0157,2.1806,12.48,23113.53,7.41,98.32,7.533,-0,-0.9997,155.93,153.89,127.97,24.96,Cornering,"Hoosier 43075 16x7.5-10 R20, 7 inch rim",25356
79.48,860.721,-4.8,-554.07,-254.64,0.007,27,28.61,0.18,0.0188,2.1759,12.39,23115.28,7.41,98.35,7.498,-0,-0.9997,155.85,153.91,128.07,24.96,Cornering,"Hoosier 43075 16x7.5-10 R20, 7 inch rim",25357
79.51,860.731,-4.59,-555.48,-257.08,0.004,27.56,29.49,0.25,0.0178,2.1607,12.25,16758.44,7.41,98.39,7.464,-0,-0.9996,155.76,153.8,128.31,24.97,Cornering,"Hoosier 43075 16x7.5-10 R20, 7 inch rim",25358
79.49,860.741,-3.92,-557.05,-258.93,0.004,27.43,29.94,0.18,0.0152,2.1514,12.11,23124.43,7.41,98.4,7.424,-0,-0.9997,155.57,153.63,128.54,24.97,Cornering,"Hoosier 43075 16x7.5-10 R20, 7 inch rim",25359
79.47,860.751,-3.31,-557.83,-260.24,0.004,26.99,29.64,0.11,0.0127,2.1436,12,37277.3,7.41,98.46,7.378,-0,-0.9998,155.44,153.56,128.68,24.96,Cornering,"Hoosier 43075 16x7.5-10 R20, 7 inch rim",25360
79.5,860.761,-2.77,-557.21,-260.89,0.006,27.41,28.91,0.04,0.0106,2.1358,11.97,96122.22,7.41,98.53,7.338,-0,-0.9999,155.29,153.47,128.76,24.96,Cornering,"Hoosier 43075 16x7.5-10 R20, 7 inch rim",25361
79.51,860.771,-1.93,-554.87,-260.01,0.004,27.6,28.1,0.11,0.0074,2.134,12.04,37257.09,7.41,98.53,7.307,-0,-0.9998,155.18,153.41,128.74,24.94,Cornering,"Hoosier 43075 16x7.5-10 R20, 7 inch rim",25362
79.48,860.781,-1.39,-551.76,-258.18,0.007,26.96,27.55,0.11,0.0054,2.1371,12.14,37269.98,7.41,98.55,7.254,-0,-0.9998,155.05,153.43,128.62,24.95,Cornering,"Hoosier 43075 16x7.5-10 R20, 7 inch rim",25363
79.47,860.791,-1.14,-548.18,-256.4,0.003,26.96,27.54,0.04,0.0044,2.138,12.25,96168.41,7.41,98.56,7.222,-0,-0.9999,154.92,153.27,128.48,24.96,Cornering,"Hoosier 43075 16x7.5-10 R20, 7 inch rim",25364
79.5,860.801,-2.36,-545.23,-254.46,0.012,26.63,27.19,0.11,0.0093,2.1427,12.35,37310.05,7.41,98.58,7.185,-0,-0.9998,154.82,153.14,128.38,24.97,Cornering,"Hoosier 43075 16x7.5-10 R20, 7 inch rim",25365
79.5,860.811,-3.47,-543.34,-254.26,-0.002,27.7,27.64,0.11,0.0137,2.1369,12.37,37321.97,7.41,98.61,7.143,-0,-0.9998,154.82,153.16,128.34,24.98,Cornering,"Hoosier 43075 16x7.5-10 R20, 7 inch rim",25366
79.47,860.821,-5,-542.74,-255,0.007,27.82,27.98,0.11,0.0196,2.1284,12.33,37324.32,7.41,98.63,7.113,-0,-0.9998,154.75,153.16,128.31,24.98,Cornering,"Hoosier 43075 16x7.5-10 R20, 7 inch rim",25367
79.49,860.831,-6.11,-543.22,-255.75,0.006,27.36,28.27,0.11,0.0239,2.124,12.28,37310.44,7.41,98.64,7.069,-0,-0.9998,154.64,153.23,128.5,24.97,Cornering,"Hoosier 43075 16x7.5-10 R20, 7 inch rim",25368
79.51,860.841,-6.86,-544.79,-257.97,0.007,27.18,28.13,0.18,0.0266,2.1118,12.14,23132.82,7.41,98.65,7.034,-0,-0.9997,154.56,153.1,128.74,24.96,Cornering,"Hoosier 43075 16x7.5-10 R20, 7 inch rim",25369
79.48,860.851,-6.64,-546.04,-259.76,0.007,26.73,28.39,0.11,0.0256,2.1021,12.03,37316.17,7.41,98.65,6.994,-0,-0.9998,154.32,152.9,128.96,24.97,Cornering,"Hoosier 43075 16x7.5-10 R20, 7 inch rim",25370
79.47,860.861,-5.94,-547.15,-261.45,0.016,26.38,28.46,0.11,0.0227,2.0928,11.97,37335.79,7.41,98.65,6.964,-0,-0.9998,154.11,152.81,129.14,24.98,Cornering,"Hoosier 43075 16x7.5-10 R20, 7 inch rim",25371
79.5,860.871,-5.74,-546.52,-262.66,0.014,27.59,27.54,0.11,0.0218,2.0807,11.97,37365.48,7.41,98.65,6.916,-0,-0.9998,153.96,152.7,129.28,25,Cornering,"Hoosier 43075 16x7.5-10 R20, 7 inch rim",25372
79.5,860.881,-4.44,-544.64,-261.86,-0.002,27.21,27.4,0.18,0.0169,2.0799,12.06,23199.5,7.41,98.65,6.874,-0,-0.9997,153.81,152.61,129.31,25.02,Cornering,"Hoosier 43075 16x7.5-10 R20, 7 inch rim",25373
79.47,860.891,-3.64,-541.38,-260,0.001,26.77,27.01,0.11,0.014,2.0822,12.18,37423.41,7.41,98.63,6.837,-0,-0.9998,153.7,152.53,129.22,25.03,Cornering,"Hoosier 43075 16x7.5-10 R20, 7 inch rim",25374
79.49,860.901,-2.75,-537.8,-258.15,0.006,26.62,27.48,0.11,0.0106,2.0833,12.31,37409.07,7.41,98.63,6.797,-0,-0.9998,153.53,152.39,129.1,25.02,Cornering,"Hoosier 43075 16x7.5-10 R20, 7 inch rim",25375
79.5,860.911,-2.55,-534.54,-256.65,0.013,26.36,28.25,0.04,0.0099,2.0827,12.4,96441.71,7.41,98.63,6.742,-0,-0.9999,153.38,152.22,128.96,25.01,Cornering,"Hoosier 43075 16x7.5-10 R20, 7 inch rim",25376
79.49,860.921,-3.42,-531.73,-254.96,0.003,25.65,28.84,0.18,0.0134,2.0856,12.41,23180.28,7.42,98.61,6.708,-0,-0.9997,153.27,152.2,128.9,24.99,Cornering,"Hoosier 43075 16x7.5-10 R20, 7 inch rim",25377
79.47,860.931,-4.68,-530.5,-255.68,0.013,26.52,29.56,0.11,0.0183,2.0749,12.38,37374.39,7.41,98.63,6.679,-0,-0.9998,153.19,152.22,128.9,24.99,Cornering,"Hoosier 43075 16x7.5-10 R20, 7 inch rim",25378
79.5,860.941,-5.16,-530.51,-256.81,0.006,26.23,30.89,0.11,0.0201,2.0658,12.28,37361.11,7.42,98.6,6.624,-0,-0.9998,153.04,152.24,129.02,24.98,Cornering,"Hoosier 43075 16x7.5-10 R20, 7 inch rim",25379
79.51,860.951,-5.55,-531.14,-258.53,0.001,26.29,31.43,0.18,0.0215,2.0544,12.17,23169.83,7.42,98.55,6.582,-0,-0.9997,152.97,152.2,129.28,24.97,Cornering,"Hoosier 43075 16x7.5-10 R20, 7 inch rim",25380
79.47,860.961,-5.65,-532.25,-260.54,0.001,25.88,31.72,0.11,0.0217,2.0429,12.05,37332.39,7.42,98.56,6.54,-0,-0.9998,152.8,152.08,129.49,24.96,Cornering,"Hoosier 43075 16x7.5-10 R20, 7 inch rim",25381
79.48,860.971,-4.71,-532.72,-262.18,-0,25.87,32.21,0.18,0.018,2.0319,11.98,23162.24,7.42,98.56,6.51,-0,-0.9997,152.67,151.91,129.73,24.96,Cornering,"Hoosier 43075 16x7.5-10 R20, 7 inch rim",25382
79.51,860.981,-3.68,-532.57,-264.03,0.006,26.76,32.43,0.11,0.0139,2.0171,11.99,37354.52,7.42,98.58,6.473,-0,-0.9998,152.5,151.78,129.87,24.97,Cornering,"Hoosier 43075 16x7.5-10 R20, 7 inch rim",25383
79.49,860.991,-2.94,-530.72,-263.15,0.013,25.94,31.96,0.11,0.0112,2.0168,12.08,37367.02,7.42,98.59,6.419,-0,-0.9998,152.28,151.6,129.89,24.97,Cornering,"Hoosier 43075 16x7.5-10 R20, 7 inch rim",25384
79.47,861.001,-1.61,-527.75,-261.99,0.013,26.27,32.09,0.18,0.0062,2.0144,12.21,23183.75,7.42,98.57,6.387,-0,-0.9997,152.09,151.51,129.77,24.98,Cornering,"Hoosier 43075 16x7.5-10 R20, 7 inch rim",25385
79.5,861.011,-1.43,-524.16,-259.4,-0.002,25.17,31.61,0.11,0.0055,2.0207,12.37,37354.45,7.42,98.59,6.35,-0,-0.9998,151.86,151.34,129.67,24.96,Cornering,"Hoosier 43075 16x7.5-10 R20, 7 inch rim",25386
79.51,861.021,-1.41,-520.58,-258.13,0.001,25.68,32.01,0.11,0.0055,2.0168,12.47,37357.61,7.42,98.59,6.304,-0,-0.9998,151.68,151.18,129.53,24.96,Cornering,"Hoosier 43075 16x7.5-10 R20, 7 inch rim",25387
79.48,861.031,-2.46,-518.1,-256.61,0.001,25.23,32.29,0.11,0.0096,2.019,12.5,37386.38,7.42,98.59,6.264,-0,-0.9998,151.58,151.05,129.49,24.98,Cornering,"Hoosier 43075 16x7.5-10 R20, 7 inch rim",25388
79.48,861.041,-3.91,-516.09,-256.46,0.007,25.33,32.62,0.11,0.0152,2.0124,12.46,37440.68,7.42,98.57,6.231,-0,-0.9998,151.47,151.05,129.47,25.01,Cornering,"Hoosier 43075 16x7.5-10 R20, 7 inch rim",25389
79.51,861.051,-5.47,-515.48,-257.49,0.007,25.49,32.71,0.18,0.0212,2.0019,12.36,23240.59,7.42,98.56,6.19,-0,-0.9997,151.4,151.07,129.53,25.03,Cornering,"Hoosier 43075 16x7.5-10 R20, 7 inch rim",25390
79.5,861.061,-6.09,-515.64,-258.81,0.001,25.25,33.29,0.11,0.0235,1.9924,12.21,37463.54,7.43,98.54,6.15,-0,-0.9998,151.32,151.03,129.71,25.03,Cornering,"Hoosier 43075 16x7.5-10 R20, 7 inch rim",25391
79.47,861.071,-5.88,-516.44,-261.07,0.013,25.18,33.9,0.18,0.0225,1.9782,12.09,23227.42,7.43,98.53,6.118,-0,-0.9997,151.15,150.85,129.99,25.01,Cornering,"Hoosier 43075 16x7.5-10 R20, 7 inch rim",25392
79.49,861.081,-5.32,-516.74,-263.35,-0.005,26.2,33.94,0.11,0.0202,1.9622,12.05,37425.11,7.43,98.51,6.075,-0,-0.9998,151.02,150.72,130.19,25,Cornering,"Hoosier 43075 16x7.5-10 R20, 7 inch rim",25393
79.51,861.091,-4.32,-516.6,-264.45,-0.002,25.99,33.93,0.11,0.0163,1.9534,12.08,37428.13,7.43,98.5,6.029,-0,-0.9998,150.87,150.52,130.4,25,Cornering,"Hoosier 43075 16x7.5-10 R20, 7 inch rim",25394
79.48,861.101,-3.23,-515.04,-265.55,0.004,27.34,33.63,0.18,0.0121,1.9395,12.15,23227.31,7.43,98.5,5.989,-0,-0.9997,150.65,150.46,130.48,25.01,Cornering,"Hoosier 43075 16x7.5-10 R20, 7 inch rim",25395
79.48,861.111,-2.61,-512.56,-264.05,0.014,26.51,32.92,-0.03,0.0099,1.9411,12.27,-166939.02,7.43,98.48,5.959,-0,-1,150.48,150.37,130.44,25.03,Cornering,"Hoosier 43075 16x7.5-10 R20, 7 inch rim",25396
79.5,861.121,-1.94,-509.45,-261.56,0.013,25.12,32.59,0.04,0.0074,1.9477,12.36,96746.57,7.43,98.48,5.91,-0,-0.9999,150.27,150.24,130.34,25.05,Cornering,"Hoosier 43075 16x7.5-10 R20, 7 inch rim",25397
79.5,861.131,-1.86,-505.71,-259.47,0.01,24.89,32.45,-0.03,0.0072,1.949,12.4,-167003.58,7.43,98.48,5.869,-0,-1,150.1,150.04,130.23,25.03,Cornering,"Hoosier 43075 16x7.5-10 R20, 7 inch rim",25398
79.47,861.141,-2.78,-502.59,-257.63,-0.003,24.27,32.6,0.11,0.0108,1.9508,12.39,37458.33,7.43,98.46,5.83,-0,-0.9998,149.97,149.88,130.15,25.01,Cornering,"Hoosier 43075 16x7.5-10 R20, 7 inch rim",25399
79.49,861.151,-4.4,-500.26,-256.63,-0.002,24.02,32.77,0.11,0.0171,1.9493,12.3,37434.55,7.43,98.46,5.794,-0,-0.9998,149.88,149.84,130.11,24.99,Cornering,"Hoosier 43075 16x7.5-10 R20, 7 inch rim",25400
79.51,861.161,-5.6,-499.19,-257.37,0.006,24.43,33.59,0.04,0.0217,1.9396,12.16,96461.4,7.43,98.43,5.737,-0,-0.9999,149.77,149.8,130.13,24.97,Cornering,"Hoosier 43075 16x7.5-10 R20, 7 inch rim",25401
79.48,861.171,-6.01,-499.05,-259.07,0.004,24.61,34.75,-0.03,0.0232,1.9263,12.03,-166585.56,7.43,98.43,5.704,-0,-1,149.67,149.71,130.23,24.96,Cornering,"Hoosier 43075 16x7.5-10 R20, 7 inch rim",25402
79.47,861.181,-6.06,-499.22,-260.63,0.004,24.34,35.47,0.18,0.0233,1.9154,11.96,23196.99,7.44,98.41,5.664,-0,-0.9997,149.45,149.58,130.52,24.96,Cornering,"Hoosier 43075 16x7.5-10 R20, 7 inch rim",25403
79.5,861.191,-5.64,-499.54,-263.31,0.001,24.93,35.95,-0.03,0.0214,1.8971,11.97,-166570.34,7.44,98.4,5.618,-0,-1,149.32,149.42,130.8,24.96,Cornering,"Hoosier 43075 16x7.5-10 R20, 7 inch rim",25404
79.5,861.201,-4.59,-498.93,-264.97,0.007,25.42,36.38,0.18,0.0173,1.883,12.03,23178.47,7.44,98.43,5.584,-0,-0.9997,149.15,149.22,130.98,24.94,Cornering,"Hoosier 43075 16x7.5-10 R20, 7 inch rim",25405
79.47,861.211,-3.37,-498.15,-265.86,0.009,25.77,36.62,0.11,0.0127,1.8737,12.14,37354.07,7.44,98.46,5.55,-0,-0.9998,148.94,149.09,131.08,24.93,Cornering,"Hoosier 43075 16x7.5-10 R20, 7 inch rim",25406
79.48,861.221,-2.76,-495.35,-264.33,0.009,25.16,35.86,0.11,0.0104,1.874,12.28,37356.47,7.43,98.49,5.51,-0,-0.9998,148.74,148.92,131.06,24.93,Cornering,"Hoosier 43075 16x7.5-10 R20, 7 inch rim",25407
79.51,861.231,-1.84,-492.39,-262.56,0.01,24.68,35.71,0.11,0.007,1.8754,12.36,37367.28,7.44,98.51,5.474,-0,-0.9998,148.62,148.78,131,24.93,Cornering,"Hoosier 43075 16x7.5-10 R20, 7 inch rim",25408
79.49,861.241,-1.54,-488.97,-260.15,0.004,23.83,35.81,0.18,0.0059,1.8795,12.39,23195.01,7.44,98.52,5.428,-0,-0.9997,148.34,148.52,130.92,24.95,Cornering,"Hoosier 43075 16x7.5-10 R20, 7 inch rim",25409
79.47,861.251,-1.94,-485.39,-258.12,0.006,23.46,36.22,0.18,0.0075,1.8805,12.34,23179.73,7.44,98.47,5.404,-0,-0.9997,148.19,148.32,130.8,24.93,Cornering,"Hoosier 43075 16x7.5-10 R20, 7 inch rim",25410
79.5,861.261,-3.08,-482.9,-257.52,-0.002,23.7,36.78,0.04,0.012,1.8752,12.24,96409.85,7.44,98.41,5.346,-0,-0.9999,148.06,148.23,130.84,24.94,Cornering,"Hoosier 43075 16x7.5-10 R20, 7 inch rim",25411
79.5,861.271,-4.7,-481.2,-258.02,0.012,24.28,37.32,0.04,0.0182,1.865,12.1,96459.12,7.44,98.37,5.316,-0,-0.9999,147.91,148.14,130.84,24.95,Cornering,"Hoosier 43075 16x7.5-10 R20, 7 inch rim",25412
79.47,861.281,-5.7,-480.44,-259.12,0.006,24.13,37.81,0.11,0.022,1.8541,11.99,37422.43,7.44,98.35,5.272,-0,-0.9998,147.84,148.08,130.98,24.96,Cornering,"Hoosier 43075 16x7.5-10 R20, 7 inch rim",25413
79.48,861.291,-6.38,-479.98,-260.92,0.006,24.24,37.97,0.04,0.0245,1.8396,11.94,96584.63,7.45,98.37,5.225,-0,-0.9999,147.71,147.88,131.27,24.98,Cornering,"Hoosier 43075 16x7.5-10 R20, 7 inch rim",25414
79.5,861.301,-5.84,-479.69,-262.64,0.013,24.17,38.72,-0.03,0.0223,1.8264,12,-166954.16,7.44,98.38,5.185,-0,-1,147.59,147.64,131.53,25,Cornering,"Hoosier 43075 16x7.5-10 R20, 7 inch rim",25415
79.5,861.311,-4.82,-479.54,-264.18,-0.002,23.9,39.17,0.11,0.0183,1.8152,12.08,37464.68,7.45,98.38,5.139,-0,-0.9998,147.44,147.46,131.81,24.98,Cornering,"Hoosier 43075 16x7.5-10 R20, 7 inch rim",25416
79.47,861.321,-4.23,-478.45,-265.1,-0.005,24.38,38.52,0.04,0.016,1.8048,12.25,96558.7,7.45,98.39,5.093,-0,-0.9999,147.29,147.29,131.93,24.97,Cornering,"Hoosier 43075 16x7.5-10 R20, 7 inch rim",25417
79.49,861.331,-3.11,-476.59,-264.9,0.007,24.07,38.45,0.04,0.0118,1.7992,12.39,96563.35,7.45,98.4,5.06,-0,-0.9999,147.11,147.15,131.91,24.97,Cornering,"Hoosier 43075 16x7.5-10 R20, 7 inch rim",25418
79.5,861.341,-2.16,-473.94,-262.77,0.004,23.18,38.18,0.25,0.0082,1.8036,12.48,16833.12,7.45,98.41,5.02,-0,-0.9996,146.92,147.02,131.83,24.97,Cornering,"Hoosier 43075 16x7.5-10 R20, 7 inch rim",25419
79.48,861.351,-1.85,-470.68,-260.47,0.012,22.19,38.02,0.11,0.0071,1.807,12.48,37464.27,7.45,98.44,4.987,-0,-0.9998,146.79,146.74,131.77,24.98,Cornering,"Hoosier 43075 16x7.5-10 R20, 7 inch rim",25420
79.48,861.361,-1.8,-467.24,-258.55,-0.003,22.16,38.57,-0.03,0.007,1.8072,12.42,-167051.77,7.45,98.46,4.943,-0,-1,146.68,146.6,131.63,25,Cornering,"Hoosier 43075 16x7.5-10 R20, 7 inch rim",25421
79.51,861.371,-3.26,-464.3,-258.26,0.006,23.07,38.59,0.11,0.0126,1.7978,12.33,37520.63,7.45,98.47,4.908,-0,-0.9998,146.58,146.47,131.61,25.01,Cornering,"Hoosier 43075 16x7.5-10 R20, 7 inch rim",25422
79.49,861.381,-4.75,-461.81,-257.31,0.004,22.51,38.99,0.11,0.0185,1.7948,12.19,37496.8,7.45,98.51,4.865,-0,-0.9998,146.51,146.47,131.63,25,Cornering,"Hoosier 43075 16x7.5-10 R20, 7 inch rim",25423
79.47,861.391,-5.83,-460.43,-258.46,0.004,22.98,39.69,0.04,0.0226,1.7814,12.08,96639.64,7.45,98.52,4.831,-0,-0.9999,146.45,146.43,131.75,24.98,Cornering,"Hoosier 43075 16x7.5-10 R20, 7 inch rim",25424
79.49,861.401,-6.09,-459.67,-259.87,0.009,22.76,40.37,0.18,0.0234,1.7688,12.06,23222.15,7.45,98.5,4.791,-0,-0.9997,146.36,146.32,132.05,24.96,Cornering,"Hoosier 43075 16x7.5-10 R20, 7 inch rim",25425
79.51,861.411,-6.05,-459.05,-261.62,-0.006,22.85,40.72,0.04,0.0231,1.7546,12.08,96517.02,7.46,98.49,4.741,-0,-0.9999,146.15,146.12,132.38,24.94,Cornering,"Hoosier 43075 16x7.5-10 R20, 7 inch rim",25426
79.48,861.421,-5.44,-458.13,-263.84,-0.006,23.36,40.92,0.11,0.0206,1.7364,12.2,37435.41,7.46,98.47,4.706,-0,-0.9998,146.04,145.92,132.62,24.95,Cornering,"Hoosier 43075 16x7.5-10 R20, 7 inch rim",25427
79.47,861.431,-4.73,-457.36,-264.77,-0.005,22.74,40.84,0.18,0.0179,1.7274,12.3,23231.56,7.46,98.47,4.663,-0,-0.9997,145.91,145.81,132.82,24.96,Cornering,"Hoosier 43075 16x7.5-10 R20, 7 inch rim",25428
79.5,861.441,-3.93,-455.66,-264.58,0.001,22.17,40.47,0.11,0.0148,1.7222,12.39,37447.83,7.46,98.44,4.632,-0,-0.9998,145.78,145.72,132.82,24.96,Cornering,"Hoosier 43075 16x7.5-10 R20, 7 inch rim",25429
79.5,861.451,-3.25,-453.18,-264.02,0.01,22.27,39.87,0.11,0.0123,1.7164,12.41,37449.67,7.46,98.46,4.595,-0,-0.9998,145.65,145.64,132.78,24.96,Cornering,"Hoosier 43075 16x7.5-10 R20, 7 inch rim",25430
79.47,861.461,-2.84,-449.75,-261.76,0.009,21.78,39.7,0.11,0.0109,1.7181,12.36,37451.49,7.46,98.49,4.557,-0,-0.9998,145.53,145.48,132.74,24.96,Cornering,"Hoosier 43075 16x7.5-10 R20, 7 inch rim",25431
79.49,861.471,-3.04,-446.32,-259.34,0.004,21.02,39.82,0.11,0.0117,1.721,12.26,37453.78,7.46,98.47,4.51,-0,-0.9998,145.38,145.33,132.64,24.96,Cornering,"Hoosier 43075 16x7.5-10 R20, 7 inch rim",25432
79.51,861.481,-3.87,-442.74,-258.02,0.003,21.5,40.03,0.04,0.015,1.7159,12.14,96640.63,7.46,98.46,4.474,-0,-0.9999,145.29,145.26,132.6,24.97,Cornering,"Hoosier 43075 16x7.5-10 R20, 7 inch rim",25433
79.49,861.491,-5.33,-440.11,-257.28,0.01,21.45,40.36,0.11,0.0207,1.7106,12.03,37500.64,7.46,98.45,4.44,-0,-0.9998,145.16,145.28,132.64,24.98,Cornering,"Hoosier 43075 16x7.5-10 R20, 7 inch rim",25434
79.47,861.501,-6.61,-437.78,-257.87,0.007,21.68,40.68,0.18,0.0256,1.6977,11.97,23266.33,7.46,98.44,4.404,-0,-0.9997,145.08,145.28,132.78,24.99,Cornering,"Hoosier 43075 16x7.5-10 R20, 7 inch rim",25435
79.49,861.511,-7.24,-436.41,-259.06,0.016,21.4,41.3,0.11,0.028,1.6846,11.98,37513.37,7.46,98.45,4.354,-0,-0.9998,145.05,145.15,133.08,24.99,Cornering,"Hoosier 43075 16x7.5-10 R20, 7 inch rim",25436
79.49,861.521,-7.27,-435.33,-261.06,0.009,21.97,41.55,0.04,0.0279,1.6675,12.05,96770.87,7.47,98.45,4.325,-0,-0.9999,144.93,145.04,133.33,25,Cornering,"Hoosier 43075 16x7.5-10 R20, 7 inch rim",25437
79.47,861.531,-6.55,-434.4,-262.22,0.001,21.04,41.96,0.11,0.025,1.6567,12.17,37543.3,7.47,98.45,4.271,-0,-0.9998,144.84,144.82,133.65,25.01,Cornering,"Hoosier 43075 16x7.5-10 R20, 7 inch rim",25438
79.48,861.541,-5.66,-433.01,-263.97,-0.005,21.34,42.19,0.18,0.0214,1.6404,12.3,23276.44,7.47,98.46,4.24,-0,-0.9997,144.67,144.73,133.83,25,Cornering,"Hoosier 43075 16x7.5-10 R20, 7 inch rim",25439
79.51,861.551,-4.42,-431.62,-263.63,-0.005,20.13,42.3,0.11,0.0168,1.6372,12.39,37502.89,7.47,98.5,4.202,-0,-0.9998,144.58,144.6,133.95,24.98,Cornering,"Hoosier 43075 16x7.5-10 R20, 7 inch rim",25440
79.48,861.561,-3.9,-429.14,-262.89,0.006,20.17,41.58,0.11,0.0148,1.6324,12.4,37487.14,7.47,98.55,4.165,-0,-0.9998,144.45,144.49,133.93,24.97,Cornering,"Hoosier 43075 16x7.5-10 R20, 7 inch rim",25441
79.47,861.571,-3.49,-425.87,-261.01,0.007,19.75,41.1,0.11,0.0134,1.6316,12.34,37480.52,7.47,98.58,4.118,-0,-0.9998,144.28,144.47,133.87,24.96,Cornering,"Hoosier 43075 16x7.5-10 R20, 7 inch rim",25442
79.5,861.581,-3.74,-421.98,-258.84,0.012,19.46,40.82,0.04,0.0145,1.6303,12.22,96686.28,7.47,98.6,4.086,-0,-0.9999,144.09,144.31,133.87,24.97,Cornering,"Hoosier 43075 16x7.5-10 R20, 7 inch rim",25443
79.51,861.591,-4.58,-417.93,-257.63,0.001,19.68,40.99,0.11,0.0178,1.6222,12.1,37553.99,7.47,98.6,4.029,-0,-0.9998,143.96,144.18,133.83,25.01,Cornering,"Hoosier 43075 16x7.5-10 R20, 7 inch rim",25444
79.48,861.601,-5.56,-414.06,-256.62,0.016,19.68,41.64,0.11,0.0217,1.6135,11.99,37589.85,7.47,98.63,4.005,-0,-0.9998,143.77,144.14,133.81,25.03,Cornering,"Hoosier 43075 16x7.5-10 R20, 7 inch rim",25445
79.48,861.611,-7.12,-410.95,-257.04,0.001,20.21,41.85,0.11,0.0277,1.5988,11.94,37617.66,7.47,98.64,3.965,-0,-0.9998,143.66,144.09,133.89,25.05,Cornering,"Hoosier 43075 16x7.5-10 R20, 7 inch rim",25446
79.5,861.621,-8.08,-408.63,-258.59,-0,20.63,42.14,0.04,0.0312,1.5802,11.97,97019.84,7.48,98.65,3.91,-0,-0.9999,143.57,144.01,134.09,25.05,Cornering,"Hoosier 43075 16x7.5-10 R20, 7 inch rim",25447
79.5,861.631,-8.09,-406.94,-260.08,0.007,20.19,42.65,0.11,0.0311,1.5647,12.06,37621.24,7.48,98.67,3.879,-0,-0.9998,143.42,143.85,134.34,25.05,Cornering,"Hoosier 43075 16x7.5-10 R20, 7 inch rim",25448
79.47,861.641,-7.46,-405.87,-261.71,0.001,19.16,43.04,0.11,0.0285,1.5509,12.19,37587.94,7.48,98.66,3.841,-0,-0.9998,143.29,143.61,134.62,25.03,Cornering,"Hoosier 43075 16x7.5-10 R20, 7 inch rim",25449
79.5,861.651,-6.55,-404.18,-264.01,0.014,19.64,43.24,0.11,0.0248,1.531,12.3,37589.5,7.48,98.67,3.803,-0,-0.9998,143.17,143.52,134.8,25.03,Cornering,"Hoosier 43075 16x7.5-10 R20, 7 inch rim",25450
79.51,861.661,-5.34,-402.48,-264.83,0.004,19.25,43.09,0.11,0.0202,1.5198,12.38,37565.84,7.48,98.64,3.741,-0,-0.9998,143.04,143.41,134.9,25.01,Cornering,"Hoosier 43075 16x7.5-10 R20, 7 inch rim",25451
79.48,861.671,-4.58,-399.67,-263.83,-0.005,18.55,42.44,0.11,0.0174,1.5149,12.37,37566.69,7.48,98.67,3.72,-0,-0.9998,142.89,143.26,134.96,25.01,Cornering,"Hoosier 43075 16x7.5-10 R20, 7 inch rim",25452
79.48,861.681,-4,-396.11,-262.76,0.013,18.74,41.84,0.04,0.0152,1.5075,12.28,96886.55,7.48,98.66,3.68,-0,-0.9999,142.74,143.17,134.9,25.01,Cornering,"Hoosier 43075 16x7.5-10 R20, 7 inch rim",25453
79.5,861.691,-3.76,-391.75,-260.49,0.01,18.33,41.52,0.04,0.0144,1.5039,12.18,96868.78,7.48,98.66,3.632,-0,-0.9999,142.61,143.06,134.9,25,Cornering,"Hoosier 43075 16x7.5-10 R20, 7 inch rim",25454
79.49,861.701,-4.41,-387.23,-258.73,-0,18.1,41.4,-0.03,0.0171,1.4966,12.05,-167288.25,7.48,98.63,3.584,-0,-1,142.5,142.93,134.92,25,Cornering,"Hoosier 43075 16x7.5-10 R20, 7 inch rim",25455
79.47,861.711,-5.51,-383.03,-257.83,-0.006,18.12,41.42,0.11,0.0214,1.4856,11.99,37547.03,7.49,98.63,3.551,-0,-0.9998,142.41,142.88,134.9,24.99,Cornering,"Hoosier 43075 16x7.5-10 R20, 7 inch rim",25456
79.49,861.721,-6.95,-379.47,-257.98,-0.002,18.3,41.62,0.18,0.0269,1.4709,11.98,23284.12,7.49,98.62,3.514,-0,-0.9997,142.39,142.8,134.98,24.98,Cornering,"Hoosier 43075 16x7.5-10 R20, 7 inch rim",25457
79.51,861.731,-8.07,-376.54,-258.96,0.012,18,41.81,0.11,0.0312,1.4541,12.03,37541.64,7.48,98.59,3.461,-0,-0.9998,142.31,142.75,135.15,24.98,Cornering,"Hoosier 43075 16x7.5-10 R20, 7 inch rim",25458
79.48,861.741,-8.37,-374.69,-260.45,0.003,17.24,42.2,0.11,0.0321,1.4386,12.17,37525.41,7.49,98.58,3.428,-0,-0.9998,142.22,142.53,135.35,24.97,Cornering,"Hoosier 43075 16x7.5-10 R20, 7 inch rim",25459
79.47,861.751,-8.28,-372.53,-262.09,-0,17.19,42.38,0.04,0.0316,1.4214,12.28,96780.66,7.49,98.59,3.378,-0,-0.9999,142.14,142.33,135.61,24.97,Cornering,"Hoosier 43075 16x7.5-10 R20, 7 inch rim",25460
79.51,861.761,-7.37,-370.85,-264.05,0.012,16.61,42.56,0.18,0.0279,1.4045,12.37,23266.12,7.49,98.6,3.352,-0,-0.9997,141.99,142.14,135.81,24.96,Cornering,"Hoosier 43075 16x7.5-10 R20, 7 inch rim",25461
79.5,861.771,-6.67,-368.21,-264.91,0.001,16.99,42.1,0.11,0.0252,1.3899,12.42,37529.89,7.49,98.63,3.3,-0,-0.9998,141.86,141.96,135.95,24.97,Cornering,"Hoosier 43075 16x7.5-10 R20, 7 inch rim",25462
79.47,861.781,-5.57,-365.27,-264.08,0.014,16.25,42.01,0.18,0.0211,1.3832,12.36,23284.11,7.49,98.64,3.269,-0,-0.9997,141.79,141.83,135.97,24.98,Cornering,"Hoosier 43075 16x7.5-10 R20, 7 inch rim",25463
79.48,861.791,-5.02,-361.84,-263.09,0.016,16.34,41.14,0.04,0.0191,1.3754,12.25,96838.96,7.49,98.65,3.227,-0,-0.9999,141.73,141.72,135.95,24.98,Cornering,"Hoosier 43075 16x7.5-10 R20, 7 inch rim",25464
79.51,861.801,-4.78,-357.63,-261,0.003,16.42,40.78,0.18,0.0183,1.3702,12.1,23280.38,7.49,98.63,3.189,-0,-0.9997,141.54,141.54,135.93,24.97,Cornering,"Hoosier 43075 16x7.5-10 R20, 7 inch rim",25465
79.48,861.811,-5.29,-353.12,-259.04,0.007,15.8,40.33,0.11,0.0204,1.3632,12,37525.9,7.49,98.62,3.16,-0,-0.9998,141.41,141.39,135.85,24.97,Cornering,"Hoosier 43075 16x7.5-10 R20, 7 inch rim",25466
79.47,861.821,-6.3,-348.46,-257.42,0.006,15.34,40.37,0.18,0.0245,1.3537,11.97,23260.27,7.49,98.58,3.114,-0,-0.9997,141.36,141.28,135.89,24.95,Cornering,"Hoosier 43075 16x7.5-10 R20, 7 inch rim",25467
79.5,861.831,-7.79,-344.42,-257.88,-0.002,16.07,40.1,0.04,0.0302,1.3356,12,96784.24,7.5,98.55,3.077,-0,-0.9999,141.23,141.26,135.97,24.97,Cornering,"Hoosier 43075 16x7.5-10 R20, 7 inch rim",25468
79.51,861.841,-9.07,-341.18,-258.2,0.007,15.37,40.13,0.11,0.0351,1.3214,12.09,37555.86,7.5,98.5,3.041,-0,-0.9998,141.15,141.28,136.12,24.98,Cornering,"Hoosier 43075 16x7.5-10 R20, 7 inch rim",25469
79.48,861.851,-9.59,-338.57,-259.23,0.014,14.39,40.32,0.04,0.037,1.3061,12.2,96924.06,7.5,98.49,3.015,-0,-0.9999,141.04,141.17,136.3,25,Cornering,"Hoosier 43075 16x7.5-10 R20, 7 inch rim",25470
79.48,861.861,-9.73,-336.1,-261.46,0.016,14.73,40.25,0.18,0.0372,1.2855,12.28,23317.08,7.5,98.46,2.972,-0,-0.9997,140.89,140.95,136.58,25.01,Cornering,"Hoosier 43075 16x7.5-10 R20, 7 inch rim",25471
79.51,861.871,-9.32,-333.62,-262.84,0.003,14.26,39.71,0.04,0.0354,1.2693,12.3,96908.51,7.5,98.41,2.928,-0,-0.9999,140.72,140.79,136.76,25,Cornering,"Hoosier 43075 16x7.5-10 R20, 7 inch rim",25472
79.49,861.881,-8.59,-330.83,-265.02,-0,15.18,39.16,0.04,0.0324,1.2483,12.25,96867.11,7.5,98.39,2.882,-0,-0.9999,140.59,140.71,136.92,24.98,Cornering,"Hoosier 43075 16x7.5-10 R20, 7 inch rim",25473
79.47,861.891,-7.76,-327.72,-264.68,0.001,14.72,38.35,0.11,0.0293,1.2382,12.16,37552.72,7.5,98.38,2.858,-0,-0.9998,140.51,140.59,136.96,24.98,Cornering,"Hoosier 43075 16x7.5-10 R20, 7 inch rim",25474
79.49,861.901,-7.24,-323.99,-263.57,-0.002,14.73,37.24,0.04,0.0275,1.2292,12.05,96804.55,7.5,98.38,2.818,-0,-0.9999,140.4,140.46,136.98,24.97,Cornering,"Hoosier 43075 16x7.5-10 R20, 7 inch rim",25475
79.51,861.911,-6.59,-319.95,-261.44,0.013,13.88,36.96,0.04,0.0252,1.2238,11.96,96852.36,7.5,98.37,2.779,-0,-0.9999,140.27,140.37,137,24.98,Cornering,"Hoosier 43075 16x7.5-10 R20, 7 inch rim",25476
79.48,861.921,-7.41,-314.97,-259.88,0.007,14.28,35.87,0.04,0.0285,1.212,11.94,96900.84,7.5,98.35,2.73,-0,-0.9999,140.08,140.31,136.98,24.99,Cornering,"Hoosier 43075 16x7.5-10 R20, 7 inch rim",25477
79.48,861.931,-8.13,-309.99,-258.44,-0,14.03,35.64,0.11,0.0315,1.1995,11.97,37566.16,7.51,98.28,2.692,-0,-0.9998,140.03,140.29,136.98,24.98,Cornering,"Hoosier 43075 16x7.5-10 R20, 7 inch rim",25478
79.51,861.941,-9.33,-305.49,-258.09,-0,13.91,35.65,0.11,0.0361,1.1837,12.08,37541.37,7.51,98.23,2.642,-0,-0.9998,139.97,140.26,137,24.97,Cornering,"Hoosier 43075 16x7.5-10 R20, 7 inch rim",25479
79.5,861.951,-10.21,-301.16,-258.13,0.001,13.6,35.94,0.11,0.0396,1.1667,12.2,37525.5,7.51,98.23,2.583,-0,-0.9998,139.93,140.26,137.17,24.96,Cornering,"Hoosier 43075 16x7.5-10 R20, 7 inch rim",25480
79.47,861.961,-11.02,-298.06,-259.09,-0.002,13.11,36.03,0.18,0.0425,1.1504,12.3,23286.72,7.51,98.22,2.546,-0,-0.9997,139.84,140.18,137.35,24.97,Cornering,"Hoosier 43075 16x7.5-10 R20, 7 inch rim",25481
79.49,861.971,-10.88,-294.97,-260.6,-0,12.95,36.32,-0.03,0.0418,1.1319,12.36,-167322.58,7.51,98.19,2.511,-0,-1,139.75,140.04,137.51,24.98,Cornering,"Hoosier 43075 16x7.5-10 R20, 7 inch rim",25482
79.51,861.981,-10.08,-292.05,-262.06,0.013,12.28,36.79,0.11,0.0385,1.1144,12.32,37589.47,7.51,98.2,2.467,-0,-0.9998,139.67,139.89,137.63,25,Cornering,"Hoosier 43075 16x7.5-10 R20, 7 inch rim",25483
79.48,861.991,-8.9,-289.1,-263.9,0.003,12.95,36.94,0.11,0.0337,1.0955,12.23,37599.43,7.51,98.19,2.417,-0,-0.9998,139.52,139.71,137.79,25,Cornering,"Hoosier 43075 16x7.5-10 R20, 7 inch rim",25484
79.48,862.001,-8.51,-285.69,-264.17,0.007,12.7,35.93,0.11,0.0322,1.0815,12.1,37600.5,7.51,98.2,2.372,-0,-0.9998,139.43,139.67,137.83,25,Cornering,"Hoosier 43075 16x7.5-10 R20, 7 inch rim",25485
79.51,862.011,-7.57,-281.8,-262.81,0.003,12.26,35.32,0.04,0.0288,1.0723,11.97,96994.36,7.51,98.23,2.337,-0,-0.9999,139.37,139.54,137.87,25.01,Cornering,"Hoosier 43075 16x7.5-10 R20, 7 inch rim",25486
79.49,862.021,-6.83,-277.31,-261.09,0.02,11.76,35.07,0.11,0.0261,1.0621,11.89,37637.14,7.51,98.22,2.296,-0,-0.9998,139.26,139.45,137.85,25.03,Cornering,"Hoosier 43075 16x7.5-10 R20, 7 inch rim",25487
79.47,862.031,-6.53,-272.62,-258.88,-0.005,11.01,34.77,0.11,0.0252,1.0531,11.87,37646.77,7.52,98.22,2.256,-0,-0.9998,139.05,139.32,137.89,25.03,Cornering,"Hoosier 43075 16x7.5-10 R20, 7 inch rim",25488
79.49,862.041,-7,-267.04,-256.91,0.004,10.66,34.74,0.04,0.0273,1.0394,11.93,97158.88,7.52,98.21,2.215,-0,-0.9999,138.98,139.3,137.83,25.05,Cornering,"Hoosier 43075 16x7.5-10 R20, 7 inch rim",25489
79.51,862.051,-7.92,-262.23,-256.58,0.007,10.79,34.82,0.04,0.0308,1.022,12.06,97160.81,7.52,98.21,2.181,-0,-0.9999,138.9,139.25,137.81,25.05,Cornering,"Hoosier 43075 16x7.5-10 R20, 7 inch rim",25490
79.48,862.061,-8.49,-257.26,-256.08,0.004,10.87,35.05,0.18,0.0331,1.0046,12.18,23373.83,7.52,98.22,2.133,-0,-0.9997,138.85,139.25,137.93,25.05,Cornering,"Hoosier 43075 16x7.5-10 R20, 7 inch rim",25491
79.48,862.071,-9.57,-253.23,-256.97,0.007,10.9,34.46,0.11,0.0373,0.9855,12.3,37667.52,7.52,98.23,2.103,-0,-0.9998,138.83,139.16,138.03,25.04,Cornering,"Hoosier 43075 16x7.5-10 R20, 7 inch rim",25492
79.51,862.081,-9.68,-249.67,-258.15,0.001,10.82,34.25,0.04,0.0375,0.9672,12.33,97189.28,7.52,98.22,2.07,-0,-0.9999,138.77,138.97,138.24,25.05,Cornering,"Hoosier 43075 16x7.5-10 R20, 7 inch rim",25493
79.5,862.091,-9.9,-246.74,-259.86,0.003,10.55,33.22,0.11,0.0381,0.9495,12.27,37695.2,7.52,98.23,2.029,-0,-0.9998,138.68,138.72,138.36,25.06,Cornering,"Hoosier 43075 16x7.5-10 R20, 7 inch rim",25494
79.47,862.101,-8.87,-243.34,-261.41,0.012,10.69,32.98,0.11,0.0339,0.9308,12.16,37695.65,7.52,98.24,2.006,-0,-0.9998,138.6,138.53,138.46,25.06,Cornering,"Hoosier 43075 16x7.5-10 R20, 7 inch rim",25495
79.49,862.111,-8.48,-240.23,-261.82,0.009,10.32,31.63,0.11,0.0324,0.9176,12.04,37687.93,7.52,98.24,1.954,-0,-0.9998,138.47,138.39,138.52,25.05,Cornering,"Hoosier 43075 16x7.5-10 R20, 7 inch rim",25496
79.51,862.121,-7.72,-236.51,-260.43,0.009,9.14,30.68,0.04,0.0296,0.9081,11.95,97151.13,7.52,98.31,1.936,-0,-0.9999,138.38,138.28,138.5,25.04,Cornering,"Hoosier 43075 16x7.5-10 R20, 7 inch rim",25497
79.49,862.131,-7.6,-232.46,-259.14,0.01,9.45,29.29,-0.03,0.0293,0.897,11.92,-167616.69,7.52,98.37,1.883,-0,-1,138.32,138.22,138.52,25.01,Cornering,"Hoosier 43075 16x7.5-10 R20, 7 inch rim",25498
79.47,862.141,-7.98,-227.64,-256.97,0.016,9.25,28.14,0.11,0.031,0.8859,11.95,37593.95,7.52,98.41,1.85,-0,-0.9998,138.17,138.04,138.5,24.99,Cornering,"Hoosier 43075 16x7.5-10 R20, 7 inch rim",25499
79.5,862.151,-9.4,-222.5,-254.9,0.006,8.67,26.69,0.04,0.0369,0.8729,12.06,96887.38,7.53,98.44,1.805,-0,-0.9999,138.08,138,138.44,24.97,Cornering,"Hoosier 43075 16x7.5-10 R20, 7 inch rim",25500
79.49,862.161,-10.71,-217.38,-253.74,0.012,8.49,26.17,0.11,0.0422,0.8567,12.18,37560.57,7.53,98.46,1.764,-0,-0.9998,138.06,138,138.34,24.97,Cornering,"Hoosier 43075 16x7.5-10 R20, 7 inch rim",25501
79.48,862.171,-12.16,-212.41,-253.45,0.006,8.44,25.68,-0.03,0.048,0.8381,12.28,-167434.11,7.53,98.47,1.732,-0,-1,138.02,138,138.42,24.98,Cornering,"Hoosier 43075 16x7.5-10 R20, 7 inch rim",25502
79.48,862.181,-13.37,-208.07,-254.14,0.003,8.65,25.16,0.11,0.0526,0.8187,12.33,37570.44,7.53,98.47,1.694,-0,-0.9998,137.97,137.91,138.44,24.97,Cornering,"Hoosier 43075 16x7.5-10 R20, 7 inch rim",25503
79.51,862.191,-13.34,-204.21,-255.65,0.013,8.46,25.45,0.11,0.0522,0.7988,12.3,37571.21,7.53,98.47,1.645,-0,-0.9998,137.89,137.78,138.46,24.97,Cornering,"Hoosier 43075 16x7.5-10 R20, 7 inch rim",25504
79.49,862.201,-12.97,-201.12,-257.11,0.006,7.62,25.33,0.11,0.0505,0.7822,12.23,37537.09,7.53,98.42,1.595,-0,-0.9998,137.87,137.56,138.52,24.95,Cornering,"Hoosier 43075 16x7.5-10 R20, 7 inch rim",25505
79.47,862.211,-11.9,-197.56,-259.04,0.007,7.9,25.49,0.18,0.0459,0.7627,12.09,23282.87,7.53,98.37,1.553,-0,-0.9997,137.76,137.38,138.56,24.95,Cornering,"Hoosier 43075 16x7.5-10 R20, 7 inch rim",25506
79.49,862.221,-10.83,-194.16,-259.65,0.009,6.99,25.13,0.04,0.0417,0.7478,11.97,96854.03,7.53,98.35,1.518,-0,-0.9999,137.67,137.21,138.6,24.96,Cornering,"Hoosier 43075 16x7.5-10 R20, 7 inch rim",25507
79.51,862.231,-9.52,-190.12,-259.68,0.003,7.43,24.9,0.11,0.0367,0.7321,11.95,37573.74,7.53,98.32,1.47,-0,-0.9998,137.59,137.14,138.6,24.97,Cornering,"Hoosier 43075 16x7.5-10 R20, 7 inch rim",25508
79.48,862.241,-8.68,-185.6,-257.54,-0.003,6.74,24.57,0.11,0.0337,0.7207,11.94,37591.9,7.54,98.29,1.416,-0,-0.9998,137.5,137.05,138.6,24.98,Cornering,"Hoosier 43075 16x7.5-10 R20, 7 inch rim",25509
79.48,862.251,-8.44,-180.48,-255.04,0.01,5.79,23.98,0.11,0.0331,0.7076,12.03,37600.91,7.53,98.29,1.393,-0,-0.9998,137.37,136.9,138.62,24.99,Cornering,"Hoosier 43075 16x7.5-10 R20, 7 inch rim",25510
79.51,862.261,-8.91,-174.73,-253.58,0.014,6.7,23.64,0.11,0.0351,0.6891,12.15,37610.07,7.53,98.27,1.357,-0,-0.9998,137.29,136.81,138.58,25,Cornering,"Hoosier 43075 16x7.5-10 R20, 7 inch rim",25511
79.5,862.271,-10.07,-168.98,-251.71,0.01,5.87,23.2,0.04,0.04,0.6713,12.3,96950.45,7.54,98.23,1.324,-0,-0.9999,137.27,136.85,138.58,24.98,Cornering,"Hoosier 43075 16x7.5-10 R20, 7 inch rim",25512
79.47,862.281,-11.37,-163.39,-251.82,0.01,6.45,22.86,0.04,0.0451,0.6488,12.4,96929.48,7.54,98.2,1.273,-0,-0.9999,137.22,136.85,138.6,24.98,Cornering,"Hoosier 43075 16x7.5-10 R20, 7 inch rim",25513
79.5,862.291,-12.47,-158.59,-252.19,0.004,6.01,22.54,0.11,0.0495,0.6288,12.42,37602.86,7.54,98.18,1.225,-0,-0.9998,137.18,136.83,138.72,24.99,Cornering,"Hoosier 43075 16x7.5-10 R20, 7 inch rim",25514
79.51,862.301,-12.62,-154.41,-253.41,0.009,5.65,22.46,0.11,0.0498,0.6093,12.38,37620.78,7.54,98.17,1.18,-0,-0.9998,137.07,136.63,138.76,25,Cornering,"Hoosier 43075 16x7.5-10 R20, 7 inch rim",25515
79.48,862.311,-12.45,-150.39,-254.67,0.004,4.95,21.99,-0.03,0.0489,0.5905,12.28,-167701.69,7.54,98.18,1.142,-0,-1,137.01,136.46,138.8,25.02,Cornering,"Hoosier 43075 16x7.5-10 R20, 7 inch rim",25516
79.48,862.321,-11.8,-146.69,-256.61,0.009,4.5,21.33,0.25,0.046,0.5716,12.13,16920.27,7.54,98.18,1.104,-0,-0.9996,136.97,136.28,138.9,25.01,Cornering,"Hoosier 43075 16x7.5-10 R20, 7 inch rim",25517
79.51,862.331,-11.12,-142.5,-257.95,0.01,4.56,20.57,0.04,0.0431,0.5525,12,97069.98,7.54,98.21,1.058,-0,-0.9999,136.92,136.1,138.94,25.01,Cornering,"Hoosier 43075 16x7.5-10 R20, 7 inch rim",25518
79.5,862.341,-10.06,-138.14,-257.3,-0.007,4.02,19.81,0.04,0.0391,0.5369,11.93,97048.19,7.54,98.19,1.026,-0,-0.9999,136.79,136.04,138.92,25.01,Cornering,"Hoosier 43075 16x7.5-10 R20, 7 inch rim",25519
79.47,862.351,-9.58,-133.49,-255.83,0.01,4.09,18.87,0.18,0.0375,0.5218,11.93,23335.54,7.54,98.17,0.978,-0,-0.9997,136.71,136.02,138.92,25,Cornering,"Hoosier 43075 16x7.5-10 R20, 7 inch rim",25520
79.49,862.361,-9.37,-127.88,-253.26,0.003,3.81,17.98,0.04,0.037,0.5049,12,97004.98,7.54,98.18,0.939,-0,-0.9999,136.64,135.91,138.84,25,Cornering,"Hoosier 43075 16x7.5-10 R20, 7 inch rim",25521
79.51,862.371,-9.99,-121.98,-250.89,0.012,3.76,17.19,0.04,0.0398,0.4862,12.11,96960.45,7.54,98.19,0.915,-0,-0.9999,136.47,135.86,138.8,24.98,Cornering,"Hoosier 43075 16x7.5-10 R20, 7 inch rim",25522
79.48,862.381,-10.99,-116.38,-249.11,0.01,3.3,16.6,0.11,0.0441,0.4672,12.25,37571.12,7.54,98.19,0.859,-0,-0.9998,136.39,135.91,138.8,24.97,Cornering,"Hoosier 43075 16x7.5-10 R20, 7 inch rim",25523
79.48,862.391,-12.37,-110.79,-248.48,0.006,3.69,15.92,0.25,0.0498,0.4459,12.31,16893.76,7.54,98.21,0.836,-0,-0.9996,136.32,135.93,138.78,24.97,Cornering,"Hoosier 43075 16x7.5-10 R20, 7 inch rim",25524
79.51,862.401,-13.37,-105.83,-248.43,0.014,3.63,15.68,0.11,0.0538,0.426,12.31,37562.83,7.54,98.25,0.789,-0,-0.9998,136.3,135.91,138.88,24.96,Cornering,"Hoosier 43075 16x7.5-10 R20, 7 inch rim",25525
79.5,862.411,-14.11,-101.34,-249.46,0.007,3.48,14.91,0.04,0.0566,0.4062,12.24,96918.13,7.55,98.29,0.747,-0,-0.9999,136.3,135.82,138.86,24.97,Cornering,"Hoosier 43075 16x7.5-10 R20, 7 inch rim",25526
79.47,862.421,-14.59,-97.46,-250.53,0.001,2.62,13.67,0.11,0.0582,0.389,12.11,37606.85,7.55,98.31,0.71,-0,-0.9998,136.15,135.6,138.84,24.99,Cornering,"Hoosier 43075 16x7.5-10 R20, 7 inch rim",25527
79.49,862.431,-13.76,-93.45,-251.87,0.007,1.66,13.37,0.11,0.0546,0.371,12.01,37624.48,7.55,98.33,0.67,-0,-0.9998,136.09,135.42,138.78,25,Cornering,"Hoosier 43075 16x7.5-10 R20, 7 inch rim",25528
79.51,862.441,-13.16,-89.27,-253.21,0.007,1.74,12.26,0.11,0.052,0.3525,11.92,37615.95,7.55,98.34,0.624,-0,-0.9998,136.04,135.27,138.82,25,Cornering,"Hoosier 43075 16x7.5-10 R20, 7 inch rim",25529
79.49,862.451,-12.81,-84.92,-253.25,0.004,1.72,10.68,0.04,0.0506,0.3353,11.92,97054.75,7.55,98.33,0.601,-0,-0.9999,136,135.14,138.74,25.01,Cornering,"Hoosier 43075 16x7.5-10 R20, 7 inch rim",25530
79.47,862.461,-12.05,-80.24,-251.33,-0.007,1.17,9.68,0.04,0.048,0.3193,11.97,97077.62,7.55,98.33,0.557,-0,-0.9999,136,135.09,138.66,25.01,Cornering,"Hoosier 43075 16x7.5-10 R20, 7 inch rim",25531
79.49,862.471,-11.93,-74.48,-249.12,-0.005,2.03,8.5,0.18,0.0479,0.299,12.08,23353.25,7.55,98.35,0.524,-0,-0.9997,135.94,135,138.58,25.02,Cornering,"Hoosier 43075 16x7.5-10 R20, 7 inch rim",25532
79.51,862.481,-12.16,-68.89,-247.02,0.006,2.2,7.49,0.04,0.0492,0.2789,12.23,97145.57,7.55,98.37,0.49,-0,-0.9999,135.87,135,138.58,25.03,Cornering,"Hoosier 43075 16x7.5-10 R20, 7 inch rim",25533
79.48,862.491,-12.91,-62.82,-245.36,0.004,2.58,6.73,0.04,0.0526,0.256,12.34,97258.27,7.55,98.38,0.444,-0,-0.9999,135.72,135,138.48,25.06,Cornering,"Hoosier 43075 16x7.5-10 R20, 7 inch rim",25534
79.48,862.501,-14.28,-57.56,-244.25,0.016,1.44,6.11,0.04,0.0585,0.2357,12.4,97258.41,7.55,98.4,0.409,-0,-0.9999,135.68,135.03,138.44,25.06,Cornering,"Hoosier 43075 16x7.5-10 R20, 7 inch rim",25535
79.5,862.511,-15.29,-52.44,-245.03,0.004,1.27,5.47,0.04,0.0624,0.214,12.4,97146.06,7.55,98.4,0.366,-0,-0.9999,135.66,135.05,138.36,25.03,Cornering,"Hoosier 43075 16x7.5-10 R20, 7 inch rim",25536
79.49,862.521,-15.82,-47.96,-246.06,0.012,0.32,5,0.18,0.0643,0.1949,12.28,23331.8,7.55,98.42,0.318,-0,-0.9997,135.61,134.94,138.4,25,Cornering,"Hoosier 43075 16x7.5-10 R20, 7 inch rim",25537
79.47,862.531,-15.59,-43.32,-247.54,0.013,0.1,4.66,0.04,0.063,0.175,12.14,96943.69,7.55,98.42,0.301,-0,-0.9999,135.53,134.83,138.36,24.98,Cornering,"Hoosier 43075 16x7.5-10 R20, 7 inch rim",25538
79.49,862.541,-14.98,-39.29,-249.28,0.004,-0.85,4.04,-0.03,0.0601,0.1576,11.98,-167525.84,7.55,98.4,0.253,-0,-1,135.38,134.67,138.24,24.99,Cornering,"Hoosier 43075 16x7.5-10 R20, 7 inch rim",25539
79.51,862.551,-13.68,-34.81,-250.56,0.009,-1.12,3.83,0.18,0.0546,0.1389,11.89,23331.78,7.55,98.37,0.209,-0,-0.9997,135.33,134.52,138.12,25,Cornering,"Hoosier 43075 16x7.5-10 R20, 7 inch rim",25540
79.48,862.561,-13,-29.85,-250.28,0.01,-1.72,2.75,0.04,0.0519,0.1192,11.86,97100.98,7.55,98.35,0.182,-0,-0.9999,135.23,134.48,138.03,25.02,Cornering,"Hoosier 43075 16x7.5-10 R20, 7 inch rim",25541
79.48,862.571,-12.19,-23.93,-248.81,0.004,-1.29,1.87,0.11,0.049,0.0962,11.91,37677.48,7.55,98.32,0.127,-0,-0.9998,135.23,134.45,137.93,25.04,Cornering,"Hoosier 43075 16x7.5-10 R20, 7 inch rim",25542
79.51,862.581,-11.31,-17.55,-246.2,0.01,-1.48,1.37,0.04,0.0459,0.0713,12,97123.06,7.55,98.34,0.093,-0,-0.9999,135.14,134.48,137.77,25.03,Cornering,"Hoosier 43075 16x7.5-10 R20, 7 inch rim",25543
79.49,862.591,-11.54,-11.48,-244.01,0.007,-1.27,0.29,0.11,0.0473,0.0471,12.14,37642.39,7.55,98.32,0.041,-0,-0.9998,135.08,134.41,137.67,25.01,Cornering,"Hoosier 43075 16x7.5-10 R20, 7 inch rim",25544
79.47,862.601,-12.1,-5.57,-242.65,0.003,-1.48,-0.44,-0.03,0.0499,0.023,12.27,-167523.81,7.55,98.28,0.007,-0,-1,134.95,134.37,137.53,24.99,Cornering,"Hoosier 43075 16x7.5-10 R20, 7 inch rim",25545
79.49,862.611,-12.74,0.62,-242.04,0.014,-1.41,-0.6,0.11,0.0526,-0.0026,12.32,37563.59,7.55,98.25,-0.045,-0,-0.9998,134.88,134.39,137.45,24.96,Cornering,"Hoosier 43075 16x7.5-10 R20, 7 inch rim",25546
79.51,862.621,-13.75,5.75,-242.68,0.003,-1.71,-1.24,0.04,0.0566,-0.0237,12.3,96851.45,7.55,98.22,-0.099,-0,-0.9999,134.82,134.41,137.37,24.96,Cornering,"Hoosier 43075 16x7.5-10 R20, 7 inch rim",25547
79.49,862.631,-15.31,11.15,-243.26,0.013,-2.47,-2.55,-0.03,0.0629,-0.0458,12.21,-167210.53,7.55,98.18,-0.129,-0,-1,134.82,134.34,137.33,24.94,Cornering,"Hoosier 43075 16x7.5-10 R20, 7 inch rim",25548
79.47,862.641,-15.36,16.11,-244.78,0.003,-3.28,-3.32,0.04,0.0628,-0.0658,12.08,96760.36,7.55,98.12,-0.186,-0,-0.9999,134.76,134.17,137.29,24.93,Cornering,"Hoosier 43075 16x7.5-10 R20, 7 inch rim",25549
79.5,862.651,-14.76,21.2,-246.08,0.02,-4.02,-3.84,-0.03,0.06,-0.0861,11.99,-167052.66,7.55,98.09,-0.232,-0,-1,134.63,134.04,137.17,24.92,Cornering,"Hoosier 43075 16x7.5-10 R20, 7 inch rim",25550
79.5,862.661,-13.97,26.79,-246.89,0.006,-4.39,-4.77,-0.03,0.0566,-0.1085,11.95,-167090.19,7.55,98.09,-0.279,-0,-1,134.67,133.9,137,24.93,Cornering,"Hoosier 43075 16x7.5-10 R20, 7 inch rim",25551
79.47,862.671,-12.52,32.39,-246.86,-0.006,-4.5,-5.23,-0.03,0.0507,-0.1312,11.95,-167128.09,7.55,98.08,-0.311,-0,-1,134.63,133.77,136.88,24.93,Cornering,"Hoosier 43075 16x7.5-10 R20, 7 inch rim",25552
79.48,862.681,-11.87,38.14,-245.65,-0.002,-4.63,-6.21,0.04,0.0483,-0.1553,12.05,96712.59,7.55,98.09,-0.354,-0,-0.9999,134.61,133.71,136.8,24.92,Cornering,"Hoosier 43075 16x7.5-10 R20, 7 inch rim",25553
79.5,862.691,-11.23,44.83,-243.76,0.009,-3.49,-6.85,0.04,0.0461,-0.1839,12.15,96689.34,7.55,98.08,-0.393,-0,-0.9999,134.63,133.68,136.68,24.92,Cornering,"Hoosier 43075 16x7.5-10 R20, 7 inch rim",25554
79.48,862.701,-10.85,50.9,-240.59,-0.002,-4.81,-7.41,0.18,0.0451,-0.2116,12.28,23264.97,7.55,98.03,-0.441,-0,-0.9997,134.56,133.6,136.62,24.93,Cornering,"Hoosier 43075 16x7.5-10 R20, 7 inch rim",25555
79.48,862.711,-10.98,57.11,-239.27,0.007,-4.2,-7.58,0.11,0.0459,-0.2387,12.35,37526,7.55,97.99,-0.474,-0,-0.9998,134.52,133.53,136.56,24.94,Cornering,"Hoosier 43075 16x7.5-10 R20, 7 inch rim",25556
79.5,862.721,-11.95,63.16,-238.69,0.01,-4.33,-8.27,-0.03,0.0501,-0.2646,12.37,-167354.38,7.55,97.99,-0.503,-0,-1,134.48,133.57,136.52,24.97,Cornering,"Hoosier 43075 16x7.5-10 R20, 7 inch rim",25557
79.5,862.731,-12.75,68.73,-238.86,0.012,-4.83,-8.61,-0.03,0.0534,-0.2878,12.31,-167470.06,7.55,97.92,-0.524,-0,-1,134.37,133.66,136.46,24.98,Cornering,"Hoosier 43075 16x7.5-10 R20, 7 inch rim",25558
79.47,862.741,-13.59,73.7,-239.82,-0.002,-5.7,-9.43,0.04,0.0567,-0.3073,12.2,97045.22,7.55,97.89,-0.569,-0,-0.9999,134.33,133.64,136.42,25.01,Cornering,"Hoosier 43075 16x7.5-10 R20, 7 inch rim",25559
79.48,862.751,-14.18,78.96,-240.64,-0.003,-6.58,-10.7,0.11,0.0589,-0.3281,12.06,37620.8,7.55,97.85,-0.594,-0,-0.9998,134.26,133.51,136.34,25,Cornering,"Hoosier 43075 16x7.5-10 R20, 7 inch rim",25560
79.51,862.761,-14.15,84.2,-241.6,0.016,-7.5,-12.18,0.04,0.0586,-0.3485,11.96,96998.53,7.55,97.79,-0.633,-0,-0.9999,134.18,133.44,136.26,25,Cornering,"Hoosier 43075 16x7.5-10 R20, 7 inch rim",25561
79.49,862.771,-13.72,89.33,-242.99,0.006,-7.4,-13.79,0.11,0.0565,-0.3676,11.93,37585.14,7.55,97.76,-0.667,-0,-0.9998,134.11,133.31,136.16,24.98,Cornering,"Hoosier 43075 16x7.5-10 R20, 7 inch rim",25562
79.47,862.781,-12.93,94.3,-242.91,-0,-7.91,-15.2,0.04,0.0532,-0.3882,11.97,96973.84,7.55,97.73,-0.71,-0,-0.9999,134.09,133.24,135.95,24.99,Cornering,"Hoosier 43075 16x7.5-10 R20, 7 inch rim",25563
79.5,862.791,-12.33,99.9,-242.4,0.007,-6.99,-16.91,0.11,0.0509,-0.4121,12.03,37619.33,7.55,97.71,-0.729,-0,-0.9998,134.09,133.16,135.85,25,Cornering,"Hoosier 43075 16x7.5-10 R20, 7 inch rim",25564
79.5,862.801,-12.51,105.34,-240.04,0.01,-7.43,-18.99,-0.03,0.0521,-0.4388,12.16,-167690.95,7.55,97.71,-0.778,-0,-1,134,133.16,135.71,25.02,Cornering,"Hoosier 43075 16x7.5-10 R20, 7 inch rim",25565
79.47,862.811,-13.28,111.26,-238.08,0.007,-6.58,-21.12,-0.03,0.0558,-0.4673,12.26,-167766.98,7.55,97.74,-0.808,-0,-1,133.94,133.13,135.53,25.03,Cornering,"Hoosier 43075 16x7.5-10 R20, 7 inch rim",25566
79.48,862.821,-13.98,116.7,-235.75,0.012,-7.28,-22.57,-0.03,0.0593,-0.495,12.29,-167803.45,7.55,97.78,-0.849,-0,-1,133.79,133.07,135.45,25.04,Cornering,"Hoosier 43075 16x7.5-10 R20, 7 inch rim",25567
79.51,862.831,-14.82,121.98,-234.87,0.012,-7.7,-23.34,0.04,0.0631,-0.5193,12.26,97035.79,7.55,97.81,-0.882,-0,-0.9999,133.73,133.09,135.37,25.01,Cornering,"Hoosier 43075 16x7.5-10 R20, 7 inch rim",25568
79.49,862.841,-16.01,127.1,-234.46,0.007,-8.56,-23.99,0.18,0.0683,-0.5421,12.14,23315.62,7.55,97.8,-0.937,-0,-0.9997,133.7,133.18,135.35,24.98,Cornering,"Hoosier 43075 16x7.5-10 R20, 7 inch rim",25569
79.47,862.851,-16.36,132.36,-235.26,0.006,-8.6,-24.14,0.04,0.0695,-0.5626,12.02,96897.34,7.55,97.81,-0.98,-0,-0.9999,133.68,133.24,135.35,24.97,Cornering,"Hoosier 43075 16x7.5-10 R20, 7 inch rim",25570
79.5,862.861,-16.76,137,-235.98,0.01,-9.8,-24.71,0.04,0.071,-0.5805,11.95,96918.41,7.55,97.79,-1.017,-0,-0.9999,133.62,133.11,135.29,24.98,Cornering,"Hoosier 43075 16x7.5-10 R20, 7 inch rim",25571
79.51,862.871,-16.51,142.26,-236.92,0.014,-10.48,-25.46,0.04,0.0697,-0.6004,11.92,96871.68,7.55,97.76,-1.061,-0,-0.9999,133.6,132.98,135.27,24.97,Cornering,"Hoosier 43075 16x7.5-10 R20, 7 inch rim",25572
79.48,862.881,-15.34,146.91,-238.24,0.009,-10.66,-25.63,-0.03,0.0644,-0.6166,11.99,-167281.66,7.55,97.74,-1.108,-0,-1,133.49,132.91,135.21,24.96,Cornering,"Hoosier 43075 16x7.5-10 R20, 7 inch rim",25573
79.48,862.891,-14.5,152.2,-238.55,-0,-10.79,-26.63,0.04,0.0608,-0.638,12.08,96822.68,7.55,97.74,-1.159,-0,-0.9999,133.51,132.89,135.1,24.96,Cornering,"Hoosier 43075 16x7.5-10 R20, 7 inch rim",25574
79.51,862.901,-12.22,157.63,-237.79,0.007,-10.69,-25.89,-0.03,0.0514,-0.6629,12.21,-167235.73,7.55,97.73,-1.204,-0,-1,133.47,132.85,135.02,24.96,Cornering,"Hoosier 43075 16x7.5-10 R20, 7 inch rim",25575
79.49,862.911,-10.8,163.39,-236.08,0.006,-10.24,-25.88,0.04,0.0457,-0.6921,12.3,96885.77,7.55,97.7,-1.257,-0,-0.9999,133.47,132.82,134.96,24.97,Cornering,"Hoosier 43075 16x7.5-10 R20, 7 inch rim",25576
79.48,862.921,-9.61,169.46,-234.16,0.004,-9.53,-25.5,0.04,0.041,-0.7237,12.35,96906.27,7.55,97.69,-1.3,-0,-0.9999,133.34,132.8,134.86,24.98,Cornering,"Hoosier 43075 16x7.5-10 R20, 7 inch rim",25577
79.49,862.931,-8.96,175.2,-232.49,0.009,-9.49,-25,0.11,0.0385,-0.7536,12.33,37583.72,7.55,97.67,-1.349,-0,-0.9998,133.21,132.8,134.76,24.98,Cornering,"Hoosier 43075 16x7.5-10 R20, 7 inch rim",25578
79.51,862.941,-8.36,181.1,-231.35,0.007,-9.83,-23.8,0.04,0.0361,-0.7828,12.25,96902.12,7.55,97.69,-1.386,-0,-0.9999,133.1,132.8,134.74,24.98,Cornering,"Hoosier 43075 16x7.5-10 R20, 7 inch rim",25579
79.48,862.951,-8.45,186.53,-230.93,0.004,-10.37,-22.96,-0.09,0.0366,-0.8077,12.11,-44904.45,7.55,97.67,-1.446,-0,-1.0002,133.02,132.87,134.7,24.98,Cornering,"Hoosier 43075 16x7.5-10 R20, 7 inch rim",25580
79.47,862.961,-8.51,192.27,-231.05,0.006,-10.48,-22.21,0.04,0.0368,-0.8321,11.97,96920.09,7.55,97.73,-1.475,-0,-0.9999,133.02,132.93,134.66,24.98,Cornering,"Hoosier 43075 16x7.5-10 R20, 7 inch rim",25581
79.5,862.971,-9.08,197.38,-231.79,-0,-11.18,-22.64,-0.03,0.0392,-0.8516,11.89,-167520.27,7.55,97.81,-1.515,-0,-1,133,132.91,134.62,25,Cornering,"Hoosier 43075 16x7.5-10 R20, 7 inch rim",25582
79.5,862.981,-9.17,202.32,-233.11,0.01,-11.47,-23.22,0.04,0.0393,-0.8679,11.89,96983.49,7.54,97.87,-1.551,-0,-0.9999,132.91,132.8,134.6,25,Cornering,"Hoosier 43075 16x7.5-10 R20, 7 inch rim",25583
79.48,862.991,-8.21,206.66,-234.32,0.006,-12.33,-23.65,0.04,0.0351,-0.8819,11.96,96959.2,7.54,97.93,-1.584,-0,-0.9999,132.85,132.71,134.58,25,Cornering,"Hoosier 43075 16x7.5-10 R20, 7 inch rim",25584
79.49,863.001,-7.44,211.32,-235.15,-0.002,-12.79,-24.75,-0.03,0.0316,-0.8986,12.09,-167277.77,7.54,97.95,-1.615,-0,-1,132.78,132.71,134.5,24.97,Cornering,"Hoosier 43075 16x7.5-10 R20, 7 inch rim",25585
79.51,863.011,-7.3,215.81,-235.94,0.009,-11.99,-26.53,-0.03,0.0309,-0.9147,12.24,-167079.53,7.54,97.98,-1.657,-0,-1,132.78,132.65,134.42,24.94,Cornering,"Hoosier 43075 16x7.5-10 R20, 7 inch rim",25586
79.48,863.021,-7.35,220.32,-234.74,0.009,-12.46,-28.39,0.04,0.0313,-0.9386,12.35,96727.84,7.54,97.99,-1.698,-0,-0.9999,132.78,132.63,134.4,24.94,Cornering,"Hoosier 43075 16x7.5-10 R20, 7 inch rim",25587
79.47,863.031,-7.74,224.98,-232.9,0.012,-12.61,-30.41,-0.16,0.0332,-0.966,12.4,-25908.34,7.54,97.98,-1.738,-0,-1.0003,132.72,132.63,134.34,24.96,Cornering,"Hoosier 43075 16x7.5-10 R20, 7 inch rim",25588
79.5,863.041,-8.11,229.81,-231.15,0.01,-12.93,-31.6,-0.03,0.0351,-0.9942,12.36,-167417.59,7.54,97.97,-1.769,-0,-1,132.59,132.63,134.3,24.99,Cornering,"Hoosier 43075 16x7.5-10 R20, 7 inch rim",25589
79.5,863.051,-9.32,235.09,-230.47,0.01,-12.49,-32.76,0.04,0.0405,-1.0201,12.27,96969.36,7.54,97.94,-1.794,-0,-0.9999,132.5,132.63,134.22,25,Cornering,"Hoosier 43075 16x7.5-10 R20, 7 inch rim",25590
79.47,863.061,-10.57,239.44,-230.01,0.001,-13.71,-33.53,0.04,0.0459,-1.041,12.14,96988.44,7.54,97.9,-1.849,-0,-0.9999,132.48,132.76,134.24,25.01,Cornering,"Hoosier 43075 16x7.5-10 R20, 7 inch rim",25591
79.48,863.071,-12.16,243.93,-229.98,0.004,-14.47,-34.44,-0.03,0.0529,-1.0606,12.03,-167445,7.53,97.85,-1.874,-0,-1,132.44,132.82,134.28,25,Cornering,"Hoosier 43075 16x7.5-10 R20, 7 inch rim",25592
79.51,863.081,-13.33,247.64,-231.08,0.003,-14.78,-35.37,-0.03,0.0577,-1.0717,11.97,-167323.41,7.53,97.82,-1.92,-0,-1,132.48,132.89,134.26,24.98,Cornering,"Hoosier 43075 16x7.5-10 R20, 7 inch rim",25593
79.49,863.091,-13.65,251.21,-232.77,-0.007,-14.98,-36.17,0.04,0.0587,-1.0792,12,96778.51,7.53,97.8,-1.966,-0,-0.9999,132.44,132.87,134.3,24.96,Cornering,"Hoosier 43075 16x7.5-10 R20, 7 inch rim",25594
79.47,863.101,-13.4,254.26,-234.93,0.022,-15.46,-36.7,0.11,0.0571,-1.0822,12.08,37543.27,7.53,97.78,-1.986,-0,-0.9998,132.42,132.8,134.28,24.97,Cornering,"Hoosier 43075 16x7.5-10 R20, 7 inch rim",25595
79.49,863.111,-12.43,257.37,-236.51,0.004,-16.12,-37.16,-0.03,0.0526,-1.0882,12.21,-167194.36,7.53,97.76,-2.029,-0,-1,132.37,132.82,134.22,24.96,Cornering,"Hoosier 43075 16x7.5-10 R20, 7 inch rim",25596
79.5,863.121,-10.97,260.93,-237.81,0.004,-15.69,-37.23,0.04,0.0461,-1.0972,12.33,96861.09,7.53,97.74,-2.073,-0,-0.9999,132.31,132.8,134.11,24.98,Cornering,"Hoosier 43075 16x7.5-10 R20, 7 inch rim",25597
79.47,863.131,-9.96,264.49,-236.97,0.013,-16.38,-37.67,0.11,0.042,-1.1162,12.36,37557.64,7.52,97.73,-2.101,-0,-0.9998,132.27,132.82,134.01,24.98,Cornering,"Hoosier 43075 16x7.5-10 R20, 7 inch rim",25598
79.48,863.141,-9.31,268.54,-235.24,0.014,-16.76,-38,0.11,0.0396,-1.1416,12.35,37538.71,7.52,97.73,-2.155,-0,-0.9998,132.29,132.82,133.97,24.97,Cornering,"Hoosier 43075 16x7.5-10 R20, 7 inch rim",25599
79.51,863.151,-8.68,273.68,-233.58,0.009,-16.29,-37.75,0.04,0.0371,-1.1717,12.27,96852.06,7.52,97.76,-2.199,-0,-0.9999,132.14,132.85,133.91,24.98,Cornering,"Hoosier 43075 16x7.5-10 R20, 7 inch rim",25600
79.49,863.161,-8.61,278.19,-231.69,0.001,-17.04,-37.29,0.04,0.0372,-1.2007,12.15,96894.46,7.52,97.76,-2.234,-0,-0.9999,132.05,132.85,133.87,24.99,Cornering,"Hoosier 43075 16x7.5-10 R20, 7 inch rim",25601
79.47,863.171,-9.25,283.01,-231.14,0.003,-16.89,-37.16,0.04,0.04,-1.2244,12.05,96936.06,7.52,97.76,-2.278,-0,-0.9999,131.97,132.89,133.83,25,Cornering,"Hoosier 43075 16x7.5-10 R20, 7 inch rim",25602
79.49,863.181,-9.95,287.8,-230.96,0.013,-16.94,-36.49,-0.03,0.0431,-1.2461,11.98,-167352.08,7.52,97.73,-2.318,-0,-1,131.99,133.02,133.79,24.99,Cornering,"Hoosier 43075 16x7.5-10 R20, 7 inch rim",25603
79.51,863.191,-10.55,292.14,-231.11,0.007,-17.52,-36.49,-0.03,0.0457,-1.2641,12.02,-167424.53,7.52,97.73,-2.357,-0,-1,131.92,133.09,133.85,25,Cornering,"Hoosier 43075 16x7.5-10 R20, 7 inch rim",25604
79.48,863.201,-10.32,295.55,-232.82,0.003,-17.32,-36.2,0.04,0.0443,-1.2695,12.09,96881.55,7.52,97.74,-2.401,-0,-0.9999,131.94,133,133.87,24.99,Cornering,"Hoosier 43075 16x7.5-10 R20, 7 inch rim",25605
79.48,863.211,-9.99,298.63,-234.24,0.009,-18.13,-36.48,0.04,0.0426,-1.2749,12.21,96901.15,7.52,97.73,-2.437,-0,-0.9999,131.94,133,133.83,25,Cornering,"Hoosier 43075 16x7.5-10 R20, 7 inch rim",25606
79.51,863.221,-9.02,301.59,-236.28,-0.005,-17.71,-36.6,0.11,0.0382,-1.2764,12.32,37590.04,7.52,97.75,-2.479,-0,-0.9998,131.97,132.89,133.81,25.01,Cornering,"Hoosier 43075 16x7.5-10 R20, 7 inch rim",25607
79.49,863.231,-7.86,304.82,-237.11,0.013,-17.87,-36.87,-0.03,0.0331,-1.2855,12.36,-167480.22,7.51,97.78,-2.515,-0,-1,131.9,132.89,133.71,25.01,Cornering,"Hoosier 43075 16x7.5-10 R20, 7 inch rim",25608
79.47,863.241,-6.97,308.24,-236.23,0.013,-18.21,-37.58,0.04,0.0295,-1.3048,12.36,96914.07,7.51,97.82,-2.553,-0,-0.9999,131.94,132.82,133.63,25,Cornering,"Hoosier 43075 16x7.5-10 R20, 7 inch rim",25609
79.49,863.251,-6.01,312.76,-235.07,0.013,-17.23,-37.65,-0.09,0.0256,-1.3305,12.3,-44878.48,7.51,97.86,-2.596,-0,-1.0002,131.92,132.8,133.55,24.98,Cornering,"Hoosier 43075 16x7.5-10 R20, 7 inch rim",25610
79.51,863.261,-5.98,316.66,-232.76,0.004,-17.49,-38.24,-0.03,0.0257,-1.3604,12.18,-167112.73,7.51,97.87,-2.639,-0,-1,131.82,132.74,133.53,24.96,Cornering,"Hoosier 43075 16x7.5-10 R20, 7 inch rim",25611
79.48,863.271,-6.59,321.33,-230.91,-0,-17.55,-38.75,0.11,0.0285,-1.3916,12.06,37522.22,7.51,97.87,-2.686,-0,-0.9998,131.73,132.74,133.45,24.97,Cornering,"Hoosier 43075 16x7.5-10 R20, 7 inch rim",25612
79.48,863.281,-7.24,325.35,-230.03,0.013,-18,-38.47,0.04,0.0315,-1.4144,11.97,96854.9,7.51,97.87,-2.718,-0,-0.9999,131.71,132.82,133.41,24.99,Cornering,"Hoosier 43075 16x7.5-10 R20, 7 inch rim",25613
79.5,863.291,-8.71,329.87,-229.82,0.003,-17.56,-38.86,-0.03,0.0379,-1.4353,11.97,-167405.48,7.51,97.85,-2.755,-0,-1,131.67,132.85,133.43,25.01,Cornering,"Hoosier 43075 16x7.5-10 R20, 7 inch rim",25614
79.5,863.301,-9.68,333.42,-229.82,0.004,-18.45,-38.9,0.04,0.0421,-1.4508,12.02,96936.48,7.51,97.89,-2.809,-0,-0.9999,131.71,132.93,133.51,25.01,Cornering,"Hoosier 43075 16x7.5-10 R20, 7 inch rim",25615
79.46,863.311,-10.45,336.99,-230.66,-0,-18.56,-39.24,-0.03,0.0453,-1.461,12.13,-167468.61,7.51,97.92,-2.847,-0,-1,131.62,132.89,133.49,25.02,Cornering,"Hoosier 43075 16x7.5-10 R20, 7 inch rim",25616
79.48,863.321,-10.6,339.44,-232.09,0.013,-19.53,-39.79,-0.03,0.0457,-1.4625,12.26,-167347.14,7.5,97.94,-2.878,-0,-1,131.58,132.8,133.53,25,Cornering,"Hoosier 43075 16x7.5-10 R20, 7 inch rim",25617
79.51,863.331,-9.73,341.77,-234.63,-0.002,-19.23,-39.93,-0.03,0.0415,-1.4566,12.37,-167222.12,7.5,97.92,-2.931,-0,-1,131.54,132.82,133.47,24.98,Cornering,"Hoosier 43075 16x7.5-10 R20, 7 inch rim",25618
79.48,863.341,-8.87,344.38,-235.71,0.01,-20.07,-40.5,0.04,0.0376,-1.4611,12.41,96764.47,7.5,97.92,-2.967,-0,-0.9999,131.52,132.87,133.43,24.97,Cornering,"Hoosier 43075 16x7.5-10 R20, 7 inch rim",25619
79.46,863.351,-7.7,347.04,-235.85,-0.003,-20.03,-40.88,0.04,0.0326,-1.4715,12.37,96739.11,7.5,97.94,-2.997,-0,-0.9999,131.45,132.93,133.37,24.97,Cornering,"Hoosier 43075 16x7.5-10 R20, 7 inch rim",25620
79.51,863.361,-6.97,350.76,-234.94,0.009,-19.68,-41.36,-0.03,0.0297,-1.493,12.28,-167202.23,7.5,97.92,-3.05,-0,-1,131.47,132.98,133.29,24.98,Cornering,"Hoosier 43075 16x7.5-10 R20, 7 inch rim",25621
79.5,863.371,-6.53,354.18,-232.86,0.013,-20.12,-41.6,-0.03,0.0281,-1.521,12.14,-167159.53,7.5,97.89,-3.073,-0,-1,131.34,133.09,133.31,24.98,Cornering,"Hoosier 43075 16x7.5-10 R20, 7 inch rim",25622
79.47,863.381,-6.3,358.23,-231.32,0.01,-19.63,-41.3,0.04,0.0272,-1.5487,12.06,96794.88,7.49,97.87,-3.114,-0,-0.9999,131.28,133.13,133.31,24.98,Cornering,"Hoosier 43075 16x7.5-10 R20, 7 inch rim",25623
79.48,863.391,-7.08,362.28,-229.19,0.006,-20.74,-41.31,0.11,0.0309,-1.5807,12,37530.86,7.5,97.83,-3.162,-0,-0.9998,131.17,133.24,133.31,24.98,Cornering,"Hoosier 43075 16x7.5-10 R20, 7 inch rim",25624
79.51,863.401,-7.93,366.3,-228.97,0.01,-20.46,-40.78,-0.03,0.0346,-1.5998,12.02,-167138.53,7.49,97.82,-3.193,-0,-1,131.22,133.31,133.37,24.98,Cornering,"Hoosier 43075 16x7.5-10 R20, 7 inch rim",25625
79.49,863.411,-8.87,370.04,-228.93,-0,-20.63,-40.65,0.04,0.0387,-1.6164,12.12,96781.98,7.49,97.78,-3.24,-0,-0.9999,131.24,133.4,133.45,24.98,Cornering,"Hoosier 43075 16x7.5-10 R20, 7 inch rim",25626
79.47,863.421,-9.6,372.66,-229.83,-0,-21.23,-40.74,0.11,0.0418,-1.6215,12.26,37560.61,7.49,97.79,-3.288,-0,-0.9998,131.19,133.49,133.51,25.01,Cornering,"Hoosier 43075 16x7.5-10 R20, 7 inch rim",25627
79.5,863.431,-9.36,375.28,-231.31,0.01,-21.32,-40.69,-0.03,0.0404,-1.6224,12.39,-167348.14,7.49,97.82,-3.321,-0,-1,131.13,133.44,133.51,25.01,Cornering,"Hoosier 43075 16x7.5-10 R20, 7 inch rim",25628
79.51,863.441,-8.82,377.44,-233.31,0.003,-21.66,-40.98,-0.03,0.0378,-1.6178,12.44,-167223.84,7.49,97.82,-3.364,-0,-1,131.15,133.4,133.51,25,Cornering,"Hoosier 43075 16x7.5-10 R20, 7 inch rim",25629
79.47,863.451,-8.3,379.45,-235.18,0.001,-21.82,-41.76,0.04,0.0353,-1.6135,12.42,96743.05,7.49,97.81,-3.395,-0,-0.9999,131.11,133.38,133.45,24.98,Cornering,"Hoosier 43075 16x7.5-10 R20, 7 inch rim",25630
79.48,863.461,-7.22,381.93,-235.78,0.001,-21.97,-42.11,0.04,0.0306,-1.6199,12.34,96648.09,7.48,97.77,-3.442,-0,-0.9999,131.04,133.42,133.47,24.96,Cornering,"Hoosier 43075 16x7.5-10 R20, 7 inch rim",25631
79.51,863.471,-6.12,384.41,-235.49,0.009,-21.92,-42.2,0.04,0.026,-1.6324,12.25,96711.79,7.48,97.74,-3.475,-0,-0.9999,131.04,133.46,133.41,24.97,Cornering,"Hoosier 43075 16x7.5-10 R20, 7 inch rim",25632
79.5,863.481,-5.89,387.69,-233.79,0.007,-21.44,-42.72,-0.09,0.0252,-1.6583,12.12,-44825.83,7.48,97.7,-3.518,-0,-1.0002,130.98,133.53,133.39,24.98,Cornering,"Hoosier 43075 16x7.5-10 R20, 7 inch rim",25633
79.47,863.491,-5.99,391.29,-231.33,-0.006,-21.99,-42.94,0.04,0.0259,-1.6915,12.06,96702.13,7.48,97.68,-3.561,-0,-0.9999,130.91,133.53,133.41,24.97,Cornering,"Hoosier 43075 16x7.5-10 R20, 7 inch rim",25634
79.49,863.501,-6.17,395.01,-229.88,-0,-21.76,-42.26,0.04,0.0268,-1.7183,12.08,96742.27,7.48,97.65,-3.603,-0,-0.9999,130.85,133.6,133.37,24.98,Cornering,"Hoosier 43075 16x7.5-10 R20, 7 inch rim",25635
79.51,863.511,-7.36,398.73,-228.62,0.007,-22.45,-42.2,-0.03,0.0322,-1.7441,12.14,-167054.38,7.48,97.64,-3.638,-0,-1,130.81,133.68,133.39,24.98,Cornering,"Hoosier 43075 16x7.5-10 R20, 7 inch rim",25636
79.48,863.521,-8.45,402.31,-228.81,-0.006,-21.9,-41.89,0.04,0.0369,-1.7583,12.26,96687.74,7.48,97.61,-3.686,-0,-0.9999,130.87,133.79,133.43,24.97,Cornering,"Hoosier 43075 16x7.5-10 R20, 7 inch rim",25637
79.48,863.531,-9.16,405.08,-229.65,0.009,-21.99,-41.7,0.11,0.0399,-1.7639,12.37,37481.55,7.48,97.55,-3.706,-0,-0.9998,130.79,133.79,133.47,24.97,Cornering,"Hoosier 43075 16x7.5-10 R20, 7 inch rim",25638
79.51,863.541,-9.38,407.08,-231.16,0.012,-22.52,-41.78,-0.03,0.0406,-1.761,12.46,-166991.75,7.47,97.56,-3.756,-0,-1,130.76,133.75,133.53,24.97,Cornering,"Hoosier 43075 16x7.5-10 R20, 7 inch rim",25639
79.5,863.551,-8.93,408.77,-233.14,0.006,-23.26,-42.07,0.11,0.0383,-1.7533,12.49,37468.61,7.47,97.59,-3.797,-0,-0.9998,130.72,133.71,133.47,24.96,Cornering,"Hoosier 43075 16x7.5-10 R20, 7 inch rim",25640
79.47,863.561,-8.32,410.15,-235.21,0.003,-24.01,-42.53,0.11,0.0354,-1.7437,12.44,37458.23,7.47,97.58,-3.833,-0,-0.9998,130.76,133.68,133.49,24.96,Cornering,"Hoosier 43075 16x7.5-10 R20, 7 inch rim",25641
79.48,863.571,-7.33,411.84,-236.38,0.013,-24.43,-42.84,0.04,0.031,-1.7423,12.35,96553.38,7.47,97.62,-3.87,-0,-0.9999,130.74,133.73,133.45,24.94,Cornering,"Hoosier 43075 16x7.5-10 R20, 7 inch rim",25642
79.51,863.581,-6.13,414.33,-236,0.01,-24.39,-42.96,-0.03,0.026,-1.7556,12.19,-166646.48,7.47,97.65,-3.923,-0,-1,130.7,133.77,133.43,24.93,Cornering,"Hoosier 43075 16x7.5-10 R20, 7 inch rim",25643
79.48,863.591,-5.37,417.46,-234.26,0.003,-24.52,-42.98,0.11,0.0229,-1.782,12.09,37400.29,7.47,97.69,-3.954,-0,-0.9998,130.76,133.77,133.41,24.92,Cornering,"Hoosier 43075 16x7.5-10 R20, 7 inch rim",25644
79.47,863.601,-5.59,420.88,-232.78,0.007,-23.55,-43.35,0.11,0.024,-1.8081,12.03,37397.91,7.46,97.69,-4.002,-0,-0.9998,130.72,133.86,133.41,24.92,Cornering,"Hoosier 43075 16x7.5-10 R20, 7 inch rim",25645
79.51,863.611,-6.02,424.79,-230.6,-0.003,-23.42,-43.2,-0.03,0.0261,-1.8422,12.02,-166619.08,7.47,97.69,-4.049,-0,-1,130.66,133.93,133.47,24.93,Cornering,"Hoosier 43075 16x7.5-10 R20, 7 inch rim",25646
79.5,863.621,-6.98,428.52,-229.23,-0.002,-23.39,-42.91,-0.03,0.0305,-1.8694,12.11,-166611.78,7.47,97.69,-4.082,-0,-1,130.7,134.04,133.49,24.93,Cornering,"Hoosier 43075 16x7.5-10 R20, 7 inch rim",25647
79.47,863.631,-8.32,431.76,-229.01,0.012,-23.46,-42.64,-0.09,0.0363,-1.8853,12.25,-44698.92,7.46,97.66,-4.112,-0,-1.0002,130.7,134.12,133.57,24.93,Cornering,"Hoosier 43075 16x7.5-10 R20, 7 inch rim",25648
79.48,863.641,-9.35,434.72,-229.8,0.003,-22.93,-42.51,0.04,0.0407,-1.8917,12.38,96449.22,7.46,97.63,-4.161,-0,-0.9999,130.79,134.19,133.65,24.93,Cornering,"Hoosier 43075 16x7.5-10 R20, 7 inch rim",25649
79.5,863.651,-9.75,436.4,-230.82,0.006,-24.2,-42.62,-0.03,0.0423,-1.8907,12.45,-166625.03,7.46,97.56,-4.195,-0,-1,130.79,134.17,133.65,24.93,Cornering,"Hoosier 43075 16x7.5-10 R20, 7 inch rim",25650
79.49,863.661,-9.22,437.94,-232.85,0.003,-24.72,-42.56,-0.03,0.0396,-1.8807,12.45,-166729.72,7.46,97.52,-4.246,-0,-1,130.76,134.08,133.63,24.95,Cornering,"Hoosier 43075 16x7.5-10 R20, 7 inch rim",25651
79.47,863.671,-8.39,439,-234.62,0.006,-26.25,-42.74,0.11,0.0358,-1.8711,12.42,37453.34,7.46,97.45,-4.281,-0,-0.9998,130.79,134.06,133.57,24.97,Cornering,"Hoosier 43075 16x7.5-10 R20, 7 inch rim",25652
79.51,863.681,-7.46,440.69,-236.79,0.009,-25.66,-43.2,-0.09,0.0315,-1.8611,12.3,-44738.55,7.46,97.42,-4.313,-0,-1.0002,130.76,134.06,133.53,24.96,Cornering,"Hoosier 43075 16x7.5-10 R20, 7 inch rim",25653
79.5,863.691,-5.92,442.56,-236.72,0.007,-25.98,-42.82,0.11,0.025,-1.8696,12.17,37432.11,7.45,97.41,-4.354,-0,-0.9998,130.79,134.12,133.47,24.96,Cornering,"Hoosier 43075 16x7.5-10 R20, 7 inch rim",25654
79.47,863.701,-5.4,445.04,-235.39,0.014,-25.73,-43.24,0.18,0.0229,-1.8907,12.07,23216.2,7.45,97.39,-4.39,-0,-0.9997,130.74,134.23,133.43,24.96,Cornering,"Hoosier 43075 16x7.5-10 R20, 7 inch rim",25655
79.48,863.711,-5.27,448.17,-233.78,0.01,-24.89,-43.46,0.04,0.0225,-1.9171,12.04,96501.74,7.45,97.35,-4.436,-0,-0.9999,130.76,134.28,133.41,24.95,Cornering,"Hoosier 43075 16x7.5-10 R20, 7 inch rim",25656
79.51,863.721,-5.75,451.45,-231.75,0.004,-24.55,-43.41,0.04,0.0248,-1.948,12.08,96494.72,7.45,97.35,-4.486,-0,-0.9999,130.76,134.32,133.43,24.95,Cornering,"Hoosier 43075 16x7.5-10 R20, 7 inch rim",25657
79.48,863.731,-5.81,454.56,-230.09,0.006,-24.71,-42.18,-0.03,0.0252,-1.9756,12.17,-166783.62,7.45,97.36,-4.508,-0,-1,130.7,134.43,133.47,24.97,Cornering,"Hoosier 43075 16x7.5-10 R20, 7 inch rim",25658
79.47,863.741,-7.33,457.68,-229.64,-0.003,-24.55,-42.36,-0.03,0.0319,-1.993,12.28,-166695.3,7.45,97.39,-4.552,-0,-1,130.81,134.54,133.55,24.96,Cornering,"Hoosier 43075 16x7.5-10 R20, 7 inch rim",25659
79.5,863.751,-8.51,460,-230.04,-0.003,-25.06,-42,0.04,0.037,-1.9997,12.36,96523.23,7.45,97.37,-4.601,-0,-0.9999,130.89,134.54,133.59,24.96,Cornering,"Hoosier 43075 16x7.5-10 R20, 7 inch rim",25660
79.51,863.761,-8.89,461.67,-230.86,0.009,-25.99,-41.55,0.04,0.0385,-1.9998,12.37,96495.02,7.45,97.35,-4.641,-0,-0.9999,130.96,134.54,133.67,24.96,Cornering,"Hoosier 43075 16x7.5-10 R20, 7 inch rim",25661
79.47,863.771,-9.25,462.6,-233.67,-0,-25.88,-42.1,0.04,0.0396,-1.9797,12.34,96512.41,7.45,97.33,-4.675,-0,-0.9999,130.94,134.48,133.69,24.96,Cornering,"Hoosier 43075 16x7.5-10 R20, 7 inch rim",25662
79.48,863.781,-8.43,463.35,-236,-0.002,-26.76,-41.98,0.04,0.0357,-1.9634,12.26,96552.19,7.44,97.34,-4.71,-0,-0.9999,131,134.45,133.71,24.97,Cornering,"Hoosier 43075 16x7.5-10 R20, 7 inch rim",25663
79.51,863.791,-7.6,464.89,-237.57,0.004,-27.24,-42.14,-0.03,0.032,-1.9568,12.17,-166683.19,7.44,97.37,-4.754,-0,-1,131,134.45,133.65,24.96,Cornering,"Hoosier 43075 16x7.5-10 R20, 7 inch rim",25664
79.49,863.801,-6.42,466.29,-237.86,-0.005,-27.5,-42.17,0.04,0.027,-1.9604,12.04,96495.23,7.44,97.43,-4.791,-0,-0.9999,130.91,134.5,133.67,24.96,Cornering,"Hoosier 43075 16x7.5-10 R20, 7 inch rim",25665
79.47,863.811,-5.81,468,-236.98,-0,-27.24,-42.26,0.11,0.0245,-1.9749,12,37404.91,7.44,97.51,-4.841,-0,-0.9998,130.89,134.61,133.67,24.96,Cornering,"Hoosier 43075 16x7.5-10 R20, 7 inch rim",25666
79.49,863.821,-5.3,470.34,-235.47,0.007,-26.42,-42.04,-0.03,0.0225,-1.9974,11.99,-166535.08,7.44,97.57,-4.877,-0,-1,130.85,134.67,133.69,24.94,Cornering,"Hoosier 43075 16x7.5-10 R20, 7 inch rim",25667
79.51,863.831,-4.9,473.3,-233.31,0.007,-26.14,-41.24,-0.03,0.021,-2.0286,12.07,-166487.33,7.44,97.61,-4.911,-0,-1,130.79,134.72,133.67,24.94,Cornering,"Hoosier 43075 16x7.5-10 R20, 7 inch rim",25668
79.48,863.841,-5.58,476.72,-231.69,0.013,-25.51,-40.86,-0.09,0.0241,-2.0576,12.19,-44633.54,7.44,97.66,-4.949,-0,-1.0002,130.72,134.87,133.69,24.92,Cornering,"Hoosier 43075 16x7.5-10 R20, 7 inch rim",25669
79.48,863.851,-6.41,479.22,-230.7,0.006,-26.15,-40.36,-0.03,0.0278,-2.0773,12.34,-166427.64,7.44,97.72,-4.99,-0,-1,130.76,135.03,133.79,24.93,Cornering,"Hoosier 43075 16x7.5-10 R20, 7 inch rim",25670
79.51,863.861,-7.34,481.53,-231.55,0.012,-25.58,-39.82,-0.09,0.0317,-2.0796,12.41,-44668.76,7.43,97.75,-5.036,-0,-1.0002,130.83,135.14,133.91,24.94,Cornering,"Hoosier 43075 16x7.5-10 R20, 7 inch rim",25671
79.49,863.871,-8.06,482.92,-232.07,0.004,-27.13,-39.61,-0.03,0.0348,-2.0809,12.4,-166443.84,7.43,97.78,-5.073,-0,-1,130.85,135.14,134.05,24.94,Cornering,"Hoosier 43075 16x7.5-10 R20, 7 inch rim",25672
79.47,863.881,-8.43,483.82,-234.22,0.013,-27.58,-39.79,-0.03,0.036,-2.0656,12.36,-166396.55,7.43,97.78,-5.105,-0,-1,130.81,135.07,134.11,24.93,Cornering,"Hoosier 43075 16x7.5-10 R20, 7 inch rim",25673
79.49,863.891,-7.76,484.42,-236.24,0.013,-28.95,-39.79,0.11,0.0328,-2.0505,12.24,37334.13,7.43,97.77,-5.151,-0,-0.9998,130.79,135.03,134.16,24.92,Cornering,"Hoosier 43075 16x7.5-10 R20, 7 inch rim",25674
79.51,863.901,-7.2,485.19,-238.42,0.007,-28.92,-40.04,0.11,0.0302,-2.035,12.11,37340.13,7.43,97.75,-5.193,-0,-0.9998,130.87,135,134.18,24.93,Cornering,"Hoosier 43075 16x7.5-10 R20, 7 inch rim",25675
79.48,863.911,-6.09,486.28,-238.98,0.001,-29.08,-39.86,-0.03,0.0255,-2.0348,12.02,-166359.56,7.43,97.7,-5.238,-0,-1,130.98,135.07,134.11,24.93,Cornering,"Hoosier 43075 16x7.5-10 R20, 7 inch rim",25676
79.47,863.921,-5.29,487.68,-238.45,0.007,-28.3,-39.58,-0.03,0.0222,-2.0452,12.02,-166426.8,7.43,97.67,-5.274,-0,-1,131.07,135.2,134.16,24.94,Cornering,"Hoosier 43075 16x7.5-10 R20, 7 inch rim",25677
79.5,863.931,-5.21,489.57,-236.49,-0.003,-27.61,-39.62,0.04,0.022,-2.0701,12.08,96390.31,7.43,97.65,-5.315,-0,-0.9999,131.13,135.31,134.22,24.96,Cornering,"Hoosier 43075 16x7.5-10 R20, 7 inch rim",25678
79.49,863.941,-5.15,491.92,-235.2,-0.002,-25.89,-38.98,-0.03,0.0219,-2.0915,12.18,-166479.64,7.43,97.64,-5.36,-0,-1,131.19,135.38,134.28,24.96,Cornering,"Hoosier 43075 16x7.5-10 R20, 7 inch rim",25679
79.48,863.951,-5.22,493.78,-233.55,0.001,-26.45,-37.95,0.04,0.0224,-2.1142,12.32,96331,7.43,97.61,-5.403,-0,-0.9999,131.19,135.51,134.32,24.94,Cornering,"Hoosier 43075 16x7.5-10 R20, 7 inch rim",25680
79.48,863.961,-6.15,495.96,-232.53,-0,-26.78,-37.43,-0.03,0.0264,-2.1329,12.41,-166379.92,7.42,97.58,-5.437,-0,-1,131.3,135.71,134.38,24.94,Cornering,"Hoosier 43075 16x7.5-10 R20, 7 inch rim",25681
79.51,863.971,-7.29,497.47,-232.01,0.023,-28.51,-37.08,0.04,0.0314,-2.1442,12.44,96362.47,7.42,97.58,-5.481,-0,-0.9999,131.47,135.82,134.48,24.96,Cornering,"Hoosier 43075 16x7.5-10 R20, 7 inch rim",25682
79.49,863.981,-8.01,498.25,-233.13,0.006,-29.28,-36.9,0.04,0.0343,-2.1372,12.4,96377.27,7.42,97.55,-5.526,-0,-0.9999,131.58,135.88,134.58,24.96,Cornering,"Hoosier 43075 16x7.5-10 R20, 7 inch rim",25683
79.48,863.991,-8.56,499.48,-235.54,0.007,-28.61,-37.14,-0.03,0.0363,-2.1205,12.31,-166612.97,7.42,97.54,-5.564,-0,-1,131.6,135.84,134.66,24.98,Cornering,"Hoosier 43075 16x7.5-10 R20, 7 inch rim",25684
79.5,864.001,-8.04,500.23,-237.15,0.007,-29.77,-37.27,-0.03,0.0339,-2.1093,12.19,-166640.47,7.42,97.54,-5.602,-0,-1,131.56,135.8,134.7,24.99,Cornering,"Hoosier 43075 16x7.5-10 R20, 7 inch rim",25685
79.5,864.011,-7.15,501.3,-238.79,0.014,-30.26,-36.99,0.04,0.03,-2.0994,12.03,96512.57,7.42,97.52,-5.649,-0,-0.9999,131.62,135.84,134.72,25,Cornering,"Hoosier 43075 16x7.5-10 R20, 7 inch rim",25686
79.48,864.021,-6.38,502.54,-239.82,0.013,-30.05,-36.97,-0.09,0.0266,-2.0955,11.95,-44733.84,7.42,97.52,-5.672,-0,-1.0002,131.69,135.84,134.7,25.01,Cornering,"Hoosier 43075 16x7.5-10 R20, 7 inch rim",25687
79.49,864.031,-5.58,503.48,-239.4,0.01,-29.71,-36.72,-0.03,0.0233,-2.1031,11.94,-166759,7.42,97.51,-5.72,-0,-1,131.73,135.88,134.74,25.01,Cornering,"Hoosier 43075 16x7.5-10 R20, 7 inch rim",25688
79.51,864.041,-5.03,504.74,-237.7,0.013,-28.92,-36.28,0.04,0.0212,-2.1234,12,96515.95,7.41,97.51,-5.756,-0,-0.9999,131.73,136.04,134.76,25.01,Cornering,"Hoosier 43075 16x7.5-10 R20, 7 inch rim",25689
79.48,864.051,-4.64,505.86,-236.3,-0,-27.92,-35.73,0.04,0.0196,-2.1407,12.13,96440.12,7.42,97.54,-5.805,-0,-0.9999,131.77,136.08,134.8,24.99,Cornering,"Hoosier 43075 16x7.5-10 R20, 7 inch rim",25690
79.47,864.061,-4.54,507.4,-234.32,0.013,-27.89,-34.82,0.04,0.0194,-2.1655,12.28,96390.48,7.41,97.53,-5.832,-0,-0.9999,131.75,136.19,134.84,24.98,Cornering,"Hoosier 43075 16x7.5-10 R20, 7 inch rim",25691
79.49,864.071,-5.34,509.43,-233.23,0.01,-27.98,-34.39,-0.03,0.0229,-2.1843,12.36,-166477.42,7.41,97.51,-5.881,-0,-1,131.79,136.3,134.9,24.98,Cornering,"Hoosier 43075 16x7.5-10 R20, 7 inch rim",25692
79.51,864.081,-6.25,510.66,-232.78,0.012,-29.22,-33.86,-0.03,0.0269,-2.1937,12.4,-166349.34,7.41,97.54,-5.919,-0,-1,131.88,136.43,135.04,24.96,Cornering,"Hoosier 43075 16x7.5-10 R20, 7 inch rim",25693
79.48,864.091,-7.69,511.91,-233.78,-0.002,-29.25,-34.23,0.04,0.0329,-2.1897,12.37,96275.69,7.41,97.55,-5.971,-0,-0.9999,132.01,136.48,135.15,24.96,Cornering,"Hoosier 43075 16x7.5-10 R20, 7 inch rim",25694
79.48,864.101,-8.46,512.5,-235.47,0.009,-29.92,-34.37,0.04,0.0359,-2.1765,12.28,96249.09,7.41,97.55,-5.994,-0,-0.9999,132.07,136.46,135.27,24.95,Cornering,"Hoosier 43075 16x7.5-10 R20, 7 inch rim",25695
79.51,864.111,-8.32,513.72,-236.85,0.013,-30.79,-34.57,-0.03,0.0351,-2.1689,12.15,-166154.67,7.41,97.56,-6.045,-0,-1,132.07,136.43,135.35,24.94,Cornering,"Hoosier 43075 16x7.5-10 R20, 7 inch rim",25696
79.49,864.121,-7.68,514.79,-238.74,0.013,-31.1,-34.78,0.04,0.0322,-2.1563,12.04,96166.84,7.41,97.57,-6.075,-0,-0.9999,132.12,136.52,135.39,24.93,Cornering,"Hoosier 43075 16x7.5-10 R20, 7 inch rim",25697
79.47,864.131,-6.54,515.88,-240.39,0.007,-30.16,-34.38,-0.03,0.0272,-2.146,11.99,-165974.69,7.41,97.62,-6.124,-0,-1,132.22,136.54,135.33,24.92,Cornering,"Hoosier 43075 16x7.5-10 R20, 7 inch rim",25698
79.49,864.141,-6.01,516.49,-239.8,0.016,-30.78,-34.46,0.04,0.0251,-2.1539,12.02,96061.77,7.4,97.63,-6.159,-0,-0.9999,132.27,136.61,135.35,24.91,Cornering,"Hoosier 43075 16x7.5-10 R20, 7 inch rim",25699
79.51,864.151,-5.94,516.84,-239.05,-0.003,-29.68,-34.73,-0.03,0.0248,-2.1621,12.13,-165947.47,7.4,97.64,-6.207,-0,-1,132.35,136.76,135.35,24.92,Cornering,"Hoosier 43075 16x7.5-10 R20, 7 inch rim",25700
79.49,864.161,-5.86,517.93,-237.36,0.01,-28.83,-34.34,-0.03,0.0247,-2.1821,12.25,-166166.77,7.4,97.64,-6.244,-0,-1,132.4,136.96,135.39,24.95,Cornering,"Hoosier 43075 16x7.5-10 R20, 7 inch rim",25701
79.48,864.171,-5.54,519.34,-235.96,0.012,-28.32,-33.22,-0.03,0.0235,-2.201,12.37,-166271.59,7.4,97.65,-6.277,-0,-1,132.31,137.07,135.39,24.97,Cornering,"Hoosier 43075 16x7.5-10 R20, 7 inch rim",25702
79.5,864.181,-6.3,521.22,-234.52,-0.003,-28.87,-32.93,0.04,0.0269,-2.2225,12.42,96277.62,7.4,97.65,-6.315,-0,-0.9999,132.42,137.18,135.43,24.97,Cornering,"Hoosier 43075 16x7.5-10 R20, 7 inch rim",25703
79.5,864.191,-7.01,523.22,-234.13,0.01,-29.47,-32.11,0.04,0.0299,-2.2348,12.44,96246.05,7.4,97.7,-6.362,-0,-0.9999,132.48,137.4,135.55,24.97,Cornering,"Hoosier 43075 16x7.5-10 R20, 7 inch rim",25704
79.47,864.201,-8.27,524.61,-234.98,0.001,-29.77,-32.11,0.11,0.0352,-2.2326,12.37,37308.62,7.4,97.74,-6.396,-0,-0.9998,132.67,137.51,135.69,24.96,Cornering,"Hoosier 43075 16x7.5-10 R20, 7 inch rim",25705
79.49,864.211,-8.83,525.68,-235.61,0.007,-31.02,-32.02,0.04,0.0375,-2.2312,12.26,96208.48,7.4,97.72,-6.439,-0,-0.9999,132.78,137.49,135.77,24.96,Cornering,"Hoosier 43075 16x7.5-10 R20, 7 inch rim",25706
79.51,864.221,-8.57,526.59,-237.02,0.013,-31.5,-31.65,-0.03,0.0362,-2.2217,12.15,-166278.78,7.4,97.71,-6.484,-0,-1,132.91,137.45,135.91,24.98,Cornering,"Hoosier 43075 16x7.5-10 R20, 7 inch rim",25707
79.49,864.231,-7.69,527.66,-238.36,0.009,-32.61,-31.42,-0.03,0.0322,-2.2138,12.02,-166304,7.4,97.71,-6.522,-0,-1,133.04,137.45,135.93,24.98,Cornering,"Hoosier 43075 16x7.5-10 R20, 7 inch rim",25708
79.48,864.241,-6.85,528.43,-240.46,0.007,-31.57,-31.27,-0.09,0.0285,-2.1976,11.99,-44625.29,7.4,97.67,-6.557,-0,-1.0002,133.15,137.49,135.97,24.99,Cornering,"Hoosier 43075 16x7.5-10 R20, 7 inch rim",25709
79.5,864.251,-5.89,528.59,-240.55,0.007,-31.86,-30.88,0.04,0.0245,-2.1974,12.04,96287.69,7.39,97.67,-6.601,-0,-0.9999,133.27,137.56,135.99,24.99,Cornering,"Hoosier 43075 16x7.5-10 R20, 7 inch rim",25710
79.5,864.261,-5.1,528.75,-239.94,0.01,-30.88,-30.49,-0.03,0.0213,-2.2037,12.12,-166146.7,7.39,97.65,-6.641,-0,-1,133.34,137.71,136.14,24.97,Cornering,"Hoosier 43075 16x7.5-10 R20, 7 inch rim",25711
79.47,864.271,-4.85,529.24,-238.82,0.007,-29.64,-30.33,-0.03,0.0203,-2.216,12.27,-165978.77,7.39,97.62,-6.68,-0,-1,133.4,137.91,136.22,24.94,Cornering,"Hoosier 43075 16x7.5-10 R20, 7 inch rim",25712
79.49,864.281,-4.56,529.88,-236.72,0.001,-29.79,-29.45,0.04,0.0193,-2.2385,12.4,96016.86,7.39,97.57,-6.724,-0,-0.9999,133.34,138.09,136.22,24.93,Cornering,"Hoosier 43075 16x7.5-10 R20, 7 inch rim",25713
79.51,864.291,-5.24,531.58,-235.28,0.013,-30.28,-29.25,0.18,0.0223,-2.2594,12.45,23080,7.39,97.53,-6.763,-0,-0.9997,133.36,138.28,136.26,24.92,Cornering,"Hoosier 43075 16x7.5-10 R20, 7 inch rim",25714
79.49,864.301,-6.2,533.76,-234.92,0.001,-30.43,-28.68,-0.03,0.0264,-2.2721,12.47,-165821.16,7.39,97.5,-6.797,-0,-1,133.34,138.46,136.42,24.93,Cornering,"Hoosier 43075 16x7.5-10 R20, 7 inch rim",25715
79.47,864.311,-7.18,535.61,-234.98,0.009,-31.1,-28.25,0.04,0.0306,-2.2794,12.4,96016.27,7.39,97.42,-6.834,-0,-0.9999,133.55,138.57,136.6,24.93,Cornering,"Hoosier 43075 16x7.5-10 R20, 7 inch rim",25716
79.5,864.321,-8.25,536.39,-236.05,-0.009,-31.63,-28.24,0.11,0.0349,-2.2723,12.28,37227.18,7.39,97.39,-6.879,-0,-0.9998,133.66,138.64,136.8,24.93,Cornering,"Hoosier 43075 16x7.5-10 R20, 7 inch rim",25717
79.51,864.331,-8.8,537.14,-237.37,0.001,-32.16,-28.44,0.11,0.0371,-2.2629,12.15,37232.2,7.39,97.36,-6.923,-0,-0.9998,133.83,138.57,136.92,24.94,Cornering,"Hoosier 43075 16x7.5-10 R20, 7 inch rim",25718
79.48,864.341,-8.5,538.36,-238.58,0.012,-32.62,-28.47,0.04,0.0356,-2.2565,12.07,96011.65,7.39,97.34,-6.962,-0,-0.9999,133.88,138.57,137,24.94,Cornering,"Hoosier 43075 16x7.5-10 R20, 7 inch rim",25719
79.48,864.351,-7.26,538.82,-240.02,0.004,-32.88,-28.06,0.11,0.0303,-2.2449,12.07,37261.36,7.39,97.31,-6.989,-0,-0.9998,133.96,138.61,137.07,24.96,Cornering,"Hoosier 43075 16x7.5-10 R20, 7 inch rim",25720
79.51,864.361,-6.6,538.97,-240.79,0.013,-32.29,-28.21,-0.03,0.0274,-2.2384,12.14,-166120.62,7.38,97.26,-7.032,-0,-1,134.03,138.7,137.09,24.98,Cornering,"Hoosier 43075 16x7.5-10 R20, 7 inch rim",25721
79.49,864.371,-5.53,538.52,-240.68,0.006,-31.77,-27.8,-0.03,0.023,-2.2375,12.22,-166180.56,7.38,97.22,-7.078,-0,-1,134.13,138.81,137.19,25,Cornering,"Hoosier 43075 16x7.5-10 R20, 7 inch rim",25722
79.47,864.381,-5.17,537.92,-239.82,0.001,-31,-27.62,0.11,0.0216,-2.243,12.36,37268.1,7.38,97.22,-7.115,-0,-0.9998,134.13,138.99,137.29,24.97,Cornering,"Hoosier 43075 16x7.5-10 R20, 7 inch rim",25723
79.49,864.391,-4.77,538.38,-238.41,0.013,-30.27,-26.96,0.04,0.02,-2.2582,12.44,96036.78,7.38,97.24,-7.155,-0,-0.9999,134.13,139.14,137.29,24.96,Cornering,"Hoosier 43075 16x7.5-10 R20, 7 inch rim",25724
79.5,864.401,-5.17,539.64,-236.76,0.004,-30.74,-26.77,0.04,0.0218,-2.2793,12.45,96027.98,7.38,97.26,-7.195,-0,-0.9999,134.11,139.27,137.31,24.96,Cornering,"Hoosier 43075 16x7.5-10 R20, 7 inch rim",25725
79.48,864.411,-5.78,541.97,-236.23,0.006,-30.6,-25.97,-0.03,0.0245,-2.2943,12.41,-165887.53,7.38,97.26,-7.241,-0,-1,134.26,139.38,137.45,24.96,Cornering,"Hoosier 43075 16x7.5-10 R20, 7 inch rim",25726
79.48,864.421,-7.05,544.44,-235.95,0.014,-31.02,-25.91,-0.03,0.0299,-2.3074,12.34,-166026.77,7.38,97.25,-7.28,-0,-1,134.54,139.56,137.67,24.98,Cornering,"Hoosier 43075 16x7.5-10 R20, 7 inch rim",25727
79.5,864.431,-8.17,545.53,-236.39,0.001,-32.16,-26.01,0.11,0.0346,-2.3077,12.2,37241.03,7.38,97.21,-7.33,-0,-0.9998,134.71,139.6,137.91,24.97,Cornering,"Hoosier 43075 16x7.5-10 R20, 7 inch rim",25728
79.49,864.441,-8.55,546.58,-237.04,0.013,-32.93,-25.86,-0.03,0.036,-2.3058,12.09,-165802.61,7.38,97.18,-7.361,-0,-1,134.93,139.6,138.1,24.96,Cornering,"Hoosier 43075 16x7.5-10 R20, 7 inch rim",25729
79.48,864.451,-7.81,547.35,-238.68,0.01,-33.2,-25.43,-0.03,0.0327,-2.2933,12.06,-165596.14,7.38,97.19,-7.397,-0,-1,135.03,139.65,138.26,24.93,Cornering,"Hoosier 43075 16x7.5-10 R20, 7 inch rim",25730
79.48,864.461,-7.97,547.65,-239.73,0.009,-34.06,-26.22,0.04,0.0332,-2.2844,12.05,95905.98,7.38,97.21,-7.441,-0,-0.9999,135.12,139.71,138.34,24.94,Cornering,"Hoosier 43075 16x7.5-10 R20, 7 inch rim",25731
79.51,864.471,-6.81,547.81,-240.97,0.007,-33.2,-25.78,0.11,0.0283,-2.2733,12.14,37201.77,7.38,97.28,-7.482,-0,-0.9998,135.27,139.82,138.4,24.95,Cornering,"Hoosier 43075 16x7.5-10 R20, 7 inch rim",25732
79.48,864.481,-5.73,546.9,-241.74,-0.003,-31.82,-25.38,-0.03,0.0237,-2.2623,12.28,-165893.02,7.38,97.27,-7.523,-0,-1,135.46,139.93,138.46,24.98,Cornering,"Hoosier 43075 16x7.5-10 R20, 7 inch rim",25733
79.48,864.491,-5.13,546.28,-241.15,0.003,-31.03,-25.01,-0.03,0.0213,-2.2653,12.39,-166072.92,7.37,97.25,-7.555,-0,-1,135.59,140.04,138.62,25.01,Cornering,"Hoosier 43075 16x7.5-10 R20, 7 inch rim",25734
79.5,864.501,-4.9,545.82,-239.57,0.012,-31.1,-24.69,-0.03,0.0205,-2.2783,12.45,-166091.34,7.37,97.21,-7.605,-0,-1,135.64,140.29,138.72,25.01,Cornering,"Hoosier 43075 16x7.5-10 R20, 7 inch rim",25735
79.5,864.511,-5.55,547.08,-237.85,-0,-31.05,-24.67,-0.03,0.0233,-2.3002,12.45,-166075.17,7.37,97.19,-7.645,-0,-1,135.68,140.42,138.72,25.01,Cornering,"Hoosier 43075 16x7.5-10 R20, 7 inch rim",25736
79.47,864.521,-6.15,548.79,-237.24,-0,-31.16,-24.18,-0.03,0.0259,-2.3132,12.4,-165944.08,7.37,97.14,-7.683,-0,-1,135.81,140.59,138.84,25,Cornering,"Hoosier 43075 16x7.5-10 R20, 7 inch rim",25737
79.49,864.531,-7.26,551.08,-236.38,0.022,-32.44,-23.93,-0.03,0.0307,-2.3313,12.3,-165812.34,7.37,97.08,-7.724,-0,-1,136.09,140.75,139.03,24.98,Cornering,"Hoosier 43075 16x7.5-10 R20, 7 inch rim",25738
79.51,864.541,-7.98,552.8,-237.07,0.009,-32.35,-23.74,-0.03,0.0337,-2.3318,12.15,-165835.03,7.37,97.09,-7.762,-0,-1,136.39,140.86,139.31,24.98,Cornering,"Hoosier 43075 16x7.5-10 R20, 7 inch rim",25739
79.48,864.551,-8.88,554.04,-237.66,-0.002,-33.16,-24.2,0.04,0.0374,-2.3312,12.05,95954.66,7.37,97.09,-7.807,-0,-0.9999,136.6,140.88,139.51,24.97,Cornering,"Hoosier 43075 16x7.5-10 R20, 7 inch rim",25740
79.48,864.561,-8.59,555.58,-238.47,0.009,-33.26,-24.24,0.04,0.036,-2.3298,12.01,95992.36,7.37,97.1,-7.835,-0,-0.9999,136.77,140.84,139.63,24.98,Cornering,"Hoosier 43075 16x7.5-10 R20, 7 inch rim",25741
79.5,864.571,-8,555.88,-239.44,0.01,-33.93,-24.23,0.04,0.0334,-2.3216,12.04,95960.48,7.37,97.11,-7.875,-0,-0.9999,136.88,140.93,139.69,24.98,Cornering,"Hoosier 43075 16x7.5-10 R20, 7 inch rim",25742
79.51,864.581,-6.94,555.87,-240.97,0.014,-33.21,-23.79,0.11,0.0288,-2.3068,12.14,37170.62,7.37,97.1,-7.918,-0,-0.9998,136.99,140.97,139.77,24.96,Cornering,"Hoosier 43075 16x7.5-10 R20, 7 inch rim",25743
79.47,864.591,-6.23,554.79,-240.96,0.009,-32.92,-23.76,0.04,0.0259,-2.3025,12.29,95806.84,7.37,97.08,-7.958,-0,-0.9999,137.18,141.1,139.79,24.94,Cornering,"Hoosier 43075 16x7.5-10 R20, 7 inch rim",25744
79.48,864.601,-5.27,553.09,-241.25,0.006,-32.32,-23.24,-0.03,0.0218,-2.2926,12.38,-165464.09,7.37,97.04,-8.007,-0,-1,137.33,141.21,139.89,24.94,Cornering,"Hoosier 43075 16x7.5-10 R20, 7 inch rim",25745
79.51,864.611,-5.1,552.63,-240.68,0.012,-31.49,-23.06,-0.03,0.0212,-2.2962,12.41,-165415.39,7.36,97,-8.031,-0,-1,137.48,141.39,140,24.94,Cornering,"Hoosier 43075 16x7.5-10 R20, 7 inch rim",25746
79.48,864.621,-5.06,553.26,-238.99,0.01,-31.95,-22.64,-0.03,0.0212,-2.315,12.38,-165474.06,7.36,97,-8.074,-0,-1,137.46,141.48,140.04,24.95,Cornering,"Hoosier 43075 16x7.5-10 R20, 7 inch rim",25747
79.47,864.631,-5.72,555.28,-238.08,0.009,-31.98,-22.27,0.11,0.024,-2.3324,12.31,37143,7.36,97.04,-8.119,-0,-0.9998,137.59,141.61,140.12,24.95,Cornering,"Hoosier 43075 16x7.5-10 R20, 7 inch rim",25748
79.5,864.641,-6.98,557.46,-237.53,0.006,-32.57,-22.26,-0.09,0.0294,-2.3469,12.19,-44385.81,7.36,97.07,-8.159,-0,-1.0002,137.87,141.78,140.28,24.95,Cornering,"Hoosier 43075 16x7.5-10 R20, 7 inch rim",25749
79.51,864.651,-7.84,559.31,-237.47,0.009,-33.36,-21.92,0.04,0.033,-2.3552,12.07,95813.34,7.36,97.1,-8.203,-0,-0.9999,138.1,141.85,140.5,24.96,Cornering,"Hoosier 43075 16x7.5-10 R20, 7 inch rim",25750
79.47,864.661,-8.4,560.86,-237.56,0.006,-33.8,-21.87,-0.03,0.0353,-2.3609,12,-165559.64,7.36,97.12,-8.233,-0,-1,138.36,141.96,140.74,24.97,Cornering,"Hoosier 43075 16x7.5-10 R20, 7 inch rim",25751
79.48,864.671,-8.53,561.78,-238.74,0.004,-33.76,-22.13,0.04,0.0357,-2.3531,12.01,95815.83,7.36,97.13,-8.282,-0,-0.9999,138.53,141.92,140.9,24.97,Cornering,"Hoosier 43075 16x7.5-10 R20, 7 inch rim",25752
79.51,864.681,-7.89,562.55,-240.14,0.009,-33.46,-22,-0.03,0.0328,-2.3426,12.08,-165480.06,7.36,97.14,-8.328,-0,-1,138.64,141.92,140.99,24.97,Cornering,"Hoosier 43075 16x7.5-10 R20, 7 inch rim",25753
79.49,864.691,-7.26,562.54,-240.68,0.007,-33.97,-22.1,-0.03,0.0302,-2.3373,12.19,-165351.62,7.36,97.15,-8.358,-0,-1,138.9,141.98,141.07,24.95,Cornering,"Hoosier 43075 16x7.5-10 R20, 7 inch rim",25754
79.47,864.701,-6.36,561.3,-241.83,0.009,-33.52,-22,-0.03,0.0263,-2.321,12.3,-165250.23,7.36,97.13,-8.414,-0,-1,139.02,142.14,141.13,24.94,Cornering,"Hoosier 43075 16x7.5-10 R20, 7 inch rim",25755
79.5,864.711,-5.47,559.91,-241.85,0.004,-32.89,-21.61,-0.03,0.0226,-2.3151,12.39,-165277.23,7.36,97.12,-8.439,-0,-1,139.13,142.22,141.27,24.94,Cornering,"Hoosier 43075 16x7.5-10 R20, 7 inch rim",25756
79.51,864.721,-4.98,558.52,-241.44,0.004,-32.5,-21.48,-0.03,0.0206,-2.3133,12.43,-165258.78,7.36,97.09,-8.481,-0,-1,139.28,142.38,141.41,24.94,Cornering,"Hoosier 43075 16x7.5-10 R20, 7 inch rim",25757
79.48,864.731,-4.83,558.84,-240.49,0.01,-31.8,-21,0.11,0.0201,-2.3237,12.39,37130.1,7.36,97.06,-8.514,-0,-0.9998,139.35,142.55,141.47,24.97,Cornering,"Hoosier 43075 16x7.5-10 R20, 7 inch rim",25758
79.48,864.741,-5.57,560.24,-239.19,0.007,-32.4,-20.97,-0.03,0.0233,-2.3422,12.29,-165378.44,7.36,97.07,-8.557,-0,-1,139.45,142.66,141.57,24.97,Cornering,"Hoosier 43075 16x7.5-10 R20, 7 inch rim",25759
79.51,864.751,-6.34,562.87,-238.61,0.01,-32.69,-20.3,0.04,0.0266,-2.3589,12.17,95689.39,7.36,97.06,-8.601,-0,-0.9999,139.73,142.93,141.69,24.96,Cornering,"Hoosier 43075 16x7.5-10 R20, 7 inch rim",25760
79.5,864.761,-7.71,565.51,-238.29,0.007,-32.94,-20.31,0.11,0.0323,-2.3733,12.05,37091.21,7.36,97.01,-8.643,-0,-0.9998,140.03,143.06,141.94,24.95,Cornering,"Hoosier 43075 16x7.5-10 R20, 7 inch rim",25761
79.47,864.771,-8.46,567.06,-238.48,0.006,-33.19,-19.97,0.04,0.0355,-2.3778,11.99,95625.79,7.36,97.02,-8.674,-0,-0.9999,140.31,143.21,142.14,24.94,Cornering,"Hoosier 43075 16x7.5-10 R20, 7 inch rim",25762
79.49,864.781,-8.76,567.99,-239.32,-0.005,-33.65,-20.1,0.04,0.0366,-2.3734,12,95612.93,7.36,97.02,-8.723,-0,-0.9999,140.53,143.24,142.34,24.94,Cornering,"Hoosier 43075 16x7.5-10 R20, 7 inch rim",25763
79.51,864.791,-8.67,568.44,-240.34,0.003,-33.82,-20.38,-0.09,0.0361,-2.3652,12.06,-44302.62,7.35,97.02,-8.77,-0,-1.0002,140.66,143.26,142.44,24.94,Cornering,"Hoosier 43075 16x7.5-10 R20, 7 inch rim",25764
79.48,864.801,-8.08,568.12,-241.45,0.006,-34.12,-20.36,0.04,0.0334,-2.3529,12.19,95636.8,7.35,97.02,-8.8,-0,-0.9999,140.87,143.32,142.56,24.96,Cornering,"Hoosier 43075 16x7.5-10 R20, 7 inch rim",25765
79.47,864.811,-7.12,566.56,-242.65,0.006,-33.95,-20.15,-0.09,0.0293,-2.3349,12.31,-44344.68,7.35,97,-8.846,-0,-1.0002,141,143.39,142.68,24.97,Cornering,"Hoosier 43075 16x7.5-10 R20, 7 inch rim",25766
79.51,864.821,-6.02,564.39,-242.79,0.006,-34.02,-20,0.04,0.0248,-2.3246,12.38,95639.04,7.35,96.97,-8.875,-0,-0.9999,141.11,143.57,142.74,24.96,Cornering,"Hoosier 43075 16x7.5-10 R20, 7 inch rim",25767
79.49,864.831,-5.43,562.84,-242.83,0.013,-33.53,-20.14,0.04,0.0223,-2.3178,12.39,95627.45,7.35,96.92,-8.918,-0,-0.9999,141.23,143.76,142.86,24.96,Cornering,"Hoosier 43075 16x7.5-10 R20, 7 inch rim",25768
79.47,864.841,-4.99,562.88,-242.5,-0.009,-32.56,-19.72,0.04,0.0206,-2.3211,12.33,95615.41,7.35,96.91,-8.962,-0,-0.9999,141.3,143.96,142.99,24.96,Cornering,"Hoosier 43075 16x7.5-10 R20, 7 inch rim",25769
79.49,864.851,-5.39,564.26,-240.97,0.007,-33.17,-19.43,-0.03,0.0224,-2.3416,12.22,-165254.77,7.35,96.89,-8.992,-0,-1,141.39,144.18,143.05,24.98,Cornering,"Hoosier 43075 16x7.5-10 R20, 7 inch rim",25770
79.51,864.861,-6.09,566.58,-240.13,0.009,-33.44,-18.96,-0.03,0.0254,-2.3595,12.11,-165307.75,7.35,96.85,-9.042,-0,-1,141.69,144.38,143.11,24.99,Cornering,"Hoosier 43075 16x7.5-10 R20, 7 inch rim",25771
79.48,864.871,-7.23,568.92,-240.03,0.004,-33.19,-18.72,-0.16,0.0301,-2.3702,12.03,-25608.32,7.35,96.83,-9.08,-0,-1.0003,142.01,144.56,143.35,24.99,Cornering,"Hoosier 43075 16x7.5-10 R20, 7 inch rim",25772
79.47,864.881,-7.84,570.93,-239.82,0.006,-33.03,-18.23,-0.03,0.0327,-2.3806,12.03,-165192.91,7.35,96.83,-9.122,-0,-1,142.31,144.67,143.53,24.98,Cornering,"Hoosier 43075 16x7.5-10 R20, 7 inch rim",25773
79.5,864.891,-8.36,571.7,-239.81,0.004,-33.91,-18.25,0.04,0.0348,-2.384,12.07,95558.32,7.35,96.86,-9.17,-0,-0.9999,142.52,144.71,143.77,24.96,Cornering,"Hoosier 43075 16x7.5-10 R20, 7 inch rim",25774
79.51,864.901,-8.3,572.32,-240.55,0.001,-33.82,-18.48,-0.09,0.0345,-2.3792,12.18,-44259.05,7.35,96.9,-9.197,-0,-1.0002,142.67,144.76,143.88,24.95,Cornering,"Hoosier 43075 16x7.5-10 R20, 7 inch rim",25775
79.47,864.911,-7.58,571.83,-241.54,0.014,-34.23,-18.18,-0.03,0.0314,-2.3675,12.3,-164944.14,7.35,96.9,-9.241,-0,-1,142.74,144.87,143.96,24.95,Cornering,"Hoosier 43075 16x7.5-10 R20, 7 inch rim",25776
79.48,864.921,-7.02,570.28,-242.84,0.006,-34.1,-18.29,0.04,0.0289,-2.3484,12.4,95529.11,7.35,96.92,-9.274,-0,-0.9999,142.95,144.95,144.04,24.96,Cornering,"Hoosier 43075 16x7.5-10 R20, 7 inch rim",25777
79.51,864.931,-5.96,568.1,-243.18,0.01,-34.44,-18.04,0.11,0.0245,-2.3361,12.42,37053.94,7.35,96.93,-9.321,-0,-0.9998,143.14,145.06,144.02,24.97,Cornering,"Hoosier 43075 16x7.5-10 R20, 7 inch rim",25778
79.49,864.941,-5.49,566.25,-243.42,0.007,-33.75,-18.13,-0.03,0.0226,-2.3262,12.38,-165037.45,7.34,96.93,-9.364,-0,-1,143.32,145.28,144.16,24.97,Cornering,"Hoosier 43075 16x7.5-10 R20, 7 inch rim",25779
79.47,864.951,-4.89,565.64,-243.4,0.001,-33.03,-17.81,0.11,0.0201,-2.3239,12.31,37019.17,7.35,96.92,-9.403,-0,-0.9998,143.47,145.46,144.3,24.96,Cornering,"Hoosier 43075 16x7.5-10 R20, 7 inch rim",25780
79.5,864.961,-5,566.57,-242.1,0.013,-33.09,-17.47,-0.03,0.0206,-2.3403,12.19,-164922.11,7.34,96.97,-9.443,-0,-1,143.55,145.75,144.36,24.96,Cornering,"Hoosier 43075 16x7.5-10 R20, 7 inch rim",25781
79.51,864.971,-5.54,568.28,-241.01,0.01,-33.38,-16.88,0.04,0.023,-2.3579,12.07,95537.48,7.34,96.94,-9.479,-0,-0.9999,143.72,145.97,144.5,24.98,Cornering,"Hoosier 43075 16x7.5-10 R20, 7 inch rim",25782
79.48,864.981,-6.55,570.46,-241.07,0.003,-33.07,-16.41,-0.16,0.0272,-2.3664,12.01,-25574.92,7.34,96.95,-9.522,-0,-1.0003,144.07,146.21,144.68,24.99,Cornering,"Hoosier 43075 16x7.5-10 R20, 7 inch rim",25783
79.48,864.991,-7.6,572.48,-240.89,0.004,-33.02,-16.12,-0.09,0.0315,-2.3765,12.02,-44282.14,7.34,96.94,-9.568,-0,-1.0002,144.35,146.36,144.95,24.99,Cornering,"Hoosier 43075 16x7.5-10 R20, 7 inch rim",25784
79.51,865.001,-8.49,572.77,-241.38,0.009,-33.55,-16.19,-0.03,0.0352,-2.3729,12.08,-165074.09,7.34,96.94,-9.599,-0,-1,144.69,146.41,145.19,25,Cornering,"Hoosier 43075 16x7.5-10 R20, 7 inch rim",25785
79.5,865.011,-8.54,573.54,-241.56,0.007,-34.36,-16.11,0.04,0.0353,-2.3744,12.22,95513.63,7.34,96.92,-9.638,-0,-0.9999,144.88,146.47,145.33,24.98,Cornering,"Hoosier 43075 16x7.5-10 R20, 7 inch rim",25786
79.48,865.021,-8.44,573.38,-242.96,0.006,-34.55,-16.42,0.04,0.0347,-2.36,12.36,95454.24,7.34,96.94,-9.689,-0,-0.9999,145.05,146.6,145.41,24.97,Cornering,"Hoosier 43075 16x7.5-10 R20, 7 inch rim",25787
79.5,865.031,-7.76,572.43,-243.97,0.016,-34.53,-16.55,-0.03,0.0318,-2.3463,12.45,-164784.45,7.34,96.95,-9.718,-0,-1,145.25,146.76,145.51,24.96,Cornering,"Hoosier 43075 16x7.5-10 R20, 7 inch rim",25788
79.52,865.041,-6.63,569.96,-245.07,0.001,-34.83,-16.57,0.04,0.0271,-2.3257,12.49,95384.23,7.34,96.94,-9.777,-0,-0.9999,145.4,146.89,145.61,24.96,Cornering,"Hoosier 43075 16x7.5-10 R20, 7 inch rim",25789
79.49,865.051,-5.79,568.11,-244.92,-0.005,-34.64,-16.61,0.11,0.0236,-2.3195,12.46,37008.03,7.34,96.95,-9.807,-0,-0.9998,145.57,147.09,145.75,24.98,Cornering,"Hoosier 43075 16x7.5-10 R20, 7 inch rim",25790
79.49,865.061,-5.17,566.71,-244.92,0.001,-33.78,-16.54,-0.03,0.0211,-2.3139,12.36,-164832.62,7.34,96.96,-9.848,-0,-1,145.83,147.29,145.9,24.98,Cornering,"Hoosier 43075 16x7.5-10 R20, 7 inch rim",25791
79.52,865.071,-4.84,567.5,-243.94,0.004,-33.18,-16.04,0.04,0.0198,-2.3264,12.23,95418.73,7.34,96.94,-9.884,-0,-0.9999,145.83,147.48,145.94,24.98,Cornering,"Hoosier 43075 16x7.5-10 R20, 7 inch rim",25792
79.52,865.081,-5.49,569.05,-242.97,0.012,-33.05,-15.63,-0.03,0.0226,-2.342,12.11,-164643.44,7.34,96.95,-9.919,-0,-1,145.93,147.68,146.04,24.96,Cornering,"Hoosier 43075 16x7.5-10 R20, 7 inch rim",25793
79.49,865.091,-6.39,571.24,-242.72,-0.003,-32.56,-14.95,-0.03,0.0263,-2.3534,12.04,-164540.23,7.34,96.94,-9.97,-0,-1,146.21,147.95,146.24,24.94,Cornering,"Hoosier 43075 16x7.5-10 R20, 7 inch rim",25794
79.51,865.101,-7.52,572.92,-242.22,0.012,-33.11,-14.62,0.04,0.0311,-2.3653,12.06,95270.17,7.34,96.92,-10.01,-0,-0.9999,146.51,148.08,146.44,24.95,Cornering,"Hoosier 43075 16x7.5-10 R20, 7 inch rim",25795
79.52,865.111,-8.23,573.54,-242.7,0.006,-33.53,-14.38,-0.03,0.0339,-2.3632,12.13,-164651.28,7.34,96.92,-10.05,-0,-1,146.79,148.17,146.76,24.97,Cornering,"Hoosier 43075 16x7.5-10 R20, 7 inch rim",25796
79.5,865.121,-8.74,573.71,-243.18,-0.007,-33.87,-14.76,0.04,0.0359,-2.3591,12.26,95379.92,7.34,96.9,-10.086,-0,-0.9999,147.05,148.28,146.93,24.98,Cornering,"Hoosier 43075 16x7.5-10 R20, 7 inch rim",25797
79.5,865.131,-8.64,573.53,-244.13,0.001,-34.39,-15.02,0.04,0.0354,-2.3493,12.37,95368.99,7.34,96.86,-10.122,-0,-0.9999,147.16,148.34,147.01,24.98,Cornering,"Hoosier 43075 16x7.5-10 R20, 7 inch rim",25798
79.53,865.141,-7.66,572.9,-244.9,0.001,-34.86,-14.93,-0.03,0.0313,-2.3393,12.41,-164704,7.34,96.8,-10.168,-0,-1,147.35,148.43,147.07,24.98,Cornering,"Hoosier 43075 16x7.5-10 R20, 7 inch rim",25799
79.53,865.151,-6.44,570.41,-245.64,0.004,-35.42,-14.54,0.11,0.0262,-2.3221,12.41,36961.35,7.34,96.76,-10.205,-0,-0.9998,147.52,148.63,147.17,24.98,Cornering,"Hoosier 43075 16x7.5-10 R20, 7 inch rim",25800
79.5,865.161,-5.72,568.26,-246.47,-0.009,-34.39,-14.84,0.04,0.0232,-2.3056,12.33,95308.55,7.34,96.72,-10.246,-0,-0.9999,147.65,148.76,147.25,24.98,Cornering,"Hoosier 43075 16x7.5-10 R20, 7 inch rim",25801
79.52,865.171,-4.78,566.7,-246.05,0.004,-33.93,-14.46,-0.03,0.0194,-2.3032,12.22,-164605.45,7.34,96.68,-10.281,-0,-1,147.84,148.94,147.37,24.98,Cornering,"Hoosier 43075 16x7.5-10 R20, 7 inch rim",25802
79.55,865.181,-4.93,566.87,-245.33,-0,-32.99,-14.61,-0.03,0.0201,-2.3107,12.09,-164467.8,7.34,96.63,-10.324,-0,-1,147.93,149.16,147.43,24.96,Cornering,"Hoosier 43075 16x7.5-10 R20, 7 inch rim",25803
79.52,865.191,-5.31,568.42,-243.9,0.014,-32.99,-14.11,-0.03,0.0218,-2.3305,12,-164487.47,7.34,96.59,-10.358,-0,-1,147.97,149.29,147.43,24.97,Cornering,"Hoosier 43075 16x7.5-10 R20, 7 inch rim",25804
79.51,865.201,-6.1,569.97,-243.64,0.013,-32.9,-13.35,0.04,0.025,-2.3394,11.97,95197.62,7.34,96.58,-10.39,-0,-0.9999,148.19,149.6,147.61,24.96,Cornering,"Hoosier 43075 16x7.5-10 R20, 7 inch rim",25805
79.55,865.211,-7.24,571.22,-243.54,-0,-33.25,-12.81,-0.03,0.0297,-2.3455,12.02,-164559.33,7.34,96.54,-10.437,-0,-1,148.47,149.77,147.82,24.98,Cornering,"Hoosier 43075 16x7.5-10 R20, 7 inch rim",25806
79.55,865.221,-7.8,571.52,-243.86,-0.002,-33.52,-12.1,-0.03,0.032,-2.3436,12.12,-164573.28,7.34,96.52,-10.481,-0,-1,148.87,149.91,148.08,24.99,Cornering,"Hoosier 43075 16x7.5-10 R20, 7 inch rim",25807
79.51,865.231,-8.27,571.66,-243.94,0.01,-34.36,-12.16,-0.09,0.0339,-2.3435,12.26,-44168.61,7.34,96.5,-10.52,-0,-1.0002,149.07,149.97,148.38,25,Cornering,"Hoosier 43075 16x7.5-10 R20, 7 inch rim",25808
79.53,865.241,-8.54,571.35,-245,0.001,-34.58,-12.88,-0.03,0.0349,-2.332,12.41,-164493.52,7.34,96.51,-10.557,-0,-1,149.24,149.99,148.46,24.98,Cornering,"Hoosier 43075 16x7.5-10 R20, 7 inch rim",25809
79.56,865.251,-7.76,570.89,-245.58,-0.009,-35.15,-12.87,0.11,0.0316,-2.3247,12.47,36904.49,7.34,96.51,-10.602,-0,-0.9998,149.37,150.13,148.56,24.97,Cornering,"Hoosier 43075 16x7.5-10 R20, 7 inch rim",25810
79.54,865.261,-6.67,569.63,-246.83,0.001,-34.63,-12.7,-0.03,0.027,-2.3078,12.48,-164252.92,7.34,96.53,-10.647,-0,-1,149.6,150.24,148.64,24.96,Cornering,"Hoosier 43075 16x7.5-10 R20, 7 inch rim",25811
79.52,865.271,-5.64,567.46,-247.77,0.003,-34.07,-12.67,-0.03,0.0227,-2.2903,12.41,-164187.75,7.34,96.48,-10.696,-0,-1,149.8,150.37,148.7,24.95,Cornering,"Hoosier 43075 16x7.5-10 R20, 7 inch rim",25812
79.55,865.281,-5.04,565.6,-247.34,0.006,-34.08,-12.82,0.04,0.0204,-2.2867,12.3,95004.98,7.33,96.44,-10.718,-0,-0.9999,149.99,150.52,148.87,24.94,Cornering,"Hoosier 43075 16x7.5-10 R20, 7 inch rim",25813
79.57,865.291,-4.9,565.45,-246.95,0.012,-32.82,-12.86,-0.03,0.0198,-2.2897,12.17,-164075.53,7.34,96.38,-10.76,-0,-1,150.1,150.68,148.97,24.94,Cornering,"Hoosier 43075 16x7.5-10 R20, 7 inch rim",25814
79.53,865.301,-5.59,565.93,-245.96,0.001,-32.69,-12.94,-0.09,0.0227,-2.3009,12.08,-44046,7.34,96.31,-10.793,-0,-1.0002,150.12,150.81,149.03,24.96,Cornering,"Hoosier 43075 16x7.5-10 R20, 7 inch rim",25815
79.54,865.311,-6.3,567.48,-245.03,0.007,-32.67,-12.13,0.04,0.0257,-2.316,12.08,95100.74,7.33,96.3,-10.831,-0,-0.9999,150.25,151.09,149.15,24.97,Cornering,"Hoosier 43075 16x7.5-10 R20, 7 inch rim",25816
79.57,865.321,-7.14,568.41,-245.05,0.006,-32.81,-11.48,-0.03,0.0291,-2.3195,12.13,-164282.02,7.33,96.28,-10.868,-0,-1,150.48,151.34,149.37,24.98,Cornering,"Hoosier 43075 16x7.5-10 R20, 7 inch rim",25817
79.55,865.331,-7.8,568.41,-245.02,-0.002,-33.94,-10.81,0.04,0.0318,-2.3199,12.25,95112.49,7.34,96.28,-10.929,-0,-0.9999,150.87,151.53,149.57,24.98,Cornering,"Hoosier 43075 16x7.5-10 R20, 7 inch rim",25818
79.54,865.341,-8.34,568.56,-245.46,-0.002,-34.13,-10.71,-0.03,0.034,-2.3162,12.36,-164305.36,7.34,96.23,-10.961,-0,-1,151.15,151.64,149.82,24.99,Cornering,"Hoosier 43075 16x7.5-10 R20, 7 inch rim",25819
79.55,865.351,-8.22,568.54,-245.49,0.006,-35.44,-10.78,-0.09,0.0335,-2.316,12.44,-44066,7.33,96.22,-10.998,-0,-1.0002,151.32,151.8,149.92,24.98,Cornering,"Hoosier 43075 16x7.5-10 R20, 7 inch rim",25820
79.57,865.361,-8.12,569.01,-246.35,0.001,-35.06,-11.42,0.04,0.033,-2.3097,12.44,95145.51,7.33,96.2,-11.03,-0,-0.9999,151.51,151.93,149.98,25,Cornering,"Hoosier 43075 16x7.5-10 R20, 7 inch rim",25821
79.55,865.371,-7.36,568.83,-247.55,0.017,-34.54,-11.51,-0.03,0.0297,-2.2979,12.4,-164313.39,7.33,96.17,-11.08,-0,-1,151.77,152.15,150.02,25,Cornering,"Hoosier 43075 16x7.5-10 R20, 7 inch rim",25822
79.54,865.381,-6.17,567.13,-247.87,0.01,-34.56,-11.38,0.04,0.0249,-2.288,12.29,95093.34,7.33,96.2,-11.12,-0,-0.9999,151.96,152.35,150.16,25,Cornering,"Hoosier 43075 16x7.5-10 R20, 7 inch rim",25823
79.58,865.391,-5.26,564.97,-247.97,0.006,-34.16,-11.29,-0.03,0.0212,-2.2783,12.16,-164118.81,7.33,96.21,-11.153,-0,-1,152.2,152.55,150.26,24.98,Cornering,"Hoosier 43075 16x7.5-10 R20, 7 inch rim",25824
79.57,865.401,-4.8,564.37,-247.57,0.003,-32.83,-11.4,0.04,0.0194,-2.2797,12.06,94958.1,7.33,96.25,-11.194,-0,-0.9999,152.35,152.79,150.42,24.97,Cornering,"Hoosier 43075 16x7.5-10 R20, 7 inch rim",25825
79.54,865.411,-4.92,563.91,-246.14,0.001,-32.94,-11.31,0.04,0.02,-2.291,11.99,94923.02,7.33,96.26,-11.233,-0,-0.9999,152.41,152.99,150.48,24.96,Cornering,"Hoosier 43075 16x7.5-10 R20, 7 inch rim",25826
79.56,865.421,-5.88,564.84,-245.6,0.006,-32.58,-11.18,-0.03,0.0239,-2.2998,12.03,-163969.22,7.33,96.3,-11.279,-0,-1,152.56,153.19,150.64,24.97,Cornering,"Hoosier 43075 16x7.5-10 R20, 7 inch rim",25827
79.58,865.431,-6.76,565.47,-245.31,-0.002,-32.96,-10.45,0.11,0.0275,-2.3051,12.11,36821.41,7.33,96.35,-11.317,-0,-0.9998,152.84,153.43,150.83,24.98,Cornering,"Hoosier 43075 16x7.5-10 R20, 7 inch rim",25828
79.56,865.441,-7.54,566.23,-245.42,0.007,-33.38,-9.64,0.04,0.0307,-2.3071,12.22,94987.44,7.33,96.36,-11.368,-0,-0.9999,153.16,153.6,151.05,24.99,Cornering,"Hoosier 43075 16x7.5-10 R20, 7 inch rim",25829
79.55,865.451,-8.44,566.07,-245.87,0.004,-33.66,-9.42,0.04,0.0343,-2.3023,12.36,94999.66,7.33,96.37,-11.396,-0,-0.9999,153.44,153.78,151.25,25,Cornering,"Hoosier 43075 16x7.5-10 R20, 7 inch rim",25830
79.58,865.461,-8.67,566.68,-246.57,0.007,-33.73,-9.36,-0.03,0.0352,-2.2982,12.44,-164174.7,7.33,96.41,-11.446,-0,-1,153.66,153.8,151.37,25.01,Cornering,"Hoosier 43075 16x7.5-10 R20, 7 inch rim",25831
79.57,865.471,-8.64,567.6,-246.85,0.007,-34.06,-9.79,-0.09,0.035,-2.2994,12.46,-44052.04,7.33,96.47,-11.478,-0,-1.0002,153.74,153.93,151.51,25.02,Cornering,"Hoosier 43075 16x7.5-10 R20, 7 inch rim",25832
79.55,865.481,-8.23,567.14,-247.08,0.001,-35.08,-9.84,0.04,0.0333,-2.2953,12.41,95043.3,7.33,96.53,-11.525,-0,-0.9999,153.87,154.11,151.57,25.02,Cornering,"Hoosier 43075 16x7.5-10 R20, 7 inch rim",25833
79.57,865.491,-6.99,565.58,-248.13,-0.003,-34.91,-9.28,0.04,0.0282,-2.2794,12.32,94986.32,7.33,96.54,-11.562,-0,-0.9999,154,154.24,151.61,25.01,Cornering,"Hoosier 43075 16x7.5-10 R20, 7 inch rim",25834
79.59,865.501,-5.25,563.57,-248.93,0.003,-33.82,-8.03,0.04,0.0211,-2.2639,12.19,95000.36,7.33,96.56,-11.585,-0,-0.9999,154.19,154.37,151.72,25.01,Cornering,"Hoosier 43075 16x7.5-10 R20, 7 inch rim",25835
79.56,865.511,-2.85,562.16,-248.95,0.016,-32.7,-5.77,-0.03,0.0114,-2.2581,12.09,-163999.94,7.33,96.58,-11.611,-0,-1,154.37,154.59,151.88,25,Cornering,"Hoosier 43075 16x7.5-10 R20, 7 inch rim",25836
79.55,865.521,-0.43,561.87,-248.48,0.013,-31.72,-2.75,0.11,0.0018,-2.2612,12.07,36802.54,7.33,96.57,-11.65,-0,-0.9998,154.43,154.73,151.98,25,Cornering,"Hoosier 43075 16x7.5-10 R20, 7 inch rim",25837
79.58,865.531,2.44,562.5,-248.17,0.004,-31.15,1.48,0.04,-0.0098,-2.2666,12.14,94838.76,7.33,96.57,-11.67,-0,-0.9999,154.56,154.86,152.12,24.98,Cornering,"Hoosier 43075 16x7.5-10 R20, 7 inch rim",25838
79.59,865.541,4,563.42,-247.61,0.01,-31.67,4.86,-0.03,-0.0161,-2.2754,12.23,-163804.59,7.33,96.58,-11.683,-0,-1,154.77,155.1,152.26,24.98,Cornering,"Hoosier 43075 16x7.5-10 R20, 7 inch rim",25839
79.56,865.551,2.92,563.87,-246.95,0.01,-33.53,5.57,-0.03,-0.0118,-2.2833,12.35,-163689.69,7.33,96.57,-11.684,-0,-1,155.07,155.34,152.48,24.96,Cornering,"Hoosier 43075 16x7.5-10 R20, 7 inch rim",25840
79.56,865.561,1.09,564.16,-246.73,0.016,-35.17,4.99,-0.09,-0.0044,-2.2865,12.43,-43893.79,7.33,96.57,-11.7,-0,-1.0002,155.46,155.45,152.79,24.95,Cornering,"Hoosier 43075 16x7.5-10 R20, 7 inch rim",25841
79.59,865.571,-0.45,565.1,-246.33,0.001,-36.05,4.08,0.04,0.0018,-2.294,12.41,94691.65,7.33,96.58,-11.713,-0,-0.9999,155.61,155.56,152.93,24.94,Cornering,"Hoosier 43075 16x7.5-10 R20, 7 inch rim",25842
79.58,865.581,-0.01,566.95,-247.21,0.009,-35.11,4.49,0.04,0,-2.2934,12.38,94630.16,7.33,96.58,-11.7,-0,-0.9999,155.8,155.67,153.07,24.93,Cornering,"Hoosier 43075 16x7.5-10 R20, 7 inch rim",25843
79.58,865.601,3.65,568.18,-247.36,0.022,-35.38,7.06,0.11,-0.0148,-2.297,12.12,36682.65,7.32,96.54,-12.259,-0,-0.9998,156.08,155.96,153.07,24.92,Cornering,"Hoosier 43075 16x7.5-10 R20, 7 inch rim",25844
79.58,865.611,4.14,566.18,-248.67,0.004,-34.24,6.27,-0.03,-0.0166,-2.2768,11.98,-163524.64,7.33,96.52,-12.249,-0,-1,156.3,156.03,153.15,24.94,Cornering,"Hoosier 43075 16x7.5-10 R20, 7 inch rim",25845
79.57,865.621,3.58,563.87,-249.68,0.001,-32.91,4.18,0.04,-0.0143,-2.2584,11.92,94783.19,7.33,96.53,-12.246,-0,-0.9999,156.49,156.18,153.31,24.97,Cornering,"Hoosier 43075 16x7.5-10 R20, 7 inch rim",25846
79.57,865.631,1.93,561.85,-249.52,0.012,-32.88,1.18,-0.09,-0.0077,-2.2518,11.93,-43904.92,7.33,96.55,-12.238,-0,-1.0002,156.6,156.42,153.45,24.96,Cornering,"Hoosier 43075 16x7.5-10 R20, 7 inch rim",25847
79.59,865.641,-0.7,561.09,-249.01,0.006,-32.72,-2.31,0.04,0.0028,-2.2533,12.02,94675.68,7.33,96.57,-12.239,-0,-0.9999,156.7,156.58,153.51,24.94,Cornering,"Hoosier 43075 16x7.5-10 R20, 7 inch rim",25848
79.58,865.651,-3.33,561.25,-248.19,0.004,-33.22,-4.96,-0.09,0.0134,-2.2613,12.16,-43865.76,7.33,96.57,-12.228,-0,-1.0002,156.81,156.73,153.8,24.93,Cornering,"Hoosier 43075 16x7.5-10 R20, 7 inch rim",25849
79.55,865.661,-5.64,562.18,-247.55,0.004,-33.63,-6.81,-0.03,0.0228,-2.271,12.3,-163397.73,7.33,96.57,-12.208,-0,-1,157.05,156.97,154.04,24.92,Cornering,"Hoosier 43075 16x7.5-10 R20, 7 inch rim",25850
79.58,865.671,-7.89,563.26,-247.31,0.004,-34.18,-8.55,-0.09,0.0319,-2.2776,12.39,-43857.42,7.33,96.48,-12.216,-0,-1.0002,157.33,157.08,154.26,24.93,Cornering,"Hoosier 43075 16x7.5-10 R20, 7 inch rim",25851
79.6,865.681,-10.41,564.49,-247.53,0.014,-33.78,-10.93,0.04,0.0421,-2.2805,12.41,94758.25,7.33,96.47,-12.192,-0,-0.9999,157.61,157.21,154.52,24.96,Cornering,"Hoosier 43075 16x7.5-10 R20, 7 inch rim",25852
79.57,865.691,-12.27,565.59,-247.43,0.004,-34.16,-13.57,-0.03,0.0496,-2.2859,12.38,-163791.7,7.33,96.45,-12.185,-0,-1,157.8,157.26,154.65,24.97,Cornering,"Hoosier 43075 16x7.5-10 R20, 7 inch rim",25853
79.56,865.701,-13.44,566.67,-248.4,0.012,-33.46,-15.8,0.11,0.0541,-2.2813,12.27,36810.49,7.33,96.46,-12.198,-0,-0.9998,157.97,157.43,154.67,25,Cornering,"Hoosier 43075 16x7.5-10 R20, 7 inch rim",25854
79.6,865.711,-14.11,566.2,-248.87,0.012,-34.15,-17.94,0.04,0.0567,-2.2751,12.14,94938.33,7.33,96.47,-12.18,-0,-0.9999,158.08,157.57,154.61,25,Cornering,"Hoosier 43075 16x7.5-10 R20, 7 inch rim",25855
79.59,865.721,-14.1,564.18,-249.66,0.013,-34.43,-19.38,0.04,0.0565,-2.2598,12.03,94845.28,7.33,96.52,-12.195,-0,-0.9999,158.25,157.72,154.67,24.98,Cornering,"Hoosier 43075 16x7.5-10 R20, 7 inch rim",25856
79.56,865.731,-13.14,561.7,-250.25,0.009,-33.93,-19.7,-0.03,0.0525,-2.2446,11.97,-163755.42,7.33,96.53,-12.182,-0,-1,158.36,157.85,154.69,24.97,Cornering,"Hoosier 43075 16x7.5-10 R20, 7 inch rim",25857
79.58,865.741,-11.31,559.69,-249.85,0.009,-33.97,-18.45,0.04,0.0453,-2.2401,11.99,94762.75,7.33,96.56,-12.179,-0,-0.9999,158.48,158.03,154.81,24.96,Cornering,"Hoosier 43075 16x7.5-10 R20, 7 inch rim",25858
79.6,865.751,-8.83,558.92,-248.72,0.006,-34.03,-15.31,0.04,0.0355,-2.2471,12.07,94783.26,7.33,96.59,-12.183,-0,-0.9999,158.44,158.14,154.91,24.96,Cornering,"Hoosier 43075 16x7.5-10 R20, 7 inch rim",25859
79.58,865.761,-7.39,559.71,-247.65,0.003,-33.63,-12.19,-0.03,0.0298,-2.2601,12.19,-163630.12,7.33,96.58,-12.2,-0,-1,158.4,158.29,155.01,24.95,Cornering,"Hoosier 43075 16x7.5-10 R20, 7 inch rim",25860
79.57,865.771,-7.43,561.25,-246.83,0.012,-33.54,-9.44,0.04,0.0301,-2.2738,12.31,94717.23,7.33,96.57,-12.183,-0,-0.9999,158.64,158.51,155.17,24.94,Cornering,"Hoosier 43075 16x7.5-10 R20, 7 inch rim",25861
79.59,865.781,-6.03,562.81,-246.66,0.003,-32.77,-4.78,-0.03,0.0244,-2.2817,12.36,-163594.7,7.33,96.57,-12.196,-0,-1,158.85,158.62,155.39,24.94,Cornering,"Hoosier 43075 16x7.5-10 R20, 7 inch rim",25862
79.6,865.791,-2.88,563.41,-247.13,0.003,-32.83,1.32,-0.03,0.0117,-2.2798,12.36,-163716.53,7.33,96.61,-12.183,-0,-1,159.02,158.78,155.68,24.96,Cornering,"Hoosier 43075 16x7.5-10 R20, 7 inch rim",25863
79.56,865.801,2.23,563.24,-247.73,0.004,-33.29,8.78,-0.03,-0.009,-2.2736,12.3,-163878.98,7.33,96.61,-12.166,-0,-1,159.17,158.8,155.84,24.98,Cornering,"Hoosier 43075 16x7.5-10 R20, 7 inch rim",25864
79.58,865.811,7.42,564,-248.24,0.006,-33.23,15.41,-0.03,-0.0299,-2.272,12.19,-164012.89,7.33,96.65,-12.133,-0,-1,159.28,158.95,155.9,25,Cornering,"Hoosier 43075 16x7.5-10 R20, 7 inch rim",25865
79.6,865.821,11.49,563.37,-249.14,0.01,-33.85,20.04,0.04,-0.0461,-2.2613,12.06,94918.78,7.33,96.66,-12.11,-0,-0.9999,159.43,159.06,155.9,24.99,Cornering,"Hoosier 43075 16x7.5-10 R20, 7 inch rim",25866
79.58,865.831,14.67,561.8,-250.84,0.013,-33.51,22.92,0.04,-0.0585,-2.2397,11.95,94936.18,7.33,96.69,-12.06,-0,-0.9999,159.51,159.17,155.86,24.99,Cornering,"Hoosier 43075 16x7.5-10 R20, 7 inch rim",25867
79.56,865.841,15.8,559.95,-251.12,0.004,-33.34,22.62,-0.03,-0.0629,-2.2298,11.93,-163969.14,7.33,96.66,-12.016,-0,-1,159.67,159.28,155.88,24.98,Cornering,"Hoosier 43075 16x7.5-10 R20, 7 inch rim",25868
79.59,865.851,14.02,558.1,-250.28,0.001,-33.7,18.8,-0.03,-0.056,-2.2299,11.97,-163993,7.33,96.65,-11.976,-0,-1,159.79,159.39,156,24.98,Cornering,"Hoosier 43075 16x7.5-10 R20, 7 inch rim",25869
79.6,865.861,10.11,557.66,-250.27,-0.002,-32.07,12.85,-0.03,-0.0404,-2.2282,12.06,-164137.7,7.33,96.6,-11.924,-0,-1,159.86,159.59,156.06,25,Cornering,"Hoosier 43075 16x7.5-10 R20, 7 inch rim",25870
79.57,865.871,5.1,558.44,-248.64,0.007,-32.28,6.29,0.04,-0.0205,-2.2459,12.22,95046.66,7.33,96.56,-11.867,-0,-0.9999,159.88,159.72,156.14,25,Cornering,"Hoosier 43075 16x7.5-10 R20, 7 inch rim",25871
79.58,865.881,-0.5,559.86,-247.5,0.007,-31.79,-0.12,-0.03,0.002,-2.2621,12.34,-164054.58,7.33,96.54,-11.807,-0,-1,160.03,159.86,156.26,24.98,Cornering,"Hoosier 43075 16x7.5-10 R20, 7 inch rim",25872
79.61,865.891,-5.58,560.79,-247.06,0.009,-32.45,-5.38,-0.09,0.0226,-2.2698,12.43,-44001.17,7.33,96.52,-11.762,-0,-1.0002,160.33,160.03,156.44,24.97,Cornering,"Hoosier 43075 16x7.5-10 R20, 7 inch rim",25873
79.58,865.901,-8.99,561.56,-246.88,0.009,-32.52,-9.03,0.04,0.0364,-2.2747,12.44,94928.92,7.33,96.52,-11.694,-0,-0.9999,160.61,160.14,156.69,24.96,Cornering,"Hoosier 43075 16x7.5-10 R20, 7 inch rim",25874
79.57,865.911,-11.11,561.88,-247.22,-0.003,-33.1,-12.04,0.04,0.0449,-2.2728,12.38,94966.31,7.33,96.49,-11.648,-0,-0.9999,160.85,160.16,156.79,24.96,Cornering,"Hoosier 43075 16x7.5-10 R20, 7 inch rim",25875
79.59,865.921,-12.91,562.04,-248.31,-0.005,-33.22,-15.37,-0.03,0.052,-2.2634,12.27,-164249.58,7.33,96.49,-11.602,-0,-1,160.97,160.27,156.91,24.99,Cornering,"Hoosier 43075 16x7.5-10 R20, 7 inch rim",25876
79.61,865.931,-15.41,562.49,-248.95,0.007,-33.53,-19.84,-0.03,0.0619,-2.2594,12.14,-164507.78,7.33,96.48,-11.55,-0,-1,161.1,160.36,156.93,25.03,Cornering,"Hoosier 43075 16x7.5-10 R20, 7 inch rim",25877
79.57,865.941,-17.16,561.71,-249.62,0.003,-34.17,-23.58,-0.03,0.0687,-2.2502,12.02,-164608.59,7.33,96.48,-11.507,-0,-1,161.25,160.45,156.93,25.04,Cornering,"Hoosier 43075 16x7.5-10 R20, 7 inch rim",25878
79.57,865.951,-16.54,559.84,-250.28,0.009,-33.98,-24.67,-0.03,0.0661,-2.2369,11.99,-164589.3,7.33,96.47,-11.475,-0,-1,161.34,160.52,156.95,25.03,Cornering,"Hoosier 43075 16x7.5-10 R20, 7 inch rim",25879
79.61,865.961,-14.13,557.52,-250.41,0.01,-34.13,-23.62,0.04,0.0564,-2.2264,12.03,95210.65,7.33,96.45,-11.443,-0,-0.9999,161.49,160.69,156.99,25.01,Cornering,"Hoosier 43075 16x7.5-10 R20, 7 inch rim",25880
79.59,865.971,-12.24,555.98,-249.55,0.001,-33.96,-22.3,-0.03,0.0491,-2.2279,12.13,-164356.62,7.33,96.45,-11.414,-0,-1,161.51,160.85,157.05,24.99,Cornering,"Hoosier 43075 16x7.5-10 R20, 7 inch rim",25881
79.57,865.981,-11.19,555.99,-249.1,0.01,-32.46,-20.87,0.04,0.0449,-2.232,12.27,95078.2,7.33,96.43,-11.376,-0,-0.9999,161.47,160.91,157.09,24.97,Cornering,"Hoosier 43075 16x7.5-10 R20, 7 inch rim",25882
79.59,865.991,-11.37,556.76,-247.89,0.016,-32.06,-19.73,-0.03,0.0459,-2.2461,12.39,-164133.33,7.33,96.41,-11.337,-0,-1,161.55,161.02,157.07,24.95,Cornering,"Hoosier 43075 16x7.5-10 R20, 7 inch rim",25883
79.61,866.001,-10.99,557.7,-247.22,0.01,-32.28,-17.37,-0.03,0.0445,-2.2559,12.44,-164181.11,7.33,96.4,-11.32,-0,-1,161.66,161.2,157.13,24.96,Cornering,"Hoosier 43075 16x7.5-10 R20, 7 inch rim",25884
79.57,866.011,-10.95,558.48,-247.65,-0.003,-31.99,-15.53,0.04,0.0442,-2.2551,12.45,95017.8,7.33,96.37,-11.29,-0,-0.9999,161.83,161.24,157.35,24.94,Cornering,"Hoosier 43075 16x7.5-10 R20, 7 inch rim",25885
79.56,866.021,-10.4,559.23,-247.06,0.014,-33.15,-13.57,0.04,0.0421,-2.2635,12.36,95006.83,7.33,96.37,-11.255,-0,-0.9999,161.98,161.31,157.54,24.94,Cornering,"Hoosier 43075 16x7.5-10 R20, 7 inch rim",25886
79.61,866.031,-9.71,560.16,-247.28,0.006,-33.64,-12.43,0.04,0.0393,-2.2653,12.26,95018.81,7.33,96.4,-11.218,-0,-0.9999,162.05,161.33,157.64,24.94,Cornering,"Hoosier 43075 16x7.5-10 R20, 7 inch rim",25887
79.6,866.041,-9.26,560.77,-248.35,0.01,-33.6,-12.02,-0.03,0.0373,-2.258,12.14,-164063.77,7.33,96.42,-11.188,-0,-1,162.15,161.4,157.68,24.93,Cornering,"Hoosier 43075 16x7.5-10 R20, 7 inch rim",25888
79.57,866.051,-7.89,560.62,-249.19,0.004,-33.75,-11.03,-0.03,0.0317,-2.2497,12.08,-164081.95,7.33,96.41,-11.155,-0,-1,162.2,161.46,157.7,24.93,Cornering,"Hoosier 43075 16x7.5-10 R20, 7 inch rim",25889
79.58,866.061,-6.1,558.74,-249.98,0.001,-34.55,-9.72,-0.03,0.0244,-2.2352,12.11,-164058,7.33,96.41,-11.129,-0,-1,162.22,161.53,157.62,24.92,Cornering,"Hoosier 43075 16x7.5-10 R20, 7 inch rim",25890
79.61,866.071,-3.46,556.25,-250.5,0.009,-34.43,-7.54,0.04,0.0138,-2.2205,12.19,94973.42,7.33,96.39,-11.084,-0,-0.9999,162.3,161.59,157.56,24.92,Cornering,"Hoosier 43075 16x7.5-10 R20, 7 inch rim",25891
79.58,866.081,-1.23,554.56,-250.4,0.001,-33.48,-5.72,0.04,0.0049,-2.2147,12.3,94982.95,7.33,96.4,-11.054,-0,-0.9999,162.33,161.64,157.62,24.92,Cornering,"Hoosier 43075 16x7.5-10 R20, 7 inch rim",25892
79.57,866.091,0.14,553.96,-249.22,-0.003,-33.01,-4.07,-0.03,-0.0006,-2.2228,12.4,-164122.27,7.33,96.39,-11.012,-0,-1,162.22,161.68,157.6,24.92,Cornering,"Hoosier 43075 16x7.5-10 R20, 7 inch rim",25893
79.6,866.101,0.98,555.21,-248.98,-0,-31.03,-2.41,0.11,-0.0039,-2.23,12.44,36874.55,7.33,96.37,-10.971,-0,-0.9998,162.15,161.73,157.64,24.94,Cornering,"Hoosier 43075 16x7.5-10 R20, 7 inch rim",25894
79.59,866.111,0.32,556.75,-247.46,0.013,-31.4,-1.66,0.04,-0.0013,-2.2499,12.4,95156.09,7.33,96.33,-10.925,-0,-0.9999,162.24,161.75,157.7,24.95,Cornering,"Hoosier 43075 16x7.5-10 R20, 7 inch rim",25895
79.56,866.121,-1.02,558.15,-247.06,0.012,-31.71,-1.96,0.04,0.0041,-2.2591,12.34,95190.28,7.33,96.28,-10.886,-0,-0.9999,162.41,161.79,157.86,24.96,Cornering,"Hoosier 43075 16x7.5-10 R20, 7 inch rim",25896
79.58,866.131,-2.78,559.09,-247.39,-0.003,-31.49,-3.13,0.04,0.0112,-2.26,12.22,95181.99,7.33,96.24,-10.842,-0,-0.9999,162.63,161.77,158.02,24.95,Cornering,"Hoosier 43075 16x7.5-10 R20, 7 inch rim",25897
79.59,866.141,-4.91,559.07,-247.89,0.01,-32.68,-5.41,-0.03,0.0198,-2.2553,12.11,-164432.84,7.33,96.24,-10.79,-0,-1,162.71,161.81,158.12,24.95,Cornering,"Hoosier 43075 16x7.5-10 R20, 7 inch rim",25898
79.58,866.151,-6.2,559.37,-248.21,0.007,-33.54,-7.6,-0.03,0.025,-2.2537,12.04,-164458.02,7.33,96.24,-10.743,-0,-1,162.75,161.84,158.1,24.95,Cornering,"Hoosier 43075 16x7.5-10 R20, 7 inch rim",25899
79.56,866.161,-7.01,558.74,-249.22,0.007,-34.15,-9.66,-0.03,0.0281,-2.2419,12.02,-164712.34,7.33,96.25,-10.696,-0,-1,162.82,161.95,158,24.98,Cornering,"Hoosier 43075 16x7.5-10 R20, 7 inch rim",25900
79.58,866.171,-7.49,557.19,-250.03,0.007,-34.8,-11.74,-0.09,0.0299,-2.2285,12.1,-44248.27,7.33,96.23,-10.654,-0,-1.0002,162.86,162.03,157.92,25.01,Cornering,"Hoosier 43075 16x7.5-10 R20, 7 inch rim",25901
79.59,866.181,-7.46,555.32,-250.16,0.017,-35.13,-13.46,0.04,0.0298,-2.2198,12.22,95566.98,7.33,96.25,-10.597,-0,-0.9999,162.9,162.1,157.82,25.03,Cornering,"Hoosier 43075 16x7.5-10 R20, 7 inch rim",25902
79.55,866.191,-7.74,553.96,-250.16,-0.009,-33.94,-15.6,0.11,0.0309,-2.2144,12.37,37060.97,7.33,96.23,-10.56,-0,-0.9998,162.97,162.12,157.82,25.03,Cornering,"Hoosier 43075 16x7.5-10 R20, 7 inch rim",25903
79.55,866.201,-7.7,553.64,-249.18,0.014,-32.92,-16.74,-0.03,0.0309,-2.2218,12.44,-165114.48,7.33,96.22,-10.512,-0,-1,162.86,162.21,157.8,25.03,Cornering,"Hoosier 43075 16x7.5-10 R20, 7 inch rim",25904
79.58,866.211,-8.65,555.07,-247.73,0.006,-31.53,-18.44,-0.23,0.0349,-2.2407,12.47,-17981.2,7.33,96.2,-10.467,-0,-1.0004,162.8,162.21,157.82,25.03,Cornering,"Hoosier 43075 16x7.5-10 R20, 7 inch rim",25905
79.57,866.221,-9.38,556.32,-247.29,0.006,-31.03,-18.7,0.04,0.0379,-2.2496,12.44,95508.16,7.33,96.16,-10.425,-0,-0.9999,162.84,162.3,157.9,25,Cornering,"Hoosier 43075 16x7.5-10 R20, 7 inch rim",25906
79.54,866.231,-10.59,557.1,-246.33,-0.003,-32.46,-19.11,0.04,0.043,-2.2616,12.35,95474.12,7.33,96.14,-10.391,-0,-0.9999,162.93,162.32,158.04,24.99,Cornering,"Hoosier 43075 16x7.5-10 R20, 7 inch rim",25907
79.57,866.241,-12.41,558.02,-246.68,0.001,-32.52,-20,0.04,0.0503,-2.2621,12.22,95510.32,7.33,96.15,-10.343,-0,-0.9999,163.12,162.28,158.26,25,Cornering,"Hoosier 43075 16x7.5-10 R20, 7 inch rim",25908
79.58,866.251,-13.54,557.85,-247.61,0.004,-32.76,-20.54,-0.03,0.0547,-2.2529,12.09,-164914.91,7.33,96.16,-10.306,-0,-1,163.18,162.28,158.42,24.98,Cornering,"Hoosier 43075 16x7.5-10 R20, 7 inch rim",25909
79.54,866.261,-13.27,557.68,-247.5,0.012,-34.45,-20.15,0.04,0.0536,-2.2533,12,95465.88,7.33,96.17,-10.269,-0,-0.9999,163.16,162.21,158.42,24.98,Cornering,"Hoosier 43075 16x7.5-10 R20, 7 inch rim",25910
79.54,866.271,-12.08,557.52,-248.85,0.009,-34.35,-19.5,-0.03,0.0486,-2.2403,12,-164797.52,7.33,96.2,-10.236,-0,-1,163.14,162.21,158.47,24.96,Cornering,"Hoosier 43075 16x7.5-10 R20, 7 inch rim",25911
79.57,866.281,-10.39,556.88,-249.54,0.014,-34.87,-18.5,0.11,0.0417,-2.2317,12.06,37016.12,7.33,96.21,-10.204,-0,-0.9998,163.08,162.25,158.38,24.97,Cornering,"Hoosier 43075 16x7.5-10 R20, 7 inch rim",25912
79.56,866.291,-8.79,555.49,-249.87,0.009,-34.67,-17.55,0.04,0.0352,-2.2232,12.18,95494.81,7.33,96.22,-10.17,-0,-0.9999,163.08,162.28,158.34,24.98,Cornering,"Hoosier 43075 16x7.5-10 R20, 7 inch rim",25913
79.52,866.301,-7.91,554.11,-250.16,-0,-33.34,-17.38,-0.03,0.0316,-2.215,12.33,-165036.53,7.33,96.26,-10.141,-0,-1,163.1,162.3,158.3,24.99,Cornering,"Hoosier 43075 16x7.5-10 R20, 7 inch rim",25914
79.55,866.311,-6.9,553.34,-249.05,0.006,-32.98,-16.71,-0.03,0.0277,-2.2218,12.41,-165051.61,7.33,96.3,-10.111,-0,-1,163.08,162.34,158.3,24.99,Cornering,"Hoosier 43075 16x7.5-10 R20, 7 inch rim",25915
79.56,866.321,-5.67,553.68,-248.37,0.001,-31.26,-14.99,0.04,0.0228,-2.2292,12.44,95523.05,7.33,96.31,-10.073,-0,-0.9999,162.97,162.3,158.26,24.98,Cornering,"Hoosier 43075 16x7.5-10 R20, 7 inch rim",25916
79.54,866.331,-4.58,554.62,-247.19,-0.002,-31.16,-12.88,0.04,0.0185,-2.2436,12.41,95530.89,7.33,96.3,-10.046,-0,-0.9999,162.97,162.3,158.38,24.98,Cornering,"Hoosier 43075 16x7.5-10 R20, 7 inch rim",25917
79.52,866.341,-4.13,555.38,-246.69,0.001,-31.86,-10.69,0.04,0.0168,-2.2513,12.32,95545.28,7.33,96.33,-9.995,-0,-0.9999,163.08,162.36,158.49,24.98,Cornering,"Hoosier 43075 16x7.5-10 R20, 7 inch rim",25918
79.56,866.351,-4.02,556.15,-246.89,0.004,-32.21,-8.99,-0.03,0.0163,-2.2526,12.2,-165125.61,7.33,96.36,-9.962,-0,-1,163.21,162.36,158.61,24.99,Cornering,"Hoosier 43075 16x7.5-10 R20, 7 inch rim",25919
79.55,866.361,-3.87,556.14,-246.81,-0.005,-34.01,-7.74,-0.03,0.0157,-2.2533,12.05,-165105.64,7.33,96.37,-9.925,-0,-1,163.27,162.34,158.79,24.98,Cornering,"Hoosier 43075 16x7.5-10 R20, 7 inch rim",25920
79.52,866.371,-3.6,556.43,-247.56,0.007,-34.32,-7.33,-0.09,0.0145,-2.2476,12,-44313.12,7.33,96.37,-9.878,-0,-1.0002,163.29,162.39,158.81,24.99,Cornering,"Hoosier 43075 16x7.5-10 R20, 7 inch rim",25921
79.54,866.381,-3.26,557.05,-248.32,0.004,-34.25,-7.5,-0.03,0.0131,-2.2432,12,-165104.45,7.33,96.39,-9.849,-0,-1,163.29,162.39,158.79,24.98,Cornering,"Hoosier 43075 16x7.5-10 R20, 7 inch rim",25922
79.55,866.391,-2.99,557.04,-249.83,0.012,-33.5,-8.26,-0.03,0.012,-2.2297,12.11,-165055.64,7.33,96.39,-9.792,-0,-1,163.27,162.39,158.67,24.97,Cornering,"Hoosier 43075 16x7.5-10 R20, 7 inch rim",25923
79.52,866.401,-3.19,556.13,-250.2,-0.006,-33.28,-10.04,0.04,0.0128,-2.2227,12.22,95589.53,7.33,96.34,-9.761,-0,-0.9999,163.29,162.39,158.57,24.97,Cornering,"Hoosier 43075 16x7.5-10 R20, 7 inch rim",25924
79.51,866.411,-3.11,554.88,-249.62,0.009,-33.45,-11.63,0.11,0.0124,-2.2229,12.33,37078.73,7.33,96.34,-9.716,-0,-0.9998,163.29,162.39,158.49,24.98,Cornering,"Hoosier 43075 16x7.5-10 R20, 7 inch rim",25925
79.54,866.421,-3.24,553.65,-248.79,0.012,-32.75,-13.19,-0.03,0.013,-2.2254,12.4,-165311.33,7.33,96.31,-9.659,-0,-1,163.25,162.36,158.49,25,Cornering,"Hoosier 43075 16x7.5-10 R20, 7 inch rim",25926
79.55,866.431,-3.83,553.67,-248.29,0.007,-31.18,-14.68,0.04,0.0154,-2.2299,12.39,95718.02,7.33,96.28,-9.617,-0,-0.9999,163.08,162.34,158.51,25,Cornering,"Hoosier 43075 16x7.5-10 R20, 7 inch rim",25927
79.51,866.441,-5.53,554.14,-247.16,0.016,-31.37,-16.47,-0.09,0.0224,-2.242,12.36,-44342.04,7.33,96.26,-9.574,-0,-1.0002,162.97,162.3,158.49,24.98,Cornering,"Hoosier 43075 16x7.5-10 R20, 7 inch rim",25928
79.52,866.451,-6.85,554.61,-246.52,0.006,-31.86,-17.1,-0.03,0.0278,-2.2498,12.26,-165218.45,7.33,96.23,-9.532,-0,-1,162.93,162.36,158.55,24.97,Cornering,"Hoosier 43075 16x7.5-10 R20, 7 inch rim",25929
79.55,866.461,-8.71,555.07,-247.11,0.01,-31.84,-17.89,-0.03,0.0352,-2.2462,12.12,-165166.62,7.33,96.2,-9.479,-0,-1,163.05,162.36,158.67,24.96,Cornering,"Hoosier 43075 16x7.5-10 R20, 7 inch rim",25930
79.52,866.471,-10.3,554.29,-247.47,-0.002,-33.43,-18.9,-0.03,0.0416,-2.2398,12.01,-165147.67,7.33,96.21,-9.437,-0,-1,163.1,162.32,158.79,24.96,Cornering,"Hoosier 43075 16x7.5-10 R20, 7 inch rim",25931
79.51,866.481,-11.87,553.96,-248.3,0.01,-33.79,-20.44,-0.03,0.0478,-2.231,11.95,-165166.31,7.33,96.21,-9.397,-0,-1,163.12,162.32,158.81,24.96,Cornering,"Hoosier 43075 16x7.5-10 R20, 7 inch rim",25932
79.53,866.491,-12.32,553.8,-249.21,0.007,-34.19,-21.81,-0.03,0.0494,-2.2222,11.97,-165182.91,7.33,96.21,-9.361,-0,-1,163.12,162.3,158.77,24.96,Cornering,"Hoosier 43075 16x7.5-10 R20, 7 inch rim",25933
79.54,866.501,-12.02,554.11,-250.41,0.004,-33.84,-22.71,-0.03,0.048,-2.2128,12.06,-165277.47,7.33,96.22,-9.322,-0,-1,163.14,162.32,158.71,24.97,Cornering,"Hoosier 43075 16x7.5-10 R20, 7 inch rim",25934
79.5,866.511,-11.09,553.8,-250.54,0.006,-33.84,-23.04,-0.03,0.0443,-2.2104,12.19,-165338.2,7.33,96.21,-9.274,-0,-1,163.05,162.25,158.57,24.97,Cornering,"Hoosier 43075 16x7.5-10 R20, 7 inch rim",25935
79.51,866.521,-10.22,552.86,-250.3,0.013,-34.08,-23.45,-0.03,0.0408,-2.2088,12.32,-165312.94,7.33,96.22,-9.245,-0,-1,162.99,162.32,158.53,24.97,Cornering,"Hoosier 43075 16x7.5-10 R20, 7 inch rim",25936
79.54,866.531,-8.85,551.8,-249.88,0.001,-33.35,-22.99,0.04,0.0354,-2.2083,12.36,95670.6,7.33,96.25,-9.217,-0,-0.9999,162.9,162.32,158.47,24.96,Cornering,"Hoosier 43075 16x7.5-10 R20, 7 inch rim",25937
79.51,866.541,-7.69,551.65,-248.73,0.007,-32.22,-22.18,0.04,0.0309,-2.2179,12.36,95639.7,7.33,96.27,-9.165,-0,-0.9999,162.8,162.34,158.4,24.94,Cornering,"Hoosier 43075 16x7.5-10 R20, 7 inch rim",25938
79.49,866.551,-7.2,551.68,-247.8,-0.006,-31.71,-21.28,-0.03,0.029,-2.2263,12.3,-165279.73,7.34,96.29,-9.149,-0,-1,162.54,162.39,158.38,24.96,Cornering,"Hoosier 43075 16x7.5-10 R20, 7 inch rim",25939
79.52,866.561,-7.54,552.13,-247.38,0.004,-31.86,-20.26,0.04,0.0305,-2.2319,12.17,95834.7,7.33,96.33,-9.099,-0,-0.9999,162.41,162.47,158.34,24.99,Cornering,"Hoosier 43075 16x7.5-10 R20, 7 inch rim",25940
79.52,866.571,-7.86,552.26,-246.5,0.013,-33.6,-18.72,0.11,0.0319,-2.2404,12.06,37180.8,7.33,96.39,-9.068,-0,-0.9998,162.45,162.45,158.42,25,Cornering,"Hoosier 43075 16x7.5-10 R20, 7 inch rim",25941
79.5,866.581,-7.83,552.41,-247.05,0.007,-33.87,-17.38,0.04,0.0317,-2.236,11.97,95897.35,7.33,96.45,-9.029,-0,-0.9999,162.54,162.45,158.59,25,Cornering,"Hoosier 43075 16x7.5-10 R20, 7 inch rim",25942
79.5,866.591,-7.08,552.4,-247.3,0.009,-34.24,-15.75,0.04,0.0286,-2.2337,11.98,95905.48,7.33,96.45,-8.997,-0,-0.9999,162.67,162.34,158.69,25,Cornering,"Hoosier 43075 16x7.5-10 R20, 7 inch rim",25943
79.52,866.601,-6.25,552.72,-248.6,-0,-34.03,-15,-0.03,0.0251,-2.2233,12.02,-165635.56,7.34,96.46,-8.954,-0,-1,162.58,162.34,158.69,25,Cornering,"Hoosier 43075 16x7.5-10 R20, 7 inch rim",25944
79.51,866.611,-5.25,553.32,-249.02,0.01,-34.13,-14.66,0.04,0.0211,-2.222,12.15,95902.7,7.33,96.44,-8.922,-0,-0.9999,162.58,162.34,158.59,25,Cornering,"Hoosier 43075 16x7.5-10 R20, 7 inch rim",25945
79.48,866.621,-4.27,553.17,-249.56,0.009,-33.97,-14.57,0.11,0.0171,-2.2166,12.28,37199.06,7.33,96.44,-8.884,-0,-0.9998,162.56,162.34,158.47,25,Cornering,"Hoosier 43075 16x7.5-10 R20, 7 inch rim",25946
79.51,866.631,-3.06,552.25,-250.12,0.001,-33.4,-14.55,-0.09,0.0122,-2.2079,12.33,-44462.12,7.33,96.4,-8.844,-0,-1.0002,162.52,162.3,158.4,25,Cornering,"Hoosier 43075 16x7.5-10 R20, 7 inch rim",25947
79.53,866.641,-2.11,550.7,-250.04,0.01,-32.45,-14.81,-0.09,0.0084,-2.2025,12.36,-44457.01,7.33,96.37,-8.8,-0,-1.0002,162.48,162.34,158.32,25,Cornering,"Hoosier 43075 16x7.5-10 R20, 7 inch rim",25948
79.5,866.651,-1.85,549.01,-249.38,0.001,-32.19,-15.51,0.04,0.0074,-2.2015,12.3,95965.86,7.34,96.35,-8.76,-0,-0.9999,162.43,162.34,158.3,25,Cornering,"Hoosier 43075 16x7.5-10 R20, 7 inch rim",25949
79.48,866.661,-2.11,548.56,-248.75,0.001,-31.64,-16.17,0.11,0.0085,-2.2052,12.21,37188.84,7.34,96.34,-8.724,-0,-0.9998,162.24,162.3,158.22,24.98,Cornering,"Hoosier 43075 16x7.5-10 R20, 7 inch rim",25950
79.52,866.671,-3.08,548.56,-248.72,-0.002,-31.44,-16.59,0.11,0.0124,-2.2056,12.08,37185.32,7.33,96.32,-8.671,-0,-0.9998,162.11,162.32,158.22,24.98,Cornering,"Hoosier 43075 16x7.5-10 R20, 7 inch rim",25951
79.52,866.681,-4.62,548.55,-248.56,-0.003,-32.44,-17.13,-0.09,0.0186,-2.2069,11.95,-44436.57,7.33,96.29,-8.619,-0,-1.0002,162.07,162.39,158.24,24.97,Cornering,"Hoosier 43075 16x7.5-10 R20, 7 inch rim",25952
79.48,866.691,-6.9,548.84,-248.84,0.006,-33.08,-18.41,0.11,0.0277,-2.2056,11.92,37168.32,7.33,96.25,-8.578,-0,-0.9998,162.07,162.32,158.38,24.96,Cornering,"Hoosier 43075 16x7.5-10 R20, 7 inch rim",25953
79.5,866.701,-8.44,548.84,-249.31,0.004,-33.34,-19.26,-0.03,0.0338,-2.2014,11.95,-165584.86,7.34,96.2,-8.538,-0,-1,162.13,162.25,158.51,24.96,Cornering,"Hoosier 43075 16x7.5-10 R20, 7 inch rim",25954
79.52,866.711,-9.57,549.31,-249.39,-0,-33.81,-20.99,0.04,0.0384,-2.2026,12.03,95876.75,7.34,96.21,-8.489,-0,-0.9999,162.11,162.12,158.51,24.96,Cornering,"Hoosier 43075 16x7.5-10 R20, 7 inch rim",25955
79.5,866.721,-9.65,549.45,-250.42,0.009,-33.51,-22.24,-0.03,0.0385,-2.1941,12.17,-165740.98,7.33,96.21,-8.44,-0,-1,162.03,162.1,158.38,24.98,Cornering,"Hoosier 43075 16x7.5-10 R20, 7 inch rim",25956
79.48,866.731,-9.55,549.45,-250.57,0.01,-34.09,-23.69,-0.03,0.0381,-2.1928,12.33,-165794.31,7.33,96.18,-8.405,-0,-1,162.03,162.06,158.26,24.98,Cornering,"Hoosier 43075 16x7.5-10 R20, 7 inch rim",25957
79.51,866.741,-9.66,548.68,-251.55,0.007,-32.96,-25.39,-0.03,0.0384,-2.1812,12.42,-165848.17,7.33,96.16,-8.367,-0,-1,161.98,161.99,158.06,24.99,Cornering,"Hoosier 43075 16x7.5-10 R20, 7 inch rim",25958
79.51,866.751,-8.9,546.82,-251.36,0.009,-33.03,-26.05,-0.03,0.0354,-2.1754,12.46,-165872.31,7.33,96.14,-8.309,-0,-1,161.9,161.95,158.02,24.99,Cornering,"Hoosier 43075 16x7.5-10 R20, 7 inch rim",25959
79.48,866.761,-8.33,544.96,-250.95,0.01,-32.98,-26.42,0.04,0.0332,-2.1716,12.42,96037.11,7.33,96.12,-8.284,-0,-0.9999,161.85,161.95,157.96,24.99,Cornering,"Hoosier 43075 16x7.5-10 R20, 7 inch rim",25960
79.49,866.771,-8.52,543.73,-250.37,0.003,-32.89,-27,-0.03,0.034,-2.1717,12.31,-165977.33,7.34,96.07,-8.24,-0,-1,161.66,161.92,157.92,25,Cornering,"Hoosier 43075 16x7.5-10 R20, 7 inch rim",25961
79.51,866.781,-8.71,543.89,-249.87,0.006,-32.43,-26.7,0.04,0.0349,-2.1767,12.18,96167.05,7.34,96.07,-8.206,-0,-0.9999,161.53,161.95,157.86,25.02,Cornering,"Hoosier 43075 16x7.5-10 R20, 7 inch rim",25962
79.5,866.791,-9.11,544.2,-249.92,0.007,-32.58,-25.83,-0.09,0.0365,-2.1775,12.06,-44578.8,7.34,96.05,-8.176,-0,-1.0002,161.47,161.9,157.92,25.03,Cornering,"Hoosier 43075 16x7.5-10 R20, 7 inch rim",25963
79.48,866.801,-9.39,544.5,-249.84,0.012,-33.11,-24.72,-0.09,0.0376,-2.1794,12.01,-44603.47,7.33,96.04,-8.138,-0,-1.0002,161.53,161.84,158,25.04,Cornering,"Hoosier 43075 16x7.5-10 R20, 7 inch rim",25964
79.5,866.811,-9.61,545.12,-250.2,0.003,-32.91,-23.86,0.04,0.0384,-2.1787,12.03,96236.3,7.34,96.02,-8.1,-0,-0.9999,161.6,161.75,158.18,25.03,Cornering,"Hoosier 43075 16x7.5-10 R20, 7 inch rim",25965
79.51,866.821,-9.37,545.73,-250.05,0.016,-33.23,-23.35,-0.03,0.0375,-2.1825,12.11,-166280.23,7.33,95.99,-8.061,-0,-1,161.55,161.64,158.18,25.04,Cornering,"Hoosier 43075 16x7.5-10 R20, 7 inch rim",25966
79.48,866.831,-8.69,546.19,-250.75,0.013,-33.18,-23.02,-0.03,0.0347,-2.1782,12.25,-166219.16,7.33,95.98,-8.021,-0,-1,161.4,161.59,158.1,25.03,Cornering,"Hoosier 43075 16x7.5-10 R20, 7 inch rim",25967
79.48,866.841,-7.53,545.87,-251.33,0.016,-33.45,-22.56,0.04,0.03,-2.172,12.35,96217.06,7.34,95.99,-7.989,-0,-0.9999,161.36,161.55,157.94,25.02,Cornering,"Hoosier 43075 16x7.5-10 R20, 7 inch rim",25968
79.51,866.851,-5.68,544.62,-252.2,0.019,-33.47,-21.43,-0.03,0.0225,-2.1595,12.4,-166285.88,7.33,96,-7.949,-0,-1,161.25,161.57,157.74,25.03,Cornering,"Hoosier 43075 16x7.5-10 R20, 7 inch rim",25969
79.5,866.861,-3.84,542.61,-252.65,0.009,-33.26,-20.54,-0.09,0.0152,-2.1477,12.42,-44627.52,7.34,96.01,-7.912,-0,-1.0002,161.1,161.44,157.66,25.04,Cornering,"Hoosier 43075 16x7.5-10 R20, 7 inch rim",25970
79.48,866.871,-3.09,540.76,-251.98,0.006,-33.69,-20.58,-0.03,0.0123,-2.146,12.36,-166277.55,7.34,96.01,-7.872,-0,-1,161,161.44,157.66,25.03,Cornering,"Hoosier 43075 16x7.5-10 R20, 7 inch rim",25971
79.5,866.881,-2.93,539.52,-251.2,0.012,-33.38,-20.92,-0.03,0.0117,-2.1478,12.25,-166366.77,7.34,96.03,-7.841,-0,-1,160.8,161.33,157.58,25.04,Cornering,"Hoosier 43075 16x7.5-10 R20, 7 inch rim",25972
79.51,866.891,-3.05,539.38,-250.96,0.009,-32.43,-20.84,0.04,0.0122,-2.1492,12.13,96349.18,7.34,96.05,-7.799,-0,-0.9999,160.57,161.26,157.5,25.04,Cornering,"Hoosier 43075 16x7.5-10 R20, 7 inch rim",25973
79.49,866.901,-3.35,539.69,-250.64,0.007,-32.45,-20.28,-0.03,0.0134,-2.1532,12.03,-166552.27,7.34,96.04,-7.759,-0,-1,160.48,161.31,157.5,25.06,Cornering,"Hoosier 43075 16x7.5-10 R20, 7 inch rim",25974
79.48,866.911,-4.4,540.31,-250.27,0.003,-32.53,-20.2,0.04,0.0176,-2.159,12.01,96501.09,7.34,96.03,-7.717,-0,-0.9999,160.44,161.29,157.54,25.08,Cornering,"Hoosier 43075 16x7.5-10 R20, 7 inch rim",25975
79.5,866.921,-5.84,540.61,-250.28,0.012,-32.86,-20.99,-0.03,0.0233,-2.16,12.08,-166506.84,7.34,96.03,-7.676,-0,-1,160.44,161.24,157.62,25.05,Cornering,"Hoosier 43075 16x7.5-10 R20, 7 inch rim",25976
79.5,866.931,-7.11,540.76,-251.15,0.014,-32.37,-22.29,-0.03,0.0283,-2.1532,12.16,-166487.75,7.34,95.99,-7.624,-0,-1,160.39,161.02,157.72,25.04,Cornering,"Hoosier 43075 16x7.5-10 R20, 7 inch rim",25977
79.48,866.941,-7.96,540.44,-251.19,0.014,-33.59,-23.94,0.04,0.0317,-2.1515,12.28,96308.97,7.34,95.96,-7.576,-0,-0.9999,160.22,160.93,157.64,25.02,Cornering,"Hoosier 43075 16x7.5-10 R20, 7 inch rim",25978
79.49,866.951,-8.2,539.52,-252.25,-0.002,-33.92,-25.63,-0.09,0.0325,-2.1389,12.39,-44603.39,7.34,95.92,-7.541,-0,-1.0002,160.12,160.89,157.5,25,Cornering,"Hoosier 43075 16x7.5-10 R20, 7 inch rim",25979
79.51,866.961,-7.76,538.26,-253.37,0.014,-33.98,-26.52,-0.03,0.0306,-2.1244,12.44,-166148.77,7.34,95.93,-7.5,-0,-1,160.01,160.85,157.33,24.98,Cornering,"Hoosier 43075 16x7.5-10 R20, 7 inch rim",25980
79.49,866.971,-6.75,536.87,-253.66,0.003,-34.1,-27.08,0.04,0.0266,-2.1165,12.41,96178.52,7.34,95.91,-7.455,-0,-0.9999,159.92,160.85,157.21,24.98,Cornering,"Hoosier 43075 16x7.5-10 R20, 7 inch rim",25981
79.48,866.981,-6.07,534.54,-253.29,0.012,-34.24,-27.72,-0.03,0.024,-2.1104,12.36,-166103.16,7.34,95.94,-7.414,-0,-1,159.86,160.85,157.13,24.97,Cornering,"Hoosier 43075 16x7.5-10 R20, 7 inch rim",25982
79.51,866.991,-6.22,533.01,-253.01,0.001,-33.03,-28.7,-0.03,0.0246,-2.1067,12.23,-166079.67,7.34,95.94,-7.372,-0,-1,159.71,160.8,157.01,24.97,Cornering,"Hoosier 43075 16x7.5-10 R20, 7 inch rim",25983
79.5,867.001,-6.7,532.39,-251.64,0.012,-33.25,-29.27,0.04,0.0266,-2.1157,12.09,96092.8,7.34,95.92,-7.332,-0,-0.9999,159.43,160.76,156.91,24.95,Cornering,"Hoosier 43075 16x7.5-10 R20, 7 inch rim",25984
79.47,867.011,-7.79,532.24,-251.13,0.01,-32.88,-29.59,0.04,0.031,-2.1194,11.99,96079.99,7.34,95.91,-7.286,-0,-0.9999,159.34,160.82,156.91,24.94,Cornering,"Hoosier 43075 16x7.5-10 R20, 7 inch rim",25985
79.49,867.021,-8.59,532.87,-251.43,0.007,-31.85,-29.03,0.04,0.0342,-2.1194,11.98,95996.89,7.34,95.89,-7.256,-0,-0.9999,159.36,160.8,156.91,24.92,Cornering,"Hoosier 43075 16x7.5-10 R20, 7 inch rim",25986
79.51,867.031,-9.36,532.4,-251.21,0.003,-32.85,-28.57,-0.03,0.0373,-2.1193,12.03,-165977.23,7.34,95.88,-7.228,-0,-1,159.36,160.71,156.99,24.94,Cornering,"Hoosier 43075 16x7.5-10 R20, 7 inch rim",25987
79.48,867.041,-9.8,532.08,-252.24,0.004,-32.69,-28.44,-0.03,0.0389,-2.1094,12.16,-166071.58,7.34,95.91,-7.179,-0,-1,159.34,160.58,157.05,24.96,Cornering,"Hoosier 43075 16x7.5-10 R20, 7 inch rim",25988
79.48,867.051,-9.74,531.61,-252.91,-0.005,-33.02,-28.36,-0.03,0.0385,-2.102,12.28,-166238.45,7.34,95.89,-7.143,-0,-1,159.26,160.41,157.01,24.98,Cornering,"Hoosier 43075 16x7.5-10 R20, 7 inch rim",25989
79.5,867.061,-9.16,531.29,-253.65,0.001,-33.45,-28.54,-0.09,0.0361,-2.0946,12.38,-44634.3,7.34,95.89,-7.115,-0,-1.0002,159.17,160.38,156.91,25,Cornering,"Hoosier 43075 16x7.5-10 R20, 7 inch rim",25990
79.5,867.071,-8.29,529.88,-254.13,0.006,-34.47,-28.65,0.04,0.0326,-2.0851,12.4,96302.16,7.34,95.88,-7.073,-0,-0.9999,159.04,160.3,156.75,24.99,Cornering,"Hoosier 43075 16x7.5-10 R20, 7 inch rim",25991
79.48,867.081,-7.21,528.79,-254.38,0.012,-34.31,-28.49,-0.03,0.0283,-2.0787,12.35,-166392.55,7.34,95.84,-7.033,-0,-1,158.96,160.23,156.59,25,Cornering,"Hoosier 43075 16x7.5-10 R20, 7 inch rim",25992
79.48,867.091,-5.4,527.26,-254.43,-0.005,-33.19,-27.85,-0.03,0.0212,-2.0724,12.25,-166328.7,7.35,95.85,-6.994,-0,-1,158.74,160.19,156.44,24.98,Cornering,"Hoosier 43075 16x7.5-10 R20, 7 inch rim",25993
79.51,867.101,-4.41,526.03,-253.98,0.006,-32.18,-27.37,0.04,0.0173,-2.0711,12.11,96324.99,7.34,95.85,-6.958,-0,-0.9999,158.57,160.14,156.36,24.99,Cornering,"Hoosier 43075 16x7.5-10 R20, 7 inch rim",25994
79.49,867.111,-3.61,524.96,-253.04,0.001,-31.36,-26.67,0.04,0.0143,-2.0746,12.02,96354.96,7.35,95.88,-6.92,-0,-0.9999,158.33,160.08,156.12,25,Cornering,"Hoosier 43075 16x7.5-10 R20, 7 inch rim",25995
79.47,867.121,-3.92,524.33,-252.71,0.009,-30.98,-26.27,0.04,0.0155,-2.0748,11.99,96430.41,7.35,95.88,-6.877,-0,-0.9999,158.14,160.01,156.04,25.01,Cornering,"Hoosier 43075 16x7.5-10 R20, 7 inch rim",25996
79.5,867.131,-4.22,524.03,-252.1,-0,-31.58,-25.41,-0.03,0.0167,-2.0786,12.03,-166652.31,7.35,95.91,-6.837,-0,-1,158.06,160.01,156.02,25.03,Cornering,"Hoosier 43075 16x7.5-10 R20, 7 inch rim",25997
79.51,867.141,-5.07,523.55,-252.08,0.007,-32.42,-25.24,0.11,0.0201,-2.0769,12.12,37415.51,7.35,95.97,-6.787,-0,-0.9998,158.01,159.9,156.12,25.03,Cornering,"Hoosier 43075 16x7.5-10 R20, 7 inch rim",25998
79.48,867.151,-6.46,522.45,-252.87,0.01,-32.82,-26.13,0.04,0.0256,-2.066,12.25,96432.46,7.35,96.04,-6.751,-0,-0.9999,158.01,159.83,156.16,25.01,Cornering,"Hoosier 43075 16x7.5-10 R20, 7 inch rim",25999
79.48,867.161,-7.13,521.36,-253.6,0.001,-33.15,-27.13,-0.03,0.0281,-2.0558,12.33,-166422.08,7.35,96.07,-6.717,-0,-1,157.97,159.7,156.1,24.98,Cornering,"Hoosier 43075 16x7.5-10 R20, 7 inch rim",26000
79.5,867.171,-7.47,520.43,-254.91,-0.005,-33.4,-28.49,0.11,0.0293,-2.0416,12.35,37337.64,7.35,96.08,-6.668,-0,-0.9998,157.84,159.59,156.04,24.97,Cornering,"Hoosier 43075 16x7.5-10 R20, 7 inch rim",26001
79.5,867.181,-7.37,519.16,-255.78,0.012,-34.05,-29.55,0.11,0.0288,-2.0297,12.33,37331.9,7.35,96.11,-6.628,-0,-0.9998,157.76,159.59,155.88,24.96,Cornering,"Hoosier 43075 16x7.5-10 R20, 7 inch rim",26002
79.47,867.191,-6.87,518.09,-256.33,-0.006,-33.8,-30.46,0.04,0.0268,-2.0212,12.22,96239.52,7.35,96.15,-6.589,-0,-0.9999,157.58,159.5,155.68,24.95,Cornering,"Hoosier 43075 16x7.5-10 R20, 7 inch rim",26003
79.5,867.201,-6.04,516.53,-256.43,0.01,-33.2,-30.93,0.04,0.0236,-2.0143,12.1,96203.32,7.35,96.14,-6.543,-0,-0.9999,157.43,159.46,155.6,24.94,Cornering,"Hoosier 43075 16x7.5-10 R20, 7 inch rim",26004
79.51,867.211,-5.35,515,-255.35,0.004,-32.96,-31.1,-0.03,0.0209,-2.0168,11.97,-166140.8,7.35,96.15,-6.512,-0,-1,157.28,159.44,155.51,24.93,Cornering,"Hoosier 43075 16x7.5-10 R20, 7 inch rim",26005
79.48,867.221,-5.1,513.95,-254.97,-0.016,-31.15,-31.53,0.11,0.02,-2.0158,11.92,37290.79,7.36,96.16,-6.476,-0,-0.9998,156.96,159.33,155.33,24.93,Cornering,"Hoosier 43075 16x7.5-10 R20, 7 inch rim",26006
79.48,867.231,-5.55,512.86,-254.53,-0,-30.36,-31.52,0.11,0.0218,-2.0149,11.93,37320.85,7.35,96.19,-6.419,-0,-0.9998,156.75,159.26,155.29,24.94,Cornering,"Hoosier 43075 16x7.5-10 R20, 7 inch rim",26007
79.5,867.241,-6.54,511.61,-253.68,0.003,-31.42,-31.49,0.04,0.0258,-2.0168,12.03,96323.38,7.35,96.17,-6.376,-0,-0.9999,156.6,159.17,155.27,24.96,Cornering,"Hoosier 43075 16x7.5-10 R20, 7 inch rim",26008
79.5,867.251,-7.79,510.67,-253.93,-0,-31.68,-31.64,-0.03,0.0307,-2.0111,12.14,-166387.42,7.35,96.18,-6.341,-0,-1,156.58,159.15,155.31,24.96,Cornering,"Hoosier 43075 16x7.5-10 R20, 7 inch rim",26009
79.48,867.261,-9.07,509.72,-254.23,0.016,-32.18,-31.93,0.04,0.0357,-2.005,12.3,96383.01,7.35,96.18,-6.293,-0,-0.9999,156.6,159.02,155.41,24.97,Cornering,"Hoosier 43075 16x7.5-10 R20, 7 inch rim",26010
79.49,867.271,-9.71,508.01,-255.04,0.003,-33.28,-32.41,0.04,0.0381,-1.9919,12.38,96364.45,7.35,96.16,-6.271,-0,-0.9999,156.51,158.82,155.33,24.97,Cornering,"Hoosier 43075 16x7.5-10 R20, 7 inch rim",26011
79.51,867.281,-9.53,507.06,-256.44,0.013,-33.07,-32.86,-0.03,0.0372,-1.9773,12.39,-166541.12,7.35,96.13,-6.218,-0,-1,156.38,158.62,155.21,24.98,Cornering,"Hoosier 43075 16x7.5-10 R20, 7 inch rim",26012
79.48,867.291,-8.94,505.66,-257.81,0.012,-33.42,-33.36,0.04,0.0347,-1.9613,12.35,96536.7,7.36,96.12,-6.182,-0,-0.9999,156.21,158.53,155.09,25.01,Cornering,"Hoosier 43075 16x7.5-10 R20, 7 inch rim",26013
79.48,867.301,-7.85,504.88,-258.73,0.01,-32.86,-33.56,-0.03,0.0303,-1.9514,12.25,-166873.23,7.36,96.09,-6.142,-0,-1,156.04,158.45,154.85,25.03,Cornering,"Hoosier 43075 16x7.5-10 R20, 7 inch rim",26014
79.5,867.311,-6.23,503.5,-258.91,0.006,-32.13,-33.22,-0.09,0.024,-1.9447,12.1,-44793.57,7.36,96.05,-6.118,-0,-1.0002,155.89,158.36,154.69,25.04,Cornering,"Hoosier 43075 16x7.5-10 R20, 7 inch rim",26015
79.5,867.321,-5.25,501.33,-258.08,0.009,-32.32,-33.3,-0.03,0.0203,-1.9425,11.97,-166816.89,7.36,96.01,-6.072,-0,-1,155.74,158.27,154.63,25.01,Cornering,"Hoosier 43075 16x7.5-10 R20, 7 inch rim",26016
79.48,867.331,-4.93,499.8,-256.87,0.004,-31.65,-33.53,-0.09,0.0192,-1.9457,11.92,-44717.21,7.36,95.99,-6.035,-0,-1.0002,155.5,158.2,154.48,24.99,Cornering,"Hoosier 43075 16x7.5-10 R20, 7 inch rim",26017
79.49,867.341,-5.09,498.25,-256.44,0.006,-30.48,-33.52,-0.03,0.0199,-1.943,11.96,-166647.64,7.36,95.97,-5.991,-0,-1,155.18,158.09,154.28,24.98,Cornering,"Hoosier 43075 16x7.5-10 R20, 7 inch rim",26018
79.51,867.351,-5.68,496.87,-255.89,-0.005,-30.59,-33.24,0.04,0.0222,-1.9418,12.03,96509.59,7.36,95.91,-5.949,-0,-0.9999,155.03,158.05,154.22,24.99,Cornering,"Hoosier 43075 16x7.5-10 R20, 7 inch rim",26019
79.49,867.361,-6.59,495.45,-255.33,0.007,-31.89,-32.84,-0.03,0.0258,-1.9404,12.17,-166904.97,7.36,95.91,-5.903,-0,-1,155.01,157.98,154.28,25.02,Cornering,"Hoosier 43075 16x7.5-10 R20, 7 inch rim",26020
79.47,867.371,-6.84,494.04,-255.92,0.006,-32.32,-32.04,-0.03,0.0267,-1.9304,12.28,-167109.41,7.36,95.92,-5.865,-0,-1,154.92,157.94,154.3,25.05,Cornering,"Hoosier 43075 16x7.5-10 R20, 7 inch rim",26021
79.5,867.381,-7.33,492.79,-256.57,0.01,-32.39,-32,0.04,0.0286,-1.9207,12.35,96799.44,7.36,95.94,-5.822,-0,-0.9999,154.9,157.79,154.32,25.06,Cornering,"Hoosier 43075 16x7.5-10 R20, 7 inch rim",26022
79.5,867.391,-7.34,491.7,-257.77,0.006,-32.37,-32.54,-0.09,0.0285,-1.9075,12.36,-44819.5,7.37,95.98,-5.786,-0,-1.0002,154.73,157.72,154.18,25.04,Cornering,"Hoosier 43075 16x7.5-10 R20, 7 inch rim",26023
79.48,867.401,-7,490.92,-259.22,0.012,-32.04,-33.18,0.04,0.027,-1.8938,12.3,96587.94,7.36,96.01,-5.746,-0,-0.9999,154.62,157.63,154.08,25,Cornering,"Hoosier 43075 16x7.5-10 R20, 7 inch rim",26024
79.48,867.411,-6.22,489.52,-259.23,0.006,-32.92,-33.66,0.11,0.024,-1.8883,12.18,37419.71,7.37,96.01,-5.714,-0,-0.9998,154.45,157.54,153.9,24.98,Cornering,"Hoosier 43075 16x7.5-10 R20, 7 inch rim",26025
79.51,867.421,-5.33,487.81,-260.01,0.016,-31.66,-34.04,0.04,0.0205,-1.8761,12.08,96488.41,7.37,96.05,-5.668,-0,-0.9999,154.28,157.46,153.76,24.97,Cornering,"Hoosier 43075 16x7.5-10 R20, 7 inch rim",26026
79.49,867.431,-4.6,485.5,-259.67,0.009,-31.07,-34.31,-0.03,0.0177,-1.8697,11.96,-166673.22,7.37,96.07,-5.627,-0,-1,154.13,157.35,153.64,24.97,Cornering,"Hoosier 43075 16x7.5-10 R20, 7 inch rim",26027
79.48,867.441,-4.27,483.03,-258.05,0.009,-31.3,-34.51,0.04,0.0166,-1.8719,11.93,96500.23,7.37,96.04,-5.594,-0,-0.9999,153.89,157.24,153.51,24.97,Cornering,"Hoosier 43075 16x7.5-10 R20, 7 inch rim",26028
79.5,867.451,-4.71,481.65,-257.65,0.009,-29.29,-34.88,0.04,0.0183,-1.8694,11.97,96510.09,7.37,96.04,-5.531,-0,-0.9999,153.55,157.15,153.35,24.97,Cornering,"Hoosier 43075 16x7.5-10 R20, 7 inch rim",26029
79.51,867.461,-5.65,479.48,-256.91,0.007,-29.79,-35.25,-0.03,0.022,-1.8663,12.08,-166667.08,7.37,96.04,-5.507,-0,-1,153.4,157.04,153.27,24.97,Cornering,"Hoosier 43075 16x7.5-10 R20, 7 inch rim",26030
79.48,867.471,-6.95,477.77,-256.22,0.004,-30.84,-35.51,0.11,0.0271,-1.8647,12.23,37400.17,7.37,96.04,-5.465,-0,-0.9998,153.31,156.95,153.25,24.96,Cornering,"Hoosier 43075 16x7.5-10 R20, 7 inch rim",26031
79.48,867.481,-7.48,476.67,-256.31,0.01,-30.92,-35.05,-0.09,0.0292,-1.8597,12.35,-44722.18,7.37,96.07,-5.414,-0,-1.0002,153.21,156.86,153.31,24.97,Cornering,"Hoosier 43075 16x7.5-10 R20, 7 inch rim",26032
79.5,867.491,-8.27,475.27,-256.88,0.009,-31.31,-35.62,0.04,0.0322,-1.8502,12.41,96487.26,7.37,96.05,-5.388,-0,-0.9999,153.12,156.71,153.35,24.96,Cornering,"Hoosier 43075 16x7.5-10 R20, 7 inch rim",26033
79.5,867.501,-8.22,474.17,-258.3,0.013,-31.06,-36.01,-0.03,0.0318,-1.8357,12.4,-166631.92,7.37,96.06,-5.346,-0,-1,152.97,156.53,153.29,24.96,Cornering,"Hoosier 43075 16x7.5-10 R20, 7 inch rim",26034
79.47,867.511,-7.94,472.94,-259.91,-0.002,-30.82,-36.84,0.04,0.0305,-1.8196,12.32,96500.8,7.38,96.06,-5.298,-0,-0.9999,152.8,156.42,153.15,24.96,Cornering,"Hoosier 43075 16x7.5-10 R20, 7 inch rim",26035
79.49,867.521,-7.62,471.52,-261.13,0.01,-31.09,-37.66,-0.03,0.0292,-1.8057,12.19,-166614.2,7.38,96.05,-5.265,-0,-1,152.69,156.36,152.99,24.95,Cornering,"Hoosier 43075 16x7.5-10 R20, 7 inch rim",26036
79.51,867.531,-6.78,470.13,-261.48,0.004,-31.04,-38.03,-0.03,0.0259,-1.7979,12.05,-166702.53,7.38,96.05,-5.222,-0,-1,152.5,156.22,152.77,24.96,Cornering,"Hoosier 43075 16x7.5-10 R20, 7 inch rim",26037
79.48,867.541,-5.58,467.81,-261.72,0.009,-30.15,-37.83,-0.03,0.0213,-1.7875,11.97,-166826.97,7.38,96.07,-5.189,-0,-1,152.39,156.11,152.65,24.98,Cornering,"Hoosier 43075 16x7.5-10 R20, 7 inch rim",26038
79.48,867.551,-5.19,465.65,-259.88,0.012,-30.3,-37.91,0.04,0.02,-1.7918,11.97,96612.06,7.38,96.08,-5.15,-0,-0.9999,152.22,155.98,152.54,24.98,Cornering,"Hoosier 43075 16x7.5-10 R20, 7 inch rim",26039
79.51,867.561,-5.38,463.49,-258.71,0.007,-29.6,-37.82,-0.03,0.0208,-1.7916,12.03,-167002.19,7.38,96.08,-5.107,-0,-1,151.92,155.91,152.36,25,Cornering,"Hoosier 43075 16x7.5-10 R20, 7 inch rim",26040
79.5,867.571,-5.61,461.48,-257.37,0.003,-29.72,-37.32,-0.09,0.0218,-1.793,12.14,-44818.32,7.38,96.1,-5.07,-0,-1.0002,151.75,155.83,152.22,25.01,Cornering,"Hoosier 43075 16x7.5-10 R20, 7 inch rim",26041
79.47,867.581,-6.23,459.92,-256.62,0.01,-30,-36.86,0.04,0.0243,-1.7923,12.27,96718.09,7.38,96.12,-5.036,-0,-0.9999,151.66,155.69,152.2,25.01,Cornering,"Hoosier 43075 16x7.5-10 R20, 7 inch rim",26042
79.49,867.591,-7.07,458.53,-257.12,0.003,-29.82,-36.73,-0.09,0.0275,-1.7834,12.34,-44834.13,7.39,96.15,-4.987,-0,-1.0002,151.64,155.63,152.26,25.01,Cornering,"Hoosier 43075 16x7.5-10 R20, 7 inch rim",26043
79.5,867.601,-7.4,457.13,-257.44,0.001,-29.97,-36.58,0.04,0.0288,-1.7757,12.36,96840.61,7.39,96.16,-4.961,-0,-0.9999,151.55,155.52,152.3,25.04,Cornering,"Hoosier 43075 16x7.5-10 R20, 7 inch rim",26044
79.48,867.611,-7.81,455.58,-258.77,-0.01,-29.88,-37.43,0.04,0.0302,-1.7606,12.29,96890.81,7.39,96.18,-4.922,-0,-0.9999,151.43,155.41,152.2,25.05,Cornering,"Hoosier 43075 16x7.5-10 R20, 7 inch rim",26045
79.48,867.621,-7.31,454,-260.22,0.007,-29.98,-37.87,-0.03,0.0281,-1.7447,12.2,-167445.2,7.39,96.18,-4.877,-0,-1,151.21,155.21,152.12,25.06,Cornering,"Hoosier 43075 16x7.5-10 R20, 7 inch rim",26046
79.5,867.631,-6.71,452.45,-260.86,0.007,-30.65,-38.68,0.11,0.0257,-1.7344,12.08,37592.16,7.39,96.17,-4.831,-0,-0.9998,151.1,155.08,151.92,25.06,Cornering,"Hoosier 43075 16x7.5-10 R20, 7 inch rim",26047
79.5,867.641,-5.6,450.28,-262.52,0.003,-29.5,-38.87,0.04,0.0213,-1.7152,12.03,96886.72,7.39,96.12,-4.788,-0,-0.9999,150.93,155.03,151.74,25.04,Cornering,"Hoosier 43075 16x7.5-10 R20, 7 inch rim",26048
79.47,867.651,-4.9,448.11,-261.87,0.004,-29.5,-39.32,0.04,0.0187,-1.7112,12.05,96778.04,7.39,96.11,-4.762,-0,-0.9999,150.78,154.88,151.51,25.01,Cornering,"Hoosier 43075 16x7.5-10 R20, 7 inch rim",26049
79.49,867.661,-4.22,445.33,-260.56,0.006,-28.97,-39.33,0.11,0.0162,-1.7092,12.11,37511.51,7.39,96.08,-4.709,-0,-0.9998,150.63,154.79,151.39,25,Cornering,"Hoosier 43075 16x7.5-10 R20, 7 inch rim",26050
79.51,867.671,-3.81,442.86,-258.96,0.009,-28.76,-38.88,0.04,0.0147,-1.7102,12.23,96677.8,7.39,96.06,-4.672,-0,-0.9999,150.4,154.68,151.21,24.98,Cornering,"Hoosier 43075 16x7.5-10 R20, 7 inch rim",26051
79.49,867.681,-4.44,440.71,-257.72,-0.002,-28.37,-39,-0.03,0.0172,-1.71,12.33,-167036.02,7.4,96.07,-4.635,-0,-1,150.16,154.51,151.05,24.99,Cornering,"Hoosier 43075 16x7.5-10 R20, 7 inch rim",26052
79.47,867.691,-5.67,439,-256.97,0.007,-28.06,-39.08,-0.03,0.0221,-1.7083,12.39,-167046.19,7.4,96.04,-4.589,-0,-1,150.05,154.48,150.95,24.99,Cornering,"Hoosier 43075 16x7.5-10 R20, 7 inch rim",26053
79.5,867.701,-6.38,437.14,-257.03,-0,-28.16,-38.7,-0.09,0.0248,-1.7007,12.39,-44818.63,7.4,96.01,-4.566,-0,-1.0002,150.03,154.42,151.01,24.99,Cornering,"Hoosier 43075 16x7.5-10 R20, 7 inch rim",26054
79.5,867.711,-7.37,435.57,-256.91,0.01,-28.8,-38.95,-0.09,0.0287,-1.6954,12.34,-44801.45,7.4,95.96,-4.504,-0,-1.0002,149.97,154.31,151.09,24.98,Cornering,"Hoosier 43075 16x7.5-10 R20, 7 inch rim",26055
79.48,867.721,-7.99,433.39,-258.01,0.01,-28.84,-39.68,0.04,0.031,-1.6797,12.23,96612.73,7.4,95.93,-4.479,-0,-0.9999,149.84,154.2,151.11,24.96,Cornering,"Hoosier 43075 16x7.5-10 R20, 7 inch rim",26056
79.48,867.731,-7.96,431.67,-259.39,0.013,-28.95,-40.28,-0.03,0.0307,-1.6642,12.08,-166848.19,7.4,95.9,-4.43,-0,-1,149.67,154.09,151.01,24.96,Cornering,"Hoosier 43075 16x7.5-10 R20, 7 inch rim",26057
79.51,867.741,-7.51,429.5,-261.09,-0,-29.17,-40.96,-0.03,0.0288,-1.645,11.99,-167008.36,7.41,95.89,-4.406,-0,-1,149.6,153.98,150.89,24.98,Cornering,"Hoosier 43075 16x7.5-10 R20, 7 inch rim",26058
79.49,867.751,-6.93,427.17,-262.14,0.001,-29.23,-41.65,0.04,0.0264,-1.6295,11.93,96694.81,7.4,95.87,-4.358,-0,-0.9999,149.41,153.89,150.75,24.98,Cornering,"Hoosier 43075 16x7.5-10 R20, 7 inch rim",26059
79.47,867.761,-5.73,424.38,-262.52,0.004,-28.53,-41.46,0.04,0.0218,-1.6165,11.95,96722.09,7.4,95.86,-4.318,-0,-0.9999,149.24,153.71,150.58,24.98,Cornering,"Hoosier 43075 16x7.5-10 R20, 7 inch rim",26060
79.49,867.771,-5.43,421.9,-261.32,0.006,-28.18,-41.87,-0.03,0.0208,-1.6145,12.05,-167075.75,7.41,95.82,-4.268,-0,-1,149.11,153.63,150.44,24.98,Cornering,"Hoosier 43075 16x7.5-10 R20, 7 inch rim",26061
79.5,867.781,-5.35,419.76,-259.82,0.001,-26.94,-41.93,-0.03,0.0206,-1.6156,12.18,-167084.2,7.41,95.78,-4.227,-0,-1,148.83,153.43,150.28,24.98,Cornering,"Hoosier 43075 16x7.5-10 R20, 7 inch rim",26062
79.48,867.791,-5.33,417.59,-257.99,0.009,-26.48,-41.22,0.04,0.0207,-1.6186,12.31,96804.12,7.41,95.79,-4.194,-0,-0.9999,148.57,153.27,150.18,25,Cornering,"Hoosier 43075 16x7.5-10 R20, 7 inch rim",26063
79.48,867.801,-6.31,415.27,-256.85,0.003,-26.93,-41.19,0.11,0.0246,-1.6168,12.42,37555.5,7.41,95.79,-4.154,-0,-0.9998,148.32,153.21,150.1,25.01,Cornering,"Hoosier 43075 16x7.5-10 R20, 7 inch rim",26064
79.5,867.811,-6.93,413.26,-256.25,-0,-27.03,-40.45,0.04,0.027,-1.6127,12.42,96857.77,7.41,95.8,-4.118,-0,-0.9999,148.19,153.14,150.04,25.01,Cornering,"Hoosier 43075 16x7.5-10 R20, 7 inch rim",26065
79.49,867.821,-7.82,411.24,-256,-0.002,-27.84,-40.41,-0.03,0.0305,-1.6064,12.35,-167307.92,7.41,95.84,-4.076,-0,-1,148.08,152.97,150.08,25.01,Cornering,"Hoosier 43075 16x7.5-10 R20, 7 inch rim",26066
79.47,867.831,-7.95,408.74,-256.97,0.004,-27.93,-40.17,-0.03,0.031,-1.5906,12.23,-167278.33,7.41,95.84,-4.029,-0,-1,147.89,152.83,150.06,25.01,Cornering,"Hoosier 43075 16x7.5-10 R20, 7 inch rim",26067
79.49,867.841,-8.22,406.4,-258.91,0.004,-27.47,-41.04,-0.09,0.0318,-1.5697,12.08,-44902.05,7.42,95.87,-3.996,-0,-1.0002,147.69,152.68,149.98,25.02,Cornering,"Hoosier 43075 16x7.5-10 R20, 7 inch rim",26068
79.51,867.851,-7.92,403.92,-260.86,-0.002,-27.07,-41.82,0.04,0.0304,-1.5484,11.99,96921.39,7.42,95.86,-3.95,-0,-0.9999,147.5,152.55,149.86,25.03,Cornering,"Hoosier 43075 16x7.5-10 R20, 7 inch rim",26069
79.48,867.861,-7.19,401.27,-262.33,0.003,-26.68,-42.36,0.04,0.0274,-1.5297,11.95,96948.2,7.42,95.85,-3.91,-0,-0.9999,147.37,152.42,149.7,25.03,Cornering,"Hoosier 43075 16x7.5-10 R20, 7 inch rim",26070
79.48,867.871,-6.11,398.48,-262.84,-0,-26.29,-42.43,0.11,0.0232,-1.5161,11.98,37611.06,7.42,95.85,-3.874,-0,-0.9998,147.2,152.28,149.57,25.04,Cornering,"Hoosier 43075 16x7.5-10 R20, 7 inch rim",26071
79.51,867.881,-5.27,395.54,-261.63,0.003,-26.4,-42.62,0.04,0.0201,-1.5118,12.07,96888.66,7.42,95.86,-3.837,-0,-0.9999,147.09,152.17,149.47,25.01,Cornering,"Hoosier 43075 16x7.5-10 R20, 7 inch rim",26072
79.51,867.891,-4.85,393.07,-260.42,0.009,-25.42,-42.46,0.11,0.0186,-1.5094,12.19,37545.23,7.42,95.87,-3.781,-0,-0.9998,146.98,152.02,149.33,25,Cornering,"Hoosier 43075 16x7.5-10 R20, 7 inch rim",26073
79.47,867.901,-5.22,390.61,-258.3,0.007,-25.29,-42.39,0.04,0.0202,-1.5122,12.34,96764.12,7.42,95.91,-3.74,-0,-0.9999,146.86,151.8,149.23,24.98,Cornering,"Hoosier 43075 16x7.5-10 R20, 7 inch rim",26074
79.48,867.911,-5.86,387.81,-256.75,0.013,-25.73,-41.82,0.04,0.0228,-1.5105,12.36,96677.38,7.42,95.94,-3.71,-0,-0.9999,146.75,151.75,149.15,24.96,Cornering,"Hoosier 43075 16x7.5-10 R20, 7 inch rim",26075
79.51,867.921,-7.03,385.5,-256.59,-0,-25.16,-41.54,-0.03,0.0274,-1.5024,12.36,-166995.72,7.42,95.97,-3.667,-0,-1,146.75,151.67,149.11,24.96,Cornering,"Hoosier 43075 16x7.5-10 R20, 7 inch rim",26076
79.48,867.931,-7.71,383.17,-256.7,-0,-25.34,-40.91,-0.03,0.03,-1.4927,12.28,-166923.36,7.43,96.04,-3.637,-0,-1,146.75,151.51,149.07,24.94,Cornering,"Hoosier 43075 16x7.5-10 R20, 7 inch rim",26077
79.47,867.941,-8.53,380.83,-257.65,0.003,-25.13,-41.04,0.11,0.0331,-1.4781,12.14,37465.37,7.43,96.06,-3.598,-0,-0.9998,146.71,151.29,149.07,24.94,Cornering,"Hoosier 43075 16x7.5-10 R20, 7 inch rim",26078
79.51,867.951,-9.08,377.86,-258.99,0.007,-25.53,-41.63,-0.03,0.0351,-1.459,12.03,-166900.88,7.43,96.04,-3.541,-0,-1,146.53,151.18,149.05,24.94,Cornering,"Hoosier 43075 16x7.5-10 R20, 7 inch rim",26079
79.5,867.961,-9,374.91,-261,0.009,-25.23,-42.31,-0.03,0.0345,-1.4364,11.98,-166829.23,7.43,96.03,-3.505,-0,-1,146.38,151.03,148.95,24.93,Cornering,"Hoosier 43075 16x7.5-10 R20, 7 inch rim",26080
79.47,867.971,-8.67,371.32,-262.24,0.006,-26.21,-42.85,-0.03,0.0331,-1.416,11.98,-166758.25,7.43,96.04,-3.465,-0,-1,146.26,150.9,148.77,24.92,Cornering,"Hoosier 43075 16x7.5-10 R20, 7 inch rim",26081
79.49,867.981,-7.56,368.84,-263.22,0.016,-24.67,-42.65,-0.09,0.0287,-1.4013,12.07,-44762.77,7.43,96.05,-3.42,-0,-1.0002,146.19,150.79,148.66,24.93,Cornering,"Hoosier 43075 16x7.5-10 R20, 7 inch rim",26082
79.51,867.991,-6.48,365.44,-262.72,0.004,-24.45,-42.42,-0.03,0.0247,-1.391,12.16,-166924.09,7.43,96.09,-3.399,-0,-1,146.08,150.72,148.52,24.94,Cornering,"Hoosier 43075 16x7.5-10 R20, 7 inch rim",26083
79.49,868.001,-5.9,362.36,-261.62,0.006,-23.46,-42.14,0.04,0.0225,-1.385,12.28,96734.45,7.43,96.14,-3.352,-0,-0.9999,146,150.57,148.36,24.96,Cornering,"Hoosier 43075 16x7.5-10 R20, 7 inch rim",26084
79.48,868.011,-6.29,359.73,-259.41,0.007,-23.22,-42.26,0.04,0.0243,-1.3868,12.34,96760.82,7.43,96.15,-3.309,-0,-0.9999,145.87,150.41,148.2,24.97,Cornering,"Hoosier 43075 16x7.5-10 R20, 7 inch rim",26085
79.5,868.021,-6.8,356.94,-257.38,0.012,-24.09,-41.77,0.04,0.0264,-1.3868,12.3,96787.52,7.43,96.16,-3.261,-0,-0.9999,145.7,150.32,148.04,24.97,Cornering,"Hoosier 43075 16x7.5-10 R20, 7 inch rim",26086
79.5,868.031,-7.85,354.63,-257.63,0.001,-22.8,-41.25,-0.03,0.0305,-1.3765,12.24,-167338.44,7.44,96.13,-3.23,-0,-1,145.72,150.28,148.02,25,Cornering,"Hoosier 43075 16x7.5-10 R20, 7 inch rim",26087
79.48,868.041,-8.46,351.82,-257.01,0.006,-23.89,-40.48,-0.03,0.0329,-1.3689,12.11,-167421.25,7.44,96.12,-3.196,-0,-1,145.61,150.15,148.02,25.01,Cornering,"Hoosier 43075 16x7.5-10 R20, 7 inch rim",26088
79.48,868.051,-9.41,348.86,-257.52,0.012,-24.14,-40.51,-0.09,0.0365,-1.3547,11.99,-44919.56,7.44,96.14,-3.154,-0,-1.0002,145.63,150.02,148.02,25.01,Cornering,"Hoosier 43075 16x7.5-10 R20, 7 inch rim",26089
79.51,868.061,-9.81,345.91,-259.1,0.01,-23.65,-40.66,-0.03,0.0379,-1.335,11.9,-167510.53,7.44,96.15,-3.117,-0,-1,145.44,149.84,147.96,25.02,Cornering,"Hoosier 43075 16x7.5-10 R20, 7 inch rim",26090
79.49,868.071,-9.54,342.49,-260.63,0.01,-23.39,-40.99,-0.03,0.0366,-1.3141,11.89,-167478.17,7.44,96.2,-3.072,-0,-1,145.31,149.69,147.9,25.01,Cornering,"Hoosier 43075 16x7.5-10 R20, 7 inch rim",26091
79.48,868.081,-9.35,338.6,-262.62,0.012,-22.99,-41.64,0.04,0.0356,-1.2893,11.97,96986.95,7.44,96.22,-3.031,-0,-0.9999,145.18,149.62,147.69,25.02,Cornering,"Hoosier 43075 16x7.5-10 R20, 7 inch rim",26092
79.5,868.091,-8.26,334.72,-263.52,0.01,-22.88,-41.69,0.04,0.0314,-1.2702,12.06,96967.75,7.44,96.24,-2.991,-0,-0.9999,145.12,149.55,147.55,25.01,Cornering,"Hoosier 43075 16x7.5-10 R20, 7 inch rim",26093
79.51,868.101,-7.02,330.69,-263.31,0.017,-22.67,-41.24,0.11,0.0266,-1.2559,12.2,37626.91,7.44,96.22,-2.958,-0,-0.9998,145.03,149.44,147.43,25.03,Cornering,"Hoosier 43075 16x7.5-10 R20, 7 inch rim",26094
79.48,868.111,-6.3,326.67,-262.03,0.013,-22.4,-41.05,-0.03,0.024,-1.2467,12.32,-167616.66,7.45,96.18,-2.915,-0,-1,144.9,149.36,147.37,25.03,Cornering,"Hoosier 43075 16x7.5-10 R20, 7 inch rim",26095
79.47,868.121,-6.2,323.43,-260.64,0.007,-21.78,-40.57,-0.03,0.0238,-1.2409,12.33,-167661.45,7.45,96.2,-2.871,-0,-1,144.84,149.2,147.13,25.04,Cornering,"Hoosier 43075 16x7.5-10 R20, 7 inch rim",26096
79.5,868.131,-7.44,320.65,-259.09,0.009,-21.26,-40.87,-0.03,0.0287,-1.2376,12.29,-167472.14,7.45,96.2,-2.835,-0,-1,144.71,149.05,147.01,25.01,Cornering,"Hoosier 43075 16x7.5-10 R20, 7 inch rim",26097
79.5,868.141,-8.12,317.86,-258.25,0.007,-21.18,-39.92,0.11,0.0314,-1.2308,12.17,37571.24,7.45,96.18,-2.78,-0,-0.9998,144.67,148.92,146.87,24.99,Cornering,"Hoosier 43075 16x7.5-10 R20, 7 inch rim",26098
79.46,868.151,-9.08,315.07,-257.99,0.006,-21.07,-39.03,0.11,0.0352,-1.2213,12.03,37554.35,7.45,96.17,-2.762,-0,-0.9998,144.69,148.89,146.74,24.98,Cornering,"Hoosier 43075 16x7.5-10 R20, 7 inch rim",26099
79.49,868.161,-9.9,311.8,-258.24,0.007,-21.23,-38.51,-0.03,0.0383,-1.2074,11.95,-167332.55,7.45,96.16,-2.713,-0,-1,144.58,148.72,146.7,24.98,Cornering,"Hoosier 43075 16x7.5-10 R20, 7 inch rim",26100
79.51,868.171,-10.61,307.9,-259.32,0.017,-21.54,-38.57,0.04,0.0409,-1.1873,11.9,96924.57,7.46,96.12,-2.673,-0,-0.9999,144.5,148.54,146.62,25,Cornering,"Hoosier 43075 16x7.5-10 R20, 7 inch rim",26101
79.48,868.181,-10.81,304.02,-261.22,0.003,-21.21,-39.04,-0.09,0.0414,-1.1638,11.95,-44917.07,7.46,96.11,-2.649,-0,-1.0002,144.39,148.41,146.58,25,Cornering,"Hoosier 43075 16x7.5-10 R20, 7 inch rim",26102
79.47,868.191,-10.28,299.51,-262.95,0.007,-21.24,-39.18,0.04,0.0391,-1.139,12.05,96907.44,7.46,96.14,-2.597,-0,-0.9999,144.15,148.25,146.42,24.99,Cornering,"Hoosier 43075 16x7.5-10 R20, 7 inch rim",26103
79.5,868.201,-9.4,294.69,-264.59,0.007,-21.06,-39.16,0.04,0.0355,-1.1137,12.17,96977.62,7.46,96.18,-2.557,-0,-0.9999,144.09,148.08,146.26,25.01,Cornering,"Hoosier 43075 16x7.5-10 R20, 7 inch rim",26104
79.5,868.211,-8.37,290.35,-264.7,0.007,-20.55,-38.99,-0.03,0.0316,-1.0969,12.3,-167433.66,7.46,96.23,-2.518,-0,-1,144.02,147.97,146.14,25,Cornering,"Hoosier 43075 16x7.5-10 R20, 7 inch rim",26105
79.47,868.221,-7.06,286.02,-263.1,0.007,-21.05,-38.13,0.04,0.0269,-1.0871,12.35,96960.51,7.46,96.23,-2.477,-0,-0.9999,143.94,147.84,145.98,25,Cornering,"Hoosier 43075 16x7.5-10 R20, 7 inch rim",26106
79.49,868.231,-6.98,282.93,-261.21,0.007,-20.04,-37.84,0.04,0.0267,-1.0832,12.35,97007.25,7.46,96.24,-2.45,-0,-0.9999,143.85,147.68,145.84,25.01,Cornering,"Hoosier 43075 16x7.5-10 R20, 7 inch rim",26107
79.51,868.241,-7.23,279.69,-259.51,0.007,-19.23,-37.2,0.11,0.0279,-1.0778,12.28,37642.52,7.46,96.23,-2.397,-0,-0.9998,143.81,147.62,145.65,25.03,Cornering,"Hoosier 43075 16x7.5-10 R20, 7 inch rim",26108
79.48,868.251,-8.58,276.59,-257.63,0.019,-19.61,-36.84,0.04,0.0333,-1.0736,12.15,97080.79,7.47,96.33,-2.354,-0,-0.9999,143.72,147.51,145.61,25.03,Cornering,"Hoosier 43075 16x7.5-10 R20, 7 inch rim",26109
79.48,868.261,-9.75,273.96,-257.42,0.009,-18.51,-36.23,-0.03,0.0379,-1.0643,12.04,-167610.98,7.47,96.36,-2.319,-0,-1,143.75,147.37,145.59,25.02,Cornering,"Hoosier 43075 16x7.5-10 R20, 7 inch rim",26110
79.51,868.271,-10.86,270.39,-257.61,0.007,-18.58,-35.78,0.04,0.0421,-1.0496,11.97,96995.84,7.47,96.39,-2.272,-0,-0.9999,143.7,147.24,145.61,25.01,Cornering,"Hoosier 43075 16x7.5-10 R20, 7 inch rim",26111
79.5,868.281,-11.32,266.19,-258.72,0.017,-18.51,-35.36,-0.03,0.0437,-1.0288,11.95,-167581.05,7.47,96.38,-2.233,-0,-1,143.66,147.07,145.63,25.01,Cornering,"Hoosier 43075 16x7.5-10 R20, 7 inch rim",26112
79.47,868.291,-11.48,261.69,-260.67,0.001,-18.12,-35.62,-0.09,0.044,-1.0039,12,-44961.73,7.47,96.38,-2.198,-0,-1.0002,143.49,146.96,145.55,25.01,Cornering,"Hoosier 43075 16x7.5-10 R20, 7 inch rim",26113
79.48,868.301,-10.86,256.55,-262.54,0.004,-18.49,-35.42,-0.03,0.0414,-0.9772,12.1,-167704.94,7.47,96.39,-2.159,-0,-1,143.38,146.78,145.49,25.03,Cornering,"Hoosier 43075 16x7.5-10 R20, 7 inch rim",26114
79.51,868.311,-10.41,251.1,-264.16,0.02,-18.49,-35.52,0.11,0.0394,-0.9505,12.25,37631.51,7.47,96.41,-2.117,-0,-0.9998,143.21,146.63,145.37,25.02,Cornering,"Hoosier 43075 16x7.5-10 R20, 7 inch rim",26115
79.48,868.321,-9.31,245.83,-264.78,0.009,-18.2,-35.27,-0.03,0.0352,-0.9285,12.38,-167673.89,7.47,96.42,-2.077,-0,-1,143.08,146.43,145.25,25.03,Cornering,"Hoosier 43075 16x7.5-10 R20, 7 inch rim",26116
79.48,868.331,-8.41,241.35,-263.58,0.001,-17.89,-34.73,-0.03,0.0319,-0.9157,12.47,-167678.11,7.48,96.42,-2.032,-0,-1,143.04,146.3,145.13,25.03,Cornering,"Hoosier 43075 16x7.5-10 R20, 7 inch rim",26117
79.5,868.341,-7.98,237.33,-262.21,0.007,-16.82,-34.23,-0.03,0.0304,-0.9051,12.46,-167799.23,7.48,96.41,-1.98,-0,-1,142.84,146.19,145.01,25.04,Cornering,"Hoosier 43075 16x7.5-10 R20, 7 inch rim",26118
79.5,868.351,-8.53,233.93,-260.16,0.012,-16.47,-33.84,0.11,0.0328,-0.8992,12.37,37661.2,7.48,96.39,-1.944,-0,-0.9998,142.78,146.03,144.85,25.04,Cornering,"Hoosier 43075 16x7.5-10 R20, 7 inch rim",26119
79.48,868.361,-9.75,230.84,-258.5,0.007,-16.4,-33.63,0.04,0.0377,-0.893,12.25,97128.09,7.48,96.35,-1.907,-0,-0.9999,142.72,145.94,144.74,25.04,Cornering,"Hoosier 43075 16x7.5-10 R20, 7 inch rim",26120
79.48,868.371,-10.64,227.73,-257.58,0.017,-16.7,-32.56,0.04,0.0413,-0.8841,12.1,97107.48,7.48,96.34,-1.868,-0,-0.9999,142.74,145.88,144.7,25.03,Cornering,"Hoosier 43075 16x7.5-10 R20, 7 inch rim",26121
79.51,868.381,-11.5,223.55,-258.16,-0.002,-16.06,-31.7,0.11,0.0445,-0.866,12,37628.58,7.49,96.35,-1.824,-0,-0.9998,142.69,145.86,144.7,25.01,Cornering,"Hoosier 43075 16x7.5-10 R20, 7 inch rim",26122
79.49,868.391,-12.52,219.5,-258.75,0.01,-16.18,-31.39,0.04,0.0484,-0.8483,12,96953.95,7.49,96.36,-1.785,-0,-0.9999,142.67,145.72,144.72,24.99,Cornering,"Hoosier 43075 16x7.5-10 R20, 7 inch rim",26123
79.47,868.401,-12.63,214.69,-260.08,0.003,-16.25,-31.17,0.04,0.0486,-0.8255,12.04,96888.21,7.49,96.39,-1.747,-0,-0.9999,142.61,145.57,144.7,24.97,Cornering,"Hoosier 43075 16x7.5-10 R20, 7 inch rim",26124
79.49,868.411,-12.22,209.08,-262.6,0.01,-15.82,-30.89,0.11,0.0465,-0.7962,12.11,37569.65,7.49,96.41,-1.702,-0,-0.9998,142.52,145.42,144.6,24.97,Cornering,"Hoosier 43075 16x7.5-10 R20, 7 inch rim",26125
79.51,868.421,-11.72,203.49,-263.97,0.012,-16.09,-30.93,-0.03,0.0444,-0.7709,12.25,-167281.55,7.49,96.43,-1.654,-0,-1,142.46,145.31,144.52,24.96,Cornering,"Hoosier 43075 16x7.5-10 R20, 7 inch rim",26126
79.47,868.431,-10.77,198.06,-264.77,0.012,-15.45,-30.45,0.04,0.0407,-0.748,12.34,96916.09,7.49,96.46,-1.619,-0,-0.9999,142.46,145.24,144.38,24.98,Cornering,"Hoosier 43075 16x7.5-10 R20, 7 inch rim",26127
79.48,868.441,-9.8,193.1,-263.85,0.007,-15.24,-29.78,-0.03,0.0372,-0.7319,12.39,-167403.27,7.49,96.47,-1.579,-0,-1,142.41,145.15,144.3,24.98,Cornering,"Hoosier 43075 16x7.5-10 R20, 7 inch rim",26128
79.51,868.451,-9.47,188.94,-261.88,-0,-14.77,-29.35,0.11,0.0361,-0.7215,12.33,37572.21,7.5,96.48,-1.539,-0,-0.9998,142.31,145.04,144.16,24.97,Cornering,"Hoosier 43075 16x7.5-10 R20, 7 inch rim",26129
79.49,868.461,-9.15,185.23,-259.61,0.001,-14.48,-28.26,0.04,0.0352,-0.7135,12.22,96875.59,7.5,96.49,-1.503,-0,-0.9999,142.16,144.93,143.98,24.97,Cornering,"Hoosier 43075 16x7.5-10 R20, 7 inch rim",26130
79.47,868.471,-9.84,182.14,-258.07,0.006,-13.54,-27.48,0.04,0.0381,-0.7058,12.11,96854.91,7.5,96.51,-1.453,-0,-0.9999,142.18,144.87,143.85,24.96,Cornering,"Hoosier 43075 16x7.5-10 R20, 7 inch rim",26131
79.5,868.481,-11.47,178.74,-257.34,0.001,-12.84,-27.25,0.04,0.0446,-0.6946,12.05,96923.34,7.5,96.49,-1.426,-0,-0.9999,142.18,144.8,143.73,24.98,Cornering,"Hoosier 43075 16x7.5-10 R20, 7 inch rim",26132
79.51,868.491,-12.41,174.54,-256.86,0.003,-13.28,-26.32,0.11,0.0483,-0.6795,12.02,37626.54,7.5,96.49,-1.394,-0,-0.9998,142.18,144.71,143.75,25.01,Cornering,"Hoosier 43075 16x7.5-10 R20, 7 inch rim",26133
79.48,868.501,-13.01,170.35,-257.05,0.009,-13.34,-25.52,0.04,0.0506,-0.6627,12.06,97083.6,7.5,96.47,-1.341,-0,-0.9999,142.2,144.62,143.67,25.02,Cornering,"Hoosier 43075 16x7.5-10 R20, 7 inch rim",26134
79.48,868.511,-13.15,165.37,-258.6,0.006,-12.98,-24.87,0.11,0.0509,-0.6395,12.17,37636.36,7.5,96.44,-1.307,-0,-0.9998,142.09,144.45,143.61,25.01,Cornering,"Hoosier 43075 16x7.5-10 R20, 7 inch rim",26135
79.51,868.521,-13.15,160.23,-260.11,0.017,-12.9,-24.86,-0.03,0.0506,-0.616,12.28,-167498.92,7.5,96.44,-1.28,-0,-1,142.03,144.34,143.61,24.99,Cornering,"Hoosier 43075 16x7.5-10 R20, 7 inch rim",26136
79.5,868.531,-12.28,154.34,-262.25,0.004,-12.28,-24.25,0.11,0.0468,-0.5885,12.35,37576.15,7.51,96.47,-1.235,-0,-0.9998,141.9,144.25,143.53,24.97,Cornering,"Hoosier 43075 16x7.5-10 R20, 7 inch rim",26137
79.47,868.541,-11.27,148.59,-262.6,0.01,-12.64,-23.63,-0.03,0.0429,-0.5659,12.35,-167347.64,7.51,96.47,-1.198,-0,-1,141.81,144.12,143.49,24.97,Cornering,"Hoosier 43075 16x7.5-10 R20, 7 inch rim",26138
79.48,868.551,-9.87,143.48,-261.95,0.013,-12.26,-22.41,0.04,0.0377,-0.5477,12.29,96953.91,7.51,96.48,-1.164,-0,-0.9999,141.84,144.07,143.39,24.98,Cornering,"Hoosier 43075 16x7.5-10 R20, 7 inch rim",26139
79.51,868.561,-9.13,138.85,-260.59,-0.005,-11.38,-21.41,-0.03,0.035,-0.5328,12.2,-167544.95,7.51,96.49,-1.132,-0,-1,141.77,144.01,143.25,25,Cornering,"Hoosier 43075 16x7.5-10 R20, 7 inch rim",26140
79.48,868.571,-9.24,134.83,-257.88,0.001,-11.22,-20.81,0.04,0.0358,-0.5229,12.06,97067.89,7.51,96.53,-1.105,-0,-0.9999,141.64,143.94,143.15,25.01,Cornering,"Hoosier 43075 16x7.5-10 R20, 7 inch rim",26141
79.47,868.581,-9.74,130.96,-256.32,0.004,-10.93,-19.68,-0.03,0.038,-0.5109,11.97,-167587.19,7.51,96.53,-1.054,-0,-1,141.6,143.9,143.05,25,Cornering,"Hoosier 43075 16x7.5-10 R20, 7 inch rim",26142
79.5,868.591,-10.29,127.24,-254.86,0.012,-10.98,-18.12,-0.03,0.0404,-0.4993,11.96,-167588.69,7.51,96.53,-1.016,-0,-1,141.62,143.85,142.93,25,Cornering,"Hoosier 43075 16x7.5-10 R20, 7 inch rim",26143
79.51,868.601,-11.65,123.67,-254.78,0.012,-10.06,-17.18,0.04,0.0457,-0.4854,11.97,96980.98,7.51,96.52,-0.973,-0,-0.9999,141.58,143.72,142.91,24.99,Cornering,"Hoosier 43075 16x7.5-10 R20, 7 inch rim",26144
79.47,868.611,-12.28,118.87,-255.11,0.001,-10.17,-16.02,0.04,0.0481,-0.4659,12.08,96959.18,7.52,96.49,-0.94,-0,-0.9999,141.6,143.65,142.91,24.98,Cornering,"Hoosier 43075 16x7.5-10 R20, 7 inch rim",26145
79.48,868.621,-12.55,114.22,-256.39,-0.009,-9.15,-15.32,0.04,0.0489,-0.4455,12.23,96914.91,7.52,96.47,-0.905,-0,-0.9999,141.56,143.59,142.88,24.97,Cornering,"Hoosier 43075 16x7.5-10 R20, 7 inch rim",26146
79.51,868.631,-13.01,108.3,-258.12,0.007,-9.12,-15.38,0.04,0.0504,-0.4196,12.37,96960.88,7.52,96.46,-0.852,-0,-0.9999,141.43,143.41,142.88,24.98,Cornering,"Hoosier 43075 16x7.5-10 R20, 7 inch rim",26147
79.48,868.641,-12.44,102.07,-259.54,0.016,-9.6,-14.94,0.04,0.0479,-0.3933,12.43,96984.21,7.52,96.47,-0.802,-0,-0.9999,141.39,143.28,142.82,24.99,Cornering,"Hoosier 43075 16x7.5-10 R20, 7 inch rim",26148
79.48,868.651,-11.81,96.19,-260.24,-0,-9.5,-14.81,-0.03,0.0454,-0.3696,12.41,-167519.3,7.52,96.47,-0.76,-0,-1,141.32,143.24,142.78,24.99,Cornering,"Hoosier 43075 16x7.5-10 R20, 7 inch rim",26149
79.51,868.661,-10.58,90.29,-260.02,0.006,-9.25,-13.92,0.11,0.0407,-0.3472,12.32,37606.61,7.52,96.47,-0.719,-0,-0.9998,141.23,143.17,142.7,24.99,Cornering,"Hoosier 43075 16x7.5-10 R20, 7 inch rim",26150
79.51,868.671,-9.76,84.72,-258.24,0.001,-9.29,-13.37,-0.03,0.0378,-0.3281,12.17,-167599.08,7.52,96.49,-0.673,-0,-1,141.21,143.1,142.68,25,Cornering,"Hoosier 43075 16x7.5-10 R20, 7 inch rim",26151
79.48,868.681,-9.73,80.25,-256.21,-0.002,-8.23,-12.87,-0.03,0.038,-0.3132,12.02,-167755.38,7.52,96.5,-0.63,-0,-1,141.04,143.02,142.6,25.03,Cornering,"Hoosier 43075 16x7.5-10 R20, 7 inch rim",26152
79.48,868.691,-11.11,75.6,-253.87,0.009,-8.7,-13.24,-0.03,0.0437,-0.2978,11.95,-167833.94,7.52,96.49,-0.582,-0,-1,140.98,142.99,142.5,25.04,Cornering,"Hoosier 43075 16x7.5-10 R20, 7 inch rim",26153
79.51,868.701,-12.57,71.42,-253.17,0.013,-7.37,-12.82,-0.03,0.0496,-0.2821,11.94,-167757.02,7.52,96.5,-0.532,-0,-1,140.98,143.06,142.44,25.03,Cornering,"Hoosier 43075 16x7.5-10 R20, 7 inch rim",26154
79.5,868.711,-13.54,66.46,-253,0.007,-7.27,-11.81,0.04,0.0535,-0.2627,11.99,97055.38,7.53,96.49,-0.482,-0,-0.9999,140.96,143.02,142.34,25.01,Cornering,"Hoosier 43075 16x7.5-10 R20, 7 inch rim",26155
79.48,868.721,-14.62,61.5,-253.28,-0,-6.61,-11.04,-0.03,0.0577,-0.2428,12.09,-167641.56,7.53,96.47,-0.439,-0,-1,141,143.02,142.32,25.01,Cornering,"Hoosier 43075 16x7.5-10 R20, 7 inch rim",26156
79.51,868.731,-15.29,55.59,-253.95,0.001,-6.85,-10.57,0.04,0.0602,-0.2189,12.22,97078.3,7.53,96.5,-0.408,-0,-0.9999,140.98,142.97,142.3,25.01,Cornering,"Hoosier 43075 16x7.5-10 R20, 7 inch rim",26157
79.51,868.741,-15.94,49.54,-255.84,-0.002,-5.7,-10.74,-0.03,0.0623,-0.1936,12.32,-167797.56,7.53,96.49,-0.365,-0,-1,140.91,142.77,142.34,25.03,Cornering,"Hoosier 43075 16x7.5-10 R20, 7 inch rim",26158
