AmbientRoomTemperature,ElapsedTime,LongitudinalForce,LateralForce,NormalForce,InclinationAngle,OverturningMoment,AligningTorque,WheelRotationalSpeed,NormalizedLongitudinalForce(FX/FZ),NormalizedLateralForce(FY/FZ),TirePressure,EffectiveRadius,LoadedRadius,RoadSurfaceTemperature,SlipAngle,SlipRatioTextbook,SlipRatioBasedOnRL,TireSurfaceTemperature-Center,TireSurfaceTemperature-Inboard,TireSurfaceTemperature-Outboard,RoadSpeed,testid,tireid,Index
79.37,755.073,-10.5,-73.07,-200.55,0.003,0.19,8.19,0.04,0.0523,0.3643,12.4,97047.02,7.65,95.52,0.553,-0,-0.9999,119.05,121.29,126.29,25.01,Cornering,"Hoosier 43075 16x7.5-10 R20, 7 inch rim",21195
79.34,755.083,-11.38,-78.83,-201.33,0.007,-0.46,8.73,0.04,0.0565,0.3915,12.39,97000.95,7.65,95.5,0.598,-0,-0.9999,119.07,121.27,126.5,25,Cornering,"Hoosier 43075 16x7.5-10 R20, 7 inch rim",21196
79.33,755.093,-11.8,-84.73,-202.73,0.003,-0.5,9.02,0.11,0.0582,0.4179,12.3,37586.13,7.65,95.47,0.631,-0,-0.9998,119.03,121.25,126.7,24.98,Cornering,"Hoosier 43075 16x7.5-10 R20, 7 inch rim",21197
79.36,755.103,-11.72,-90.95,-204.63,0.007,-0.45,9.12,0.11,0.0573,0.4445,12.15,37550.7,7.65,95.48,0.684,-0,-0.9998,119.03,121.2,126.9,24.96,Cornering,"Hoosier 43075 16x7.5-10 R20, 7 inch rim",21198
79.36,755.113,-11.46,-96.68,-205.66,-0,-0.36,8.9,0.11,0.0557,0.4701,12.06,37550.3,7.65,95.46,0.721,-0,-0.9998,119.09,121.16,126.98,24.96,Cornering,"Hoosier 43075 16x7.5-10 R20, 7 inch rim",21199
79.32,755.123,-10.57,-102.43,-206.74,0.003,0.43,8.96,-0.03,0.0511,0.4954,11.99,-167190.11,7.65,95.45,0.756,-0,-1,119.01,121.14,127.1,24.94,Cornering,"Hoosier 43075 16x7.5-10 R20, 7 inch rim",21200
79.35,755.133,-9.68,-107.56,-205.99,0.013,0.45,9.05,-0.03,0.047,0.5221,11.99,-167187.59,7.65,95.45,0.805,-0,-1,119.03,121.16,127.18,24.94,Cornering,"Hoosier 43075 16x7.5-10 R20, 7 inch rim",21201
79.37,755.143,-8.55,-112.19,-204.52,0.007,0.67,9.54,0.11,0.0418,0.5485,12.09,37514.05,7.65,95.42,0.839,-0,-0.9998,119.03,121.2,127.18,24.93,Cornering,"Hoosier 43075 16x7.5-10 R20, 7 inch rim",21202
79.35,755.153,-7.87,-116.67,-203.06,0.007,0.87,10.18,-0.03,0.0387,0.5746,12.2,-167105.83,7.65,95.42,0.879,-0,-1,118.99,121.16,127.14,24.93,Cornering,"Hoosier 43075 16x7.5-10 R20, 7 inch rim",21203
79.34,755.163,-7.98,-120.84,-202.26,0.003,1.84,11.05,0.18,0.0395,0.5974,12.33,23262.24,7.65,95.44,0.91,-0,-0.9997,118.96,121.18,127.02,24.93,Cornering,"Hoosier 43075 16x7.5-10 R20, 7 inch rim",21204
79.36,755.173,-8.42,-125.18,-200.92,-0,1.56,12.28,0.11,0.0419,0.623,12.38,37512.62,7.65,95.44,0.951,-0,-0.9998,118.92,121.11,126.92,24.93,Cornering,"Hoosier 43075 16x7.5-10 R20, 7 inch rim",21205
79.37,755.183,-9.05,-129.69,-200.78,0.009,1.84,13.84,0.11,0.0451,0.6459,12.38,37520.93,7.65,95.45,0.981,-0,-0.9998,118.96,121.16,126.92,24.94,Cornering,"Hoosier 43075 16x7.5-10 R20, 7 inch rim",21206
79.34,755.193,-9.77,-135.13,-201.7,0.006,1.66,15.01,0.04,0.0484,0.67,12.31,96785.09,7.65,95.44,1.032,-0,-0.9999,119.01,121.2,127.02,24.94,Cornering,"Hoosier 43075 16x7.5-10 R20, 7 inch rim",21207
79.35,755.203,-10.05,-140.1,-201.89,0.006,0.98,16.07,0.04,0.0498,0.694,12.21,96783.84,7.65,95.45,1.065,-0,-0.9999,118.99,121.14,127.12,24.94,Cornering,"Hoosier 43075 16x7.5-10 R20, 7 inch rim",21208
79.37,755.213,-9.47,-145.69,-204.06,0.001,2.05,17.29,0.11,0.0464,0.714,12.09,37536.7,7.65,95.44,1.095,-0,-0.9998,118.92,121.03,127.3,24.95,Cornering,"Hoosier 43075 16x7.5-10 R20, 7 inch rim",21209
79.35,755.223,-8.17,-150.99,-205.11,0.009,1.67,18.5,0.11,0.0398,0.7361,12.03,37570.92,7.65,95.47,1.138,-0,-0.9998,118.92,121,127.49,24.97,Cornering,"Hoosier 43075 16x7.5-10 R20, 7 inch rim",21210
79.33,755.233,-6.02,-155.97,-205.75,0.016,1.76,20.18,0.18,0.0293,0.758,12.03,23313.86,7.65,95.48,1.183,-0,-0.9997,118.9,120.94,127.57,24.98,Cornering,"Hoosier 43075 16x7.5-10 R20, 7 inch rim",21211
79.36,755.243,-4.47,-159.97,-205.91,0.009,3.06,20.85,0.11,0.0217,0.7769,12.11,37587.18,7.65,95.49,1.211,-0,-0.9998,118.94,120.94,127.65,24.98,Cornering,"Hoosier 43075 16x7.5-10 R20, 7 inch rim",21212
79.36,755.253,-3.38,-163.68,-204.35,0.003,2.81,21.11,0.04,0.0165,0.801,12.22,96866.03,7.66,95.48,1.254,-0,-0.9999,118.92,120.83,127.73,24.97,Cornering,"Hoosier 43075 16x7.5-10 R20, 7 inch rim",21213
79.34,755.263,-2.75,-167.09,-202.74,0.01,3.16,21.01,-0.03,0.0136,0.8241,12.31,-167194.44,7.66,95.5,1.294,-0,-1,118.94,120.74,127.71,24.95,Cornering,"Hoosier 43075 16x7.5-10 R20, 7 inch rim",21214
79.34,755.273,-2.53,-169.84,-200.87,-0.003,3.31,21.37,-0.03,0.0126,0.8455,12.35,-167191.17,7.66,95.48,1.336,-0,-1,118.88,120.72,127.63,24.95,Cornering,"Hoosier 43075 16x7.5-10 R20, 7 inch rim",21215
79.36,755.283,-3.3,-173.26,-199.9,0.006,3.34,21.52,-0.03,0.0165,0.8668,12.33,-167343.52,7.66,95.51,1.373,-0,-1,118.9,120.74,127.55,24.97,Cornering,"Hoosier 43075 16x7.5-10 R20, 7 inch rim",21216
79.35,755.293,-4.67,-176.68,-199.69,0.013,4.2,21.64,0.04,0.0234,0.8848,12.25,96970.62,7.66,95.52,1.423,-0,-0.9999,118.92,120.76,127.51,25,Cornering,"Hoosier 43075 16x7.5-10 R20, 7 inch rim",21217
79.32,755.303,-6.35,-180.69,-199.84,-0.005,4.38,21.39,0.04,0.0318,0.9041,12.13,97081.34,7.66,95.54,1.457,-0,-0.9999,118.94,120.72,127.57,25.03,Cornering,"Hoosier 43075 16x7.5-10 R20, 7 inch rim",21218
79.34,755.313,-7.43,-185.67,-200.88,0.001,4.29,21.26,0.04,0.037,0.9243,12.01,97124.35,7.66,95.55,1.496,-0,-0.9999,118.96,120.72,127.71,25.04,Cornering,"Hoosier 43075 16x7.5-10 R20, 7 inch rim",21219
79.36,755.323,-8.27,-190.5,-202,0.01,4.12,20.76,0.04,0.041,0.9431,11.97,97100.02,7.66,95.6,1.532,-0,-0.9999,118.92,120.67,127.81,25.03,Cornering,"Hoosier 43075 16x7.5-10 R20, 7 inch rim",21220
79.33,755.333,-7.65,-195.62,-203.08,0.004,3.69,20.92,0.11,0.0377,0.9633,12,37615.1,7.66,95.62,1.583,-0,-0.9998,118.81,120.67,127.87,25.01,Cornering,"Hoosier 43075 16x7.5-10 R20, 7 inch rim",21221
79.33,755.343,-6.71,-200.13,-204.59,0.012,4.72,21.1,0.04,0.0328,0.9782,12.1,96938.27,7.66,95.63,1.614,-0,-0.9999,118.77,120.61,127.97,24.99,Cornering,"Hoosier 43075 16x7.5-10 R20, 7 inch rim",21222
79.36,755.353,-5.65,-203.67,-204.64,-0.005,5.13,20.78,0.04,0.0276,0.9953,12.22,96891.18,7.66,95.64,1.652,-0,-0.9999,118.75,120.61,127.99,24.98,Cornering,"Hoosier 43075 16x7.5-10 R20, 7 inch rim",21223
79.35,755.363,-4.49,-207.4,-204.35,0.006,5.51,20.58,0.11,0.022,1.0149,12.36,37542.93,7.66,95.65,1.697,-0,-0.9998,118.79,120.61,127.99,24.96,Cornering,"Hoosier 43075 16x7.5-10 R20, 7 inch rim",21224
79.31,755.373,-3.84,-210.34,-202.45,0.009,5.06,20.36,0.04,0.0189,1.039,12.43,96864.47,7.66,95.67,1.727,-0,-0.9999,118.84,120.52,127.97,24.97,Cornering,"Hoosier 43075 16x7.5-10 R20, 7 inch rim",21225
79.34,755.383,-3.49,-212.51,-200.94,0.013,5.28,20.7,0.11,0.0174,1.0576,12.43,37532.5,7.66,95.7,1.772,-0,-0.9998,118.86,120.45,127.91,24.96,Cornering,"Hoosier 43075 16x7.5-10 R20, 7 inch rim",21226
79.35,755.393,-4.42,-215.27,-199.63,0.003,5.49,20.63,-0.03,0.0222,1.0784,12.37,-167263.16,7.66,95.71,1.818,-0,-1,118.86,120.43,127.81,24.97,Cornering,"Hoosier 43075 16x7.5-10 R20, 7 inch rim",21227
79.32,755.403,-4.94,-218.22,-198.92,0.004,5.54,21.73,0.11,0.0248,1.097,12.24,37521.77,7.66,95.68,1.858,-0,-0.9998,118.92,120.48,127.81,24.95,Cornering,"Hoosier 43075 16x7.5-10 R20, 7 inch rim",21228
79.31,755.413,-5.83,-221.94,-199.05,-0.002,5.33,22.74,0.25,0.0293,1.115,12.08,16871.24,7.66,95.63,1.883,-0,-0.9995,118.92,120.5,127.89,24.96,Cornering,"Hoosier 43075 16x7.5-10 R20, 7 inch rim",21229
79.35,755.423,-6.52,-226.14,-199.65,0.003,5.28,23.51,0.04,0.0327,1.1327,11.98,96738.78,7.66,95.66,1.944,-0,-0.9999,118.96,120.45,127.95,24.94,Cornering,"Hoosier 43075 16x7.5-10 R20, 7 inch rim",21230
79.35,755.433,-6.3,-230.97,-200.61,0.004,4.83,24.57,0.25,0.0314,1.1513,11.96,16870.16,7.66,95.68,1.98,-0,-0.9995,118.99,120.39,128.05,24.96,Cornering,"Hoosier 43075 16x7.5-10 R20, 7 inch rim",21231
79.31,755.443,-5.37,-235.78,-202.84,0.004,6.41,25.66,0.11,0.0265,1.1624,11.99,37517.6,7.66,95.71,2.026,-0,-0.9998,118.96,120.39,128.15,24.95,Cornering,"Hoosier 43075 16x7.5-10 R20, 7 inch rim",21232
79.32,755.453,-4.32,-240.59,-202.79,0.003,5.43,26.03,-0.03,0.0213,1.1864,12.09,-167234.67,7.66,95.76,2.075,-0,-1,118.9,120.37,128.23,24.97,Cornering,"Hoosier 43075 16x7.5-10 R20, 7 inch rim",21233
79.35,755.463,-3.5,-244.31,-202.66,0.006,5.85,25.64,0.11,0.0173,1.2055,12.2,37550.32,7.66,95.75,2.108,-0,-0.9998,118.94,120.32,128.31,24.97,Cornering,"Hoosier 43075 16x7.5-10 R20, 7 inch rim",21234
79.31,755.473,-2.74,-247.4,-201.88,0.004,6.28,24.79,0.11,0.0136,1.2255,12.33,37566.39,7.66,95.76,2.158,-0,-0.9998,118.92,120.32,128.38,24.98,Cornering,"Hoosier 43075 16x7.5-10 R20, 7 inch rim",21235
79.3,755.483,-2.21,-249.26,-199.41,0.013,6.11,24.03,0.04,0.0111,1.25,12.39,96990.75,7.66,95.79,2.205,-0,-0.9999,118.96,120.34,128.38,25.01,Cornering,"Hoosier 43075 16x7.5-10 R20, 7 inch rim",21236
79.33,755.493,-2.25,-251.25,-198.46,0.009,7.39,23.1,0.11,0.0113,1.266,12.36,37598.89,7.66,95.81,2.242,-0,-0.9998,118.9,120.37,128.29,25.01,Cornering,"Hoosier 43075 16x7.5-10 R20, 7 inch rim",21237
79.33,755.503,-2.81,-252.94,-196.72,0.009,7.28,22.81,0.11,0.0143,1.2858,12.29,37589.11,7.66,95.79,2.279,-0,-0.9998,118.88,120.34,128.21,25,Cornering,"Hoosier 43075 16x7.5-10 R20, 7 inch rim",21238
79.3,755.513,-4.16,-254.97,-195.32,0.014,7.19,22.49,0.11,0.0213,1.3054,12.18,37579.24,7.66,95.76,2.319,-0,-0.9998,118.88,120.34,128.17,25,Cornering,"Hoosier 43075 16x7.5-10 R20, 7 inch rim",21239
79.31,755.523,-5.71,-257.59,-194.45,0.009,6.44,22.41,0.04,0.0293,1.3247,12.07,96889.46,7.66,95.75,2.358,-0,-0.9999,118.92,120.43,128.21,24.99,Cornering,"Hoosier 43075 16x7.5-10 R20, 7 inch rim",21240
79.34,755.533,-6.49,-261.14,-196.1,-0,8.18,23.1,0.11,0.0331,1.3317,12.03,37585.91,7.67,95.71,2.388,-0,-0.9998,118.94,120.43,128.27,25,Cornering,"Hoosier 43075 16x7.5-10 R20, 7 inch rim",21241
79.31,755.543,-7.23,-265.51,-196.34,0.004,7.13,23.13,0.04,0.0368,1.3523,12.05,96951.66,7.66,95.69,2.425,-0,-0.9999,119.03,120.43,128.4,25.01,Cornering,"Hoosier 43075 16x7.5-10 R20, 7 inch rim",21242
79.29,755.553,-6.47,-270.01,-197.98,-0,7.37,24.06,0.04,0.0327,1.3638,12.13,97016.24,7.67,95.65,2.461,-0,-0.9999,118.96,120.39,128.46,25.03,Cornering,"Hoosier 43075 16x7.5-10 R20, 7 inch rim",21243
79.32,755.563,-5.76,-274.36,-198.93,0.003,7.52,24.27,0.11,0.029,1.3792,12.26,37600.09,7.67,95.66,2.494,-0,-0.9998,118.96,120.43,128.54,25.01,Cornering,"Hoosier 43075 16x7.5-10 R20, 7 inch rim",21244
79.32,755.573,-4.92,-278.09,-198.74,0.009,7.43,24.1,0.18,0.0247,1.3993,12.36,23299.23,7.66,95.65,2.531,-0,-0.9997,118.88,120.34,128.66,24.99,Cornering,"Hoosier 43075 16x7.5-10 R20, 7 inch rim",21245
79.3,755.583,-3.55,-280.72,-198.12,0.009,7.57,24.1,0.11,0.0179,1.4169,12.39,37536.57,7.67,95.64,2.574,-0,-0.9998,118.9,120.32,128.68,24.97,Cornering,"Hoosier 43075 16x7.5-10 R20, 7 inch rim",21246
79.3,755.593,-2.42,-282.71,-196.82,0.001,7.86,24.13,0.04,0.0123,1.4364,12.39,96734.31,7.67,95.62,2.612,-0,-0.9999,118.96,120.37,128.76,24.96,Cornering,"Hoosier 43075 16x7.5-10 R20, 7 inch rim",21247
79.33,755.603,-0.84,-283.46,-194.5,-0.003,7.81,25.2,0.11,0.0043,1.4574,12.28,37525.8,7.67,95.64,2.637,-0,-0.9998,118.96,120.34,128.72,24.97,Cornering,"Hoosier 43075 16x7.5-10 R20, 7 inch rim",21248
79.31,755.613,0.01,-284.23,-192.93,-0,7.88,26.35,0.11,-0.0001,1.4732,12.16,37524.67,7.67,95.68,2.672,-0,-0.9998,118.94,120.3,128.62,24.97,Cornering,"Hoosier 43075 16x7.5-10 R20, 7 inch rim",21249
79.29,755.623,0,-285.5,-191.45,0.016,7.41,27.71,0.04,-0,1.4912,12.03,96748.1,7.66,95.69,2.713,-0,-0.9999,118.88,120.34,128.6,24.96,Cornering,"Hoosier 43075 16x7.5-10 R20, 7 inch rim",21250
79.31,755.633,-1.52,-287.18,-191.08,0.001,7.79,27.79,0.11,0.008,1.5029,11.96,37504.35,7.67,95.68,2.758,-0,-0.9998,118.94,120.32,128.66,24.96,Cornering,"Hoosier 43075 16x7.5-10 R20, 7 inch rim",21251
79.32,755.643,-2.36,-289.82,-191.51,0.003,8.32,28.61,0.11,0.0123,1.5134,11.97,37485.3,7.66,95.64,2.805,-0,-0.9998,119.09,120.39,128.68,24.94,Cornering,"Hoosier 43075 16x7.5-10 R20, 7 inch rim",21252
79.29,755.653,-3.08,-293.68,-192.55,-0.009,8.12,29.09,0.11,0.016,1.5252,12.05,37475.29,7.67,95.62,2.842,-0,-0.9998,119.11,120.37,128.76,24.94,Cornering,"Hoosier 43075 16x7.5-10 R20, 7 inch rim",21253
79.29,755.663,-3.13,-298.23,-194.12,0.007,8.09,29.52,0.04,0.0161,1.5363,12.17,96642.62,7.67,95.61,2.888,-0,-0.9999,119.16,120.34,128.82,24.94,Cornering,"Hoosier 43075 16x7.5-10 R20, 7 inch rim",21254
79.32,755.673,-1.93,-302.28,-195.03,0.012,7.98,30.35,0.11,0.0099,1.5499,12.3,37498.46,7.66,95.58,2.925,-0,-0.9998,119.09,120.37,128.88,24.96,Cornering,"Hoosier 43075 16x7.5-10 R20, 7 inch rim",21255
79.31,755.683,-1.21,-306.45,-195.03,0.004,7.23,29.89,0.11,0.0062,1.5713,12.38,37522.77,7.67,95.57,2.975,-0,-0.9998,119.05,120.34,128.98,24.97,Cornering,"Hoosier 43075 16x7.5-10 R20, 7 inch rim",21256
79.29,755.693,-0.82,-309.54,-194.97,0.003,7.93,28.65,0.04,0.0042,1.5877,12.38,96721.04,7.66,95.59,3.01,-0,-0.9999,119.09,120.3,129.08,24.96,Cornering,"Hoosier 43075 16x7.5-10 R20, 7 inch rim",21257
79.31,755.703,-0.32,-311.4,-193.57,0.007,8.14,27.33,0.11,0.0016,1.6087,12.34,37510.75,7.66,95.54,3.064,-0,-0.9998,119.07,120.26,129.16,24.97,Cornering,"Hoosier 43075 16x7.5-10 R20, 7 inch rim",21258
79.32,755.713,-0.98,-312,-191.8,0.007,8.54,25.22,-0.03,0.0051,1.6267,12.25,-167086.56,7.67,95.52,3.104,-0,-1,119.09,120.28,129.14,24.97,Cornering,"Hoosier 43075 16x7.5-10 R20, 7 inch rim",21259
79.29,755.723,-1.66,-312.43,-190,-0,9,24.03,0.04,0.0088,1.6444,12.1,96684.02,7.67,95.49,3.158,-0,-0.9999,119.09,120.17,129.12,24.96,Cornering,"Hoosier 43075 16x7.5-10 R20, 7 inch rim",21260
79.29,755.733,-2.49,-312.75,-188.13,0.01,8.55,23.6,0.04,0.0133,1.6624,12,96724.74,7.66,95.47,3.2,-0,-0.9999,119.14,120.12,129.04,24.97,Cornering,"Hoosier 43075 16x7.5-10 R20, 7 inch rim",21261
79.31,755.743,-3.98,-313.99,-187.68,0.012,9.23,23.33,0.11,0.0212,1.673,11.98,37521.57,7.66,95.45,3.234,-0,-0.9998,119.2,120.15,129.08,24.98,Cornering,"Hoosier 43075 16x7.5-10 R20, 7 inch rim",21262
79.31,755.753,-5.4,-316.94,-188.14,0.009,9.16,23.49,0.11,0.0287,1.6846,12,37510.86,7.67,95.46,3.284,-0,-0.9998,119.24,120.19,129.22,24.97,Cornering,"Hoosier 43075 16x7.5-10 R20, 7 inch rim",21263
79.28,755.763,-6.41,-320.35,-188.86,0.007,9.33,23.64,0.11,0.0339,1.6962,12.12,37509.41,7.67,95.46,3.32,-0,-0.9998,119.31,120.21,129.28,24.97,Cornering,"Hoosier 43075 16x7.5-10 R20, 7 inch rim",21264
79.3,755.773,-6.71,-324.71,-189.96,0.004,8.66,23.82,0.18,0.0353,1.7093,12.22,23269.82,7.67,95.47,3.356,-0,-0.9997,119.37,120.23,129.39,24.98,Cornering,"Hoosier 43075 16x7.5-10 R20, 7 inch rim",21265
79.32,755.783,-6.28,-329.21,-190.91,0.001,8.61,23.95,-0.03,0.0329,1.7244,12.3,-167150.52,7.67,95.45,3.399,-0,-1,119.37,120.21,129.53,24.98,Cornering,"Hoosier 43075 16x7.5-10 R20, 7 inch rim",21266
79.29,755.793,-5.41,-333.27,-191.68,0.014,8.41,24.03,0.11,0.0282,1.7387,12.32,37548.14,7.66,95.44,3.436,-0,-0.9998,119.35,120.26,129.57,25,Cornering,"Hoosier 43075 16x7.5-10 R20, 7 inch rim",21267
79.28,755.803,-3.83,-336.04,-191.78,0.007,9.41,24.26,0.18,0.0199,1.7522,12.29,23299.52,7.66,95.46,3.461,-0,-0.9997,119.41,120.28,129.65,25.01,Cornering,"Hoosier 43075 16x7.5-10 R20, 7 inch rim",21268
79.31,755.813,-2.65,-337.58,-191.31,0.01,10.08,23.91,-0.03,0.0139,1.7646,12.2,-167324.19,7.66,95.42,3.506,-0,-1,119.41,120.32,129.73,25.01,Cornering,"Hoosier 43075 16x7.5-10 R20, 7 inch rim",21269
79.31,755.823,-1.81,-337.87,-190.01,0.007,10.39,23.56,0.11,0.0095,1.7782,12.11,37543.62,7.66,95.43,3.542,-0,-0.9998,119.48,120.39,129.75,25,Cornering,"Hoosier 43075 16x7.5-10 R20, 7 inch rim",21270
79.28,755.833,-0.76,-337.22,-187.67,-0.002,10.04,24.27,0.11,0.004,1.7969,12.05,37507.76,7.66,95.44,3.567,-0,-0.9998,119.5,120.41,129.75,24.98,Cornering,"Hoosier 43075 16x7.5-10 R20, 7 inch rim",21271
79.29,755.843,-1.04,-337.37,-186.2,-0.002,9.44,24.54,0.18,0.0056,1.8119,12.04,23252.11,7.66,95.44,3.618,-0,-0.9997,119.52,120.41,129.71,24.97,Cornering,"Hoosier 43075 16x7.5-10 R20, 7 inch rim",21272
79.31,755.853,-0.47,-338.02,-185.77,0.013,10.08,26.83,0.18,0.0025,1.8196,12.1,23229.38,7.66,95.42,3.66,-0,-0.9997,119.5,120.43,129.75,24.94,Cornering,"Hoosier 43075 16x7.5-10 R20, 7 inch rim",21273
79.29,755.863,-1.26,-339.86,-185.89,-0,10.64,28.02,0.11,0.0068,1.8282,12.22,37441.34,7.66,95.39,3.691,-0,-0.9998,119.59,120.48,129.83,24.94,Cornering,"Hoosier 43075 16x7.5-10 R20, 7 inch rim",21274
79.28,755.873,-1.6,-342.98,-187.1,0.004,10.79,29.48,0.04,0.0086,1.8331,12.36,96532.97,7.66,95.44,3.724,-0,-0.9999,119.69,120.54,129.89,24.93,Cornering,"Hoosier 43075 16x7.5-10 R20, 7 inch rim",21275
79.31,755.883,-1.98,-346.89,-188.45,0.013,10.63,30.22,0.11,0.0105,1.8407,12.44,37446.6,7.66,95.45,3.767,-0,-0.9998,119.72,120.56,129.97,24.94,Cornering,"Hoosier 43075 16x7.5-10 R20, 7 inch rim",21276
79.31,755.893,-1.85,-351.52,-189.43,-0.006,9.83,30.53,0.04,0.0097,1.8557,12.44,96567.55,7.66,95.47,3.811,-0,-0.9999,119.76,120.56,130.01,24.94,Cornering,"Hoosier 43075 16x7.5-10 R20, 7 inch rim",21277
79.28,755.903,-1.1,-355.56,-190.98,-0.003,10.26,30.64,0.11,0.0058,1.8618,12.4,37434.2,7.66,95.47,3.847,-0,-0.9998,119.74,120.59,130.09,24.94,Cornering,"Hoosier 43075 16x7.5-10 R20, 7 inch rim",21278
79.29,755.913,-0.32,-359.46,-192.5,0.004,11.11,30.36,0.11,0.0017,1.8673,12.29,37415.26,7.66,95.44,3.88,-0,-0.9998,119.74,120.59,130.11,24.93,Cornering,"Hoosier 43075 16x7.5-10 R20, 7 inch rim",21279
79.31,755.923,0.58,-361.76,-191.96,-0.002,11.23,29.61,0.04,-0.003,1.8846,12.17,96531.27,7.65,95.46,3.926,-0,-0.9999,119.78,120.65,130.21,24.94,Cornering,"Hoosier 43075 16x7.5-10 R20, 7 inch rim",21280
79.3,755.933,1.1,-362.68,-190.75,-0.005,10.62,28.45,0.04,-0.0057,1.9014,12.08,96571.02,7.65,95.44,3.967,-0,-0.9999,119.87,120.7,130.28,24.95,Cornering,"Hoosier 43075 16x7.5-10 R20, 7 inch rim",21281
79.27,755.943,0.78,-362.21,-189.3,-0,10.8,27.04,0.18,-0.0041,1.9134,12.07,23235.06,7.65,95.45,4.023,-0,-0.9997,119.91,120.72,130.25,24.96,Cornering,"Hoosier 43075 16x7.5-10 R20, 7 inch rim",21282
79.29,755.953,0.2,-361.91,-187.27,0.007,9.95,26.43,0.11,-0.001,1.9325,12.12,37484.74,7.65,95.42,4.063,-0,-0.9998,119.97,120.78,130.21,24.98,Cornering,"Hoosier 43075 16x7.5-10 R20, 7 inch rim",21283
79.31,755.963,-1.11,-361.89,-186.33,0.001,10.48,25.84,-0.03,0.006,1.9422,12.21,-166971.83,7.65,95.39,4.089,-0,-1,120.02,120.83,130.19,24.98,Cornering,"Hoosier 43075 16x7.5-10 R20, 7 inch rim",21284
79.28,755.973,-2.55,-363.62,-186.02,0.012,10.35,26.03,0.04,0.0137,1.9548,12.33,96729.31,7.65,95.35,4.135,-0,-0.9999,120.04,120.92,130.3,25,Cornering,"Hoosier 43075 16x7.5-10 R20, 7 inch rim",21285
79.28,755.983,-3.99,-366.4,-186.76,0.007,10.93,25.97,0.04,0.0214,1.9619,12.38,96677.96,7.65,95.3,4.185,-0,-0.9999,120.1,120.92,130.34,24.98,Cornering,"Hoosier 43075 16x7.5-10 R20, 7 inch rim",21286
79.31,755.993,-4.8,-371.25,-188.42,0.016,10.19,26.21,-0.03,0.0255,1.9704,12.38,-167021.12,7.65,95.24,4.215,-0,-1,120.12,120.94,130.44,24.99,Cornering,"Hoosier 43075 16x7.5-10 R20, 7 inch rim",21287
79.3,756.003,-4.94,-375.71,-189.93,-0.006,10.52,26.15,0.04,0.026,1.9782,12.31,96691.34,7.65,95.21,4.254,-0,-0.9999,120.08,120.94,130.52,24.99,Cornering,"Hoosier 43075 16x7.5-10 R20, 7 inch rim",21288
79.27,756.013,-4.12,-380.53,-192.71,-0.007,11.43,26.36,0.18,0.0214,1.9746,12.22,23248.16,7.65,95.18,4.295,-0,-0.9997,120.04,120.92,130.64,24.98,Cornering,"Hoosier 43075 16x7.5-10 R20, 7 inch rim",21289
79.29,756.023,-3.18,-384.76,-194.04,0.01,11.53,26.26,-0.03,0.0164,1.9828,12.1,-167030.88,7.64,95.18,4.341,-0,-1,120.06,120.98,130.7,25,Cornering,"Hoosier 43075 16x7.5-10 R20, 7 inch rim",21290
79.31,756.033,-1.95,-387.22,-194.03,0.003,11.63,25.99,0.04,0.01,1.9957,12.03,96676.37,7.64,95.24,4.366,-0,-0.9999,120.1,121,130.8,24.99,Cornering,"Hoosier 43075 16x7.5-10 R20, 7 inch rim",21291
79.28,756.043,-0.91,-388.3,-193.47,0.001,11.39,25.37,0.11,0.0047,2.007,12.03,37493.1,7.64,95.3,4.41,-0,-0.9998,120.25,121,130.84,25,Cornering,"Hoosier 43075 16x7.5-10 R20, 7 inch rim",21292
79.27,756.053,-0.36,-387.36,-191.58,0.003,11.36,24.65,0.11,0.0019,2.0219,12.13,37455.73,7.64,95.29,4.459,-0,-0.9998,120.34,121.07,130.84,24.97,Cornering,"Hoosier 43075 16x7.5-10 R20, 7 inch rim",21293
79.31,756.063,0.2,-386.27,-189.76,0.006,11.13,25.08,0.11,-0.001,2.0355,12.24,37427.49,7.64,95.28,4.499,-0,-0.9998,120.38,121.05,130.88,24.96,Cornering,"Hoosier 43075 16x7.5-10 R20, 7 inch rim",21294
79.31,756.073,-0.19,-385.65,-187.86,0.01,10.73,25.65,0.11,0.001,2.0528,12.36,37416.46,7.64,95.3,4.542,-0,-0.9998,120.42,121.11,130.84,24.95,Cornering,"Hoosier 43075 16x7.5-10 R20, 7 inch rim",21295
79.28,756.083,-1.26,-386.56,-187.66,0.004,11.27,26.17,0.11,0.0067,2.0599,12.41,37405.66,7.64,95.28,4.58,-0,-0.9998,120.47,121.2,130.88,24.94,Cornering,"Hoosier 43075 16x7.5-10 R20, 7 inch rim",21296
79.29,756.093,-2.33,-388.76,-188.11,0.012,11.54,27.06,0.04,0.0124,2.0667,12.41,96415.87,7.64,95.29,4.626,-0,-0.9999,120.57,121.25,130.96,24.93,Cornering,"Hoosier 43075 16x7.5-10 R20, 7 inch rim",21297
79.31,756.103,-3.24,-392.48,-189.64,0.007,12.01,27.54,0.04,0.0171,2.0696,12.37,96387.27,7.64,95.29,4.669,-0,-0.9999,120.64,121.33,130.98,24.93,Cornering,"Hoosier 43075 16x7.5-10 R20, 7 inch rim",21298
79.29,756.113,-3.11,-397.15,-191.59,0.007,11.66,28.24,0.25,0.0162,2.0729,12.26,16800.48,7.64,95.28,4.708,-0,-0.9995,120.62,121.38,131.04,24.93,Cornering,"Hoosier 43075 16x7.5-10 R20, 7 inch rim",21299
79.28,756.123,-2.95,-402.12,-193.5,0.004,12.05,28.01,0.18,0.0153,2.0782,12.14,23184.79,7.63,95.29,4.736,-0,-0.9997,120.66,121.4,131.1,24.93,Cornering,"Hoosier 43075 16x7.5-10 R20, 7 inch rim",21300
79.31,756.133,-2.23,-406.63,-194.74,0.004,11.61,27.89,0.04,0.0115,2.0881,12.04,96437.14,7.64,95.3,4.788,-0,-0.9999,120.66,121.44,131.14,24.94,Cornering,"Hoosier 43075 16x7.5-10 R20, 7 inch rim",21301
79.31,756.143,-1.45,-409.44,-195.78,0.013,12.38,26.97,0.11,0.0074,2.0913,12.03,37382.92,7.63,95.33,4.829,-0,-0.9998,120.66,121.49,131.22,24.94,Cornering,"Hoosier 43075 16x7.5-10 R20, 7 inch rim",21302
79.28,756.153,-1.12,-410.2,-194.78,0.01,11.83,25.46,0.18,0.0057,2.106,12.08,23185.27,7.63,95.35,4.874,-0,-0.9997,120.72,121.53,131.27,24.94,Cornering,"Hoosier 43075 16x7.5-10 R20, 7 inch rim",21303
79.29,756.163,-0.7,-408.64,-193.2,0.01,11.87,24.48,0.11,0.0036,2.1151,12.18,37395.37,7.63,95.36,4.914,-0,-0.9998,120.79,121.62,131.25,24.95,Cornering,"Hoosier 43075 16x7.5-10 R20, 7 inch rim",21304
79.31,756.173,-0.92,-406.61,-191.05,0.013,11.47,23.6,0.11,0.0048,2.1284,12.3,37436.77,7.63,95.37,4.948,-0,-0.9998,120.81,121.67,131.18,24.98,Cornering,"Hoosier 43075 16x7.5-10 R20, 7 inch rim",21305
79.29,756.183,-0.51,-405.18,-189.68,0.003,11.75,24.36,0.04,0.0027,2.1362,12.36,96630.48,7.63,95.42,4.991,-0,-0.9999,120.77,121.73,131.14,25,Cornering,"Hoosier 43075 16x7.5-10 R20, 7 inch rim",21306
79.27,756.193,-1.46,-405.18,-188.67,0.004,11.84,24.81,-0.03,0.0077,2.1476,12.38,-167013.31,7.63,95.39,5.028,-0,-1,120.79,121.82,131.18,25.02,Cornering,"Hoosier 43075 16x7.5-10 R20, 7 inch rim",21307
79.3,756.203,-2.96,-407.06,-189.21,0.01,12.74,25.19,0.04,0.0156,2.1513,12.3,96686.56,7.63,95.37,5.063,-0,-0.9999,120.85,121.93,131.22,25.02,Cornering,"Hoosier 43075 16x7.5-10 R20, 7 inch rim",21308
79.31,756.213,-3.97,-410.61,-189.94,-0.002,12.44,25.62,0.18,0.0209,2.1618,12.2,23241.33,7.63,95.36,5.106,-0,-0.9997,120.96,122.04,131.27,25.01,Cornering,"Hoosier 43075 16x7.5-10 R20, 7 inch rim",21309
79.28,756.223,-4.27,-415.28,-191.77,0.001,12.73,26.15,0.04,0.0223,2.1656,12.11,96538.64,7.63,95.3,5.149,-0,-0.9999,120.98,122.04,131.29,24.98,Cornering,"Hoosier 43075 16x7.5-10 R20, 7 inch rim",21310
79.28,756.233,-3.69,-420.11,-193.5,0.004,12.43,26.75,0.25,0.0191,2.1711,12.06,16822.98,7.63,95.29,5.183,-0,-0.9995,121.05,122.08,131.35,24.98,Cornering,"Hoosier 43075 16x7.5-10 R20, 7 inch rim",21311
79.31,756.243,-2.69,-424.95,-195.37,0.013,12.68,27.05,0.11,0.0138,2.1751,12.08,37445.83,7.62,95.27,5.227,-0,-0.9998,121.02,122.06,131.39,25,Cornering,"Hoosier 43075 16x7.5-10 R20, 7 inch rim",21312
79.29,756.253,-1.73,-428.03,-195.87,0.003,12.36,26.4,0.11,0.0088,2.1853,12.17,37443.77,7.63,95.26,5.26,-0,-0.9998,121.02,122.11,131.49,25,Cornering,"Hoosier 43075 16x7.5-10 R20, 7 inch rim",21313
79.27,756.263,-0.56,-428.97,-195.42,0.006,11.97,25.72,0.11,0.0029,2.1951,12.28,37492.79,7.62,95.26,5.309,-0,-0.9998,121,122.15,131.55,25.03,Cornering,"Hoosier 43075 16x7.5-10 R20, 7 inch rim",21314
79.29,756.273,0.23,-426.93,-194.06,0.004,12.32,24.81,0.11,-0.0012,2.2,12.39,37499.64,7.62,95.25,5.338,-0,-0.9998,121.09,122.24,131.49,25.04,Cornering,"Hoosier 43075 16x7.5-10 R20, 7 inch rim",21315
79.31,756.283,0.79,-424.12,-192.13,0.004,12.48,24.26,0.11,-0.0041,2.2075,12.44,37505.39,7.62,95.26,5.384,-0,-0.9998,121.22,122.28,131.49,25.04,Cornering,"Hoosier 43075 16x7.5-10 R20, 7 inch rim",21316
79.28,756.293,0.89,-421.76,-190.23,-0.005,12.55,24.44,0.11,-0.0047,2.2171,12.43,37459.77,7.63,95.27,5.418,-0,-0.9998,121.17,122.33,131.47,25.01,Cornering,"Hoosier 43075 16x7.5-10 R20, 7 inch rim",21317
79.28,756.303,0.08,-421.01,-189.2,0.009,13.06,25.07,0.11,-0.0004,2.2252,12.36,37447.93,7.62,95.28,5.467,-0,-0.9998,121.24,122.44,131.43,25.01,Cornering,"Hoosier 43075 16x7.5-10 R20, 7 inch rim",21318
79.3,756.313,-1.17,-422.22,-189.38,-0.003,13.91,25.52,-0.03,0.0062,2.2295,12.22,-166764.38,7.62,95.29,5.502,-0,-1,121.39,122.52,131.49,25,Cornering,"Hoosier 43075 16x7.5-10 R20, 7 inch rim",21319
79.3,756.323,-2.47,-425.35,-190.06,0.007,14.07,25.97,0.11,0.013,2.2379,12.11,37408.51,7.62,95.32,5.538,-0,-0.9998,121.43,122.61,131.55,24.98,Cornering,"Hoosier 43075 16x7.5-10 R20, 7 inch rim",21320
79.27,756.333,-3.06,-429.86,-191.44,0.003,13.66,26.41,0.18,0.016,2.2454,11.98,23195.42,7.62,95.33,5.585,-0,-0.9997,121.5,122.68,131.59,24.98,Cornering,"Hoosier 43075 16x7.5-10 R20, 7 inch rim",21321
79.29,756.343,-2.92,-434.83,-193.01,-0.002,12.92,26.79,0.04,0.0151,2.2529,11.97,96371.82,7.62,95.36,5.616,-0,-0.9999,121.58,122.72,131.67,24.96,Cornering,"Hoosier 43075 16x7.5-10 R20, 7 inch rim",21322
79.31,756.353,-2.42,-439.66,-194.84,0.001,13.16,26.75,0.11,0.0124,2.2566,12,37356.63,7.62,95.39,5.666,-0,-0.9998,121.56,122.79,131.71,24.96,Cornering,"Hoosier 43075 16x7.5-10 R20, 7 inch rim",21323
79.28,756.363,-1.7,-443.08,-196.02,0.007,13.44,26.02,0.11,0.0087,2.2604,12.08,37337.44,7.62,95.41,5.693,-0,-0.9998,121.58,122.83,131.79,24.94,Cornering,"Hoosier 43075 16x7.5-10 R20, 7 inch rim",21324
79.27,756.373,-1.08,-444.48,-196.14,0.007,13.38,24.59,0.11,0.0055,2.2661,12.19,37350.99,7.62,95.41,5.749,-0,-0.9998,121.69,122.85,131.81,24.96,Cornering,"Hoosier 43075 16x7.5-10 R20, 7 inch rim",21325
79.3,756.383,-0.22,-442.76,-194.7,0.009,13.08,23.49,0.11,0.0011,2.2741,12.29,37340.16,7.62,95.41,5.78,-0,-0.9998,121.8,122.92,131.79,24.95,Cornering,"Hoosier 43075 16x7.5-10 R20, 7 inch rim",21326
79.3,756.393,-0.09,-439.96,-193.06,0.01,12.92,22.13,-0.03,0.0005,2.2789,12.31,-166203.91,7.62,95.41,5.825,-0,-1,121.95,123.01,131.73,24.93,Cornering,"Hoosier 43075 16x7.5-10 R20, 7 inch rim",21327
79.27,756.403,0.01,-437.13,-191.22,0.001,13.26,21.98,0.18,-0.0001,2.2861,12.27,23140.53,7.62,95.41,5.866,-0,-0.9997,121.93,123.01,131.63,24.93,Cornering,"Hoosier 43075 16x7.5-10 R20, 7 inch rim",21328
79.28,756.413,-0.76,-435.92,-190.02,0.019,13.39,22.2,0.04,0.004,2.2941,12.17,96231.3,7.61,95.44,5.905,-0,-0.9999,122.03,123.07,131.65,24.94,Cornering,"Hoosier 43075 16x7.5-10 R20, 7 inch rim",21329
79.31,756.423,-1.96,-436.52,-190.08,0.01,14.63,22.78,0.18,0.0103,2.2965,12.08,23169.82,7.61,95.49,5.935,-0,-0.9997,122.12,123.16,131.67,24.97,Cornering,"Hoosier 43075 16x7.5-10 R20, 7 inch rim",21330
79.28,756.433,-3.49,-439.02,-190.46,0.019,14.91,23.28,0.18,0.0183,2.3051,12.01,23194.57,7.61,95.52,5.984,-0,-0.9997,122.31,123.32,131.69,25,Cornering,"Hoosier 43075 16x7.5-10 R20, 7 inch rim",21331
79.28,756.443,-4.02,-442.89,-191.7,0.009,14.68,23.81,-0.03,0.021,2.3103,12.01,-166568.31,7.61,95.56,6.018,-0,-1,122.42,123.4,131.71,25,Cornering,"Hoosier 43075 16x7.5-10 R20, 7 inch rim",21332
79.3,756.453,-4.11,-447.25,-193.63,0.006,14.62,24.24,0.18,0.0212,2.3097,12.08,23185.57,7.61,95.57,6.065,-0,-0.9997,122.55,123.47,131.77,24.99,Cornering,"Hoosier 43075 16x7.5-10 R20, 7 inch rim",21333
79.31,756.463,-3.09,-452.06,-195.38,0.001,14.16,24.7,0.25,0.0158,2.3138,12.21,16795.04,7.61,95.56,6.108,-0,-0.9995,122.59,123.47,131.75,24.98,Cornering,"Hoosier 43075 16x7.5-10 R20, 7 inch rim",21334
79.27,756.473,-2.18,-455.8,-196.79,0.003,13.81,24.3,0.11,0.0111,2.3161,12.33,37331.78,7.61,95.56,6.144,-0,-0.9998,122.63,123.54,131.79,24.96,Cornering,"Hoosier 43075 16x7.5-10 R20, 7 inch rim",21335
79.28,756.483,-1.01,-457.04,-197.13,0.006,13.99,23.62,0.11,0.0051,2.3184,12.39,37345.66,7.61,95.57,6.191,-0,-0.9998,122.63,123.62,131.87,24.97,Cornering,"Hoosier 43075 16x7.5-10 R20, 7 inch rim",21336
79.31,756.493,-0.17,-456.11,-196.28,0.007,13.69,22.31,0.04,0.0009,2.3237,12.41,96350.4,7.61,95.58,6.227,-0,-0.9999,122.74,123.73,131.89,24.98,Cornering,"Hoosier 43075 16x7.5-10 R20, 7 inch rim",21337
79.29,756.503,0.48,-452.82,-194.32,0.001,13.47,21.44,0.04,-0.0025,2.3303,12.37,96409.79,7.61,95.57,6.267,-0,-0.9999,122.83,123.8,131.85,25,Cornering,"Hoosier 43075 16x7.5-10 R20, 7 inch rim",21338
79.27,756.513,0.83,-449.53,-192.55,-0.006,13.98,21.14,0.18,-0.0043,2.3347,12.24,23185.78,7.61,95.56,6.297,-0,-0.9997,122.85,123.84,131.79,25,Cornering,"Hoosier 43075 16x7.5-10 R20, 7 inch rim",21339
79.29,756.523,0.49,-447.69,-191.25,0.009,14.31,21.54,0.11,-0.0026,2.3409,12.11,37378.04,7.61,95.6,6.339,-0,-0.9998,122.83,123.91,131.77,25,Cornering,"Hoosier 43075 16x7.5-10 R20, 7 inch rim",21340
79.31,756.533,-0.68,-447.67,-190.11,0.001,14.66,22.01,0.04,0.0036,2.3548,12,96297.7,7.61,95.59,6.384,-0,-0.9999,122.91,124.04,131.75,24.98,Cornering,"Hoosier 43075 16x7.5-10 R20, 7 inch rim",21341
79.28,756.543,-2.37,-449.37,-190.32,0.001,15.28,22.33,0.11,0.0125,2.3612,11.97,37311.43,7.61,95.58,6.417,-0,-0.9998,123.04,124.22,131.77,24.96,Cornering,"Hoosier 43075 16x7.5-10 R20, 7 inch rim",21342
79.28,756.553,-3.31,-453.42,-192.06,0.001,15.47,22.92,0.18,0.0173,2.3608,12.02,23145.74,7.61,95.59,6.463,-0,-0.9997,123.21,124.33,131.85,24.97,Cornering,"Hoosier 43075 16x7.5-10 R20, 7 inch rim",21343
79.31,756.563,-3.91,-457.2,-193.69,0.022,15.61,23.14,0.04,0.0202,2.3605,12.13,96207.86,7.6,95.58,6.5,-0,-0.9999,123.3,124.42,131.91,24.96,Cornering,"Hoosier 43075 16x7.5-10 R20, 7 inch rim",21344
79.29,756.573,-3.1,-462.46,-194.89,0.007,14.12,23.61,0.18,0.0159,2.3729,12.24,23136.2,7.6,95.56,6.551,-0,-0.9997,123.34,124.5,131.97,24.96,Cornering,"Hoosier 43075 16x7.5-10 R20, 7 inch rim",21345
79.28,756.583,-2.51,-466.65,-196.42,-0.002,13.37,22.9,0.11,0.0128,2.3758,12.35,37316.43,7.61,95.52,6.578,-0,-0.9998,123.45,124.55,132.09,24.97,Cornering,"Hoosier 43075 16x7.5-10 R20, 7 inch rim",21346
79.29,756.593,-1.34,-468.05,-197.04,-0,13.81,22.21,0.18,0.0068,2.3753,12.4,23143.56,7.6,95.5,6.621,-0,-0.9997,123.53,124.66,132.11,24.97,Cornering,"Hoosier 43075 16x7.5-10 R20, 7 inch rim",21347
79.31,756.603,-0.46,-467.27,-197.36,0.003,14.27,20.82,0.11,0.0023,2.3676,12.37,37318.03,7.6,95.47,6.668,-0,-0.9998,123.62,124.77,132.17,24.98,Cornering,"Hoosier 43075 16x7.5-10 R20, 7 inch rim",21348
79.28,756.613,0.13,-464.17,-195.37,0.009,13.66,19.56,0.25,-0.0007,2.3759,12.3,16778.67,7.6,95.48,6.702,-0,-0.9995,123.68,124.83,132.17,24.98,Cornering,"Hoosier 43075 16x7.5-10 R20, 7 inch rim",21349
79.28,756.623,0.2,-459.95,-194.13,0.006,15.46,18.9,0.04,-0.001,2.3692,12.2,96270.08,7.6,95.5,6.745,-0,-0.9999,123.79,124.92,132.03,24.99,Cornering,"Hoosier 43075 16x7.5-10 R20, 7 inch rim",21350
79.31,756.633,0.12,-457.77,-192.59,0.009,15.84,19.08,0.25,-0.0006,2.3769,12.11,16767.86,7.6,95.5,6.787,-0,-0.9995,123.88,124.99,131.91,24.97,Cornering,"Hoosier 43075 16x7.5-10 R20, 7 inch rim",21351
79.3,756.643,-0.62,-457.6,-191.04,0.006,15.82,19.77,0.18,0.0033,2.3954,12.09,23128.24,7.6,95.48,6.823,-0,-0.9997,124.01,125.08,131.77,24.97,Cornering,"Hoosier 43075 16x7.5-10 R20, 7 inch rim",21352
79.27,756.653,-1.93,-459.45,-191.36,0.003,16.6,20.16,0.11,0.0101,2.401,12.14,37302.11,7.6,95.46,6.867,-0,-0.9998,124.13,125.27,131.73,24.98,Cornering,"Hoosier 43075 16x7.5-10 R20, 7 inch rim",21353
79.29,756.663,-3.25,-463.02,-191.62,-0.005,15.84,20.32,0.11,0.017,2.4164,12.25,37316.51,7.6,95.45,6.903,-0,-0.9998,124.37,125.43,131.73,24.99,Cornering,"Hoosier 43075 16x7.5-10 R20, 7 inch rim",21354
79.31,756.673,-3.93,-467.26,-193.53,0.012,15.78,20.51,0.18,0.0203,2.4144,12.36,23154.02,7.6,95.44,6.95,-0,-0.9997,124.56,125.58,131.75,25,Cornering,"Hoosier 43075 16x7.5-10 R20, 7 inch rim",21355
79.28,756.683,-3.92,-471.92,-194.84,0.007,14.77,20.65,0.18,0.0201,2.4221,12.42,23136.31,7.6,95.46,6.982,-0,-0.9997,124.65,125.67,131.83,24.98,Cornering,"Hoosier 43075 16x7.5-10 R20, 7 inch rim",21356
79.28,756.693,-2.87,-475.97,-196.91,0.01,14.71,21.02,0.11,0.0146,2.4172,12.41,37263.24,7.6,95.46,7.024,-0,-0.9998,124.56,125.76,131.93,24.96,Cornering,"Hoosier 43075 16x7.5-10 R20, 7 inch rim",21357
79.3,756.703,-1.79,-478.46,-197.81,0.01,14.47,20.64,0.18,0.009,2.4187,12.35,23088.67,7.59,95.46,7.073,-0,-0.9997,124.61,125.87,132.01,24.94,Cornering,"Hoosier 43075 16x7.5-10 R20, 7 inch rim",21358
79.3,756.713,-1.16,-477.82,-197.91,0.007,15.53,19.39,0.11,0.0059,2.4143,12.23,37196.36,7.59,95.41,7.1,-0,-0.9998,124.74,125.91,132.13,24.92,Cornering,"Hoosier 43075 16x7.5-10 R20, 7 inch rim",21359
79.28,756.723,-0.39,-474.7,-196.25,0.004,14.79,18.44,0.18,0.002,2.4189,12.09,23079.29,7.6,95.39,7.15,-0,-0.9997,124.86,126.07,132.13,24.93,Cornering,"Hoosier 43075 16x7.5-10 R20, 7 inch rim",21360
79.28,756.733,-0.16,-470.36,-195.14,0.012,15.68,17.63,-0.03,0.0008,2.4104,12.04,-166005.88,7.59,95.39,7.191,-0,-1,124.93,126.13,132.09,24.97,Cornering,"Hoosier 43075 16x7.5-10 R20, 7 inch rim",21361
79.31,756.743,0.05,-467.4,-192.78,0.013,15.31,18.07,0.18,-0.0002,2.4245,12.02,23139.75,7.59,95.38,7.225,-0,-0.9997,124.97,126.18,131.99,25,Cornering,"Hoosier 43075 16x7.5-10 R20, 7 inch rim",21362
79.28,756.753,-0.41,-466.29,-191.47,0.009,16.02,18.48,0.11,0.0021,2.4354,12.08,37320.94,7.59,95.35,7.264,-0,-0.9998,125.06,126.22,131.95,25.01,Cornering,"Hoosier 43075 16x7.5-10 R20, 7 inch rim",21363
79.27,756.763,-1.41,-468.15,-191.14,0.006,16.22,19.14,0.04,0.0074,2.4493,12.19,96284.14,7.59,95.32,7.305,-0,-0.9999,125.25,126.44,131.99,25.03,Cornering,"Hoosier 43075 16x7.5-10 R20, 7 inch rim",21364
79.3,756.773,-2.61,-471.41,-192.05,0.003,16.46,19.56,0.11,0.0136,2.4546,12.32,37304.39,7.59,95.29,7.355,-0,-0.9998,125.51,126.64,132.03,25.01,Cornering,"Hoosier 43075 16x7.5-10 R20, 7 inch rim",21365
79.31,756.783,-3.42,-475.31,-193.41,0.007,16.15,19.77,0.18,0.0177,2.4575,12.41,23109.66,7.59,95.27,7.387,-0,-0.9997,125.68,126.88,132.09,24.98,Cornering,"Hoosier 43075 16x7.5-10 R20, 7 inch rim",21366
79.28,756.793,-3.25,-479.81,-194.42,-0,14.83,20.03,0.11,0.0167,2.4679,12.44,37255.3,7.59,95.28,7.423,-0,-0.9998,125.77,126.97,132.15,24.98,Cornering,"Hoosier 43075 16x7.5-10 R20, 7 inch rim",21367
79.28,756.803,-2.67,-483.88,-196.4,0.007,14.48,20.01,0.11,0.0136,2.4638,12.39,37226.36,7.59,95.28,7.457,-0,-0.9998,125.89,127.1,132.22,24.96,Cornering,"Hoosier 43075 16x7.5-10 R20, 7 inch rim",21368
79.31,756.813,-1.84,-486.52,-197.92,0.007,14.75,19.47,0.18,0.0093,2.4582,12.29,23082.06,7.59,95.26,7.5,-0,-0.9997,125.98,127.19,132.3,24.96,Cornering,"Hoosier 43075 16x7.5-10 R20, 7 inch rim",21369
79.29,756.823,-0.9,-486.19,-198.13,0.001,14.93,18.48,0.18,0.0046,2.4539,12.16,23068.51,7.59,95.26,7.551,-0,-0.9997,126.04,127.3,132.38,24.94,Cornering,"Hoosier 43075 16x7.5-10 R20, 7 inch rim",21370
79.26,756.833,-0.77,-483.09,-197.91,0.01,15.93,16.82,0.11,0.0039,2.441,12.03,37206.57,7.59,95.26,7.583,-0,-0.9998,126.15,127.39,132.34,24.96,Cornering,"Hoosier 43075 16x7.5-10 R20, 7 inch rim",21371
79.29,756.843,-0.46,-478.72,-196.43,0.004,16.33,15.97,0.11,0.0023,2.4372,11.96,37211.12,7.59,95.29,7.629,-0,-0.9998,126.32,127.45,132.32,24.96,Cornering,"Hoosier 43075 16x7.5-10 R20, 7 inch rim",21372
79.31,756.853,-0.12,-475.31,-194.62,0.01,16.72,16.35,0.11,0.0006,2.4422,11.97,37199,7.59,95.32,7.667,-0,-0.9998,126.34,127.52,132.26,24.96,Cornering,"Hoosier 43075 16x7.5-10 R20, 7 inch rim",21373
79.28,756.863,-0.49,-473.89,-193.06,0.006,17.06,16.78,0.04,0.0025,2.4547,12.06,96016.06,7.59,95.32,7.699,-0,-0.9999,126.43,127.61,132.15,24.98,Cornering,"Hoosier 43075 16x7.5-10 R20, 7 inch rim",21374
79.28,756.873,-1.4,-475.45,-192.05,0.007,16.54,17.46,0.11,0.0073,2.4756,12.17,37234.94,7.59,95.31,7.748,-0,-0.9998,126.6,127.87,132.11,24.98,Cornering,"Hoosier 43075 16x7.5-10 R20, 7 inch rim",21375
79.31,756.883,-2.81,-478.4,-192.31,0.007,16.55,17.64,0.11,0.0146,2.4877,12.29,37223.29,7.59,95.31,7.78,-0,-0.9998,126.8,128.11,132.09,24.98,Cornering,"Hoosier 43075 16x7.5-10 R20, 7 inch rim",21376
79.3,756.893,-3.6,-482.13,-192.98,0.003,15.8,18.03,0.11,0.0187,2.4983,12.36,37219.22,7.59,95.31,7.825,-0,-0.9998,127.12,128.36,132.17,24.98,Cornering,"Hoosier 43075 16x7.5-10 R20, 7 inch rim",21377
79.27,756.903,-3.66,-486.18,-194.9,0.001,15.28,18.37,0.11,0.0188,2.4945,12.36,37232.93,7.59,95.33,7.864,-0,-0.9998,127.35,128.6,132.22,24.99,Cornering,"Hoosier 43075 16x7.5-10 R20, 7 inch rim",21378
79.3,756.913,-3.18,-489.77,-196.55,0.006,15.04,18.31,0.04,0.0162,2.4918,12.33,96056.71,7.58,95.34,7.904,-0,-0.9999,127.4,128.62,132.32,25,Cornering,"Hoosier 43075 16x7.5-10 R20, 7 inch rim",21379
79.31,756.923,-2.1,-492.56,-198.12,0.003,14.82,18.23,0.18,0.0106,2.4861,12.23,23100.26,7.58,95.34,7.938,-0,-0.9997,127.55,128.75,132.4,25,Cornering,"Hoosier 43075 16x7.5-10 R20, 7 inch rim",21380
79.28,756.933,-1.17,-492.73,-199.02,0.01,15.4,17.29,0.18,0.0059,2.4758,12.12,23102.87,7.58,95.34,7.985,-0,-0.9997,127.65,128.86,132.46,25.01,Cornering,"Hoosier 43075 16x7.5-10 R20, 7 inch rim",21381
79.27,756.943,-0.2,-490.08,-199.08,0.007,16.03,16.39,0.11,0.001,2.4618,12.08,37209.05,7.58,95.36,8.027,-0,-0.9998,127.72,128.95,132.5,24.98,Cornering,"Hoosier 43075 16x7.5-10 R20, 7 inch rim",21382
79.31,756.953,0.43,-485.42,-197.77,0.014,16.48,15.55,0.11,-0.0022,2.4545,12.08,37162.79,7.58,95.38,8.06,-0,-0.9998,127.8,129.15,132.48,24.96,Cornering,"Hoosier 43075 16x7.5-10 R20, 7 inch rim",21383
79.3,756.963,0.28,-481.5,-196.13,0.001,16.8,14.58,0.11,-0.0014,2.455,12.15,37159.39,7.58,95.34,8.095,-0,-0.9998,127.95,129.24,132.34,24.96,Cornering,"Hoosier 43075 16x7.5-10 R20, 7 inch rim",21384
79.27,756.973,0.34,-479.48,-194.41,0.006,17.06,15.23,0.04,-0.0018,2.4663,12.28,95819.45,7.58,95.36,8.147,-0,-0.9999,128.04,129.35,132.22,24.96,Cornering,"Hoosier 43075 16x7.5-10 R20, 7 inch rim",21385
79.29,756.983,-0.6,-480.4,-192.93,0.001,16.44,15.67,0.18,0.0031,2.4901,12.36,23064.21,7.58,95.29,8.187,-0,-0.9997,128.23,129.55,132.19,24.98,Cornering,"Hoosier 43075 16x7.5-10 R20, 7 inch rim",21386
79.31,756.993,-1.53,-483.06,-192.66,0.009,16.08,16.49,0.04,0.0079,2.5073,12.38,95934.17,7.58,95.29,8.223,-0,-0.9999,128.45,129.81,132.22,24.99,Cornering,"Hoosier 43075 16x7.5-10 R20, 7 inch rim",21387
79.28,757.003,-2.54,-486.31,-193.55,-0,16.19,16.92,0.11,0.0131,2.5126,12.35,37177.42,7.58,95.24,8.267,-0,-0.9998,128.73,130.12,132.26,24.98,Cornering,"Hoosier 43075 16x7.5-10 R20, 7 inch rim",21388
79.28,757.013,-3.57,-489.61,-195.8,0.013,16.33,16.59,0.11,0.0182,2.5005,12.29,37156.27,7.58,95.24,8.307,-0,-0.9998,129.05,130.32,132.32,24.97,Cornering,"Hoosier 43075 16x7.5-10 R20, 7 inch rim",21389
79.31,757.023,-3.23,-493.01,-197.26,0.001,15.6,16.86,0.18,0.0164,2.4993,12.17,23016.95,7.58,95.28,8.35,-0,-0.9997,129.22,130.43,132.42,24.94,Cornering,"Hoosier 43075 16x7.5-10 R20, 7 inch rim",21390
79.3,757.033,-2.71,-495.5,-199.47,0.001,16.34,16.36,0.04,0.0136,2.484,12.05,95585.4,7.58,95.34,8.372,-0,-0.9999,129.33,130.45,132.46,24.91,Cornering,"Hoosier 43075 16x7.5-10 R20, 7 inch rim",21391
79.28,757.043,-1.93,-496.13,-199.74,0.001,15.56,15.57,0.04,0.0097,2.4838,12.03,95571.62,7.58,95.37,8.426,-0,-0.9999,129.46,130.56,132.6,24.91,Cornering,"Hoosier 43075 16x7.5-10 R20, 7 inch rim",21392
79.3,757.053,-1.02,-493.96,-200.94,0.006,17.05,14.59,0.11,0.0051,2.4582,12.07,37080.43,7.58,95.39,8.465,-0,-0.9998,129.56,130.65,132.6,24.93,Cornering,"Hoosier 43075 16x7.5-10 R20, 7 inch rim",21393
79.32,757.063,-0.7,-489.6,-199.55,0.004,17.16,13.44,0.25,0.0035,2.4535,12.14,16663.84,7.58,95.44,8.498,-0,-0.9995,129.78,130.78,132.56,24.92,Cornering,"Hoosier 43075 16x7.5-10 R20, 7 inch rim",21394
79.3,757.073,-0.51,-485.55,-197.97,0.003,16.96,12.69,0.11,0.0026,2.4526,12.3,37072.74,7.58,95.45,8.542,-0,-0.9998,129.95,130.98,132.48,24.93,Cornering,"Hoosier 43075 16x7.5-10 R20, 7 inch rim",21395
79.28,757.083,-0.5,-483.21,-196.27,0.003,17.28,12.88,0.18,0.0026,2.4619,12.43,22992.44,7.58,95.49,8.575,-0,-0.9997,130.08,131.04,132.42,24.93,Cornering,"Hoosier 43075 16x7.5-10 R20, 7 inch rim",21396
79.31,757.093,-0.67,-483.37,-194.73,0.01,17.35,13.73,0.04,0.0035,2.4823,12.5,95608.64,7.58,95.53,8.628,-0,-0.9999,130.23,131.2,132.36,24.93,Cornering,"Hoosier 43075 16x7.5-10 R20, 7 inch rim",21397
79.32,757.103,-1.67,-485.69,-194.15,0.006,17.29,14.39,0.04,0.0086,2.5016,12.51,95665.98,7.58,95.56,8.664,-0,-0.9999,130.51,131.48,132.34,24.95,Cornering,"Hoosier 43075 16x7.5-10 R20, 7 inch rim",21398
79.29,757.113,-2.83,-489.11,-194.26,0.007,16.84,14.73,0.18,0.0146,2.5178,12.47,23027.04,7.58,95.6,8.705,-0,-0.9997,130.83,131.81,132.4,24.97,Cornering,"Hoosier 43075 16x7.5-10 R20, 7 inch rim",21399
79.31,757.123,-3.81,-491.91,-195.54,0.006,16.88,14.77,0.18,0.0195,2.5156,12.35,23025.31,7.57,95.62,8.733,-0,-0.9997,131.09,132.1,132.46,24.97,Cornering,"Hoosier 43075 16x7.5-10 R20, 7 inch rim",21400
79.33,757.133,-3.6,-494.88,-197.04,0.007,16.05,15.16,0.18,0.0183,2.5116,12.21,23022.4,7.57,95.63,8.778,-0,-0.9997,131.3,132.19,132.54,24.97,Cornering,"Hoosier 43075 16x7.5-10 R20, 7 inch rim",21401
79.32,757.143,-2.87,-497.68,-198.76,0.003,15.87,15.21,0.11,0.0145,2.504,12.08,37088.07,7.58,95.63,8.816,-0,-0.9998,131.47,132.25,132.64,24.96,Cornering,"Hoosier 43075 16x7.5-10 R20, 7 inch rim",21402
79.3,757.153,-2.12,-498.62,-200.1,0.007,16.21,14.55,0.04,0.0106,2.4918,12,95634.83,7.57,95.62,8.866,-0,-0.9999,131.64,132.38,132.72,24.96,Cornering,"Hoosier 43075 16x7.5-10 R20, 7 inch rim",21403
79.33,757.163,-1.02,-497.37,-200.71,0.003,16.42,13.89,0.11,0.0051,2.478,12.03,37071.01,7.57,95.64,8.897,-0,-0.9998,131.75,132.49,132.8,24.95,Cornering,"Hoosier 43075 16x7.5-10 R20, 7 inch rim",21404
79.35,757.173,-0.44,-493.64,-200.78,0.007,17.49,12.62,0.11,0.0022,2.4586,12.1,37083.45,7.57,95.69,8.943,-0,-0.9998,132.01,132.6,132.78,24.96,Cornering,"Hoosier 43075 16x7.5-10 R20, 7 inch rim",21405
79.31,757.183,-0.03,-489.29,-199.7,0.01,18.15,11.82,0.11,0.0001,2.4501,12.21,37088.77,7.57,95.69,8.975,-0,-0.9998,132.16,132.67,132.7,24.97,Cornering,"Hoosier 43075 16x7.5-10 R20, 7 inch rim",21406
79.31,757.193,0.19,-486.49,-197.88,0.012,17.84,11.95,0.11,-0.001,2.4585,12.33,37065.52,7.57,95.71,9.032,-0,-0.9998,132.37,132.76,132.6,24.96,Cornering,"Hoosier 43075 16x7.5-10 R20, 7 inch rim",21407
79.35,757.203,-0.08,-485.68,-196.02,0.003,17.86,12.38,0.04,0.0004,2.4777,12.36,95582.21,7.57,95.73,9.061,-0,-0.9999,132.55,132.82,132.46,24.96,Cornering,"Hoosier 43075 16x7.5-10 R20, 7 inch rim",21408
79.33,757.213,-1.01,-487.39,-194.93,0.004,17.44,12.86,0.18,0.0052,2.5004,12.34,22974.81,7.57,95.72,9.101,-0,-0.9997,132.76,133.05,132.4,24.94,Cornering,"Hoosier 43075 16x7.5-10 R20, 7 inch rim",21409
79.31,757.223,-2.62,-490.05,-195.01,0.012,17.32,13.02,0.18,0.0134,2.5129,12.26,22982.65,7.57,95.69,9.144,-0,-0.9997,133.04,133.29,132.4,24.96,Cornering,"Hoosier 43075 16x7.5-10 R20, 7 inch rim",21410
79.33,757.233,-3.67,-492.36,-195.9,-0.002,17.26,13.2,0.04,0.0187,2.5134,12.16,95635.56,7.58,95.67,9.189,-0,-0.9999,133.27,133.53,132.46,24.98,Cornering,"Hoosier 43075 16x7.5-10 R20, 7 inch rim",21411
79.35,757.243,-4.46,-494.86,-197.55,0.001,17.04,12.97,0.04,0.0226,2.505,12.03,95669.6,7.57,95.67,9.227,-0,-0.9999,133.51,133.73,132.54,24.99,Cornering,"Hoosier 43075 16x7.5-10 R20, 7 inch rim",21412
79.33,757.253,-3.93,-497.67,-199.39,-0.002,16.41,13.3,0.11,0.0197,2.496,11.97,37092.51,7.57,95.67,9.262,-0,-0.9998,133.55,133.79,132.68,24.99,Cornering,"Hoosier 43075 16x7.5-10 R20, 7 inch rim",21413
79.32,757.263,-2.78,-499.24,-200.71,0.003,16.24,13.25,0.04,0.0139,2.4873,11.97,95669.38,7.57,95.69,9.307,-0,-0.9999,133.66,133.88,132.76,25,Cornering,"Hoosier 43075 16x7.5-10 R20, 7 inch rim",21414
79.35,757.273,-1.57,-498.75,-201.25,-0.009,16.58,12.59,0.11,0.0078,2.4782,12.04,37057.68,7.57,95.71,9.345,-0,-0.9998,133.77,134.04,132.82,24.97,Cornering,"Hoosier 43075 16x7.5-10 R20, 7 inch rim",21415
79.35,757.283,-0.61,-495.97,-201.68,0.006,17.28,11.76,0.18,0.003,2.4592,12.17,22982.32,7.57,95.72,9.387,-0,-0.9997,133.94,134.21,132.84,24.97,Cornering,"Hoosier 43075 16x7.5-10 R20, 7 inch rim",21416
79.32,757.293,0.33,-491.77,-200.53,0.003,17.12,11.15,0.11,-0.0017,2.4523,12.3,37022.93,7.57,95.79,9.427,-0,-0.9998,134.2,134.41,132.8,24.96,Cornering,"Hoosier 43075 16x7.5-10 R20, 7 inch rim",21417
79.35,757.303,0.33,-488.17,-199.16,-0.007,17.76,10.65,-0.03,-0.0017,2.4511,12.37,-164902.05,7.57,95.79,9.464,-0,-1,134.37,134.52,132.66,24.96,Cornering,"Hoosier 43075 16x7.5-10 R20, 7 inch rim",21418
79.36,757.313,0.01,-486.94,-197.61,0.007,17.77,10.74,0.11,-0,2.4642,12.37,36996.4,7.57,95.85,9.512,-0,-0.9998,134.5,134.54,132.6,24.94,Cornering,"Hoosier 43075 16x7.5-10 R20, 7 inch rim",21419
79.35,757.323,-0.49,-487.86,-195.91,-0,17.09,11.37,0.11,0.0025,2.4902,12.33,36992.91,7.57,95.85,9.543,-0,-0.9998,134.76,134.81,132.52,24.94,Cornering,"Hoosier 43075 16x7.5-10 R20, 7 inch rim",21420
79.33,757.333,-1.83,-489.56,-195.78,0.001,17.56,11.55,0.11,0.0094,2.5006,12.22,36970.61,7.57,95.85,9.589,-0,-0.9998,135.06,135.07,132.52,24.93,Cornering,"Hoosier 43075 16x7.5-10 R20, 7 inch rim",21421
79.37,757.343,-3.07,-491.76,-196.22,0.012,17.23,11.79,0.18,0.0157,2.5062,12.09,22934.28,7.57,95.82,9.62,-0,-0.9997,135.23,135.44,132.6,24.94,Cornering,"Hoosier 43075 16x7.5-10 R20, 7 inch rim",21422
79.36,757.353,-3.62,-493.95,-197.93,0.012,16.92,12.01,-0.03,0.0183,2.4956,11.97,-164691.92,7.57,95.79,9.656,-0,-1,135.55,135.66,132.74,24.94,Cornering,"Hoosier 43075 16x7.5-10 R20, 7 inch rim",21423
79.34,757.363,-3.82,-495.97,-198.83,0.003,15.85,11.74,0.11,0.0192,2.4945,11.91,36983.67,7.57,95.76,9.702,-0,-0.9998,135.72,135.77,132.84,24.95,Cornering,"Hoosier 43075 16x7.5-10 R20, 7 inch rim",21424
79.34,757.373,-2.86,-498,-200.99,0.006,16.48,11.97,0.04,0.0142,2.4777,11.95,95367.65,7.57,95.73,9.741,-0,-0.9999,135.87,135.84,132.96,24.95,Cornering,"Hoosier 43075 16x7.5-10 R20, 7 inch rim",21425
79.37,757.383,-2.23,-498.63,-201.94,0.01,16.3,11.06,0.11,0.0111,2.4692,12.03,36982.34,7.57,95.72,9.789,-0,-0.9998,136.06,135.97,133.06,24.96,Cornering,"Hoosier 43075 16x7.5-10 R20, 7 inch rim",21426
79.35,757.393,-1.29,-496.74,-202.29,-0.002,17.11,10.23,0.11,0.0064,2.4556,12.17,36979.23,7.57,95.74,9.817,-0,-0.9998,136.26,136.1,133.1,24.96,Cornering,"Hoosier 43075 16x7.5-10 R20, 7 inch rim",21427
79.33,757.403,-0.65,-492.99,-201.45,-0.009,17.48,9.34,0.11,0.0032,2.4472,12.28,36983.72,7.57,95.73,9.852,-0,-0.9998,136.51,136.3,133.06,24.96,Cornering,"Hoosier 43075 16x7.5-10 R20, 7 inch rim",21428
79.36,757.413,-0.24,-489.45,-200.42,0.01,17.75,8.94,0.11,0.0012,2.4421,12.34,36978.78,7.57,95.71,9.895,-0,-0.9998,136.79,136.46,132.96,24.96,Cornering,"Hoosier 43075 16x7.5-10 R20, 7 inch rim",21429
79.37,757.423,-0.39,-487.4,-198.27,0.001,17.69,8.96,0.11,0.002,2.4583,12.36,36998.75,7.57,95.73,9.945,-0,-0.9998,136.99,136.5,132.9,24.98,Cornering,"Hoosier 43075 16x7.5-10 R20, 7 inch rim",21430
79.33,757.433,-0.41,-486.93,-196.53,0.004,17.33,9.92,0.11,0.0021,2.4776,12.28,37002.67,7.57,95.72,9.986,-0,-0.9998,137.24,136.65,132.8,24.98,Cornering,"Hoosier 43075 16x7.5-10 R20, 7 inch rim",21431
79.35,757.443,-1.5,-488.47,-196.07,-0.002,17.45,10.23,0.18,0.0076,2.4913,12.17,22942.8,7.57,95.7,10.026,-0,-0.9997,137.5,136.9,132.72,24.98,Cornering,"Hoosier 43075 16x7.5-10 R20, 7 inch rim",21432
79.38,757.453,-2.79,-490.98,-196.52,0.007,17.52,10.35,0.04,0.0142,2.4984,12.08,95428.06,7.57,95.71,10.059,-0,-0.9999,137.8,137.23,132.76,24.99,Cornering,"Hoosier 43075 16x7.5-10 R20, 7 inch rim",21433
79.35,757.463,-3.05,-493.02,-197.42,0.013,16.92,11.18,0.18,0.0154,2.4973,12.06,22963.68,7.57,95.7,10.104,-0,-0.9997,138.06,137.56,132.8,25.01,Cornering,"Hoosier 43075 16x7.5-10 R20, 7 inch rim",21434
79.33,757.473,-3.52,-495.19,-199.18,0.003,16.83,10.85,0.11,0.0177,2.4861,12.08,37027.43,7.57,95.67,10.14,-0,-0.9998,138.23,137.67,132.88,25.01,Cornering,"Hoosier 43075 16x7.5-10 R20, 7 inch rim",21435
79.35,757.483,-3.15,-497.69,-201.06,0.007,16.71,10.76,0.04,0.0157,2.4753,12.17,95544.6,7.57,95.66,10.185,-0,-0.9999,138.32,137.69,133.06,25.03,Cornering,"Hoosier 43075 16x7.5-10 R20, 7 inch rim",21436
79.36,757.493,-1.78,-498.61,-201.98,-0,16.65,10.9,0.18,0.0088,2.4686,12.26,22961,7.57,95.65,10.213,-0,-0.9997,138.45,137.8,133.19,25.01,Cornering,"Hoosier 43075 16x7.5-10 R20, 7 inch rim",21437
79.33,757.503,-0.74,-497.53,-202.6,0.006,17.1,10.18,0.11,0.0036,2.4558,12.35,37005.23,7.57,95.65,10.255,-0,-0.9998,138.53,137.98,133.23,25.01,Cornering,"Hoosier 43075 16x7.5-10 R20, 7 inch rim",21438
79.33,757.513,-0.25,-494.75,-202.76,0.013,17.7,9.22,0.11,0.0012,2.44,12.35,36966.12,7.57,95.68,10.295,-0,-0.9998,138.68,138.11,133.27,24.98,Cornering,"Hoosier 43075 16x7.5-10 R20, 7 inch rim",21439
79.36,757.523,0.35,-491,-201.25,0.006,17.65,8.74,0.04,-0.0017,2.4398,12.32,95278.38,7.57,95.7,10.331,-0,-0.9999,138.92,138.26,133.23,24.97,Cornering,"Hoosier 43075 16x7.5-10 R20, 7 inch rim",21440
79.35,757.533,0.54,-488.21,-199.97,0.013,17.69,8.68,0.11,-0.0027,2.4414,12.23,36929.37,7.57,95.72,10.386,-0,-0.9998,139.05,138.33,133.16,24.97,Cornering,"Hoosier 43075 16x7.5-10 R20, 7 inch rim",21441
79.33,757.543,0.4,-487.08,-198.09,-0.005,17.82,8.99,-0.03,-0.002,2.4589,12.11,-164485.8,7.57,95.69,10.419,-0,-1,139.28,138.46,133.04,24.97,Cornering,"Hoosier 43075 16x7.5-10 R20, 7 inch rim",21442
79.34,757.553,-0.48,-487.7,-196.71,-0.003,17.27,9.26,0.18,0.0024,2.4793,12,22911.56,7.57,95.68,10.448,-0,-0.9997,139.5,138.64,133,24.98,Cornering,"Hoosier 43075 16x7.5-10 R20, 7 inch rim",21443
79.35,757.563,-1.93,-489.57,-197.33,0.004,17.96,9.23,-0.03,0.0098,2.481,11.96,-164519.47,7.57,95.68,10.498,-0,-1,139.75,138.94,133,24.98,Cornering,"Hoosier 43075 16x7.5-10 R20, 7 inch rim",21444
79.32,757.573,-2.81,-491.47,-197.32,0.014,16.5,9.53,0.18,0.0142,2.4907,12,22899.2,7.56,95.71,10.541,-0,-0.9997,139.93,139.19,133.1,24.97,Cornering,"Hoosier 43075 16x7.5-10 R20, 7 inch rim",21445
79.32,757.583,-3.24,-492.54,-199.14,0.001,17.18,9.61,0.11,0.0163,2.4733,12.11,36888.31,7.57,95.74,10.583,-0,-0.9998,140.14,139.36,133.21,24.96,Cornering,"Hoosier 43075 16x7.5-10 R20, 7 inch rim",21446
79.35,757.593,-3.5,-494.43,-200.9,0.009,17.28,9.29,0.18,0.0174,2.4611,12.25,22877.68,7.57,95.76,10.614,-0,-0.9997,140.29,139.38,133.35,24.96,Cornering,"Hoosier 43075 16x7.5-10 R20, 7 inch rim",21447
79.35,757.603,-2.63,-496.15,-202.03,0.01,16.8,9.17,0.18,0.013,2.4558,12.39,22873.95,7.56,95.77,10.663,-0,-0.9997,140.36,139.43,133.47,24.96,Cornering,"Hoosier 43075 16x7.5-10 R20, 7 inch rim",21448
79.31,757.613,-1.95,-496.27,-203.28,-0.006,17.42,8.29,-0.03,0.0096,2.4413,12.48,-164409.36,7.57,95.79,10.699,-0,-1,140.53,139.63,133.57,24.98,Cornering,"Hoosier 43075 16x7.5-10 R20, 7 inch rim",21449
79.32,757.623,-1.28,-494.59,-203.33,0.013,18.02,7.54,0.11,0.0063,2.4324,12.48,36928.56,7.56,95.8,10.742,-0,-0.9998,140.68,139.78,133.57,25,Cornering,"Hoosier 43075 16x7.5-10 R20, 7 inch rim",21450
79.35,757.633,-0.83,-491.16,-202.21,0.01,17.81,6.63,0.11,0.0041,2.429,12.43,36914.62,7.56,95.78,10.784,-0,-0.9998,140.91,139.93,133.51,24.99,Cornering,"Hoosier 43075 16x7.5-10 R20, 7 inch rim",21451
79.32,757.643,-0.42,-488.36,-201.02,0.009,17.99,6.46,0.11,0.0021,2.4294,12.31,36901.74,7.57,95.8,10.819,-0,-0.9998,141.15,140.09,133.43,24.98,Cornering,"Hoosier 43075 16x7.5-10 R20, 7 inch rim",21452
79.31,757.653,-0.5,-486.63,-199.14,0.003,17.51,6.62,0.18,0.0025,2.4436,12.19,22885.4,7.56,95.77,10.858,-0,-0.9997,141.23,140.22,133.31,24.98,Cornering,"Hoosier 43075 16x7.5-10 R20, 7 inch rim",21453
79.34,757.663,-0.77,-486.15,-197.62,-0,17.63,7.08,0.04,0.0039,2.46,12.08,95204.47,7.57,95.75,10.909,-0,-0.9999,141.47,140.37,133.23,25,Cornering,"Hoosier 43075 16x7.5-10 R20, 7 inch rim",21454
79.34,757.673,-1.95,-487.08,-197.06,-0,17.37,7.07,0.04,0.0099,2.4718,12.04,95214.8,7.57,95.75,10.945,-0,-0.9999,141.79,140.62,133.16,25.01,Cornering,"Hoosier 43075 16x7.5-10 R20, 7 inch rim",21455
79.3,757.683,-2.83,-488.63,-197.34,-0.006,16.82,7.62,0.25,0.0143,2.4761,12.07,16598.29,7.57,95.75,10.991,-0,-0.9995,142.01,140.84,133.16,25.01,Cornering,"Hoosier 43075 16x7.5-10 R20, 7 inch rim",21456
79.31,757.693,-3.27,-489.75,-198.89,0.004,16.96,8.1,0.18,0.0165,2.4624,12.18,22903.91,7.56,95.79,11.026,-0,-0.9997,142.24,141.08,133.25,25.02,Cornering,"Hoosier 43075 16x7.5-10 R20, 7 inch rim",21457
79.34,757.703,-3.48,-491.46,-200.26,0.001,16.85,8.17,0.11,0.0174,2.4541,12.3,36930.11,7.56,95.81,11.067,-0,-0.9998,142.37,141.06,133.39,25.03,Cornering,"Hoosier 43075 16x7.5-10 R20, 7 inch rim",21458
79.32,757.713,-2.89,-493.19,-202.03,0.009,17.14,8.33,0.04,0.0143,2.4412,12.36,95207.31,7.56,95.87,11.101,-0,-0.9999,142.46,141.1,133.55,25.02,Cornering,"Hoosier 43075 16x7.5-10 R20, 7 inch rim",21459
79.3,757.723,-2.18,-494.11,-202.98,-0.002,16.91,7.71,0.18,0.0107,2.4343,12.39,22894.63,7.56,95.92,11.142,-0,-0.9997,142.52,141.06,133.67,25.02,Cornering,"Hoosier 43075 16x7.5-10 R20, 7 inch rim",21460
79.33,757.733,-1.14,-493.19,-204.21,0.007,17.92,7.31,0.11,0.0056,2.4152,12.33,36931.63,7.56,95.92,11.187,-0,-0.9998,142.76,141.19,133.75,25.04,Cornering,"Hoosier 43075 16x7.5-10 R20, 7 inch rim",21461
79.33,757.743,-0.71,-490.54,-203.27,0.001,17.69,6.18,0.18,0.0035,2.4132,12.26,22882.28,7.57,95.94,11.23,-0,-0.9997,142.97,141.32,133.75,25.01,Cornering,"Hoosier 43075 16x7.5-10 R20, 7 inch rim",21462
79.3,757.753,-0.1,-487.74,-201.76,0.004,17.04,5.76,0.04,0.0005,2.4175,12.12,95084.98,7.56,95.94,11.268,-0,-0.9999,143.14,141.48,133.71,25,Cornering,"Hoosier 43075 16x7.5-10 R20, 7 inch rim",21463
79.31,757.763,0.31,-485.41,-200.19,0.009,17.02,5.94,0.11,-0.0016,2.4248,12.04,36847.71,7.56,95.97,11.306,-0,-0.9998,143.29,141.54,133.65,24.99,Cornering,"Hoosier 43075 16x7.5-10 R20, 7 inch rim",21464
79.34,757.773,0.08,-484.46,-199.08,0.003,17.38,6.29,0.11,-0.0004,2.4335,12.02,36825.35,7.57,95.97,11.346,-0,-0.9998,143.51,141.61,133.51,24.98,Cornering,"Hoosier 43075 16x7.5-10 R20, 7 inch rim",21465
79.31,757.783,-0.31,-484.47,-197.75,0.01,16.67,6.87,0.11,0.0016,2.4499,12.06,36794.05,7.56,95.98,11.389,-0,-0.9998,143.83,141.83,133.45,24.96,Cornering,"Hoosier 43075 16x7.5-10 R20, 7 inch rim",21466
79.29,757.793,-1.45,-484.78,-198.16,0.007,17.67,7.27,0.04,0.0073,2.4464,12.18,94877.7,7.56,95.98,11.425,-0,-0.9999,144.13,142.14,133.45,24.96,Cornering,"Hoosier 43075 16x7.5-10 R20, 7 inch rim",21467
79.31,757.803,-2.55,-485.57,-199.3,0.014,18.08,7.3,0.04,0.0128,2.4363,12.32,94818.94,7.56,96,11.467,-0,-0.9999,144.26,142.4,133.49,24.95,Cornering,"Hoosier 43075 16x7.5-10 R20, 7 inch rim",21468
79.33,757.813,-3.56,-487.12,-200.09,0.006,17.04,6.75,0.04,0.0178,2.4346,12.44,94806.16,7.56,95.98,11.505,-0,-0.9999,144.43,142.6,133.59,24.95,Cornering,"Hoosier 43075 16x7.5-10 R20, 7 inch rim",21469
79.29,757.823,-3.27,-488.71,-201.83,0.02,16.92,6.88,0.18,0.0162,2.4214,12.49,22777.21,7.56,95.97,11.542,-0,-0.9997,144.5,142.62,133.69,24.93,Cornering,"Hoosier 43075 16x7.5-10 R20, 7 inch rim",21470
79.3,757.833,-2.86,-490.07,-203.36,-0.003,17.33,6.25,0.11,0.0141,2.4099,12.46,36717.08,7.57,95.97,11.582,-0,-0.9998,144.65,142.64,133.83,24.93,Cornering,"Hoosier 43075 16x7.5-10 R20, 7 inch rim",21471
79.33,757.843,-2.05,-490.4,-204.14,0.006,16.77,5.39,0.04,0.0101,2.4023,12.38,94681.51,7.56,95.99,11.611,-0,-0.9999,144.82,142.73,133.97,24.93,Cornering,"Hoosier 43075 16x7.5-10 R20, 7 inch rim",21472
79.31,757.853,-1.88,-488.68,-204.56,-0.003,17.3,3.57,0.18,0.0092,2.389,12.26,22783.92,7.56,96.01,11.652,-0,-0.9997,144.95,142.95,133.93,24.94,Cornering,"Hoosier 43075 16x7.5-10 R20, 7 inch rim",21473
79.28,757.863,-2.68,-485.57,-204.15,0.003,18.2,0.77,0.18,0.0131,2.3784,12.13,22797.16,7.56,96.04,11.684,-0,-0.9997,145.25,143.1,133.89,24.96,Cornering,"Hoosier 43075 16x7.5-10 R20, 7 inch rim",21474
79.3,757.873,-4.59,-482.91,-203.22,0.004,19.12,-2.58,0.18,0.0226,2.3764,12.05,22816.65,7.56,96.05,11.704,-0,-0.9997,145.44,143.26,133.83,24.98,Cornering,"Hoosier 43075 16x7.5-10 R20, 7 inch rim",21475
79.32,757.883,-7.1,-481.19,-201.99,0.001,19.32,-5.65,0.18,0.0352,2.3823,12.04,22809.91,7.56,96.09,11.721,-0,-0.9997,145.68,143.32,133.69,24.98,Cornering,"Hoosier 43075 16x7.5-10 R20, 7 inch rim",21476
79.29,757.893,-9.49,-481.5,-200.22,0.003,18.27,-7.49,0.11,0.0474,2.4049,12.07,36764.09,7.56,96.09,11.74,-0,-0.9998,145.93,143.46,133.59,24.97,Cornering,"Hoosier 43075 16x7.5-10 R20, 7 inch rim",21477
79.29,757.903,-9.94,-482.59,-199.42,-0,17.13,-6.74,0.04,0.0498,2.4199,12.19,94764.62,7.56,96.06,11.751,-0,-0.9999,146.26,143.79,133.55,24.96,Cornering,"Hoosier 43075 16x7.5-10 R20, 7 inch rim",21478
79.31,757.913,-9.3,-484.01,-199.51,0.01,16.49,-4.66,0.18,0.0466,2.426,12.3,22785.11,7.56,96.08,11.764,-0,-0.9997,146.47,144.05,133.57,24.96,Cornering,"Hoosier 43075 16x7.5-10 R20, 7 inch rim",21479
79.31,757.923,-9.15,-485.58,-200.51,0.012,15.7,-3.56,0.11,0.0456,2.4218,12.39,36761.16,7.56,96.09,11.761,-0,-0.9998,146.6,144.29,133.71,24.97,Cornering,"Hoosier 43075 16x7.5-10 R20, 7 inch rim",21480
79.29,757.933,-9.98,-486.5,-201.39,0.004,15.8,-4.38,0.11,0.0495,2.4158,12.37,36778.23,7.56,96.12,11.761,-0,-0.9998,146.71,144.38,133.83,24.98,Cornering,"Hoosier 43075 16x7.5-10 R20, 7 inch rim",21481
79.32,757.953,-12.5,-488.98,-204.49,-0.002,16.75,-9.31,0.04,0.0611,2.3912,12.22,94825.1,7.56,96.2,12.296,-0,-0.9999,146.83,144.54,134.16,24.98,Cornering,"Hoosier 43075 16x7.5-10 R20, 7 inch rim",21482
79.29,757.963,-12.17,-488.52,-205.74,0.001,17.9,-10.29,0.18,0.0591,2.3744,12.09,22789.68,7.56,96.21,12.302,-0,-0.9997,147.03,144.71,134.24,24.96,Cornering,"Hoosier 43075 16x7.5-10 R20, 7 inch rim",21483
79.29,757.973,-10.56,-486.98,-205.5,0.007,17.43,-9.76,0.18,0.0514,2.3698,12.03,22768.99,7.56,96.24,12.296,-0,-0.9997,147.29,144.87,134.24,24.94,Cornering,"Hoosier 43075 16x7.5-10 R20, 7 inch rim",21484
79.31,757.983,-8.17,-484.48,-204.28,0.003,17.36,-7.74,0.04,0.04,2.3716,12,94652.59,7.56,96.25,12.286,-0,-0.9999,147.52,145.06,134.18,24.93,Cornering,"Hoosier 43075 16x7.5-10 R20, 7 inch rim",21485
79.31,757.993,-5.43,-482.63,-202.75,0.01,16.75,-4.01,0.18,0.0268,2.3804,12.07,22763.94,7.56,96.25,12.293,-0,-0.9997,147.71,145.15,134.11,24.93,Cornering,"Hoosier 43075 16x7.5-10 R20, 7 inch rim",21486
79.28,758.003,-3.8,-481.22,-200.46,0.006,15.95,-0.87,0.04,0.019,2.4006,12.2,94674.09,7.56,96.24,12.288,-0,-0.9999,147.95,145.35,133.93,24.94,Cornering,"Hoosier 43075 16x7.5-10 R20, 7 inch rim",21487
79.29,758.013,-3.57,-480.45,-200.33,0.01,17.22,1.41,0.11,0.0178,2.3983,12.33,36703.39,7.56,96.23,12.276,-0,-0.9998,148.23,145.53,133.83,24.93,Cornering,"Hoosier 43075 16x7.5-10 R20, 7 inch rim",21488
79.31,758.023,-3.55,-480.44,-199.97,0.004,17.5,3.71,0.11,0.0178,2.4025,12.43,36704.36,7.56,96.27,12.269,-0,-0.9998,148.38,145.79,133.83,24.93,Cornering,"Hoosier 43075 16x7.5-10 R20, 7 inch rim",21489
79.3,758.033,-2.82,-480.91,-200.28,-0,17.08,6.58,0.11,0.0141,2.4011,12.46,36714.84,7.56,96.32,12.255,-0,-0.9998,148.55,146.1,133.89,24.94,Cornering,"Hoosier 43075 16x7.5-10 R20, 7 inch rim",21490
79.28,758.043,-1.13,-482.33,-202.09,0.009,17.37,9.7,0.18,0.0056,2.3867,12.41,22783.56,7.56,96.35,12.249,-0,-0.9997,148.64,146.19,134.01,24.95,Cornering,"Hoosier 43075 16x7.5-10 R20, 7 inch rim",21491
79.31,758.053,0.3,-483.74,-203.31,0.007,17.42,11.47,0.18,-0.0015,2.3793,12.34,22794.39,7.56,96.4,12.246,-0,-0.9997,148.64,146.12,134.13,24.96,Cornering,"Hoosier 43075 16x7.5-10 R20, 7 inch rim",21492
79.31,758.063,1.81,-485.62,-205.43,0.012,17.58,12.45,0.11,-0.0088,2.364,12.19,36758.28,7.56,96.4,12.249,-0,-0.9998,148.66,146.1,134.34,24.97,Cornering,"Hoosier 43075 16x7.5-10 R20, 7 inch rim",21493
79.29,758.073,3.33,-486.54,-206.72,0.003,17.6,12.72,0.04,-0.0161,2.3537,12.07,94821.69,7.56,96.38,12.243,-0,-0.9999,148.74,146.16,134.5,24.97,Cornering,"Hoosier 43075 16x7.5-10 R20, 7 inch rim",21494
79.29,758.083,4.06,-485.76,-206.73,0.001,17.5,12.01,0.11,-0.0196,2.3497,11.98,36765.45,7.56,96.38,12.259,-0,-0.9998,148.94,146.27,134.5,24.97,Cornering,"Hoosier 43075 16x7.5-10 R20, 7 inch rim",21495
79.32,758.093,3.9,-483.9,-205.66,0.006,16.65,10.6,0.11,-0.019,2.3529,12,36750.14,7.56,96.4,12.246,-0,-0.9998,149.22,146.45,134.42,24.96,Cornering,"Hoosier 43075 16x7.5-10 R20, 7 inch rim",21496
79.3,758.103,3.68,-481.26,-204.31,0.013,16.93,9.4,0.18,-0.018,2.3555,12.06,22816.53,7.56,96.42,12.235,-0,-0.9997,149.39,146.6,134.36,24.98,Cornering,"Hoosier 43075 16x7.5-10 R20, 7 inch rim",21497
79.28,758.113,1.73,-479.53,-201.7,0.009,16.31,6.76,0.18,-0.0086,2.3775,12.17,22842.87,7.56,96.43,12.236,-0,-0.9997,149.56,146.74,134.26,25.01,Cornering,"Hoosier 43075 16x7.5-10 R20, 7 inch rim",21498
79.3,758.123,-1.34,-477.99,-200.15,0.019,16.48,3.64,0.11,0.0067,2.3882,12.3,36856.43,7.56,96.46,12.217,-0,-0.9998,149.77,146.93,134.16,25.03,Cornering,"Hoosier 43075 16x7.5-10 R20, 7 inch rim",21499
79.31,758.133,-5.77,-476.87,-199.39,0.01,17.12,-0.88,0.11,0.029,2.3916,12.37,36840.53,7.56,96.47,12.209,-0,-0.9998,150.01,147.13,134.09,25.02,Cornering,"Hoosier 43075 16x7.5-10 R20, 7 inch rim",21500
79.28,758.143,-10.01,-476.86,-199.81,0.006,17.63,-5.02,0.11,0.0501,2.3866,12.39,36835.49,7.56,96.44,12.183,-0,-0.9998,150.2,147.44,134.16,25.01,Cornering,"Hoosier 43075 16x7.5-10 R20, 7 inch rim",21501
79.28,758.153,-12.67,-477.32,-200.8,0.001,17.86,-7.89,0.18,0.0631,2.377,12.35,22817.12,7.56,96.38,12.164,-0,-0.9997,150.27,147.57,134.26,24.98,Cornering,"Hoosier 43075 16x7.5-10 R20, 7 inch rim",21502
79.31,758.163,-14.49,-478.89,-202.52,0.006,17.48,-10.45,0.18,0.0716,2.3646,12.27,22808.57,7.56,96.33,12.14,-0,-0.9997,150.25,147.55,134.46,24.97,Cornering,"Hoosier 43075 16x7.5-10 R20, 7 inch rim",21503
79.3,758.173,-15.1,-480.92,-204.41,0.007,17.59,-12.44,0.04,0.0738,2.3527,12.13,94910.12,7.56,96.31,12.116,-0,-0.9999,150.25,147.46,134.64,24.98,Cornering,"Hoosier 43075 16x7.5-10 R20, 7 inch rim",21504
79.27,758.183,-16.4,-482.8,-206.11,0.013,17.27,-15.62,0.25,0.0796,2.3425,12.07,16557.9,7.56,96.31,12.076,-0,-0.9995,150.29,147.48,134.78,25,Cornering,"Hoosier 43075 16x7.5-10 R20, 7 inch rim",21505
79.29,758.193,-16.8,-483.55,-205.98,-0.003,15.85,-17.77,0.18,0.0816,2.3476,12.06,22870.11,7.56,96.33,12.037,-0,-0.9997,150.4,147.62,134.8,25.03,Cornering,"Hoosier 43075 16x7.5-10 R20, 7 inch rim",21506
79.31,758.203,-15.95,-482.64,-205.78,0.004,15.39,-17.89,0.04,0.0775,2.3454,12.12,95059.27,7.56,96.34,12.003,-0,-0.9999,150.57,147.68,134.84,25.01,Cornering,"Hoosier 43075 16x7.5-10 R20, 7 inch rim",21507
79.28,758.213,-13.47,-480.61,-204.57,0.001,15.69,-15.21,0.11,0.0659,2.3493,12.22,36840.95,7.56,96.37,11.951,-0,-0.9998,150.76,147.81,134.74,25,Cornering,"Hoosier 43075 16x7.5-10 R20, 7 inch rim",21508
79.28,758.223,-9.69,-478.29,-202.45,0.013,15.71,-10.09,0.18,0.0478,2.3626,12.36,22838.46,7.56,96.4,11.907,-0,-0.9997,150.89,147.92,134.64,24.98,Cornering,"Hoosier 43075 16x7.5-10 R20, 7 inch rim",21509
79.3,758.233,-6.41,-475.94,-200.54,0.009,16.55,-4.72,0.11,0.0319,2.3733,12.44,36811.64,7.56,96.41,11.849,-0,-0.9998,151.08,148.01,134.54,24.97,Cornering,"Hoosier 43075 16x7.5-10 R20, 7 inch rim",21510
79.31,758.243,-3.93,-475.01,-199.12,0.01,16.8,0.42,0.11,0.0197,2.3856,12.46,36808.73,7.56,96.42,11.806,-0,-0.9998,151.38,148.25,134.46,24.96,Cornering,"Hoosier 43075 16x7.5-10 R20, 7 inch rim",21511
79.28,758.253,-3.86,-474.84,-199.06,-0.002,17.28,3.12,0.11,0.0194,2.3854,12.42,36814.9,7.56,96.41,11.759,-0,-0.9998,151.51,148.48,134.46,24.96,Cornering,"Hoosier 43075 16x7.5-10 R20, 7 inch rim",21512
79.29,758.263,-3.79,-474.85,-200.12,0.004,18.66,5.59,-0.03,0.0189,2.3728,12.3,-164063.23,7.56,96.42,11.705,-0,-1,151.55,148.74,134.64,24.97,Cornering,"Hoosier 43075 16x7.5-10 R20, 7 inch rim",21513
79.31,758.273,-3.03,-476.56,-201.43,-0.002,17.66,7.83,0.11,0.015,2.3659,12.15,36836.64,7.57,96.43,11.658,-0,-0.9998,151.55,148.83,134.78,24.97,Cornering,"Hoosier 43075 16x7.5-10 R20, 7 inch rim",21514
79.29,758.283,-1.21,-478.78,-202.81,0.01,16.76,10.58,0.11,0.006,2.3607,12.04,36816.89,7.56,96.43,11.612,-0,-0.9998,151.51,148.76,134.96,24.95,Cornering,"Hoosier 43075 16x7.5-10 R20, 7 inch rim",21515
79.28,758.293,1.67,-481.42,-204.65,0.001,15.98,13.15,0.11,-0.0082,2.3524,11.98,36830.04,7.57,96.46,11.576,-0,-0.9998,151.45,148.72,135.19,24.96,Cornering,"Hoosier 43075 16x7.5-10 R20, 7 inch rim",21516
79.31,758.303,3.89,-483.15,-205.54,0.009,15.14,14.69,0.18,-0.0189,2.3507,11.98,22836.4,7.56,96.46,11.537,-0,-0.9997,151.45,148.74,135.27,24.94,Cornering,"Hoosier 43075 16x7.5-10 R20, 7 inch rim",21517
79.31,758.313,4.63,-482.98,-205.83,-0,15.44,14.28,-0.03,-0.0225,2.3465,12.07,-164147.25,7.56,96.47,11.491,-0,-1,151.55,148.89,135.33,24.96,Cornering,"Hoosier 43075 16x7.5-10 R20, 7 inch rim",21518
79.28,758.323,4.82,-481.28,-205.37,0.007,16.04,13.38,0.11,-0.0235,2.3435,12.22,36879.25,7.56,96.47,11.459,-0,-0.9998,151.81,148.98,135.29,24.98,Cornering,"Hoosier 43075 16x7.5-10 R20, 7 inch rim",21519
79.28,758.333,4.62,-478.77,-202.84,0.006,15.93,12.68,0.04,-0.0228,2.3604,12.33,95078.12,7.56,96.45,11.42,-0,-0.9999,151.96,149.09,135.17,24.97,Cornering,"Hoosier 43075 16x7.5-10 R20, 7 inch rim",21520
79.31,758.343,4.16,-476.26,-200.55,0.003,16.36,12.45,0.11,-0.0207,2.3748,12.38,36880.47,7.56,96.41,11.381,-0,-0.9998,152.11,149.14,134.98,24.97,Cornering,"Hoosier 43075 16x7.5-10 R20, 7 inch rim",21521
79.29,758.353,3.72,-474.23,-199.08,0.003,17.83,12.78,0.11,-0.0187,2.3821,12.39,36893.9,7.56,96.43,11.343,-0,-0.9998,152.33,149.22,134.82,24.98,Cornering,"Hoosier 43075 16x7.5-10 R20, 7 inch rim",21522
79.28,758.363,2.52,-473.61,-198.18,0.007,18.2,12.76,0.18,-0.0127,2.3898,12.33,22901.72,7.56,96.42,11.314,-0,-0.9997,152.52,149.47,134.76,25,Cornering,"Hoosier 43075 16x7.5-10 R20, 7 inch rim",21523
79.3,758.373,0.83,-473.76,-199.72,0.007,19.66,12.11,0.11,-0.0042,2.3721,12.2,36893.77,7.56,96.39,11.275,-0,-0.9998,152.65,149.66,134.78,24.97,Cornering,"Hoosier 43075 16x7.5-10 R20, 7 inch rim",21524
79.31,758.383,-1.12,-475.19,-200.48,0.014,18.63,10.8,0.11,0.0056,2.3703,12.08,36888.96,7.56,96.35,11.245,-0,-0.9998,152.69,149.69,134.84,24.97,Cornering,"Hoosier 43075 16x7.5-10 R20, 7 inch rim",21525
79.27,758.393,-2.34,-477.21,-202.22,0.009,17.47,9.38,0.11,0.0116,2.3599,12.02,36849.16,7.56,96.34,11.221,-0,-0.9998,152.63,149.62,135,24.94,Cornering,"Hoosier 43075 16x7.5-10 R20, 7 inch rim",21526
79.28,758.403,-2.95,-480.02,-203.82,0.006,16.18,8,0.25,0.0145,2.3551,12,16567.29,7.56,96.32,11.184,-0,-0.9995,152.58,149.49,135.15,24.94,Cornering,"Hoosier 43075 16x7.5-10 R20, 7 inch rim",21527
79.31,758.413,-3.18,-481.73,-205.13,0.001,15.56,6.05,0.11,0.0155,2.3484,12.08,36893,7.57,96.32,11.144,-0,-0.9998,152.54,149.42,135.27,24.96,Cornering,"Hoosier 43075 16x7.5-10 R20, 7 inch rim",21528
79.29,758.423,-3.17,-482.22,-205.34,0.013,14.83,4.31,0.18,0.0154,2.3484,12.17,22906.99,7.56,96.32,11.108,-0,-0.9997,152.61,149.49,135.37,24.98,Cornering,"Hoosier 43075 16x7.5-10 R20, 7 inch rim",21529
79.27,758.433,-3.68,-480.49,-205.37,0.012,16.35,2.19,0.04,0.0179,2.3396,12.3,95320.22,7.56,96.28,11.079,-0,-0.9999,152.78,149.58,135.31,25,Cornering,"Hoosier 43075 16x7.5-10 R20, 7 inch rim",21530
79.29,758.443,-4.11,-477.98,-203.48,0.009,16.85,0.7,0.18,0.0202,2.3491,12.33,22927.95,7.56,96.3,11.042,-0,-0.9997,152.97,149.64,135.21,25,Cornering,"Hoosier 43075 16x7.5-10 R20, 7 inch rim",21531
79.3,758.453,-4.44,-475.32,-200.86,0.004,17.16,0.07,0.04,0.0221,2.3664,12.34,95278.33,7.56,96.3,11.002,-0,-0.9999,153.08,149.69,135.06,24.98,Cornering,"Hoosier 43075 16x7.5-10 R20, 7 inch rim",21532
79.28,758.463,-4.74,-473.44,-198.95,0.006,17.91,0.32,0.04,0.0238,2.3797,12.25,95204.27,7.56,96.32,10.956,-0,-0.9999,153.25,149.71,134.88,24.96,Cornering,"Hoosier 43075 16x7.5-10 R20, 7 inch rim",21533
79.28,758.473,-5.61,-472.81,-198.13,0.004,18.57,0.77,0.18,0.0283,2.3863,12.16,22883.75,7.56,96.35,10.923,-0,-0.9997,153.46,149.93,134.8,24.94,Cornering,"Hoosier 43075 16x7.5-10 R20, 7 inch rim",21534
79.31,758.483,-5.97,-473.57,-198.53,-0.006,18.91,2.14,0.11,0.0301,2.3853,12.04,36890.99,7.57,96.39,10.879,-0,-0.9998,153.64,150.06,134.76,24.94,Cornering,"Hoosier 43075 16x7.5-10 R20, 7 inch rim",21535
79.29,758.493,-6.83,-475.33,-199.33,0.012,17.66,3,0.04,0.0343,2.3846,11.99,95220.01,7.56,96.45,10.834,-0,-0.9999,153.74,150.17,134.88,24.96,Cornering,"Hoosier 43075 16x7.5-10 R20, 7 inch rim",21536
79.27,758.503,-7.39,-478.13,-201.09,0.004,16.26,3.5,0.18,0.0367,2.3777,12,22898.88,7.56,96.45,10.791,-0,-0.9997,153.7,150.13,135,24.95,Cornering,"Hoosier 43075 16x7.5-10 R20, 7 inch rim",21537
79.29,758.513,-6.94,-480.95,-202.86,0.003,15.16,4.34,0.11,0.0342,2.3708,12.09,36950.65,7.56,96.47,10.738,-0,-0.9998,153.64,150.02,135.19,24.97,Cornering,"Hoosier 43075 16x7.5-10 R20, 7 inch rim",21538
79.31,758.523,-6.04,-482.98,-204.61,0.006,15.03,4.76,0.11,0.0295,2.3605,12.21,36963.98,7.56,96.47,10.698,-0,-0.9998,153.64,149.91,135.29,24.97,Cornering,"Hoosier 43075 16x7.5-10 R20, 7 inch rim",21539
79.28,758.533,-3.61,-483.28,-205.4,-0.002,15.35,6.18,0.04,0.0176,2.3529,12.36,95387.27,7.56,96.49,10.65,-0,-0.9999,153.61,149.95,135.43,24.98,Cornering,"Hoosier 43075 16x7.5-10 R20, 7 inch rim",21540
79.28,758.543,-1.04,-481.44,-205.22,0.017,16.12,7.81,0.04,0.0051,2.3459,12.42,95484.48,7.56,96.56,10.621,-0,-0.9999,153.7,149.99,135.39,25.01,Cornering,"Hoosier 43075 16x7.5-10 R20, 7 inch rim",21541
79.3,758.553,0.74,-478.28,-203.19,-0.005,17.06,8.9,0.11,-0.0036,2.3538,12.43,37064.64,7.57,96.6,10.572,-0,-0.9998,153.85,150.06,135.33,25.03,Cornering,"Hoosier 43075 16x7.5-10 R20, 7 inch rim",21542
79.29,758.563,1.95,-475.34,-201.62,0.01,17.96,10.02,0.11,-0.0097,2.3576,12.37,37068.5,7.56,96.62,10.539,-0,-0.9998,153.91,150.13,135.17,25.03,Cornering,"Hoosier 43075 16x7.5-10 R20, 7 inch rim",21543
79.27,758.573,2.35,-473.6,-199.54,0.001,18.12,11.11,0.11,-0.0118,2.3734,12.27,37064.76,7.57,96.63,10.498,-0,-0.9998,154,150.15,134.94,25.03,Cornering,"Hoosier 43075 16x7.5-10 R20, 7 inch rim",21544
79.28,758.583,2.38,-472.82,-198.31,0.004,18.35,12.49,0.11,-0.012,2.3843,12.11,37053.74,7.56,96.68,10.445,-0,-0.9998,154.13,150.28,134.68,25.01,Cornering,"Hoosier 43075 16x7.5-10 R20, 7 inch rim",21545
79.31,758.593,1.31,-474.06,-198.14,-0.003,17.47,13,0.18,-0.0066,2.3925,12,22990.8,7.57,96.72,10.406,-0,-0.9997,154.34,150.5,134.48,25.02,Cornering,"Hoosier 43075 16x7.5-10 R20, 7 inch rim",21546
79.28,758.603,0.86,-475.49,-199.8,0.007,17.61,14.12,0.11,-0.0043,2.3799,11.96,37062.66,7.56,96.74,10.367,-0,-0.9998,154.39,150.72,134.32,25.01,Cornering,"Hoosier 43075 16x7.5-10 R20, 7 inch rim",21547
79.27,758.613,-0.22,-477.52,-200.7,0.003,15.79,13.78,0.18,0.0011,2.3793,11.98,22989.76,7.56,96.78,10.346,-0,-0.9997,154.37,150.74,134.36,25.01,Cornering,"Hoosier 43075 16x7.5-10 R20, 7 inch rim",21548
79.29,758.623,-1.2,-479.41,-202.95,0.007,15.41,12.87,0.04,0.0059,2.3622,12.08,95558.21,7.56,96.78,10.3,-0,-0.9999,154.26,150.68,134.4,25,Cornering,"Hoosier 43075 16x7.5-10 R20, 7 inch rim",21549
79.31,758.633,-1.7,-480.96,-204.64,0.001,15.74,11.39,0.18,0.0083,2.3503,12.22,22963.57,7.56,96.83,10.264,-0,-0.9997,154.26,150.48,134.5,24.98,Cornering,"Hoosier 43075 16x7.5-10 R20, 7 inch rim",21550
79.27,758.643,-1.6,-481.43,-205.61,0.009,16.5,9.97,0.18,0.0078,2.3415,12.34,22955.53,7.56,96.87,10.227,-0,-0.9997,154.19,150.48,134.54,24.97,Cornering,"Hoosier 43075 16x7.5-10 R20, 7 inch rim",21551
79.28,758.653,-1.02,-480.03,-205.24,0.01,17.1,8.82,0.11,0.005,2.3389,12.41,37014.14,7.56,96.9,10.19,-0,-0.9998,154.22,150.57,134.52,24.97,Cornering,"Hoosier 43075 16x7.5-10 R20, 7 inch rim",21552
79.31,758.663,-0.82,-477.68,-203.94,0.01,17.53,7.58,0.18,0.004,2.3423,12.4,22965.86,7.56,96.92,10.156,-0,-0.9997,154.28,150.65,134.38,24.97,Cornering,"Hoosier 43075 16x7.5-10 R20, 7 inch rim",21553
79.3,758.673,-1.51,-474.87,-201.96,0.01,17.92,5.94,0.11,0.0075,2.3513,12.33,37040.01,7.56,96.9,10.113,-0,-0.9998,154.39,150.72,134.3,24.98,Cornering,"Hoosier 43075 16x7.5-10 R20, 7 inch rim",21554
79.27,758.683,-2.49,-472.82,-200.73,-0.002,18.84,4.83,0.04,0.0124,2.3554,12.22,95556.7,7.57,96.9,10.077,-0,-0.9999,154.39,150.72,134.24,24.98,Cornering,"Hoosier 43075 16x7.5-10 R20, 7 inch rim",21555
79.29,758.693,-3.68,-472.52,-199.13,0.007,17.94,4.52,0.11,0.0185,2.373,12.08,37065.34,7.56,96.93,10.04,-0,-0.9998,154.43,150.76,134.2,24.99,Cornering,"Hoosier 43075 16x7.5-10 R20, 7 inch rim",21556
79.3,758.703,-5.1,-472.98,-198.88,0.003,17.4,4.53,-0.03,0.0257,2.3782,12.02,-165128.31,7.57,96.97,10.001,-0,-1,154.54,150.94,134.2,24.99,Cornering,"Hoosier 43075 16x7.5-10 R20, 7 inch rim",21557
79.28,758.713,-6.21,-474.25,-199.88,0.012,17.21,5.2,0.04,0.0311,2.3727,12.02,95545.91,7.56,96.98,9.959,-0,-0.9999,154.6,151.07,134.32,24.97,Cornering,"Hoosier 43075 16x7.5-10 R20, 7 inch rim",21558
79.28,758.723,-6.91,-475.82,-200.94,0.012,16,5.8,0.11,0.0344,2.368,12.08,37053.45,7.56,96.91,9.914,-0,-0.9998,154.64,151.16,134.46,24.97,Cornering,"Hoosier 43075 16x7.5-10 R20, 7 inch rim",21559
79.31,758.733,-6.97,-477.4,-202.04,0.014,14.88,6.33,0.04,0.0345,2.3629,12.2,95570.59,7.56,96.86,9.872,-0,-0.9999,154.49,151.09,134.7,24.97,Cornering,"Hoosier 43075 16x7.5-10 R20, 7 inch rim",21560
79.29,758.743,-6.58,-478.96,-204.44,0.017,15.73,6.43,0.11,0.0322,2.3428,12.31,37053.59,7.56,96.82,9.833,-0,-0.9998,154.41,150.96,134.88,24.97,Cornering,"Hoosier 43075 16x7.5-10 R20, 7 inch rim",21561
79.26,758.753,-4.95,-479.57,-205.42,0.009,16.53,7.26,0.11,0.0241,2.3345,12.36,37084.37,7.56,96.82,9.788,-0,-0.9998,154.37,150.83,135.08,24.98,Cornering,"Hoosier 43075 16x7.5-10 R20, 7 inch rim",21562
79.3,758.763,-3.04,-479.24,-204.98,0.003,16.95,8.15,0.04,0.0148,2.338,12.34,95584.83,7.56,96.82,9.742,-0,-0.9999,154.3,150.85,135.25,24.97,Cornering,"Hoosier 43075 16x7.5-10 R20, 7 inch rim",21563
79.31,758.773,-1.15,-477.52,-204.36,0.004,18.02,9.06,0.04,0.0056,2.3367,12.26,95576.51,7.57,96.83,9.692,-0,-0.9999,154.34,150.85,135.27,24.96,Cornering,"Hoosier 43075 16x7.5-10 R20, 7 inch rim",21564
79.28,758.783,-0.38,-475.81,-203.15,0.007,18.34,9.42,0.18,0.0019,2.3421,12.17,22973.49,7.56,96.88,9.65,-0,-0.9997,154.47,150.92,135.19,24.94,Cornering,"Hoosier 43075 16x7.5-10 R20, 7 inch rim",21565
79.27,758.793,0.62,-474.24,-201.2,0.006,18.09,10.56,0.11,-0.0031,2.3571,12.03,37043.76,7.57,96.88,9.604,-0,-0.9998,154.49,150.9,135.1,24.94,Cornering,"Hoosier 43075 16x7.5-10 R20, 7 inch rim",21566
79.31,758.803,0.81,-473.31,-199.87,0.006,17.92,11.74,0.25,-0.004,2.3681,11.95,16658.27,7.57,96.9,9.569,-0,-0.9995,154.56,150.81,135,24.95,Cornering,"Hoosier 43075 16x7.5-10 R20, 7 inch rim",21567
79.3,758.813,0.68,-473,-198.7,0.004,17.19,13.29,0.11,-0.0034,2.3804,11.92,37069.14,7.57,96.9,9.527,-0,-0.9998,154.64,150.85,134.86,24.96,Cornering,"Hoosier 43075 16x7.5-10 R20, 7 inch rim",21568
79.27,758.823,0.31,-474.11,-198.57,0.01,16.03,14.72,0.04,-0.0016,2.3876,12.01,95630.09,7.56,96.9,9.495,-0,-0.9999,154.77,151.01,134.82,24.96,Cornering,"Hoosier 43075 16x7.5-10 R20, 7 inch rim",21569
79.28,758.833,-0.74,-474.89,-199.42,0.007,15.57,15.13,0.11,0.0037,2.3814,12.14,37103.07,7.56,96.89,9.45,-0,-0.9998,154.82,151.12,134.94,24.97,Cornering,"Hoosier 43075 16x7.5-10 R20, 7 inch rim",21570
79.31,758.843,-1.3,-476.3,-201.24,0.01,15.63,15.35,0.11,0.0065,2.3669,12.28,37115.11,7.57,96.9,9.417,-0,-0.9998,154.77,151.12,135.06,24.98,Cornering,"Hoosier 43075 16x7.5-10 R20, 7 inch rim",21571
79.28,758.853,-1.94,-477.4,-202.9,0.009,15.83,14.59,0.11,0.0096,2.3529,12.4,37118.23,7.56,96.91,9.387,-0,-0.9998,154.67,150.94,135.19,24.98,Cornering,"Hoosier 43075 16x7.5-10 R20, 7 inch rim",21572
79.28,758.863,-1.85,-478.31,-204.35,-0.003,16.7,13.72,0.04,0.0091,2.3406,12.42,95780.71,7.57,96.93,9.348,-0,-0.9999,154.58,150.83,135.41,24.99,Cornering,"Hoosier 43075 16x7.5-10 R20, 7 inch rim",21573
79.31,758.873,-1.63,-478.31,-205.13,0.001,17.76,12.53,0.11,0.008,2.3318,12.39,37143.74,7.57,96.94,9.306,-0,-0.9998,154.6,150.74,135.55,24.99,Cornering,"Hoosier 43075 16x7.5-10 R20, 7 inch rim",21574
79.29,758.883,-1.3,-477.07,-204.97,0.009,18.42,11.24,0.04,0.0063,2.3276,12.32,95756.41,7.56,97,9.272,-0,-0.9999,154.6,150.85,135.57,24.98,Cornering,"Hoosier 43075 16x7.5-10 R20, 7 inch rim",21575
79.27,758.893,-0.92,-475.05,-204.05,0.013,18.59,10.37,0.04,0.0045,2.3281,12.21,95790.32,7.57,97.04,9.228,-0,-0.9999,154.67,150.83,135.45,24.98,Cornering,"Hoosier 43075 16x7.5-10 R20, 7 inch rim",21576
79.28,758.903,-0.84,-473.17,-202.15,0.009,17.64,9.72,0.18,0.0041,2.3407,12.11,23040.71,7.57,97.05,9.188,-0,-0.9997,154.71,150.85,135.33,24.98,Cornering,"Hoosier 43075 16x7.5-10 R20, 7 inch rim",21577
79.31,758.913,-1.75,-472.1,-200.53,0.017,16.8,8.82,0.18,0.0087,2.3542,12.08,23064.25,7.56,97.08,9.153,-0,-0.9997,154.69,150.79,135.21,25.01,Cornering,"Hoosier 43075 16x7.5-10 R20, 7 inch rim",21578
79.28,758.923,-2.66,-471.77,-199.47,0.01,16.35,8.49,0.11,0.0133,2.3652,12.12,37205.49,7.56,97.12,9.123,-0,-0.9998,154.69,150.85,135.04,25.02,Cornering,"Hoosier 43075 16x7.5-10 R20, 7 inch rim",21579
79.27,758.933,-4.2,-472.55,-199.02,0.007,15.64,8.28,0.18,0.0211,2.3743,12.2,23085.29,7.56,97.13,9.073,-0,-0.9997,154.77,150.98,134.98,25.03,Cornering,"Hoosier 43075 16x7.5-10 R20, 7 inch rim",21580
79.3,758.943,-5.51,-473.47,-199.87,0.001,15.84,8.32,0.18,0.0276,2.3689,12.31,23081.64,7.57,97.15,9.046,-0,-0.9997,154.82,151.09,135,25.02,Cornering,"Hoosier 43075 16x7.5-10 R20, 7 inch rim",21581
79.3,758.953,-6.25,-473.95,-201.37,0.006,16.5,8.71,0.11,0.031,2.3536,12.39,37174.14,7.57,97.16,9.006,-0,-0.9998,154.79,151.03,135.13,24.99,Cornering,"Hoosier 43075 16x7.5-10 R20, 7 inch rim",21582
79.28,758.963,-6.59,-474.88,-202.66,-0.005,16.34,8.82,0.11,0.0325,2.3432,12.41,37152.95,7.57,97.15,8.959,-0,-0.9998,154.73,150.9,135.33,24.97,Cornering,"Hoosier 43075 16x7.5-10 R20, 7 inch rim",21583
79.28,758.973,-6.21,-475.52,-204.23,0.006,16.95,8.94,0.11,0.0304,2.3284,12.36,37131.46,7.57,97.17,8.914,-0,-0.9998,154.64,150.72,135.47,24.96,Cornering,"Hoosier 43075 16x7.5-10 R20, 7 inch rim",21584
79.31,758.983,-4.43,-476,-205.11,0.013,17.2,9.96,0.11,0.0216,2.3207,12.26,37127.04,7.56,97.19,8.871,-0,-0.9998,154.58,150.54,135.59,24.95,Cornering,"Hoosier 43075 16x7.5-10 R20, 7 inch rim",21585
79.29,758.993,-3.2,-475.67,-205.39,-0,17.63,10.15,0.11,0.0156,2.3159,12.14,37130.53,7.57,97.23,8.835,-0,-0.9998,154.58,150.57,135.69,24.95,Cornering,"Hoosier 43075 16x7.5-10 R20, 7 inch rim",21586
79.27,759.003,-1.62,-474.59,-204.91,0.006,17.62,10.81,0.11,0.0079,2.316,12.03,37143.88,7.57,97.22,8.787,-0,-0.9998,154.6,150.54,135.63,24.96,Cornering,"Hoosier 43075 16x7.5-10 R20, 7 inch rim",21587
79.29,759.013,-1.01,-472.57,-204.17,0.009,17.86,11.02,0.18,0.005,2.3146,12,23040.58,7.57,97.25,8.754,-0,-0.9997,154.6,150.57,135.55,24.96,Cornering,"Hoosier 43075 16x7.5-10 R20, 7 inch rim",21588
79.31,759.023,-0.79,-471.01,-202.07,0.009,16.63,11.47,0.11,0.0039,2.3309,12.03,37160.51,7.57,97.25,8.704,-0,-0.9998,154.58,150.59,135.45,24.96,Cornering,"Hoosier 43075 16x7.5-10 R20, 7 inch rim",21589
79.28,759.033,-0.39,-469.91,-200.11,-0,15.74,12.87,0.11,0.0019,2.3483,12.14,37181.88,7.57,97.3,8.661,-0,-0.9998,154.52,150.54,135.31,24.97,Cornering,"Hoosier 43075 16x7.5-10 R20, 7 inch rim",21590
79.28,759.043,-1.01,-469.28,-199.83,-0.002,16.52,13.79,0.04,0.0051,2.3484,12.28,96012.28,7.57,97.33,8.616,-0,-0.9999,154.56,150.65,135.19,25,Cornering,"Hoosier 43075 16x7.5-10 R20, 7 inch rim",21591
79.31,759.053,-1.76,-469.6,-199.86,0.001,16.06,14.81,0.18,0.0088,2.3497,12.41,23099.61,7.57,97.33,8.571,-0,-0.9997,154.64,150.76,135.17,25.01,Cornering,"Hoosier 43075 16x7.5-10 R20, 7 inch rim",21592
79.29,759.063,-2.38,-469.79,-201.04,0.017,17.06,15.81,0.18,0.0118,2.3368,12.46,23117.27,7.57,97.35,8.543,-0,-0.9997,154.64,150.79,135.29,25.03,Cornering,"Hoosier 43075 16x7.5-10 R20, 7 inch rim",21593
79.27,759.073,-2.45,-470.71,-202,0.003,16.62,16.26,0.11,0.0121,2.3302,12.44,37267.31,7.57,97.35,8.487,-0,-0.9998,154.47,150.76,135.37,25.02,Cornering,"Hoosier 43075 16x7.5-10 R20, 7 inch rim",21594
79.29,759.083,-2.28,-471.95,-204.06,0.001,17.36,16.41,0.11,0.0112,2.3128,12.37,37243.81,7.57,97.34,8.462,-0,-0.9998,154.37,150.54,135.51,25,Cornering,"Hoosier 43075 16x7.5-10 R20, 7 inch rim",21595
79.31,759.093,-2.07,-473.21,-204.91,0.009,17.01,15.86,0.11,0.0101,2.3094,12.24,37229.21,7.57,97.32,8.433,-0,-0.9998,154.3,150.48,135.67,24.99,Cornering,"Hoosier 43075 16x7.5-10 R20, 7 inch rim",21596
79.27,759.103,-1.14,-474.14,-206.17,0.006,17.37,15.51,0.11,0.0055,2.2997,12.08,37250.86,7.57,97.33,8.386,-0,-0.9998,154.26,150.35,135.81,25,Cornering,"Hoosier 43075 16x7.5-10 R20, 7 inch rim",21597
79.28,759.113,-0.56,-473.68,-205.79,0.009,17.19,14.69,0.11,0.0027,2.3018,11.99,37246.97,7.57,97.31,8.334,-0,-0.9998,154.19,150.3,135.83,25,Cornering,"Hoosier 43075 16x7.5-10 R20, 7 inch rim",21598
79.31,759.123,-0.71,-471.64,-205.04,0.004,17.27,13.25,-0.03,0.0034,2.3002,11.96,-166083.92,7.57,97.31,8.306,-0,-1,154.19,150.32,135.75,25.02,Cornering,"Hoosier 43075 16x7.5-10 R20, 7 inch rim",21599
79.3,759.133,-0.81,-469.78,-202.85,0.004,15.96,12.57,0.11,0.004,2.3159,12,37269.62,7.57,97.3,8.276,-0,-0.9998,154.19,150.28,135.67,25.01,Cornering,"Hoosier 43075 16x7.5-10 R20, 7 inch rim",21600
79.27,759.143,-1.15,-467.74,-201.12,0.003,16.16,12.58,0.04,0.0057,2.3257,12.09,96125.45,7.57,97.29,8.237,-0,-0.9999,154.09,150.17,135.51,25.01,Cornering,"Hoosier 43075 16x7.5-10 R20, 7 inch rim",21601
79.29,759.153,-1.58,-466.66,-200.17,0.007,16.22,13.24,0.04,0.0079,2.3313,12.24,96223.27,7.57,97.23,8.2,-0,-0.9999,154.11,150.21,135.41,25.03,Cornering,"Hoosier 43075 16x7.5-10 R20, 7 inch rim",21602
79.31,759.163,-3.32,-466.19,-200.09,0.007,16.93,13,0.25,0.0166,2.3299,12.33,16774.78,7.57,97.2,8.152,-0,-0.9995,154.11,150.37,135.37,25.03,Cornering,"Hoosier 43075 16x7.5-10 R20, 7 inch rim",21603
79.28,759.173,-5.13,-466.65,-200.87,0.003,17.05,12.4,0.11,0.0256,2.3231,12.38,37309.64,7.57,97.14,8.119,-0,-0.9998,154.04,150.41,135.35,25.03,Cornering,"Hoosier 43075 16x7.5-10 R20, 7 inch rim",21604
79.28,759.183,-6.36,-467.13,-202.5,0.006,17.97,12.17,0.04,0.0314,2.3068,12.36,96250.12,7.57,97.12,8.084,-0,-0.9999,153.98,150.32,135.49,25.03,Cornering,"Hoosier 43075 16x7.5-10 R20, 7 inch rim",21605
79.3,759.193,-6.54,-468.38,-203.42,0.003,16.86,12.12,0.11,0.0321,2.3025,12.28,37298.98,7.57,97.12,8.045,-0,-0.9998,153.91,150.19,135.61,25.01,Cornering,"Hoosier 43075 16x7.5-10 R20, 7 inch rim",21606
79.3,759.203,-5.72,-469.65,-205.15,0.012,17.05,12.43,0.11,0.0279,2.2893,12.17,37294,7.57,97.14,8.003,-0,-0.9998,153.83,149.99,135.75,25.01,Cornering,"Hoosier 43075 16x7.5-10 R20, 7 inch rim",21607
79.27,759.213,-4.73,-470.88,-206.25,0.003,16.72,12.5,0.04,0.0229,2.283,12.05,96123.09,7.57,97.11,7.956,-0,-0.9999,153.72,149.86,135.83,24.99,Cornering,"Hoosier 43075 16x7.5-10 R20, 7 inch rim",21608
79.29,759.223,-2.97,-470.58,-206.68,0.007,17.13,12.98,0.04,0.0144,2.2768,12,96133.08,7.57,97.11,7.912,-0,-0.9999,153.61,149.82,135.87,24.99,Cornering,"Hoosier 43075 16x7.5-10 R20, 7 inch rim",21609
79.31,759.233,-1.67,-469.18,-205.52,0.01,16.09,13.23,0.18,0.0081,2.2829,12.03,23111.97,7.57,97.09,7.873,-0,-0.9997,153.64,149.82,135.85,24.98,Cornering,"Hoosier 43075 16x7.5-10 R20, 7 inch rim",21610
79.28,759.243,-0.73,-466.38,-204.13,0.01,16.42,13.61,0.11,0.0036,2.2847,12.11,37265.25,7.57,97.05,7.837,-0,-0.9998,153.59,149.8,135.73,24.98,Cornering,"Hoosier 43075 16x7.5-10 R20, 7 inch rim",21611
79.27,759.253,-0.67,-463.75,-202.45,0.019,16.43,13.94,0.25,0.0033,2.2907,12.22,16750.04,7.57,97.02,7.794,-0,-0.9995,153.51,149.66,135.61,24.97,Cornering,"Hoosier 43075 16x7.5-10 R20, 7 inch rim",21612
79.31,759.263,-1.37,-461.22,-200.58,0.003,16.96,14.35,0.11,0.0068,2.2994,12.31,37238.25,7.57,97.01,7.749,-0,-0.9998,153.55,149.66,135.51,24.96,Cornering,"Hoosier 43075 16x7.5-10 R20, 7 inch rim",21613
79.31,759.273,-1.75,-461.09,-200.19,0.013,16.63,15.78,0.11,0.0087,2.3033,12.36,37207.41,7.57,96.99,7.704,-0,-0.9998,153.59,149.8,135.45,24.93,Cornering,"Hoosier 43075 16x7.5-10 R20, 7 inch rim",21614
79.27,759.283,-3.12,-460.91,-201.18,-0,17.67,16.19,0.11,0.0155,2.291,12.33,37220.04,7.57,96.94,7.657,-0,-0.9998,153.55,149.88,135.43,24.94,Cornering,"Hoosier 43075 16x7.5-10 R20, 7 inch rim",21615
79.28,759.293,-3.14,-462.18,-202.06,0.01,17.13,17.81,0.11,0.0155,2.2874,12.25,37222.08,7.57,96.91,7.633,-0,-0.9998,153.51,149.91,135.53,24.94,Cornering,"Hoosier 43075 16x7.5-10 R20, 7 inch rim",21616
79.31,759.303,-3.52,-463.6,-203.59,0.01,16.7,18.06,0.04,0.0173,2.2771,12.13,96071.8,7.57,96.9,7.581,-0,-0.9999,153.36,149.8,135.69,24.96,Cornering,"Hoosier 43075 16x7.5-10 R20, 7 inch rim",21617
79.29,759.313,-3.06,-465.14,-204.95,-0.002,16.45,18.22,0.18,0.0149,2.2695,12.02,23118.6,7.57,96.94,7.542,-0,-0.9997,153.23,149.58,135.81,24.97,Cornering,"Hoosier 43075 16x7.5-10 R20, 7 inch rim",21618
79.27,759.323,-2.3,-466.55,-206.92,0.004,16.98,18.4,0.11,0.0111,2.2547,11.99,37302.11,7.57,96.95,7.502,-0,-0.9998,153.04,149.47,135.89,24.98,Cornering,"Hoosier 43075 16x7.5-10 R20, 7 inch rim",21619
79.29,759.333,-1.04,-466.56,-207.49,0.009,17.32,18.57,0.11,0.005,2.2486,12.01,37314.64,7.57,97,7.455,-0,-0.9998,152.99,149.4,135.93,24.99,Cornering,"Hoosier 43075 16x7.5-10 R20, 7 inch rim",21620
79.31,759.343,-0.13,-465.3,-206.64,0.001,16.98,18.18,0.18,0.0006,2.2517,12.11,23135.46,7.57,97.04,7.422,-0,-0.9997,152.82,149.44,135.87,24.98,Cornering,"Hoosier 43075 16x7.5-10 R20, 7 inch rim",21621
79.28,759.353,0.11,-462.99,-204.77,0.017,16.16,17.43,0.18,-0.0006,2.261,12.25,23126.59,7.57,97.09,7.385,-0,-0.9997,152.73,149.4,135.75,24.97,Cornering,"Hoosier 43075 16x7.5-10 R20, 7 inch rim",21622
79.28,759.363,-0.28,-459.69,-203.12,0.006,16.79,16.64,0.18,0.0014,2.2631,12.36,23128.24,7.57,97.14,7.352,-0,-0.9997,152.63,149.33,135.55,24.97,Cornering,"Hoosier 43075 16x7.5-10 R20, 7 inch rim",21623
79.3,759.373,-0.7,-457.21,-201.7,0.01,17.04,16.86,0.18,0.0035,2.2668,12.4,23140.69,7.57,97.2,7.318,-0,-0.9997,152.52,149.33,135.45,24.98,Cornering,"Hoosier 43075 16x7.5-10 R20, 7 inch rim",21624
79.3,759.383,-1.82,-455.81,-200.84,0.009,16.89,17.14,0.11,0.0091,2.2695,12.4,37346.88,7.57,97.18,7.27,-0,-0.9998,152.5,149.44,135.35,25,Cornering,"Hoosier 43075 16x7.5-10 R20, 7 inch rim",21625
79.27,759.393,-3.15,-455.79,-201.07,-0,17.11,17.15,0.04,0.0157,2.2668,12.33,96414.05,7.57,97.2,7.226,-0,-0.9999,152.46,149.53,135.31,25.03,Cornering,"Hoosier 43075 16x7.5-10 R20, 7 inch rim",21626
79.29,759.403,-4.2,-456.29,-201.9,0.007,16.64,17.59,0.11,0.0208,2.26,12.18,37396.53,7.57,97.24,7.19,-0,-0.9998,152.43,149.62,135.41,25.03,Cornering,"Hoosier 43075 16x7.5-10 R20, 7 inch rim",21627
79.31,759.413,-4.79,-457.53,-203.54,0.001,16.47,17.56,0.04,0.0235,2.2478,12.05,96405.12,7.57,97.27,7.16,-0,-0.9999,152.35,149.49,135.53,25.02,Cornering,"Hoosier 43075 16x7.5-10 R20, 7 inch rim",21628
79.28,759.423,-4.6,-459.26,-205.42,0.006,16.19,17.62,0.11,0.0224,2.2357,11.95,37341.19,7.57,97.3,7.123,-0,-0.9998,152.16,149.31,135.69,24.99,Cornering,"Hoosier 43075 16x7.5-10 R20, 7 inch rim",21629
79.28,759.433,-4.6,-460.5,-207.19,0.003,16.55,16.78,0.11,0.0222,2.2226,11.95,37319.1,7.57,97.33,7.073,-0,-0.9998,152.03,149.16,135.79,24.97,Cornering,"Hoosier 43075 16x7.5-10 R20, 7 inch rim",21630
79.31,759.443,-3.89,-460.69,-207.62,0.017,15.98,16.24,0.18,0.0187,2.2189,11.99,23138.26,7.57,97.36,7.037,-0,-0.9997,151.9,149.07,135.89,24.96,Cornering,"Hoosier 43075 16x7.5-10 R20, 7 inch rim",21631
79.3,759.453,-2.73,-459.57,-207.32,0.004,16.3,15.99,0.11,0.0132,2.2167,12.09,37298.84,7.57,97.39,6.998,-0,-0.9998,151.79,149.05,135.89,24.96,Cornering,"Hoosier 43075 16x7.5-10 R20, 7 inch rim",21632
79.27,759.463,-1.97,-456.94,-206.24,0.012,16.22,15.72,0.11,0.0095,2.2155,12.22,37275.15,7.57,97.43,6.968,-0,-0.9998,151.66,149,135.83,24.94,Cornering,"Hoosier 43075 16x7.5-10 R20, 7 inch rim",21633
79.29,759.473,-1.6,-453.03,-204.14,0.006,16.33,15.63,0.04,0.0078,2.2192,12.34,96118.38,7.57,97.48,6.917,-0,-0.9999,151.55,148.96,135.69,24.93,Cornering,"Hoosier 43075 16x7.5-10 R20, 7 inch rim",21634
79.31,759.483,-2.17,-449.92,-202.45,0.007,16.53,15.7,0.11,0.0107,2.2224,12.38,37307.53,7.57,97.46,6.884,-0,-0.9998,151.43,148.78,135.69,24.96,Cornering,"Hoosier 43075 16x7.5-10 R20, 7 inch rim",21635
79.28,759.493,-2.81,-448.05,-201.44,0.004,16.56,16.59,0.11,0.0139,2.2243,12.34,37328.4,7.57,97.45,6.837,-0,-0.9998,151.28,148.83,135.51,24.97,Cornering,"Hoosier 43075 16x7.5-10 R20, 7 inch rim",21636
79.27,759.503,-3.42,-447.27,-201.69,0.001,16.82,18.02,0.11,0.017,2.2176,12.25,37357.5,7.57,97.42,6.795,-0,-0.9998,151.25,148.83,135.51,24.98,Cornering,"Hoosier 43075 16x7.5-10 R20, 7 inch rim",21637
79.3,759.513,-4.33,-447.28,-202.92,0.003,17.3,18.89,0.11,0.0213,2.2043,12.14,37378.01,7.57,97.41,6.752,-0,-0.9998,151.23,148.89,135.57,25,Cornering,"Hoosier 43075 16x7.5-10 R20, 7 inch rim",21638
79.3,759.523,-4.81,-448.08,-204.28,0.001,16.44,19.41,0.18,0.0236,2.1935,12.06,23185.66,7.57,97.39,6.712,-0,-0.9997,151.17,148.76,135.75,25,Cornering,"Hoosier 43075 16x7.5-10 R20, 7 inch rim",21639
79.27,759.533,-4.47,-449.35,-206.42,0.01,16.33,19.94,0.18,0.0216,2.1768,12.01,23198.43,7.57,97.38,6.668,-0,-0.9997,151,148.56,135.93,25.01,Cornering,"Hoosier 43075 16x7.5-10 R20, 7 inch rim",21640
79.28,759.543,-3.81,-450.28,-207.82,0.004,16.02,20.05,0.11,0.0183,2.1667,12.07,37430.36,7.57,97.4,6.629,-0,-0.9998,150.83,148.34,136.14,25.03,Cornering,"Hoosier 43075 16x7.5-10 R20, 7 inch rim",21641
79.31,759.553,-2.64,-450.74,-208.53,-0.005,15.61,20.14,0.11,0.0127,2.1615,12.15,37450.39,7.58,97.43,6.592,-0,-0.9998,150.74,148.21,136.24,25.04,Cornering,"Hoosier 43075 16x7.5-10 R20, 7 inch rim",21642
79.28,759.563,-1.32,-450.13,-209.04,0.003,16.05,20.11,0.04,0.0063,2.1533,12.25,96634.74,7.58,97.44,6.552,-0,-0.9999,150.63,148.03,136.34,25.05,Cornering,"Hoosier 43075 16x7.5-10 R20, 7 inch rim",21643
79.27,759.573,-0.15,-447.47,-207.81,-0.002,16.27,20.1,0.04,0.0007,2.1532,12.32,96531.37,7.58,97.46,6.506,-0,-0.9999,150.53,147.97,136.26,25.02,Cornering,"Hoosier 43075 16x7.5-10 R20, 7 inch rim",21644
79.3,759.583,0.45,-444.52,-205.74,0.004,15.69,20,0.11,-0.0022,2.1606,12.34,37407.96,7.58,97.43,6.457,-0,-0.9998,150.4,147.9,136.2,25,Cornering,"Hoosier 43075 16x7.5-10 R20, 7 inch rim",21645
79.31,759.593,0.35,-440.79,-204.13,0.007,16.3,20.16,0.04,-0.0017,2.1594,12.29,96388.89,7.58,97.43,6.428,-0,-0.9999,150.22,147.7,136.05,24.98,Cornering,"Hoosier 43075 16x7.5-10 R20, 7 inch rim",21646
79.28,759.603,-0.32,-438.44,-202.66,-0,16.07,20.5,0.18,0.0016,2.1634,12.18,23178.37,7.58,97.44,6.391,-0,-0.9997,150.12,147.57,135.89,24.97,Cornering,"Hoosier 43075 16x7.5-10 R20, 7 inch rim",21647
79.28,759.613,-1.52,-437.22,-202.23,0.009,15.95,21.01,0.11,0.0075,2.162,12.07,37389.15,7.58,97.42,6.354,-0,-0.9998,150.07,147.64,135.89,24.98,Cornering,"Hoosier 43075 16x7.5-10 R20, 7 inch rim",21648
79.31,759.623,-3.13,-436.91,-203.11,0.007,16.43,20.99,0.04,0.0154,2.151,11.99,96500.66,7.58,97.43,6.304,-0,-0.9999,150.01,147.7,135.87,25,Cornering,"Hoosier 43075 16x7.5-10 R20, 7 inch rim",21649
79.29,759.633,-3.68,-437.36,-204.31,-0.005,16.24,21.67,0.11,0.018,2.1407,11.97,37438.43,7.58,97.44,6.268,-0,-0.9998,149.84,147.66,135.93,25.01,Cornering,"Hoosier 43075 16x7.5-10 R20, 7 inch rim",21650
79.27,759.643,-4.22,-438.02,-205.7,0.009,15.92,21.5,0.11,0.0205,2.1294,12.04,37466.61,7.58,97.48,6.237,-0,-0.9998,149.71,147.46,136.16,25.03,Cornering,"Hoosier 43075 16x7.5-10 R20, 7 inch rim",21651
79.29,759.653,-4.42,-438.95,-206.78,-0,15.17,20.9,0.25,0.0214,2.1228,12.16,16839.8,7.58,97.53,6.207,-0,-0.9995,149.45,147.22,136.34,25.03,Cornering,"Hoosier 43075 16x7.5-10 R20, 7 inch rim",21652
79.31,759.663,-3.25,-439.74,-208.54,0.006,15.43,21.05,0.25,0.0156,2.1087,12.28,16825.8,7.58,97.57,6.154,-0,-0.9995,149.26,147.04,136.44,25,Cornering,"Hoosier 43075 16x7.5-10 R20, 7 inch rim",21653
79.28,759.673,-2.18,-438.81,-209.3,0.009,16.66,20.85,0.18,0.0104,2.0965,12.39,23195.3,7.58,97.58,6.118,-0,-0.9997,149.11,146.93,136.54,24.98,Cornering,"Hoosier 43075 16x7.5-10 R20, 7 inch rim",21654
79.28,759.683,-1.37,-436.78,-208.34,0.006,16.02,20.14,0.11,0.0066,2.0965,12.41,37390.21,7.58,97.59,6.082,-0,-0.9998,148.98,146.85,136.52,24.97,Cornering,"Hoosier 43075 16x7.5-10 R20, 7 inch rim",21655
79.31,759.693,-1.17,-433.67,-207.18,0.01,16.69,19.43,0.11,0.0056,2.0932,12.37,37375.87,7.58,97.61,6.036,-0,-0.9998,148.81,146.78,136.44,24.96,Cornering,"Hoosier 43075 16x7.5-10 R20, 7 inch rim",21656
79.29,759.703,-1.29,-430.55,-204.77,0.003,15.56,19.02,0.04,0.0063,2.1026,12.28,96375.49,7.58,97.61,5.992,-0,-0.9999,148.66,146.6,136.32,24.96,Cornering,"Hoosier 43075 16x7.5-10 R20, 7 inch rim",21657
79.27,759.713,-2.21,-427.93,-203.46,0.016,15.74,18.96,0.04,0.0108,2.1032,12.15,96359.81,7.58,97.59,5.952,-0,-0.9999,148.49,146.45,136.2,24.95,Cornering,"Hoosier 43075 16x7.5-10 R20, 7 inch rim",21658
79.29,759.723,-2.91,-426.03,-202.72,0.001,15.95,19.69,0.18,0.0144,2.1016,12.04,23176.46,7.58,97.6,5.919,-0,-0.9997,148.44,146.45,136.12,24.95,Cornering,"Hoosier 43075 16x7.5-10 R20, 7 inch rim",21659
79.31,759.733,-4.26,-425.1,-202.88,-0.003,15.89,20.01,0.18,0.021,2.0953,11.99,23161.79,7.58,97.59,5.882,-0,-0.9997,148.4,146.54,136.12,24.93,Cornering,"Hoosier 43075 16x7.5-10 R20, 7 inch rim",21660
79.28,759.743,-4.98,-424.96,-203.93,-0.005,15.39,20.9,0.18,0.0244,2.0838,12.03,23158.26,7.59,97.57,5.834,-0,-0.9997,148.32,146.49,136.16,24.93,Cornering,"Hoosier 43075 16x7.5-10 R20, 7 inch rim",21661
79.27,759.753,-4.87,-425.3,-206,0.006,15.78,21.8,0.04,0.0237,2.0645,12.1,96296.12,7.58,97.54,5.794,-0,-0.9999,148.21,146.32,136.36,24.93,Cornering,"Hoosier 43075 16x7.5-10 R20, 7 inch rim",21662
79.31,759.763,-4.6,-425.94,-207.15,0.01,14.57,22.18,0.18,0.0222,2.0562,12.22,23161.66,7.58,97.54,5.747,-0,-0.9997,148.01,146.12,136.52,24.93,Cornering,"Hoosier 43075 16x7.5-10 R20, 7 inch rim",21663
79.3,759.773,-3.94,-426.25,-209.15,0.007,15.57,22.3,0.11,0.0188,2.038,12.28,37352.72,7.58,97.5,5.718,-0,-0.9998,147.82,145.97,136.64,24.93,Cornering,"Hoosier 43075 16x7.5-10 R20, 7 inch rim",21664
79.27,759.783,-2.62,-426.26,-209.68,0.01,15.17,22.57,0.11,0.0125,2.0329,12.3,37372.82,7.58,97.49,5.674,-0,-0.9998,147.76,145.77,136.72,24.94,Cornering,"Hoosier 43075 16x7.5-10 R20, 7 inch rim",21665
79.29,759.793,-1.72,-424.86,-209.42,0.007,15.15,22.2,0.18,0.0082,2.0288,12.26,23187.52,7.59,97.46,5.634,-0,-0.9997,147.61,145.68,136.78,24.95,Cornering,"Hoosier 43075 16x7.5-10 R20, 7 inch rim",21666
79.31,759.803,-0.8,-422.04,-207.67,-0.002,15.12,22,0.18,0.0038,2.0322,12.17,23199.8,7.59,97.49,5.594,-0,-0.9997,147.41,145.68,136.68,24.96,Cornering,"Hoosier 43075 16x7.5-10 R20, 7 inch rim",21667
79.28,759.813,-0.52,-418.61,-206.55,0.001,15.73,21.93,0.25,0.0025,2.0267,12.05,16811.76,7.59,97.52,5.552,-0,-0.9995,147.33,145.57,136.6,24.96,Cornering,"Hoosier 43075 16x7.5-10 R20, 7 inch rim",21668
79.27,759.823,-0.44,-415.82,-204.44,0.007,15.19,22.78,0.11,0.0022,2.034,12,37390.7,7.59,97.48,5.522,-0,-0.9998,147.2,145.5,136.48,24.95,Cornering,"Hoosier 43075 16x7.5-10 R20, 7 inch rim",21669
79.3,759.833,-1.18,-413.49,-203.53,0.003,15.17,23.32,0.18,0.0058,2.0315,11.96,23183.09,7.59,97.48,5.463,-0,-0.9997,147.14,145.48,136.4,24.94,Cornering,"Hoosier 43075 16x7.5-10 R20, 7 inch rim",21670
79.31,759.843,-2.1,-412.09,-203.52,0.004,15.63,24.18,0.11,0.0103,2.0248,12.03,37370.06,7.59,97.46,5.43,-0,-0.9998,147.03,145.57,136.36,24.93,Cornering,"Hoosier 43075 16x7.5-10 R20, 7 inch rim",21671
79.28,759.853,-3.51,-411.35,-203.88,0.014,14.98,24.44,0.11,0.0172,2.0176,12.15,37398.55,7.59,97.46,5.389,-0,-0.9998,147.05,145.68,136.4,24.95,Cornering,"Hoosier 43075 16x7.5-10 R20, 7 inch rim",21672
79.28,759.863,-4.09,-411.66,-205.66,0.012,15.26,24.94,0.04,0.0199,2.0017,12.29,96521.67,7.59,97.48,5.352,-0,-0.9999,146.96,145.68,136.56,24.97,Cornering,"Hoosier 43075 16x7.5-10 R20, 7 inch rim",21673
79.31,759.873,-4.31,-412.14,-207.48,0.01,15.23,24.98,0.04,0.0208,1.9864,12.38,96570.96,7.59,97.49,5.322,-0,-0.9999,146.79,145.42,136.76,24.98,Cornering,"Hoosier 43075 16x7.5-10 R20, 7 inch rim",21674
79.29,759.883,-4.24,-413.08,-208.94,0.006,14.65,24.77,0.11,0.0203,1.977,12.43,37474.82,7.59,97.53,5.272,-0,-0.9998,146.58,145.26,136.92,25,Cornering,"Hoosier 43075 16x7.5-10 R20, 7 inch rim",21675
79.27,759.893,-3.42,-413.09,-209.91,0.014,15.02,24.75,0.11,0.0163,1.968,12.41,37486.02,7.59,97.57,5.227,-0,-0.9998,146.45,145.09,137.04,25,Cornering,"Hoosier 43075 16x7.5-10 R20, 7 inch rim",21676
79.3,759.903,-2.2,-412.14,-209.73,0.004,14.79,24.63,0.11,0.0105,1.9651,12.3,37453.2,7.59,97.58,5.193,-0,-0.9998,146.3,144.95,137.09,24.98,Cornering,"Hoosier 43075 16x7.5-10 R20, 7 inch rim",21677
79.3,759.913,-0.9,-409.97,-208.57,0.009,14.6,24.57,0.11,0.0043,1.9656,12.19,37455.27,7.59,97.57,5.156,-0,-0.9998,146.21,144.84,137.04,24.98,Cornering,"Hoosier 43075 16x7.5-10 R20, 7 inch rim",21678
79.27,759.923,-0.58,-406.68,-206.51,0.001,14.71,24.05,0.11,0.0028,1.9693,12.06,37449.27,7.59,97.56,5.107,-0,-0.9998,146.08,144.73,136.98,24.97,Cornering,"Hoosier 43075 16x7.5-10 R20, 7 inch rim",21679
79.28,759.933,-1.17,-403.4,-204.67,-0.002,14.8,23.56,0.04,0.0057,1.971,11.97,96629.8,7.59,97.54,5.07,-0,-0.9999,145.93,144.58,136.84,24.98,Cornering,"Hoosier 43075 16x7.5-10 R20, 7 inch rim",21680
79.3,759.943,-1.9,-400.92,-203.48,0.003,14.72,23.83,0.04,0.0094,1.9703,11.98,96658.44,7.6,97.54,5.025,-0,-0.9999,145.83,144.54,136.68,24.99,Cornering,"Hoosier 43075 16x7.5-10 R20, 7 inch rim",21681
79.29,759.953,-3.17,-399.38,-202.94,0.004,14.3,24.18,0.04,0.0156,1.9679,12.04,96617.59,7.6,97.52,4.997,-0,-0.9999,145.78,144.56,136.66,24.98,Cornering,"Hoosier 43075 16x7.5-10 R20, 7 inch rim",21682
79.27,759.963,-4.58,-398.31,-203.24,0.01,14.12,24.43,0.11,0.0225,1.9598,12.17,37474.96,7.59,97.54,4.954,-0,-0.9998,145.76,144.6,136.72,24.98,Cornering,"Hoosier 43075 16x7.5-10 R20, 7 inch rim",21683
79.3,759.973,-5.19,-398.3,-204.98,0.003,14.72,25,0.11,0.0253,1.9432,12.28,37485.85,7.59,97.54,4.912,-0,-0.9998,145.65,144.51,136.8,24.99,Cornering,"Hoosier 43075 16x7.5-10 R20, 7 inch rim",21684
79.31,759.983,-5.34,-398.63,-205.92,0.003,13.6,25.7,0.11,0.0259,1.9358,12.34,37496.73,7.6,97.49,4.871,-0,-0.9998,145.5,144.29,137,25,Cornering,"Hoosier 43075 16x7.5-10 R20, 7 inch rim",21685
79.28,759.993,-4.81,-399.12,-208.41,0.01,14.49,25.94,0.11,0.0231,1.9151,12.33,37507.37,7.59,97.46,4.833,-0,-0.9998,145.33,144.12,137.15,25,Cornering,"Hoosier 43075 16x7.5-10 R20, 7 inch rim",21686
79.28,760.003,-3.72,-398.94,-209.14,-0.003,14.48,26.2,0.11,0.0178,1.9076,12.28,37501.04,7.6,97.41,4.788,-0,-0.9998,145.16,143.94,137.23,25,Cornering,"Hoosier 43075 16x7.5-10 R20, 7 inch rim",21687
79.3,760.013,-2.53,-398.18,-209.53,0.004,14.66,26.25,0.04,0.0121,1.9003,12.17,96695.7,7.6,97.36,4.75,-0,-0.9999,144.99,143.79,137.23,24.99,Cornering,"Hoosier 43075 16x7.5-10 R20, 7 inch rim",21688
79.29,760.023,-1.2,-396.31,-208.34,0.003,14.11,26.39,0.04,0.0058,1.9023,12.11,96699.63,7.6,97.33,4.72,-0,-0.9999,144.93,143.7,137.27,24.99,Cornering,"Hoosier 43075 16x7.5-10 R20, 7 inch rim",21689
79.27,760.033,-1.03,-393.36,-206.83,0.009,14.48,25.78,0.25,0.005,1.9019,12.07,16856.87,7.6,97.33,4.677,-0,-0.9995,144.82,143.59,137.21,24.99,Cornering,"Hoosier 43075 16x7.5-10 R20, 7 inch rim",21690
79.29,760.043,-0.47,-390.25,-204.73,0.012,14.02,26.4,0.11,0.0023,1.9062,12.12,37525.46,7.6,97.33,4.649,-0,-0.9998,144.67,143.5,137.13,25.01,Cornering,"Hoosier 43075 16x7.5-10 R20, 7 inch rim",21691
79.3,760.053,-1.33,-386.98,-203.5,0.012,14.77,26.41,0.18,0.0065,1.9016,12.22,23276.92,7.6,97.33,4.596,-0,-0.9997,144.54,143.32,136.98,25.01,Cornering,"Hoosier 43075 16x7.5-10 R20, 7 inch rim",21692
79.28,760.063,-2.38,-384.5,-202.56,0.013,14.41,27.01,0.04,0.0118,1.8982,12.33,96764.52,7.6,97.33,4.564,-0,-0.9999,144.54,143.28,136.94,25,Cornering,"Hoosier 43075 16x7.5-10 R20, 7 inch rim",21693
79.27,760.073,-4.08,-383.43,-202.75,0.016,13.76,27.18,0.11,0.0201,1.8911,12.39,37479.81,7.6,97.32,4.516,-0,-0.9998,144.47,143.39,136.96,24.97,Cornering,"Hoosier 43075 16x7.5-10 R20, 7 inch rim",21694
79.3,760.083,-4.47,-382.65,-203.48,0.01,13.59,28.22,0.04,0.0219,1.8805,12.39,96640.45,7.6,97.33,4.48,-0,-0.9999,144.41,143.37,137.02,24.97,Cornering,"Hoosier 43075 16x7.5-10 R20, 7 inch rim",21695
79.3,760.093,-5.33,-382.33,-205.2,-0.003,13.63,27.97,0.11,0.026,1.8632,12.33,37491.8,7.6,97.34,4.447,-0,-0.9998,144.35,143.21,137.17,24.98,Cornering,"Hoosier 43075 16x7.5-10 R20, 7 inch rim",21696
79.28,760.103,-4.97,-382.35,-206.68,0.003,13.28,28.37,0.04,0.024,1.8499,12.2,96807.31,7.6,97.35,4.4,-0,-0.9999,144.09,142.97,137.37,25.01,Cornering,"Hoosier 43075 16x7.5-10 R20, 7 inch rim",21697
79.28,760.113,-4.93,-382.53,-208.13,0.007,12.93,27.65,0.11,0.0237,1.8379,12.06,37574.01,7.6,97.35,4.364,-0,-0.9998,143.96,142.77,137.47,25.03,Cornering,"Hoosier 43075 16x7.5-10 R20, 7 inch rim",21698
79.31,760.123,-3.37,-381.44,-208.85,0.01,13.65,28.07,0.11,0.0161,1.8264,11.98,37601.51,7.6,97.35,4.334,-0,-0.9998,143.83,142.62,137.53,25.05,Cornering,"Hoosier 43075 16x7.5-10 R20, 7 inch rim",21699
79.29,760.133,-2.59,-379.89,-208.43,0.013,13.73,27.48,0.11,0.0124,1.8226,11.93,37603.62,7.6,97.36,4.288,-0,-0.9998,143.72,142.53,137.49,25.05,Cornering,"Hoosier 43075 16x7.5-10 R20, 7 inch rim",21700
79.27,760.143,-1.97,-377.23,-206.69,0.007,13.63,27.03,0.04,0.0095,1.8251,12,96916.48,7.6,97.38,4.236,-0,-0.9999,143.68,142.42,137.43,25.03,Cornering,"Hoosier 43075 16x7.5-10 R20, 7 inch rim",21701
79.3,760.153,-1.85,-373.81,-204.81,0.007,13.26,26.8,0.04,0.009,1.8251,12.11,96852.97,7.6,97.41,4.203,-0,-0.9999,143.51,142.36,137.31,25.01,Cornering,"Hoosier 43075 16x7.5-10 R20, 7 inch rim",21702
79.3,760.163,-2.7,-370.22,-202.89,0.006,13.14,26.48,0.25,0.0133,1.8248,12.26,16875.78,7.6,97.41,4.155,-0,-0.9995,143.44,142.27,137.21,25,Cornering,"Hoosier 43075 16x7.5-10 R20, 7 inch rim",21703
79.28,760.173,-3.58,-367.28,-201.74,0.009,12.5,27.12,0.11,0.0177,1.8206,12.38,37558.79,7.61,97.38,4.123,-0,-0.9998,143.34,142.22,137.19,25.01,Cornering,"Hoosier 43075 16x7.5-10 R20, 7 inch rim",21704
79.29,760.183,-4.82,-364.94,-202.42,-0,13.13,27.64,0.18,0.0238,1.8029,12.45,23307.84,7.61,97.34,4.083,-0,-0.9997,143.27,142.27,137.21,25.03,Cornering,"Hoosier 43075 16x7.5-10 R20, 7 inch rim",21705
79.31,760.193,-5.68,-363.12,-203.26,0.014,13.27,28.34,-0.03,0.0279,1.7865,12.45,-167439.69,7.6,97.34,4.04,-0,-1,143.27,142.31,137.33,25.03,Cornering,"Hoosier 43075 16x7.5-10 R20, 7 inch rim",21706
79.29,760.203,-6.09,-362.18,-204.5,0.006,12.72,28.82,0.04,0.0298,1.7711,12.38,96988.08,7.61,97.36,4,-0,-0.9999,143.19,142.16,137.47,25.04,Cornering,"Hoosier 43075 16x7.5-10 R20, 7 inch rim",21707
79.26,760.213,-5.84,-361.42,-206.06,0.007,12.7,29.17,0.18,0.0283,1.754,12.24,23327.37,7.61,97.42,3.957,-0,-0.9997,142.95,141.98,137.69,25.04,Cornering,"Hoosier 43075 16x7.5-10 R20, 7 inch rim",21708
79.3,760.223,-5.25,-360.97,-208.04,0.007,13.02,29.17,0.11,0.0252,1.7351,12.09,37593.82,7.61,97.45,3.914,-0,-0.9998,142.8,141.81,137.83,25.03,Cornering,"Hoosier 43075 16x7.5-10 R20, 7 inch rim",21709
79.31,760.233,-3.54,-360.03,-208.38,-0,12.4,29.67,0.04,0.017,1.7278,12,97001.05,7.61,97.47,3.88,-0,-0.9999,142.54,141.65,138.01,25.04,Cornering,"Hoosier 43075 16x7.5-10 R20, 7 inch rim",21710
79.27,760.243,-2.27,-358.5,-208.92,0.014,12.84,29.76,0.04,0.0109,1.716,12.01,96982.82,7.61,97.5,3.84,-0,-0.9999,142.48,141.56,137.97,25.04,Cornering,"Hoosier 43075 16x7.5-10 R20, 7 inch rim",21711
79.28,760.253,-1.84,-356.15,-206.94,0.004,11.72,28.93,0.04,0.0089,1.721,12.06,96986.7,7.61,97.5,3.802,-0,-0.9999,142.35,141.48,137.99,25.04,Cornering,"Hoosier 43075 16x7.5-10 R20, 7 inch rim",21712
79.31,760.263,-1.43,-352.56,-205.17,-0.002,11.8,28.74,0.11,0.007,1.7183,12.16,37608.92,7.61,97.48,3.757,-0,-0.9998,142.18,141.5,137.91,25.04,Cornering,"Hoosier 43075 16x7.5-10 R20, 7 inch rim",21713
79.3,760.273,-2.09,-348.83,-203.84,0.004,11.98,28.17,0.04,0.0103,1.7113,12.28,96972.33,7.61,97.47,3.724,-0,-0.9999,141.99,141.39,137.87,25.03,Cornering,"Hoosier 43075 16x7.5-10 R20, 7 inch rim",21714
79.27,760.283,-3.02,-345.1,-202.72,0.006,11.99,28.05,0.04,0.0149,1.7024,12.33,96975.94,7.61,97.42,3.688,-0,-0.9999,141.92,141.39,137.77,25.03,Cornering,"Hoosier 43075 16x7.5-10 R20, 7 inch rim",21715
79.3,760.293,-3.99,-341.69,-202.41,0.006,12.32,28.65,0.11,0.0197,1.6881,12.32,37596.53,7.61,97.37,3.628,-0,-0.9998,141.88,141.41,137.73,25.03,Cornering,"Hoosier 43075 16x7.5-10 R20, 7 inch rim",21716
79.3,760.303,-5.04,-339.39,-203.38,0.016,12.2,28.96,0.18,0.0248,1.6688,12.27,23330.91,7.61,97.34,3.596,-0,-0.9997,141.81,141.48,137.79,25.04,Cornering,"Hoosier 43075 16x7.5-10 R20, 7 inch rim",21717
79.28,760.313,-5.83,-337.2,-204.79,-0,12.77,29.02,0.04,0.0285,1.6465,12.16,97011.62,7.61,97.34,3.553,-0,-0.9999,141.79,141.34,137.93,25.04,Cornering,"Hoosier 43075 16x7.5-10 R20, 7 inch rim",21718
79.28,760.323,-6.17,-336.29,-206.07,-0.002,11.51,29.01,0.11,0.03,1.6319,12.05,37592.07,7.61,97.33,3.515,-0,-0.9998,141.64,141.15,138.1,25.02,Cornering,"Hoosier 43075 16x7.5-10 R20, 7 inch rim",21719
79.31,760.333,-5.69,-334.9,-207.69,0.001,11.86,28.99,0.11,0.0274,1.6125,12,37567.41,7.61,97.32,3.475,-0,-0.9998,141.47,140.9,138.26,25,Cornering,"Hoosier 43075 16x7.5-10 R20, 7 inch rim",21720
79.3,760.343,-4.95,-333.69,-209.04,0.012,11.74,28.84,0.25,0.0237,1.5963,12,16888.61,7.61,97.31,3.443,-0,-0.9995,141.3,140.77,138.36,25,Cornering,"Hoosier 43075 16x7.5-10 R20, 7 inch rim",21721
79.27,760.353,-3.53,-331.81,-209.55,0.003,12.02,28.96,0.11,0.0168,1.5834,12.09,37579.1,7.61,97.33,3.392,-0,-0.9998,141.21,140.66,138.42,25.01,Cornering,"Hoosier 43075 16x7.5-10 R20, 7 inch rim",21722
79.29,760.363,-2.64,-329.48,-208.53,0.007,11.34,28.6,0.11,0.0126,1.58,12.22,37588.82,7.61,97.33,3.363,-0,-0.9998,141.21,140.57,138.34,25.01,Cornering,"Hoosier 43075 16x7.5-10 R20, 7 inch rim",21723
79.31,760.373,-2.25,-326.22,-206.67,0.009,10.89,28.22,0.11,0.0109,1.5784,12.34,37564.39,7.61,97.33,3.314,-0,-0.9998,141.15,140.51,138.28,25,Cornering,"Hoosier 43075 16x7.5-10 R20, 7 inch rim",21724
79.28,760.383,-2.7,-322.03,-204.55,0.013,10.72,27.58,0.11,0.0132,1.5743,12.41,37548.49,7.61,97.34,3.27,-0,-0.9998,141,140.4,138.22,24.98,Cornering,"Hoosier 43075 16x7.5-10 R20, 7 inch rim",21725
79.27,760.393,-3.84,-317.97,-203.26,0.004,10.65,27.16,0.18,0.0189,1.5643,12.41,23274.11,7.62,97.36,3.234,-0,-0.9997,140.96,140.29,138.12,24.97,Cornering,"Hoosier 43075 16x7.5-10 R20, 7 inch rim",21726
79.3,760.403,-4.81,-314.1,-203.24,0.012,11.18,27.47,0.11,0.0237,1.5455,12.33,37507.53,7.61,97.36,3.193,-0,-0.9998,140.89,140.26,138.1,24.96,Cornering,"Hoosier 43075 16x7.5-10 R20, 7 inch rim",21727
79.3,760.413,-5.59,-310.85,-203.51,0.013,11.41,28.11,0.32,0.0275,1.5274,12.2,13216.2,7.61,97.35,3.17,-0,-0.9994,140.87,140.26,138.12,24.94,Cornering,"Hoosier 43075 16x7.5-10 R20, 7 inch rim",21728
79.28,760.423,-6.15,-308.22,-204.64,0.012,11.45,28.68,0.04,0.0301,1.5062,12.06,96735.52,7.62,97.34,3.127,-0,-0.9999,140.74,140.2,138.28,24.96,Cornering,"Hoosier 43075 16x7.5-10 R20, 7 inch rim",21729
79.29,760.433,-6.47,-306.83,-206.59,0.007,11.02,28.88,0.18,0.0313,1.4852,11.97,23255.69,7.62,97.33,3.077,-0,-0.9997,140.63,139.96,138.42,24.94,Cornering,"Hoosier 43075 16x7.5-10 R20, 7 inch rim",21730
79.31,760.443,-6.61,-305.31,-207.88,0.013,10.48,28.31,0.04,0.0318,1.4686,11.92,96696.82,7.62,97.29,3.051,-0,-0.9999,140.42,139.76,138.56,24.94,Cornering,"Hoosier 43075 16x7.5-10 R20, 7 inch rim",21731
79.29,760.453,-5.94,-303.89,-209.34,-0.002,10.33,27.94,0.11,0.0284,1.4517,11.96,37478.21,7.62,97.27,3.021,-0,-0.9998,140.31,139.56,138.68,24.93,Cornering,"Hoosier 43075 16x7.5-10 R20, 7 inch rim",21732
79.27,760.463,-4.95,-301.89,-209.33,0.006,10.1,27.61,0.18,0.0236,1.4422,12.06,23246.74,7.62,97.27,2.981,-0,-0.9997,140.1,139.45,138.68,24.93,Cornering,"Hoosier 43075 16x7.5-10 R20, 7 inch rim",21733
79.29,760.473,-3.96,-299.39,-208.7,-0,10.11,27.23,0.11,0.019,1.4345,12.2,37515.73,7.62,97.29,2.933,-0,-0.9998,140.01,139.32,138.7,24.96,Cornering,"Hoosier 43075 16x7.5-10 R20, 7 inch rim",21734
79.31,760.483,-3.6,-295.81,-206.65,0.004,10,26.34,0.11,0.0174,1.4315,12.33,37525.35,7.62,97.32,2.903,-0,-0.9998,139.95,139.27,138.66,24.96,Cornering,"Hoosier 43075 16x7.5-10 R20, 7 inch rim",21735
79.27,760.493,-4.12,-292.38,-204.66,-0.003,9.23,25.31,0.11,0.0202,1.4286,12.39,37526.49,7.62,97.33,2.865,-0,-0.9998,139.84,139.16,138.62,24.96,Cornering,"Hoosier 43075 16x7.5-10 R20, 7 inch rim",21736
79.28,760.503,-4.83,-287.71,-202.95,-0.002,9.3,24.81,0.11,0.0238,1.4177,12.37,37545.09,7.62,97.31,2.825,-0,-0.9998,139.71,139.05,138.46,24.97,Cornering,"Hoosier 43075 16x7.5-10 R20, 7 inch rim",21737
79.31,760.513,-6.2,-283.36,-202.57,-0.002,10.04,24.48,0.04,0.0306,1.3988,12.28,96763.3,7.62,97.33,2.772,-0,-0.9999,139.65,139.01,138.44,24.96,Cornering,"Hoosier 43075 16x7.5-10 R20, 7 inch rim",21738
79.3,760.523,-7.57,-279.84,-203.18,0.019,10.27,24.55,0.04,0.0373,1.3773,12.17,96766.3,7.62,97.33,2.73,-0,-0.9999,139.67,139.1,138.48,24.96,Cornering,"Hoosier 43075 16x7.5-10 R20, 7 inch rim",21739
79.27,760.533,-8.79,-277.04,-203.42,0.007,9.1,24.62,0.04,0.0432,1.3619,12.06,96791.74,7.62,97.33,2.688,-0,-0.9999,139.69,139.03,138.58,24.96,Cornering,"Hoosier 43075 16x7.5-10 R20, 7 inch rim",21740
79.29,760.543,-9.24,-274.73,-205.6,0.012,9.54,24.93,0.11,0.045,1.3363,12.03,37558.92,7.62,97.37,2.641,-0,-0.9998,139.6,138.92,138.72,24.98,Cornering,"Hoosier 43075 16x7.5-10 R20, 7 inch rim",21741
79.31,760.553,-8.97,-272.72,-206.97,0.007,8.86,25.13,0.11,0.0433,1.3177,12.03,37586.02,7.62,97.43,2.605,-0,-0.9998,139.48,138.68,138.82,25,Cornering,"Hoosier 43075 16x7.5-10 R20, 7 inch rim",21742
79.28,760.563,-8,-270.72,-208.63,0.01,8.82,25.41,0.04,0.0383,1.2976,12.11,97003.66,7.62,97.45,2.548,-0,-0.9999,139.39,138.46,138.86,25.01,Cornering,"Hoosier 43075 16x7.5-10 R20, 7 inch rim",21743
79.28,760.573,-6.61,-268.55,-209.87,0.01,9.02,25.65,0.04,0.0315,1.2796,12.21,96960.78,7.62,97.48,2.517,-0,-0.9999,139.24,138.28,138.82,25,Cornering,"Hoosier 43075 16x7.5-10 R20, 7 inch rim",21744
79.31,760.583,-5.23,-265.94,-209.34,0.022,8.29,25.62,0.04,0.025,1.2704,12.32,97009.08,7.62,97.51,2.465,-0,-0.9999,139.11,138.28,138.72,25.01,Cornering,"Hoosier 43075 16x7.5-10 R20, 7 inch rim",21745
79.29,760.593,-3.94,-262.16,-207.79,0.001,8.26,25.44,0.11,0.019,1.2617,12.35,37616.89,7.63,97.49,2.419,-0,-0.9998,139.05,138.22,138.52,25.01,Cornering,"Hoosier 43075 16x7.5-10 R20, 7 inch rim",21746
79.27,760.603,-3.51,-257.82,-206.17,0.01,8.69,25.2,0.04,0.017,1.2505,12.32,97059.18,7.63,97.48,2.384,-0,-0.9999,138.94,138.17,138.38,25.03,Cornering,"Hoosier 43075 16x7.5-10 R20, 7 inch rim",21747
79.29,760.613,-4.06,-252.98,-204.33,-0,8.51,24.78,0.04,0.0199,1.2381,12.24,97084.2,7.63,97.48,2.342,-0,-0.9999,138.79,138.2,138.14,25.03,Cornering,"Hoosier 43075 16x7.5-10 R20, 7 inch rim",21748
79.31,760.623,-4.72,-248.49,-203.24,0.003,8.29,25.02,0.04,0.0232,1.2226,12.11,97019.33,7.63,97.48,2.299,-0,-0.9999,138.62,138.15,137.93,25.01,Cornering,"Hoosier 43075 16x7.5-10 R20, 7 inch rim",21749
79.28,760.633,-5.58,-244.47,-203.03,0.01,8.07,25.56,0.04,0.0275,1.2041,11.99,96954.31,7.63,97.43,2.258,-0,-0.9999,138.62,138.17,137.77,25,Cornering,"Hoosier 43075 16x7.5-10 R20, 7 inch rim",21750
79.28,760.643,-6.43,-240.91,-204.12,0.009,8.35,26.06,0.04,0.0315,1.1802,11.93,96933.56,7.63,97.42,2.227,-0,-0.9999,138.62,138.17,137.71,24.99,Cornering,"Hoosier 43075 16x7.5-10 R20, 7 inch rim",21751
79.31,760.653,-6.8,-237.97,-205.17,0.006,7.43,26.34,0.04,0.0331,1.1599,11.94,96846.38,7.63,97.36,2.179,-0,-0.9999,138.49,138.09,137.73,24.97,Cornering,"Hoosier 43075 16x7.5-10 R20, 7 inch rim",21752
79.29,760.663,-6.84,-235.65,-206.33,-0,6.28,26.26,0.04,0.0331,1.1421,12.02,96802.91,7.63,97.33,2.152,-0,-0.9999,138.34,137.89,137.85,24.96,Cornering,"Hoosier 43075 16x7.5-10 R20, 7 inch rim",21753
79.27,760.673,-6.21,-233.2,-208.24,0.013,6.57,26.08,0.11,0.0298,1.1198,12.15,37527.89,7.63,97.31,2.114,-0,-0.9998,138.21,137.69,137.99,24.95,Cornering,"Hoosier 43075 16x7.5-10 R20, 7 inch rim",21754
79.29,760.683,-5.91,-230.39,-209.66,0.003,7.33,25,0.11,0.0282,1.0989,12.26,37537.46,7.63,97.29,2.073,-0,-0.9998,138.08,137.62,138.18,24.96,Cornering,"Hoosier 43075 16x7.5-10 R20, 7 inch rim",21755
79.31,760.693,-5.17,-227.61,-209.29,0.01,6.76,24.19,0.11,0.0247,1.0875,12.36,37511.82,7.63,97.26,2.047,-0,-0.9998,137.97,137.54,138.28,24.94,Cornering,"Hoosier 43075 16x7.5-10 R20, 7 inch rim",21756
79.28,760.703,-4.5,-223.56,-208.25,0.012,7.79,23.24,0.04,0.0216,1.0735,12.36,96720.87,7.63,97.23,2.001,-0,-0.9999,137.95,137.47,138.38,24.93,Cornering,"Hoosier 43075 16x7.5-10 R20, 7 inch rim",21757
79.28,760.713,-4.37,-219.65,-206.4,0.001,7.69,22.34,0.25,0.0211,1.0642,12.3,16844.13,7.64,97.2,1.977,-0,-0.9995,137.87,137.4,138.4,24.91,Cornering,"Hoosier 43075 16x7.5-10 R20, 7 inch rim",21758
79.31,760.723,-5.33,-215.14,-203.87,0.006,7.09,20.85,0.04,0.0262,1.0553,12.17,96633.82,7.64,97.19,1.943,-0,-0.9999,137.76,137.29,138.46,24.91,Cornering,"Hoosier 43075 16x7.5-10 R20, 7 inch rim",21759
79.31,760.733,-6.6,-210.96,-202.22,0.012,6.51,20.25,0.04,0.0326,1.0432,12.06,96636.08,7.63,97.2,1.895,-0,-0.9999,137.65,137.32,138.42,24.91,Cornering,"Hoosier 43075 16x7.5-10 R20, 7 inch rim",21760
79.27,760.743,-8.62,-206.91,-201.44,0.003,6.04,19.12,0.11,0.0428,1.0272,11.98,37524.32,7.64,97.18,1.847,-0,-0.9998,137.59,137.27,138.46,24.94,Cornering,"Hoosier 43075 16x7.5-10 R20, 7 inch rim",21761
79.28,760.753,-10.3,-203.19,-201.67,-0,5.99,18.5,0.18,0.0511,1.0075,11.97,23269.55,7.64,97.15,1.812,-0,-0.9997,137.54,137.18,138.6,24.94,Cornering,"Hoosier 43075 16x7.5-10 R20, 7 inch rim",21762
79.31,760.763,-11.32,-200.07,-202.26,-0.012,5.42,18.3,0.04,0.056,0.9892,12.03,96798.82,7.64,97.16,1.778,-0,-0.9999,137.52,137.16,138.76,24.95,Cornering,"Hoosier 43075 16x7.5-10 R20, 7 inch rim",21763
79.28,760.773,-11.89,-197.17,-203.55,0.006,5.46,17.78,-0.03,0.0584,0.9687,12.13,-167202.3,7.64,97.13,1.719,-0,-1,137.33,136.92,138.9,24.95,Cornering,"Hoosier 43075 16x7.5-10 R20, 7 inch rim",21764
79.28,760.783,-11.33,-194.05,-205.24,-0.003,6.15,17.7,0.04,0.0552,0.9455,12.24,96825.07,7.64,97.13,1.689,-0,-0.9999,137.22,136.63,138.98,24.96,Cornering,"Hoosier 43075 16x7.5-10 R20, 7 inch rim",21765
79.3,760.793,-10.2,-191.15,-205.94,0.017,5.49,17.54,-0.03,0.0495,0.9282,12.28,-167207.56,7.64,97.09,1.645,-0,-1,137.2,136.39,139.09,24.95,Cornering,"Hoosier 43075 16x7.5-10 R20, 7 inch rim",21766
79.3,760.803,-8.79,-187.71,-205.64,0.007,5.9,17.33,0.04,0.0427,0.9128,12.27,96873.41,7.64,97.05,1.605,-0,-0.9999,137.05,136.26,139.13,24.97,Cornering,"Hoosier 43075 16x7.5-10 R20, 7 inch rim",21767
79.27,760.813,-7.37,-184.45,-205.02,0.007,5.96,17.15,0.18,0.0359,0.8996,12.19,23304.41,7.64,97.05,1.569,-0,-0.9997,136.99,136.15,139.09,24.97,Cornering,"Hoosier 43075 16x7.5-10 R20, 7 inch rim",21768
79.28,760.823,-5.98,-179.78,-203.06,0.012,6.46,17.61,0.11,0.0294,0.8854,12.07,37607.95,7.64,97.08,1.523,-0,-0.9998,136.92,136.06,139.09,25,Cornering,"Hoosier 43075 16x7.5-10 R20, 7 inch rim",21769
79.31,760.833,-5.9,-175.11,-200.58,0.007,5.66,17.45,0.04,0.0294,0.873,11.97,97012.69,7.64,97.06,1.487,-0,-0.9999,136.79,135.93,139.05,25,Cornering,"Hoosier 43075 16x7.5-10 R20, 7 inch rim",21770
79.28,760.843,-6.46,-170.12,-198.48,-0.003,5.13,17.34,-0.03,0.0326,0.8571,11.92,-167608.61,7.64,97.06,1.447,-0,-1,136.71,135.84,138.98,25.01,Cornering,"Hoosier 43075 16x7.5-10 R20, 7 inch rim",21771
79.27,760.853,-7.56,-165.18,-197.5,0.012,4.95,17.43,0.11,0.0383,0.8363,11.96,37618.3,7.64,97.05,1.401,-0,-0.9998,136.58,135.86,138.92,25,Cornering,"Hoosier 43075 16x7.5-10 R20, 7 inch rim",21772
79.29,760.863,-8.74,-160.52,-197.87,0.009,5.24,17.64,0.04,0.0442,0.8113,12.04,96994.3,7.64,97.08,1.364,-0,-0.9999,136.64,135.86,138.94,25,Cornering,"Hoosier 43075 16x7.5-10 R20, 7 inch rim",21773
79.31,760.873,-9.52,-156.79,-198.27,-0.003,4.41,17.59,0.11,0.048,0.7908,12.19,37610.59,7.64,97.1,1.318,-0,-0.9998,136.66,135.8,139.09,25,Cornering,"Hoosier 43075 16x7.5-10 R20, 7 inch rim",21774
79.28,760.883,-9.92,-153.1,-199,0.009,3.29,17.38,0.04,0.0498,0.7693,12.33,96952.05,7.64,97.07,1.274,-0,-0.9999,136.62,135.62,139.21,24.98,Cornering,"Hoosier 43075 16x7.5-10 R20, 7 inch rim",21775
79.28,760.893,-9.59,-149.06,-200.63,0.001,3.56,17.04,-0.03,0.0478,0.743,12.39,-167387.17,7.64,97.08,1.228,-0,-1,136.56,135.4,139.25,24.97,Cornering,"Hoosier 43075 16x7.5-10 R20, 7 inch rim",21776
79.31,760.903,-8.69,-145.82,-202.23,0.003,3.27,16.85,0.11,0.043,0.7211,12.4,37585.82,7.64,97.04,1.191,-0,-0.9998,136.47,135.22,139.29,24.98,Cornering,"Hoosier 43075 16x7.5-10 R20, 7 inch rim",21777
79.3,760.913,-7.57,-141.8,-202.39,0.009,3.29,16.62,-0.03,0.0374,0.7006,12.33,-167351.78,7.64,97.04,1.152,-0,-1,136.39,135.11,139.35,24.97,Cornering,"Hoosier 43075 16x7.5-10 R20, 7 inch rim",21778
79.26,760.923,-6.32,-137.73,-201.78,-0.003,3.22,16.25,-0.03,0.0313,0.6826,12.21,-167431.67,7.64,97.08,1.101,-0,-1,136.34,135.11,139.29,24.98,Cornering,"Hoosier 43075 16x7.5-10 R20, 7 inch rim",21779
79.29,760.933,-6.03,-133.53,-200.57,-0.002,3.34,15.21,0.11,0.0301,0.6658,12.06,37621.9,7.65,97.11,1.066,-0,-0.9998,136.3,135.09,139.31,25,Cornering,"Hoosier 43075 16x7.5-10 R20, 7 inch rim",21780
79.31,760.943,-6.13,-128.87,-198.14,-0.003,2.45,14.39,0.11,0.0309,0.6504,11.97,37604.77,7.65,97.14,1.029,-0,-0.9998,136.24,134.98,139.19,24.99,Cornering,"Hoosier 43075 16x7.5-10 R20, 7 inch rim",21781
79.27,760.953,-6.96,-123.43,-196.95,0.004,3.63,13.67,-0.03,0.0353,0.6267,11.93,-167552.58,7.64,97.18,0.986,-0,-1,136.17,134.96,139.15,25,Cornering,"Hoosier 43075 16x7.5-10 R20, 7 inch rim",21782
79.28,760.963,-8.06,-118.33,-195.7,0.012,3,13.4,0.11,0.0412,0.6046,11.98,37587.94,7.64,97.22,0.953,-0,-0.9998,136.06,134.98,139.07,24.98,Cornering,"Hoosier 43075 16x7.5-10 R20, 7 inch rim",21783
79.3,760.973,-9.19,-113.82,-195.77,0.004,2.77,13.19,0.04,0.0469,0.5814,12.08,96983.25,7.65,97.23,0.902,-0,-0.9999,136.02,134.96,139.05,24.99,Cornering,"Hoosier 43075 16x7.5-10 R20, 7 inch rim",21784
79.3,760.983,-10.26,-109.01,-196.4,0.003,2.98,12.79,-0.09,0.0522,0.5551,12.2,-44995.84,7.65,97.2,0.87,-0,-1.0002,136.04,134.98,139.13,25.02,Cornering,"Hoosier 43075 16x7.5-10 R20, 7 inch rim",21785
79.27,760.993,-10.96,-105.43,-197.53,-0.009,2.37,12.22,0.04,0.0555,0.5338,12.29,97119.31,7.65,97.13,0.837,-0,-0.9999,135.98,134.87,139.25,25.03,Cornering,"Hoosier 43075 16x7.5-10 R20, 7 inch rim",21786
79.28,761.003,-10.63,-102.07,-198.65,0.009,0.99,11.98,0.04,0.0535,0.5139,12.3,97142.58,7.65,97.08,0.787,-0,-0.9999,135.83,134.7,139.29,25.03,Cornering,"Hoosier 43075 16x7.5-10 R20, 7 inch rim",21787
79.31,761.013,-10.97,-97.89,-200.45,0.006,1.52,10.36,0.04,0.0547,0.4883,12.28,97053.02,7.65,97.04,0.757,-0,-0.9999,135.64,134.56,139.29,25.01,Cornering,"Hoosier 43075 16x7.5-10 R20, 7 inch rim",21788
79.28,761.023,-10,-93.86,-200.74,0.007,0.99,9.65,0.11,0.0498,0.4676,12.18,37624.24,7.65,97.02,0.725,-0,-0.9998,135.57,134.5,139.27,25,Cornering,"Hoosier 43075 16x7.5-10 R20, 7 inch rim",21789
79.28,761.033,-9.4,-89.67,-200.35,0.009,1.01,8.57,0.11,0.0469,0.4476,12.08,37615.79,7.65,97.03,0.665,-0,-0.9998,135.48,134.5,139.21,25,Cornering,"Hoosier 43075 16x7.5-10 R20, 7 inch rim",21790
79.31,761.043,-8.78,-84.97,-199.02,-0.003,1.31,7.64,0.04,0.0441,0.427,12.05,97009.44,7.65,97.07,0.638,-0,-0.9999,135.4,134.43,139.19,25,Cornering,"Hoosier 43075 16x7.5-10 R20, 7 inch rim",21791
79.3,761.053,-8.9,-79.86,-196.52,0.007,1.15,6.66,0.11,0.0453,0.4064,12.06,37642.2,7.65,97.13,0.604,-0,-0.9998,135.4,134.39,139.09,25.01,Cornering,"Hoosier 43075 16x7.5-10 R20, 7 inch rim",21792
79.26,761.063,-9.08,-74.57,-194.22,0.01,1.09,6.36,0.11,0.0468,0.384,12.11,37659.79,7.65,97.15,0.562,-0,-0.9998,135.29,134.32,138.98,25.03,Cornering,"Hoosier 43075 16x7.5-10 R20, 7 inch rim",21793
79.28,761.073,-10.02,-69.28,-193.49,0.007,1.73,5.89,0.11,0.0518,0.3581,12.25,37642.43,7.65,97.15,0.531,-0,-0.9998,135.18,134.3,138.82,25.01,Cornering,"Hoosier 43075 16x7.5-10 R20, 7 inch rim",21794
79.31,761.083,-10.78,-64.17,-192.77,0.009,1.33,6.09,0.04,0.0559,0.3329,12.36,97078.1,7.65,97.18,0.489,-0,-0.9999,135.12,134.3,138.78,25.01,Cornering,"Hoosier 43075 16x7.5-10 R20, 7 inch rim",21795
79.28,761.093,-11.81,-59.99,-193.25,0.006,0.69,5.91,0.04,0.0611,0.3104,12.4,97055.84,7.65,97.18,0.445,-0,-0.9999,135.12,134.28,138.78,25.01,Cornering,"Hoosier 43075 16x7.5-10 R20, 7 inch rim",21796
79.27,761.103,-12.38,-55.51,-194.3,0.013,0.51,5.54,0.11,0.0637,0.2857,12.37,37625.21,7.65,97.16,0.423,-0,-0.9998,135.08,134.19,138.76,25,Cornering,"Hoosier 43075 16x7.5-10 R20, 7 inch rim",21797
79.3,761.113,-12.49,-51.16,-195.57,0.006,0.17,5,0.11,0.0639,0.2616,12.29,37607.82,7.65,97.15,0.376,-0,-0.9998,134.95,134.06,138.78,24.99,Cornering,"Hoosier 43075 16x7.5-10 R20, 7 inch rim",21798
79.31,761.123,-11.97,-46.98,-196.66,-0.002,-1.16,4.05,-0.03,0.0609,0.2389,12.15,-167487.02,7.65,97.14,0.333,-0,-1,134.91,133.93,138.78,24.98,Cornering,"Hoosier 43075 16x7.5-10 R20, 7 inch rim",21799
79.28,761.133,-11.19,-42.49,-197.56,0.003,-1.44,3.31,0.18,0.0567,0.2151,12,23320.98,7.65,97.15,0.3,-0,-0.9997,134.84,133.82,138.72,24.98,Cornering,"Hoosier 43075 16x7.5-10 R20, 7 inch rim",21800
79.28,761.143,-10.01,-37.52,-197.63,0.003,-0.97,2.85,0.11,0.0507,0.1899,11.91,37581.67,7.65,97.13,0.243,-0,-0.9998,134.78,133.73,138.74,24.97,Cornering,"Hoosier 43075 16x7.5-10 R20, 7 inch rim",21801
79.31,761.153,-8.81,-32.24,-195.97,0.004,-1.16,2.62,0.04,0.045,0.1645,11.91,96921.12,7.65,97.14,0.224,-0,-0.9999,134.76,133.75,138.62,24.97,Cornering,"Hoosier 43075 16x7.5-10 R20, 7 inch rim",21802
79.29,761.163,-8.66,-26.34,-193.71,0.012,-0.76,1.67,0.04,0.0447,0.136,11.93,96898.53,7.65,97.16,0.188,-0,-0.9999,134.69,133.71,138.54,24.97,Cornering,"Hoosier 43075 16x7.5-10 R20, 7 inch rim",21803
79.27,761.173,-9.46,-20.88,-191.91,0.007,-0.32,0.48,-0.03,0.0493,0.1088,12.05,-167408.67,7.65,97.16,0.134,-0,-1,134.58,133.73,138.46,24.97,Cornering,"Hoosier 43075 16x7.5-10 R20, 7 inch rim",21804
79.3,761.183,-10.18,-15.13,-190.31,0.006,-0.44,-0.06,0.04,0.0535,0.0795,12.19,96943.09,7.65,97.18,0.094,-0,-0.9999,134.5,133.68,138.38,24.98,Cornering,"Hoosier 43075 16x7.5-10 R20, 7 inch rim",21805
79.3,761.193,-11.29,-9.07,-189.85,0.003,-0.23,-0.37,0.11,0.0595,0.0478,12.3,37616.23,7.65,97.2,0.05,-0,-0.9998,134.39,133.75,138.26,25,Cornering,"Hoosier 43075 16x7.5-10 R20, 7 inch rim",21806
79.28,761.203,-12.36,-4.44,-190.35,0.006,-1.3,-0.76,-0.03,0.0649,0.0233,12.33,-167523.67,7.65,97.2,0.001,-0,-1,134.39,133.73,138.24,24.99,Cornering,"Hoosier 43075 16x7.5-10 R20, 7 inch rim",21807
79.28,761.213,-13.08,0.68,-191.46,-0,-1.89,-1.33,-0.03,0.0683,-0.0036,12.3,-167522.67,7.65,97.22,-0.059,-0,-1,134.37,133.73,138.24,24.99,Cornering,"Hoosier 43075 16x7.5-10 R20, 7 inch rim",21808
79.31,761.223,-13.48,5.46,-192.6,0.006,-2.97,-2.21,0.04,0.07,-0.0284,12.2,97031.41,7.65,97.19,-0.095,-0,-0.9999,134.26,133.64,138.18,25,Cornering,"Hoosier 43075 16x7.5-10 R20, 7 inch rim",21809
79.29,761.233,-12.88,10.56,-193.67,0.01,-4.22,-3.1,-0.03,0.0665,-0.0545,12.1,-167793.02,7.65,97.18,-0.141,-0,-1,134.18,133.46,138.12,25.03,Cornering,"Hoosier 43075 16x7.5-10 R20, 7 inch rim",21810
79.28,761.243,-11.43,15.52,-195.3,0.01,-3.8,-3.2,0.04,0.0585,-0.0794,12.03,97210.22,7.65,97.15,-0.184,-0,-0.9999,134.13,133.4,138.01,25.05,Cornering,"Hoosier 43075 16x7.5-10 R20, 7 inch rim",21811
79.3,761.253,-9.64,21.27,-194.91,0.004,-3.93,-3.15,0.04,0.0495,-0.1091,12.01,97164.55,7.65,97.13,-0.23,-0,-0.9999,134.13,133.33,137.93,25.04,Cornering,"Hoosier 43075 16x7.5-10 R20, 7 inch rim",21812
79.31,761.263,-8.72,27.02,-193.69,0.007,-3.88,-3.76,-0.09,0.045,-0.1395,12.05,-45016.75,7.65,97.14,-0.27,-0,-1.0002,134.07,133.33,137.79,25.03,Cornering,"Hoosier 43075 16x7.5-10 R20, 7 inch rim",21813
79.28,761.273,-8.02,33.56,-191.13,0.004,-3.2,-4.33,0.04,0.0419,-0.1756,12.16,97050.72,7.65,97.13,-0.311,-0,-0.9999,134.07,133.29,137.65,25.01,Cornering,"Hoosier 43075 16x7.5-10 R20, 7 inch rim",21814
79.27,761.283,-8.16,39.65,-188.91,-0.002,-2.8,-5.08,0.04,0.0432,-0.2099,12.27,97049.97,7.65,97.12,-0.351,-0,-0.9999,133.98,133.22,137.49,25.01,Cornering,"Hoosier 43075 16x7.5-10 R20, 7 inch rim",21815
79.3,761.293,-8.79,45.56,-187.44,-0.005,-2.5,-5.6,0.04,0.0469,-0.2431,12.33,97094.09,7.65,97.13,-0.396,-0,-0.9999,133.94,133.11,137.37,25.02,Cornering,"Hoosier 43075 16x7.5-10 R20, 7 inch rim",21816
79.29,761.303,-9.11,51.14,-186.64,-0.002,-2.94,-5.53,0.04,0.0488,-0.274,12.33,97160.68,7.65,97.18,-0.437,-0,-0.9999,133.85,133.27,137.27,25.04,Cornering,"Hoosier 43075 16x7.5-10 R20, 7 inch rim",21817
79.27,761.313,-9.79,56.37,-186.77,0.014,-3.67,-5.26,0.04,0.0524,-0.3018,12.28,97227.66,7.65,97.25,-0.46,-0,-0.9999,133.81,133.42,137.17,25.05,Cornering,"Hoosier 43075 16x7.5-10 R20, 7 inch rim",21818
79.29,761.323,-10.15,61.5,-187.27,0.001,-4.9,-5.15,-0.03,0.0542,-0.3284,12.16,-167936.97,7.65,97.3,-0.503,-0,-1,133.79,133.4,137.13,25.05,Cornering,"Hoosier 43075 16x7.5-10 R20, 7 inch rim",21819
79.3,761.333,-10.73,66.12,-188.66,0.01,-5.66,-6.05,0.04,0.0569,-0.3505,12.01,97136.02,7.65,97.27,-0.532,-0,-0.9999,133.73,133.33,137.04,25.03,Cornering,"Hoosier 43075 16x7.5-10 R20, 7 inch rim",21820
79.28,761.343,-10.78,71.4,-190.27,0.004,-5.63,-7.43,0.04,0.0567,-0.3753,11.95,97090.2,7.65,97.25,-0.565,-0,-0.9999,133.64,133.2,136.98,25.02,Cornering,"Hoosier 43075 16x7.5-10 R20, 7 inch rim",21821
79.27,761.353,-10.01,76.19,-191.4,0.007,-6.53,-8.5,-0.03,0.0523,-0.3981,11.93,-167505.78,7.65,97.21,-0.592,-0,-1,133.6,133.09,136.86,24.99,Cornering,"Hoosier 43075 16x7.5-10 R20, 7 inch rim",21822
79.3,761.363,-9.48,81.77,-191.63,0.012,-6.21,-10.03,0.04,0.0495,-0.4267,12.02,96953.75,7.65,97.19,-0.622,-0,-0.9999,133.51,133.05,136.8,24.98,Cornering,"Hoosier 43075 16x7.5-10 R20, 7 inch rim",21823
79.3,761.373,-8.55,87.69,-190.49,0.007,-5.44,-10.98,0.04,0.0449,-0.4604,12.13,96930.3,7.65,97.18,-0.656,-0,-0.9999,133.47,133.09,136.7,24.98,Cornering,"Hoosier 43075 16x7.5-10 R20, 7 inch rim",21824
79.28,761.383,-8.29,93.14,-188.88,0.007,-4.86,-12.57,-0.03,0.0439,-0.4931,12.26,-167384.31,7.65,97.17,-0.695,-0,-1,133.43,133.07,136.66,24.97,Cornering,"Hoosier 43075 16x7.5-10 R20, 7 inch rim",21825
79.28,761.393,-9,98.43,-186.58,0.012,-4.91,-14.55,-0.03,0.0483,-0.5275,12.37,-167266.14,7.65,97.21,-0.726,-0,-1,133.38,133.09,136.54,24.96,Cornering,"Hoosier 43075 16x7.5-10 R20, 7 inch rim",21826
79.31,761.403,-10.29,103.73,-185.5,0.006,-4.26,-16.37,-0.03,0.0555,-0.5592,12.4,-167264.16,7.65,97.23,-0.764,-0,-1,133.27,133.09,136.44,24.96,Cornering,"Hoosier 43075 16x7.5-10 R20, 7 inch rim",21827
79.29,761.413,-11.9,108.71,-184.8,-0,-4.75,-17.84,-0.09,0.0644,-0.5882,12.34,-44854.21,7.65,97.25,-0.811,-0,-1.0002,133.19,133.16,136.36,24.94,Cornering,"Hoosier 43075 16x7.5-10 R20, 7 inch rim",21828
79.27,761.423,-13.73,112.71,-184.54,0.006,-6.54,-19.2,0.04,0.0744,-0.6108,12.25,96811.87,7.65,97.26,-0.85,-0,-0.9999,133.15,133.2,136.32,24.95,Cornering,"Hoosier 43075 16x7.5-10 R20, 7 inch rim",21829
79.3,761.433,-14.21,117.04,-185.31,0.009,-7.39,-19.25,0.04,0.0767,-0.6316,12.09,96855.47,7.65,97.28,-0.89,-0,-0.9999,133.1,133.27,136.3,24.96,Cornering,"Hoosier 43075 16x7.5-10 R20, 7 inch rim",21830
79.31,761.443,-14.7,121.52,-186.65,0.007,-7.98,-19.86,0.11,0.0788,-0.6511,11.99,37555.67,7.64,97.31,-0.928,-0,-0.9998,133.06,133.2,136.3,24.96,Cornering,"Hoosier 43075 16x7.5-10 R20, 7 inch rim",21831
79.28,761.453,-14.44,126.34,-188.72,-0,-7,-20.33,-0.03,0.0765,-0.6695,11.92,-167252.05,7.65,97.3,-0.968,-0,-1,132.93,133.11,136.26,24.96,Cornering,"Hoosier 43075 16x7.5-10 R20, 7 inch rim",21832
79.28,761.463,-13.28,131.12,-188.99,0.007,-8.58,-20.46,0.04,0.0702,-0.6938,11.94,96805.73,7.64,97.27,-1.019,-0,-0.9999,132.87,133.02,136.14,24.95,Cornering,"Hoosier 43075 16x7.5-10 R20, 7 inch rim",21833
79.31,761.473,-12.35,136.4,-190.42,0.009,-7.06,-21.07,-0.03,0.0649,-0.7163,12.03,-167283.97,7.64,97.23,-1.072,-0,-1,132.85,132.98,136.05,24.96,Cornering,"Hoosier 43075 16x7.5-10 R20, 7 inch rim",21834
79.29,761.483,-10.95,141.36,-190.1,0.013,-6.68,-21.26,-0.03,0.0576,-0.7436,12.16,-167358.72,7.64,97.18,-1.113,-0,-1,132.78,132.96,135.93,24.97,Cornering,"Hoosier 43075 16x7.5-10 R20, 7 inch rim",21835
79.27,761.493,-9.88,146.52,-189.06,-0,-6.11,-21.47,-0.03,0.0522,-0.775,12.27,-167355.48,7.64,97.16,-1.157,-0,-1,132.76,132.96,135.87,24.97,Cornering,"Hoosier 43075 16x7.5-10 R20, 7 inch rim",21836
79.3,761.503,-8.77,151.35,-187.31,-0.005,-6.37,-21.11,0.04,0.0468,-0.808,12.33,96775.39,7.64,97.14,-1.208,-0,-0.9999,132.72,133,135.77,24.94,Cornering,"Hoosier 43075 16x7.5-10 R20, 7 inch rim",21837
79.31,761.513,-8.21,156.31,-185.81,-0,-6.93,-20.62,0.04,0.0442,-0.8413,12.33,96705.74,7.64,97.14,-1.256,-0,-0.9999,132.61,132.93,135.65,24.93,Cornering,"Hoosier 43075 16x7.5-10 R20, 7 inch rim",21838
79.28,761.523,-8.38,161.1,-184.32,0.006,-8.63,-20.07,-0.03,0.0455,-0.874,12.27,-166995.03,7.64,97.14,-1.298,-0,-1,132.55,132.96,135.57,24.92,Cornering,"Hoosier 43075 16x7.5-10 R20, 7 inch rim",21839
79.28,761.533,-8.32,166.35,-184.22,0.016,-9.27,-18.73,-0.03,0.0452,-0.903,12.16,-167069.17,7.64,97.13,-1.341,-0,-1,132.48,133.11,135.55,24.93,Cornering,"Hoosier 43075 16x7.5-10 R20, 7 inch rim",21840
79.31,761.543,-8.91,171.49,-184.73,0.001,-9.63,-18.24,-0.09,0.0482,-0.9283,12.08,-44864.11,7.64,97.14,-1.385,-0,-1.0002,132.46,133.16,135.53,24.96,Cornering,"Hoosier 43075 16x7.5-10 R20, 7 inch rim",21841
79.3,761.553,-8.65,176.43,-186,0.007,-9.61,-17.51,0.11,0.0465,-0.9486,12.03,37591,7.64,97.15,-1.419,-0,-0.9998,132.46,133.18,135.51,24.99,Cornering,"Hoosier 43075 16x7.5-10 R20, 7 inch rim",21842
79.27,761.563,-8,181.07,-187.11,0.004,-10.66,-17.05,0.11,0.0428,-0.9677,12.04,37616.25,7.64,97.12,-1.465,-0,-0.9998,132.4,133.07,135.47,25.01,Cornering,"Hoosier 43075 16x7.5-10 R20, 7 inch rim",21843
79.29,761.573,-6.86,185.72,-189.49,0.006,-9.64,-17.1,-0.03,0.0362,-0.9801,12.14,-167597.81,7.63,97.09,-1.513,-0,-1,132.33,132.98,135.35,25.01,Cornering,"Hoosier 43075 16x7.5-10 R20, 7 inch rim",21844
79.31,761.583,-6.11,190.04,-190.54,0.012,-9.98,-18.04,-0.03,0.0321,-0.9974,12.27,-167439.8,7.63,97.06,-1.541,-0,-1,132.33,132.96,135.19,24.99,Cornering,"Hoosier 43075 16x7.5-10 R20, 7 inch rim",21845
79.28,761.593,-5.17,194.4,-190.92,0.006,-9.67,-18.99,0.04,0.0271,-1.0182,12.38,96913.91,7.63,97.01,-1.586,-0,-0.9999,132.27,132.96,135.02,24.98,Cornering,"Hoosier 43075 16x7.5-10 R20, 7 inch rim",21846
79.28,761.603,-4.41,198.47,-190.42,-0.003,-9.15,-19.97,0.11,0.0232,-1.0423,12.44,37569.53,7.63,96.98,-1.614,-0,-0.9998,132.29,132.93,134.92,24.98,Cornering,"Hoosier 43075 16x7.5-10 R20, 7 inch rim",21847
79.3,761.613,-4.49,202.32,-188.41,0.01,-10.39,-21.36,0.04,0.0239,-1.0738,12.41,96864.65,7.63,96.94,-1.661,-0,-0.9999,132.22,132.93,134.8,24.97,Cornering,"Hoosier 43075 16x7.5-10 R20, 7 inch rim",21848
79.3,761.623,-5.31,206.71,-187.25,-0.005,-9.93,-22.79,0.18,0.0283,-1.104,12.31,23290.65,7.63,96.92,-1.697,-0,-0.9997,132.16,132.98,134.7,24.97,Cornering,"Hoosier 43075 16x7.5-10 R20, 7 inch rim",21849
79.27,761.633,-6.2,211.18,-185.61,0.013,-10.73,-23.59,0.11,0.0334,-1.1378,12.17,37558.5,7.63,96.91,-1.717,-0,-0.9998,132.09,132.93,134.6,24.97,Cornering,"Hoosier 43075 16x7.5-10 R20, 7 inch rim",21850
79.28,761.643,-7.41,215.39,-184.93,0.001,-11.04,-24.15,0.04,0.0401,-1.1647,12.02,96791.09,7.63,96.89,-1.765,-0,-0.9999,132.07,133.02,134.6,24.96,Cornering,"Hoosier 43075 16x7.5-10 R20, 7 inch rim",21851
79.31,761.653,-9.28,219.71,-185.69,0.013,-10.57,-25.07,0.04,0.05,-1.1832,11.93,96788.9,7.63,96.86,-1.8,-0,-0.9999,131.94,133.05,134.6,24.96,Cornering,"Hoosier 43075 16x7.5-10 R20, 7 inch rim",21852
79.28,761.663,-10.6,223.45,-185.84,0.001,-11.49,-26.18,0.11,0.057,-1.2024,11.91,37529.52,7.63,96.83,-1.836,-0,-0.9998,131.97,133.02,134.62,24.96,Cornering,"Hoosier 43075 16x7.5-10 R20, 7 inch rim",21853
79.27,761.673,-11.67,227.18,-188.11,-0.003,-10,-27.42,0.11,0.062,-1.2077,11.94,37528.61,7.63,96.82,-1.873,-0,-0.9998,131.88,132.91,134.62,24.96,Cornering,"Hoosier 43075 16x7.5-10 R20, 7 inch rim",21854
79.29,761.683,-11.72,229.63,-189.62,0.006,-10.9,-28.61,-0.03,0.0618,-1.211,12.06,-167206.92,7.63,96.78,-1.916,-0,-1,131.82,132.85,134.56,24.96,Cornering,"Hoosier 43075 16x7.5-10 R20, 7 inch rim",21855
79.31,761.693,-10.81,232.56,-190.8,0.009,-11.46,-29.1,0.04,0.0566,-1.2188,12.2,96779.55,7.62,96.79,-1.946,-0,-0.9999,131.73,132.76,134.46,24.96,Cornering,"Hoosier 43075 16x7.5-10 R20, 7 inch rim",21856
79.28,761.703,-9.7,235.03,-191.99,0.012,-11.59,-29.53,-0.03,0.0505,-1.2242,12.33,-167121.56,7.62,96.81,-1.984,-0,-1,131.69,132.74,134.32,24.95,Cornering,"Hoosier 43075 16x7.5-10 R20, 7 inch rim",21857
79.28,761.713,-8.47,238.01,-191.26,-0.002,-11.87,-29.8,-0.03,0.0443,-1.2444,12.4,-167270.47,7.62,96.81,-2.038,-0,-1,131.62,132.67,134.26,24.97,Cornering,"Hoosier 43075 16x7.5-10 R20, 7 inch rim",21858
79.31,761.723,-7.52,241.11,-189.26,0.001,-12.78,-30.05,0.11,0.0397,-1.274,12.39,37549.48,7.62,96.78,-2.077,-0,-0.9998,131.58,132.65,134.28,24.97,Cornering,"Hoosier 43075 16x7.5-10 R20, 7 inch rim",21859
79.28,761.733,-6.97,244.85,-188.02,0.003,-12.31,-29.77,-0.03,0.0371,-1.3022,12.33,-167377.41,7.62,96.79,-2.117,-0,-1,131.52,132.63,134.16,24.99,Cornering,"Hoosier 43075 16x7.5-10 R20, 7 inch rim",21860
79.27,761.743,-6.99,248.72,-186.84,0.01,-12.08,-29.26,-0.09,0.0374,-1.3312,12.2,-44915.41,7.62,96.79,-2.151,-0,-1.0002,131.47,132.6,134.18,25,Cornering,"Hoosier 43075 16x7.5-10 R20, 7 inch rim",21861
79.3,761.753,-7.87,252.93,-185.69,-0,-12.12,-29,0.04,0.0424,-1.3621,12.1,96874.22,7.62,96.81,-2.2,-0,-0.9999,131.45,132.65,134.18,24.98,Cornering,"Hoosier 43075 16x7.5-10 R20, 7 inch rim",21862
79.31,761.763,-8.2,257.4,-184.76,0.014,-12.7,-27.92,0.11,0.0444,-1.3931,12.02,37527.54,7.62,96.82,-2.237,-0,-0.9998,131.41,132.8,134.2,24.96,Cornering,"Hoosier 43075 16x7.5-10 R20, 7 inch rim",21863
79.28,761.773,-9.05,261.3,-186.2,0.001,-11.46,-27.78,-0.03,0.0486,-1.4034,12.02,-167201.19,7.62,96.86,-2.281,-0,-1,131.34,132.91,134.26,24.97,Cornering,"Hoosier 43075 16x7.5-10 R20, 7 inch rim",21864
79.28,761.783,-9.13,264.72,-187.04,-0.005,-11.65,-27.45,0.04,0.0488,-1.4153,12.11,96797.95,7.62,96.9,-2.317,-0,-0.9999,131.24,132.89,134.36,24.97,Cornering,"Hoosier 43075 16x7.5-10 R20, 7 inch rim",21865
79.31,761.793,-8.46,267.32,-188.85,0.007,-12.2,-27.22,-0.03,0.0448,-1.4155,12.22,-167385.14,7.62,96.93,-2.357,-0,-1,131.17,132.89,134.34,25,Cornering,"Hoosier 43075 16x7.5-10 R20, 7 inch rim",21866
79.29,761.803,-7.79,269.33,-190.13,0.004,-13.08,-27.55,0.04,0.041,-1.4165,12.31,96926.15,7.62,96.95,-2.402,-0,-0.9999,131.11,132.93,134.34,25,Cornering,"Hoosier 43075 16x7.5-10 R20, 7 inch rim",21867
79.27,761.813,-6.34,271.48,-190.57,0.006,-14.49,-27.51,0.04,0.0333,-1.4246,12.36,96945.86,7.62,96.96,-2.436,-0,-0.9999,131.09,132.93,134.24,25.01,Cornering,"Hoosier 43075 16x7.5-10 R20, 7 inch rim",21868
79.29,761.823,-5.01,274.12,-190.7,0.006,-14.11,-27.7,0.11,0.0263,-1.4374,12.36,37564.03,7.61,96.98,-2.47,-0,-0.9998,131.13,132.89,134.22,24.99,Cornering,"Hoosier 43075 16x7.5-10 R20, 7 inch rim",21869
79.31,761.833,-4.56,277.39,-189.68,0.01,-13.3,-28.25,0.04,0.0241,-1.4624,12.27,96759.55,7.61,97,-2.516,-0,-0.9999,131.17,132.91,134.2,24.96,Cornering,"Hoosier 43075 16x7.5-10 R20, 7 inch rim",21870
79.28,761.843,-4.31,280.66,-187.9,0.009,-13.31,-28.56,-0.03,0.0229,-1.4937,12.15,-167047.34,7.61,97.01,-2.552,-0,-1,131.13,132.85,134.16,24.95,Cornering,"Hoosier 43075 16x7.5-10 R20, 7 inch rim",21871
79.28,761.853,-4.36,284.43,-186.37,-0.003,-12.85,-28.34,-0.03,0.0234,-1.5262,12.03,-167041.5,7.61,97,-2.592,-0,-1,131.07,132.82,134.09,24.95,Cornering,"Hoosier 43075 16x7.5-10 R20, 7 inch rim",21872
79.3,761.863,-5.38,288.6,-184.99,0.007,-12.52,-28.45,-0.03,0.0291,-1.5601,11.92,-167072.86,7.61,96.98,-2.642,-0,-1,131.07,132.8,134.11,24.96,Cornering,"Hoosier 43075 16x7.5-10 R20, 7 inch rim",21873
79.3,761.873,-6.57,292.63,-183.85,0.009,-13.06,-28.42,0.11,0.0357,-1.5917,11.89,37531.27,7.61,96.98,-2.672,-0,-0.9998,131,132.87,134.11,24.97,Cornering,"Hoosier 43075 16x7.5-10 R20, 7 inch rim",21874
79.28,761.883,-7.29,295.91,-184.57,-0,-12.86,-28.02,-0.03,0.0395,-1.6032,11.94,-167179.31,7.61,96.99,-2.708,-0,-1,130.98,132.89,134.18,24.97,Cornering,"Hoosier 43075 16x7.5-10 R20, 7 inch rim",21875
79.29,761.893,-8.63,298.68,-184.94,0.003,-13.57,-28.96,0.11,0.0467,-1.615,12.06,37502.28,7.61,96.98,-2.755,-0,-0.9998,130.94,133,134.18,24.96,Cornering,"Hoosier 43075 16x7.5-10 R20, 7 inch rim",21876
79.31,761.903,-8.66,300.67,-186.31,0.009,-14.33,-29.3,0.04,0.0465,-1.6138,12.21,96690.31,7.61,96.94,-2.795,-0,-0.9999,130.81,132.91,134.22,24.95,Cornering,"Hoosier 43075 16x7.5-10 R20, 7 inch rim",21877
79.29,761.913,-8.31,302.53,-188.43,0.001,-14.62,-29.93,0.04,0.0441,-1.6056,12.33,96686.38,7.61,96.96,-2.838,-0,-0.9999,130.74,132.93,134.18,24.95,Cornering,"Hoosier 43075 16x7.5-10 R20, 7 inch rim",21878
79.28,761.923,-7.44,304.37,-189.43,0.009,-15.59,-30.51,0.04,0.0393,-1.6068,12.41,96794.55,7.61,96.98,-2.883,-0,-0.9999,130.68,132.85,134.11,24.98,Cornering,"Hoosier 43075 16x7.5-10 R20, 7 inch rim",21879
79.31,761.933,-6.48,306.54,-190.39,0.009,-15.07,-31.08,-0.03,0.034,-1.61,12.39,-167223.55,7.6,97,-2.919,-0,-1,130.7,132.85,134.07,24.98,Cornering,"Hoosier 43075 16x7.5-10 R20, 7 inch rim",21880
79.3,761.943,-4.94,308.9,-189.47,-0.005,-14.98,-30.74,0.11,0.0261,-1.6304,12.31,37529.89,7.61,97,-2.956,-0,-0.9998,130.66,132.93,133.99,24.98,Cornering,"Hoosier 43075 16x7.5-10 R20, 7 inch rim",21881
79.27,761.953,-4.74,312.31,-187.82,0.007,-14.22,-31.11,0.04,0.0252,-1.6628,12.19,96782.63,7.6,97.01,-3.007,-0,-0.9999,130.61,132.89,133.99,24.98,Cornering,"Hoosier 43075 16x7.5-10 R20, 7 inch rim",21882
79.28,761.963,-4.8,315.28,-186.16,0.001,-14.12,-31.07,0.04,0.0258,-1.6937,12.08,96735.48,7.6,97.04,-3.03,-0,-0.9999,130.55,132.87,133.91,24.97,Cornering,"Hoosier 43075 16x7.5-10 R20, 7 inch rim",21883
79.31,761.973,-5.67,318.71,-184.39,-0,-14.13,-31.07,0.11,0.0307,-1.7285,12.02,37525.5,7.6,97,-3.072,-0,-0.9998,130.46,132.93,133.81,24.98,Cornering,"Hoosier 43075 16x7.5-10 R20, 7 inch rim",21884
79.28,761.983,-6.29,322.41,-183.82,0.012,-13.63,-30.25,-0.03,0.0342,-1.7539,12.03,-167150.12,7.6,96.98,-3.123,-0,-1,130.46,133.02,133.85,24.98,Cornering,"Hoosier 43075 16x7.5-10 R20, 7 inch rim",21885
79.28,761.993,-6.92,325.37,-183.79,0.007,-14.03,-29.5,0.11,0.0377,-1.7703,12.08,37531.02,7.6,96.95,-3.153,-0,-0.9998,130.44,133.16,133.91,24.98,Cornering,"Hoosier 43075 16x7.5-10 R20, 7 inch rim",21886
79.29,762.003,-7.78,327.98,-183.83,0.012,-15.18,-29.49,0.04,0.0423,-1.7842,12.2,96763.09,7.6,96.92,-3.202,-0,-0.9999,130.42,133.18,133.95,24.98,Cornering,"Hoosier 43075 16x7.5-10 R20, 7 inch rim",21887
79.3,762.013,-8,329.68,-185.78,0.007,-15.13,-29.59,0.11,0.0431,-1.7746,12.31,37519.29,7.6,96.91,-3.229,-0,-0.9998,130.36,133.22,133.95,24.98,Cornering,"Hoosier 43075 16x7.5-10 R20, 7 inch rim",21888
79.27,762.023,-7.92,331.06,-187.65,0.009,-15.97,-30.23,0.11,0.0422,-1.7642,12.33,37517.49,7.6,96.91,-3.274,-0,-0.9998,130.29,133.18,133.95,24.98,Cornering,"Hoosier 43075 16x7.5-10 R20, 7 inch rim",21889
79.28,762.033,-6.81,332.74,-189.47,0.013,-16.37,-30.35,-0.03,0.036,-1.7562,12.33,-167191.7,7.59,96.91,-3.324,-0,-1,130.21,133.27,133.95,24.99,Cornering,"Hoosier 43075 16x7.5-10 R20, 7 inch rim",21890
79.3,762.043,-6.04,334.62,-190.49,0.004,-16.01,-30.99,0.11,0.0317,-1.7566,12.24,37548.99,7.6,96.96,-3.354,-0,-0.9998,130.29,133.33,133.89,25,Cornering,"Hoosier 43075 16x7.5-10 R20, 7 inch rim",21891
79.28,762.053,-4.74,336.65,-190.49,0.004,-15.69,-31.07,-0.03,0.0249,-1.7672,12.11,-167333.73,7.59,96.95,-3.394,-0,-1,130.29,133.29,133.81,25.01,Cornering,"Hoosier 43075 16x7.5-10 R20, 7 inch rim",21892
79.28,762.063,-4.19,339.45,-188.85,0.006,-15.16,-31.3,0.11,0.0222,-1.7975,12,37571.54,7.59,96.94,-3.438,-0,-0.9998,130.34,133.29,133.83,25.02,Cornering,"Hoosier 43075 16x7.5-10 R20, 7 inch rim",21893
79.3,762.073,-4.24,342.41,-186.81,0.009,-14.55,-31.53,0.11,0.0227,-1.8329,11.92,37552.46,7.59,96.93,-3.477,-0,-0.9998,130.23,133.31,133.81,25.01,Cornering,"Hoosier 43075 16x7.5-10 R20, 7 inch rim",21894
79.3,762.083,-4.45,345.69,-185.33,0.004,-14.13,-31.1,0.04,0.024,-1.8653,11.92,96773.35,7.59,96.92,-3.523,-0,-0.9999,130.21,133.35,133.75,24.99,Cornering,"Hoosier 43075 16x7.5-10 R20, 7 inch rim",21895
79.28,762.093,-5.47,348.8,-183.52,0.004,-15.21,-30.92,-0.03,0.0298,-1.9006,11.99,-166993.86,7.59,96.92,-3.549,-0,-1,130.16,133.33,133.73,24.97,Cornering,"Hoosier 43075 16x7.5-10 R20, 7 inch rim",21896
79.28,762.103,-6.46,351.42,-183.55,0.007,-15.54,-30.52,-0.03,0.0352,-1.9145,12.12,-166866.55,7.59,96.92,-3.604,-0,-1,130.21,133.49,133.81,24.95,Cornering,"Hoosier 43075 16x7.5-10 R20, 7 inch rim",21897
79.3,762.113,-7.33,353.75,-183.9,-0,-16.27,-30.24,-0.03,0.0398,-1.9237,12.26,-166859.69,7.59,96.93,-3.639,-0,-1,130.12,133.51,133.97,24.95,Cornering,"Hoosier 43075 16x7.5-10 R20, 7 inch rim",21898
79.3,762.123,-7.67,355.13,-185.72,0.001,-16.24,-30.23,0.04,0.0413,-1.9122,12.37,96620.75,7.59,96.93,-3.679,-0,-0.9999,130.1,133.6,133.99,24.96,Cornering,"Hoosier 43075 16x7.5-10 R20, 7 inch rim",21899
79.27,762.133,-7.81,356.67,-187.03,0.003,-17.03,-30.82,-0.09,0.0418,-1.907,12.41,-44773.59,7.59,96.96,-3.713,-0,-1.0002,130.06,133.57,134.01,24.96,Cornering,"Hoosier 43075 16x7.5-10 R20, 7 inch rim",21900
79.29,762.143,-7.45,358.18,-188.96,0.013,-17.49,-31.37,-0.03,0.0394,-1.8955,12.39,-166835.53,7.58,97.01,-3.758,-0,-1,130.04,133.55,134.01,24.95,Cornering,"Hoosier 43075 16x7.5-10 R20, 7 inch rim",21901
79.3,762.153,-6.61,360.2,-189.67,0.012,-17.65,-31.87,0.04,0.0349,-1.899,12.3,96540.52,7.58,97.09,-3.788,-0,-0.9999,129.97,133.55,133.97,24.94,Cornering,"Hoosier 43075 16x7.5-10 R20, 7 inch rim",21902
79.28,762.163,-5.25,362.69,-190.1,0.012,-16.19,-31.83,0.11,0.0276,-1.9079,12.17,37431.79,7.58,97.1,-3.836,-0,-0.9998,129.99,133.6,133.87,24.94,Cornering,"Hoosier 43075 16x7.5-10 R20, 7 inch rim",21903
79.28,762.173,-4.35,364.42,-188.66,0.007,-16.51,-31.9,0.04,0.0231,-1.9316,12.04,96597.73,7.58,97.1,-3.871,-0,-0.9999,129.99,133.66,133.87,24.96,Cornering,"Hoosier 43075 16x7.5-10 R20, 7 inch rim",21904
79.31,762.183,-4.1,367.07,-186.79,0.01,-16.03,-31.85,0.04,0.0219,-1.9652,11.99,96659.38,7.58,97.13,-3.917,-0,-0.9999,129.99,133.75,133.87,24.97,Cornering,"Hoosier 43075 16x7.5-10 R20, 7 inch rim",21905
79.3,762.193,-4.38,369.57,-185.35,0.007,-15.78,-31.74,-0.03,0.0236,-1.9939,12,-167027.81,7.58,97.18,-3.948,-0,-1,129.88,133.75,133.83,24.98,Cornering,"Hoosier 43075 16x7.5-10 R20, 7 inch rim",21906
79.28,762.203,-4.93,372.35,-184,0.014,-16.12,-31.12,-0.03,0.0268,-2.0236,12.08,-166977.53,7.58,97.22,-4.001,-0,-1,129.91,133.82,133.83,24.98,Cornering,"Hoosier 43075 16x7.5-10 R20, 7 inch rim",21907
79.29,762.213,-5.65,375,-183.88,0.007,-16.24,-30.38,0.04,0.0307,-2.0393,12.19,96621.6,7.58,97.25,-4.038,-0,-0.9999,129.93,133.88,133.93,24.97,Cornering,"Hoosier 43075 16x7.5-10 R20, 7 inch rim",21908
79.31,762.223,-7.01,377.16,-184.74,0.007,-16.26,-30.38,0.04,0.0379,-2.0416,12.3,96662.79,7.58,97.26,-4.067,-0,-0.9999,129.97,134.01,134.05,24.98,Cornering,"Hoosier 43075 16x7.5-10 R20, 7 inch rim",21909
79.28,762.233,-7.51,379.02,-185.2,0.004,-17.21,-30.22,-0.03,0.0406,-2.0466,12.36,-166953.08,7.58,97.25,-4.111,-0,-1,130.01,134.04,134.09,24.98,Cornering,"Hoosier 43075 16x7.5-10 R20, 7 inch rim",21910
79.28,762.243,-7.78,380.23,-186.97,0.007,-17.93,-30.71,0.04,0.0416,-2.0337,12.36,96673.49,7.58,97.28,-4.157,-0,-0.9999,129.88,134.01,134.11,24.98,Cornering,"Hoosier 43075 16x7.5-10 R20, 7 inch rim",21911
79.3,762.253,-7.3,381.92,-189.1,0.012,-18.05,-31.06,-0.03,0.0386,-2.0197,12.28,-167088.53,7.57,97.27,-4.197,-0,-1,129.91,133.97,134.09,25,Cornering,"Hoosier 43075 16x7.5-10 R20, 7 inch rim",21912
79.3,762.263,-6.46,383.65,-190.77,-0.005,-17.85,-31.62,0.04,0.0339,-2.011,12.16,96708.28,7.58,97.24,-4.233,-0,-0.9999,129.93,134.01,134.01,25,Cornering,"Hoosier 43075 16x7.5-10 R20, 7 inch rim",21913
79.27,762.273,-5.1,385.19,-190.46,0.003,-18.52,-31.55,0.04,0.0268,-2.0224,12.06,96725.12,7.57,97.23,-4.275,-0,-0.9999,129.97,134.08,133.97,25,Cornering,"Hoosier 43075 16x7.5-10 R20, 7 inch rim",21914
79.29,762.283,-4.2,386.9,-189.91,0.003,-17.8,-31.59,-0.03,0.0221,-2.0373,12.04,-167097.66,7.57,97.2,-4.325,-0,-1,129.95,134.08,133.91,25.01,Cornering,"Hoosier 43075 16x7.5-10 R20, 7 inch rim",21915
79.31,762.293,-3.68,388.31,-188.58,0.004,-17.48,-31.39,-0.03,0.0195,-2.0591,12.08,-167049.78,7.57,97.19,-4.363,-0,-1,129.93,134.15,133.95,25,Cornering,"Hoosier 43075 16x7.5-10 R20, 7 inch rim",21916
79.28,762.303,-3.46,390.48,-186.55,0.013,-17.14,-30.9,-0.03,0.0185,-2.0931,12.15,-167040.89,7.57,97.18,-4.401,-0,-1,129.86,134.19,133.89,25,Cornering,"Hoosier 43075 16x7.5-10 R20, 7 inch rim",21917
79.27,762.313,-4.49,392.51,-185.62,0.01,-16.98,-30.93,-0.03,0.0242,-2.1146,12.29,-166916.12,7.57,97.17,-4.436,-0,-1,129.82,134.26,133.87,24.98,Cornering,"Hoosier 43075 16x7.5-10 R20, 7 inch rim",21918
79.3,762.323,-5.48,395.29,-184.66,0.014,-17.25,-30.52,0.04,0.0297,-2.1406,12.4,96586.81,7.57,97.15,-4.465,-0,-0.9999,129.93,134.37,133.93,24.97,Cornering,"Hoosier 43075 16x7.5-10 R20, 7 inch rim",21919
79.31,762.333,-6.47,397.31,-185.2,0.01,-17.53,-30.14,0.04,0.0349,-2.1453,12.43,96490.68,7.57,97.12,-4.511,-0,-0.9999,130.04,134.52,133.99,24.95,Cornering,"Hoosier 43075 16x7.5-10 R20, 7 inch rim",21920
79.27,762.343,-6.92,399.32,-186.06,0.01,-17.71,-29.53,-0.03,0.0372,-2.1461,12.42,-166576.33,7.57,97.12,-4.559,-0,-1,130.12,134.63,134.07,24.94,Cornering,"Hoosier 43075 16x7.5-10 R20, 7 inch rim",21921
79.28,762.353,-7.45,400.39,-187.35,0.009,-18.83,-29.89,0.11,0.0397,-2.1371,12.35,37375.47,7.57,97.11,-4.592,-0,-0.9998,130.12,134.63,134.13,24.93,Cornering,"Hoosier 43075 16x7.5-10 R20, 7 inch rim",21922
79.31,762.363,-7.27,401.61,-189.41,0.01,-19.05,-30.51,0.04,0.0384,-2.1203,12.22,96382.96,7.57,97.08,-4.637,-0,-0.9999,130.14,134.61,134.13,24.93,Cornering,"Hoosier 43075 16x7.5-10 R20, 7 inch rim",21923
79.29,762.373,-6.44,403.01,-190.39,0.006,-19.94,-30.71,0.04,0.0338,-2.1167,12.08,96377.53,7.57,97.04,-4.674,-0,-0.9999,130.23,134.65,134.16,24.93,Cornering,"Hoosier 43075 16x7.5-10 R20, 7 inch rim",21924
79.27,762.383,-5.25,403.79,-191.5,0.001,-19.51,-30.71,-0.03,0.0274,-2.1086,12,-166539.34,7.57,97.03,-4.707,-0,-1,130.21,134.65,134.16,24.94,Cornering,"Hoosier 43075 16x7.5-10 R20, 7 inch rim",21925
79.3,762.393,-4.26,404.59,-191.33,-0.005,-18.63,-30.43,0.04,0.0222,-2.1146,11.99,96366.13,7.56,96.99,-4.751,-0,-0.9999,130.29,134.76,134.13,24.93,Cornering,"Hoosier 43075 16x7.5-10 R20, 7 inch rim",21926
79.31,762.403,-3.26,405.21,-190.11,-0,-17.98,-29.79,0.11,0.0171,-2.1314,12.04,37346.52,7.56,96.91,-4.796,-0,-0.9998,130.34,134.81,134.2,24.92,Cornering,"Hoosier 43075 16x7.5-10 R20, 7 inch rim",21927
79.28,762.413,-3.87,406.92,-187.8,0.01,-17.73,-30.09,0.11,0.0206,-2.1667,12.17,37353.2,7.56,96.88,-4.83,-0,-0.9998,130.36,134.81,134.2,24.92,Cornering,"Hoosier 43075 16x7.5-10 R20, 7 inch rim",21928
79.28,762.423,-4.15,408.78,-186.4,0.013,-17.65,-29.62,-0.09,0.0223,-2.193,12.3,-44659.08,7.56,96.83,-4.877,-0,-1.0002,130.29,134.89,134.26,24.93,Cornering,"Hoosier 43075 16x7.5-10 R20, 7 inch rim",21929
79.31,762.433,-4.86,411.13,-186.46,0.003,-17.04,-28.89,0.04,0.026,-2.2049,12.4,96409.58,7.56,96.8,-4.909,-0,-0.9999,130.27,135.03,134.26,24.94,Cornering,"Hoosier 43075 16x7.5-10 R20, 7 inch rim",21930
79.29,762.443,-5.82,413.14,-186.4,0.003,-17.47,-28.28,-0.03,0.0312,-2.2164,12.43,-166591.22,7.56,96.71,-4.953,-0,-1,130.34,135.16,134.36,24.96,Cornering,"Hoosier 43075 16x7.5-10 R20, 7 inch rim",21931
79.27,762.453,-6.82,414.37,-186.92,0.001,-18.53,-28.09,-0.09,0.0365,-2.2169,12.39,-44692.11,7.56,96.68,-4.996,-0,-1.0002,130.36,135.25,134.48,24.96,Cornering,"Hoosier 43075 16x7.5-10 R20, 7 inch rim",21932
79.29,762.463,-7.2,415.77,-188.29,-0.005,-18.68,-28.02,-0.03,0.0382,-2.2081,12.31,-166375.81,7.56,96.6,-5.035,-0,-1,130.36,135.31,134.56,24.93,Cornering,"Hoosier 43075 16x7.5-10 R20, 7 inch rim",21933
79.31,762.473,-7.24,416.03,-189.96,0.006,-20.15,-28.22,0.11,0.0381,-2.1901,12.17,37329.68,7.56,96.59,-5.078,-0,-0.9998,130.38,135.29,134.56,24.92,Cornering,"Hoosier 43075 16x7.5-10 R20, 7 inch rim",21934
79.28,762.483,-6.6,417.27,-191.36,0.001,-20.57,-28.45,0.11,0.0345,-2.1805,12.05,37309.32,7.56,96.53,-5.127,-0,-0.9998,130.36,135.29,134.58,24.9,Cornering,"Hoosier 43075 16x7.5-10 R20, 7 inch rim",21935
79.28,762.493,-5.76,418.34,-192.49,0.009,-20.5,-28.59,0.04,0.0299,-2.1733,12.01,96281.83,7.56,96.5,-5.152,-0,-0.9999,130.36,135.36,134.56,24.92,Cornering,"Hoosier 43075 16x7.5-10 R20, 7 inch rim",21936
79.31,762.503,-4.54,418.66,-192.6,0.006,-19.64,-28.04,0.04,0.0236,-2.1737,12.03,96363.79,7.56,96.48,-5.2,-0,-0.9999,130.4,135.42,134.56,24.94,Cornering,"Hoosier 43075 16x7.5-10 R20, 7 inch rim",21937
79.31,762.513,-3.67,419.16,-191.42,-0.002,-18.72,-27.68,0.04,0.0192,-2.1898,12.14,96469.23,7.56,96.45,-5.24,-0,-0.9999,130.46,135.47,134.6,24.97,Cornering,"Hoosier 43075 16x7.5-10 R20, 7 inch rim",21938
79.27,762.523,-3.33,419.62,-190.09,0.01,-18.15,-27.13,0.04,0.0175,-2.2075,12.24,96553.87,7.55,96.43,-5.27,-0,-0.9999,130.49,135.51,134.6,25,Cornering,"Hoosier 43075 16x7.5-10 R20, 7 inch rim",21939
79.29,762.533,-3.75,421.34,-188.11,0.007,-17.98,-27.14,-0.09,0.02,-2.2399,12.31,-44751.13,7.55,96.43,-5.318,-0,-1.0002,130.49,135.62,134.62,25,Cornering,"Hoosier 43075 16x7.5-10 R20, 7 inch rim",21940
79.31,762.543,-4.39,423.05,-186.94,0.01,-18.28,-26.53,0.04,0.0235,-2.263,12.34,96493.69,7.55,96.47,-5.363,-0,-0.9999,130.51,135.66,134.6,24.98,Cornering,"Hoosier 43075 16x7.5-10 R20, 7 inch rim",21941
79.28,762.553,-5.43,425.06,-186.36,0.012,-19.04,-26.24,0.04,0.0291,-2.2809,12.3,96442.2,7.55,96.49,-5.403,-0,-0.9999,130.68,135.77,134.64,24.97,Cornering,"Hoosier 43075 16x7.5-10 R20, 7 inch rim",21942
79.27,762.563,-6.53,426.31,-187.67,0.001,-18.95,-26.11,-0.09,0.0348,-2.2716,12.2,-44669.52,7.55,96.52,-5.434,-0,-1.0002,130.81,135.91,134.72,24.96,Cornering,"Hoosier 43075 16x7.5-10 R20, 7 inch rim",21943
79.3,762.573,-7.07,427.36,-188.6,0.01,-19.89,-25.8,-0.03,0.0375,-2.2659,12.08,-166442.58,7.55,96.54,-5.483,-0,-1,130.89,135.93,134.82,24.96,Cornering,"Hoosier 43075 16x7.5-10 R20, 7 inch rim",21944
79.31,762.583,-6.84,428.43,-190.04,0.007,-20.75,-25.69,-0.03,0.036,-2.2544,11.99,-166428.22,7.55,96.58,-5.532,-0,-1,130.89,135.88,134.82,24.96,Cornering,"Hoosier 43075 16x7.5-10 R20, 7 inch rim",21945
79.27,762.593,-6.45,429.66,-191.44,0.007,-21.31,-26.06,0.11,0.0337,-2.2443,11.95,37333.11,7.55,96.6,-5.566,-0,-0.9998,130.89,135.88,134.74,24.94,Cornering,"Hoosier 43075 16x7.5-10 R20, 7 inch rim",21946
79.29,762.603,-5.67,430.57,-192.34,0.016,-21.28,-26,0.04,0.0295,-2.2386,12,96252.55,7.55,96.58,-5.596,-0,-0.9999,130.98,135.93,134.68,24.93,Cornering,"Hoosier 43075 16x7.5-10 R20, 7 inch rim",21947
79.31,762.613,-4.55,430.29,-193,0.004,-20.5,-25.49,0.11,0.0236,-2.2294,12.08,37328.1,7.55,96.64,-5.641,-0,-0.9998,131.02,136.02,134.62,24.94,Cornering,"Hoosier 43075 16x7.5-10 R20, 7 inch rim",21948
79.28,762.623,-3.73,430.01,-192.34,-0.002,-19.36,-24.92,-0.03,0.0194,-2.2356,12.23,-166305.78,7.55,96.68,-5.682,-0,-1,131.13,136.06,134.58,24.94,Cornering,"Hoosier 43075 16x7.5-10 R20, 7 inch rim",21949
79.27,762.633,-3.41,429.84,-191.11,0.014,-18.28,-24.56,-0.09,0.0178,-2.2492,12.35,-44616.16,7.55,96.68,-5.712,-0,-1.0002,131.19,136.15,134.54,24.94,Cornering,"Hoosier 43075 16x7.5-10 R20, 7 inch rim",21950
79.3,762.643,-3.57,430.33,-189.81,0.006,-17.77,-24.41,-0.03,0.0188,-2.2671,12.44,-166245.27,7.55,96.7,-5.754,-0,-1,131.15,136.1,134.54,24.94,Cornering,"Hoosier 43075 16x7.5-10 R20, 7 inch rim",21951
79.31,762.653,-3.98,431.73,-188.26,0.007,-18.23,-23.87,0.04,0.0211,-2.2932,12.42,96260.92,7.55,96.72,-5.802,-0,-0.9999,131.17,136.21,134.62,24.94,Cornering,"Hoosier 43075 16x7.5-10 R20, 7 inch rim",21952
79.28,762.663,-4.96,433.11,-187.43,0.013,-19.56,-23.44,-0.03,0.0264,-2.3107,12.34,-166335.44,7.55,96.75,-5.837,-0,-1,131.26,136.3,134.74,24.96,Cornering,"Hoosier 43075 16x7.5-10 R20, 7 inch rim",21953
79.28,762.673,-6.15,434.34,-188.03,0.012,-20.13,-23.29,-0.03,0.0327,-2.31,12.22,-166402.41,7.55,96.74,-5.87,-0,-1,131.41,136.39,134.9,24.97,Cornering,"Hoosier 43075 16x7.5-10 R20, 7 inch rim",21954
79.31,762.683,-6.84,435.25,-188.96,0.013,-20.91,-23.14,0.04,0.0362,-2.3034,12.06,96375.4,7.54,96.74,-5.911,-0,-0.9999,131.49,136.37,135.08,24.98,Cornering,"Hoosier 43075 16x7.5-10 R20, 7 inch rim",21955
79.29,762.693,-7.05,436.51,-190.59,-0.002,-21.04,-23.27,-0.03,0.037,-2.2903,11.96,-166492.05,7.55,96.71,-5.953,-0,-1,131.49,136.46,135.15,24.98,Cornering,"Hoosier 43075 16x7.5-10 R20, 7 inch rim",21956
79.27,762.703,-6.51,437.56,-192.22,0.007,-21.5,-23.15,0.04,0.0338,-2.2764,11.95,96338.27,7.54,96.79,-5.991,-0,-0.9999,131.56,136.43,135.19,24.97,Cornering,"Hoosier 43075 16x7.5-10 R20, 7 inch rim",21957
79.3,762.713,-6.07,438.95,-193.57,0.009,-20.99,-23.61,0.11,0.0314,-2.2676,11.97,37326.66,7.54,96.85,-6.033,-0,-0.9998,131.67,136.43,135.31,24.96,Cornering,"Hoosier 43075 16x7.5-10 R20, 7 inch rim",21958
79.31,762.723,-5.01,439.12,-193.92,0.007,-20.58,-23.19,0.11,0.0258,-2.2644,12.08,37306.1,7.54,96.9,-6.077,-0,-0.9998,131.71,136.46,135.33,24.94,Cornering,"Hoosier 43075 16x7.5-10 R20, 7 inch rim",21959
79.28,762.733,-4.22,438.19,-193.11,0.007,-20.43,-22.8,-0.03,0.0218,-2.2691,12.22,-166244.97,7.54,96.92,-6.12,-0,-1,131.75,136.54,135.39,24.96,Cornering,"Hoosier 43075 16x7.5-10 R20, 7 inch rim",21960
79.28,762.743,-3.89,437.44,-192.44,0.003,-18.94,-22.52,-0.03,0.0202,-2.2732,12.32,-166428.19,7.54,96.94,-6.15,-0,-1,131.84,136.65,135.51,24.98,Cornering,"Hoosier 43075 16x7.5-10 R20, 7 inch rim",21961
79.31,762.753,-3.64,437.46,-190.63,0.001,-18.66,-22.04,0.04,0.0191,-2.2948,12.36,96412.3,7.54,96.95,-6.192,-0,-0.9999,131.79,136.63,135.57,25,Cornering,"Hoosier 43075 16x7.5-10 R20, 7 inch rim",21962
79.3,762.763,-4,438.23,-189.29,0.007,-19.17,-21.88,-0.03,0.0211,-2.3151,12.36,-166551.83,7.54,96.96,-6.243,-0,-1,131.82,136.79,135.63,25.01,Cornering,"Hoosier 43075 16x7.5-10 R20, 7 inch rim",21963
79.27,762.773,-4.57,439.8,-189.07,-0.003,-19.67,-21.23,0.11,0.0242,-2.3262,12.26,37395.71,7.54,96.94,-6.272,-0,-0.9998,131.88,136.9,135.77,25.01,Cornering,"Hoosier 43075 16x7.5-10 R20, 7 inch rim",21964
79.29,762.783,-5.61,441.34,-189.14,-0.003,-20.3,-20.94,0.04,0.0297,-2.3334,12.16,96367.56,7.54,96.92,-6.308,-0,-0.9999,132.05,137.01,135.89,25,Cornering,"Hoosier 43075 16x7.5-10 R20, 7 inch rim",21965
79.31,762.793,-6.62,442.53,-189.66,0.013,-21.37,-20.69,0.18,0.0349,-2.3333,12.06,23158.94,7.54,96.91,-6.349,-0,-0.9997,132.18,137.1,136.03,24.98,Cornering,"Hoosier 43075 16x7.5-10 R20, 7 inch rim",21966
79.28,762.803,-7.39,443.62,-190.8,0.006,-21.53,-21.21,-0.03,0.0387,-2.3251,12.02,-166192.44,7.54,96.91,-6.394,-0,-1,132.22,137.1,136.12,24.96,Cornering,"Hoosier 43075 16x7.5-10 R20, 7 inch rim",21967
79.28,762.813,-6.94,445.31,-192.12,0.012,-21.68,-21.13,-0.03,0.0361,-2.3179,12.04,-166101.09,7.54,96.97,-6.435,-0,-1,132.22,137.12,136.16,24.95,Cornering,"Hoosier 43075 16x7.5-10 R20, 7 inch rim",21968
79.31,762.823,-5.99,446.38,-193.3,0.014,-21.63,-21.05,0.04,0.031,-2.3092,12.14,96066.48,7.54,97,-6.475,-0,-0.9999,132.27,137.12,136.16,24.93,Cornering,"Hoosier 43075 16x7.5-10 R20, 7 inch rim",21969
79.29,762.833,-5.2,446.87,-194.21,0.007,-20.46,-21.04,-0.03,0.0268,-2.301,12.25,-165995.36,7.54,96.99,-6.518,-0,-1,132.35,137.18,136.14,24.94,Cornering,"Hoosier 43075 16x7.5-10 R20, 7 inch rim",21970
79.27,762.843,-4,445.49,-193.45,0.001,-20.74,-20.37,0.04,0.0207,-2.3029,12.35,96028.66,7.54,96.98,-6.553,-0,-0.9999,132.29,137.32,136.18,24.92,Cornering,"Hoosier 43075 16x7.5-10 R20, 7 inch rim",21971
79.29,762.853,-3.32,443.63,-192.8,0.007,-19.99,-19.86,-0.03,0.0172,-2.3009,12.39,-165893.78,7.54,96.98,-6.588,-0,-1,132.35,137.43,136.24,24.93,Cornering,"Hoosier 43075 16x7.5-10 R20, 7 inch rim",21972
79.31,762.863,-3.33,442.71,-191.9,0.004,-19.44,-19.75,0.04,0.0174,-2.307,12.36,96013.59,7.53,96.98,-6.627,-0,-0.9999,132.42,137.54,136.28,24.92,Cornering,"Hoosier 43075 16x7.5-10 R20, 7 inch rim",21973
79.28,762.873,-3.59,443.35,-190.43,-0.002,-19.82,-19.62,-0.09,0.0189,-2.3282,12.25,-44521.09,7.54,96.99,-6.67,-0,-1.0002,132.46,137.58,136.34,24.94,Cornering,"Hoosier 43075 16x7.5-10 R20, 7 inch rim",21974
79.28,762.883,-4.07,444.41,-189.94,0.009,-20.57,-18.85,-0.03,0.0214,-2.3398,12.15,-165968.08,7.53,96.97,-6.706,-0,-1,132.63,137.69,136.44,24.94,Cornering,"Hoosier 43075 16x7.5-10 R20, 7 inch rim",21975
79.3,762.893,-5.21,446.58,-190.32,0.01,-20.31,-18.58,-0.03,0.0274,-2.3465,12.06,-165910.61,7.53,96.97,-6.759,-0,-1,132.82,137.84,136.64,24.94,Cornering,"Hoosier 43075 16x7.5-10 R20, 7 inch rim",21976
79.3,762.903,-6.29,448.29,-190.22,0.001,-21.28,-18.23,-0.03,0.033,-2.3567,12.03,-165972.28,7.54,96.97,-6.802,-0,-1,133.08,137.95,136.86,24.95,Cornering,"Hoosier 43075 16x7.5-10 R20, 7 inch rim",21977
79.28,762.913,-7.07,449.66,-190.61,0.01,-22.15,-18.07,-0.03,0.0371,-2.359,12.09,-165997.38,7.53,96.96,-6.839,-0,-1,133.17,137.98,137.04,24.96,Cornering,"Hoosier 43075 16x7.5-10 R20, 7 inch rim",21978
79.28,762.923,-8.03,451.22,-192.28,0.001,-21.59,-18.96,0.11,0.0417,-2.3467,12.19,37313.37,7.53,96.96,-6.879,-0,-0.9998,133.25,137.98,137.11,24.99,Cornering,"Hoosier 43075 16x7.5-10 R20, 7 inch rim",21979
79.31,762.933,-7.04,452.28,-193.05,0.009,-22.48,-18.65,-0.03,0.0365,-2.3428,12.33,-166394.8,7.53,97.02,-6.912,-0,-1,133.36,137.98,137.15,25.02,Cornering,"Hoosier 43075 16x7.5-10 R20, 7 inch rim",21980
79.28,762.943,-5.98,452.74,-193.99,0.012,-21.93,-18.54,-0.03,0.0308,-2.3339,12.42,-166340.95,7.53,97.04,-6.954,-0,-1,133.38,138,137.15,25.01,Cornering,"Hoosier 43075 16x7.5-10 R20, 7 inch rim",21981
79.27,762.953,-5.01,451.36,-194.09,0.006,-21.7,-18.66,-0.03,0.0258,-2.3255,12.48,-166171.94,7.53,97.1,-6.994,-0,-1,133.45,138.04,137.13,24.99,Cornering,"Hoosier 43075 16x7.5-10 R20, 7 inch rim",21982
79.3,762.963,-3.86,449.34,-193.95,0.01,-20.67,-18.06,0.04,0.0199,-2.3168,12.47,96129.24,7.53,97.1,-7.034,-0,-0.9999,133.53,138.11,137.17,24.97,Cornering,"Hoosier 43075 16x7.5-10 R20, 7 inch rim",21983
79.3,762.973,-3.64,447.81,-192.6,0.006,-20.37,-18,0.04,0.0189,-2.3251,12.4,96121.5,7.53,97.07,-7.07,-0,-0.9999,133.62,138.22,137.25,24.97,Cornering,"Hoosier 43075 16x7.5-10 R20, 7 inch rim",21984
79.28,762.983,-3.7,447.68,-191.21,0.003,-20.27,-17.8,0.04,0.0194,-2.3412,12.27,96202.32,7.53,97.01,-7.108,-0,-0.9999,133.66,138.28,137.33,25,Cornering,"Hoosier 43075 16x7.5-10 R20, 7 inch rim",21985
79.28,762.993,-4.05,449.07,-190.44,0.004,-19.94,-17.14,-0.03,0.0213,-2.3581,12.13,-166340.78,7.53,97.03,-7.16,-0,-1,133.77,138.42,137.39,25.03,Cornering,"Hoosier 43075 16x7.5-10 R20, 7 inch rim",21986
79.31,763.003,-5.21,450.62,-190.32,0.004,-20.62,-17.09,0.04,0.0274,-2.3677,12.01,96316.34,7.53,97.05,-7.198,-0,-0.9999,133.85,138.57,137.53,25.03,Cornering,"Hoosier 43075 16x7.5-10 R20, 7 inch rim",21987
79.3,763.013,-6.1,452.47,-190.72,0.007,-20.74,-16.66,0.04,0.032,-2.3724,12,96285.79,7.53,97.09,-7.236,-0,-0.9999,134.09,138.68,137.71,25.03,Cornering,"Hoosier 43075 16x7.5-10 R20, 7 inch rim",21988
79.27,763.023,-6.98,454.32,-190.85,0.009,-21.32,-16.55,-0.09,0.0366,-2.3805,12.04,-44606.07,7.53,97.12,-7.273,-0,-1.0002,134.28,138.72,137.93,25.02,Cornering,"Hoosier 43075 16x7.5-10 R20, 7 inch rim",21989
79.29,763.033,-7.1,455.4,-192.76,0.006,-20.85,-16.6,0.04,0.0368,-2.3625,12.13,96180.29,7.53,97.12,-7.309,-0,-0.9999,134.33,138.75,138.1,25,Cornering,"Hoosier 43075 16x7.5-10 R20, 7 inch rim",21990
79.31,763.043,-6.83,456.78,-193.77,0.007,-21.37,-16.89,0.04,0.0352,-2.3574,12.27,96081.78,7.53,97.1,-7.35,-0,-0.9999,134.41,138.77,138.12,24.98,Cornering,"Hoosier 43075 16x7.5-10 R20, 7 inch rim",21991
79.28,763.053,-6.02,457.24,-194.38,0.007,-21.86,-16.95,-0.03,0.031,-2.3523,12.38,-165900.27,7.53,97.12,-7.403,-0,-1,134.52,138.79,138.16,24.97,Cornering,"Hoosier 43075 16x7.5-10 R20, 7 inch rim",21992
79.28,763.063,-4.72,456.15,-194.92,0.009,-21.86,-16.57,-0.03,0.0242,-2.3402,12.39,-165887.91,7.53,97.11,-7.435,-0,-1,134.65,138.81,138.2,24.97,Cornering,"Hoosier 43075 16x7.5-10 R20, 7 inch rim",21993
79.31,763.073,-3.88,454,-194.91,0.003,-21.05,-16.28,-0.03,0.0199,-2.3293,12.37,-165871.55,7.53,97.12,-7.476,-0,-1,134.71,138.97,138.26,24.97,Cornering,"Hoosier 43075 16x7.5-10 R20, 7 inch rim",21994
79.3,763.083,-3.38,452.3,-193.75,0.006,-21.19,-16.13,0.04,0.0174,-2.3344,12.28,96043.33,7.53,97.09,-7.519,-0,-0.9999,134.76,139.01,138.28,24.98,Cornering,"Hoosier 43075 16x7.5-10 R20, 7 inch rim",21995
79.27,763.093,-3.52,451.98,-192.56,0.013,-20.87,-16.23,0.04,0.0183,-2.3473,12.15,95990.51,7.52,97.08,-7.555,-0,-0.9999,134.86,139.08,138.28,24.97,Cornering,"Hoosier 43075 16x7.5-10 R20, 7 inch rim",21996
79.29,763.103,-3.96,454.02,-191.43,0.007,-20.63,-15.94,0.04,0.0207,-2.3717,12.07,95934.33,7.53,97.06,-7.605,-0,-0.9999,134.95,139.19,138.34,24.96,Cornering,"Hoosier 43075 16x7.5-10 R20, 7 inch rim",21997
79.31,763.113,-5.1,456.66,-190.65,0.007,-20.72,-15.99,0.04,0.0267,-2.3953,12.05,95971.22,7.52,97.02,-7.638,-0,-0.9999,135.1,139.34,138.44,24.97,Cornering,"Hoosier 43075 16x7.5-10 R20, 7 inch rim",21998
79.28,763.123,-5.84,458.84,-191,-0,-20.68,-15.47,-0.03,0.0306,-2.4024,12.08,-165716.11,7.53,97.01,-7.672,-0,-1,135.42,139.45,138.58,24.96,Cornering,"Hoosier 43075 16x7.5-10 R20, 7 inch rim",21999
79.27,763.133,-6.53,460.37,-191.19,0.009,-21.32,-14.97,-0.03,0.0342,-2.4079,12.19,-165698.67,7.53,96.99,-7.715,-0,-1,135.59,139.52,138.82,24.96,Cornering,"Hoosier 43075 16x7.5-10 R20, 7 inch rim",22000
79.31,763.143,-7.09,461.45,-192.31,0.004,-21.64,-15.23,0.04,0.0368,-2.3995,12.31,95877.12,7.52,97,-7.754,-0,-0.9999,135.74,139.58,139,24.95,Cornering,"Hoosier 43075 16x7.5-10 R20, 7 inch rim",22001
79.3,763.153,-7.01,462.81,-193.4,0.014,-22.08,-15.52,0.11,0.0362,-2.393,12.4,37198.27,7.52,96.98,-7.803,-0,-0.9998,135.81,139.6,139.07,24.97,Cornering,"Hoosier 43075 16x7.5-10 R20, 7 inch rim",22002
79.28,763.163,-6.35,463.45,-195.11,0.006,-21.66,-15.75,0.04,0.0326,-2.3753,12.39,95903.28,7.52,96.96,-7.831,-0,-0.9999,136.02,139.63,139.07,24.96,Cornering,"Hoosier 43075 16x7.5-10 R20, 7 inch rim",22003
79.29,763.173,-5.43,462.34,-195.48,0.014,-22.08,-15.73,-0.03,0.0278,-2.3651,12.33,-165748.72,7.52,96.92,-7.874,-0,-1,136.06,139.67,139.11,24.98,Cornering,"Hoosier 43075 16x7.5-10 R20, 7 inch rim",22004
79.31,763.183,-4.36,460.01,-195.5,0.016,-21.96,-15.48,0.11,0.0223,-2.353,12.22,37197.05,7.52,96.87,-7.909,-0,-0.9998,136.21,139.8,139.15,24.97,Cornering,"Hoosier 43075 16x7.5-10 R20, 7 inch rim",22005
79.29,763.193,-3.24,457.71,-194.83,0.009,-21.76,-14.82,-0.03,0.0166,-2.3492,12.06,-165557.25,7.52,96.82,-7.964,-0,-1,136.32,139.87,139.23,24.96,Cornering,"Hoosier 43075 16x7.5-10 R20, 7 inch rim",22006
79.27,763.203,-3.34,456.95,-193.39,0.006,-21.24,-15.04,-0.03,0.0173,-2.3629,11.97,-165503.75,7.52,96.8,-8,-0,-1,136.39,139.98,139.27,24.95,Cornering,"Hoosier 43075 16x7.5-10 R20, 7 inch rim",22007
79.3,763.213,-4.07,458.22,-192.68,-0.002,-20,-15.32,-0.03,0.0211,-2.3781,11.9,-165410.55,7.52,96.77,-8.039,-0,-1,136.36,140,139.21,24.94,Cornering,"Hoosier 43075 16x7.5-10 R20, 7 inch rim",22008
79.3,763.223,-4.74,460.38,-190.98,0.004,-21.06,-14.94,0.11,0.0248,-2.4106,11.92,37120.54,7.52,96.76,-8.079,-0,-0.9998,136.45,140.15,139.39,24.93,Cornering,"Hoosier 43075 16x7.5-10 R20, 7 inch rim",22009
79.27,763.233,-5.78,462.85,-190.84,0.012,-21.01,-14.63,-0.09,0.0303,-2.4254,12,-44421.35,7.52,96.72,-8.115,-0,-1.0002,136.66,140.29,139.49,24.97,Cornering,"Hoosier 43075 16x7.5-10 R20, 7 inch rim",22010
79.28,763.243,-6.51,464.09,-190.77,0.009,-22,-14.08,0.11,0.0341,-2.4327,12.14,37190.36,7.52,96.69,-8.161,-0,-0.9998,136.94,140.35,139.71,24.98,Cornering,"Hoosier 43075 16x7.5-10 R20, 7 inch rim",22011
79.31,763.253,-7.47,464.69,-191.73,0.01,-22.36,-14.28,-0.03,0.039,-2.4237,12.27,-165728.2,7.52,96.68,-8.195,-0,-1,137.14,140.44,139.91,25,Cornering,"Hoosier 43075 16x7.5-10 R20, 7 inch rim",22012
79.29,763.263,-7.37,466.09,-192.56,0.006,-22.71,-14.41,0.11,0.0383,-2.4204,12.32,37183.01,7.52,96.68,-8.236,-0,-0.9998,137.22,140.51,140,24.98,Cornering,"Hoosier 43075 16x7.5-10 R20, 7 inch rim",22013
79.27,763.273,-6.66,467,-194.25,0.01,-22.46,-14.48,0.04,0.0343,-2.4042,12.34,95773.87,7.52,96.69,-8.268,-0,-0.9999,137.35,140.55,140.1,24.96,Cornering,"Hoosier 43075 16x7.5-10 R20, 7 inch rim",22014
79.3,763.283,-5.68,466.39,-195.13,0.003,-23.05,-14.42,0.11,0.0291,-2.3901,12.3,37106.17,7.52,96.68,-8.317,-0,-0.9998,137.54,140.66,140.08,24.94,Cornering,"Hoosier 43075 16x7.5-10 R20, 7 inch rim",22015
79.31,763.293,-4.83,464.53,-196.22,0.001,-21.89,-14.44,0.04,0.0246,-2.3674,12.19,95638.76,7.52,96.69,-8.362,-0,-0.9999,137.65,140.73,140.14,24.93,Cornering,"Hoosier 43075 16x7.5-10 R20, 7 inch rim",22016
79.28,763.303,-3.92,462.21,-195.64,0.003,-21.67,-14,-0.03,0.0201,-2.3625,12.08,-165179.09,7.52,96.66,-8.397,-0,-1,137.76,140.84,140.2,24.93,Cornering,"Hoosier 43075 16x7.5-10 R20, 7 inch rim",22017
79.28,763.313,-3.24,460.67,-194.39,0.006,-21.33,-13.5,-0.03,0.0167,-2.3698,12.02,-165200.42,7.52,96.65,-8.435,-0,-1,137.87,140.93,140.32,24.93,Cornering,"Hoosier 43075 16x7.5-10 R20, 7 inch rim",22018
79.31,763.323,-3.75,461.31,-193.06,-0,-20.59,-13.52,0.04,0.0194,-2.3895,12.04,95697.63,7.52,96.6,-8.48,-0,-0.9999,137.91,140.95,140.32,24.95,Cornering,"Hoosier 43075 16x7.5-10 R20, 7 inch rim",22019
79.29,763.333,-4.34,463.17,-191.74,0.006,-21.05,-13.32,-0.03,0.0226,-2.4157,12.11,-165203.16,7.52,96.55,-8.516,-0,-1,138.06,141.1,140.44,24.94,Cornering,"Hoosier 43075 16x7.5-10 R20, 7 inch rim",22020
79.27,763.343,-5.29,465.17,-191.1,0.01,-21.68,-13,0.04,0.0277,-2.4342,12.2,95634.28,7.52,96.52,-8.553,-0,-0.9999,138.3,141.21,140.62,24.94,Cornering,"Hoosier 43075 16x7.5-10 R20, 7 inch rim",22021
79.29,763.353,-6.37,467.04,-191.08,0.006,-22.18,-12.64,0.11,0.0333,-2.4442,12.31,37094.85,7.52,96.5,-8.603,-0,-0.9998,138.57,141.39,140.8,24.95,Cornering,"Hoosier 43075 16x7.5-10 R20, 7 inch rim",22022
79.31,763.363,-6.8,467.97,-192.04,0.003,-22.02,-12.33,0.11,0.0354,-2.4368,12.37,37116.92,7.52,96.47,-8.64,-0,-0.9998,138.85,141.5,140.97,24.97,Cornering,"Hoosier 43075 16x7.5-10 R20, 7 inch rim",22023
79.28,763.373,-6.82,469.03,-192.49,0.006,-23.07,-12.35,-0.03,0.0355,-2.4367,12.36,-165401.45,7.52,96.43,-8.672,-0,-1,139.07,141.52,141.19,24.98,Cornering,"Hoosier 43075 16x7.5-10 R20, 7 inch rim",22024
79.28,763.383,-6.83,470.57,-193.91,0.009,-22.74,-13,-0.03,0.0352,-2.4268,12.3,-165418.89,7.52,96.38,-8.718,-0,-1,139.13,141.59,141.27,24.98,Cornering,"Hoosier 43075 16x7.5-10 R20, 7 inch rim",22025
79.31,763.393,-6.02,470.88,-195.33,0.009,-22.61,-13.06,-0.03,0.0308,-2.4107,12.19,-165289.33,7.52,96.37,-8.749,-0,-1,139.28,141.65,141.27,24.97,Cornering,"Hoosier 43075 16x7.5-10 R20, 7 inch rim",22026
79.3,763.403,-4.97,469.65,-196.06,-0,-22.26,-12.87,0.11,0.0254,-2.3955,12.08,37083.21,7.52,96.37,-8.801,-0,-0.9998,139.39,141.76,141.27,24.96,Cornering,"Hoosier 43075 16x7.5-10 R20, 7 inch rim",22027
79.27,763.413,-4.36,466.7,-195.83,0.004,-22.63,-13,-0.03,0.0223,-2.3831,12.04,-165175.61,7.52,96.38,-8.829,-0,-1,139.5,141.92,141.35,24.96,Cornering,"Hoosier 43075 16x7.5-10 R20, 7 inch rim",22028
79.29,763.423,-3.91,464.37,-194.64,0.01,-22.52,-12.95,0.04,0.0201,-2.3857,12.06,95661.63,7.51,96.36,-8.869,-0,-0.9999,139.56,142.07,141.41,24.97,Cornering,"Hoosier 43075 16x7.5-10 R20, 7 inch rim",22029
79.31,763.433,-3.75,463.9,-193.33,0.017,-21.95,-12.45,-0.03,0.0194,-2.3995,12.14,-165286.39,7.51,96.3,-8.921,-0,-1,139.63,142.14,141.47,24.98,Cornering,"Hoosier 43075 16x7.5-10 R20, 7 inch rim",22030
79.28,763.443,-4.14,464.86,-192.46,0.01,-21.14,-12.24,-0.03,0.0215,-2.4153,12.26,-165347.64,7.51,96.27,-8.954,-0,-1,139.67,142.22,141.49,24.99,Cornering,"Hoosier 43075 16x7.5-10 R20, 7 inch rim",22031
79.28,763.453,-4.93,466.58,-191.77,0.001,-21.3,-11.83,0.04,0.0257,-2.433,12.38,95738.06,7.51,96.23,-8.997,-0,-0.9999,139.95,142.44,141.61,25,Cornering,"Hoosier 43075 16x7.5-10 R20, 7 inch rim",22032
79.31,763.463,-5.66,468.44,-191.81,0.001,-21.43,-11.27,-0.03,0.0295,-2.4422,12.43,-165351.53,7.52,96.21,-9.027,-0,-1,140.23,142.64,141.81,25,Cornering,"Hoosier 43075 16x7.5-10 R20, 7 inch rim",22033
79.3,763.473,-6.36,469.51,-191.37,0.003,-22.82,-10.8,-0.03,0.0332,-2.4534,12.44,-165324.31,7.51,96.19,-9.084,-0,-1,140.48,142.71,142,25,Cornering,"Hoosier 43075 16x7.5-10 R20, 7 inch rim",22034
79.27,763.483,-7.06,470.57,-192.29,0.013,-22.91,-11.13,0.11,0.0367,-2.4473,12.38,37128.07,7.51,96.2,-9.11,-0,-0.9998,140.74,142.77,142.18,25.01,Cornering,"Hoosier 43075 16x7.5-10 R20, 7 inch rim",22035
79.28,763.493,-6.96,471.82,-193.78,0.007,-22.78,-11.27,-0.03,0.0359,-2.4348,12.27,-165521.41,7.51,96.21,-9.153,-0,-1,140.85,142.77,142.28,25.03,Cornering,"Hoosier 43075 16x7.5-10 R20, 7 inch rim",22036
79.31,763.503,-6.86,472.45,-194.55,-0.003,-23.32,-11.93,0.11,0.0353,-2.4284,12.15,37152.91,7.51,96.23,-9.199,-0,-0.9998,141.02,142.84,142.28,25.03,Cornering,"Hoosier 43075 16x7.5-10 R20, 7 inch rim",22037
79.28,763.513,-6.03,471.2,-196.14,-0.002,-23,-11.96,-0.03,0.0307,-2.4023,12.09,-165443.69,7.51,96.25,-9.234,-0,-1,141.13,142.88,142.3,25.03,Cornering,"Hoosier 43075 16x7.5-10 R20, 7 inch rim",22038
79.27,763.523,-4.55,468.73,-196.81,-0.005,-22.19,-11.43,-0.03,0.0231,-2.3816,12.06,-165342.69,7.51,96.26,-9.285,-0,-1,141.26,142.93,142.34,25.01,Cornering,"Hoosier 43075 16x7.5-10 R20, 7 inch rim",22039
79.31,763.533,-3.45,465.76,-196.05,0.006,-22.21,-10.91,0.04,0.0176,-2.3757,12.12,95672.27,7.51,96.29,-9.313,-0,-0.9999,141.39,143.06,142.4,25,Cornering,"Hoosier 43075 16x7.5-10 R20, 7 inch rim",22040
79.3,763.543,-3.23,464.07,-195.45,0.006,-21.23,-10.83,-0.09,0.0165,-2.3744,12.22,-44320.77,7.51,96.31,-9.35,-0,-1.0002,141.41,143.15,142.48,25,Cornering,"Hoosier 43075 16x7.5-10 R20, 7 inch rim",22041
79.27,763.553,-3.43,464.08,-193.75,0.004,-21.43,-10.55,-0.03,0.0177,-2.3952,12.32,-165093.67,7.51,96.37,-9.402,-0,-1,141.45,143.21,142.5,24.98,Cornering,"Hoosier 43075 16x7.5-10 R20, 7 inch rim",22042
79.28,763.563,-4.05,465.48,-192.7,0.007,-21.65,-10.26,0.04,0.021,-2.4156,12.37,95616.3,7.51,96.41,-9.432,-0,-0.9999,141.62,143.35,142.62,25,Cornering,"Hoosier 43075 16x7.5-10 R20, 7 inch rim",22043
79.31,763.573,-4.91,467.16,-192.14,0.014,-22.25,-9.59,-0.09,0.0255,-2.4313,12.37,-44272.51,7.51,96.47,-9.482,-0,-1.0002,141.86,143.5,142.82,24.98,Cornering,"Hoosier 43075 16x7.5-10 R20, 7 inch rim",22044
79.29,763.583,-5.76,468.87,-192.25,0.01,-22.67,-9.28,0.04,0.0299,-2.4389,12.3,95481.61,7.51,96.52,-9.515,-0,-0.9999,142.05,143.61,143.01,24.97,Cornering,"Hoosier 43075 16x7.5-10 R20, 7 inch rim",22045
79.28,763.593,-6.23,470.44,-192.98,-0.003,-22.91,-9.24,0.04,0.0323,-2.4377,12.19,95425.29,7.51,96.54,-9.557,-0,-0.9999,142.39,143.65,143.23,24.96,Cornering,"Hoosier 43075 16x7.5-10 R20, 7 inch rim",22046
79.3,763.603,-6.47,472.44,-193.92,0.006,-22.87,-9.5,0.11,0.0334,-2.4363,12.07,36988.38,7.51,96.55,-9.598,-0,-0.9998,142.46,143.63,143.33,24.95,Cornering,"Hoosier 43075 16x7.5-10 R20, 7 inch rim",22047
79.31,763.613,-6.11,473.96,-194.91,0.012,-23.48,-9.75,-0.03,0.0314,-2.4317,12.02,-164669.03,7.51,96.58,-9.64,-0,-1,142.61,143.72,143.39,24.94,Cornering,"Hoosier 43075 16x7.5-10 R20, 7 inch rim",22048
79.28,763.623,-5.51,473.5,-195.93,0.009,-23.86,-10.07,-0.03,0.0281,-2.4167,12.03,-164726.05,7.51,96.58,-9.678,-0,-1,142.78,143.83,143.51,24.95,Cornering,"Hoosier 43075 16x7.5-10 R20, 7 inch rim",22049
79.28,763.633,-4.88,471.34,-196.96,0.001,-23.26,-10.36,0.04,0.0248,-2.393,12.09,95333.8,7.51,96.6,-9.718,-0,-0.9999,142.95,143.94,143.55,24.94,Cornering,"Hoosier 43075 16x7.5-10 R20, 7 inch rim",22050
79.31,763.643,-3.94,467.44,-196.79,0.012,-23.37,-10.18,-0.03,0.02,-2.3753,12.23,-164641.98,7.51,96.57,-9.769,-0,-1,143.12,144.09,143.69,24.94,Cornering,"Hoosier 43075 16x7.5-10 R20, 7 inch rim",22051
79.29,763.653,-3.01,465.3,-196.59,0.006,-21.7,-9.55,0.11,0.0153,-2.3669,12.37,36956.83,7.51,96.52,-9.8,-0,-0.9998,143.21,144.18,143.77,24.94,Cornering,"Hoosier 43075 16x7.5-10 R20, 7 inch rim",22052
79.27,763.663,-3.33,464.38,-194.69,0.006,-21.98,-9.7,0.04,0.0171,-2.3852,12.44,95322.1,7.51,96.5,-9.833,-0,-0.9999,143.25,144.27,143.79,24.95,Cornering,"Hoosier 43075 16x7.5-10 R20, 7 inch rim",22053
79.3,763.673,-3.85,465,-193.46,0.007,-22.06,-9.38,0.04,0.0199,-2.4036,12.46,95334.87,7.51,96.47,-9.864,-0,-0.9999,143.32,144.31,143.85,24.96,Cornering,"Hoosier 43075 16x7.5-10 R20, 7 inch rim",22054
79.31,763.683,-4.95,467.02,-193.12,0.01,-21.46,-9.19,0.04,0.0256,-2.4183,12.42,95318.17,7.51,96.46,-9.92,-0,-0.9999,143.59,144.54,144.08,24.96,Cornering,"Hoosier 43075 16x7.5-10 R20, 7 inch rim",22055
79.28,763.693,-5.84,469.05,-193.56,0.001,-21.12,-8.8,-0.03,0.0302,-2.4233,12.32,-164619.67,7.51,96.41,-9.96,-0,-1,143.85,144.69,144.28,24.96,Cornering,"Hoosier 43075 16x7.5-10 R20, 7 inch rim",22056
79.29,763.703,-6.5,470.24,-193.56,0.017,-22.47,-8.38,-0.03,0.0336,-2.4294,12.18,-164598.8,7.51,96.41,-10,-0,-1,144.11,144.8,144.52,24.96,Cornering,"Hoosier 43075 16x7.5-10 R20, 7 inch rim",22057
79.33,763.713,-6.93,471.5,-194.37,0.003,-23.22,-8.76,0.04,0.0356,-2.4259,12.05,95258.91,7.51,96.42,-10.043,-0,-0.9999,144.32,144.84,144.66,24.95,Cornering,"Hoosier 43075 16x7.5-10 R20, 7 inch rim",22058
79.31,763.723,-7.01,473.35,-195.71,0.006,-23.12,-9.22,0.04,0.0358,-2.4187,11.99,95271.9,7.51,96.43,-10.074,-0,-0.9999,144.43,145,144.76,24.96,Cornering,"Hoosier 43075 16x7.5-10 R20, 7 inch rim",22059
79.28,763.733,-6.48,473.33,-196.97,0.012,-23.76,-9.32,0.04,0.0329,-2.403,11.99,95278.74,7.51,96.46,-10.124,-0,-0.9999,144.6,145.06,144.8,24.96,Cornering,"Hoosier 43075 16x7.5-10 R20, 7 inch rim",22060
79.31,763.743,-5.51,471.47,-198.08,0.009,-23.36,-9.42,-0.03,0.0278,-2.3802,12.08,-164633.64,7.51,96.46,-10.152,-0,-1,144.75,145.22,144.8,24.97,Cornering,"Hoosier 43075 16x7.5-10 R20, 7 inch rim",22061
79.32,763.753,-4.8,468.37,-198.47,0.007,-22.9,-9.56,0.04,0.0242,-2.3599,12.18,95257.66,7.51,96.47,-10.192,-0,-0.9999,144.93,145.31,144.87,24.96,Cornering,"Hoosier 43075 16x7.5-10 R20, 7 inch rim",22062
79.3,763.763,-3.78,465.13,-197.44,0.004,-23.02,-9.1,0.04,0.0192,-2.3558,12.27,95198.84,7.51,96.48,-10.24,-0,-0.9999,145.08,145.48,145.03,24.95,Cornering,"Hoosier 43075 16x7.5-10 R20, 7 inch rim",22063
79.3,763.773,-3.6,463.58,-197.02,0.01,-21.38,-8.9,-0.03,0.0183,-2.353,12.3,-164334.25,7.51,96.53,-10.284,-0,-1,145.16,145.64,145.07,24.94,Cornering,"Hoosier 43075 16x7.5-10 R20, 7 inch rim",22064
79.33,763.783,-3.77,463.75,-194.91,0.006,-22.06,-8.42,-0.03,0.0193,-2.3793,12.3,-164315.81,7.51,96.56,-10.318,-0,-1,145.25,145.75,145.13,24.94,Cornering,"Hoosier 43075 16x7.5-10 R20, 7 inch rim",22065
79.33,763.793,-4.24,465.14,-193.96,0.013,-22.01,-7.66,0.11,0.0219,-2.3982,12.2,36882.03,7.51,96.58,-10.361,-0,-0.9998,145.48,145.88,145.33,24.94,Cornering,"Hoosier 43075 16x7.5-10 R20, 7 inch rim",22066
79.3,763.803,-5.62,466.37,-193.49,0.016,-22.45,-7.52,-0.03,0.029,-2.4104,12.09,-164352,7.5,96.61,-10.393,-0,-1,145.76,146.08,145.53,24.95,Cornering,"Hoosier 43075 16x7.5-10 R20, 7 inch rim",22067
79.31,763.813,-6.4,467.32,-193.88,0.003,-22.67,-7.12,-0.03,0.033,-2.4104,11.98,-164402.72,7.51,96.64,-10.44,-0,-1,146.04,146.3,145.82,24.96,Cornering,"Hoosier 43075 16x7.5-10 R20, 7 inch rim",22068
79.35,763.823,-6.65,468.57,-194.68,-0.006,-22.89,-6.81,-0.03,0.0342,-2.4068,11.95,-164384.78,7.51,96.62,-10.473,-0,-1,146.32,146.47,145.9,24.96,Cornering,"Hoosier 43075 16x7.5-10 R20, 7 inch rim",22069
79.32,763.833,-6.88,469.92,-195.71,0.012,-23.51,-7.34,0.04,0.0352,-2.4011,11.97,95177.27,7.5,96.61,-10.52,-0,-0.9999,146.41,146.58,145.98,24.97,Cornering,"Hoosier 43075 16x7.5-10 R20, 7 inch rim",22070
79.31,763.843,-6.36,470.99,-197.11,0.014,-23.57,-7.46,0.04,0.0323,-2.3895,12.06,95168.62,7.5,96.62,-10.547,-0,-0.9999,146.47,146.74,146.04,24.97,Cornering,"Hoosier 43075 16x7.5-10 R20, 7 inch rim",22071
79.34,763.853,-5.56,470.05,-197.99,0.014,-23.89,-7.72,0.04,0.0281,-2.3741,12.18,95196.37,7.5,96.64,-10.599,-0,-0.9999,146.62,146.89,145.98,24.98,Cornering,"Hoosier 43075 16x7.5-10 R20, 7 inch rim",22072
79.34,763.863,-4.61,467.59,-198.58,0.009,-23.42,-7.72,-0.03,0.0232,-2.3546,12.34,-164528.7,7.51,96.6,-10.628,-0,-1,146.79,146.96,146.06,25,Cornering,"Hoosier 43075 16x7.5-10 R20, 7 inch rim",22073
79.31,763.873,-3.91,464.64,-198.63,0.014,-22.52,-7.82,0.04,0.0197,-2.3392,12.43,95305.91,7.5,96.57,-10.671,-0,-0.9999,146.98,147.13,146.14,25.01,Cornering,"Hoosier 43075 16x7.5-10 R20, 7 inch rim",22074
79.32,763.883,-3.65,462.97,-197.19,-0.002,-22.2,-8.22,0.04,0.0185,-2.3478,12.46,95247.41,7.51,96.55,-10.715,-0,-0.9999,147.09,147.31,146.22,25,Cornering,"Hoosier 43075 16x7.5-10 R20, 7 inch rim",22075
79.35,763.893,-3.49,462.54,-196.35,-0.009,-21.25,-7.78,0.04,0.0178,-2.3557,12.41,95256.96,7.51,96.54,-10.754,-0,-0.9999,147.16,147.37,146.34,25.01,Cornering,"Hoosier 43075 16x7.5-10 R20, 7 inch rim",22076
79.33,763.903,-4.1,463.14,-195.55,0.001,-21.16,-7.44,-0.03,0.0209,-2.3684,12.29,-164399.44,7.51,96.54,-10.791,-0,-1,147.31,147.51,146.42,24.99,Cornering,"Hoosier 43075 16x7.5-10 R20, 7 inch rim",22077
79.32,763.913,-5.29,464.2,-194.57,0.012,-22.28,-7.24,-0.03,0.0272,-2.3857,12.17,-164369.58,7.5,96.56,-10.844,-0,-1,147.63,147.75,146.64,24.99,Cornering,"Hoosier 43075 16x7.5-10 R20, 7 inch rim",22078
79.35,763.923,-6.01,465.16,-195.68,-0.006,-22.08,-6.74,0.04,0.0307,-2.3772,12.03,95197.51,7.51,96.58,-10.868,-0,-0.9999,147.91,147.99,146.83,25,Cornering,"Hoosier 43075 16x7.5-10 R20, 7 inch rim",22079
79.35,763.933,-6.97,466.21,-195.83,0.006,-23.08,-6.91,0.04,0.0356,-2.3807,11.98,95228,7.51,96.57,-10.91,-0,-0.9999,148.14,148.17,147.03,25.01,Cornering,"Hoosier 43075 16x7.5-10 R20, 7 inch rim",22080
79.32,763.943,-7.03,467.75,-196.46,0.009,-23.66,-6.84,0.04,0.0358,-2.3809,11.98,95192.24,7.5,96.54,-10.951,-0,-0.9999,148.25,148.3,147.19,25.01,Cornering,"Hoosier 43075 16x7.5-10 R20, 7 inch rim",22081
79.33,763.953,-6.92,469.42,-197.1,0.019,-24.32,-7.23,0.04,0.0351,-2.3817,12.07,95134.85,7.5,96.49,-10.991,-0,-0.9999,148.38,148.37,147.23,25,Cornering,"Hoosier 43075 16x7.5-10 R20, 7 inch rim",22082
79.37,763.963,-6.26,469.44,-198.62,0.009,-23.67,-7.46,0.04,0.0315,-2.3635,12.18,95146.45,7.5,96.49,-11.023,-0,-0.9999,148.49,148.54,147.27,25,Cornering,"Hoosier 43075 16x7.5-10 R20, 7 inch rim",22083
79.35,763.973,-5.17,467.43,-199.55,0.006,-23.48,-7.33,-0.03,0.0259,-2.3425,12.29,-164315.86,7.51,96.49,-11.072,-0,-1,148.66,148.59,147.31,25,Cornering,"Hoosier 43075 16x7.5-10 R20, 7 inch rim",22084
79.33,763.983,-3.96,464.17,-199.4,0.007,-23.45,-7.14,-0.03,0.0198,-2.3279,12.33,-164218.19,7.5,96.51,-11.109,-0,-1,148.79,148.7,147.37,24.99,Cornering,"Hoosier 43075 16x7.5-10 R20, 7 inch rim",22085
79.35,763.993,-3.51,461.86,-198.65,0.004,-22.31,-7.11,0.04,0.0177,-2.325,12.34,95041.09,7.51,96.49,-11.14,-0,-0.9999,148.89,148.83,147.45,24.98,Cornering,"Hoosier 43075 16x7.5-10 R20, 7 inch rim",22086
79.37,764.003,-3.21,460.46,-197.57,0.013,-21.95,-6.67,0.04,0.0162,-2.3306,12.29,94955.69,7.5,96.45,-11.198,-0,-0.9999,148.92,148.89,147.47,24.97,Cornering,"Hoosier 43075 16x7.5-10 R20, 7 inch rim",22087
79.34,764.013,-3.87,460.48,-196.53,0.007,-21.41,-6.51,-0.03,0.0197,-2.3431,12.19,-163995.17,7.5,96.42,-11.23,-0,-1,149.02,148.96,147.57,24.97,Cornering,"Hoosier 43075 16x7.5-10 R20, 7 inch rim",22088
79.34,764.023,-4.96,461.43,-195.7,0.001,-21.79,-6.34,0.04,0.0253,-2.3579,12.07,94882.55,7.51,96.4,-11.283,-0,-0.9999,149.24,149.2,147.71,24.96,Cornering,"Hoosier 43075 16x7.5-10 R20, 7 inch rim",22089
79.37,764.033,-5.65,462.04,-196.5,0.003,-21.48,-5.54,-0.09,0.0288,-2.3513,12,-43975.44,7.51,96.36,-11.313,-0,-1.0002,149.5,149.42,148,24.96,Cornering,"Hoosier 43075 16x7.5-10 R20, 7 inch rim",22090
79.36,764.043,-6.24,462.49,-196.07,-0,-23.32,-5.06,0.04,0.0318,-2.3588,12.01,94900.79,7.51,96.34,-11.359,-0,-0.9999,149.75,149.55,148.2,24.97,Cornering,"Hoosier 43075 16x7.5-10 R20, 7 inch rim",22091
79.34,764.053,-6.67,463.57,-197.08,0.001,-23.37,-5.06,0.04,0.0339,-2.3522,12.08,94912.04,7.51,96.29,-11.391,-0,-0.9999,149.97,149.73,148.38,24.97,Cornering,"Hoosier 43075 16x7.5-10 R20, 7 inch rim",22092
79.35,764.063,-6.7,465.59,-197.96,-0.002,-23.36,-5.42,0.11,0.0338,-2.3519,12.2,36796.15,7.51,96.26,-11.44,-0,-0.9998,150.07,149.86,148.48,24.97,Cornering,"Hoosier 43075 16x7.5-10 R20, 7 inch rim",22093
79.37,764.073,-6.27,466.67,-198.97,-0.005,-23.11,-5.58,-0.03,0.0315,-2.3455,12.33,-163810.16,7.51,96.23,-11.48,-0,-1,150.18,150.04,148.54,24.96,Cornering,"Hoosier 43075 16x7.5-10 R20, 7 inch rim",22094
79.34,764.083,-5.38,465.87,-199.73,0.006,-23.45,-5.46,-0.03,0.0269,-2.3325,12.42,-163711.02,7.5,96.23,-11.518,-0,-1,150.27,150.15,148.56,24.95,Cornering,"Hoosier 43075 16x7.5-10 R20, 7 inch rim",22095
79.33,764.093,-4.32,464.02,-199.83,0.004,-22.93,-5.22,-0.09,0.0216,-2.3221,12.44,-43916.03,7.51,96.19,-11.558,-0,-1.0002,150.4,150.28,148.64,24.95,Cornering,"Hoosier 43075 16x7.5-10 R20, 7 inch rim",22096
79.36,764.103,-2.88,461.39,-199.46,0.004,-22.21,-3.93,0.04,0.0144,-2.3132,12.37,94819.77,7.51,96.17,-11.594,-0,-0.9999,150.55,150.43,148.75,24.97,Cornering,"Hoosier 43075 16x7.5-10 R20, 7 inch rim",22097
79.36,764.113,-1.5,459.85,-198.63,0.001,-21.76,-2.27,-0.03,0.0076,-2.3151,12.26,-163916.12,7.5,96.17,-11.62,-0,-1,150.63,150.57,148.83,24.99,Cornering,"Hoosier 43075 16x7.5-10 R20, 7 inch rim",22098
79.34,764.123,0.74,459.69,-197.8,0.01,-20.53,1.3,0.04,-0.0037,-2.324,12.13,94936.82,7.5,96.15,-11.637,-0,-0.9999,150.7,150.7,148.89,25,Cornering,"Hoosier 43075 16x7.5-10 R20, 7 inch rim",22099
79.34,764.133,3.52,459.99,-197.04,0.014,-20.69,5.88,0.11,-0.0179,-2.3345,11.99,36824.44,7.5,96.12,-11.673,-0,-0.9998,150.89,150.85,149.03,25.01,Cornering,"Hoosier 43075 16x7.5-10 R20, 7 inch rim",22100
79.36,764.143,5.29,460.77,-197.14,0.007,-20.97,9.46,-0.03,-0.0268,-2.3373,11.92,-163955.75,7.5,96.1,-11.68,-0,-1,151.13,151.01,149.21,25,Cornering,"Hoosier 43075 16x7.5-10 R20, 7 inch rim",22101
79.35,764.153,4.93,461.39,-197.51,-0,-21.75,10.71,-0.03,-0.025,-2.3361,11.91,-163832.17,7.5,96.08,-11.696,-0,-1,151.38,151.09,149.47,24.98,Cornering,"Hoosier 43075 16x7.5-10 R20, 7 inch rim",22102
79.33,764.163,2.55,462.43,-197.05,0.017,-23.82,9.1,-0.03,-0.0129,-2.3468,11.97,-163870.17,7.5,96.08,-11.696,-0,-1,151.73,151.25,149.61,24.99,Cornering,"Hoosier 43075 16x7.5-10 R20, 7 inch rim",22103
79.35,764.173,0.9,464.47,-197.24,0.003,-24.45,7.52,0.04,-0.0046,-2.3549,12.12,94867.16,7.5,96.08,-11.71,-0,-0.9999,151.92,151.34,149.78,24.99,Cornering,"Hoosier 43075 16x7.5-10 R20, 7 inch rim",22104
79.35,764.183,0.97,466.8,-198.4,0.001,-23.72,7.17,-0.03,-0.0049,-2.3529,12.22,-163977.23,7.51,96.04,-11.707,-0,-1,151.96,151.49,149.9,25.01,Cornering,"Hoosier 43075 16x7.5-10 R20, 7 inch rim",22105
79.33,764.193,2.96,467.71,-199.2,0.01,-23.38,8.44,0.04,-0.0148,-2.348,12.29,94912.69,7.5,96.02,-11.706,-0,-0.9999,152.07,151.67,150,25,Cornering,"Hoosier 43075 16x7.5-10 R20, 7 inch rim",22106
79.36,764.213,6.21,463.69,-200.04,0.007,-22.15,9.47,0.04,-0.0311,-2.318,12.22,94844.16,7.5,95.98,-12.251,-0,-0.9999,152.28,151.91,150.14,24.98,Cornering,"Hoosier 43075 16x7.5-10 R20, 7 inch rim",22107
79.34,764.223,5.56,461.24,-199.77,-0,-21.31,7.67,-0.09,-0.0278,-2.3088,12.13,-43932.25,7.5,95.94,-12.249,-0,-1.0002,152.37,152.06,150.26,24.97,Cornering,"Hoosier 43075 16x7.5-10 R20, 7 inch rim",22108
79.31,764.233,3.26,459.68,-198.25,0.009,-21.62,4.53,0.04,-0.0164,-2.3187,12.04,94761.68,7.5,95.91,-12.236,-0,-0.9999,152.48,152.17,150.34,24.96,Cornering,"Hoosier 43075 16x7.5-10 R20, 7 inch rim",22109
79.34,764.243,0.06,458.61,-197.88,0.001,-21.48,0.92,-0.09,-0.0003,-2.3177,12,-43916.05,7.5,95.91,-12.223,-0,-1.0002,152.52,152.24,150.44,24.96,Cornering,"Hoosier 43075 16x7.5-10 R20, 7 inch rim",22110
79.35,764.253,-1.99,459.22,-197.36,0.009,-21.57,-0.74,0.04,0.0101,-2.3269,12.06,94724.2,7.5,95.91,-12.217,-0,-0.9999,152.73,152.44,150.64,24.95,Cornering,"Hoosier 43075 16x7.5-10 R20, 7 inch rim",22111
79.31,764.263,-3.94,459.84,-197.14,0.006,-22.43,-2.22,0.11,0.02,-2.3325,12.16,36740.08,7.5,95.93,-12.204,-0,-0.9998,153.01,152.68,150.83,24.96,Cornering,"Hoosier 43075 16x7.5-10 R20, 7 inch rim",22112
79.32,764.273,-6.16,461.1,-197.27,-0,-22.38,-4.08,-0.03,0.0312,-2.3374,12.28,-163552.38,7.5,95.93,-12.194,-0,-1,153.19,152.81,151.05,24.94,Cornering,"Hoosier 43075 16x7.5-10 R20, 7 inch rim",22113
79.35,764.283,-8.55,462.77,-197.69,0.016,-22.49,-6.84,0.04,0.0432,-2.3409,12.39,94714.23,7.5,95.96,-12.183,-0,-0.9999,153.34,152.94,151.19,24.94,Cornering,"Hoosier 43075 16x7.5-10 R20, 7 inch rim",22114
79.33,764.293,-10.48,464.65,-198.56,0.007,-22.29,-9.61,0.04,0.0528,-2.3401,12.44,94753.73,7.5,95.96,-12.196,-0,-0.9999,153.38,153.14,151.31,24.96,Cornering,"Hoosier 43075 16x7.5-10 R20, 7 inch rim",22115
79.31,764.303,-11.33,465.73,-199.02,0.004,-22.96,-11.93,-0.03,0.0569,-2.3401,12.41,-163785.66,7.5,95.98,-12.186,-0,-1,153.4,153.23,151.39,24.97,Cornering,"Hoosier 43075 16x7.5-10 R20, 7 inch rim",22116
79.33,764.313,-11.69,464.95,-199.95,0.009,-22.69,-14.08,-0.09,0.0585,-2.3253,12.34,-43954.09,7.5,95.96,-12.177,-0,-1.0002,153.53,153.3,151.41,24.98,Cornering,"Hoosier 43075 16x7.5-10 R20, 7 inch rim",22117
79.35,764.323,-11.59,461.85,-200.35,0.007,-23.1,-15.4,0.04,0.0579,-2.3052,12.2,94848.29,7.5,95.92,-12.177,-0,-0.9999,153.64,153.36,151.47,24.98,Cornering,"Hoosier 43075 16x7.5-10 R20, 7 inch rim",22118
79.32,764.333,-10.97,458.58,-200.64,0.014,-22.67,-15.83,-0.03,0.0547,-2.2856,12.05,-163753.69,7.5,95.93,-12.176,-0,-1,153.83,153.47,151.55,24.97,Cornering,"Hoosier 43075 16x7.5-10 R20, 7 inch rim",22119
79.31,764.343,-9.64,456.91,-199.36,0.001,-22.4,-14.63,-0.03,0.0484,-2.2919,11.97,-163782.19,7.5,95.9,-12.191,-0,-1,153.91,153.58,151.59,24.97,Cornering,"Hoosier 43075 16x7.5-10 R20, 7 inch rim",22120
79.34,764.353,-7.64,456.58,-198.48,0.017,-21.45,-11.51,0.11,0.0385,-2.3004,11.95,36802.15,7.5,95.85,-12.187,-0,-0.9998,153.96,153.6,151.61,25,Cornering,"Hoosier 43075 16x7.5-10 R20, 7 inch rim",22121
79.33,764.363,-6.64,457.37,-197.33,0.01,-21.34,-8.6,0.11,0.0336,-2.3178,12,36819.8,7.5,95.83,-12.183,-0,-0.9998,154.11,153.65,151.76,25.01,Cornering,"Hoosier 43075 16x7.5-10 R20, 7 inch rim",22122
79.3,764.373,-6.37,458.6,-196.5,0.012,-21.88,-5.61,-0.03,0.0324,-2.3338,12.11,-164018.06,7.5,95.82,-12.178,-0,-1,154.34,153.82,151.88,25.01,Cornering,"Hoosier 43075 16x7.5-10 R20, 7 inch rim",22123
79.31,764.383,-4.43,459.4,-196.57,-0.002,-21.95,-0.75,0.04,0.0225,-2.337,12.25,94960.34,7.5,95.85,-12.171,-0,-0.9999,154.56,153.98,152.16,25.01,Cornering,"Hoosier 43075 16x7.5-10 R20, 7 inch rim",22124
79.34,764.393,-1.09,460.46,-196.95,0.001,-21.99,5.08,-0.03,0.0055,-2.338,12.33,-163911.8,7.5,95.9,-12.166,-0,-1,154.71,154.13,152.26,24.99,Cornering,"Hoosier 43075 16x7.5-10 R20, 7 inch rim",22125
79.31,764.403,3.64,461.99,-197.4,0.01,-22.2,11.84,0.11,-0.0184,-2.3404,12.36,36782.37,7.5,95.93,-12.144,-0,-0.9998,154.82,154.26,152.38,24.98,Cornering,"Hoosier 43075 16x7.5-10 R20, 7 inch rim",22126
79.3,764.413,7.74,462.89,-198.72,0.014,-22.3,17.2,-0.03,-0.039,-2.3293,12.32,-163861.67,7.5,95.97,-12.123,-0,-1,154.94,154.35,152.42,24.98,Cornering,"Hoosier 43075 16x7.5-10 R20, 7 inch rim",22127
79.32,764.423,12.46,462.74,-200.41,0.006,-21.79,22.22,-0.09,-0.0622,-2.309,12.22,-44008.77,7.5,96.04,-12.091,-0,-1.0002,155.01,154.53,152.38,25,Cornering,"Hoosier 43075 16x7.5-10 R20, 7 inch rim",22128
79.32,764.433,15.62,460.71,-200.82,0.009,-22.17,24.9,-0.03,-0.0778,-2.2941,12.13,-164171.7,7.5,96.06,-12.05,-0,-1,155.05,154.59,152.36,25.02,Cornering,"Hoosier 43075 16x7.5-10 R20, 7 inch rim",22129
79.29,764.443,16.7,457.94,-201.34,0.001,-21.65,24.81,-0.09,-0.083,-2.2744,12.08,-44061.55,7.5,96.09,-12.017,-0,-1.0002,155.14,154.64,152.38,25.03,Cornering,"Hoosier 43075 16x7.5-10 R20, 7 inch rim",22130
79.31,764.453,15.77,456.1,-200.27,-0.002,-21.03,22.33,0.11,-0.0788,-2.2775,12.08,36882.7,7.51,96.11,-11.969,-0,-0.9998,155.22,154.7,152.5,25.03,Cornering,"Hoosier 43075 16x7.5-10 R20, 7 inch rim",22131
79.33,764.463,12.11,455.01,-198.88,0.012,-20.8,17.25,0.04,-0.0609,-2.2879,12.16,95029.55,7.5,96.05,-11.908,-0,-0.9999,155.22,154.86,152.5,25,Cornering,"Hoosier 43075 16x7.5-10 R20, 7 inch rim",22132
79.31,764.473,6.91,455.19,-197.39,0.007,-20.64,10.92,-0.03,-0.035,-2.306,12.25,-164094.55,7.5,96.03,-11.859,-0,-1,155.33,154.95,152.58,24.99,Cornering,"Hoosier 43075 16x7.5-10 R20, 7 inch rim",22133
79.29,764.483,1.23,456.29,-196.3,0.007,-20.7,4.49,0.04,-0.0062,-2.3245,12.36,94910.42,7.5,96.01,-11.805,-0,-0.9999,155.55,155.12,152.77,24.96,Cornering,"Hoosier 43075 16x7.5-10 R20, 7 inch rim",22134
79.31,764.493,-3.57,457.24,-196.52,-0,-20.42,-0.74,-0.09,0.0182,-2.3266,12.39,-43982.08,7.51,95.99,-11.745,-0,-1.0002,155.74,155.23,152.99,24.96,Cornering,"Hoosier 43075 16x7.5-10 R20, 7 inch rim",22135
79.32,764.503,-6.95,457.84,-196.36,0.009,-21.23,-4.45,-0.09,0.0354,-2.3316,12.38,-43979.68,7.5,95.97,-11.694,-0,-1.0002,155.97,155.34,153.17,24.95,Cornering,"Hoosier 43075 16x7.5-10 R20, 7 inch rim",22136
79.31,764.513,-9.02,458.77,-197.11,0.004,-21.58,-7.33,-0.03,0.0457,-2.3275,12.31,-163960.66,7.5,95.96,-11.631,-0,-1,156.1,155.41,153.29,24.95,Cornering,"Hoosier 43075 16x7.5-10 R20, 7 inch rim",22137
79.31,764.523,-10.59,459.98,-198.2,0.017,-22.26,-10.16,0.04,0.0534,-2.3208,12.19,94892.89,7.5,95.99,-11.594,-0,-0.9999,156.19,155.54,153.33,24.94,Cornering,"Hoosier 43075 16x7.5-10 R20, 7 inch rim",22138
79.33,764.533,-12.76,460.29,-199.34,0.01,-22.94,-14.23,-0.03,0.064,-2.3091,12.04,-164010,7.5,95.99,-11.546,-0,-1,156.19,155.65,153.29,24.95,Cornering,"Hoosier 43075 16x7.5-10 R20, 7 inch rim",22139
79.3,764.543,-14.26,459.83,-200.42,0.007,-22.72,-17.8,-0.03,0.0712,-2.2944,12,-163914.5,7.5,96.02,-11.513,-0,-1,156.25,155.74,153.21,24.93,Cornering,"Hoosier 43075 16x7.5-10 R20, 7 inch rim",22140
79.29,764.553,-14.07,457.66,-200.57,0.007,-22.77,-19.42,0.04,0.0702,-2.2819,11.98,94868.36,7.51,96.03,-11.468,-0,-0.9999,156.32,155.76,153.21,24.92,Cornering,"Hoosier 43075 16x7.5-10 R20, 7 inch rim",22141
79.31,764.563,-12.21,455.35,-200.47,0.006,-21.99,-18.8,0.04,0.0609,-2.2715,12.06,94902.65,7.5,96.09,-11.431,-0,-0.9999,156.45,155.91,153.23,24.93,Cornering,"Hoosier 43075 16x7.5-10 R20, 7 inch rim",22142
79.31,764.573,-10.39,453.64,-199.63,0.014,-21.25,-17.2,0.11,0.052,-2.2724,12.18,36828.29,7.5,96.14,-11.402,-0,-0.9998,156.47,155.98,153.31,24.94,Cornering,"Hoosier 43075 16x7.5-10 R20, 7 inch rim",22143
79.29,764.583,-9.67,453.35,-198.28,0.009,-20.52,-16,-0.03,0.0488,-2.2864,12.33,-164075.89,7.51,96.13,-11.362,-0,-1,156.45,156.03,153.29,24.94,Cornering,"Hoosier 43075 16x7.5-10 R20, 7 inch rim",22144
79.3,764.593,-10.23,454.3,-196.52,0.004,-21.22,-15.3,0.04,0.0521,-2.3116,12.4,95045.24,7.5,96.09,-11.332,-0,-0.9999,156.53,156.16,153.35,24.96,Cornering,"Hoosier 43075 16x7.5-10 R20, 7 inch rim",22145
79.32,764.603,-10.41,455.38,-195.92,0.007,-21.15,-13.65,0.04,0.0531,-2.3244,12.41,95077.55,7.5,96.1,-11.301,-0,-0.9999,156.68,156.25,153.53,24.96,Cornering,"Hoosier 43075 16x7.5-10 R20, 7 inch rim",22146
79.31,764.613,-10.28,456.76,-196.32,0.012,-21.03,-11.73,-0.03,0.0524,-2.3266,12.36,-164359.3,7.5,96.08,-11.265,-0,-1,156.79,156.31,153.7,24.98,Cornering,"Hoosier 43075 16x7.5-10 R20, 7 inch rim",22147
79.28,764.623,-9.29,457.39,-196.98,0.001,-21.26,-9.69,-0.16,0.0472,-2.322,12.26,-25460.93,7.51,96.11,-11.233,-0,-1.0003,156.94,156.42,153.78,24.97,Cornering,"Hoosier 43075 16x7.5-10 R20, 7 inch rim",22148
79.31,764.633,-8.71,459.22,-197.34,0.014,-21.68,-8.5,0.04,0.0441,-2.3271,12.14,95128.77,7.5,96.2,-11.211,-0,-0.9999,157.05,156.47,153.82,24.97,Cornering,"Hoosier 43075 16x7.5-10 R20, 7 inch rim",22149
79.32,764.643,-7.61,460.31,-198.27,0.004,-22.46,-7.71,-0.03,0.0384,-2.3216,12.04,-164254.52,7.51,96.24,-11.179,-0,-1,157.05,156.58,153.84,24.96,Cornering,"Hoosier 43075 16x7.5-10 R20, 7 inch rim",22150
79.29,764.653,-6.68,460.15,-199.43,0.003,-22.4,-7.22,0.04,0.0335,-2.3074,12.02,95064.28,7.51,96.27,-11.136,-0,-0.9999,157.07,156.58,153.78,24.94,Cornering,"Hoosier 43075 16x7.5-10 R20, 7 inch rim",22151
79.29,764.663,-4.6,458.43,-199.91,0.004,-22.82,-5.83,-0.09,0.023,-2.2932,12.04,-44088.28,7.5,96.26,-11.113,-0,-1.0002,157.09,156.55,153.8,24.96,Cornering,"Hoosier 43075 16x7.5-10 R20, 7 inch rim",22152
79.31,764.673,-2.49,455.95,-199.32,0.006,-22.69,-4.19,-0.03,0.0125,-2.2875,12.15,-164502.95,7.51,96.25,-11.075,-0,-1,157.15,156.53,153.8,24.98,Cornering,"Hoosier 43075 16x7.5-10 R20, 7 inch rim",22153
79.3,764.683,-0.4,453.48,-199.13,0.007,-21.83,-2.14,0.04,0.002,-2.2773,12.26,95316.66,7.5,96.21,-11.037,-0,-0.9999,157.15,156.55,153.84,25,Cornering,"Hoosier 43075 16x7.5-10 R20, 7 inch rim",22154
79.28,764.693,0.93,452.72,-197.51,0.006,-21.39,-0.37,0.11,-0.0047,-2.2921,12.3,36988.92,7.51,96.21,-11.007,-0,-0.9998,157.07,156.55,153.88,25.02,Cornering,"Hoosier 43075 16x7.5-10 R20, 7 inch rim",22155
79.3,764.703,1.87,453.21,-196.88,-0.003,-20.45,1.58,-0.03,-0.0095,-2.302,12.3,-164638.78,7.51,96.18,-10.966,-0,-1,157.11,156.6,153.96,25,Cornering,"Hoosier 43075 16x7.5-10 R20, 7 inch rim",22156
79.32,764.713,1.58,454.75,-195.92,0.004,-20.29,2.69,0.04,-0.0081,-2.3211,12.28,95261.69,7.51,96.18,-10.931,-0,-0.9999,157.33,156.66,154.12,24.98,Cornering,"Hoosier 43075 16x7.5-10 R20, 7 inch rim",22157
79.29,764.723,0.68,455.99,-196.47,0.004,-19.94,2.91,-0.03,-0.0034,-2.3209,12.18,-164416.5,7.51,96.19,-10.883,-0,-1,157.41,156.73,154.24,24.96,Cornering,"Hoosier 43075 16x7.5-10 R20, 7 inch rim",22158
79.28,764.733,-0.5,456.74,-196.23,0.012,-20.98,2.47,-0.09,0.0025,-2.3276,12.08,-44117.32,7.51,96.19,-10.844,-0,-1.0002,157.58,156.8,154.44,24.96,Cornering,"Hoosier 43075 16x7.5-10 R20, 7 inch rim",22159
79.31,764.743,-2.52,457.51,-197.28,0.009,-21.35,0.35,-0.03,0.0128,-2.3191,12.01,-164470.28,7.5,96.2,-10.782,-0,-1,157.69,156.88,154.54,24.96,Cornering,"Hoosier 43075 16x7.5-10 R20, 7 inch rim",22160
79.31,764.753,-3.97,458.12,-198.45,0.01,-22.42,-1.97,-0.03,0.02,-2.3084,12.03,-164495.45,7.5,96.2,-10.735,-0,-1,157.65,156.95,154.54,24.96,Cornering,"Hoosier 43075 16x7.5-10 R20, 7 inch rim",22161
79.28,764.763,-4.86,459.04,-199.54,0.009,-22.66,-4.18,-0.03,0.0244,-2.3005,12.09,-164599.98,7.51,96.15,-10.682,-0,-1,157.67,157.06,154.52,24.97,Cornering,"Hoosier 43075 16x7.5-10 R20, 7 inch rim",22162
79.3,764.773,-4.73,458.11,-200.31,0.007,-23.28,-5.73,0.11,0.0236,-2.287,12.22,36938.11,7.51,96.14,-10.646,-0,-0.9998,157.65,157.06,154.48,24.96,Cornering,"Hoosier 43075 16x7.5-10 R20, 7 inch rim",22163
79.32,764.783,-4.76,456.57,-200.4,0.001,-23.09,-7.63,0.04,0.0237,-2.2784,12.36,95342.64,7.51,96.14,-10.598,-0,-0.9999,157.69,157.13,154.44,24.97,Cornering,"Hoosier 43075 16x7.5-10 R20, 7 inch rim",22164
79.29,764.793,-4.88,454.57,-199.51,0.001,-22.79,-9.2,0.04,0.0245,-2.2784,12.44,95377.8,7.51,96.1,-10.555,-0,-0.9999,157.73,157.19,154.48,24.98,Cornering,"Hoosier 43075 16x7.5-10 R20, 7 inch rim",22165
79.27,764.803,-5.89,453.5,-198.84,0.004,-20.98,-11.15,0.04,0.0296,-2.2807,12.47,95460.65,7.51,96.07,-10.5,-0,-0.9999,157.69,157.19,154.52,25,Cornering,"Hoosier 43075 16x7.5-10 R20, 7 inch rim",22166
79.31,764.813,-6.41,453.84,-196.66,-0.003,-21.01,-12.01,-0.03,0.0326,-2.3078,12.42,-165022.88,7.51,96.06,-10.459,-0,-1,157.65,157.15,154.5,25.01,Cornering,"Hoosier 43075 16x7.5-10 R20, 7 inch rim",22167
79.31,764.823,-7.81,454.76,-196.35,0.007,-20.18,-12.89,0.04,0.0398,-2.3161,12.31,95550.73,7.51,96.06,-10.422,-0,-0.9999,157.69,157.19,154.67,25.01,Cornering,"Hoosier 43075 16x7.5-10 R20, 7 inch rim",22168
79.28,764.833,-8.87,456.32,-196.1,0.004,-20.04,-13.14,0.04,0.0452,-2.327,12.17,95564.84,7.51,96.05,-10.374,-0,-0.9999,157.8,157.26,154.83,25.01,Cornering,"Hoosier 43075 16x7.5-10 R20, 7 inch rim",22169
79.28,764.843,-10.54,457.24,-196.41,0.004,-20.59,-13.92,-0.03,0.0537,-2.3279,12.09,-165007.69,7.51,96.03,-10.34,-0,-1,157.95,157.26,154.99,25,Cornering,"Hoosier 43075 16x7.5-10 R20, 7 inch rim",22170
79.31,764.853,-11.49,457.53,-197.07,0.01,-21.73,-14.42,-0.03,0.0583,-2.3216,12.05,-164990.69,7.51,95.98,-10.298,-0,-1,158.03,157.28,155.11,25,Cornering,"Hoosier 43075 16x7.5-10 R20, 7 inch rim",22171
79.29,764.863,-11.59,457.97,-197.4,0.012,-23.61,-14.77,0.04,0.0587,-2.32,12.1,95531.91,7.5,95.99,-10.261,-0,-0.9999,157.99,157.26,155.09,25,Cornering,"Hoosier 43075 16x7.5-10 R20, 7 inch rim",22172
79.28,764.873,-10.79,458.91,-199,0.006,-23.44,-14.55,-0.03,0.0542,-2.3061,12.18,-164986.67,7.51,95.99,-10.231,-0,-1,158.03,157.32,154.99,24.99,Cornering,"Hoosier 43075 16x7.5-10 R20, 7 inch rim",22173
79.3,764.883,-9.23,458.75,-200.06,-0,-23.52,-13.84,-0.03,0.0462,-2.2931,12.31,-164892.16,7.51,96.03,-10.191,-0,-1,157.95,157.32,154.89,24.97,Cornering,"Hoosier 43075 16x7.5-10 R20, 7 inch rim",22174
79.31,764.893,-7.35,457.66,-200.29,0.006,-23.27,-12.79,-0.09,0.0367,-2.285,12.36,-44201.57,7.51,96.04,-10.167,-0,-1.0002,157.93,157.3,154.75,24.95,Cornering,"Hoosier 43075 16x7.5-10 R20, 7 inch rim",22175
79.28,764.903,-6.49,455.8,-200,0.01,-22.3,-12.77,-0.03,0.0325,-2.2789,12.36,-164772.17,7.51,96.03,-10.125,-0,-1,157.88,157.28,154.75,24.95,Cornering,"Hoosier 43075 16x7.5-10 R20, 7 inch rim",22176
79.28,764.913,-5.32,454.57,-198.84,0.012,-21.12,-11.65,-0.03,0.0268,-2.2861,12.28,-164943.22,7.51,96.04,-10.089,-0,-1,157.86,157.28,154.73,24.97,Cornering,"Hoosier 43075 16x7.5-10 R20, 7 inch rim",22177
79.31,764.923,-4.55,454.44,-197.77,0.009,-19.97,-10.32,0.04,0.023,-2.2978,12.17,95567.38,7.5,96.06,-10.064,-0,-0.9999,157.84,157.26,154.71,24.99,Cornering,"Hoosier 43075 16x7.5-10 R20, 7 inch rim",22178
79.3,764.933,-3.84,455.07,-195.84,0.009,-20.32,-8.29,-0.03,0.0196,-2.3237,12.05,-165167.45,7.51,96.08,-10.024,-0,-1,157.86,157.26,154.77,25,Cornering,"Hoosier 43075 16x7.5-10 R20, 7 inch rim",22179
79.27,764.943,-3.08,456,-195.87,0.006,-20.4,-5.84,-0.03,0.0157,-2.3281,11.97,-165258.27,7.51,96.11,-9.995,-0,-1,157.95,157.32,154.85,25.01,Cornering,"Hoosier 43075 16x7.5-10 R20, 7 inch rim",22180
79.3,764.953,-3.19,456.76,-196.01,0.007,-21.27,-4.4,-0.03,0.0163,-2.3303,11.97,-165204.33,7.51,96.16,-9.949,-0,-1,158.1,157.35,155.07,25,Cornering,"Hoosier 43075 16x7.5-10 R20, 7 inch rim",22181
79.31,764.963,-3.17,457.37,-196.82,0.006,-21.67,-3.05,-0.09,0.0161,-2.3239,12.02,-44296.07,7.51,96.16,-9.92,-0,-1.0002,158.23,157.37,155.15,24.98,Cornering,"Hoosier 43075 16x7.5-10 R20, 7 inch rim",22182
79.28,764.973,-2.63,457.48,-197.21,0.02,-23.11,-1.95,-0.03,0.0133,-2.3197,12.14,-165125.28,7.5,96.15,-9.876,-0,-1,158.25,157.43,155.19,24.98,Cornering,"Hoosier 43075 16x7.5-10 R20, 7 inch rim",22183
79.28,764.983,-2.05,458.57,-198.61,0.016,-22.84,-1.66,0.11,0.0103,-2.3089,12.28,37056.29,7.5,96.11,-9.835,-0,-0.9998,158.21,157.41,155.15,24.97,Cornering,"Hoosier 43075 16x7.5-10 R20, 7 inch rim",22184
79.31,764.993,-1.3,459.36,-199.41,0.001,-23.1,-1.9,0.04,0.0065,-2.3036,12.37,95558.12,7.51,96.07,-9.784,-0,-0.9999,158.16,157.41,155.09,24.97,Cornering,"Hoosier 43075 16x7.5-10 R20, 7 inch rim",22185
79.31,765.003,-0.77,458.91,-200.09,-0.003,-22.79,-2.86,0.04,0.0039,-2.2935,12.41,95566.55,7.51,96.02,-9.754,-0,-0.9999,158.12,157.41,154.95,24.97,Cornering,"Hoosier 43075 16x7.5-10 R20, 7 inch rim",22186
79.28,765.013,-0.87,457.2,-200.41,0.001,-21.73,-4.52,0.04,0.0043,-2.2813,12.39,95577.73,7.51,95.98,-9.714,-0,-0.9999,158.14,157.32,154.95,24.97,Cornering,"Hoosier 43075 16x7.5-10 R20, 7 inch rim",22187
79.29,765.023,-1.31,455.51,-199.32,0.004,-21.17,-6.35,0.11,0.0066,-2.2853,12.29,37050.01,7.51,95.93,-9.654,-0,-0.9998,158.1,157.3,154.97,24.96,Cornering,"Hoosier 43075 16x7.5-10 R20, 7 inch rim",22188
79.31,765.033,-1.83,454.76,-197.79,0.003,-20.25,-7.69,0.04,0.0092,-2.2992,12.16,95492.53,7.51,95.91,-9.621,-0,-0.9999,158.03,157.28,154.95,24.94,Cornering,"Hoosier 43075 16x7.5-10 R20, 7 inch rim",22189
79.28,765.043,-2.89,454.62,-197.33,-0.002,-19.09,-8.96,0.04,0.0147,-2.3039,12.05,95463.85,7.51,95.87,-9.564,-0,-0.9999,157.97,157.24,154.93,24.93,Cornering,"Hoosier 43075 16x7.5-10 R20, 7 inch rim",22190
79.27,765.053,-4.12,455.22,-196.03,0.012,-20.3,-9.49,0.11,0.021,-2.3221,12,37030.2,7.51,95.8,-9.517,-0,-0.9998,158.12,157.24,155.07,24.93,Cornering,"Hoosier 43075 16x7.5-10 R20, 7 inch rim",22191
79.31,765.063,-6.17,456.18,-196.14,-0.006,-20.8,-10.73,-0.09,0.0314,-2.3257,12,-44281.95,7.51,95.78,-9.471,-0,-1.0002,158.25,157.28,155.23,24.94,Cornering,"Hoosier 43075 16x7.5-10 R20, 7 inch rim",22192
79.3,765.073,-8.32,456.29,-196.48,0.009,-22.04,-12.07,-0.03,0.0424,-2.3223,12.08,-164994.25,7.51,95.82,-9.428,-0,-1,158.38,157.3,155.33,24.93,Cornering,"Hoosier 43075 16x7.5-10 R20, 7 inch rim",22193
79.27,765.083,-9.73,456.76,-196.92,0.001,-23.13,-13.35,0.04,0.0494,-2.3195,12.19,95601.16,7.51,95.83,-9.385,-0,-0.9999,158.42,157.39,155.39,24.95,Cornering,"Hoosier 43075 16x7.5-10 R20, 7 inch rim",22194
79.28,765.093,-10.57,457.83,-197.71,0.006,-23.1,-14.78,0.11,0.0535,-2.3157,12.25,37082.02,7.51,95.81,-9.351,-0,-0.9998,158.33,157.32,155.37,24.96,Cornering,"Hoosier 43075 16x7.5-10 R20, 7 inch rim",22195
79.31,765.103,-10.38,458.92,-198.98,0.001,-23.05,-15.73,0.04,0.0522,-2.3063,12.27,95732.53,7.51,95.82,-9.309,-0,-0.9999,158.25,157.39,155.31,24.98,Cornering,"Hoosier 43075 16x7.5-10 R20, 7 inch rim",22196
79.29,765.113,-9.21,459.07,-199.59,0.001,-22.95,-15.92,-0.09,0.0461,-2.3,12.24,-44389.21,7.51,95.8,-9.27,-0,-1.0002,158.23,157.35,155.19,24.99,Cornering,"Hoosier 43075 16x7.5-10 R20, 7 inch rim",22197
79.27,765.123,-8.45,458.15,-200.57,0.004,-21.41,-16.58,-0.03,0.0421,-2.2842,12.17,-165427.41,7.51,95.78,-9.237,-0,-1,158.21,157.32,155.07,24.98,Cornering,"Hoosier 43075 16x7.5-10 R20, 7 inch rim",22198
79.3,765.133,-7.3,456.44,-198.65,0.007,-22.27,-16.3,-0.03,0.0367,-2.2978,12.05,-165370.23,7.51,95.77,-9.194,-0,-1,158.16,157.26,155.03,24.97,Cornering,"Hoosier 43075 16x7.5-10 R20, 7 inch rim",22199
79.31,765.143,-6.14,454.75,-198.32,0.006,-20.8,-15.72,-0.03,0.031,-2.293,11.97,-165349.39,7.51,95.78,-9.156,-0,-1,158.06,157.24,154.99,24.97,Cornering,"Hoosier 43075 16x7.5-10 R20, 7 inch rim",22200
79.28,765.153,-5.64,454.31,-197.19,0.003,-19.63,-14.76,-0.09,0.0286,-2.3039,12,-44396.75,7.51,95.83,-9.124,-0,-1.0002,157.97,157.15,154.95,24.98,Cornering,"Hoosier 43075 16x7.5-10 R20, 7 inch rim",22201
79.28,765.163,-5.94,453.99,-195.9,0.007,-20.54,-13.85,0.04,0.0303,-2.3174,12.05,95835.81,7.51,95.89,-9.086,-0,-0.9999,157.95,157.1,154.99,24.99,Cornering,"Hoosier 43075 16x7.5-10 R20, 7 inch rim",22202
79.31,765.173,-5.97,454.13,-195.47,0.009,-21.25,-12.28,0.04,0.0306,-2.3233,12.18,95891.8,7.51,95.93,-9.041,-0,-0.9999,158.06,157.1,155.09,25,Cornering,"Hoosier 43075 16x7.5-10 R20, 7 inch rim",22203
79.29,765.183,-6.17,454.58,-195.88,0.013,-22.06,-10.84,0.04,0.0315,-2.3207,12.32,95918.84,7.51,95.96,-9.023,-0,-0.9999,158.14,157.13,155.21,25.01,Cornering,"Hoosier 43075 16x7.5-10 R20, 7 inch rim",22204
79.27,765.193,-6.08,454.73,-196.52,0.009,-22.84,-9.7,0.04,0.0309,-2.3139,12.38,95883.98,7.51,95.98,-8.985,-0,-0.9999,158.16,157.13,155.25,25,Cornering,"Hoosier 43075 16x7.5-10 R20, 7 inch rim",22205
79.29,765.203,-5.09,455.8,-197.86,0.01,-22.66,-8.25,-0.03,0.0257,-2.3036,12.39,-165481.31,7.51,95.97,-8.947,-0,-1,158.21,157.1,155.23,24.97,Cornering,"Hoosier 43075 16x7.5-10 R20, 7 inch rim",22206
79.31,765.213,-4.45,457.52,-198.72,0.001,-22.63,-8.18,-0.03,0.0224,-2.3023,12.33,-165378.72,7.51,95.98,-8.918,-0,-1,158.1,157.04,155.19,24.96,Cornering,"Hoosier 43075 16x7.5-10 R20, 7 inch rim",22207
79.28,765.223,-3.36,458.44,-199.24,0.006,-22.47,-7.85,-0.03,0.0169,-2.3009,12.23,-165243.94,7.51,96,-8.875,-0,-1,158.01,157.06,155.11,24.93,Cornering,"Hoosier 43075 16x7.5-10 R20, 7 inch rim",22208
79.27,765.233,-1.72,457.66,-199.79,0.01,-22.29,-7.28,0.04,0.0086,-2.2907,12.08,95656.52,7.51,96.05,-8.831,-0,-0.9999,158.01,156.99,155.03,24.93,Cornering,"Hoosier 43075 16x7.5-10 R20, 7 inch rim",22209
79.31,765.243,-0.68,455.82,-199.34,0.001,-21.72,-7.28,-0.09,0.0034,-2.2866,11.97,-44343.11,7.51,96.06,-8.795,-0,-1.0002,157.97,156.99,154.95,24.93,Cornering,"Hoosier 43075 16x7.5-10 R20, 7 inch rim",22210
79.3,765.253,-0.17,453.67,-199.32,-0,-20.23,-7.46,-0.09,0.0009,-2.2761,11.93,-44349.09,7.51,96.07,-8.743,-0,-1.0002,157.91,156.95,154.95,24.93,Cornering,"Hoosier 43075 16x7.5-10 R20, 7 inch rim",22211
79.27,765.263,-0.64,452.26,-197.62,0.009,-20.56,-8.01,-0.09,0.0032,-2.2885,11.95,-44385.15,7.51,96.09,-8.699,-0,-1.0002,157.8,156.95,154.91,24.95,Cornering,"Hoosier 43075 16x7.5-10 R20, 7 inch rim",22212
79.29,765.273,-1.81,451.49,-196.7,0.007,-20.65,-8.66,0.04,0.0092,-2.2953,12.04,95744.27,7.51,96.08,-8.658,-0,-0.9999,157.78,156.88,154.91,24.94,Cornering,"Hoosier 43075 16x7.5-10 R20, 7 inch rim",22213
79.31,765.283,-3.1,451.79,-196.28,0.012,-21.37,-9.02,0.04,0.0158,-2.3017,12.19,95821.98,7.51,96.05,-8.613,-0,-0.9999,157.76,156.95,154.99,24.96,Cornering,"Hoosier 43075 16x7.5-10 R20, 7 inch rim",22214
79.28,765.293,-4.47,452.72,-196.16,0.013,-21.68,-9.52,-0.03,0.0228,-2.3079,12.31,-165720.53,7.51,96.04,-8.572,-0,-1,157.82,156.95,155.07,24.98,Cornering,"Hoosier 43075 16x7.5-10 R20, 7 inch rim",22215
79.28,765.303,-6.25,453.2,-196.99,-0,-21.7,-10.89,0.11,0.0317,-2.3006,12.39,37258.7,7.51,95.97,-8.526,-0,-0.9998,157.8,156.93,155.15,25.02,Cornering,"Hoosier 43075 16x7.5-10 R20, 7 inch rim",22216
79.3,765.313,-7.37,454.15,-197.92,-0.01,-21.84,-12.44,-0.03,0.0372,-2.2946,12.4,-166066.16,7.51,95.99,-8.481,-0,-1,157.78,156.95,155.15,25.03,Cornering,"Hoosier 43075 16x7.5-10 R20, 7 inch rim",22217
79.3,765.323,-7.8,455.67,-197.95,0.003,-22.66,-13.88,0.11,0.0394,-2.302,12.33,37284.06,7.51,96,-8.44,-0,-0.9998,157.67,156.93,155.11,25.03,Cornering,"Hoosier 43075 16x7.5-10 R20, 7 inch rim",22218
79.27,765.333,-7.72,456.75,-198.86,0.003,-22.92,-15.36,0.04,0.0388,-2.2968,12.25,96097.87,7.51,96.03,-8.394,-0,-0.9999,157.63,156.91,155.03,25.01,Cornering,"Hoosier 43075 16x7.5-10 R20, 7 inch rim",22219
79.29,765.343,-7.26,457.05,-199.78,0.012,-21.85,-16.39,-0.03,0.0364,-2.2877,12.08,-165892.55,7.51,96.03,-8.344,-0,-1,157.5,156.88,154.89,25,Cornering,"Hoosier 43075 16x7.5-10 R20, 7 inch rim",22220
79.31,765.353,-7.02,454.88,-200.35,0.013,-21.29,-17.56,-0.09,0.035,-2.2705,11.98,-44500.28,7.51,96.04,-8.318,-0,-1.0002,157.41,156.84,154.79,24.99,Cornering,"Hoosier 43075 16x7.5-10 R20, 7 inch rim",22221
79.28,765.363,-6.71,451.93,-199.78,0.013,-21.64,-18.3,0.11,0.0336,-2.2621,11.94,37256.02,7.51,96.04,-8.277,-0,-0.9998,157.37,156.8,154.73,25,Cornering,"Hoosier 43075 16x7.5-10 R20, 7 inch rim",22222
79.27,765.373,-6.26,449.61,-198.82,0.014,-21.45,-18.27,-0.03,0.0315,-2.2614,11.98,-165976.16,7.51,96.05,-8.234,-0,-1,157.28,156.69,154.63,25,Cornering,"Hoosier 43075 16x7.5-10 R20, 7 inch rim",22223
79.31,765.383,-6.53,448.71,-197.9,0.003,-21.21,-18.35,-0.03,0.033,-2.2674,12.05,-165911.97,7.51,96.06,-8.202,-0,-1,157.11,156.66,154.54,24.99,Cornering,"Hoosier 43075 16x7.5-10 R20, 7 inch rim",22224
79.3,765.393,-6.86,448.56,-197.41,0.004,-21.04,-17.66,0.04,0.0347,-2.2722,12.19,96041.73,7.51,96.09,-8.161,-0,-0.9999,156.98,156.64,154.59,24.98,Cornering,"Hoosier 43075 16x7.5-10 R20, 7 inch rim",22225
79.27,765.403,-7.51,448.84,-197.36,0.013,-21.89,-16.93,-0.09,0.038,-2.2743,12.3,-44521.79,7.51,96.06,-8.121,-0,-1.0002,157.09,156.64,154.65,24.99,Cornering,"Hoosier 43075 16x7.5-10 R20, 7 inch rim",22226
79.29,765.413,-7.74,449.81,-197.62,-0.009,-22.09,-15.82,0.04,0.0392,-2.2761,12.35,96058.69,7.51,96.04,-8.088,-0,-0.9999,157.09,156.66,154.79,24.98,Cornering,"Hoosier 43075 16x7.5-10 R20, 7 inch rim",22227
79.31,765.423,-7.65,451.02,-197.95,0.004,-22.11,-14.92,-0.03,0.0386,-2.2785,12.33,-165972.84,7.51,96.01,-8.05,-0,-1,157.15,156.64,154.85,24.99,Cornering,"Hoosier 43075 16x7.5-10 R20, 7 inch rim",22228
79.3,765.433,-7.48,452.24,-199,0.007,-22.26,-14.58,0.11,0.0376,-2.2725,12.25,37262.27,7.51,95.99,-8.016,-0,-0.9998,157.09,156.62,154.83,24.99,Cornering,"Hoosier 43075 16x7.5-10 R20, 7 inch rim",22229
79.28,765.443,-6.53,453.34,-200.38,-0.003,-21.71,-13.92,0.11,0.0326,-2.2624,12.14,37265.31,7.51,95.99,-7.982,-0,-0.9998,157,156.64,154.65,24.99,Cornering,"Hoosier 43075 16x7.5-10 R20, 7 inch rim",22230
79.3,765.453,-5.35,453.81,-200.58,-0.003,-22.05,-13.59,-0.03,0.0267,-2.2624,12.07,-165937.64,7.51,96.01,-7.944,-0,-1,156.92,156.6,154.5,24.98,Cornering,"Hoosier 43075 16x7.5-10 R20, 7 inch rim",22231
79.3,765.463,-3.02,451.93,-201.29,0.001,-21.92,-12.02,-0.03,0.015,-2.2452,12.07,-165912.56,7.51,96.03,-7.91,-0,-1,156.88,156.51,154.42,24.97,Cornering,"Hoosier 43075 16x7.5-10 R20, 7 inch rim",22232
79.27,765.473,-1.73,449.29,-200.86,0.004,-21.84,-11.5,0.04,0.0086,-2.2369,12.1,96040.09,7.51,96.03,-7.876,-0,-0.9999,156.79,156.42,154.34,24.97,Cornering,"Hoosier 43075 16x7.5-10 R20, 7 inch rim",22233
79.28,765.483,-1.4,446.5,-199.94,0.01,-21.66,-11.67,0.11,0.007,-2.2332,12.22,37261.31,7.51,96.04,-7.83,-0,-0.9998,156.77,156.4,154.32,24.98,Cornering,"Hoosier 43075 16x7.5-10 R20, 7 inch rim",22234
79.31,765.493,-0.97,444.82,-198.46,0.001,-21.53,-11.38,-0.03,0.0049,-2.2413,12.33,-165998.16,7.51,96.03,-7.788,-0,-1,156.6,156.27,154.28,24.98,Cornering,"Hoosier 43075 16x7.5-10 R20, 7 inch rim",22235
79.29,765.503,-1.41,444.35,-197.52,0.007,-21.6,-11.22,-0.03,0.0071,-2.2497,12.39,-165940.28,7.51,96.06,-7.738,-0,-1,156.55,156.22,154.3,24.97,Cornering,"Hoosier 43075 16x7.5-10 R20, 7 inch rim",22236
79.27,765.513,-2.11,444.82,-197.98,0.007,-20.72,-10.94,0.04,0.0107,-2.2467,12.4,96058.15,7.51,96.03,-7.694,-0,-0.9999,156.53,156.27,154.38,24.96,Cornering,"Hoosier 43075 16x7.5-10 R20, 7 inch rim",22237
79.3,765.523,-3.26,445.91,-197.84,-0,-21.34,-11.22,0.04,0.0165,-2.2538,12.35,95954.13,7.51,96.01,-7.66,-0,-0.9999,156.58,156.22,154.48,24.93,Cornering,"Hoosier 43075 16x7.5-10 R20, 7 inch rim",22238
79.31,765.533,-4.52,446.97,-198.37,0.012,-21.48,-11.98,0.04,0.0228,-2.2532,12.23,95919.16,7.51,95.99,-7.615,-0,-0.9999,156.62,156.16,154.54,24.92,Cornering,"Hoosier 43075 16x7.5-10 R20, 7 inch rim",22239
79.28,765.543,-5.7,448.06,-199.34,0.007,-21.82,-13.63,0.04,0.0286,-2.2477,12.1,95951.06,7.51,96,-7.571,-0,-0.9999,156.47,156.07,154.52,24.93,Cornering,"Hoosier 43075 16x7.5-10 R20, 7 inch rim",22240
79.28,765.553,-6.23,449.15,-200.71,-0,-22.14,-15.16,-0.03,0.031,-2.2378,12.01,-165826.67,7.51,96.01,-7.528,-0,-1,156.38,156.03,154.3,24.94,Cornering,"Hoosier 43075 16x7.5-10 R20, 7 inch rim",22241
79.3,765.563,-6,449.57,-201.19,0.02,-22.91,-16.1,-0.03,0.0298,-2.2345,11.98,-165996.16,7.51,96.03,-7.486,-0,-1,156.23,156.07,154.14,24.96,Cornering,"Hoosier 43075 16x7.5-10 R20, 7 inch rim",22242
79.3,765.573,-5.61,448.36,-201.95,0.001,-23.06,-17.24,-0.03,0.0278,-2.2201,12.03,-166048.91,7.51,96.04,-7.448,-0,-1,156.06,155.94,153.94,24.97,Cornering,"Hoosier 43075 16x7.5-10 R20, 7 inch rim",22243
79.28,765.583,-5.31,446.2,-202.1,-0,-22.2,-17.99,0.04,0.0263,-2.2078,12.13,96142.36,7.51,96.01,-7.406,-0,-0.9999,156.02,155.91,153.86,24.97,Cornering,"Hoosier 43075 16x7.5-10 R20, 7 inch rim",22244
79.3,765.593,-5.44,443.57,-201.42,-0,-21.75,-18.92,-0.03,0.027,-2.2022,12.3,-166077.61,7.51,95.99,-7.369,-0,-1,155.85,155.8,153.78,24.97,Cornering,"Hoosier 43075 16x7.5-10 R20, 7 inch rim",22245
79.31,765.603,-5.93,441.72,-200.29,-0.002,-21.1,-19.73,0.04,0.0296,-2.2055,12.41,96114.53,7.51,95.98,-7.326,-0,-0.9999,155.7,155.67,153.74,24.96,Cornering,"Hoosier 43075 16x7.5-10 R20, 7 inch rim",22246
79.28,765.613,-6.41,440.94,-199.52,0.009,-20.76,-19.97,0.04,0.0321,-2.21,12.47,96213.65,7.51,95.94,-7.279,-0,-0.9999,155.63,155.56,153.7,24.98,Cornering,"Hoosier 43075 16x7.5-10 R20, 7 inch rim",22247
79.28,765.623,-6.62,441.56,-199.16,0.009,-20.32,-19.39,-0.09,0.0332,-2.2171,12.47,-44620.73,7.51,95.94,-7.249,-0,-1.0002,155.65,155.54,153.76,25,Cornering,"Hoosier 43075 16x7.5-10 R20, 7 inch rim",22248
79.3,765.633,-7.64,442.19,-199.07,0.001,-20.79,-19.42,0.04,0.0384,-2.2213,12.4,96383.24,7.51,95.9,-7.214,-0,-0.9999,155.74,155.47,153.86,25.02,Cornering,"Hoosier 43075 16x7.5-10 R20, 7 inch rim",22249
79.3,765.643,-8.04,442.48,-199.11,0.006,-21.78,-18.87,-0.03,0.0404,-2.2223,12.26,-166689.73,7.51,95.87,-7.167,-0,-1,155.76,155.39,154,25.05,Cornering,"Hoosier 43075 16x7.5-10 R20, 7 inch rim",22250
79.27,765.653,-8.27,442.78,-200.34,0.007,-21.82,-18.81,-0.03,0.0413,-2.2102,12.11,-166743.94,7.51,95.85,-7.123,-0,-1,155.63,155.32,154,25.05,Cornering,"Hoosier 43075 16x7.5-10 R20, 7 inch rim",22251
79.29,765.663,-7.71,443.23,-200.92,0.007,-23,-18.72,-0.03,0.0384,-2.206,12.02,-166676.31,7.51,95.83,-7.095,-0,-1,155.48,155.19,153.94,25.04,Cornering,"Hoosier 43075 16x7.5-10 R20, 7 inch rim",22252
79.31,765.673,-6.31,443.38,-202.58,0.004,-23.08,-18.14,0.04,0.0312,-2.1887,12.02,96369.74,7.51,95.8,-7.061,-0,-0.9999,155.33,155.12,153.86,25.01,Cornering,"Hoosier 43075 16x7.5-10 R20, 7 inch rim",22253
79.28,765.683,-5.36,442.93,-203.44,-0.002,-22.71,-18.29,-0.09,0.0263,-2.1772,12.06,-44652.52,7.51,95.81,-7.021,-0,-1.0002,155.18,155.01,153.72,25,Cornering,"Hoosier 43075 16x7.5-10 R20, 7 inch rim",22254
79.28,765.693,-4.02,441.37,-203.51,0.004,-22.14,-17.96,-0.03,0.0197,-2.1688,12.14,-166249.56,7.51,95.82,-6.991,-0,-1,155.1,154.88,153.62,24.97,Cornering,"Hoosier 43075 16x7.5-10 R20, 7 inch rim",22255
79.3,765.703,-2.92,439.04,-202.13,0.012,-22.04,-17.46,-0.03,0.0144,-2.1721,12.28,-166146.05,7.51,95.83,-6.955,-0,-1,154.92,154.84,153.53,24.96,Cornering,"Hoosier 43075 16x7.5-10 R20, 7 inch rim",22256
79.31,765.713,-1.61,437.04,-201.04,0.01,-20.92,-16.41,-0.03,0.008,-2.1739,12.37,-166086.86,7.51,95.88,-6.902,-0,-1,154.73,154.73,153.45,24.94,Cornering,"Hoosier 43075 16x7.5-10 R20, 7 inch rim",22257
79.27,765.723,-1.22,435.81,-200.17,0.013,-20.16,-15.66,0.11,0.0061,-2.1772,12.4,37295.64,7.51,95.89,-6.873,-0,-0.9998,154.6,154.59,153.39,24.95,Cornering,"Hoosier 43075 16x7.5-10 R20, 7 inch rim",22258
79.28,765.733,-1.76,435.49,-198.82,0.017,-20.85,-15.22,-0.03,0.0088,-2.1903,12.36,-166111.92,7.51,95.89,-6.828,-0,-1,154.54,154.59,153.43,24.94,Cornering,"Hoosier 43075 16x7.5-10 R20, 7 inch rim",22259
79.3,765.743,-2.52,435.35,-199.57,0.009,-20.52,-14.78,-0.03,0.0126,-2.1814,12.28,-166164.86,7.51,95.88,-6.785,-0,-1,154.58,154.59,153.49,24.95,Cornering,"Hoosier 43075 16x7.5-10 R20, 7 inch rim",22260
79.29,765.753,-3.94,435.47,-199.62,0.022,-21.29,-15.02,-0.03,0.0198,-2.1815,12.17,-166177.67,7.51,95.88,-6.746,-0,-1,154.56,154.59,153.55,24.95,Cornering,"Hoosier 43075 16x7.5-10 R20, 7 inch rim",22261
79.27,765.763,-5.32,435.33,-200.79,0.007,-21.55,-16.1,-0.09,0.0265,-2.1681,12.09,-44587.93,7.51,95.86,-6.705,-0,-1.0002,154.56,154.59,153.6,24.95,Cornering,"Hoosier 43075 16x7.5-10 R20, 7 inch rim",22262
79.3,765.773,-5.5,435.16,-201.72,0.01,-22.49,-16.77,-0.03,0.0272,-2.1572,12.08,-166166.81,7.51,95.84,-6.662,-0,-1,154.37,154.57,153.62,24.94,Cornering,"Hoosier 43075 16x7.5-10 R20, 7 inch rim",22263
79.3,765.783,-6.07,435.46,-203.21,0.007,-22.57,-18.39,0.04,0.0299,-2.1429,12.14,96208.85,7.51,95.83,-6.624,-0,-0.9999,154.26,154.53,153.49,24.94,Cornering,"Hoosier 43075 16x7.5-10 R20, 7 inch rim",22264
79.28,765.793,-5.49,435.47,-204.03,0.001,-22.34,-19.24,-0.03,0.0269,-2.1343,12.23,-166311.91,7.52,95.83,-6.571,-0,-1,154.11,154.46,153.33,24.96,Cornering,"Hoosier 43075 16x7.5-10 R20, 7 inch rim",22265
79.28,765.803,-5.01,434.24,-204.27,-0,-21.87,-19.97,0.04,0.0245,-2.1258,12.34,96450.87,7.52,95.83,-6.526,-0,-0.9999,153.94,154.4,153.19,25,Cornering,"Hoosier 43075 16x7.5-10 R20, 7 inch rim",22266
79.31,765.813,-4.86,432.07,-203.65,0.003,-21.39,-20.84,-0.03,0.0239,-2.1216,12.4,-166762.42,7.51,95.86,-6.491,-0,-1,153.85,154.31,153.05,25.03,Cornering,"Hoosier 43075 16x7.5-10 R20, 7 inch rim",22267
79.29,765.823,-3.98,430.22,-201.81,0.007,-21.23,-20.6,-0.03,0.0197,-2.1318,12.41,-166737.89,7.51,95.84,-6.447,-0,-1,153.7,154.22,152.97,25.02,Cornering,"Hoosier 43075 16x7.5-10 R20, 7 inch rim",22268
79.27,765.833,-4.25,428.37,-200.99,0.007,-20.31,-21.15,0.04,0.0212,-2.1313,12.33,96449.8,7.51,95.84,-6.41,-0,-0.9999,153.55,154.11,152.89,25,Cornering,"Hoosier 43075 16x7.5-10 R20, 7 inch rim",22269
79.3,765.843,-4.9,427.45,-200.65,0.007,-19.71,-21.26,-0.03,0.0244,-2.1304,12.22,-166608.55,7.52,95.85,-6.367,-0,-1,153.4,154.11,152.85,25,Cornering,"Hoosier 43075 16x7.5-10 R20, 7 inch rim",22270
79.31,765.853,-5.71,426.99,-200.58,0.003,-19.79,-21.22,-0.03,0.0285,-2.1287,12.09,-166577.94,7.52,95.88,-6.341,-0,-1,153.42,154.13,152.93,24.99,Cornering,"Hoosier 43075 16x7.5-10 R20, 7 inch rim",22271
79.27,765.863,-6.88,426.49,-200.3,0.014,-21.27,-21.31,0.04,0.0343,-2.1292,12.02,96515.44,7.52,95.88,-6.294,-0,-0.9999,153.42,154.07,152.95,25.01,Cornering,"Hoosier 43075 16x7.5-10 R20, 7 inch rim",22272
79.28,765.873,-7.32,425.87,-201.13,0.007,-21.78,-21.22,-0.03,0.0364,-2.1174,12.01,-166876.69,7.52,95.83,-6.249,-0,-1,153.36,154.04,152.97,25.03,Cornering,"Hoosier 43075 16x7.5-10 R20, 7 inch rim",22273
79.31,765.883,-7.75,425.42,-202.52,-0.006,-21.74,-21.78,-0.03,0.0383,-2.1006,12.07,-167043.94,7.52,95.78,-6.208,-0,-1,153.21,153.98,152.95,25.05,Cornering,"Hoosier 43075 16x7.5-10 R20, 7 inch rim",22274
79.3,765.893,-6.69,425.53,-203.4,0.009,-22.63,-21.31,0.04,0.0329,-2.0921,12.18,96715.45,7.52,95.76,-6.175,-0,-0.9999,153.04,153.85,152.79,25.05,Cornering,"Hoosier 43075 16x7.5-10 R20, 7 inch rim",22275
79.27,765.903,-6.08,425.39,-204.41,-0.002,-22.35,-21.97,0.04,0.0297,-2.0811,12.33,96631.95,7.52,95.77,-6.14,-0,-0.9999,152.91,153.8,152.67,25.03,Cornering,"Hoosier 43075 16x7.5-10 R20, 7 inch rim",22276
79.29,765.913,-4.71,424.59,-204.58,0.016,-22.05,-21.71,-0.03,0.023,-2.0754,12.45,-166923.91,7.52,95.74,-6.093,-0,-1,152.73,153.71,152.46,25.03,Cornering,"Hoosier 43075 16x7.5-10 R20, 7 inch rim",22277
79.31,765.923,-4.05,422.75,-203.95,0.012,-21.62,-22.08,0.11,0.0198,-2.0728,12.51,37448.88,7.52,95.74,-6.06,-0,-0.9998,152.61,153.63,152.32,25.01,Cornering,"Hoosier 43075 16x7.5-10 R20, 7 inch rim",22278
79.28,765.933,-3.16,420.6,-203.06,0.006,-20.44,-21.88,-0.09,0.0156,-2.0713,12.47,-44748.79,7.52,95.71,-6.02,-0,-1.0002,152.43,153.49,152.28,25.01,Cornering,"Hoosier 43075 16x7.5-10 R20, 7 inch rim",22279
79.28,765.943,-3.12,418.11,-202.02,0.013,-20.31,-21.8,-0.03,0.0155,-2.0696,12.4,-166646.39,7.52,95.66,-5.986,-0,-1,152.26,153.43,152.18,24.98,Cornering,"Hoosier 43075 16x7.5-10 R20, 7 inch rim",22280
79.3,765.953,-3.05,416.91,-201.2,-0.003,-19.83,-21.09,-0.03,0.0152,-2.0721,12.25,-166618.16,7.52,95.62,-5.95,-0,-1,152.07,153.32,152.06,24.98,Cornering,"Hoosier 43075 16x7.5-10 R20, 7 inch rim",22281
79.3,765.963,-3.5,416.11,-200.9,0.01,-19.95,-20.27,0.04,0.0174,-2.0712,12.13,96470.83,7.52,95.62,-5.904,-0,-0.9999,152.05,153.27,152.08,24.98,Cornering,"Hoosier 43075 16x7.5-10 R20, 7 inch rim",22282
79.27,765.973,-4.11,415.47,-200.45,0.014,-21.41,-19.64,-0.09,0.0205,-2.0727,12.04,-44698.82,7.52,95.62,-5.863,-0,-1.0002,152.07,153.25,152.12,24.97,Cornering,"Hoosier 43075 16x7.5-10 R20, 7 inch rim",22283
79.29,765.983,-4.47,414.71,-201.38,-0,-21.34,-18.92,0.11,0.0222,-2.0594,12.01,37395.39,7.52,95.6,-5.815,-0,-0.9998,152.05,153.23,152.16,24.97,Cornering,"Hoosier 43075 16x7.5-10 R20, 7 inch rim",22284
79.3,765.993,-5.3,414.55,-202.13,-0,-21.38,-19.73,-0.03,0.0262,-2.0509,12.08,-166550.52,7.53,95.6,-5.781,-0,-1,151.92,153.16,152.12,24.96,Cornering,"Hoosier 43075 16x7.5-10 R20, 7 inch rim",22285
79.28,766.003,-4.88,414.05,-203.44,0.01,-22.05,-20.03,-0.03,0.024,-2.0352,12.19,-166485.61,7.52,95.6,-5.737,-0,-1,151.77,153.1,152,24.95,Cornering,"Hoosier 43075 16x7.5-10 R20, 7 inch rim",22286
79.27,766.013,-4.49,414.22,-205.06,0.004,-20.94,-20.92,0.04,0.0219,-2.02,12.3,96414.58,7.53,95.62,-5.701,-0,-0.9999,151.6,153.05,151.8,24.96,Cornering,"Hoosier 43075 16x7.5-10 R20, 7 inch rim",22287
79.3,766.023,-4.36,413.44,-205.2,0.006,-21.42,-22.14,0.11,0.0212,-2.0148,12.39,37379.58,7.53,95.63,-5.652,-0,-0.9998,151.45,152.99,151.64,24.95,Cornering,"Hoosier 43075 16x7.5-10 R20, 7 inch rim",22288
79.31,766.033,-3.72,411.88,-204.99,0.01,-21.2,-22.71,0.04,0.0182,-2.0093,12.39,96450.68,7.53,95.66,-5.615,-0,-0.9999,151.34,152.94,151.47,24.96,Cornering,"Hoosier 43075 16x7.5-10 R20, 7 inch rim",22289
79.27,766.043,-3.18,409.74,-204.46,0.004,-19.85,-23,-0.03,0.0155,-2.004,12.34,-166687.25,7.53,95.7,-5.566,-0,-1,151.17,152.81,151.33,24.97,Cornering,"Hoosier 43075 16x7.5-10 R20, 7 inch rim",22290
79.29,766.053,-3.17,406.97,-202.83,-0.003,-20.17,-23.19,0.04,0.0156,-2.0064,12.25,96575.05,7.53,95.76,-5.536,-0,-0.9999,150.98,152.7,151.25,24.99,Cornering,"Hoosier 43075 16x7.5-10 R20, 7 inch rim",22291
79.31,766.063,-3.54,405.26,-202.01,0.007,-19.64,-23.4,0.04,0.0175,-2.0061,12.11,96647.82,7.53,95.78,-5.5,-0,-0.9999,150.87,152.5,151.13,25.01,Cornering,"Hoosier 43075 16x7.5-10 R20, 7 inch rim",22292
79.29,766.073,-4.65,403.85,-201.34,0.012,-19.99,-23.58,0.04,0.0231,-2.0058,12,96565.52,7.53,95.81,-5.453,-0,-0.9999,150.87,152.46,151.13,24.98,Cornering,"Hoosier 43075 16x7.5-10 R20, 7 inch rim",22293
79.27,766.083,-5.29,403.08,-201.06,0.004,-20.89,-23.21,0.11,0.0263,-2.0048,11.97,37436.96,7.53,95.84,-5.422,-0,-0.9998,150.91,152.35,151.15,24.98,Cornering,"Hoosier 43075 16x7.5-10 R20, 7 inch rim",22294
79.3,766.093,-5.95,402.92,-201.55,0.004,-20.78,-23.03,-0.09,0.0295,-1.9991,12.03,-44744.76,7.53,95.84,-5.379,-0,-1.0002,150.91,152.31,151.19,24.98,Cornering,"Hoosier 43075 16x7.5-10 R20, 7 inch rim",22295
79.3,766.103,-6.51,402.43,-202.36,0.016,-21.03,-23.41,0.11,0.0322,-1.9887,12.13,37467.82,7.53,95.84,-5.34,-0,-0.9998,150.85,152.24,151.17,25,Cornering,"Hoosier 43075 16x7.5-10 R20, 7 inch rim",22296
79.28,766.113,-6.65,402.28,-203.15,0.004,-21.52,-24.23,0.04,0.0327,-1.9802,12.25,96679.41,7.53,95.85,-5.293,-0,-0.9999,150.68,152.2,151.13,25.01,Cornering,"Hoosier 43075 16x7.5-10 R20, 7 inch rim",22297
79.28,766.123,-5.97,401.8,-205.04,0.01,-21.02,-24.7,-0.03,0.0291,-1.9596,12.36,-167118.48,7.53,95.88,-5.251,-0,-1,150.53,152.11,151.03,25.03,Cornering,"Hoosier 43075 16x7.5-10 R20, 7 inch rim",22298
79.31,766.133,-5.1,400.86,-205.76,0.01,-21.59,-25.15,0.04,0.0248,-1.9482,12.38,96826.58,7.53,95.87,-5.207,-0,-0.9999,150.33,152.08,150.83,25.04,Cornering,"Hoosier 43075 16x7.5-10 R20, 7 inch rim",22299
79.29,766.143,-4.1,399.34,-205.97,-0.003,-20.71,-25.4,0.04,0.0199,-1.9389,12.33,96717.67,7.53,95.86,-5.185,-0,-0.9999,150.18,151.95,150.62,25.01,Cornering,"Hoosier 43075 16x7.5-10 R20, 7 inch rim",22300
79.27,766.153,-3.39,397.01,-204.83,0.004,-20.82,-25.5,0.04,0.0166,-1.9382,12.22,96634.47,7.53,95.85,-5.141,-0,-0.9999,150.03,151.91,150.52,24.99,Cornering,"Hoosier 43075 16x7.5-10 R20, 7 inch rim",22301
79.29,766.163,-2.88,394.55,-203.91,-0,-19.88,-25.36,-0.03,0.0141,-1.935,12.09,-166809.33,7.53,95.87,-5.095,-0,-1,149.88,151.8,150.38,24.97,Cornering,"Hoosier 43075 16x7.5-10 R20, 7 inch rim",22302
79.31,766.173,-3.04,392.53,-202.54,0.009,-19.61,-25.32,-0.09,0.015,-1.9381,12,-44725.02,7.53,95.85,-5.058,-0,-1.0002,149.71,151.64,150.22,24.96,Cornering,"Hoosier 43075 16x7.5-10 R20, 7 inch rim",22303
79.28,766.183,-3.72,391,-201.64,0.001,-19.53,-25.04,0.04,0.0184,-1.939,11.96,96515.73,7.54,95.86,-5.031,-0,-0.9999,149.62,151.58,150.18,24.96,Cornering,"Hoosier 43075 16x7.5-10 R20, 7 inch rim",22304
79.28,766.193,-4.51,390.05,-201.42,0.007,-19.82,-24.42,-0.03,0.0224,-1.9365,12.01,-166720.09,7.53,95.89,-4.985,-0,-1,149.62,151.56,150.1,24.96,Cornering,"Hoosier 43075 16x7.5-10 R20, 7 inch rim",22305
79.31,766.203,-4.92,389.43,-202.17,0.004,-19.46,-23.77,0.11,0.0243,-1.9262,12.08,37420.82,7.53,95.91,-4.938,-0,-0.9998,149.5,151.51,150.14,24.95,Cornering,"Hoosier 43075 16x7.5-10 R20, 7 inch rim",22306
79.3,766.213,-5.49,388.31,-202.36,0.016,-20.93,-23.52,0.11,0.0271,-1.9189,12.23,37431.34,7.54,95.95,-4.903,-0,-0.9998,149.41,151.45,150.18,24.96,Cornering,"Hoosier 43075 16x7.5-10 R20, 7 inch rim",22307
79.27,766.223,-5.48,387.7,-203.51,0.006,-21.07,-23.87,-0.03,0.0269,-1.9051,12.33,-166824.88,7.54,95.96,-4.87,-0,-1,149.19,151.34,150.18,24.97,Cornering,"Hoosier 43075 16x7.5-10 R20, 7 inch rim",22308
79.29,766.233,-5.3,387.52,-204.88,0.016,-20.72,-24.64,0.11,0.0259,-1.8915,12.39,37452.37,7.54,95.97,-4.835,-0,-0.9998,148.94,151.27,150.08,24.97,Cornering,"Hoosier 43075 16x7.5-10 R20, 7 inch rim",22309
79.31,766.243,-4.22,386.91,-206.16,0.009,-20.52,-24.87,0.04,0.0205,-1.8768,12.36,96661.52,7.54,96,-4.786,-0,-0.9999,148.77,151.2,149.96,24.98,Cornering,"Hoosier 43075 16x7.5-10 R20, 7 inch rim",22310
79.28,766.253,-3.33,385.19,-206.25,0.013,-20.99,-25.28,0.11,0.0162,-1.8676,12.3,37500.31,7.54,95.98,-4.749,-0,-0.9998,148.51,151.12,149.82,25,Cornering,"Hoosier 43075 16x7.5-10 R20, 7 inch rim",22311
79.27,766.263,-2.63,383.19,-206.06,0.01,-20.13,-25.75,-0.03,0.0128,-1.8596,12.18,-166977.58,7.54,95.94,-4.713,-0,-1,148.38,150.94,149.7,24.98,Cornering,"Hoosier 43075 16x7.5-10 R20, 7 inch rim",22312
79.3,766.273,-2.7,381.05,-204.87,0.001,-19.23,-26.6,-0.03,0.0132,-1.86,12.11,-166950.52,7.54,95.94,-4.661,-0,-1,148.21,150.79,149.59,24.98,Cornering,"Hoosier 43075 16x7.5-10 R20, 7 inch rim",22313
79.3,766.283,-2.88,378.58,-203.58,0.006,-18.76,-26.78,0.04,0.0141,-1.8596,12.08,96682.27,7.54,95.95,-4.628,-0,-0.9999,148.06,150.72,149.43,24.98,Cornering,"Hoosier 43075 16x7.5-10 R20, 7 inch rim",22314
79.27,766.293,-3.3,377.21,-202.28,-0.005,-18.25,-26.66,-0.03,0.0163,-1.8648,12.14,-167121.78,7.54,95.96,-4.588,-0,-1,147.91,150.63,149.39,25,Cornering,"Hoosier 43075 16x7.5-10 R20, 7 inch rim",22315
79.29,766.303,-4.17,375.78,-201.66,0.012,-18.59,-26.33,-0.09,0.0207,-1.8634,12.23,-44861.3,7.54,96,-4.538,-0,-1.0002,147.93,150.61,149.33,25.01,Cornering,"Hoosier 43075 16x7.5-10 R20, 7 inch rim",22316
79.31,766.313,-5.2,374.39,-201.29,0.004,-19.73,-26.24,0.18,0.0258,-1.8599,12.33,23272.7,7.54,96.01,-4.504,-0,-0.9997,147.86,150.57,149.35,25,Cornering,"Hoosier 43075 16x7.5-10 R20, 7 inch rim",22317
79.28,766.323,-6.09,373.29,-201.9,0.012,-19.56,-26.48,-0.03,0.0302,-1.8488,12.4,-167035.22,7.54,96.02,-4.452,-0,-1,147.82,150.52,149.33,24.98,Cornering,"Hoosier 43075 16x7.5-10 R20, 7 inch rim",22318
79.27,766.333,-6.17,371.89,-202.59,0.004,-20.25,-26.51,-0.03,0.0305,-1.8357,12.41,-166846.97,7.54,96.03,-4.426,-0,-1,147.65,150.48,149.33,24.96,Cornering,"Hoosier 43075 16x7.5-10 R20, 7 inch rim",22319
79.31,766.343,-6.24,370.8,-204.21,0.003,-20.57,-27.48,-0.03,0.0306,-1.8158,12.34,-166817.92,7.54,96.03,-4.381,-0,-1,147.48,150.39,149.21,24.95,Cornering,"Hoosier 43075 16x7.5-10 R20, 7 inch rim",22320
79.31,766.353,-5.71,369.84,-205.61,0.012,-20.28,-28.06,0.04,0.0278,-1.7987,12.22,96628.2,7.54,96.03,-4.343,-0,-0.9999,147.39,150.28,149.05,24.96,Cornering,"Hoosier 43075 16x7.5-10 R20, 7 inch rim",22321
79.27,766.363,-4.96,368.62,-206.55,0.003,-19.95,-28.78,-0.03,0.024,-1.7846,12.09,-167106.53,7.55,96.04,-4.298,-0,-1,147.18,150.19,148.93,24.99,Cornering,"Hoosier 43075 16x7.5-10 R20, 7 inch rim",22322
79.28,766.373,-3.88,366.14,-206.37,0.001,-19.74,-28.84,-0.03,0.0188,-1.7742,11.99,-167228.72,7.55,96.02,-4.269,-0,-1,147.07,150.1,148.77,25.01,Cornering,"Hoosier 43075 16x7.5-10 R20, 7 inch rim",22323
79.31,766.383,-3.09,364.13,-205.13,0.009,-19.08,-28.61,-0.03,0.0151,-1.7751,11.96,-167240.11,7.55,96.01,-4.213,-0,-1,146.98,149.99,148.62,25.01,Cornering,"Hoosier 43075 16x7.5-10 R20, 7 inch rim",22324
79.29,766.393,-2.86,361.97,-203.68,0.01,-18.32,-28.51,-0.03,0.0141,-1.7772,12,-167091.42,7.55,96,-4.182,-0,-1,146.88,149.84,148.52,24.98,Cornering,"Hoosier 43075 16x7.5-10 R20, 7 inch rim",22325
79.27,766.403,-3.68,359.81,-202.54,0.007,-17.97,-28.65,-0.09,0.0182,-1.7765,12.11,-44810.75,7.55,96.01,-4.142,-0,-1.0002,146.75,149.71,148.48,24.97,Cornering,"Hoosier 43075 16x7.5-10 R20, 7 inch rim",22326
79.3,766.413,-4.33,358.26,-201.53,0.013,-17.98,-28.09,0.04,0.0215,-1.7777,12.23,96656.27,7.55,96.03,-4.104,-0,-0.9999,146.79,149.69,148.48,24.96,Cornering,"Hoosier 43075 16x7.5-10 R20, 7 inch rim",22327
79.31,766.423,-5.11,356.87,-201.23,0.006,-18.63,-27.53,-0.03,0.0254,-1.7734,12.33,-166844.92,7.55,96.02,-4.056,-0,-1,146.75,149.6,148.48,24.94,Cornering,"Hoosier 43075 16x7.5-10 R20, 7 inch rim",22328
79.27,766.433,-5.98,355,-202.21,0.001,-18.66,-27.28,0.11,0.0296,-1.7556,12.37,37473.45,7.55,96.01,-4.031,-0,-0.9998,146.81,149.64,148.48,24.96,Cornering,"Hoosier 43075 16x7.5-10 R20, 7 inch rim",22329
79.28,766.443,-6.85,353.72,-202.64,0.017,-19.88,-27.59,-0.03,0.0338,-1.7455,12.36,-166975.56,7.55,96.01,-3.981,-0,-1,146.68,149.55,148.5,24.96,Cornering,"Hoosier 43075 16x7.5-10 R20, 7 inch rim",22330
79.31,766.453,-7.16,352.66,-204.57,-0.003,-19.23,-28.47,0.04,0.035,-1.7239,12.28,96696.28,7.55,96,-3.947,-0,-0.9999,146.51,149.38,148.48,24.97,Cornering,"Hoosier 43075 16x7.5-10 R20, 7 inch rim",22331
79.3,766.463,-6.1,350.93,-206.03,0.003,-19.76,-28.53,0.11,0.0296,-1.7033,12.16,37505.23,7.55,95.98,-3.898,-0,-0.9998,146.3,149.31,148.28,24.97,Cornering,"Hoosier 43075 16x7.5-10 R20, 7 inch rim",22332
79.27,766.473,-5.29,349.53,-207.02,0.007,-19.5,-29.07,0.04,0.0255,-1.6884,12.04,96726.63,7.55,95.96,-3.874,-0,-0.9999,146.08,149.25,148.18,24.97,Cornering,"Hoosier 43075 16x7.5-10 R20, 7 inch rim",22333
79.29,766.483,-4.27,347.8,-206.75,0.022,-19.56,-29.51,0.11,0.0207,-1.6822,12.03,37499.61,7.55,95.93,-3.824,-0,-0.9998,146.02,149.14,148.02,24.97,Cornering,"Hoosier 43075 16x7.5-10 R20, 7 inch rim",22334
79.31,766.493,-3.57,345.53,-206.16,-0.002,-18.27,-29.74,-0.03,0.0173,-1.676,12.05,-167168.09,7.56,95.91,-3.779,-0,-1,145.87,149,147.94,24.98,Cornering,"Hoosier 43075 16x7.5-10 R20, 7 inch rim",22335
79.28,766.503,-3.24,343.05,-204.96,0.009,-17.5,-29.9,0.11,0.0158,-1.6738,12.15,37537.73,7.55,95.89,-3.742,-0,-0.9998,145.85,148.89,147.82,24.99,Cornering,"Hoosier 43075 16x7.5-10 R20, 7 inch rim",22336
79.28,766.513,-3.61,340.76,-203.35,-0.006,-17.33,-29.88,-0.09,0.0178,-1.6757,12.27,-44874.69,7.56,95.91,-3.698,-0,-1.0002,145.59,148.7,147.71,25,Cornering,"Hoosier 43075 16x7.5-10 R20, 7 inch rim",22337
79.3,766.523,-4.44,338.58,-202.1,-0,-17.67,-29.67,0.11,0.022,-1.6753,12.37,37549.84,7.56,95.87,-3.656,-0,-0.9998,145.55,148.63,147.69,25,Cornering,"Hoosier 43075 16x7.5-10 R20, 7 inch rim",22338
79.3,766.533,-5.13,336.39,-201.4,0.004,-18.71,-28.72,-0.03,0.0255,-1.6702,12.4,-167118.78,7.56,95.87,-3.619,-0,-1,145.55,148.56,147.59,24.97,Cornering,"Hoosier 43075 16x7.5-10 R20, 7 inch rim",22339
79.27,766.543,-6.3,334.53,-202.23,0.001,-18.2,-28.73,-0.03,0.0312,-1.6542,12.38,-167201.52,7.56,95.89,-3.589,-0,-1,145.53,148.48,147.61,24.98,Cornering,"Hoosier 43075 16x7.5-10 R20, 7 inch rim",22340
79.29,766.553,-6.75,332.34,-203.11,0.004,-18.38,-28.47,-0.03,0.0333,-1.6363,12.28,-167132.66,7.56,95.9,-3.537,-0,-1,145.38,148.43,147.57,24.97,Cornering,"Hoosier 43075 16x7.5-10 R20, 7 inch rim",22341
79.31,766.563,-7.23,330.47,-204.32,0.006,-18.66,-29.07,-0.03,0.0354,-1.6174,12.14,-167214.55,7.56,95.86,-3.512,-0,-1,145.23,148.37,147.43,24.98,Cornering,"Hoosier 43075 16x7.5-10 R20, 7 inch rim",22342
79.28,766.573,-6.67,328.9,-205.68,0.013,-18.68,-29.43,0.11,0.0324,-1.599,12,37557.39,7.56,95.86,-3.457,-0,-0.9998,145.03,148.3,147.29,25,Cornering,"Hoosier 43075 16x7.5-10 R20, 7 inch rim",22343
79.27,766.583,-5.82,327.2,-207.16,0.006,-17.96,-29.8,-0.03,0.0281,-1.5794,11.92,-167229.84,7.56,95.86,-3.418,-0,-1,144.95,148.17,147.11,24.98,Cornering,"Hoosier 43075 16x7.5-10 R20, 7 inch rim",22344
79.3,766.593,-4.95,324.72,-207.26,0.003,-18.08,-30.13,0.11,0.0239,-1.5667,11.89,37542.43,7.56,95.85,-3.39,-0,-0.9998,144.77,148.06,146.93,24.98,Cornering,"Hoosier 43075 16x7.5-10 R20, 7 inch rim",22345
79.31,766.603,-4.25,322.41,-206.41,0.006,-17.51,-30.25,-0.09,0.0206,-1.562,11.95,-44880.51,7.56,95.84,-3.335,-0,-1.0002,144.71,147.95,146.79,24.99,Cornering,"Hoosier 43075 16x7.5-10 R20, 7 inch rim",22346
79.28,766.613,-3.86,319,-205.57,0.009,-17.2,-30.31,-0.03,0.0188,-1.5517,12.05,-167325.64,7.56,95.85,-3.304,-0,-1,144.6,147.81,146.64,25,Cornering,"Hoosier 43075 16x7.5-10 R20, 7 inch rim",22347
79.28,766.623,-4.22,316.38,-204.23,0.007,-16.51,-30.23,0.04,0.0207,-1.5491,12.19,96899.2,7.56,95.85,-3.26,-0,-0.9999,144.47,147.7,146.5,25,Cornering,"Hoosier 43075 16x7.5-10 R20, 7 inch rim",22348
79.31,766.633,-4.55,313.76,-202.65,-0.005,-16.89,-29.46,-0.03,0.0225,-1.5483,12.32,-167377.25,7.57,95.85,-3.221,-0,-1,144.41,147.59,146.4,25,Cornering,"Hoosier 43075 16x7.5-10 R20, 7 inch rim",22349
79.29,766.643,-5.54,311.42,-202.41,0.004,-16.85,-28.75,0.04,0.0274,-1.5386,12.37,96816.39,7.56,95.86,-3.179,-0,-0.9999,144.39,147.55,146.42,24.98,Cornering,"Hoosier 43075 16x7.5-10 R20, 7 inch rim",22350
79.27,766.653,-6.57,309.09,-203.18,0.001,-16.55,-28.31,0.04,0.0323,-1.5213,12.35,96730.21,7.57,95.88,-3.136,-0,-0.9999,144.39,147.48,146.42,24.96,Cornering,"Hoosier 43075 16x7.5-10 R20, 7 inch rim",22351
79.29,766.663,-7.46,306.76,-203.26,-0.002,-17.38,-28.26,-0.03,0.0367,-1.5092,12.29,-167084.28,7.57,95.83,-3.103,-0,-1,144.41,147.42,146.52,24.96,Cornering,"Hoosier 43075 16x7.5-10 R20, 7 inch rim",22352
79.31,766.673,-7.56,304.41,-204.46,0.004,-17.47,-28.13,0.11,0.037,-1.4889,12.14,37509.93,7.57,95.81,-3.066,-0,-0.9998,144.24,147.33,146.48,24.96,Cornering,"Hoosier 43075 16x7.5-10 R20, 7 inch rim",22353
79.27,766.683,-7.58,302.24,-206.22,0.003,-17,-28.85,0.04,0.0368,-1.4656,12.01,96739.45,7.57,95.76,-3.026,-0,-0.9999,144.02,147.24,146.44,24.96,Cornering,"Hoosier 43075 16x7.5-10 R20, 7 inch rim",22354
79.28,766.693,-6.76,300.05,-207.31,0.006,-17.08,-29.07,0.11,0.0326,-1.4473,11.93,37529.73,7.57,95.7,-2.992,-0,-0.9998,143.83,147.22,146.32,24.97,Cornering,"Hoosier 43075 16x7.5-10 R20, 7 inch rim",22355
79.31,766.703,-5.74,297.26,-208.25,0.004,-16.95,-29.26,-0.03,0.0276,-1.4274,11.92,-167106.02,7.57,95.7,-2.95,-0,-1,143.68,147.04,146.22,24.96,Cornering,"Hoosier 43075 16x7.5-10 R20, 7 inch rim",22356
79.29,766.713,-5.12,294.16,-208.04,0.007,-16.55,-29.7,0.04,0.0246,-1.414,11.97,96771.91,7.57,95.71,-2.902,-0,-0.9999,143.59,146.96,146.14,24.96,Cornering,"Hoosier 43075 16x7.5-10 R20, 7 inch rim",22357
79.27,766.723,-4.42,290.76,-206.99,0.006,-16.01,-29.51,-0.03,0.0213,-1.4047,12.1,-167157.25,7.57,95.74,-2.859,-0,-1,143.53,146.89,146.1,24.96,Cornering,"Hoosier 43075 16x7.5-10 R20, 7 inch rim",22358
79.3,766.733,-4.5,287.68,-205.02,0.003,-16.28,-29.38,-0.03,0.0219,-1.4032,12.22,-167316.7,7.57,95.79,-2.827,-0,-1,143.42,146.67,146,24.98,Cornering,"Hoosier 43075 16x7.5-10 R20, 7 inch rim",22359
79.31,766.743,-5,284.57,-204.15,0.007,-15.77,-28.88,0.04,0.0245,-1.3939,12.3,96960.48,7.57,95.8,-2.787,-0,-0.9999,143.34,146.6,145.9,25.01,Cornering,"Hoosier 43075 16x7.5-10 R20, 7 inch rim",22360
79.28,766.753,-5.73,281.8,-203.25,-0.002,-16.06,-28.08,-0.09,0.0282,-1.3865,12.32,-44924.07,7.57,95.78,-2.741,-0,-1.0002,143.36,146.56,145.9,25,Cornering,"Hoosier 43075 16x7.5-10 R20, 7 inch rim",22361
79.28,766.763,-6.73,279.76,-203.35,0.009,-15.54,-27.36,0.04,0.0331,-1.3758,12.26,96921.78,7.57,95.8,-2.703,-0,-0.9999,143.44,146.54,145.88,25,Cornering,"Hoosier 43075 16x7.5-10 R20, 7 inch rim",22362
79.3,766.773,-7.87,277.29,-203.96,-0,-15.33,-27.18,-0.03,0.0386,-1.3595,12.15,-167338.06,7.58,95.82,-2.66,-0,-1,143.4,146.43,145.92,24.98,Cornering,"Hoosier 43075 16x7.5-10 R20, 7 inch rim",22363
