AmbientRoomTemperature,ElapsedTime,LongitudinalForce,LateralForce,NormalForce,InclinationAngle,OverturningMoment,AligningTorque,WheelRotationalSpeed,NormalizedLongitudinalForce(FX/FZ),NormalizedLateralForce(FY/FZ),TirePressure,EffectiveRadius,LoadedRadius,RoadSurfaceTemperature,SlipAngle,SlipRatioTextbook,SlipRatioBasedOnRL,TireSurfaceTemperature-Center,TireSurfaceTemperature-Inboard,TireSurfaceTemperature-Outboard,RoadSpeed,testid,tireid,Index
78.42,650.586,-8.76,-3.56,-202.4,4.009,-22.3,35.83,-0.04,0.0433,0.0176,12,-99346.37,7.68,91.51,0.533,-0,-1.0001,119.76,119.07,120.35,24.93,Cornering,"Hoosier 43075 16x7.5-10 R20, 7 inch rim",14961
78.4,650.596,-10.44,-8.57,-201.54,3.998,-22.01,36.21,0.03,0.0518,0.0425,11.95,159890.69,7.68,91.45,0.576,-0,-1,119.78,119.11,120.33,24.94,Cornering,"Hoosier 43075 16x7.5-10 R20, 7 inch rim",14962
78.38,650.606,-12.31,-14.05,-201.06,3.996,-22.93,36.57,0.03,0.0612,0.0699,11.94,159851.61,7.69,91.4,0.621,-0,-1,119.78,119.13,120.35,24.93,Cornering,"Hoosier 43075 16x7.5-10 R20, 7 inch rim",14963
78.4,650.616,-13.86,-19.58,-202.11,3.994,-22.94,36.92,0.09,0.0686,0.0969,12,44295.78,7.68,91.35,0.659,-0,-0.9998,119.8,119.05,120.35,24.93,Cornering,"Hoosier 43075 16x7.5-10 R20, 7 inch rim",14964
78.42,650.626,-14.38,-25.05,-204.3,3.998,-22.83,37.82,0.03,0.0704,0.1226,12.1,159922.59,7.68,91.34,0.696,-0,-1,119.76,118.98,120.31,24.94,Cornering,"Hoosier 43075 16x7.5-10 R20, 7 inch rim",14965
78.39,650.636,-14.26,-30.51,-206.55,4.004,-22.95,38.34,0.09,0.069,0.1477,12.17,44305.1,7.68,91.37,0.734,-0,-0.9998,119.78,118.94,120.29,24.94,Cornering,"Hoosier 43075 16x7.5-10 R20, 7 inch rim",14966
78.38,650.646,-13.57,-35.8,-208.88,4.001,-22.36,38.68,0.09,0.065,0.1714,12.19,44325.1,7.68,91.38,0.777,-0,-0.9998,119.82,118.89,120.29,24.95,Cornering,"Hoosier 43075 16x7.5-10 R20, 7 inch rim",14967
78.42,650.656,-11.71,-41.18,-209.6,3.997,-22.29,39.19,0.03,0.0559,0.1965,12.13,159990.89,7.68,91.38,0.817,-0,-1,119.82,118.91,120.33,24.96,Cornering,"Hoosier 43075 16x7.5-10 R20, 7 inch rim",14968
78.42,650.666,-9.57,-45.63,-207.77,3.988,-22.2,39.7,0.03,0.0461,0.2196,12.03,159952.67,7.69,91.38,0.838,-0,-1,119.82,118.91,120.29,24.95,Cornering,"Hoosier 43075 16x7.5-10 R20, 7 inch rim",14969
78.38,650.676,-7.9,-49.8,-205.92,4.004,-21.1,40.26,0.03,0.0384,0.2418,11.95,160024.25,7.68,91.35,0.888,-0,-1,119.78,118.98,120.27,24.96,Cornering,"Hoosier 43075 16x7.5-10 R20, 7 inch rim",14970
78.4,650.686,-7.2,-54.15,-203.3,4.001,-21.02,40.59,0.09,0.0354,0.2664,11.92,44374.38,7.68,91.29,0.925,-0,-0.9998,119.69,118.98,120.21,24.98,Cornering,"Hoosier 43075 16x7.5-10 R20, 7 inch rim",14971
78.42,650.696,-7.97,-57.88,-200.96,4,-20.93,40.67,0.09,0.0397,0.288,11.97,44404.85,7.68,91.27,0.951,-0,-0.9998,119.67,119.05,120.13,25,Cornering,"Hoosier 43075 16x7.5-10 R20, 7 inch rim",14972
78.4,650.706,-8.98,-61.82,-200.36,4.01,-20.28,41.79,0.09,0.0448,0.3085,12.04,44414.28,7.68,91.27,1.002,-0,-0.9998,119.65,119.11,120.11,25,Cornering,"Hoosier 43075 16x7.5-10 R20, 7 inch rim",14973
78.38,650.716,-10.12,-66.17,-200.02,3.996,-20.3,43.2,0.09,0.0506,0.3308,12.1,44382.77,7.69,91.27,1.038,-0,-0.9998,119.65,119.16,120.11,24.98,Cornering,"Hoosier 43075 16x7.5-10 R20, 7 inch rim",14974
78.41,650.726,-11.02,-70.66,-200.48,3.997,-20.45,44.79,0.09,0.0549,0.3524,12.1,44361.62,7.69,91.27,1.069,-0,-0.9998,119.63,119.13,120.17,24.97,Cornering,"Hoosier 43075 16x7.5-10 R20, 7 inch rim",14975
78.41,650.736,-10.72,-75.68,-202.28,3.998,-20.9,46.78,0.09,0.053,0.3741,12.04,44329.92,7.69,91.25,1.114,-0,-0.9998,119.59,119.16,120.21,24.96,Cornering,"Hoosier 43075 16x7.5-10 R20, 7 inch rim",14976
78.38,650.746,-10.4,-80.2,-204.69,4,-21.05,47.86,-0.04,0.0508,0.3918,11.95,-99510.27,7.69,91.25,1.157,-0,-1.0001,119.56,119.18,120.27,24.97,Cornering,"Hoosier 43075 16x7.5-10 R20, 7 inch rim",14977
78.39,650.756,-9.1,-84.67,-207.22,3.988,-19.98,48.69,0.16,0.0439,0.4086,11.92,25770.82,7.69,91.29,1.201,-0,-0.9997,119.59,119.18,120.25,25,Cornering,"Hoosier 43075 16x7.5-10 R20, 7 inch rim",14978
78.41,650.766,-7.94,-89.16,-208,4.007,-20.36,48.58,0.03,0.0382,0.4287,11.92,160484.41,7.69,91.31,1.241,-0,-1,119.59,119.22,120.27,25.04,Cornering,"Hoosier 43075 16x7.5-10 R20, 7 inch rim",14979
78.4,650.776,-6.5,-93.37,-207.3,3.993,-20.06,47.9,0.03,0.0314,0.4504,11.97,160594.08,7.69,91.36,1.266,-0,-1,119.63,119.29,120.21,25.05,Cornering,"Hoosier 43075 16x7.5-10 R20, 7 inch rim",14980
78.37,650.786,-5.16,-96.91,-205.14,3.99,-19.62,47.23,-0.04,0.0252,0.4724,12.06,-99826.87,7.69,91.39,1.306,-0,-1.0001,119.54,119.33,120.23,25.05,Cornering,"Hoosier 43075 16x7.5-10 R20, 7 inch rim",14981
78.4,650.796,-4.59,-100.53,-202.01,3.993,-20.07,46.73,0.09,0.0227,0.4977,12.12,44479.74,7.69,91.4,1.343,-0,-0.9998,119.5,119.38,120.15,25.04,Cornering,"Hoosier 43075 16x7.5-10 R20, 7 inch rim",14982
78.41,650.806,-5.06,-103.59,-200.28,3.996,-18.81,46.29,0.09,0.0253,0.5172,12.15,44447.66,7.69,91.38,1.397,-0,-0.9998,119.48,119.44,120.09,25.03,Cornering,"Hoosier 43075 16x7.5-10 R20, 7 inch rim",14983
78.37,650.816,-6.7,-106.96,-198.9,4.004,-18.49,45.68,0.09,0.0337,0.5378,12.11,44436.49,7.69,91.35,1.436,-0,-0.9998,119.46,119.46,120.11,25.02,Cornering,"Hoosier 43075 16x7.5-10 R20, 7 inch rim",14984
78.38,650.826,-8.89,-111.02,-198.22,3.993,-18.49,45.42,0.03,0.0448,0.5601,12.05,160317.25,7.69,91.37,1.476,-0,-1,119.48,119.55,120.13,25.01,Cornering,"Hoosier 43075 16x7.5-10 R20, 7 inch rim",14985
78.4,650.836,-10.2,-115.66,-199.21,4.012,-18.44,46.28,0.03,0.0512,0.5806,11.97,160277.52,7.69,91.35,1.506,-0,-1,119.52,119.57,120.17,25.01,Cornering,"Hoosier 43075 16x7.5-10 R20, 7 inch rim",14986
78.39,650.846,-11.01,-120.83,-200.81,4,-18.16,47.05,0.09,0.0548,0.6017,11.95,44402.96,7.69,91.37,1.548,-0,-0.9998,119.46,119.51,120.19,25,Cornering,"Hoosier 43075 16x7.5-10 R20, 7 inch rim",14987
78.36,650.856,-11.18,-126.15,-202.62,3.998,-18.75,47.49,0.03,0.0552,0.6226,11.96,160232.14,7.69,91.42,1.599,-0,-1,119.48,119.49,120.19,25,Cornering,"Hoosier 43075 16x7.5-10 R20, 7 inch rim",14988
78.39,650.866,-10.43,-131.13,-204.63,3.987,-18.35,47.88,-0.04,0.051,0.6408,12.05,-99556.85,7.69,91.46,1.612,-0,-1.0001,119.41,119.49,120.15,24.99,Cornering,"Hoosier 43075 16x7.5-10 R20, 7 inch rim",14989
78.4,650.876,-9.48,-135.28,-205.62,3.997,-17.73,47.5,0.03,0.0461,0.6579,12.14,160077.34,7.69,91.5,1.667,-0,-1,119.44,119.53,120.19,24.98,Cornering,"Hoosier 43075 16x7.5-10 R20, 7 inch rim",14990
78.37,650.886,-7.86,-139.98,-204.67,3.988,-18.32,47.2,0.16,0.0384,0.684,12.19,25746.01,7.69,91.54,1.712,-0,-0.9997,119.39,119.55,120.17,24.98,Cornering,"Hoosier 43075 16x7.5-10 R20, 7 inch rim",14991
78.36,650.896,-6.22,-143.1,-202.61,4.01,-17.91,46.9,0.09,0.0307,0.7063,12.15,44325.81,7.69,91.6,1.745,-0,-0.9998,119.39,119.62,120.11,24.96,Cornering,"Hoosier 43075 16x7.5-10 R20, 7 inch rim",14992
78.39,650.906,-4.9,-146.36,-200,4.003,-17.91,46.81,0.16,0.0245,0.7318,12.08,25715.01,7.69,91.62,1.784,-0,-0.9997,119.29,119.62,120.07,24.95,Cornering,"Hoosier 43075 16x7.5-10 R20, 7 inch rim",14993
78.38,650.916,-4.69,-149.17,-197.23,4.001,-17.82,46.71,0.03,0.0238,0.7563,11.97,159877.69,7.69,91.66,1.81,-0,-1,119.2,119.68,119.99,24.95,Cornering,"Hoosier 43075 16x7.5-10 R20, 7 inch rim",14994
78.35,650.926,-5.28,-151.98,-196.5,3.991,-16.73,47.11,0.03,0.0269,0.7735,11.92,159871.38,7.69,91.7,1.871,-0,-1,119.16,119.75,119.95,24.95,Cornering,"Hoosier 43075 16x7.5-10 R20, 7 inch rim",14995
78.37,650.936,-6.46,-155.33,-195.4,3.996,-16.84,48.04,0.03,0.033,0.7949,11.92,159904.62,7.69,91.72,1.909,-0,-1,119.16,119.77,119.91,24.96,Cornering,"Hoosier 43075 16x7.5-10 R20, 7 inch rim",14996
78.39,650.946,-7.69,-159.31,-196.64,4.003,-15.84,49.19,0.09,0.0391,0.8101,11.96,44340.23,7.69,91.73,1.962,-0,-0.9998,119.16,119.86,119.95,24.97,Cornering,"Hoosier 43075 16x7.5-10 R20, 7 inch rim",14997
78.36,650.956,-8.45,-164.05,-197.49,3.988,-16.33,50.36,-0.04,0.0428,0.8307,12.03,-99463.77,7.7,91.76,1.993,-0,-1.0001,119.16,119.82,119.99,24.97,Cornering,"Hoosier 43075 16x7.5-10 R20, 7 inch rim",14998
78.35,650.966,-9.31,-168.94,-199.09,3.996,-16.51,50.45,0.09,0.0468,0.8485,12.07,44296.57,7.69,91.75,2.043,-0,-0.9998,119.18,119.82,120.01,24.95,Cornering,"Hoosier 43075 16x7.5-10 R20, 7 inch rim",14999
78.37,650.976,-8.76,-173.47,-201.18,3.996,-16.07,50.86,0.09,0.0435,0.8622,12.06,44253.74,7.69,91.75,2.096,-0,-0.9998,119.22,119.82,120.01,24.93,Cornering,"Hoosier 43075 16x7.5-10 R20, 7 inch rim",15000
78.37,650.986,-8.37,-177.94,-201.98,4.003,-16.51,50.02,0.03,0.0414,0.881,11.98,159656.19,7.69,91.72,2.139,-0,-1,119.2,119.79,120.01,24.92,Cornering,"Hoosier 43075 16x7.5-10 R20, 7 inch rim",15001
78.34,650.996,-7.41,-181.51,-201.97,4.003,-16.21,48.96,-0.04,0.0367,0.8987,11.93,-99219.62,7.69,91.72,2.181,-0,-1.0001,119.22,119.79,120.01,24.92,Cornering,"Hoosier 43075 16x7.5-10 R20, 7 inch rim",15002
78.36,651.006,-6.01,-185,-200.37,3.991,-16.63,48.05,0.09,0.03,0.9233,11.92,44290.79,7.69,91.69,2.222,-0,-0.9998,119.22,119.84,119.95,24.95,Cornering,"Hoosier 43075 16x7.5-10 R20, 7 inch rim",15003
78.37,651.016,-5.4,-187.61,-198.23,3.988,-16.48,46.78,0.09,0.0272,0.9465,11.97,44310.4,7.69,91.68,2.251,-0,-0.9998,119.18,119.86,119.89,24.96,Cornering,"Hoosier 43075 16x7.5-10 R20, 7 inch rim",15004
78.35,651.026,-5.01,-189.35,-195.86,4.007,-16.31,46.48,0.16,0.0256,0.9668,12.03,25729.34,7.69,91.64,2.312,-0,-0.9997,119.14,119.95,119.89,24.97,Cornering,"Hoosier 43075 16x7.5-10 R20, 7 inch rim",15005
78.33,651.036,-5.94,-191.45,-194.43,4.004,-15.79,46.07,0.16,0.0306,0.9847,12.16,25728.97,7.69,91.65,2.331,-0,-0.9997,119.16,119.95,119.83,24.97,Cornering,"Hoosier 43075 16x7.5-10 R20, 7 inch rim",15006
78.36,651.046,-7.49,-193.6,-194.19,3.991,-14.06,46.21,0.09,0.0386,0.997,12.21,44265.33,7.7,91.62,2.364,-0,-0.9998,119.2,119.99,119.89,24.94,Cornering,"Hoosier 43075 16x7.5-10 R20, 7 inch rim",15007
78.36,651.056,-8.88,-197.38,-194.19,4.01,-14.05,47.27,0.03,0.0457,1.0164,12.19,159659.2,7.69,91.61,2.415,-0,-1,119.2,119.99,119.95,24.93,Cornering,"Hoosier 43075 16x7.5-10 R20, 7 inch rim",15008
78.33,651.066,-9.93,-201.52,-195.05,4.006,-14.04,48.41,0.09,0.0509,1.0332,12.14,44241.71,7.69,91.59,2.448,-0,-0.9998,119.26,120.01,119.95,24.93,Cornering,"Hoosier 43075 16x7.5-10 R20, 7 inch rim",15009
78.34,651.076,-10.33,-206.39,-196.68,4.003,-14.47,49.19,0.03,0.0525,1.0494,12.03,159723.81,7.69,91.54,2.488,-0,-1,119.33,120.01,120.01,24.94,Cornering,"Hoosier 43075 16x7.5-10 R20, 7 inch rim",15010
78.37,651.086,-10.71,-211.41,-198.66,4.01,-14.65,49.08,0.09,0.0539,1.0642,11.96,44290.98,7.69,91.56,2.507,-0,-0.9998,119.35,119.97,120.03,24.96,Cornering,"Hoosier 43075 16x7.5-10 R20, 7 inch rim",15011
78.34,651.096,-9.62,-215.89,-199.21,4.009,-15.78,49.4,0.03,0.0483,1.0837,11.96,159788.92,7.69,91.61,2.556,-0,-1,119.35,120.01,120.03,24.95,Cornering,"Hoosier 43075 16x7.5-10 R20, 7 inch rim",15012
78.32,651.106,-7.8,-219.4,-199.45,3.991,-15.18,49.26,0.03,0.0391,1.1,12.01,159860.81,7.7,91.62,2.573,-0,-1,119.35,120.04,119.97,24.96,Cornering,"Hoosier 43075 16x7.5-10 R20, 7 inch rim",15013
78.35,651.116,-5.51,-222.14,-197.9,3.993,-15.12,49.34,0.23,0.0278,1.1225,12.09,18111.74,7.69,91.65,2.609,-0,-0.9996,119.33,120.06,119.93,24.96,Cornering,"Hoosier 43075 16x7.5-10 R20, 7 inch rim",15014
78.35,651.126,-2.93,-223.44,-195.27,4.016,-15,50.06,-0.04,0.015,1.1442,12.14,-99412.23,7.69,91.69,2.652,-0,-1.0001,119.29,120.12,119.89,24.97,Cornering,"Hoosier 43075 16x7.5-10 R20, 7 inch rim",15015
78.33,651.136,-1.53,-224.18,-192.28,3.99,-14.52,50.4,0.09,0.0079,1.166,12.14,44335.11,7.7,91.71,2.696,-0,-0.9998,119.18,120.15,119.83,24.98,Cornering,"Hoosier 43075 16x7.5-10 R20, 7 inch rim",15016
78.32,651.146,-1.91,-225.25,-190.43,4.001,-13.77,50.18,0.09,0.01,1.1829,12.08,44364.58,7.69,91.72,2.73,-0,-0.9998,119.09,120.15,119.83,25,Cornering,"Hoosier 43075 16x7.5-10 R20, 7 inch rim",15017
78.35,651.156,-2.87,-226.71,-189.37,3.997,-12.84,50.7,-0.04,0.0152,1.1972,11.99,-99538.77,7.69,91.73,2.783,-0,-1.0001,119.09,120.19,119.81,25.01,Cornering,"Hoosier 43075 16x7.5-10 R20, 7 inch rim",15018
78.34,651.166,-4.06,-229.22,-189.29,4.006,-12.57,51.63,0.03,0.0214,1.2109,11.91,160047.36,7.69,91.74,2.823,-0,-1,119.09,120.19,119.79,25,Cornering,"Hoosier 43075 16x7.5-10 R20, 7 inch rim",15019
78.31,651.176,-5.63,-233.36,-189.85,3.994,-13.06,52.22,0.09,0.0297,1.2292,11.88,44338.87,7.69,91.73,2.855,-0,-0.9998,119.14,120.23,119.83,24.99,Cornering,"Hoosier 43075 16x7.5-10 R20, 7 inch rim",15020
78.34,651.186,-6.38,-237.89,-192.39,4.006,-12.04,52.88,0.16,0.0332,1.2365,11.96,25721.73,7.69,91.75,2.915,-0,-0.9997,119.11,120.21,119.89,24.98,Cornering,"Hoosier 43075 16x7.5-10 R20, 7 inch rim",15021
78.34,651.196,-6.45,-243.29,-193.36,4.009,-13.96,53.02,-0.04,0.0333,1.2582,12.06,-99407.54,7.69,91.79,2.951,-0,-1.0001,119.09,120.28,119.95,24.98,Cornering,"Hoosier 43075 16x7.5-10 R20, 7 inch rim",15022
78.32,651.206,-6.49,-247.38,-194.37,3.994,-13.77,51.87,0.09,0.0334,1.2728,12.12,44322.68,7.7,91.79,2.992,-0,-0.9998,119.09,120.26,119.93,24.98,Cornering,"Hoosier 43075 16x7.5-10 R20, 7 inch rim",15023
78.32,651.216,-6.24,-251.45,-194.3,4.003,-14.2,49.96,-0.04,0.0321,1.2941,12.15,-99376.15,7.69,91.82,3.035,-0,-1.0001,119.11,120.28,119.97,24.97,Cornering,"Hoosier 43075 16x7.5-10 R20, 7 inch rim",15024
78.34,651.226,-5.81,-253.5,-193.02,3.988,-13.42,47.69,0.09,0.0301,1.3134,12.09,44298.86,7.7,91.87,3.065,-0,-0.9998,119.07,120.37,119.95,24.97,Cornering,"Hoosier 43075 16x7.5-10 R20, 7 inch rim",15025
78.34,651.236,-4.85,-255.08,-190.61,4.003,-13.66,46.05,0.16,0.0255,1.3383,12.02,25698.26,7.69,91.87,3.131,-0,-0.9997,119.03,120.41,119.95,24.96,Cornering,"Hoosier 43075 16x7.5-10 R20, 7 inch rim",15026
78.3,651.246,-4.24,-255.27,-187.4,4.001,-13.16,44.96,0.03,0.0226,1.3621,11.96,159733.33,7.69,91.85,3.166,-0,-1,119.01,120.41,119.93,24.96,Cornering,"Hoosier 43075 16x7.5-10 R20, 7 inch rim",15027
78.33,651.256,-4.27,-255.69,-185.62,4.003,-12.35,44.26,0.03,0.023,1.3775,11.95,159798.61,7.69,91.81,3.219,-0,-1,118.99,120.43,119.95,24.97,Cornering,"Hoosier 43075 16x7.5-10 R20, 7 inch rim",15028
78.34,651.266,-5.6,-256.98,-184.47,3.991,-11.89,44.04,0.03,0.0304,1.393,11.98,159719.06,7.7,91.78,3.25,-0,-1,119.03,120.52,119.93,24.96,Cornering,"Hoosier 43075 16x7.5-10 R20, 7 inch rim",15029
78.31,651.276,-8.06,-259.33,-184.5,4.001,-11.02,43.65,0.03,0.0437,1.4056,12.08,159749.27,7.69,91.78,3.29,-0,-1,119.16,120.59,120.03,24.96,Cornering,"Hoosier 43075 16x7.5-10 R20, 7 inch rim",15030
78.3,651.286,-9.36,-263.16,-185.2,3.994,-11.13,44.6,0.03,0.0505,1.4209,12.17,159668.59,7.69,91.83,3.328,-0,-1,119.24,120.61,120.07,24.95,Cornering,"Hoosier 43075 16x7.5-10 R20, 7 inch rim",15031
78.34,651.296,-10.61,-267.58,-186.95,4.004,-10.77,45.24,-0.04,0.0568,1.4313,12.19,-99247.98,7.69,91.85,3.378,-0,-1.0001,119.33,120.63,120.13,24.95,Cornering,"Hoosier 43075 16x7.5-10 R20, 7 inch rim",15032
78.33,651.306,-10.77,-272.34,-187.84,3.996,-12.15,46.14,0.09,0.0573,1.4498,12.17,44251.94,7.69,91.89,3.406,-0,-0.9998,119.37,120.61,120.21,24.96,Cornering,"Hoosier 43075 16x7.5-10 R20, 7 inch rim",15033
78.3,651.316,-9.93,-276.7,-189.95,3.996,-11.62,46.61,0.09,0.0523,1.4567,12.09,44260.8,7.69,91.9,3.435,-0,-0.9998,119.41,120.59,120.27,24.96,Cornering,"Hoosier 43075 16x7.5-10 R20, 7 inch rim",15034
78.31,651.326,-8.52,-280.2,-191.03,3.996,-11.07,46.56,0.03,0.0446,1.4668,12,159826.7,7.69,91.9,3.481,-0,-1,119.5,120.67,120.35,24.98,Cornering,"Hoosier 43075 16x7.5-10 R20, 7 inch rim",15035
78.34,651.336,-6.83,-281.97,-190.5,4.01,-10.3,46.01,0.09,0.0359,1.4801,11.99,44287.22,7.68,91.89,3.522,-0,-0.9998,119.48,120.72,120.37,24.98,Cornering,"Hoosier 43075 16x7.5-10 R20, 7 inch rim",15036
78.31,651.346,-5.22,-282.64,-189.13,3.997,-9.91,45.21,0.03,0.0276,1.4944,12.03,159889.02,7.69,91.88,3.545,-0,-1,119.59,120.76,120.43,24.99,Cornering,"Hoosier 43075 16x7.5-10 R20, 7 inch rim",15037
78.3,651.356,-3.35,-282.41,-187.63,3.997,-9.01,45.45,0.09,0.0179,1.5051,12.09,44294.03,7.69,91.86,3.59,-0,-0.9998,119.56,120.76,120.43,24.98,Cornering,"Hoosier 43075 16x7.5-10 R20, 7 inch rim",15038
78.33,651.366,-1.73,-282.75,-184.74,3.99,-10.94,46.61,0.03,0.0094,1.5305,12.17,159834.73,7.69,91.83,3.637,-0,-1,119.52,120.78,120.43,24.98,Cornering,"Hoosier 43075 16x7.5-10 R20, 7 inch rim",15039
78.34,651.376,-1.56,-283.5,-182.91,3.99,-11.93,47.9,0.03,0.0085,1.5499,12.18,159790,7.69,91.79,3.677,-0,-1,119.52,120.87,120.45,24.98,Cornering,"Hoosier 43075 16x7.5-10 R20, 7 inch rim",15040
78.3,651.386,-2.64,-284.95,-181.96,3.987,-12.3,48.99,0.09,0.0145,1.566,12.14,44277.55,7.68,91.8,3.707,-0,-0.9998,119.54,120.92,120.49,24.98,Cornering,"Hoosier 43075 16x7.5-10 R20, 7 inch rim",15041
78.3,651.396,-4.38,-288.18,-182.9,3.994,-11.93,49.81,0.09,0.0239,1.5756,12.06,44254.84,7.68,91.81,3.747,-0,-0.9998,119.63,120.92,120.58,24.97,Cornering,"Hoosier 43075 16x7.5-10 R20, 7 inch rim",15042
78.34,651.406,-5.71,-291.67,-184.52,4.001,-11.21,50.59,0.09,0.031,1.5807,11.96,44293.52,7.68,91.82,3.791,-0,-0.9998,119.74,120.96,120.68,24.99,Cornering,"Hoosier 43075 16x7.5-10 R20, 7 inch rim",15043
78.31,651.416,-6.24,-295.97,-187.49,3.996,-9.61,51.14,-0.04,0.0333,1.5786,11.93,-99287.95,7.68,91.82,3.824,-0,-1.0001,119.78,120.98,120.76,24.97,Cornering,"Hoosier 43075 16x7.5-10 R20, 7 inch rim",15044
78.29,651.426,-5.84,-300.5,-189.31,3.991,-9.76,51.37,0.09,0.0309,1.5873,11.95,44278.9,7.68,91.81,3.87,-0,-0.9998,119.89,120.98,120.86,24.98,Cornering,"Hoosier 43075 16x7.5-10 R20, 7 inch rim",15045
78.32,651.436,-4.92,-305.08,-191.56,4.015,-9.42,51.12,0.09,0.0257,1.5926,12.01,44266.38,7.67,91.82,3.91,-0,-0.9998,119.89,121.03,120.92,24.98,Cornering,"Hoosier 43075 16x7.5-10 R20, 7 inch rim",15046
78.33,651.446,-3.87,-308.13,-191.85,4,-9.45,49.7,0.23,0.0202,1.606,12.07,18102.07,7.67,91.82,3.962,-0,-0.9996,119.97,121.05,120.96,24.98,Cornering,"Hoosier 43075 16x7.5-10 R20, 7 inch rim",15047
78.3,651.456,-3.11,-309.93,-190.88,4.013,-10.13,47.98,-0.04,0.0163,1.6237,12.08,-99290.03,7.67,91.85,3.99,-0,-1.0001,120.02,121.11,120.94,24.98,Cornering,"Hoosier 43075 16x7.5-10 R20, 7 inch rim",15048
78.3,651.466,-2.74,-310.51,-188.3,3.993,-11.29,46.05,0.03,0.0146,1.6491,12.06,159644.36,7.67,91.85,4.033,-0,-1,120.04,121.14,120.92,24.97,Cornering,"Hoosier 43075 16x7.5-10 R20, 7 inch rim",15049
78.33,651.476,-2.65,-310.03,-186.43,4.003,-10.92,44.98,0.09,0.0142,1.6629,11.99,44205.57,7.67,91.86,4.075,-0,-0.9998,120.04,121.18,120.88,24.95,Cornering,"Hoosier 43075 16x7.5-10 R20, 7 inch rim",15050
78.32,651.486,-3.4,-309.88,-184.12,4.007,-11.52,44.5,-0.04,0.0185,1.6831,11.92,-99182.93,7.67,91.86,4.105,-0,-1.0001,120.04,121.18,120.8,24.96,Cornering,"Hoosier 43075 16x7.5-10 R20, 7 inch rim",15051
78.3,651.496,-5.18,-310.89,-182.97,4.009,-10.64,44.45,0.09,0.0283,1.6991,11.9,44221.04,7.67,91.87,4.161,-0,-0.9998,120.06,121.31,120.86,24.96,Cornering,"Hoosier 43075 16x7.5-10 R20, 7 inch rim",15052
78.32,651.506,-6.71,-313.15,-183.42,3.997,-9.54,45.1,0.03,0.0366,1.7073,11.95,159684.61,7.67,91.84,4.192,-0,-1,120.19,121.38,120.84,24.98,Cornering,"Hoosier 43075 16x7.5-10 R20, 7 inch rim",15053
78.34,651.516,-8.25,-316.78,-185.04,3.998,-8.22,45.63,0.09,0.0446,1.7119,12.03,44237.7,7.67,91.78,4.225,-0,-0.9998,120.27,121.38,120.9,24.97,Cornering,"Hoosier 43075 16x7.5-10 R20, 7 inch rim",15054
78.31,651.526,-8.68,-321.83,-187.13,4.016,-8.63,46.59,0.03,0.0464,1.7198,12.16,159444.12,7.66,91.69,4.275,-0,-1,120.32,121.36,120.92,24.94,Cornering,"Hoosier 43075 16x7.5-10 R20, 7 inch rim",15055
78.31,651.536,-8.65,-327.04,-189.73,3.993,-8,46.68,0.03,0.0456,1.7237,12.23,159401.06,7.66,91.66,4.303,-0,-1,120.38,121.38,121.02,24.94,Cornering,"Hoosier 43075 16x7.5-10 R20, 7 inch rim",15056
78.34,651.546,-7.62,-332.04,-191.68,3.99,-8.09,46.87,0.09,0.0397,1.7322,12.22,44148.37,7.66,91.63,4.343,-0,-0.9998,120.44,121.38,121.12,24.93,Cornering,"Hoosier 43075 16x7.5-10 R20, 7 inch rim",15057
78.34,651.556,-6.23,-335.38,-193.26,4.001,-7.5,46.35,0.09,0.0323,1.7354,12.18,44145.16,7.66,91.57,4.394,-0,-0.9998,120.44,121.4,121.14,24.93,Cornering,"Hoosier 43075 16x7.5-10 R20, 7 inch rim",15058
78.3,651.566,-4.86,-337.2,-191.56,3.998,-9.59,45.42,0.09,0.0254,1.7603,12.1,44132.55,7.66,91.54,4.431,-0,-0.9998,120.49,121.51,121.2,24.92,Cornering,"Hoosier 43075 16x7.5-10 R20, 7 inch rim",15059
78.32,651.576,-3.05,-337.33,-189.83,4.003,-10.3,45.24,0.09,0.0161,1.777,12.03,44149.89,7.66,91.53,4.482,-0,-0.9998,120.49,121.53,121.24,24.93,Cornering,"Hoosier 43075 16x7.5-10 R20, 7 inch rim",15060
78.34,651.586,-2.13,-336.4,-187.05,3.997,-10.97,44.89,0.03,0.0114,1.7985,12.03,159318.89,7.66,91.56,4.502,-0,-1,120.47,121.64,121.32,24.93,Cornering,"Hoosier 43075 16x7.5-10 R20, 7 inch rim",15061
78.32,651.596,-2.42,-335.16,-184.55,3.997,-11,44.83,0.09,0.0131,1.8161,12.09,44165.43,7.66,91.61,4.559,-0,-0.9998,120.42,121.67,121.36,24.94,Cornering,"Hoosier 43075 16x7.5-10 R20, 7 inch rim",15062
78.31,651.606,-3.31,-335.08,-183.37,4,-10.04,45.37,0.09,0.0181,1.8274,12.14,44183.15,7.66,91.65,4.602,-0,-0.9998,120.44,121.73,121.44,24.96,Cornering,"Hoosier 43075 16x7.5-10 R20, 7 inch rim",15063
78.34,651.616,-4.67,-336.15,-183.49,4.001,-8.07,46.14,0.16,0.0254,1.832,12.17,25654.98,7.66,91.68,4.646,-0,-0.9997,120.53,121.82,121.52,24.97,Cornering,"Hoosier 43075 16x7.5-10 R20, 7 inch rim",15064
78.34,651.626,-6.03,-339.18,-184.63,3.998,-6.91,46.98,-0.04,0.0327,1.837,12.17,-99192.88,7.65,91.71,4.688,-0,-1.0001,120.64,121.86,121.67,24.98,Cornering,"Hoosier 43075 16x7.5-10 R20, 7 inch rim",15065
78.32,651.636,-7.12,-343.77,-187.57,3.987,-5.63,47.36,0.16,0.038,1.8327,12.08,25675.97,7.66,91.7,4.719,-0,-0.9997,120.72,121.8,121.79,24.99,Cornering,"Hoosier 43075 16x7.5-10 R20, 7 inch rim",15066
78.32,651.646,-7.34,-349.24,-190.03,3.993,-6.37,47.39,0.03,0.0386,1.8378,12.01,159662.38,7.65,91.74,4.769,-0,-1,120.85,121.84,121.85,25,Cornering,"Hoosier 43075 16x7.5-10 R20, 7 inch rim",15067
78.36,651.656,-7.05,-354.69,-192.24,3.991,-6.96,46.8,0.16,0.0367,1.845,11.92,25684.62,7.65,91.76,4.802,-0,-0.9997,120.87,121.86,121.99,25,Cornering,"Hoosier 43075 16x7.5-10 R20, 7 inch rim",15068
78.34,651.666,-6.28,-358.82,-193.62,3.998,-7.77,45.72,0.09,0.0324,1.8533,11.91,44228.04,7.65,91.83,4.85,-0,-0.9998,120.92,121.91,122.03,24.99,Cornering,"Hoosier 43075 16x7.5-10 R20, 7 inch rim",15069
78.32,651.676,-5.24,-360.58,-193,3.998,-8.66,44.31,0.16,0.0272,1.8682,12,25663.43,7.65,91.86,4.885,-0,-0.9997,120.98,121.91,122.09,24.98,Cornering,"Hoosier 43075 16x7.5-10 R20, 7 inch rim",15070
78.35,651.686,-3.71,-360.37,-190.94,3.985,-9.72,43.36,0.03,0.0194,1.8873,12.06,159549.14,7.65,91.91,4.927,-0,-1,121,122,122.15,24.98,Cornering,"Hoosier 43075 16x7.5-10 R20, 7 inch rim",15071
78.36,651.696,-2.97,-358.86,-188.37,4.003,-10.31,42.45,0.03,0.0158,1.9051,12.11,159541.14,7.65,91.94,4.958,-0,-1,121,122.02,122.25,24.98,Cornering,"Hoosier 43075 16x7.5-10 R20, 7 inch rim",15072
78.33,651.706,-2.82,-356.69,-185.5,3.996,-9.93,42.23,0.23,0.0152,1.9229,12.11,18075.06,7.65,91.99,4.994,-0,-0.9996,120.98,122.06,122.29,24.98,Cornering,"Hoosier 43075 16x7.5-10 R20, 7 inch rim",15073
78.35,651.716,-3.47,-355.55,-183.79,3.998,-8.45,42.63,0.09,0.0189,1.9346,12.08,44205.12,7.64,92,5.03,-0,-0.9998,121,122.13,122.37,24.98,Cornering,"Hoosier 43075 16x7.5-10 R20, 7 inch rim",15074
78.36,651.726,-5.08,-355.86,-183.62,4,-6.35,43.22,-0.04,0.0277,1.9381,12.02,-99177.53,7.64,92.02,5.082,-0,-1.0001,121.11,122.17,122.47,24.99,Cornering,"Hoosier 43075 16x7.5-10 R20, 7 inch rim",15075
78.35,651.736,-6.54,-358.74,-184.78,3.998,-5.23,44.05,0.09,0.0354,1.9414,11.94,44228.55,7.64,92.03,5.132,-0,-0.9998,121.22,122.22,122.56,25,Cornering,"Hoosier 43075 16x7.5-10 R20, 7 inch rim",15076
78.33,651.746,-7.05,-363.12,-186.91,4.003,-4.88,45.44,0.16,0.0377,1.9427,11.95,25669.54,7.64,92.04,5.169,-0,-0.9997,121.3,122.26,122.62,25,Cornering,"Hoosier 43075 16x7.5-10 R20, 7 inch rim",15077
78.36,651.756,-7.29,-369.17,-189.69,4.001,-5.85,46.07,0.16,0.0384,1.9462,11.98,25674.08,7.64,92.09,5.202,-0,-0.9997,121.35,122.28,122.72,25.01,Cornering,"Hoosier 43075 16x7.5-10 R20, 7 inch rim",15078
78.37,651.766,-7.03,-375.08,-192.34,4.001,-7.02,45.86,0.16,0.0365,1.9501,12.08,25666.41,7.64,92.1,5.242,-0,-0.9997,121.45,122.3,122.8,25,Cornering,"Hoosier 43075 16x7.5-10 R20, 7 inch rim",15079
78.35,651.776,-6.45,-379.79,-193.79,3.994,-8.19,44.99,0.09,0.0333,1.9598,12.18,44196.73,7.64,92.07,5.285,-0,-0.9998,121.47,122.3,122.88,24.99,Cornering,"Hoosier 43075 16x7.5-10 R20, 7 inch rim",15080
78.34,651.786,-4.8,-381.92,-194.08,3.984,-8.49,44.41,0.09,0.0247,1.9678,12.19,44174.72,7.64,92.03,5.305,-0,-0.9998,121.58,122.39,122.92,24.98,Cornering,"Hoosier 43075 16x7.5-10 R20, 7 inch rim",15081
78.37,651.796,-3.17,-381.63,-192.23,4.004,-9.48,43.64,0.03,0.0165,1.9853,12.19,159326.3,7.64,92.05,5.352,-0,-1,121.6,122.46,122.96,24.97,Cornering,"Hoosier 43075 16x7.5-10 R20, 7 inch rim",15082
78.37,651.806,-1.99,-379.44,-189.83,4.006,-9.08,42.87,0.09,0.0105,1.9988,12.11,44127.22,7.63,92.01,5.391,-0,-0.9998,121.65,122.48,123.06,24.96,Cornering,"Hoosier 43075 16x7.5-10 R20, 7 inch rim",15083
78.34,651.816,-1.35,-376.51,-186.76,4.004,-7.95,42.67,0.03,0.0072,2.016,12.02,159190.5,7.63,91.96,5.442,-0,-1,121.62,122.57,123.04,24.95,Cornering,"Hoosier 43075 16x7.5-10 R20, 7 inch rim",15084
78.37,651.826,-2.06,-374.3,-184.53,4,-6.26,42.6,0.09,0.0112,2.0283,12.04,44120.96,7.63,91.89,5.472,-0,-0.9998,121.62,122.63,123.08,24.96,Cornering,"Hoosier 43075 16x7.5-10 R20, 7 inch rim",15085
78.38,651.836,-3.58,-374.01,-183.58,3.99,-4.81,42.84,0.09,0.0195,2.0373,12.07,44097.91,7.63,91.88,5.505,-0,-0.9998,121.73,122.7,123.16,24.94,Cornering,"Hoosier 43075 16x7.5-10 R20, 7 inch rim",15086
78.35,651.846,-5.15,-376.22,-185.5,3.994,-2.98,43.65,0.03,0.0277,2.0282,12.14,159086.08,7.63,91.85,5.551,-0,-1,121.9,122.77,123.28,24.94,Cornering,"Hoosier 43075 16x7.5-10 R20, 7 inch rim",15087
78.36,651.856,-6.68,-380.63,-187.16,3.993,-3.28,44.18,0.16,0.0357,2.0338,12.19,25578.84,7.63,91.88,5.606,-0,-0.9997,122.05,122.79,123.36,24.93,Cornering,"Hoosier 43075 16x7.5-10 R20, 7 inch rim",15088
78.39,651.866,-7.23,-386.89,-189.79,4.004,-5.13,44.89,0.09,0.0381,2.0385,12.18,44077.55,7.63,91.89,5.634,-0,-0.9998,122.2,122.77,123.46,24.94,Cornering,"Hoosier 43075 16x7.5-10 R20, 7 inch rim",15089
78.37,651.876,-7.2,-393.09,-192.82,4.007,-6.33,45.05,0.03,0.0373,2.0386,12.15,159123.61,7.62,91.91,5.679,-0,-1,122.33,122.74,123.59,24.95,Cornering,"Hoosier 43075 16x7.5-10 R20, 7 inch rim",15090
78.35,651.886,-6.53,-398.23,-194.74,3.996,-7.48,44.52,0.16,0.0335,2.045,12.08,25615.56,7.63,91.94,5.712,-0,-0.9997,122.35,122.74,123.71,24.97,Cornering,"Hoosier 43075 16x7.5-10 R20, 7 inch rim",15091
78.37,651.896,-5.74,-400.37,-195.59,4.006,-7.11,43.01,0.09,0.0293,2.047,11.99,44180.21,7.62,91.95,5.759,-0,-0.9998,122.44,122.77,123.81,25,Cornering,"Hoosier 43075 16x7.5-10 R20, 7 inch rim",15092
78.39,651.906,-4.17,-400.08,-194.41,3.985,-7.16,41.93,0.09,0.0214,2.058,11.95,44187.42,7.63,91.95,5.796,-0,-0.9998,122.44,122.83,123.93,25.01,Cornering,"Hoosier 43075 16x7.5-10 R20, 7 inch rim",15093
78.37,651.916,-2.84,-397.19,-191.54,4.003,-7.19,41.05,0.16,0.0148,2.0737,11.96,25639.05,7.62,91.93,5.843,-0,-0.9997,122.48,122.85,123.99,25,Cornering,"Hoosier 43075 16x7.5-10 R20, 7 inch rim",15094
78.35,651.926,-2.1,-393.98,-188.51,4.013,-6.55,40.63,0.16,0.0112,2.09,12.05,25631.59,7.62,91.94,5.875,-0,-0.9997,122.48,122.85,124.03,25,Cornering,"Hoosier 43075 16x7.5-10 R20, 7 inch rim",15095
78.38,651.936,-2.32,-391.17,-185.3,3.993,-5.6,40.46,0.23,0.0125,2.111,12.11,18045.48,7.62,91.96,5.931,-0,-0.9996,122.48,122.85,124.13,24.98,Cornering,"Hoosier 43075 16x7.5-10 R20, 7 inch rim",15096
78.39,651.946,-3.43,-390.46,-184.48,4.003,-3.82,40.76,0.09,0.0186,2.1165,12.13,44164.12,7.62,91.96,5.954,-0,-0.9998,122.57,122.94,124.29,25,Cornering,"Hoosier 43075 16x7.5-10 R20, 7 inch rim",15097
78.37,651.956,-4.87,-392.45,-184.87,4.003,-2.9,41.5,0.09,0.0263,2.1228,12.11,44169.9,7.62,91.94,6.006,-0,-0.9998,122.7,123.03,124.37,25.01,Cornering,"Hoosier 43075 16x7.5-10 R20, 7 inch rim",15098
78.37,651.966,-6.44,-397.02,-186.59,4.007,-3.3,42.13,0.16,0.0345,2.1278,12.05,25641.68,7.62,91.98,6.034,-0,-0.9997,122.89,123.05,124.52,25.01,Cornering,"Hoosier 43075 16x7.5-10 R20, 7 inch rim",15099
78.4,651.976,-6.94,-402.65,-188.84,4.009,-5.11,42.91,0.16,0.0367,2.1323,11.96,25621.87,7.62,91.97,6.074,-0,-0.9997,123.08,123.1,124.62,25,Cornering,"Hoosier 43075 16x7.5-10 R20, 7 inch rim",15100
78.38,651.986,-6.81,-408.94,-192.38,3.998,-5.73,43.37,-0.04,0.0354,2.1257,11.94,-98972.26,7.62,92,6.11,-0,-1.0001,123.26,123.1,124.68,24.98,Cornering,"Hoosier 43075 16x7.5-10 R20, 7 inch rim",15101
78.36,651.996,-6,-413.49,-194.62,4.007,-6.34,43.33,0.09,0.0308,2.1245,11.97,44075.52,7.61,92,6.153,-0,-0.9998,123.32,123.12,124.8,24.96,Cornering,"Hoosier 43075 16x7.5-10 R20, 7 inch rim",15102
78.39,652.006,-5.28,-415.41,-195.83,4,-6.26,41.93,0.16,0.027,2.1212,12.06,25556.45,7.61,92.04,6.194,-0,-0.9997,123.41,123.14,124.84,24.94,Cornering,"Hoosier 43075 16x7.5-10 R20, 7 inch rim",15103
78.4,652.016,-3.94,-413.66,-195.59,3.985,-5.11,40.61,0.03,0.0202,2.115,12.17,158848.48,7.62,92.03,6.223,-0,-1,123.49,123.23,124.92,24.93,Cornering,"Hoosier 43075 16x7.5-10 R20, 7 inch rim",15104
78.37,652.026,-2.73,-409.93,-193.17,3.988,-5.23,39.63,0.16,0.0141,2.1222,12.22,25546.58,7.61,92.03,6.271,-0,-0.9997,123.56,123.29,124.94,24.93,Cornering,"Hoosier 43075 16x7.5-10 R20, 7 inch rim",15105
78.37,652.036,-1.96,-405.95,-190.3,4.006,-4.47,39.11,0.16,0.0103,2.1333,12.2,25538.15,7.61,92.05,6.32,-0,-0.9997,123.64,123.38,124.98,24.93,Cornering,"Hoosier 43075 16x7.5-10 R20, 7 inch rim",15106
78.4,652.046,-1.61,-403.62,-187.21,3.99,-4.27,39.42,0.09,0.0086,2.1559,12.14,44006.51,7.61,92.04,6.356,-0,-0.9998,123.68,123.4,125.1,24.93,Cornering,"Hoosier 43075 16x7.5-10 R20, 7 inch rim",15107
78.38,652.056,-2.66,-403.42,-185.91,4.003,-3.2,39.88,0.09,0.0143,2.17,12.06,43992.7,7.61,92.01,6.396,-0,-0.9998,123.79,123.54,125.2,24.93,Cornering,"Hoosier 43075 16x7.5-10 R20, 7 inch rim",15108
78.36,652.066,-4.59,-406.2,-186.08,4.003,-2.66,40.31,0.09,0.0247,2.1829,12,44019.01,7.61,92.04,6.445,-0,-0.9998,123.92,123.67,125.34,24.94,Cornering,"Hoosier 43075 16x7.5-10 R20, 7 inch rim",15109
78.39,652.076,-5.94,-410.93,-187.51,4,-3.07,41.17,0.09,0.0317,2.1915,12.01,44056.55,7.61,92.03,6.482,-0,-0.9998,124.09,123.73,125.51,24.97,Cornering,"Hoosier 43075 16x7.5-10 R20, 7 inch rim",15110
78.4,652.086,-6.62,-416.85,-189.83,3.996,-3.89,42.2,0.09,0.0349,2.1959,12.08,44074.13,7.61,92.05,6.513,-0,-0.9998,124.26,123.76,125.61,24.98,Cornering,"Hoosier 43075 16x7.5-10 R20, 7 inch rim",15111
78.37,652.096,-7,-422.9,-192.85,4.001,-4.9,42.39,0.09,0.0363,2.1929,12.13,44069.93,7.61,92.02,6.559,-0,-0.9998,124.44,123.71,125.75,24.98,Cornering,"Hoosier 43075 16x7.5-10 R20, 7 inch rim",15112
78.37,652.106,-6.19,-427.53,-195.63,3.997,-4.99,42.31,0.16,0.0316,2.1855,12.15,25577.45,7.61,92.03,6.589,-0,-0.9997,124.54,123.71,125.87,24.98,Cornering,"Hoosier 43075 16x7.5-10 R20, 7 inch rim",15113
78.4,652.116,-5.89,-428.87,-196.64,3.998,-5.07,40.65,0.09,0.0299,2.1809,12.14,44072.61,7.6,92.02,6.641,-0,-0.9998,124.61,123.8,125.97,24.98,Cornering,"Hoosier 43075 16x7.5-10 R20, 7 inch rim",15114
78.39,652.126,-4.42,-427.28,-196.73,3.991,-4.43,39.28,0.09,0.0225,2.1719,12.04,44069.67,7.6,92.07,6.672,-0,-0.9998,124.67,123.84,126.05,24.98,Cornering,"Hoosier 43075 16x7.5-10 R20, 7 inch rim",15115
78.37,652.136,-3.14,-423.32,-195.19,3.99,-4.15,38.08,0.16,0.0161,2.1688,11.97,25600.06,7.6,92.06,6.72,-0,-0.9997,124.74,123.89,126.09,25.01,Cornering,"Hoosier 43075 16x7.5-10 R20, 7 inch rim",15116
78.4,652.146,-2.31,-419.45,-192.76,3.998,-4.08,37.32,0.09,0.012,2.176,11.92,44092.39,7.6,92.06,6.757,-0,-0.9998,124.76,124.02,126.15,25,Cornering,"Hoosier 43075 16x7.5-10 R20, 7 inch rim",15117
78.41,652.156,-1.93,-416.7,-189.8,4.006,-4.13,37.33,0.09,0.0102,2.1955,11.93,44077.95,7.6,92.08,6.801,-0,-0.9998,124.8,124.02,126.23,25,Cornering,"Hoosier 43075 16x7.5-10 R20, 7 inch rim",15118
78.37,652.166,-2.56,-416.14,-188.49,3.998,-2.55,37.67,0.09,0.0136,2.2077,12,44043.59,7.6,92.12,6.84,-0,-0.9998,124.78,124.2,126.33,24.98,Cornering,"Hoosier 43075 16x7.5-10 R20, 7 inch rim",15119
78.37,652.176,-4.28,-418.38,-187.42,3.994,-2.98,38.03,0.16,0.0228,2.2323,12.08,25549.43,7.6,92.14,6.884,-0,-0.9997,124.89,124.26,126.42,24.97,Cornering,"Hoosier 43075 16x7.5-10 R20, 7 inch rim",15120
78.41,652.186,-5.52,-422.42,-188.07,4.01,-3.12,39.19,0.16,0.0293,2.2462,12.16,25547.66,7.6,92.17,6.916,-0,-0.9997,125.01,124.35,126.56,24.97,Cornering,"Hoosier 43075 16x7.5-10 R20, 7 inch rim",15121
78.4,652.196,-6.92,-427.37,-190.4,3.996,-2.87,39.58,0.03,0.0364,2.2446,12.16,158976.28,7.6,92.19,6.947,-0,-1,125.21,124.39,126.7,24.99,Cornering,"Hoosier 43075 16x7.5-10 R20, 7 inch rim",15122
78.37,652.206,-6.91,-432.73,-192.5,4.009,-4.28,40.41,0.03,0.0359,2.248,12.11,159137.41,7.6,92.17,7.013,-0,-1,125.36,124.35,126.82,25.02,Cornering,"Hoosier 43075 16x7.5-10 R20, 7 inch rim",15123
78.39,652.216,-6.45,-437.06,-195.15,4.004,-4.57,40.45,0.09,0.0331,2.2397,12.06,44136.5,7.6,92.15,7.04,-0,-0.9998,125.53,124.39,126.96,25.04,Cornering,"Hoosier 43075 16x7.5-10 R20, 7 inch rim",15124
78.41,652.226,-5.56,-439.25,-196.91,3.993,-4.66,39.7,0.03,0.0282,2.2308,11.97,159185.64,7.6,92.15,7.085,-0,-1,125.66,124.44,127.04,25.03,Cornering,"Hoosier 43075 16x7.5-10 R20, 7 inch rim",15125
78.39,652.236,-4.25,-437.98,-197.65,4.006,-3.87,38.58,0.16,0.0215,2.2159,11.98,25595.04,7.59,92.15,7.125,-0,-0.9997,125.7,124.53,127.18,25.03,Cornering,"Hoosier 43075 16x7.5-10 R20, 7 inch rim",15126
78.38,652.246,-3.07,-434.27,-196.88,3.997,-3.13,37.33,0.03,0.0156,2.2058,12.03,158971.45,7.59,92.12,7.168,-0,-1,125.79,124.64,127.16,25,Cornering,"Hoosier 43075 16x7.5-10 R20, 7 inch rim",15127
78.41,652.256,-2.26,-429.86,-194.81,3.988,-3.14,35.97,0.09,0.0116,2.2066,12.11,44028.6,7.6,92.13,7.201,-0,-0.9998,125.87,124.7,127.2,24.99,Cornering,"Hoosier 43075 16x7.5-10 R20, 7 inch rim",15128
78.41,652.266,-1.26,-426.42,-192.56,3.988,-2.7,36.17,0.09,0.0066,2.2145,12.21,44005,7.6,92.13,7.232,-0,-0.9998,126.02,124.79,127.3,24.98,Cornering,"Hoosier 43075 16x7.5-10 R20, 7 inch rim",15129
78.38,652.276,-1.74,-425.21,-190.15,4,-2.79,36.12,0.16,0.0092,2.2362,12.21,25526.65,7.59,92.1,7.281,-0,-0.9997,126.09,124.81,127.37,24.97,Cornering,"Hoosier 43075 16x7.5-10 R20, 7 inch rim",15130
78.39,652.286,-2.71,-427.15,-189.02,4.001,-2.56,36.96,0.03,0.0144,2.2598,12.19,158731.28,7.59,92.07,7.321,-0,-1,126.22,124.97,127.51,24.97,Cornering,"Hoosier 43075 16x7.5-10 R20, 7 inch rim",15131
78.42,652.296,-4.47,-431.33,-189.23,4.001,-2.21,37.55,0.09,0.0236,2.2794,12.1,43961.69,7.59,92.01,7.357,-0,-0.9998,126.41,125.14,127.69,24.96,Cornering,"Hoosier 43075 16x7.5-10 R20, 7 inch rim",15132
78.4,652.306,-5.76,-436.51,-190.44,3.987,-2.38,38.48,0.16,0.0302,2.2922,12.03,25502.07,7.59,92,7.395,-0,-0.9997,126.62,125.19,127.91,24.95,Cornering,"Hoosier 43075 16x7.5-10 R20, 7 inch rim",15133
78.38,652.316,-6.87,-441.72,-192.77,4.013,-2.59,38.82,0.09,0.0356,2.2914,11.97,43922.95,7.59,91.97,7.435,-0,-0.9998,126.8,125.16,128.01,24.94,Cornering,"Hoosier 43075 16x7.5-10 R20, 7 inch rim",15134
78.4,652.326,-6.48,-446.36,-195.19,3.998,-3.3,39.29,0.03,0.0332,2.2867,12,158453.27,7.59,91.95,7.474,-0,-1,126.92,125.12,128.15,24.94,Cornering,"Hoosier 43075 16x7.5-10 R20, 7 inch rim",15135
78.41,652.336,-5.87,-449.03,-196.74,3.988,-3.7,38.81,0.09,0.0299,2.2823,12.08,43883.24,7.59,91.94,7.523,-0,-0.9998,127.07,125.19,128.34,24.93,Cornering,"Hoosier 43075 16x7.5-10 R20, 7 inch rim",15136
78.38,652.346,-4.78,-448.48,-198.3,3.998,-2.78,37.73,0.09,0.0241,2.2617,12.16,43899.45,7.59,91.94,7.563,-0,-0.9998,127.16,125.25,128.46,24.94,Cornering,"Hoosier 43075 16x7.5-10 R20, 7 inch rim",15137
78.39,652.356,-3.62,-444.93,-198.05,4.003,-3.2,36.31,0.16,0.0183,2.2466,12.17,25489.84,7.59,91.95,7.597,-0,-0.9997,127.27,125.34,128.52,24.95,Cornering,"Hoosier 43075 16x7.5-10 R20, 7 inch rim",15138
78.42,652.366,-2.22,-439.42,-196.51,3.998,-2.87,35.52,0.03,0.0113,2.2361,12.14,158609.98,7.59,91.93,7.643,-0,-1,127.4,125.39,128.54,24.97,Cornering,"Hoosier 43075 16x7.5-10 R20, 7 inch rim",15139
78.4,652.376,-1.38,-434.57,-194.74,4.009,-2.39,34.97,0.03,0.0071,2.2315,12.06,158706.62,7.58,91.91,7.679,-0,-1,127.59,125.47,128.62,24.99,Cornering,"Hoosier 43075 16x7.5-10 R20, 7 inch rim",15140
78.38,652.386,-1.4,-432.71,-192.21,4.006,-2.84,34.94,0.09,0.0073,2.2512,12.01,43995.96,7.59,91.89,7.71,-0,-0.9998,127.7,125.58,128.72,25,Cornering,"Hoosier 43075 16x7.5-10 R20, 7 inch rim",15141
78.4,652.396,-2.24,-433.42,-190.75,4.006,-2.01,35.39,0.16,0.0118,2.2722,12.03,25532.54,7.58,91.9,7.768,-0,-0.9997,127.89,125.69,128.84,25,Cornering,"Hoosier 43075 16x7.5-10 R20, 7 inch rim",15142
78.42,652.406,-3.66,-437.27,-190.66,3.993,-1.44,36.11,0.09,0.0192,2.2935,12.09,43976.02,7.59,91.9,7.801,-0,-0.9998,128.04,125.85,128.94,25,Cornering,"Hoosier 43075 16x7.5-10 R20, 7 inch rim",15143
78.38,652.416,-5.26,-442.06,-191.41,3.998,-1.21,36.85,-0.04,0.0275,2.3095,12.17,-98549.72,7.59,91.93,7.832,-0,-1.0001,128.28,125.96,129.14,24.97,Cornering,"Hoosier 43075 16x7.5-10 R20, 7 inch rim",15144
78.38,652.426,-6.19,-447.41,-193.24,4.003,-1.75,37.45,0.16,0.032,2.3152,12.23,25471.66,7.58,91.96,7.888,-0,-0.9997,128.43,125.94,129.28,24.95,Cornering,"Hoosier 43075 16x7.5-10 R20, 7 inch rim",15145
78.41,652.436,-6.02,-451.96,-195.03,3.998,-2.62,38.02,0.09,0.0309,2.3174,12.24,43892.75,7.58,92,7.909,-0,-0.9998,128.55,125.87,129.45,24.96,Cornering,"Hoosier 43075 16x7.5-10 R20, 7 inch rim",15146
78.4,652.446,-5.45,-454.81,-197.28,4.015,-2.77,37.75,0.09,0.0276,2.3054,12.22,43907.77,7.58,92.01,7.958,-0,-0.9998,128.7,125.87,129.61,24.97,Cornering,"Hoosier 43075 16x7.5-10 R20, 7 inch rim",15147
78.37,652.456,-4.6,-454.82,-198.74,3.997,-2.9,36.41,0.09,0.0231,2.2885,12.14,43924.82,7.58,91.99,7.988,-0,-0.9998,128.77,125.85,129.77,24.98,Cornering,"Hoosier 43075 16x7.5-10 R20, 7 inch rim",15148
78.4,652.466,-3.35,-451.06,-199.41,4.003,-2.87,35.01,0.09,0.0168,2.262,12.05,43929.91,7.58,92,8.034,-0,-0.9998,128.86,125.91,129.85,24.98,Cornering,"Hoosier 43075 16x7.5-10 R20, 7 inch rim",15149
78.42,652.476,-2.11,-444.72,-198.86,4.006,-2.64,33.8,0.16,0.0106,2.2364,12.01,25465.32,7.58,92,8.078,-0,-0.9997,128.96,126.02,129.91,24.96,Cornering,"Hoosier 43075 16x7.5-10 R20, 7 inch rim",15150
78.39,652.486,-1.11,-437.96,-197.4,3.998,-2.88,33.17,0.16,0.0056,2.2186,12.04,25433.69,7.58,92.01,8.11,-0,-0.9997,129.13,126.09,129.97,24.93,Cornering,"Hoosier 43075 16x7.5-10 R20, 7 inch rim",15151
78.38,652.496,-1.41,-432.89,-195.95,3.991,-1.76,32.6,0.16,0.0072,2.2092,12.1,25418.96,7.58,92.02,8.154,-0,-0.9997,129.28,126.16,130.03,24.92,Cornering,"Hoosier 43075 16x7.5-10 R20, 7 inch rim",15152
78.41,652.506,-2.12,-432.36,-194.78,4.001,-1.15,33.22,0.09,0.0109,2.2197,12.17,43808.47,7.58,92,8.207,-0,-0.9998,129.39,126.24,130.15,24.93,Cornering,"Hoosier 43075 16x7.5-10 R20, 7 inch rim",15153
78.4,652.516,-3.52,-435.38,-193.35,3.991,-0.79,34.15,0.03,0.0182,2.2517,12.19,158114.66,7.58,91.98,8.24,-0,-1,129.54,126.44,130.3,24.93,Cornering,"Hoosier 43075 16x7.5-10 R20, 7 inch rim",15154
78.38,652.526,-4.73,-441.45,-193.83,4.001,-0.82,35.36,0.16,0.0244,2.2775,12.15,25446.19,7.58,91.96,8.279,-0,-0.9997,129.71,126.55,130.42,24.95,Cornering,"Hoosier 43075 16x7.5-10 R20, 7 inch rim",15155
78.39,652.536,-6.02,-447.62,-194.73,4.003,-1.37,35.85,0.16,0.0309,2.2986,12.07,25455.24,7.58,91.97,8.32,-0,-0.9997,129.82,126.57,130.56,24.96,Cornering,"Hoosier 43075 16x7.5-10 R20, 7 inch rim",15156
78.42,652.546,-7.08,-453.43,-196.14,3.996,-2.46,35.33,0.16,0.0361,2.3117,11.98,25453.41,7.58,91.95,8.348,-0,-0.9997,129.95,126.55,130.76,24.96,Cornering,"Hoosier 43075 16x7.5-10 R20, 7 inch rim",15157
78.39,652.556,-6.37,-457.79,-198.53,4,-2.11,35.58,0.09,0.0321,2.306,11.98,43847.48,7.58,91.96,8.399,-0,-0.9998,130.04,126.49,130.92,24.96,Cornering,"Hoosier 43075 16x7.5-10 R20, 7 inch rim",15158
78.38,652.566,-5.17,-459.56,-199.71,3.987,-2.88,35.09,0.09,0.0259,2.3012,12.01,43863.32,7.58,91.99,8.438,-0,-0.9998,130.14,126.55,131.04,24.97,Cornering,"Hoosier 43075 16x7.5-10 R20, 7 inch rim",15159
78.4,652.576,-4,-457.22,-200.27,3.998,-3.13,33.71,0.16,0.02,2.283,12.1,25474.52,7.58,92.02,8.472,-0,-0.9997,130.25,126.57,131.14,24.99,Cornering,"Hoosier 43075 16x7.5-10 R20, 7 inch rim",15160
78.41,652.586,-3.03,-451.25,-200.49,3.987,-2.04,32.06,0.16,0.0151,2.2507,12.16,25488.42,7.58,92.07,8.528,-0,-0.9997,130.38,126.64,131.18,25.01,Cornering,"Hoosier 43075 16x7.5-10 R20, 7 inch rim",15161
78.38,652.596,-1.77,-444.2,-199.46,4.001,-2.29,31.38,0.09,0.0089,2.227,12.17,43899.52,7.58,92.12,8.562,-0,-0.9998,130.57,126.73,131.27,25,Cornering,"Hoosier 43075 16x7.5-10 R20, 7 inch rim",15162
78.39,652.606,-1.24,-437.61,-197.95,4.006,-1.22,31.03,0.09,0.0063,2.2107,12.14,43885.08,7.58,92.14,8.598,-0,-0.9998,130.72,126.73,131.35,25,Cornering,"Hoosier 43075 16x7.5-10 R20, 7 inch rim",15163
78.42,652.616,-1.38,-435.01,-197.15,4.006,-0.22,31.61,0.16,0.007,2.2065,12.06,25451.56,7.58,92.15,8.634,-0,-0.9997,130.85,126.82,131.49,24.98,Cornering,"Hoosier 43075 16x7.5-10 R20, 7 inch rim",15164
78.4,652.626,-2.2,-436.36,-195.38,4,-0.43,32.55,0.09,0.0113,2.2333,12.01,43875.98,7.58,92.17,8.674,-0,-0.9998,130.98,126.95,131.59,25,Cornering,"Hoosier 43075 16x7.5-10 R20, 7 inch rim",15165
78.38,652.636,-3.95,-441.32,-195.32,3.991,-0.52,33.13,0.09,0.0202,2.2595,12,43861.84,7.58,92.2,8.707,-0,-0.9998,131.13,127.1,131.69,24.99,Cornering,"Hoosier 43075 16x7.5-10 R20, 7 inch rim",15166
78.4,652.646,-5.42,-446.26,-196.14,3.997,-0.67,33.81,0.09,0.0276,2.2752,12.02,43835.08,7.58,92.22,8.76,-0,-0.9998,131.26,127.1,131.85,24.98,Cornering,"Hoosier 43075 16x7.5-10 R20, 7 inch rim",15167
78.42,652.656,-6.14,-450.86,-197.67,4.003,-1.86,34.33,0.09,0.0311,2.2808,12.08,43820.55,7.57,92.23,8.796,-0,-0.9998,131.34,127.15,132.03,24.97,Cornering,"Hoosier 43075 16x7.5-10 R20, 7 inch rim",15168
78.38,652.666,-6.02,-453.95,-199.98,3.991,-1.85,34.64,0.09,0.0301,2.27,12.12,43785.67,7.58,92.23,8.832,-0,-0.9998,131.43,127.01,132.24,24.96,Cornering,"Hoosier 43075 16x7.5-10 R20, 7 inch rim",15169
78.39,652.676,-5.57,-456.35,-201.46,3.993,-2.2,34.37,0.09,0.0277,2.2652,12.14,43790.93,7.58,92.24,8.872,-0,-0.9998,131.52,126.99,132.4,24.96,Cornering,"Hoosier 43075 16x7.5-10 R20, 7 inch rim",15170
78.42,652.686,-4.57,-456.48,-202.01,3.996,-2.71,33.28,0.09,0.0226,2.2597,12.1,43816.32,7.57,92.23,8.913,-0,-0.9998,131.62,127.1,132.5,24.98,Cornering,"Hoosier 43075 16x7.5-10 R20, 7 inch rim",15171
78.4,652.696,-3.12,-451.84,-201.76,4.003,-2.25,32.13,0.03,0.0154,2.2395,12.03,158247.3,7.57,92.21,8.956,-0,-1,131.73,127.17,132.58,25,Cornering,"Hoosier 43075 16x7.5-10 R20, 7 inch rim",15172
78.38,652.706,-2.03,-444.82,-201.95,4.007,-0.7,30.76,0.09,0.0101,2.2027,11.96,43876.63,7.57,92.21,9,-0,-0.9998,131.94,127.26,132.6,25.02,Cornering,"Hoosier 43075 16x7.5-10 R20, 7 inch rim",15173
78.41,652.716,-1.22,-438.09,-199.83,3.994,-1.6,30.07,0.16,0.0061,2.1923,11.94,25464.05,7.58,92.2,9.039,-0,-0.9997,132.07,127.37,132.66,25.02,Cornering,"Hoosier 43075 16x7.5-10 R20, 7 inch rim",15174
78.42,652.726,-0.97,-433.16,-198.81,3.988,-0.73,30.27,0.16,0.0049,2.1787,11.97,25455.33,7.57,92.2,9.078,-0,-0.9997,132.2,127.48,132.7,25.01,Cornering,"Hoosier 43075 16x7.5-10 R20, 7 inch rim",15175
78.39,652.736,-2.03,-432.29,-198.17,4,-0.43,30.69,0.16,0.0103,2.1814,12.05,25446.5,7.57,92.18,9.118,-0,-0.9997,132.33,127.65,132.84,25.01,Cornering,"Hoosier 43075 16x7.5-10 R20, 7 inch rim",15176
78.39,652.746,-3.96,-435,-197.6,4.009,-0.41,31.15,0.23,0.0201,2.2014,12.12,17910.75,7.57,92.21,9.159,-0,-0.9996,132.55,127.85,133,24.99,Cornering,"Hoosier 43075 16x7.5-10 R20, 7 inch rim",15177
78.42,652.756,-5.38,-439.94,-198.14,4.006,-0.55,32.24,0.09,0.0271,2.2203,12.14,43809.79,7.57,92.25,9.208,-0,-0.9998,132.65,127.98,133.19,25,Cornering,"Hoosier 43075 16x7.5-10 R20, 7 inch rim",15178
78.41,652.766,-5.93,-445.45,-199.22,3.996,-0.99,33.17,0.16,0.0298,2.2359,12.11,25431.3,7.57,92.28,9.244,-0,-0.9997,132.82,127.92,133.39,25,Cornering,"Hoosier 43075 16x7.5-10 R20, 7 inch rim",15179
78.39,652.776,-6.14,-449.68,-201.52,4.006,-0.86,33.42,0.03,0.0305,2.2314,12.06,158099.77,7.57,92.3,9.28,-0,-1,132.85,127.85,133.57,25,Cornering,"Hoosier 43075 16x7.5-10 R20, 7 inch rim",15180
78.4,652.786,-5.97,-452.42,-202.17,3.993,-2.47,32.7,0.16,0.0295,2.2378,11.99,25402.81,7.57,92.33,9.31,-0,-0.9997,132.85,127.76,133.75,24.98,Cornering,"Hoosier 43075 16x7.5-10 R20, 7 inch rim",15181
78.42,652.796,-4.86,-451.68,-203.72,3.987,-2.18,32.1,0.09,0.0239,2.2172,11.99,43760.38,7.58,92.39,9.356,-0,-0.9998,132.87,127.81,133.89,24.98,Cornering,"Hoosier 43075 16x7.5-10 R20, 7 inch rim",15182
78.39,652.806,-3.76,-447.32,-204.26,4.003,-1.72,31.13,0.09,0.0184,2.19,12.03,43713.26,7.57,92.39,9.406,-0,-0.9998,132.97,127.87,134.01,24.96,Cornering,"Hoosier 43075 16x7.5-10 R20, 7 inch rim",15183
78.38,652.816,-2.94,-440.5,-203.88,4.001,-1.31,29.87,0.03,0.0144,2.1606,12.11,157698.44,7.57,92.41,9.433,-0,-1,133.12,127.98,134.09,24.95,Cornering,"Hoosier 43075 16x7.5-10 R20, 7 inch rim",15184
78.41,652.826,-1.61,-432.63,-202.74,4,-1.13,29.77,0.09,0.008,2.1339,12.19,43691.9,7.57,92.38,9.492,-0,-0.9998,133.23,128.07,134.2,24.95,Cornering,"Hoosier 43075 16x7.5-10 R20, 7 inch rim",15185
78.41,652.836,-1.38,-426.98,-200.92,3.994,-1.38,30.23,0.09,0.0069,2.1251,12.24,43688.7,7.57,92.36,9.516,-0,-0.9998,133.36,128.11,134.26,24.95,Cornering,"Hoosier 43075 16x7.5-10 R20, 7 inch rim",15186
78.38,652.846,-2.05,-425.35,-199.88,3.998,-0.82,30.93,0.03,0.0102,2.128,12.22,157566.28,7.57,92.35,9.557,-0,-1,133.47,128.29,134.34,24.94,Cornering,"Hoosier 43075 16x7.5-10 R20, 7 inch rim",15187
78.4,652.856,-3.33,-427.57,-199.25,4,-0.37,31.82,0.16,0.0167,2.1459,12.14,25346.3,7.57,92.36,9.589,-0,-0.9997,133.62,128.42,134.44,24.94,Cornering,"Hoosier 43075 16x7.5-10 R20, 7 inch rim",15188
78.42,652.866,-4.95,-432.69,-199.4,3.997,-0.55,32.33,0.16,0.0248,2.1699,12.07,25360.11,7.57,92.37,9.639,-0,-0.9997,133.73,128.58,134.52,24.96,Cornering,"Hoosier 43075 16x7.5-10 R20, 7 inch rim",15189
78.4,652.876,-5.74,-437.91,-200.51,4.001,-0.46,32.85,0.16,0.0287,2.184,12,25374.89,7.57,92.42,9.676,-0,-0.9997,133.79,128.58,134.66,24.98,Cornering,"Hoosier 43075 16x7.5-10 R20, 7 inch rim",15190
78.39,652.886,-5.85,-443.73,-201.73,3.994,-0.66,33.7,0.16,0.029,2.1997,11.99,25378,7.57,92.44,9.712,-0,-0.9997,133.83,128.53,134.86,24.98,Cornering,"Hoosier 43075 16x7.5-10 R20, 7 inch rim",15191
78.41,652.896,-5.74,-449.41,-203.31,4.007,-0.84,33.43,0.16,0.0282,2.2105,12.05,25362.65,7.57,92.46,9.758,-0,-0.9997,133.83,128.49,134.98,24.97,Cornering,"Hoosier 43075 16x7.5-10 R20, 7 inch rim",15192
78.41,652.906,-5.38,-452.97,-203.4,4,-1.23,32.28,0.09,0.0264,2.227,12.08,43680.77,7.57,92.45,9.804,-0,-0.9998,133.75,128.47,135.08,24.97,Cornering,"Hoosier 43075 16x7.5-10 R20, 7 inch rim",15193
78.38,652.916,-4.44,-452.19,-203.44,4.001,-1.49,30.74,0.09,0.0218,2.2227,12.11,43665.58,7.57,92.47,9.841,-0,-0.9998,133.77,128.51,135.1,24.96,Cornering,"Hoosier 43075 16x7.5-10 R20, 7 inch rim",15194
78.39,652.926,-3.24,-446.91,-203.06,3.996,-1.33,29.35,0.09,0.016,2.2009,12.08,43642,7.57,92.47,9.865,-0,-0.9998,133.81,128.62,135.15,24.95,Cornering,"Hoosier 43075 16x7.5-10 R20, 7 inch rim",15195
78.42,652.936,-2.15,-439.34,-202.22,3.994,-1.84,28.46,0.09,0.0107,2.1725,12,43665.18,7.57,92.51,9.918,-0,-0.9998,133.88,128.66,135.23,24.97,Cornering,"Hoosier 43075 16x7.5-10 R20, 7 inch rim",15196
78.4,652.946,-1.11,-430.69,-201.7,4.006,-1.76,28.85,0.16,0.0055,2.1353,11.96,25351.68,7.57,92.5,9.971,-0,-0.9997,133.96,128.73,135.25,24.98,Cornering,"Hoosier 43075 16x7.5-10 R20, 7 inch rim",15197
78.39,652.956,-1.55,-424.32,-201.24,3.994,-1.02,29.12,0.16,0.0077,2.1086,11.95,25361.61,7.57,92.46,9.994,-0,-0.9997,134.05,128.88,135.41,24.99,Cornering,"Hoosier 43075 16x7.5-10 R20, 7 inch rim",15198
78.4,652.966,-2.64,-422.5,-200.53,3.994,-0.97,30.11,0.16,0.0132,2.1069,11.99,25346.86,7.57,92.44,10.031,-0,-0.9997,134.24,129.04,135.43,24.98,Cornering,"Hoosier 43075 16x7.5-10 R20, 7 inch rim",15199
78.41,652.976,-4.11,-424.85,-200.64,4.007,-0.23,31,0.16,0.0205,2.1175,12.06,25337.75,7.57,92.43,10.071,-0,-0.9997,134.43,129.26,135.59,24.97,Cornering,"Hoosier 43075 16x7.5-10 R20, 7 inch rim",15200
78.38,652.986,-5.29,-430.08,-201.38,4,0.16,31.7,0.09,0.0263,2.1356,12.12,43617.63,7.57,92.42,10.116,-0,-0.9998,134.61,129.33,135.69,24.96,Cornering,"Hoosier 43075 16x7.5-10 R20, 7 inch rim",15201
78.39,652.996,-5.62,-435.16,-201.92,3.991,-0.85,32.57,0.03,0.0279,2.1552,12.16,157316.66,7.57,92.42,10.142,-0,-1,134.71,129.24,135.87,24.94,Cornering,"Hoosier 43075 16x7.5-10 R20, 7 inch rim",15202
78.42,653.006,-5.54,-439.89,-203.45,3.993,-1.41,32.86,0.09,0.0272,2.1621,12.14,43586.55,7.57,92.43,10.193,-0,-0.9998,134.69,129.15,135.99,24.94,Cornering,"Hoosier 43075 16x7.5-10 R20, 7 inch rim",15203
78.4,653.016,-5.11,-443.1,-204.89,4.006,-1.72,32.42,0.03,0.0249,2.1627,12.07,157229.36,7.57,92.47,10.242,-0,-1,134.67,129.1,136.12,24.94,Cornering,"Hoosier 43075 16x7.5-10 R20, 7 inch rim",15204
78.38,653.026,-4.34,-444.28,-205.7,4.003,-1.81,31.16,0.09,0.0211,2.1599,12,43575.05,7.57,92.49,10.275,-0,-0.9998,134.63,129.1,136.18,24.94,Cornering,"Hoosier 43075 16x7.5-10 R20, 7 inch rim",15205
78.4,653.036,-3.36,-441.65,-205.33,3.998,-1.8,29.69,0.09,0.0164,2.1509,11.96,43548.32,7.57,92.5,10.321,-0,-0.9998,134.67,129.15,136.22,24.93,Cornering,"Hoosier 43075 16x7.5-10 R20, 7 inch rim",15206
78.42,653.046,-2.2,-437.2,-204.29,3.997,-1.82,28.75,0.16,0.0107,2.14,11.97,25279.22,7.57,92.48,10.356,-0,-0.9997,134.71,129.22,136.18,24.94,Cornering,"Hoosier 43075 16x7.5-10 R20, 7 inch rim",15207
78.39,653.056,-1.53,-431.59,-202.12,4,-1.82,28.33,0.09,0.0076,2.1353,12.03,43567.87,7.57,92.49,10.397,-0,-0.9998,134.84,129.19,136.18,24.95,Cornering,"Hoosier 43075 16x7.5-10 R20, 7 inch rim",15208
78.39,653.066,-1.49,-426.22,-200.76,3.997,-0.91,28.26,0.03,0.0074,2.123,12.09,157312.73,7.57,92.48,10.435,-0,-1,134.93,129.33,136.16,24.97,Cornering,"Hoosier 43075 16x7.5-10 R20, 7 inch rim",15209
78.42,653.076,-1.68,-423.45,-200.12,3.994,-0.57,29.23,0.16,0.0084,2.116,12.12,25316.68,7.57,92.49,10.471,-0,-0.9997,135.06,129.44,136.22,24.98,Cornering,"Hoosier 43075 16x7.5-10 R20, 7 inch rim",15210
78.41,653.086,-3.31,-422.87,-199.77,3.998,-1.17,29.47,0.16,0.0166,2.1168,12.1,25330.45,7.57,92.5,10.517,-0,-0.9997,135.23,129.63,136.3,25,Cornering,"Hoosier 43075 16x7.5-10 R20, 7 inch rim",15211
78.38,653.096,-4.08,-424.53,-200.68,4,-1.26,30.88,0.16,0.0203,2.1155,12.06,25314.96,7.57,92.51,10.561,-0,-0.9997,135.33,129.74,136.42,24.99,Cornering,"Hoosier 43075 16x7.5-10 R20, 7 inch rim",15212
78.4,653.106,-5.05,-427.41,-201.97,3.998,-1.41,31.72,0.03,0.025,2.1162,11.96,157335.45,7.57,92.5,10.601,-0,-1,135.51,129.7,136.54,24.98,Cornering,"Hoosier 43075 16x7.5-10 R20, 7 inch rim",15213
78.42,653.116,-5.3,-431.64,-203.41,3.984,-1.83,32.56,0.16,0.0261,2.122,11.92,25296.92,7.57,92.51,10.636,-0,-0.9997,135.51,129.57,136.74,24.98,Cornering,"Hoosier 43075 16x7.5-10 R20, 7 inch rim",15214
78.4,653.126,-5.9,-435.88,-205.26,3.988,-1.69,31.89,0.09,0.0287,2.1236,11.92,43597.77,7.57,92.47,10.679,-0,-0.9998,135.53,129.35,136.94,24.99,Cornering,"Hoosier 43075 16x7.5-10 R20, 7 inch rim",15215
78.38,653.136,-5.76,-437.42,-206.06,4.003,-2.24,30.76,0.03,0.028,2.1228,11.99,157378.14,7.57,92.48,10.727,-0,-1,135.51,129.37,137.11,25,Cornering,"Hoosier 43075 16x7.5-10 R20, 7 inch rim",15216
78.41,653.146,-4.54,-434.72,-206.75,4,-1.73,29.75,0.23,0.022,2.1027,12.1,17829.55,7.57,92.49,10.752,-0,-0.9996,135.46,129.48,137.17,25,Cornering,"Hoosier 43075 16x7.5-10 R20, 7 inch rim",15217
78.41,653.156,-3.1,-429.75,-206.21,3.988,-2.19,28.84,0.03,0.015,2.0841,12.21,157340.61,7.57,92.47,10.797,-0,-1,135.48,129.57,137.17,25,Cornering,"Hoosier 43075 16x7.5-10 R20, 7 inch rim",15218
78.38,653.166,-1.97,-423.18,-204.98,4.003,-1.9,28.25,0.16,0.0096,2.0645,12.22,25303.19,7.57,92.49,10.836,-0,-0.9997,135.44,129.68,137.17,25,Cornering,"Hoosier 43075 16x7.5-10 R20, 7 inch rim",15219
78.4,653.176,-1.08,-418.29,-203.1,3.991,-1.69,28.36,0.03,0.0053,2.0596,12.19,157256.31,7.57,92.47,10.886,-0,-1,135.44,129.72,137.29,25,Cornering,"Hoosier 43075 16x7.5-10 R20, 7 inch rim",15220
78.43,653.186,-1.5,-415.29,-201.5,3.998,-0.96,28.59,0.16,0.0074,2.061,12.11,25301.59,7.57,92.46,10.922,-0,-0.9997,135.48,129.83,137.41,25.01,Cornering,"Hoosier 43075 16x7.5-10 R20, 7 inch rim",15221
78.39,653.196,-2.45,-416.25,-201.08,3.998,-0.76,29.32,0.09,0.0122,2.0701,12.04,43575.53,7.57,92.45,10.964,-0,-0.9998,135.55,130.05,137.61,25,Cornering,"Hoosier 43075 16x7.5-10 R20, 7 inch rim",15222
78.38,653.206,-3.66,-419.2,-200.97,3.993,-0.84,29.98,0.16,0.0182,2.0859,12,25294.94,7.57,92.42,10.998,-0,-0.9997,135.64,130.18,137.73,25.01,Cornering,"Hoosier 43075 16x7.5-10 R20, 7 inch rim",15223
78.41,653.216,-4.55,-423.2,-202.08,4.001,-0.65,31,0.09,0.0225,2.0942,12.03,43552.42,7.57,92.42,11.049,-0,-0.9998,135.79,130.29,137.81,25,Cornering,"Hoosier 43075 16x7.5-10 R20, 7 inch rim",15224
78.41,653.226,-5.29,-428.23,-203.49,3.996,-1.21,31.59,0.16,0.026,2.1045,12.06,25246.08,7.57,92.43,11.087,-0,-0.9997,135.85,130.27,138.01,24.97,Cornering,"Hoosier 43075 16x7.5-10 R20, 7 inch rim",15225
78.38,653.236,-5.62,-432.67,-204.59,3.993,-1.56,31.86,0.03,0.0275,2.1148,12.16,156911.78,7.57,92.45,11.117,-0,-1,135.87,130.18,138.24,24.96,Cornering,"Hoosier 43075 16x7.5-10 R20, 7 inch rim",15226
78.39,653.246,-5.46,-436.67,-205.78,4.006,-2.14,31.38,0.03,0.0265,2.1221,12.17,156885.69,7.57,92.48,11.164,-0,-1,135.85,130.12,138.4,24.96,Cornering,"Hoosier 43075 16x7.5-10 R20, 7 inch rim",15227
78.42,653.256,-4.8,-437.26,-205.86,3.994,-2.3,30.36,0.09,0.0233,2.1241,12.12,43467.53,7.57,92.52,11.208,-0,-0.9998,135.91,130.14,138.48,24.96,Cornering,"Hoosier 43075 16x7.5-10 R20, 7 inch rim",15228
78.4,653.266,-3.27,-434.2,-205.3,4,-2.5,29.37,0.16,0.0159,2.1149,12.06,25219.83,7.57,92.53,11.25,-0,-0.9997,135.98,130.23,138.6,24.96,Cornering,"Hoosier 43075 16x7.5-10 R20, 7 inch rim",15229
78.38,653.276,-2.3,-427.98,-204.82,3.996,-1.39,28.04,0.16,0.0112,2.0895,12,25222.73,7.57,92.49,11.283,-0,-0.9997,136.09,130.36,138.58,24.96,Cornering,"Hoosier 43075 16x7.5-10 R20, 7 inch rim",15230
78.41,653.286,-1.51,-419.86,-203.03,3.998,-1.39,27.41,0.09,0.0074,2.068,11.97,43451.37,7.57,92.48,11.313,-0,-0.9998,136.15,130.47,138.6,24.96,Cornering,"Hoosier 43075 16x7.5-10 R20, 7 inch rim",15231
78.42,653.296,-1.12,-414.17,-201.69,3.988,-1.3,28,0.09,0.0056,2.0535,12.03,43424.07,7.57,92.47,11.359,-0,-0.9998,136.34,130.54,138.64,24.95,Cornering,"Hoosier 43075 16x7.5-10 R20, 7 inch rim",15232
78.39,653.306,-1.98,-412.29,-200.09,4.003,-1.9,28.67,-0.04,0.0099,2.0606,12.08,-97391.18,7.57,92.42,11.415,-0,-1.0001,136.43,130.73,138.6,24.95,Cornering,"Hoosier 43075 16x7.5-10 R20, 7 inch rim",15233
78.39,653.316,-3.03,-414.27,-200.64,4.003,-0.78,30.02,0.16,0.0151,2.0647,12.16,25202.5,7.57,92.45,11.442,-0,-0.9997,136.64,131,138.76,24.96,Cornering,"Hoosier 43075 16x7.5-10 R20, 7 inch rim",15234
78.41,653.326,-4.22,-418.45,-200.75,3.994,-1.06,30.7,0.09,0.021,2.0844,12.17,43435.03,7.57,92.43,11.482,-0,-0.9998,136.77,131.11,138.9,24.97,Cornering,"Hoosier 43075 16x7.5-10 R20, 7 inch rim",15235
78.42,653.336,-5.22,-422.38,-202.96,4.004,-1.36,30.85,0.16,0.0257,2.0811,12.13,25237.71,7.57,92.43,11.505,-0,-0.9997,136.9,131.06,139.15,25,Cornering,"Hoosier 43075 16x7.5-10 R20, 7 inch rim",15236
78.38,653.346,-5.1,-425.55,-204.3,3.994,-2.89,31.17,0.03,0.025,2.083,12.04,156956.8,7.57,92.45,11.555,-0,-1,136.9,130.91,139.33,25.01,Cornering,"Hoosier 43075 16x7.5-10 R20, 7 inch rim",15237
78.4,653.356,-5.37,-428.18,-206.32,3.979,-2.1,30.26,0.09,0.026,2.0754,12,43477.82,7.57,92.5,11.594,-0,-0.9998,136.9,130.78,139.47,25,Cornering,"Hoosier 43075 16x7.5-10 R20, 7 inch rim",15238
78.43,653.366,-5.24,-430.53,-206.31,3.987,-3.38,28.6,0.09,0.0254,2.0868,11.96,43442.11,7.58,92.52,11.628,-0,-0.9998,136.86,130.71,139.61,24.98,Cornering,"Hoosier 43075 16x7.5-10 R20, 7 inch rim",15239
78.4,653.376,-5.72,-431.33,-206.38,4.003,-2.58,25.16,0.09,0.0277,2.09,12,43398.6,7.57,92.57,11.648,-0,-0.9998,136.92,130.69,139.59,24.96,Cornering,"Hoosier 43075 16x7.5-10 R20, 7 inch rim",15240
78.39,653.386,-6.57,-429.1,-204.27,3.993,-2.99,21.08,0.09,0.0321,2.1006,12.08,43384.17,7.57,92.62,11.675,-0,-0.9998,137.01,130.73,139.59,24.96,Cornering,"Hoosier 43075 16x7.5-10 R20, 7 inch rim",15241
78.42,653.396,-8.25,-425.01,-202.48,3.996,-2.32,16.74,0.09,0.0408,2.0991,12.14,43380.96,7.58,92.71,11.695,-0,-0.9998,137.12,130.84,139.65,24.96,Cornering,"Hoosier 43075 16x7.5-10 R20, 7 inch rim",15242
78.42,653.406,-9.13,-419.56,-200.2,3.997,-2.82,14.62,0.09,0.0456,2.0957,12.14,43418.05,7.57,92.75,11.715,-0,-0.9998,137.2,130.89,139.75,24.98,Cornering,"Hoosier 43075 16x7.5-10 R20, 7 inch rim",15243
78.4,653.416,-8.92,-414,-199.69,4.001,-1.03,15.25,0.03,0.0447,2.0732,12.11,156783.27,7.57,92.77,11.73,-0,-1,137.31,131.06,139.85,25,Cornering,"Hoosier 43075 16x7.5-10 R20, 7 inch rim",15244
78.41,653.426,-8.35,-412.15,-199.44,3.997,-1.49,17.8,0.09,0.0419,2.0665,12.05,43486.95,7.58,92.78,11.725,-0,-0.9998,137.44,131.24,139.97,25.02,Cornering,"Hoosier 43075 16x7.5-10 R20, 7 inch rim",15245
78.44,653.436,-8.89,-412.51,-200.64,3.985,-0.82,19.58,0.16,0.0443,2.0559,11.99,25228.58,7.58,92.78,11.73,-0,-0.9997,137.63,131.44,140.12,25.01,Cornering,"Hoosier 43075 16x7.5-10 R20, 7 inch rim",15246
78.41,653.446,-11.38,-415.73,-201.63,3.991,-1.32,19.3,0.09,0.0564,2.0618,12,43434.5,7.58,92.79,11.738,-0,-0.9998,137.8,131.5,140.32,24.99,Cornering,"Hoosier 43075 16x7.5-10 R20, 7 inch rim",15247
78.44,653.466,-16.21,-422.57,-204.82,4.007,-2.6,15.43,0.03,0.0791,2.0631,12.13,156739.41,7.57,92.81,12.268,-0,-1,137.87,131.28,140.7,24.99,Cornering,"Hoosier 43075 16x7.5-10 R20, 7 inch rim",15248
78.44,653.476,-16.26,-424.82,-206.23,4.007,-2.54,14.52,0.03,0.0788,2.0599,12.18,156660.89,7.57,92.82,12.278,-0,-1,137.76,131.24,140.84,24.98,Cornering,"Hoosier 43075 16x7.5-10 R20, 7 inch rim",15249
78.41,653.486,-13.88,-424.31,-206.45,3.998,-2.51,15.22,0.16,0.0672,2.0553,12.17,25198.01,7.57,92.84,12.27,-0,-0.9997,137.78,131.24,140.92,24.98,Cornering,"Hoosier 43075 16x7.5-10 R20, 7 inch rim",15250
78.43,653.496,-10.38,-421.38,-205.96,3.996,-2.62,17,0.03,0.0504,2.0459,12.11,156631.19,7.58,92.89,12.267,-0,-1,137.76,131.28,140.88,24.97,Cornering,"Hoosier 43075 16x7.5-10 R20, 7 inch rim",15251
78.45,653.506,-6.55,-416,-205.08,4,-1.66,19.49,0.16,0.0319,2.0285,12.05,25186.72,7.57,92.91,12.265,-0,-0.9997,137.8,131.42,140.76,24.97,Cornering,"Hoosier 43075 16x7.5-10 R20, 7 inch rim",15252
78.43,653.516,-4.16,-410.56,-202.74,4.001,-2.88,21.4,0.16,0.0205,2.0251,11.96,25193.23,7.57,92.94,12.258,-0,-0.9997,137.84,131.48,140.72,24.97,Cornering,"Hoosier 43075 16x7.5-10 R20, 7 inch rim",15253
78.42,653.526,-3.05,-406.93,-201.28,4.003,-2.51,23.58,0.09,0.0152,2.0217,11.92,43408.43,7.57,92.93,12.238,-0,-0.9998,137.93,131.55,140.68,24.97,Cornering,"Hoosier 43075 16x7.5-10 R20, 7 inch rim",15254
78.44,653.536,-2.32,-405.44,-199.85,3.991,-2.51,26.56,0.16,0.0116,2.0287,11.96,25189.39,7.58,92.93,12.237,-0,-0.9997,138.04,131.68,140.76,24.97,Cornering,"Hoosier 43075 16x7.5-10 R20, 7 inch rim",15255
78.45,653.546,-1.34,-407.06,-199.72,4.009,-2.71,30.59,0.23,0.0067,2.0382,12.03,17736.48,7.57,92.91,12.229,-0,-0.9996,138.21,131.88,140.9,24.96,Cornering,"Hoosier 43075 16x7.5-10 R20, 7 inch rim",15256
78.42,653.556,-1.08,-410.39,-200.42,3.991,-2.04,33.72,0.09,0.0054,2.0476,12.14,43380.04,7.58,92.89,12.227,-0,-0.9998,138.3,132.08,141.03,24.96,Cornering,"Hoosier 43075 16x7.5-10 R20, 7 inch rim",15257
78.43,653.566,-0.98,-414.71,-201.19,3.994,-2.5,35.96,0.09,0.0049,2.0613,12.22,43410.96,7.58,92.88,12.222,-0,-0.9998,138.47,132.05,141.27,24.97,Cornering,"Hoosier 43075 16x7.5-10 R20, 7 inch rim",15258
78.46,653.576,-1.07,-419.31,-202.47,4.001,-2.58,37.05,0.09,0.0053,2.071,12.22,43451.03,7.57,92.89,12.224,-0,-0.9998,138.47,131.9,141.49,25,Cornering,"Hoosier 43075 16x7.5-10 R20, 7 inch rim",15259
78.44,653.586,-1.43,-423.27,-203.9,4.001,-3.03,36.8,0.09,0.007,2.0759,12.16,43482.64,7.57,92.9,12.215,-0,-0.9998,138.47,131.79,141.69,25.01,Cornering,"Hoosier 43075 16x7.5-10 R20, 7 inch rim",15260
78.43,653.596,-1.16,-425.02,-205.24,3.99,-2.82,35.8,0.16,0.0057,2.0708,12.06,25232.19,7.58,92.92,12.217,-0,-0.9997,138.4,131.7,141.81,25.01,Cornering,"Hoosier 43075 16x7.5-10 R20, 7 inch rim",15261
78.45,653.606,-0.14,-424.05,-206.22,4.003,-2.49,34.63,0.09,0.0007,2.0562,12,43412.11,7.57,92.94,12.215,-0,-0.9998,138.42,131.79,141.85,24.97,Cornering,"Hoosier 43075 16x7.5-10 R20, 7 inch rim",15262
78.47,653.616,0.61,-419.96,-204.91,4.015,-2.72,32.63,0.16,-0.003,2.0495,12,25191.92,7.57,92.95,12.209,-0,-0.9997,138.47,131.77,141.94,24.97,Cornering,"Hoosier 43075 16x7.5-10 R20, 7 inch rim",15263
78.44,653.626,0.3,-414.88,-203.7,4.01,-1.64,29.82,0.09,-0.0015,2.0367,12.06,43382.57,7.57,92.94,12.211,-0,-0.9998,138.55,131.86,141.98,24.96,Cornering,"Hoosier 43075 16x7.5-10 R20, 7 inch rim",15264
78.44,653.636,-1.65,-409.92,-200.22,3.988,-3.01,26.34,0.09,0.0083,2.0473,12.14,43415.55,7.58,92.94,12.194,-0,-0.9998,138.6,131.94,142.04,24.97,Cornering,"Hoosier 43075 16x7.5-10 R20, 7 inch rim",15265
78.47,653.646,-5.2,-407.26,-198.17,3.994,-2.96,22.44,0.16,0.0263,2.0551,12.19,25217.58,7.58,92.96,12.185,-0,-0.9997,138.79,132.12,142.12,24.99,Cornering,"Hoosier 43075 16x7.5-10 R20, 7 inch rim",15266
78.46,653.656,-8.35,-406.2,-197.66,3.998,-1.64,20.1,0.09,0.0423,2.0551,12.14,43461.58,7.58,92.96,12.158,-0,-0.9998,138.92,132.43,142.18,25,Cornering,"Hoosier 43075 16x7.5-10 R20, 7 inch rim",15267
78.43,653.666,-11.13,-407.88,-197.83,3.99,-1.34,18.2,0.23,0.0563,2.0618,12.1,17780.4,7.58,92.96,12.125,-0,-0.9996,139.13,132.67,142.42,25.01,Cornering,"Hoosier 43075 16x7.5-10 R20, 7 inch rim",15268
78.47,653.676,-12.73,-410.94,-199.12,4.001,-1.19,17.72,0.03,0.0639,2.0637,12,156908.11,7.58,92.97,12.102,-0,-1,139.24,132.8,142.6,25,Cornering,"Hoosier 43075 16x7.5-10 R20, 7 inch rim",15269
78.47,653.686,-15.02,-414.41,-200.7,4.001,-1.18,16,0.09,0.0748,2.0648,11.96,43464.72,7.58,92.98,12.075,-0,-0.9998,139.33,132.65,142.86,24.99,Cornering,"Hoosier 43075 16x7.5-10 R20, 7 inch rim",15270
78.45,653.696,-17.47,-419.45,-202.14,3.996,-2.62,13.32,0.09,0.0864,2.075,11.97,43449.32,7.58,92.99,12.045,-0,-0.9998,139.26,132.41,143.01,24.98,Cornering,"Hoosier 43075 16x7.5-10 R20, 7 inch rim",15271
78.44,653.706,-19.91,-423.1,-203.84,4.004,-3.69,10.03,0.09,0.0977,2.0757,12.04,43424.04,7.58,93.01,12.013,-0,-0.9998,139.2,132.27,143.09,24.96,Cornering,"Hoosier 43075 16x7.5-10 R20, 7 inch rim",15272
78.48,653.716,-19.57,-424.12,-204.96,4.004,-4.06,9.08,0.23,0.0955,2.0693,12.11,17756.96,7.58,93.05,11.977,-0,-0.9996,139.2,132.21,143.09,24.96,Cornering,"Hoosier 43075 16x7.5-10 R20, 7 inch rim",15273
78.47,653.726,-17.7,-422.72,-204.51,3.99,-4.91,9.43,0.16,0.0865,2.067,12.16,25236.2,7.58,93.1,11.919,-0,-0.9997,139.24,132.25,142.95,24.98,Cornering,"Hoosier 43075 16x7.5-10 R20, 7 inch rim",15274
78.44,653.736,-12.71,-419.41,-203.14,4.001,-4.66,13.68,0.09,0.0626,2.0646,12.14,43474.73,7.58,93.16,11.883,-0,-0.9998,139.26,132.32,142.91,24.98,Cornering,"Hoosier 43075 16x7.5-10 R20, 7 inch rim",15275
78.47,653.746,-7.83,-415.62,-201.11,3.993,-3.71,18.42,0.09,0.0389,2.0666,12.1,43475.11,7.58,93.17,11.816,-0,-0.9998,139.26,132.38,142.86,24.97,Cornering,"Hoosier 43075 16x7.5-10 R20, 7 inch rim",15276
78.49,653.756,-3.96,-411.26,-198.89,3.997,-2.83,23.21,0.03,0.0199,2.0678,12.01,156941.66,7.58,93.15,11.786,-0,-1,139.41,132.56,142.86,24.98,Cornering,"Hoosier 43075 16x7.5-10 R20, 7 inch rim",15277
78.46,653.766,-2.92,-408.9,-197.17,4.003,-2.1,26.25,0.09,0.0148,2.0738,12,43489.26,7.58,93.13,11.724,-0,-0.9998,139.5,132.67,142.97,24.97,Cornering,"Hoosier 43075 16x7.5-10 R20, 7 inch rim",15278
78.45,653.776,-3.71,-409.21,-196.54,3.987,-1.87,28.18,0.09,0.0189,2.0821,12.03,43495.64,7.58,93.13,11.683,-0,-0.9998,139.65,132.91,143.05,24.97,Cornering,"Hoosier 43075 16x7.5-10 R20, 7 inch rim",15279
78.49,653.786,-3.68,-411.81,-197.71,3.997,-1.12,31.15,0.03,0.0186,2.0829,12.07,156949,7.58,93.18,11.641,-0,-1,139.82,132.98,143.23,24.97,Cornering,"Hoosier 43075 16x7.5-10 R20, 7 inch rim",15280
78.49,653.796,-2.45,-415.93,-199,3.996,-2.12,34.76,0.09,0.0123,2.0901,12.14,43479.11,7.58,93.23,11.592,-0,-0.9998,139.99,132.96,143.39,24.96,Cornering,"Hoosier 43075 16x7.5-10 R20, 7 inch rim",15281
78.46,653.806,-0.89,-420.04,-200.78,3.997,-3.48,37.72,0.09,0.0044,2.092,12.12,43486.28,7.58,93.25,11.545,-0,-0.9998,140.01,132.85,143.63,24.96,Cornering,"Hoosier 43075 16x7.5-10 R20, 7 inch rim",15282
78.47,653.816,0.17,-424.28,-202.73,3.998,-4.67,39.25,0.09,-0.0008,2.0929,12.07,43492.77,7.58,93.28,11.502,-0,-0.9998,140.03,132.67,143.81,24.96,Cornering,"Hoosier 43075 16x7.5-10 R20, 7 inch rim",15283
78.49,653.826,0.71,-426.69,-204.22,4.001,-5.05,38.99,0.03,-0.0035,2.0893,11.99,157048.42,7.58,93.31,11.459,-0,-1,139.97,132.65,143.88,24.97,Cornering,"Hoosier 43075 16x7.5-10 R20, 7 inch rim",15284
78.47,653.836,0.77,-425.73,-204.43,4,-4.43,37.34,0.09,-0.0037,2.0825,11.93,43512.14,7.58,93.33,11.441,-0,-0.9998,139.95,132.65,143.96,24.96,Cornering,"Hoosier 43075 16x7.5-10 R20, 7 inch rim",15285
78.46,653.846,1.21,-422.48,-204.04,4.001,-3.73,35.65,0.09,-0.0059,2.0706,11.93,43488.68,7.58,93.32,11.395,-0,-0.9998,139.97,132.74,143.98,24.94,Cornering,"Hoosier 43075 16x7.5-10 R20, 7 inch rim",15286
78.49,653.856,2.02,-417,-202.1,4.001,-3.26,34.54,0.09,-0.01,2.0633,11.99,43474.23,7.58,93.27,11.356,-0,-0.9998,139.97,132.87,143.96,24.93,Cornering,"Hoosier 43075 16x7.5-10 R20, 7 inch rim",15287
78.5,653.866,2.82,-412.3,-199.91,3.996,-2.46,34.66,0.09,-0.0141,2.0624,12.08,43449.22,7.58,93.27,11.32,-0,-0.9998,140.01,132.96,144,24.92,Cornering,"Hoosier 43075 16x7.5-10 R20, 7 inch rim",15288
78.46,653.876,2.49,-409.05,-197.73,4.01,-2.15,34.91,0.16,-0.0126,2.0687,12.14,25232.97,7.58,93.25,11.292,-0,-0.9997,140.1,133.09,144.02,24.93,Cornering,"Hoosier 43075 16x7.5-10 R20, 7 inch rim",15289
78.47,653.886,1.07,-408.7,-197.64,3.997,-0.44,34.86,0.03,-0.0054,2.0679,12.17,157156.19,7.58,93.23,11.259,-0,-1,140.29,133.29,144.1,24.97,Cornering,"Hoosier 43075 16x7.5-10 R20, 7 inch rim",15290
78.5,653.896,-1.56,-411.32,-197.85,3.99,-0.87,33.74,0.09,0.0079,2.0789,12.13,43595.45,7.58,93.24,11.22,-0,-0.9998,140.53,133.49,144.24,24.99,Cornering,"Hoosier 43075 16x7.5-10 R20, 7 inch rim",15291
78.48,653.906,-3.42,-415.75,-199.05,3.985,-1.73,33.14,0.09,0.0172,2.0886,12.08,43630.63,7.58,93.22,11.187,-0,-0.9998,140.68,133.6,144.38,25.01,Cornering,"Hoosier 43075 16x7.5-10 R20, 7 inch rim",15292
78.46,653.916,-4.74,-421.46,-200.29,3.996,-3.04,32.52,0.16,0.0236,2.1043,12.03,25309.63,7.58,93.19,11.15,-0,-0.9997,140.78,133.51,144.54,24.99,Cornering,"Hoosier 43075 16x7.5-10 R20, 7 inch rim",15293
78.49,653.926,-5.4,-427.31,-201.49,4.003,-3.55,31.56,0.16,0.0268,2.1208,12,25312.3,7.58,93.18,11.118,-0,-0.9997,140.89,133.38,144.7,24.99,Cornering,"Hoosier 43075 16x7.5-10 R20, 7 inch rim",15294
78.5,653.936,-6.39,-432.2,-202.55,3.998,-3.86,29.1,0.09,0.0315,2.1338,12.03,43565.19,7.58,93.17,11.081,-0,-0.9998,140.78,133.29,144.8,24.96,Cornering,"Hoosier 43075 16x7.5-10 R20, 7 inch rim",15295
78.47,653.946,-6.79,-433.4,-202.95,3.994,-3.09,26.54,0.09,0.0334,2.1355,12.09,43560.47,7.58,93.12,11.044,-0,-0.9998,140.74,133.27,144.87,24.96,Cornering,"Hoosier 43075 16x7.5-10 R20, 7 inch rim",15296
78.47,653.956,-6.76,-430.79,-202.34,3.997,-2.66,24.06,0.03,0.0334,2.1291,12.17,157217.39,7.58,93.05,11.004,-0,-1,140.66,133.33,144.87,24.96,Cornering,"Hoosier 43075 16x7.5-10 R20, 7 inch rim",15297
78.51,653.966,-6.19,-425.3,-200.86,4.004,-2.23,22.49,0.16,0.0308,2.1174,12.17,25283.59,7.58,93.03,10.971,-0,-0.9997,140.68,133.38,144.91,24.95,Cornering,"Hoosier 43075 16x7.5-10 R20, 7 inch rim",15298
78.49,653.976,-4.83,-418.27,-198.92,4.003,-2.46,22.62,0.09,0.0243,2.1027,12.15,43576.96,7.58,93.03,10.929,-0,-0.9998,140.66,133.44,144.95,24.96,Cornering,"Hoosier 43075 16x7.5-10 R20, 7 inch rim",15299
78.47,653.986,-4.54,-412.71,-197.84,3.994,-1.88,23.21,0.16,0.0229,2.0861,12.08,25290.14,7.58,93.01,10.892,-0,-0.9997,140.7,133.55,145.01,24.95,Cornering,"Hoosier 43075 16x7.5-10 R20, 7 inch rim",15300
78.49,653.996,-5.31,-410.57,-197.14,3.987,-1.95,24.1,0.09,0.027,2.0826,11.98,43579.5,7.58,92.98,10.841,-0,-0.9998,140.89,133.77,144.99,24.95,Cornering,"Hoosier 43075 16x7.5-10 R20, 7 inch rim",15301
78.5,654.006,-6.89,-412.12,-197.67,3.998,-1.74,24.94,0.09,0.0349,2.0848,11.92,43635,7.58,92.96,10.806,-0,-0.9998,141.04,133.99,145.09,24.98,Cornering,"Hoosier 43075 16x7.5-10 R20, 7 inch rim",15302
78.48,654.016,-8.29,-416.49,-197.8,4.001,-2.68,25.93,0.09,0.0419,2.1056,11.92,43681.58,7.58,92.93,10.763,-0,-0.9998,141.28,134.1,145.17,25,Cornering,"Hoosier 43075 16x7.5-10 R20, 7 inch rim",15303
78.47,654.026,-8.83,-420.73,-199.6,4.003,-2.66,27.42,0.03,0.0443,2.1079,11.93,157654.64,7.58,92.89,10.722,-0,-1,141.43,134.06,145.29,25,Cornering,"Hoosier 43075 16x7.5-10 R20, 7 inch rim",15304
78.5,654.036,-8.01,-425.03,-200.67,4.004,-3.4,29.62,0.03,0.0399,2.1181,12.03,157680.03,7.58,92.86,10.672,-0,-1,141.45,133.86,145.47,25,Cornering,"Hoosier 43075 16x7.5-10 R20, 7 inch rim",15305
78.5,654.046,-6.21,-429.1,-202.34,3.994,-2.88,31.9,0.03,0.0307,2.1207,12.07,157586.98,7.58,92.88,10.639,-0,-1,141.49,133.75,145.53,24.98,Cornering,"Hoosier 43075 16x7.5-10 R20, 7 inch rim",15306
78.48,654.056,-4.95,-432.05,-202.55,3.998,-3.06,32.55,0.03,0.0244,2.1331,12.04,157726.86,7.58,92.88,10.579,-0,-1,141.39,133.71,145.59,25,Cornering,"Hoosier 43075 16x7.5-10 R20, 7 inch rim",15307
78.49,654.066,-2.46,-432.36,-202.1,3.993,-2.26,33.32,0.16,0.0121,2.1393,12,25382.72,7.58,92.91,10.55,-0,-0.9997,141.39,133.75,145.47,25.01,Cornering,"Hoosier 43075 16x7.5-10 R20, 7 inch rim",15308
78.5,654.076,-0.49,-429.66,-200.84,4.003,-2.04,33.18,0.16,0.0024,2.1394,11.93,25386.86,7.58,92.93,10.498,-0,-0.9997,141.39,133.82,145.31,25.01,Cornering,"Hoosier 43075 16x7.5-10 R20, 7 inch rim",15309
78.49,654.086,1.1,-425.6,-198.68,4.001,-2.46,33.37,-0.04,-0.0055,2.1422,11.95,-98080.57,7.58,92.93,10.468,-0,-1.0001,141.39,133.95,145.27,25,Cornering,"Hoosier 43075 16x7.5-10 R20, 7 inch rim",15310
78.47,654.096,1.84,-421.31,-197.39,3.997,-1.64,33.68,0.16,-0.0093,2.1344,12.01,25352.06,7.58,92.95,10.418,-0,-0.9997,141.34,134.01,145.19,24.97,Cornering,"Hoosier 43075 16x7.5-10 R20, 7 inch rim",15311
78.51,654.106,2.13,-419.25,-195.51,3.996,-2.21,34.75,0.16,-0.0109,2.1444,12.11,25331.35,7.58,93,10.382,-0,-0.9997,141.47,134.23,145.23,24.95,Cornering,"Hoosier 43075 16x7.5-10 R20, 7 inch rim",15312
78.5,654.116,1.14,-419.9,-195.09,3.994,-1.76,35.58,0.09,-0.0059,2.1524,12.17,43617.6,7.58,93.01,10.347,-0,-0.9998,141.58,134.45,145.25,24.93,Cornering,"Hoosier 43075 16x7.5-10 R20, 7 inch rim",15313
78.47,654.126,-0.69,-422.36,-195.5,3.991,-2.15,35.68,0.09,0.0035,2.1604,12.16,43641.17,7.58,93.01,10.322,-0,-0.9998,141.77,134.63,145.37,24.94,Cornering,"Hoosier 43075 16x7.5-10 R20, 7 inch rim",15314
78.48,654.136,-3,-426.03,-196.78,3.998,-2.45,34.9,0.23,0.0153,2.1651,12.11,17866.7,7.58,93.02,10.276,-0,-0.9996,141.9,134.67,145.47,24.97,Cornering,"Hoosier 43075 16x7.5-10 R20, 7 inch rim",15315
78.51,654.146,-4.6,-429.22,-198.19,4,-3.17,34.07,0.09,0.0232,2.1657,12.05,43733.3,7.58,93.01,10.241,-0,-0.9998,141.99,134.52,145.67,24.99,Cornering,"Hoosier 43075 16x7.5-10 R20, 7 inch rim",15316
78.5,654.156,-5.36,-432.22,-199.87,4,-2.42,33.21,0.09,0.0268,2.1625,11.97,43737.14,7.58,93.01,10.212,-0,-0.9998,141.94,134.3,145.82,24.99,Cornering,"Hoosier 43075 16x7.5-10 R20, 7 inch rim",15317
78.47,654.166,-5.3,-434.94,-200.8,3.997,-2.43,32.01,0.03,0.0264,2.166,11.92,157708.28,7.58,93,10.169,-0,-1,141.9,134.21,145.9,24.97,Cornering,"Hoosier 43075 16x7.5-10 R20, 7 inch rim",15318
78.5,654.176,-5.03,-435.85,-201.18,3.997,-2.07,30.43,0.16,0.025,2.1665,11.95,25345.86,7.58,93,10.12,-0,-0.9997,141.86,134.19,145.96,24.94,Cornering,"Hoosier 43075 16x7.5-10 R20, 7 inch rim",15319
78.51,654.186,-4.56,-434.03,-200.55,4.004,-1.86,28.49,0.03,0.0228,2.1642,12,157450.95,7.58,93.05,10.095,-0,-1,141.84,134.19,145.98,24.92,Cornering,"Hoosier 43075 16x7.5-10 R20, 7 inch rim",15320
78.47,654.196,-4.58,-429.14,-198.88,3.994,-2.43,26.21,0.16,0.023,2.1577,12.08,25328.44,7.58,93.08,10.04,-0,-0.9997,141.86,134.3,145.94,24.92,Cornering,"Hoosier 43075 16x7.5-10 R20, 7 inch rim",15321
78.49,654.206,-4.59,-423.58,-198.07,3.991,-1.97,25.09,0.09,0.0232,2.1385,12.14,43641.15,7.58,93.1,10.017,-0,-0.9998,141.79,134.39,145.96,24.92,Cornering,"Hoosier 43075 16x7.5-10 R20, 7 inch rim",15322
78.51,654.216,-5.1,-420.76,-196.51,4.003,-2.95,24.99,0.09,0.026,2.1412,12.13,43636.98,7.58,93.13,9.971,-0,-0.9998,141.94,134.54,145.96,24.92,Cornering,"Hoosier 43075 16x7.5-10 R20, 7 inch rim",15323
78.5,654.226,-5.78,-420.49,-195.41,3.991,-2.65,25.72,0.09,0.0296,2.1518,12.07,43673.58,7.58,93.16,9.924,-0,-0.9998,142.16,134.78,145.96,24.93,Cornering,"Hoosier 43075 16x7.5-10 R20, 7 inch rim",15324
78.47,654.236,-6.32,-423.31,-195.48,4.001,-2.14,27.42,0.09,0.0323,2.1655,12,43679.51,7.58,93.17,9.878,-0,-0.9998,142.37,135,146.06,24.93,Cornering,"Hoosier 43075 16x7.5-10 R20, 7 inch rim",15325
78.5,654.246,-7.24,-426.69,-195.77,3.993,-1.87,28.47,0.16,0.037,2.1796,11.94,25361.34,7.58,93.19,9.838,-0,-0.9997,142.57,135.11,146.1,24.94,Cornering,"Hoosier 43075 16x7.5-10 R20, 7 inch rim",15326
78.51,654.256,-7.62,-430.8,-197.18,3.991,-1.7,29.45,0.16,0.0387,2.1848,11.96,25370.43,7.58,93.23,9.795,-0,-0.9997,142.65,134.98,146.18,24.94,Cornering,"Hoosier 43075 16x7.5-10 R20, 7 inch rim",15327
78.49,654.266,-6.97,-434.93,-198.43,3.998,-1.38,31.03,0.09,0.0351,2.1918,12.01,43735.02,7.58,93.24,9.762,-0,-0.9998,142.61,134.76,146.34,24.96,Cornering,"Hoosier 43075 16x7.5-10 R20, 7 inch rim",15328
78.48,654.276,-6.38,-440.32,-199.41,4.001,-1.55,31.66,0.16,0.032,2.2082,12.12,25387.74,7.58,93.26,9.721,-0,-0.9997,142.52,134.67,146.44,24.96,Cornering,"Hoosier 43075 16x7.5-10 R20, 7 inch rim",15329
78.5,654.286,-5.02,-443.23,-199.87,3.997,-1.41,31.99,0.09,0.0251,2.2176,12.17,43767.89,7.58,93.25,9.664,-0,-0.9998,142.44,134.7,146.5,24.97,Cornering,"Hoosier 43075 16x7.5-10 R20, 7 inch rim",15330
78.5,654.296,-3.41,-442.33,-199.72,4.007,-1.35,31.78,0.09,0.0171,2.2147,12.17,43803.08,7.58,93.26,9.626,-0,-0.9998,142.44,134.74,146.44,24.98,Cornering,"Hoosier 43075 16x7.5-10 R20, 7 inch rim",15331
78.48,654.306,-2.44,-438.31,-199.09,3.998,-1.95,31.07,0.16,0.0122,2.2015,12.12,25421.4,7.58,93.3,9.583,-0,-0.9997,142.48,134.83,146.46,24.98,Cornering,"Hoosier 43075 16x7.5-10 R20, 7 inch rim",15332
78.5,654.316,-1.1,-432.14,-198.03,3.991,-2.57,31.25,0.09,0.0056,2.1822,12.03,43824.91,7.58,93.3,9.533,-0,-0.9998,142.48,134.87,146.5,24.99,Cornering,"Hoosier 43075 16x7.5-10 R20, 7 inch rim",15333
78.51,654.326,-0.1,-425.84,-197.1,3.997,-2.44,32.17,0.03,0.0005,2.1606,11.98,158234.44,7.57,93.29,9.51,-0,-1,142.59,134.94,146.5,25,Cornering,"Hoosier 43075 16x7.5-10 R20, 7 inch rim",15334
78.49,654.336,-0.11,-422.14,-196.35,3.988,-2.11,33.13,0.16,0.0005,2.15,11.97,25459.81,7.58,93.27,9.46,-0,-0.9997,142.82,135.11,146.48,25.01,Cornering,"Hoosier 43075 16x7.5-10 R20, 7 inch rim",15335
78.47,654.346,-1.05,-421.23,-196.15,3.996,-1.39,34.05,0.09,0.0054,2.1475,12.04,43878.55,7.58,93.26,9.429,-0,-0.9998,143.04,135.36,146.52,25.01,Cornering,"Hoosier 43075 16x7.5-10 R20, 7 inch rim",15336
78.5,654.356,-2.83,-424,-196.92,4.003,-0.65,34.65,0.03,0.0144,2.1532,12.1,158428.58,7.57,93.26,9.404,-0,-1,143.21,135.53,146.62,25.03,Cornering,"Hoosier 43075 16x7.5-10 R20, 7 inch rim",15337
78.51,654.366,-4.43,-427.96,-197.76,3.988,-0.8,34.68,0.09,0.0224,2.1641,12.14,43888.07,7.58,93.24,9.351,-0,-0.9998,143.38,135.53,146.74,25.01,Cornering,"Hoosier 43075 16x7.5-10 R20, 7 inch rim",15338
78.48,654.376,-5.44,-432.59,-198.81,4,-1.48,34.66,0.09,0.0274,2.1758,12.14,43913.66,7.57,93.25,9.309,-0,-0.9998,143.47,135.36,146.91,25.03,Cornering,"Hoosier 43075 16x7.5-10 R20, 7 inch rim",15339
78.49,654.386,-5.7,-437.28,-200.39,3.988,-1.77,34.39,0.03,0.0284,2.1821,12.08,158521.58,7.58,93.27,9.277,-0,-1,143.34,135.16,146.99,25.03,Cornering,"Hoosier 43075 16x7.5-10 R20, 7 inch rim",15340
78.52,654.396,-5.45,-441.45,-201.23,3.997,-1.96,33.94,0.16,0.0271,2.1937,12.01,25480.78,7.57,93.27,9.248,-0,-0.9997,143.25,135,147.05,25.01,Cornering,"Hoosier 43075 16x7.5-10 R20, 7 inch rim",15341
78.49,654.406,-4.64,-443.95,-201.14,4,-2.17,33.25,0.23,0.0231,2.2072,12,17959.82,7.57,93.27,9.208,-0,-0.9996,143.19,134.98,147.07,25.03,Cornering,"Hoosier 43075 16x7.5-10 R20, 7 inch rim",15342
78.48,654.416,-4.09,-443.86,-200.07,4.003,-2.18,31.74,0.09,0.0205,2.2185,12.03,43880.28,7.57,93.29,9.164,-0,-0.9998,143.21,135.05,146.99,25,Cornering,"Hoosier 43075 16x7.5-10 R20, 7 inch rim",15343
78.5,654.426,-3.55,-441.99,-197.47,3.994,-3.25,30.35,0.03,0.018,2.2382,12.11,158366.66,7.58,93.33,9.127,-0,-1,143.23,135.09,146.91,25,Cornering,"Hoosier 43075 16x7.5-10 R20, 7 inch rim",15344
78.51,654.436,-3.12,-439.18,-195.34,4.004,-2.58,29.67,0.09,0.016,2.2483,12.19,43889.17,7.57,93.34,9.089,-0,-0.9998,143.25,135.18,146.81,25,Cornering,"Hoosier 43075 16x7.5-10 R20, 7 inch rim",15345
78.48,654.446,-3.41,-437.36,-194.04,3.996,-0.93,29.24,0.03,0.0176,2.254,12.22,158397.98,7.57,93.38,9.054,-0,-1,143.36,135.25,146.79,25,Cornering,"Hoosier 43075 16x7.5-10 R20, 7 inch rim",15346
78.48,654.456,-4.35,-437.97,-192.18,4,-1.64,29.37,0.09,0.0226,2.279,12.19,43897.98,7.57,93.36,9.015,-0,-0.9998,143.62,135.49,146.76,25,Cornering,"Hoosier 43075 16x7.5-10 R20, 7 inch rim",15347
78.51,654.466,-5.78,-439.97,-192.16,3.996,-0.65,29.79,0.09,0.0301,2.2896,12.11,43924.07,7.57,93.33,8.966,-0,-0.9998,143.83,135.69,146.85,25.01,Cornering,"Hoosier 43075 16x7.5-10 R20, 7 inch rim",15348
78.49,654.476,-7.15,-443.19,-192.74,3.99,-0.64,30.61,0.09,0.0371,2.2994,12.03,43908.23,7.58,93.36,8.928,-0,-0.9998,144.02,135.8,147.01,25,Cornering,"Hoosier 43075 16x7.5-10 R20, 7 inch rim",15349
78.47,654.486,-7.8,-446.72,-193.74,3.994,-1.43,31.77,0.03,0.0403,2.3058,12,158539.98,7.57,93.34,8.892,-0,-1,144.11,135.69,147.21,25.01,Cornering,"Hoosier 43075 16x7.5-10 R20, 7 inch rim",15350
78.49,654.496,-7.56,-449.83,-196.56,4,-1.27,32.7,0.03,0.0385,2.2885,12.03,158527.8,7.57,93.35,8.833,-0,-1,144.05,135.47,147.39,25,Cornering,"Hoosier 43075 16x7.5-10 R20, 7 inch rim",15351
78.5,654.506,-6.41,-451.44,-198.33,4.004,-1.52,33.83,0.09,0.0323,2.2762,12.09,43963.58,7.57,93.37,8.802,-0,-0.9998,143.96,135.33,147.53,25.02,Cornering,"Hoosier 43075 16x7.5-10 R20, 7 inch rim",15352
78.47,654.516,-4.87,-451.49,-199.65,3.997,-1.53,34.05,0.16,0.0244,2.2614,12.16,25525.81,7.57,93.39,8.763,-0,-0.9997,143.9,135.36,147.51,25.03,Cornering,"Hoosier 43075 16x7.5-10 R20, 7 inch rim",15353
78.47,654.526,-4.06,-449.36,-199.23,4.004,-2.17,33.39,-0.04,0.0204,2.2555,12.17,-98665.2,7.57,93.41,8.719,-0,-1.0001,143.87,135.36,147.43,25.03,Cornering,"Hoosier 43075 16x7.5-10 R20, 7 inch rim",15354
78.5,654.536,-2.89,-446.43,-198.29,3.988,-2.36,33.06,0.09,0.0146,2.2514,12.14,43958.25,7.57,93.45,8.67,-0,-0.9998,143.94,135.49,147.35,25.01,Cornering,"Hoosier 43075 16x7.5-10 R20, 7 inch rim",15355
78.49,654.546,-1.94,-443.44,-196.65,3.997,-2.1,33.18,0.03,0.0099,2.2549,12.08,158612.7,7.57,93.45,8.627,-0,-1,144,135.55,147.27,25,Cornering,"Hoosier 43075 16x7.5-10 R20, 7 inch rim",15356
78.45,654.556,-1.53,-441.41,-194.56,4.003,-2.32,33.38,0.03,0.0079,2.2687,12.01,158628.98,7.57,93.47,8.587,-0,-1,144.15,135.62,147.29,25,Cornering,"Hoosier 43075 16x7.5-10 R20, 7 inch rim",15357
78.48,654.566,-1.31,-440.66,-193.84,3.998,-1.37,34.78,0.03,0.0068,2.2733,11.99,158639.41,7.57,93.44,8.561,-0,-1,144.37,135.84,147.29,25,Cornering,"Hoosier 43075 16x7.5-10 R20, 7 inch rim",15358
78.5,654.576,-2.42,-441.75,-193.63,3.993,-1.45,35.64,0.09,0.0125,2.2815,12.02,43966.07,7.57,93.42,8.51,-0,-0.9998,144.6,136.15,147.33,25,Cornering,"Hoosier 43075 16x7.5-10 R20, 7 inch rim",15359
78.46,654.586,-3.81,-443.57,-194.82,4.003,-0.99,36.53,0.09,0.0196,2.2768,12.08,43959.05,7.57,93.42,8.481,-0,-0.9998,144.82,136.26,147.41,25,Cornering,"Hoosier 43075 16x7.5-10 R20, 7 inch rim",15360
78.46,654.596,-5.04,-445.82,-195.96,3.993,-2.04,37.14,0.16,0.0257,2.2751,12.19,25506.07,7.57,93.37,8.431,-0,-0.9997,144.95,136.15,147.53,24.98,Cornering,"Hoosier 43075 16x7.5-10 R20, 7 inch rim",15361
78.48,654.606,-5.84,-448.31,-198.22,3.988,-2.03,37.47,0.16,0.0295,2.2617,12.25,25502.53,7.57,93.35,8.394,-0,-0.9997,144.99,135.95,147.69,24.98,Cornering,"Hoosier 43075 16x7.5-10 R20, 7 inch rim",15362
78.47,654.616,-5.7,-450.53,-200.3,3.997,-2.2,37.78,0.09,0.0285,2.2493,12.27,43952.2,7.57,93.33,8.358,-0,-0.9998,144.86,135.8,147.76,24.98,Cornering,"Hoosier 43075 16x7.5-10 R20, 7 inch rim",15363
78.44,654.626,-4.87,-451.32,-202.37,3.994,-1.73,37.75,0.09,0.0241,2.2302,12.22,43987.61,7.57,93.32,8.313,-0,-0.9998,144.84,135.82,147.78,25,Cornering,"Hoosier 43075 16x7.5-10 R20, 7 inch rim",15364
78.47,654.636,-4.35,-450.52,-202.76,3.996,-1.88,36.52,0.03,0.0214,2.222,12.14,158858.95,7.57,93.31,8.286,-0,-1,144.84,135.84,147.69,25.02,Cornering,"Hoosier 43075 16x7.5-10 R20, 7 inch rim",15365
78.47,654.646,-3.6,-448.1,-201.97,4.001,-2.27,35.45,0.16,0.0178,2.2187,12.04,25565.28,7.57,93.3,8.243,-0,-0.9997,144.93,135.93,147.55,25.03,Cornering,"Hoosier 43075 16x7.5-10 R20, 7 inch rim",15366
78.45,654.656,-3.38,-445.23,-200.32,3.996,-2.51,34.1,0.09,0.0169,2.2226,11.98,44040.46,7.57,93.3,8.202,-0,-0.9998,144.99,135.97,147.53,25.03,Cornering,"Hoosier 43075 16x7.5-10 R20, 7 inch rim",15367
78.44,654.666,-2.62,-442.91,-197.96,3.998,-3.03,34.17,0.23,0.0132,2.2374,12.01,17995.99,7.57,93.3,8.16,-0,-0.9996,145.12,136.15,147.47,25.01,Cornering,"Hoosier 43075 16x7.5-10 R20, 7 inch rim",15368
78.47,654.676,-2.68,-441.4,-196.99,3.996,-2.16,34.55,0.09,0.0136,2.2408,12.08,43998.75,7.57,93.29,8.114,-0,-0.9998,145.29,136.39,147.43,25,Cornering,"Hoosier 43075 16x7.5-10 R20, 7 inch rim",15369
78.46,654.686,-3.45,-440.97,-196.49,4.001,-1.32,35.34,0.03,0.0176,2.2443,12.17,158749.47,7.57,93.31,8.093,-0,-1,145.5,136.61,147.41,24.99,Cornering,"Hoosier 43075 16x7.5-10 R20, 7 inch rim",15370
78.44,654.696,-5.03,-442.05,-196.72,4,-1.49,35.8,0.03,0.0256,2.2471,12.2,158687.8,7.56,93.32,8.061,-0,-1,145.72,136.76,147.55,24.98,Cornering,"Hoosier 43075 16x7.5-10 R20, 7 inch rim",15371
78.45,654.706,-7.04,-443.84,-198.22,4.007,-1.54,35.8,0.16,0.0355,2.2392,12.18,25520.51,7.56,93.33,8.008,-0,-0.9997,145.85,136.7,147.67,24.97,Cornering,"Hoosier 43075 16x7.5-10 R20, 7 inch rim",15372
78.47,654.716,-7.94,-445.98,-200.88,4,-0.75,36.1,-0.04,0.0395,2.2201,12.11,-98641.01,7.57,93.4,7.975,-0,-1.0001,145.89,136.5,147.82,24.97,Cornering,"Hoosier 43075 16x7.5-10 R20, 7 inch rim",15373
78.44,654.726,-8.27,-448.68,-202.93,4.006,-1.93,36.28,0.09,0.0407,2.211,12.06,43966.89,7.56,93.43,7.931,-0,-0.9998,145.78,136.39,147.84,24.97,Cornering,"Hoosier 43075 16x7.5-10 R20, 7 inch rim",15374
78.43,654.736,-7.45,-449.19,-204.05,3.991,-1.82,36.53,0.16,0.0365,2.2014,12.04,25509.79,7.57,93.42,7.891,-0,-0.9997,145.68,136.21,147.88,24.96,Cornering,"Hoosier 43075 16x7.5-10 R20, 7 inch rim",15375
78.45,654.746,-6.56,-449,-205.05,4,-2.19,36.03,0.16,0.032,2.1897,12.09,25506.08,7.56,93.39,7.854,-0,-0.9997,145.7,136.28,147.8,24.95,Cornering,"Hoosier 43075 16x7.5-10 R20, 7 inch rim",15376
78.46,654.756,-5.38,-446.35,-204.54,3.985,-2,35.68,0.03,0.0263,2.1822,12.17,158598.11,7.57,93.4,7.808,-0,-1,145.63,136.35,147.67,24.95,Cornering,"Hoosier 43075 16x7.5-10 R20, 7 inch rim",15377
78.42,654.766,-4.59,-443.21,-203.18,4.003,-2.5,35.09,0.09,0.0226,2.1813,12.24,44003.41,7.56,93.43,7.774,-0,-0.9998,145.68,136.41,147.53,24.98,Cornering,"Hoosier 43075 16x7.5-10 R20, 7 inch rim",15378
78.43,654.776,-3.53,-439.9,-201.23,3.997,-2.78,35.38,0.09,0.0175,2.186,12.22,44049.17,7.56,93.45,7.725,-0,-0.9998,145.8,136.48,147.53,25,Cornering,"Hoosier 43075 16x7.5-10 R20, 7 inch rim",15379
78.46,654.786,-3.41,-437.52,-199.62,3.998,-2.56,35.8,0.16,0.0171,2.1918,12.17,25587.79,7.56,93.44,7.673,-0,-0.9997,145.89,136.63,147.47,25.02,Cornering,"Hoosier 43075 16x7.5-10 R20, 7 inch rim",15380
78.44,654.796,-3.59,-436.77,-199.18,4,-1.86,36.89,0.16,0.018,2.1929,12.08,25584.1,7.56,93.43,7.635,-0,-0.9997,146.08,136.88,147.47,25.01,Cornering,"Hoosier 43075 16x7.5-10 R20, 7 inch rim",15381
78.42,654.806,-4.74,-437.34,-199.77,3.996,-1.01,37.85,0.16,0.0237,2.1892,11.99,25593.16,7.57,93.43,7.58,-0,-0.9997,146.26,137.07,147.51,25.02,Cornering,"Hoosier 43075 16x7.5-10 R20, 7 inch rim",15382
78.44,654.816,-6.7,-438.69,-200.67,3.998,-0.78,38.27,0.09,0.0334,2.1861,11.95,44065,7.56,93.42,7.566,-0,-0.9998,146.38,137.05,147.63,25,Cornering,"Hoosier 43075 16x7.5-10 R20, 7 inch rim",15383
78.45,654.826,-6.74,-440.93,-202.53,4.006,-0.98,39.94,0.16,0.0333,2.1771,11.98,25579.45,7.56,93.4,7.509,-0,-0.9997,146.38,136.99,147.71,25,Cornering,"Hoosier 43075 16x7.5-10 R20, 7 inch rim",15384
78.42,654.836,-6.71,-443.08,-204.6,3.981,-1.45,40.7,0.09,0.0328,2.1656,12.04,44084.74,7.57,93.42,7.469,-0,-0.9998,146.32,136.68,147.8,25.01,Cornering,"Hoosier 43075 16x7.5-10 R20, 7 inch rim",15385
78.42,654.846,-6.2,-444.42,-206.16,3.996,-1.82,41.09,-0.04,0.0301,2.1557,12.08,-98902.45,7.56,93.44,7.424,-0,-1.0001,146.17,136.57,147.82,25.01,Cornering,"Hoosier 43075 16x7.5-10 R20, 7 inch rim",15386
78.44,654.856,-4.54,-444.51,-207.44,4.004,-2.1,41.6,0.09,0.0219,2.1429,12.11,44103.27,7.56,93.46,7.383,-0,-0.9998,146.13,136.59,147.8,25.01,Cornering,"Hoosier 43075 16x7.5-10 R20, 7 inch rim",15387
78.44,654.866,-3.57,-442.32,-207.07,3.99,-1.91,40.72,0.03,0.0172,2.1361,12.08,159129.77,7.57,93.45,7.35,-0,-1,146.04,136.61,147.69,25.01,Cornering,"Hoosier 43075 16x7.5-10 R20, 7 inch rim",15388
78.4,654.876,-2.62,-438.69,-205.88,4,-2.2,39.89,0.09,0.0127,2.1308,12.02,44089.94,7.56,93.42,7.308,-0,-0.9998,146.15,136.74,147.55,25,Cornering,"Hoosier 43075 16x7.5-10 R20, 7 inch rim",15389
78.43,654.886,-1.93,-434.76,-203.96,3.997,-2.15,39.49,0.03,0.0095,2.1316,11.97,158969.92,7.56,93.38,7.278,-0,-1,146.11,136.76,147.53,24.98,Cornering,"Hoosier 43075 16x7.5-10 R20, 7 inch rim",15390
78.44,654.896,-2.11,-432.07,-202.11,3.993,-2.49,38.99,0.16,0.0104,2.1378,11.99,25553.84,7.57,93.34,7.222,-0,-0.9997,146.17,136.81,147.49,24.96,Cornering,"Hoosier 43075 16x7.5-10 R20, 7 inch rim",15391
78.41,654.906,-3.08,-430.4,-201.58,4.001,-1.38,39.11,0.16,0.0153,2.1351,12.04,25531.66,7.56,93.32,7.194,-0,-0.9997,146.21,136.96,147.45,24.94,Cornering,"Hoosier 43075 16x7.5-10 R20, 7 inch rim",15392
78.4,654.916,-4.51,-430.24,-201.43,3.994,-1.09,39.69,0.16,0.0224,2.1359,12.1,25521.11,7.57,93.28,7.169,-0,-0.9997,146.32,137.14,147.49,24.93,Cornering,"Hoosier 43075 16x7.5-10 R20, 7 inch rim",15393
78.43,654.926,-6.62,-431.39,-203.19,4.003,-0.15,39.96,0.09,0.0326,2.1231,12.14,43994.93,7.56,93.25,7.122,-0,-0.9998,146.38,137.18,147.53,24.94,Cornering,"Hoosier 43075 16x7.5-10 R20, 7 inch rim",15394
78.44,654.936,-7.86,-433.15,-204.83,4,-0.29,40.62,0.09,0.0383,2.1146,12.12,44007.39,7.56,93.21,7.098,-0,-0.9998,146.43,137.05,147.55,24.94,Cornering,"Hoosier 43075 16x7.5-10 R20, 7 inch rim",15395
78.4,654.946,-8.36,-435.38,-206.21,3.987,-1.57,41.19,0.09,0.0405,2.1114,12.05,44033.22,7.57,93.18,7.039,-0,-0.9998,146.36,136.74,147.61,24.96,Cornering,"Hoosier 43075 16x7.5-10 R20, 7 inch rim",15396
78.42,654.956,-8.24,-437.62,-208.43,4.006,-1.97,41.32,0.09,0.0395,2.0996,11.97,44076.22,7.56,93.18,7.016,-0,-0.9998,146.3,136.54,147.63,24.98,Cornering,"Hoosier 43075 16x7.5-10 R20, 7 inch rim",15397
78.44,654.966,-8,-438.34,-209.18,4.003,-2.33,40.35,0.09,0.0382,2.0955,11.92,44120.64,7.56,93.19,6.977,-0,-0.9998,146.23,136.48,147.61,25,Cornering,"Hoosier 43075 16x7.5-10 R20, 7 inch rim",15398
78.41,654.976,-7.2,-437.1,-209.13,4.003,-2.83,39.16,0.16,0.0344,2.0901,11.9,25611.19,7.56,93.23,6.926,-0,-0.9997,146.23,136.5,147.55,25,Cornering,"Hoosier 43075 16x7.5-10 R20, 7 inch rim",15399
78.4,654.986,-6.05,-433.56,-208.18,3.994,-2.33,38.32,0.09,0.0291,2.0826,11.96,44128.89,7.56,93.26,6.886,-0,-0.9998,146.23,136.54,147.43,25,Cornering,"Hoosier 43075 16x7.5-10 R20, 7 inch rim",15400
78.44,654.996,-5.23,-429.64,-206.61,4.006,-2.52,37.58,0.16,0.0253,2.0795,12.04,25597.09,7.56,93.31,6.854,-0,-0.9997,146.21,136.59,147.33,24.98,Cornering,"Hoosier 43075 16x7.5-10 R20, 7 inch rim",15401
78.44,655.006,-4.61,-426.13,-205.31,4.003,-2.1,37.68,0.09,0.0225,2.0756,12.11,44136.02,7.56,93.36,6.806,-0,-0.9998,146.21,136.59,147.31,25,Cornering,"Hoosier 43075 16x7.5-10 R20, 7 inch rim",15402
78.4,655.016,-4.72,-423.57,-203.69,3.991,-2.2,38.4,0.16,0.0232,2.0794,12.11,25625.54,7.57,93.37,6.763,-0,-0.9997,146.19,136.74,147.29,25.01,Cornering,"Hoosier 43075 16x7.5-10 R20, 7 inch rim",15403
78.41,655.026,-5.42,-422.78,-204,3.996,-1.29,39.51,0.09,0.0266,2.0724,12.08,44184.11,7.56,93.4,6.724,-0,-0.9998,146.26,136.94,147.29,25.03,Cornering,"Hoosier 43075 16x7.5-10 R20, 7 inch rim",15404
78.43,655.036,-6.43,-423.08,-204.96,4.015,-1.05,40.99,0.09,0.0314,2.0641,12.01,44156.9,7.56,93.41,6.684,-0,-0.9998,146.34,137.03,147.29,25.01,Cornering,"Hoosier 43075 16x7.5-10 R20, 7 inch rim",15405
78.41,655.046,-7.36,-424.36,-206.28,3.997,-1.65,42.15,0.09,0.0357,2.0572,11.92,44149.39,7.56,93.44,6.652,-0,-0.9998,146.41,136.92,147.35,25,Cornering,"Hoosier 43075 16x7.5-10 R20, 7 inch rim",15406
78.4,655.056,-8.03,-426.13,-208.3,4.004,-2.3,42.97,0.16,0.0386,2.0457,11.92,25609.63,7.56,93.46,6.607,-0,-0.9997,146.34,136.68,147.43,24.98,Cornering,"Hoosier 43075 16x7.5-10 R20, 7 inch rim",15407
78.42,655.066,-7.73,-427.71,-210.09,3.996,-3.02,43.86,0.09,0.0368,2.0359,11.95,44116.41,7.57,93.49,6.559,-0,-0.9998,146.13,136.43,147.45,24.98,Cornering,"Hoosier 43075 16x7.5-10 R20, 7 inch rim",15408
78.42,655.076,-7.28,-427.93,-211.73,4.003,-2.47,43.77,0.16,0.0344,2.0211,12.06,25607.72,7.56,93.46,6.525,-0,-0.9997,146.02,136.28,147.45,24.98,Cornering,"Hoosier 43075 16x7.5-10 R20, 7 inch rim",15409
78.4,655.086,-6.31,-427.3,-211.76,3.998,-3.06,43.56,0.16,0.0298,2.0179,12.11,25610.03,7.56,93.48,6.478,-0,-0.9997,145.91,136.26,147.31,24.98,Cornering,"Hoosier 43075 16x7.5-10 R20, 7 inch rim",15410
78.41,655.096,-4.7,-424.38,-211,3.996,-2.84,43.47,0.16,0.0223,2.0113,12.14,25635.53,7.57,93.48,6.442,-0,-0.9997,145.85,136.32,147.15,25,Cornering,"Hoosier 43075 16x7.5-10 R20, 7 inch rim",15411
78.43,655.106,-4,-420.44,-209.52,4.001,-2.74,42.79,0.03,0.0191,2.0067,12.11,159438.53,7.56,93.49,6.39,-0,-1,145.76,136.35,147.05,25.01,Cornering,"Hoosier 43075 16x7.5-10 R20, 7 inch rim",15412
78.4,655.116,-3.16,-416.67,-207.44,3.993,-3.14,42.79,0.09,0.0153,2.0086,12.03,44174,7.57,93.49,6.36,-0,-0.9998,145.68,136.28,146.95,25,Cornering,"Hoosier 43075 16x7.5-10 R20, 7 inch rim",15413
78.38,655.126,-3.21,-413.79,-206.28,3.994,-2.94,43.07,0.16,0.0155,2.0059,11.94,25641.44,7.57,93.52,6.319,-0,-0.9997,145.63,136.35,146.95,25,Cornering,"Hoosier 43075 16x7.5-10 R20, 7 inch rim",15414
78.41,655.136,-4.25,-411.8,-205.52,3.988,-2.8,43.31,0.09,0.0207,2.0037,11.89,44159.84,7.57,93.49,6.283,-0,-0.9998,145.63,136.48,146.95,24.99,Cornering,"Hoosier 43075 16x7.5-10 R20, 7 inch rim",15415
78.43,655.146,-5.19,-411.67,-205.7,3.998,-3.33,44.27,0.23,0.0252,2.0013,11.93,18052.5,7.57,93.51,6.247,-0,-0.9996,145.65,136.59,146.99,24.98,Cornering,"Hoosier 43075 16x7.5-10 R20, 7 inch rim",15416
78.4,655.156,-6.97,-411.91,-206.82,3.997,-3.53,44.36,0.16,0.0337,1.9916,12,25634.86,7.57,93.51,6.206,-0,-0.9997,145.68,136.54,147.03,24.99,Cornering,"Hoosier 43075 16x7.5-10 R20, 7 inch rim",15417
78.4,655.166,-8.17,-412.25,-208.96,4,-3.09,44.6,0.09,0.0391,1.9729,12.06,44168.83,7.57,93.51,6.171,-0,-0.9998,145.59,136.28,147.07,24.99,Cornering,"Hoosier 43075 16x7.5-10 R20, 7 inch rim",15418
78.43,655.176,-8.4,-413.02,-211.53,4,-3.04,44.98,0.09,0.0397,1.9526,12.05,44141.96,7.57,93.55,6.123,-0,-0.9998,145.42,136.04,147.05,24.97,Cornering,"Hoosier 43075 16x7.5-10 R20, 7 inch rim",15419
78.42,655.186,-7.62,-413.11,-212.51,3.998,-3.18,45.35,0.03,0.0359,1.944,12.02,159269.73,7.57,93.58,6.081,-0,-1,145.16,135.88,147.05,24.97,Cornering,"Hoosier 43075 16x7.5-10 R20, 7 inch rim",15420
78.39,655.196,-6.87,-412.39,-213.99,3.998,-2.44,44.9,0.09,0.0321,1.9271,11.94,44116.51,7.57,93.64,6.055,-0,-0.9998,145.08,135.88,146.93,24.96,Cornering,"Hoosier 43075 16x7.5-10 R20, 7 inch rim",15421
78.41,655.206,-5.77,-409.97,-213.4,4.015,-2.64,44.06,0.16,0.027,1.9211,11.93,25596.2,7.57,93.7,6.011,-0,-0.9997,144.93,135.86,146.74,24.94,Cornering,"Hoosier 43075 16x7.5-10 R20, 7 inch rim",15422
78.43,655.216,-5.4,-406.6,-212.14,4.006,-2.63,42.53,0.09,0.0255,1.9167,11.95,44101.79,7.57,93.76,5.981,-0,-0.9998,144.86,135.93,146.66,24.94,Cornering,"Hoosier 43075 16x7.5-10 R20, 7 inch rim",15423
78.4,655.226,-5.3,-402.39,-209.79,4.001,-3.04,41.44,0.16,0.0253,1.9181,12.02,25605.91,7.57,93.77,5.927,-0,-0.9997,144.82,135.97,146.6,24.95,Cornering,"Hoosier 43075 16x7.5-10 R20, 7 inch rim",15424
78.39,655.236,-5.28,-398.64,-207.61,3.996,-3.91,41.17,0.09,0.0254,1.9201,12.1,44098.87,7.58,93.76,5.885,-0,-0.9998,144.77,135.93,146.58,24.94,Cornering,"Hoosier 43075 16x7.5-10 R20, 7 inch rim",15425
78.42,655.246,-5.62,-395.91,-206.51,3.997,-4.11,42,0.16,0.0272,1.9172,12.14,25603.49,7.58,93.78,5.846,-0,-0.9997,144.75,136.06,146.52,24.94,Cornering,"Hoosier 43075 16x7.5-10 R20, 7 inch rim",15426
78.42,655.256,-6.77,-394.4,-205.64,3.985,-4.8,42.81,0.09,0.0329,1.9179,12.14,44135.65,7.58,93.78,5.805,-0,-0.9998,144.86,136.24,146.56,24.96,Cornering,"Hoosier 43075 16x7.5-10 R20, 7 inch rim",15427
78.39,655.266,-8.28,-393.72,-206.94,3.997,-4.02,43.63,0.23,0.04,1.9026,12.06,18055.26,7.58,93.77,5.763,-0,-0.9996,144.9,136.24,146.6,24.97,Cornering,"Hoosier 43075 16x7.5-10 R20, 7 inch rim",15428
78.4,655.276,-9.13,-393.46,-208.59,3.998,-3.6,44.56,0.09,0.0438,1.8863,11.98,44182.29,7.58,93.77,5.729,-0,-0.9998,144.9,136.08,146.64,24.98,Cornering,"Hoosier 43075 16x7.5-10 R20, 7 inch rim",15429
78.43,655.286,-9.34,-393.6,-211.13,3.996,-2.4,45.43,0.09,0.0442,1.8643,11.95,44195.28,7.58,93.77,5.692,-0,-0.9998,144.8,135.84,146.64,24.98,Cornering,"Hoosier 43075 16x7.5-10 R20, 7 inch rim",15430
78.4,655.296,-8.75,-394.28,-212.88,3.998,-2.83,46.1,0.23,0.0411,1.8521,11.96,18054.71,7.58,93.76,5.642,-0,-0.9996,144.67,135.66,146.6,24.96,Cornering,"Hoosier 43075 16x7.5-10 R20, 7 inch rim",15431
78.38,655.306,-7.42,-393.58,-214.08,4,-2.37,46.61,0.16,0.0347,1.8385,12,25631.32,7.58,93.78,5.613,-0,-0.9997,144.43,135.49,146.54,24.96,Cornering,"Hoosier 43075 16x7.5-10 R20, 7 inch rim",15432
78.41,655.316,-6.17,-392.05,-213.75,4.003,-3.15,46.16,0.03,0.0288,1.8342,12.07,159336.67,7.58,93.83,5.56,-0,-1,144.32,135.49,146.42,24.96,Cornering,"Hoosier 43075 16x7.5-10 R20, 7 inch rim",15433
78.42,655.326,-5.17,-389.21,-211.99,3.997,-4.48,45.19,0.09,0.0244,1.836,12.12,44186.95,7.58,93.87,5.523,-0,-0.9998,144.22,135.51,146.26,24.97,Cornering,"Hoosier 43075 16x7.5-10 R20, 7 inch rim",15434
78.39,655.336,-4.23,-385.16,-209.72,3.998,-5.25,44.64,0.09,0.0202,1.8365,12.1,44219.84,7.59,93.87,5.493,-0,-0.9998,144.13,135.44,146.14,24.99,Cornering,"Hoosier 43075 16x7.5-10 R20, 7 inch rim",15435
78.4,655.346,-4.18,-381.11,-207.43,3.997,-6.01,44.29,0.16,0.0202,1.8373,12.05,25673.95,7.59,93.88,5.445,-0,-0.9997,144.11,135.4,146.08,25,Cornering,"Hoosier 43075 16x7.5-10 R20, 7 inch rim",15436
78.42,655.356,-4.27,-377.74,-206.63,4.003,-5.27,44.97,0.09,0.0206,1.8281,11.97,44205.75,7.59,93.93,5.401,-0,-0.9998,144.05,135.49,146,24.98,Cornering,"Hoosier 43075 16x7.5-10 R20, 7 inch rim",15437
78.4,655.366,-4.86,-375.26,-206.39,3.998,-4.51,46.24,0.09,0.0236,1.8182,11.92,44188.59,7.59,93.95,5.352,-0,-0.9998,144.05,135.62,145.98,24.97,Cornering,"Hoosier 43075 16x7.5-10 R20, 7 inch rim",15438
78.39,655.376,-6.79,-374.01,-206.62,4.001,-3.96,46.72,0.03,0.0328,1.8102,11.96,159283.38,7.59,94,5.331,-0,-1,144.05,135.64,146,24.94,Cornering,"Hoosier 43075 16x7.5-10 R20, 7 inch rim",15439
78.41,655.386,-8.38,-373.62,-207.66,3.996,-3.58,47.15,0.16,0.0404,1.7992,12.02,25603,7.59,94.02,5.284,-0,-0.9997,144.07,135.47,146.02,24.92,Cornering,"Hoosier 43075 16x7.5-10 R20, 7 inch rim",15440
78.41,655.396,-8.97,-374.09,-210.24,3.998,-3.45,47.95,0.03,0.0427,1.7793,12.11,159193.62,7.59,94.04,5.244,-0,-1,144,135.27,146.02,24.92,Cornering,"Hoosier 43075 16x7.5-10 R20, 7 inch rim",15441
78.39,655.406,-9.08,-374.42,-212.46,4.003,-3.14,48.24,0.23,0.0427,1.7623,12.18,18046.12,7.59,94.06,5.206,-0,-0.9996,143.81,135.05,145.98,24.93,Cornering,"Hoosier 43075 16x7.5-10 R20, 7 inch rim",15442
78.39,655.416,-8.7,-374.77,-214.4,4.004,-3.37,48.03,0.03,0.0406,1.748,12.19,159326.69,7.59,94.04,5.152,-0,-1,143.66,134.85,145.94,24.94,Cornering,"Hoosier 43075 16x7.5-10 R20, 7 inch rim",15443
78.42,655.426,-7.29,-373.82,-214.73,4.003,-4.04,48.02,0.16,0.034,1.7409,12.14,25633.29,7.59,94.05,5.116,-0,-0.9997,143.53,134.76,145.75,24.94,Cornering,"Hoosier 43075 16x7.5-10 R20, 7 inch rim",15444
78.4,655.436,-6.16,-371.69,-213.64,3.991,-5.64,46.96,0.09,0.0289,1.7398,12.06,44165.62,7.6,94.02,5.082,-0,-0.9998,143.4,134.76,145.59,24.94,Cornering,"Hoosier 43075 16x7.5-10 R20, 7 inch rim",15445
78.39,655.446,-5.09,-368.12,-211.62,4.006,-6.55,46.41,0.23,0.024,1.7395,11.98,18062.93,7.59,94.01,5.049,-0,-0.9996,143.25,134.78,145.45,24.95,Cornering,"Hoosier 43075 16x7.5-10 R20, 7 inch rim",15446
78.41,655.456,-4.75,-363.92,-209.08,4,-7.05,45.8,0.09,0.0227,1.7406,11.98,44211.47,7.6,93.99,5.007,-0,-0.9998,143.19,134.76,145.29,24.97,Cornering,"Hoosier 43075 16x7.5-10 R20, 7 inch rim",15447
78.42,655.466,-4.9,-359.7,-207.36,4.015,-6.52,46.1,0.03,0.0236,1.7346,12.03,159630.69,7.6,93.95,4.96,-0,-1,143.1,134.76,145.21,24.98,Cornering,"Hoosier 43075 16x7.5-10 R20, 7 inch rim",15448
78.39,655.476,-5.81,-356.32,-206.17,3.997,-5.6,46.72,0.09,0.0282,1.7282,12.09,44236.64,7.6,93.94,4.934,-0,-0.9998,143.1,134.92,145.15,24.98,Cornering,"Hoosier 43075 16x7.5-10 R20, 7 inch rim",15449
78.39,655.486,-7.18,-354.3,-206.25,4.001,-4.7,47.63,0.16,0.0348,1.7178,12.16,25689.14,7.6,93.91,4.896,-0,-0.9997,143.08,135.07,145.11,24.99,Cornering,"Hoosier 43075 16x7.5-10 R20, 7 inch rim",15450
78.42,655.496,-8.81,-353.76,-207.36,3.998,-4.37,48.15,0.16,0.0425,1.706,12.14,25696.75,7.6,93.88,4.85,-0,-0.9997,143.1,134.96,145.11,25,Cornering,"Hoosier 43075 16x7.5-10 R20, 7 inch rim",15451
78.41,655.506,-9.91,-354.11,-209.04,3.993,-4.65,48.62,0.09,0.0474,1.6939,12.09,44285.71,7.6,93.85,4.805,-0,-0.9998,143.02,134.78,145.03,25,Cornering,"Hoosier 43075 16x7.5-10 R20, 7 inch rim",15452
78.38,655.516,-9.55,-354.42,-211.6,3.997,-4.22,49.63,0.09,0.0451,1.675,11.99,44277.72,7.6,93.8,4.768,-0,-0.9998,142.84,134.52,144.97,25,Cornering,"Hoosier 43075 16x7.5-10 R20, 7 inch rim",15453
78.4,655.526,-8.77,-354.74,-213.91,3.993,-4.52,49.99,0.09,0.041,1.6583,11.92,44280.5,7.61,93.78,4.722,-0,-0.9998,142.59,134.32,144.95,25,Cornering,"Hoosier 43075 16x7.5-10 R20, 7 inch rim",15454
78.42,655.536,-7.95,-354.53,-215.18,4.004,-5.28,49.39,0.16,0.0369,1.6476,11.93,25672.72,7.6,93.73,4.687,-0,-0.9997,142.46,134.23,144.85,24.97,Cornering,"Hoosier 43075 16x7.5-10 R20, 7 inch rim",15455
78.4,655.546,-6.64,-352.42,-214.1,4.003,-6.55,48.71,0.16,0.031,1.6461,11.96,25662.13,7.6,93.69,4.648,-0,-0.9997,142.29,134.17,144.78,24.96,Cornering,"Hoosier 43075 16x7.5-10 R20, 7 inch rim",15456
78.39,655.556,-5.83,-348.94,-212.43,3.998,-7.09,47.7,0.09,0.0275,1.6426,12.01,44204.9,7.61,93.71,4.612,-0,-0.9998,142.16,134.17,144.68,24.95,Cornering,"Hoosier 43075 16x7.5-10 R20, 7 inch rim",15457
78.41,655.566,-5.02,-344.61,-209.78,3.998,-7.67,47.22,0.03,0.0239,1.6427,12.06,159680.83,7.61,93.76,4.562,-0,-1,142.05,134.15,144.62,24.97,Cornering,"Hoosier 43075 16x7.5-10 R20, 7 inch rim",15458
78.41,655.576,-5.33,-339.61,-207.49,3.998,-7.08,46.99,0.09,0.0257,1.6367,12.09,44281.7,7.61,93.77,4.528,-0,-0.9998,141.99,134.15,144.56,24.99,Cornering,"Hoosier 43075 16x7.5-10 R20, 7 inch rim",15459
78.37,655.586,-6,-335.22,-205.66,3.997,-6.35,47.83,0.23,0.0292,1.63,12.06,18118.56,7.61,93.79,4.5,-0,-0.9996,141.99,134.23,144.64,25.01,Cornering,"Hoosier 43075 16x7.5-10 R20, 7 inch rim",15460
78.4,655.596,-7.66,-332.44,-205.44,4.001,-5.31,48.36,0.03,0.0373,1.6182,11.99,159925.72,7.61,93.81,4.453,-0,-1,142.03,134.32,144.7,25.01,Cornering,"Hoosier 43075 16x7.5-10 R20, 7 inch rim",15461
78.42,655.606,-9.12,-331.16,-206.14,4.007,-5.08,49.25,0.09,0.0442,1.6065,11.93,44298.56,7.61,93.8,4.412,-0,-0.9998,142.05,134.23,144.72,25,Cornering,"Hoosier 43075 16x7.5-10 R20, 7 inch rim",15462
78.39,655.616,-10.37,-331.08,-207.62,4.009,-5.69,49.88,-0.04,0.05,1.5947,11.92,-99331.38,7.61,93.79,4.372,-0,-1.0001,142.01,134.01,144.68,24.98,Cornering,"Hoosier 43075 16x7.5-10 R20, 7 inch rim",15463
78.38,655.626,-10.68,-331.49,-210.66,3.997,-5.28,50.38,0.09,0.0507,1.5736,11.97,44272.19,7.61,93.77,4.331,-0,-0.9998,141.94,133.71,144.72,24.98,Cornering,"Hoosier 43075 16x7.5-10 R20, 7 inch rim",15464
78.41,655.636,-10.01,-331.66,-213.08,4,-5.79,51.06,0.09,0.047,1.5565,12.05,44264.34,7.61,93.72,4.287,-0,-0.9998,141.81,133.46,144.64,24.97,Cornering,"Hoosier 43075 16x7.5-10 R20, 7 inch rim",15465
78.41,655.646,-8.81,-331.84,-215.1,3.997,-6.32,51.1,0.03,0.041,1.5427,12.17,159742.69,7.62,93.7,4.256,-0,-1,141.66,133.29,144.58,24.97,Cornering,"Hoosier 43075 16x7.5-10 R20, 7 inch rim",15466
78.38,655.656,-7.71,-330.19,-214.37,4.001,-7.62,50.2,0.16,0.036,1.5402,12.19,25688.43,7.61,93.67,4.207,-0,-0.9997,141.56,133.31,144.46,24.97,Cornering,"Hoosier 43075 16x7.5-10 R20, 7 inch rim",15467
78.39,655.666,-6.53,-326.86,-212.88,4,-8.06,49.3,0.16,0.0307,1.5354,12.14,25683.22,7.62,93.66,4.183,-0,-0.9997,141.34,133.22,144.36,24.96,Cornering,"Hoosier 43075 16x7.5-10 R20, 7 inch rim",15468
78.42,655.676,-5.9,-322.65,-210.69,4.004,-8.1,48.47,0.03,0.028,1.5314,12.08,159727.28,7.62,93.64,4.142,-0,-1,141.23,133.18,144.22,24.97,Cornering,"Hoosier 43075 16x7.5-10 R20, 7 inch rim",15469
78.4,655.686,-5.8,-317.11,-207.31,4.001,-8.23,48.22,0.09,0.028,1.5296,11.98,44223.43,7.62,93.61,4.089,-0,-0.9998,141.15,133.11,144.2,24.94,Cornering,"Hoosier 43075 16x7.5-10 R20, 7 inch rim",15470
78.38,655.696,-6.44,-312.22,-205.67,3.997,-7.27,48.64,-0.04,0.0313,1.5181,11.94,-99231.73,7.62,93.59,4.048,-0,-1.0001,141.08,133.13,144.14,24.95,Cornering,"Hoosier 43075 16x7.5-10 R20, 7 inch rim",15471
78.41,655.706,-7.39,-308.21,-205.13,3.998,-5.78,49.72,0.09,0.036,1.5025,11.96,44226.58,7.62,93.61,4.028,-0,-0.9998,141.04,133.22,144.12,24.94,Cornering,"Hoosier 43075 16x7.5-10 R20, 7 inch rim",15472
78.41,655.716,-8.8,-306.19,-205.5,4.006,-6.04,50.73,0.09,0.0428,1.49,12.05,44229.54,7.62,93.62,3.969,-0,-0.9998,141.11,133.24,144.08,24.94,Cornering,"Hoosier 43075 16x7.5-10 R20, 7 inch rim",15473
78.38,655.726,-10.29,-305.6,-206.94,3.987,-6.63,51.31,0.09,0.0497,1.4767,12.11,44242.09,7.63,93.63,3.923,-0,-0.9998,141.04,133.05,144.08,24.95,Cornering,"Hoosier 43075 16x7.5-10 R20, 7 inch rim",15474
78.4,655.736,-11.1,-305.61,-209.73,3.998,-6.89,51.89,0.09,0.0529,1.4572,12.11,44263.84,7.63,93.61,3.899,-0,-0.9998,140.98,132.8,144.02,24.96,Cornering,"Hoosier 43075 16x7.5-10 R20, 7 inch rim",15475
78.41,655.746,-10.5,-306.24,-212.27,3.998,-8.32,52.75,0.03,0.0495,1.4427,12.06,159855.08,7.63,93.59,3.847,-0,-1,140.89,132.58,143.98,24.98,Cornering,"Hoosier 43075 16x7.5-10 R20, 7 inch rim",15476
78.4,655.756,-9.72,-305.64,-214.3,3.998,-8.32,52.81,0.09,0.0454,1.4262,11.99,44329.75,7.63,93.57,3.812,-0,-0.9998,140.72,132.47,143.92,25,Cornering,"Hoosier 43075 16x7.5-10 R20, 7 inch rim",15477
78.38,655.766,-8.47,-304.05,-214.47,3.987,-8.92,52.29,0.03,0.0395,1.4177,11.92,160054.14,7.63,93.56,3.769,-0,-1,140.57,132.45,143.79,25.01,Cornering,"Hoosier 43075 16x7.5-10 R20, 7 inch rim",15478
78.4,655.776,-6.98,-300.91,-213.26,4.009,-9.35,51.77,0.23,0.0327,1.411,11.9,18139.13,7.63,93.56,3.731,-0,-0.9996,140.44,132.41,143.67,25.01,Cornering,"Hoosier 43075 16x7.5-10 R20, 7 inch rim",15479
78.43,655.786,-6.29,-296.53,-210.83,3.998,-9.39,50.73,0.09,0.0298,1.4065,11.92,44345.83,7.63,93.56,3.689,-0,-0.9998,140.38,132.43,143.59,25,Cornering,"Hoosier 43075 16x7.5-10 R20, 7 inch rim",15480
78.39,655.796,-6.11,-290.65,-208.09,4.009,-8.39,50.03,0.16,0.0294,1.3968,11.99,25733.95,7.63,93.59,3.661,-0,-0.9997,140.27,132.45,143.53,25,Cornering,"Hoosier 43075 16x7.5-10 R20, 7 inch rim",15481
78.39,655.806,-6.49,-285.45,-206.15,3.994,-7.69,49.92,0.09,0.0315,1.3847,12.09,44349.43,7.63,93.63,3.61,-0,-0.9998,140.21,132.52,143.51,25,Cornering,"Hoosier 43075 16x7.5-10 R20, 7 inch rim",15482
78.42,655.816,-7.16,-281.19,-204.64,3.991,-7.72,50.74,0.09,0.035,1.3741,12.14,44371.8,7.63,93.62,3.57,-0,-0.9998,140.21,132.65,143.51,25.01,Cornering,"Hoosier 43075 16x7.5-10 R20, 7 inch rim",15483
78.41,655.826,-8.73,-278.1,-204.8,4.003,-7.93,51.3,0.16,0.0426,1.358,12.16,25767.31,7.63,93.62,3.527,-0,-0.9997,140.29,132.65,143.51,25.03,Cornering,"Hoosier 43075 16x7.5-10 R20, 7 inch rim",15484
78.38,655.836,-10.04,-276.43,-206.09,3.984,-7.97,51.93,0.09,0.0487,1.3413,12.09,44416.72,7.64,93.64,3.484,-0,-0.9998,140.23,132.52,143.51,25.04,Cornering,"Hoosier 43075 16x7.5-10 R20, 7 inch rim",15485
78.4,655.846,-10.93,-275.69,-208.74,4,-8.69,52.37,0.09,0.0523,1.3208,12.01,44387.98,7.64,93.65,3.435,-0,-0.9998,140.16,132.21,143.45,25.02,Cornering,"Hoosier 43075 16x7.5-10 R20, 7 inch rim",15486
78.42,655.856,-10.92,-275.52,-211.57,4,-9.24,52.87,0.09,0.0516,1.3022,11.93,44338.14,7.64,93.67,3.398,-0,-0.9998,140.03,131.9,143.39,24.99,Cornering,"Hoosier 43075 16x7.5-10 R20, 7 inch rim",15487
78.39,655.866,-10.44,-274.58,-214.13,4.001,-9.59,52.85,0.16,0.0488,1.2823,11.92,25711.62,7.64,93.7,3.366,-0,-0.9997,139.9,131.77,143.27,24.97,Cornering,"Hoosier 43075 16x7.5-10 R20, 7 inch rim",15488
78.38,655.876,-9.07,-272.65,-215.03,4,-9.59,52.63,-0.04,0.0422,1.268,11.97,-99329.55,7.64,93.75,3.326,-0,-1.0001,139.8,131.7,143.13,24.96,Cornering,"Hoosier 43075 16x7.5-10 R20, 7 inch rim",15489
78.42,655.886,-7.62,-269.6,-214.06,3.998,-9.97,52.1,0.09,0.0356,1.2595,12.08,44260.34,7.64,93.77,3.29,-0,-0.9998,139.6,131.61,142.99,24.94,Cornering,"Hoosier 43075 16x7.5-10 R20, 7 inch rim",15490
78.41,655.896,-6.75,-265.22,-211.6,3.987,-9.81,50.85,0.16,0.0319,1.2534,12.14,25702.88,7.64,93.76,3.232,-0,-0.9997,139.48,131.57,142.84,24.96,Cornering,"Hoosier 43075 16x7.5-10 R20, 7 inch rim",15491
78.38,655.906,-6.33,-260.12,-208.57,3.985,-9.93,50.28,0.16,0.0303,1.2472,12.11,25691.54,7.64,93.79,3.206,-0,-0.9997,139.37,131.55,142.66,24.94,Cornering,"Hoosier 43075 16x7.5-10 R20, 7 inch rim",15492
78.4,655.916,-6.17,-254.86,-206.12,3.996,-9.84,50.48,0.03,0.0299,1.2365,12.06,159740.45,7.64,93.8,3.163,-0,-1,139.28,131.55,142.56,24.94,Cornering,"Hoosier 43075 16x7.5-10 R20, 7 inch rim",15493
78.42,655.926,-7.15,-250.1,-205.18,4,-9.37,50.72,0.09,0.0349,1.2189,11.95,44246.52,7.64,93.85,3.12,-0,-0.9998,139.28,131.7,142.52,24.93,Cornering,"Hoosier 43075 16x7.5-10 R20, 7 inch rim",15494
78.4,655.936,-8.69,-246.72,-204.75,4,-9.55,51.15,0.03,0.0424,1.205,11.89,159674.62,7.64,93.89,3.103,-0,-1,139.24,131.79,142.46,24.93,Cornering,"Hoosier 43075 16x7.5-10 R20, 7 inch rim",15495
78.39,655.946,-10.22,-244.17,-205.68,3.997,-9.64,51.56,0.09,0.0497,1.1871,11.86,44258.94,7.65,93.94,3.064,-0,-0.9998,139.24,131.72,142.44,24.94,Cornering,"Hoosier 43075 16x7.5-10 R20, 7 inch rim",15496
78.41,655.956,-11.43,-242.93,-207.87,3.985,-10.22,51.94,0.09,0.055,1.1687,11.93,44291.57,7.65,93.95,3.017,-0,-0.9998,139.2,131.48,142.34,24.96,Cornering,"Hoosier 43075 16x7.5-10 R20, 7 inch rim",15497
78.42,655.966,-11.73,-241.49,-210.97,3.985,-10.22,52.34,0.03,0.0556,1.1447,12,159876.48,7.65,93.92,2.983,-0,-1,139.11,131.13,142.26,24.96,Cornering,"Hoosier 43075 16x7.5-10 R20, 7 inch rim",15498
78.38,655.976,-11.84,-240.29,-213.39,4.006,-10.42,52.05,0.23,0.0555,1.1261,12.06,18110.46,7.65,93.89,2.944,-0,-0.9996,138.96,130.91,142.12,24.96,Cornering,"Hoosier 43075 16x7.5-10 R20, 7 inch rim",15499
78.4,655.986,-11.1,-238.18,-214.49,3.993,-10.53,51.52,0.09,0.0518,1.1104,12.08,44337.14,7.65,93.9,2.895,-0,-0.9998,138.83,130.82,142.04,24.98,Cornering,"Hoosier 43075 16x7.5-10 R20, 7 inch rim",15500
78.42,655.996,-9.3,-235.6,-214.01,4.009,-11.36,51.25,0.09,0.0435,1.1009,12.03,44348.34,7.65,93.86,2.87,-0,-0.9998,138.72,130.78,141.85,24.98,Cornering,"Hoosier 43075 16x7.5-10 R20, 7 inch rim",15501
78.4,656.006,-8.83,-231.67,-211.85,3.998,-11.89,49.41,0.16,0.0417,1.0936,11.96,25765.49,7.65,93.88,2.822,-0,-0.9997,138.55,130.76,141.77,25.01,Cornering,"Hoosier 43075 16x7.5-10 R20, 7 inch rim",15502
78.38,656.016,-8.33,-226.89,-208.7,3.994,-12.49,48.32,0.03,0.0399,1.0872,11.9,160272.47,7.65,93.86,2.789,-0,-1,138.32,130.76,141.67,25.02,Cornering,"Hoosier 43075 16x7.5-10 R20, 7 inch rim",15503
78.41,656.026,-8.4,-221.43,-206.73,4.004,-11.83,47.46,0.03,0.0406,1.0711,11.92,160313.98,7.65,93.82,2.754,-0,-1,138.27,130.76,141.59,25.03,Cornering,"Hoosier 43075 16x7.5-10 R20, 7 inch rim",15504
78.41,656.036,-8.83,-215.97,-204.49,3.998,-12.02,47.78,-0.04,0.0432,1.0561,11.97,-99658.28,7.65,93.81,2.705,-0,-1.0001,138.21,130.87,141.49,25.03,Cornering,"Hoosier 43075 16x7.5-10 R20, 7 inch rim",15505
78.38,656.046,-10.27,-211.92,-204.54,3.996,-11.43,47.9,0.09,0.0502,1.036,12.03,44426.97,7.66,93.79,2.675,-0,-0.9998,138.23,130.95,141.45,25.03,Cornering,"Hoosier 43075 16x7.5-10 R20, 7 inch rim",15506
78.39,656.056,-11.23,-208.67,-204.81,4.006,-12.07,49.01,0.03,0.0548,1.0188,12.06,160367.53,7.65,93.79,2.615,-0,-1,138.19,130.84,141.45,25.03,Cornering,"Hoosier 43075 16x7.5-10 R20, 7 inch rim",15507
78.42,656.066,-11.86,-206.2,-206.8,4.001,-11.75,50.03,-0.04,0.0574,0.9971,12.03,-99736.72,7.66,93.79,2.577,-0,-1.0001,138.08,130.62,141.31,25.04,Cornering,"Hoosier 43075 16x7.5-10 R20, 7 inch rim",15508
78.4,656.076,-11.7,-204.19,-209.31,4.006,-12.11,51.17,-0.04,0.0559,0.9756,11.96,-99671.15,7.66,93.81,2.524,-0,-1.0001,138.08,130.29,141.29,25.03,Cornering,"Hoosier 43075 16x7.5-10 R20, 7 inch rim",15509
78.38,656.086,-11.52,-202.5,-211.53,4.004,-13.12,51.37,0.09,0.0545,0.9573,11.89,44432.93,7.66,93.81,2.484,-0,-0.9998,137.95,130.05,141.15,25.03,Cornering,"Hoosier 43075 16x7.5-10 R20, 7 inch rim",15510
78.4,656.096,-10.49,-200.19,-213.57,4,-12.9,51.47,0.16,0.0491,0.9373,11.87,25784.56,7.66,93.83,2.439,-0,-0.9997,137.8,129.85,141.11,25.02,Cornering,"Hoosier 43075 16x7.5-10 R20, 7 inch rim",15511
78.41,656.106,-9.22,-197.07,-213.57,3.996,-13.21,50.88,-0.04,0.0432,0.9227,11.89,-99634.12,7.66,93.85,2.387,-0,-1.0001,137.72,129.77,140.97,25.01,Cornering,"Hoosier 43075 16x7.5-10 R20, 7 inch rim",15512
78.38,656.116,-7.86,-193.48,-211.65,4.003,-13.98,50.34,0.03,0.0372,0.9141,11.99,160136.36,7.66,93.87,2.348,-0,-1,137.61,129.72,140.94,24.99,Cornering,"Hoosier 43075 16x7.5-10 R20, 7 inch rim",15513
78.39,656.126,-6.95,-188.67,-208.59,3.991,-14.17,49.53,0.03,0.0333,0.9045,12.07,160028.41,7.66,93.9,2.314,-0,-1,137.46,129.74,140.9,24.97,Cornering,"Hoosier 43075 16x7.5-10 R20, 7 inch rim",15514
78.41,656.136,-6.54,-183,-205.14,4.003,-14.5,49.3,0.09,0.0319,0.8921,12.09,44336.22,7.66,93.92,2.267,-0,-0.9998,137.31,129.68,140.84,24.97,Cornering,"Hoosier 43075 16x7.5-10 R20, 7 inch rim",15515
78.41,656.146,-6.85,-177.71,-203,4.007,-14.26,49.38,0.09,0.0338,0.8754,12.08,44336.95,7.66,93.94,2.24,-0,-0.9998,137.31,129.81,140.78,24.97,Cornering,"Hoosier 43075 16x7.5-10 R20, 7 inch rim",15516
78.38,656.156,-7.75,-172.27,-202.07,3.987,-12.76,49.85,0.16,0.0384,0.8525,12.01,25722.81,7.67,93.93,2.192,-0,-0.9997,137.29,129.94,140.78,24.96,Cornering,"Hoosier 43075 16x7.5-10 R20, 7 inch rim",15517
78.4,656.166,-8.84,-168.29,-201.99,4.01,-13,50.76,0.03,0.0438,0.8332,11.95,159895.47,7.66,93.94,2.151,-0,-1,137.33,129.96,140.76,24.95,Cornering,"Hoosier 43075 16x7.5-10 R20, 7 inch rim",15518
78.41,656.176,-10.37,-165.77,-202.87,4.015,-13.58,50.9,0.09,0.0511,0.8171,11.94,44288.74,7.66,93.96,2.114,-0,-0.9998,137.33,129.79,140.72,24.94,Cornering,"Hoosier 43075 16x7.5-10 R20, 7 inch rim",15519
78.39,656.186,-11.19,-163.52,-205.8,3.993,-13.35,50.66,0.16,0.0544,0.7945,11.97,25700.49,7.67,93.93,2.085,-0,-0.9997,137.18,129.55,140.58,24.93,Cornering,"Hoosier 43075 16x7.5-10 R20, 7 inch rim",15520
78.38,656.196,-11.14,-161.02,-208.43,3.991,-13.89,50.62,-0.04,0.0535,0.7725,12.03,-99331.63,7.67,93.93,2.035,-0,-1.0001,137.07,129.3,140.46,24.93,Cornering,"Hoosier 43075 16x7.5-10 R20, 7 inch rim",15521
78.41,656.206,-10.73,-158.62,-210.21,4.009,-14.72,49.91,0.09,0.051,0.7546,12.11,44301.56,7.66,93.92,2.009,-0,-0.9998,136.92,129.15,140.38,24.94,Cornering,"Hoosier 43075 16x7.5-10 R20, 7 inch rim",15522
78.41,656.216,-9.52,-155.74,-210.79,3.987,-15.32,49.14,0.09,0.0452,0.7389,12.15,44333.18,7.67,93.93,1.977,-0,-0.9998,136.86,129.02,140.28,24.96,Cornering,"Hoosier 43075 16x7.5-10 R20, 7 inch rim",15523
78.39,656.226,-8.41,-152.44,-209.21,3.994,-16.06,48.13,0.09,0.0402,0.7286,12.14,44323.73,7.67,93.93,1.94,-0,-0.9998,136.75,128.99,140.12,24.96,Cornering,"Hoosier 43075 16x7.5-10 R20, 7 inch rim",15524
78.4,656.236,-7.66,-148.07,-206.81,3.993,-15.95,46.69,0.16,0.0371,0.716,12.06,25732.86,7.67,93.92,1.9,-0,-0.9997,136.66,128.88,140.04,24.96,Cornering,"Hoosier 43075 16x7.5-10 R20, 7 inch rim",15525
78.42,656.246,-8,-142.98,-203.9,4.001,-15.68,45.16,0.03,0.0392,0.7012,11.95,159882.84,7.67,93.93,1.862,-0,-1,136.56,128.91,139.93,24.94,Cornering,"Hoosier 43075 16x7.5-10 R20, 7 inch rim",15526
78.4,656.256,-9.02,-137.63,-201.94,3.987,-14.58,43.97,0.09,0.0447,0.6815,11.89,44315.94,7.67,93.88,1.826,-0,-0.9998,136.49,128.97,139.83,24.95,Cornering,"Hoosier 43075 16x7.5-10 R20, 7 inch rim",15527
78.38,656.266,-10.67,-132.62,-200.37,3.997,-14.47,43.26,-0.04,0.0533,0.6619,11.89,-99436.27,7.67,93.88,1.788,-0,-1.0001,136.56,129.13,139.83,24.96,Cornering,"Hoosier 43075 16x7.5-10 R20, 7 inch rim",15528
78.41,656.276,-12.03,-128.45,-200.08,3.998,-14.7,43.4,0.09,0.0601,0.642,11.94,44328.08,7.67,93.93,1.735,-0,-0.9998,136.56,129.19,139.79,24.96,Cornering,"Hoosier 43075 16x7.5-10 R20, 7 inch rim",15529
78.42,656.286,-13.35,-125.59,-201.2,3.998,-15.28,43.76,0.09,0.0663,0.6242,12.02,44339.05,7.67,93.95,1.701,-0,-0.9998,136.56,129.1,139.71,24.96,Cornering,"Hoosier 43075 16x7.5-10 R20, 7 inch rim",15530
78.38,656.296,-14.44,-122.85,-202.94,4,-16.04,43.75,0.09,0.0711,0.6054,12.13,44340.06,7.67,93.97,1.648,-0,-0.9998,136.54,128.84,139.63,24.96,Cornering,"Hoosier 43075 16x7.5-10 R20, 7 inch rim",15531
78.4,656.306,-13.94,-120.04,-205.74,4.001,-16.26,44.75,0.09,0.0678,0.5834,12.14,44361.13,7.67,94,1.622,-0,-0.9998,136.41,128.55,139.49,24.97,Cornering,"Hoosier 43075 16x7.5-10 R20, 7 inch rim",15532
78.42,656.316,-13.11,-117.5,-208.51,3.987,-16.62,45.03,0.03,0.0629,0.5635,12.08,160051.91,7.68,94,1.572,-0,-1,136.39,128.31,139.39,24.97,Cornering,"Hoosier 43075 16x7.5-10 R20, 7 inch rim",15533
78.41,656.326,-11.62,-114.22,-209.26,3.997,-17.49,45.25,0.03,0.0555,0.5458,12.01,160054.42,7.67,94.02,1.532,-0,-1,136.26,128.11,139.29,24.97,Cornering,"Hoosier 43075 16x7.5-10 R20, 7 inch rim",15534
78.4,656.336,-10.11,-110.09,-208.43,4.004,-17.66,44.85,0.16,0.0485,0.5282,11.95,25731.33,7.67,94.03,1.505,-0,-0.9997,136.15,128.07,139.19,24.96,Cornering,"Hoosier 43075 16x7.5-10 R20, 7 inch rim",15535
78.42,656.346,-9.17,-105.54,-206.16,3.993,-18.01,43.92,0.03,0.0445,0.512,11.94,159910.66,7.67,94,1.451,-0,-1,136.06,127.96,139.11,24.94,Cornering,"Hoosier 43075 16x7.5-10 R20, 7 inch rim",15536
78.43,656.356,-8.36,-99.99,-203.38,4.007,-17.19,43.47,0.03,0.0411,0.4916,11.98,159838.78,7.67,93.96,1.408,-0,-1,135.94,127.92,138.98,24.93,Cornering,"Hoosier 43075 16x7.5-10 R20, 7 inch rim",15537
78.4,656.366,-8.14,-94.35,-201.15,3.998,-16.31,43.44,0.09,0.0405,0.469,12.06,44303.66,7.68,93.91,1.362,-0,-0.9998,135.81,127.98,138.92,24.94,Cornering,"Hoosier 43075 16x7.5-10 R20, 7 inch rim",15538
78.41,656.376,-8.77,-89.32,-199.79,4.004,-16.27,43.54,0.16,0.0439,0.4471,12.14,25714.97,7.68,93.88,1.332,-0,-0.9997,135.81,128.07,138.88,24.94,Cornering,"Hoosier 43075 16x7.5-10 R20, 7 inch rim",15539
78.43,656.386,-10.35,-84.53,-199.15,3.998,-16.26,43.4,0.09,0.052,0.4245,12.14,44325.28,7.68,93.87,1.29,-0,-0.9998,135.83,128.05,138.82,24.95,Cornering,"Hoosier 43075 16x7.5-10 R20, 7 inch rim",15540
78.42,656.396,-11.77,-80.48,-199.52,4,-16.91,43.42,0.16,0.059,0.4034,12.07,25745.56,7.68,93.86,1.243,-0,-0.9997,135.83,127.94,138.74,24.97,Cornering,"Hoosier 43075 16x7.5-10 R20, 7 inch rim",15541
78.4,656.406,-12.49,-77.42,-201.31,3.997,-17.72,43.79,0.03,0.0621,0.3846,11.99,160109.08,7.68,93.84,1.207,-0,-1,135.7,127.7,138.64,24.97,Cornering,"Hoosier 43075 16x7.5-10 R20, 7 inch rim",15542
78.42,656.416,-12.65,-74.36,-203.48,4.006,-19.23,44.02,0.09,0.0622,0.3654,11.92,44378.37,7.68,93.83,1.167,-0,-0.9998,135.59,127.43,138.46,24.98,Cornering,"Hoosier 43075 16x7.5-10 R20, 7 inch rim",15543
78.44,656.426,-12.18,-70.63,-205.68,3.997,-19.54,44.13,0.09,0.0592,0.3434,11.9,44368.6,7.68,93.83,1.123,-0,-0.9998,135.44,127.15,138.24,24.97,Cornering,"Hoosier 43075 16x7.5-10 R20, 7 inch rim",15544
78.4,656.436,-11.16,-66.67,-206.79,3.993,-19.93,43.88,0.09,0.0539,0.3224,11.92,44369.2,7.68,93.82,1.07,-0,-0.9998,135.4,126.95,138.03,24.97,Cornering,"Hoosier 43075 16x7.5-10 R20, 7 inch rim",15545
78.41,656.446,-9.9,-62.02,-206.68,4,-19.52,42.99,0.03,0.0479,0.3001,12.02,160301.61,7.68,93.82,1.047,-0,-1,135.38,126.82,137.85,25,Cornering,"Hoosier 43075 16x7.5-10 R20, 7 inch rim",15546
78.45,656.456,-9.04,-57.44,-204.96,3.99,-18.86,41.77,-0.04,0.0441,0.2802,12.07,-99647.94,7.68,93.8,1.004,-0,-1.0001,135.29,126.75,137.73,25,Cornering,"Hoosier 43075 16x7.5-10 R20, 7 inch rim",15547
78.44,656.466,-8.31,-52.64,-202.17,3.996,-18.48,40.68,0.09,0.0411,0.2604,12.1,44452.71,7.68,93.77,0.958,-0,-0.9998,135.18,126.62,137.63,25.02,Cornering,"Hoosier 43075 16x7.5-10 R20, 7 inch rim",15548
78.41,656.476,-8.5,-47.67,-199.93,4.009,-17.96,39.9,0.03,0.0425,0.2384,12.08,160380.31,7.68,93.71,0.922,-0,-1,135.14,126.73,137.51,25.01,Cornering,"Hoosier 43075 16x7.5-10 R20, 7 inch rim",15549
78.43,656.486,-8.91,-42.97,-197.68,3.996,-18.45,39.9,0.03,0.0451,0.2174,12.02,160307.09,7.68,93.66,0.886,-0,-1,135.12,126.86,137.39,25,Cornering,"Hoosier 43075 16x7.5-10 R20, 7 inch rim",15550
78.46,656.496,-10.22,-38.82,-197.01,3.994,-18.71,39.63,0.09,0.0519,0.1971,11.95,44381.57,7.68,93.6,0.848,-0,-0.9998,135.1,126.99,137.27,24.98,Cornering,"Hoosier 43075 16x7.5-10 R20, 7 inch rim",15551
78.44,656.506,-11.61,-34.67,-198.23,3.981,-17.95,39.49,-0.04,0.0585,0.1749,11.93,-99559.46,7.68,93.54,0.801,-0,-1.0001,135.06,126.97,137.21,24.98,Cornering,"Hoosier 43075 16x7.5-10 R20, 7 inch rim",15552
78.43,656.516,-12.76,-31.39,-199.26,3.997,-19.5,39.43,-0.04,0.0641,0.1575,11.97,-99513.77,7.68,93.48,0.768,-0,-1.0001,134.99,126.86,137.04,24.97,Cornering,"Hoosier 43075 16x7.5-10 R20, 7 inch rim",15553
78.46,656.526,-13.54,-27.9,-200.75,4.001,-21.13,39.08,0.16,0.0675,0.139,12.06,25766.42,7.68,93.44,0.722,-0,-0.9997,134.93,126.64,136.84,24.98,Cornering,"Hoosier 43075 16x7.5-10 R20, 7 inch rim",15554
78.46,656.536,-13.72,-23.8,-203.76,3.991,-20.52,38.42,0.03,0.0673,0.1168,12.17,160312,7.68,93.38,0.695,-0,-1,134.78,126.42,136.7,25,Cornering,"Hoosier 43075 16x7.5-10 R20, 7 inch rim",15555
78.43,656.546,-12.86,-18.95,-204.49,3.994,-21.19,38.03,0.09,0.0629,0.0927,12.19,44465.3,7.68,93.33,0.64,-0,-0.9998,134.71,126.16,136.52,25.03,Cornering,"Hoosier 43075 16x7.5-10 R20, 7 inch rim",15556
78.44,656.556,-11.39,-14.58,-204.81,4.001,-21.15,37.41,0.03,0.0556,0.0712,12.16,160425.14,7.68,93.26,0.607,-0,-1,134.58,126.13,136.42,25.02,Cornering,"Hoosier 43075 16x7.5-10 R20, 7 inch rim",15557
78.47,656.566,-10.78,-9.84,-203.25,3.991,-21.03,35.71,0.03,0.053,0.0484,12.09,160462.88,7.68,93.23,0.571,-0,-1,134.52,126.09,136.34,25.03,Cornering,"Hoosier 43075 16x7.5-10 R20, 7 inch rim",15558
78.46,656.576,-9.99,-5.31,-201.42,4.006,-20.05,34.76,0.09,0.0496,0.0263,11.97,44424.54,7.68,93.23,0.54,-0,-0.9998,134.48,126.05,136.26,25,Cornering,"Hoosier 43075 16x7.5-10 R20, 7 inch rim",15559
78.44,656.586,-9.77,-0.18,-198.68,4.001,-19.68,33.89,0.09,0.0492,0.0009,11.92,44414.38,7.68,93.26,0.5,-0,-0.9998,134.3,126.07,136.14,25,Cornering,"Hoosier 43075 16x7.5-10 R20, 7 inch rim",15560
78.47,656.596,-10.29,3.92,-196.82,3.987,-20.47,33.34,0.03,0.0523,-0.0199,11.92,160204.14,7.68,93.27,0.453,-0,-1,134.26,126.24,136.07,24.98,Cornering,"Hoosier 43075 16x7.5-10 R20, 7 inch rim",15561
78.47,656.606,-11.26,8.25,-196.52,3.987,-20.53,33.24,0.09,0.0573,-0.042,11.97,44393.98,7.68,93.29,0.425,-0,-0.9998,134.24,126.42,136.07,24.98,Cornering,"Hoosier 43075 16x7.5-10 R20, 7 inch rim",15562
78.44,656.616,-12.3,12.6,-196.71,3.988,-21.03,33.35,0.09,0.0625,-0.0641,12.06,44373.46,7.68,93.33,0.385,-0,-0.9998,134.18,126.42,135.99,24.97,Cornering,"Hoosier 43075 16x7.5-10 R20, 7 inch rim",15563
78.45,656.626,-13.28,16.68,-197.78,4,-21.42,33.28,-0.04,0.0671,-0.0844,12.13,-99540.6,7.68,93.34,0.341,-0,-1.0001,134.15,126.35,135.91,24.97,Cornering,"Hoosier 43075 16x7.5-10 R20, 7 inch rim",15564
78.48,656.636,-13.94,20.96,-199.12,3.994,-22.72,33.12,0.03,0.07,-0.1053,12.13,160130.62,7.68,93.35,0.304,-0,-1,134,126.16,135.79,24.97,Cornering,"Hoosier 43075 16x7.5-10 R20, 7 inch rim",15565
78.46,656.646,-13.73,25.91,-201.24,3.996,-22.73,33.08,0.03,0.0682,-0.1288,12.08,160019.16,7.68,93.36,0.268,-0,-1,133.98,125.94,135.57,24.96,Cornering,"Hoosier 43075 16x7.5-10 R20, 7 inch rim",15566
78.44,656.656,-12.85,31,-202.88,3.991,-22.96,32.88,0.09,0.0634,-0.1528,12,44322.05,7.68,93.39,0.219,-0,-0.9998,133.96,125.72,135.41,24.94,Cornering,"Hoosier 43075 16x7.5-10 R20, 7 inch rim",15567
78.47,656.666,-11.46,35.99,-203.28,3.997,-22.92,32.41,0.03,0.0564,-0.177,11.95,159944.7,7.68,93.4,0.195,-0,-1,133.94,125.63,135.23,24.94,Cornering,"Hoosier 43075 16x7.5-10 R20, 7 inch rim",15568
78.48,656.676,-10.23,41.22,-202.52,4.003,-22.71,31.31,0.03,0.0505,-0.2035,11.96,159833,7.68,93.4,0.149,-0,-1,133.88,125.63,135.13,24.93,Cornering,"Hoosier 43075 16x7.5-10 R20, 7 inch rim",15569
78.44,656.686,-9.5,45.95,-200.73,3.993,-22.37,29.83,0.03,0.0473,-0.2289,12,159906.97,7.68,93.4,0.096,-0,-1,133.77,125.61,135,24.94,Cornering,"Hoosier 43075 16x7.5-10 R20, 7 inch rim",15570
78.45,656.696,-9.02,50.49,-198.73,3.993,-22.3,28.85,0.03,0.0454,-0.2541,12.11,160018.14,7.68,93.41,0.062,-0,-1,133.68,125.58,134.9,24.96,Cornering,"Hoosier 43075 16x7.5-10 R20, 7 inch rim",15571
78.48,656.706,-9.53,55.05,-197,3.99,-22.56,28.03,0.03,0.0484,-0.2794,12.15,160054.72,7.68,93.43,0.01,-0,-1,133.62,125.74,134.84,24.96,Cornering,"Hoosier 43075 16x7.5-10 R20, 7 inch rim",15572
78.47,656.716,-10.25,59.83,-196.38,3.991,-22.56,27.8,0.09,0.0522,-0.3046,12.14,44372.96,7.68,93.44,-0.03,-0,-0.9998,133.58,125.83,134.78,24.97,Cornering,"Hoosier 43075 16x7.5-10 R20, 7 inch rim",15573
78.44,656.726,-11.51,64.5,-196.52,3.99,-22.64,27.63,0.09,0.0586,-0.3282,12.08,44341.89,7.68,93.46,-0.071,-0,-0.9998,133.53,125.96,134.7,24.96,Cornering,"Hoosier 43075 16x7.5-10 R20, 7 inch rim",15574
78.46,656.736,-12.75,69.32,-196.87,3.994,-23.53,27.38,-0.11,0.0647,-0.3521,11.97,-37933,7.68,93.5,-0.123,-0,-1.0002,133.47,125.94,134.56,24.95,Cornering,"Hoosier 43075 16x7.5-10 R20, 7 inch rim",15575
78.47,656.746,-13.69,74.53,-197.99,3.985,-24.03,26.81,0.09,0.0692,-0.3764,11.92,44341.36,7.68,93.5,-0.172,-0,-0.9998,133.36,125.69,134.4,24.96,Cornering,"Hoosier 43075 16x7.5-10 R20, 7 inch rim",15576
78.45,656.756,-13.46,79.75,-199.99,4,-24.36,27.03,-0.04,0.0673,-0.3988,11.93,-99398.65,7.68,93.55,-0.209,-0,-1.0001,133.23,125.45,134.22,24.94,Cornering,"Hoosier 43075 16x7.5-10 R20, 7 inch rim",15577
78.44,656.766,-12.5,85.14,-201.76,4.001,-25.04,27.17,0.03,0.062,-0.422,11.97,160012.69,7.68,93.58,-0.249,-0,-1,133.17,125.3,133.99,24.96,Cornering,"Hoosier 43075 16x7.5-10 R20, 7 inch rim",15578
78.46,656.776,-11.58,90.65,-202.65,3.998,-25.03,26.25,0.03,0.0571,-0.4473,12.03,160122.98,7.68,93.65,-0.295,-0,-1,133.08,125.19,133.79,24.97,Cornering,"Hoosier 43075 16x7.5-10 R20, 7 inch rim",15579
78.46,656.786,-9.86,95.44,-202.04,3.988,-25.5,25.72,0.09,0.0488,-0.4724,12.08,44381.34,7.68,93.61,-0.344,-0,-0.9998,132.97,125.08,133.67,24.98,Cornering,"Hoosier 43075 16x7.5-10 R20, 7 inch rim",15580
78.44,656.796,-8.63,100.17,-200.78,4,-25.25,24.63,0.16,0.043,-0.4989,12.06,25765.57,7.68,93.63,-0.385,-0,-0.9997,132.87,125.1,133.57,24.98,Cornering,"Hoosier 43075 16x7.5-10 R20, 7 inch rim",15581
78.45,656.806,-7.66,104.73,-198.78,3.99,-24.97,23.94,-0.04,0.0385,-0.5269,12.01,-99556.54,7.68,93.64,-0.425,-0,-1.0001,132.8,125.03,133.47,24.98,Cornering,"Hoosier 43075 16x7.5-10 R20, 7 inch rim",15582
78.47,656.816,-7.23,109.38,-196.38,3.996,-25.72,23.68,-0.04,0.0368,-0.557,11.93,-99463.23,7.68,93.67,-0.467,-0,-1.0001,132.65,125.14,133.43,24.96,Cornering,"Hoosier 43075 16x7.5-10 R20, 7 inch rim",15583
78.45,656.826,-7.82,114.5,-195.75,3.988,-24.49,23.34,0.03,0.0399,-0.5849,11.89,159856.48,7.69,93.67,-0.492,-0,-1,132.63,125.3,133.39,24.93,Cornering,"Hoosier 43075 16x7.5-10 R20, 7 inch rim",15584
78.43,656.836,-8.43,119.11,-195.39,3.997,-25.06,23.69,0.09,0.0431,-0.6096,11.91,44297.11,7.68,93.65,-0.537,-0,-0.9998,132.63,125.54,133.35,24.93,Cornering,"Hoosier 43075 16x7.5-10 R20, 7 inch rim",15585
78.46,656.846,-9.87,123.94,-195.52,3.994,-24.97,23.15,0.09,0.0505,-0.6339,11.97,44307.24,7.68,93.63,-0.553,-0,-0.9998,132.63,125.45,133.23,24.94,Cornering,"Hoosier 43075 16x7.5-10 R20, 7 inch rim",15586
78.46,656.856,-10.78,128.21,-196.68,3.99,-25.43,22.84,0.03,0.0548,-0.6519,12.07,159852.59,7.68,93.65,-0.591,-0,-1,132.59,125.34,133.16,24.93,Cornering,"Hoosier 43075 16x7.5-10 R20, 7 inch rim",15587
78.42,656.866,-11.49,132.5,-198.42,4,-26.06,22.03,0.09,0.0579,-0.6678,12.14,44316.76,7.68,93.65,-0.62,-0,-0.9998,132.55,125.19,133.06,24.94,Cornering,"Hoosier 43075 16x7.5-10 R20, 7 inch rim",15588
78.44,656.876,-11.44,136.99,-200.65,4.003,-26.03,21.04,0.03,0.057,-0.6827,12.14,159997.8,7.68,93.65,-0.67,-0,-1,132.42,124.99,132.88,24.96,Cornering,"Hoosier 43075 16x7.5-10 R20, 7 inch rim",15589
78.46,656.886,-10.73,141.39,-201.46,4.001,-27.22,19.88,0.09,0.0533,-0.7018,12.07,44377.67,7.68,93.67,-0.69,-0,-0.9998,132.37,124.79,132.72,24.98,Cornering,"Hoosier 43075 16x7.5-10 R20, 7 inch rim",15590
78.44,656.896,-9.71,145.57,-201.3,4.001,-27.7,18.2,0.03,0.0482,-0.7232,11.97,160217.7,7.68,93.7,-0.734,-0,-1,132.35,124.77,132.6,24.99,Cornering,"Hoosier 43075 16x7.5-10 R20, 7 inch rim",15591
78.42,656.906,-9.26,149.39,-200.01,3.998,-27.64,15.87,0.03,0.0463,-0.7469,11.9,160402.53,7.68,93.71,-0.754,-0,-1,132.31,124.77,132.5,25.02,Cornering,"Hoosier 43075 16x7.5-10 R20, 7 inch rim",15592
78.45,656.916,-9.13,153.2,-198.36,3.991,-26.87,13.88,0.03,0.046,-0.7723,11.89,160288.92,7.68,93.67,-0.796,-0,-1,132.25,124.75,132.42,25,Cornering,"Hoosier 43075 16x7.5-10 R20, 7 inch rim",15593
78.46,656.926,-9.49,157.1,-196.24,3.994,-26.72,12.41,-0.11,0.0483,-0.8006,11.93,-38023.96,7.68,93.67,-0.822,-0,-1.0002,132.22,124.77,132.36,25.01,Cornering,"Hoosier 43075 16x7.5-10 R20, 7 inch rim",15594
78.43,656.936,-10.18,161.07,-194.94,3.988,-26.65,11.56,0.09,0.0522,-0.8263,12.02,44447.31,7.68,93.65,-0.863,-0,-0.9998,132.16,124.92,132.34,25.02,Cornering,"Hoosier 43075 16x7.5-10 R20, 7 inch rim",15595
78.43,656.946,-11.32,164.77,-194.77,4,-26.31,11.18,-0.04,0.0581,-0.846,12.09,-99797.02,7.68,93.69,-0.906,-0,-1.0001,132.22,125.03,132.38,25.04,Cornering,"Hoosier 43075 16x7.5-10 R20, 7 inch rim",15596
78.45,656.956,-12.57,168.76,-193.88,3.994,-27.19,10.7,0.03,0.0648,-0.8705,12.08,160540.59,7.68,93.7,-0.948,-0,-1,132.2,125.05,132.38,25.04,Cornering,"Hoosier 43075 16x7.5-10 R20, 7 inch rim",15597
78.44,656.966,-13.99,172.24,-195.12,4.004,-27.2,9.93,0.03,0.0717,-0.8827,12.05,160426.09,7.68,93.7,-0.998,-0,-1,132.18,125.01,132.28,25.03,Cornering,"Hoosier 43075 16x7.5-10 R20, 7 inch rim",15598
78.42,656.976,-14.33,175.75,-196.5,3.994,-28.11,9.75,0.03,0.0729,-0.8944,11.95,160238.06,7.68,93.7,-1.034,-0,-1,132.07,124.77,132.22,25,Cornering,"Hoosier 43075 16x7.5-10 R20, 7 inch rim",15599
78.44,656.986,-13.73,179.57,-198.24,4.001,-29.05,9.83,0.03,0.0692,-0.9058,11.92,160085.73,7.68,93.7,-1.091,-0,-1,132.05,124.57,132.05,24.97,Cornering,"Hoosier 43075 16x7.5-10 R20, 7 inch rim",15600
78.44,656.996,-12.55,183.9,-200.08,3.996,-28.89,9.69,0.09,0.0628,-0.9191,11.91,44349.77,7.68,93.67,-1.147,-0,-0.9998,131.92,124.46,131.89,24.97,Cornering,"Hoosier 43075 16x7.5-10 R20, 7 inch rim",15601
78.42,657.006,-10.84,187.78,-200.12,3.997,-29.69,9.51,0.03,0.0542,-0.9383,11.97,160190.52,7.68,93.64,-1.188,-0,-1,131.77,124.42,131.77,24.99,Cornering,"Hoosier 43075 16x7.5-10 R20, 7 inch rim",15602
78.42,657.016,-8.87,192.06,-198.74,3.993,-29.76,9.49,-0.04,0.0446,-0.9664,12.05,-99691.12,7.68,93.65,-1.238,-0,-1.0001,131.73,124.48,131.63,25.02,Cornering,"Hoosier 43075 16x7.5-10 R20, 7 inch rim",15603
78.44,657.026,-6.99,196.18,-197.43,3.991,-28.7,9.76,0.03,0.0354,-0.9937,12.11,160481.23,7.68,93.7,-1.277,-0,-1,131.64,124.48,131.57,25.04,Cornering,"Hoosier 43075 16x7.5-10 R20, 7 inch rim",15604
78.44,657.036,-5.38,200.43,-195.63,3.993,-28.09,10.8,0.03,0.0275,-1.0245,12.13,160440.92,7.68,93.74,-1.319,-0,-1,131.6,124.55,131.51,25.03,Cornering,"Hoosier 43075 16x7.5-10 R20, 7 inch rim",15605
78.4,657.046,-4.79,204.55,-194.4,3.993,-27.56,11.8,0.03,0.0246,-1.0522,12.08,160399.02,7.68,93.76,-1.379,-0,-1,131.56,124.66,131.49,25.03,Cornering,"Hoosier 43075 16x7.5-10 R20, 7 inch rim",15606
78.44,657.056,-4.68,208.7,-193.71,3.991,-27.69,13.01,0.09,0.0242,-1.0774,12,44416.29,7.68,93.72,-1.412,-0,-0.9998,131.58,124.83,131.47,25.01,Cornering,"Hoosier 43075 16x7.5-10 R20, 7 inch rim",15607
78.44,657.066,-4.88,212.88,-193.61,3.996,-27.19,14.25,0.09,0.0252,-1.0995,11.94,44394.79,7.68,93.7,-1.452,-0,-0.9998,131.54,124.9,131.43,25,Cornering,"Hoosier 43075 16x7.5-10 R20, 7 inch rim",15608
78.41,657.076,-5.08,216.35,-194.6,3.998,-27.67,15.17,-0.04,0.0261,-1.1118,11.93,-99539.7,7.68,93.67,-1.498,-0,-1.0001,131.47,124.83,131.39,24.98,Cornering,"Hoosier 43075 16x7.5-10 R20, 7 inch rim",15609
78.41,657.086,-5.79,219.38,-195.87,3.993,-29.32,14.91,0.09,0.0296,-1.12,11.97,44382.44,7.68,93.62,-1.538,-0,-0.9998,131.41,124.66,131.29,24.99,Cornering,"Hoosier 43075 16x7.5-10 R20, 7 inch rim",15610
78.43,657.096,-5.28,222.78,-198.22,3.996,-29.75,14.98,-0.04,0.0267,-1.1239,12.07,-99535.55,7.68,93.59,-1.573,-0,-1.0001,131.3,124.48,131.18,24.98,Cornering,"Hoosier 43075 16x7.5-10 R20, 7 inch rim",15611
78.43,657.106,-4.85,226.45,-199.65,3.99,-30.75,14.03,0.09,0.0243,-1.1342,12.16,44359.64,7.68,93.55,-1.626,-0,-0.9998,131.22,124.33,131.04,24.98,Cornering,"Hoosier 43075 16x7.5-10 R20, 7 inch rim",15612
78.4,657.116,-4.2,230.24,-200.83,4.004,-30.24,12.67,-0.04,0.0209,-1.1465,12.19,-99462.54,7.68,93.51,-1.639,-0,-1.0001,131.15,124.26,130.94,24.97,Cornering,"Hoosier 43075 16x7.5-10 R20, 7 inch rim",15613
78.43,657.126,-3.57,233.31,-199.91,3.996,-30.48,10.67,-0.04,0.0178,-1.1671,12.15,-99460.45,7.68,93.46,-1.675,-0,-1.0001,131.07,124.31,130.88,24.97,Cornering,"Hoosier 43075 16x7.5-10 R20, 7 inch rim",15614
78.44,657.136,-3.71,236.62,-198.14,4.003,-29.82,8.36,-0.04,0.0187,-1.1942,12.08,-99434.46,7.68,93.41,-1.724,-0,-1.0001,130.98,124.35,130.84,24.96,Cornering,"Hoosier 43075 16x7.5-10 R20, 7 inch rim",15615
78.41,657.146,-4.3,239.78,-196.2,3.998,-29.12,6.44,-0.04,0.0219,-1.2221,11.98,-99456.16,7.68,93.39,-1.747,-0,-1.0001,130.87,124.39,130.82,24.97,Cornering,"Hoosier 43075 16x7.5-10 R20, 7 inch rim",15616
78.4,657.156,-5.53,242.84,-195.11,3.987,-28.63,4.83,0.03,0.0284,-1.2447,11.94,159991.3,7.68,93.35,-1.781,-0,-1,130.79,124.55,130.78,24.97,Cornering,"Hoosier 43075 16x7.5-10 R20, 7 inch rim",15617
78.43,657.166,-7.47,245.57,-194.18,3.994,-28.95,3.54,0.03,0.0385,-1.2646,11.96,159986.81,7.68,93.37,-1.825,-0,-1,130.81,124.7,130.8,24.97,Cornering,"Hoosier 43075 16x7.5-10 R20, 7 inch rim",15618
78.43,657.176,-9.16,248.03,-194.08,3.997,-29.48,2.72,0.03,0.0472,-1.278,12.01,160058.75,7.68,93.39,-1.848,-0,-1,130.83,124.86,130.78,24.98,Cornering,"Hoosier 43075 16x7.5-10 R20, 7 inch rim",15619
78.4,657.186,-10.29,250.21,-194.54,4.007,-30.34,2.36,-0.04,0.0529,-1.2862,12.1,-99608.72,7.68,93.41,-1.89,-0,-1.0001,130.89,124.75,130.8,25.01,Cornering,"Hoosier 43075 16x7.5-10 R20, 7 inch rim",15620
78.41,657.196,-11.29,252.02,-196.14,4.004,-31.05,1.54,0.09,0.0576,-1.2849,12.17,44433.75,7.68,93.42,-1.924,-0,-0.9998,130.83,124.61,130.74,25.03,Cornering,"Hoosier 43075 16x7.5-10 R20, 7 inch rim",15621
78.44,657.206,-11.73,254.36,-198.57,3.997,-31.44,0.84,0.03,0.0591,-1.281,12.14,160417.66,7.68,93.45,-1.966,-0,-1,130.79,124.46,130.64,25.04,Cornering,"Hoosier 43075 16x7.5-10 R20, 7 inch rim",15622
78.41,657.216,-11.26,257.6,-200.48,3.994,-31.53,0.16,0.03,0.0561,-1.2849,12.09,160412.61,7.68,93.44,-2.012,-0,-1,130.81,124.33,130.52,25.04,Cornering,"Hoosier 43075 16x7.5-10 R20, 7 inch rim",15623
78.39,657.226,-9.81,260.8,-202.06,3.997,-31.23,-0.07,0.03,0.0486,-1.2907,12.03,160186.44,7.68,93.45,-2.042,-0,-1,130.83,124.31,130.42,25,Cornering,"Hoosier 43075 16x7.5-10 R20, 7 inch rim",15624
78.43,657.236,-7.58,263.86,-200.89,3.985,-31.99,0.04,-0.04,0.0377,-1.3134,12,-99502.77,7.68,93.44,-2.089,-0,-1.0001,130.79,124.26,130.34,24.98,Cornering,"Hoosier 43075 16x7.5-10 R20, 7 inch rim",15625
78.43,657.246,-5.9,266.87,-199.65,3.998,-31.49,-0.16,0.16,0.0296,-1.3367,12.02,25732.7,7.67,93.45,-2.133,-0,-0.9997,130.74,124.28,130.3,24.97,Cornering,"Hoosier 43075 16x7.5-10 R20, 7 inch rim",15626
78.4,657.256,-5.27,270,-197.45,3.998,-31.51,-0.36,0.09,0.0267,-1.3674,12.11,44364.11,7.67,93.45,-2.176,-0,-0.9998,130.7,124.35,130.32,24.99,Cornering,"Hoosier 43075 16x7.5-10 R20, 7 inch rim",15627
78.4,657.266,-5.24,272.85,-195.63,3.994,-31.6,-0.3,-0.04,0.0268,-1.3947,12.17,-99608.38,7.67,93.45,-2.222,-0,-1.0001,130.64,124.42,130.36,25.01,Cornering,"Hoosier 43075 16x7.5-10 R20, 7 inch rim",15628
78.44,657.276,-5.17,275.9,-194.76,3.99,-31.61,0.77,0.09,0.0266,-1.4167,12.22,44401.88,7.67,93.47,-2.277,-0,-0.9998,130.59,124.61,130.38,25.01,Cornering,"Hoosier 43075 16x7.5-10 R20, 7 inch rim",15629
78.42,657.286,-5.42,278.37,-194.58,3.99,-31.75,1.93,0.03,0.0279,-1.4307,12.17,160154.52,7.67,93.52,-2.309,-0,-1,130.66,124.66,130.4,25,Cornering,"Hoosier 43075 16x7.5-10 R20, 7 inch rim",15630
78.39,657.296,-5.59,281.03,-195.11,3.997,-31.76,3.41,0.09,0.0286,-1.4404,12.1,44326.86,7.67,93.53,-2.362,-0,-0.9998,130.7,124.68,130.46,24.97,Cornering,"Hoosier 43075 16x7.5-10 R20, 7 inch rim",15631
78.42,657.306,-6.11,283.71,-195.99,4.006,-32.5,3.88,-0.04,0.0312,-1.4476,12.01,-99294.83,7.67,93.55,-2.395,-0,-1.0001,130.7,124.5,130.4,24.94,Cornering,"Hoosier 43075 16x7.5-10 R20, 7 inch rim",15632
78.42,657.316,-6.72,286.68,-198.34,3.993,-32.02,3.63,0.03,0.0339,-1.4454,11.97,159618.55,7.67,93.55,-2.435,-0,-1,130.64,124.35,130.4,24.92,Cornering,"Hoosier 43075 16x7.5-10 R20, 7 inch rim",15633
78.4,657.326,-5.8,289.86,-199.96,4.004,-33.03,4.03,0.09,0.029,-1.4496,11.98,44219.83,7.67,93.56,-2.477,-0,-0.9998,130.66,124.13,130.32,24.92,Cornering,"Hoosier 43075 16x7.5-10 R20, 7 inch rim",15634
78.4,657.336,-4.77,293.08,-201.51,3.996,-33.12,3.75,-0.04,0.0237,-1.4544,12.03,-99215.45,7.67,93.53,-2.519,-0,-1.0001,130.64,124.02,130.25,24.92,Cornering,"Hoosier 43075 16x7.5-10 R20, 7 inch rim",15635
78.42,657.346,-3.19,296.33,-201.25,3.998,-33.11,3.45,0.03,0.0159,-1.4724,12.09,159676.03,7.67,93.48,-2.56,-0,-1,130.59,124,130.23,24.93,Cornering,"Hoosier 43075 16x7.5-10 R20, 7 inch rim",15636
78.42,657.356,-1.95,299.12,-200.61,3.988,-32.13,2.95,-0.04,0.0097,-1.4911,12.13,-99253.5,7.67,93.51,-2.613,-0,-1.0001,130.57,123.93,130.21,24.93,Cornering,"Hoosier 43075 16x7.5-10 R20, 7 inch rim",15637
78.39,657.366,-1.61,301.62,-198.44,3.994,-32.08,2.2,-0.04,0.0081,-1.5199,12.09,-99296.63,7.67,93.54,-2.647,-0,-1.0001,130.51,123.98,130.25,24.94,Cornering,"Hoosier 43075 16x7.5-10 R20, 7 inch rim",15638
78.41,657.376,-2.37,304.23,-195.95,4.007,-32.49,1.12,-0.04,0.0121,-1.5526,12.04,-99387.15,7.67,93.54,-2.667,-0,-1.0001,130.4,124.04,130.25,24.97,Cornering,"Hoosier 43075 16x7.5-10 R20, 7 inch rim",15639
78.42,657.386,-3,306.68,-194.84,3.991,-32.23,0.99,-0.04,0.0154,-1.574,11.98,-99475.46,7.67,93.53,-2.712,-0,-1.0001,130.42,124.13,130.28,24.99,Cornering,"Hoosier 43075 16x7.5-10 R20, 7 inch rim",15640
78.4,657.396,-3.95,308.96,-194.26,3.994,-32.54,0.95,0.09,0.0203,-1.5905,11.95,44394.63,7.67,93.49,-2.743,-0,-0.9998,130.46,124.17,130.34,25.02,Cornering,"Hoosier 43075 16x7.5-10 R20, 7 inch rim",15641
78.39,657.406,-4.9,311.32,-194.43,3.987,-32.37,0.88,0.09,0.0252,-1.6012,11.98,44413.62,7.67,93.47,-2.782,-0,-0.9998,130.51,124.24,130.36,25.03,Cornering,"Hoosier 43075 16x7.5-10 R20, 7 inch rim",15642
78.42,657.416,-6.08,313.41,-195.89,4,-31.99,0.41,0.03,0.0311,-1.6,12.06,160269.64,7.67,93.44,-2.819,-0,-1,130.51,124.11,130.34,25.03,Cornering,"Hoosier 43075 16x7.5-10 R20, 7 inch rim",15643
78.41,657.426,-7.7,315.46,-196.6,4,-33.74,-1.26,0.03,0.0392,-1.6046,12.14,160227.31,7.66,93.4,-2.854,-0,-1,130.49,123.89,130.34,25.03,Cornering,"Hoosier 43075 16x7.5-10 R20, 7 inch rim",15644
78.39,657.436,-8.04,317.96,-198.99,3.993,-33.73,-2.24,0.09,0.0404,-1.5979,12.22,44367.42,7.67,93.33,-2.902,-0,-0.9998,130.38,123.73,130.21,25.01,Cornering,"Hoosier 43075 16x7.5-10 R20, 7 inch rim",15645
78.4,657.446,-7.55,320.86,-200.7,3.998,-33.53,-3.19,0.09,0.0376,-1.5987,12.2,44355.53,7.66,93.26,-2.939,-0,-0.9998,130.4,123.6,130.09,25,Cornering,"Hoosier 43075 16x7.5-10 R20, 7 inch rim",15646
78.43,657.456,-6.15,323.37,-201.03,3.998,-33.93,-3.83,0.09,0.0306,-1.6086,12.14,44364.44,7.66,93.26,-2.971,-0,-0.9998,130.38,123.47,130.01,25.01,Cornering,"Hoosier 43075 16x7.5-10 R20, 7 inch rim",15647
78.4,657.466,-4.77,325.38,-200.53,3.991,-33.37,-4.39,-0.11,0.0238,-1.6226,12.06,-37959.65,7.67,93.24,-3.015,-0,-1.0002,130.29,123.49,129.93,25.01,Cornering,"Hoosier 43075 16x7.5-10 R20, 7 inch rim",15648
78.39,657.476,-3.84,327.4,-198.22,3.997,-33.79,-4.78,-0.04,0.0194,-1.6517,11.98,-99441.91,7.66,93.19,-3.063,-0,-1.0001,130.29,123.54,129.89,24.99,Cornering,"Hoosier 43075 16x7.5-10 R20, 7 inch rim",15649
78.41,657.486,-3.32,329.46,-196.24,3.988,-33.49,-4.62,0.03,0.0169,-1.6789,12,159929.06,7.67,93.19,-3.097,-0,-1,130.16,123.62,129.85,24.98,Cornering,"Hoosier 43075 16x7.5-10 R20, 7 inch rim",15650
78.42,657.496,-3.64,331.8,-194.34,4.006,-33.58,-4.02,-0.04,0.0188,-1.7073,12.03,-99411.1,7.66,93.17,-3.138,-0,-1.0001,130.21,123.67,129.81,24.98,Cornering,"Hoosier 43075 16x7.5-10 R20, 7 inch rim",15651
78.38,657.506,-3.89,333.96,-193.81,3.996,-33.79,-2.91,0.03,0.0201,-1.7231,12.11,159876.72,7.66,93.18,-3.189,-0,-1,130.21,123.76,129.79,24.98,Cornering,"Hoosier 43075 16x7.5-10 R20, 7 inch rim",15652
78.4,657.516,-4.69,336.12,-193.71,3.998,-33.81,-2.2,0.03,0.0242,-1.7352,12.14,159870.66,7.66,93.21,-3.224,-0,-1,130.38,123.78,129.77,24.98,Cornering,"Hoosier 43075 16x7.5-10 R20, 7 inch rim",15653
78.42,657.526,-5.21,338.05,-194.87,4.003,-33.64,-1.41,0.16,0.0267,-1.7348,12.12,25706.31,7.66,93.24,-3.267,-0,-0.9997,130.36,123.67,129.79,24.97,Cornering,"Hoosier 43075 16x7.5-10 R20, 7 inch rim",15654
78.4,657.536,-6.03,340.32,-196.39,4.001,-33.76,-1.56,0.09,0.0307,-1.7328,12.06,44246.77,7.66,93.29,-3.295,-0,-0.9998,130.31,123.4,129.77,24.95,Cornering,"Hoosier 43075 16x7.5-10 R20, 7 inch rim",15655
78.38,657.546,-5.86,342.81,-198.86,4.001,-33.6,-1.36,0.09,0.0295,-1.7239,12,44233.79,7.66,93.33,-3.35,-0,-0.9998,130.19,123.23,129.77,24.94,Cornering,"Hoosier 43075 16x7.5-10 R20, 7 inch rim",15656
78.41,657.556,-5.13,345.04,-199.98,4.001,-35.26,-1.57,0.09,0.0257,-1.7254,11.96,44200.92,7.66,93.37,-3.392,-0,-0.9998,130.23,123.05,129.79,24.93,Cornering,"Hoosier 43075 16x7.5-10 R20, 7 inch rim",15657
78.41,657.566,-3.57,348.05,-200.7,3.997,-35.29,-1.59,0.03,0.0178,-1.7341,11.97,159425.78,7.66,93.39,-3.435,-0,-1,130.23,122.99,129.79,24.92,Cornering,"Hoosier 43075 16x7.5-10 R20, 7 inch rim",15658
78.39,657.576,-2.47,350.39,-200.57,3.993,-34.5,-2.51,-0.11,0.0123,-1.747,12.03,-37800.58,7.66,93.39,-3.468,-0,-1.0002,130.23,122.99,129.77,24.92,Cornering,"Hoosier 43075 16x7.5-10 R20, 7 inch rim",15659
78.39,657.586,-1.47,352.12,-198.61,3.997,-34.92,-2.79,0.09,0.0074,-1.773,12.14,44175.21,7.66,93.39,-3.495,-0,-0.9998,130.25,122.99,129.81,24.92,Cornering,"Hoosier 43075 16x7.5-10 R20, 7 inch rim",15660
78.43,657.596,-1.41,353.66,-196.13,4.01,-35.31,-3.25,0.09,0.0072,-1.8032,12.17,44172.72,7.66,93.37,-3.544,-0,-0.9998,130.21,123.05,129.85,24.92,Cornering,"Hoosier 43075 16x7.5-10 R20, 7 inch rim",15661
78.4,657.606,-2.09,355.79,-194.83,3.99,-34.26,-3.51,-0.04,0.0107,-1.8262,12.15,-99084.52,7.66,93.38,-3.592,-0,-1.0001,130.16,123.14,129.87,24.92,Cornering,"Hoosier 43075 16x7.5-10 R20, 7 inch rim",15662
78.39,657.616,-2.94,358.03,-193.71,4,-34.21,-3.18,0.03,0.0152,-1.8483,12.11,159354.36,7.66,93.35,-3.621,-0,-1,130.27,123.23,129.93,24.91,Cornering,"Hoosier 43075 16x7.5-10 R20, 7 inch rim",15663
78.4,657.626,-4.08,360.08,-194.08,3.997,-33.64,-2.96,0.09,0.021,-1.8553,12.03,44166.53,7.66,93.33,-3.663,-0,-0.9998,130.44,123.25,129.95,24.92,Cornering,"Hoosier 43075 16x7.5-10 R20, 7 inch rim",15664
78.42,657.636,-5.5,361.82,-194.57,3.998,-33.92,-3.1,0.03,0.0282,-1.8596,12,159447.23,7.66,93.31,-3.717,-0,-1,130.55,123.23,130.05,24.93,Cornering,"Hoosier 43075 16x7.5-10 R20, 7 inch rim",15665
78.39,657.646,-6.75,363.9,-195.73,4.001,-34.39,-3.74,-0.04,0.0345,-1.8592,12.03,-99205.44,7.66,93.35,-3.738,-0,-1.0001,130.49,123.03,130.11,24.95,Cornering,"Hoosier 43075 16x7.5-10 R20, 7 inch rim",15666
78.39,657.656,-7,365.71,-197.46,3.998,-35.58,-4.08,0.03,0.0354,-1.8521,12.1,159693.31,7.65,93.35,-3.786,-0,-1,130.44,122.81,130.09,24.97,Cornering,"Hoosier 43075 16x7.5-10 R20, 7 inch rim",15667
78.41,657.666,-6.46,367.85,-199.39,3.996,-36.5,-4.31,0.03,0.0324,-1.8449,12.16,159610.64,7.65,93.36,-3.829,-0,-1,130.4,122.68,130.05,24.96,Cornering,"Hoosier 43075 16x7.5-10 R20, 7 inch rim",15668
78.4,657.676,-5.41,370.13,-200.9,3.993,-36.29,-4.85,0.03,0.0269,-1.8423,12.14,159566.97,7.65,93.37,-3.862,-0,-1,130.36,122.57,130.01,24.95,Cornering,"Hoosier 43075 16x7.5-10 R20, 7 inch rim",15669
78.39,657.686,-4.28,371.87,-201.03,3.985,-36.09,-5.57,0.09,0.0213,-1.8498,12.11,44235.17,7.66,93.38,-3.91,-0,-0.9998,130.31,122.48,130.03,24.96,Cornering,"Hoosier 43075 16x7.5-10 R20, 7 inch rim",15670
78.4,657.696,-2.84,373.94,-199.63,4.006,-35.22,-5.56,0.03,0.0142,-1.8732,12.05,159698.39,7.65,93.38,-3.945,-0,-1,130.23,122.52,129.97,24.97,Cornering,"Hoosier 43075 16x7.5-10 R20, 7 inch rim",15671
78.42,657.706,-2.1,375.23,-197.67,3.998,-34.76,-5.43,0.09,0.0106,-1.8982,11.98,44241.21,7.65,93.4,-3.985,-0,-0.9998,130.16,122.57,130.03,24.97,Cornering,"Hoosier 43075 16x7.5-10 R20, 7 inch rim",15672
78.39,657.716,-1.93,376.99,-195.93,3.998,-34.42,-5.08,-0.04,0.0099,-1.9241,11.95,-99283.56,7.65,93.41,-4.033,-0,-1.0001,130.1,122.59,130.03,24.98,Cornering,"Hoosier 43075 16x7.5-10 R20, 7 inch rim",15673
78.38,657.726,-2.41,378.89,-194.42,4.009,-34.61,-4.35,0.03,0.0124,-1.9488,12,159636.59,7.65,93.37,-4.063,-0,-1,130.1,122.72,130.07,24.97,Cornering,"Hoosier 43075 16x7.5-10 R20, 7 inch rim",15674
78.41,657.736,-3.49,380.57,-193.95,4.007,-34.84,-4.01,0.09,0.018,-1.9622,12.07,44244.64,7.65,93.31,-4.102,-0,-0.9998,130.21,122.77,130.11,24.97,Cornering,"Hoosier 43075 16x7.5-10 R20, 7 inch rim",15675
78.41,657.746,-4.66,382.32,-194.33,3.996,-34.98,-3.73,-0.04,0.024,-1.9674,12.17,-99245.79,7.65,93.28,-4.145,-0,-1.0001,130.29,122.74,130.13,24.97,Cornering,"Hoosier 43075 16x7.5-10 R20, 7 inch rim",15676
78.38,657.756,-5.42,383.79,-195.61,3.994,-35.43,-3.44,0.03,0.0277,-1.962,12.21,159646.67,7.65,93.23,-4.189,-0,-1,130.27,122.57,130.15,24.97,Cornering,"Hoosier 43075 16x7.5-10 R20, 7 inch rim",15677
78.4,657.766,-5.73,385.15,-197.4,3.99,-36.29,-3.57,0.09,0.029,-1.9511,12.22,44247.55,7.65,93.2,-4.225,-0,-0.9998,130.25,122.37,130.17,24.98,Cornering,"Hoosier 43075 16x7.5-10 R20, 7 inch rim",15678
78.41,657.776,-4.96,387.3,-199.46,3.987,-36.91,-3.04,0.03,0.0249,-1.9417,12.17,159592.38,7.65,93.13,-4.268,-0,-1,130.21,122.17,130.15,24.97,Cornering,"Hoosier 43075 16x7.5-10 R20, 7 inch rim",15679
78.39,657.786,-4.41,389.7,-200.93,4,-37.21,-3.84,-0.04,0.0219,-1.9395,12.08,-99155.28,7.65,93.14,-4.303,-0,-1.0001,130.16,122.04,130.13,24.96,Cornering,"Hoosier 43075 16x7.5-10 R20, 7 inch rim",15680
78.38,657.796,-3.22,391.55,-200.65,4,-37.95,-4.43,-0.04,0.016,-1.9514,12.03,-99080.23,7.65,93.14,-4.346,-0,-1.0001,130.19,122,130.13,24.94,Cornering,"Hoosier 43075 16x7.5-10 R20, 7 inch rim",15681
78.42,657.806,-2.21,393.68,-199.56,3.994,-36.47,-5.04,-0.04,0.0111,-1.9727,12.02,-99029.97,7.65,93.13,-4.376,-0,-1.0001,130.12,122,130.15,24.93,Cornering,"Hoosier 43075 16x7.5-10 R20, 7 inch rim",15682
78.41,657.816,-1.59,394.96,-197.65,3.997,-35.77,-5.08,-0.04,0.008,-1.9983,12.06,-99023.5,7.64,93.12,-4.421,-0,-1.0001,130.16,122.04,130.19,24.93,Cornering,"Hoosier 43075 16x7.5-10 R20, 7 inch rim",15683
78.39,657.826,-1.38,396.55,-195.79,4.006,-34.56,-4.81,0.03,0.0071,-2.0254,12.17,159325.55,7.64,93.1,-4.466,-0,-1,130.1,122.04,130.17,24.93,Cornering,"Hoosier 43075 16x7.5-10 R20, 7 inch rim",15684
78.39,657.836,-2.25,397.4,-194.34,3.998,-35.01,-4.73,0.03,0.0116,-2.0448,12.2,159427.72,7.64,93.11,-4.504,-0,-1,130.14,122.11,130.19,24.95,Cornering,"Hoosier 43075 16x7.5-10 R20, 7 inch rim",15685
78.41,657.846,-3.01,398.91,-193.51,3.993,-35.28,-4.13,-0.04,0.0155,-2.0614,12.2,-99122.39,7.64,93.12,-4.535,-0,-1.0001,130.21,122.17,130.28,24.96,Cornering,"Hoosier 43075 16x7.5-10 R20, 7 inch rim",15686
78.4,657.856,-4.45,400.02,-193.86,3.985,-35.8,-4.21,-0.04,0.023,-2.0635,12.14,-99116.12,7.65,93.17,-4.577,-0,-1.0001,130.31,122.19,130.34,24.96,Cornering,"Hoosier 43075 16x7.5-10 R20, 7 inch rim",15687
78.37,657.866,-5.51,400.86,-195.24,3.991,-36.57,-4.15,0.03,0.0282,-2.0532,12.06,159438.52,7.64,93.16,-4.616,-0,-1,130.36,122.02,130.42,24.96,Cornering,"Hoosier 43075 16x7.5-10 R20, 7 inch rim",15688
78.41,657.876,-6.03,402.63,-196.67,4.01,-37.39,-3.91,-0.04,0.0306,-2.0473,12,-99173.11,7.64,93.2,-4.659,-0,-1.0001,130.38,121.75,130.48,24.97,Cornering,"Hoosier 43075 16x7.5-10 R20, 7 inch rim",15689
78.42,657.886,-6.34,404.78,-198.7,4.006,-37.94,-4.37,-0.04,0.0319,-2.0371,11.97,-99190.12,7.64,93.21,-4.699,-0,-1.0001,130.38,121.49,130.46,24.98,Cornering,"Hoosier 43075 16x7.5-10 R20, 7 inch rim",15690
78.39,657.896,-5.11,407.24,-200.71,4.01,-37.66,-4.24,0.09,0.0255,-2.0289,12.03,44235.2,7.64,93.25,-4.738,-0,-0.9998,130.38,121.31,130.46,24.99,Cornering,"Hoosier 43075 16x7.5-10 R20, 7 inch rim",15691
78.39,657.906,-3.78,409.64,-201.25,3.985,-37.26,-4.48,-0.04,0.0188,-2.0355,12.13,-99268.04,7.64,93.29,-4.792,-0,-1.0001,130.42,121.22,130.44,25,Cornering,"Hoosier 43075 16x7.5-10 R20, 7 inch rim",15692
78.42,657.916,-2.65,411.15,-200.41,3.988,-36.82,-4.84,0.03,0.0132,-2.0515,12.19,159572.86,7.64,93.32,-4.825,-0,-1,130.44,121.22,130.48,24.98,Cornering,"Hoosier 43075 16x7.5-10 R20, 7 inch rim",15693
78.4,657.926,-1.74,411.76,-198.24,4.007,-36.91,-4.74,0.03,0.0088,-2.0771,12.18,159490.27,7.64,93.29,-4.86,-0,-1,130.42,121.2,130.5,24.97,Cornering,"Hoosier 43075 16x7.5-10 R20, 7 inch rim",15694
78.38,657.936,-1.28,412.61,-196.51,3.994,-35.84,-4.36,0.03,0.0065,-2.0997,12.14,159475.53,7.64,93.26,-4.918,-0,-1,130.4,121.27,130.52,24.97,Cornering,"Hoosier 43075 16x7.5-10 R20, 7 inch rim",15695
78.4,657.946,-1.95,413.61,-195.09,3.997,-35.89,-4.21,0.03,0.01,-2.1201,12.08,159507.83,7.64,93.26,-4.937,-0,-1,130.44,121.4,130.54,24.98,Cornering,"Hoosier 43075 16x7.5-10 R20, 7 inch rim",15696
78.41,657.956,-2.71,414.48,-194.5,4.004,-36.45,-3.55,-0.04,0.0139,-2.131,12.05,-99192.05,7.64,93.25,-4.984,-0,-1.0001,130.49,121.53,130.62,24.99,Cornering,"Hoosier 43075 16x7.5-10 R20, 7 inch rim",15697
78.39,657.966,-4.03,415.89,-194.43,3.996,-36.65,-3.38,-0.04,0.0207,-2.139,12.06,-99186.1,7.64,93.25,-5.021,-0,-1.0001,130.61,121.62,130.7,24.99,Cornering,"Hoosier 43075 16x7.5-10 R20, 7 inch rim",15698
78.39,657.976,-5.07,417.33,-195.28,3.997,-37.03,-3.15,-0.04,0.026,-2.137,12.11,-99202.66,7.64,93.26,-5.061,-0,-1.0001,130.7,121.53,130.8,25,Cornering,"Hoosier 43075 16x7.5-10 R20, 7 inch rim",15699
78.42,657.986,-5.67,418.83,-196.7,3.987,-37.62,-3.06,0.03,0.0288,-2.1293,12.19,159649.31,7.64,93.23,-5.106,-0,-1,130.7,121.29,130.88,25.01,Cornering,"Hoosier 43075 16x7.5-10 R20, 7 inch rim",15700
78.41,657.996,-6.07,420.79,-198.54,3.998,-38.15,-3.46,-0.04,0.0306,-2.1194,12.22,-99283.02,7.64,93.22,-5.133,-0,-1.0001,130.68,121.14,130.94,25.02,Cornering,"Hoosier 43075 16x7.5-10 R20, 7 inch rim",15701
78.38,658.006,-5.26,422.92,-200.55,4.006,-38.24,-3.28,-0.04,0.0262,-2.1088,12.22,-99298.25,7.63,93.19,-5.18,-0,-1.0001,130.66,120.98,130.9,25.03,Cornering,"Hoosier 43075 16x7.5-10 R20, 7 inch rim",15702
78.4,658.016,-4.3,425.01,-201.16,3.993,-37.98,-3.86,0.09,0.0214,-2.1128,12.17,44242.23,7.64,93.18,-5.218,-0,-0.9998,130.74,120.92,130.94,25.01,Cornering,"Hoosier 43075 16x7.5-10 R20, 7 inch rim",15703
78.42,658.026,-2.98,425.94,-200.97,3.984,-37.65,-3.91,0.09,0.0148,-2.1195,12.1,44217.89,7.64,93.16,-5.269,-0,-0.9998,130.72,120.87,130.96,25,Cornering,"Hoosier 43075 16x7.5-10 R20, 7 inch rim",15704
78.39,658.036,-1.93,426.44,-199.27,4.007,-36.88,-3.86,-0.04,0.0097,-2.14,12.01,-99118.16,7.63,93.15,-5.295,-0,-1.0001,130.74,120.96,130.98,24.98,Cornering,"Hoosier 43075 16x7.5-10 R20, 7 inch rim",15705
78.39,658.046,-1.33,426.5,-197.41,3.993,-36.38,-3.55,-0.04,0.0068,-2.1605,11.98,-99085.96,7.63,93.15,-5.349,-0,-1.0001,130.72,121.05,130.98,24.98,Cornering,"Hoosier 43075 16x7.5-10 R20, 7 inch rim",15706
78.41,658.056,-1.81,426.53,-195.48,3.988,-37.12,-3.37,0.03,0.0093,-2.1819,11.99,159278.38,7.63,93.13,-5.385,-0,-1,130.74,121.11,130.98,24.96,Cornering,"Hoosier 43075 16x7.5-10 R20, 7 inch rim",15707
78.41,658.066,-2.43,426.99,-195.53,3.997,-36.61,-2.75,-0.04,0.0124,-2.1838,12.07,-99004.74,7.63,93.12,-5.421,-0,-1.0001,130.85,121.22,131.04,24.96,Cornering,"Hoosier 43075 16x7.5-10 R20, 7 inch rim",15708
78.38,658.076,-3.32,428.18,-194.72,3.996,-37.34,-2.06,0.03,0.017,-2.199,12.17,159217.98,7.63,93.11,-5.47,-0,-1,130.96,121.29,131.16,24.96,Cornering,"Hoosier 43075 16x7.5-10 R20, 7 inch rim",15709
78.4,658.086,-4.35,429.29,-195.41,4.003,-37.61,-1.77,0.03,0.0223,-2.1969,12.22,159206.34,7.63,93.05,-5.511,-0,-1,131.02,121.22,131.27,24.96,Cornering,"Hoosier 43075 16x7.5-10 R20, 7 inch rim",15710
78.42,658.096,-5.39,430.91,-196.34,3.997,-37.82,-1.87,0.03,0.0274,-2.1947,12.19,159085.34,7.63,93.03,-5.547,-0,-1,131.09,121.07,131.41,24.94,Cornering,"Hoosier 43075 16x7.5-10 R20, 7 inch rim",15711
78.4,658.106,-5.31,432.9,-198.09,3.988,-37.95,-1.41,0.03,0.0268,-2.1853,12.14,158922.41,7.63,92.99,-5.6,-0,-1,130.98,120.94,131.45,24.92,Cornering,"Hoosier 43075 16x7.5-10 R20, 7 inch rim",15712
78.38,658.116,-5.09,435.34,-200.06,3.997,-37.72,-1.58,-0.04,0.0254,-2.1761,12.06,-98785.54,7.63,92.94,-5.623,-0,-1.0001,130.98,120.72,131.45,24.92,Cornering,"Hoosier 43075 16x7.5-10 R20, 7 inch rim",15713
78.41,658.126,-4.23,437.4,-200.76,4,-38.63,-1.81,0.03,0.0211,-2.1787,12.02,158901.88,7.63,92.92,-5.671,-0,-1,130.96,120.67,131.41,24.92,Cornering,"Hoosier 43075 16x7.5-10 R20, 7 inch rim",15714
78.42,658.136,-3.04,438.54,-201.17,3.982,-37.9,-2.13,0.09,0.0151,-2.1799,12.03,44060.68,7.63,92.93,-5.71,-0,-0.9998,131.04,120.61,131.45,24.93,Cornering,"Hoosier 43075 16x7.5-10 R20, 7 inch rim",15715
78.38,658.146,-2.36,438.58,-199.6,4.001,-37.65,-2.49,-0.04,0.0118,-2.1973,12.09,-98878.8,7.63,92.92,-5.743,-0,-1.0001,131.07,120.63,131.45,24.94,Cornering,"Hoosier 43075 16x7.5-10 R20, 7 inch rim",15716
78.39,658.156,-1.54,438.01,-197.88,4.001,-37.26,-1.87,0.03,0.0078,-2.2136,12.19,159091.11,7.63,92.94,-5.783,-0,-1,131.09,120.61,131.51,24.95,Cornering,"Hoosier 43075 16x7.5-10 R20, 7 inch rim",15717
78.42,658.166,-1.78,437.4,-195.87,4.013,-37.88,-1.64,0.09,0.0091,-2.233,12.22,44061.61,7.62,92.95,-5.825,-0,-0.9998,131.09,120.7,131.53,24.94,Cornering,"Hoosier 43075 16x7.5-10 R20, 7 inch rim",15718
78.4,658.176,-2.3,437.68,-195.07,3.994,-37.58,-1.12,0.03,0.0118,-2.2438,12.18,158956.08,7.63,92.9,-5.865,-0,-1,131.19,120.72,131.57,24.93,Cornering,"Hoosier 43075 16x7.5-10 R20, 7 inch rim",15719
78.39,658.186,-3.4,438.93,-195.09,3.991,-36.9,-0.67,-0.11,0.0174,-2.2499,12.11,-37687.88,7.63,92.86,-5.903,-0,-1.0002,131.34,120.83,131.71,24.93,Cornering,"Hoosier 43075 16x7.5-10 R20, 7 inch rim",15720
78.4,658.196,-4.59,440.03,-195.48,3.996,-37.34,-0.55,-0.04,0.0235,-2.251,12.06,-98862.6,7.63,92.81,-5.955,-0,-1.0001,131.56,120.83,131.85,24.95,Cornering,"Hoosier 43075 16x7.5-10 R20, 7 inch rim",15721
78.42,658.206,-5.82,441.94,-196.26,4,-37.18,-0.64,0.03,0.0297,-2.2519,11.99,159144.59,7.63,92.82,-5.975,-0,-1,131.52,120.72,131.91,24.97,Cornering,"Hoosier 43075 16x7.5-10 R20, 7 inch rim",15722
78.39,658.216,-6.61,444.03,-197.17,3.99,-37.68,-0.91,0.09,0.0335,-2.252,11.98,44116.31,7.63,92.8,-6.028,-0,-0.9998,131.54,120.5,132.01,24.98,Cornering,"Hoosier 43075 16x7.5-10 R20, 7 inch rim",15723
78.39,658.226,-6.61,446.14,-198.68,3.988,-38.52,-1.07,0.03,0.0333,-2.2455,12.06,159227.38,7.63,92.82,-6.067,-0,-1,131.54,120.37,132.09,24.98,Cornering,"Hoosier 43075 16x7.5-10 R20, 7 inch rim",15724
78.42,658.236,-5.75,447.92,-199.88,3.988,-39.21,-1.01,0.03,0.0288,-2.241,12.14,159106.38,7.63,92.85,-6.1,-0,-1,131.45,120.23,132.09,24.97,Cornering,"Hoosier 43075 16x7.5-10 R20, 7 inch rim",15725
78.4,658.246,-4.79,449.04,-200.45,3.994,-38.61,-1.18,0.03,0.0239,-2.2402,12.22,159095.7,7.62,92.89,-6.134,-0,-1,131.54,120.15,132.17,24.97,Cornering,"Hoosier 43075 16x7.5-10 R20, 7 inch rim",15726
78.38,658.256,-3.14,448.7,-199.91,3.998,-38.36,-0.86,-0.04,0.0157,-2.2445,12.22,-98841.95,7.62,92.93,-6.183,-0,-1.0001,131.49,120.19,132.28,24.96,Cornering,"Hoosier 43075 16x7.5-10 R20, 7 inch rim",15727
78.4,658.266,-2.5,448.13,-198.18,3.997,-37.77,-0.9,0.03,0.0126,-2.2612,12.18,158994.45,7.62,92.94,-6.221,-0,-1,131.56,120.19,132.32,24.96,Cornering,"Hoosier 43075 16x7.5-10 R20, 7 inch rim",15728
78.42,658.276,-2.36,447.59,-196.63,3.988,-36.85,-0.66,0.03,0.012,-2.2763,12.12,158979.5,7.62,92.93,-6.269,-0,-1,131.58,120.32,132.38,24.96,Cornering,"Hoosier 43075 16x7.5-10 R20, 7 inch rim",15729
78.39,658.286,-2.66,447.79,-195.36,4.006,-37.09,-0.03,0.03,0.0136,-2.2922,12.04,158969,7.62,92.92,-6.301,-0,-1,131.67,120.43,132.4,24.96,Cornering,"Hoosier 43075 16x7.5-10 R20, 7 inch rim",15730
78.39,658.296,-3.35,448.82,-194.59,4.01,-37.54,0.44,0.03,0.0172,-2.3065,12.01,158918.31,7.62,92.93,-6.344,-0,-1,131.77,120.48,132.52,24.95,Cornering,"Hoosier 43075 16x7.5-10 R20, 7 inch rim",15731
78.41,658.306,-4.63,450.08,-194.58,3.996,-37.79,0.48,0.03,0.0238,-2.313,12.05,158870.78,7.62,92.89,-6.377,-0,-1,131.97,120.52,132.64,24.94,Cornering,"Hoosier 43075 16x7.5-10 R20, 7 inch rim",15732
78.4,658.316,-5.57,451.2,-195.25,3.997,-38.42,0.76,0.16,0.0285,-2.3109,12.14,25544.4,7.62,92.88,-6.422,-0,-0.9997,132.01,120.43,132.74,24.94,Cornering,"Hoosier 43075 16x7.5-10 R20, 7 inch rim",15733
78.38,658.326,-6.52,452.98,-196.38,3.993,-38.61,0.69,0.03,0.0332,-2.3067,12.17,158919.5,7.62,92.85,-6.455,-0,-1,131.99,120.19,132.84,24.96,Cornering,"Hoosier 43075 16x7.5-10 R20, 7 inch rim",15734
78.4,658.336,-6.86,454.48,-198.06,3.993,-39.17,0.68,0.03,0.0347,-2.2946,12.18,159015.66,7.62,92.84,-6.499,-0,-1,131.97,119.99,132.92,24.97,Cornering,"Hoosier 43075 16x7.5-10 R20, 7 inch rim",15735
78.42,658.346,-6.23,456.59,-199.61,4.003,-39.11,0.83,0.03,0.0312,-2.2874,12.11,159001,7.62,92.8,-6.543,-0,-1,131.94,119.86,132.96,24.97,Cornering,"Hoosier 43075 16x7.5-10 R20, 7 inch rim",15736
78.39,658.356,-4.87,457.12,-200.6,3.996,-39.27,1.21,0.03,0.0243,-2.2788,12.05,158911.48,7.62,92.76,-6.591,-0,-1,131.94,119.79,132.98,24.96,Cornering,"Hoosier 43075 16x7.5-10 R20, 7 inch rim",15737
78.38,658.366,-3.35,457.1,-200.1,3.996,-38.75,1.58,0.03,0.0167,-2.2843,11.99,158904.31,7.62,92.72,-6.612,-0,-1,132.05,119.82,133.02,24.96,Cornering,"Hoosier 43075 16x7.5-10 R20, 7 inch rim",15738
78.42,658.376,-2.67,456.39,-198.53,3.993,-38.06,1.45,0.03,0.0134,-2.2989,12.03,158848.17,7.62,92.74,-6.669,-0,-1,132.07,119.88,133.08,24.96,Cornering,"Hoosier 43075 16x7.5-10 R20, 7 inch rim",15739
78.41,658.386,-2.63,455.67,-197.12,4.004,-37.16,1.76,-0.04,0.0133,-2.3117,12.1,-98830.69,7.61,92.76,-6.691,-0,-1.0001,132.09,119.95,133.12,24.98,Cornering,"Hoosier 43075 16x7.5-10 R20, 7 inch rim",15740
78.38,658.396,-2.7,455.43,-195.49,3.993,-37.26,2.55,0.03,0.0138,-2.3297,12.19,159117.05,7.62,92.77,-6.747,-0,-1,132.14,120.04,133.14,25,Cornering,"Hoosier 43075 16x7.5-10 R20, 7 inch rim",15741
78.39,658.406,-3.48,455.82,-194.77,4.006,-38.03,3.04,0.03,0.0178,-2.3403,12.22,159067.91,7.61,92.84,-6.783,-0,-1,132.37,120.15,133.25,25,Cornering,"Hoosier 43075 16x7.5-10 R20, 7 inch rim",15742
78.41,658.416,-4.57,456.88,-194.3,4.003,-38.55,3.46,-0.11,0.0235,-2.3514,12.18,-37680.05,7.61,92.86,-6.808,-0,-1.0002,132.59,120.17,133.43,24.97,Cornering,"Hoosier 43075 16x7.5-10 R20, 7 inch rim",15743
78.4,658.426,-5.71,458.19,-195.39,4.003,-38.36,3.67,-0.04,0.0292,-2.345,12.13,-98748.54,7.61,92.91,-6.861,-0,-1.0001,132.65,120.06,133.59,24.97,Cornering,"Hoosier 43075 16x7.5-10 R20, 7 inch rim",15744
78.38,658.436,-6.62,460.08,-195.99,4.003,-38.94,3.53,-0.04,0.0338,-2.3475,12.05,-98761.55,7.61,92.96,-6.907,-0,-1.0001,132.65,119.86,133.77,24.97,Cornering,"Hoosier 43075 16x7.5-10 R20, 7 inch rim",15745
78.41,658.446,-7.55,461.61,-197.87,3.99,-39.65,2.82,0.03,0.0382,-2.3329,12,159009.72,7.61,92.98,-6.95,-0,-1,132.67,119.68,133.87,25,Cornering,"Hoosier 43075 16x7.5-10 R20, 7 inch rim",15746
78.41,658.456,-6.87,463.69,-199.34,4.016,-40.04,3.15,-0.04,0.0344,-2.3261,12.01,-98950.64,7.61,92.96,-6.986,-0,-1.0001,132.61,119.55,133.99,25.03,Cornering,"Hoosier 43075 16x7.5-10 R20, 7 inch rim",15747
78.39,658.466,-5.78,464.9,-200.56,3.988,-39.79,3.05,-0.11,0.0288,-2.3179,12.07,-37784.51,7.61,92.93,-7.025,-0,-1.0002,132.72,119.51,134.05,25.05,Cornering,"Hoosier 43075 16x7.5-10 R20, 7 inch rim",15748
78.39,658.476,-4.27,465.17,-200.25,4.006,-39.05,3.5,0.16,0.0213,-2.3229,12.15,25627.92,7.61,92.89,-7.062,-0,-0.9997,132.74,119.51,134.07,25.05,Cornering,"Hoosier 43075 16x7.5-10 R20, 7 inch rim",15749
78.42,658.486,-3.29,463.71,-199.18,4.004,-38.53,3.44,0.03,0.0165,-2.3281,12.17,159283.44,7.61,92.83,-7.113,-0,-1,132.87,119.55,134.2,25.05,Cornering,"Hoosier 43075 16x7.5-10 R20, 7 inch rim",15750
78.4,658.496,-2.92,462.4,-197.77,4.001,-37.33,3.37,0.03,0.0148,-2.338,12.16,159162.03,7.61,92.82,-7.143,-0,-1,132.91,119.6,134.34,25.03,Cornering,"Hoosier 43075 16x7.5-10 R20, 7 inch rim",15751
78.38,658.506,-3.13,461.36,-195.91,3.993,-37.89,3.72,-0.04,0.016,-2.355,12.13,-98859.84,7.61,92.83,-7.188,-0,-1.0001,132.93,119.75,134.42,25.01,Cornering,"Hoosier 43075 16x7.5-10 R20, 7 inch rim",15752
78.41,658.516,-3.81,461.77,-195.26,4,-37.78,4.21,-0.04,0.0195,-2.3649,12.08,-98804.95,7.61,92.81,-7.228,-0,-1.0001,133.04,119.84,134.56,25,Cornering,"Hoosier 43075 16x7.5-10 R20, 7 inch rim",15753
78.42,658.526,-4.63,462.88,-195.55,3.994,-38.1,4.7,0.09,0.0237,-2.3671,12.06,44042.1,7.61,92.81,-7.262,-0,-0.9998,133.27,119.88,134.76,25,Cornering,"Hoosier 43075 16x7.5-10 R20, 7 inch rim",15754
78.38,658.536,-5.55,464.28,-195.68,3.994,-38.75,5.18,0.09,0.0284,-2.3726,12.08,44047.93,7.61,92.79,-7.305,-0,-0.9998,133.38,119.79,135,25.01,Cornering,"Hoosier 43075 16x7.5-10 R20, 7 inch rim",15755
78.39,658.546,-6.49,465.7,-196.51,4.01,-39.68,5.2,-0.11,0.033,-2.3699,12.15,-37679.13,7.61,92.78,-7.335,-0,-1.0002,133.45,119.62,135.19,25,Cornering,"Hoosier 43075 16x7.5-10 R20, 7 inch rim",15756
78.42,658.556,-6.81,467.49,-197.69,4.003,-40.06,5.37,0.09,0.0344,-2.3647,12.22,44030.08,7.6,92.77,-7.38,-0,-0.9998,133.36,119.42,135.31,25,Cornering,"Hoosier 43075 16x7.5-10 R20, 7 inch rim",15757
78.4,658.566,-6.68,468.82,-199.11,3.998,-40.9,5.44,-0.04,0.0336,-2.3545,12.25,-98714.74,7.61,92.78,-7.421,-0,-1.0001,133.34,119.24,135.43,24.99,Cornering,"Hoosier 43075 16x7.5-10 R20, 7 inch rim",15758
78.37,658.576,-6.13,470.3,-200.42,4.003,-39.9,5.26,0.03,0.0306,-2.3466,12.25,158672.69,7.61,92.82,-7.471,-0,-1,133.36,119.07,135.55,24.97,Cornering,"Hoosier 43075 16x7.5-10 R20, 7 inch rim",15759
78.4,658.586,-4.73,469.88,-200.91,3.998,-39.54,5.38,-0.04,0.0236,-2.3388,12.19,-98601.75,7.6,92.86,-7.513,-0,-1.0001,133.43,119.07,135.59,24.97,Cornering,"Hoosier 43075 16x7.5-10 R20, 7 inch rim",15760
78.42,658.596,-3.36,468.63,-200.51,3.993,-38.23,5.61,-0.04,0.0167,-2.3372,12.08,-98571.44,7.61,92.88,-7.544,-0,-1.0001,133.51,119.05,135.67,24.96,Cornering,"Hoosier 43075 16x7.5-10 R20, 7 inch rim",15761
78.39,658.606,-2.79,467.12,-198.79,4,-37.96,5.62,-0.04,0.0141,-2.3498,12,-98538.39,7.6,92.91,-7.587,-0,-1.0001,133.58,119.09,135.77,24.96,Cornering,"Hoosier 43075 16x7.5-10 R20, 7 inch rim",15762
78.39,658.616,-2.87,465.95,-197.47,4.001,-38.14,5.61,0.03,0.0145,-2.3595,11.95,158541.94,7.6,92.92,-7.622,-0,-1,133.62,119.2,135.89,24.96,Cornering,"Hoosier 43075 16x7.5-10 R20, 7 inch rim",15763
78.42,658.626,-3.63,465.84,-196.17,4.012,-39,5.81,0.09,0.0185,-2.3747,12,43928.28,7.6,92.9,-7.669,-0,-0.9998,133.77,119.33,135.99,24.96,Cornering,"Hoosier 43075 16x7.5-10 R20, 7 inch rim",15764
78.41,658.636,-4.44,466.46,-196.04,4.004,-39.41,6.29,-0.04,0.0227,-2.3794,12.07,-98530.45,7.6,92.88,-7.716,-0,-1.0001,134.05,119.44,136.22,24.96,Cornering,"Hoosier 43075 16x7.5-10 R20, 7 inch rim",15765
78.37,658.646,-5.42,467.52,-195.7,4.006,-39.93,6.68,0.09,0.0277,-2.3889,12.14,43919.2,7.6,92.84,-7.753,-0,-0.9998,134.3,119.44,136.4,24.96,Cornering,"Hoosier 43075 16x7.5-10 R20, 7 inch rim",15766
78.4,658.656,-6.39,469.11,-196.34,4.003,-39.9,6.71,0.03,0.0325,-2.3893,12.14,158443.61,7.6,92.85,-7.781,-0,-1,134.35,119.46,136.66,24.96,Cornering,"Hoosier 43075 16x7.5-10 R20, 7 inch rim",15767
78.42,658.666,-7.32,470.59,-197.38,3.991,-39.68,6.32,0.03,0.0371,-2.3841,12.12,158352.05,7.6,92.85,-7.826,-0,-1,134.39,119.33,136.84,24.94,Cornering,"Hoosier 43075 16x7.5-10 R20, 7 inch rim",15768
78.4,658.676,-7.45,472.69,-198.74,3.997,-39.39,6.58,-0.11,0.0375,-2.3785,12.04,-37526.34,7.6,92.86,-7.865,-0,-1.0002,134.39,119.2,136.94,24.93,Cornering,"Hoosier 43075 16x7.5-10 R20, 7 inch rim",15769
78.39,658.686,-6.91,474.17,-199.99,3.996,-39.58,6.67,0.16,0.0345,-2.371,11.99,25452.47,7.6,92.87,-7.904,-0,-0.9997,134.43,119.11,137,24.93,Cornering,"Hoosier 43075 16x7.5-10 R20, 7 inch rim",15770
78.42,658.696,-5.62,474.06,-200.95,4.009,-39.39,7.14,0.03,0.028,-2.3591,12,158304.44,7.6,92.88,-7.947,-0,-1,134.5,119.16,137.09,24.94,Cornering,"Hoosier 43075 16x7.5-10 R20, 7 inch rim",15771
78.42,658.706,-4.71,472.53,-200.95,3.997,-38.96,6.92,-0.04,0.0234,-2.3515,12.07,-98488.38,7.6,92.88,-7.981,-0,-1.0001,134.65,119.16,137.19,24.97,Cornering,"Hoosier 43075 16x7.5-10 R20, 7 inch rim",15772
78.39,658.716,-3.7,470.29,-200.02,4.004,-38.4,7.13,0.03,0.0185,-2.3513,12.16,158494.12,7.6,92.86,-8.024,-0,-1,134.82,119.24,137.33,24.98,Cornering,"Hoosier 43075 16x7.5-10 R20, 7 inch rim",15773
78.4,658.726,-3.64,468.77,-198.03,4.001,-39.03,7.06,0.09,0.0184,-2.3671,12.18,43914.93,7.6,92.86,-8.07,-0,-0.9998,134.99,119.24,137.45,24.98,Cornering,"Hoosier 43075 16x7.5-10 R20, 7 inch rim",15774
78.43,658.736,-3.65,468.58,-197.22,3.993,-38.53,7.67,0.03,0.0185,-2.3759,12.17,158275.47,7.6,92.86,-8.11,-0,-1,135.12,119.4,137.53,24.95,Cornering,"Hoosier 43075 16x7.5-10 R20, 7 inch rim",15775
78.4,658.746,-4.8,469.29,-196.55,4.003,-39.15,7.72,-0.04,0.0244,-2.3876,12.12,-98402.7,7.6,92.85,-8.14,-0,-1.0001,135.44,119.49,137.71,24.96,Cornering,"Hoosier 43075 16x7.5-10 R20, 7 inch rim",15776
78.38,658.756,-5.79,471.29,-196.19,4,-39.5,8.08,-0.04,0.0295,-2.4022,12.04,-98343.87,7.6,92.82,-8.191,-0,-1.0001,135.66,119.46,137.91,24.94,Cornering,"Hoosier 43075 16x7.5-10 R20, 7 inch rim",15777
78.42,658.766,-6.86,473.34,-196.76,4.004,-39.31,8.12,0.09,0.0348,-2.4057,11.97,43836.45,7.6,92.83,-8.223,-0,-0.9998,135.81,119.42,138.12,24.94,Cornering,"Hoosier 43075 16x7.5-10 R20, 7 inch rim",15778
78.41,658.776,-7.5,475.58,-197.58,3.991,-39.15,8.29,-0.04,0.0379,-2.407,11.99,-98324.78,7.6,92.81,-8.266,-0,-1.0001,135.81,119.29,138.3,24.94,Cornering,"Hoosier 43075 16x7.5-10 R20, 7 inch rim",15779
78.38,658.786,-7.96,477.37,-198.83,3.993,-39.28,8.05,-0.04,0.04,-2.4009,12.03,-98381.86,7.6,92.85,-8.31,-0,-1.0001,135.79,119.07,138.44,24.96,Cornering,"Hoosier 43075 16x7.5-10 R20, 7 inch rim",15780
78.39,658.796,-7.57,477.9,-200.17,4.001,-40.14,8.35,0.03,0.0378,-2.3875,12.09,158251.52,7.6,92.86,-8.346,-0,-1,135.83,118.94,138.48,24.96,Cornering,"Hoosier 43075 16x7.5-10 R20, 7 inch rim",15781
78.41,658.806,-6.44,477.22,-201.55,3.993,-40.28,8.59,0.09,0.0319,-2.3678,12.14,43828.48,7.6,92.84,-8.38,-0,-0.9998,135.85,118.89,138.6,24.95,Cornering,"Hoosier 43075 16x7.5-10 R20, 7 inch rim",15782
78.4,658.816,-5.12,475.08,-202.11,3.993,-39.89,8.72,-0.04,0.0253,-2.3506,12.11,-98352.38,7.6,92.8,-8.423,-0,-1.0001,135.94,118.89,138.68,24.96,Cornering,"Hoosier 43075 16x7.5-10 R20, 7 inch rim",15783
78.38,658.826,-3.97,472.22,-201.05,3.998,-39.84,8.86,-0.04,0.0198,-2.3488,12.08,-98362.78,7.59,92.74,-8.471,-0,-1.0001,136.04,118.94,138.78,24.97,Cornering,"Hoosier 43075 16x7.5-10 R20, 7 inch rim",15784
78.41,658.836,-3.28,470.15,-200.08,3.991,-39.14,9.03,0.03,0.0164,-2.3498,12.03,158367.47,7.6,92.71,-8.506,-0,-1,136.24,119,138.9,24.99,Cornering,"Hoosier 43075 16x7.5-10 R20, 7 inch rim",15785
78.42,658.846,-3.52,469.85,-198.16,4.006,-39.24,9.27,0.03,0.0178,-2.3711,12.02,158353.39,7.59,92.64,-8.539,-0,-1,136.34,119.11,139.07,24.99,Cornering,"Hoosier 43075 16x7.5-10 R20, 7 inch rim",15786
78.38,658.856,-4.24,470.78,-197.76,3.993,-38.84,9.44,-0.04,0.0214,-2.3806,12.07,-98400.08,7.6,92.61,-8.588,-0,-1.0001,136.56,119.24,139.23,24.98,Cornering,"Hoosier 43075 16x7.5-10 R20, 7 inch rim",15787
78.39,658.866,-5.43,472.45,-197.39,3.998,-39.15,9.56,-0.04,0.0275,-2.3935,12.12,-98365.35,7.59,92.58,-8.632,-0,-1.0001,136.88,119.29,139.45,24.98,Cornering,"Hoosier 43075 16x7.5-10 R20, 7 inch rim",15788
78.42,658.876,-6.38,474.65,-197.62,3.997,-38.6,9.83,0.09,0.0323,-2.4018,12.17,43856.7,7.6,92.58,-8.658,-0,-0.9998,137.07,119.2,139.71,24.98,Cornering,"Hoosier 43075 16x7.5-10 R20, 7 inch rim",15789
78.41,658.886,-7.04,476.37,-197.81,3.996,-39.13,9.84,0.03,0.0356,-2.4082,12.15,158173.98,7.59,92.56,-8.7,-0,-1,137.16,119.05,140,24.97,Cornering,"Hoosier 43075 16x7.5-10 R20, 7 inch rim",15790
78.38,658.896,-7.57,477.69,-199.22,3.998,-39.53,9.79,0.03,0.038,-2.3979,12.11,158150.22,7.59,92.54,-8.754,-0,-1,137.14,118.91,140.08,24.97,Cornering,"Hoosier 43075 16x7.5-10 R20, 7 inch rim",15791
78.4,658.906,-7.47,478.68,-200.27,4.001,-40.26,10.01,0.03,0.0373,-2.3902,12.03,158026.91,7.59,92.55,-8.784,-0,-1,137.14,118.76,140.22,24.96,Cornering,"Hoosier 43075 16x7.5-10 R20, 7 inch rim",15792
78.42,658.916,-6.93,478.44,-201.52,4.001,-40.76,9.91,-0.04,0.0344,-2.3742,11.97,-98173.98,7.59,92.5,-8.833,-0,-1.0001,137.18,118.63,140.26,24.94,Cornering,"Hoosier 43075 16x7.5-10 R20, 7 inch rim",15793
78.39,658.926,-5.6,476.97,-202.6,3.998,-40.4,10.24,-0.04,0.0276,-2.3542,11.97,-98142.52,7.59,92.47,-8.864,-0,-1.0001,137.27,118.69,140.36,24.94,Cornering,"Hoosier 43075 16x7.5-10 R20, 7 inch rim",15794
78.39,658.936,-4.64,474.76,-201.95,3.996,-40.46,9.96,-0.04,0.023,-2.3509,12,-98153.87,7.59,92.45,-8.906,-0,-1.0001,137.33,118.76,140.5,24.94,Cornering,"Hoosier 43075 16x7.5-10 R20, 7 inch rim",15795
78.42,658.946,-3.79,472.66,-200.75,3.997,-40.02,10.32,-0.04,0.0189,-2.3545,12.06,-98257.98,7.59,92.42,-8.942,-0,-1.0001,137.54,118.85,140.62,24.97,Cornering,"Hoosier 43075 16x7.5-10 R20, 7 inch rim",15796
78.41,658.956,-4.02,471.82,-199.47,3.994,-39.1,10.2,-0.11,0.0202,-2.3654,12.13,-37484.29,7.59,92.4,-8.982,-0,-1.0002,137.72,118.98,140.84,24.98,Cornering,"Hoosier 43075 16x7.5-10 R20, 7 inch rim",15797
78.38,658.966,-4.88,472.69,-198.36,3.988,-38.49,10.26,0.03,0.0246,-2.383,12.13,158137.95,7.59,92.38,-9.029,-0,-1,137.91,119.09,141.07,24.99,Cornering,"Hoosier 43075 16x7.5-10 R20, 7 inch rim",15798
78.4,658.976,-5.52,474.19,-197.78,3.998,-38.98,10.85,-0.04,0.0279,-2.3975,12.12,-98315.1,7.59,92.38,-9.063,-0,-1.0001,138.21,119.2,141.33,25,Cornering,"Hoosier 43075 16x7.5-10 R20, 7 inch rim",15799
78.42,658.986,-6.53,476.36,-197.5,3.984,-39.05,10.93,-0.04,0.0331,-2.4119,12.06,-98258.6,7.59,92.39,-9.102,-0,-1.0001,138.53,119.27,141.61,24.98,Cornering,"Hoosier 43075 16x7.5-10 R20, 7 inch rim",15800
78.4,658.996,-7.32,478.27,-198.36,3.994,-38.74,11.08,-0.18,0.0369,-2.4111,11.98,-23142.87,7.59,92.37,-9.145,-0,-1.0003,138.68,119.13,141.89,24.97,Cornering,"Hoosier 43075 16x7.5-10 R20, 7 inch rim",15801
78.38,659.006,-8.01,479.88,-199.25,3.991,-38.98,11.17,-0.04,0.0402,-2.4084,11.96,-98094.17,7.59,92.33,-9.199,-0,-1.0001,138.64,119.07,142.06,24.95,Cornering,"Hoosier 43075 16x7.5-10 R20, 7 inch rim",15802
78.41,659.016,-8.01,480.71,-200.38,3.996,-40.24,11.37,0.16,0.04,-2.3989,11.97,25396.79,7.59,92.32,-9.225,-0,-0.9997,138.64,118.91,142.08,24.97,Cornering,"Hoosier 43075 16x7.5-10 R20, 7 inch rim",15803
78.41,659.026,-7.48,480.69,-202.5,3.996,-40.24,11.58,-0.04,0.0369,-2.3737,12.07,-98165.21,7.59,92.3,-9.27,-0,-1.0001,138.66,118.74,142.18,24.97,Cornering,"Hoosier 43075 16x7.5-10 R20, 7 inch rim",15804
78.38,659.036,-6.48,479.46,-202.67,3.985,-41.12,11.38,0.03,0.032,-2.3657,12.16,157902,7.59,92.28,-9.304,-0,-1,138.75,118.74,142.26,24.97,Cornering,"Hoosier 43075 16x7.5-10 R20, 7 inch rim",15805
78.4,659.046,-5.09,477.25,-202.37,4.001,-41.13,11.39,0.03,0.0252,-2.3583,12.22,157887.34,7.59,92.26,-9.336,-0,-1,138.77,118.78,142.32,24.97,Cornering,"Hoosier 43075 16x7.5-10 R20, 7 inch rim",15806
78.42,659.056,-3.98,474.75,-201.96,4,-40.05,11.29,0.03,0.0197,-2.3507,12.19,157785.27,7.59,92.28,-9.397,-0,-1,138.9,118.87,142.48,24.96,Cornering,"Hoosier 43075 16x7.5-10 R20, 7 inch rim",15807
78.4,659.066,-3.42,473.87,-200.2,4.004,-39.03,11.58,0.03,0.0171,-2.367,12.12,157659.89,7.59,92.24,-9.43,-0,-1,139.07,118.91,142.66,24.94,Cornering,"Hoosier 43075 16x7.5-10 R20, 7 inch rim",15808
78.38,659.076,-3.96,473.95,-198.86,3.997,-38.72,11.63,-0.11,0.0199,-2.3834,12.03,-37377.67,7.59,92.22,-9.48,-0,-1.0002,139.26,119.07,142.86,24.94,Cornering,"Hoosier 43075 16x7.5-10 R20, 7 inch rim",15809
78.4,659.086,-4.65,474.67,-198.06,3.997,-39.1,12.4,0.09,0.0235,-2.3966,11.97,43678.59,7.59,92.2,-9.509,-0,-0.9998,139.56,119.27,143.09,24.94,Cornering,"Hoosier 43075 16x7.5-10 R20, 7 inch rim",15810
78.41,659.096,-5.91,476.57,-198.43,3.991,-38.38,12.36,0.03,0.0298,-2.4017,11.95,157562.98,7.59,92.17,-9.557,-0,-1,139.88,119.33,143.37,24.94,Cornering,"Hoosier 43075 16x7.5-10 R20, 7 inch rim",15811
78.38,659.106,-6.8,478.44,-198.38,3.984,-39.22,12.69,-0.04,0.0343,-2.4117,12.04,-97980.31,7.59,92.16,-9.59,-0,-1.0001,140.12,119.24,143.63,24.95,Cornering,"Hoosier 43075 16x7.5-10 R20, 7 inch rim",15812
78.4,659.116,-7.52,479.56,-199.3,3.994,-39.65,12.96,-0.04,0.0377,-2.4062,12.12,-97993.7,7.59,92.16,-9.622,-0,-1.0001,140.05,119.16,143.83,24.96,Cornering,"Hoosier 43075 16x7.5-10 R20, 7 inch rim",15813
78.42,659.126,-8.32,480.55,-200.3,3.993,-40.84,12.52,0.03,0.0415,-2.3991,12.19,157691.84,7.59,92.23,-9.671,-0,-1,139.99,119,143.94,24.97,Cornering,"Hoosier 43075 16x7.5-10 R20, 7 inch rim",15814
78.4,659.136,-8.08,480.95,-201.97,4.004,-40.84,12.71,-0.04,0.04,-2.3813,12.18,-98083.47,7.58,92.26,-9.702,-0,-1.0001,139.93,118.89,144,24.98,Cornering,"Hoosier 43075 16x7.5-10 R20, 7 inch rim",15815
78.39,659.146,-7.28,480.59,-203.51,4.004,-40.26,12.47,-0.04,0.0358,-2.3614,12.12,-98069.66,7.58,92.25,-9.748,-0,-1.0001,139.99,118.83,144.02,24.98,Cornering,"Hoosier 43075 16x7.5-10 R20, 7 inch rim",15816
78.41,659.156,-5.68,479.06,-203.68,3.994,-40.45,12.31,0.09,0.0279,-2.352,12.05,43710.45,7.59,92.25,-9.802,-0,-0.9998,140.08,118.85,144.1,24.98,Cornering,"Hoosier 43075 16x7.5-10 R20, 7 inch rim",15817
78.42,659.166,-4.14,477.39,-202.11,4.006,-40.24,12.44,0.03,0.0205,-2.3621,12.02,157687.09,7.58,92.24,-9.831,-0,-1,140.25,118.89,144.26,24.98,Cornering,"Hoosier 43075 16x7.5-10 R20, 7 inch rim",15818
78.39,659.176,-3.63,476.1,-200.88,3.991,-39.23,12.24,0.03,0.0181,-2.37,12.03,157741.27,7.59,92.24,-9.87,-0,-1,140.36,118.96,144.46,24.99,Cornering,"Hoosier 43075 16x7.5-10 R20, 7 inch rim",15819
78.39,659.186,-4.06,476.02,-199.28,3.985,-38.78,12.02,0.03,0.0204,-2.3886,12.07,157682.8,7.59,92.19,-9.914,-0,-1,140.57,119.07,144.64,24.98,Cornering,"Hoosier 43075 16x7.5-10 R20, 7 inch rim",15820
78.42,659.196,-4.49,476.27,-198.69,3.994,-39.05,12.67,0.03,0.0226,-2.3971,12.14,157666.5,7.58,92.19,-9.947,-0,-1,140.87,119.22,144.89,24.98,Cornering,"Hoosier 43075 16x7.5-10 R20, 7 inch rim",15821
78.4,659.206,-5.75,477.17,-198.22,3.993,-39.77,12.97,0.03,0.029,-2.4073,12.15,157681.72,7.58,92.21,-9.99,-0,-1,141.23,119.33,145.23,24.99,Cornering,"Hoosier 43075 16x7.5-10 R20, 7 inch rim",15822
78.38,659.216,-6.38,478.43,-198.69,4,-39.72,13.56,-0.04,0.0321,-2.408,12.13,-97961.81,7.58,92.27,-10.026,-0,-1.0001,141.58,119.29,145.51,24.98,Cornering,"Hoosier 43075 16x7.5-10 R20, 7 inch rim",15823
78.4,659.226,-7.29,479.66,-198.62,3.994,-40.93,13.71,0.09,0.0367,-2.4149,12.06,43633.96,7.58,92.35,-10.064,-0,-0.9998,141.71,119.24,145.82,24.96,Cornering,"Hoosier 43075 16x7.5-10 R20, 7 inch rim",15824
78.42,659.236,-7.96,480.55,-200.2,3.991,-40.44,13.51,-0.11,0.0398,-2.4003,11.98,-37312.98,7.58,92.43,-10.114,-0,-1.0002,141.75,119.09,145.94,24.95,Cornering,"Hoosier 43075 16x7.5-10 R20, 7 inch rim",15825
78.39,659.246,-8.23,481.42,-201.69,3.991,-40.5,13.34,0.03,0.0408,-2.3869,11.96,157130.39,7.58,92.47,-10.142,-0,-1,141.73,118.98,146,24.92,Cornering,"Hoosier 43075 16x7.5-10 R20, 7 inch rim",15826
78.38,659.256,-7.67,481.65,-202.92,3.993,-40.66,13.45,0.03,0.0378,-2.3736,12,157107.27,7.58,92.49,-10.187,-0,-1,141.86,118.91,146.02,24.92,Cornering,"Hoosier 43075 16x7.5-10 R20, 7 inch rim",15827
78.42,659.266,-6.55,480.9,-203.51,3.997,-40.55,13.2,-0.11,0.0322,-2.363,12.07,-37255.05,7.58,92.5,-10.236,-0,-1.0002,141.92,118.89,146.1,24.92,Cornering,"Hoosier 43075 16x7.5-10 R20, 7 inch rim",15828
78.4,659.276,-5.01,478.87,-203.31,4.001,-40.28,13.33,0.09,0.0246,-2.3554,12.16,43534.99,7.58,92.52,-10.265,-0,-0.9998,142.03,118.91,146.16,24.92,Cornering,"Hoosier 43075 16x7.5-10 R20, 7 inch rim",15829
78.38,659.286,-4.33,476.94,-202.21,4.006,-39.46,13.02,0.03,0.0214,-2.3587,12.18,157187.81,7.58,92.52,-10.316,-0,-1,142.24,119,146.3,24.94,Cornering,"Hoosier 43075 16x7.5-10 R20, 7 inch rim",15830
78.4,659.296,-4.37,475.43,-200.3,4.003,-39.56,12.94,0.09,0.0218,-2.3735,12.17,43552.98,7.58,92.53,-10.352,-0,-0.9998,142.5,119.02,146.48,24.94,Cornering,"Hoosier 43075 16x7.5-10 R20, 7 inch rim",15831
78.42,659.306,-4.85,475.09,-199.68,3.994,-39.26,13.42,-0.11,0.0243,-2.3792,12.11,-37272.32,7.58,92.53,-10.379,-0,-1.0002,142.82,119.18,146.66,24.94,Cornering,"Hoosier 43075 16x7.5-10 R20, 7 inch rim",15832
78.4,659.316,-5.47,475.24,-199.75,3.998,-38.94,14.32,-0.11,0.0274,-2.3792,12.04,-37266,7.58,92.55,-10.431,-0,-1.0002,143.14,119.24,146.99,24.94,Cornering,"Hoosier 43075 16x7.5-10 R20, 7 inch rim",15833
78.38,659.326,-6.14,476.46,-199.27,3.99,-39.87,14.92,0.03,0.0308,-2.391,12,157253.28,7.58,92.55,-10.472,-0,-1,143.51,119.29,147.27,24.96,Cornering,"Hoosier 43075 16x7.5-10 R20, 7 inch rim",15834
78.41,659.336,-7.32,477.88,-199.86,4,-39.6,14.76,-0.04,0.0366,-2.3911,12.04,-97806.67,7.58,92.55,-10.514,-0,-1.0001,143.72,119.2,147.51,24.98,Cornering,"Hoosier 43075 16x7.5-10 R20, 7 inch rim",15835
78.42,659.346,-7.82,479.03,-200.86,3.997,-39.69,14.94,-0.04,0.0389,-2.3849,12.06,-97843.66,7.58,92.53,-10.54,-0,-1.0001,143.79,119.07,147.69,24.99,Cornering,"Hoosier 43075 16x7.5-10 R20, 7 inch rim",15836
78.38,659.356,-8.43,480.17,-201.6,3.991,-40.21,14.52,0.03,0.0418,-2.3818,12.12,157378.11,7.58,92.53,-10.583,-0,-1,143.72,118.94,147.76,24.99,Cornering,"Hoosier 43075 16x7.5-10 R20, 7 inch rim",15837
78.39,659.366,-8.13,480.4,-203.01,4,-40.72,14.51,0.03,0.04,-2.3664,12.11,157206.45,7.58,92.55,-10.631,-0,-1,143.77,118.8,147.78,24.97,Cornering,"Hoosier 43075 16x7.5-10 R20, 7 inch rim",15838
78.42,659.376,-7.13,479.72,-204.46,3.996,-40.52,14.31,-0.04,0.0349,-2.3463,12.06,-97708.8,7.58,92.53,-10.674,-0,-1.0001,143.92,118.72,147.88,24.97,Cornering,"Hoosier 43075 16x7.5-10 R20, 7 inch rim",15839
78.4,659.386,-5.89,477.73,-204.83,3.998,-40.15,13.82,-0.04,0.0288,-2.3324,12.01,-97698.87,7.58,92.55,-10.704,-0,-1.0001,143.96,118.78,147.98,24.97,Cornering,"Hoosier 43075 16x7.5-10 R20, 7 inch rim",15840
78.38,659.396,-4.62,475.15,-203.46,4.006,-40.34,13.87,0.09,0.0227,-2.3353,11.99,43556.27,7.58,92.57,-10.747,-0,-0.9998,144.07,118.85,148.1,24.97,Cornering,"Hoosier 43075 16x7.5-10 R20, 7 inch rim",15841
78.41,659.406,-4.34,473.09,-202.56,3.994,-39.69,13.75,-0.04,0.0214,-2.3355,12.02,-97674.65,7.58,92.58,-10.777,-0,-1.0001,144.3,118.94,148.3,24.97,Cornering,"Hoosier 43075 16x7.5-10 R20, 7 inch rim",15842
78.41,659.416,-4.83,472.36,-201.04,4,-39.69,13.77,-0.04,0.024,-2.3497,12.07,-97703.29,7.58,92.56,-10.827,-0,-1.0001,144.5,119.07,148.42,24.98,Cornering,"Hoosier 43075 16x7.5-10 R20, 7 inch rim",15843
78.39,659.426,-5.47,472.19,-200.75,3.998,-39.45,14.46,0.03,0.0273,-2.3522,12.13,157125.27,7.58,92.53,-10.852,-0,-1,144.8,119.27,148.62,24.97,Cornering,"Hoosier 43075 16x7.5-10 R20, 7 inch rim",15844
78.39,659.436,-6.07,473.4,-200.4,4.004,-39.21,15.24,0.03,0.0303,-2.3622,12.14,157136.98,7.58,92.5,-10.898,-0,-1,145.14,119.42,148.75,24.98,Cornering,"Hoosier 43075 16x7.5-10 R20, 7 inch rim",15845
78.41,659.446,-7.04,474.83,-200.72,3.996,-39.33,15.27,-0.04,0.0351,-2.3656,12.14,-97685.03,7.58,92.47,-10.949,-0,-1.0001,145.42,119.38,148.81,24.98,Cornering,"Hoosier 43075 16x7.5-10 R20, 7 inch rim",15846
78.4,659.456,-7.98,475.9,-200.59,3.993,-40.5,15.22,0.09,0.0398,-2.3725,12.06,43541.8,7.58,92.47,-10.979,-0,-0.9998,145.46,119.27,148.91,24.98,Cornering,"Hoosier 43075 16x7.5-10 R20, 7 inch rim",15847
78.39,659.466,-8.31,476.75,-201.92,4.004,-40.44,15.26,-0.04,0.0412,-2.3611,11.99,-97589.86,7.58,92.44,-11.029,-0,-1.0001,145.42,119.18,148.85,24.97,Cornering,"Hoosier 43075 16x7.5-10 R20, 7 inch rim",15848
78.4,659.476,-8.57,477.31,-203.28,3.994,-40.41,15.05,0.09,0.0422,-2.3481,11.95,43497.39,7.58,92.42,-11.072,-0,-0.9998,145.42,119.05,148.75,24.97,Cornering,"Hoosier 43075 16x7.5-10 R20, 7 inch rim",15849
78.42,659.486,-7.74,476.31,-204.85,4.003,-40.73,15.06,0.03,0.0378,-2.3252,11.95,156884.92,7.58,92.39,-11.092,-0,-1,145.53,119,148.7,24.96,Cornering,"Hoosier 43075 16x7.5-10 R20, 7 inch rim",15850
78.39,659.496,-6.55,474.98,-205.55,3.99,-40.59,14.89,-0.04,0.0319,-2.3107,11.97,-97508.84,7.58,92.36,-11.134,-0,-1.0001,145.57,119,148.66,24.96,Cornering,"Hoosier 43075 16x7.5-10 R20, 7 inch rim",15851
78.39,659.506,-5.41,472.6,-204.97,4,-40.9,14.73,-0.04,0.0264,-2.3057,12.05,-97490.62,7.58,92.33,-11.187,-0,-1.0001,145.68,119.09,148.66,24.96,Cornering,"Hoosier 43075 16x7.5-10 R20, 7 inch rim",15852
78.42,659.516,-4.71,470.67,-203.76,3.998,-40.17,14.61,0.03,0.0231,-2.3099,12.11,156846.89,7.58,92.35,-11.227,-0,-1,145.91,119.18,148.77,24.96,Cornering,"Hoosier 43075 16x7.5-10 R20, 7 inch rim",15853
78.4,659.526,-4.59,469.68,-202.54,3.99,-39.26,14.64,0.16,0.0227,-2.319,12.11,25235.5,7.58,92.39,-11.264,-0,-0.9997,146.13,119.33,148.97,24.97,Cornering,"Hoosier 43075 16x7.5-10 R20, 7 inch rim",15854
78.38,659.536,-5.23,469.13,-201.21,3.987,-39.64,15.02,-0.11,0.026,-2.3316,12.08,-37181.02,7.58,92.41,-11.299,-0,-1.0002,146.43,119.44,149.21,24.96,Cornering,"Hoosier 43075 16x7.5-10 R20, 7 inch rim",15855
78.4,659.546,-5.73,470.06,-201.25,3.991,-38.69,15.84,0.03,0.0285,-2.3357,12.04,156748.02,7.58,92.42,-11.339,-0,-1,146.88,119.57,149.57,24.96,Cornering,"Hoosier 43075 16x7.5-10 R20, 7 inch rim",15856
78.42,659.556,-6.55,471.1,-200.89,4.001,-39.54,16.4,-0.04,0.0326,-2.345,11.98,-97398.8,7.58,92.43,-11.386,-0,-1.0001,147.18,119.68,149.92,24.95,Cornering,"Hoosier 43075 16x7.5-10 R20, 7 inch rim",15857
78.39,659.566,-7.39,472.38,-201.52,4.004,-39.14,16.72,0.03,0.0367,-2.3441,11.94,156696.33,7.58,92.42,-11.43,-0,-1,147.35,119.57,150.24,24.96,Cornering,"Hoosier 43075 16x7.5-10 R20, 7 inch rim",15858
78.38,659.576,-8.41,473.21,-202.28,3.994,-39.78,16.3,0.09,0.0416,-2.3394,12,43436.64,7.58,92.4,-11.465,-0,-0.9998,147.33,119.38,150.52,24.97,Cornering,"Hoosier 43075 16x7.5-10 R20, 7 inch rim",15859
78.42,659.586,-8.53,473.79,-203.96,3.993,-39.93,16.56,0.16,0.0418,-2.3229,12.06,25214.32,7.58,92.39,-11.498,-0,-0.9997,147.22,119.22,150.73,24.97,Cornering,"Hoosier 43075 16x7.5-10 R20, 7 inch rim",15860
78.41,659.596,-8.13,473.69,-205.19,4.003,-40.79,16.9,0.09,0.0396,-2.3085,12.16,43475.74,7.58,92.38,-11.536,-0,-0.9998,147.31,119.13,150.89,25,Cornering,"Hoosier 43075 16x7.5-10 R20, 7 inch rim",15861
78.38,659.606,-7.05,472.52,-206.25,3.991,-41.36,16.99,0.03,0.0342,-2.291,12.19,156864.45,7.58,92.39,-11.582,-0,-1,147.39,119.07,151.05,25,Cornering,"Hoosier 43075 16x7.5-10 R20, 7 inch rim",15862
78.4,659.616,-5.33,470.95,-206.07,4.001,-41.17,17.46,-0.04,0.0259,-2.2854,12.16,-97473.4,7.58,92.41,-11.622,-0,-1.0001,147.44,119.05,151.23,24.99,Cornering,"Hoosier 43075 16x7.5-10 R20, 7 inch rim",15863
78.42,659.626,-2.56,469.73,-205.99,3.993,-38.78,19.54,0.03,0.0124,-2.2803,12.09,156639.75,7.58,92.46,-11.657,-0,-1,147.52,119.13,151.55,24.97,Cornering,"Hoosier 43075 16x7.5-10 R20, 7 inch rim",15864
78.39,659.636,0.21,468.77,-205.27,3.991,-37.13,22.49,0.03,-0.001,-2.2837,11.99,156553.78,7.58,92.5,-11.679,-0,-1,147.67,119.27,151.84,24.96,Cornering,"Hoosier 43075 16x7.5-10 R20, 7 inch rim",15865
78.38,659.646,2.77,467.9,-203.89,3.987,-37.39,26.27,-0.04,-0.0136,-2.2949,11.94,-97402.48,7.58,92.52,-11.694,-0,-1.0001,147.97,119.38,152.12,24.98,Cornering,"Hoosier 43075 16x7.5-10 R20, 7 inch rim",15866
78.41,659.656,3.13,467.78,-202.65,4.007,-39.12,28.49,0.09,-0.0154,-2.3083,11.94,43407.78,7.57,92.48,-11.71,-0,-0.9998,148.34,119.49,152.46,24.97,Cornering,"Hoosier 43075 16x7.5-10 R20, 7 inch rim",15867
78.41,659.666,1.37,468.88,-202.62,3.988,-39.92,28.08,0.03,-0.0068,-2.3141,12.01,156784.22,7.58,92.49,-11.721,-0,-1,148.68,119.6,152.81,25,Cornering,"Hoosier 43075 16x7.5-10 R20, 7 inch rim",15868
78.38,659.676,-0.63,470.37,-201.91,3.996,-41.27,27.62,-0.04,0.0031,-2.3296,12.1,-97478.93,7.57,92.48,-11.732,-0,-1.0001,148.92,119.6,153.05,25,Cornering,"Hoosier 43075 16x7.5-10 R20, 7 inch rim",15869
78.39,659.686,-1.3,471.63,-202.29,3.991,-41.94,28.24,0.03,0.0064,-2.3315,12.14,156735.38,7.58,92.47,-11.742,-0,-1,149,119.51,153.31,24.99,Cornering,"Hoosier 43075 16x7.5-10 R20, 7 inch rim",15870
78.43,659.696,-0.26,473.39,-203.28,4.003,-41.57,30.13,0.03,0.0013,-2.3288,12.11,156598.3,7.57,92.48,-11.728,-0,-1,148.89,119.35,153.47,24.97,Cornering,"Hoosier 43075 16x7.5-10 R20, 7 inch rim",15871
78.39,659.716,3.49,473.55,-205.9,4.006,-41.24,33.35,0.03,-0.0169,-2.3,11.99,156412.38,7.57,92.47,-12.26,-0,-1,148.87,119.2,153.68,24.94,Cornering,"Hoosier 43075 16x7.5-10 R20, 7 inch rim",15872
78.41,659.726,4.56,472.41,-207.38,4.007,-40.11,32.7,0.09,-0.022,-2.278,11.96,43322.58,7.57,92.45,-12.263,-0,-0.9998,148.98,119.22,153.76,24.93,Cornering,"Hoosier 43075 16x7.5-10 R20, 7 inch rim",15873
78.41,659.736,4.09,469.76,-207.01,4,-40.45,29.83,-0.04,-0.0198,-2.2693,12,-97206.72,7.57,92.4,-12.26,-0,-1.0001,149.13,119.29,153.88,24.93,Cornering,"Hoosier 43075 16x7.5-10 R20, 7 inch rim",15874
78.39,659.746,2.18,467.7,-206.06,3.993,-39.69,26.11,0.03,-0.0106,-2.2697,12.06,156305.8,7.58,92.34,-12.256,-0,-1,149.37,119.51,154.1,24.92,Cornering,"Hoosier 43075 16x7.5-10 R20, 7 inch rim",15875
78.39,659.756,-0.43,466.66,-204.41,3.998,-39.31,22.37,0.03,0.0021,-2.283,12.13,156312.44,7.57,92.3,-12.245,-0,-1,149.6,119.55,154.26,24.92,Cornering,"Hoosier 43075 16x7.5-10 R20, 7 inch rim",15876
78.42,659.766,-2.72,466.43,-203.4,4.007,-39.7,20.25,-0.11,0.0134,-2.2931,12.11,-37082.79,7.57,92.27,-12.232,-0,-1.0002,149.95,119.73,154.5,24.93,Cornering,"Hoosier 43075 16x7.5-10 R20, 7 inch rim",15877
78.4,659.776,-5.13,467.66,-202.84,3.996,-39.3,18.29,0.03,0.0253,-2.3055,12.07,156504.17,7.57,92.27,-12.227,-0,-1,150.33,119.86,154.79,24.95,Cornering,"Hoosier 43075 16x7.5-10 R20, 7 inch rim",15878
78.38,659.786,-7.63,469.03,-202.72,4.009,-39.36,16.4,0.09,0.0377,-2.3137,12,43372.3,7.57,92.24,-12.204,-0,-0.9998,150.68,119.95,155.03,24.95,Cornering,"Hoosier 43075 16x7.5-10 R20, 7 inch rim",15879
78.4,659.796,-9.91,470.03,-203.32,3.987,-39.45,14.33,-0.04,0.0488,-2.3118,11.93,-97315.16,7.58,92.23,-12.21,-0,-1.0001,150.78,119.84,155.25,24.96,Cornering,"Hoosier 43075 16x7.5-10 R20, 7 inch rim",15880
78.42,659.806,-11.94,470.86,-204.32,3.997,-39.58,12.23,-0.04,0.0584,-2.3045,11.92,-97321.85,7.57,92.24,-12.192,-0,-1.0001,150.74,119.71,155.35,24.96,Cornering,"Hoosier 43075 16x7.5-10 R20, 7 inch rim",15881
78.4,659.816,-13.39,471.43,-205.78,3.988,-39.98,10.2,-0.04,0.0651,-2.2909,11.97,-97366.55,7.58,92.26,-12.193,-0,-1.0001,150.59,119.6,155.35,24.97,Cornering,"Hoosier 43075 16x7.5-10 R20, 7 inch rim",15882
78.39,659.826,-14.67,471.32,-206.8,3.998,-40.73,7.75,-0.04,0.0709,-2.2791,12.02,-97432.3,7.57,92.24,-12.199,-0,-1.0001,150.61,119.44,155.41,24.98,Cornering,"Hoosier 43075 16x7.5-10 R20, 7 inch rim",15883
78.42,659.836,-13.92,470.43,-207.48,3.996,-41.54,6.8,0.03,0.0671,-2.2673,12.11,156887.67,7.57,92.24,-12.193,-0,-1,150.63,119.38,155.41,25.01,Cornering,"Hoosier 43075 16x7.5-10 R20, 7 inch rim",15884
78.41,659.846,-12.71,468.89,-207.83,4.013,-40.64,6.44,-0.04,0.0612,-2.2561,12.11,-97545.31,7.57,92.25,-12.199,-0,-1.0001,150.74,119.42,155.6,25.01,Cornering,"Hoosier 43075 16x7.5-10 R20, 7 inch rim",15885
78.38,659.856,-10.25,466.79,-206.25,3.994,-40.77,7.91,-0.04,0.0497,-2.2633,12.08,-97430.75,7.58,92.24,-12.203,-0,-1.0001,150.89,119.51,155.78,24.98,Cornering,"Hoosier 43075 16x7.5-10 R20, 7 inch rim",15886
78.4,659.866,-8.04,465.91,-204.44,3.988,-39.97,10.37,-0.04,0.0393,-2.2789,12.02,-97342.4,7.58,92.24,-12.197,-0,-1.0001,151.06,119.6,155.92,24.96,Cornering,"Hoosier 43075 16x7.5-10 R20, 7 inch rim",15887
78.42,659.876,-7.07,465.38,-203.4,3.988,-39.24,12.89,-0.11,0.0347,-2.288,11.97,-37113.75,7.58,92.2,-12.194,-0,-1.0002,151.21,119.68,156.18,24.95,Cornering,"Hoosier 43075 16x7.5-10 R20, 7 inch rim",15888
78.4,659.886,-6.6,465.46,-202.46,3.996,-39.87,15.9,0.09,0.0326,-2.299,12,43392.91,7.57,92.19,-12.202,-0,-0.9998,151.58,119.82,156.42,24.96,Cornering,"Hoosier 43075 16x7.5-10 R20, 7 inch rim",15889
78.39,659.896,-4.97,466.54,-202.56,4.003,-39.31,20.51,-0.04,0.0245,-2.3033,12.06,-97387.6,7.57,92.15,-12.197,-0,-1.0001,151.88,119.93,156.71,24.97,Cornering,"Hoosier 43075 16x7.5-10 R20, 7 inch rim",15890
78.41,659.906,-1.77,467.49,-202.79,3.991,-39.35,26.63,-0.04,0.0087,-2.3053,12.14,-97480.07,7.58,92.15,-12.192,-0,-1.0001,152.09,119.93,156.91,25,Cornering,"Hoosier 43075 16x7.5-10 R20, 7 inch rim",15891
78.4,659.916,2.43,467.97,-203.36,3.994,-40.16,33.45,-0.04,-0.012,-2.3012,12.16,-97555.61,7.57,92.15,-12.17,-0,-1.0001,152.13,119.79,157.03,25.01,Cornering,"Hoosier 43075 16x7.5-10 R20, 7 inch rim",15892
78.38,659.926,5.97,469.14,-204.75,4.003,-39.32,39.03,-0.04,-0.0291,-2.2913,12.14,-97588.49,7.57,92.15,-12.141,-0,-1.0001,151.98,119.75,157.03,25.02,Cornering,"Hoosier 43075 16x7.5-10 R20, 7 inch rim",15893
78.4,659.936,9.27,469.21,-206.08,4,-39.96,43.44,-0.04,-0.045,-2.2768,12.08,-97577.66,7.57,92.16,-12.109,-0,-1.0001,151.9,119.62,157.07,25.01,Cornering,"Hoosier 43075 16x7.5-10 R20, 7 inch rim",15894
78.42,659.946,12.32,468.83,-207.44,4,-40.23,46.09,0.03,-0.0594,-2.2601,12,156853.53,7.57,92.14,-12.063,-0,-1,151.98,119.55,157.09,24.99,Cornering,"Hoosier 43075 16x7.5-10 R20, 7 inch rim",15895
78.4,659.956,14.22,467.9,-207.5,4.003,-40.31,46.26,0.03,-0.0685,-2.2549,11.93,156730.08,7.57,92.11,-12.024,-0,-1,152.03,119.46,157.11,24.97,Cornering,"Hoosier 43075 16x7.5-10 R20, 7 inch rim",15896
78.38,659.966,13.56,466.16,-206.85,4.004,-40.17,43.05,-0.04,-0.0656,-2.2536,11.95,-97399.27,7.57,92.11,-11.974,-0,-1.0001,152.2,119.51,157.23,24.96,Cornering,"Hoosier 43075 16x7.5-10 R20, 7 inch rim",15897
78.41,659.976,10.23,465.1,-204.74,4.003,-39.81,37.29,-0.04,-0.05,-2.2716,12,-97373.16,7.57,92.09,-11.92,-0,-1.0001,152.37,119.64,157.45,24.94,Cornering,"Hoosier 43075 16x7.5-10 R20, 7 inch rim",15898
78.41,659.986,5.12,464.14,-203.85,4,-38.84,30.46,-0.04,-0.0251,-2.2769,12.11,-97368.57,7.57,92.1,-11.868,-0,-1.0001,152.58,119.73,157.7,24.94,Cornering,"Hoosier 43075 16x7.5-10 R20, 7 inch rim",15899
78.38,659.996,-0.24,463.88,-202.56,4.015,-39.08,24.35,-0.04,0.0012,-2.2901,12.17,-97341.75,7.57,92.11,-11.815,-0,-1.0001,152.89,119.88,157.92,24.93,Cornering,"Hoosier 43075 16x7.5-10 R20, 7 inch rim",15900
78.39,660.006,-5.07,464.51,-202.21,4,-38.92,19.15,0.03,0.025,-2.2972,12.21,156587.17,7.57,92.1,-11.761,-0,-1,153.23,120.04,158.2,24.92,Cornering,"Hoosier 43075 16x7.5-10 R20, 7 inch rim",15901
78.42,660.016,-7.81,466.19,-201.61,3.994,-39.06,16.41,-0.04,0.0387,-2.3123,12.19,-97354.77,7.58,92.07,-11.712,-0,-1.0001,153.42,120.08,158.4,24.92,Cornering,"Hoosier 43075 16x7.5-10 R20, 7 inch rim",15902
78.4,660.026,-9.96,467.6,-201.77,3.99,-39.45,14.01,0.03,0.0494,-2.3174,12.14,156572.95,7.58,92.07,-11.655,-0,-1,153.44,119.97,158.55,24.91,Cornering,"Hoosier 43075 16x7.5-10 R20, 7 inch rim",15903
78.37,660.036,-12.63,468.61,-202.9,3.987,-39.31,10.78,-0.04,0.0622,-2.3095,12.03,-97368.91,7.58,92.06,-11.605,-0,-1.0001,153.31,119.82,158.61,24.92,Cornering,"Hoosier 43075 16x7.5-10 R20, 7 inch rim",15904
78.41,660.046,-15.1,469.47,-204.24,3.991,-39.64,7.33,-0.04,0.0739,-2.2987,11.97,-97429.33,7.58,92.04,-11.56,-0,-1.0001,153.14,119.64,158.57,24.93,Cornering,"Hoosier 43075 16x7.5-10 R20, 7 inch rim",15905
78.42,660.056,-16.18,468.75,-205.69,4.004,-41.09,4.97,0.03,0.0787,-2.2789,12,156792.47,7.57,92.07,-11.52,-0,-1,153.19,119.62,158.55,24.93,Cornering,"Hoosier 43075 16x7.5-10 R20, 7 inch rim",15906
78.38,660.066,-14.86,467.94,-207.1,3.99,-40.26,4.38,-0.04,0.0718,-2.2595,12.05,-97477.7,7.58,92.11,-11.484,-0,-1.0001,153.21,119.55,158.53,24.93,Cornering,"Hoosier 43075 16x7.5-10 R20, 7 inch rim",15907
78.39,660.076,-12.1,465.4,-206.37,3.994,-41.29,5.39,0.03,0.0586,-2.2552,12.12,156904.27,7.58,92.15,-11.448,-0,-1,153.23,119.55,158.53,24.94,Cornering,"Hoosier 43075 16x7.5-10 R20, 7 inch rim",15908
78.42,660.086,-9.85,463.33,-205.62,4.001,-40.52,6.38,0.09,0.0479,-2.2534,12.17,43483.79,7.58,92.2,-11.42,-0,-0.9998,153.36,119.64,158.61,24.94,Cornering,"Hoosier 43075 16x7.5-10 R20, 7 inch rim",15909
78.41,660.096,-9.81,462.29,-204.02,4.009,-39.65,6.15,0.03,0.0481,-2.266,12.13,156936.75,7.57,92.25,-11.388,-0,-1,153.57,119.82,158.75,24.94,Cornering,"Hoosier 43075 16x7.5-10 R20, 7 inch rim",15910
78.38,660.106,-10.51,462.37,-202.61,4,-38.94,6.37,-0.11,0.0519,-2.2821,12.05,-37199.08,7.58,92.28,-11.353,-0,-1.0002,153.85,119.93,158.91,24.93,Cornering,"Hoosier 43075 16x7.5-10 R20, 7 inch rim",15911
78.4,660.116,-11.24,463.74,-201.88,3.994,-38.15,7.51,0.03,0.0557,-2.2971,11.95,156893.83,7.58,92.29,-11.332,-0,-1,154.26,120.08,159.09,24.93,Cornering,"Hoosier 43075 16x7.5-10 R20, 7 inch rim",15912
78.41,660.126,-10.75,465.54,-201.18,4,-38.45,9.79,-0.04,0.0534,-2.3141,11.93,-97589.66,7.58,92.29,-11.285,-0,-1.0001,154.58,120.21,159.29,24.94,Cornering,"Hoosier 43075 16x7.5-10 R20, 7 inch rim",15913
78.39,660.136,-11.17,466.66,-201.57,3.997,-38.54,10.87,0.03,0.0554,-2.3151,11.98,157152.5,7.58,92.27,-11.258,-0,-1,154.69,120.23,159.5,24.97,Cornering,"Hoosier 43075 16x7.5-10 R20, 7 inch rim",15914
78.39,660.146,-10.47,467.64,-202.5,3.996,-38.67,12.85,0.09,0.0517,-2.3093,12.04,43625.61,7.58,92.28,-11.214,-0,-0.9998,154.58,120.08,159.52,25.01,Cornering,"Hoosier 43075 16x7.5-10 R20, 7 inch rim",15915
78.41,660.156,-10.03,468,-203.54,4.001,-39.91,13.87,-0.04,0.0493,-2.2993,12.09,-97959.73,7.58,92.31,-11.195,-0,-1.0001,154.41,119.99,159.52,25.03,Cornering,"Hoosier 43075 16x7.5-10 R20, 7 inch rim",15916
78.41,660.166,-9.45,467.63,-205.08,3.996,-40.68,14.48,0.09,0.0461,-2.2802,12.11,43672.8,7.58,92.28,-11.168,-0,-0.9998,154.19,119.84,159.5,25.03,Cornering,"Hoosier 43075 16x7.5-10 R20, 7 inch rim",15917
78.38,660.176,-7.32,466.62,-206.45,3.997,-41.51,16.01,0.09,0.0355,-2.2602,12.08,43647.07,7.58,92.25,-11.136,-0,-0.9998,154.13,119.75,159.44,25.01,Cornering,"Hoosier 43075 16x7.5-10 R20, 7 inch rim",15918
78.4,660.186,-4.31,465.4,-206.76,4,-41.2,17.98,-0.18,0.0209,-2.2509,12.01,-23067.85,7.58,92.26,-11.085,-0,-1.0003,154.09,119.68,159.44,25,Cornering,"Hoosier 43075 16x7.5-10 R20, 7 inch rim",15919
78.42,660.196,-1.85,463.99,-206.07,3.984,-40.01,19.43,0.03,0.009,-2.2516,11.95,157366.42,7.58,92.26,-11.06,-0,-1,154.17,119.77,159.54,24.98,Cornering,"Hoosier 43075 16x7.5-10 R20, 7 inch rim",15920
78.4,660.206,0.19,463.25,-204.41,4,-39.1,21.03,0.03,-0.0009,-2.2663,11.96,157429.12,7.57,92.3,-11.01,-0,-1,154.28,119.86,159.6,24.99,Cornering,"Hoosier 43075 16x7.5-10 R20, 7 inch rim",15921
78.39,660.216,1.7,463.46,-202.79,4.006,-38.05,23.17,0.03,-0.0084,-2.2854,11.99,157485.05,7.57,92.3,-10.973,-0,-1,154.45,120.04,159.72,25,Cornering,"Hoosier 43075 16x7.5-10 R20, 7 inch rim",15922
78.41,660.226,1.42,464.51,-202.11,4.004,-36.96,23.92,-0.04,-0.007,-2.2983,12.05,-97955.38,7.57,92.3,-10.93,-0,-1.0001,154.75,120.15,159.92,25.01,Cornering,"Hoosier 43075 16x7.5-10 R20, 7 inch rim",15923
78.41,660.236,0.37,464.79,-201.66,3.997,-37.86,23.95,0.03,-0.0018,-2.3048,12.08,157563.86,7.58,92.3,-10.891,-0,-1,155.01,120.23,160.04,25,Cornering,"Hoosier 43075 16x7.5-10 R20, 7 inch rim",15924
78.38,660.246,-1.52,465.55,-201.44,3.994,-38.79,22.87,-0.04,0.0075,-2.3111,12.05,-97958.86,7.58,92.29,-10.849,-0,-1.0001,155.2,120.26,160.2,25,Cornering,"Hoosier 43075 16x7.5-10 R20, 7 inch rim",15925
78.4,660.256,-3.46,466.06,-202.38,3.998,-39.41,21.39,-0.04,0.0171,-2.303,12.01,-97972.11,7.58,92.29,-10.807,-0,-1.0001,155.2,120.17,160.3,25,Cornering,"Hoosier 43075 16x7.5-10 R20, 7 inch rim",15926
78.41,660.266,-5.23,466.56,-203.04,4.003,-40.55,19.42,0.03,0.0258,-2.2978,11.95,157673.11,7.57,92.28,-10.75,-0,-1,155.07,119.99,160.26,25.01,Cornering,"Hoosier 43075 16x7.5-10 R20, 7 inch rim",15927
78.4,660.276,-6.34,467.29,-204.9,4.01,-40.83,17.61,0.09,0.031,-2.2806,11.88,43688.07,7.57,92.26,-10.71,-0,-0.9998,154.84,119.84,160.18,25,Cornering,"Hoosier 43075 16x7.5-10 R20, 7 inch rim",15928
78.39,660.286,-6.73,467.52,-205.97,4.003,-41.52,15.74,-0.04,0.0327,-2.2698,11.89,-97995.57,7.58,92.23,-10.661,-0,-1.0001,154.75,119.68,160.08,25,Cornering,"Hoosier 43075 16x7.5-10 R20, 7 inch rim",15929
78.41,660.296,-6.46,467.55,-206.22,3.996,-41.24,13.8,0.03,0.0313,-2.2673,11.95,157560.61,7.58,92.18,-10.611,-0,-1,154.62,119.62,160,24.98,Cornering,"Hoosier 43075 16x7.5-10 R20, 7 inch rim",15930
78.42,660.306,-6.24,466.58,-205.57,4.001,-40.09,11.85,0.03,0.0303,-2.2697,12.03,157621.58,7.58,92.2,-10.562,-0,-1,154.6,119.66,159.98,24.98,Cornering,"Hoosier 43075 16x7.5-10 R20, 7 inch rim",15931
78.38,660.316,-6.55,465.28,-204.13,3.994,-38.4,9.93,-0.04,0.0321,-2.2793,12.09,-98017.93,7.58,92.21,-10.516,-0,-1.0001,154.69,119.77,160.08,24.99,Cornering,"Hoosier 43075 16x7.5-10 R20, 7 inch rim",15932
78.4,660.326,-6.57,464.06,-202.05,3.997,-37.82,9.26,-0.04,0.0325,-2.2967,12.14,-98011.55,7.58,92.25,-10.463,-0,-1.0001,154.71,119.86,160.04,24.98,Cornering,"Hoosier 43075 16x7.5-10 R20, 7 inch rim",15933
78.42,660.336,-7.46,463.58,-201.62,3.993,-36.97,8.63,0.03,0.037,-2.2993,12.11,157646.92,7.58,92.21,-10.438,-0,-1,154.9,119.97,160.12,24.98,Cornering,"Hoosier 43075 16x7.5-10 R20, 7 inch rim",15934
78.4,660.346,-9.09,463.23,-201.06,3.99,-37.95,8.02,-0.04,0.0452,-2.3039,12.05,-97876.94,7.58,92.18,-10.383,-0,-1.0001,155.18,120.08,160.28,24.94,Cornering,"Hoosier 43075 16x7.5-10 R20, 7 inch rim",15935
78.38,660.356,-11.01,463.87,-201.46,3.991,-38.64,7.05,0.09,0.0546,-2.3025,11.97,43586.44,7.58,92.17,-10.345,-0,-0.9998,155.33,120.21,160.45,24.92,Cornering,"Hoosier 43075 16x7.5-10 R20, 7 inch rim",15936
78.41,660.366,-12.78,464.36,-202.11,3.997,-39.75,6.24,0.03,0.0632,-2.2975,11.92,157265.47,7.58,92.16,-10.32,-0,-1,155.4,120.21,160.51,24.91,Cornering,"Hoosier 43075 16x7.5-10 R20, 7 inch rim",15937
78.42,660.376,-13.03,465.66,-203.04,3.991,-40.2,6.82,0.03,0.0642,-2.2934,11.94,157429.27,7.58,92.15,-10.284,-0,-1,155.27,120.04,160.53,24.93,Cornering,"Hoosier 43075 16x7.5-10 R20, 7 inch rim",15938
78.39,660.386,-12.2,467.11,-204.06,3.997,-40.71,8.14,0.03,0.0598,-2.2891,12,157702.84,7.57,92.19,-10.249,-0,-1,154.92,119.88,160.41,24.97,Cornering,"Hoosier 43075 16x7.5-10 R20, 7 inch rim",15939
78.38,660.396,-11.13,467.97,-205.25,3.99,-40.72,9.04,-0.04,0.0542,-2.28,12.08,-98107.51,7.58,92.19,-10.223,-0,-1.0001,154.73,119.79,160.34,24.99,Cornering,"Hoosier 43075 16x7.5-10 R20, 7 inch rim",15940
78.42,660.406,-9.41,468.49,-206.1,3.996,-40.09,9.66,0.03,0.0456,-2.2731,12.12,157879.72,7.58,92.2,-10.186,-0,-1,154.64,119.68,160.22,25,Cornering,"Hoosier 43075 16x7.5-10 R20, 7 inch rim",15941
78.41,660.416,-7.64,467.66,-205.31,4.001,-39.89,10.22,-0.04,0.0372,-2.2778,12.11,-98154.73,7.58,92.25,-10.141,-0,-1.0001,154.56,119.62,160.14,25,Cornering,"Hoosier 43075 16x7.5-10 R20, 7 inch rim",15942
78.38,660.426,-6.19,466.37,-204.43,4.004,-38.7,10.6,0.09,0.0303,-2.2813,12.04,43739.04,7.57,92.26,-10.114,-0,-0.9998,154.71,119.66,160.18,24.98,Cornering,"Hoosier 43075 16x7.5-10 R20, 7 inch rim",15943
78.4,660.436,-4.22,465.21,-203.14,3.998,-37.71,12.3,-0.04,0.0208,-2.2901,11.95,-98081.14,7.58,92.31,-10.082,-0,-1.0001,154.77,119.75,160.2,24.97,Cornering,"Hoosier 43075 16x7.5-10 R20, 7 inch rim",15944
78.42,660.446,-2.92,464.39,-202.35,3.994,-37.24,14.44,0.03,0.0144,-2.295,11.93,157724.45,7.58,92.35,-10.051,-0,-1,154.9,119.82,160.24,24.96,Cornering,"Hoosier 43075 16x7.5-10 R20, 7 inch rim",15945
78.39,660.456,-2.57,463.55,-201.48,3.996,-38.39,16.38,0.03,0.0128,-2.3007,11.95,157705.47,7.58,92.37,-10.014,-0,-1,155.25,119.9,160.39,24.96,Cornering,"Hoosier 43075 16x7.5-10 R20, 7 inch rim",15946
78.38,660.466,-2.71,463.69,-201.44,3.997,-39.16,18.18,0.03,0.0135,-2.3019,12,157723.73,7.58,92.36,-9.975,-0,-1,155.42,119.99,160.47,24.96,Cornering,"Hoosier 43075 16x7.5-10 R20, 7 inch rim",15947
78.42,660.476,-2.86,464.32,-201.83,4.001,-39.94,19.7,0.09,0.0141,-2.3005,12.11,43732.48,7.58,92.38,-9.932,-0,-0.9998,155.52,119.99,160.59,24.97,Cornering,"Hoosier 43075 16x7.5-10 R20, 7 inch rim",15948
78.42,660.486,-3.1,464.98,-202.24,3.985,-40.53,20.26,-0.11,0.0153,-2.2992,12.19,-37434.04,7.58,92.4,-9.889,-0,-1.0002,155.42,119.82,160.57,24.97,Cornering,"Hoosier 43075 16x7.5-10 R20, 7 inch rim",15949
78.38,660.496,-3.47,466.13,-203.53,3.998,-40.31,20.4,-0.04,0.0171,-2.2902,12.2,-98150.34,7.57,92.39,-9.846,-0,-1.0001,155.12,119.64,160.53,24.97,Cornering,"Hoosier 43075 16x7.5-10 R20, 7 inch rim",15950
78.4,660.506,-3.45,467.61,-204.71,3.993,-39.87,19.94,0.03,0.0169,-2.2843,12.14,157842.66,7.58,92.37,-9.799,-0,-1,154.9,119.49,160.39,24.96,Cornering,"Hoosier 43075 16x7.5-10 R20, 7 inch rim",15951
78.42,660.516,-3.76,468.14,-205.52,3.988,-40.18,17.87,0.03,0.0183,-2.2778,12.08,157899.81,7.58,92.31,-9.755,-0,-1,154.82,119.46,160.3,24.97,Cornering,"Hoosier 43075 16x7.5-10 R20, 7 inch rim",15952
78.4,660.526,-3.13,467.86,-206.11,4.004,-39.38,16.46,-0.04,0.0152,-2.27,12,-98163.77,7.57,92.29,-9.72,-0,-1.0001,154.75,119.44,160.16,24.97,Cornering,"Hoosier 43075 16x7.5-10 R20, 7 inch rim",15953
78.38,660.536,-3.18,466.59,-205.46,3.997,-38.61,14.06,0.03,0.0155,-2.2709,11.98,158047.92,7.58,92.28,-9.672,-0,-1,154.86,119.42,160.2,24.98,Cornering,"Hoosier 43075 16x7.5-10 R20, 7 inch rim",15954
78.41,660.546,-3.48,464,-203.8,3.998,-38.91,12.2,0.03,0.0171,-2.2768,12.03,158068.83,7.58,92.27,-9.626,-0,-1,154.88,119.53,160.32,24.98,Cornering,"Hoosier 43075 16x7.5-10 R20, 7 inch rim",15955
78.41,660.556,-4.12,462.54,-202.66,3.996,-38.82,10.95,0.16,0.0203,-2.2824,12.11,25433.42,7.58,92.28,-9.573,-0,-0.9997,154.97,119.66,160.36,24.99,Cornering,"Hoosier 43075 16x7.5-10 R20, 7 inch rim",15956
78.38,660.566,-5.04,461.61,-202.7,4,-38.26,10.45,0.03,0.0249,-2.2773,12.15,158074.94,7.58,92.27,-9.531,-0,-1,155.31,119.68,160.45,24.98,Cornering,"Hoosier 43075 16x7.5-10 R20, 7 inch rim",15957
78.4,660.576,-7.26,461.56,-202.01,3.994,-39.26,9.2,0.09,0.036,-2.2848,12.12,43809.43,7.58,92.28,-9.487,-0,-0.9998,155.55,119.77,160.57,24.98,Cornering,"Hoosier 43075 16x7.5-10 R20, 7 inch rim",15958
78.42,660.586,-9.2,461.9,-202.6,3.997,-39.29,8,0.03,0.0454,-2.2799,12.06,158040.72,7.58,92.22,-9.444,-0,-1,155.76,119.73,160.75,24.97,Cornering,"Hoosier 43075 16x7.5-10 R20, 7 inch rim",15959
78.4,660.596,-10.32,463.45,-202.53,3.998,-39.77,7.63,-0.04,0.051,-2.2882,12.01,-98232.18,7.58,92.17,-9.395,-0,-1.0001,155.72,119.68,160.83,24.96,Cornering,"Hoosier 43075 16x7.5-10 R20, 7 inch rim",15960
78.38,660.606,-10.76,465.18,-202.86,3.988,-40.41,7.54,0.16,0.053,-2.2932,11.99,25418.96,7.58,92.15,-9.364,-0,-0.9997,155.42,119.44,160.75,24.96,Cornering,"Hoosier 43075 16x7.5-10 R20, 7 inch rim",15961
78.41,660.616,-11,466.97,-204.16,3.993,-40.05,7.27,0.09,0.0539,-2.2872,12.03,43809.88,7.58,92.17,-9.318,-0,-0.9998,155.18,119.29,160.59,24.97,Cornering,"Hoosier 43075 16x7.5-10 R20, 7 inch rim",15962
78.41,660.626,-11.07,468.46,-205.36,3.987,-39.79,6.46,0.09,0.0539,-2.2811,12.11,43844.06,7.58,92.15,-9.288,-0,-0.9998,155.03,119.24,160.53,24.98,Cornering,"Hoosier 43075 16x7.5-10 R20, 7 inch rim",15963
78.38,660.636,-9.77,468.64,-205.93,3.997,-39.27,6.29,0.03,0.0474,-2.2757,12.22,158347.53,7.58,92.11,-9.248,-0,-1,154.92,119.24,160.34,25,Cornering,"Hoosier 43075 16x7.5-10 R20, 7 inch rim",15964
78.4,660.646,-8.07,466.6,-205.47,3.994,-39.94,6.18,-0.04,0.0393,-2.2708,12.22,-98464.01,7.58,92.05,-9.215,-0,-1.0001,154.9,119.29,160.28,25.01,Cornering,"Hoosier 43075 16x7.5-10 R20, 7 inch rim",15965
78.42,660.656,-6.86,464.18,-204.13,3.994,-39.79,6.09,-0.11,0.0336,-2.274,12.19,-37544.57,7.58,91.98,-9.18,-0,-1.0002,154.92,119.35,160.32,25,Cornering,"Hoosier 43075 16x7.5-10 R20, 7 inch rim",15966
78.4,660.666,-6.02,462.28,-203.46,3.998,-39.21,6.74,0.03,0.0296,-2.2721,12.1,158247.33,7.58,91.9,-9.14,-0,-1,154.92,119.51,160.3,24.98,Cornering,"Hoosier 43075 16x7.5-10 R20, 7 inch rim",15967
78.38,660.676,-6.02,461.42,-202.36,4.006,-39.6,7.71,0.03,0.0298,-2.2802,12.02,158181.91,7.57,91.88,-9.122,-0,-1,155.05,119.64,160.28,24.97,Cornering,"Hoosier 43075 16x7.5-10 R20, 7 inch rim",15968
78.41,660.686,-5.94,461.71,-201.88,3.987,-39.91,9.38,-0.04,0.0294,-2.2871,11.98,-98295.48,7.58,91.85,-9.077,-0,-1.0001,155.27,119.82,160.36,24.96,Cornering,"Hoosier 43075 16x7.5-10 R20, 7 inch rim",15969
78.41,660.696,-5.75,463.25,-201.95,4.004,-39.33,11.43,-0.04,0.0285,-2.2938,12,-98304.62,7.58,91.81,-9.043,-0,-1.0001,155.44,119.79,160.45,24.96,Cornering,"Hoosier 43075 16x7.5-10 R20, 7 inch rim",15970
78.39,660.706,-5.4,464.67,-202.06,3.994,-39.28,13.2,0.03,0.0267,-2.2996,12.05,158197.22,7.58,91.79,-9,-0,-1,155.42,119.79,160.51,24.96,Cornering,"Hoosier 43075 16x7.5-10 R20, 7 inch rim",15971
78.39,660.716,-5.28,466.39,-202.52,4.004,-39.09,14.25,-0.04,0.0261,-2.3029,12.13,-98392.78,7.58,91.77,-8.969,-0,-1.0001,155.31,119.68,160.43,24.97,Cornering,"Hoosier 43075 16x7.5-10 R20, 7 inch rim",15972
78.41,660.726,-4.7,467.86,-203.65,4.006,-38.93,15.38,0.03,0.0231,-2.2973,12.15,158337.11,7.58,91.78,-8.93,-0,-1,155.03,119.49,160.32,24.98,Cornering,"Hoosier 43075 16x7.5-10 R20, 7 inch rim",15973
78.4,660.736,-3.93,468.42,-205.03,4,-39.22,15.72,-0.11,0.0192,-2.2846,12.11,-37547.28,7.58,91.78,-8.895,-0,-1.0002,154.86,119.42,160.18,24.98,Cornering,"Hoosier 43075 16x7.5-10 R20, 7 inch rim",15974
78.38,660.746,-2.75,467.97,-205.4,3.997,-40.09,15.55,0.09,0.0134,-2.2783,12.08,43906.23,7.58,91.79,-8.85,-0,-0.9998,154.71,119.33,160.08,24.99,Cornering,"Hoosier 43075 16x7.5-10 R20, 7 inch rim",15975
78.4,660.756,-1.21,466.32,-206.18,3.991,-39.92,15.29,0.03,0.0059,-2.2617,12.01,158498.3,7.58,91.8,-8.808,-0,-1,154.64,119.35,159.94,25,Cornering,"Hoosier 43075 16x7.5-10 R20, 7 inch rim",15976
78.41,660.766,-0.31,463.91,-205.05,3.998,-40.2,14.64,-0.04,0.0015,-2.2624,12.02,-98583.48,7.58,91.81,-8.762,-0,-1.0001,154.67,119.4,159.98,25.01,Cornering,"Hoosier 43075 16x7.5-10 R20, 7 inch rim",15977
78.39,660.776,-0.9,461.66,-203.88,4.003,-40.09,13.02,0.03,0.0044,-2.2644,12.05,158646.48,7.58,91.81,-8.716,-0,-1,154.69,119.55,159.96,25.01,Cornering,"Hoosier 43075 16x7.5-10 R20, 7 inch rim",15978
78.39,660.786,-1.84,460.83,-202.72,3.994,-39.42,11.96,0.03,0.0091,-2.2732,12.1,158664.72,7.58,91.85,-8.672,-0,-1,154.69,119.64,159.96,25.01,Cornering,"Hoosier 43075 16x7.5-10 R20, 7 inch rim",15979
78.41,660.796,-3.37,461.07,-201.69,4.001,-39.35,11.13,-0.04,0.0167,-2.286,12.16,-98619.65,7.58,91.87,-8.621,-0,-1.0001,154.92,119.71,160.06,25.01,Cornering,"Hoosier 43075 16x7.5-10 R20, 7 inch rim",15980
78.41,660.806,-5.35,461.84,-201.57,4.001,-39.21,10.04,0.09,0.0265,-2.2912,12.14,43946.62,7.58,91.9,-8.585,-0,-0.9998,155.12,119.79,160.2,25,Cornering,"Hoosier 43075 16x7.5-10 R20, 7 inch rim",15981
78.38,660.816,-6.86,462.96,-202.01,4,-38.71,9.03,0.09,0.0339,-2.2917,12.09,43971.98,7.58,91.88,-8.54,-0,-0.9998,155.14,119.77,160.32,25.01,Cornering,"Hoosier 43075 16x7.5-10 R20, 7 inch rim",15982
78.4,660.826,-7.89,463.77,-202.7,4.001,-38.77,8.17,0.09,0.0389,-2.288,12.03,43966.89,7.58,91.88,-8.495,-0,-0.9998,155.03,119.75,160.32,25,Cornering,"Hoosier 43075 16x7.5-10 R20, 7 inch rim",15983
78.42,660.836,-8.83,464.61,-203.61,3.997,-39.37,6.97,0.03,0.0434,-2.2818,11.96,158681.42,7.58,91.87,-8.449,-0,-1,154.75,119.57,160.14,25,Cornering,"Hoosier 43075 16x7.5-10 R20, 7 inch rim",15984
78.4,660.846,-9.95,465.48,-205.13,4.001,-39.69,5.15,0.09,0.0485,-2.2692,11.95,43957.09,7.58,91.92,-8.399,-0,-0.9998,154.47,119.46,160.02,24.99,Cornering,"Hoosier 43075 16x7.5-10 R20, 7 inch rim",15985
78.39,660.856,-9.83,465.75,-206.8,3.996,-39.78,3.9,0.03,0.0475,-2.2522,11.98,158565.5,7.58,91.93,-8.37,-0,-1,154.3,119.44,159.88,24.98,Cornering,"Hoosier 43075 16x7.5-10 R20, 7 inch rim",15986
78.41,660.866,-8.46,464.64,-206.57,3.994,-40.93,3.49,-0.04,0.0409,-2.2494,12.05,-98601.82,7.58,91.93,-8.324,-0,-1.0001,154.17,119.44,159.78,24.98,Cornering,"Hoosier 43075 16x7.5-10 R20, 7 inch rim",15987
78.41,660.876,-6.97,462.73,-206.02,4.009,-40.38,3.52,0.09,0.0338,-2.2461,12.14,43969.88,7.57,91.93,-8.281,-0,-0.9998,154.17,119.46,159.7,24.99,Cornering,"Hoosier 43075 16x7.5-10 R20, 7 inch rim",15988
78.38,660.886,-6.42,460.63,-204.53,4.003,-40,3.25,0.09,0.0314,-2.2521,12.18,43982.55,7.58,92,-8.258,-0,-0.9998,154.17,119.6,159.68,25,Cornering,"Hoosier 43075 16x7.5-10 R20, 7 inch rim",15989
78.4,660.896,-6.15,459.33,-203.34,3.996,-38.71,3.73,0.03,0.0303,-2.259,12.18,158809.94,7.58,92.06,-8.215,-0,-1,154.15,119.68,159.64,25.01,Cornering,"Hoosier 43075 16x7.5-10 R20, 7 inch rim",15990
78.42,660.906,-7.03,458.81,-202.45,3.994,-38.57,3.95,0.03,0.0347,-2.2663,12.12,158750.16,7.58,92.13,-8.18,-0,-1,154.41,119.86,159.62,25,Cornering,"Hoosier 43075 16x7.5-10 R20, 7 inch rim",15991
78.4,660.916,-7.71,459.12,-202.52,3.996,-37.98,4.71,0.09,0.0381,-2.267,12.03,43973.51,7.58,92.15,-8.152,-0,-0.9998,154.58,119.95,159.64,24.98,Cornering,"Hoosier 43075 16x7.5-10 R20, 7 inch rim",15992
78.38,660.926,-8.06,459.58,-202.51,3.996,-38.62,5.64,0.03,0.0398,-2.2694,11.97,158702.91,7.58,92.19,-8.111,-0,-1,154.73,120.04,159.72,24.98,Cornering,"Hoosier 43075 16x7.5-10 R20, 7 inch rim",15993
78.41,660.936,-7.97,460.38,-203.28,4.012,-38.94,6.85,0.09,0.0392,-2.2647,12,43991.29,7.57,92.23,-8.081,-0,-0.9998,154.64,119.97,159.72,24.99,Cornering,"Hoosier 43075 16x7.5-10 R20, 7 inch rim",15994
78.41,660.946,-7.54,461.23,-204.37,3.997,-39.98,7.74,0.03,0.0369,-2.2568,12.03,158804.31,7.58,92.27,-8.038,-0,-1,154.43,119.9,159.6,25,Cornering,"Hoosier 43075 16x7.5-10 R20, 7 inch rim",15995
78.38,660.956,-6.66,461.95,-205.97,3.996,-40.47,8.64,0.03,0.0323,-2.2428,12.1,158777.77,7.58,92.3,-8.011,-0,-1,154.07,119.71,159.44,24.99,Cornering,"Hoosier 43075 16x7.5-10 R20, 7 inch rim",15996
78.39,660.966,-5.27,462.5,-207.35,3.993,-40.92,9.55,-0.04,0.0254,-2.2306,12.15,-98711.08,7.58,92.28,-7.962,-0,-1.0001,153.89,119.62,159.27,24.99,Cornering,"Hoosier 43075 16x7.5-10 R20, 7 inch rim",15997
78.42,660.976,-3.56,461.75,-207.68,3.993,-41.06,9.94,-0.04,0.0172,-2.2233,12.16,-98672.62,7.58,92.28,-7.93,-0,-1.0001,153.68,119.51,159.15,24.98,Cornering,"Hoosier 43075 16x7.5-10 R20, 7 inch rim",15998
78.4,660.986,-1.6,460.79,-207.11,3.996,-40.13,10.54,-0.04,0.0077,-2.2248,12.11,-98637.09,7.58,92.29,-7.886,-0,-1.0001,153.57,119.55,159.01,24.97,Cornering,"Hoosier 43075 16x7.5-10 R20, 7 inch rim",15999
78.38,660.996,-0.34,458.85,-205.74,3.994,-39.48,10.86,0.09,0.0016,-2.2302,12.03,43954.59,7.58,92.28,-7.845,-0,-0.9998,153.51,119.57,159.03,24.96,Cornering,"Hoosier 43075 16x7.5-10 R20, 7 inch rim",16000
78.41,661.006,0.5,457.67,-204.35,4.004,-38.09,11.54,0.09,-0.0024,-2.2397,11.95,43937.81,7.57,92.24,-7.809,-0,-0.9998,153.44,119.68,159.01,24.94,Cornering,"Hoosier 43075 16x7.5-10 R20, 7 inch rim",16001
78.42,661.016,-0.51,456.71,-203.7,3.997,-37.27,11,0.09,0.0025,-2.2421,11.96,43942.46,7.58,92.2,-7.763,-0,-0.9998,153.55,119.82,159.03,24.94,Cornering,"Hoosier 43075 16x7.5-10 R20, 7 inch rim",16002
78.39,661.026,-1.18,456.06,-203.42,4.004,-37.78,11.49,-0.04,0.0058,-2.2419,12.01,-98650.44,7.58,92.16,-7.727,-0,-1.0001,153.81,119.95,159.09,24.96,Cornering,"Hoosier 43075 16x7.5-10 R20, 7 inch rim",16003
78.39,661.036,-2.84,455.62,-203.81,3.993,-38.44,10.64,0.03,0.0139,-2.2355,12.09,158749.91,7.58,92.15,-7.687,-0,-1,153.96,119.9,159.19,24.97,Cornering,"Hoosier 43075 16x7.5-10 R20, 7 inch rim",16004
78.42,661.046,-4.71,455.51,-204.56,3.991,-39.2,9.25,-0.04,0.023,-2.2268,12.17,-98648.72,7.58,92.15,-7.633,-0,-1.0001,153.89,119.93,159.23,24.96,Cornering,"Hoosier 43075 16x7.5-10 R20, 7 inch rim",16005
78.41,661.056,-6.09,455.54,-205.4,3.998,-40.66,8.22,-0.04,0.0296,-2.2178,12.15,-98612.12,7.58,92.14,-7.591,-0,-1.0001,153.7,119.79,159.15,24.94,Cornering,"Hoosier 43075 16x7.5-10 R20, 7 inch rim",16006
78.37,661.066,-7.67,456.42,-206.99,4.001,-40.42,6.27,-0.04,0.037,-2.205,12.11,-98624.75,7.58,92.14,-7.534,-0,-1.0001,153.38,119.66,158.99,24.94,Cornering,"Hoosier 43075 16x7.5-10 R20, 7 inch rim",16007
78.4,661.076,-7.91,457.25,-207.99,4.004,-41.02,5.16,-0.04,0.0381,-2.1985,12.02,-98678.75,7.57,92.1,-7.497,-0,-1.0001,153.21,119.6,158.83,24.96,Cornering,"Hoosier 43075 16x7.5-10 R20, 7 inch rim",16008
78.42,661.086,-7.52,457.45,-208.66,4.006,-41.2,4.02,-0.04,0.036,-2.1923,11.93,-98802.11,7.58,92.08,-7.456,-0,-1.0001,153.04,119.55,158.63,24.98,Cornering,"Hoosier 43075 16x7.5-10 R20, 7 inch rim",16009
78.39,661.096,-6.5,457.17,-208.69,3.994,-39.97,2.89,-0.04,0.0312,-2.1907,11.9,-98833.73,7.58,92.03,-7.416,-0,-1.0001,152.89,119.6,158.47,24.99,Cornering,"Hoosier 43075 16x7.5-10 R20, 7 inch rim",16010
78.39,661.106,-5.94,455.88,-207.79,4,-38.8,1.73,0.03,0.0286,-2.1939,11.95,159193.22,7.58,92.05,-7.372,-0,-1,152.8,119.66,158.4,25.02,Cornering,"Hoosier 43075 16x7.5-10 R20, 7 inch rim",16011
78.41,661.116,-5.77,454.08,-206.12,3.994,-38.26,1.06,0.03,0.028,-2.2029,12.04,159281.34,7.58,92.08,-7.33,-0,-1,152.67,119.82,158.32,25.03,Cornering,"Hoosier 43075 16x7.5-10 R20, 7 inch rim",16012
78.41,661.126,-5.9,452.33,-205.52,3.998,-37.83,0.97,-0.11,0.0287,-2.2009,12.11,-37770.2,7.58,92.14,-7.3,-0,-1.0002,152.65,119.93,158.3,25.03,Cornering,"Hoosier 43075 16x7.5-10 R20, 7 inch rim",16013
78.38,661.136,-6.24,450.7,-204.61,3.996,-39.05,1.41,0.09,0.0305,-2.2027,12.17,44125.51,7.58,92.17,-7.249,-0,-0.9998,152.71,120.1,158.3,25.02,Cornering,"Hoosier 43075 16x7.5-10 R20, 7 inch rim",16014
78.4,661.146,-7.03,450.09,-204.92,4.001,-39.52,1.97,-0.04,0.0343,-2.1964,12.14,-98897.98,7.58,92.18,-7.223,-0,-1.0001,152.82,120.19,158.32,25,Cornering,"Hoosier 43075 16x7.5-10 R20, 7 inch rim",16015
78.42,661.156,-7.89,449.55,-206.11,3.994,-39.78,2.04,0.03,0.0383,-2.1811,12.06,158999.62,7.58,92.19,-7.183,-0,-1,152.78,120.21,158.38,24.98,Cornering,"Hoosier 43075 16x7.5-10 R20, 7 inch rim",16016
78.39,661.166,-8.09,449.74,-206.73,3.985,-40.29,2.55,0.03,0.0392,-2.1755,11.98,158899.03,7.58,92.21,-7.153,-0,-1,152.58,120.15,158.34,24.96,Cornering,"Hoosier 43075 16x7.5-10 R20, 7 inch rim",16017
78.38,661.176,-7.63,450.39,-207.52,3.997,-41.35,3.51,-0.04,0.0367,-2.1704,11.92,-98712.52,7.58,92.22,-7.123,-0,-1.0001,152.26,120.08,158.12,24.94,Cornering,"Hoosier 43075 16x7.5-10 R20, 7 inch rim",16018
78.41,661.186,-7.36,452.18,-208.64,3.987,-41.2,3.47,-0.04,0.0353,-2.1673,11.92,-98676.7,7.58,92.22,-7.074,-0,-1.0001,152.01,119.88,157.92,24.93,Cornering,"Hoosier 43075 16x7.5-10 R20, 7 inch rim",16019
78.42,661.196,-5.41,453.35,-209.67,3.985,-40.64,4.51,0.03,0.0258,-2.1622,11.98,158751.66,7.58,92.21,-7.041,-0,-1,151.83,119.86,157.72,24.93,Cornering,"Hoosier 43075 16x7.5-10 R20, 7 inch rim",16020
78.38,661.206,-3.46,453.31,-209.39,4.006,-40.24,5.16,-0.04,0.0165,-2.1649,12.09,-98759.31,7.58,92.22,-7.007,-0,-1.0001,151.77,119.79,157.52,24.95,Cornering,"Hoosier 43075 16x7.5-10 R20, 7 inch rim",16021
78.39,661.216,-1.71,451.74,-208.73,3.994,-39.46,5.75,-0.04,0.0082,-2.1642,12.13,-98815.97,7.58,92.23,-6.954,-0,-1.0001,151.75,119.88,157.41,24.96,Cornering,"Hoosier 43075 16x7.5-10 R20, 7 inch rim",16022
78.42,661.226,-0.33,449.49,-207.47,3.991,-38.67,6.62,-0.04,0.0016,-2.1666,12.1,-98843.26,7.58,92.24,-6.932,-0,-1.0001,151.73,119.97,157.41,24.97,Cornering,"Hoosier 43075 16x7.5-10 R20, 7 inch rim",16023
78.4,661.236,-0.68,447.4,-206.32,3.991,-38.44,6.57,-0.04,0.0033,-2.1684,12.04,-98805.43,7.58,92.23,-6.892,-0,-1.0001,151.73,120.12,157.35,24.96,Cornering,"Hoosier 43075 16x7.5-10 R20, 7 inch rim",16024
78.39,661.246,-0.89,445.78,-205.47,3.996,-39.4,7.28,0.03,0.0043,-2.1696,12,158853.67,7.58,92.23,-6.841,-0,-1,151.88,120.26,157.35,24.94,Cornering,"Hoosier 43075 16x7.5-10 R20, 7 inch rim",16025
78.41,661.256,-1.9,444.88,-205.94,3.988,-39.27,7.54,0.03,0.0092,-2.1602,11.97,159014.59,7.58,92.2,-6.799,-0,-1,152.03,120.34,157.41,24.96,Cornering,"Hoosier 43075 16x7.5-10 R20, 7 inch rim",16026
78.41,661.266,-3.07,444.59,-206.53,3.994,-39.9,7.38,-0.04,0.0148,-2.1527,12.03,-98922.84,7.58,92.2,-6.763,-0,-1.0001,152.18,120.32,157.54,24.98,Cornering,"Hoosier 43075 16x7.5-10 R20, 7 inch rim",16027
78.39,661.276,-4.39,444.79,-207.26,3.991,-40.33,6.74,-0.04,0.0212,-2.146,12.11,-99021.41,7.58,92.21,-6.729,-0,-1.0001,152.03,120.28,157.52,25,Cornering,"Hoosier 43075 16x7.5-10 R20, 7 inch rim",16028
78.39,661.286,-5.88,445.18,-208.53,3.993,-40.63,5.14,0.03,0.0282,-2.1349,12.17,159311.94,7.58,92.21,-6.676,-0,-1,151.81,120.15,157.37,25,Cornering,"Hoosier 43075 16x7.5-10 R20, 7 inch rim",16029
78.41,661.296,-6.68,446.06,-210.1,3.996,-40.31,3.6,0.03,0.0318,-2.123,12.17,159285.72,7.58,92.23,-6.642,-0,-1,151.58,119.99,157.19,25,Cornering,"Hoosier 43075 16x7.5-10 R20, 7 inch rim",16030
78.4,661.306,-6.19,446.46,-211.49,3.994,-40.01,2.74,0.03,0.0293,-2.1111,12.1,159191.77,7.58,92.22,-6.587,-0,-1,151.45,119.84,157.05,24.98,Cornering,"Hoosier 43075 16x7.5-10 R20, 7 inch rim",16031
78.38,661.316,-5.44,446.43,-210.89,3.991,-40.53,1.48,0.09,0.0258,-2.1169,12.02,44126.67,7.58,92.2,-6.552,-0,-0.9998,151.28,119.79,156.85,24.98,Cornering,"Hoosier 43075 16x7.5-10 R20, 7 inch rim",16032
78.4,661.326,-3.7,444.83,-210.21,3.994,-40.26,1.3,-0.04,0.0176,-2.1161,11.96,-98993.65,7.58,92.15,-6.516,-0,-1.0001,151.23,119.9,156.69,24.98,Cornering,"Hoosier 43075 16x7.5-10 R20, 7 inch rim",16033
78.42,661.336,-3.58,442.41,-208.73,4.001,-39.83,0.28,0.09,0.0171,-2.1195,11.96,44164.62,7.58,92.12,-6.466,-0,-0.9998,151.19,119.99,156.57,25,Cornering,"Hoosier 43075 16x7.5-10 R20, 7 inch rim",16034
78.39,661.346,-4.12,440.03,-207.88,3.998,-39.2,-0.63,0.09,0.0198,-2.1168,11.99,44168.09,7.58,92.09,-6.424,-0,-0.9998,151.1,120.08,156.51,25,Cornering,"Hoosier 43075 16x7.5-10 R20, 7 inch rim",16035
78.39,661.356,-5.04,437.97,-207.2,3.997,-39.27,-0.81,-0.04,0.0243,-2.1137,12.07,-99155.9,7.58,92.1,-6.385,-0,-1.0001,151.08,120.28,156.46,25.02,Cornering,"Hoosier 43075 16x7.5-10 R20, 7 inch rim",16036
78.42,661.366,-5.72,436.55,-207.03,3.998,-39.62,-0.54,0.03,0.0276,-2.1087,12.14,159379.59,7.58,92.13,-6.332,-0,-1,151.23,120.41,156.46,25,Cornering,"Hoosier 43075 16x7.5-10 R20, 7 inch rim",16037
78.4,661.376,-6.48,435.47,-207.32,4.003,-40.15,-0.08,-0.04,0.0312,-2.1005,12.16,-99078.53,7.58,92.14,-6.307,-0,-1.0001,151.23,120.48,156.51,25,Cornering,"Hoosier 43075 16x7.5-10 R20, 7 inch rim",16038
78.38,661.386,-6.84,434.87,-207.74,4.001,-40.79,0.66,-0.04,0.0329,-2.0933,12.1,-99016.93,7.58,92.12,-6.267,-0,-1.0001,151.08,120.41,156.59,24.98,Cornering,"Hoosier 43075 16x7.5-10 R20, 7 inch rim",16039
78.4,661.396,-7.28,434.83,-209.3,3.988,-40.27,0.69,0.03,0.0348,-2.0775,12.06,159224.61,7.58,92.13,-6.231,-0,-1,150.89,120.34,156.46,24.97,Cornering,"Hoosier 43075 16x7.5-10 R20, 7 inch rim",16040
78.41,661.406,-6.83,435.8,-210.17,4,-40.62,1.11,0.03,0.0325,-2.0735,11.98,159234.58,7.58,92.14,-6.196,-0,-1,150.61,120.21,156.28,24.97,Cornering,"Hoosier 43075 16x7.5-10 R20, 7 inch rim",16041
78.39,661.416,-6.39,436.05,-211.74,4.003,-40.63,0.69,0.03,0.0302,-2.0594,12,159286.38,7.58,92.12,-6.145,-0,-1,150.46,120.08,156.08,24.97,Cornering,"Hoosier 43075 16x7.5-10 R20, 7 inch rim",16042
78.39,661.426,-5.12,436.1,-212.33,3.998,-40.33,0.54,0.03,0.0241,-2.0539,12.02,159220.62,7.58,92.15,-6.116,-0,-1,150.31,120.01,155.8,24.96,Cornering,"Hoosier 43075 16x7.5-10 R20, 7 inch rim",16043
78.42,661.436,-3.64,434.71,-212.29,3.99,-39.75,0.46,0.03,0.0172,-2.0477,12.08,159230.8,7.59,92.17,-6.08,-0,-1,150.12,120.1,155.51,24.96,Cornering,"Hoosier 43075 16x7.5-10 R20, 7 inch rim",16044
78.4,661.446,-2.23,432.26,-210.51,4.001,-39.9,1.01,0.09,0.0106,-2.0534,12.11,44128,7.58,92.15,-6.032,-0,-0.9998,149.99,120.23,155.35,24.96,Cornering,"Hoosier 43075 16x7.5-10 R20, 7 inch rim",16045
78.38,661.456,-1.25,429.53,-208.72,3.982,-39.75,1.81,0.03,0.006,-2.0579,12.09,159253.77,7.59,92.11,-5.999,-0,-1,149.95,120.32,155.19,24.96,Cornering,"Hoosier 43075 16x7.5-10 R20, 7 inch rim",16046
78.4,661.466,-1.36,427.01,-208.28,3.988,-38.97,2.57,0.03,0.0065,-2.0502,12.03,159227.55,7.59,92.1,-5.96,-0,-1,149.9,120.52,155.09,24.96,Cornering,"Hoosier 43075 16x7.5-10 R20, 7 inch rim",16047
78.42,661.476,-1.99,425.85,-207.31,3.991,-39.11,3.28,-0.04,0.0096,-2.0542,11.95,-98961.22,7.59,92.08,-5.932,-0,-1.0001,150.01,120.72,155.05,24.95,Cornering,"Hoosier 43075 16x7.5-10 R20, 7 inch rim",16048
78.39,661.486,-2.47,425.07,-207.56,4.009,-39.11,4.17,0.03,0.0119,-2.0479,11.93,159324.78,7.59,92.06,-5.876,-0,-1,150.18,120.85,155.07,24.97,Cornering,"Hoosier 43075 16x7.5-10 R20, 7 inch rim",16049
78.38,661.496,-3.87,424.49,-208.29,4.009,-39.34,3.53,0.09,0.0186,-2.038,11.98,44163.84,7.59,92.03,-5.831,-0,-0.9998,150.14,120.81,155.01,24.97,Cornering,"Hoosier 43075 16x7.5-10 R20, 7 inch rim",16050
78.41,661.506,-4.87,424.56,-209.25,3.996,-39.58,2.83,0.03,0.0233,-2.029,12.08,159497.22,7.59,92.01,-5.786,-0,-1,149.95,120.78,154.89,24.99,Cornering,"Hoosier 43075 16x7.5-10 R20, 7 inch rim",16051
78.41,661.516,-5.34,424.79,-210.6,4.003,-39.71,2.12,0.09,0.0254,-2.0171,12.14,44210.94,7.59,91.97,-5.75,-0,-0.9998,149.69,120.67,154.69,25,Cornering,"Hoosier 43075 16x7.5-10 R20, 7 inch rim",16052
78.38,661.526,-5.38,424.56,-211.92,4,-40.36,1.05,0.03,0.0254,-2.0034,12.16,159630.42,7.59,91.91,-5.702,-0,-1,149.58,120.61,154.52,25.01,Cornering,"Hoosier 43075 16x7.5-10 R20, 7 inch rim",16053
78.39,661.536,-4.47,423.88,-213.31,4,-40,0.23,0.09,0.021,-1.9871,12.12,44237.25,7.59,91.9,-5.671,-0,-0.9998,149.41,120.52,154.32,25.01,Cornering,"Hoosier 43075 16x7.5-10 R20, 7 inch rim",16054
78.42,661.546,-3.61,422.48,-213.09,3.994,-39.54,-0.7,0.03,0.0169,-1.9826,12.06,159574.17,7.59,91.86,-5.635,-0,-1,149.24,120.56,154.14,25,Cornering,"Hoosier 43075 16x7.5-10 R20, 7 inch rim",16055
78.4,661.556,-2.31,420.21,-211.68,4.006,-39.57,-0.71,-0.04,0.0109,-1.9851,11.97,-99110.88,7.59,91.86,-5.585,-0,-1.0001,149.17,120.63,154.02,24.97,Cornering,"Hoosier 43075 16x7.5-10 R20, 7 inch rim",16056
78.38,661.566,-2.19,417.61,-209.52,3.985,-39.26,-1.22,0.03,0.0105,-1.9932,11.95,159485.12,7.59,91.82,-5.551,-0,-1,149.04,120.7,153.92,24.98,Cornering,"Hoosier 43075 16x7.5-10 R20, 7 inch rim",16057
78.41,661.576,-2.23,415.69,-208.49,3.987,-38.67,-0.99,0.03,0.0107,-1.9938,11.98,159569.81,7.59,91.84,-5.509,-0,-1,148.98,120.85,153.8,24.99,Cornering,"Hoosier 43075 16x7.5-10 R20, 7 inch rim",16058
78.41,661.586,-3.09,414.22,-207.55,3.996,-38.52,-1.01,-0.04,0.0149,-1.9957,12.04,-99220.73,7.59,91.82,-5.473,-0,-1.0001,149,121,153.8,25,Cornering,"Hoosier 43075 16x7.5-10 R20, 7 inch rim",16059
78.37,661.596,-3.63,413.4,-207.18,4.003,-38.68,-0.27,-0.04,0.0175,-1.9953,12.09,-99297.2,7.59,91.8,-5.426,-0,-1.0001,149.11,121.16,153.82,25.01,Cornering,"Hoosier 43075 16x7.5-10 R20, 7 inch rim",16060
78.39,661.606,-4.47,412.18,-207.54,3.997,-39.18,-0.18,0.09,0.0215,-1.986,12.08,44247.78,7.59,91.75,-5.379,-0,-0.9998,149.17,121.18,153.86,25,Cornering,"Hoosier 43075 16x7.5-10 R20, 7 inch rim",16061
78.41,661.616,-5.93,411.75,-208.15,3.994,-39.47,-0.97,-0.04,0.0285,-1.9782,12.03,-99217.61,7.6,91.7,-5.346,-0,-1.0001,149,121.09,153.86,24.99,Cornering,"Hoosier 43075 16x7.5-10 R20, 7 inch rim",16062
78.4,661.626,-5.99,411.26,-210.17,3.996,-39.5,-1.08,-0.18,0.0285,-1.9567,11.95,-23340.4,7.6,91.65,-5.31,-0,-1.0003,148.77,121,153.82,24.94,Cornering,"Hoosier 43075 16x7.5-10 R20, 7 inch rim",16063
78.38,661.636,-6.02,411.05,-211.92,4,-39.89,-1.61,0.03,0.0284,-1.9396,11.88,159296.77,7.59,91.65,-5.269,-0,-1,148.51,120.94,153.66,24.94,Cornering,"Hoosier 43075 16x7.5-10 R20, 7 inch rim",16064
78.4,661.646,-4.75,410.52,-213.23,3.996,-39.77,-1.73,-0.11,0.0223,-1.9252,11.92,-37772.96,7.6,91.67,-5.241,-0,-1.0002,148.36,120.87,153.47,24.94,Cornering,"Hoosier 43075 16x7.5-10 R20, 7 inch rim",16065
78.41,661.656,-3.4,409.44,-213.24,3.996,-39.55,-2.03,0.16,0.0159,-1.9201,11.95,25618.16,7.6,91.67,-5.193,-0,-0.9997,148.19,120.89,153.25,24.93,Cornering,"Hoosier 43075 16x7.5-10 R20, 7 inch rim",16066
78.39,661.666,-2.1,407.49,-211.89,4,-39.22,-2.07,0.03,0.0099,-1.9231,12.05,159287.33,7.6,91.7,-5.154,-0,-1,148.1,121.03,153.11,24.93,Cornering,"Hoosier 43075 16x7.5-10 R20, 7 inch rim",16067
78.38,661.676,-1.95,405.05,-209.99,3.99,-38.74,-2.65,0.03,0.0093,-1.9289,12.14,159296.84,7.6,91.69,-5.114,-0,-1,148.06,121.14,152.99,24.93,Cornering,"Hoosier 43075 16x7.5-10 R20, 7 inch rim",16068
78.42,661.686,-1.82,402.62,-208.5,3.996,-38.31,-2.24,0.03,0.0088,-1.931,12.19,159232.86,7.6,91.65,-5.071,-0,-1,147.93,121.25,152.83,24.92,Cornering,"Hoosier 43075 16x7.5-10 R20, 7 inch rim",16069
78.4,661.696,-2.54,401.41,-206.56,3.998,-38.48,-1.85,0.03,0.0123,-1.9433,12.17,159239.22,7.6,91.63,-5.044,-0,-1,148.04,121.49,152.79,24.92,Cornering,"Hoosier 43075 16x7.5-10 R20, 7 inch rim",16070
78.38,661.706,-2.85,400.22,-207.17,3.99,-37.42,-0.92,0.03,0.0138,-1.9319,12.1,159395.33,7.6,91.63,-5.009,-0,-1,148.12,121.64,152.73,24.94,Cornering,"Hoosier 43075 16x7.5-10 R20, 7 inch rim",16071
78.4,661.716,-3.02,399.09,-206.91,4,-38.39,0.22,0.03,0.0146,-1.9288,12,159406.52,7.6,91.65,-4.961,-0,-1,148.08,121.73,152.71,24.94,Cornering,"Hoosier 43075 16x7.5-10 R20, 7 inch rim",16072
78.42,661.726,-3.87,398.04,-207.72,4.001,-39.34,0.35,0.09,0.0186,-1.9162,11.97,44206.22,7.6,91.68,-4.921,-0,-0.9998,148.01,121.71,152.71,24.96,Cornering,"Hoosier 43075 16x7.5-10 R20, 7 inch rim",16073
78.39,661.736,-4.07,397.65,-209.16,4.007,-39.42,0.63,0.16,0.0194,-1.9012,11.98,25659.25,7.6,91.68,-4.891,-0,-0.9997,147.71,121.64,152.65,24.96,Cornering,"Hoosier 43075 16x7.5-10 R20, 7 inch rim",16074
78.38,661.746,-4.61,397.31,-210.86,3.993,-39.78,-0.52,-0.04,0.0219,-1.8842,12.05,-99245.41,7.6,91.71,-4.842,-0,-1.0001,147.52,121.6,152.52,24.98,Cornering,"Hoosier 43075 16x7.5-10 R20, 7 inch rim",16075
78.41,661.756,-4.15,396.97,-212.76,3.997,-39.14,-1.22,0.09,0.0195,-1.8658,12.13,44295.38,7.6,91.72,-4.808,-0,-0.9998,147.37,121.53,152.32,25.01,Cornering,"Hoosier 43075 16x7.5-10 R20, 7 inch rim",16076
78.41,661.766,-3.18,395.75,-213.13,3.991,-39.4,-1.92,-0.11,0.0149,-1.8569,12.14,-37905.01,7.61,91.76,-4.755,-0,-1.0002,147.22,121.49,152.16,25.01,Cornering,"Hoosier 43075 16x7.5-10 R20, 7 inch rim",16077
78.38,661.776,-1.99,393.97,-211.96,4,-39.11,-2.5,-0.04,0.0094,-1.8587,12.11,-99330.22,7.6,91.79,-4.727,-0,-1.0001,147.07,121.58,152,25,Cornering,"Hoosier 43075 16x7.5-10 R20, 7 inch rim",16078
78.4,661.786,-1.07,391.57,-210.44,3.985,-38.45,-2.71,0.03,0.0051,-1.8607,12.02,159692.09,7.61,91.82,-4.676,-0,-1,146.96,121.75,151.92,24.98,Cornering,"Hoosier 43075 16x7.5-10 R20, 7 inch rim",16079
78.42,661.796,-1.27,389.41,-208.37,3.996,-37.97,-3.07,0.03,0.0061,-1.8689,11.95,159626.27,7.6,91.84,-4.637,-0,-1,146.81,121.86,151.76,24.97,Cornering,"Hoosier 43075 16x7.5-10 R20, 7 inch rim",16080
78.4,661.806,-2.18,387.12,-206.73,3.998,-38.39,-3.23,-0.04,0.0106,-1.8726,11.92,-99255.84,7.6,91.83,-4.594,-0,-1.0001,146.79,122.04,151.66,24.97,Cornering,"Hoosier 43075 16x7.5-10 R20, 7 inch rim",16081
78.38,661.816,-2.83,385.58,-206.76,3.994,-37.8,-2.76,-0.04,0.0137,-1.8649,11.96,-99260.16,7.61,91.84,-4.561,-0,-1.0001,146.81,122.22,151.66,24.97,Cornering,"Hoosier 43075 16x7.5-10 R20, 7 inch rim",16082
78.41,661.826,-4.11,384.15,-206.52,3.997,-37.84,-2.82,-0.04,0.0199,-1.8602,12.03,-99381.47,7.61,91.87,-4.514,-0,-1.0001,146.92,122.35,151.68,25,Cornering,"Hoosier 43075 16x7.5-10 R20, 7 inch rim",16083
78.41,661.836,-4.52,382.81,-207.48,3.997,-38.03,-2.18,0.03,0.0218,-1.845,12.11,159956.38,7.61,91.87,-4.477,-0,-1,146.88,122.35,151.68,25.01,Cornering,"Hoosier 43075 16x7.5-10 R20, 7 inch rim",16084
78.38,661.846,-5.44,381.64,-208.58,3.994,-38.45,-2.72,0.03,0.0261,-1.8297,12.14,160040.17,7.61,91.91,-4.43,-0,-1,146.62,122.28,151.64,25.03,Cornering,"Hoosier 43075 16x7.5-10 R20, 7 inch rim",16085
78.39,661.856,-5.93,380.63,-210.06,4.001,-39.17,-3.33,-0.04,0.0282,-1.812,12.11,-99419.82,7.61,91.9,-4.394,-0,-1.0001,146.49,122.17,151.49,25.01,Cornering,"Hoosier 43075 16x7.5-10 R20, 7 inch rim",16086
78.42,661.866,-5.56,380,-212.23,3.993,-38.56,-3.81,-0.04,0.0262,-1.7905,12.04,-99355.52,7.61,91.94,-4.355,-0,-1.0001,146.41,122.08,151.31,24.99,Cornering,"Hoosier 43075 16x7.5-10 R20, 7 inch rim",16087
78.4,661.876,-4.35,378.89,-212.22,4.004,-39.61,-3.98,0.03,0.0205,-1.7854,11.98,159802.83,7.61,91.97,-4.319,-0,-1,146.26,122.06,151.15,24.98,Cornering,"Hoosier 43075 16x7.5-10 R20, 7 inch rim",16088
78.38,661.886,-3.05,377.21,-212.32,3.993,-38.85,-4.41,-0.04,0.0144,-1.7766,11.96,-99341.63,7.61,91.97,-4.281,-0,-1.0001,146.13,122.15,150.97,24.98,Cornering,"Hoosier 43075 16x7.5-10 R20, 7 inch rim",16089
78.4,661.896,-1.96,374.65,-210.91,3.991,-38.46,-4.45,0.09,0.0093,-1.7763,11.98,44276.95,7.61,91.97,-4.236,-0,-0.9998,146.04,122.26,150.89,24.98,Cornering,"Hoosier 43075 16x7.5-10 R20, 7 inch rim",16090
78.42,661.906,-1.64,372.33,-208.71,3.998,-38.23,-4.28,-0.04,0.0079,-1.7839,12.03,-99329.46,7.61,91.96,-4.19,-0,-1.0001,145.87,122.35,150.73,24.98,Cornering,"Hoosier 43075 16x7.5-10 R20, 7 inch rim",16091
78.39,661.916,-1.53,370.27,-207.87,3.996,-36.78,-3.29,0.03,0.0074,-1.7812,12.09,159721.36,7.61,91.95,-4.166,-0,-1,145.85,122.52,150.6,24.97,Cornering,"Hoosier 43075 16x7.5-10 R20, 7 inch rim",16092
78.39,661.926,-2.43,368.31,-206.47,3.988,-37.58,-2.97,0.03,0.0118,-1.7839,12.08,159692.41,7.61,91.96,-4.123,-0,-1,145.8,122.68,150.54,24.96,Cornering,"Hoosier 43075 16x7.5-10 R20, 7 inch rim",16093
78.42,661.936,-3.43,366.26,-206.25,4.001,-37.77,-2.31,0.09,0.0166,-1.7758,12.05,44244.21,7.61,91.92,-4.077,-0,-0.9998,145.89,122.77,150.56,24.96,Cornering,"Hoosier 43075 16x7.5-10 R20, 7 inch rim",16094
78.41,661.946,-4.06,364.76,-206.98,3.993,-37.54,-1.65,0.09,0.0196,-1.7623,11.95,44236.5,7.61,91.91,-4.027,-0,-0.9998,145.85,122.74,150.58,24.95,Cornering,"Hoosier 43075 16x7.5-10 R20, 7 inch rim",16095
78.38,661.956,-5.08,363.38,-207.61,4,-38.17,-1.87,0.03,0.0245,-1.7503,11.89,159639.73,7.61,91.91,-4.007,-0,-1,145.74,122.7,150.54,24.95,Cornering,"Hoosier 43075 16x7.5-10 R20, 7 inch rim",16096
78.41,661.966,-5.53,362.26,-209.51,4.001,-38.07,-2.26,0.09,0.0264,-1.7291,11.87,44208.99,7.61,91.9,-3.961,-0,-0.9998,145.53,122.59,150.46,24.93,Cornering,"Hoosier 43075 16x7.5-10 R20, 7 inch rim",16097
78.41,661.976,-5.39,361.47,-211.4,3.985,-37.79,-2.72,-0.04,0.0255,-1.7098,11.92,-99199.52,7.62,91.9,-3.917,-0,-1.0001,145.38,122.52,150.3,24.94,Cornering,"Hoosier 43075 16x7.5-10 R20, 7 inch rim",16098
78.39,661.986,-4.24,360.41,-212.23,3.997,-38.27,-2.71,0.03,0.02,-1.6982,12,159700.45,7.61,91.93,-3.875,-0,-1,145.27,122.52,150.12,24.96,Cornering,"Hoosier 43075 16x7.5-10 R20, 7 inch rim",16099
78.38,661.996,-3.72,358.84,-211.5,3.982,-37.96,-3.85,0.09,0.0176,-1.6967,12.09,44276.78,7.62,91.97,-3.837,-0,-0.9998,145.14,122.59,149.96,24.97,Cornering,"Hoosier 43075 16x7.5-10 R20, 7 inch rim",16100
78.41,662.006,-2.45,356.25,-210.03,3.996,-37.86,-3.75,-0.04,0.0117,-1.6962,12.17,-99398.62,7.61,91.95,-3.782,-0,-1.0001,144.99,122.74,149.86,24.98,Cornering,"Hoosier 43075 16x7.5-10 R20, 7 inch rim",16101
78.4,662.016,-2.05,353.53,-208.52,3.984,-36.84,-3.86,-0.04,0.0098,-1.6954,12.14,-99447.48,7.62,91.92,-3.757,-0,-1.0001,144.86,122.88,149.7,25,Cornering,"Hoosier 43075 16x7.5-10 R20, 7 inch rim",16102
78.38,662.026,-2.33,350.75,-206.61,4,-36.87,-3.38,-0.04,0.0113,-1.6976,12.09,-99498.13,7.61,91.89,-3.714,-0,-1.0001,144.77,123.03,149.51,25.01,Cornering,"Hoosier 43075 16x7.5-10 R20, 7 inch rim",16103
78.4,662.036,-3.13,348.71,-206.01,3.988,-36.14,-3.04,-0.11,0.0152,-1.6926,11.99,-37963.23,7.62,91.85,-3.675,-0,-1.0002,144.8,123.23,149.47,25.01,Cornering,"Hoosier 43075 16x7.5-10 R20, 7 inch rim",16104
78.41,662.046,-3.86,346.84,-205.98,3.993,-35.78,-2.02,0.09,0.0187,-1.6838,11.92,44347.88,7.62,91.83,-3.636,-0,-0.9998,144.84,123.43,149.41,25,Cornering,"Hoosier 43075 16x7.5-10 R20, 7 inch rim",16105
78.39,662.056,-5.04,344.98,-206.28,3.996,-36.06,-1.76,-0.04,0.0244,-1.6724,11.89,-99510.52,7.62,91.84,-3.593,-0,-1.0001,144.88,123.43,149.35,25.01,Cornering,"Hoosier 43075 16x7.5-10 R20, 7 inch rim",16106
78.39,662.066,-5.88,343.16,-207.21,4.003,-36.67,-1.59,0.03,0.0284,-1.6561,11.95,160088.17,7.61,91.86,-3.556,-0,-1,144.8,123.45,149.35,25.01,Cornering,"Hoosier 43075 16x7.5-10 R20, 7 inch rim",16107
78.42,662.076,-6.39,341.22,-208.54,3.997,-37.64,-1.82,0.09,0.0307,-1.6362,12,44414.84,7.62,91.89,-3.519,-0,-0.9998,144.69,123.36,149.25,25.04,Cornering,"Hoosier 43075 16x7.5-10 R20, 7 inch rim",16108
78.42,662.086,-6.52,339.52,-211.16,3.996,-37.57,-2.29,-0.04,0.0309,-1.6079,12.09,-99682.54,7.62,91.88,-3.487,-0,-1.0001,144.54,123.34,149.13,25.05,Cornering,"Hoosier 43075 16x7.5-10 R20, 7 inch rim",16109
78.38,662.096,-5.31,337.88,-212.27,3.994,-38.21,-2.18,0.03,0.025,-1.5917,12.12,160292.5,7.62,91.85,-3.437,-0,-1,144.5,123.25,148.91,25.04,Cornering,"Hoosier 43075 16x7.5-10 R20, 7 inch rim",16110
78.4,662.106,-4.14,336.2,-212.68,3.997,-37.8,-2.49,0.09,0.0195,-1.5808,12.06,44389.33,7.62,91.82,-3.396,-0,-0.9998,144.39,123.29,148.73,25.02,Cornering,"Hoosier 43075 16x7.5-10 R20, 7 inch rim",16111
78.43,662.116,-2.65,333.82,-211.76,3.998,-37.01,-2.49,-0.04,0.0125,-1.5764,11.99,-99464.11,7.62,91.78,-3.36,-0,-1.0001,144.28,123.45,148.6,24.99,Cornering,"Hoosier 43075 16x7.5-10 R20, 7 inch rim",16112
78.4,662.126,-1.7,331.37,-209.65,3.99,-36.61,-2.14,0.03,0.0081,-1.5806,11.92,159903.02,7.62,91.76,-3.314,-0,-1,144.17,123.65,148.38,24.97,Cornering,"Hoosier 43075 16x7.5-10 R20, 7 inch rim",16113
78.38,662.136,-2.13,329.07,-207.73,3.998,-36.03,-2.15,0.03,0.0103,-1.5841,11.9,159907.06,7.62,91.77,-3.287,-0,-1,144.09,123.8,148.22,24.97,Cornering,"Hoosier 43075 16x7.5-10 R20, 7 inch rim",16114
78.42,662.146,-2.87,326.99,-206.74,3.994,-35.5,-1.67,0.03,0.0139,-1.5817,11.96,159876.86,7.62,91.75,-3.24,-0,-1,144.02,123.95,148.16,24.97,Cornering,"Hoosier 43075 16x7.5-10 R20, 7 inch rim",16115
78.41,662.156,-3.52,324.6,-205.97,3.996,-35.58,-0.54,0.03,0.0171,-1.576,12.04,159919.97,7.62,91.77,-3.198,-0,-1,144.11,124.15,148.12,24.97,Cornering,"Hoosier 43075 16x7.5-10 R20, 7 inch rim",16116
78.39,662.166,-4.65,322.37,-205.29,3.996,-36.72,0.17,-0.04,0.0227,-1.5703,12.11,-99367.37,7.62,91.78,-3.155,-0,-1.0001,144.09,124.28,148.14,24.96,Cornering,"Hoosier 43075 16x7.5-10 R20, 7 inch rim",16117
78.39,662.176,-5.79,319.85,-207.16,3.996,-35.81,0.35,-0.04,0.0279,-1.544,12.14,-99347.29,7.62,91.81,-3.121,-0,-1.0001,144.05,124.28,148.12,24.96,Cornering,"Hoosier 43075 16x7.5-10 R20, 7 inch rim",16118
78.42,662.186,-6.65,317.78,-208.99,4,-36.18,0.28,-0.04,0.0318,-1.5205,12.08,-99351.35,7.62,91.84,-3.074,-0,-1.0001,143.92,124.2,148.12,24.96,Cornering,"Hoosier 43075 16x7.5-10 R20, 7 inch rim",16119
78.4,662.196,-6.79,315.37,-210.49,4.001,-37.53,0.16,-0.04,0.0323,-1.4983,11.98,-99354.14,7.62,91.81,-3.041,-0,-1.0001,143.75,124.11,148,24.96,Cornering,"Hoosier 43075 16x7.5-10 R20, 7 inch rim",16120
78.38,662.206,-6.32,313.31,-212.36,4.003,-37.82,-0.21,0.03,0.0297,-1.4754,11.91,159948.3,7.62,91.81,-2.993,-0,-1,143.75,124.06,147.88,24.97,Cornering,"Hoosier 43075 16x7.5-10 R20, 7 inch rim",16121
78.41,662.216,-5,311.47,-212.61,4.001,-37.51,-0.08,0.16,0.0235,-1.465,11.89,25738.5,7.62,91.85,-2.965,-0,-0.9997,143.62,124,147.73,24.98,Cornering,"Hoosier 43075 16x7.5-10 R20, 7 inch rim",16122
78.42,662.226,-3.85,309.27,-212.05,4.003,-36.5,-0.28,0.03,0.0182,-1.4584,11.93,160032.91,7.62,91.85,-2.915,-0,-1,143.55,124.11,147.57,24.98,Cornering,"Hoosier 43075 16x7.5-10 R20, 7 inch rim",16123
78.38,662.236,-3.14,306.69,-210.19,3.99,-35.43,-0.4,0.09,0.0149,-1.4591,12.01,44357.88,7.63,91.88,-2.883,-0,-0.9998,143.49,124.24,147.47,24.99,Cornering,"Hoosier 43075 16x7.5-10 R20, 7 inch rim",16124
78.39,662.246,-3.5,304.08,-208.36,4.001,-34.7,-0.58,0.03,0.0168,-1.4594,12.08,160043.14,7.62,91.87,-2.834,-0,-1,143.27,124.46,147.27,24.98,Cornering,"Hoosier 43075 16x7.5-10 R20, 7 inch rim",16125
78.42,662.256,-3.89,301.69,-207.21,4,-33.81,0.11,0.03,0.0188,-1.4559,12.07,160158.8,7.62,91.87,-2.8,-0,-1,143.14,124.75,147.15,25,Cornering,"Hoosier 43075 16x7.5-10 R20, 7 inch rim",16126
78.41,662.266,-4.63,298.66,-206.05,3.993,-34.8,1.17,0.03,0.0225,-1.4494,12.02,160163.39,7.63,91.89,-2.763,-0,-1,143.12,124.97,147.07,25,Cornering,"Hoosier 43075 16x7.5-10 R20, 7 inch rim",16127
78.38,662.276,-5.5,295.85,-206.02,3.994,-35.02,2.06,0.03,0.0267,-1.4361,11.95,160168.77,7.63,91.87,-2.719,-0,-1,143.12,125.16,147.03,25,Cornering,"Hoosier 43075 16x7.5-10 R20, 7 inch rim",16128
78.4,662.286,-6.58,292.94,-206.83,3.991,-35.48,2.35,-0.04,0.0318,-1.4164,11.92,-99612.77,7.63,91.82,-2.688,-0,-1.0001,143.08,125.23,147.01,25.01,Cornering,"Hoosier 43075 16x7.5-10 R20, 7 inch rim",16129
78.42,662.296,-7.29,290.57,-208.61,3.988,-35.56,2.7,-0.11,0.0349,-1.3929,11.95,-37989.09,7.63,91.81,-2.643,-0,-1.0002,142.99,125.23,146.95,25.01,Cornering,"Hoosier 43075 16x7.5-10 R20, 7 inch rim",16130
78.39,662.306,-7.82,287.99,-210,3.996,-36.85,2.32,0.09,0.0373,-1.3714,12.02,44408.24,7.63,91.79,-2.61,-0,-0.9998,142.84,125.12,146.85,25.01,Cornering,"Hoosier 43075 16x7.5-10 R20, 7 inch rim",16131
78.38,662.316,-7.3,286.1,-212.19,4.01,-36.35,2.42,0.03,0.0344,-1.3483,12.09,160187.56,7.63,91.76,-2.557,-0,-1,142.82,125.08,146.74,25,Cornering,"Hoosier 43075 16x7.5-10 R20, 7 inch rim",16132
78.41,662.326,-5.64,283.86,-213.23,3.993,-35.85,2.99,-0.04,0.0264,-1.3312,12.14,-99601.41,7.63,91.75,-2.524,-0,-1.0001,142.76,125.1,146.58,25.01,Cornering,"Hoosier 43075 16x7.5-10 R20, 7 inch rim",16133
78.41,662.336,-4.55,281.64,-212.53,4.001,-35.28,2.72,0.03,0.0214,-1.3251,12.12,160234,7.63,91.74,-2.472,-0,-1,142.72,125.16,146.44,25.01,Cornering,"Hoosier 43075 16x7.5-10 R20, 7 inch rim",16134
78.38,662.346,-3.81,278.93,-211.15,3.994,-34.2,2.51,0.09,0.018,-1.321,12.06,44403,7.63,91.73,-2.445,-0,-0.9998,142.65,125.27,146.3,25.01,Cornering,"Hoosier 43075 16x7.5-10 R20, 7 inch rim",16135
78.4,662.356,-3.36,275.82,-208.8,3.997,-34.42,2.91,-0.04,0.0161,-1.321,11.95,-99563.48,7.63,91.7,-2.401,-0,-1.0001,142.39,125.47,146.14,25,Cornering,"Hoosier 43075 16x7.5-10 R20, 7 inch rim",16136
78.42,662.366,-4.05,272.96,-207.53,3.987,-33.97,3.29,-0.11,0.0195,-1.3153,11.89,-37943.51,7.63,91.72,-2.363,-0,-1.0002,142.35,125.69,146.02,24.97,Cornering,"Hoosier 43075 16x7.5-10 R20, 7 inch rim",16137
78.4,662.376,-5.07,270.07,-206.42,3.998,-34.04,4.08,0.09,0.0245,-1.3084,11.89,44314.23,7.63,91.73,-2.31,-0,-0.9998,142.41,125.91,145.96,24.96,Cornering,"Hoosier 43075 16x7.5-10 R20, 7 inch rim",16138
78.39,662.386,-6.22,267.39,-205.83,3.998,-34.26,5.2,0.09,0.0302,-1.299,11.94,44304.77,7.63,91.75,-2.28,-0,-0.9998,142.46,126.07,145.96,24.95,Cornering,"Hoosier 43075 16x7.5-10 R20, 7 inch rim",16139
78.4,662.396,-7.65,264.28,-206.09,4.001,-35.12,5.64,0.03,0.0371,-1.2824,12,159997.34,7.63,91.79,-2.245,-0,-1,142.46,126.16,145.94,24.97,Cornering,"Hoosier 43075 16x7.5-10 R20, 7 inch rim",16140
78.41,662.406,-8.45,261.46,-207.89,3.988,-34.51,5.95,0.03,0.0406,-1.2577,12.08,160150.97,7.63,91.8,-2.192,-0,-1,142.35,126.16,145.88,24.99,Cornering,"Hoosier 43075 16x7.5-10 R20, 7 inch rim",16141
78.38,662.416,-8.92,258.59,-209.64,4,-35.23,6.04,0.09,0.0426,-1.2335,12.11,44390.22,7.63,91.77,-2.163,-0,-0.9998,142.31,126.13,145.84,25,Cornering,"Hoosier 43075 16x7.5-10 R20, 7 inch rim",16142
78.4,662.426,-8.77,256.08,-211.58,3.993,-35.02,5.97,-0.04,0.0414,-1.2103,12.08,-99603.94,7.63,91.75,-2.114,-0,-1.0001,142.2,126.11,145.71,25,Cornering,"Hoosier 43075 16x7.5-10 R20, 7 inch rim",16143
78.42,662.436,-7.79,253.67,-212.7,3.994,-34.71,5.94,0.03,0.0366,-1.1926,12,160123.44,7.63,91.72,-2.087,-0,-1,142.11,126.09,145.53,24.98,Cornering,"Hoosier 43075 16x7.5-10 R20, 7 inch rim",16144
78.39,662.446,-6.24,251.04,-212.72,3.994,-33.96,6.03,-0.04,0.0293,-1.1801,11.92,-99469.96,7.63,91.68,-2.031,-0,-1.0001,141.99,126.11,145.37,24.97,Cornering,"Hoosier 43075 16x7.5-10 R20, 7 inch rim",16145
78.38,662.456,-5.11,247.89,-211.86,3.994,-33.04,5.95,0.09,0.0241,-1.1701,11.89,44384.19,7.64,91.69,-1.99,-0,-0.9998,141.88,126.22,145.19,24.99,Cornering,"Hoosier 43075 16x7.5-10 R20, 7 inch rim",16146
78.41,662.466,-4.81,244.93,-209.32,3.996,-33.18,5.89,0.03,0.023,-1.1701,11.94,160245.48,7.64,91.69,-1.964,-0,-1,141.66,126.42,145.05,25,Cornering,"Hoosier 43075 16x7.5-10 R20, 7 inch rim",16147
78.41,662.476,-4.93,241.41,-207.79,3.998,-33.19,6.46,0.03,0.0237,-1.1618,12.03,160323.44,7.64,91.68,-1.92,-0,-1,141.51,126.62,144.91,25.01,Cornering,"Hoosier 43075 16x7.5-10 R20, 7 inch rim",16148
78.38,662.486,-5.88,238.36,-206.38,3.997,-33.33,7.02,0.03,0.0285,-1.155,12.11,160253.7,7.64,91.69,-1.862,-0,-1,141.47,126.84,144.85,25,Cornering,"Hoosier 43075 16x7.5-10 R20, 7 inch rim",16149
78.4,662.496,-6.96,235.06,-205.9,3.997,-33.58,7.95,-0.04,0.0338,-1.1416,12.15,-99526.11,7.64,91.68,-1.835,-0,-1.0001,141.49,126.99,144.85,24.98,Cornering,"Hoosier 43075 16x7.5-10 R20, 7 inch rim",16150
78.42,662.506,-7.79,231.84,-206.31,3.988,-33.21,9.01,-0.04,0.0378,-1.1237,12.13,-99528.13,7.64,91.69,-1.792,-0,-1.0001,141.49,127.1,144.85,24.98,Cornering,"Hoosier 43075 16x7.5-10 R20, 7 inch rim",16151
78.4,662.516,-9.06,228.63,-207.35,3.993,-33.43,9.29,0.03,0.0437,-1.1026,12.04,160112.7,7.64,91.72,-1.762,-0,-1,141.47,127.12,144.85,24.98,Cornering,"Hoosier 43075 16x7.5-10 R20, 7 inch rim",16152
78.38,662.526,-9.38,225.63,-209.18,3.996,-33.46,9.78,-0.11,0.0448,-1.0786,11.93,-37956.89,7.64,91.72,-1.713,-0,-1.0002,141.39,127.08,144.8,24.97,Cornering,"Hoosier 43075 16x7.5-10 R20, 7 inch rim",16153
78.41,662.536,-9.54,222.97,-211.58,4,-33.23,9.8,-0.04,0.0451,-1.0539,11.87,-99510.72,7.64,91.72,-1.665,-0,-1.0001,141.36,127.04,144.72,24.97,Cornering,"Hoosier 43075 16x7.5-10 R20, 7 inch rim",16154
78.42,662.546,-8.82,220.38,-212.45,4.003,-33.77,9.9,0.09,0.0415,-1.0373,11.89,44371.22,7.64,91.72,-1.626,-0,-0.9998,141.28,126.95,144.58,24.98,Cornering,"Hoosier 43075 16x7.5-10 R20, 7 inch rim",16155
78.39,662.556,-7.67,217.33,-213.14,3.998,-32.72,10,0.03,0.036,-1.0196,11.95,160199.62,7.64,91.75,-1.579,-0,-1,141.26,126.97,144.42,24.99,Cornering,"Hoosier 43075 16x7.5-10 R20, 7 inch rim",16156
78.39,662.566,-6.54,213.86,-212.06,3.993,-32.59,9.9,-0.04,0.0309,-1.0085,12.04,-99492.41,7.64,91.75,-1.547,-0,-1.0001,141.15,127.01,144.28,24.97,Cornering,"Hoosier 43075 16x7.5-10 R20, 7 inch rim",16157
78.42,662.576,-5.77,210.28,-209.64,3.996,-32.84,10.26,-0.04,0.0275,-1.0031,12.08,-99493.68,7.64,91.76,-1.514,-0,-1.0001,141,127.17,144.12,24.97,Cornering,"Hoosier 43075 16x7.5-10 R20, 7 inch rim",16158
78.4,662.586,-5.97,206,-208.35,3.998,-32.72,10.51,0.03,0.0286,-0.9887,12.06,159983.23,7.64,91.76,-1.473,-0,-1,140.78,127.28,143.92,24.96,Cornering,"Hoosier 43075 16x7.5-10 R20, 7 inch rim",16159
78.38,662.596,-6.76,203.09,-206.59,4,-32.16,11.23,0.03,0.0327,-0.983,12.01,159911.17,7.64,91.78,-1.434,-0,-1,140.78,127.5,143.81,24.94,Cornering,"Hoosier 43075 16x7.5-10 R20, 7 inch rim",16160
78.4,662.606,-7.99,199.6,-205.67,4.004,-32.41,12.03,0.03,0.0388,-0.9705,11.94,159987.75,7.64,91.78,-1.394,-0,-1,140.81,127.67,143.73,24.96,Cornering,"Hoosier 43075 16x7.5-10 R20, 7 inch rim",16161
78.42,662.616,-9.42,196.84,-206.05,3.994,-31.62,12.75,0.09,0.0457,-0.9553,11.92,44303.77,7.64,91.77,-1.347,-0,-0.9998,140.85,127.76,143.67,24.94,Cornering,"Hoosier 43075 16x7.5-10 R20, 7 inch rim",16162
