RoadSpeed,TirePressure,InclinationAngle,NormalForce,SlipAngle,ElapsedTime,AligningTorque,LateralForce,Index
25,12,0,-247.55,0.08,244.89,4.87,-16.43,1
25,12,0,-255.37,0.405,244.97,8.86,-65.66,9
25,12,0,-245.37,1.021,245.12,17.39,-141.42,24
25,12,0,-245.78,1.051,245.13,18.72,-146.86,25
25,12,0,-247.69,1.087,245.14,20.78,-153.08,26
25,12,0,-250.53,1.322,245.2,26.31,-184.43,32
25,12,0,-247.11,1.368,245.21,26.33,-187.97,33
25,12,0,-244.71,1.408,245.22,26.32,-191.05,34
25,12,0,-251.3,1.653,245.28,27.91,-222.76,40
25,12,0,-252.44,1.688,245.29,27.93,-227.56,41
25,12,0,-251.03,1.728,245.3,27.98,-231.57,42
25,12,0,-241.85,1.937,245.35,29.14,-249.03,47
25,12,0,-242.93,1.978,245.36,30.54,-254.01,48
25,12,0,-244.46,2.013,245.37,31.77,-258.84,49
25,12,0,-247.27,2.059,245.38,32.62,-264.13,50
25,12,0,-248.52,2.106,245.39,33,-268.64,51
25,12,0,-243.25,2.265,245.43,30.45,-282.39,55
25,12,0,-240.95,2.31,245.44,29.74,-285,56
25,12,0,-239.49,2.35,245.45,29.5,-288.24,57
25,12,0,-239.85,2.396,245.46,30.15,-291.97,58
25,12,0,-240.03,2.416,245.47,31.32,-296.18,59
25,12,0,-241.81,2.447,245.48,32.24,-301.14,60
25,12,0,-244.76,2.52,245.5,34.16,-309.86,62
25,12,0,-245.51,2.562,245.51,34.7,-313.6,63
25,12,0,-244.66,2.592,245.52,35.44,-316.84,64
25,12,0,-242.8,2.64,245.53,36.04,-319.93,65
25,12,0,-239.92,2.691,245.54,36,-321.61,66
25,12,0,-236.58,2.709,245.55,35.71,-323.9,67
25,12,0,-234.71,2.746,245.56,35.45,-325.6,68
25,12,0,-234.36,2.798,245.57,35.85,-328.69,69
25,12,0,-235.61,2.844,245.58,36.56,-331.95,70
25,12,0,-236.86,2.891,245.59,37.92,-335.85,71
25,12,0,-238.5,2.927,245.6,38.31,-340.21,72
25,12,0,-240.4,2.97,245.61,38.04,-344.1,73
25,12,0,-241.38,3.021,245.62,36.87,-347.97,74
25,12,0,-241.83,3.066,245.63,35.35,-351.84,75
25,12,0,-240.68,3.102,245.64,34.19,-354.93,76
25,12,0,-238.4,3.152,245.65,32.94,-357.39,77
25,12,0,-235.34,3.18,245.66,31.92,-359.39,78
25,12,0,-233.11,3.239,245.67,31.72,-361.87,79
25,12,0,-231.67,3.268,245.68,31.96,-363.87,80
25,12,0,-232.16,3.316,245.69,32.78,-366.84,81
25,12,0,-233.07,3.349,245.7,33.62,-370.25,82
25,12,0,-235.68,3.381,245.71,34.65,-373.68,83
25,12,0,-238.3,3.429,245.72,35.54,-378.2,84
25,12,0,-240.97,3.461,245.73,35.66,-382.55,85
25,12,0,-242.03,3.507,245.74,35.45,-386.91,86
25,12,0,-241.93,3.535,245.75,35.45,-390.16,87
25,12,0,-239.47,3.578,245.76,34.93,-393.25,88
25,12,0,-236.02,3.616,245.77,35.08,-394.64,89
25,12,0,-233.19,3.644,245.78,35.57,-395.69,90
25,12,0,-231.85,3.691,245.79,36.57,-396.64,91
25,12,0,-232.32,3.727,245.8,37.6,-397.71,92
25,12,0,-233.57,3.767,245.81,39.05,-399.87,93
25,12,0,-236,3.8,245.82,40.15,-403,94
25,12,0,-238.98,3.845,245.83,40.96,-407.21,95
25,12,0,-242.35,3.88,245.84,41.32,-412.03,96
25,12,0,-243.8,3.928,245.85,41.06,-416.7,97
25,12,0,-241.4,4.009,245.87,38.62,-423.36,99
25,12,0,-238.59,4.048,245.88,37.57,-425.05,100
25,12,0,-234.67,4.092,245.89,36.05,-425.18,101
25,12,0,-233.57,4.135,245.9,35.49,-425.48,102
25,12,0,-232.37,4.161,245.91,35.44,-425.61,103
25,12,0,-233.18,4.207,245.92,35.93,-427.01,104
25,12,0,-235.42,4.256,245.93,37.08,-430.12,105
25,12,0,-238.76,4.29,245.94,37.49,-434.49,106
25,12,0,-241.76,4.321,245.95,38.21,-439.93,107
25,12,0,-244.06,4.373,245.96,37.91,-445.54,108
25,12,0,-245.19,4.42,245.97,37.79,-449.89,109
25,12,0,-243.6,4.452,245.98,37,-452.68,110
25,12,0,-240.32,4.498,245.99,36.72,-453.76,111
25,12,0,-236.61,4.542,246,35.89,-453.57,112
25,12,0,-233.87,4.578,246.01,35.77,-452.16,113
25,12,0,-232.46,4.619,246.02,36.16,-451.68,114
25,12,0,-233.46,4.659,246.03,36.69,-452.29,115
25,12,0,-235.97,4.699,246.04,37.86,-454.92,116
25,12,0,-239.16,4.747,246.05,38.58,-459.61,117
25,12,0,-241.82,4.78,246.06,38.88,-465.06,118
25,12,0,-244.87,4.813,246.07,38.77,-470.67,119
25,12,0,-245.87,4.864,246.08,37.82,-475.02,120
25,12,0,-244.95,4.906,246.09,36.99,-477.98,121
25,12,0,-242.63,4.94,246.1,35.83,-478.58,122
25,12,0,-238.74,4.982,246.11,34.68,-477.47,123
25,12,0,-235.46,5.019,246.12,34.38,-475.57,124
25,12,0,-233.51,5.052,246.13,34.36,-474,125
25,12,0,-235.78,5.132,246.15,36.06,-475.85,127
25,12,0,-238.72,5.179,246.16,37.15,-480.38,128
25,12,0,-241.41,5.225,246.17,37.99,-486.46,129
25,12,0,-244.07,5.249,246.18,38.08,-492.7,130
25,12,0,-246.38,5.304,246.19,38.01,-497.84,131
25,12,0,-246.22,5.337,246.2,37.19,-500.79,132
25,12,0,-243.45,5.384,246.21,36.13,-501.08,133
25,12,0,-239.86,5.414,246.22,34.97,-498.88,134
25,12,0,-236.3,5.453,246.23,33.96,-496.05,135
25,12,0,-234.01,5.498,246.24,34.03,-493.54,136
25,12,0,-233.69,5.534,246.25,34.46,-493.07,137
25,12,0,-234.63,5.57,246.26,35.63,-495.55,138
25,12,0,-238,5.614,246.27,36.22,-499.92,139
25,12,0,-241.03,5.657,246.28,36.92,-506.48,140
25,12,0,-244.44,5.7,246.29,36.89,-513.17,141
25,12,0,-246.29,5.739,246.3,36.76,-518.46,142
25,12,0,-246.8,5.782,246.31,35.46,-521.26,143
25,12,0,-244.61,5.823,246.32,34.45,-520.93,144
25,12,0,-236.21,5.905,246.34,32.41,-515.3,146
25,12,0,-233.92,5.944,246.35,32.39,-512.78,147
25,12,0,-233.16,5.981,246.36,32.71,-511.98,148
25,12,0,-233.96,6.018,246.37,33.53,-513.68,149
25,12,0,-236.76,6.06,246.38,34.84,-518.05,150
25,12,0,-239.95,6.087,246.39,35.27,-523.97,151
25,12,0,-243.44,6.14,246.4,35.74,-530.53,152
25,12,0,-246.01,6.171,246.41,35.19,-535.67,153
25,12,0,-246.68,6.222,246.42,34.31,-538.31,154
25,12,0,-245.27,6.252,246.43,33.2,-538.3,155
25,12,0,-241.33,6.283,246.44,32.08,-535.64,156
25,12,0,-237.76,6.339,246.45,31.19,-532.36,157
25,12,0,-234.14,6.37,246.46,30.97,-529.06,158
25,12,0,-233.5,6.418,246.47,31.08,-527.79,159
25,12,0,-233.71,6.462,246.48,31.82,-529.35,160
25,12,0,-235.79,6.499,246.49,32.96,-533.24,161
25,12,0,-239.58,6.531,246.5,33.56,-539.48,162
25,12,0,-243.42,6.579,246.51,33.54,-545.88,163
25,12,0,-246.18,6.63,246.52,33.59,-551.98,164
25,12,0,-247.48,6.655,246.53,32.44,-554.91,165
25,12,0,-246.45,6.691,246.54,31.01,-555.06,166
25,12,0,-242.82,6.741,246.55,30.07,-552.39,167
25,12,-0,-239.24,6.771,246.56,29.31,-548.63,168
25,12,0,-235.45,6.817,246.57,28.53,-544.57,169
25,12,0,-233.61,6.872,246.58,28.42,-543.16,170
25,12,0,-234.25,6.903,246.59,28.66,-543.76,171
25,12,0,-236.42,6.937,246.6,29.79,-547.5,172
25,12,0,-239.01,6.98,246.61,30.99,-553.29,173
25,12,0,-243.14,7.019,246.62,31.16,-559.67,174
25,12,0,-246.02,7.061,246.63,30.99,-565.29,175
25,12,0,-247.96,7.099,246.64,30.16,-568.41,176
25,12,0,-247.53,7.144,246.65,28.97,-567.93,177
25,12,0,-244.5,7.187,246.66,27.69,-564.96,178
25,12,0,-240.66,7.214,246.67,27.12,-560.6,179
25,12,0,-236.69,7.251,246.68,26.62,-556.83,180
25,12,-0,-235.01,7.301,246.69,26.48,-554.63,181
25,12,0,-234.28,7.333,246.7,26.77,-554.93,182
25,12,0,-236.05,7.383,246.71,27.75,-558.52,183
25,12,0,-239.06,7.42,246.72,28.52,-564.13,184
25,12,0,-242.21,7.457,246.73,29.76,-570.84,185
25,12,0,-245.36,7.494,246.74,29.42,-577.23,186
25,12,0,-247.5,7.537,246.75,28.7,-580.81,187
25,12,0,-247.61,7.577,246.76,27.63,-580.67,188
25,12,0,-245.41,7.623,246.77,26,-577.53,189
25,12,0,-241.89,7.653,246.78,25.58,-572.08,190
25,12,0,-237.82,7.699,246.79,24.88,-567.23,191
25,12,0,-235.61,7.735,246.8,24.43,-564.42,192
25,12,0,-234.93,7.779,246.81,24.79,-564.42,193
25,12,0,-236.3,7.814,246.82,25.93,-567.51,194
25,12,0,-238.76,7.852,246.83,26.93,-573.28,195
25,12,0,-241.55,7.89,246.84,28.13,-580.61,196
25,12,0,-245.32,7.935,246.85,28.3,-587.77,197
25,12,0,-248.21,7.98,246.86,27.95,-592.46,198
25,12,0,-249.09,8.023,246.87,26.63,-593.09,199
25,12,0,-247.49,8.053,246.88,25.19,-589.49,200
25,12,0,-244.36,8.09,246.89,24.21,-584.04,201
25,12,0,-240.83,8.132,246.9,23.52,-578.57,202
25,12,0,-237.63,8.173,246.91,23.19,-574.98,203
25,12,0,-236.62,8.252,246.93,23.97,-577.74,205
25,12,0,-239.17,8.301,246.94,25.11,-583.21,206
25,12,0,-241.7,8.349,246.95,25.74,-589.91,207
25,12,0,-244.76,8.376,246.96,25.85,-596.92,208
25,12,0,-247.73,8.421,246.97,25.84,-601.61,209
25,12,0,-249.56,8.458,246.98,24.69,-602.54,210
25,12,0,-249.05,8.49,246.99,23.26,-598.97,211
25,12,0,-246.65,8.547,247,22.15,-592.89,212
25,12,0,-243.57,8.574,247.01,21.43,-586.49,213
25,12,0,-239.78,8.623,247.02,20.88,-582.43,214
25,12,0,-237.86,8.66,247.03,21.1,-581.17,215
25,12,0,-237.78,8.704,247.04,21.74,-583.34,216
25,12,0,-239.14,8.732,247.05,22.57,-588.31,217
25,12,0,-241.78,8.77,247.06,23.62,-595.17,218
25,12,0,-245.5,8.817,247.07,23.94,-602.05,219
25,12,0,-248.21,8.855,247.08,23.97,-607.65,220
25,12,0,-250.07,8.899,247.09,22.86,-609.37,221
25,12,0,-250.32,8.938,247.1,21.78,-606.88,222
25,12,0,-248.47,8.976,247.11,20.44,-600.5,223
25,12,0,-244.94,9.014,247.12,19.49,-594.26,224
25,12,0,-241.33,9.055,247.13,19.39,-589.74,225
25,12,0,-240.05,9.104,247.14,19.57,-587.85,226
25,12,0,-238.93,9.138,247.15,19.57,-588.95,227
25,12,0,-240.17,9.175,247.16,20.32,-593.45,228
25,12,0,-242.48,9.22,247.17,21.22,-599.52,229
25,12,0,-245.5,9.254,247.18,22,-605.45,230
25,12,0,-248.31,9.296,247.19,22.14,-610.6,231
25,12,0,-250.53,9.327,247.2,20.85,-612.31,232
25,12,0,-250.83,9.384,247.21,19.86,-610.3,233
25,12,0,-249.79,9.415,247.22,18.91,-604.84,234
25,12,0,-247.48,9.457,247.23,17.89,-598.78,235
25,12,0,-244.61,9.508,247.24,17.51,-593.77,236
25,12,0,-241.29,9.541,247.25,17.62,-591.74,237
25,12,0,-240.12,9.575,247.26,17.49,-592.04,238
25,12,0,-242.42,9.657,247.28,18.92,-600.76,240
25,12,0,-245.36,9.707,247.29,19.23,-606.68,241
25,12,0,-248.52,9.747,247.3,19.81,-611.52,242
25,12,0,-250.54,9.772,247.31,19.34,-614.18,243
25,12,0,-251.99,9.811,247.32,18.15,-612.93,244
25,12,0,-251.55,9.85,247.33,16.8,-607.96,245
25,12,0,-249.35,9.891,247.34,15.72,-601.89,246
25,12,0,-246.99,9.941,247.35,15.46,-596.74,247
25,12,0,-243.34,9.977,247.36,15.67,-594.08,248
25,12,0,-241.97,10.009,247.37,16.3,-594.22,249
25,12,0,-241.6,10.059,247.38,16.76,-597.03,250
25,12,0,-243.07,10.092,247.39,17.41,-601.22,251
25,12,0,-245.87,10.133,247.4,17.85,-605.92,252
25,12,0,-248.32,10.173,247.41,18.16,-610.28,253
25,12,0,-251.3,10.202,247.42,17.72,-612.78,254
25,12,0,-252.91,10.245,247.43,16.61,-611.86,255
25,12,0,-252.84,10.285,247.44,15.13,-607.49,256
25,12,0,-251.44,10.324,247.45,14.45,-601.58,257
25,12,0,-249.27,10.371,247.46,13.73,-596.14,258
25,12,0,-246.32,10.413,247.47,13.79,-593.33,259
25,12,0,-244.5,10.455,247.48,13.88,-592.39,260
25,12,0,-243.95,10.5,247.49,14.3,-593.77,261
25,12,0,-244.41,10.543,247.5,14.53,-597.52,262
25,12,0,-246.72,10.57,247.51,15.17,-601.72,263
25,12,0,-249.2,10.613,247.52,15.16,-605.62,264
25,12,0,-251.92,10.667,247.53,14.97,-608.44,265
25,12,0,-253.76,10.702,247.54,14.03,-609.07,266
25,12,0,-253.84,10.738,247.55,13.1,-606.11,267
25,12,0,-253.31,10.782,247.56,12.19,-601.13,268
25,12,0,-251.3,10.819,247.57,11.41,-596.31,269
25,12,0,-248.39,10.855,247.58,11.52,-593.01,270
25,12,0,-245.87,10.896,247.59,11.69,-591.46,271
25,12,0,-244.49,10.939,247.6,11.89,-592.05,272
25,12,0,-244.54,10.977,247.61,12.05,-595.17,273
25,12,0,-246.61,11.024,247.62,12.79,-598.6,274
25,12,0,-249.73,11.065,247.63,13.26,-602.67,275
25,12,0,-251.88,11.106,247.64,13.23,-605.8,276
25,12,0,-254.14,11.14,247.65,12.74,-606.42,277
25,12,0,-255.94,11.18,247.66,11.92,-604.56,278
25,12,0,-254.98,11.227,247.67,10.74,-599.43,279
25,12,0,-252.38,11.26,247.68,10.1,-594.61,280
25,12,0,-250,11.3,247.69,10.24,-591.16,281
25,12,0,-247.16,11.35,247.7,10.46,-589.91,282
25,12,0,-245.73,11.376,247.71,10.53,-590.36,283
25,12,0,-245.66,11.413,247.72,10.98,-593.16,284
25,12,0,-247.26,11.462,247.73,11.66,-596.12,285
25,12,0,-249.7,11.502,247.74,11.81,-599.25,286
25,12,0,-252.05,11.538,247.75,11.2,-601.91,287
25,12,0,-254.71,11.562,247.76,10.29,-602.53,288
25,12,0,-256.55,11.601,247.77,8.24,-601.3,289
25,12,0,-256.63,11.631,247.78,4.98,-597.56,290
25,12,0,-256.19,11.663,247.79,1.73,-592.89,291
25,12,0,-253.31,11.665,247.8,-0.75,-589.92,292
25,12,-0,-250.06,11.691,247.81,-1.2,-589.13,293
25,12,0,-247.98,11.697,247.82,0.19,-589.61,294
25,12,0,-246.68,11.721,247.83,0.92,-591.01,295
25,12,0,-247.32,11.717,247.84,-0.4,-592.56,296
25,12,0,-249.19,11.731,247.85,-2.98,-594.12,297
25,12,0,-252,11.737,247.86,-6.22,-595.53,298
25,12,0,-254.97,11.736,247.87,-8.93,-597.55,299
25,12,0,-258.37,12.279,247.89,-9.18,-597.58,300
25,12,0,-257.08,12.279,247.9,-6.09,-594.63,301
25,12,0,-255.28,12.269,247.91,-2,-591.05,302
25,12,0,-252.11,12.256,247.92,1.39,-588.4,303
25,12,0,-248.58,12.238,247.95,10.28,-587.28,306
25,12,0,-249.47,12.228,247.96,13.71,-589.31,307
25,12,0,-251.71,12.222,247.97,15.76,-591.81,308
25,12,0,-254.75,12.223,247.98,16.48,-594.64,309
25,12,0,-257.55,12.22,247.99,15.95,-595.9,310
25,12,0,-259.43,12.206,248,14.62,-594.97,311
25,12,0,-258.41,12.213,248.01,13.71,-592.33,312
25,12,0,-256.02,12.203,248.02,13.01,-588.9,313
25,12,0,-253.25,12.199,248.03,11.57,-585.77,314
25,12,0,-249.66,12.185,248.04,8.93,-584.03,315
25,12,0,-247.78,12.182,248.05,5.29,-582.77,316
25,12,0,-247.38,12.157,248.06,1.67,-583.55,317
25,12,0,-249.22,12.13,248.07,-0.84,-584.47,318
25,12,0,-250.45,12.107,248.08,-0.86,-586.34,319
25,12,0,-253.56,12.072,248.09,-0.34,-588.55,320
25,12,0,-255.64,12.042,248.1,-1.68,-590.59,321
25,12,0,-257.17,12.013,248.11,-6.41,-590.91,322
25,12,0,-258.02,11.973,248.12,-10.61,-590.14,323
25,12,0,-256.23,11.936,248.13,-13.49,-588.11,324
25,12,0,-253.69,11.891,248.14,-13.25,-585.77,325
25,12,0,-250.72,11.837,248.15,-9.51,-583.72,326
25,12,0,-248.32,11.807,248.16,-3.75,-582.31,327
25,12,0,-247.09,11.745,248.17,1.58,-581.83,328
25,12,0,-247.85,11.691,248.18,4.97,-582,329
25,12,0,-249.4,11.648,248.19,7.62,-583.41,330
25,12,0,-251.82,11.605,248.2,10.49,-585.91,331
25,12,0,-254.52,11.546,248.21,13.79,-588.89,332
25,12,0,-256.85,11.516,248.22,16.47,-590.78,333
25,12,0,-257.93,11.472,248.23,17.72,-590.64,334
25,12,0,-257.55,11.433,248.24,17.45,-588.15,335
25,12,0,-255.56,11.393,248.25,16.02,-584.88,336
25,12,0,-252.53,11.351,248.26,15.53,-581.9,337
25,12,0,-249.59,11.326,248.27,15.76,-579.55,338
25,12,0,-247.65,11.28,248.28,16.59,-577.98,339
25,12,0,-247.81,11.24,248.29,17.08,-577.8,340
25,12,0,-249.47,11.208,248.3,17.42,-579.38,341
25,12,0,-251.39,11.165,248.31,17.69,-581.73,342
25,12,0,-254.68,11.141,248.32,16.8,-585.17,343
25,12,0,-257.63,11.117,248.33,15.72,-587.99,344
25,12,0,-259.22,11.068,248.34,14.43,-588.31,345
25,12,0,-258.28,11.038,248.35,12.22,-586.61,346
25,12,0,-256.02,11.003,248.36,10.05,-583,347
25,12,0,-252.65,10.972,248.37,7.82,-579.56,348
25,12,0,-249.99,10.933,248.38,6.05,-577.52,349
25,12,0,-247.59,10.895,248.39,5.61,-575.94,350
25,12,0,-246.63,10.859,248.4,5.99,-576.71,351
25,12,0,-247.97,10.814,248.41,6.73,-579.36,352
25,12,0,-250.62,10.776,248.42,7.23,-582.65,353
25,12,0,-253.44,10.737,248.43,7.92,-585.63,354
25,12,0,-255.57,10.688,248.44,8.19,-588.14,355
25,12,0,-257.11,10.644,248.45,8.41,-588.46,356
25,12,0,-257.71,10.61,248.46,9.5,-586.29,357
25,12,0,-255.88,10.551,248.47,10.63,-582.39,358
25,12,0,-252.99,10.515,248.48,12.06,-578.96,359
25,12,0,-250.16,10.469,248.49,12.53,-577.06,360
25,12,-0,-247.27,10.426,248.5,13.79,-576.26,361
25,12,-0,-247.04,10.389,248.51,15.13,-577.18,362
25,12,0,-248.51,10.343,248.52,17.4,-578.91,363
25,12,0,-250.49,10.313,248.53,19.23,-581.57,364
25,12,0,-252.91,10.266,248.54,20.35,-584.4,365
25,12,0,-255.51,10.232,248.55,20.12,-586.74,366
25,12,0,-257.67,10.189,248.56,19.56,-587.53,367
25,12,0,-257.72,10.153,248.57,18.27,-586.3,368
25,12,-0,-256.75,10.117,248.58,16.5,-583.32,369
25,12,0,-254.78,10.084,248.59,15.27,-580.05,370
25,12,0,-250.98,10.05,248.6,14.13,-577.54,371
25,12,0,-248.76,10.004,248.61,13.51,-576.27,372
25,12,0,-247.88,9.98,248.62,13.1,-576.12,373
25,12,0,-247.78,9.921,248.63,12.74,-577.51,374
25,12,0,-252.29,9.855,248.65,13.03,-581.89,376
25,12,0,-254.58,9.809,248.66,13.15,-584.1,377
25,12,0,-257.27,9.762,248.67,13.32,-585.66,378
25,12,0,-257.94,9.723,248.68,13.77,-584.75,379
25,12,0,-258.01,9.68,248.69,14.07,-581.94,380
25,12,0,-255.53,9.64,248.7,14.18,-578.03,381
25,12,0,-252.63,9.593,248.71,14.52,-575.69,382
25,12,0,-249.73,9.559,248.72,15.06,-574.26,383
25,12,0,-247.88,9.519,248.73,16.21,-574.11,384
25,12,0,-248.13,9.479,248.74,17.13,-575.04,385
25,12,0,-249.2,9.433,248.75,18.37,-576.61,386
25,12,0,-252.32,9.4,248.76,19.84,-579.12,387
25,12,0,-254.25,9.355,248.77,21.28,-581.3,388
25,12,-0,-256.81,9.311,248.78,21.63,-582.72,389
25,12,0,-258.71,9.275,248.79,21.76,-582.73,390
25,12,0,-257.99,9.238,248.8,20.69,-580.7,391
25,12,0,-256.19,9.198,248.81,19.77,-577.44,392
25,12,0,-253.7,9.169,248.82,18.73,-574.15,393
25,12,0,-250.66,9.123,248.83,17.97,-572.11,394
25,12,0,-248.78,9.082,248.84,17.92,-571.49,395
25,12,0,-248.16,9.048,248.85,17.88,-571.47,396
25,12,0,-249.59,9.015,248.86,18.42,-573.51,397
25,12,0,-251,8.967,248.87,18.94,-575.07,398
25,12,0,-254.33,8.927,248.88,18.76,-576.96,399
25,12,0,-256.68,8.894,248.89,18.29,-578.68,400
25,12,0,-257.97,8.854,248.9,18.32,-578.84,401
25,12,0,-258.53,8.814,248.91,17.69,-577.75,402
25,12,0,-257.23,8.773,248.92,17.36,-575.1,403
25,12,0,-254.57,8.73,248.93,16.77,-571.99,404
25,12,-0,-251.48,8.68,248.94,17.24,-569.47,405
25,12,0,-249.08,8.648,248.95,17.97,-569,406
25,12,0,-248.52,8.601,248.96,18.81,-569.15,407
25,12,0,-249.51,8.555,248.97,20.01,-569.79,408
25,12,0,-251.19,8.512,248.98,21.48,-571.52,409
25,12,0,-253.9,8.476,248.99,22.56,-572.94,410
25,12,0,-256.27,8.426,249,23.26,-574.34,411
25,12,0,-258.41,8.389,249.01,24.07,-574.5,412
25,12,0,-259.46,8.357,249.02,24.31,-573.43,413
25,12,0,-258.72,8.319,249.03,24.14,-570.78,414
25,12,0,-256.46,8.277,249.04,23.29,-568.13,415
25,12,0,-253.76,8.234,249.05,23.05,-565.78,416
25,12,0,-251.62,8.198,249.06,22.81,-564.38,417
25,12,0,-249.7,8.17,249.07,23.11,-563.75,418
25,12,0,-250.66,8.133,249.08,23.5,-563.74,419
25,12,0,-251.64,8.082,249.09,23.92,-564.53,420
25,12,0,-254.47,8.041,249.1,24.14,-565.79,421
25,12,0,-256.98,8.015,249.11,24.08,-567.06,422
25,12,0,-259.37,7.977,249.12,24.65,-567.85,423
25,12,0,-260.27,7.934,249.13,24.08,-567.07,424
25,12,0,-260.57,7.898,249.14,23.27,-565.52,425
25,12,-0,-258.82,7.858,249.15,21.87,-562.23,426
25,12,0,-256.26,7.818,249.16,21.21,-559.59,427
25,12,0,-253.56,7.773,249.17,20.39,-557.25,428
25,12,0,-251.85,7.732,249.18,21.03,-556.01,429
25,12,0,-251.62,7.692,249.19,22.21,-555.69,430
25,12,0,-252.78,7.641,249.2,23.51,-556.32,431
25,12,0,-255.05,7.604,249.21,25.03,-557.26,432
25,12,0,-258.07,7.564,249.22,26.05,-558.38,433
25,12,0,-260.37,7.524,249.23,27.22,-559.47,434
25,12,0,-261.92,7.485,249.24,27.54,-559.48,435
25,12,0,-261.17,7.438,249.25,27.35,-558.24,436
25,12,0,-259.62,7.402,249.26,26.63,-555.59,437
25,12,0,-256.92,7.351,249.27,26.66,-552.95,438
25,12,0,-255.14,7.321,249.28,26.56,-549.67,439
25,12,0,-252.9,7.281,249.29,27.25,-547.8,440
25,12,0,-252.84,7.243,249.3,27.9,-546.55,441
25,12,0,-253.11,7.202,249.31,28.98,-546.09,442
25,12,-0,-254.39,7.159,249.32,29.27,-546.4,443
25,12,0,-257.48,7.127,249.33,29.96,-547.06,444
25,12,0,-259.87,7.094,249.34,29.68,-547.84,445
25,12,0,-261.86,7.044,249.35,29.66,-548.47,446
25,12,0,-262.87,7.007,249.36,29.23,-548.01,447
25,12,0,-262.09,6.968,249.37,28.32,-546.47,448
25,12,0,-259.91,6.933,249.38,27.82,-543.81,449
25,12,0,-256.77,6.894,249.39,26.54,-540.85,450
25,12,0,-254.55,6.854,249.4,26.18,-537.74,451
25,12,-0,-252.89,6.818,249.41,26.16,-535.54,452
25,12,0,-254.11,6.778,249.42,26.63,-533.83,453
25,12,0,-255.19,6.732,249.43,28.1,-533.69,454
25,12,0,-257.19,6.691,249.44,29.35,-534.02,455
25,12,0,-260.62,6.652,249.45,30.29,-535.28,456
25,12,0,-263.01,6.615,249.46,30.58,-536.07,457
25,12,0,-264.67,6.573,249.47,30.68,-536.09,458
25,12,0,-264.07,6.532,249.48,30.18,-534.37,459
25,12,0,-258.33,6.437,249.5,29.52,-527.68,461
25,12,0,-256.57,6.399,249.51,29.02,-524.25,462
25,12,0,-257.78,6.254,249.55,32.58,-517.58,466
25,12,0,-260.74,6.211,249.56,33.42,-518.69,467
25,12,0,-263.49,6.167,249.57,33.58,-519.64,468
25,12,0,-265.56,6.119,249.58,33.43,-520.12,469
25,12,0,-265.62,6.075,249.59,32.96,-519.2,470
25,12,0,-256.27,5.933,249.63,30.83,-504.54,474
25,12,-0,-254.91,5.89,249.64,31.77,-501.88,475
25,12,0,-255.55,5.85,249.65,32.71,-500.19,476
25,12,0,-257.75,5.81,249.66,33.95,-499.89,477
25,12,0,-260.8,5.764,249.67,34.78,-500.39,478
25,12,0,-265.17,5.618,249.71,33.44,-499.18,482
25,12,0,-262.31,5.588,249.72,32.71,-495.91,483
25,12,0,-258.85,5.531,249.73,32.22,-491.54,484
25,12,0,-256.16,5.494,249.74,32.03,-487.02,485
25,12,0,-255.18,5.446,249.75,32.56,-483.6,486
25,12,0,-255.4,5.409,249.76,33.55,-481.58,487
25,12,0,-260.27,5.339,249.78,36.04,-481.15,489
25,12,0,-263.64,5.283,249.79,36.91,-481.79,490
25,12,0,-266.14,5.245,249.8,36.85,-482.43,491
25,12,0,-267.35,5.199,249.81,36.87,-482.45,492
25,12,0,-265.79,5.164,249.82,36.68,-480.89,493
25,12,0,-263.51,5.121,249.83,35.89,-477.78,494
25,12,0,-255.61,4.961,249.87,37.28,-462.98,498
25,12,0,-257.2,4.917,249.88,38.56,-461.43,499
25,12,0,-259.52,4.888,249.89,39.08,-460.99,500
25,12,0,-262.63,4.844,249.9,39.54,-461.16,501
25,12,0,-257.59,4.609,249.96,37.68,-449.34,507
25,12,0,-255.35,4.58,249.97,37.7,-444.36,508
25,12,0,-266.97,4.3,250.04,39.49,-436.39,515
25,12,0,-264.46,4.261,250.05,39.04,-433.9,516
25,12,0,-259.84,3.977,250.12,41.26,-410.14,523
25,12,0,-263.59,3.926,250.13,41.68,-409.38,524
25,12,0,-254.33,3.644,250.2,39.36,-386.37,531
25,12,0,-263.67,3.064,250.35,39.9,-341.3,546
25,12,0,-266.71,3.031,250.36,39.5,-340.24,547
25,12,0,-254.65,2.743,250.43,34.36,-310.84,554
25,12,0,-256.19,2.712,250.44,35.16,-306.81,555
25,12,-0,-265.6,2.089,250.59,33.53,-254.15,570
25,12,0,-265.56,2.057,250.6,32.53,-251.37,571
25,12,-0,-253.29,1.777,250.67,26.94,-215.13,578
25,12,0,-256.13,1.745,250.68,26.89,-212.69,579
25,12,0,-260.06,1.698,250.69,26.3,-210.22,580
25,12,0,-255.59,1.497,250.74,21.99,-191.58,585
25,12,0,-252.75,1.456,250.75,21.62,-184.58,586
25,12,0,-251.15,1.42,250.76,21.49,-178.2,587
25,12,0,-251.01,1.374,250.77,22.02,-172.61,588
25,12,0,-251.5,1.341,250.78,22.8,-168.13,589
25,12,0,-261.5,1.122,250.83,20.94,-151.79,594
25,12,0,-258.91,1.074,250.84,19.73,-146.49,595
25,12,0,-255.06,1.044,250.85,18.12,-140.1,596
25,12,0,-251.62,1.011,250.86,17.72,-133.09,597
25,12,0,-251.46,0.832,250.9,16.97,-112.31,601
25,12,0,-254.83,0.804,250.91,16.51,-108.92,602
25,12,0,-257.05,0.761,250.92,15.26,-105.53,603
25,12,0,-258.11,0.716,250.93,14.75,-102.14,604
25,12,0,-257.25,0.687,250.94,13.79,-97.93,605
25,12,0,-255.04,0.648,250.95,12.96,-92.48,606
25,12,0,-244.87,0.499,250.99,8.18,-67.58,610
25,12,0,-245.47,0.465,251,7.66,-63.09,611
25,12,0,-247.03,0.421,251.01,7.28,-59.22,612
25,12,0,-249.98,0.378,251.02,6.42,-56.15,613
25,12,0,-248.77,0.197,251.07,2.13,-31.01,618
25,12,0,-245.29,0.149,251.08,1.28,-24.16,619
25,12,0,-243.16,0.113,251.09,-0.06,-17.46,620
25,12,0,-242.62,0.068,251.1,-0.75,-11.71,621
25,12,0,-251.68,-0.205,251.16,-3.09,17.96,627
25,12,0,-249.44,-0.241,251.17,-3.88,24.66,628
25,12,0,-238.71,-1.507,251.48,-21.26,195.34,659
25,12,0,-239.85,-1.534,251.49,-21.3,200.91,660
25,12,0,-229.79,-1.78,251.56,-30.46,234.66,667
25,12,0,-231.9,-1.824,251.57,-31.37,238.21,668
25,12,0,-233.82,-1.856,251.58,-33.15,242.22,669
25,12,0,-232.73,-2.085,251.64,-37.04,263.79,675
25,12,0,-230.36,-2.131,251.65,-37.29,268.29,676
25,12,0,-229.3,-2.181,251.66,-36.8,273.11,677
25,12,0,-239.4,-2.38,251.71,-35.09,292.43,682
25,12,0,-240.41,-2.414,251.72,-35.23,295.22,683
25,12,0,-239.53,-2.469,251.73,-35.95,298.33,684
25,12,0,-237.46,-2.505,251.74,-36.36,301.93,685
25,12,0,-233.17,-2.542,251.75,-36.58,306.45,686
25,12,0,-229.02,-2.698,251.79,-35.95,325.86,690
25,12,0,-231.36,-2.738,251.8,-36.02,329.11,691
25,12,0,-234.01,-2.777,251.81,-36.41,331.72,692
25,12,0,-237.07,-2.822,251.82,-37.26,333.88,693
25,12,0,-230.87,-3.02,251.87,-39.85,349.1,698
25,12,0,-228.59,-3.057,251.88,-39.9,354.08,699
25,12,0,-227.84,-3.099,251.89,-39.19,359.37,700
25,12,0,-238.92,-3.304,251.94,-40.24,371.54,705
25,12,0,-239.67,-3.336,251.95,-40.42,373.08,706
25,12,0,-238.29,-3.382,251.96,-40.79,374.96,707
25,12,0,-234.99,-3.427,251.97,-40.99,378.22,708
25,12,0,-231.77,-3.458,251.98,-41.27,382.3,709
25,12,0,-229.32,-3.613,252.02,-39.19,399.69,713
25,12,0,-231.85,-3.666,252.03,-39.18,401.68,714
25,12,0,-235.57,-3.709,252.04,-39.53,402.28,715
25,12,0,-238.48,-3.746,252.05,-40.33,402.71,716
25,12,0,-229.5,-3.936,252.1,-41.36,417.37,721
25,12,0,-228.24,-3.974,252.11,-41.38,422.5,722
25,12,0,-227.44,-4.015,252.12,-40.77,426.69,723
25,12,0,-228.38,-4.058,252.13,-40.22,429.63,724
25,12,0,-230.98,-4.1,252.14,-39.65,430.69,725
25,12,-0,-240.07,-4.211,252.17,-41.11,432.02,728
25,12,0,-236.95,-4.302,252.19,-41.85,436.37,730
25,12,0,-233.44,-4.336,252.2,-42.13,440.3,731
25,12,0,-230.39,-4.382,252.21,-41.92,444.82,732
25,12,0,-228.09,-4.415,252.22,-41.53,449.49,733
25,12,0,-227.31,-4.465,252.23,-40.93,453.69,734
25,12,0,-230.6,-4.542,252.25,-39.9,457.07,736
25,12,0,-233.88,-4.571,252.26,-39.88,456.86,737
25,12,0,-237.57,-4.611,252.27,-39.89,456.82,738
25,12,0,-240.21,-4.654,252.28,-40.54,456.66,739
25,12,0,-239.85,-4.708,252.29,-40.86,457.74,740
25,12,0,-237.74,-4.741,252.3,-41.51,460.09,741
25,12,0,-235.07,-4.778,252.31,-40.95,463.85,742
25,12,0,-228.75,-4.864,252.33,-40.66,472.28,744
25,12,0,-228.14,-4.893,252.34,-39.85,476.17,745
25,12,0,-228.79,-4.924,252.35,-39.18,478.33,746
25,12,0,-231.09,-4.973,252.36,-38.46,479.09,747
25,12,0,-233.9,-5.01,252.37,-38.62,479.2,748
25,12,0,-237.31,-5.056,252.38,-38.84,478.38,749
25,12,0,-240.36,-5.098,252.39,-38.83,478.36,750
25,12,0,-241.43,-5.136,252.4,-39.69,479.45,751
25,12,0,-240.15,-5.181,252.41,-39.79,481.49,752
25,12,0,-237.05,-5.221,252.42,-39.85,484.61,753
25,12,0,-233.55,-5.261,252.43,-40.01,488.23,754
25,12,0,-230.16,-5.298,252.44,-39.6,492.27,755
25,12,0,-228.85,-5.355,252.45,-38.81,495.23,756
25,12,0,-228.94,-5.374,252.46,-38.34,497.24,757
25,12,0,-231.35,-5.407,252.47,-37.01,497.68,758
25,12,0,-234.51,-5.461,252.48,-36.8,497.19,759
25,12,0,-237.79,-5.516,252.49,-36.68,496.22,760
25,12,0,-241.13,-5.539,252.5,-37.16,496.35,761
25,12,0,-242.61,-5.589,252.51,-37.23,497.12,762
25,12,0,-241.03,-5.625,252.52,-37.73,498.85,763
25,12,0,-238.42,-5.662,252.53,-37.23,501.35,764
25,12,0,-234.83,-5.713,252.54,-37.31,504.19,765
25,12,0,-232.05,-5.741,252.55,-36.8,507.46,766
25,12,0,-230.42,-5.782,252.56,-36.32,509.95,767
25,12,0,-230.24,-5.826,252.57,-35.64,512.42,768
25,12,0,-231.66,-5.864,252.58,-35.11,513.04,769
25,12,0,-234.22,-5.898,252.59,-35.01,512.69,770
25,12,0,-237.52,-5.944,252.6,-34.63,512.36,771
25,12,0,-239.57,-5.993,252.61,-35.19,511.86,772
25,12,0,-241.16,-6.021,252.62,-35.54,512.94,773
25,12,0,-241.07,-6.06,252.63,-35.68,514.19,774
25,12,0,-239.18,-6.101,252.64,-35.83,516.09,775
25,12,0,-236.01,-6.133,252.65,-35.71,518.61,776
25,12,0,-232.93,-6.174,252.66,-35.42,521.1,777
25,12,0,-231.43,-6.225,252.67,-34.5,523.76,778
25,12,0,-230.75,-6.266,252.68,-34.28,525.45,779
25,12,0,-231.74,-6.298,252.69,-33.82,526.52,780
25,12,0,-233.58,-6.335,252.7,-33.28,527.12,781
25,12,0,-236.75,-6.378,252.71,-33.17,527.4,782
25,12,0,-239.32,-6.419,252.72,-33.43,527.7,783
25,12,0,-241.18,-6.459,252.73,-33.68,527.98,784
25,12,0,-241.38,-6.487,252.74,-34.18,528.92,785
25,12,0,-240.15,-6.538,252.75,-33.97,530.51,786
25,12,0,-236.76,-6.581,252.76,-33.47,531.76,787
25,12,0,-234.14,-6.62,252.77,-32.91,533.65,788
25,12,0,-232.76,-6.656,252.78,-32.29,536.14,789
25,12,0,-231.39,-6.694,252.79,-31.83,538.32,790
25,12,0,-232.46,-6.744,252.8,-31.15,539.86,791
25,12,0,-233.42,-6.77,252.81,-30.57,540.15,792
25,12,0,-236.07,-6.813,252.82,-30.19,539.81,793
25,12,0,-239.24,-6.85,252.83,-30.21,539.63,794
25,12,0,-240.71,-6.892,252.84,-30.67,539.62,795
25,12,0,-241.49,-6.939,252.85,-30.7,540.4,796
25,12,0,-240.79,-6.966,252.86,-30.82,541.03,797
25,12,0,-238.22,-7.016,252.87,-30.34,541.99,798
25,12,-0,-235.16,-7.065,252.88,-30.1,543.73,799
25,12,0,-233.03,-7.099,252.89,-30.29,545.75,800
25,12,0,-232.41,-7.144,252.9,-29.57,547.93,801
25,12,0,-232.3,-7.182,252.91,-28.58,549.48,802
25,12,0,-233.62,-7.223,252.92,-28.46,550.08,803
25,12,0,-235.36,-7.253,252.93,-27.63,549.9,804
25,12,0,-237.34,-7.307,252.94,-27.53,549.4,805
25,12,0,-240.34,-7.343,252.95,-27.93,549.55,806
25,12,0,-241.48,-7.373,252.96,-28.24,549.7,807
25,12,0,-241.31,-7.419,252.97,-28.06,550.02,808
25,12,0,-239.76,-7.457,252.98,-27.92,550.67,809
25,12,0,-236.68,-7.509,252.99,-27.73,551.93,810
25,12,0,-234.3,-7.546,253,-27.18,553.49,811
25,12,0,-233.21,-7.586,253.01,-26.81,555.66,812
25,12,0,-232.72,-7.626,253.02,-26.61,557.37,813
25,12,0,-233.63,-7.656,253.03,-25.7,558.44,814
25,12,0,-235.24,-7.701,253.04,-25.21,559.05,815
25,12,0,-237.69,-7.751,253.05,-25.18,558.87,816
25,12,0,-240.73,-7.824,253.07,-26.21,558.84,818
25,12,0,-241.44,-7.851,253.08,-26.21,558.7,819
25,12,0,-240.08,-7.914,253.09,-25.8,558.57,820
25,12,0,-237.75,-7.94,253.1,-25.39,559.52,821
25,12,0,-235.58,-7.981,253.11,-25.27,560.94,822
25,12,0,-234.26,-8.011,253.12,-24.92,562.94,823
25,12,0,-233.27,-8.056,253.13,-24.61,565.11,824
25,12,0,-234.02,-8.103,253.14,-24.11,566.51,825
25,12,0,-235.64,-8.143,253.15,-23.53,566.81,826
25,12,0,-237.31,-8.179,253.16,-23.51,567.1,827
25,12,0,-239.3,-8.223,253.17,-23.75,566.76,828
25,12,0,-241.87,-8.339,253.2,-23.88,564.91,831
25,12,0,-239.62,-8.387,253.21,-23.56,564.93,832
25,12,0,-237.16,-8.42,253.22,-23.47,565.72,833
25,12,0,-236.16,-8.47,253.23,-23.06,567.75,834
25,12,0,-234.79,-8.495,253.24,-22.39,569.76,835
25,12,0,-234.96,-8.544,253.25,-21.72,572.08,836
25,12,0,-240.99,-8.706,253.29,-21.46,573.12,840
25,12,0,-241.64,-8.74,253.3,-21.91,571.72,841
25,12,0,-242.37,-8.779,253.31,-22.14,570.8,842
25,12,0,-240.84,-8.815,253.32,-22.32,570.19,843
25,12,0,-239.21,-8.861,253.33,-21.9,570.37,844
25,12,0,-237.61,-8.909,253.34,-21.29,571.62,845
25,12,0,-236.41,-8.936,253.35,-20.95,573.79,846
25,12,0,-236.24,-8.977,253.36,-20.52,576.1,847
25,12,0,-236.53,-9.012,253.37,-19.83,578.11,848
25,12,0,-239.2,-9.108,253.39,-19.67,579.33,850
25,12,0,-240.63,-9.134,253.4,-19.71,578.85,851
25,12,0,-242.17,-9.181,253.41,-20.3,577.92,852
25,12,0,-242.23,-9.229,253.42,-20.51,576.53,853
25,12,0,-241.76,-9.264,253.43,-20.61,575.45,854
25,12,0,-240.23,-9.306,253.44,-20.14,575.15,855
25,12,0,-238.91,-9.339,253.45,-19.88,576.1,856
25,12,0,-237.87,-9.382,253.46,-19.13,578.28,857
25,12,0,-236.56,-9.46,253.48,-18.54,583.25,859
25,12,0,-237.12,-9.502,253.49,-17.8,584.16,860
25,12,0,-238.99,-9.535,253.5,-18.15,584.45,861
25,12,0,-240.4,-9.579,253.51,-17.87,584.13,862
25,12,0,-242.69,-9.624,253.52,-18.5,582.41,863
25,12,0,-243.37,-9.668,253.53,-18.92,580.71,864
25,12,0,-243.13,-9.705,253.54,-18.99,579.47,865
25,12,0,-240.27,-9.781,253.56,-18.37,579.65,867
25,12,0,-238.94,-9.823,253.57,-17.98,581.52,868
25,12,0,-238.02,-9.87,253.58,-17.49,584.01,869
25,12,0,-237.69,-9.909,253.59,-17.08,586.34,870
25,12,0,-238.46,-9.94,253.6,-16.29,587.4,871
25,12,0,-239.45,-9.976,253.61,-16.33,587.39,872
25,12,0,-241.59,-10.029,253.62,-16.35,587.07,873
25,12,-0,-243.32,-10.056,253.63,-17.02,585.52,874
25,12,0,-243.95,-10.106,253.64,-17.69,583.63,875
25,12,0,-244.35,-10.141,253.65,-17.88,581.93,876
25,12,0,-243.65,-10.186,253.66,-17.84,581.03,877
25,12,0,-242.56,-10.231,253.67,-17.17,580.88,878
25,12,0,-241.45,-10.279,253.68,-16.92,581.97,879
25,12,0,-240.63,-10.304,253.69,-15.77,583.68,880
25,12,0,-239.88,-10.348,253.7,-15.28,585.39,881
25,12,0,-239.74,-10.388,253.71,-14.61,586.62,882
25,12,0,-240.95,-10.427,253.72,-13.89,586.92,883
25,12,0,-241.73,-10.468,253.73,-13.89,586.9,884
25,12,0,-243.73,-10.504,253.74,-14.53,586.11,885
25,12,0,-245.44,-10.537,253.75,-15.05,584.86,886
25,12,0,-245.63,-10.576,253.76,-15.34,583.16,887
25,12,0,-244.87,-10.617,253.77,-15.47,581.78,888
25,12,0,-243.49,-10.649,253.78,-15.57,581.01,889
25,12,0,-242.33,-10.702,253.79,-15,581.65,890
25,12,0,-242.03,-10.738,253.8,-14.63,582.9,891
25,12,0,-241.24,-10.779,253.81,-14.03,584.6,892
25,12,0,-241.38,-10.825,253.82,-13.97,585.84,893
25,12,0,-242.01,-10.857,253.83,-13.32,586.45,894
25,12,0,-242.61,-10.888,253.84,-13.53,586.59,895
25,12,0,-243.89,-10.938,253.85,-13.19,585.79,896
25,12,0,-246.21,-11.024,253.87,-14.36,583.79,898
25,12,0,-245.99,-11.056,253.88,-14.29,582.55,899
25,12,0,-244.73,-11.096,253.89,-14.18,581.32,900
25,12,0,-243.46,-11.13,253.9,-13.84,580.85,901
25,12,0,-242.57,-11.164,253.91,-13.25,581.64,902
25,12,0,-242.05,-11.216,253.92,-13.02,583.19,903
25,12,0,-241.69,-11.253,253.93,-11.96,584.74,904
25,12,0,-242.22,-11.29,253.94,-11.46,585.51,905
25,12,0,-243.14,-11.338,253.95,-11.38,585.5,906
25,12,0,-244.43,-11.376,253.96,-11.52,585.02,907
25,12,0,-246.68,-11.501,253.99,-13,581.59,910
25,12,0,-246.66,-11.537,254,-12.22,579.91,911
25,12,0,-245.31,-11.575,254.01,-11.54,579.29,912
25,12,0,-244.91,-11.61,254.02,-9.84,579.16,913
25,12,0,-244.85,-11.64,254.03,-7.53,580.56,914
25,12,0,-245.25,-11.663,254.04,-3.94,581.63,915
25,12,0,-245.1,-11.684,254.05,-0.24,582.85,916
25,12,0,-244.96,-11.697,254.06,0.87,583.45,917
25,12,0,-245.24,-11.7,254.07,1.09,584.21,918
25,12,0,-245.83,-11.726,254.08,0.67,584.51,919
25,12,0,-246.64,-11.73,254.09,1.13,584.82,920
25,12,0,-246.87,-11.737,254.1,3.36,584.52,921
25,12,0,-245.73,-12.291,254.12,7.64,582.53,922
25,12,0,-245.15,-12.281,254.13,7.48,581.3,923
25,12,0,-244.82,-12.278,254.14,5.71,580.99,924
25,12,0,-245.21,-12.274,254.15,2.55,581.46,925
25,12,0,-245.68,-12.258,254.16,-1.24,581.6,926
25,12,0,-245.95,-12.258,254.17,-4.48,582.22,927
25,12,0,-246.84,-12.238,254.18,-7.31,582.53,928
25,12,0,-247.55,-12.223,254.19,-10.37,583.3,929
25,12,0,-248.02,-12.215,254.2,-13.44,583.3,930
25,12,0,-247.52,-12.213,254.23,-21.53,580.69,933
25,12,0,-246.19,-12.208,254.24,-21.62,579.77,934
25,12,0,-245.02,-12.212,254.25,-20.41,579.92,935
25,12,0,-244.33,-12.213,254.26,-18.41,580.4,936
25,12,0,-244.58,-12.208,254.27,-16.24,581.32,937
25,12,0,-244.58,-12.211,254.28,-14.02,582.08,938
25,12,0,-247.59,-12.182,254.31,-3.62,583.44,941
25,12,0,-248.51,-12.175,254.32,0.8,582.98,942
25,12,0,-248.71,-12.139,254.33,4.23,581.58,943
25,12,0,-247.51,-12.115,254.34,7.07,580.36,944
25,12,0,-246.42,-12.086,254.35,11.3,579.74,945
25,12,0,-245,-11.908,254.39,12.27,580.81,949
25,12,0,-246.23,-11.85,254.4,5.87,581.28,950
25,12,-0,-247,-11.794,254.41,-0.76,581.91,951
25,12,0,-247.96,-11.738,254.42,-6.73,582.37,952
25,12,0,-248.31,-11.681,254.43,-10.61,581.91,953
25,12,0,-245.56,-11.508,254.47,-24.87,578.24,957
25,12,0,-245.25,-11.466,254.48,-24.19,577.77,958
25,12,0,-244.96,-11.435,254.49,-22.6,577.77,959
25,12,0,-244.68,-11.382,254.5,-21.1,577.9,960
25,12,0,-245.49,-11.357,254.51,-21.12,578.99,961
25,12,0,-248.05,-11.19,254.56,-18.56,579.13,966
25,12,0,-247.07,-11.165,254.57,-17.76,577.58,967
25,12,0,-246.4,-11.134,254.58,-16.5,576.2,968
25,12,0,-244.92,-11.099,254.59,-14.87,576.05,969
25,12,0,-246.62,-10.915,254.64,-3.62,580.21,974
25,12,0,-247.29,-10.862,254.65,-4.51,580.04,975
25,12,0,-247.82,-10.827,254.66,-6.15,578.48,976
25,12,0,-244.53,-10.534,254.72,-15.32,576.53,982
25,12,0,-244.72,-10.495,254.73,-16.52,577.3,983
25,12,0,-246.35,-10.21,254.8,-25.2,574.66,990
25,12,0,-244.9,-10.175,254.81,-23.89,574.68,991
25,12,0,-244.13,-10.146,254.82,-22.21,575.3,992
25,12,0,-243.8,-10.119,254.83,-21.04,576.23,993
25,12,0,-247.86,-9.943,254.88,-13.79,575.7,998
25,12,0,-247.96,-9.915,254.89,-12.73,575.08,999
25,12,0,-247.54,-9.865,254.9,-11.95,574.78,1000
25,12,0,-246.68,-9.831,254.91,-11.49,574.32,1001
25,12,0,-245,-9.602,254.96,-15.3,574.82,1006
25,12,-0,-245.55,-9.562,254.97,-16.38,574.5,1007
25,12,0,-247.15,-9.522,254.98,-17.96,574,1008
25,12,0,-245.02,-9.252,255.04,-26.06,572.83,1014
25,12,0,-244.89,-9.178,255.06,-25.99,572.81,1016
25,12,0,-248.95,-9.002,255.11,-23.95,571.52,1021
25,12,0,-248.93,-8.975,255.12,-23.34,571.53,1022
25,12,0,-247.83,-8.936,255.13,-22.52,571.07,1023
25,12,0,-246.71,-8.907,255.14,-20.77,570.95,1024
25,12,0,-245.5,-8.87,255.15,-19.7,570.49,1025
25,12,0,-247.4,-8.693,255.19,-16.18,568.74,1029
25,12,0,-248.19,-8.662,255.2,-17.87,568.26,1030
25,12,0,-249.64,-8.611,255.21,-18.46,568.25,1031
25,12,0,-250.39,-8.571,255.22,-20.58,568.1,1032
25,12,0,-250.62,-8.521,255.23,-22.55,568.1,1033
25,12,0,-247.36,-8.346,255.27,-28.17,565.52,1037
25,12,0,-248.18,-8.256,255.29,-29.11,564.09,1039
25,12,0,-249.61,-7.965,255.37,-30.61,559.76,1047
25,12,0,-253.44,-7.705,255.44,-22.9,557.68,1054
25,12,0,-254.78,-7.665,255.45,-23.39,556.6,1055
25,12,0,-251.48,-7.36,255.52,-30.5,551.66,1062
25,12,0,-252.87,-7.309,255.53,-31.63,550.88,1063
25,12,0,-253.44,-7.043,255.6,-36.77,544.54,1070
25,12,0,-257.38,-6.415,255.76,-34.25,526.03,1086
25,12,0,-256.23,-6.127,255.83,-37.86,514.42,1093
25,12,0,-256.21,-6.075,255.84,-37.79,512.86,1094
25,12,0,-262.64,-5.802,255.91,-38.57,502.58,1101
25,12,0,-256.13,-5.169,256.07,-40.04,477.04,1117
25,12,0,-256.85,-5.13,256.08,-40.18,476.1,1118
25,12,0,-263.36,-4.892,256.14,-43.09,462.25,1124
25,12,0,-260.83,-4.851,256.15,-42.76,460.09,1125
25,12,0,-258.76,-4.815,256.16,-42.62,458.72,1126
25,12,0,-257.18,-4.768,256.17,-41.94,457.18,1127
25,12,0,-259.88,-4.613,256.21,-41.63,450.78,1131
25,12,0,-262.86,-4.576,256.22,-42.38,447.67,1132
25,12,0,-264.84,-4.529,256.23,-43.21,444.85,1133
25,12,0,-264.92,-4.497,256.24,-43.68,441.75,1134
25,12,0,-264.1,-4.459,256.25,-44.19,439.12,1135
25,12,0,-255.96,-4.285,256.29,-43.01,433.15,1139
25,12,0,-256.94,-4.208,256.31,-42.6,429.25,1141
25,12,0,-258.85,-4.164,256.32,-42.87,425.98,1142
25,12,0,-261.87,-4.132,256.33,-43.38,422.54,1143
25,12,0,-262.68,-3.965,256.37,-45.1,410.76,1147
25,12,0,-259.94,-3.932,256.38,-44.85,409.24,1148
25,12,0,-256.71,-3.899,256.39,-44.19,407.71,1149
25,12,0,-255.81,-3.849,256.4,-43.51,405.85,1150
25,12,0,-264.94,-3.644,256.45,-43.45,389.96,1155
25,12,0,-266.32,-3.611,256.46,-43.68,386.07,1156
25,12,0,-265.2,-3.574,256.47,-44.33,382.66,1157
25,12,0,-263.13,-3.535,256.48,-44.33,379.89,1158
25,12,0,-258.68,-3.302,256.54,-41.33,365.96,1164
25,12,0,-261.5,-3.253,256.55,-41.63,361.75,1165
25,12,0,-264.19,-3.207,256.56,-41.71,357.23,1166
25,12,0,-256.78,-2.977,256.62,-41.32,338.84,1172
25,12,0,-255.72,-2.927,256.63,-40.02,336.67,1173
25,12,0,-255.78,-2.02,256.86,-33.12,248.43,1196
25,12,0,-261.6,-1.681,256.94,-31.09,206.65,1204
25,12,0,-257.84,-1.638,256.95,-30.15,204.35,1205
25,12,0,-255.67,-1.602,256.96,-29.14,202.51,1206
25,12,0,-265.64,-1.392,257.01,-25.65,177.15,1211
25,12,0,-267.9,-1.37,257.02,-25.69,170.47,1212
25,12,0,-264.4,-1.29,257.04,-25.07,159.77,1214
25,12,-0,-260.77,-1.256,257.05,-24.44,156.88,1215
25,12,0,-254.22,-1.183,257.07,-21.87,152.27,1217
25,12,0,-253.01,-1.148,257.08,-20.56,149.48,1218
25,12,0,-256.49,-1.084,257.1,-18.8,140.32,1220
25,12,0,-259.26,-1.042,257.11,-18.17,133.93,1221
25,12,0,-262.51,-0.995,257.12,-17.52,126.61,1222
25,12,0,-265.41,-0.959,257.13,-16.63,119.45,1223
25,12,0,-265.23,-0.912,257.14,-15.94,112.78,1224
25,12,0,-263.57,-0.873,257.15,-15.59,107.52,1225
25,12,0,-260.2,-0.827,257.16,-14.91,103.67,1226
25,12,0,-256.14,-0.784,257.17,-14.13,100.76,1227
25,12,0,-253.62,-0.73,257.18,-13.58,98.15,1228
25,12,0,-251.74,-0.648,257.2,-12.64,90.25,1230
25,12,0,-253.15,-0.604,257.21,-11.86,84.18,1231
25,12,0,-256.22,-0.555,257.22,-11.96,77.34,1232
25,12,0,-261.25,-0.384,257.26,-10.87,48.13,1236
25,12,0,-258.18,-0.343,257.27,-11.59,43.2,1237
25,12,0,-254.24,-0.306,257.28,-11.4,39.51,1238
25,12,0,-251.68,-0.28,257.29,-10.75,36.12,1239
25,12,0,-250.29,-0.233,257.3,-8.97,32.4,1240
25,12,0,-257.19,-0.103,257.34,-2.72,8.15,1244
25,12,0,-259.68,-0.076,257.35,-1.38,0.83,1245
25,12,0,-260.72,-0.033,257.36,0.61,-6,1246
25,12,0,-256.18,0.02,278.67,2.74,-12.16,1247
25,12,0,-252.74,0.055,278.68,3.82,-15.54,1248
25,12,0,-250.45,0.096,278.69,5.12,-18.46,1249
25,12,0,-248.84,0.133,278.7,6.6,-22.49,1250
25,12,0,-249.76,0.182,278.71,7.73,-27.15,1251
25,12,0,-251.03,0.225,278.72,9.28,-33.21,1252
25,12,0,-256.15,0.314,278.74,9.96,-47.07,1254
25,12,0,-258.74,0.347,278.75,9.88,-54.07,1255
25,12,0,-259.65,0.395,278.76,9.3,-60.74,1256
25,12,0,-258.35,0.454,278.77,9.36,-66.47,1257
25,12,0,-255.4,0.49,278.78,8.99,-71.09,1258
25,12,0,-249.3,0.571,278.8,8.9,-78.95,1260
25,12,0,-248.15,0.617,278.81,9.88,-83.13,1261
25,12,0,-248.23,0.659,278.82,10.13,-87.93,1262
25,12,0,-249.93,0.702,278.83,10.92,-94,1263
25,12,0,-251.77,0.745,278.84,11.67,-100.69,1264
25,12,0,-254.76,0.789,278.85,12.49,-107.7,1265
25,12,0,-257.25,0.821,278.86,13.46,-114.39,1266
25,12,0,-259.2,0.854,278.87,14.11,-120.76,1267
25,12,0,-257.84,0.914,278.88,15.04,-126.18,1268
25,12,0,-252.09,0.977,278.9,16.05,-134.81,1270
25,12,0,-247.89,1.051,278.92,17.18,-142.21,1272
25,12,0,-247.47,1.083,278.93,18.91,-146.71,1273
25,12,-0,-248.31,1.128,278.94,20.77,-152.14,1274
25,12,0,-249.86,1.149,278.95,22.15,-158.37,1275
25,12,0,-252.42,1.206,278.96,24.07,-164.44,1276
25,12,0,-254.51,1.232,278.97,25.27,-170.36,1277
25,12,0,-256.15,1.28,278.98,25.67,-176.11,1278
25,12,0,-255.34,1.315,278.99,26.17,-180.91,1279
25,12,0,-253.62,1.349,279,26.15,-184.93,1280
25,12,0,-250.54,1.389,279.01,25.7,-188.47,1281
25,12,0,-245.28,1.515,279.04,25.31,-198.65,1284
25,12,0,-245.5,1.555,279.05,25.61,-203.31,1285
25,12,0,-247.3,1.597,279.06,26.36,-208.6,1286
25,12,-0,-249.22,1.643,279.07,26.61,-214.5,1287
25,12,0,-251.32,1.683,279.08,27.15,-220.42,1288
25,12,0,-250.64,1.804,279.11,27.21,-234.52,1291
25,12,0,-248.2,1.826,279.12,26.95,-237.45,1292
25,12,0,-244.74,1.877,279.13,26.65,-240.04,1293
25,12,0,-243.07,1.92,279.14,27.12,-242.66,1294
25,12,0,-242.17,1.963,279.15,27.81,-245.76,1295
25,12,0,-242.65,2.019,279.16,29.31,-249.96,1296
25,12,0,-247.64,2.142,279.19,31.57,-265.53,1299
25,12,0,-249.71,2.178,279.2,31.66,-270.19,1300
25,12,0,-250.06,2.222,279.21,31.5,-274.54,1301
25,12,-0,-248.31,2.262,279.22,30.71,-277.77,1302
25,12,0,-245.53,2.301,279.23,29.47,-280.38,1303
25,12,0,-242.78,2.337,279.24,28.45,-282.53,1304
25,12,0,-240.37,2.367,279.25,28.17,-284.68,1305
25,12,0,-239.74,2.413,279.26,28.32,-287.62,1306
25,12,0,-240.35,2.447,279.27,29.38,-291.35,1307
25,12,0,-242.91,2.519,279.29,31.33,-300.85,1309
25,12,0,-244.62,2.54,279.3,32.17,-305.51,1310
25,12,0,-245.73,2.592,279.31,33.59,-309.88,1311
25,12,0,-234.91,2.832,279.37,34.13,-324.04,1317
25,12,0,-234.95,2.881,279.38,34.85,-326.67,1318
25,12,0,-240.37,3.179,279.45,32.23,-352.44,1325
25,12,0,-237.96,3.206,279.46,30.7,-354.9,1326
25,12,0,-234.62,3.248,279.47,29.97,-357.06,1327
25,12,0,-235.22,3.415,279.51,32.36,-367.93,1331
25,12,0,-237.03,3.448,279.52,33.32,-371.82,1332
25,12,0,-239.78,3.5,279.53,33.83,-375.72,1333
25,12,-0,-242.24,3.518,279.54,33.88,-379.74,1334
25,12,0,-242.7,3.564,279.55,33.63,-383.8,1335
25,12,0,-234.15,3.719,279.59,33.79,-390.89,1339
25,12,-0,-232.43,3.762,279.6,35.2,-391.65,1340
25,12,0,-233.09,3.796,279.61,35.89,-393.21,1341
25,12,0,-235.19,3.835,279.62,37.78,-395.54,1342
25,12,0,-237.49,3.883,279.63,38.72,-399.28,1343
25,12,0,-244.11,3.998,279.66,38.57,-413.59,1346
25,12,0,-243.95,4.029,279.67,37.5,-416.99,1347
25,12,0,-241.22,4.082,279.68,35.83,-419.47,1348
25,12,0,-237.49,4.114,279.69,34.37,-420.07,1349
25,12,0,-235.02,4.153,279.7,33.14,-419.75,1350
25,12,0,-233.81,4.21,279.71,32.98,-419.88,1351
25,12,0,-237.51,4.316,279.74,35.74,-427.02,1354
25,12,0,-240.52,4.362,279.75,36.08,-432.15,1355
25,12,0,-242.82,4.4,279.76,36.71,-437.61,1356
25,12,0,-244.16,4.447,279.77,36.27,-442.9,1357
25,12,0,-241.8,4.525,279.79,35.52,-448.48,1359
25,12,0,-238.81,4.562,279.8,34.17,-449.24,1360
25,12,0,-233.87,4.648,279.82,33.45,-446.56,1362
25,12,0,-233.34,4.685,279.83,34.19,-446.07,1363
25,12,-0,-233.78,4.735,279.84,35.5,-448.08,1364
25,12,0,-236.53,4.767,279.85,36.52,-451.51,1365
25,12,0,-242.79,4.848,279.87,36.9,-462.89,1367
25,12,0,-245.01,4.897,279.88,36.77,-468.19,1368
25,12,-0,-244.93,4.926,279.89,35.97,-472.69,1369
25,12,0,-244.07,4.976,279.9,34.99,-474.4,1370
25,12,0,-240.71,5.003,279.91,33.65,-473.91,1371
25,12,-0,-236.55,5.046,279.92,32.44,-471.7,1372
25,12,0,-233.96,5.093,279.93,31.92,-469.05,1373
25,12,0,-233.43,5.13,279.94,32.26,-468.08,1374
25,12,0,-234.02,5.169,279.95,33.7,-469.17,1375
25,12,0,-236.12,5.209,279.96,35.5,-472.77,1376
25,12,0,-239.17,5.246,279.97,35.83,-478.37,1377
25,12,-0,-242.87,5.277,279.98,36.53,-484.75,1378
25,12,0,-245.41,5.324,279.99,36.74,-490.54,1379
25,12,0,-245.33,5.413,280.01,35.38,-495.65,1381
25,12,0,-242.17,5.445,280.02,33.64,-494.85,1382
25,12,0,-238.13,5.478,280.03,32.6,-492.18,1383
25,12,0,-234.81,5.607,280.06,32.59,-487.78,1386
25,12,0,-236.53,5.655,280.07,34.1,-491.05,1387
25,12,0,-239.57,5.693,280.08,34.92,-496.83,1388
25,12,0,-242.76,5.728,280.09,35.42,-503.39,1389
25,12,0,-245.18,5.776,280.1,34.95,-509.61,1390
25,12,0,-243.27,5.894,280.13,32.16,-514.56,1393
25,12,0,-239.09,5.927,280.14,31.19,-511.58,1394
25,12,0,-235.43,5.971,280.15,30.42,-508.13,1395
25,12,0,-233.36,6.005,280.16,29.81,-505.78,1396
25,12,0,-233.8,6.044,280.17,30.86,-505.62,1397
25,12,0,-235.99,6.083,280.18,31.65,-508.26,1398
25,12,0,-238.07,6.128,280.19,32.57,-513.4,1399
25,12,0,-245.09,6.209,280.21,33.49,-526.35,1401
25,12,0,-246.62,6.236,280.22,33.26,-530.86,1402
25,12,0,-246.73,6.282,280.23,32.57,-533.19,1403
25,12,0,-243.89,6.323,280.24,31.16,-531.77,1404
25,12,0,-240.16,6.365,280.25,30.31,-529.11,1405
25,12,0,-237.97,6.571,280.3,31.66,-530.62,1410
25,12,0,-244.46,6.651,280.32,32.12,-543.57,1412
25,12,0,-234.57,6.895,280.38,26.81,-538.04,1418
25,12,0,-234.16,6.926,280.39,27.44,-537.4,1419
25,12,0,-235.05,6.972,280.4,28.32,-539.27,1420
25,12,0,-237.32,7.003,280.41,29.24,-543.79,1421
25,12,0,-240.89,7.043,280.42,30.16,-550.49,1422
25,12,0,-248.09,7.172,280.45,29.27,-565.61,1425
25,12,0,-246.35,7.218,280.46,28.09,-563.89,1426
25,12,0,-242.83,7.254,280.47,26.89,-559.21,1427
25,12,0,-239.04,7.29,280.48,25.15,-553.75,1428
25,12,0,-235.98,7.324,280.49,25.27,-549.38,1429
25,12,0,-234.55,7.363,280.5,25.34,-548.43,1430
25,12,0,-235.1,7.411,280.51,26.61,-550.43,1431
25,12,0,-237.52,7.439,280.52,27.92,-555.89,1432
25,12,0,-240.58,7.486,280.53,28.71,-563.21,1433
25,12,0,-244.01,7.533,280.54,29.29,-571.01,1434
25,12,0,-246.76,7.569,280.55,28.75,-576.62,1435
25,12,0,-247.24,7.658,280.57,26.61,-577.4,1437
25,12,0,-244.89,7.685,280.58,25.43,-572.42,1438
25,12,0,-240.66,7.732,280.59,24.33,-566.8,1439
25,12,0,-238,7.756,280.6,23.98,-562.09,1440
25,12,0,-235.75,7.799,280.61,24,-560.53,1441
25,12,0,-235.64,7.845,280.62,24.9,-562.54,1442
25,12,0,-237.44,7.881,280.63,25.73,-567.35,1443
25,12,0,-240.03,7.92,280.64,27.13,-574.52,1444
25,12,0,-243.46,7.963,280.65,27.92,-581.7,1445
25,12,0,-246.67,8.004,280.66,27.86,-587.78,1446
25,12,0,-248.15,8.05,280.67,26.53,-590.28,1447
25,12,0,-243.12,8.173,280.7,23.02,-577.19,1450
25,12,0,-239.91,8.206,280.71,22.18,-571.74,1451
25,12,0,-236.98,8.252,280.72,22.21,-569.23,1452
25,12,0,-236.94,8.285,280.73,22.79,-570.45,1453
25,12,0,-237.91,8.318,280.74,23.72,-575.27,1454
25,12,0,-240.21,8.369,280.75,24.93,-582.12,1455
25,12,0,-246.38,8.447,280.77,25.85,-596,1457
25,12,-0,-248.49,8.482,280.78,24.67,-599.43,1458
25,12,0,-248.35,8.565,280.8,21.91,-593.36,1460
25,12,0,-245.42,8.603,280.81,20.79,-586.35,1461
25,12,0,-241.87,8.647,280.82,20.38,-580.28,1462
25,12,0,-239.79,8.684,280.83,20.03,-576.84,1463
25,12,0,-238.36,8.722,280.84,20.48,-577.61,1464
25,12,0,-240.97,8.81,280.86,22.89,-588.33,1466
25,12,0,-243.12,8.846,280.87,23.79,-595.19,1467
25,12,0,-245.93,8.88,280.88,23.71,-600.96,1468
25,12,0,-248.7,8.931,280.89,23.3,-604.09,1469
25,12,0,-250.59,8.969,280.9,21.91,-602.85,1470
25,12,0,-249.41,9.012,280.91,20.43,-598.34,1471
25,12,0,-239.76,9.207,280.96,19.33,-584.9,1476
25,12,0,-240.85,9.25,280.97,20.11,-590.97,1477
25,12,0,-243.08,9.29,280.98,21.27,-597.36,1478
25,12,0,-245.83,9.324,280.99,21.71,-603.75,1479
25,12,0,-246.59,9.525,281.04,16.95,-589.45,1484
25,12,0,-243.91,9.559,281.05,16.58,-584.92,1485
25,12,0,-242.25,9.602,281.06,16.85,-583.98,1486
25,12,-0,-241.02,9.641,281.07,17.06,-586.76,1487
25,12,0,-251.08,9.843,281.12,18.38,-611.22,1492
25,12,0,-251.38,9.878,281.13,17.09,-608.43,1493
25,12,0,-250.98,9.92,281.14,16.25,-602.22,1494
25,12,0,-248.75,9.962,281.15,15.62,-595.35,1495
25,12,0,-246.24,9.996,281.16,15,-590.21,1496
25,12,0,-244.47,10.165,281.2,17.18,-600.61,1500
25,12,-0,-246.68,10.198,281.21,18.02,-606.06,1501
25,12,0,-249.42,10.239,281.22,17.76,-610.74,1502
25,12,0,-251.27,10.284,281.23,17.28,-612.31,1503
25,12,0,-243.89,10.519,281.29,13.45,-590.66,1509
25,12,0,-243.53,10.563,281.3,13.93,-594.55,1510
25,12,0,-244.7,10.599,281.31,14.65,-599.06,1511
25,12,0,-246.19,10.649,281.32,15.15,-604.05,1512
25,12,0,-253.04,10.846,281.37,11.39,-598.17,1517
25,12,0,-250.16,10.889,281.38,11.27,-592.1,1518
25,12,-0,-248.16,10.932,281.39,11.42,-588.51,1519
25,12,0,-246.36,10.978,281.4,11.61,-588.5,1520
25,12,0,-254.45,11.206,281.46,12.81,-606.11,1526
25,12,0,-254.3,11.249,281.47,11.48,-602.85,1527
25,12,0,-245.87,11.494,281.53,11.15,-591.93,1533
25,12,0,-247.43,11.517,281.54,11.38,-595.66,1534
25,12,0,-249.81,11.569,281.55,11.83,-598.62,1535
25,12,0,-252.24,11.6,281.56,10.78,-601.28,1536
25,12,0,-249.33,11.736,281.62,0.27,-587.61,1542
25,12,0,-247.21,11.738,281.63,0.57,-587.91,1543
25,12,0,-246.64,11.747,281.64,-0.88,-588.98,1544
25,12,0,-257.89,12.287,281.7,-5.24,-598.51,1549
25,12,0,-257.16,12.281,281.71,-1.51,-594.01,1550
25,12,0,-255.92,12.242,281.79,16.72,-595.73,1558
25,12,0,-247.69,12.146,281.87,-1.48,-581.67,1566
25,12,-0,-249.01,12.116,281.88,-1.02,-584,1567
25,12,-0,-255.38,11.91,281.94,-13,-588.1,1573
25,12,0,-252.85,11.864,281.95,-8.94,-584.2,1574
25,12,0,-256.02,11.532,282.02,18.14,-593.42,1581
25,12,0,-257.72,11.455,282.04,18.22,-593.28,1583
25,12,0,-247.31,11.26,282.09,17.18,-578.59,1588
25,12,0,-247.66,11.24,282.1,17.77,-580,1589
25,12,0,-252.52,11.161,282.12,16.85,-587.02,1591
25,12,0,-255.25,11.133,282.13,15.96,-591.09,1592
25,12,0,-253.61,10.991,282.17,8.02,-584.69,1596
25,12,-0,-250.57,10.945,282.18,6.05,-580.62,1597
25,12,0,-248.22,10.915,282.19,5.84,-578.59,1598
25,12,0,-247.11,10.876,282.2,6.05,-577.95,1599
25,12,0,-247.49,10.839,282.21,6.86,-579.35,1600
25,12,0,-249.68,10.789,282.22,7.3,-582.48,1601
25,12,0,-252.34,10.75,282.23,8.39,-586.39,1602
25,12,0,-254.59,10.705,282.24,8.59,-589.83,1603
25,12,0,-256.53,10.672,282.25,9.31,-591.71,1604
25,12,0,-258.18,10.626,282.26,10.53,-591.41,1605
25,12,0,-256.66,10.571,282.27,12.01,-587.98,1606
25,12,0,-254.85,10.53,282.28,12.61,-583.77,1607
25,12,0,-251.65,10.481,282.29,13.46,-579.87,1608
25,12,0,-247.8,10.41,282.31,16.44,-577.35,1610
25,12,0,-249.54,10.329,282.33,19.56,-580.94,1612
25,12,0,-251.33,10.289,282.34,20.42,-584.23,1613
25,12,0,-254.17,10.251,282.35,20.96,-587.2,1614
25,12,0,-257.07,10.136,282.38,17.52,-587.83,1617
25,12,0,-255.39,10.099,282.39,15.96,-584.4,1618
25,12,0,-252.56,10.066,282.4,14.49,-580.95,1619
25,12,0,-249.95,10.033,282.41,13.39,-578.92,1620
25,12,0,-248.26,9.99,282.42,12.48,-577.98,1621
25,12,0,-247.39,9.95,282.43,12.07,-578.12,1622
25,12,0,-247.93,9.908,282.44,11.97,-579.53,1623
25,12,0,-250.17,9.864,282.45,12.16,-582.03,1624
25,12,0,-253.47,9.821,282.46,12.51,-584.86,1625
25,12,0,-256.1,9.782,282.47,13.64,-587.67,1626
25,12,0,-257.85,9.741,282.48,14.33,-588.61,1627
25,12,0,-258.04,9.698,282.49,14.71,-587.38,1628
25,12,0,-256.81,9.656,282.5,14.83,-583.79,1629
25,12,0,-254.08,9.618,282.51,15.24,-579.42,1630
25,12,0,-251.45,9.578,282.52,15.89,-576.77,1631
25,12,0,-248.63,9.52,282.53,16.37,-575.35,1632
25,12,0,-248.15,9.488,282.54,18.04,-575.2,1633
25,12,0,-249.04,9.445,282.55,19.04,-576.61,1634
25,12,0,-251.12,9.412,282.56,20.7,-579.12,1635
25,12,0,-253.81,9.38,282.57,22.38,-581.47,1636
25,12,0,-256.25,9.331,282.58,22.84,-583.5,1637
25,12,0,-258.26,9.291,282.59,22.7,-584.44,1638
25,12,0,-258.95,9.25,282.6,22.16,-583.36,1639
25,12,0,-257.78,9.217,282.61,20.47,-580.39,1640
25,12,-0,-255.83,9.18,282.62,19.19,-576.79,1641
25,12,0,-252.91,9.15,282.63,18.34,-574.29,1642
25,12,0,-250.73,9.112,282.64,17.82,-573.5,1643
25,12,-0,-249.77,9.074,282.65,17.9,-573.33,1644
25,12,0,-249.23,9.025,282.66,17.85,-574.59,1645
25,12,-0,-251.08,8.996,282.67,17.88,-576.3,1646
25,12,0,-253.64,8.946,282.68,17.72,-578.19,1647
25,12,0,-256.07,8.915,282.69,17.9,-580.24,1648
25,12,0,-258.06,8.872,282.7,18.16,-581.17,1649
25,12,0,-258.54,8.836,282.71,18.09,-581.03,1650
25,12,0,-257.55,8.747,282.73,17.76,-575.88,1652
25,12,0,-254.85,8.7,282.74,18.88,-573.39,1653
25,12,0,-252.62,8.658,282.75,19.16,-571.66,1654
25,12,0,-250.56,8.624,282.76,20.16,-571.34,1655
25,12,0,-250.68,8.573,282.77,21.06,-571.65,1656
25,12,-0,-251.81,8.535,282.78,22.49,-572.9,1657
25,12,0,-253.99,8.492,282.79,24.15,-574.33,1658
25,12,0,-256.92,8.452,282.8,25.43,-576.05,1659
25,12,0,-259.18,8.414,282.81,26.08,-577.47,1660
25,12,0,-261.44,8.374,282.82,26.15,-577.79,1661
25,12,0,-261.07,8.333,282.83,26.1,-576.24,1662
25,12,0,-259.25,8.295,282.84,24.41,-573.74,1663
25,12,0,-257.1,8.252,282.85,23.9,-570.93,1664
25,12,0,-254.46,8.229,282.86,23.39,-568.59,1665
25,12,0,-252.61,8.185,282.87,23.17,-567.49,1666
25,12,0,-252.12,8.15,282.88,23.15,-567.02,1667
25,12,0,-252.93,8.122,282.89,23.36,-567.33,1668
25,12,0,-254.85,8.076,282.9,24.16,-568.44,1669
25,12,0,-256.68,8.044,282.91,24.73,-569.69,1670
25,12,0,-259.73,7.997,282.92,24.86,-570.95,1671
25,12,0,-261.52,7.881,282.95,22.87,-568.48,1674
25,12,0,-259.47,7.831,282.96,22.15,-565.36,1675
25,12,0,-256.47,7.794,282.97,21.59,-562.7,1676
25,12,0,-254.07,7.752,282.98,22.55,-560.83,1677
25,12,0,-253.29,7.713,282.99,23.78,-559.42,1678
25,12,0,-253.65,7.666,283,25.13,-558.96,1679
25,12,0,-255.03,7.625,283.01,26.22,-559.12,1680
25,12,0,-257.57,7.583,283.02,27.52,-559.92,1681
25,12,0,-263.81,7.461,283.05,28.75,-562.29,1684
25,12,0,-260.98,7.384,283.07,28.58,-557.62,1686
25,12,0,-258.18,7.35,283.08,27.9,-554.35,1687
25,12,-0,-255.33,7.295,283.09,27.75,-551.37,1688
25,12,0,-259.91,7.105,283.14,29.72,-549.08,1693
25,12,0,-262.23,7.056,283.15,29.89,-549.41,1694
25,12,0,-264.34,7.028,283.16,29.76,-549.73,1695
25,12,0,-264.6,6.993,283.17,29.24,-548.96,1696
25,12,0,-254.91,6.803,283.22,27.14,-535.24,1701
25,12,0,-255.35,6.757,283.23,28.1,-534,1702
25,12,0,-257.56,6.71,283.24,29.45,-533.55,1703
25,12,0,-261.71,6.465,283.3,30.04,-529.55,1709
25,12,0,-258.57,6.422,283.31,29.58,-525.81,1710
25,12,0,-266.53,6.148,283.38,34.11,-518.1,1717
25,12,0,-267.25,6.104,283.39,33.67,-517.8,1718
25,12,0,-266.55,6.06,283.4,32.85,-515.94,1719
25,12,0,-257.02,5.866,283.45,32.6,-499.58,1724
25,12,0,-258.24,5.832,283.46,33.76,-498.19,1725
25,12,0,-261.24,5.783,283.47,34.87,-498.06,1726
25,12,0,-263.7,5.74,283.48,35.13,-498.38,1727
25,12,0,-266.54,5.707,283.49,35.23,-499.18,1728
25,12,0,-264.83,5.597,283.52,33.25,-495.78,1731
25,12,-0,-261.96,5.557,283.53,32.54,-491.71,1732
25,12,0,-259.13,5.523,283.54,32.07,-487.82,1733
25,12,0,-257.11,5.47,283.55,32.36,-483.45,1734
25,12,0,-257.18,5.434,283.56,33.42,-480.5,1735
25,12,0,-257.92,5.39,283.57,34.39,-478.65,1736
25,12,0,-268.62,5.229,283.61,37.66,-480.6,1740
25,12,0,-268.69,5.181,283.62,37.3,-479.99,1741
25,12,0,-267.04,5.146,283.63,36.78,-477.33,1742
25,12,0,-264.1,5.102,283.64,35.59,-473.75,1743
25,12,0,-263.29,4.864,283.7,39.87,-458.06,1749
25,12,0,-268.58,4.78,283.72,40.35,-459.04,1751
25,12,0,-256.45,4.553,283.78,38.13,-438.95,1757
25,12,0,-258.41,4.485,283.8,39.46,-434.3,1759
25,12,0,-267.65,4.278,283.85,39.2,-432.52,1764
25,12,0,-264.72,4.237,283.86,38.68,-429.1,1765
25,12,0,-260.99,4.195,283.87,37.63,-424.41,1766
25,12,0,-257.99,4.168,283.88,37.05,-419.41,1767
25,12,0,-263.43,3.952,283.93,41.76,-406.44,1772
25,12,0,-268.64,3.869,283.95,41.79,-405.39,1774
25,12,0,-267.95,3.839,283.96,41.36,-403.69,1775
25,12,0,-265.17,3.784,283.97,40.34,-400.41,1776
25,12,0,-256.23,3.63,284.01,39.5,-380.32,1780
25,12,0,-256.97,3.583,284.02,40.46,-376.92,1781
25,12,0,-259.76,3.541,284.03,40.99,-375.08,1782
25,12,0,-262.76,3.505,284.04,41.14,-374.03,1783
25,12,0,-266.45,3.462,284.05,41.26,-372.96,1784
25,12,0,-263.77,3.305,284.09,38.22,-362.87,1788
25,12,0,-260.2,3.262,284.1,37.24,-357.41,1789
25,12,0,-257.75,3.229,284.11,36.88,-351.64,1790
25,12,0,-256.91,3.185,284.12,37.55,-346.51,1791
25,12,0,-257.24,3.15,284.13,38.28,-342.64,1792
25,12,0,-266.36,3.043,284.16,39.19,-337.14,1795
25,12,0,-268.97,3.01,284.17,38.93,-335.77,1796
25,12,0,-270.03,2.97,284.18,38.33,-334.06,1797
25,12,-0,-265.11,2.9,284.2,35.67,-326.73,1799
25,12,0,-260.9,2.857,284.21,34.21,-320.97,1800
25,12,-0,-258.76,2.678,284.25,34.99,-300.93,1804
25,12,0,-262.34,2.648,284.26,35.48,-298.32,1805
25,12,0,-265.69,2.596,284.27,34.99,-296.49,1806
25,12,0,-268.58,2.545,284.28,35.08,-294.96,1807
25,12,0,-257.89,2.335,284.33,32.12,-273.34,1812
25,12,0,-255.27,2.293,284.34,32.12,-266.95,1813
25,12,0,-254.75,2.255,284.35,32.19,-261.2,1814
25,12,0,-255.83,2.218,284.36,33.09,-257.18,1815
25,12,0,-263.23,1.993,284.42,30.04,-241.59,1821
25,12,0,-259.41,1.953,284.43,29.09,-235.98,1822
25,12,0,-250.4,0.98,284.67,17.02,-126.86,1846
25,12,-0,-256.76,0.659,284.75,12.68,-92.65,1854
25,12,0,-253.45,0.627,284.76,11.51,-86.88,1855
25,12,0,-249.96,0.413,284.82,6.75,-54.9,1861
25,12,0,-252.51,0.371,284.83,5.75,-51.52,1862
25,12,0,-254.92,0.328,284.84,5.18,-47.5,1863
25,12,0,-254.98,0.289,284.85,4.31,-43.32,1864
25,12,0,-245.48,0.122,284.89,-0.19,-18.86,1868
25,12,0,-244.08,0.095,284.9,-0.6,-12.5,1869
25,12,0,-243.87,0.033,284.91,-1.23,-6.92,1870
25,12,0,-245.25,-0.01,284.92,-1.24,-1.65,1871
25,12,0,-246.55,-0.053,284.93,-1.39,2.81,1872
25,12,0,-249.23,-0.102,284.94,-1.55,7.28,1873
25,12,0,-251.67,-0.233,284.97,-3.74,22.94,1876
25,12,0,-249.37,-0.288,284.98,-4.5,29.48,1877
25,12,0,-245.68,-0.321,284.99,-5.65,36.34,1878
25,12,0,-242.9,-0.352,285,-6.49,43.04,1879
25,12,-0,-241.37,-0.407,285.01,-6.67,49.57,1880
25,12,0,-248.83,-0.57,285.06,-9.6,74.44,1885
25,12,0,-249.63,-0.601,285.07,-11,79.71,1886
25,12,0,-248.92,-0.63,285.08,-12.38,85.29,1887
25,12,0,-240.14,-0.879,285.15,-22.66,123.07,1894
25,12,0,-241.83,-0.932,285.16,-23.53,127.24,1895
25,12,0,-243.44,-0.969,285.17,-24.68,131.56,1896
25,12,0,-234.47,-1.251,285.23,-25.65,166.57,1902
25,12,0,-233.18,-1.31,285.24,-24.47,171.99,1903
25,12,0,-240.09,-1.549,285.3,-21.05,202.62,1909
25,12,0,-238.86,-1.588,285.31,-21.41,208.22,1910
25,12,-0,-236.89,-1.621,285.32,-23.14,213.7,1911
25,12,0,-233.58,-1.649,285.33,-25.08,218.67,1912
25,12,0,-231.83,-1.699,285.34,-27.4,223.51,1913
25,12,0,-234,-1.84,285.38,-32.48,237.88,1917
25,12,0,-236.58,-1.867,285.39,-33.78,241.75,1918
25,12,-0,-238.96,-1.907,285.4,-34.79,245.78,1919
25,12,0,-240.2,-1.946,285.41,-35.42,249.65,1920
25,12,-0,-239.32,-1.99,285.42,-35.62,253.54,1921
25,12,0,-231.41,-2.11,285.45,-36.79,264.88,1924
25,12,0,-230.25,-2.146,285.46,-36.83,269.39,1925
25,12,0,-230.12,-2.191,285.47,-36.39,273.74,1926
25,12,0,-230.74,-2.238,285.48,-35.17,278.06,1927
25,12,0,-232.6,-2.279,285.49,-35.06,282.1,1928
25,12,0,-235.45,-2.319,285.5,-34.87,285.66,1929
25,12,0,-238.2,-2.358,285.51,-34.44,288.89,1930
25,12,0,-240.09,-2.407,285.52,-34.27,292.12,1931
25,12,0,-239.95,-2.438,285.53,-34.53,295.85,1932
25,12,0,-237.67,-2.487,285.54,-35.2,298.95,1933
25,12,0,-234.92,-2.526,285.55,-35.3,303.32,1934
25,12,0,-232.25,-2.563,285.56,-35.76,307.68,1935
25,12,0,-230.34,-2.602,285.57,-35.88,312.06,1936
25,12,0,-228.7,-2.644,285.58,-35.46,317.01,1937
25,12,0,-236.29,-2.815,285.62,-36.1,330.78,1941
25,12,0,-238.22,-2.835,285.63,-36.98,333.39,1942
25,12,0,-239.08,-2.881,285.64,-37.94,335.56,1943
25,12,0,-237.93,-2.917,285.65,-38.91,338.37,1944
25,12,0,-235.29,-2.959,285.66,-39.29,341.48,1945
25,12,0,-227.91,-3.117,285.7,-39.11,358.91,1949
25,12,0,-229.05,-3.161,285.71,-38.67,362.63,1950
25,12,0,-234.44,-3.244,285.73,-38.65,366.92,1952
25,12,0,-233.69,-3.446,285.78,-40.71,378.1,1957
25,12,0,-228.59,-3.521,285.8,-40.07,387.44,1959
25,12,0,-228.23,-3.574,285.81,-39.61,392.42,1960
25,12,0,-239.55,-3.774,285.86,-39.63,400.67,1965
25,12,0,-239.51,-3.807,285.87,-40.25,402.24,1966
25,12,0,-237.66,-3.847,285.88,-40.89,404.12,1967
25,12,0,-234.03,-3.887,285.89,-40.96,407.7,1968
25,12,0,-228.65,-4.041,285.93,-39.54,424.66,1972
25,12,0,-231.08,-4.085,285.94,-39.42,426.52,1973
25,12,0,-233.85,-4.116,285.95,-39.2,426.79,1974
25,12,0,-237.16,-4.165,285.96,-40.01,427.06,1975
25,12,0,-239.24,-4.199,285.97,-40.29,427.82,1976
25,12,0,-235.29,-4.327,286,-41.07,434.52,1979
25,12,0,-231.95,-4.363,286.01,-40.96,438.9,1980
25,12,0,-227.92,-4.437,286.03,-39.89,447.32,1982
25,12,0,-228.59,-4.473,286.04,-39.38,450.12,1983
25,12,0,-230.32,-4.519,286.05,-38.76,451.5,1984
25,12,0,-233.31,-4.566,286.06,-38.3,452.07,1985
25,12,0,-236.6,-4.6,286.07,-39.24,451.89,1986
25,12,0,-239.65,-4.645,286.08,-39.6,452.32,1987
25,12,0,-240.64,-4.678,286.09,-39.98,453.4,1988
25,12,0,-239.82,-4.728,286.1,-40.18,455.28,1989
25,12,0,-237,-4.756,286.11,-40.18,458.24,1990
25,12,0,-233.65,-4.787,286.12,-40.17,462.01,1991
25,12,0,-230.36,-4.841,286.13,-40.12,465.9,1992
25,12,0,-229.21,-4.918,286.15,-38.78,472.74,1994
25,12,0,-231.14,-4.96,286.16,-38.09,474.27,1995
25,12,0,-233.71,-5.004,286.17,-37.77,474.72,1996
25,12,0,-241.53,-5.122,286.2,-39.01,475.11,1999
25,12,0,-238.17,-5.212,286.22,-39.3,478.71,2001
25,12,0,-235.21,-5.233,286.23,-39.21,482,2002
25,12,0,-231.98,-5.276,286.24,-38.77,485.29,2003
25,12,0,-231,-5.326,286.25,-38.22,488.87,2004
25,12,0,-230.06,-5.378,286.26,-37.11,491.36,2005
25,12,0,-233.55,-5.451,286.28,-35.8,492.86,2007
25,12,0,-236.04,-5.49,286.29,-36.02,492.65,2008
25,12,0,-239.53,-5.533,286.3,-36.23,492.64,2009
25,12,0,-241.86,-5.577,286.31,-36.41,493.41,2010
25,12,0,-241.19,-5.613,286.32,-36.96,494.49,2011
25,12,0,-239.37,-5.644,286.33,-36.74,496.22,2012
25,12,0,-236.38,-5.681,286.34,-36.86,498.74,2013
25,12,0,-233.83,-5.723,286.35,-36.69,501.72,2014
25,12,0,-231.4,-5.766,286.36,-36.01,504.68,2015
25,12,0,-230.63,-5.792,286.37,-35.23,507.15,2016
25,12,0,-233.14,-5.88,286.39,-34.29,509.46,2018
25,12,0,-235.78,-5.922,286.4,-34.28,509.27,2019
25,12,0,-238.72,-5.958,286.41,-34.76,508.76,2020
25,12,0,-241.27,-6.031,286.43,-35.31,510.47,2022
25,12,0,-240,-6.079,286.44,-35.12,512.19,2023
25,12,0,-232.58,-6.334,286.5,-32.56,523.88,2029
25,12,0,-234.82,-6.36,286.51,-32.46,523.23,2030
25,12,0,-239.94,-6.443,286.53,-32.95,523.34,2032
25,12,0,-240.93,-6.473,286.54,-33.12,524.43,2033
25,12,0,-239.99,-6.52,286.55,-33.19,525.83,2034
25,12,0,-237.87,-6.566,286.56,-32.84,527.73,2035
25,12,0,-232.5,-6.644,286.58,-31.84,531.95,2037
25,12,0,-231.06,-6.685,286.59,-31.48,534.13,2038
25,12,0,-231.14,-6.722,286.6,-30.73,535.53,2039
25,12,0,-232.34,-6.758,286.61,-29.77,536.43,2040
25,12,0,-234.88,-6.803,286.62,-29.67,536.25,2041
25,12,0,-239.6,-6.881,286.64,-30.21,536.68,2043
25,12,-0,-241.22,-6.917,286.65,-30.68,537.46,2044
25,12,0,-240.41,-6.957,286.66,-31.07,538.39,2045
25,12,0,-239.54,-6.997,286.67,-30.88,539.97,2046
25,12,0,-236.25,-7.04,286.68,-30.37,541.39,2047
25,12,0,-233.26,-7.085,286.69,-30.17,543.43,2048
25,12,0,-232,-7.12,286.7,-29.92,545.29,2049
25,12,0,-232.68,-7.202,286.72,-28.52,547.44,2051
25,12,0,-234.71,-7.241,286.73,-27.78,547.59,2052
25,12,0,-237.57,-7.295,286.74,-27.54,547.56,2053
25,12,0,-239.5,-7.331,286.75,-28.23,548.16,2054
25,12,0,-241.23,-7.404,286.77,-28.76,548.77,2056
25,12,0,-233.31,-7.6,286.82,-27.44,555.99,2061
25,12,0,-233.43,-7.646,286.83,-26.5,556.9,2062
25,12,0,-234.39,-7.689,286.84,-26.15,557.68,2063
25,12,0,-236.39,-7.71,286.85,-25.7,557.65,2064
25,12,0,-238.87,-7.921,286.9,-26.26,558.11,2069
25,12,0,-236.63,-7.965,286.91,-26.13,559.08,2070
25,12,0,-234.64,-8.012,286.92,-25.63,560.79,2071
25,12,0,-234.06,-8.053,286.93,-25.19,562.81,2072
25,12,0,-236.23,-8.169,286.96,-23.69,566.33,2075
25,12,0,-238.42,-8.201,286.97,-23.88,566.62,2076
25,12,0,-240.59,-8.244,286.98,-24.27,566.46,2077
25,12,0,-241.18,-8.285,286.99,-24.42,565.68,2078
25,12,0,-241.35,-8.325,287,-24.78,565.06,2079
25,12,0,-240.34,-8.363,287.01,-24.48,564.31,2080
25,12,0,-238.57,-8.408,287.02,-24.28,564.95,2081
25,12,0,-237.48,-8.439,287.03,-23.71,566.51,2082
25,12,0,-235.51,-8.494,287.04,-23.13,568.36,2083
25,12,0,-235.32,-8.526,287.05,-22.43,570.54,2084
25,12,0,-235.77,-8.557,287.06,-22.05,572.23,2085
25,12,0,-236.58,-8.597,287.07,-21.82,573,2086
25,12,0,-240.19,-8.691,287.09,-22.31,572.66,2088
25,12,0,-242.5,-8.72,287.1,-22.25,571.26,2089
25,12,0,-242.79,-8.767,287.11,-22.59,570.32,2090
25,12,0,-241.82,-8.8,287.12,-22.61,569.56,2091
25,12,0,-240.73,-8.843,287.13,-22.29,569.73,2092
25,12,0,-238.83,-8.886,287.14,-22.38,570.84,2093
25,12,0,-237.01,-8.923,287.15,-21.96,573.33,2094
25,12,0,-236.76,-8.965,287.16,-21.15,575.82,2095
25,12,0,-236.69,-8.998,287.17,-20.82,577.36,2096
25,12,-0,-237.51,-9.048,287.18,-20.13,578.28,2097
25,12,0,-238.45,-9.085,287.19,-19.82,578.09,2098
25,12,0,-240.65,-9.121,287.2,-20.36,577.78,2099
25,12,0,-242.29,-9.159,287.21,-20.36,576.67,2100
25,12,-0,-243.76,-9.205,287.22,-20.76,575.29,2101
25,12,0,-243.07,-9.242,287.23,-20.57,574.52,2102
25,12,0,-242.1,-9.287,287.24,-20.51,574.07,2103
25,12,0,-239.94,-9.325,287.25,-19.89,574.7,2104
25,12,0,-237.55,-9.404,287.27,-19.07,578.58,2106
25,12,0,-237.31,-9.447,287.28,-18.56,580.3,2107
25,12,0,-237.94,-9.486,287.29,-18.07,581.68,2108
25,12,0,-239.17,-9.517,287.3,-17.72,581.82,2109
25,12,0,-242.12,-9.6,287.32,-18.28,580.87,2111
25,12,0,-243.18,-9.648,287.33,-18.53,579.46,2112
25,12,0,-241.33,-9.764,287.36,-18.82,578.42,2115
25,12,0,-239.51,-9.795,287.37,-18.56,579.52,2116
25,12,0,-238.81,-9.841,287.38,-18,581.07,2117
25,12,0,-238.47,-9.892,287.39,-17.08,582.93,2118
25,12,0,-238.46,-9.93,287.4,-16.73,584.29,2119
25,12,0,-239.59,-9.963,287.41,-16.68,584.93,2120
25,12,0,-240.7,-9.997,287.42,-16.39,585.22,2121
25,12,0,-244.75,-10.091,287.44,-17.2,583.48,2123
25,12,0,-244.28,-10.119,287.45,-17.4,581.78,2124
25,12,0,-244.18,-10.169,287.46,-17.89,580.71,2125
25,12,0,-242.33,-10.203,287.47,-17.21,580.26,2126
25,12,0,-241.53,-10.242,287.48,-16.93,580.9,2127
25,12,0,-240.2,-10.291,287.49,-16.43,581.99,2128
25,12,0,-239.55,-10.332,287.5,-15.79,584.32,2129
25,12,0,-239.59,-10.361,287.51,-15.25,586.17,2130
25,12,0,-240.4,-10.414,287.52,-14.68,587.25,2131
25,12,0,-241.42,-10.444,287.53,-14.39,587.53,2132
25,12,-0,-243.24,-10.491,287.54,-14.52,587.38,2133
25,12,0,-244.55,-10.527,287.55,-15.12,586.12,2134
25,12,0,-245.46,-10.563,287.56,-15.5,584.26,2135
25,12,0,-245.2,-10.606,287.57,-15.91,582.41,2136
25,12,0,-244.35,-10.641,287.58,-16.05,581.33,2137
25,12,0,-243.15,-10.676,287.59,-15.94,581.5,2138
25,12,0,-242.38,-10.717,287.6,-15.64,582.44,2139
25,12,0,-241.76,-10.772,287.61,-14.72,584.45,2140
25,12,-0,-241.13,-10.805,287.62,-14.18,586.16,2141
25,12,0,-241.58,-10.835,287.63,-13.85,587.24,2142
25,12,0,-241.75,-10.872,287.64,-13.92,588.31,2143
25,12,0,-243.6,-10.908,287.65,-13.55,587.98,2144
25,12,0,-244.62,-10.959,287.66,-14.24,587.36,2145
25,12,0,-246.28,-11.034,287.68,-15.11,583.78,2147
25,12,-0,-246,-11.087,287.69,-14.93,581.79,2148
25,12,0,-244.61,-11.122,287.7,-14.55,581.33,2149
25,12,0,-243.16,-11.151,287.71,-14.11,581.81,2150
25,12,0,-242.36,-11.198,287.72,-13.41,583.21,2151
25,12,0,-242.15,-11.244,287.73,-12.62,585.23,2152
25,12,0,-245.36,-11.406,287.77,-12,586.1,2156
25,12,0,-246.62,-11.439,287.78,-12.48,585.01,2157
25,12,0,-247.07,-11.478,287.79,-13.24,583.3,2158
25,12,0,-246.85,-11.52,287.8,-12.77,581.61,2159
25,12,0,-244.75,-11.694,287.87,0.58,585.15,2166
25,12,0,-246.88,-12.264,287.92,7.32,583.93,2170
25,12,0,-246.35,-12.269,287.93,6.85,582.86,2171
25,12,0,-245.47,-12.263,287.94,4.65,582.24,2172
25,12,0,-245.67,-12.256,287.95,1.17,582.09,2173
25,12,0,-245.62,-12.233,287.96,-2.21,582.4,2174
25,12,0,-245.62,-12.227,287.97,-5.46,583,2175
25,12,0,-246.19,-12.216,287.98,-8.08,584.25,2176
25,12,0,-247.34,-12.216,287.99,-10.88,585.17,2177
25,12,0,-248.02,-12.193,288,-13.89,585.63,2178
25,12,0,-249.49,-12.203,288.01,-17.29,585.49,2179
25,12,0,-248.63,-12.184,288.02,-20.26,583.78,2180
25,12,0,-247.9,-12.191,288.03,-21.9,581.93,2181
25,12,0,-247.12,-12.183,288.04,-22.09,580.39,2182
25,12,0,-246.02,-12.196,288.05,-21.24,579.93,2183
25,12,0,-245.41,-12.187,288.08,-14.52,582.86,2186
25,12,-0,-245.94,-12.194,288.09,-11.84,583.8,2187
25,12,0,-247,-12.186,288.1,-8.01,584.24,2188
25,12,0,-248.09,-12.17,288.11,-3.19,584.55,2189
25,12,0,-249.13,-12.151,288.12,1.3,584.07,2190
25,12,0,-245.61,-11.987,288.17,18.17,580.37,2195
25,12,0,-245.37,-11.928,288.18,15.65,581.3,2196
25,12,0,-245.33,-11.889,288.19,11.05,582.23,2197
25,12,0,-245.36,-11.832,288.2,4.48,582.85,2198
25,12,0,-248.02,-11.559,288.25,-19.72,581.76,2203
25,12,0,-247.43,-11.526,288.26,-24.04,580.23,2204
25,12,0,-245.82,-11.443,288.28,-25.02,577.92,2206
25,12,0,-245.52,-11.265,288.33,-21.92,584.26,2211
25,12,0,-246.95,-11.238,288.34,-21.03,584.57,2212
25,12,0,-247.89,-11.211,288.35,-20.04,582.86,2213
25,12,0,-245.05,-11.02,288.41,-9.52,579.48,2219
25,12,0,-245.41,-10.98,288.42,-6.55,581.33,2220
25,12,0,-245.37,-10.929,288.43,-4.42,582.1,2221
25,12,0,-246.4,-10.898,288.44,-4.1,582.08,2222
25,12,0,-247.33,-10.848,288.45,-4.89,581.6,2223
25,12,0,-248.65,-10.711,288.48,-11.37,577.88,2226
25,12,0,-247.29,-10.668,288.49,-12.92,577.44,2227
25,12,0,-245.9,-10.621,288.5,-14.19,577.61,2228
25,12,0,-244.97,-10.575,288.51,-15.75,578.24,2229
25,12,0,-244.53,-10.522,288.52,-16.91,579.34,2230
25,12,0,-245.16,-10.48,288.53,-17.8,580.43,2231
25,12,0,-244.59,-10.442,288.54,-18.67,580.4,2232
25,12,0,-248.1,-10.304,288.57,-23.52,579.75,2235
25,12,0,-248.38,-10.268,288.58,-25.41,579.12,2236
25,12,0,-248.42,-10.237,288.59,-26.13,578.36,2237
25,12,0,-245.92,-10.164,288.61,-24.61,577.94,2239
25,12,0,-245.05,-10.13,288.62,-23.03,577.79,2240
25,12,0,-244.64,-10.097,288.63,-21.57,578.24,2241
25,12,0,-245.17,-10.064,288.64,-20.37,578.55,2242
25,12,0,-246.36,-10.039,288.65,-18.55,578.39,2243
25,12,0,-246.52,-9.996,288.66,-16.2,578.67,2244
25,12,-0,-248.06,-9.969,288.67,-14.97,578.83,2245
25,12,0,-248.4,-9.932,288.68,-13.56,578.8,2246
25,12,-0,-249.25,-9.888,288.69,-13,578.66,2247
25,12,0,-248.8,-9.852,288.7,-12.41,578.18,2248
25,12,0,-247.98,-9.823,288.71,-11.83,577.74,2249
25,12,0,-247.01,-9.767,288.72,-12.09,576.98,2250
25,12,0,-246.07,-9.726,288.73,-12.99,576.99,2251
25,12,0,-245.71,-9.676,288.74,-14.18,576.68,2252
25,12,0,-245.84,-9.631,288.75,-15.37,576.52,2253
25,12,0,-246.48,-9.587,288.76,-16.59,576.37,2254
25,12,0,-246.63,-9.547,288.77,-17.84,576.04,2255
25,12,0,-247.67,-9.495,288.78,-19.46,576.19,2256
25,12,0,-250.1,-9.398,288.8,-22.97,576.01,2258
25,12,0,-249.6,-9.362,288.81,-25.13,575.71,2259
25,12,0,-248.34,-9.286,288.83,-26.51,574.03,2261
25,12,0,-246.64,-9.243,288.84,-27.15,573.44,2262
25,12,0,-248.23,-9.051,288.89,-24.72,573.38,2267
25,12,0,-248.95,-9.027,288.9,-24.51,573.23,2268
25,12,-0,-250.14,-8.997,288.91,-23.92,573.23,2269
25,12,0,-250.29,-8.953,288.92,-22.8,572.91,2270
25,12,0,-247.04,-8.765,288.97,-17.43,570.17,2275
25,12,0,-247.11,-8.725,288.98,-16.9,569.83,2276
25,12,0,-247.68,-8.691,288.99,-16.95,569.52,2277
25,12,0,-248.69,-8.633,289,-18,569.67,2278
25,12,0,-248.82,-8.368,289.06,-28.73,567.06,2284
25,12,0,-248.09,-8.32,289.07,-29.4,566.62,2285
25,12,0,-253.85,-8.045,289.14,-31.69,563.29,2292
25,12,0,-253.08,-8.019,289.15,-32.21,562.68,2293
25,12,0,-251.29,-7.774,289.22,-23.6,558.96,2300
25,12,0,-252.66,-7.728,289.23,-22.79,557.84,2301
25,12,0,-251.63,-7.429,289.3,-30.23,553.55,2308
25,12,0,-251.82,-7.378,289.31,-30.9,552.61,2309
25,12,0,-257.78,-7.141,289.37,-36.53,547.29,2315
25,12,0,-257.5,-7.088,289.38,-37.23,546.68,2316
25,12,0,-255.59,-7.06,289.39,-37.49,544.98,2317
25,12,0,-254.39,-7.024,289.4,-37.55,543.6,2318
25,12,0,-257.93,-6.792,289.46,-31.38,537.34,2324
25,12,0,-259.23,-6.759,289.47,-31.35,536.56,2325
25,12,0,-255.68,-6.481,289.54,-33.67,526.98,2332
25,12,0,-256.35,-6.424,289.55,-34.55,525.57,2333
25,12,-0,-260.74,-6.185,289.61,-38.29,516.1,2339
25,12,0,-258.98,-6.142,289.62,-38.6,513.62,2340
25,12,0,-257.39,-6.099,289.63,-38.54,512.08,2341
25,12,0,-262.83,-5.863,289.69,-37.1,504.28,2347
25,12,0,-264.31,-5.83,289.7,-38,502.26,2348
25,12,0,-263.96,-5.782,289.71,-38.51,499.92,2349
25,12,0,-263.04,-5.751,289.72,-38.93,497.77,2350
25,12,0,-257.03,-5.589,289.76,-37.63,493,2354
25,12,0,-256.97,-5.552,289.77,-37.18,492.22,2355
25,12,0,-258.1,-5.508,289.78,-37.36,490.98,2356
25,12,-0,-260.24,-5.473,289.79,-37.62,489.1,2357
25,12,0,-262.51,-5.425,289.8,-37.95,486.75,2358
25,12,0,-264.12,-5.39,289.81,-38.95,484.41,2359
25,12,0,-264.77,-5.343,289.82,-39.57,482.23,2360
25,12,0,-263.98,-5.32,289.83,-40.6,480.08,2361
25,12,0,-262.2,-5.264,289.84,-40.45,478.07,2362
25,12,0,-259.7,-5.237,289.85,-40.55,476.55,2363
25,12,0,-256.64,-5.161,289.87,-40.12,474.38,2365
25,12,0,-256.77,-5.115,289.88,-39.89,473.3,2366
25,12,0,-257.84,-5.074,289.89,-39.7,471.89,2367
25,12,0,-260.21,-5.025,289.9,-40.23,470.17,2368
25,12,0,-262.51,-4.998,289.91,-40.51,467.68,2369
25,12,0,-265.08,-4.958,289.92,-41.17,465.33,2370
25,12,0,-266.47,-4.918,289.93,-41.98,462.54,2371
25,12,0,-264.93,-4.865,289.94,-42.59,460.07,2372
25,12,0,-262.81,-4.84,289.95,-42.8,457.76,2373
25,12,0,-260.72,-4.797,289.96,-42.29,455.61,2374
25,12,0,-258.23,-4.754,289.97,-42.5,454.38,2375
25,12,0,-257.31,-4.717,289.98,-42.12,453.62,2376
25,12,-0,-256.8,-4.67,289.99,-42.01,452.38,2377
25,12,0,-257.91,-4.633,290,-41.91,450.97,2378
25,12,0,-259.74,-4.594,290.01,-42,448.46,2379
25,12,0,-262.47,-4.558,290.02,-42.26,445.96,2380
25,12,0,-265.04,-4.51,290.03,-42.79,442.69,2381
25,12,0,-265.67,-4.432,290.05,-44.44,436.94,2383
25,12,0,-263.52,-4.396,290.06,-44.92,434.65,2384
25,12,0,-261.15,-4.343,290.07,-44.61,432.5,2385
25,12,-0,-258.59,-4.309,290.08,-43.71,430.81,2386
25,12,0,-256.42,-4.227,290.1,-42.86,427.4,2388
25,12,0,-257.66,-4.192,290.11,-42.41,425.22,2389
25,12,0,-259.79,-4.166,290.12,-42.2,423.04,2390
25,12,0,-262.33,-4.119,290.13,-42.68,419.91,2391
25,12,0,-265.51,-4.069,290.14,-43.08,416.63,2392
25,12,0,-266.76,-4.03,290.15,-43.94,413.05,2393
25,12,0,-266.79,-3.991,290.16,-44.36,410.11,2394
25,12,0,-263.87,-3.951,290.17,-44.56,407.18,2395
25,12,0,-261.6,-3.91,290.18,-44.4,404.87,2396
25,12,0,-258.77,-3.87,290.19,-43.88,402.89,2397
25,12,0,-256.5,-3.835,290.2,-42.88,401.19,2398
25,12,0,-257.93,-3.718,290.23,-42.21,394.66,2401
25,12,0,-261.45,-3.665,290.24,-42.27,391.23,2402
25,12,0,-264.31,-3.63,290.25,-42.61,387.02,2403
25,12,0,-266.61,-3.59,290.26,-42.9,382.97,2404
25,12,0,-266.4,-3.555,290.27,-43.53,378.61,2405
25,12,0,-265.18,-3.509,290.28,-43.86,375.69,2406
25,12,0,-257.63,-3.386,290.31,-42.54,370.01,2409
25,12,0,-256.41,-3.35,290.32,-41.36,368.32,2410
25,12,0,-256.65,-3.313,290.33,-40.8,366.3,2411
25,12,0,-257.89,-3.278,290.34,-40.96,362.86,2412
25,12,0,-261.17,-3.234,290.35,-40.83,358.81,2413
25,12,0,-266.91,-3.083,290.39,-41.73,340.61,2417
25,12,0,-264.38,-3.033,290.4,-41.76,338,2418
25,12,0,-261.4,-2.992,290.41,-41.36,335.54,2419
25,12,0,-258.67,-2.963,290.42,-40.67,334.02,2420
25,12,0,-256.86,-2.92,290.43,-39.47,331.86,2421
25,12,0,-256.88,-2.884,290.44,-39.03,329.38,2422
25,12,0,-264.77,-2.748,290.47,-38.97,316.28,2425
25,12,0,-268.18,-2.724,290.48,-39.02,310.83,2426
25,12,0,-268.9,-2.671,290.49,-39.27,305.08,2427
25,12,0,-267.87,-2.634,290.5,-39.29,300.89,2428
25,12,0,-266.2,-2.602,290.51,-39.09,297.52,2429
25,12,0,-260.02,-2.355,290.57,-35.18,280.8,2435
25,12,0,-263.8,-2.323,290.58,-34.87,275.04,2436
25,12,0,-265.97,-1.696,290.73,-30.7,206.62,2451
25,12,0,-262.16,-1.662,290.74,-30.51,203.23,2452
25,12,-0,-264.18,-1.391,290.81,-25.48,175.46,2459
25,12,0,-253.48,-1.133,290.88,-20.49,145.91,2466
25,12,0,-253.72,-1.106,290.89,-19.1,142.82,2467
25,12,0,-254.94,-1.052,290.9,-18.09,137.68,2468
25,12,0,-258.33,-1.026,290.91,-17.45,131.76,2469
25,12,0,-264.08,-0.861,290.95,-15.03,105.17,2473
25,12,0,-261.33,-0.81,290.96,-14.54,100.56,2474
25,12,0,-257.34,-0.768,290.97,-13.96,97.02,2475
25,12,0,-252.36,-0.672,290.99,-12.72,91.49,2477
25,12,0,-261.35,-0.449,291.04,-10.37,60.23,2482
25,12,0,-257.18,1.126,414.14,21.76,-159.83,6257
25,12,0,-255.68,1.169,414.15,22.79,-164.48,6258
25,12,0,-252.68,1.201,414.16,23.23,-168.31,6259
25,12,0,-249.7,1.244,414.17,23.9,-171.7,6260
25,12,0,-247.21,1.284,414.18,24.68,-175.09,6261
25,12,0,-247.65,1.404,414.21,26.98,-188.75,6264
25,12,0,-249.41,1.436,414.22,27.03,-194.51,6265
25,12,0,-251.84,1.487,414.23,27.23,-200.42,6266
25,12,0,-253.7,1.527,414.24,26.89,-205.86,6267
25,12,0,-254.26,1.569,414.25,26.35,-210.67,6268
25,12,0,-244.37,1.721,414.29,24.67,-225.46,6272
25,12,0,-243.61,1.849,414.32,27.07,-237.88,6275
25,12,0,-245.83,1.894,414.33,28.29,-243.32,6276
25,12,0,-250.75,2.013,414.36,31.67,-258.57,6279
25,12,-0,-249.58,2.048,414.37,31.36,-262.42,6280
25,12,0,-247.38,2.099,414.38,30.97,-265.5,6281
25,12,0,-244.29,2.147,414.39,30.42,-268.13,6282
25,12,0,-242.09,2.187,414.4,29.66,-270.58,6283
25,12,-0,-240.08,2.236,414.41,29.38,-273.66,6284
25,12,0,-243.43,2.345,414.44,30.49,-286.74,6287
25,12,0,-245.4,2.375,414.45,31.45,-292.19,6288
25,12,0,-247,2.426,414.46,32.18,-297.18,6289
25,12,0,-247.26,2.452,414.47,32.2,-301.36,6290
25,12,0,-246.83,2.489,414.48,31.81,-304.75,6291
25,12,0,-236.71,2.624,414.52,31.62,-313.82,6295
25,12,0,-236.22,2.664,414.53,33.17,-316.59,6296
25,12,0,-239.99,2.797,414.56,37.23,-328.12,6299
25,12,0,-241.76,2.83,414.57,37.44,-332.32,6300
25,12,0,-242.24,2.962,414.6,36.55,-342.22,6303
25,12,0,-239.97,3.008,414.61,34.83,-344.37,6304
25,12,0,-236.65,3.046,414.62,32.64,-346.52,6305
25,12,0,-234.79,3.095,414.63,31.44,-348.68,6306
25,12,0,-233.4,3.141,414.64,31,-351.48,6307
25,12,0,-238.96,3.301,414.68,33.82,-366.41,6311
25,12,0,-241.31,3.34,414.69,34.48,-370.46,6312
25,12,0,-241.8,3.379,414.7,34.35,-374.33,6313
25,12,-0,-241.75,3.416,414.71,33.52,-378.19,6314
25,12,0,-236.93,3.505,414.73,31.76,-383,6316
25,12,0,-233.18,3.616,414.76,32.83,-387.47,6319
25,12,0,-234.09,3.649,414.77,35.18,-389.64,6320
25,12,0,-236.64,3.694,414.78,37.23,-392.91,6321
25,12,0,-242.41,3.761,414.8,39.2,-402.25,6323
25,12,0,-244.35,3.794,414.81,39.6,-407.07,6324
25,12,0,-244.21,3.85,414.82,39.26,-411.27,6325
25,12,0,-242.45,3.884,414.83,38.07,-414.53,6326
25,12,0,-239.3,3.928,414.84,36.86,-415.75,6327
25,12,0,-236.25,3.964,414.85,35.84,-416.36,6328
25,12,0,-234.49,4.004,414.86,35.64,-415.72,6329
25,12,0,-233.91,4.036,414.87,35.74,-416.47,6330
25,12,0,-234.75,4.079,414.88,36.66,-418.03,6331
25,12,0,-237.61,4.12,414.89,37.32,-421.45,6332
25,12,-0,-239.79,4.173,414.9,37.52,-426.11,6333
25,12,0,-243.43,4.205,414.91,37.7,-431.56,6334
25,12,0,-245.64,4.236,414.92,37.65,-436.86,6335
25,12,-0,-246.21,4.291,414.93,37,-441.36,6336
25,12,0,-244.68,4.329,414.94,35.99,-444.17,6337
25,12,0,-241.38,4.369,414.95,34.93,-445.08,6338
25,12,0,-238.06,4.407,414.96,34.26,-444.9,6339
25,12,0,-235.33,4.448,414.97,33.73,-443.63,6340
25,12,0,-234.04,4.495,414.98,34.55,-442.98,6341
25,12,0,-234.66,4.534,414.99,35.42,-443.75,6342
25,12,0,-236.55,4.573,415,36.26,-446.7,6343
25,12,0,-241.86,4.659,415.02,37.85,-457.3,6345
25,12,0,-245.41,4.712,415.03,38.21,-463.07,6346
25,12,0,-246.49,4.739,415.04,37.29,-468.06,6347
25,12,0,-245.75,4.783,415.05,36.37,-471.31,6348
25,12,0,-243.55,4.818,415.06,34.91,-471.91,6349
25,12,0,-234.5,4.941,415.09,33.28,-466.88,6352
25,12,0,-233.67,4.978,415.1,34.25,-467.01,6353
25,12,0,-235.43,5.025,415.11,35.11,-469.18,6354
25,12,0,-237.98,5.055,415.12,36.12,-474.34,6355
25,12,0,-241.71,5.103,415.13,36.63,-480.57,6356
25,12,0,-245.25,5.135,415.14,37.01,-486.8,6357
25,12,0,-246.77,5.177,415.15,36.77,-492.56,6358
25,12,-0,-246.89,5.214,415.16,35.93,-495.19,6359
25,12,0,-244.27,5.257,415.17,34.56,-495.34,6360
25,12,0,-240.43,5.296,415.18,33.64,-493.44,6361
25,12,0,-236.73,5.337,415.19,32.85,-490,6362
25,12,0,-234.24,5.376,415.2,32.93,-487.34,6363
25,12,0,-233.36,5.412,415.21,33.76,-486.55,6364
25,12,0,-235.04,5.463,415.22,35.14,-488.87,6365
25,12,0,-237.7,5.491,415.23,35.66,-493.7,6366
25,12,0,-241.68,5.532,415.24,36.63,-500.42,6367
25,12,0,-244.9,5.574,415.25,36.91,-507.43,6368
25,12,0,-247.05,5.615,415.26,36.59,-513.19,6369
25,12,0,-248.12,5.655,415.27,35.61,-516.29,6370
25,12,0,-245.29,5.685,415.28,34.43,-516.43,6371
25,12,0,-241.55,5.735,415.29,32.75,-514.09,6372
25,12,0,-234.58,5.81,415.31,31.47,-508.28,6374
25,12,0,-233.66,5.857,415.32,31.95,-506.87,6375
25,12,0,-235.54,5.894,415.33,32.78,-508.72,6376
25,12,0,-237.95,5.932,415.34,33.78,-513.24,6377
25,12,0,-240.96,5.977,415.35,34.67,-519.79,6378
25,12,0,-244.39,6.006,415.36,35.05,-526.49,6379
25,12,-0,-247.3,6.056,415.37,34.97,-532.57,6380
25,12,0,-248.33,6.093,415.38,34.86,-536,6381
25,12,0,-246.42,6.123,415.39,33.46,-536.3,6382
25,12,0,-243.3,6.178,415.4,31.98,-533.32,6383
25,12,0,-238.8,6.222,415.41,30.77,-529.41,6384
25,12,0,-236.39,6.265,415.42,30.17,-525.97,6385
25,12,0,-234.98,6.334,415.44,31.78,-525.79,6387
25,12,0,-237.43,6.368,415.45,32.76,-529.98,6388
25,12,0,-244.22,6.46,415.47,34,-543.25,6390
25,12,0,-247.24,6.493,415.48,33.75,-549.33,6391
25,12,0,-248.64,6.534,415.49,33.3,-552.74,6392
25,12,0,-247.46,6.574,415.5,32.24,-553.05,6393
25,12,0,-244.31,6.617,415.51,30.72,-550.54,6394
25,12,0,-240.07,6.65,415.52,29.33,-545.86,6395
25,12,-0,-236.52,6.698,415.53,28.13,-541.93,6396
25,12,0,-234.55,6.729,415.54,28.09,-539.91,6397
25,12,0,-234.54,6.778,415.55,28.83,-540.35,6398
25,12,0,-236.81,6.816,415.56,29.85,-544.25,6399
25,12,0,-240.3,6.852,415.57,31.14,-550.17,6400
25,12,0,-243.7,6.894,415.58,31.52,-557.34,6401
25,12,0,-248.45,6.97,415.6,30.99,-567.63,6403
25,12,0,-246.07,7.058,415.62,28.07,-564.51,6405
25,12,0,-242.02,7.099,415.63,26.94,-559.51,6406
25,12,0,-238.35,7.133,415.64,26.18,-554.98,6407
25,12,-0,-236.08,7.18,415.65,26.14,-552.46,6408
25,12,0,-237.13,7.26,415.67,28.12,-556.19,6410
25,12,0,-239.94,7.299,415.68,29.1,-562.43,6411
25,12,0,-246.64,7.378,415.7,29.94,-576.61,6413
25,12,0,-248.75,7.421,415.71,29.63,-581.14,6414
25,12,0,-250.3,7.464,415.72,28.3,-580.98,6415
25,12,0,-248.24,7.495,415.73,26.84,-577.4,6416
25,12,0,-244.61,7.531,415.74,25.14,-571.78,6417
25,12,0,-240.91,7.575,415.75,24.6,-566.31,6418
25,12,0,-238.22,7.61,415.76,24.3,-562.86,6419
25,12,-0,-236.17,7.656,415.77,24.87,-562.69,6420
25,12,0,-237.57,7.697,415.78,25.63,-565.81,6421
25,12,0,-239.87,7.731,415.79,26.54,-571.57,6422
25,12,0,-243.33,7.774,415.8,27.17,-578.59,6423
25,12,0,-246.7,7.813,415.81,27.25,-585.3,6424
25,12,0,-250.79,7.9,415.83,26.13,-589.21,6426
25,12,0,-249.9,7.942,415.84,24.74,-585.16,6427
25,12,0,-247.13,7.966,415.85,23.35,-578.93,6428
25,12,0,-243.29,8.012,415.86,22.46,-573.3,6429
25,12,0,-239.94,8.052,415.87,22.37,-570.18,6430
25,12,0,-238.22,8.094,415.88,22.81,-569.84,6431
25,12,0,-238.34,8.129,415.89,23.8,-573.25,6432
25,12,0,-240.53,8.17,415.9,24.77,-578.71,6433
25,12,0,-242.86,8.211,415.91,25.08,-585.72,6434
25,12,0,-248.75,8.293,415.93,24.75,-596.8,6436
25,12,0,-251.21,8.333,415.94,23.88,-597.43,6437
25,12,0,-245.43,8.456,415.97,19.92,-581.53,6440
25,12,0,-242.89,8.655,416.02,22.42,-590.83,6445
25,12,0,-245.7,8.689,416.03,22.91,-597.07,6446
25,12,-0,-250.22,8.771,416.05,21.9,-602.69,6448
25,12,0,-250.68,8.801,416.06,20.95,-600.2,6449
25,12,0,-249.82,8.845,416.07,19.7,-594.75,6450
25,12,0,-247.03,8.888,416.08,18.8,-588.83,6451
25,12,0,-243.54,8.933,416.09,18.44,-584.62,6452
25,12,0,-241.3,8.974,416.1,18.68,-583.21,6453
25,12,0,-241.24,9.06,416.12,20.01,-589.73,6455
25,12,0,-242.92,9.087,416.13,20.63,-595.17,6456
25,12,0,-245.43,9.132,416.14,21.12,-601.1,6457
25,12,0,-248.59,9.169,416.15,20.96,-605.46,6458
25,12,0,-250.28,9.212,416.16,20.31,-607.5,6459
25,12,0,-251.29,9.259,416.17,19.46,-605.79,6460
25,12,0,-250.95,9.291,416.18,18.32,-600.65,6461
25,12,0,-248.26,9.337,416.19,17.32,-595.05,6462
25,12,0,-244.94,9.377,416.2,16.76,-590.68,6463
25,12,0,-242.78,9.41,416.21,16.75,-588.79,6464
25,12,-0,-241.6,9.454,416.22,17.26,-589.71,6465
25,12,0,-241.23,9.497,416.23,17.97,-592.83,6466
25,12,0,-243.03,9.53,416.24,18.89,-597.81,6467
25,12,-0,-245.15,9.57,416.25,19.37,-602.95,6468
25,12,-0,-250.9,9.652,416.27,18.87,-610.29,6470
25,12,0,-247.33,9.808,416.31,16.23,-597.21,6474
25,12,0,-242.12,9.896,416.33,15.68,-594.54,6476
25,12,0,-241.85,9.921,416.34,16,-596.85,6477
25,12,0,-243.04,9.961,416.35,17.06,-600.59,6478
25,12,0,-250.57,10.088,416.38,17.37,-612.3,6481
25,12,0,-252.61,10.134,416.39,16.89,-612.15,6482
25,12,-0,-252.62,10.168,416.4,15.7,-609.2,6483
25,12,0,-252.4,10.223,416.41,15.3,-604.08,6484
25,12,0,-245.39,10.448,416.47,15.84,-604.35,6490
25,12,0,-248.19,10.483,416.48,16.17,-608.85,6491
25,12,0,-250.78,10.529,416.49,15.73,-612.29,6492
25,12,0,-251.78,10.7,416.53,12.88,-601.57,6496
25,12,0,-246.2,10.767,416.55,11.81,-595.49,6498
25,12,0,-244.89,10.829,416.56,11.75,-595.17,6499
25,12,0,-244.85,10.851,416.57,12.02,-597.34,6500
25,12,0,-255.31,11.095,416.63,11.62,-605.33,6506
25,12,0,-253.54,11.144,416.64,11.53,-600.35,6507
25,12,0,-250.64,11.181,416.65,11.03,-596.3,6508
25,12,0,-248.07,11.215,416.66,10.57,-593.33,6509
25,12,0,-245.68,11.297,416.68,10.82,-594.09,6511
25,12,0,-247,11.34,416.69,11.59,-597.19,6512
25,12,0,-248.66,11.375,416.7,12.03,-601.1,6513
25,12,0,-251.79,11.411,416.71,12.3,-604.85,6514
25,12,0,-255.6,11.491,416.73,11.03,-607.51,6516
25,12,0,-253.18,11.609,416.76,8.67,-595.53,6519
25,12,0,-250.62,11.645,416.77,6.83,-591.93,6520
25,12,0,-248.76,11.696,416.79,2.82,-590.2,6522
25,12,0,-248.7,11.705,416.8,0.39,-593,6523
25,12,0,-249.95,11.731,416.81,-0.12,-596.9,6524
25,12,0,-252.21,11.746,416.82,0.71,-601.13,6525
25,12,0,-253.7,11.748,416.83,0.92,-604.24,6526
25,12,0,-255.74,11.752,416.84,-0.62,-605.35,6527
25,12,0,-256.77,11.766,416.85,-3.77,-603.62,6528
25,12,0,-256.82,11.769,416.86,-7.34,-599.74,6529
25,12,0,-252.2,12.305,416.88,-10.67,-592.1,6530
25,12,0,-252.17,12.263,416.93,6.02,-598.17,6535
25,12,0,-256.05,12.253,416.95,11.19,-601.61,6537
25,12,-0,-257.38,12.253,416.96,13.84,-601.31,6538
25,12,-0,-258.18,12.248,416.97,14.81,-598.99,6539
25,12,0,-256.58,12.251,416.98,15.39,-595.57,6540
25,12,0,-249.43,12.237,417.01,13.81,-589.93,6543
25,12,0,-248.67,12.23,417.02,13.68,-590.24,6544
25,12,0,-249.12,12.228,417.03,12.17,-591.79,6545
25,12,0,-258.38,12.124,417.08,-2.44,-596.64,6550
25,12,0,-255.3,12.076,417.1,-8.29,-590.1,6552
25,12,0,-249.93,11.995,417.12,-14.39,-586.65,6554
25,12,0,-248.44,11.956,417.13,-14.07,-587.42,6555
25,12,0,-248.4,11.907,417.14,-10.47,-589.43,6556
25,12,0,-250.67,11.864,417.15,-4.37,-592.1,6557
25,12,0,-253.03,11.81,417.16,1.03,-594.91,6558
25,12,0,-254.87,11.767,417.17,5.8,-597.41,6559
25,12,0,-257.77,11.654,417.19,9.35,-597.59,6561
25,12,-0,-254.42,11.577,417.21,14.33,-591.21,6563
25,12,0,-248.18,11.452,417.24,17.6,-587.61,6566
25,12,0,-247.98,11.409,417.25,17.76,-588.69,6567
25,12,-0,-251.03,11.342,417.27,18.67,-592.74,6569
25,12,-0,-256.03,11.27,417.29,18.72,-596.34,6571
25,12,0,-257.48,11.23,417.3,17.96,-596.98,6572
25,12,0,-251.03,11.103,417.34,11.58,-587.16,6576
25,12,0,-249.03,11.071,417.35,10.02,-585.89,6577
25,12,0,-248.51,11.034,417.36,8.79,-586.05,6578
25,12,0,-248.56,10.988,417.37,7.69,-586.81,6579
25,12,0,-255.41,10.879,417.4,7.7,-594.31,6582
25,12,0,-257.55,10.839,417.41,8.08,-595.73,6583
25,12,0,-257.86,10.801,417.42,7.23,-594.96,6584
25,12,0,-257.3,10.743,417.43,6.89,-592.16,6585
25,12,-0,-254.4,10.696,417.44,7.41,-589.03,6586
25,12,0,-251.26,10.663,417.45,8.58,-586.54,6587
25,12,0,-250.18,10.494,417.49,15.75,-587.29,6591
25,12,0,-255.06,10.408,417.51,19.6,-592.93,6593
25,12,0,-256.67,10.365,417.52,19.89,-594.5,6594
25,12,0,-257.86,10.332,417.53,19.81,-594.36,6595
25,12,0,-252.24,10.219,417.56,16.94,-585.93,6598
25,12,0,-249.29,10.176,417.57,15.8,-584.05,6599
25,12,0,-248.03,10.151,417.58,15.43,-582.95,6600
25,12,0,-249.47,10.072,417.6,14.6,-584.34,6602
25,12,-0,-251.57,10.036,417.61,13.93,-586.53,6603
25,12,0,-256.61,9.827,417.66,11.44,-587.98,6608
25,12,0,-253.96,9.781,417.67,11.79,-584.23,6609
25,12,0,-250.73,9.738,417.68,12.87,-582.03,6610
25,12,0,-248.46,9.701,417.69,14.29,-580.93,6611
25,12,0,-249.23,9.612,417.71,17.04,-582.64,6613
25,12,0,-250.74,9.565,417.72,18.29,-584.67,6614
25,12,0,-256.01,9.492,417.74,20.86,-591.09,6616
25,12,0,-258.54,9.456,417.75,21.69,-592.35,6617
25,12,0,-258.4,9.405,417.76,21.78,-591.1,6618
25,12,0,-257.09,9.377,417.77,21.17,-587.7,6619
25,12,0,-249.54,9.226,417.81,19,-577.51,6623
25,12,0,-251.36,9.153,417.83,19.37,-581.43,6625
25,12,0,-253.79,9.114,417.84,19.24,-584.55,6626
25,12,0,-255.7,9.08,417.85,18.88,-587.37,6627
25,12,0,-258.47,8.954,417.88,15.85,-585.36,6630
25,12,0,-256.37,8.919,417.89,15,-580.98,6631
25,12,0,-253.44,8.871,417.9,15.23,-577.09,6632
25,12,0,-251.22,8.83,417.91,16.47,-574.75,6633
25,12,0,-250.15,8.793,417.92,17.41,-573.97,6634
25,12,0,-250.36,8.75,417.93,19.13,-575.21,6635
25,12,0,-254.55,8.663,417.95,21.76,-580.69,6637
25,12,0,-257.59,8.617,417.96,22.96,-583.19,6638
25,12,0,-259.27,8.573,417.97,23.73,-584.6,6639
25,12,0,-260.13,8.545,417.98,23.84,-584.61,6640
25,12,0,-259.56,8.501,417.99,24.13,-581.81,6641
25,12,0,-257.78,8.454,418,23.68,-578.06,6642
25,12,0,-254.85,8.421,418.01,23.88,-574.16,6643
25,12,0,-252.75,8.374,418.02,23.8,-572.13,6644
25,12,0,-251.79,8.338,418.03,23.84,-571.66,6645
25,12,0,-251.79,8.305,418.04,24.14,-571.97,6646
25,12,0,-252.64,8.265,418.05,24.4,-573.53,6647
25,12,0,-254.9,8.235,418.06,24.82,-575.73,6648
25,12,0,-259.41,8.149,418.08,24.75,-579.49,6650
25,12,0,-260.91,8.113,418.09,24.62,-579.18,6651
25,12,0,-257.48,8.001,418.12,20.86,-571.38,6654
25,12,0,-254.65,7.961,418.13,20.63,-568.89,6655
25,12,0,-253.17,7.91,418.14,21.33,-567.33,6656
25,12,0,-252.28,7.87,418.15,22.16,-566.86,6657
25,12,0,-253.61,7.84,418.16,23.06,-567.33,6658
25,12,0,-255.68,7.797,418.17,24.51,-569.05,6659
25,12,0,-262.84,7.658,418.2,27.72,-572.83,6662
25,12,0,-262.99,7.615,418.21,27.17,-571.58,6663
25,12,0,-261.76,7.576,418.22,26.74,-568.79,6664
25,12,0,-259.7,7.545,418.23,26.54,-565.2,6665
25,12,0,-257.79,7.301,418.29,29.98,-559.78,6671
25,12,0,-262.9,7.217,418.31,30.43,-561.36,6673
25,12,0,-263.55,7.158,418.33,28.83,-559.18,6675
25,12,0,-254.72,6.993,418.37,27.13,-547.8,6679
25,12,0,-254.18,6.952,418.38,27.11,-546.72,6680
25,12,0,-257.52,6.875,418.4,28.87,-546.89,6682
25,12,-0,-264.75,6.71,418.44,30.82,-547.25,6686
25,12,0,-263.3,6.667,418.45,30.08,-544.61,6687
25,12,0,-260.48,6.64,418.46,29.58,-541.02,6688
25,12,0,-257.39,6.59,418.47,29.83,-537.76,6689
25,12,0,-255.37,6.544,418.48,29.92,-534.16,6690
25,12,0,-266.01,6.31,418.54,34.1,-532.84,6696
25,12,0,-261.94,6.186,418.57,31.98,-526.46,6699
25,12,0,-255.89,6.083,418.6,32.06,-515.71,6702
25,12,0,-256.64,6.027,418.61,32.83,-514.16,6703
25,12,0,-258.68,5.98,418.62,34.05,-512.93,6704
25,12,0,-261.09,5.948,418.63,34.89,-513.1,6705
25,12,0,-264.26,5.911,418.64,35.53,-513.9,6706
25,12,0,-261.43,5.719,418.69,32.78,-505.98,6711
25,12,-0,-258.85,5.675,418.7,32.43,-502.08,6712
25,12,0,-258.62,5.553,418.73,35.24,-494.16,6715
25,12,0,-261.15,5.513,418.74,36.09,-493.72,6716
25,12,0,-269.1,5.387,418.77,37.61,-494.87,6719
25,12,0,-268.57,5.344,418.78,36.42,-493.48,6720
25,12,0,-266.65,5.307,418.79,35.95,-490.67,6721
25,12,0,-262.65,5.258,418.8,35,-486.76,6722
25,12,0,-260.55,5.066,418.85,38.51,-473.08,6727
25,12,0,-265.91,4.997,418.87,40.16,-473.6,6729
25,12,0,-267.87,4.949,418.88,40.14,-473.78,6730
25,12,0,-268.16,4.906,418.89,39.54,-473,6731
25,12,0,-257.6,4.743,418.93,37.69,-457.87,6735
25,12,0,-256.5,4.705,418.94,38.65,-453.83,6736
25,12,0,-256.9,4.681,418.95,39.66,-451.35,6737
25,12,0,-264.77,4.409,419.02,38.4,-444.45,6744
25,12,-0,-260.43,4.359,419.03,37.74,-439.91,6745
25,12,0,-257.36,4.31,419.04,37.62,-434.62,6746
25,12,0,-256.3,4.287,419.05,38.27,-429.64,6747
25,12,0,-264.32,4.118,419.09,41.95,-423.2,6751
25,12,0,-267.79,4.068,419.1,42.31,-423.06,6752
25,12,0,-268.79,4.029,419.11,42.06,-422.15,6753
25,12,0,-268.36,4.004,419.12,41.15,-420.13,6754
25,12,0,-256.84,3.792,419.17,40.19,-397.22,6759
25,12,0,-257.45,3.75,419.18,41.21,-394.29,6760
25,12,0,-260.23,3.716,419.19,41.73,-392.93,6761
25,12,-0,-267.1,3.633,419.21,41.93,-390.64,6763
25,12,0,-259.8,3.428,419.26,37.98,-374.77,6768
25,12,0,-257.98,3.384,419.27,38.53,-369.02,6769
25,12,0,-256.57,3.331,419.28,38.69,-364.35,6770
25,12,0,-269.64,3.16,419.33,40.69,-354.53,6775
25,12,0,-269.35,3.114,419.34,39.97,-352.51,6776
25,12,-0,-259.03,2.851,419.41,36.97,-320.63,6783
25,12,0,-262.51,2.814,419.42,36.87,-318.18,6784
25,12,0,-266.19,2.769,419.43,37.36,-316.34,6785
25,12,0,-268.12,2.726,419.44,36.55,-314.66,6786
25,12,0,-269.2,2.686,419.45,36.25,-312.97,6787
25,12,0,-258.35,2.505,419.49,32.29,-293.65,6791
25,12,0,-256.26,2.466,419.5,33.03,-287.74,6792
25,12,0,-256.15,2.424,419.51,33.33,-281.99,6793
25,12,0,-266.8,2.184,419.57,33.77,-265.03,6799
25,12,0,-263.53,2.137,419.58,32.92,-260.51,6800
25,12,0,-260.09,2.106,419.59,31.88,-254.74,6801
25,12,0,-263.67,1.854,419.66,28.8,-224.21,6808
25,12,0,-266.11,1.816,419.67,27.32,-222.37,6809
25,12,0,-264.95,1.767,419.68,25.67,-219.41,6810
25,12,0,-252.1,1.565,419.73,22.21,-191.54,6815
25,12,0,-252.71,1.518,419.74,23.08,-186.74,6816
25,12,0,-255.05,1.481,419.75,23.59,-183.36,6817
25,12,0,-258,1.444,419.76,23.69,-180.27,6818
25,12,0,-254.99,1.184,419.82,20.12,-154.03,6824
25,12,0,-252.09,1.141,419.83,19.58,-147.5,6825
25,12,0,-250.75,1.096,419.84,19.97,-141.29,6826
25,12,0,-259.39,0.825,419.91,15.73,-113.29,6833
25,12,0,-255.92,0.786,419.92,14.2,-107.69,6834
25,12,0,-253.5,0.514,419.99,8.87,-72.15,6841
25,12,0,-255.96,0.48,420,8.48,-68.29,6842
25,12,0,-244.69,0.204,420.07,2.62,-28.63,6849
25,12,0,-245.43,0.165,420.08,2.26,-23.68,6850
25,12,0,-247.77,0.119,420.09,1.31,-19.21,6851
25,12,0,-243.75,-0.177,420.16,-4.69,20.86,6858
25,12,0,-241.71,-0.232,420.17,-4.98,27.07,6859
25,12,0,-250.26,-0.471,420.23,-7.29,58.14,6865
25,12,0,-249.59,-0.499,420.24,-8.37,64.06,6866
25,12,0,-246.75,-0.537,420.25,-9.26,70.44,6867
25,12,0,-239.16,-0.699,420.3,-15.7,99.83,6872
25,12,0,-240.76,-0.733,420.31,-16.94,104.3,6873
25,12,0,-242.5,-0.757,420.32,-18.91,108.62,6874
25,12,0,-244.75,-0.806,420.33,-20.42,113.09,6875
25,12,0,-236.29,-1.064,420.39,-26.78,146.86,6881
25,12,0,-234.78,-1.111,420.4,-26.55,152.13,6882
25,12,-0,-235.56,-1.16,420.41,-26.23,157.1,6883
25,12,0,-239.87,-1.44,420.47,-22.43,188.99,6889
25,12,0,-235.18,-1.718,420.55,-27.96,228.87,6897
25,12,0,-237.92,-1.762,420.56,-29.84,233.51,6898
25,12,0,-239.06,-1.802,420.57,-31.76,238.18,6899
25,12,0,-229.65,-2.029,420.63,-36.35,261.47,6905
25,12,0,-230.52,-2.07,420.64,-35.77,266.13,6906
25,12,0,-232.77,-2.113,420.65,-36.32,270.46,6907
25,12,0,-235.7,-2.153,420.66,-36.46,274.64,6908
25,12,0,-239.64,-2.324,420.7,-37.87,287.49,6912
25,12,0,-236.71,-2.351,420.71,-37.8,290.74,6913
25,12,0,-234.11,-2.411,420.72,-36.93,295.27,6914
25,12,0,-231.75,-2.451,420.73,-36.29,300.09,6915
25,12,0,-230.23,-2.487,420.74,-35.38,305.69,6916
25,12,0,-239.11,-2.684,420.79,-35.6,323.77,6921
25,12,0,-240.63,-2.726,420.8,-36.21,326.25,6922
25,12,-0,-229.12,-2.967,420.86,-38.91,349.76,6928
25,12,0,-230.24,-3.001,420.87,-38.79,353.95,6929
25,12,0,-232.56,-3.035,420.88,-39.03,356.87,6930
25,12,-0,-235.38,-3.074,420.89,-39.71,359.03,6931
25,12,0,-237.31,-3.233,420.93,-41.46,366.12,6935
25,12,0,-234.12,-3.296,420.94,-41.48,369.72,6936
25,12,0,-230.57,-3.326,420.95,-40.97,374.55,6937
25,12,0,-229.1,-3.365,420.96,-40.31,379.99,6938
25,12,0,-228.63,-3.4,420.97,-39.53,385.12,6939
25,12,0,-228.75,-3.445,420.98,-38.88,389.31,6940
25,12,0,-240.04,-3.605,421.02,-39.32,394.78,6944
25,12,0,-239.73,-3.637,421.03,-40.41,396.02,6945
25,12,-0,-238.65,-3.685,421.04,-40.84,398.38,6946
25,12,0,-234.8,-3.713,421.05,-41.6,402.12,6947
25,12,0,-231.8,-3.766,421.06,-41.55,406.5,6948
25,12,0,-228.9,-3.804,421.07,-41.09,412.11,6949
25,12,0,-227.78,-3.846,421.08,-40.07,417.08,6950
25,12,0,-228.4,-3.881,421.09,-39.55,420.64,6951
25,12,0,-230.88,-3.924,421.1,-39.76,422.65,6952
25,12,0,-233.9,-3.955,421.11,-39.41,423.23,6953
25,12,0,-239.77,-4.043,421.13,-40.45,423.63,6955
25,12,0,-240.77,-4.083,421.14,-41.27,424.56,6956
25,12,0,-230.01,-4.237,421.18,-41.5,440.02,6960
25,12,0,-229.15,-4.31,421.2,-39.92,447.78,6962
25,12,0,-233.64,-4.397,421.22,-39.45,449.28,6964
25,12,0,-241.9,-4.517,421.25,-40.51,450.13,6967
25,12,0,-234.15,-4.642,421.28,-41.65,459.05,6970
25,12,0,-231.24,-4.672,421.29,-41,463.43,6971
25,12,0,-229.2,-4.713,421.3,-40,467.31,6972
25,12,0,-234.03,-4.841,421.33,-38.81,472.39,6975
25,12,0,-237.24,-4.882,421.34,-38.87,472.35,6976
25,12,0,-241.52,-4.945,421.36,-39.8,473.24,6978
25,12,0,-238.63,-5.037,421.38,-40.34,476.84,6980
25,12,0,-234.52,-5.083,421.39,-40.21,480.14,6981
25,12,0,-230.16,-5.196,421.42,-38.88,490.58,6984
25,12,0,-231.68,-5.24,421.43,-38.1,492.43,6985
25,12,0,-233.68,-5.278,421.44,-37.36,492.56,6986
25,12,-0,-237.02,-5.328,421.45,-37.53,492.69,6987
25,12,0,-239.51,-5.353,421.46,-37.8,492.8,6988
25,12,0,-241.67,-5.404,421.47,-38.22,493.41,6989
25,12,0,-236.58,-5.527,421.5,-39,499.98,6992
25,12,0,-233.72,-5.565,421.51,-38.61,502.96,6993
25,12,0,-231.61,-5.598,421.52,-37.85,506.55,6994
25,12,0,-230.49,-5.637,421.53,-36.99,509.34,6995
25,12,0,-231.43,-5.683,421.54,-36.62,510.73,6996
25,12,0,-233.03,-5.71,421.55,-36.2,511.15,6997
25,12,0,-236.65,-5.762,421.56,-36.06,510.98,6998
25,12,0,-239.05,-5.804,421.57,-35.98,510.95,6999
25,12,0,-241.35,-5.836,421.58,-36.53,510.93,7000
25,12,0,-242.36,-5.88,421.59,-36.39,512.01,7001
25,12,0,-240.67,-5.923,421.6,-37.1,514.05,7002
25,12,0,-238.04,-5.952,421.61,-36.92,515.95,7003
25,12,0,-234.94,-6.006,421.62,-36.69,518.46,7004
25,12,0,-232.11,-6.041,421.63,-36.16,521.26,7005
25,12,0,-232.81,-6.16,421.66,-34.01,526.04,7008
25,12,0,-235.96,-6.207,421.67,-33.92,525.71,7009
25,12,0,-238.26,-6.231,421.68,-33.99,525.68,7010
25,12,0,-240.68,-6.277,421.69,-34.28,526.12,7011
25,12,-0,-241.67,-6.32,421.7,-34.79,527.06,7012
25,12,0,-241.28,-6.364,421.71,-35.23,528.46,7013
25,12,0,-239.13,-6.397,421.72,-35.37,530.05,7014
25,12,0,-233.32,-6.476,421.74,-34.32,535.07,7016
25,12,0,-232.03,-6.519,421.75,-33.57,537.56,7017
25,12,0,-231.4,-6.563,421.76,-32.78,538.94,7018
25,12,0,-232.8,-6.603,421.77,-31.76,539.55,7019
25,12,0,-234.9,-6.639,421.78,-31.69,539.52,7020
25,12,0,-239.69,-6.719,421.8,-32.01,539.94,7022
25,12,0,-241.68,-6.758,421.81,-32,540.71,7023
25,12,0,-241.66,-6.807,421.82,-32.13,542.11,7024
25,12,0,-239.66,-6.837,421.83,-32.42,543.38,7025
25,12,0,-236.83,-6.885,421.84,-32.42,545.28,7026
25,12,0,-232.56,-6.961,421.86,-31.71,549.02,7028
25,12,0,-231.93,-7.001,421.87,-30.14,550.57,7029
25,12,0,-232.55,-7.04,421.88,-29.84,551.48,7030
25,12,-0,-239.44,-7.163,421.91,-29.72,552.21,7033
25,12,0,-241.33,-7.201,421.92,-29.45,552.49,7034
25,12,-0,-240.58,-7.284,421.94,-29.9,553.62,7036
25,12,0,-237.87,-7.318,421.95,-30.15,554.87,7037
25,12,0,-235.9,-7.361,421.96,-29.7,556.13,7038
25,12,0,-233.87,-7.437,421.98,-27.91,559.25,7040
25,12,0,-233.79,-7.468,421.99,-27.39,561.09,7041
25,12,0,-234.47,-7.531,422,-26.46,561.55,7042
25,12,0,-236.7,-7.566,422.01,-26.8,561.68,7043
25,12,0,-239.04,-7.6,422.02,-26.68,561.81,7044
25,12,-0,-241.17,-7.649,422.03,-26.94,562.12,7045
25,12,0,-241.65,-7.689,422.04,-27.17,562.42,7046
25,12,0,-241.59,-7.725,422.05,-27.32,562.44,7047
25,12,0,-239.55,-7.763,422.06,-27.43,562.62,7048
25,12,0,-237.25,-7.806,422.07,-26.98,563.24,7049
25,12,0,-235.83,-7.838,422.08,-26.75,564.35,7050
25,12,0,-234.87,-7.878,422.09,-25.91,566.21,7051
25,12,0,-235.78,-7.959,422.11,-24.26,569.3,7053
25,12,0,-237.16,-7.994,422.12,-24.36,569.74,7054
25,12,0,-239.4,-8.045,422.13,-24.55,570.03,7055
25,12,0,-241.37,-8.083,422.14,-24.84,570.18,7056
25,12,0,-242.51,-8.125,422.15,-24.95,569.85,7057
25,12,0,-242.97,-8.168,422.16,-25.24,569.41,7058
25,12,0,-241.67,-8.2,422.17,-25.67,568.94,7059
25,12,0,-239.43,-8.246,422.18,-25.6,569.43,7060
25,12,0,-237.88,-8.287,422.19,-25.07,570.36,7061
25,12,0,-235.35,-8.362,422.21,-23.77,574.87,7063
25,12,0,-236.33,-8.442,422.23,-22.29,577.2,7065
25,12,0,-238.83,-8.493,422.24,-22.16,577.34,7066
25,12,0,-240.5,-8.528,422.25,-22.09,577.01,7067
25,12,0,-241.79,-8.559,422.26,-22.46,576.06,7068
25,12,-0,-242.57,-8.604,422.27,-22.73,574.98,7069
25,12,0,-242.48,-8.651,422.28,-23.06,573.59,7070
25,12,0,-241.4,-8.68,422.29,-23.08,573.61,7071
25,12,0,-239.41,-8.727,422.3,-22.84,575.33,7072
25,12,0,-238.45,-8.766,422.31,-22.29,576.89,7073
25,12,0,-236.87,-8.836,422.33,-21.32,581.38,7075
25,12,0,-237.55,-8.871,422.34,-21,582.61,7076
25,12,0,-238.58,-8.926,422.35,-20.98,582.91,7077
25,12,0,-240.92,-8.96,422.36,-20.72,582.57,7078
25,12,0,-243.96,-9.038,422.38,-21.11,580.39,7080
25,12,0,-244.32,-9.086,422.39,-21.69,578.69,7081
25,12,0,-242.72,-9.116,422.4,-21.84,578.4,7082
25,12,0,-239.39,-9.209,422.42,-21.12,581.07,7084
25,12,0,-240.89,-9.407,422.47,-18.58,586.61,7089
25,12,0,-242.89,-9.44,422.48,-18.62,585.2,7090
25,12,0,-243.94,-9.487,422.49,-18.92,583.8,7091
25,12,0,-244.53,-9.524,422.5,-19.26,581.94,7092
25,12,0,-243.54,-9.566,422.51,-19.33,581.33,7093
25,12,0,-239.26,-9.766,422.56,-16.85,588.19,7098
25,12,0,-239.38,-9.798,422.57,-17.08,588.96,7099
25,12,0,-243.52,-9.924,422.6,-17.49,586.74,7102
25,12,0,-245.2,-9.968,422.61,-17.48,585.35,7103
25,12,0,-245.05,-9.99,422.62,-17.77,583.8,7104
25,12,0,-243.28,-10.048,422.63,-18.55,583.35,7105
25,12,0,-242.47,-10.083,422.64,-17.84,584.31,7106
25,12,0,-241.08,-10.117,422.65,-17.69,585.09,7107
25,12,0,-239.7,-10.166,422.66,-16.48,587.1,7108
25,12,0,-244.58,-10.365,422.71,-15.43,589.84,7113
25,12,0,-245.4,-10.401,422.72,-15.67,588.45,7114
25,12,0,-244.96,-10.481,422.74,-15.89,584.59,7116
25,12,0,-243.69,-10.518,422.75,-15.65,584.13,7117
25,12,0,-242.2,-10.562,422.76,-15.9,585.07,7118
25,12,0,-241.86,-10.604,422.77,-14.82,586.46,7119
25,12,0,-241.54,-10.635,422.78,-14.15,588.33,7120
25,12,0,-241.3,-10.671,422.79,-13.51,589.71,7121
25,12,0,-242.66,-10.707,422.8,-13.69,590.32,7122
25,12,0,-243.89,-10.751,422.81,-13.76,590,7123
25,12,0,-245.44,-10.8,422.82,-14.09,589.21,7124
25,12,-0,-246.66,-10.833,422.83,-14.69,587.66,7125
25,12,0,-244.38,-10.995,422.87,-14.81,584.28,7129
25,12,0,-243.17,-11.039,422.88,-14.28,585.52,7130
25,12,0,-242.56,-11.075,422.89,-13.07,587.07,7131
25,12,0,-242.6,-11.119,422.9,-12.69,588.32,7132
25,12,0,-244.29,-11.194,422.92,-11.88,588.76,7134
25,12,0,-247.18,-11.28,422.94,-12.81,587.18,7136
25,12,0,-248.55,-11.321,422.95,-12.76,585.31,7137
25,12,0,-248.21,-11.359,422.96,-13.05,583.29,7138
25,12,0,-246.82,-11.397,422.97,-13.13,582.23,7139
25,12,0,-245.79,-11.443,422.98,-13.22,582.41,7140
25,12,0,-245.13,-11.48,422.99,-12.52,583.66,7141
25,12,0,-244.48,-11.582,423.02,-8.17,588.15,7144
25,12,0,-245.38,-11.612,423.03,-5.98,588.75,7145
25,12,0,-247.3,-11.651,423.04,-3.05,588.28,7146
25,12,0,-249.54,-11.672,423.06,0.61,585.13,7148
25,12,0,-246.9,-11.691,423.08,-1.01,582.97,7150
25,12,0,-245.69,-11.705,423.09,-0.49,583.93,7151
25,12,-0,-244.27,-11.728,423.11,5.37,587.99,7153
25,12,0,-245.01,-12.269,423.13,7.95,589.06,7154
25,12,0,-246.24,-12.266,423.14,5.66,588.11,7155
25,12,0,-247.58,-12.261,423.15,1.71,586.86,7156
25,12,0,-250.26,-12.22,423.18,-9.01,584.67,7159
25,12,0,-249.17,-12.205,423.19,-12.24,584.54,7160
25,12,0,-247.92,-12.196,423.2,-14.66,584.57,7161
25,12,0,-246.94,-12.205,423.21,-17.38,585.22,7162
25,12,0,-246.34,-12.192,423.22,-18.71,585.54,7163
25,12,0,-245.32,-12.195,423.23,-20.32,585.52,7164
25,12,0,-245.96,-12.188,423.24,-20.55,585.51,7165
25,12,0,-246.44,-12.195,423.25,-19.93,585.18,7166
25,12,0,-248.2,-12.195,423.26,-18.46,585.48,7167
25,12,0,-248.73,-12.2,423.27,-16.56,585.77,7168
25,12,0,-249.25,-12.199,423.28,-14.59,585.92,7169
25,12,0,-249.11,-12.19,423.29,-12.96,585.78,7170
25,12,0,-249.17,-12.189,423.3,-9.36,584.86,7171
25,12,0,-246.24,-12.109,423.34,13.19,582.83,7175
25,12,0,-246.38,-12.076,423.35,18.02,583.3,7176
25,12,0,-246.13,-12.027,423.36,20.51,583.42,7177
25,12,0,-246.43,-11.988,423.37,19.57,584.66,7178
25,12,0,-247.87,-11.93,423.38,15.21,584.97,7179
25,12,-0,-248.99,-11.708,423.42,-11.1,583.33,7183
25,12,0,-247.48,-11.658,423.43,-13.69,582.56,7184
25,12,-0,-246.42,-11.613,423.44,-17.08,581.81,7185
25,12,0,-245.56,-11.519,423.46,-23.8,581.48,7187
25,12,0,-247.84,-11.41,423.49,-21.53,583,7190
25,12,0,-247.71,-11.377,423.5,-21.39,584.08,7191
25,12,0,-248.78,-11.347,423.51,-22.21,584.39,7192
25,12,0,-248.85,-11.304,423.52,-22.51,584.26,7193
25,12,0,-248.59,-11.284,423.53,-22.17,583.02,7194
25,12,0,-245.91,-11.116,423.58,-13.23,581.16,7199
25,12,0,-245.85,-11.081,423.59,-11.01,582.07,7200
25,12,0,-247.17,-11.068,423.6,-8.79,582.84,7201
25,12,0,-247.92,-11.028,423.61,-6.88,583.93,7202
25,12,0,-248.13,-10.996,423.62,-5.71,584.08,7203
25,12,0,-248.25,-10.897,423.64,-4.8,582.22,7205
25,12,0,-247.76,-10.853,423.65,-6.19,580.68,7206
25,12,0,-247.11,-10.803,423.66,-7.93,579.28,7207
25,12,0,-245.98,-10.769,423.67,-9.9,579.31,7208
25,12,0,-245.77,-10.718,423.68,-10.92,579.3,7209
25,12,0,-245.21,-10.668,423.69,-12.01,580.39,7210
25,12,0,-245.47,-10.612,423.7,-13.09,581.78,7211
25,12,0,-248.16,-10.381,423.75,-21.84,581.77,7216
25,12,0,-247.28,-10.312,423.77,-25.1,578.54,7218
25,12,0,-246.47,-10.164,423.81,-21.14,579.77,7222
25,12,0,-246.45,-10.13,423.82,-19.88,580.39,7223
25,12,0,-247.55,-10.111,423.83,-19.41,581.31,7224
25,12,0,-248.17,-10.073,423.84,-18.8,581.46,7225
25,12,0,-248.52,-10.033,423.85,-17.26,581.28,7226
25,12,0,-245.84,-9.898,423.89,-12.1,577.9,7230
25,12,0,-245.62,-9.862,423.9,-11.02,577.92,7231
25,12,0,-245.53,-9.811,423.91,-10.03,578.37,7232
25,12,0,-245.23,-9.769,423.92,-10.32,578.68,7233
25,12,0,-245.48,-9.723,423.93,-11.69,579.14,7234
25,12,0,-246.25,-9.679,423.94,-13.3,579.59,7235
25,12,0,-249.21,-9.544,423.97,-19.67,579.28,7238
25,12,0,-248.06,-9.443,423.99,-23.29,576.67,7240
25,12,0,-247.1,-9.415,424,-24.51,575.91,7241
25,12,0,-246.55,-9.37,424.01,-25.12,575.61,7242
25,12,0,-247.7,-9.205,424.05,-25.82,576.67,7246
25,12,0,-248.25,-9.165,424.06,-25.58,577.11,7247
25,12,-0,-249.88,-9.132,424.07,-25.99,576.65,7248
25,12,0,-249.78,-9.11,424.08,-25.81,576.18,7249
25,12,0,-249.91,-9.072,424.09,-25.25,575.24,7250
25,12,0,-248.98,-9.03,424.1,-24.65,574.49,7251
25,12,0,-247.23,-8.964,424.12,-21.64,573.42,7253
25,12,0,-246.87,-8.933,424.13,-19.77,573.58,7254
25,12,0,-246.94,-8.901,424.14,-17.91,573.72,7255
25,12,0,-247.16,-8.85,424.15,-16.31,573.87,7256
25,12,0,-247.86,-8.808,424.16,-15.78,574.16,7257
25,12,0,-250.33,-8.582,424.21,-21.69,571.21,7262
25,12,0,-249.49,-8.539,424.22,-23.09,570.45,7263
25,12,0,-247.66,-8.462,424.24,-25.46,569.54,7265
25,12,0,-248.17,-8.372,424.26,-27.45,569.85,7267
25,12,-0,-250.3,-8.287,424.28,-28.5,568.74,7269
25,12,0,-252.05,-8.247,424.29,-29.48,568.25,7270
25,12,-0,-253.19,-8.201,424.3,-30.59,567.32,7271
25,12,-0,-253.3,-8.173,424.31,-31.35,566.54,7272
25,12,-0,-252.61,-8.135,424.32,-32.1,566.1,7273
25,12,0,-249.47,-7.988,424.36,-29.71,565.2,7277
25,12,0,-250.68,-7.922,424.38,-26.4,564.39,7279
25,12,0,-251.45,-7.881,424.39,-25.41,563.91,7280
25,12,0,-252.69,-7.85,424.4,-24.26,563.27,7281
25,12,0,-253.82,-7.81,424.41,-23.8,562.8,7282
25,12,0,-254.21,-7.769,424.42,-24.02,562.8,7283
25,12,0,-254.22,-7.734,424.43,-23.81,562.34,7284
25,12,0,-251.94,-7.646,424.45,-24.77,561.76,7286
25,12,0,-250.86,-7.607,424.46,-24.99,560.37,7287
25,12,0,-251.23,-7.553,424.47,-25.67,559.59,7288
25,12,0,-251.06,-7.514,424.48,-26.17,558.33,7289
25,12,0,-257.22,-7.291,424.53,-34.49,554.88,7294
25,12,0,-256.97,-7.255,424.54,-35.45,553.96,7295
25,12,0,-255.68,-7.213,424.55,-36.13,553.21,7296
25,12,0,-254.29,-7.179,424.56,-36.5,552.14,7297
25,12,0,-255.39,-6.99,424.61,-33.66,545.74,7302
25,12,0,-256.6,-6.96,424.62,-33.06,544.47,7303
25,12,0,-258.93,-6.927,424.63,-32.85,543.85,7304
25,12,0,-255.37,-6.719,424.68,-31.35,538.92,7309
25,12,0,-254.12,-6.689,424.69,-31.07,537.53,7310
25,12,0,-254.56,-6.645,424.7,-30.9,536.13,7311
25,12,0,-255.72,-6.556,424.72,-31.38,533.31,7313
25,12,0,-257.92,-6.517,424.73,-32.72,531.92,7314
25,12,0,-260.85,-6.387,424.76,-36.09,528.32,7317
25,12,0,-260.34,-6.346,424.77,-36.99,526.64,7318
25,12,0,-258.53,-6.31,424.78,-37.24,524.94,7319
25,12,0,-257.05,-6.264,424.79,-37.85,523.1,7320
25,12,0,-256.49,-6.227,424.8,-38.16,521.55,7321
25,12,0,-257.41,-6.115,424.83,-37.09,517.96,7324
25,12,0,-259.83,-6.068,424.84,-37.02,516.71,7325
25,12,0,-260.85,-6.026,424.85,-37.19,514.99,7326
25,12,0,-262.93,-5.992,424.86,-37.9,513.43,7327
25,12,0,-263.61,-5.96,424.87,-38.44,511.41,7328
25,12,0,-262.63,-5.913,424.88,-38.8,509.55,7329
25,12,0,-261.15,-5.867,424.89,-38.38,507.56,7330
25,12,0,-256.7,-5.756,424.92,-38.03,503.39,7333
25,12,0,-257.48,-5.714,424.93,-37.05,502.62,7334
25,12,0,-258.01,-5.684,424.94,-36.47,501.37,7335
25,12,0,-263.09,-5.435,425,-39.72,489.08,7341
25,12,0,-260.47,-5.393,425.01,-39.63,487.24,7342
25,12,0,-258.35,-5.363,425.02,-39.54,486.01,7343
25,12,-0,-257.45,-5.316,425.03,-39.94,484.94,7344
25,12,0,-263.56,-5.108,425.08,-40.35,476.81,7349
25,12,0,-265.09,-5.077,425.09,-41.45,474.01,7350
25,12,0,-263.38,-4.997,425.11,-41.96,469.38,7352
25,12,-0,-256.08,-4.834,425.15,-41.29,464.01,7356
25,12,0,-256.39,-4.805,425.16,-40.84,462.6,7357
25,12,0,-258.21,-4.762,425.17,-41.03,460.57,7358
25,12,0,-260.61,-4.72,425.18,-41.45,458.23,7359
25,12,-0,-265.46,-4.637,425.2,-43.07,452.77,7361
25,12,0,-256.77,-4.427,425.25,-43.29,442.13,7366
25,12,0,-256.25,-4.385,425.26,-42.72,440.59,7367
25,12,0,-255.99,-4.358,425.27,-42.21,438.72,7368
25,12,0,-257.42,-4.311,425.28,-42.32,436.85,7369
25,12,0,-266.37,-4.156,425.32,-44.12,424.21,7373
25,12,0,-264.65,-4.106,425.33,-44.82,421.75,7374
25,12,0,-262.59,-4.068,425.34,-44.51,419.29,7375
25,12,0,-259.94,-4.046,425.35,-44.36,417.14,7376
25,12,0,-259.68,-3.837,425.4,-42.44,407.05,7381
25,12,0,-262.7,-3.79,425.41,-42.62,403.46,7382
25,12,0,-266.1,-3.725,425.43,-44.15,395.22,7384
25,12,0,-256.43,-3.478,425.49,-42.23,381.49,7390
25,12,0,-257.02,-3.44,425.5,-41.61,378.85,7391
25,12,0,-259.09,-3.397,425.51,-41.29,375.26,7392
25,12,0,-265.05,-3.201,425.56,-42.72,354.75,7397
25,12,0,-261.51,-3.158,425.57,-42.32,352.45,7398
25,12,-0,-256.49,-3.038,425.6,-40.61,346.14,7401
25,12,-0,-268.31,-2.846,425.65,-40.53,324.32,7406
25,12,0,-268.35,-2.796,425.66,-40.75,319.66,7407
25,12,0,-267.15,-2.765,425.67,-40.45,315.49,7408
25,12,0,-264.46,-2.717,425.68,-40.05,312.56,7409
25,12,0,-259.24,-2.517,425.73,-36.84,299.58,7414
25,12,0,-266,-2.452,425.75,-36.59,288.98,7416
