RoadSpeed,TirePressure,InclinationAngle,NormalForce,SlipAngle,ElapsedTime,AligningTorque,LateralForce,Index,SourceFile
25,12,4,-273.39,-4.389,763.263,-16.45,450.21,19823,R20MZ_IA-4_FZ_250_filtered
25,12,4,-272.95,-4.422,763.253,-16.37,452.04,19822,R20MZ_IA-4_FZ_250_filtered
25,12,4,-271.08,-1.73,763.923,5.58,270.52,19889,R20MZ_IA-4_FZ_250_filtered
25,12,4,-271.02,-4.792,763.163,-15.83,468.73,19813,R20MZ_IA-4_FZ_250_filtered
25,12,4,-270.99,-3.419,763.503,-13.26,399.86,19847,R20MZ_IA-4_FZ_250_filtered
25,12,2,-270.19,3.46,588.248,53.3,-355.33,12995,R20MZ_IA-2_FZ_250_filtered
25,12,0,-270.03,2.97,284.18,38.33,-334.06,1797,R20MZ_FZ_250_filtered
25,12,0,-269.64,3.16,419.33,40.69,-354.53,6775,R20MZ_FZ_250_filtered
25,12,0,-269.35,3.114,419.34,39.97,-352.51,6776,R20MZ_FZ_250_filtered
25,12,0,-269.2,2.686,419.45,36.25,-312.97,6787,R20MZ_FZ_250_filtered
25,12,0,-269.1,5.387,418.77,37.61,-494.87,6719,R20MZ_FZ_250_filtered
25,12,0,-268.97,3.01,284.17,38.93,-335.77,1796,R20MZ_FZ_250_filtered
25,12,0,-268.9,-2.671,290.49,-39.27,305.08,2427,R20MZ_FZ_250_filtered
25,12,0,-268.79,4.029,419.11,42.06,-422.15,6753,R20MZ_FZ_250_filtered
25,12,0,-268.69,5.181,283.62,37.3,-479.99,1741,R20MZ_FZ_250_filtered
25,12,0,-268.64,3.869,283.95,41.79,-405.39,1774,R20MZ_FZ_250_filtered
25,12,0,-268.62,5.229,283.61,37.66,-480.6,1740,R20MZ_FZ_250_filtered
25,12,0,-268.58,4.78,283.72,40.35,-459.04,1751,R20MZ_FZ_250_filtered
25,12,0,-268.58,2.545,284.28,35.08,-294.96,1807,R20MZ_FZ_250_filtered
25,12,0,-268.57,5.344,418.78,36.42,-493.48,6720,R20MZ_FZ_250_filtered
25,12,0,-268.36,4.004,419.12,41.15,-420.13,6754,R20MZ_FZ_250_filtered
25,12,0,-268.35,-2.796,425.66,-40.75,319.66,7407,R20MZ_FZ_250_filtered
25,12,-0,-268.31,-2.846,425.65,-40.53,324.32,7406,R20MZ_FZ_250_filtered
25,12,0,-268.18,-2.724,290.48,-39.02,310.83,2426,R20MZ_FZ_250_filtered
25,12,0,-268.16,4.906,418.89,39.54,-473,6731,R20MZ_FZ_250_filtered
25,12,0,-268.12,2.726,419.44,36.55,-314.66,6786,R20MZ_FZ_250_filtered
25,12,0,-267.95,3.839,283.96,41.36,-403.69,1775,R20MZ_FZ_250_filtered
25,12,0,-267.9,-1.37,257.02,-25.69,170.47,1212,R20MZ_FZ_250_filtered
25,12,0,-267.87,-2.634,290.5,-39.29,300.89,2428,R20MZ_FZ_250_filtered
25,12,0,-267.87,4.949,418.88,40.14,-473.78,6730,R20MZ_FZ_250_filtered
25,12,0,-267.79,4.068,419.1,42.31,-423.06,6752,R20MZ_FZ_250_filtered
25,12,2,-267.69,-5.887,593.887,-26.49,514.57,13558,R20MZ_IA-2_FZ_250_filtered
25,12,0,-267.65,4.278,283.85,39.2,-432.52,1764,R20MZ_FZ_250_filtered
25,12,2,-267.59,3.418,588.258,53.13,-351.37,12996,R20MZ_IA-2_FZ_250_filtered
25,12,2,-267.44,-5.416,594.007,-29.56,495.47,13570,R20MZ_IA-2_FZ_250_filtered
25,12,0,-267.35,5.199,249.81,36.87,-482.45,492,R20MZ_FZ_250_filtered
25,12,0,-267.25,6.104,283.39,33.67,-517.8,1718,R20MZ_FZ_250_filtered
25,12,0,-267.15,-2.765,425.67,-40.45,315.49,7408,R20MZ_FZ_250_filtered
25,12,-0,-267.1,3.633,419.21,41.93,-390.64,6763,R20MZ_FZ_250_filtered
25,12,0,-267.04,5.146,283.63,36.78,-477.33,1742,R20MZ_FZ_250_filtered
25,12,0,-266.97,4.3,250.04,39.49,-436.39,515,R20MZ_FZ_250_filtered
25,12,0,-266.91,-3.083,290.39,-41.73,340.61,2417,R20MZ_FZ_250_filtered
25,12,0,-266.8,2.184,419.57,33.77,-265.03,6799,R20MZ_FZ_250_filtered
25,12,0,-266.79,-3.991,290.16,-44.36,410.11,2394,R20MZ_FZ_250_filtered
25,12,0,-266.76,-4.03,290.15,-43.94,413.05,2393,R20MZ_FZ_250_filtered
25,12,0,-266.71,3.031,250.36,39.5,-340.24,547,R20MZ_FZ_250_filtered
25,12,0,-266.65,5.307,418.79,35.95,-490.67,6721,R20MZ_FZ_250_filtered
25,12,4,-266.64,-4.663,763.193,-15.15,465.19,19816,R20MZ_IA-4_FZ_250_filtered
25,12,0,-266.61,-3.59,290.26,-42.9,382.97,2404,R20MZ_FZ_250_filtered
25,12,0,-266.55,6.06,283.4,32.85,-515.94,1719,R20MZ_FZ_250_filtered
25,12,0,-266.54,5.707,283.49,35.23,-499.18,1728,R20MZ_FZ_250_filtered
25,12,0,-266.53,6.148,283.38,34.11,-518.1,1717,R20MZ_FZ_250_filtered
25,12,0,-266.47,-4.918,289.93,-41.98,462.54,2371,R20MZ_FZ_250_filtered
25,12,0,-266.45,3.462,284.05,41.26,-372.96,1784,R20MZ_FZ_250_filtered
25,12,0,-266.4,-3.555,290.27,-43.53,378.61,2405,R20MZ_FZ_250_filtered
25,12,0,-266.37,-4.156,425.32,-44.12,424.21,7373,R20MZ_FZ_250_filtered
25,12,0,-266.36,3.043,284.16,39.19,-337.14,1795,R20MZ_FZ_250_filtered
25,12,0,-266.32,-3.611,256.46,-43.68,386.07,1156,R20MZ_FZ_250_filtered
25,12,0,-266.2,-2.602,290.51,-39.09,297.52,2429,R20MZ_FZ_250_filtered
25,12,0,-266.19,2.769,419.43,37.36,-316.34,6785,R20MZ_FZ_250_filtered
25,12,0,-266.14,5.245,249.8,36.85,-482.43,491,R20MZ_FZ_250_filtered
25,12,0,-266.11,1.816,419.67,27.32,-222.37,6809,R20MZ_FZ_250_filtered
25,12,0,-266.1,-3.725,425.43,-44.15,395.22,7384,R20MZ_FZ_250_filtered
25,12,0,-266.01,6.31,418.54,34.1,-532.84,6696,R20MZ_FZ_250_filtered
25,12,0,-266,-2.452,425.75,-36.59,288.98,7416,R20MZ_FZ_250_filtered
25,12,0,-265.97,-1.696,290.73,-30.7,206.62,2451,R20MZ_FZ_250_filtered
25,12,0,-265.91,4.997,418.87,40.16,-473.6,6729,R20MZ_FZ_250_filtered
25,12,0,-265.79,5.164,249.82,36.68,-480.89,493,R20MZ_FZ_250_filtered
25,12,0,-265.69,2.596,284.27,34.99,-296.49,1806,R20MZ_FZ_250_filtered
25,12,0,-265.67,-4.432,290.05,-44.44,436.94,2383,R20MZ_FZ_250_filtered
25,12,0,-265.64,-1.392,257.01,-25.65,177.15,1211,R20MZ_FZ_250_filtered
25,12,0,-265.62,6.075,249.59,32.96,-519.2,470,R20MZ_FZ_250_filtered
25,12,-0,-265.6,2.089,250.59,33.53,-254.15,570,R20MZ_FZ_250_filtered
25,12,4,-265.57,2.818,757.413,63.14,-248.07,19239,R20MZ_IA-4_FZ_250_filtered
25,12,0,-265.56,6.119,249.58,33.43,-520.12,469,R20MZ_FZ_250_filtered
25,12,0,-265.56,2.057,250.6,32.53,-251.37,571,R20MZ_FZ_250_filtered
25,12,0,-265.51,-4.069,290.14,-43.08,416.63,2392,R20MZ_FZ_250_filtered
25,12,-0,-265.46,-4.637,425.2,-43.07,452.77,7361,R20MZ_FZ_250_filtered
25,12,0,-265.41,-0.959,257.13,-16.63,119.45,1223,R20MZ_FZ_250_filtered
25,12,4,-265.41,6.456,756.493,54.77,-498.85,19147,R20MZ_IA-4_FZ_250_filtered
25,12,2,-265.31,3.146,588.328,53.85,-321.33,13003,R20MZ_IA-2_FZ_250_filtered
25,12,0,-265.23,-0.912,257.14,-15.94,112.78,1224,R20MZ_FZ_250_filtered
25,12,0,-265.2,-3.574,256.47,-44.33,382.66,1157,R20MZ_FZ_250_filtered
25,12,0,-265.18,-3.509,290.28,-43.86,375.69,2406,R20MZ_FZ_250_filtered
25,12,0,-265.17,5.618,249.71,33.44,-499.18,482,R20MZ_FZ_250_filtered
25,12,0,-265.17,3.784,283.97,40.34,-400.41,1776,R20MZ_FZ_250_filtered
25,12,-0,-265.11,2.9,284.2,35.67,-326.73,1799,R20MZ_FZ_250_filtered
25,12,0,-265.09,-5.077,425.09,-41.45,474.01,7350,R20MZ_FZ_250_filtered
25,12,0,-265.08,-4.958,289.92,-41.17,465.33,2370,R20MZ_FZ_250_filtered
25,12,4,-265.08,-6.336,762.773,-11.44,529.59,19774,R20MZ_IA-4_FZ_250_filtered
25,12,0,-265.05,-3.201,425.56,-42.72,354.75,7397,R20MZ_FZ_250_filtered
25,12,0,-265.04,-4.51,290.03,-42.79,442.69,2381,R20MZ_FZ_250_filtered
25,12,0,-264.95,1.767,419.68,25.67,-219.41,6810,R20MZ_FZ_250_filtered
25,12,0,-264.94,-3.644,256.45,-43.45,389.96,1155,R20MZ_FZ_250_filtered
25,12,0,-264.93,-4.865,289.94,-42.59,460.07,2372,R20MZ_FZ_250_filtered
25,12,0,-264.92,-4.497,256.24,-43.68,441.75,1134,R20MZ_FZ_250_filtered
25,12,4,-264.85,-1.568,763.963,6.66,255.37,19893,R20MZ_IA-4_FZ_250_filtered
25,12,0,-264.84,-4.529,256.23,-43.21,444.85,1133,R20MZ_FZ_250_filtered
25,12,0,-264.83,5.597,283.52,33.25,-495.78,1731,R20MZ_FZ_250_filtered
25,12,0,-264.77,-5.343,289.82,-39.57,482.23,2360,R20MZ_FZ_250_filtered
25,12,0,-264.77,-2.748,290.47,-38.97,316.28,2425,R20MZ_FZ_250_filtered
25,12,0,-264.77,4.409,419.02,38.4,-444.45,6744,R20MZ_FZ_250_filtered
25,12,-0,-264.75,6.71,418.44,30.82,-547.25,6686,R20MZ_FZ_250_filtered
25,12,0,-264.72,4.237,283.86,38.68,-429.1,1765,R20MZ_FZ_250_filtered
25,12,0,-264.67,6.573,249.47,30.68,-536.09,458,R20MZ_FZ_250_filtered
25,12,0,-264.65,-4.106,425.33,-44.82,421.75,7374,R20MZ_FZ_250_filtered
25,12,0,-264.6,6.993,283.17,29.24,-548.96,1696,R20MZ_FZ_250_filtered
25,12,0,-264.46,4.261,250.05,39.04,-433.9,516,R20MZ_FZ_250_filtered
25,12,0,-264.46,-2.717,425.68,-40.05,312.56,7409,R20MZ_FZ_250_filtered
25,12,0,-264.4,-1.29,257.04,-25.07,159.77,1214,R20MZ_FZ_250_filtered
25,12,0,-264.38,-3.033,290.4,-41.76,338,2418,R20MZ_FZ_250_filtered
25,12,0,-264.34,7.028,283.16,29.76,-549.73,1695,R20MZ_FZ_250_filtered
25,12,0,-264.32,4.118,419.09,41.95,-423.2,6751,R20MZ_FZ_250_filtered
25,12,0,-264.31,-5.83,289.7,-38,502.26,2348,R20MZ_FZ_250_filtered
25,12,0,-264.31,-3.63,290.25,-42.61,387.02,2403,R20MZ_FZ_250_filtered
25,12,4,-264.27,-2.348,763.773,-0.95,327.45,19874,R20MZ_IA-4_FZ_250_filtered
25,12,0,-264.26,5.911,418.64,35.53,-513.9,6706,R20MZ_FZ_250_filtered
25,12,0,-264.19,-3.207,256.56,-41.71,357.23,1166,R20MZ_FZ_250_filtered
25,12,-0,-264.18,-1.391,290.81,-25.48,175.46,2459,R20MZ_FZ_250_filtered
25,12,0,-264.12,-5.39,289.81,-38.95,484.41,2359,R20MZ_FZ_250_filtered
25,12,0,-264.1,-4.459,256.25,-44.19,439.12,1135,R20MZ_FZ_250_filtered
25,12,0,-264.1,5.102,283.64,35.59,-473.75,1743,R20MZ_FZ_250_filtered
25,12,0,-264.08,-0.861,290.95,-15.03,105.17,2473,R20MZ_FZ_250_filtered
25,12,0,-264.07,6.532,249.48,30.18,-534.37,459,R20MZ_FZ_250_filtered
25,12,0,-263.98,-5.32,289.83,-40.6,480.08,2361,R20MZ_FZ_250_filtered
25,12,0,-263.96,-5.782,289.71,-38.51,499.92,2349,R20MZ_FZ_250_filtered
25,12,0,-263.87,-3.951,290.17,-44.56,407.18,2395,R20MZ_FZ_250_filtered
25,12,0,-263.81,7.461,283.05,28.75,-562.29,1684,R20MZ_FZ_250_filtered
25,12,0,-263.8,-2.323,290.58,-34.87,275.04,2436,R20MZ_FZ_250_filtered
25,12,0,-263.77,3.305,284.09,38.22,-362.87,1788,R20MZ_FZ_250_filtered
25,12,0,-263.7,5.74,283.48,35.13,-498.38,1727,R20MZ_FZ_250_filtered
25,12,0,-263.67,3.064,250.35,39.9,-341.3,546,R20MZ_FZ_250_filtered
25,12,0,-263.67,1.854,419.66,28.8,-224.21,6808,R20MZ_FZ_250_filtered
25,12,0,-263.64,5.283,249.79,36.91,-481.79,490,R20MZ_FZ_250_filtered
25,12,0,-263.61,-5.96,424.87,-38.44,511.41,7328,R20MZ_FZ_250_filtered
25,12,0,-263.59,3.926,250.13,41.68,-409.38,524,R20MZ_FZ_250_filtered
25,12,0,-263.57,-0.873,257.15,-15.59,107.52,1225,R20MZ_FZ_250_filtered
25,12,0,-263.56,-5.108,425.08,-40.35,476.81,7349,R20MZ_FZ_250_filtered
25,12,0,-263.55,7.158,418.33,28.83,-559.18,6675,R20MZ_FZ_250_filtered
25,12,0,-263.53,2.137,419.58,32.92,-260.51,6800,R20MZ_FZ_250_filtered
25,12,0,-263.52,-4.396,290.06,-44.92,434.65,2384,R20MZ_FZ_250_filtered
25,12,0,-263.51,5.121,249.83,35.89,-477.78,494,R20MZ_FZ_250_filtered
25,12,4,-263.5,-6.787,762.663,-5.26,542.69,19763,R20MZ_IA-4_FZ_250_filtered
25,12,0,-263.49,6.167,249.57,33.58,-519.64,468,R20MZ_FZ_250_filtered
25,12,2,-263.48,-6.445,593.747,-23.93,534.93,13544,R20MZ_IA-2_FZ_250_filtered
25,12,0,-263.43,3.952,283.93,41.76,-406.44,1772,R20MZ_FZ_250_filtered
25,12,4,-263.42,4.744,756.923,62.79,-400.29,19190,R20MZ_IA-4_FZ_250_filtered
25,12,0,-263.38,-4.997,425.11,-41.96,469.38,7352,R20MZ_FZ_250_filtered
25,12,0,-263.36,-4.892,256.14,-43.09,462.25,1124,R20MZ_FZ_250_filtered
25,12,0,-263.3,6.667,418.45,30.08,-544.61,6687,R20MZ_FZ_250_filtered
25,12,0,-263.29,4.864,283.7,39.87,-458.06,1749,R20MZ_FZ_250_filtered
25,12,0,-263.23,1.993,284.42,30.04,-241.59,1821,R20MZ_FZ_250_filtered
25,12,0,-263.13,-3.535,256.48,-44.33,379.89,1158,R20MZ_FZ_250_filtered
25,12,0,-263.09,-5.435,425,-39.72,489.08,7341,R20MZ_FZ_250_filtered
25,12,0,-263.04,-5.751,289.72,-38.93,497.77,2350,R20MZ_FZ_250_filtered
25,12,0,-263.01,6.615,249.46,30.58,-536.07,457,R20MZ_FZ_250_filtered
25,12,2,-263,2.728,588.438,50.36,-278.27,13014,R20MZ_IA-2_FZ_250_filtered
25,12,0,-262.99,7.615,418.21,27.17,-571.58,6663,R20MZ_FZ_250_filtered
25,12,0,-262.93,-5.992,424.86,-37.9,513.43,7327,R20MZ_FZ_250_filtered
25,12,0,-262.9,7.217,418.31,30.43,-561.36,6673,R20MZ_FZ_250_filtered
25,12,0,-262.87,7.007,249.36,29.23,-548.01,447,R20MZ_FZ_250_filtered
25,12,0,-262.86,-4.576,256.22,-42.38,447.67,1132,R20MZ_FZ_250_filtered
25,12,0,-262.84,7.658,418.2,27.72,-572.83,6662,R20MZ_FZ_250_filtered
25,12,0,-262.83,-5.863,289.69,-37.1,504.28,2347,R20MZ_FZ_250_filtered
25,12,0,-262.81,-4.84,289.95,-42.8,457.76,2373,R20MZ_FZ_250_filtered
25,12,0,-262.76,3.505,284.04,41.14,-374.03,1783,R20MZ_FZ_250_filtered
25,12,0,-262.7,-3.79,425.41,-42.62,403.46,7382,R20MZ_FZ_250_filtered
25,12,0,-262.68,-3.965,256.37,-45.1,410.76,1147,R20MZ_FZ_250_filtered
25,12,0,-262.65,5.258,418.8,35,-486.76,6722,R20MZ_FZ_250_filtered
25,12,0,-262.64,-5.802,255.91,-38.57,502.58,1101,R20MZ_FZ_250_filtered
25,12,0,-262.63,4.844,249.9,39.54,-461.16,501,R20MZ_FZ_250_filtered
25,12,0,-262.63,-5.913,424.88,-38.8,509.55,7329,R20MZ_FZ_250_filtered
25,12,0,-262.59,-4.068,425.34,-44.51,419.29,7375,R20MZ_FZ_250_filtered
25,12,0,-262.51,-0.995,257.12,-17.52,126.61,1222,R20MZ_FZ_250_filtered
25,12,0,-262.51,-5.425,289.8,-37.95,486.75,2358,R20MZ_FZ_250_filtered
25,12,0,-262.51,-4.998,289.91,-40.51,467.68,2369,R20MZ_FZ_250_filtered
25,12,0,-262.51,2.814,419.42,36.87,-318.18,6784,R20MZ_FZ_250_filtered
25,12,2,-262.51,-6.869,593.647,-19.25,547.14,13534,R20MZ_IA-2_FZ_250_filtered
25,12,0,-262.47,-4.558,290.02,-42.26,445.96,2380,R20MZ_FZ_250_filtered
25,12,0,-262.34,2.648,284.26,35.48,-298.32,1805,R20MZ_FZ_250_filtered
25,12,0,-262.33,-4.119,290.13,-42.68,419.91,2391,R20MZ_FZ_250_filtered
25,12,0,-262.31,5.588,249.72,32.71,-495.91,483,R20MZ_FZ_250_filtered
25,12,2,-262.24,2.061,588.598,46.58,-214.68,13030,R20MZ_IA-2_FZ_250_filtered
25,12,0,-262.23,7.056,283.15,29.89,-549.41,1694,R20MZ_FZ_250_filtered
25,12,0,-262.2,-5.264,289.84,-40.45,478.07,2362,R20MZ_FZ_250_filtered
25,12,0,-262.16,-1.662,290.74,-30.51,203.23,2452,R20MZ_FZ_250_filtered
25,12,0,-262.09,6.968,249.37,28.32,-546.47,448,R20MZ_FZ_250_filtered
25,12,2,-262.06,-6.211,593.807,-27.63,526.06,13550,R20MZ_IA-2_FZ_250_filtered
25,12,-0,-261.96,5.557,283.53,32.54,-491.71,1732,R20MZ_FZ_250_filtered
25,12,0,-261.94,6.186,418.57,31.98,-526.46,6699,R20MZ_FZ_250_filtered
25,12,0,-261.92,7.485,249.24,27.54,-559.48,435,R20MZ_FZ_250_filtered
25,12,0,-261.87,-4.132,256.33,-43.38,422.54,1143,R20MZ_FZ_250_filtered
25,12,0,-261.86,7.044,249.35,29.66,-548.47,446,R20MZ_FZ_250_filtered
25,12,0,-261.76,7.576,418.22,26.74,-568.79,6664,R20MZ_FZ_250_filtered
25,12,2,-261.73,-6.486,593.737,-22.99,536.28,13543,R20MZ_IA-2_FZ_250_filtered
25,12,0,-261.71,6.465,283.3,30.04,-529.55,1709,R20MZ_FZ_250_filtered
25,12,0,-261.6,-1.681,256.94,-31.09,206.65,1204,R20MZ_FZ_250_filtered
25,12,0,-261.6,-3.91,290.18,-44.4,404.87,2396,R20MZ_FZ_250_filtered
25,12,0,-261.52,7.881,282.95,22.87,-568.48,1674,R20MZ_FZ_250_filtered
25,12,0,-261.51,-3.158,425.57,-42.32,352.45,7398,R20MZ_FZ_250_filtered
25,12,0,-261.5,1.122,250.83,20.94,-151.79,594,R20MZ_FZ_250_filtered
25,12,0,-261.5,-3.253,256.55,-41.63,361.75,1165,R20MZ_FZ_250_filtered
25,12,0,-261.45,-3.665,290.24,-42.27,391.23,2402,R20MZ_FZ_250_filtered
25,12,0,-261.44,8.374,282.82,26.15,-577.79,1661,R20MZ_FZ_250_filtered
25,12,0,-261.43,5.719,418.69,32.78,-505.98,6711,R20MZ_FZ_250_filtered
25,12,0,-261.4,-2.992,290.41,-41.36,335.54,2419,R20MZ_FZ_250_filtered
25,12,0,-261.35,-0.449,291.04,-10.37,60.23,2482,R20MZ_FZ_250_filtered
25,12,0,-261.33,-0.81,290.96,-14.54,100.56,2474,R20MZ_FZ_250_filtered
25,12,0,-261.25,-0.384,257.26,-10.87,48.13,1236,R20MZ_FZ_250_filtered
25,12,0,-261.24,5.783,283.47,34.87,-498.06,1726,R20MZ_FZ_250_filtered
25,12,0,-261.17,7.438,249.25,27.35,-558.24,436,R20MZ_FZ_250_filtered
25,12,0,-261.17,-3.234,290.35,-40.83,358.81,2413,R20MZ_FZ_250_filtered
25,12,0,-261.15,-4.343,290.07,-44.61,432.5,2385,R20MZ_FZ_250_filtered
25,12,0,-261.15,5.513,418.74,36.09,-493.72,6716,R20MZ_FZ_250_filtered
25,12,0,-261.15,-5.867,424.89,-38.38,507.56,7330,R20MZ_FZ_250_filtered
25,12,0,-261.09,5.948,418.63,34.89,-513.1,6705,R20MZ_FZ_250_filtered
25,12,0,-261.07,8.333,282.83,26.1,-576.24,1662,R20MZ_FZ_250_filtered
25,12,0,-260.99,4.195,283.87,37.63,-424.41,1766,R20MZ_FZ_250_filtered
25,12,0,-260.98,7.384,283.07,28.58,-557.62,1686,R20MZ_FZ_250_filtered
25,12,0,-260.91,8.113,418.09,24.62,-579.18,6651,R20MZ_FZ_250_filtered
25,12,0,-260.9,2.857,284.21,34.21,-320.97,1800,R20MZ_FZ_250_filtered
25,12,0,-260.85,-6.387,424.76,-36.09,528.32,7317,R20MZ_FZ_250_filtered
25,12,0,-260.85,-6.026,424.85,-37.19,514.99,7326,R20MZ_FZ_250_filtered
25,12,0,-260.83,-4.851,256.15,-42.76,460.09,1125,R20MZ_FZ_250_filtered
25,12,0,-260.8,5.764,249.67,34.78,-500.39,478,R20MZ_FZ_250_filtered
25,12,-0,-260.77,-1.256,257.05,-24.44,156.88,1215,R20MZ_FZ_250_filtered
25,12,0,-260.74,6.211,249.56,33.42,-518.69,467,R20MZ_FZ_250_filtered
25,12,-0,-260.74,-6.185,289.61,-38.29,516.1,2339,R20MZ_FZ_250_filtered
25,12,2,-260.74,-7.191,593.557,-26.3,556.75,13525,R20MZ_IA-2_FZ_250_filtered
25,12,0,-260.72,-0.033,257.36,0.61,-6,1246,R20MZ_FZ_250_filtered
25,12,0,-260.72,-4.797,289.96,-42.29,455.61,2374,R20MZ_FZ_250_filtered
25,12,0,-260.62,6.652,249.45,30.29,-535.28,456,R20MZ_FZ_250_filtered
25,12,0,-260.61,-4.72,425.18,-41.45,458.23,7359,R20MZ_FZ_250_filtered
25,12,0,-260.57,7.898,249.14,23.27,-565.52,425,R20MZ_FZ_250_filtered
25,12,0,-260.55,5.066,418.85,38.51,-473.08,6727,R20MZ_FZ_250_filtered
25,12,0,-260.48,6.64,418.46,29.58,-541.02,6688,R20MZ_FZ_250_filtered
25,12,0,-260.47,-5.393,425.01,-39.63,487.24,7342,R20MZ_FZ_250_filtered
25,12,-0,-260.43,4.359,419.03,37.74,-439.91,6745,R20MZ_FZ_250_filtered
25,12,2,-260.39,0.809,583.058,28.79,-73.57,12477,R20MZ_IA-2_FZ_250_filtered
25,12,0,-260.37,7.524,249.23,27.22,-559.47,434,R20MZ_FZ_250_filtered
25,12,0,-260.34,-6.346,424.77,-36.99,526.64,7318,R20MZ_FZ_250_filtered
25,12,0,-260.27,7.934,249.13,24.08,-567.07,424,R20MZ_FZ_250_filtered
25,12,0,-260.27,5.339,249.78,36.04,-481.15,489,R20MZ_FZ_250_filtered
25,12,-0,-260.24,-5.473,289.79,-37.62,489.1,2357,R20MZ_FZ_250_filtered
25,12,0,-260.23,3.716,419.19,41.73,-392.93,6761,R20MZ_FZ_250_filtered
25,12,0,-260.21,-5.025,289.9,-40.23,470.17,2368,R20MZ_FZ_250_filtered
25,12,0,-260.2,-0.827,257.16,-14.91,103.67,1226,R20MZ_FZ_250_filtered
25,12,0,-260.2,3.262,284.1,37.24,-357.41,1789,R20MZ_FZ_250_filtered
25,12,4,-260.16,-1.057,764.103,18.08,202.38,19907,R20MZ_IA-4_FZ_250_filtered
25,12,0,-260.13,8.545,417.98,23.84,-584.61,6640,R20MZ_FZ_250_filtered
25,12,0,-260.09,2.106,419.59,31.88,-254.74,6801,R20MZ_FZ_250_filtered
25,12,0,-260.06,1.698,250.69,26.3,-210.22,580,R20MZ_FZ_250_filtered
25,12,4,-260.04,1.546,757.723,55.86,-114.64,19270,R20MZ_IA-4_FZ_250_filtered
25,12,0,-260.02,-2.355,290.57,-35.18,280.8,2435,R20MZ_FZ_250_filtered
25,12,2,-260.01,4.667,587.948,48.77,-433.31,12965,R20MZ_IA-2_FZ_250_filtered
25,12,0,-259.94,-3.932,256.38,-44.85,409.24,1148,R20MZ_FZ_250_filtered
25,12,0,-259.94,-4.046,425.35,-44.36,417.14,7376,R20MZ_FZ_250_filtered
25,12,0,-259.91,6.933,249.38,27.82,-543.81,449,R20MZ_FZ_250_filtered
25,12,0,-259.91,7.105,283.14,29.72,-549.08,1693,R20MZ_FZ_250_filtered
25,12,2,-259.91,-1.153,595.077,-3.66,186.77,13677,R20MZ_IA-2_FZ_250_filtered
25,12,0,-259.88,-4.613,256.21,-41.63,450.78,1131,R20MZ_FZ_250_filtered
25,12,0,-259.87,7.094,249.34,29.68,-547.84,445,R20MZ_FZ_250_filtered
25,12,0,-259.84,3.977,250.12,41.26,-410.14,523,R20MZ_FZ_250_filtered
25,12,0,-259.83,-6.068,424.84,-37.02,516.71,7325,R20MZ_FZ_250_filtered
25,12,0,-259.8,3.428,419.26,37.98,-374.77,6768,R20MZ_FZ_250_filtered
25,12,0,-259.79,-4.166,290.12,-42.2,423.04,2390,R20MZ_FZ_250_filtered
25,12,0,-259.76,3.541,284.03,40.99,-375.08,1782,R20MZ_FZ_250_filtered
25,12,0,-259.74,-4.594,290.01,-42,448.46,2379,R20MZ_FZ_250_filtered
25,12,0,-259.73,7.997,282.92,24.86,-570.95,1671,R20MZ_FZ_250_filtered
25,12,0,-259.7,-5.237,289.85,-40.55,476.55,2363,R20MZ_FZ_250_filtered
25,12,0,-259.7,7.545,418.23,26.54,-565.2,6665,R20MZ_FZ_250_filtered
25,12,0,-259.68,-0.076,257.35,-1.38,0.83,1245,R20MZ_FZ_250_filtered
25,12,0,-259.68,-3.837,425.4,-42.44,407.05,7381,R20MZ_FZ_250_filtered
25,12,0,-259.65,0.395,278.76,9.3,-60.74,1256,R20MZ_FZ_250_filtered
25,12,0,-259.62,7.402,249.26,26.63,-555.59,437,R20MZ_FZ_250_filtered
25,12,4,-259.58,3.428,757.253,66.11,-300.33,19223,R20MZ_IA-4_FZ_250_filtered
25,12,0,-259.56,8.501,417.99,24.13,-581.81,6641,R20MZ_FZ_250_filtered
25,12,0,-259.52,4.888,249.89,39.08,-460.99,500,R20MZ_FZ_250_filtered
25,12,0,-259.47,7.831,282.96,22.15,-565.36,1675,R20MZ_FZ_250_filtered
25,12,0,-259.46,8.357,249.02,24.31,-573.43,413,R20MZ_FZ_250_filtered
25,12,0,-259.43,12.206,248,14.62,-594.97,311,R20MZ_FZ_250_filtered
25,12,0,-259.41,1.953,284.43,29.09,-235.98,1822,R20MZ_FZ_250_filtered
25,12,0,-259.41,8.149,418.08,24.75,-579.49,6650,R20MZ_FZ_250_filtered
25,12,0,-259.39,0.825,419.91,15.73,-113.29,6833,R20MZ_FZ_250_filtered
25,12,0,-259.37,7.977,249.12,24.65,-567.85,423,R20MZ_FZ_250_filtered
25,12,0,-259.27,8.573,417.97,23.73,-584.6,6639,R20MZ_FZ_250_filtered
25,12,0,-259.26,-1.042,257.11,-18.17,133.93,1221,R20MZ_FZ_250_filtered
25,12,0,-259.25,8.295,282.84,24.41,-573.74,1663,R20MZ_FZ_250_filtered
25,12,0,-259.24,-2.517,425.73,-36.84,299.58,7414,R20MZ_FZ_250_filtered
25,12,0,-259.23,-6.759,289.47,-31.35,536.56,2325,R20MZ_FZ_250_filtered
25,12,0,-259.22,11.068,248.34,14.43,-588.31,345,R20MZ_FZ_250_filtered
25,12,0,-259.2,0.854,278.87,14.11,-120.76,1267,R20MZ_FZ_250_filtered
25,12,0,-259.18,8.414,282.81,26.08,-577.47,1660,R20MZ_FZ_250_filtered
25,12,0,-259.13,5.523,283.54,32.07,-487.82,1733,R20MZ_FZ_250_filtered
25,12,0,-259.09,-3.397,425.51,-41.29,375.26,7392,R20MZ_FZ_250_filtered
25,12,-0,-259.03,2.851,419.41,36.97,-320.63,6783,R20MZ_FZ_250_filtered
25,12,0,-258.98,-6.142,289.62,-38.6,513.62,2340,R20MZ_FZ_250_filtered
25,12,0,-258.95,9.25,282.6,22.16,-583.36,1639,R20MZ_FZ_250_filtered
25,12,0,-258.93,-6.927,424.63,-32.85,543.85,7304,R20MZ_FZ_250_filtered
25,12,0,-258.91,1.074,250.84,19.73,-146.49,595,R20MZ_FZ_250_filtered
25,12,0,-258.85,5.531,249.73,32.22,-491.54,484,R20MZ_FZ_250_filtered
25,12,0,-258.85,-4.164,256.32,-42.87,425.98,1142,R20MZ_FZ_250_filtered
25,12,-0,-258.85,5.675,418.7,32.43,-502.08,6712,R20MZ_FZ_250_filtered
25,12,-0,-258.82,7.858,249.15,21.87,-562.23,426,R20MZ_FZ_250_filtered
25,12,0,-258.77,-3.87,290.19,-43.88,402.89,2397,R20MZ_FZ_250_filtered
25,12,0,-258.76,-4.815,256.16,-42.62,458.72,1126,R20MZ_FZ_250_filtered
25,12,-0,-258.76,2.678,284.25,34.99,-300.93,1804,R20MZ_FZ_250_filtered
25,12,0,-258.74,0.347,278.75,9.88,-54.07,1255,R20MZ_FZ_250_filtered
25,12,0,-258.72,8.319,249.03,24.14,-570.78,414,R20MZ_FZ_250_filtered
25,12,0,-258.71,9.275,248.79,21.76,-582.73,390,R20MZ_FZ_250_filtered
25,12,0,-258.68,-3.302,256.54,-41.33,365.96,1164,R20MZ_FZ_250_filtered
25,12,0,-258.68,5.98,418.62,34.05,-512.93,6704,R20MZ_FZ_250_filtered
25,12,0,-258.67,-2.963,290.42,-40.67,334.02,2420,R20MZ_FZ_250_filtered
25,12,0,-258.62,5.553,418.73,35.24,-494.16,6715,R20MZ_FZ_250_filtered
25,12,2,-258.62,4.162,588.078,51.46,-398.76,12978,R20MZ_IA-2_FZ_250_filtered
25,12,-0,-258.59,-4.309,290.08,-43.71,430.81,2386,R20MZ_FZ_250_filtered
25,12,0,-258.57,6.422,283.31,29.58,-525.81,1710,R20MZ_FZ_250_filtered
25,12,0,-258.54,8.836,282.71,18.09,-581.03,1650,R20MZ_FZ_250_filtered
25,12,0,-258.54,9.456,417.75,21.69,-592.35,6617,R20MZ_FZ_250_filtered
25,12,0,-258.53,8.814,248.91,17.69,-577.75,402,R20MZ_FZ_250_filtered
25,12,0,-258.53,-6.31,424.78,-37.24,524.94,7319,R20MZ_FZ_250_filtered
25,12,4,-258.48,4.432,757.003,60.94,-377.45,19198,R20MZ_IA-4_FZ_250_filtered
25,12,0,-258.47,8.954,417.88,15.85,-585.36,6630,R20MZ_FZ_250_filtered
25,12,0,-258.41,12.213,248.01,13.71,-592.33,312,R20MZ_FZ_250_filtered
25,12,0,-258.41,8.389,249.01,24.07,-574.5,412,R20MZ_FZ_250_filtered
25,12,0,-258.41,4.485,283.8,39.46,-434.3,1759,R20MZ_FZ_250_filtered
25,12,0,-258.4,9.405,417.76,21.78,-591.1,6618,R20MZ_FZ_250_filtered
25,12,0,-258.38,12.124,417.08,-2.44,-596.64,6550,R20MZ_FZ_250_filtered
25,12,0,-258.37,12.279,247.89,-9.18,-597.58,300,R20MZ_FZ_250_filtered
25,12,0,-258.35,0.454,278.77,9.36,-66.47,1257,R20MZ_FZ_250_filtered
25,12,0,-258.35,2.505,419.49,32.29,-293.65,6791,R20MZ_FZ_250_filtered
25,12,0,-258.35,-5.363,425.02,-39.54,486.01,7343,R20MZ_FZ_250_filtered
25,12,0,-258.33,6.437,249.5,29.52,-527.68,461,R20MZ_FZ_250_filtered
25,12,0,-258.33,-1.026,290.91,-17.45,131.76,2469,R20MZ_FZ_250_filtered
25,12,2,-258.3,0.827,588.908,31.82,-69.42,13061,R20MZ_IA-2_FZ_250_filtered
25,12,0,-258.28,11.038,248.35,12.22,-586.61,346,R20MZ_FZ_250_filtered
25,12,0,-258.26,9.291,282.59,22.7,-584.44,1638,R20MZ_FZ_250_filtered
25,12,0,-258.24,5.832,283.46,33.76,-498.19,1725,R20MZ_FZ_250_filtered
25,12,0,-258.23,-4.754,289.97,-42.5,454.38,2375,R20MZ_FZ_250_filtered
25,12,0,-258.21,-4.762,425.17,-41.03,460.57,7358,R20MZ_FZ_250_filtered
25,12,0,-258.18,-0.343,257.27,-11.59,43.2,1237,R20MZ_FZ_250_filtered
25,12,0,-258.18,10.626,282.26,10.53,-591.41,1605,R20MZ_FZ_250_filtered
25,12,0,-258.18,7.35,283.08,27.9,-554.35,1687,R20MZ_FZ_250_filtered
25,12,-0,-258.18,12.248,416.97,14.81,-598.99,6539,R20MZ_FZ_250_filtered
25,12,0,-258.11,0.716,250.93,14.75,-102.14,604,R20MZ_FZ_250_filtered
25,12,0,-258.1,-5.508,289.78,-37.36,490.98,2356,R20MZ_FZ_250_filtered
25,12,0,-258.07,7.564,249.22,26.05,-558.38,433,R20MZ_FZ_250_filtered
25,12,0,-258.06,8.872,282.7,18.16,-581.17,1649,R20MZ_FZ_250_filtered
25,12,0,-258.04,9.698,282.49,14.71,-587.38,1628,R20MZ_FZ_250_filtered
25,12,0,-258.02,11.973,248.12,-10.61,-590.14,323,R20MZ_FZ_250_filtered
25,12,0,-258.01,9.68,248.69,14.07,-581.94,380,R20MZ_FZ_250_filtered
25,12,0,-258.01,-5.684,424.94,-36.47,501.37,7335,R20MZ_FZ_250_filtered
25,12,0,-258,1.444,419.76,23.69,-180.27,6818,R20MZ_FZ_250_filtered
25,12,0,-257.99,9.238,248.8,20.69,-580.7,391,R20MZ_FZ_250_filtered
25,12,0,-257.99,4.168,283.88,37.05,-419.41,1767,R20MZ_FZ_250_filtered
25,12,0,-257.98,3.384,419.27,38.53,-369.02,6769,R20MZ_FZ_250_filtered
25,12,0,-257.97,8.854,248.9,18.32,-578.84,401,R20MZ_FZ_250_filtered
25,12,4,-257.97,6.617,756.453,52.13,-499.61,19143,R20MZ_IA-4_FZ_250_filtered
25,12,0,-257.94,9.723,248.68,13.77,-584.75,379,R20MZ_FZ_250_filtered
25,12,0,-257.93,11.472,248.23,17.72,-590.64,334,R20MZ_FZ_250_filtered
25,12,0,-257.93,-6.792,289.46,-31.38,537.34,2324,R20MZ_FZ_250_filtered
25,12,0,-257.93,-3.718,290.23,-42.21,394.66,2401,R20MZ_FZ_250_filtered
25,12,0,-257.92,5.39,283.57,34.39,-478.65,1736,R20MZ_FZ_250_filtered
25,12,0,-257.92,-6.517,424.73,-32.72,531.92,7314,R20MZ_FZ_250_filtered
25,12,0,-257.91,-4.633,290,-41.91,450.97,2378,R20MZ_FZ_250_filtered
25,12,0,-257.89,12.287,281.7,-5.24,-598.51,1549,R20MZ_FZ_250_filtered
25,12,0,-257.89,2.335,284.33,32.12,-273.34,1812,R20MZ_FZ_250_filtered
25,12,0,-257.89,-3.278,290.34,-40.96,362.86,2412,R20MZ_FZ_250_filtered
25,12,0,-257.86,10.801,417.42,7.23,-594.96,6584,R20MZ_FZ_250_filtered
25,12,0,-257.86,10.332,417.53,19.81,-594.36,6595,R20MZ_FZ_250_filtered
25,12,0,-257.85,9.741,282.48,14.33,-588.61,1627,R20MZ_FZ_250_filtered
25,12,0,-257.84,-1.638,256.95,-30.15,204.35,1205,R20MZ_FZ_250_filtered
25,12,0,-257.84,0.914,278.88,15.04,-126.18,1268,R20MZ_FZ_250_filtered
25,12,0,-257.84,-5.074,289.89,-39.7,471.89,2367,R20MZ_FZ_250_filtered
25,12,0,-257.79,7.301,418.29,29.98,-559.78,6671,R20MZ_FZ_250_filtered
25,12,0,-257.78,6.254,249.55,32.58,-517.58,466,R20MZ_FZ_250_filtered
25,12,0,-257.78,9.217,282.61,20.47,-580.39,1640,R20MZ_FZ_250_filtered
25,12,0,-257.78,-7.141,289.37,-36.53,547.29,2315,R20MZ_FZ_250_filtered
25,12,0,-257.78,8.454,418,23.68,-578.06,6642,R20MZ_FZ_250_filtered
25,12,0,-257.77,11.654,417.19,9.35,-597.59,6561,R20MZ_FZ_250_filtered
25,12,0,-257.75,5.81,249.66,33.95,-499.89,477,R20MZ_FZ_250_filtered
25,12,0,-257.75,3.229,284.11,36.88,-351.64,1790,R20MZ_FZ_250_filtered
25,12,0,-257.72,10.153,248.57,18.27,-586.3,368,R20MZ_FZ_250_filtered
25,12,0,-257.72,11.455,282.04,18.22,-593.28,1583,R20MZ_FZ_250_filtered
25,12,0,-257.71,10.61,248.46,9.5,-586.29,357,R20MZ_FZ_250_filtered
25,12,0,-257.67,10.189,248.56,19.56,-587.53,367,R20MZ_FZ_250_filtered
25,12,0,-257.66,-4.192,290.11,-42.41,425.22,2389,R20MZ_FZ_250_filtered
25,12,4,-257.64,11.396,754.703,31.31,-528.79,18969,R20MZ_IA-4_FZ_250_filtered
25,12,0,-257.63,11.117,248.33,15.72,-587.99,344,R20MZ_FZ_250_filtered
25,12,0,-257.63,-3.386,290.31,-42.54,370.01,2409,R20MZ_FZ_250_filtered
25,12,0,-257.6,4.743,418.93,37.69,-457.87,6735,R20MZ_FZ_250_filtered
25,12,4,-257.6,7.075,756.343,50.46,-514.08,19132,R20MZ_IA-4_FZ_250_filtered
25,12,0,-257.59,4.609,249.96,37.68,-449.34,507,R20MZ_FZ_250_filtered
25,12,0,-257.59,8.617,417.96,22.96,-583.19,6638,R20MZ_FZ_250_filtered
25,12,0,-257.57,7.583,283.02,27.52,-559.92,1681,R20MZ_FZ_250_filtered
25,12,0,-257.56,6.71,283.24,29.45,-533.55,1703,R20MZ_FZ_250_filtered
25,12,0,-257.55,12.22,247.99,15.95,-595.9,310,R20MZ_FZ_250_filtered
25,12,0,-257.55,11.433,248.24,17.45,-588.15,335,R20MZ_FZ_250_filtered
25,12,0,-257.55,8.747,282.73,17.76,-575.88,1652,R20MZ_FZ_250_filtered
25,12,0,-257.55,10.839,417.41,8.08,-595.73,6583,R20MZ_FZ_250_filtered
25,12,0,-257.52,6.875,418.4,28.87,-546.89,6682,R20MZ_FZ_250_filtered
25,12,0,-257.5,-7.088,289.38,-37.23,546.68,2316,R20MZ_FZ_250_filtered
25,12,2,-257.5,12.244,585.988,25.54,-593.16,12769,R20MZ_IA-2_FZ_250_filtered
25,12,0,-257.48,7.127,249.33,29.96,-547.06,444,R20MZ_FZ_250_filtered
25,12,0,-257.48,11.23,417.3,17.96,-596.98,6572,R20MZ_FZ_250_filtered
25,12,0,-257.48,8.001,418.12,20.86,-571.38,6654,R20MZ_FZ_250_filtered
25,12,0,-257.48,-5.714,424.93,-37.05,502.62,7334,R20MZ_FZ_250_filtered
25,12,0,-257.45,3.75,419.18,41.21,-394.29,6760,R20MZ_FZ_250_filtered
25,12,-0,-257.45,-5.316,425.03,-39.94,484.94,7344,R20MZ_FZ_250_filtered
25,12,0,-257.42,-4.311,425.28,-42.32,436.85,7369,R20MZ_FZ_250_filtered
25,12,0,-257.41,-6.115,424.83,-37.09,517.96,7324,R20MZ_FZ_250_filtered
25,12,0,-257.39,-6.099,289.63,-38.54,512.08,2341,R20MZ_FZ_250_filtered
25,12,0,-257.39,6.59,418.47,29.83,-537.76,6689,R20MZ_FZ_250_filtered
25,12,0,-257.38,-6.415,255.76,-34.25,526.03,1086,R20MZ_FZ_250_filtered
25,12,-0,-257.38,12.253,416.96,13.84,-601.31,6538,R20MZ_FZ_250_filtered
25,12,0,-257.36,4.31,419.04,37.62,-434.62,6746,R20MZ_FZ_250_filtered
25,12,4,-257.36,7.867,756.143,44.94,-537.1,19112,R20MZ_IA-4_FZ_250_filtered
25,12,0,-257.34,-0.768,290.97,-13.96,97.02,2475,R20MZ_FZ_250_filtered
25,12,0,-257.31,-4.717,289.98,-42.12,453.62,2376,R20MZ_FZ_250_filtered
25,12,0,-257.3,10.743,417.43,6.89,-592.16,6585,R20MZ_FZ_250_filtered
25,12,2,-257.3,10.304,586.538,29.98,-589.93,12824,R20MZ_IA-2_FZ_250_filtered
25,12,0,-257.27,9.762,248.67,13.32,-585.66,378,R20MZ_FZ_250_filtered
25,12,0,-257.25,0.687,250.94,13.79,-97.93,605,R20MZ_FZ_250_filtered
25,12,0,-257.25,0.821,278.86,13.46,-114.39,1266,R20MZ_FZ_250_filtered
25,12,0,-257.24,3.15,284.13,38.28,-342.64,1792,R20MZ_FZ_250_filtered
25,12,0,-257.23,8.773,248.92,17.36,-575.1,403,R20MZ_FZ_250_filtered
25,12,0,-257.22,-7.291,424.53,-34.49,554.88,7294,R20MZ_FZ_250_filtered
25,12,0,-257.2,4.917,249.88,38.56,-461.43,499,R20MZ_FZ_250_filtered
25,12,4,-257.2,6.655,756.443,50.8,-500.59,19142,R20MZ_IA-4_FZ_250_filtered
25,12,0,-257.19,6.691,249.44,29.35,-534.02,455,R20MZ_FZ_250_filtered
25,12,0,-257.19,-0.103,257.34,-2.72,8.15,1244,R20MZ_FZ_250_filtered
25,12,0,-257.18,-4.768,256.17,-41.94,457.18,1127,R20MZ_FZ_250_filtered
25,12,0,-257.18,5.434,283.56,33.42,-480.5,1735,R20MZ_FZ_250_filtered
25,12,0,-257.18,1.126,414.14,21.76,-159.83,6257,R20MZ_FZ_250_filtered
25,12,0,-257.17,12.013,248.11,-6.41,-590.91,322,R20MZ_FZ_250_filtered
25,12,0,-257.16,12.281,281.71,-1.51,-594.01,1550,R20MZ_FZ_250_filtered
25,12,0,-257.11,10.644,248.45,8.41,-588.46,356,R20MZ_FZ_250_filtered
25,12,0,-257.11,5.47,283.55,32.36,-483.45,1734,R20MZ_FZ_250_filtered
25,12,0,-257.1,8.252,282.85,23.9,-570.93,1664,R20MZ_FZ_250_filtered
25,12,4,-257.1,3.459,757.243,65.45,-302.97,19222,R20MZ_IA-4_FZ_250_filtered
25,12,0,-257.09,9.377,417.77,21.17,-587.7,6619,R20MZ_FZ_250_filtered
25,12,0,-257.08,12.279,247.9,-6.09,-594.63,301,R20MZ_FZ_250_filtered
25,12,0,-257.07,10.136,282.38,17.52,-587.83,1617,R20MZ_FZ_250_filtered
25,12,0,-257.05,0.761,250.92,15.26,-105.53,603,R20MZ_FZ_250_filtered
25,12,0,-257.05,-6.264,424.79,-37.85,523.1,7320,R20MZ_FZ_250_filtered
25,12,0,-257.03,-5.589,289.76,-37.63,493,2354,R20MZ_FZ_250_filtered
25,12,0,-257.02,5.866,283.45,32.6,-499.58,1724,R20MZ_FZ_250_filtered
25,12,0,-257.02,-3.44,425.5,-41.61,378.85,7391,R20MZ_FZ_250_filtered
25,12,0,-256.98,8.015,249.11,24.08,-567.06,422,R20MZ_FZ_250_filtered
25,12,0,-256.97,3.583,284.02,40.46,-376.92,1781,R20MZ_FZ_250_filtered
25,12,0,-256.97,-5.552,289.77,-37.18,492.22,2355,R20MZ_FZ_250_filtered
25,12,0,-256.97,-7.255,424.54,-35.45,553.96,7295,R20MZ_FZ_250_filtered
25,12,0,-256.94,-4.208,256.31,-42.6,429.25,1141,R20MZ_FZ_250_filtered
25,12,0,-256.92,7.351,249.27,26.66,-552.95,438,R20MZ_FZ_250_filtered
25,12,0,-256.92,8.452,282.8,25.43,-576.05,1659,R20MZ_FZ_250_filtered
25,12,0,-256.91,3.185,284.12,37.55,-346.51,1791,R20MZ_FZ_250_filtered
25,12,0,-256.9,4.681,418.95,39.66,-451.35,6737,R20MZ_FZ_250_filtered
25,12,0,-256.88,-2.884,290.44,-39.03,329.38,2422,R20MZ_FZ_250_filtered
25,12,0,-256.86,-2.92,290.43,-39.47,331.86,2421,R20MZ_FZ_250_filtered
25,12,0,-256.85,11.516,248.22,16.47,-590.78,333,R20MZ_FZ_250_filtered
25,12,0,-256.85,-5.13,256.08,-40.18,476.1,1118,R20MZ_FZ_250_filtered
25,12,0,-256.84,3.792,419.17,40.19,-397.22,6759,R20MZ_FZ_250_filtered
25,12,0,-256.82,11.769,416.86,-7.34,-599.74,6529,R20MZ_FZ_250_filtered
25,12,-0,-256.81,9.311,248.78,21.63,-582.72,389,R20MZ_FZ_250_filtered
25,12,0,-256.81,9.656,282.5,14.83,-583.79,1629,R20MZ_FZ_250_filtered
25,12,-0,-256.8,-4.67,289.99,-42.01,452.38,2377,R20MZ_FZ_250_filtered
25,12,2,-256.8,8.335,587.028,33.26,-566.5,12873,R20MZ_IA-2_FZ_250_filtered
25,12,0,-256.78,-2.977,256.62,-41.32,338.84,1172,R20MZ_FZ_250_filtered
25,12,0,-256.77,6.894,249.39,26.54,-540.85,450,R20MZ_FZ_250_filtered
25,12,0,-256.77,-5.115,289.88,-39.89,473.3,2366,R20MZ_FZ_250_filtered
25,12,0,-256.77,11.766,416.85,-3.77,-603.62,6528,R20MZ_FZ_250_filtered
25,12,0,-256.77,-4.427,425.25,-43.29,442.13,7366,R20MZ_FZ_250_filtered
25,12,-0,-256.76,0.659,284.75,12.68,-92.65,1854,R20MZ_FZ_250_filtered
25,12,-0,-256.75,10.117,248.58,16.5,-583.32,369,R20MZ_FZ_250_filtered
25,12,0,-256.71,-3.899,256.39,-44.19,407.71,1149,R20MZ_FZ_250_filtered
25,12,0,-256.7,-5.756,424.92,-38.03,503.39,7333,R20MZ_FZ_250_filtered
25,12,2,-256.7,11.61,586.198,23.55,-591.17,12790,R20MZ_IA-2_FZ_250_filtered
25,12,0,-256.68,8.894,248.89,18.29,-578.68,400,R20MZ_FZ_250_filtered
25,12,0,-256.68,8.044,282.91,24.73,-569.69,1670,R20MZ_FZ_250_filtered
25,12,0,-256.67,10.365,417.52,19.89,-594.5,6594,R20MZ_FZ_250_filtered
25,12,0,-256.66,10.571,282.27,12.01,-587.98,1606,R20MZ_FZ_250_filtered
25,12,0,-256.65,-3.313,290.33,-40.8,366.3,2411,R20MZ_FZ_250_filtered
25,12,0,-256.64,-5.161,289.87,-40.12,474.38,2365,R20MZ_FZ_250_filtered
25,12,0,-256.64,6.027,418.61,32.83,-514.16,6703,R20MZ_FZ_250_filtered
25,12,0,-256.63,11.631,247.78,4.98,-597.56,290,R20MZ_FZ_250_filtered
25,12,0,-256.61,9.827,417.66,11.44,-587.98,6608,R20MZ_FZ_250_filtered
25,12,0,-256.6,-6.96,424.62,-33.06,544.47,7303,R20MZ_FZ_250_filtered
25,12,0,-256.58,12.251,416.98,15.39,-595.57,6540,R20MZ_FZ_250_filtered
25,12,0,-256.57,6.399,249.51,29.02,-524.25,462,R20MZ_FZ_250_filtered
25,12,0,-256.57,3.331,419.28,38.69,-364.35,6770,R20MZ_FZ_250_filtered
25,12,0,-256.55,11.601,247.77,8.24,-601.3,289,R20MZ_FZ_250_filtered
25,12,2,-256.55,12.032,586.108,-1.04,-588.66,12781,R20MZ_IA-2_FZ_250_filtered
25,12,0,-256.53,10.672,282.25,9.31,-591.71,1604,R20MZ_FZ_250_filtered
25,12,0,-256.5,-3.835,290.2,-42.88,401.19,2398,R20MZ_FZ_250_filtered
25,12,0,-256.5,4.705,418.94,38.65,-453.83,6736,R20MZ_FZ_250_filtered
25,12,0,-256.49,-1.084,257.1,-18.8,140.32,1220,R20MZ_FZ_250_filtered
25,12,0,-256.49,-6.227,424.8,-38.16,521.55,7321,R20MZ_FZ_250_filtered
25,12,-0,-256.49,-3.038,425.6,-40.61,346.14,7401,R20MZ_FZ_250_filtered
25,12,0,-256.47,7.794,282.97,21.59,-562.7,1676,R20MZ_FZ_250_filtered
25,12,0,-256.46,8.277,249.04,23.29,-568.13,415,R20MZ_FZ_250_filtered
25,12,0,-256.45,4.553,283.78,38.13,-438.95,1757,R20MZ_FZ_250_filtered
25,12,0,-256.43,-3.478,425.49,-42.23,381.49,7390,R20MZ_FZ_250_filtered
25,12,0,-256.42,-4.227,290.1,-42.86,427.4,2388,R20MZ_FZ_250_filtered
25,12,0,-256.41,-3.35,290.32,-41.36,368.32,2410,R20MZ_FZ_250_filtered
25,12,0,-256.39,-4.805,425.16,-40.84,462.6,7357,R20MZ_FZ_250_filtered
25,12,0,-256.37,8.919,417.89,15,-580.98,6631,R20MZ_FZ_250_filtered
25,12,0,-256.35,-6.424,289.55,-34.55,525.57,2333,R20MZ_FZ_250_filtered
25,12,0,-256.3,4.287,419.05,38.27,-429.64,6747,R20MZ_FZ_250_filtered
25,12,0,-256.27,8.426,249,23.26,-574.34,411,R20MZ_FZ_250_filtered
25,12,0,-256.27,5.933,249.63,30.83,-504.54,474,R20MZ_FZ_250_filtered
25,12,0,-256.26,7.818,249.16,21.21,-559.59,427,R20MZ_FZ_250_filtered
25,12,0,-256.26,2.466,419.5,33.03,-287.74,6792,R20MZ_FZ_250_filtered
25,12,0,-256.25,9.331,282.58,22.84,-583.5,1637,R20MZ_FZ_250_filtered
25,12,0,-256.25,-4.385,425.26,-42.72,440.59,7367,R20MZ_FZ_250_filtered
25,12,0,-256.23,11.936,248.13,-13.49,-588.11,324,R20MZ_FZ_250_filtered
25,12,0,-256.23,-6.127,255.83,-37.86,514.42,1093,R20MZ_FZ_250_filtered
25,12,0,-256.23,3.63,284.01,39.5,-380.32,1780,R20MZ_FZ_250_filtered
25,12,0,-256.22,-0.555,257.22,-11.96,77.34,1232,R20MZ_FZ_250_filtered
25,12,0,-256.21,-6.075,255.84,-37.79,512.86,1094,R20MZ_FZ_250_filtered
25,12,0,-256.19,11.663,247.79,1.73,-592.89,291,R20MZ_FZ_250_filtered
25,12,0,-256.19,9.198,248.81,19.77,-577.44,392,R20MZ_FZ_250_filtered
25,12,0,-256.19,2.712,250.44,35.16,-306.81,555,R20MZ_FZ_250_filtered
25,12,0,-256.18,0.02,278.67,2.74,-12.16,1247,R20MZ_FZ_250_filtered
25,12,0,-256.16,5.494,249.74,32.03,-487.02,485,R20MZ_FZ_250_filtered
25,12,0,-256.15,0.314,278.74,9.96,-47.07,1254,R20MZ_FZ_250_filtered
25,12,0,-256.15,1.28,278.98,25.67,-176.11,1278,R20MZ_FZ_250_filtered
25,12,0,-256.15,2.424,419.51,33.33,-281.99,6793,R20MZ_FZ_250_filtered
25,12,0,-256.14,-0.784,257.17,-14.13,100.76,1227,R20MZ_FZ_250_filtered
25,12,0,-256.13,1.745,250.68,26.89,-212.69,579,R20MZ_FZ_250_filtered
25,12,0,-256.13,-5.169,256.07,-40.04,477.04,1117,R20MZ_FZ_250_filtered
25,12,0,-256.1,9.782,282.47,13.64,-587.67,1626,R20MZ_FZ_250_filtered
25,12,-0,-256.08,-4.834,425.15,-41.29,464.01,7356,R20MZ_FZ_250_filtered
25,12,0,-256.07,8.915,282.69,17.9,-580.24,1648,R20MZ_FZ_250_filtered
25,12,0,-256.05,12.253,416.95,11.19,-601.61,6537,R20MZ_FZ_250_filtered
25,12,-0,-256.03,11.27,417.29,18.72,-596.34,6571,R20MZ_FZ_250_filtered
25,12,0,-256.02,12.203,248.02,13.01,-588.9,313,R20MZ_FZ_250_filtered
25,12,0,-256.02,11.003,248.36,10.05,-583,347,R20MZ_FZ_250_filtered
25,12,0,-256.02,11.532,282.02,18.14,-593.42,1581,R20MZ_FZ_250_filtered
25,12,0,-256.01,9.492,417.74,20.86,-591.09,6616,R20MZ_FZ_250_filtered
25,12,0,-255.99,-4.358,425.27,-42.21,438.72,7368,R20MZ_FZ_250_filtered
25,12,0,-255.96,-4.285,256.29,-43.01,433.15,1139,R20MZ_FZ_250_filtered
25,12,0,-255.96,0.48,420,8.48,-68.29,6842,R20MZ_FZ_250_filtered
25,12,0,-255.94,11.18,247.66,11.92,-604.56,278,R20MZ_FZ_250_filtered
25,12,0,-255.92,12.242,281.79,16.72,-595.73,1558,R20MZ_FZ_250_filtered
25,12,0,-255.92,0.786,419.92,14.2,-107.69,6834,R20MZ_FZ_250_filtered
25,12,0,-255.89,6.083,418.6,32.06,-515.71,6702,R20MZ_FZ_250_filtered
25,12,0,-255.88,10.551,248.47,10.63,-582.39,358,R20MZ_FZ_250_filtered
25,12,-0,-255.83,9.18,282.62,19.19,-576.79,1641,R20MZ_FZ_250_filtered
25,12,0,-255.83,2.218,284.36,33.09,-257.18,1815,R20MZ_FZ_250_filtered
25,12,0,-255.81,-3.849,256.4,-43.51,405.85,1150,R20MZ_FZ_250_filtered
25,12,0,-255.78,-2.02,256.86,-33.12,248.43,1196,R20MZ_FZ_250_filtered
25,12,0,-255.74,11.752,416.84,-0.62,-605.35,6527,R20MZ_FZ_250_filtered
25,12,0,-255.72,-2.927,256.63,-40.02,336.67,1173,R20MZ_FZ_250_filtered
25,12,0,-255.72,-6.556,424.72,-31.38,533.31,7313,R20MZ_FZ_250_filtered
25,12,0,-255.7,9.08,417.85,18.88,-587.37,6627,R20MZ_FZ_250_filtered
25,12,0,-255.68,-6.481,289.54,-33.67,526.98,2332,R20MZ_FZ_250_filtered
25,12,0,-255.68,1.169,414.15,22.79,-164.48,6258,R20MZ_FZ_250_filtered
25,12,0,-255.68,7.797,418.17,24.51,-569.05,6659,R20MZ_FZ_250_filtered
25,12,0,-255.68,-7.213,424.55,-36.13,553.21,7296,R20MZ_FZ_250_filtered
25,12,4,-255.68,12.287,754.893,21.85,-529.54,18987,R20MZ_IA-4_FZ_250_filtered
25,12,0,-255.67,-1.602,256.96,-29.14,202.51,1206,R20MZ_FZ_250_filtered
25,12,2,-255.65,7.376,587.268,37.8,-549.33,12897,R20MZ_IA-2_FZ_250_filtered
25,12,0,-255.64,12.042,248.1,-1.68,-590.59,321,R20MZ_FZ_250_filtered
25,12,0,-255.61,4.961,249.87,37.28,-462.98,498,R20MZ_FZ_250_filtered
25,12,0,-255.6,11.491,416.73,11.03,-607.51,6516,R20MZ_FZ_250_filtered
25,12,0,-255.59,1.497,250.74,21.99,-191.58,585,R20MZ_FZ_250_filtered
25,12,0,-255.59,-7.06,289.39,-37.49,544.98,2317,R20MZ_FZ_250_filtered
25,12,0,-255.57,10.688,248.44,8.19,-588.14,355,R20MZ_FZ_250_filtered
25,12,0,-255.56,11.393,248.25,16.02,-584.88,336,R20MZ_FZ_250_filtered
25,12,0,-255.55,5.85,249.65,32.71,-500.19,476,R20MZ_FZ_250_filtered
25,12,4,-255.54,10.9,754.583,31.57,-542.77,18957,R20MZ_IA-4_FZ_250_filtered
25,12,0,-255.53,9.64,248.7,14.18,-578.03,381,R20MZ_FZ_250_filtered
25,12,4,-255.52,-8.877,762.143,7.34,576.38,19711,R20MZ_IA-4_FZ_250_filtered
25,12,0,-255.51,10.232,248.55,20.12,-586.74,366,R20MZ_FZ_250_filtered
25,12,0,-255.41,10.879,417.4,7.7,-594.31,6582,R20MZ_FZ_250_filtered
25,12,0,-255.4,5.409,249.76,33.55,-481.58,487,R20MZ_FZ_250_filtered
25,12,0,-255.4,0.49,278.78,8.99,-71.09,1258,R20MZ_FZ_250_filtered
25,12,0,-255.39,10.099,282.39,15.96,-584.4,1618,R20MZ_FZ_250_filtered
25,12,0,-255.39,-6.99,424.61,-33.66,545.74,7302,R20MZ_FZ_250_filtered
25,12,-0,-255.38,11.91,281.94,-13,-588.1,1573,R20MZ_FZ_250_filtered
25,12,0,-255.37,0.405,244.97,8.86,-65.66,9,R20MZ_FZ_250_filtered
25,12,0,-255.37,6.544,418.48,29.92,-534.16,6690,R20MZ_FZ_250_filtered
25,12,0,-255.37,-6.719,424.68,-31.35,538.92,7309,R20MZ_FZ_250_filtered
25,12,0,-255.35,4.58,249.97,37.7,-444.36,508,R20MZ_FZ_250_filtered
25,12,0,-255.35,6.757,283.23,28.1,-534,1702,R20MZ_FZ_250_filtered
25,12,0,-255.34,1.315,278.99,26.17,-180.91,1279,R20MZ_FZ_250_filtered
25,12,-0,-255.33,7.295,283.09,27.75,-551.37,1688,R20MZ_FZ_250_filtered
25,12,0,-255.31,11.095,416.63,11.62,-605.33,6506,R20MZ_FZ_250_filtered
25,12,0,-255.3,12.076,417.1,-8.29,-590.1,6552,R20MZ_FZ_250_filtered
25,12,4,-255.29,-8.926,762.133,7.01,577.45,19710,R20MZ_IA-4_FZ_250_filtered
25,12,0,-255.28,12.269,247.91,-2,-591.05,302,R20MZ_FZ_250_filtered
25,12,0,-255.27,2.293,284.34,32.12,-266.95,1813,R20MZ_FZ_250_filtered
25,12,0,-255.25,11.133,282.13,15.96,-591.09,1592,R20MZ_FZ_250_filtered
25,12,0,-255.19,6.732,249.43,28.1,-533.69,454,R20MZ_FZ_250_filtered
25,12,0,-255.18,5.446,249.75,32.56,-483.6,486,R20MZ_FZ_250_filtered
25,12,0,-255.14,7.321,249.28,26.56,-549.67,439,R20MZ_FZ_250_filtered
25,12,2,-255.14,-7.866,593.397,-11.95,566.81,13509,R20MZ_IA-2_FZ_250_filtered
25,12,0,-255.06,1.044,250.85,18.12,-140.1,596,R20MZ_FZ_250_filtered
25,12,0,-255.06,10.408,417.51,19.6,-592.93,6593,R20MZ_FZ_250_filtered
25,12,0,-255.05,7.604,249.21,25.03,-557.26,432,R20MZ_FZ_250_filtered
25,12,0,-255.05,1.481,419.75,23.59,-183.36,6817,R20MZ_FZ_250_filtered
25,12,0,-255.04,0.648,250.95,12.96,-92.48,606,R20MZ_FZ_250_filtered
25,12,0,-255.03,7.625,283.01,26.22,-559.12,1680,R20MZ_FZ_250_filtered
25,12,2,-255.01,7.342,587.278,38.37,-547.95,12898,R20MZ_IA-2_FZ_250_filtered
25,12,0,-254.99,1.184,419.82,20.12,-154.03,6824,R20MZ_FZ_250_filtered
25,12,0,-254.98,11.227,247.67,10.74,-599.43,279,R20MZ_FZ_250_filtered
25,12,0,-254.98,0.289,284.85,4.31,-43.32,1864,R20MZ_FZ_250_filtered
25,12,0,-254.97,11.736,247.87,-8.93,-597.55,299,R20MZ_FZ_250_filtered
25,12,0,-254.94,-1.052,290.9,-18.09,137.68,2468,R20MZ_FZ_250_filtered
25,12,0,-254.92,0.328,284.84,5.18,-47.5,1863,R20MZ_FZ_250_filtered
25,12,-0,-254.91,5.89,249.64,31.77,-501.88,475,R20MZ_FZ_250_filtered
25,12,0,-254.91,6.803,283.22,27.14,-535.24,1701,R20MZ_FZ_250_filtered
25,12,0,-254.9,8.235,418.06,24.82,-575.73,6648,R20MZ_FZ_250_filtered
25,12,0,-254.87,11.767,417.17,5.8,-597.41,6559,R20MZ_FZ_250_filtered
25,12,0,-254.85,10.53,282.28,12.61,-583.77,1607,R20MZ_FZ_250_filtered
25,12,0,-254.85,8.7,282.74,18.88,-573.39,1653,R20MZ_FZ_250_filtered
25,12,0,-254.85,8.076,282.9,24.16,-568.44,1669,R20MZ_FZ_250_filtered
25,12,0,-254.85,8.421,418.01,23.88,-574.16,6643,R20MZ_FZ_250_filtered
25,12,0,-254.83,0.804,250.91,16.51,-108.92,602,R20MZ_FZ_250_filtered
25,12,0,-254.78,10.084,248.59,15.27,-580.05,370,R20MZ_FZ_250_filtered
25,12,0,-254.78,-7.665,255.45,-23.39,556.6,1055,R20MZ_FZ_250_filtered
25,12,0,-254.76,0.789,278.85,12.49,-107.7,1265,R20MZ_FZ_250_filtered
25,12,0,-254.75,12.223,247.98,16.48,-594.64,309,R20MZ_FZ_250_filtered
25,12,0,-254.75,2.255,284.35,32.19,-261.2,1814,R20MZ_FZ_250_filtered
25,12,2,-254.73,10.177,586.568,25.54,-583,12827,R20MZ_IA-2_FZ_250_filtered
25,12,0,-254.72,6.993,418.37,27.13,-547.8,6679,R20MZ_FZ_250_filtered
25,12,0,-254.71,11.562,247.76,10.29,-602.53,288,R20MZ_FZ_250_filtered
25,12,2,-254.69,11.992,586.118,-4.42,-585.46,12782,R20MZ_IA-2_FZ_250_filtered
25,12,0,-254.68,11.141,248.32,16.8,-585.17,343,R20MZ_FZ_250_filtered
25,12,0,-254.65,2.743,250.43,34.36,-310.84,554,R20MZ_FZ_250_filtered
25,12,0,-254.65,7.961,418.13,20.63,-568.89,6655,R20MZ_FZ_250_filtered
25,12,0,-254.59,10.705,282.24,8.59,-589.83,1603,R20MZ_FZ_250_filtered
25,12,0,-254.58,9.809,248.66,13.15,-584.1,377,R20MZ_FZ_250_filtered
25,12,0,-254.57,8.73,248.93,16.77,-571.99,404,R20MZ_FZ_250_filtered
25,12,0,-254.56,-6.645,424.7,-30.9,536.13,7311,R20MZ_FZ_250_filtered
25,12,0,-254.55,6.854,249.4,26.18,-537.74,451,R20MZ_FZ_250_filtered
25,12,0,-254.55,8.663,417.95,21.76,-580.69,6637,R20MZ_FZ_250_filtered
25,12,0,-254.52,11.546,248.21,13.79,-588.89,332,R20MZ_FZ_250_filtered
25,12,0,-254.51,1.232,278.97,25.27,-170.36,1277,R20MZ_FZ_250_filtered
25,12,0,-254.47,8.041,249.1,24.14,-565.79,421,R20MZ_FZ_250_filtered
25,12,0,-254.46,8.229,282.86,23.39,-568.59,1665,R20MZ_FZ_250_filtered
25,12,0,-254.45,11.206,281.46,12.81,-606.11,1526,R20MZ_FZ_250_filtered
25,12,-0,-254.42,11.577,417.21,14.33,-591.21,6563,R20MZ_FZ_250_filtered
25,12,-0,-254.4,10.696,417.44,7.41,-589.03,6586,R20MZ_FZ_250_filtered
25,12,-0,-254.39,7.159,249.32,29.27,-546.4,443,R20MZ_FZ_250_filtered
25,12,0,-254.39,-7.024,289.4,-37.55,543.6,2318,R20MZ_FZ_250_filtered
25,12,0,-254.33,8.927,248.88,18.76,-576.96,399,R20MZ_FZ_250_filtered
25,12,0,-254.33,3.644,250.2,39.36,-386.37,531,R20MZ_FZ_250_filtered
25,12,0,-254.3,11.249,281.47,11.48,-602.85,1527,R20MZ_FZ_250_filtered
25,12,0,-254.29,-7.179,424.56,-36.5,552.14,7297,R20MZ_FZ_250_filtered
25,12,0,-254.26,1.569,414.25,26.35,-210.67,6268,R20MZ_FZ_250_filtered
25,12,0,-254.25,9.355,248.77,21.28,-581.3,388,R20MZ_FZ_250_filtered
25,12,0,-254.24,-0.306,257.28,-11.4,39.51,1238,R20MZ_FZ_250_filtered
25,12,0,-254.22,-1.183,257.07,-21.87,152.27,1217,R20MZ_FZ_250_filtered
25,12,0,-254.22,-7.734,424.43,-23.81,562.34,7284,R20MZ_FZ_250_filtered
25,12,0,-254.21,-7.769,424.42,-24.02,562.8,7283,R20MZ_FZ_250_filtered
25,12,0,-254.18,6.952,418.38,27.11,-546.72,6680,R20MZ_FZ_250_filtered
25,12,0,-254.17,10.251,282.35,20.96,-587.2,1614,R20MZ_FZ_250_filtered
25,12,0,-254.14,11.14,247.65,12.74,-606.42,277,R20MZ_FZ_250_filtered
25,12,0,-254.12,-6.689,424.69,-31.07,537.53,7310,R20MZ_FZ_250_filtered
25,12,0,-254.11,6.778,249.42,26.63,-533.83,453,R20MZ_FZ_250_filtered
25,12,0,-254.08,9.618,282.51,15.24,-579.42,1630,R20MZ_FZ_250_filtered
25,12,0,-254.07,7.752,282.98,22.55,-560.83,1677,R20MZ_FZ_250_filtered
25,12,0,-253.99,8.492,282.79,24.15,-574.33,1658,R20MZ_FZ_250_filtered
25,12,0,-253.96,9.781,417.67,11.79,-584.23,6609,R20MZ_FZ_250_filtered
25,12,0,-253.9,8.476,248.99,22.56,-572.94,410,R20MZ_FZ_250_filtered
25,12,0,-253.85,-8.045,289.14,-31.69,563.29,2292,R20MZ_FZ_250_filtered
25,12,0,-253.84,10.738,247.55,13.1,-606.11,267,R20MZ_FZ_250_filtered
25,12,0,-253.82,-7.81,424.41,-23.8,562.8,7282,R20MZ_FZ_250_filtered
25,12,0,-253.81,9.38,282.57,22.38,-581.47,1636,R20MZ_FZ_250_filtered
25,12,2,-253.8,12.302,585.898,4.76,-586.25,12760,R20MZ_IA-2_FZ_250_filtered
25,12,4,-253.8,1.255,752.174,55.38,-88.94,18716,R20MZ_IA-4_FZ_250_filtered
25,12,0,-253.79,9.114,417.84,19.24,-584.55,6626,R20MZ_FZ_250_filtered
25,12,4,-253.79,-12.086,761.343,41.85,586.31,19631,R20MZ_IA-4_FZ_250_filtered
25,12,0,-253.76,10.702,247.54,14.03,-609.07,266,R20MZ_FZ_250_filtered
25,12,0,-253.76,8.234,249.05,23.05,-565.78,416,R20MZ_FZ_250_filtered
25,12,0,-253.72,-1.106,290.89,-19.1,142.82,2467,R20MZ_FZ_250_filtered
25,12,0,-253.7,9.169,248.82,18.73,-574.15,393,R20MZ_FZ_250_filtered
25,12,0,-253.7,1.527,414.24,26.89,-205.86,6267,R20MZ_FZ_250_filtered
25,12,0,-253.7,11.748,416.83,0.92,-604.24,6526,R20MZ_FZ_250_filtered
25,12,0,-253.69,11.891,248.14,-13.25,-585.77,325,R20MZ_FZ_250_filtered
25,12,4,-253.69,2.169,757.563,61.84,-179.81,19254,R20MZ_IA-4_FZ_250_filtered
25,12,0,-253.65,7.666,283,25.13,-558.96,1679,R20MZ_FZ_250_filtered
25,12,0,-253.64,8.946,282.68,17.72,-578.19,1647,R20MZ_FZ_250_filtered
25,12,2,-253.64,10.232,585.418,25.3,-597.92,12713,R20MZ_IA-2_FZ_250_filtered
25,12,4,-253.63,11.745,755.163,30.04,-523.62,19014,R20MZ_IA-4_FZ_250_filtered
25,12,0,-253.62,-0.73,257.18,-13.58,98.15,1228,R20MZ_FZ_250_filtered
25,12,0,-253.62,1.349,279,26.15,-184.93,1280,R20MZ_FZ_250_filtered
25,12,0,-253.61,10.991,282.17,8.02,-584.69,1596,R20MZ_FZ_250_filtered
25,12,0,-253.61,7.84,418.16,23.06,-567.33,6658,R20MZ_FZ_250_filtered
25,12,4,-253.61,-12.226,761.243,4.81,585.1,19621,R20MZ_IA-4_FZ_250_filtered
25,12,0,-253.56,12.072,248.09,-0.34,-588.55,320,R20MZ_FZ_250_filtered
25,12,0,-253.56,7.773,249.17,20.39,-557.25,428,R20MZ_FZ_250_filtered
25,12,0,-253.54,11.144,416.64,11.53,-600.35,6507,R20MZ_FZ_250_filtered
25,12,0,-253.5,0.514,419.99,8.87,-72.15,6841,R20MZ_FZ_250_filtered
25,12,0,-253.48,-1.133,290.88,-20.49,145.91,2466,R20MZ_FZ_250_filtered
25,12,0,-253.47,9.821,282.46,12.51,-584.86,1625,R20MZ_FZ_250_filtered
25,12,0,-253.45,0.627,284.76,11.51,-86.88,1855,R20MZ_FZ_250_filtered
25,12,0,-253.44,10.737,248.43,7.92,-585.63,354,R20MZ_FZ_250_filtered
25,12,0,-253.44,-7.705,255.44,-22.9,557.68,1054,R20MZ_FZ_250_filtered
25,12,0,-253.44,-7.043,255.6,-36.77,544.54,1070,R20MZ_FZ_250_filtered
25,12,0,-253.44,8.871,417.9,15.23,-577.09,6632,R20MZ_FZ_250_filtered
25,12,0,-253.31,10.782,247.56,12.19,-601.13,268,R20MZ_FZ_250_filtered
25,12,0,-253.31,11.665,247.8,-0.75,-589.92,292,R20MZ_FZ_250_filtered
25,12,-0,-253.3,-8.173,424.31,-31.35,566.54,7272,R20MZ_FZ_250_filtered
25,12,-0,-253.29,1.777,250.67,26.94,-215.13,578,R20MZ_FZ_250_filtered
25,12,0,-253.29,7.713,282.99,23.78,-559.42,1678,R20MZ_FZ_250_filtered
25,12,0,-253.25,12.199,248.03,11.57,-585.77,314,R20MZ_FZ_250_filtered
25,12,-0,-253.19,-8.201,424.3,-30.59,567.32,7271,R20MZ_FZ_250_filtered
25,12,0,-253.18,11.609,416.76,8.67,-595.53,6519,R20MZ_FZ_250_filtered
25,12,0,-253.17,7.91,418.14,21.33,-567.33,6656,R20MZ_FZ_250_filtered
25,12,0,-253.15,-0.604,257.21,-11.86,84.18,1231,R20MZ_FZ_250_filtered
25,12,0,-253.11,7.202,249.31,28.98,-546.09,442,R20MZ_FZ_250_filtered
25,12,0,-253.08,-8.019,289.15,-32.21,562.68,2293,R20MZ_FZ_250_filtered
25,12,0,-253.04,10.846,281.37,11.39,-598.17,1517,R20MZ_FZ_250_filtered
25,12,0,-253.03,11.81,417.16,1.03,-594.91,6558,R20MZ_FZ_250_filtered
25,12,0,-253.01,-1.148,257.08,-20.56,149.48,1218,R20MZ_FZ_250_filtered
25,12,4,-253.01,10.985,754.603,30.55,-529.86,18959,R20MZ_IA-4_FZ_250_filtered
25,12,0,-252.99,10.515,248.48,12.06,-578.96,359,R20MZ_FZ_250_filtered
25,12,0,-252.93,8.122,282.89,23.36,-567.33,1668,R20MZ_FZ_250_filtered
25,12,4,-252.93,11.185,754.654,33.05,-537.66,18964,R20MZ_IA-4_FZ_250_filtered
25,12,0,-252.91,10.245,247.43,16.61,-611.86,255,R20MZ_FZ_250_filtered
25,12,0,-252.91,10.266,248.54,20.35,-584.4,365,R20MZ_FZ_250_filtered
25,12,0,-252.91,9.15,282.63,18.34,-574.29,1642,R20MZ_FZ_250_filtered
25,12,0,-252.9,7.281,249.29,27.25,-547.8,440,R20MZ_FZ_250_filtered
25,12,-0,-252.89,6.818,249.41,26.16,-535.54,452,R20MZ_FZ_250_filtered
25,12,0,-252.87,-7.309,255.53,-31.63,550.88,1063,R20MZ_FZ_250_filtered
25,12,2,-252.86,11.201,585.658,20.37,-590.33,12737,R20MZ_IA-2_FZ_250_filtered
25,12,0,-252.85,11.864,281.95,-8.94,-584.2,1574,R20MZ_FZ_250_filtered
25,12,0,-252.84,10.285,247.44,15.13,-607.49,256,R20MZ_FZ_250_filtered
25,12,0,-252.84,7.243,249.3,27.9,-546.55,441,R20MZ_FZ_250_filtered
25,12,0,-252.78,7.641,249.2,23.51,-556.32,431,R20MZ_FZ_250_filtered
25,12,2,-252.76,-11.781,592.407,3.84,589.69,13410,R20MZ_IA-2_FZ_250_filtered
25,12,0,-252.75,1.456,250.75,21.62,-184.58,586,R20MZ_FZ_250_filtered
25,12,0,-252.75,8.374,418.02,23.8,-572.13,6644,R20MZ_FZ_250_filtered
25,12,0,-252.74,0.055,278.68,3.82,-15.54,1248,R20MZ_FZ_250_filtered
25,12,0,-252.71,1.518,419.74,23.08,-186.74,6816,R20MZ_FZ_250_filtered
25,12,0,-252.69,-7.85,424.4,-24.26,563.27,7281,R20MZ_FZ_250_filtered
25,12,0,-252.68,1.201,414.16,23.23,-168.31,6259,R20MZ_FZ_250_filtered
25,12,0,-252.66,-7.728,289.23,-22.79,557.84,2301,R20MZ_FZ_250_filtered
25,12,0,-252.65,10.972,248.37,7.82,-579.56,348,R20MZ_FZ_250_filtered
25,12,0,-252.64,8.265,418.05,24.4,-573.53,6647,R20MZ_FZ_250_filtered
25,12,0,-252.63,9.593,248.71,14.52,-575.69,382,R20MZ_FZ_250_filtered
25,12,0,-252.62,8.658,282.75,19.16,-571.66,1654,R20MZ_FZ_250_filtered
25,12,-0,-252.62,10.168,416.4,15.7,-609.2,6483,R20MZ_FZ_250_filtered
25,12,4,-252.62,-9.026,762.103,5.59,578.06,19707,R20MZ_IA-4_FZ_250_filtered
25,12,0,-252.61,8.185,282.87,23.17,-567.49,1666,R20MZ_FZ_250_filtered
25,12,0,-252.61,10.134,416.39,16.89,-612.15,6482,R20MZ_FZ_250_filtered
25,12,-0,-252.61,-8.135,424.32,-32.1,566.1,7273,R20MZ_FZ_250_filtered
25,12,2,-252.59,-9.996,592.867,-2.16,583.79,13456,R20MZ_IA-2_FZ_250_filtered
25,12,0,-252.56,10.066,282.4,14.49,-580.95,1619,R20MZ_FZ_250_filtered
25,12,0,-252.53,11.351,248.26,15.53,-581.9,337,R20MZ_FZ_250_filtered
25,12,0,-252.52,11.161,282.12,16.85,-587.02,1591,R20MZ_FZ_250_filtered
25,12,2,-252.52,-12.201,592.307,8.64,591.08,13400,R20MZ_IA-2_FZ_250_filtered
25,12,0,-252.51,0.371,284.83,5.75,-51.52,1862,R20MZ_FZ_250_filtered
25,12,2,-252.47,8.653,586.948,30.88,-570.04,12865,R20MZ_IA-2_FZ_250_filtered
25,12,0,-252.44,1.688,245.29,27.93,-227.56,41,R20MZ_FZ_250_filtered
25,12,2,-252.43,9.216,586.808,27.82,-573.13,12851,R20MZ_IA-2_FZ_250_filtered
25,12,0,-252.42,1.206,278.96,24.07,-164.44,1276,R20MZ_FZ_250_filtered
25,12,0,-252.4,10.223,416.41,15.3,-604.08,6484,R20MZ_FZ_250_filtered
25,12,0,-252.38,11.26,247.68,10.1,-594.61,280,R20MZ_FZ_250_filtered
25,12,4,-252.38,11.345,755.263,38.66,-535.98,19024,R20MZ_IA-4_FZ_250_filtered
25,12,0,-252.36,-0.672,290.99,-12.72,91.49,2477,R20MZ_FZ_250_filtered
25,12,0,-252.34,10.75,282.23,8.39,-586.39,1602,R20MZ_FZ_250_filtered
25,12,0,-252.32,9.4,248.76,19.84,-579.12,387,R20MZ_FZ_250_filtered
25,12,0,-252.29,9.855,248.65,13.03,-581.89,376,R20MZ_FZ_250_filtered
25,12,2,-252.29,-11.269,592.537,-8.31,588.46,13423,R20MZ_IA-2_FZ_250_filtered
25,12,0,-252.28,7.87,418.15,22.16,-566.86,6657,R20MZ_FZ_250_filtered
25,12,4,-252.27,-9.137,762.073,0.97,576.65,19704,R20MZ_IA-4_FZ_250_filtered
25,12,0,-252.24,11.6,281.56,10.78,-601.28,1536,R20MZ_FZ_250_filtered
25,12,0,-252.24,10.219,417.56,16.94,-585.93,6598,R20MZ_FZ_250_filtered
25,12,4,-252.24,-12.275,761.153,21.31,585.64,19612,R20MZ_IA-4_FZ_250_filtered
25,12,2,-252.22,11.486,585.728,21.92,-596.57,12744,R20MZ_IA-2_FZ_250_filtered
25,12,2,-252.22,-10.77,592.667,-1.04,583.64,13436,R20MZ_IA-2_FZ_250_filtered
25,12,0,-252.21,11.746,416.82,0.71,-601.13,6525,R20MZ_FZ_250_filtered
25,12,0,-252.2,12.305,416.88,-10.67,-592.1,6530,R20MZ_FZ_250_filtered
25,12,0,-252.17,12.263,416.93,6.02,-598.17,6535,R20MZ_FZ_250_filtered
25,12,2,-252.14,12.177,586.058,11.6,-586.77,12776,R20MZ_IA-2_FZ_250_filtered
25,12,0,-252.12,8.15,282.88,23.15,-567.02,1667,R20MZ_FZ_250_filtered
25,12,0,-252.11,12.256,247.92,1.39,-588.4,303,R20MZ_FZ_250_filtered
25,12,0,-252.1,1.565,419.73,22.21,-191.54,6815,R20MZ_FZ_250_filtered
25,12,4,-252.1,10.042,754.373,32.02,-540.66,18936,R20MZ_IA-4_FZ_250_filtered
25,12,0,-252.09,0.977,278.9,16.05,-134.81,1270,R20MZ_FZ_250_filtered
25,12,0,-252.09,1.141,419.83,19.58,-147.5,6825,R20MZ_FZ_250_filtered
25,12,0,-252.05,11.538,247.75,11.2,-601.91,287,R20MZ_FZ_250_filtered
25,12,0,-252.05,-8.247,424.29,-29.48,568.25,7270,R20MZ_FZ_250_filtered
25,12,2,-252.01,1.428,588.758,38.02,-138.78,13046,R20MZ_IA-2_FZ_250_filtered
25,12,0,-252,11.737,247.86,-6.22,-595.53,298,R20MZ_FZ_250_filtered
25,12,0,-251.99,9.811,247.32,18.15,-612.93,244,R20MZ_FZ_250_filtered
25,12,0,-251.94,-7.646,424.45,-24.77,561.76,7286,R20MZ_FZ_250_filtered
25,12,0,-251.92,10.667,247.53,14.97,-608.44,265,R20MZ_FZ_250_filtered
25,12,0,-251.88,11.106,247.64,13.23,-605.8,276,R20MZ_FZ_250_filtered
25,12,0,-251.85,7.732,249.18,21.03,-556.01,429,R20MZ_FZ_250_filtered
25,12,0,-251.84,1.487,414.23,27.23,-200.42,6266,R20MZ_FZ_250_filtered
25,12,2,-251.83,8.695,586.938,30.22,-568.81,12864,R20MZ_IA-2_FZ_250_filtered
25,12,0,-251.82,11.605,248.2,10.49,-585.91,331,R20MZ_FZ_250_filtered
25,12,0,-251.82,-7.378,289.31,-30.9,552.61,2309,R20MZ_FZ_250_filtered
25,12,-0,-251.81,8.535,282.78,22.49,-572.9,1657,R20MZ_FZ_250_filtered
25,12,2,-251.8,10.148,586.578,24.27,-579.97,12828,R20MZ_IA-2_FZ_250_filtered
25,12,0,-251.79,11.411,416.71,12.3,-604.85,6514,R20MZ_FZ_250_filtered
25,12,0,-251.79,8.338,418.03,23.84,-571.66,6645,R20MZ_FZ_250_filtered
25,12,0,-251.79,8.305,418.04,24.14,-571.97,6646,R20MZ_FZ_250_filtered
25,12,0,-251.78,10.7,416.53,12.88,-601.57,6496,R20MZ_FZ_250_filtered
25,12,0,-251.77,0.745,278.84,11.67,-100.69,1264,R20MZ_FZ_250_filtered
25,12,0,-251.74,-0.648,257.2,-12.64,90.25,1230,R20MZ_FZ_250_filtered
25,12,0,-251.71,12.222,247.97,15.76,-591.81,308,R20MZ_FZ_250_filtered
25,12,0,-251.68,-0.205,251.16,-3.09,17.96,627,R20MZ_FZ_250_filtered
25,12,0,-251.68,-0.28,257.29,-10.75,36.12,1239,R20MZ_FZ_250_filtered
25,12,0,-251.67,-0.233,284.97,-3.74,22.94,1876,R20MZ_FZ_250_filtered
25,12,0,-251.65,10.481,282.29,13.46,-579.87,1608,R20MZ_FZ_250_filtered
25,12,0,-251.64,8.082,249.09,23.92,-564.53,420,R20MZ_FZ_250_filtered
25,12,0,-251.63,-7.429,289.3,-30.23,553.55,2308,R20MZ_FZ_250_filtered
25,12,0,-251.62,8.198,249.06,22.81,-564.38,417,R20MZ_FZ_250_filtered
25,12,0,-251.62,7.692,249.19,22.21,-555.69,430,R20MZ_FZ_250_filtered
25,12,0,-251.62,1.011,250.86,17.72,-133.09,597,R20MZ_FZ_250_filtered
25,12,4,-251.6,1.73,757.683,53.53,-128.35,19266,R20MZ_IA-4_FZ_250_filtered
25,12,-0,-251.57,10.036,417.61,13.93,-586.53,6603,R20MZ_FZ_250_filtered
25,12,0,-251.55,9.85,247.33,16.8,-607.96,245,R20MZ_FZ_250_filtered
25,12,4,-251.55,8.037,756.103,43.91,-530.61,19108,R20MZ_IA-4_FZ_250_filtered
25,12,0,-251.5,1.341,250.78,22.8,-168.13,589,R20MZ_FZ_250_filtered
25,12,-0,-251.48,8.68,248.94,17.24,-569.47,405,R20MZ_FZ_250_filtered
25,12,0,-251.48,-7.36,255.52,-30.5,551.66,1062,R20MZ_FZ_250_filtered
25,12,4,-251.48,-12.261,761.163,18.55,586.05,19613,R20MZ_IA-4_FZ_250_filtered
25,12,4,-251.48,-10.306,761.773,2.06,583.26,19674,R20MZ_IA-4_FZ_250_filtered
25,12,0,-251.46,0.832,250.9,16.97,-112.31,601,R20MZ_FZ_250_filtered
25,12,0,-251.45,9.578,282.52,15.89,-576.77,1631,R20MZ_FZ_250_filtered
25,12,0,-251.45,-7.881,424.39,-25.41,563.91,7280,R20MZ_FZ_250_filtered
25,12,0,-251.44,10.324,247.45,14.45,-601.58,257,R20MZ_FZ_250_filtered
25,12,0,-251.39,11.165,248.31,17.69,-581.73,342,R20MZ_FZ_250_filtered
25,12,0,-251.38,9.878,281.13,17.09,-608.43,1493,R20MZ_FZ_250_filtered
25,12,4,-251.37,-10.51,761.723,5.51,583.76,19669,R20MZ_IA-4_FZ_250_filtered
25,12,0,-251.36,9.153,417.83,19.37,-581.43,6625,R20MZ_FZ_250_filtered
25,12,0,-251.33,10.289,282.34,20.42,-584.23,1613,R20MZ_FZ_250_filtered
25,12,0,-251.32,1.683,279.08,27.15,-220.42,1288,R20MZ_FZ_250_filtered
25,12,2,-251.31,-8.738,593.177,-6.63,577.09,13487,R20MZ_IA-2_FZ_250_filtered
25,12,0,-251.3,1.653,245.28,27.91,-222.76,40,R20MZ_FZ_250_filtered
25,12,0,-251.3,10.202,247.42,17.72,-612.78,254,R20MZ_FZ_250_filtered
25,12,0,-251.3,10.819,247.57,11.41,-596.31,269,R20MZ_FZ_250_filtered
25,12,0,-251.29,-7.774,289.22,-23.6,558.96,2300,R20MZ_FZ_250_filtered
25,12,0,-251.29,9.259,416.17,19.46,-605.79,6460,R20MZ_FZ_250_filtered
25,12,0,-251.27,10.284,281.23,17.28,-612.31,1503,R20MZ_FZ_250_filtered
25,12,0,-251.26,10.663,417.45,8.58,-586.54,6587,R20MZ_FZ_250_filtered
25,12,0,-251.23,-7.553,424.47,-25.67,559.59,7288,R20MZ_FZ_250_filtered
25,12,4,-251.23,-11.522,760.993,14.16,588.66,19597,R20MZ_IA-4_FZ_250_filtered
25,12,0,-251.22,8.83,417.91,16.47,-574.75,6633,R20MZ_FZ_250_filtered
25,12,0,-251.21,8.333,415.94,23.88,-597.43,6437,R20MZ_FZ_250_filtered
25,12,0,-251.19,8.512,248.98,21.48,-571.52,409,R20MZ_FZ_250_filtered
25,12,0,-251.15,1.42,250.76,21.49,-178.2,587,R20MZ_FZ_250_filtered
25,12,4,-251.14,-12.245,761.173,16.74,586.66,19614,R20MZ_IA-4_FZ_250_filtered
25,12,4,-251.14,-12.221,761.273,11.1,586.36,19624,R20MZ_IA-4_FZ_250_filtered
25,12,0,-251.12,9.412,282.56,20.7,-579.12,1635,R20MZ_FZ_250_filtered
25,12,0,-251.08,9.843,281.12,18.38,-611.22,1492,R20MZ_FZ_250_filtered
25,12,-0,-251.08,8.996,282.67,17.88,-576.3,1646,R20MZ_FZ_250_filtered
25,12,0,-251.06,-7.514,424.48,-26.17,558.33,7289,R20MZ_FZ_250_filtered
25,12,0,-251.03,1.728,245.3,27.98,-231.57,42,R20MZ_FZ_250_filtered
25,12,0,-251.03,0.225,278.72,9.28,-33.21,1252,R20MZ_FZ_250_filtered
25,12,-0,-251.03,11.342,417.27,18.67,-592.74,6569,R20MZ_FZ_250_filtered
25,12,0,-251.03,11.103,417.34,11.58,-587.16,6576,R20MZ_FZ_250_filtered
25,12,0,-251.01,1.374,250.77,22.02,-172.61,588,R20MZ_FZ_250_filtered
25,12,0,-251,8.967,248.87,18.94,-575.07,398,R20MZ_FZ_250_filtered
25,12,2,-251,9.838,585.318,24.87,-589.15,12703,R20MZ_IA-2_FZ_250_filtered
25,12,0,-250.98,10.05,248.6,14.13,-577.54,371,R20MZ_FZ_250_filtered
25,12,0,-250.98,9.92,281.14,16.25,-602.22,1494,R20MZ_FZ_250_filtered
25,12,0,-250.95,9.291,416.18,18.32,-600.65,6461,R20MZ_FZ_250_filtered
25,12,-0,-250.9,9.652,416.27,18.87,-610.29,6470,R20MZ_FZ_250_filtered
25,12,0,-250.86,-7.607,424.46,-24.99,560.37,7287,R20MZ_FZ_250_filtered
25,12,2,-250.85,-11.443,591.978,-2.75,589.49,13368,R20MZ_IA-2_FZ_250_filtered
25,12,0,-250.83,9.384,247.21,19.86,-610.3,233,R20MZ_FZ_250_filtered
25,12,0,-250.79,7.9,415.83,26.13,-589.21,6426,R20MZ_FZ_250_filtered
25,12,0,-250.78,10.529,416.49,15.73,-612.29,6492,R20MZ_FZ_250_filtered
25,12,4,-250.77,11.098,754.633,32.29,-528.76,18962,R20MZ_IA-4_FZ_250_filtered
25,12,0,-250.75,2.013,414.36,31.67,-258.57,6279,R20MZ_FZ_250_filtered
25,12,0,-250.75,1.096,419.84,19.97,-141.29,6826,R20MZ_FZ_250_filtered
25,12,0,-250.74,9.565,417.72,18.29,-584.67,6614,R20MZ_FZ_250_filtered
25,12,0,-250.73,9.112,282.64,17.82,-573.5,1643,R20MZ_FZ_250_filtered
25,12,0,-250.73,9.738,417.68,12.87,-582.03,6610,R20MZ_FZ_250_filtered
25,12,0,-250.72,11.837,248.15,-9.51,-583.72,326,R20MZ_FZ_250_filtered
25,12,0,-250.68,8.573,282.77,21.06,-571.65,1656,R20MZ_FZ_250_filtered
25,12,0,-250.68,8.801,416.06,20.95,-600.2,6449,R20MZ_FZ_250_filtered
25,12,0,-250.68,-7.922,424.38,-26.4,564.39,7279,R20MZ_FZ_250_filtered
25,12,0,-250.67,11.864,417.15,-4.37,-592.1,6557,R20MZ_FZ_250_filtered
25,12,0,-250.66,9.123,248.83,17.97,-572.11,394,R20MZ_FZ_250_filtered
25,12,0,-250.66,8.133,249.08,23.5,-563.74,419,R20MZ_FZ_250_filtered
25,12,0,-250.64,1.804,279.11,27.21,-234.52,1291,R20MZ_FZ_250_filtered
25,12,0,-250.64,11.181,416.65,11.03,-596.3,6508,R20MZ_FZ_250_filtered
25,12,0,-250.62,10.776,248.42,7.23,-582.65,353,R20MZ_FZ_250_filtered
25,12,0,-250.62,-8.521,255.23,-22.55,568.1,1033,R20MZ_FZ_250_filtered
25,12,0,-250.62,11.645,416.77,6.83,-591.93,6520,R20MZ_FZ_250_filtered
25,12,0,-250.59,8.969,280.9,21.91,-602.85,1470,R20MZ_FZ_250_filtered
25,12,-0,-250.57,10.945,282.18,6.05,-580.62,1597,R20MZ_FZ_250_filtered
25,12,0,-250.57,10.088,416.38,17.37,-612.3,6481,R20MZ_FZ_250_filtered
25,12,0,-250.56,8.624,282.76,20.16,-571.34,1655,R20MZ_FZ_250_filtered
25,12,0,-250.54,9.772,247.31,19.34,-614.18,243,R20MZ_FZ_250_filtered
25,12,0,-250.54,1.389,279.01,25.7,-188.47,1281,R20MZ_FZ_250_filtered
25,12,0,-250.53,1.322,245.2,26.31,-184.43,32,R20MZ_FZ_250_filtered
25,12,0,-250.53,9.327,247.2,20.85,-612.31,232,R20MZ_FZ_250_filtered
25,12,2,-250.51,-11.667,592.047,9.9,592.89,13375,R20MZ_IA-2_FZ_250_filtered
25,12,0,-250.49,10.313,248.53,19.23,-581.57,364,R20MZ_FZ_250_filtered
25,12,0,-250.45,12.107,248.08,-0.86,-586.34,319,R20MZ_FZ_250_filtered
25,12,0,-250.45,0.096,278.69,5.12,-18.46,1249,R20MZ_FZ_250_filtered
25,12,0,-250.4,0.98,284.67,17.02,-126.86,1846,R20MZ_FZ_250_filtered
25,12,0,-250.39,-8.571,255.22,-20.58,568.1,1032,R20MZ_FZ_250_filtered
25,12,0,-250.36,8.75,417.93,19.13,-575.21,6635,R20MZ_FZ_250_filtered
25,12,0,-250.33,-8.582,424.21,-21.69,571.21,7262,R20MZ_FZ_250_filtered
25,12,0,-250.32,8.938,247.1,21.78,-606.88,222,R20MZ_FZ_250_filtered
25,12,0,-250.3,7.464,415.72,28.3,-580.98,6415,R20MZ_FZ_250_filtered
25,12,-0,-250.3,-8.287,424.28,-28.5,568.74,7269,R20MZ_FZ_250_filtered
25,12,0,-250.29,-0.233,257.3,-8.97,32.4,1240,R20MZ_FZ_250_filtered
25,12,0,-250.29,-8.953,288.92,-22.8,572.91,2270,R20MZ_FZ_250_filtered
25,12,0,-250.28,9.212,416.16,20.31,-607.5,6459,R20MZ_FZ_250_filtered
25,12,2,-250.27,-12.262,592.148,11.98,590.85,13384,R20MZ_IA-2_FZ_250_filtered
25,12,0,-250.26,-0.471,420.23,-7.29,58.14,6865,R20MZ_FZ_250_filtered
25,12,0,-250.26,-12.22,423.18,-9.01,584.67,7159,R20MZ_FZ_250_filtered
25,12,2,-250.24,-11.889,592.388,17.14,588.98,13408,R20MZ_IA-2_FZ_250_filtered
25,12,2,-250.24,-8.875,593.147,-5.51,578.01,13484,R20MZ_IA-2_FZ_250_filtered
25,12,-0,-250.22,8.771,416.05,21.9,-602.69,6448,R20MZ_FZ_250_filtered
25,12,0,-250.18,10.494,417.49,15.75,-587.29,6591,R20MZ_FZ_250_filtered
25,12,0,-250.17,9.864,282.45,12.16,-582.03,1624,R20MZ_FZ_250_filtered
25,12,0,-250.16,10.469,248.49,12.53,-577.06,360,R20MZ_FZ_250_filtered
25,12,0,-250.16,10.889,281.38,11.27,-592.1,1518,R20MZ_FZ_250_filtered
25,12,0,-250.15,8.793,417.92,17.41,-573.97,6634,R20MZ_FZ_250_filtered
25,12,2,-250.15,-11.392,592.497,-10.41,588.39,13419,R20MZ_IA-2_FZ_250_filtered
25,12,-0,-250.14,-8.997,288.91,-23.92,573.23,2269,R20MZ_FZ_250_filtered
25,12,2,-250.12,-12.21,592.268,-4.89,588.68,13396,R20MZ_IA-2_FZ_250_filtered
25,12,0,-250.1,-9.398,288.8,-22.97,576.01,2258,R20MZ_FZ_250_filtered
25,12,0,-250.07,8.899,247.09,22.86,-609.37,221,R20MZ_FZ_250_filtered
25,12,-0,-250.06,11.691,247.81,-1.2,-589.13,293,R20MZ_FZ_250_filtered
25,12,0,-250.06,2.222,279.21,31.5,-274.54,1301,R20MZ_FZ_250_filtered
25,12,2,-250.04,-11.108,592.588,0.45,585.43,13428,R20MZ_IA-2_FZ_250_filtered
25,12,0,-250,11.3,247.69,10.24,-591.16,281,R20MZ_FZ_250_filtered
25,12,0,-249.99,10.933,248.38,6.05,-577.52,349,R20MZ_FZ_250_filtered
25,12,0,-249.98,0.378,251.02,6.42,-56.15,613,R20MZ_FZ_250_filtered
25,12,0,-249.96,0.413,284.82,6.75,-54.9,1861,R20MZ_FZ_250_filtered
25,12,0,-249.95,10.033,282.41,13.39,-578.92,1620,R20MZ_FZ_250_filtered
25,12,0,-249.95,11.731,416.81,-0.12,-596.9,6524,R20MZ_FZ_250_filtered
25,12,0,-249.93,0.702,278.83,10.92,-94,1263,R20MZ_FZ_250_filtered
25,12,0,-249.93,11.995,417.12,-14.39,-586.65,6554,R20MZ_FZ_250_filtered
25,12,2,-249.93,-9.825,592.907,-0.88,582.2,13460,R20MZ_IA-2_FZ_250_filtered
25,12,0,-249.91,-9.072,424.09,-25.25,575.24,7250,R20MZ_FZ_250_filtered
25,12,0,-249.9,7.942,415.84,24.74,-585.16,6427,R20MZ_FZ_250_filtered
25,12,-0,-249.88,-9.132,424.07,-25.99,576.65,7248,R20MZ_FZ_250_filtered
25,12,4,-249.87,-11.251,760.923,12.14,587.05,19590,R20MZ_IA-4_FZ_250_filtered
25,12,0,-249.86,1.149,278.95,22.15,-158.37,1275,R20MZ_FZ_250_filtered
25,12,0,-249.82,8.845,416.07,19.7,-594.75,6450,R20MZ_FZ_250_filtered
25,12,0,-249.81,11.569,281.55,11.83,-598.62,1535,R20MZ_FZ_250_filtered
25,12,0,-249.79,9.415,247.22,18.91,-604.84,234,R20MZ_FZ_250_filtered
25,12,0,-249.78,-9.11,424.08,-25.81,576.18,7249,R20MZ_FZ_250_filtered
25,12,-0,-249.77,9.074,282.65,17.9,-573.33,1644,R20MZ_FZ_250_filtered
25,12,0,-249.76,0.182,278.71,7.73,-27.15,1251,R20MZ_FZ_250_filtered
25,12,2,-249.76,-11.998,592.367,28.57,587.72,13406,R20MZ_IA-2_FZ_250_filtered
25,12,2,-249.74,-11.04,592.607,4.62,588.69,13430,R20MZ_IA-2_FZ_250_filtered
25,12,0,-249.73,11.065,247.63,13.26,-602.67,275,R20MZ_FZ_250_filtered
25,12,0,-249.73,9.559,248.72,15.06,-574.26,383,R20MZ_FZ_250_filtered
25,12,0,-249.71,2.178,279.2,31.66,-270.19,1300,R20MZ_FZ_250_filtered
25,12,0,-249.7,11.502,247.74,11.81,-599.25,286,R20MZ_FZ_250_filtered
25,12,0,-249.7,8.17,249.07,23.11,-563.75,418,R20MZ_FZ_250_filtered
25,12,0,-249.7,1.244,414.17,23.9,-171.7,6260,R20MZ_FZ_250_filtered
25,12,0,-249.68,10.789,282.22,7.3,-582.48,1601,R20MZ_FZ_250_filtered
25,12,0,-249.66,12.185,248.04,8.93,-584.03,315,R20MZ_FZ_250_filtered
25,12,0,-249.64,-8.611,255.21,-18.46,568.25,1031,R20MZ_FZ_250_filtered
25,12,0,-249.63,-0.601,285.07,-11,79.71,1886,R20MZ_FZ_250_filtered
25,12,0,-249.61,-7.965,255.37,-30.61,559.76,1047,R20MZ_FZ_250_filtered
25,12,0,-249.6,-9.362,288.81,-25.13,575.71,2259,R20MZ_FZ_250_filtered
25,12,0,-249.59,11.326,248.27,15.76,-579.55,338,R20MZ_FZ_250_filtered
25,12,0,-249.59,9.015,248.86,18.42,-573.51,397,R20MZ_FZ_250_filtered
25,12,0,-249.59,-0.499,420.24,-8.37,64.06,6866,R20MZ_FZ_250_filtered
25,12,-0,-249.58,2.048,414.37,31.36,-262.42,6280,R20MZ_FZ_250_filtered
25,12,0,-249.56,8.458,246.98,24.69,-602.54,210,R20MZ_FZ_250_filtered
25,12,2,-249.56,-12.091,592.347,27.89,587.41,13404,R20MZ_IA-2_FZ_250_filtered
25,12,0,-249.54,10.329,282.33,19.56,-580.94,1612,R20MZ_FZ_250_filtered
25,12,0,-249.54,9.226,417.81,19,-577.51,6623,R20MZ_FZ_250_filtered
25,12,0,-249.54,-11.672,423.06,0.61,585.13,7148,R20MZ_FZ_250_filtered
25,12,2,-249.54,-12.204,592.258,-7.47,588.2,13395,R20MZ_IA-2_FZ_250_filtered
25,12,4,-249.54,-11.45,760.973,14.18,590.12,19595,R20MZ_IA-4_FZ_250_filtered
25,12,0,-249.51,8.555,248.97,20.01,-569.79,408,R20MZ_FZ_250_filtered
25,12,0,-249.49,-12.203,288.01,-17.29,585.49,2179,R20MZ_FZ_250_filtered
25,12,0,-249.49,-8.539,424.22,-23.09,570.45,7263,R20MZ_FZ_250_filtered
25,12,2,-249.49,-9.777,592.917,-1.73,582.5,13461,R20MZ_IA-2_FZ_250_filtered
25,12,0,-249.47,12.228,247.96,13.71,-589.31,307,R20MZ_FZ_250_filtered
25,12,0,-249.47,11.208,248.3,17.42,-579.38,341,R20MZ_FZ_250_filtered
25,12,0,-249.47,10.072,417.6,14.6,-584.34,6602,R20MZ_FZ_250_filtered
25,12,0,-249.47,-7.988,424.36,-29.71,565.2,7277,R20MZ_FZ_250_filtered
25,12,0,-249.44,-0.241,251.17,-3.88,24.66,628,R20MZ_FZ_250_filtered
25,12,0,-249.43,12.237,417.01,13.81,-589.93,6543,R20MZ_FZ_250_filtered
25,12,0,-249.42,10.239,281.22,17.76,-610.74,1502,R20MZ_FZ_250_filtered
25,12,4,-249.42,-2.121,758.643,-2.94,311.62,19362,R20MZ_IA-4_FZ_250_filtered
25,12,0,-249.41,9.012,280.91,20.43,-598.34,1471,R20MZ_FZ_250_filtered
25,12,0,-249.41,1.436,414.22,27.03,-194.51,6265,R20MZ_FZ_250_filtered
25,12,0,-249.4,11.648,248.19,7.62,-583.41,330,R20MZ_FZ_250_filtered
25,12,0,-249.37,-0.288,284.98,-4.5,29.48,1877,R20MZ_FZ_250_filtered
25,12,0,-249.35,9.891,247.34,15.72,-601.89,246,R20MZ_FZ_250_filtered
25,12,0,-249.33,11.736,281.62,0.27,-587.61,1542,R20MZ_FZ_250_filtered
25,12,0,-249.3,0.571,278.8,8.9,-78.95,1260,R20MZ_FZ_250_filtered
25,12,0,-249.29,10.176,417.57,15.8,-584.05,6599,R20MZ_FZ_250_filtered
25,12,0,-249.27,10.371,247.46,13.73,-596.14,258,R20MZ_FZ_250_filtered
25,12,-0,-249.25,-9.888,288.69,-13,578.66,2247,R20MZ_FZ_250_filtered
25,12,0,-249.25,-12.199,423.28,-14.59,585.92,7169,R20MZ_FZ_250_filtered
25,12,0,-249.23,9.025,282.66,17.85,-574.59,1645,R20MZ_FZ_250_filtered
25,12,0,-249.23,-0.102,284.94,-1.55,7.28,1873,R20MZ_FZ_250_filtered
25,12,0,-249.23,9.612,417.71,17.04,-582.64,6613,R20MZ_FZ_250_filtered
25,12,0,-249.22,12.13,248.07,-0.84,-584.47,318,R20MZ_FZ_250_filtered
25,12,-0,-249.22,1.643,279.07,26.61,-214.5,1287,R20MZ_FZ_250_filtered
25,12,0,-249.21,-9.544,423.97,-19.67,579.28,7238,R20MZ_FZ_250_filtered
25,12,0,-249.2,10.613,247.52,15.16,-605.62,264,R20MZ_FZ_250_filtered
25,12,0,-249.2,9.433,248.75,18.37,-576.61,386,R20MZ_FZ_250_filtered
25,12,0,-249.19,11.731,247.85,-2.98,-594.12,297,R20MZ_FZ_250_filtered
25,12,0,-249.17,-12.205,423.19,-12.24,584.54,7160,R20MZ_FZ_250_filtered
25,12,0,-249.17,-12.189,423.3,-9.36,584.86,7171,R20MZ_FZ_250_filtered
25,12,0,-249.13,-12.151,288.12,1.3,584.07,2190,R20MZ_FZ_250_filtered
25,12,0,-249.12,12.228,417.03,12.17,-591.79,6545,R20MZ_FZ_250_filtered
25,12,0,-249.11,-12.19,423.29,-12.96,585.78,7170,R20MZ_FZ_250_filtered
25,12,0,-249.09,8.023,246.87,26.63,-593.09,199,R20MZ_FZ_250_filtered
25,12,0,-249.08,8.648,248.95,17.97,-569,406,R20MZ_FZ_250_filtered
25,12,4,-249.08,8.86,755.893,39.04,-540.39,19087,R20MZ_IA-4_FZ_250_filtered
25,12,0,-249.05,8.49,246.99,23.26,-598.97,211,R20MZ_FZ_250_filtered
25,12,0,-249.04,9.445,282.55,19.04,-576.61,1634,R20MZ_FZ_250_filtered
25,12,0,-249.03,11.071,417.35,10.02,-585.89,6577,R20MZ_FZ_250_filtered
25,12,-0,-249.01,12.116,281.88,-1.02,-584,1567,R20MZ_FZ_250_filtered
25,12,-0,-248.99,-11.708,423.42,-11.1,583.33,7183,R20MZ_FZ_250_filtered
25,12,4,-248.99,0.249,758.053,37.86,44.57,19303,R20MZ_IA-4_FZ_250_filtered
25,12,0,-248.98,-9.03,424.1,-24.65,574.49,7251,R20MZ_FZ_250_filtered
25,12,0,-248.95,-9.002,255.11,-23.95,571.52,1021,R20MZ_FZ_250_filtered
25,12,0,-248.95,-9.027,288.9,-24.51,573.23,2268,R20MZ_FZ_250_filtered
25,12,4,-248.95,8.982,755.863,37.03,-539.94,19084,R20MZ_IA-4_FZ_250_filtered
25,12,0,-248.93,-8.975,255.12,-23.34,571.53,1022,R20MZ_FZ_250_filtered
25,12,0,-248.92,-0.63,285.08,-12.38,85.29,1887,R20MZ_FZ_250_filtered
25,12,4,-248.91,0.477,757.993,40.03,15.69,19297,R20MZ_IA-4_FZ_250_filtered
25,12,0,-248.85,-11.304,423.52,-22.51,584.26,7193,R20MZ_FZ_250_filtered
25,12,0,-248.84,0.133,278.7,6.6,-22.49,1250,R20MZ_FZ_250_filtered
25,12,0,-248.83,-0.57,285.06,-9.6,74.44,1885,R20MZ_FZ_250_filtered
25,12,0,-248.82,-8.368,289.06,-28.73,567.06,2284,R20MZ_FZ_250_filtered
25,12,0,-248.8,-9.852,288.7,-12.41,578.18,2248,R20MZ_FZ_250_filtered
25,12,0,-248.78,9.082,248.84,17.92,-571.49,395,R20MZ_FZ_250_filtered
25,12,0,-248.78,-11.347,423.51,-22.21,584.39,7192,R20MZ_FZ_250_filtered
25,12,0,-248.77,0.197,251.07,2.13,-31.01,618,R20MZ_FZ_250_filtered
25,12,0,-248.76,10.004,248.61,13.51,-576.27,372,R20MZ_FZ_250_filtered
25,12,0,-248.76,11.696,416.79,2.82,-590.2,6522,R20MZ_FZ_250_filtered
25,12,0,-248.75,9.962,281.15,15.62,-595.35,1495,R20MZ_FZ_250_filtered
25,12,0,-248.75,7.421,415.71,29.63,-581.14,6414,R20MZ_FZ_250_filtered
25,12,0,-248.75,8.293,415.93,24.75,-596.8,6436,R20MZ_FZ_250_filtered
25,12,0,-248.73,-12.2,423.27,-16.56,585.77,7168,R20MZ_FZ_250_filtered
25,12,0,-248.71,-12.139,254.33,4.23,581.58,943,R20MZ_FZ_250_filtered
25,12,0,-248.7,8.931,280.89,23.3,-604.09,1469,R20MZ_FZ_250_filtered
25,12,0,-248.7,11.705,416.8,0.39,-593,6523,R20MZ_FZ_250_filtered
25,12,0,-248.69,-8.633,289,-18,569.67,2278,R20MZ_FZ_250_filtered
25,12,0,-248.67,12.23,417.02,13.68,-590.24,6544,R20MZ_FZ_250_filtered
25,12,0,-248.66,11.375,416.7,12.03,-601.1,6513,R20MZ_FZ_250_filtered
25,12,0,-248.65,-10.711,288.48,-11.37,577.88,2226,R20MZ_FZ_250_filtered
25,12,0,-248.64,6.534,415.49,33.3,-552.74,6392,R20MZ_FZ_250_filtered
25,12,4,-248.64,-9.761,760.553,7.2,587.28,19553,R20MZ_IA-4_FZ_250_filtered
25,12,0,-248.63,9.52,282.53,16.37,-575.35,1632,R20MZ_FZ_250_filtered
25,12,0,-248.63,-12.184,288.02,-20.26,583.78,2180,R20MZ_FZ_250_filtered
25,12,4,-248.61,2.315,752.434,58.96,-212.01,18742,R20MZ_IA-4_FZ_250_filtered
25,12,4,-248.61,-11.373,760.953,14.2,589.91,19593,R20MZ_IA-4_FZ_250_filtered
25,12,0,-248.59,9.169,416.15,20.96,-605.46,6458,R20MZ_FZ_250_filtered
25,12,0,-248.59,-11.284,423.53,-22.17,583.02,7194,R20MZ_FZ_250_filtered
25,12,0,-248.58,12.238,247.95,10.28,-587.28,306,R20MZ_FZ_250_filtered
25,12,0,-248.56,10.988,417.37,7.69,-586.81,6579,R20MZ_FZ_250_filtered
25,12,0,-248.55,-11.321,422.95,-12.76,585.31,7137,R20MZ_FZ_250_filtered
25,12,0,-248.52,2.106,245.39,33,-268.64,51,R20MZ_FZ_250_filtered
25,12,0,-248.52,9.747,247.3,19.81,-611.52,242,R20MZ_FZ_250_filtered
25,12,0,-248.52,8.601,248.96,18.81,-569.15,407,R20MZ_FZ_250_filtered
25,12,0,-248.52,-10.033,423.85,-17.26,581.28,7226,R20MZ_FZ_250_filtered
25,12,0,-248.51,10.343,248.52,17.4,-578.91,363,R20MZ_FZ_250_filtered
25,12,0,-248.51,-12.175,254.32,0.8,582.98,942,R20MZ_FZ_250_filtered
25,12,0,-248.51,11.034,417.36,8.79,-586.05,6578,R20MZ_FZ_250_filtered
25,12,4,-248.51,11.609,755.193,36.24,-516.8,19017,R20MZ_IA-4_FZ_250_filtered
25,12,-0,-248.49,8.482,280.78,24.67,-599.43,1458,R20MZ_FZ_250_filtered
25,12,0,-248.47,8.976,247.11,20.44,-600.5,223,R20MZ_FZ_250_filtered
25,12,0,-248.46,9.701,417.69,14.29,-580.93,6611,R20MZ_FZ_250_filtered
25,12,0,-248.45,6.97,415.6,30.99,-567.63,6403,R20MZ_FZ_250_filtered
25,12,0,-248.44,11.956,417.13,-14.07,-587.42,6555,R20MZ_FZ_250_filtered
25,12,0,-248.42,-10.237,288.59,-26.13,578.36,2237,R20MZ_FZ_250_filtered
25,12,0,-248.4,-9.932,288.68,-13.56,578.8,2246,R20MZ_FZ_250_filtered
25,12,0,-248.4,11.907,417.14,-10.47,-589.43,6556,R20MZ_FZ_250_filtered
25,12,0,-248.39,10.855,247.58,11.52,-593.01,270,R20MZ_FZ_250_filtered
25,12,0,-248.38,-10.268,288.58,-25.41,579.12,2236,R20MZ_FZ_250_filtered
25,12,0,-248.35,8.565,280.8,21.91,-593.36,1460,R20MZ_FZ_250_filtered
25,12,0,-248.34,-9.286,288.83,-26.51,574.03,2261,R20MZ_FZ_250_filtered
25,12,0,-248.33,6.093,415.38,34.86,-536,6381,R20MZ_FZ_250_filtered
25,12,0,-248.32,10.173,247.41,18.16,-610.28,253,R20MZ_FZ_250_filtered
25,12,0,-248.32,11.807,248.16,-3.75,-582.31,327,R20MZ_FZ_250_filtered
25,12,0,-248.31,9.296,247.19,22.14,-610.6,231,R20MZ_FZ_250_filtered
25,12,0,-248.31,-11.681,254.43,-10.61,581.91,953,R20MZ_FZ_250_filtered
25,12,-0,-248.31,1.128,278.94,20.77,-152.14,1274,R20MZ_FZ_250_filtered
25,12,-0,-248.31,2.262,279.22,30.71,-277.77,1302,R20MZ_FZ_250_filtered
25,12,0,-248.26,9.99,282.42,12.48,-577.98,1621,R20MZ_FZ_250_filtered
25,12,0,-248.26,9.337,416.19,17.32,-595.05,6462,R20MZ_FZ_250_filtered
25,12,0,-248.25,-10.897,423.64,-4.8,582.22,7205,R20MZ_FZ_250_filtered
25,12,0,-248.25,-9.165,424.06,-25.58,577.11,7247,R20MZ_FZ_250_filtered
25,12,0,-248.24,7.495,415.73,26.84,-577.4,6416,R20MZ_FZ_250_filtered
25,12,0,-248.23,0.659,278.82,10.13,-87.93,1262,R20MZ_FZ_250_filtered
25,12,0,-248.23,-9.051,288.89,-24.72,573.38,2267,R20MZ_FZ_250_filtered
25,12,0,-248.22,10.915,282.19,5.84,-578.59,1598,R20MZ_FZ_250_filtered
25,12,0,-248.21,7.98,246.86,27.95,-592.46,198,R20MZ_FZ_250_filtered
25,12,0,-248.21,8.855,247.08,23.97,-607.65,220,R20MZ_FZ_250_filtered
25,12,0,-248.21,-11.359,422.96,-13.05,583.29,7138,R20MZ_FZ_250_filtered
25,12,0,-248.2,1.826,279.12,26.95,-237.45,1292,R20MZ_FZ_250_filtered
25,12,0,-248.2,-12.195,423.26,-18.46,585.48,7167,R20MZ_FZ_250_filtered
25,12,0,-248.19,-8.662,255.2,-17.87,568.26,1030,R20MZ_FZ_250_filtered
25,12,0,-248.19,10.483,416.48,16.17,-608.85,6491,R20MZ_FZ_250_filtered
25,12,0,-248.18,-8.256,255.29,-29.11,564.09,1039,R20MZ_FZ_250_filtered
25,12,0,-248.18,11.452,417.24,17.6,-587.61,6566,R20MZ_FZ_250_filtered
25,12,0,-248.17,-10.073,423.84,-18.8,581.46,7225,R20MZ_FZ_250_filtered
25,12,0,-248.17,-8.372,424.26,-27.45,569.85,7267,R20MZ_FZ_250_filtered
25,12,0,-248.16,9.048,248.85,17.88,-571.47,396,R20MZ_FZ_250_filtered
25,12,-0,-248.16,10.932,281.39,11.42,-588.51,1519,R20MZ_FZ_250_filtered
25,12,0,-248.16,-10.381,423.75,-21.84,581.77,7216,R20MZ_FZ_250_filtered
25,12,0,-248.15,0.617,278.81,9.88,-83.13,1261,R20MZ_FZ_250_filtered
25,12,0,-248.15,8.05,280.67,26.53,-590.28,1447,R20MZ_FZ_250_filtered
25,12,0,-248.15,9.488,282.54,18.04,-575.2,1633,R20MZ_FZ_250_filtered
25,12,0,-248.13,9.479,248.74,17.13,-575.04,385,R20MZ_FZ_250_filtered
25,12,0,-248.13,-10.996,423.62,-5.71,584.08,7203,R20MZ_FZ_250_filtered
25,12,0,-248.12,5.655,415.27,35.61,-516.29,6370,R20MZ_FZ_250_filtered
25,12,0,-248.1,-10.304,288.57,-23.52,579.75,2235,R20MZ_FZ_250_filtered
25,12,0,-248.09,7.172,280.45,29.27,-565.61,1425,R20MZ_FZ_250_filtered
25,12,0,-248.09,-12.17,288.11,-3.19,584.55,2189,R20MZ_FZ_250_filtered
25,12,0,-248.09,-8.32,289.07,-29.4,566.62,2285,R20MZ_FZ_250_filtered
25,12,0,-248.07,11.215,416.66,10.57,-593.33,6509,R20MZ_FZ_250_filtered
25,12,-0,-248.06,-9.969,288.67,-14.97,578.83,2245,R20MZ_FZ_250_filtered
25,12,0,-248.06,-9.443,423.99,-23.29,576.67,7240,R20MZ_FZ_250_filtered
25,12,0,-248.05,-11.19,254.56,-18.56,579.13,966,R20MZ_FZ_250_filtered
25,12,0,-248.03,10.151,417.58,15.43,-582.95,6600,R20MZ_FZ_250_filtered
25,12,0,-248.02,-12.215,254.2,-13.44,583.3,930,R20MZ_FZ_250_filtered
25,12,0,-248.02,-12.193,288,-13.89,585.63,2178,R20MZ_FZ_250_filtered
25,12,0,-248.02,-11.559,288.25,-19.72,581.76,2203,R20MZ_FZ_250_filtered
25,12,0,-247.98,11.697,247.82,0.19,-589.61,294,R20MZ_FZ_250_filtered
25,12,0,-247.98,-9.823,288.71,-11.83,577.74,2249,R20MZ_FZ_250_filtered
25,12,0,-247.98,11.409,417.25,17.76,-588.69,6567,R20MZ_FZ_250_filtered
25,12,0,-247.97,10.814,248.41,6.73,-579.36,352,R20MZ_FZ_250_filtered
25,12,4,-247.97,-3.495,758.983,-10.32,407.57,19396,R20MZ_IA-4_FZ_250_filtered
25,12,0,-247.96,7.099,246.64,30.16,-568.41,176,R20MZ_FZ_250_filtered
25,12,0,-247.96,-11.738,254.42,-6.73,582.37,952,R20MZ_FZ_250_filtered
25,12,0,-247.96,-9.915,254.89,-12.73,575.08,999,R20MZ_FZ_250_filtered
25,12,0,-247.93,9.908,282.44,11.97,-579.53,1623,R20MZ_FZ_250_filtered
25,12,0,-247.92,-12.196,423.2,-14.66,584.57,7161,R20MZ_FZ_250_filtered
25,12,0,-247.92,-11.028,423.61,-6.88,583.93,7202,R20MZ_FZ_250_filtered
25,12,0,-247.9,-12.191,288.03,-21.9,581.93,2181,R20MZ_FZ_250_filtered
25,12,0,-247.89,1.051,278.92,17.18,-142.21,1272,R20MZ_FZ_250_filtered
25,12,0,-247.89,-11.211,288.35,-20.04,582.86,2213,R20MZ_FZ_250_filtered
25,12,0,-247.88,9.98,248.62,13.1,-576.12,373,R20MZ_FZ_250_filtered
25,12,0,-247.88,9.519,248.73,16.21,-574.11,384,R20MZ_FZ_250_filtered
25,12,0,-247.87,-11.93,423.38,15.21,584.97,7179,R20MZ_FZ_250_filtered
25,12,0,-247.86,-9.943,254.88,-13.79,575.7,998,R20MZ_FZ_250_filtered
25,12,0,-247.86,-8.808,424.16,-15.78,574.16,7257,R20MZ_FZ_250_filtered
25,12,0,-247.85,11.691,248.18,4.97,-582,329,R20MZ_FZ_250_filtered
25,12,0,-247.84,-11.41,423.49,-21.53,583,7190,R20MZ_FZ_250_filtered
25,12,0,-247.83,-8.936,255.13,-22.52,571.07,1023,R20MZ_FZ_250_filtered
25,12,0,-247.82,-10.827,254.66,-6.15,578.48,976,R20MZ_FZ_250_filtered
25,12,0,-247.81,11.24,248.29,17.08,-577.8,340,R20MZ_FZ_250_filtered
25,12,0,-247.8,10.41,282.31,16.44,-577.35,1610,R20MZ_FZ_250_filtered
25,12,4,-247.79,8.142,753.893,43.06,-546.7,18888,R20MZ_IA-4_FZ_250_filtered
25,12,0,-247.78,12.182,248.05,5.29,-582.77,316,R20MZ_FZ_250_filtered
25,12,0,-247.78,9.921,248.63,12.74,-577.51,374,R20MZ_FZ_250_filtered
25,12,0,-247.77,0.119,420.09,1.31,-19.21,6851,R20MZ_FZ_250_filtered
25,12,0,-247.76,-10.853,423.65,-6.19,580.68,7206,R20MZ_FZ_250_filtered
25,12,0,-247.73,8.421,246.97,25.84,-601.61,209,R20MZ_FZ_250_filtered
25,12,0,-247.71,-11.377,423.5,-21.39,584.08,7191,R20MZ_FZ_250_filtered
25,12,0,-247.7,-9.205,424.05,-25.82,576.67,7246,R20MZ_FZ_250_filtered
25,12,0,-247.69,1.087,245.14,20.78,-153.08,26,R20MZ_FZ_250_filtered
25,12,0,-247.69,12.146,281.87,-1.48,-581.67,1566,R20MZ_FZ_250_filtered
25,12,0,-247.68,-8.691,288.99,-16.95,569.52,2277,R20MZ_FZ_250_filtered
25,12,0,-247.67,-9.495,288.78,-19.46,576.19,2256,R20MZ_FZ_250_filtered
25,12,0,-247.66,11.24,282.1,17.77,-580,1589,R20MZ_FZ_250_filtered
25,12,0,-247.66,-8.462,424.24,-25.46,569.54,7265,R20MZ_FZ_250_filtered
25,12,0,-247.65,11.28,248.28,16.59,-577.98,339,R20MZ_FZ_250_filtered
25,12,0,-247.65,1.404,414.21,26.98,-188.75,6264,R20MZ_FZ_250_filtered
25,12,0,-247.64,2.142,279.19,31.57,-265.53,1299,R20MZ_FZ_250_filtered
25,12,0,-247.61,7.577,246.76,27.63,-580.67,188,R20MZ_FZ_250_filtered
25,12,0,-247.59,10.895,248.39,5.61,-575.94,350,R20MZ_FZ_250_filtered
25,12,0,-247.59,-12.182,254.31,-3.62,583.44,941,R20MZ_FZ_250_filtered
25,12,0,-247.58,-12.261,423.15,1.71,586.86,7156,R20MZ_FZ_250_filtered
25,12,0,-247.55,0.08,244.89,4.87,-16.43,1,R20MZ_FZ_250_filtered
25,12,0,-247.55,-12.223,254.19,-10.37,583.3,929,R20MZ_FZ_250_filtered
25,12,0,-247.55,-10.111,423.83,-19.41,581.31,7224,R20MZ_FZ_250_filtered
25,12,0,-247.54,-9.865,254.9,-11.95,574.78,1000,R20MZ_FZ_250_filtered
25,12,0,-247.53,7.144,246.65,28.97,-567.93,177,R20MZ_FZ_250_filtered
25,12,0,-247.52,-12.213,254.23,-21.53,580.69,933,R20MZ_FZ_250_filtered
25,12,0,-247.51,-12.115,254.34,7.07,580.36,944,R20MZ_FZ_250_filtered
25,12,0,-247.5,7.537,246.75,28.7,-580.81,187,R20MZ_FZ_250_filtered
25,12,0,-247.49,8.053,246.88,25.19,-589.49,200,R20MZ_FZ_250_filtered
25,12,0,-247.49,10.839,282.21,6.86,-579.35,1600,R20MZ_FZ_250_filtered
25,12,0,-247.48,6.655,246.53,32.44,-554.91,165,R20MZ_FZ_250_filtered
25,12,0,-247.48,9.457,247.23,17.89,-598.78,235,R20MZ_FZ_250_filtered
25,12,0,-247.48,-11.658,423.43,-13.69,582.56,7184,R20MZ_FZ_250_filtered
25,12,0,-247.47,1.083,278.93,18.91,-146.71,1273,R20MZ_FZ_250_filtered
25,12,0,-247.46,6.574,415.5,32.24,-553.05,6393,R20MZ_FZ_250_filtered
25,12,0,-247.43,11.517,281.54,11.38,-595.66,1534,R20MZ_FZ_250_filtered
25,12,0,-247.43,-11.526,288.26,-24.04,580.23,2204,R20MZ_FZ_250_filtered
25,12,2,-247.42,9.644,585.268,28.84,-594.85,12698,R20MZ_IA-2_FZ_250_filtered
25,12,0,-247.4,-8.693,255.19,-16.18,568.74,1029,R20MZ_FZ_250_filtered
25,12,0,-247.39,9.95,282.43,12.07,-578.12,1622,R20MZ_FZ_250_filtered
25,12,0,-247.38,12.157,248.06,1.67,-583.55,317,R20MZ_FZ_250_filtered
25,12,0,-247.38,2.099,414.38,30.97,-265.5,6281,R20MZ_FZ_250_filtered
25,12,0,-247.36,-8.346,255.27,-28.17,565.52,1037,R20MZ_FZ_250_filtered
25,12,0,-247.34,-12.216,287.99,-10.88,585.17,2177,R20MZ_FZ_250_filtered
25,12,0,-247.33,-10.848,288.45,-4.89,581.6,2223,R20MZ_FZ_250_filtered
25,12,0,-247.33,9.808,416.31,16.23,-597.21,6474,R20MZ_FZ_250_filtered
25,12,4,-247.33,-10.374,760.703,8.93,587.66,19568,R20MZ_IA-4_FZ_250_filtered
25,12,0,-247.32,11.717,247.84,-0.4,-592.56,296,R20MZ_FZ_250_filtered
25,12,0,-247.31,11.26,282.09,17.18,-578.59,1588,R20MZ_FZ_250_filtered
25,12,0,-247.3,1.597,279.06,26.36,-208.6,1286,R20MZ_FZ_250_filtered
25,12,-0,-247.3,6.056,415.37,34.97,-532.57,6380,R20MZ_FZ_250_filtered
25,12,0,-247.3,-11.651,423.04,-3.05,588.28,7146,R20MZ_FZ_250_filtered
25,12,0,-247.29,-10.862,254.65,-4.51,580.04,975,R20MZ_FZ_250_filtered
25,12,0,-247.29,-10.668,288.49,-12.92,577.44,2227,R20MZ_FZ_250_filtered
25,12,0,-247.28,-10.312,423.77,-25.1,578.54,7218,R20MZ_FZ_250_filtered
25,12,0,-247.27,2.059,245.38,32.62,-264.13,50,R20MZ_FZ_250_filtered
25,12,-0,-247.27,10.426,248.5,13.79,-576.26,361,R20MZ_FZ_250_filtered
25,12,0,-247.26,11.462,247.73,11.66,-596.12,285,R20MZ_FZ_250_filtered
25,12,0,-247.26,2.452,414.47,32.2,-301.36,6290,R20MZ_FZ_250_filtered
25,12,0,-247.24,7.658,280.57,26.61,-577.4,1437,R20MZ_FZ_250_filtered
25,12,0,-247.24,6.493,415.48,33.75,-549.33,6391,R20MZ_FZ_250_filtered
25,12,0,-247.23,-8.964,424.12,-21.64,573.42,7253,R20MZ_FZ_250_filtered
25,12,0,-247.21,11.738,281.63,0.57,-587.91,1543,R20MZ_FZ_250_filtered
25,12,0,-247.21,1.284,414.18,24.68,-175.09,6261,R20MZ_FZ_250_filtered
25,12,0,-247.18,-11.28,422.94,-12.81,587.18,7136,R20MZ_FZ_250_filtered
25,12,0,-247.17,-11.068,423.6,-8.79,582.84,7201,R20MZ_FZ_250_filtered
25,12,0,-247.16,11.35,247.7,10.46,-589.91,282,R20MZ_FZ_250_filtered
25,12,0,-247.16,-8.85,424.15,-16.31,573.87,7256,R20MZ_FZ_250_filtered
25,12,0,-247.15,-9.522,254.98,-17.96,574,1008,R20MZ_FZ_250_filtered
25,12,0,-247.13,7.966,415.85,23.35,-578.93,6428,R20MZ_FZ_250_filtered
25,12,0,-247.12,-12.183,288.04,-22.09,580.39,2182,R20MZ_FZ_250_filtered
25,12,0,-247.11,1.368,245.21,26.33,-187.97,33,R20MZ_FZ_250_filtered
25,12,0,-247.11,10.876,282.2,6.05,-577.95,1599,R20MZ_FZ_250_filtered
25,12,0,-247.11,-8.725,288.98,-16.9,569.83,2276,R20MZ_FZ_250_filtered
25,12,0,-247.11,-10.803,423.66,-7.93,579.28,7207,R20MZ_FZ_250_filtered
25,12,0,-247.1,-9.415,424,-24.51,575.91,7241,R20MZ_FZ_250_filtered
25,12,0,-247.09,11.745,248.17,1.58,-581.83,328,R20MZ_FZ_250_filtered
25,12,0,-247.07,-11.165,254.57,-17.76,577.58,967,R20MZ_FZ_250_filtered
25,12,0,-247.07,-11.478,287.79,-13.24,583.3,2158,R20MZ_FZ_250_filtered
25,12,0,-247.05,5.615,415.26,36.59,-513.19,6369,R20MZ_FZ_250_filtered
25,12,-0,-247.04,10.389,248.51,15.13,-577.18,362,R20MZ_FZ_250_filtered
25,12,0,-247.04,-8.765,288.97,-17.43,570.17,2275,R20MZ_FZ_250_filtered
25,12,0,-247.03,0.421,251.01,7.28,-59.22,612,R20MZ_FZ_250_filtered
25,12,0,-247.03,8.888,416.08,18.8,-588.83,6451,R20MZ_FZ_250_filtered
25,12,0,-247.01,-9.767,288.72,-12.09,576.98,2250,R20MZ_FZ_250_filtered
25,12,-0,-247,-11.794,254.41,-0.76,581.91,951,R20MZ_FZ_250_filtered
25,12,0,-247,-12.186,288.1,-8.01,584.24,2188,R20MZ_FZ_250_filtered
25,12,0,-247,2.426,414.46,32.18,-297.18,6289,R20MZ_FZ_250_filtered
25,12,0,-247,11.34,416.69,11.59,-597.19,6512,R20MZ_FZ_250_filtered
25,12,0,-246.99,9.941,247.35,15.46,-596.74,247,R20MZ_FZ_250_filtered
25,12,0,-246.95,-11.238,288.34,-21.03,584.57,2212,R20MZ_FZ_250_filtered
25,12,2,-246.95,-10.409,591.718,-4.5,594.49,13342,R20MZ_IA-2_FZ_250_filtered
25,12,0,-246.94,-12.205,423.21,-17.38,585.22,7162,R20MZ_FZ_250_filtered
25,12,0,-246.94,-8.901,424.14,-17.91,573.72,7255,R20MZ_FZ_250_filtered
25,12,0,-246.9,-11.691,423.08,-1.01,582.97,7150,R20MZ_FZ_250_filtered
25,12,-0,-246.89,5.214,415.16,35.93,-495.19,6359,R20MZ_FZ_250_filtered
25,12,0,-246.88,-12.264,287.92,7.32,583.93,2170,R20MZ_FZ_250_filtered
25,12,0,-246.87,-11.737,254.1,3.36,584.52,921,R20MZ_FZ_250_filtered
25,12,0,-246.87,-8.933,424.13,-19.77,573.58,7254,R20MZ_FZ_250_filtered
25,12,4,-246.86,9.258,754.173,36.5,-535.71,18916,R20MZ_IA-4_FZ_250_filtered
25,12,0,-246.85,-11.52,287.8,-12.77,581.61,2159,R20MZ_FZ_250_filtered
25,12,0,-246.84,-12.238,254.18,-7.31,582.53,928,R20MZ_FZ_250_filtered
25,12,0,-246.83,2.489,414.48,31.81,-304.75,6291,R20MZ_FZ_250_filtered
25,12,0,-246.82,-11.397,422.97,-13.13,582.23,7139,R20MZ_FZ_250_filtered
25,12,0,-246.8,5.782,246.31,35.46,-521.26,143,R20MZ_FZ_250_filtered
25,12,0,-246.77,5.177,415.15,36.77,-492.56,6358,R20MZ_FZ_250_filtered
25,12,0,-246.76,7.569,280.55,28.75,-576.62,1435,R20MZ_FZ_250_filtered
25,12,0,-246.75,-0.537,420.25,-9.26,70.44,6867,R20MZ_FZ_250_filtered
25,12,0,-246.73,6.282,280.23,32.57,-533.19,1403,R20MZ_FZ_250_filtered
25,12,0,-246.72,10.57,247.51,15.17,-601.72,263,R20MZ_FZ_250_filtered
25,12,0,-246.71,-8.907,255.14,-20.77,570.95,1024,R20MZ_FZ_250_filtered
25,12,0,-246.7,7.813,415.81,27.25,-585.3,6424,R20MZ_FZ_250_filtered
25,12,0,-246.68,6.222,246.42,34.31,-538.31,154,R20MZ_FZ_250_filtered
25,12,0,-246.68,11.721,247.83,0.92,-591.01,295,R20MZ_FZ_250_filtered
25,12,0,-246.68,-11.501,253.99,-13,581.59,910,R20MZ_FZ_250_filtered
25,12,0,-246.68,-9.831,254.91,-11.49,574.32,1001,R20MZ_FZ_250_filtered
25,12,-0,-246.68,10.198,281.21,18.02,-606.06,1501,R20MZ_FZ_250_filtered
25,12,0,-246.67,8.004,280.66,27.86,-587.78,1446,R20MZ_FZ_250_filtered
25,12,0,-246.66,-11.537,254,-12.22,579.91,911,R20MZ_FZ_250_filtered
25,12,-0,-246.66,-10.833,422.83,-14.69,587.66,7125,R20MZ_FZ_250_filtered
25,12,4,-246.66,-4.326,759.193,-12.04,452.39,19417,R20MZ_IA-4_FZ_250_filtered
25,12,0,-246.65,8.547,247,22.15,-592.89,212,R20MZ_FZ_250_filtered
25,12,0,-246.64,-11.73,254.09,1.13,584.82,920,R20MZ_FZ_250_filtered
25,12,0,-246.64,11.747,281.64,-0.88,-588.98,1544,R20MZ_FZ_250_filtered
25,12,0,-246.64,-9.243,288.84,-27.15,573.44,2262,R20MZ_FZ_250_filtered
25,12,0,-246.64,7.378,415.7,29.94,-576.61,6413,R20MZ_FZ_250_filtered
25,12,0,-246.63,10.859,248.4,5.99,-576.71,351,R20MZ_FZ_250_filtered
25,12,0,-246.63,-9.547,288.77,-17.84,576.04,2255,R20MZ_FZ_250_filtered
25,12,0,-246.62,-10.915,254.64,-3.62,580.21,974,R20MZ_FZ_250_filtered
25,12,0,-246.62,6.236,280.22,33.26,-530.86,1402,R20MZ_FZ_250_filtered
25,12,0,-246.62,-11.439,287.78,-12.48,585.01,2157,R20MZ_FZ_250_filtered
25,12,0,-246.61,11.024,247.62,12.79,-598.6,274,R20MZ_FZ_250_filtered
25,12,0,-246.59,9.525,281.04,16.95,-589.45,1484,R20MZ_FZ_250_filtered
25,12,0,-246.55,-0.053,284.93,-1.39,2.81,1872,R20MZ_FZ_250_filtered
25,12,0,-246.55,-9.37,424.01,-25.12,575.61,7242,R20MZ_FZ_250_filtered
25,12,0,-246.52,-9.996,288.66,-16.2,578.67,2244,R20MZ_FZ_250_filtered
25,12,0,-246.49,4.739,415.04,37.29,-468.06,6347,R20MZ_FZ_250_filtered
25,12,0,-246.48,-9.587,288.76,-16.59,576.37,2254,R20MZ_FZ_250_filtered
25,12,0,-246.47,-10.164,423.81,-21.14,579.77,7222,R20MZ_FZ_250_filtered
25,12,0,-246.45,6.691,246.54,31.01,-555.06,166,R20MZ_FZ_250_filtered
25,12,0,-246.45,-10.13,423.82,-19.88,580.39,7223,R20MZ_FZ_250_filtered
25,12,0,-246.44,-12.195,423.25,-19.93,585.18,7166,R20MZ_FZ_250_filtered
25,12,0,-246.43,-11.988,423.37,19.57,584.66,7178,R20MZ_FZ_250_filtered
25,12,0,-246.42,-12.086,254.35,11.3,579.74,945,R20MZ_FZ_250_filtered
25,12,0,-246.42,6.123,415.39,33.46,-536.3,6382,R20MZ_FZ_250_filtered
25,12,-0,-246.42,-11.613,423.44,-17.08,581.81,7185,R20MZ_FZ_250_filtered
25,12,0,-246.4,-11.134,254.58,-16.5,576.2,968,R20MZ_FZ_250_filtered
25,12,0,-246.4,-10.898,288.44,-4.1,582.08,2222,R20MZ_FZ_250_filtered
25,12,0,-246.38,5.304,246.19,38.01,-497.84,131,R20MZ_FZ_250_filtered
25,12,0,-246.38,8.447,280.77,25.85,-596,1457,R20MZ_FZ_250_filtered
25,12,0,-246.38,-12.076,423.35,18.02,583.3,7176,R20MZ_FZ_250_filtered
25,12,0,-246.36,10.978,281.4,11.61,-588.5,1520,R20MZ_FZ_250_filtered
25,12,0,-246.36,-10.039,288.65,-18.55,578.39,2243,R20MZ_FZ_250_filtered
25,12,0,-246.35,-10.21,254.8,-25.2,574.66,990,R20MZ_FZ_250_filtered
25,12,0,-246.35,7.218,280.46,28.09,-563.89,1426,R20MZ_FZ_250_filtered
25,12,0,-246.35,-12.269,287.93,6.85,582.86,2171,R20MZ_FZ_250_filtered
25,12,0,-246.34,-12.192,423.22,-18.71,585.54,7163,R20MZ_FZ_250_filtered
25,12,0,-246.32,10.413,247.47,13.79,-593.33,259,R20MZ_FZ_250_filtered
25,12,0,-246.29,5.739,246.3,36.76,-518.46,142,R20MZ_FZ_250_filtered
25,12,0,-246.28,-11.034,287.68,-15.11,583.78,2147,R20MZ_FZ_250_filtered
25,12,0,-246.25,-9.679,423.94,-13.3,579.59,7235,R20MZ_FZ_250_filtered
25,12,0,-246.24,9.996,281.16,15,-590.21,1496,R20MZ_FZ_250_filtered
25,12,0,-246.24,-12.266,423.14,5.66,588.11,7155,R20MZ_FZ_250_filtered
25,12,0,-246.24,-12.109,423.34,13.19,582.83,7175,R20MZ_FZ_250_filtered
25,12,0,-246.23,-11.85,254.4,5.87,581.28,950,R20MZ_FZ_250_filtered
25,12,0,-246.22,5.337,246.2,37.19,-500.79,132,R20MZ_FZ_250_filtered
25,12,0,-246.21,-11.024,253.87,-14.36,583.79,898,R20MZ_FZ_250_filtered
25,12,-0,-246.21,4.291,414.93,37,-441.36,6336,R20MZ_FZ_250_filtered
25,12,0,-246.2,10.767,416.55,11.81,-595.49,6498,R20MZ_FZ_250_filtered
25,12,0,-246.19,-12.208,254.24,-21.62,579.77,934,R20MZ_FZ_250_filtered
25,12,0,-246.19,10.649,281.32,15.15,-604.05,1512,R20MZ_FZ_250_filtered
25,12,0,-246.19,-12.216,287.98,-8.08,584.25,2176,R20MZ_FZ_250_filtered
25,12,0,-246.18,6.63,246.52,33.59,-551.98,164,R20MZ_FZ_250_filtered
25,12,0,-246.13,-12.027,423.36,20.51,583.42,7177,R20MZ_FZ_250_filtered
25,12,2,-246.13,-9.119,591.398,-10.78,584.55,13310,R20MZ_IA-2_FZ_250_filtered
25,12,0,-246.07,-9.726,288.73,-12.99,576.99,2251,R20MZ_FZ_250_filtered
25,12,0,-246.07,7.058,415.62,28.07,-564.51,6405,R20MZ_FZ_250_filtered
25,12,0,-246.02,7.061,246.63,30.99,-565.29,175,R20MZ_FZ_250_filtered
25,12,0,-246.02,-12.196,288.05,-21.24,579.93,2183,R20MZ_FZ_250_filtered
25,12,0,-246.01,6.171,246.41,35.19,-535.67,153,R20MZ_FZ_250_filtered
25,12,-0,-246,-11.087,287.69,-14.93,581.79,2148,R20MZ_FZ_250_filtered
25,12,0,-245.99,-11.056,253.88,-14.29,582.55,899,R20MZ_FZ_250_filtered
25,12,0,-245.98,-10.769,423.67,-9.9,579.31,7208,R20MZ_FZ_250_filtered
25,12,0,-245.96,-12.188,423.24,-20.55,585.51,7165,R20MZ_FZ_250_filtered
25,12,0,-245.95,-12.258,254.17,-4.48,582.22,927,R20MZ_FZ_250_filtered
25,12,-0,-245.94,-12.194,288.09,-11.84,583.8,2187,R20MZ_FZ_250_filtered
25,12,0,-245.93,8.88,280.88,23.71,-600.96,1468,R20MZ_FZ_250_filtered
25,12,0,-245.92,-10.164,288.61,-24.61,577.94,2239,R20MZ_FZ_250_filtered
25,12,0,-245.91,-11.116,423.58,-13.23,581.16,7199,R20MZ_FZ_250_filtered
25,12,0,-245.9,-10.621,288.5,-14.19,577.61,2228,R20MZ_FZ_250_filtered
25,12,0,-245.87,4.864,246.08,37.82,-475.02,120,R20MZ_FZ_250_filtered
25,12,0,-245.87,10.133,247.4,17.85,-605.92,252,R20MZ_FZ_250_filtered
25,12,0,-245.87,10.896,247.59,11.69,-591.46,271,R20MZ_FZ_250_filtered
25,12,0,-245.87,11.494,281.53,11.15,-591.93,1533,R20MZ_FZ_250_filtered
25,12,0,-245.85,-11.081,423.59,-11.01,582.07,7200,R20MZ_FZ_250_filtered
25,12,0,-245.84,-9.631,288.75,-15.37,576.52,2253,R20MZ_FZ_250_filtered
25,12,0,-245.84,-9.898,423.89,-12.1,577.9,7230,R20MZ_FZ_250_filtered
25,12,0,-245.83,-11.726,254.08,0.67,584.51,919,R20MZ_FZ_250_filtered
25,12,0,-245.83,9.324,280.99,21.71,-603.75,1479,R20MZ_FZ_250_filtered
25,12,0,-245.83,1.894,414.33,28.29,-243.32,6276,R20MZ_FZ_250_filtered
25,12,0,-245.82,-11.443,288.28,-25.02,577.92,2206,R20MZ_FZ_250_filtered
25,12,0,-245.79,-11.443,422.98,-13.22,582.41,7140,R20MZ_FZ_250_filtered
25,12,0,-245.78,1.051,245.13,18.72,-146.86,25,R20MZ_FZ_250_filtered
25,12,0,-245.77,-10.718,423.68,-10.92,579.3,7209,R20MZ_FZ_250_filtered
25,12,0,-245.75,4.783,415.05,36.37,-471.31,6348,R20MZ_FZ_250_filtered
25,12,0,-245.73,11.376,247.71,10.53,-590.36,283,R20MZ_FZ_250_filtered
25,12,0,-245.73,-12.291,254.12,7.64,582.53,922,R20MZ_FZ_250_filtered
25,12,0,-245.73,2.592,279.31,33.59,-309.88,1311,R20MZ_FZ_250_filtered
25,12,0,-245.71,-9.676,288.74,-14.18,576.68,2252,R20MZ_FZ_250_filtered
25,12,0,-245.7,8.689,416.03,22.91,-597.07,6446,R20MZ_FZ_250_filtered
25,12,0,-245.69,-11.705,423.09,-0.49,583.93,7151,R20MZ_FZ_250_filtered
25,12,0,-245.68,-12.258,254.16,-1.24,581.6,926,R20MZ_FZ_250_filtered
25,12,0,-245.68,-0.321,284.99,-5.65,36.34,1878,R20MZ_FZ_250_filtered
25,12,0,-245.68,11.297,416.68,10.82,-594.09,6511,R20MZ_FZ_250_filtered
25,12,0,-245.67,-12.256,287.95,1.17,582.09,2173,R20MZ_FZ_250_filtered
25,12,0,-245.66,11.413,247.72,10.98,-593.16,284,R20MZ_FZ_250_filtered
25,12,0,-245.64,4.236,414.92,37.65,-436.86,6335,R20MZ_FZ_250_filtered
25,12,0,-245.63,-10.576,253.76,-15.34,583.16,887,R20MZ_FZ_250_filtered
25,12,0,-245.62,-12.233,287.96,-2.21,582.4,2174,R20MZ_FZ_250_filtered
25,12,0,-245.62,-12.227,287.97,-5.46,583,2175,R20MZ_FZ_250_filtered
25,12,0,-245.62,-9.862,423.9,-11.02,577.92,7231,R20MZ_FZ_250_filtered
25,12,0,-245.61,-11.987,288.17,18.17,580.37,2195,R20MZ_FZ_250_filtered
25,12,0,-245.56,-11.508,254.47,-24.87,578.24,957,R20MZ_FZ_250_filtered
25,12,0,-245.56,-11.519,423.46,-23.8,581.48,7187,R20MZ_FZ_250_filtered
25,12,-0,-245.55,-9.562,254.97,-16.38,574.5,1007,R20MZ_FZ_250_filtered
25,12,2,-245.55,-3.719,590.048,-30.09,419.61,13175,R20MZ_IA-2_FZ_250_filtered
25,12,0,-245.53,2.301,279.23,29.47,-280.38,1303,R20MZ_FZ_250_filtered
25,12,0,-245.53,-9.811,423.91,-10.03,578.37,7232,R20MZ_FZ_250_filtered
25,12,4,-245.53,-0.763,758.313,15.03,178.49,19329,R20MZ_IA-4_FZ_250_filtered
25,12,0,-245.52,-11.265,288.33,-21.92,584.26,2211,R20MZ_FZ_250_filtered
25,12,0,-245.51,2.562,245.51,34.7,-313.6,63,R20MZ_FZ_250_filtered
25,12,0,-245.5,8.817,247.07,23.94,-602.05,219,R20MZ_FZ_250_filtered
25,12,0,-245.5,9.254,247.18,22,-605.45,230,R20MZ_FZ_250_filtered
25,12,0,-245.5,-8.87,255.15,-19.7,570.49,1025,R20MZ_FZ_250_filtered
25,12,0,-245.5,1.555,279.05,25.61,-203.31,1285,R20MZ_FZ_250_filtered
25,12,0,-245.49,-11.357,254.51,-21.12,578.99,961,R20MZ_FZ_250_filtered
25,12,0,-245.48,0.122,284.89,-0.19,-18.86,1868,R20MZ_FZ_250_filtered
25,12,0,-245.48,-9.723,423.93,-11.69,579.14,7234,R20MZ_FZ_250_filtered
25,12,0,-245.47,0.465,251,7.66,-63.09,611,R20MZ_FZ_250_filtered
25,12,0,-245.47,-12.263,287.94,4.65,582.24,2172,R20MZ_FZ_250_filtered
25,12,0,-245.47,-10.612,423.7,-13.09,581.78,7211,R20MZ_FZ_250_filtered
25,12,0,-245.46,-10.563,287.56,-15.5,584.26,2135,R20MZ_FZ_250_filtered
25,12,2,-245.45,-10.372,591.708,-4.7,594.61,13341,R20MZ_IA-2_FZ_250_filtered
25,12,0,-245.44,-10.537,253.75,-15.05,584.86,886,R20MZ_FZ_250_filtered
25,12,0,-245.44,-10.8,422.82,-14.09,589.21,7124,R20MZ_FZ_250_filtered
25,12,0,-245.43,8.456,415.97,19.92,-581.53,6440,R20MZ_FZ_250_filtered
25,12,0,-245.43,9.132,416.14,21.12,-601.1,6457,R20MZ_FZ_250_filtered
25,12,0,-245.43,0.165,420.08,2.26,-23.68,6850,R20MZ_FZ_250_filtered
25,12,0,-245.42,8.603,280.81,20.79,-586.35,1461,R20MZ_FZ_250_filtered
25,12,0,-245.41,7.623,246.77,26,-577.53,189,R20MZ_FZ_250_filtered
25,12,0,-245.41,5.324,279.99,36.74,-490.54,1379,R20MZ_FZ_250_filtered
25,12,0,-245.41,-12.187,288.08,-14.52,582.86,2186,R20MZ_FZ_250_filtered
25,12,0,-245.41,-10.98,288.42,-6.55,581.33,2220,R20MZ_FZ_250_filtered
25,12,0,-245.41,4.712,415.03,38.21,-463.07,6346,R20MZ_FZ_250_filtered
25,12,0,-245.4,2.375,414.45,31.45,-292.19,6288,R20MZ_FZ_250_filtered
25,12,0,-245.4,-10.401,422.72,-15.67,588.45,7114,R20MZ_FZ_250_filtered
25,12,0,-245.39,10.448,416.47,15.84,-604.35,6490,R20MZ_FZ_250_filtered
25,12,0,-245.38,-11.612,423.03,-5.98,588.75,7145,R20MZ_FZ_250_filtered
25,12,0,-245.37,1.021,245.12,17.39,-141.42,24,R20MZ_FZ_250_filtered
25,12,0,-245.37,-11.928,288.18,15.65,581.3,2196,R20MZ_FZ_250_filtered
25,12,0,-245.37,-10.929,288.43,-4.42,582.1,2221,R20MZ_FZ_250_filtered
25,12,0,-245.36,7.494,246.74,29.42,-577.23,186,R20MZ_FZ_250_filtered
25,12,0,-245.36,9.707,247.29,19.23,-606.68,241,R20MZ_FZ_250_filtered
25,12,0,-245.36,-11.406,287.77,-12,586.1,2156,R20MZ_FZ_250_filtered
25,12,0,-245.36,-11.832,288.2,4.48,582.85,2198,R20MZ_FZ_250_filtered
25,12,2,-245.34,-10.801,591.818,-3.47,594.91,13352,R20MZ_IA-2_FZ_250_filtered
25,12,0,-245.33,5.413,280.01,35.38,-495.65,1381,R20MZ_FZ_250_filtered
25,12,0,-245.33,-11.889,288.19,11.05,582.23,2197,R20MZ_FZ_250_filtered
25,12,0,-245.32,7.935,246.85,28.3,-587.77,197,R20MZ_FZ_250_filtered
25,12,0,-245.32,-12.195,423.23,-20.32,585.52,7164,R20MZ_FZ_250_filtered
25,12,0,-245.31,-11.575,254.01,-11.54,579.29,912,R20MZ_FZ_250_filtered
25,12,0,-245.29,0.149,251.08,1.28,-24.16,619,R20MZ_FZ_250_filtered
25,12,0,-245.29,5.685,415.28,34.43,-516.43,6371,R20MZ_FZ_250_filtered
25,12,0,-245.28,1.515,279.04,25.31,-198.65,1284,R20MZ_FZ_250_filtered
25,12,0,-245.27,6.252,246.43,33.2,-538.3,155,R20MZ_FZ_250_filtered
25,12,0,-245.25,-11.663,254.04,-3.94,581.63,915,R20MZ_FZ_250_filtered
25,12,0,-245.25,-11.466,254.48,-24.19,577.77,958,R20MZ_FZ_250_filtered
25,12,0,-245.25,-0.01,284.92,-1.24,-1.65,1871,R20MZ_FZ_250_filtered
25,12,0,-245.25,5.135,415.14,37.01,-486.8,6357,R20MZ_FZ_250_filtered
25,12,0,-245.24,-11.7,254.07,1.09,584.21,918,R20MZ_FZ_250_filtered
25,12,0,-245.23,-9.769,423.92,-10.32,578.68,7233,R20MZ_FZ_250_filtered
25,12,0,-245.21,-12.274,254.15,2.55,581.46,925,R20MZ_FZ_250_filtered
25,12,0,-245.21,-10.668,423.69,-12.01,580.39,7210,R20MZ_FZ_250_filtered
25,12,0,-245.2,-10.606,287.57,-15.91,582.41,2136,R20MZ_FZ_250_filtered
25,12,0,-245.2,-9.968,422.61,-17.48,585.35,7103,R20MZ_FZ_250_filtered
25,12,0,-245.19,4.42,245.97,37.79,-449.89,109,R20MZ_FZ_250_filtered
25,12,0,-245.18,5.776,280.1,34.95,-509.61,1390,R20MZ_FZ_250_filtered
25,12,0,-245.17,-10.064,288.64,-20.37,578.55,2242,R20MZ_FZ_250_filtered
25,12,0,-245.16,-10.48,288.53,-17.8,580.43,2231,R20MZ_FZ_250_filtered
25,12,0,-245.15,-12.281,254.13,7.48,581.3,923,R20MZ_FZ_250_filtered
25,12,-0,-245.15,9.57,416.25,19.37,-602.95,6468,R20MZ_FZ_250_filtered
25,12,0,-245.13,-11.48,422.99,-12.52,583.66,7141,R20MZ_FZ_250_filtered
25,12,0,-245.1,-11.684,254.05,-0.24,582.85,916,R20MZ_FZ_250_filtered
25,12,0,-245.09,6.209,280.21,33.49,-526.35,1401,R20MZ_FZ_250_filtered
25,12,0,-245.05,-11.02,288.41,-9.52,579.48,2219,R20MZ_FZ_250_filtered
25,12,0,-245.05,-10.13,288.62,-23.03,577.79,2240,R20MZ_FZ_250_filtered
25,12,0,-245.05,-9.99,422.62,-17.77,583.8,7104,R20MZ_FZ_250_filtered
25,12,0,-245.02,-12.212,254.25,-20.41,579.92,935,R20MZ_FZ_250_filtered
25,12,0,-245.02,-9.252,255.04,-26.06,572.83,1014,R20MZ_FZ_250_filtered
25,12,0,-245.01,4.897,279.88,36.77,-468.19,1368,R20MZ_FZ_250_filtered
25,12,0,-245.01,-12.269,423.13,7.95,589.06,7154,R20MZ_FZ_250_filtered
25,12,0,-245,-11.908,254.39,12.27,580.81,949,R20MZ_FZ_250_filtered
25,12,0,-245,-9.602,254.96,-15.3,574.82,1006,R20MZ_FZ_250_filtered
25,12,0,-244.97,-10.575,288.51,-15.75,578.24,2229,R20MZ_FZ_250_filtered
25,12,0,-244.96,-11.697,254.06,0.87,583.45,917,R20MZ_FZ_250_filtered
25,12,0,-244.96,-11.435,254.49,-22.6,577.77,959,R20MZ_FZ_250_filtered
25,12,0,-244.96,-10.481,422.74,-15.89,584.59,7116,R20MZ_FZ_250_filtered
25,12,0,-244.95,4.906,246.09,36.99,-477.98,121,R20MZ_FZ_250_filtered
25,12,0,-244.94,9.014,247.12,19.49,-594.26,224,R20MZ_FZ_250_filtered
25,12,0,-244.94,9.377,416.2,16.76,-590.68,6463,R20MZ_FZ_250_filtered
25,12,-0,-244.93,4.926,279.89,35.97,-472.69,1369,R20MZ_FZ_250_filtered
25,12,0,-244.92,-11.099,254.59,-14.87,576.05,969,R20MZ_FZ_250_filtered
25,12,0,-244.91,-11.61,254.02,-9.84,579.16,913,R20MZ_FZ_250_filtered
25,12,0,-244.9,-10.175,254.81,-23.89,574.68,991,R20MZ_FZ_250_filtered
25,12,0,-244.9,5.574,415.25,36.91,-507.43,6368,R20MZ_FZ_250_filtered
25,12,2,-244.9,1.919,583.338,43.51,-208.65,12505,R20MZ_IA-2_FZ_250_filtered
25,12,0,-244.89,-9.178,255.06,-25.99,572.81,1016,R20MZ_FZ_250_filtered
25,12,0,-244.89,7.685,280.58,25.43,-572.42,1438,R20MZ_FZ_250_filtered
25,12,0,-244.89,10.829,416.56,11.75,-595.17,6499,R20MZ_FZ_250_filtered
25,12,2,-244.88,-5.531,590.498,-28.55,507.42,13220,R20MZ_IA-2_FZ_250_filtered
25,12,4,-244.88,2.16,752.394,58.03,-191.26,18738,R20MZ_IA-4_FZ_250_filtered
25,12,0,-244.87,4.813,246.07,38.77,-470.67,119,R20MZ_FZ_250_filtered
25,12,0,-244.87,0.499,250.99,8.18,-67.58,610,R20MZ_FZ_250_filtered
25,12,0,-244.87,-10.617,253.77,-15.47,581.78,888,R20MZ_FZ_250_filtered
25,12,0,-244.85,-11.64,254.03,-7.53,580.56,914,R20MZ_FZ_250_filtered
25,12,0,-244.85,10.851,416.57,12.02,-597.34,6500,R20MZ_FZ_250_filtered
25,12,4,-244.85,-5.251,759.423,-11.44,491.31,19440,R20MZ_IA-4_FZ_250_filtered
25,12,0,-244.82,-12.278,254.14,5.71,580.99,924,R20MZ_FZ_250_filtered
25,12,0,-244.76,2.52,245.5,34.16,-309.86,62,R20MZ_FZ_250_filtered
25,12,0,-244.76,8.376,246.96,25.85,-596.92,208,R20MZ_FZ_250_filtered
25,12,0,-244.75,-10.091,287.44,-17.2,583.48,2123,R20MZ_FZ_250_filtered
25,12,0,-244.75,-11.694,287.87,0.58,585.15,2166,R20MZ_FZ_250_filtered
25,12,0,-244.75,-0.806,420.33,-20.42,113.09,6875,R20MZ_FZ_250_filtered
25,12,0,-244.74,1.877,279.13,26.65,-240.04,1293,R20MZ_FZ_250_filtered
25,12,0,-244.73,-11.096,253.89,-14.18,581.32,900,R20MZ_FZ_250_filtered
25,12,0,-244.72,-10.495,254.73,-16.52,577.3,983,R20MZ_FZ_250_filtered
25,12,0,-244.71,1.408,245.22,26.32,-191.05,34,R20MZ_FZ_250_filtered
25,12,4,-244.71,8.263,753.924,39.02,-529.16,18891,R20MZ_IA-4_FZ_250_filtered
25,12,0,-244.7,10.599,281.31,14.65,-599.06,1511,R20MZ_FZ_250_filtered
25,12,0,-244.69,0.204,420.07,2.62,-28.63,6849,R20MZ_FZ_250_filtered
25,12,0,-244.68,-11.382,254.5,-21.1,577.9,960,R20MZ_FZ_250_filtered
25,12,0,-244.68,4.329,414.94,35.99,-444.17,6337,R20MZ_FZ_250_filtered
25,12,0,-244.66,2.592,245.52,35.44,-316.84,64,R20MZ_FZ_250_filtered
25,12,0,-244.64,-10.097,288.63,-21.57,578.24,2241,R20MZ_FZ_250_filtered
25,12,0,-244.62,2.54,279.3,32.17,-305.51,1310,R20MZ_FZ_250_filtered
25,12,0,-244.62,-10.959,287.66,-14.24,587.36,2145,R20MZ_FZ_250_filtered
25,12,0,-244.61,5.823,246.32,34.45,-520.93,144,R20MZ_FZ_250_filtered
25,12,0,-244.61,9.508,247.24,17.51,-593.77,236,R20MZ_FZ_250_filtered
25,12,0,-244.61,-11.122,287.7,-14.55,581.33,2149,R20MZ_FZ_250_filtered
25,12,0,-244.61,7.531,415.74,25.14,-571.78,6417,R20MZ_FZ_250_filtered
25,12,0,-244.59,-10.442,288.54,-18.67,580.4,2232,R20MZ_FZ_250_filtered
25,12,0,-244.58,-12.208,254.27,-16.24,581.32,937,R20MZ_FZ_250_filtered
25,12,0,-244.58,-12.211,254.28,-14.02,582.08,938,R20MZ_FZ_250_filtered
25,12,0,-244.58,-10.365,422.71,-15.43,589.84,7113,R20MZ_FZ_250_filtered
25,12,0,-244.55,-10.527,287.55,-15.12,586.12,2134,R20MZ_FZ_250_filtered
25,12,0,-244.54,10.977,247.61,12.05,-595.17,273,R20MZ_FZ_250_filtered
25,12,0,-244.53,-10.534,254.72,-15.32,576.53,982,R20MZ_FZ_250_filtered
25,12,0,-244.53,-10.522,288.52,-16.91,579.34,2230,R20MZ_FZ_250_filtered
25,12,0,-244.53,-9.524,422.5,-19.26,581.94,7092,R20MZ_FZ_250_filtered
25,12,0,-244.5,7.187,246.66,27.69,-564.96,178,R20MZ_FZ_250_filtered
25,12,0,-244.5,10.455,247.48,13.88,-592.39,260,R20MZ_FZ_250_filtered
25,12,0,-244.49,10.939,247.6,11.89,-592.05,272,R20MZ_FZ_250_filtered
25,12,0,-244.48,-11.582,423.02,-8.17,588.15,7144,R20MZ_FZ_250_filtered
25,12,0,-244.47,10.165,281.2,17.18,-600.61,1500,R20MZ_FZ_250_filtered
25,12,0,-244.46,2.013,245.37,31.77,-258.84,49,R20MZ_FZ_250_filtered
25,12,0,-244.46,6.651,280.32,32.12,-543.57,1412,R20MZ_FZ_250_filtered
25,12,0,-244.44,5.7,246.29,36.89,-513.17,141,R20MZ_FZ_250_filtered
25,12,0,-244.43,-11.376,253.96,-11.52,585.02,907,R20MZ_FZ_250_filtered
25,12,0,-244.41,10.543,247.5,14.53,-597.52,262,R20MZ_FZ_250_filtered
25,12,0,-244.39,6.006,415.36,35.05,-526.49,6379,R20MZ_FZ_250_filtered
25,12,0,-244.38,-10.995,422.87,-14.81,584.28,7129,R20MZ_FZ_250_filtered
25,12,2,-244.38,-3.214,589.918,-27.38,386.99,13162,R20MZ_IA-2_FZ_250_filtered
25,12,0,-244.37,1.721,414.29,24.67,-225.46,6272,R20MZ_FZ_250_filtered
25,12,0,-244.36,8.09,246.89,24.21,-584.04,201,R20MZ_FZ_250_filtered
25,12,0,-244.35,-10.141,253.65,-17.88,581.93,876,R20MZ_FZ_250_filtered
25,12,0,-244.35,-10.641,287.58,-16.05,581.33,2137,R20MZ_FZ_250_filtered
25,12,0,-244.35,3.794,414.81,39.6,-407.07,6324,R20MZ_FZ_250_filtered
25,12,0,-244.33,-12.213,254.26,-18.41,580.4,936,R20MZ_FZ_250_filtered
25,12,0,-244.32,-9.086,422.39,-21.69,578.69,7081,R20MZ_FZ_250_filtered
25,12,0,-244.31,6.617,415.51,30.72,-550.54,6394,R20MZ_FZ_250_filtered
25,12,0,-244.29,2.147,414.39,30.42,-268.13,6282,R20MZ_FZ_250_filtered
25,12,0,-244.29,-11.194,422.92,-11.88,588.76,7134,R20MZ_FZ_250_filtered
25,12,2,-244.29,7.126,584.638,36.11,-548.87,12635,R20MZ_IA-2_FZ_250_filtered
25,12,0,-244.28,-10.119,287.45,-17.4,581.78,2124,R20MZ_FZ_250_filtered
25,12,0,-244.27,5.257,415.17,34.56,-495.34,6360,R20MZ_FZ_250_filtered
25,12,-0,-244.27,-11.728,423.11,5.37,587.99,7153,R20MZ_FZ_250_filtered
25,12,0,-244.22,6.46,415.47,34,-543.25,6390,R20MZ_FZ_250_filtered
25,12,0,-244.21,3.85,414.82,39.26,-411.27,6325,R20MZ_FZ_250_filtered
25,12,4,-244.2,-9.483,760.483,6.23,584.05,19546,R20MZ_IA-4_FZ_250_filtered
25,12,0,-244.18,-10.169,287.46,-17.89,580.71,2125,R20MZ_FZ_250_filtered
25,12,4,-244.17,8.815,754.063,39.27,-538.84,18905,R20MZ_IA-4_FZ_250_filtered
25,12,0,-244.16,4.447,279.77,36.27,-442.9,1357,R20MZ_FZ_250_filtered
25,12,0,-244.13,-10.146,254.82,-22.21,575.3,992,R20MZ_FZ_250_filtered
25,12,0,-244.11,3.998,279.66,38.57,-413.59,1346,R20MZ_FZ_250_filtered
25,12,0,-244.08,0.095,284.9,-0.6,-12.5,1869,R20MZ_FZ_250_filtered
25,12,0,-244.07,5.249,246.18,38.08,-492.7,130,R20MZ_FZ_250_filtered
25,12,0,-244.07,4.976,279.9,34.99,-474.4,1370,R20MZ_FZ_250_filtered
25,12,0,-244.06,4.373,245.96,37.91,-445.54,108,R20MZ_FZ_250_filtered
25,12,0,-244.01,7.533,280.54,29.29,-571.01,1434,R20MZ_FZ_250_filtered
25,12,2,-243.99,9.529,585.238,26.86,-581.43,12695,R20MZ_IA-2_FZ_250_filtered
25,12,0,-243.96,-9.038,422.38,-21.11,580.39,7080,R20MZ_FZ_250_filtered
25,12,0,-243.95,10.5,247.49,14.3,-593.77,261,R20MZ_FZ_250_filtered
25,12,0,-243.95,-10.106,253.64,-17.69,583.63,875,R20MZ_FZ_250_filtered
25,12,0,-243.95,4.029,279.67,37.5,-416.99,1347,R20MZ_FZ_250_filtered
25,12,4,-243.95,-6.17,759.653,-9.01,520.47,19463,R20MZ_IA-4_FZ_250_filtered
25,12,0,-243.94,-9.487,422.49,-18.92,583.8,7091,R20MZ_FZ_250_filtered
25,12,0,-243.91,9.559,281.05,16.58,-584.92,1485,R20MZ_FZ_250_filtered
25,12,0,-243.89,-10.938,253.85,-13.19,585.79,896,R20MZ_FZ_250_filtered
25,12,0,-243.89,6.323,280.24,31.16,-531.77,1404,R20MZ_FZ_250_filtered
25,12,0,-243.89,10.519,281.29,13.45,-590.66,1509,R20MZ_FZ_250_filtered
25,12,0,-243.89,-10.751,422.81,-13.76,590,7123,R20MZ_FZ_250_filtered
25,12,4,-243.88,-0.145,758.143,30.3,93.53,19312,R20MZ_IA-4_FZ_250_filtered
25,12,0,-243.87,0.033,284.91,-1.23,-6.92,1870,R20MZ_FZ_250_filtered
25,12,2,-243.87,-10.198,591.668,-6.51,591.48,13337,R20MZ_IA-2_FZ_250_filtered
25,12,0,-243.8,3.928,245.85,41.06,-416.7,97,R20MZ_FZ_250_filtered
25,12,0,-243.8,-10.119,254.83,-21.04,576.23,993,R20MZ_FZ_250_filtered
25,12,-0,-243.76,-9.205,287.22,-20.76,575.29,2101,R20MZ_FZ_250_filtered
25,12,0,-243.75,-0.177,420.16,-4.69,20.86,6858,R20MZ_FZ_250_filtered
25,12,0,-243.73,-10.504,253.74,-14.53,586.11,885,R20MZ_FZ_250_filtered
25,12,4,-243.73,-3.555,759.003,-11.22,413.85,19398,R20MZ_IA-4_FZ_250_filtered
25,12,0,-243.7,6.894,415.58,31.52,-557.34,6401,R20MZ_FZ_250_filtered
25,12,0,-243.69,-10.518,422.75,-15.65,584.13,7117,R20MZ_FZ_250_filtered
25,12,0,-243.65,-10.186,253.66,-17.84,581.03,877,R20MZ_FZ_250_filtered
25,12,0,-243.61,1.849,414.32,27.07,-237.88,6275,R20MZ_FZ_250_filtered
25,12,0,-243.6,4.452,245.98,37,-452.68,110,R20MZ_FZ_250_filtered
25,12,0,-243.6,-10.908,287.65,-13.55,587.98,2144,R20MZ_FZ_250_filtered
25,12,2,-243.6,-9.049,591.378,-10.23,585.87,13308,R20MZ_IA-2_FZ_250_filtered
25,12,0,-243.57,8.574,247.01,21.43,-586.49,213,R20MZ_FZ_250_filtered
25,12,0,-243.55,4.818,415.06,34.91,-471.91,6349,R20MZ_FZ_250_filtered
25,12,0,-243.54,8.933,416.09,18.44,-584.62,6452,R20MZ_FZ_250_filtered
25,12,0,-243.54,-9.566,422.51,-19.33,581.33,7093,R20MZ_FZ_250_filtered
25,12,0,-243.53,10.563,281.3,13.93,-594.55,1510,R20MZ_FZ_250_filtered
25,12,0,-243.52,-9.924,422.6,-17.49,586.74,7102,R20MZ_FZ_250_filtered
25,12,0,-243.49,-10.649,253.78,-15.57,581.01,889,R20MZ_FZ_250_filtered
25,12,0,-243.46,-11.13,253.9,-13.84,580.85,901,R20MZ_FZ_250_filtered
25,12,0,-243.46,7.963,280.65,27.92,-581.7,1445,R20MZ_FZ_250_filtered
25,12,0,-243.45,5.384,246.21,36.13,-501.08,133,R20MZ_FZ_250_filtered
25,12,0,-243.44,6.14,246.4,35.74,-530.53,152,R20MZ_FZ_250_filtered
25,12,0,-243.44,-0.969,285.17,-24.68,131.56,1896,R20MZ_FZ_250_filtered
25,12,0,-243.43,2.345,414.44,30.49,-286.74,6287,R20MZ_FZ_250_filtered
25,12,0,-243.43,4.205,414.91,37.7,-431.56,6334,R20MZ_FZ_250_filtered
25,12,0,-243.42,6.579,246.51,33.54,-545.88,163,R20MZ_FZ_250_filtered
25,12,2,-243.4,8.564,584.998,29.38,-568.57,12671,R20MZ_IA-2_FZ_250_filtered
25,12,0,-243.37,-9.668,253.53,-18.92,580.71,864,R20MZ_FZ_250_filtered
25,12,0,-243.34,9.977,247.36,15.67,-594.08,248,R20MZ_FZ_250_filtered
25,12,0,-243.33,7.774,415.8,27.17,-578.59,6423,R20MZ_FZ_250_filtered
25,12,-0,-243.32,-10.056,253.63,-17.02,585.52,874,R20MZ_FZ_250_filtered
25,12,0,-243.3,6.178,415.4,31.98,-533.32,6383,R20MZ_FZ_250_filtered
25,12,0,-243.29,8.012,415.86,22.46,-573.3,6429,R20MZ_FZ_250_filtered
25,12,0,-243.28,-10.048,422.63,-18.55,583.35,7105,R20MZ_FZ_250_filtered
25,12,0,-243.27,5.894,280.13,32.16,-514.56,1393,R20MZ_FZ_250_filtered
25,12,0,-243.25,2.265,245.43,30.45,-282.39,55,R20MZ_FZ_250_filtered
25,12,-0,-243.24,-10.491,287.54,-14.52,587.38,2133,R20MZ_FZ_250_filtered
25,12,0,-243.18,-9.648,287.33,-18.53,579.46,2112,R20MZ_FZ_250_filtered
25,12,0,-243.17,-11.039,422.88,-14.28,585.52,7130,R20MZ_FZ_250_filtered
25,12,0,-243.16,0.113,251.09,-0.06,-17.46,620,R20MZ_FZ_250_filtered
25,12,0,-243.16,-11.151,287.71,-14.11,581.81,2150,R20MZ_FZ_250_filtered
25,12,0,-243.15,-10.676,287.59,-15.94,581.5,2138,R20MZ_FZ_250_filtered
25,12,0,-243.14,7.019,246.62,31.16,-559.67,174,R20MZ_FZ_250_filtered
25,12,0,-243.14,-11.338,253.95,-11.38,585.5,906,R20MZ_FZ_250_filtered
25,12,0,-243.13,-9.705,253.54,-18.99,579.47,865,R20MZ_FZ_250_filtered
25,12,0,-243.12,8.173,280.7,23.02,-577.19,1450,R20MZ_FZ_250_filtered
25,12,0,-243.12,8.846,280.87,23.79,-595.19,1467,R20MZ_FZ_250_filtered
25,12,0,-243.08,9.29,280.98,21.27,-597.36,1478,R20MZ_FZ_250_filtered
25,12,0,-243.07,10.092,247.39,17.41,-601.22,251,R20MZ_FZ_250_filtered
25,12,0,-243.07,1.92,279.14,27.12,-242.66,1294,R20MZ_FZ_250_filtered
25,12,0,-243.07,-9.242,287.23,-20.57,574.52,2102,R20MZ_FZ_250_filtered
25,12,4,-243.05,-4.434,759.223,-13.71,460.12,19420,R20MZ_IA-4_FZ_250_filtered
25,12,0,-243.04,9.961,416.35,17.06,-600.59,6478,R20MZ_FZ_250_filtered
25,12,0,-243.03,9.53,416.24,18.89,-597.81,6467,R20MZ_FZ_250_filtered
25,12,4,-243,-7.446,759.973,-2.14,555.68,19495,R20MZ_IA-4_FZ_250_filtered
25,12,0,-242.97,-8.168,422.16,-25.24,569.41,7058,R20MZ_FZ_250_filtered
25,12,2,-242.94,-7.28,590.938,-19.24,557.77,13264,R20MZ_IA-2_FZ_250_filtered
25,12,0,-242.93,1.978,245.36,30.54,-254.01,48,R20MZ_FZ_250_filtered
25,12,0,-242.92,9.087,416.13,20.63,-595.17,6456,R20MZ_FZ_250_filtered
25,12,0,-242.91,2.519,279.29,31.33,-300.85,1309,R20MZ_FZ_250_filtered
25,12,0,-242.9,-0.352,285,-6.49,43.04,1879,R20MZ_FZ_250_filtered
25,12,0,-242.89,8.655,416.02,22.42,-590.83,6445,R20MZ_FZ_250_filtered
25,12,0,-242.89,-9.44,422.48,-18.62,585.2,7090,R20MZ_FZ_250_filtered
25,12,-0,-242.87,5.277,279.98,36.53,-484.75,1378,R20MZ_FZ_250_filtered
25,12,0,-242.86,8.211,415.91,25.08,-585.72,6434,R20MZ_FZ_250_filtered
25,12,0,-242.83,7.254,280.47,26.89,-559.21,1427,R20MZ_FZ_250_filtered
25,12,0,-242.82,6.741,246.55,30.07,-552.39,167,R20MZ_FZ_250_filtered
25,12,0,-242.82,4.4,279.76,36.71,-437.61,1356,R20MZ_FZ_250_filtered
25,12,0,-242.8,2.64,245.53,36.04,-319.93,65,R20MZ_FZ_250_filtered
25,12,0,-242.79,4.848,279.87,36.9,-462.89,1367,R20MZ_FZ_250_filtered
25,12,0,-242.79,-8.767,287.11,-22.59,570.32,2090,R20MZ_FZ_250_filtered
25,12,0,-242.78,2.337,279.24,28.45,-282.53,1304,R20MZ_FZ_250_filtered
25,12,0,-242.78,9.41,416.21,16.75,-588.79,6464,R20MZ_FZ_250_filtered
25,12,0,-242.76,5.728,280.09,35.42,-503.39,1389,R20MZ_FZ_250_filtered
25,12,0,-242.72,-9.116,422.4,-21.84,578.4,7082,R20MZ_FZ_250_filtered
25,12,0,-242.7,3.564,279.55,33.63,-383.8,1335,R20MZ_FZ_250_filtered
25,12,0,-242.69,-9.624,253.52,-18.5,582.41,863,R20MZ_FZ_250_filtered
25,12,0,-242.66,-10.707,422.8,-13.69,590.32,7122,R20MZ_FZ_250_filtered
25,12,0,-242.65,2.019,279.16,29.31,-249.96,1296,R20MZ_FZ_250_filtered
25,12,0,-242.63,4.94,246.1,35.83,-478.58,122,R20MZ_FZ_250_filtered
25,12,0,-242.62,0.068,251.1,-0.75,-11.71,621,R20MZ_FZ_250_filtered
25,12,0,-242.61,-5.589,252.51,-37.23,497.12,762,R20MZ_FZ_250_filtered
25,12,0,-242.61,-10.888,253.84,-13.53,586.59,895,R20MZ_FZ_250_filtered
25,12,0,-242.6,-11.119,422.9,-12.69,588.32,7132,R20MZ_FZ_250_filtered
25,12,2,-242.58,-1.561,589.498,-10.03,238.77,13120,R20MZ_IA-2_FZ_250_filtered
25,12,0,-242.57,-11.164,253.91,-13.25,581.64,902,R20MZ_FZ_250_filtered
25,12,-0,-242.57,-8.604,422.27,-22.73,574.98,7069,R20MZ_FZ_250_filtered
25,12,0,-242.56,-10.231,253.67,-17.17,580.88,878,R20MZ_FZ_250_filtered
25,12,0,-242.56,-11.075,422.89,-13.07,587.07,7131,R20MZ_FZ_250_filtered
25,12,0,-242.51,-8.125,422.15,-24.95,569.85,7057,R20MZ_FZ_250_filtered
25,12,0,-242.5,-8.72,287.1,-22.25,571.26,2089,R20MZ_FZ_250_filtered
25,12,0,-242.5,-0.757,420.32,-18.91,108.62,6874,R20MZ_FZ_250_filtered
25,12,4,-242.49,-5.328,759.443,-12.02,495.06,19442,R20MZ_IA-4_FZ_250_filtered
25,12,0,-242.48,9.22,247.17,21.22,-599.52,229,R20MZ_FZ_250_filtered
25,12,0,-242.48,-8.651,422.28,-23.06,573.59,7070,R20MZ_FZ_250_filtered
25,12,0,-242.47,-10.083,422.64,-17.84,584.31,7106,R20MZ_FZ_250_filtered
25,12,0,-242.45,3.884,414.83,38.07,-414.53,6326,R20MZ_FZ_250_filtered
25,12,0,-242.42,9.657,247.28,18.92,-600.76,240,R20MZ_FZ_250_filtered
25,12,0,-242.41,3.761,414.8,39.2,-402.25,6323,R20MZ_FZ_250_filtered
25,12,2,-242.41,-1.811,589.568,-16.87,271.04,13127,R20MZ_IA-2_FZ_250_filtered
25,12,0,-242.38,-10.717,287.6,-15.64,582.44,2139,R20MZ_FZ_250_filtered
25,12,0,-242.37,-8.779,253.31,-22.14,570.8,842,R20MZ_FZ_250_filtered
25,12,0,-242.36,-11.198,287.72,-13.41,583.21,2151,R20MZ_FZ_250_filtered
25,12,0,-242.36,-5.88,421.59,-36.39,512.01,7001,R20MZ_FZ_250_filtered
25,12,0,-242.35,3.88,245.84,41.32,-412.03,96,R20MZ_FZ_250_filtered
25,12,0,-242.33,-10.702,253.79,-15,581.65,890,R20MZ_FZ_250_filtered
25,12,0,-242.33,-10.203,287.47,-17.21,580.26,2126,R20MZ_FZ_250_filtered
25,12,0,-242.29,-9.159,287.21,-20.36,576.67,2100,R20MZ_FZ_250_filtered
25,12,0,-242.25,9.602,281.06,16.85,-583.98,1486,R20MZ_FZ_250_filtered
25,12,-0,-242.24,3.518,279.54,33.88,-379.74,1334,R20MZ_FZ_250_filtered
25,12,0,-242.24,2.962,414.6,36.55,-342.22,6303,R20MZ_FZ_250_filtered
25,12,0,-242.23,-9.229,253.42,-20.51,576.53,853,R20MZ_FZ_250_filtered
25,12,0,-242.22,-11.29,253.94,-11.46,585.51,905,R20MZ_FZ_250_filtered
25,12,0,-242.21,7.457,246.73,29.76,-570.84,185,R20MZ_FZ_250_filtered
25,12,0,-242.2,-10.562,422.76,-15.9,585.07,7118,R20MZ_FZ_250_filtered
25,12,0,-242.17,-9.181,253.41,-20.3,577.92,852,R20MZ_FZ_250_filtered
25,12,0,-242.17,1.963,279.15,27.81,-245.76,1295,R20MZ_FZ_250_filtered
25,12,0,-242.17,5.445,280.02,33.64,-494.85,1382,R20MZ_FZ_250_filtered
25,12,0,-242.15,-11.244,287.73,-12.62,585.23,2152,R20MZ_FZ_250_filtered
25,12,0,-242.12,-9.6,287.32,-18.28,580.87,2111,R20MZ_FZ_250_filtered
25,12,0,-242.12,9.896,416.33,15.68,-594.54,6476,R20MZ_FZ_250_filtered
25,12,0,-242.1,-9.287,287.24,-20.51,574.07,2103,R20MZ_FZ_250_filtered
25,12,4,-242.1,-5.176,759.403,-10.53,488.65,19438,R20MZ_IA-4_FZ_250_filtered
25,12,0,-242.09,2.187,414.4,29.66,-270.58,6283,R20MZ_FZ_250_filtered
25,12,2,-242.06,-2.448,589.728,-23.64,326.43,13143,R20MZ_IA-2_FZ_250_filtered
25,12,4,-242.06,2.6,752.514,61.24,-239.93,18750,R20MZ_IA-4_FZ_250_filtered
25,12,4,-242.06,7.346,753.693,43.8,-515.2,18868,R20MZ_IA-4_FZ_250_filtered
25,12,0,-242.05,-11.216,253.92,-13.02,583.19,903,R20MZ_FZ_250_filtered
25,12,0,-242.03,3.507,245.74,35.45,-386.91,86,R20MZ_FZ_250_filtered
25,12,0,-242.03,-10.738,253.8,-14.63,582.9,891,R20MZ_FZ_250_filtered
25,12,0,-242.02,7.099,415.63,26.94,-559.51,6406,R20MZ_FZ_250_filtered
25,12,0,-242.01,-10.857,253.83,-13.32,586.45,894,R20MZ_FZ_250_filtered
25,12,0,-241.97,10.009,247.37,16.3,-594.22,249,R20MZ_FZ_250_filtered
25,12,0,-241.93,3.535,245.75,35.45,-390.16,87,R20MZ_FZ_250_filtered
25,12,0,-241.9,-4.517,421.25,-40.51,450.13,6967,R20MZ_FZ_250_filtered
25,12,0,-241.89,7.653,246.78,25.58,-572.08,190,R20MZ_FZ_250_filtered
25,12,0,-241.87,-8.339,253.2,-23.88,564.91,831,R20MZ_FZ_250_filtered
25,12,0,-241.87,8.647,280.82,20.38,-580.28,1462,R20MZ_FZ_250_filtered
25,12,0,-241.86,-5.577,286.31,-36.41,493.41,2010,R20MZ_FZ_250_filtered
25,12,0,-241.86,4.659,415.02,37.85,-457.3,6345,R20MZ_FZ_250_filtered
25,12,0,-241.86,-10.604,422.77,-14.82,586.46,7119,R20MZ_FZ_250_filtered
25,12,2,-241.86,-6.806,590.818,-21.3,546.41,13252,R20MZ_IA-2_FZ_250_filtered
25,12,0,-241.85,1.937,245.35,29.14,-249.03,47,R20MZ_FZ_250_filtered
25,12,0,-241.85,9.921,416.34,16,-596.85,6477,R20MZ_FZ_250_filtered
25,12,4,-241.84,-0.513,758.233,25.39,141.58,19321,R20MZ_IA-4_FZ_250_filtered
25,12,0,-241.83,3.066,245.63,35.35,-351.84,75,R20MZ_FZ_250_filtered
25,12,0,-241.83,-0.932,285.16,-23.53,127.24,1895,R20MZ_FZ_250_filtered
25,12,0,-241.82,4.78,246.06,38.88,-465.06,118,R20MZ_FZ_250_filtered
25,12,0,-241.82,-8.8,287.12,-22.61,569.56,2091,R20MZ_FZ_250_filtered
25,12,0,-241.81,2.447,245.48,32.24,-301.14,60,R20MZ_FZ_250_filtered
25,12,0,-241.8,4.525,279.79,35.52,-448.48,1359,R20MZ_FZ_250_filtered
25,12,0,-241.8,3.379,414.7,34.35,-374.33,6313,R20MZ_FZ_250_filtered
25,12,4,-241.8,-8.687,760.283,3.52,579.24,19526,R20MZ_IA-4_FZ_250_filtered
25,12,0,-241.79,-8.559,422.26,-22.46,576.06,7068,R20MZ_FZ_250_filtered
25,12,0,-241.78,8.77,247.06,23.62,-595.17,218,R20MZ_FZ_250_filtered
25,12,0,-241.76,4.321,245.95,38.21,-439.93,107,R20MZ_FZ_250_filtered
25,12,0,-241.76,-9.264,253.43,-20.61,575.45,854,R20MZ_FZ_250_filtered
25,12,0,-241.76,-10.772,287.61,-14.72,584.45,2140,R20MZ_FZ_250_filtered
25,12,0,-241.76,2.83,414.57,37.44,-332.32,6300,R20MZ_FZ_250_filtered
25,12,0,-241.75,-10.872,287.64,-13.92,588.31,2143,R20MZ_FZ_250_filtered
25,12,-0,-241.75,3.416,414.71,33.52,-378.19,6314,R20MZ_FZ_250_filtered
25,12,0,-241.73,-10.468,253.73,-13.89,586.9,884,R20MZ_FZ_250_filtered
25,12,0,-241.71,5.103,415.13,36.63,-480.57,6356,R20MZ_FZ_250_filtered
25,12,0,-241.71,-0.232,420.17,-4.98,27.07,6859,R20MZ_FZ_250_filtered
25,12,0,-241.7,8.349,246.95,25.74,-589.91,207,R20MZ_FZ_250_filtered
25,12,0,-241.69,-11.253,253.93,-11.96,584.74,904,R20MZ_FZ_250_filtered
25,12,0,-241.68,5.532,415.24,36.63,-500.42,6367,R20MZ_FZ_250_filtered
25,12,0,-241.68,-6.758,421.81,-32,540.71,7023,R20MZ_FZ_250_filtered
25,12,0,-241.67,-5.404,421.47,-38.22,493.41,6989,R20MZ_FZ_250_filtered
25,12,-0,-241.67,-6.32,421.7,-34.79,527.06,7012,R20MZ_FZ_250_filtered
25,12,0,-241.67,-8.2,422.17,-25.67,568.94,7059,R20MZ_FZ_250_filtered
25,12,0,-241.66,-6.807,421.82,-32.13,542.11,7024,R20MZ_FZ_250_filtered
25,12,0,-241.65,-7.689,422.04,-27.17,562.42,7046,R20MZ_FZ_250_filtered
25,12,0,-241.64,-8.74,253.3,-21.91,571.72,841,R20MZ_FZ_250_filtered
25,12,0,-241.6,10.059,247.38,16.76,-597.03,250,R20MZ_FZ_250_filtered
25,12,-0,-241.6,9.454,416.22,17.26,-589.71,6465,R20MZ_FZ_250_filtered
25,12,0,-241.59,-10.029,253.62,-16.35,587.07,873,R20MZ_FZ_250_filtered
25,12,0,-241.59,-7.725,422.05,-27.32,562.44,7047,R20MZ_FZ_250_filtered
25,12,0,-241.58,-10.835,287.63,-13.85,587.24,2142,R20MZ_FZ_250_filtered
25,12,0,-241.55,7.89,246.84,28.13,-580.61,196,R20MZ_FZ_250_filtered
25,12,0,-241.55,5.735,415.29,32.75,-514.09,6372,R20MZ_FZ_250_filtered
25,12,0,-241.54,-10.635,422.78,-14.15,588.33,7120,R20MZ_FZ_250_filtered
25,12,0,-241.53,-5.122,286.2,-39.01,475.11,1999,R20MZ_FZ_250_filtered
25,12,0,-241.53,-10.242,287.48,-16.93,580.9,2127,R20MZ_FZ_250_filtered
25,12,0,-241.52,-4.945,421.36,-39.8,473.24,6978,R20MZ_FZ_250_filtered
25,12,0,-241.49,-6.939,252.85,-30.7,540.4,796,R20MZ_FZ_250_filtered
25,12,0,-241.48,-7.373,252.96,-28.24,549.7,807,R20MZ_FZ_250_filtered
25,12,0,-241.45,-10.279,253.68,-16.92,581.97,879,R20MZ_FZ_250_filtered
25,12,0,-241.44,-7.851,253.08,-26.21,558.7,819,R20MZ_FZ_250_filtered
25,12,0,-241.43,-5.136,252.4,-39.69,479.45,751,R20MZ_FZ_250_filtered
25,12,0,-241.42,-10.444,287.53,-14.39,587.53,2132,R20MZ_FZ_250_filtered
25,12,0,-241.41,5.225,246.17,37.99,-486.46,129,R20MZ_FZ_250_filtered
25,12,0,-241.4,4.009,245.87,38.62,-423.36,99,R20MZ_FZ_250_filtered
25,12,0,-241.4,-8.68,422.29,-23.08,573.61,7071,R20MZ_FZ_250_filtered
25,12,0,-241.38,3.021,245.62,36.87,-347.97,74,R20MZ_FZ_250_filtered
25,12,0,-241.38,-6.487,252.74,-34.18,528.92,785,R20MZ_FZ_250_filtered
25,12,0,-241.38,-10.825,253.82,-13.97,585.84,893,R20MZ_FZ_250_filtered
25,12,0,-241.38,4.369,414.95,34.93,-445.08,6338,R20MZ_FZ_250_filtered
25,12,-0,-241.37,-0.407,285.01,-6.67,49.57,1880,R20MZ_FZ_250_filtered
25,12,0,-241.37,-8.083,422.14,-24.84,570.18,7056,R20MZ_FZ_250_filtered
25,12,0,-241.35,-8.325,287,-24.78,565.06,2079,R20MZ_FZ_250_filtered
25,12,0,-241.35,-5.836,421.58,-36.53,510.93,7000,R20MZ_FZ_250_filtered
25,12,2,-241.34,-1.072,589.388,-10.78,184.15,13109,R20MZ_IA-2_FZ_250_filtered
25,12,0,-241.33,6.283,246.44,32.08,-535.64,156,R20MZ_FZ_250_filtered
25,12,0,-241.33,9.055,247.13,19.39,-589.74,225,R20MZ_FZ_250_filtered
25,12,0,-241.33,-9.764,287.36,-18.82,578.42,2115,R20MZ_FZ_250_filtered
25,12,0,-241.33,-7.201,421.92,-29.45,552.49,7034,R20MZ_FZ_250_filtered
25,12,0,-241.31,-7.419,252.97,-28.06,550.02,808,R20MZ_FZ_250_filtered
25,12,0,-241.31,3.34,414.69,34.48,-370.46,6312,R20MZ_FZ_250_filtered
25,12,0,-241.3,8.974,416.1,18.68,-583.21,6453,R20MZ_FZ_250_filtered
25,12,0,-241.3,-10.671,422.79,-13.51,589.71,7121,R20MZ_FZ_250_filtered
25,12,0,-241.29,9.541,247.25,17.62,-591.74,237,R20MZ_FZ_250_filtered
25,12,0,-241.28,-6.364,421.71,-35.23,528.46,7013,R20MZ_FZ_250_filtered
25,12,0,-241.27,-6.031,286.43,-35.31,510.47,2022,R20MZ_FZ_250_filtered
25,12,4,-241.26,-5.616,759.513,-9.61,504.13,19449,R20MZ_IA-4_FZ_250_filtered
25,12,4,-241.25,-4.692,759.283,-11.35,470.1,19426,R20MZ_IA-4_FZ_250_filtered
25,12,0,-241.24,-10.779,253.81,-14.03,584.6,892,R20MZ_FZ_250_filtered
25,12,0,-241.24,9.06,416.12,20.01,-589.73,6455,R20MZ_FZ_250_filtered
25,12,0,-241.23,-7.404,286.77,-28.76,548.77,2056,R20MZ_FZ_250_filtered
25,12,0,-241.23,9.497,416.23,17.97,-592.83,6466,R20MZ_FZ_250_filtered
25,12,0,-241.22,4.082,279.68,35.83,-419.47,1348,R20MZ_FZ_250_filtered
25,12,-0,-241.22,-6.917,286.65,-30.68,537.46,2044,R20MZ_FZ_250_filtered
25,12,0,-241.19,-5.613,286.32,-36.96,494.49,2011,R20MZ_FZ_250_filtered
25,12,0,-241.18,-6.459,252.73,-33.68,527.98,784,R20MZ_FZ_250_filtered
25,12,0,-241.18,-8.285,286.99,-24.42,565.68,2078,R20MZ_FZ_250_filtered
25,12,-0,-241.17,-7.649,422.03,-26.94,562.12,7045,R20MZ_FZ_250_filtered
25,12,0,-241.16,-6.021,252.62,-35.54,512.94,773,R20MZ_FZ_250_filtered
25,12,0,-241.13,-5.539,252.5,-37.16,496.35,761,R20MZ_FZ_250_filtered
25,12,-0,-241.13,-10.805,287.62,-14.18,586.16,2141,R20MZ_FZ_250_filtered
25,12,0,-241.08,-10.117,422.65,-17.69,585.09,7107,R20MZ_FZ_250_filtered
25,12,0,-241.07,-6.06,252.63,-35.68,514.19,774,R20MZ_FZ_250_filtered
25,12,0,-241.03,5.657,246.28,36.92,-506.48,140,R20MZ_FZ_250_filtered
25,12,0,-241.03,-5.625,252.52,-37.73,498.85,763,R20MZ_FZ_250_filtered
25,12,-0,-241.02,9.641,281.07,17.06,-586.76,1487,R20MZ_FZ_250_filtered
25,12,2,-241,-4.233,590.178,-30.92,451,13188,R20MZ_IA-2_FZ_250_filtered
25,12,0,-240.99,-8.706,253.29,-21.46,573.12,840,R20MZ_FZ_250_filtered
25,12,0,-240.97,3.461,245.73,35.66,-382.55,85,R20MZ_FZ_250_filtered
25,12,0,-240.97,8.81,280.86,22.89,-588.33,1466,R20MZ_FZ_250_filtered
25,12,0,-240.96,5.977,415.35,34.67,-519.79,6378,R20MZ_FZ_250_filtered
25,12,0,-240.95,2.31,245.44,29.74,-285,56,R20MZ_FZ_250_filtered
25,12,0,-240.95,-10.427,253.72,-13.89,586.92,883,R20MZ_FZ_250_filtered
25,12,0,-240.93,-6.473,286.54,-33.12,524.43,2033,R20MZ_FZ_250_filtered
25,12,0,-240.92,-8.96,422.36,-20.72,582.57,7078,R20MZ_FZ_250_filtered
25,12,0,-240.91,7.575,415.75,24.6,-566.31,6418,R20MZ_FZ_250_filtered
25,12,4,-240.91,-0.54,758.243,24.62,146.5,19322,R20MZ_IA-4_FZ_250_filtered
25,12,0,-240.89,7.043,280.42,30.16,-550.49,1422,R20MZ_FZ_250_filtered
25,12,0,-240.89,-9.407,422.47,-18.58,586.61,7089,R20MZ_FZ_250_filtered
25,12,0,-240.85,9.25,280.97,20.11,-590.97,1477,R20MZ_FZ_250_filtered
25,12,0,-240.84,-8.815,253.32,-22.32,570.19,843,R20MZ_FZ_250_filtered
25,12,0,-240.83,8.132,246.9,23.52,-578.57,202,R20MZ_FZ_250_filtered
25,12,0,-240.79,-6.966,252.86,-30.82,541.03,797,R20MZ_FZ_250_filtered
25,12,0,-240.77,-4.083,421.14,-41.27,424.56,6956,R20MZ_FZ_250_filtered
25,12,0,-240.76,-0.733,420.31,-16.94,104.3,6873,R20MZ_FZ_250_filtered
25,12,4,-240.76,-8.581,760.253,2.63,575.92,19523,R20MZ_IA-4_FZ_250_filtered
25,12,0,-240.73,-7.824,253.07,-26.21,558.84,818,R20MZ_FZ_250_filtered
25,12,0,-240.73,-8.843,287.13,-22.29,569.73,2092,R20MZ_FZ_250_filtered
25,12,0,-240.71,-6.892,252.84,-30.67,539.62,795,R20MZ_FZ_250_filtered
25,12,0,-240.71,5.003,279.91,33.65,-473.91,1371,R20MZ_FZ_250_filtered
25,12,0,-240.7,-9.997,287.42,-16.39,585.22,2121,R20MZ_FZ_250_filtered
25,12,4,-240.69,7.538,753.744,45.5,-525.72,18873,R20MZ_IA-4_FZ_250_filtered
25,12,0,-240.68,3.102,245.64,34.19,-354.93,76,R20MZ_FZ_250_filtered
25,12,0,-240.68,-6.277,421.69,-34.28,526.12,7011,R20MZ_FZ_250_filtered
25,12,0,-240.67,-5.923,421.6,-37.1,514.05,7002,R20MZ_FZ_250_filtered
25,12,0,-240.66,7.214,246.67,27.12,-560.6,179,R20MZ_FZ_250_filtered
25,12,0,-240.66,7.732,280.59,24.33,-566.8,1439,R20MZ_FZ_250_filtered
25,12,0,-240.65,-9.121,287.2,-20.36,577.78,2099,R20MZ_FZ_250_filtered
25,12,0,-240.64,-4.678,286.09,-39.98,453.4,1988,R20MZ_FZ_250_filtered
25,12,0,-240.63,-9.134,253.4,-19.71,578.85,851,R20MZ_FZ_250_filtered
25,12,0,-240.63,-10.304,253.69,-15.77,583.68,880,R20MZ_FZ_250_filtered
25,12,0,-240.63,-2.726,420.8,-36.21,326.25,6922,R20MZ_FZ_250_filtered
25,12,0,-240.59,-8.244,286.98,-24.27,566.46,2077,R20MZ_FZ_250_filtered
25,12,0,-240.58,7.486,280.53,28.71,-563.21,1433,R20MZ_FZ_250_filtered
25,12,-0,-240.58,-7.284,421.94,-29.9,553.62,7036,R20MZ_FZ_250_filtered
25,12,0,-240.53,8.17,415.9,24.77,-578.71,6433,R20MZ_FZ_250_filtered
25,12,0,-240.52,4.362,279.75,36.08,-432.15,1355,R20MZ_FZ_250_filtered
25,12,0,-240.5,-8.528,422.25,-22.09,577.01,7067,R20MZ_FZ_250_filtered
25,12,0,-240.43,5.296,415.18,33.64,-493.44,6361,R20MZ_FZ_250_filtered
25,12,0,-240.41,-2.414,251.72,-35.23,295.22,683,R20MZ_FZ_250_filtered
25,12,0,-240.41,-6.957,286.66,-31.07,538.39,2045,R20MZ_FZ_250_filtered
25,12,0,-240.4,2.97,245.61,38.04,-344.1,73,R20MZ_FZ_250_filtered
25,12,0,-240.4,-9.579,253.51,-17.87,584.13,862,R20MZ_FZ_250_filtered
25,12,0,-240.4,-10.414,287.52,-14.68,587.25,2131,R20MZ_FZ_250_filtered
25,12,0,-240.37,2.367,279.25,28.17,-284.68,1305,R20MZ_FZ_250_filtered
25,12,0,-240.37,3.179,279.45,32.23,-352.44,1325,R20MZ_FZ_250_filtered
25,12,0,-240.36,-5.098,252.39,-38.83,478.36,750,R20MZ_FZ_250_filtered
25,12,0,-240.35,2.447,279.27,29.38,-291.35,1307,R20MZ_FZ_250_filtered
25,12,0,-240.34,-7.343,252.95,-27.93,549.55,806,R20MZ_FZ_250_filtered
25,12,0,-240.34,-8.363,287.01,-24.48,564.31,2080,R20MZ_FZ_250_filtered
25,12,0,-240.32,4.498,245.99,36.72,-453.76,111,R20MZ_FZ_250_filtered
25,12,0,-240.3,6.852,415.57,31.14,-550.17,6400,R20MZ_FZ_250_filtered
25,12,4,-240.28,-6.052,759.623,-8.56,518.68,19460,R20MZ_IA-4_FZ_250_filtered
25,12,0,-240.27,-9.781,253.56,-18.37,579.65,867,R20MZ_FZ_250_filtered
25,12,4,-240.24,-7.375,759.953,-2.69,555.2,19493,R20MZ_IA-4_FZ_250_filtered
25,12,0,-240.23,-9.306,253.44,-20.14,575.15,855,R20MZ_FZ_250_filtered
25,12,0,-240.21,-4.654,252.28,-40.54,456.66,739,R20MZ_FZ_250_filtered
25,12,0,-240.21,8.369,280.75,24.93,-582.12,1455,R20MZ_FZ_250_filtered
25,12,0,-240.2,-1.946,285.41,-35.42,249.65,1920,R20MZ_FZ_250_filtered
25,12,0,-240.2,-10.291,287.49,-16.43,581.99,2128,R20MZ_FZ_250_filtered
25,12,0,-240.19,-8.691,287.09,-22.31,572.66,2088,R20MZ_FZ_250_filtered
25,12,2,-240.18,-1.587,589.508,-11.38,242.73,13121,R20MZ_IA-2_FZ_250_filtered
25,12,0,-240.17,9.175,247.16,20.32,-593.45,228,R20MZ_FZ_250_filtered
25,12,0,-240.16,6.365,280.25,30.31,-529.11,1405,R20MZ_FZ_250_filtered
25,12,0,-240.15,-5.181,252.41,-39.79,481.49,752,R20MZ_FZ_250_filtered
25,12,0,-240.15,-6.538,252.75,-33.97,530.51,786,R20MZ_FZ_250_filtered
25,12,0,-240.14,-0.879,285.15,-22.66,123.07,1894,R20MZ_FZ_250_filtered
25,12,2,-240.13,-6.766,590.808,-21.25,546.21,13251,R20MZ_IA-2_FZ_250_filtered
25,12,0,-240.12,9.575,247.26,17.49,-592.04,238,R20MZ_FZ_250_filtered
25,12,4,-240.11,-5.375,759.453,-11.6,496.93,19443,R20MZ_IA-4_FZ_250_filtered
25,12,0,-240.09,-1.549,285.3,-21.05,202.62,1909,R20MZ_FZ_250_filtered
25,12,0,-240.09,-2.407,285.52,-34.27,292.12,1931,R20MZ_FZ_250_filtered
25,12,0,-240.08,-7.914,253.09,-25.8,558.57,820,R20MZ_FZ_250_filtered
25,12,-0,-240.08,2.236,414.41,29.38,-273.66,6284,R20MZ_FZ_250_filtered
25,12,-0,-240.07,-4.211,252.17,-41.11,432.02,728,R20MZ_FZ_250_filtered
25,12,0,-240.07,6.65,415.52,29.33,-545.86,6395,R20MZ_FZ_250_filtered
25,12,0,-240.05,9.104,247.14,19.57,-587.85,226,R20MZ_FZ_250_filtered
25,12,0,-240.04,-3.605,421.02,-39.32,394.78,6944,R20MZ_FZ_250_filtered
25,12,0,-240.03,2.416,245.47,31.32,-296.18,59,R20MZ_FZ_250_filtered
25,12,0,-240.03,7.92,280.64,27.13,-574.52,1444,R20MZ_FZ_250_filtered
25,12,4,-240.03,-5.123,759.393,-11.05,488.06,19437,R20MZ_IA-4_FZ_250_filtered
25,12,0,-240,-6.079,286.44,-35.12,512.19,2023,R20MZ_FZ_250_filtered
25,12,0,-239.99,-6.52,286.55,-33.19,525.83,2034,R20MZ_FZ_250_filtered
25,12,0,-239.99,2.797,414.56,37.23,-328.12,6299,R20MZ_FZ_250_filtered
25,12,0,-239.97,3.008,414.61,34.83,-344.37,6304,R20MZ_FZ_250_filtered
25,12,0,-239.95,6.087,246.39,35.27,-523.97,151,R20MZ_FZ_250_filtered
25,12,0,-239.95,-2.438,285.53,-34.53,295.85,1932,R20MZ_FZ_250_filtered
25,12,0,-239.94,-6.443,286.53,-32.95,523.34,2032,R20MZ_FZ_250_filtered
25,12,0,-239.94,-9.325,287.25,-19.89,574.7,2104,R20MZ_FZ_250_filtered
25,12,0,-239.94,7.299,415.68,29.1,-562.43,6411,R20MZ_FZ_250_filtered
25,12,0,-239.94,8.052,415.87,22.37,-570.18,6430,R20MZ_FZ_250_filtered
25,12,0,-239.92,2.691,245.54,36,-321.61,66,R20MZ_FZ_250_filtered
25,12,0,-239.91,8.206,280.71,22.18,-571.74,1451,R20MZ_FZ_250_filtered
25,12,0,-239.88,-10.348,253.7,-15.28,585.39,881,R20MZ_FZ_250_filtered
25,12,2,-239.88,-4.481,590.238,-29.04,464.45,13194,R20MZ_IA-2_FZ_250_filtered
25,12,0,-239.87,7.731,415.79,26.54,-571.57,6422,R20MZ_FZ_250_filtered
25,12,0,-239.87,-1.44,420.47,-22.43,188.99,6889,R20MZ_FZ_250_filtered
25,12,0,-239.86,5.414,246.22,34.97,-498.88,134,R20MZ_FZ_250_filtered
25,12,0,-239.85,2.396,245.46,30.15,-291.97,58,R20MZ_FZ_250_filtered
25,12,0,-239.85,-1.534,251.49,-21.3,200.91,660,R20MZ_FZ_250_filtered
25,12,0,-239.85,-4.708,252.29,-40.86,457.74,740,R20MZ_FZ_250_filtered
25,12,2,-239.84,-7.396,590.968,-19.65,561.12,13267,R20MZ_IA-2_FZ_250_filtered
25,12,0,-239.82,-4.728,286.1,-40.18,455.28,1989,R20MZ_FZ_250_filtered
25,12,0,-239.79,8.684,280.83,20.03,-576.84,1463,R20MZ_FZ_250_filtered
25,12,-0,-239.79,4.173,414.9,37.52,-426.11,6333,R20MZ_FZ_250_filtered
25,12,0,-239.78,8.623,247.02,20.88,-582.43,214,R20MZ_FZ_250_filtered
25,12,0,-239.78,3.5,279.53,33.83,-375.72,1333,R20MZ_FZ_250_filtered
25,12,0,-239.77,-4.043,421.13,-40.45,423.63,6955,R20MZ_FZ_250_filtered
25,12,0,-239.76,-7.457,252.98,-27.92,550.67,809,R20MZ_FZ_250_filtered
25,12,0,-239.76,9.207,280.96,19.33,-584.9,1476,R20MZ_FZ_250_filtered
25,12,0,-239.74,-10.388,253.71,-14.61,586.62,882,R20MZ_FZ_250_filtered
25,12,0,-239.74,2.413,279.26,28.32,-287.62,1306,R20MZ_FZ_250_filtered
25,12,0,-239.73,-3.637,421.03,-40.41,396.02,6945,R20MZ_FZ_250_filtered
25,12,0,-239.7,-10.166,422.66,-16.48,587.1,7108,R20MZ_FZ_250_filtered
25,12,0,-239.69,-6.719,421.8,-32.01,539.94,7022,R20MZ_FZ_250_filtered
25,12,0,-239.67,-3.336,251.95,-40.42,373.08,706,R20MZ_FZ_250_filtered
25,12,0,-239.66,-6.837,421.83,-32.42,543.38,7025,R20MZ_FZ_250_filtered
25,12,0,-239.65,-4.645,286.08,-39.6,452.32,1987,R20MZ_FZ_250_filtered
25,12,0,-239.64,-2.324,420.7,-37.87,287.49,6912,R20MZ_FZ_250_filtered
25,12,0,-239.62,-8.387,253.21,-23.56,564.93,832,R20MZ_FZ_250_filtered
25,12,0,-239.6,-6.881,286.64,-30.21,536.68,2043,R20MZ_FZ_250_filtered
25,12,0,-239.59,-9.963,287.41,-16.68,584.93,2120,R20MZ_FZ_250_filtered
25,12,0,-239.59,-10.361,287.51,-15.25,586.17,2130,R20MZ_FZ_250_filtered
25,12,0,-239.58,6.531,246.5,33.56,-539.48,162,R20MZ_FZ_250_filtered
25,12,0,-239.57,-5.993,252.61,-35.19,511.86,772,R20MZ_FZ_250_filtered
25,12,0,-239.57,5.693,280.08,34.92,-496.83,1388,R20MZ_FZ_250_filtered
25,12,0,-239.55,-3.774,285.86,-39.63,400.67,1965,R20MZ_FZ_250_filtered
25,12,0,-239.55,-10.332,287.5,-15.79,584.32,2129,R20MZ_FZ_250_filtered
25,12,0,-239.55,-7.763,422.06,-27.43,562.62,7048,R20MZ_FZ_250_filtered
25,12,0,-239.54,-6.997,286.67,-30.88,539.97,2046,R20MZ_FZ_250_filtered
25,12,0,-239.53,-2.469,251.73,-35.95,298.33,684,R20MZ_FZ_250_filtered
25,12,0,-239.53,-5.533,286.3,-36.23,492.64,2009,R20MZ_FZ_250_filtered
25,12,2,-239.52,-5.161,590.408,-29.75,496.11,13211,R20MZ_IA-2_FZ_250_filtered
25,12,0,-239.51,-3.807,285.87,-40.25,402.24,1966,R20MZ_FZ_250_filtered
25,12,0,-239.51,-9.795,287.37,-18.56,579.52,2116,R20MZ_FZ_250_filtered
25,12,0,-239.51,-5.353,421.46,-37.8,492.8,6988,R20MZ_FZ_250_filtered
25,12,0,-239.5,-7.331,286.75,-28.23,548.16,2054,R20MZ_FZ_250_filtered
25,12,0,-239.49,2.35,245.45,29.5,-288.24,57,R20MZ_FZ_250_filtered
25,12,0,-239.47,3.578,245.76,34.93,-393.25,88,R20MZ_FZ_250_filtered
25,12,0,-239.45,-9.976,253.61,-16.33,587.39,872,R20MZ_FZ_250_filtered
25,12,-0,-239.44,-7.163,421.91,-29.72,552.21,7033,R20MZ_FZ_250_filtered
25,12,0,-239.43,-8.246,422.18,-25.6,569.43,7060,R20MZ_FZ_250_filtered
25,12,0,-239.41,-8.727,422.3,-22.84,575.33,7072,R20MZ_FZ_250_filtered
25,12,0,-239.4,-2.38,251.71,-35.09,292.43,682,R20MZ_FZ_250_filtered
25,12,0,-239.4,-8.045,422.13,-24.55,570.03,7055,R20MZ_FZ_250_filtered
25,12,0,-239.39,-9.209,422.42,-21.12,581.07,7084,R20MZ_FZ_250_filtered
25,12,0,-239.38,-9.798,422.57,-17.08,588.96,7099,R20MZ_FZ_250_filtered
25,12,0,-239.37,-5.644,286.33,-36.74,496.22,2012,R20MZ_FZ_250_filtered
25,12,4,-239.36,3.19,752.654,58.02,-292.9,18764,R20MZ_IA-4_FZ_250_filtered
25,12,0,-239.32,-6.419,252.72,-33.43,527.7,783,R20MZ_FZ_250_filtered
25,12,-0,-239.32,-1.99,285.42,-35.62,253.54,1921,R20MZ_FZ_250_filtered
25,12,0,-239.3,-8.223,253.17,-23.75,566.76,828,R20MZ_FZ_250_filtered
25,12,0,-239.3,3.928,414.84,36.86,-415.75,6327,R20MZ_FZ_250_filtered
25,12,0,-239.26,-9.766,422.56,-16.85,588.19,7098,R20MZ_FZ_250_filtered
25,12,-0,-239.24,6.771,246.56,29.31,-548.63,168,R20MZ_FZ_250_filtered
25,12,0,-239.24,-6.85,252.83,-30.21,539.63,794,R20MZ_FZ_250_filtered
25,12,0,-239.24,-4.199,285.97,-40.29,427.82,1976,R20MZ_FZ_250_filtered
25,12,4,-239.24,7.495,753.734,45.09,-518.65,18872,R20MZ_IA-4_FZ_250_filtered
25,12,4,-239.22,-4.164,759.153,-10.85,448.84,19413,R20MZ_IA-4_FZ_250_filtered
25,12,0,-239.21,-8.861,253.33,-21.9,570.37,844,R20MZ_FZ_250_filtered
25,12,0,-239.2,-9.108,253.39,-19.67,579.33,850,R20MZ_FZ_250_filtered
25,12,0,-239.18,-6.101,252.64,-35.83,516.09,775,R20MZ_FZ_250_filtered
25,12,0,-239.17,8.301,246.94,25.11,-583.21,206,R20MZ_FZ_250_filtered
25,12,0,-239.17,5.246,279.97,35.83,-478.37,1377,R20MZ_FZ_250_filtered
25,12,0,-239.17,-9.517,287.3,-17.72,581.82,2109,R20MZ_FZ_250_filtered
25,12,0,-239.16,4.747,246.05,38.58,-459.61,117,R20MZ_FZ_250_filtered
25,12,0,-239.16,-0.699,420.3,-15.7,99.83,6872,R20MZ_FZ_250_filtered
25,12,0,-239.14,8.732,247.05,22.57,-588.31,217,R20MZ_FZ_250_filtered
25,12,0,-239.13,-6.397,421.72,-35.37,530.05,7014,R20MZ_FZ_250_filtered
25,12,2,-239.12,-7.647,591.028,-17.01,566.51,13273,R20MZ_IA-2_FZ_250_filtered
25,12,0,-239.11,-2.684,420.79,-35.6,323.77,6921,R20MZ_FZ_250_filtered
25,12,0,-239.09,5.927,280.14,31.19,-511.58,1394,R20MZ_FZ_250_filtered
25,12,0,-239.08,-2.881,285.64,-37.94,335.56,1943,R20MZ_FZ_250_filtered
25,12,0,-239.06,7.42,246.72,28.52,-564.13,184,R20MZ_FZ_250_filtered
25,12,0,-239.06,-1.802,420.57,-31.76,238.18,6899,R20MZ_FZ_250_filtered
25,12,0,-239.05,-5.804,421.57,-35.98,510.95,6999,R20MZ_FZ_250_filtered
25,12,0,-239.04,7.29,280.48,25.15,-553.75,1428,R20MZ_FZ_250_filtered
25,12,0,-239.04,-7.6,422.02,-26.68,561.81,7044,R20MZ_FZ_250_filtered
25,12,0,-239.01,6.98,246.61,30.99,-553.29,173,R20MZ_FZ_250_filtered
25,12,2,-239,4.873,584.078,43.9,-455.34,12579,R20MZ_IA-2_FZ_250_filtered
25,12,0,-238.99,-9.535,253.5,-18.15,584.45,861,R20MZ_FZ_250_filtered
25,12,0,-238.98,3.845,245.83,40.96,-407.21,95,R20MZ_FZ_250_filtered
25,12,-0,-238.96,-1.907,285.4,-34.79,245.78,1919,R20MZ_FZ_250_filtered
25,12,0,-238.96,3.301,414.68,33.82,-366.41,6311,R20MZ_FZ_250_filtered
25,12,0,-238.94,-9.823,253.57,-17.98,581.52,868,R20MZ_FZ_250_filtered
25,12,0,-238.93,9.138,247.15,19.57,-588.95,227,R20MZ_FZ_250_filtered
25,12,0,-238.92,-3.304,251.94,-40.24,371.54,705,R20MZ_FZ_250_filtered
25,12,0,-238.91,-9.339,253.45,-19.88,576.1,856,R20MZ_FZ_250_filtered
25,12,0,-238.87,-7.921,286.9,-26.26,558.11,2069,R20MZ_FZ_250_filtered
25,12,0,-238.86,-1.588,285.31,-21.41,208.22,1910,R20MZ_FZ_250_filtered
25,12,0,-238.83,-8.886,287.14,-22.38,570.84,2093,R20MZ_FZ_250_filtered
25,12,0,-238.83,-8.493,422.24,-22.16,577.34,7066,R20MZ_FZ_250_filtered
25,12,0,-238.81,4.562,279.8,34.17,-449.24,1360,R20MZ_FZ_250_filtered
25,12,0,-238.81,-9.841,287.38,-18,581.07,2117,R20MZ_FZ_250_filtered
25,12,0,-238.8,6.222,415.41,30.77,-529.41,6384,R20MZ_FZ_250_filtered
25,12,0,-238.76,4.29,245.94,37.49,-434.49,106,R20MZ_FZ_250_filtered
25,12,0,-238.76,7.852,246.83,26.93,-573.28,195,R20MZ_FZ_250_filtered
25,12,0,-238.74,4.982,246.11,34.68,-477.47,123,R20MZ_FZ_250_filtered
25,12,0,-238.72,5.179,246.16,37.15,-480.38,128,R20MZ_FZ_250_filtered
25,12,0,-238.72,-5.958,286.41,-34.76,508.76,2020,R20MZ_FZ_250_filtered
25,12,0,-238.71,-1.507,251.48,-21.26,195.34,659,R20MZ_FZ_250_filtered
25,12,-0,-238.65,-3.685,421.04,-40.84,398.38,6946,R20MZ_FZ_250_filtered
25,12,0,-238.63,-5.037,421.38,-40.34,476.84,6980,R20MZ_FZ_250_filtered
25,12,0,-238.59,4.048,245.88,37.57,-425.05,100,R20MZ_FZ_250_filtered
25,12,0,-238.58,-8.926,422.35,-20.98,582.91,7077,R20MZ_FZ_250_filtered
25,12,0,-238.57,-8.408,287.02,-24.28,564.95,2081,R20MZ_FZ_250_filtered
25,12,4,-238.51,4.455,752.974,58.52,-386.64,18796,R20MZ_IA-4_FZ_250_filtered
25,12,0,-238.5,2.927,245.6,38.31,-340.21,72,R20MZ_FZ_250_filtered
25,12,0,-238.48,-3.746,252.05,-40.33,402.71,716,R20MZ_FZ_250_filtered
25,12,0,-238.47,-9.892,287.39,-17.08,582.93,2118,R20MZ_FZ_250_filtered
25,12,0,-238.46,-9.94,253.6,-16.29,587.4,871,R20MZ_FZ_250_filtered
25,12,0,-238.46,-9.93,287.4,-16.73,584.29,2119,R20MZ_FZ_250_filtered
25,12,0,-238.45,-9.085,287.19,-19.82,578.09,2098,R20MZ_FZ_250_filtered
25,12,0,-238.45,-8.766,422.31,-22.29,576.89,7073,R20MZ_FZ_250_filtered
25,12,0,-238.42,-5.662,252.53,-37.23,501.35,764,R20MZ_FZ_250_filtered
25,12,0,-238.42,-8.201,286.97,-23.88,566.62,2076,R20MZ_FZ_250_filtered
25,12,0,-238.4,3.152,245.65,32.94,-357.39,77,R20MZ_FZ_250_filtered
25,12,0,-238.36,8.722,280.84,20.48,-577.61,1464,R20MZ_FZ_250_filtered
25,12,0,-238.35,7.133,415.64,26.18,-554.98,6407,R20MZ_FZ_250_filtered
25,12,0,-238.34,8.129,415.89,23.8,-573.25,6432,R20MZ_FZ_250_filtered
25,12,4,-238.32,-6.883,759.833,-4.63,544.52,19481,R20MZ_IA-4_FZ_250_filtered
25,12,0,-238.3,3.429,245.72,35.54,-378.2,84,R20MZ_FZ_250_filtered
25,12,0,-238.29,-3.382,251.96,-40.79,374.96,707,R20MZ_FZ_250_filtered
25,12,0,-238.26,-6.231,421.68,-33.99,525.68,7010,R20MZ_FZ_250_filtered
25,12,0,-238.22,-7.016,252.87,-30.34,541.99,798,R20MZ_FZ_250_filtered
25,12,0,-238.22,-2.835,285.63,-36.98,333.39,1942,R20MZ_FZ_250_filtered
25,12,0,-238.22,7.61,415.76,24.3,-562.86,6419,R20MZ_FZ_250_filtered
25,12,0,-238.22,8.094,415.88,22.81,-569.84,6431,R20MZ_FZ_250_filtered
25,12,0,-238.2,-2.358,285.51,-34.44,288.89,1930,R20MZ_FZ_250_filtered
25,12,0,-238.17,-5.212,286.22,-39.3,478.71,2001,R20MZ_FZ_250_filtered
25,12,0,-238.13,5.478,280.03,32.6,-492.18,1383,R20MZ_FZ_250_filtered
25,12,0,-238.07,6.128,280.19,32.57,-513.4,1399,R20MZ_FZ_250_filtered
25,12,0,-238.06,4.407,414.96,34.26,-444.9,6339,R20MZ_FZ_250_filtered
25,12,0,-238.04,-5.952,421.61,-36.92,515.95,7003,R20MZ_FZ_250_filtered
25,12,0,-238.02,-9.87,253.58,-17.49,584.01,869,R20MZ_FZ_250_filtered
25,12,0,-238,5.614,246.27,36.22,-499.92,139,R20MZ_FZ_250_filtered
25,12,0,-238,7.756,280.6,23.98,-562.09,1440,R20MZ_FZ_250_filtered
25,12,0,-237.98,5.055,415.12,36.12,-474.34,6355,R20MZ_FZ_250_filtered
25,12,0,-237.97,6.571,280.3,31.66,-530.62,1410,R20MZ_FZ_250_filtered
25,12,0,-237.96,3.206,279.46,30.7,-354.9,1326,R20MZ_FZ_250_filtered
25,12,0,-237.95,5.932,415.34,33.78,-513.24,6377,R20MZ_FZ_250_filtered
25,12,0,-237.94,-9.486,287.29,-18.07,581.68,2108,R20MZ_FZ_250_filtered
25,12,0,-237.93,-2.917,285.65,-38.91,338.37,1944,R20MZ_FZ_250_filtered
25,12,0,-237.92,-1.762,420.56,-29.84,233.51,6898,R20MZ_FZ_250_filtered
25,12,0,-237.91,8.318,280.74,23.72,-575.27,1454,R20MZ_FZ_250_filtered
25,12,2,-237.89,-0.813,589.328,-4.84,154.53,13103,R20MZ_IA-2_FZ_250_filtered
25,12,0,-237.88,-8.287,422.19,-25.07,570.36,7061,R20MZ_FZ_250_filtered
25,12,0,-237.87,-9.382,253.46,-19.13,578.28,857,R20MZ_FZ_250_filtered
25,12,0,-237.87,-6.566,286.56,-32.84,527.73,2035,R20MZ_FZ_250_filtered
25,12,0,-237.87,-7.318,421.95,-30.15,554.87,7037,R20MZ_FZ_250_filtered
25,12,0,-237.86,8.66,247.03,21.1,-581.17,215,R20MZ_FZ_250_filtered
25,12,4,-237.86,-6.436,759.723,-7.18,532.06,19470,R20MZ_IA-4_FZ_250_filtered
25,12,0,-237.82,7.699,246.79,24.88,-567.23,191,R20MZ_FZ_250_filtered
25,12,0,-237.79,-5.516,252.49,-36.68,496.22,760,R20MZ_FZ_250_filtered
25,12,0,-237.78,8.704,247.04,21.74,-583.34,216,R20MZ_FZ_250_filtered
25,12,0,-237.76,6.339,246.45,31.19,-532.36,157,R20MZ_FZ_250_filtered
25,12,0,-237.75,-7.94,253.1,-25.39,559.52,821,R20MZ_FZ_250_filtered
25,12,2,-237.75,-8.012,591.118,-14.66,574.4,13282,R20MZ_IA-2_FZ_250_filtered
25,12,0,-237.74,-4.741,252.3,-41.51,460.09,741,R20MZ_FZ_250_filtered
25,12,0,-237.7,5.491,415.23,35.66,-493.7,6366,R20MZ_FZ_250_filtered
25,12,0,-237.69,-7.751,253.05,-25.18,558.87,816,R20MZ_FZ_250_filtered
25,12,0,-237.69,-9.909,253.59,-17.08,586.34,870,R20MZ_FZ_250_filtered
25,12,0,-237.67,-2.487,285.54,-35.2,298.95,1933,R20MZ_FZ_250_filtered
25,12,2,-237.67,-7.926,591.098,-15.65,571.3,13280,R20MZ_IA-2_FZ_250_filtered
25,12,0,-237.66,-3.847,285.88,-40.89,404.12,1967,R20MZ_FZ_250_filtered
25,12,0,-237.63,8.173,246.91,23.19,-574.98,203,R20MZ_FZ_250_filtered
25,12,0,-237.61,-8.909,253.34,-21.29,571.62,845,R20MZ_FZ_250_filtered
25,12,0,-237.61,4.12,414.89,37.32,-421.45,6332,R20MZ_FZ_250_filtered
25,12,0,-237.57,-4.611,252.27,-39.89,456.82,738,R20MZ_FZ_250_filtered
25,12,0,-237.57,-7.295,286.74,-27.54,547.56,2053,R20MZ_FZ_250_filtered
25,12,0,-237.57,7.697,415.78,25.63,-565.81,6421,R20MZ_FZ_250_filtered
25,12,0,-237.55,-9.404,287.27,-19.07,578.58,2106,R20MZ_FZ_250_filtered
25,12,0,-237.55,-8.871,422.34,-21,582.61,7076,R20MZ_FZ_250_filtered
25,12,0,-237.52,-5.944,252.6,-34.63,512.36,771,R20MZ_FZ_250_filtered
25,12,0,-237.52,7.439,280.52,27.92,-555.89,1432,R20MZ_FZ_250_filtered
25,12,0,-237.51,4.316,279.74,35.74,-427.02,1354,R20MZ_FZ_250_filtered
25,12,-0,-237.51,-9.048,287.18,-20.13,578.28,2097,R20MZ_FZ_250_filtered
25,12,0,-237.49,3.883,279.63,38.72,-399.28,1343,R20MZ_FZ_250_filtered
25,12,0,-237.49,4.114,279.69,34.37,-420.07,1349,R20MZ_FZ_250_filtered
25,12,0,-237.48,-8.439,287.03,-23.71,566.51,2082,R20MZ_FZ_250_filtered
25,12,0,-237.46,-2.505,251.74,-36.36,301.93,685,R20MZ_FZ_250_filtered
25,12,0,-237.44,7.881,280.63,25.73,-567.35,1443,R20MZ_FZ_250_filtered
25,12,0,-237.43,6.368,415.45,32.76,-529.98,6388,R20MZ_FZ_250_filtered
25,12,4,-237.42,-5.491,759.483,-9.96,503.14,19446,R20MZ_IA-4_FZ_250_filtered
25,12,2,-237.41,-6.082,590.638,-25.94,527.86,13234,R20MZ_IA-2_FZ_250_filtered
25,12,0,-237.34,-7.307,252.94,-27.53,549.4,805,R20MZ_FZ_250_filtered
25,12,4,-237.33,-6.397,759.713,-7.69,531.88,19469,R20MZ_IA-4_FZ_250_filtered
25,12,0,-237.32,7.003,280.41,29.24,-543.79,1421,R20MZ_FZ_250_filtered
25,12,0,-237.31,-5.056,252.38,-38.84,478.38,749,R20MZ_FZ_250_filtered
25,12,0,-237.31,-8.179,253.16,-23.51,567.1,827,R20MZ_FZ_250_filtered
25,12,0,-237.31,-9.447,287.28,-18.56,580.3,2107,R20MZ_FZ_250_filtered
25,12,0,-237.31,-3.233,420.93,-41.46,366.12,6935,R20MZ_FZ_250_filtered
25,12,0,-237.25,-7.806,422.07,-26.98,563.24,7049,R20MZ_FZ_250_filtered
25,12,0,-237.24,-4.882,421.34,-38.87,472.35,6976,R20MZ_FZ_250_filtered
25,12,0,-237.16,-8.42,253.22,-23.47,565.72,833,R20MZ_FZ_250_filtered
25,12,0,-237.16,-4.165,285.96,-40.01,427.06,1975,R20MZ_FZ_250_filtered
25,12,0,-237.16,-7.994,422.12,-24.36,569.74,7054,R20MZ_FZ_250_filtered
25,12,2,-237.14,7.24,584.668,36.19,-539.74,12638,R20MZ_IA-2_FZ_250_filtered
25,12,0,-237.13,7.26,415.67,28.12,-556.19,6410,R20MZ_FZ_250_filtered
25,12,0,-237.12,-9.502,253.49,-17.8,584.16,860,R20MZ_FZ_250_filtered
25,12,2,-237.11,3.522,583.738,44.32,-361.05,12545,R20MZ_IA-2_FZ_250_filtered
25,12,0,-237.07,-2.822,251.82,-37.26,333.88,693,R20MZ_FZ_250_filtered
25,12,0,-237.05,-5.221,252.42,-39.85,484.61,753,R20MZ_FZ_250_filtered
25,12,4,-237.05,-6.843,759.823,-4.78,544.45,19480,R20MZ_IA-4_FZ_250_filtered
25,12,0,-237.03,3.448,279.52,33.32,-371.82,1332,R20MZ_FZ_250_filtered
25,12,-0,-237.02,-5.328,421.45,-37.53,492.69,6987,R20MZ_FZ_250_filtered
25,12,0,-237.01,-8.923,287.15,-21.96,573.33,2094,R20MZ_FZ_250_filtered
25,12,0,-237,-4.756,286.11,-40.18,458.24,1990,R20MZ_FZ_250_filtered
25,12,0,-236.98,8.252,280.72,22.21,-569.23,1452,R20MZ_FZ_250_filtered
25,12,0,-236.95,-4.302,252.19,-41.85,436.37,730,R20MZ_FZ_250_filtered
25,12,0,-236.94,8.285,280.73,22.79,-570.45,1453,R20MZ_FZ_250_filtered
25,12,0,-236.93,3.505,414.73,31.76,-383,6316,R20MZ_FZ_250_filtered
25,12,2,-236.91,-4.435,590.228,-29.21,463.91,13193,R20MZ_IA-2_FZ_250_filtered
25,12,-0,-236.89,-1.621,285.32,-23.14,213.7,1911,R20MZ_FZ_250_filtered
25,12,0,-236.87,-8.836,422.33,-21.32,581.38,7075,R20MZ_FZ_250_filtered
25,12,0,-236.86,2.891,245.59,37.92,-335.85,71,R20MZ_FZ_250_filtered
25,12,0,-236.83,-6.885,421.84,-32.42,545.28,7026,R20MZ_FZ_250_filtered
25,12,0,-236.81,6.816,415.56,29.85,-544.25,6399,R20MZ_FZ_250_filtered
25,12,0,-236.76,6.06,246.38,34.84,-518.05,150,R20MZ_FZ_250_filtered
25,12,0,-236.76,-6.581,252.76,-33.47,531.76,787,R20MZ_FZ_250_filtered
25,12,0,-236.76,-8.965,287.16,-21.15,575.82,2095,R20MZ_FZ_250_filtered
25,12,0,-236.75,-6.378,252.71,-33.17,527.4,782,R20MZ_FZ_250_filtered
25,12,0,-236.73,5.337,415.19,32.85,-490,6362,R20MZ_FZ_250_filtered
25,12,0,-236.71,2.624,414.52,31.62,-313.82,6295,R20MZ_FZ_250_filtered
25,12,0,-236.71,-2.351,420.71,-37.8,290.74,6913,R20MZ_FZ_250_filtered
25,12,0,-236.7,-7.566,422.01,-26.8,561.68,7043,R20MZ_FZ_250_filtered
25,12,0,-236.69,7.251,246.68,26.62,-556.83,180,R20MZ_FZ_250_filtered
25,12,0,-236.69,-8.998,287.17,-20.82,577.36,2096,R20MZ_FZ_250_filtered
25,12,0,-236.68,-7.509,252.99,-27.73,551.93,810,R20MZ_FZ_250_filtered
25,12,0,-236.65,3.046,414.62,32.64,-346.52,6305,R20MZ_FZ_250_filtered
25,12,0,-236.65,-5.762,421.56,-36.06,510.98,6998,R20MZ_FZ_250_filtered
25,12,0,-236.64,3.694,414.78,37.23,-392.91,6321,R20MZ_FZ_250_filtered
25,12,0,-236.63,-7.965,286.91,-26.13,559.08,2070,R20MZ_FZ_250_filtered
25,12,0,-236.62,8.252,246.93,23.97,-577.74,205,R20MZ_FZ_250_filtered
25,12,0,-236.61,4.542,246,35.89,-453.57,112,R20MZ_FZ_250_filtered
25,12,0,-236.6,-4.6,286.07,-39.24,451.89,1986,R20MZ_FZ_250_filtered
25,12,0,-236.58,2.709,245.55,35.71,-323.9,67,R20MZ_FZ_250_filtered
25,12,0,-236.58,-1.867,285.39,-33.78,241.75,1918,R20MZ_FZ_250_filtered
25,12,0,-236.58,-8.597,287.07,-21.82,573,2086,R20MZ_FZ_250_filtered
25,12,0,-236.58,-5.527,421.5,-39,499.98,6992,R20MZ_FZ_250_filtered
25,12,0,-236.56,-9.46,253.48,-18.54,583.25,859,R20MZ_FZ_250_filtered
25,12,-0,-236.55,5.046,279.92,32.44,-471.7,1372,R20MZ_FZ_250_filtered
25,12,0,-236.55,4.573,415,36.26,-446.7,6343,R20MZ_FZ_250_filtered
25,12,0,-236.53,-9.012,253.37,-19.83,578.11,848,R20MZ_FZ_250_filtered
25,12,0,-236.53,4.767,279.85,36.52,-451.51,1365,R20MZ_FZ_250_filtered
25,12,0,-236.53,5.655,280.07,34.1,-491.05,1387,R20MZ_FZ_250_filtered
25,12,-0,-236.52,6.698,415.53,28.13,-541.93,6396,R20MZ_FZ_250_filtered
25,12,2,-236.48,-7.481,590.988,-18.13,564.6,13269,R20MZ_IA-2_FZ_250_filtered
25,12,0,-236.42,6.937,246.6,29.79,-547.5,172,R20MZ_FZ_250_filtered
25,12,0,-236.41,-8.936,253.35,-20.95,573.79,846,R20MZ_FZ_250_filtered
25,12,0,-236.39,-7.71,286.85,-25.7,557.65,2064,R20MZ_FZ_250_filtered
25,12,0,-236.39,6.265,415.42,30.17,-525.97,6385,R20MZ_FZ_250_filtered
25,12,0,-236.38,-5.681,286.34,-36.86,498.74,2013,R20MZ_FZ_250_filtered
25,12,0,-236.33,-8.442,422.23,-22.29,577.2,7065,R20MZ_FZ_250_filtered
25,12,0,-236.3,5.453,246.23,33.96,-496.05,135,R20MZ_FZ_250_filtered
25,12,0,-236.3,7.814,246.82,25.93,-567.51,194,R20MZ_FZ_250_filtered
25,12,0,-236.29,-2.815,285.62,-36.1,330.78,1941,R20MZ_FZ_250_filtered
25,12,0,-236.29,-1.064,420.39,-26.78,146.86,6881,R20MZ_FZ_250_filtered
25,12,0,-236.25,-7.04,286.68,-30.37,541.39,2047,R20MZ_FZ_250_filtered
25,12,0,-236.25,3.964,414.85,35.84,-416.36,6328,R20MZ_FZ_250_filtered
25,12,0,-236.24,-8.977,253.36,-20.52,576.1,847,R20MZ_FZ_250_filtered
25,12,0,-236.23,-8.169,286.96,-23.69,566.33,2075,R20MZ_FZ_250_filtered
25,12,0,-236.22,2.664,414.53,33.17,-316.59,6296,R20MZ_FZ_250_filtered
25,12,0,-236.21,5.905,246.34,32.41,-515.3,146,R20MZ_FZ_250_filtered
25,12,-0,-236.17,7.656,415.77,24.87,-562.69,6420,R20MZ_FZ_250_filtered
25,12,0,-236.16,-8.47,253.23,-23.06,567.75,834,R20MZ_FZ_250_filtered
25,12,0,-236.12,5.209,279.96,35.5,-472.77,1376,R20MZ_FZ_250_filtered
25,12,-0,-236.08,7.18,415.65,26.14,-552.46,6408,R20MZ_FZ_250_filtered
25,12,0,-236.07,-6.813,252.82,-30.19,539.81,793,R20MZ_FZ_250_filtered
25,12,0,-236.05,7.383,246.71,27.75,-558.52,183,R20MZ_FZ_250_filtered
25,12,0,-236.04,-5.49,286.29,-36.02,492.65,2008,R20MZ_FZ_250_filtered
25,12,0,-236.02,3.616,245.77,35.08,-394.64,89,R20MZ_FZ_250_filtered
25,12,4,-236.02,4.41,752.964,57.86,-380.88,18795,R20MZ_IA-4_FZ_250_filtered
25,12,0,-236.01,-6.133,252.65,-35.71,518.61,776,R20MZ_FZ_250_filtered
25,12,0,-236,3.8,245.82,40.15,-403,94,R20MZ_FZ_250_filtered
25,12,0,-235.99,6.083,280.18,31.65,-508.26,1398,R20MZ_FZ_250_filtered
25,12,0,-235.98,7.324,280.49,25.27,-549.38,1429,R20MZ_FZ_250_filtered
25,12,0,-235.97,4.699,246.04,37.86,-454.92,116,R20MZ_FZ_250_filtered
25,12,0,-235.96,-6.207,421.67,-33.92,525.71,7009,R20MZ_FZ_250_filtered
25,12,0,-235.9,-7.361,421.96,-29.7,556.13,7038,R20MZ_FZ_250_filtered
25,12,0,-235.83,-7.838,422.08,-26.75,564.35,7050,R20MZ_FZ_250_filtered
25,12,0,-235.79,6.499,246.49,32.96,-533.24,161,R20MZ_FZ_250_filtered
25,12,0,-235.78,5.132,246.15,36.06,-475.85,127,R20MZ_FZ_250_filtered
25,12,0,-235.78,-5.922,286.4,-34.28,509.27,2019,R20MZ_FZ_250_filtered
25,12,0,-235.78,-7.959,422.11,-24.26,569.3,7053,R20MZ_FZ_250_filtered
25,12,0,-235.77,-8.557,287.06,-22.05,572.23,2085,R20MZ_FZ_250_filtered
25,12,0,-235.75,7.799,280.61,24,-560.53,1441,R20MZ_FZ_250_filtered
25,12,0,-235.7,-2.153,420.66,-36.46,274.64,6908,R20MZ_FZ_250_filtered
25,12,0,-235.68,3.381,245.71,34.65,-373.68,83,R20MZ_FZ_250_filtered
25,12,0,-235.64,-8.143,253.15,-23.53,566.81,826,R20MZ_FZ_250_filtered
25,12,0,-235.64,7.845,280.62,24.9,-562.54,1442,R20MZ_FZ_250_filtered
25,12,0,-235.61,2.844,245.58,36.56,-331.95,70,R20MZ_FZ_250_filtered
25,12,0,-235.61,7.735,246.8,24.43,-564.42,192,R20MZ_FZ_250_filtered
25,12,0,-235.58,-7.981,253.11,-25.27,560.94,822,R20MZ_FZ_250_filtered
25,12,0,-235.57,-3.709,252.04,-39.53,402.28,715,R20MZ_FZ_250_filtered
25,12,-0,-235.56,-1.16,420.41,-26.23,157.1,6883,R20MZ_FZ_250_filtered
25,12,0,-235.54,5.894,415.33,32.78,-508.72,6376,R20MZ_FZ_250_filtered
25,12,0,-235.51,-8.494,287.04,-23.13,568.36,2083,R20MZ_FZ_250_filtered
25,12,0,-235.46,5.019,246.12,34.38,-475.57,124,R20MZ_FZ_250_filtered
25,12,0,-235.45,6.817,246.57,28.53,-544.57,169,R20MZ_FZ_250_filtered
25,12,0,-235.45,-2.319,285.5,-34.87,285.66,1929,R20MZ_FZ_250_filtered
25,12,0,-235.43,5.971,280.15,30.42,-508.13,1395,R20MZ_FZ_250_filtered
25,12,0,-235.43,5.025,415.11,35.11,-469.18,6354,R20MZ_FZ_250_filtered
25,12,0,-235.42,4.256,245.93,37.08,-430.12,105,R20MZ_FZ_250_filtered
25,12,4,-235.4,6.454,753.474,48.51,-488.44,18846,R20MZ_IA-4_FZ_250_filtered
25,12,-0,-235.38,-3.074,420.89,-39.71,359.03,6931,R20MZ_FZ_250_filtered
25,12,0,-235.36,-7.253,252.93,-27.63,549.9,804,R20MZ_FZ_250_filtered
25,12,0,-235.35,-8.362,422.21,-23.77,574.87,7063,R20MZ_FZ_250_filtered
25,12,0,-235.34,3.18,245.66,31.92,-359.39,78,R20MZ_FZ_250_filtered
25,12,0,-235.33,4.448,414.97,33.73,-443.63,6340,R20MZ_FZ_250_filtered
25,12,0,-235.32,-8.526,287.05,-22.43,570.54,2084,R20MZ_FZ_250_filtered
25,12,0,-235.29,-2.959,285.66,-39.29,341.48,1945,R20MZ_FZ_250_filtered
25,12,0,-235.29,-4.327,286,-41.07,434.52,1979,R20MZ_FZ_250_filtered
25,12,0,-235.24,-7.701,253.04,-25.21,559.05,815,R20MZ_FZ_250_filtered
25,12,0,-235.22,3.415,279.51,32.36,-367.93,1331,R20MZ_FZ_250_filtered
25,12,0,-235.21,-5.233,286.23,-39.21,482,2002,R20MZ_FZ_250_filtered
25,12,2,-235.21,-4.803,590.318,-29.32,483.12,13202,R20MZ_IA-2_FZ_250_filtered
25,12,0,-235.19,3.835,279.62,37.78,-395.54,1342,R20MZ_FZ_250_filtered
25,12,0,-235.18,-1.718,420.55,-27.96,228.87,6897,R20MZ_FZ_250_filtered
25,12,-0,-235.16,-7.065,252.88,-30.1,543.73,799,R20MZ_FZ_250_filtered
25,12,0,-235.1,7.411,280.51,26.61,-550.43,1431,R20MZ_FZ_250_filtered
25,12,0,-235.07,-4.778,252.31,-40.95,463.85,742,R20MZ_FZ_250_filtered
25,12,0,-235.05,6.972,280.4,28.32,-539.27,1420,R20MZ_FZ_250_filtered
25,12,2,-235.05,-5.291,590.438,-27.97,502.34,13214,R20MZ_IA-2_FZ_250_filtered
25,12,0,-235.04,5.463,415.22,35.14,-488.87,6365,R20MZ_FZ_250_filtered
25,12,0,-235.02,4.153,279.7,33.14,-419.75,1350,R20MZ_FZ_250_filtered
25,12,-0,-235.01,7.301,246.69,26.48,-554.63,181,R20MZ_FZ_250_filtered
25,12,0,-234.99,-3.427,251.97,-40.99,378.22,708,R20MZ_FZ_250_filtered
25,12,0,-234.98,6.334,415.44,31.78,-525.79,6387,R20MZ_FZ_250_filtered
25,12,0,-234.96,-8.544,253.25,-21.72,572.08,836,R20MZ_FZ_250_filtered
25,12,0,-234.95,2.881,279.38,34.85,-326.67,1318,R20MZ_FZ_250_filtered
25,12,0,-234.94,-6.006,421.62,-36.69,518.46,7004,R20MZ_FZ_250_filtered
25,12,0,-234.93,7.779,246.81,24.79,-564.42,193,R20MZ_FZ_250_filtered
25,12,0,-234.92,-2.526,285.55,-35.3,303.32,1934,R20MZ_FZ_250_filtered
25,12,0,-234.91,2.832,279.37,34.13,-324.04,1317,R20MZ_FZ_250_filtered
25,12,0,-234.9,-6.639,421.78,-31.69,539.52,7020,R20MZ_FZ_250_filtered
25,12,0,-234.88,-6.803,286.62,-29.67,536.25,2041,R20MZ_FZ_250_filtered
25,12,0,-234.87,-7.878,422.09,-25.91,566.21,7051,R20MZ_FZ_250_filtered
25,12,0,-234.83,-5.713,252.54,-37.31,504.19,765,R20MZ_FZ_250_filtered
25,12,0,-234.82,-6.36,286.51,-32.46,523.23,2030,R20MZ_FZ_250_filtered
25,12,0,-234.81,5.607,280.06,32.59,-487.78,1386,R20MZ_FZ_250_filtered
25,12,0,-234.8,-3.713,421.05,-41.6,402.12,6947,R20MZ_FZ_250_filtered
25,12,0,-234.79,-8.495,253.24,-22.39,569.76,835,R20MZ_FZ_250_filtered
25,12,0,-234.79,3.095,414.63,31.44,-348.68,6306,R20MZ_FZ_250_filtered
25,12,0,-234.78,-1.111,420.4,-26.55,152.13,6882,R20MZ_FZ_250_filtered
25,12,0,-234.75,4.079,414.88,36.66,-418.03,6331,R20MZ_FZ_250_filtered
25,12,0,-234.71,2.746,245.56,35.45,-325.6,68,R20MZ_FZ_250_filtered
25,12,0,-234.71,-7.241,286.73,-27.78,547.59,2052,R20MZ_FZ_250_filtered
25,12,0,-234.67,4.092,245.89,36.05,-425.18,101,R20MZ_FZ_250_filtered
25,12,0,-234.66,4.534,414.99,35.42,-443.75,6342,R20MZ_FZ_250_filtered
25,12,0,-234.64,-8.012,286.92,-25.63,560.79,2071,R20MZ_FZ_250_filtered
25,12,0,-234.63,5.57,246.26,35.63,-495.55,138,R20MZ_FZ_250_filtered
25,12,0,-234.62,3.248,279.47,29.97,-357.06,1327,R20MZ_FZ_250_filtered
25,12,0,-234.58,5.81,415.31,31.47,-508.28,6374,R20MZ_FZ_250_filtered
25,12,0,-234.57,6.895,280.38,26.81,-538.04,1418,R20MZ_FZ_250_filtered
25,12,0,-234.55,7.363,280.5,25.34,-548.43,1430,R20MZ_FZ_250_filtered
25,12,0,-234.55,6.729,415.54,28.09,-539.91,6397,R20MZ_FZ_250_filtered
25,12,0,-234.54,6.778,415.55,28.83,-540.35,6398,R20MZ_FZ_250_filtered
25,12,0,-234.52,-5.083,421.39,-40.21,480.14,6981,R20MZ_FZ_250_filtered
25,12,0,-234.51,-5.461,252.48,-36.8,497.19,759,R20MZ_FZ_250_filtered
25,12,0,-234.5,4.941,415.09,33.28,-466.88,6352,R20MZ_FZ_250_filtered
25,12,0,-234.49,4.004,414.86,35.64,-415.72,6329,R20MZ_FZ_250_filtered
25,12,0,-234.47,-1.251,285.23,-25.65,166.57,1902,R20MZ_FZ_250_filtered
25,12,0,-234.47,-7.531,422,-26.46,561.55,7042,R20MZ_FZ_250_filtered
25,12,0,-234.44,-3.244,285.73,-38.65,366.92,1952,R20MZ_FZ_250_filtered
25,12,0,-234.39,-7.689,286.84,-26.15,557.68,2063,R20MZ_FZ_250_filtered
25,12,0,-234.36,2.798,245.57,35.85,-328.69,69,R20MZ_FZ_250_filtered
25,12,0,-234.3,-7.546,253,-27.18,553.49,811,R20MZ_FZ_250_filtered
25,12,0,-234.28,7.333,246.7,26.77,-554.93,182,R20MZ_FZ_250_filtered
25,12,0,-234.26,-8.011,253.12,-24.92,562.94,823,R20MZ_FZ_250_filtered
25,12,0,-234.25,6.903,246.59,28.66,-543.76,171,R20MZ_FZ_250_filtered
25,12,0,-234.24,5.376,415.2,32.93,-487.34,6363,R20MZ_FZ_250_filtered
25,12,0,-234.22,-5.898,252.59,-35.01,512.69,770,R20MZ_FZ_250_filtered
25,12,0,-234.16,6.926,280.39,27.44,-537.4,1419,R20MZ_FZ_250_filtered
25,12,0,-234.15,3.719,279.59,33.79,-390.89,1339,R20MZ_FZ_250_filtered
25,12,0,-234.15,-4.642,421.28,-41.65,459.05,6970,R20MZ_FZ_250_filtered
25,12,0,-234.14,6.37,246.46,30.97,-529.06,158,R20MZ_FZ_250_filtered
25,12,0,-234.14,-6.62,252.77,-32.91,533.65,788,R20MZ_FZ_250_filtered
25,12,0,-234.12,-3.296,420.94,-41.48,369.72,6936,R20MZ_FZ_250_filtered
25,12,0,-234.11,-2.411,420.72,-36.93,295.27,6914,R20MZ_FZ_250_filtered
25,12,0,-234.09,3.649,414.77,35.18,-389.64,6320,R20MZ_FZ_250_filtered
25,12,0,-234.06,-8.053,286.93,-25.19,562.81,2072,R20MZ_FZ_250_filtered
25,12,0,-234.04,4.495,414.98,34.55,-442.98,6341,R20MZ_FZ_250_filtered
25,12,0,-234.03,-3.887,285.89,-40.96,407.7,1968,R20MZ_FZ_250_filtered
25,12,0,-234.03,-4.841,421.33,-38.81,472.39,6975,R20MZ_FZ_250_filtered
25,12,0,-234.02,-8.103,253.14,-24.11,566.51,825,R20MZ_FZ_250_filtered
25,12,0,-234.02,5.169,279.95,33.7,-469.17,1375,R20MZ_FZ_250_filtered
25,12,0,-234.01,5.498,246.24,34.03,-493.54,136,R20MZ_FZ_250_filtered
25,12,0,-234.01,-2.777,251.81,-36.41,331.72,692,R20MZ_FZ_250_filtered
25,12,0,-234,-1.84,285.38,-32.48,237.88,1917,R20MZ_FZ_250_filtered
25,12,0,-233.96,6.018,246.37,33.53,-513.68,149,R20MZ_FZ_250_filtered
25,12,0,-233.96,5.093,279.93,31.92,-469.05,1373,R20MZ_FZ_250_filtered
25,12,0,-233.92,5.944,246.35,32.39,-512.78,147,R20MZ_FZ_250_filtered
25,12,0,-233.91,4.036,414.87,35.74,-416.47,6330,R20MZ_FZ_250_filtered
25,12,0,-233.9,-5.01,252.37,-38.62,479.2,748,R20MZ_FZ_250_filtered
25,12,0,-233.9,-3.955,421.11,-39.41,423.23,6953,R20MZ_FZ_250_filtered
25,12,0,-233.88,-4.571,252.26,-39.88,456.86,737,R20MZ_FZ_250_filtered
25,12,0,-233.87,4.578,246.01,35.77,-452.16,113,R20MZ_FZ_250_filtered
25,12,0,-233.87,4.648,279.82,33.45,-446.56,1362,R20MZ_FZ_250_filtered
25,12,0,-233.87,-7.437,421.98,-27.91,559.25,7040,R20MZ_FZ_250_filtered
25,12,0,-233.85,-4.116,285.95,-39.2,426.79,1974,R20MZ_FZ_250_filtered
25,12,0,-233.83,-5.723,286.35,-36.69,501.72,2014,R20MZ_FZ_250_filtered
25,12,0,-233.82,-1.856,251.58,-33.15,242.22,669,R20MZ_FZ_250_filtered
25,12,0,-233.81,4.21,279.71,32.98,-419.88,1351,R20MZ_FZ_250_filtered
25,12,0,-233.8,6.044,280.17,30.86,-505.62,1397,R20MZ_FZ_250_filtered
25,12,0,-233.79,-7.468,421.99,-27.39,561.09,7041,R20MZ_FZ_250_filtered
25,12,-0,-233.78,4.735,279.84,35.5,-448.08,1364,R20MZ_FZ_250_filtered
25,12,0,-233.72,-5.565,421.51,-38.61,502.96,6993,R20MZ_FZ_250_filtered
25,12,0,-233.71,6.462,246.48,31.82,-529.35,160,R20MZ_FZ_250_filtered
25,12,0,-233.71,-5.004,286.17,-37.77,474.72,1996,R20MZ_FZ_250_filtered
25,12,0,-233.69,5.534,246.25,34.46,-493.07,137,R20MZ_FZ_250_filtered
25,12,0,-233.69,-3.446,285.78,-40.71,378.1,1957,R20MZ_FZ_250_filtered
25,12,0,-233.68,-5.278,421.44,-37.36,492.56,6986,R20MZ_FZ_250_filtered
25,12,0,-233.67,4.978,415.1,34.25,-467.01,6353,R20MZ_FZ_250_filtered
25,12,0,-233.66,5.857,415.32,31.95,-506.87,6375,R20MZ_FZ_250_filtered
25,12,0,-233.65,-4.787,286.12,-40.17,462.01,1991,R20MZ_FZ_250_filtered
25,12,0,-233.64,-4.397,421.22,-39.45,449.28,6964,R20MZ_FZ_250_filtered
25,12,0,-233.63,-7.656,253.03,-25.7,558.44,814,R20MZ_FZ_250_filtered
25,12,0,-233.62,-7.223,252.92,-28.46,550.08,803,R20MZ_FZ_250_filtered
25,12,0,-233.61,6.872,246.58,28.42,-543.16,170,R20MZ_FZ_250_filtered
25,12,0,-233.58,-6.335,252.7,-33.28,527.12,781,R20MZ_FZ_250_filtered
25,12,0,-233.58,-1.649,285.33,-25.08,218.67,1912,R20MZ_FZ_250_filtered
25,12,0,-233.57,3.767,245.81,39.05,-399.87,93,R20MZ_FZ_250_filtered
25,12,0,-233.57,4.135,245.9,35.49,-425.48,102,R20MZ_FZ_250_filtered
25,12,0,-233.55,-5.261,252.43,-40.01,488.23,754,R20MZ_FZ_250_filtered
25,12,0,-233.55,-5.451,286.28,-35.8,492.86,2007,R20MZ_FZ_250_filtered
25,12,0,-233.51,5.052,246.13,34.36,-474,125,R20MZ_FZ_250_filtered
25,12,0,-233.5,6.418,246.47,31.08,-527.79,159,R20MZ_FZ_250_filtered
25,12,0,-233.46,4.659,246.03,36.69,-452.29,115,R20MZ_FZ_250_filtered
25,12,0,-233.44,-4.336,252.2,-42.13,440.3,731,R20MZ_FZ_250_filtered
25,12,0,-233.43,5.13,279.94,32.26,-468.08,1374,R20MZ_FZ_250_filtered
25,12,0,-233.43,-7.646,286.83,-26.5,556.9,2062,R20MZ_FZ_250_filtered
25,12,0,-233.42,-6.77,252.81,-30.57,540.15,792,R20MZ_FZ_250_filtered
25,12,0,-233.4,3.141,414.64,31,-351.48,6307,R20MZ_FZ_250_filtered
25,12,0,-233.36,6.005,280.16,29.81,-505.78,1396,R20MZ_FZ_250_filtered
25,12,0,-233.36,5.412,415.21,33.76,-486.55,6364,R20MZ_FZ_250_filtered
25,12,0,-233.34,4.685,279.83,34.19,-446.07,1363,R20MZ_FZ_250_filtered
25,12,0,-233.32,-6.476,421.74,-34.32,535.07,7016,R20MZ_FZ_250_filtered
25,12,0,-233.31,-4.566,286.06,-38.3,452.07,1985,R20MZ_FZ_250_filtered
25,12,0,-233.31,-7.6,286.82,-27.44,555.99,2061,R20MZ_FZ_250_filtered
25,12,0,-233.27,-8.056,253.13,-24.61,565.11,824,R20MZ_FZ_250_filtered
25,12,0,-233.26,-7.085,286.69,-30.17,543.43,2048,R20MZ_FZ_250_filtered
25,12,0,-233.21,-7.586,253.01,-26.81,555.66,812,R20MZ_FZ_250_filtered
25,12,0,-233.19,3.644,245.78,35.57,-395.69,90,R20MZ_FZ_250_filtered
25,12,0,-233.18,4.207,245.92,35.93,-427.01,104,R20MZ_FZ_250_filtered
25,12,0,-233.18,-1.31,285.24,-24.47,171.99,1903,R20MZ_FZ_250_filtered
25,12,0,-233.18,3.616,414.76,32.83,-387.47,6319,R20MZ_FZ_250_filtered
25,12,2,-233.18,5.468,584.228,43.38,-472.2,12594,R20MZ_IA-2_FZ_250_filtered
25,12,0,-233.17,-2.542,251.75,-36.58,306.45,686,R20MZ_FZ_250_filtered
25,12,0,-233.16,5.981,246.36,32.71,-511.98,148,R20MZ_FZ_250_filtered
25,12,0,-233.14,-5.88,286.39,-34.29,509.46,2018,R20MZ_FZ_250_filtered
25,12,0,-233.11,3.239,245.67,31.72,-361.87,79,R20MZ_FZ_250_filtered
25,12,0,-233.09,3.796,279.61,35.89,-393.21,1341,R20MZ_FZ_250_filtered
25,12,0,-233.07,3.349,245.7,33.62,-370.25,82,R20MZ_FZ_250_filtered
25,12,0,-233.03,-7.099,252.89,-30.29,545.75,800,R20MZ_FZ_250_filtered
25,12,0,-233.03,-5.71,421.55,-36.2,511.15,6997,R20MZ_FZ_250_filtered
25,12,0,-232.93,-6.174,252.66,-35.42,521.1,777,R20MZ_FZ_250_filtered
25,12,0,-232.81,-6.16,421.66,-34.01,526.04,7008,R20MZ_FZ_250_filtered
25,12,0,-232.8,-6.603,421.77,-31.76,539.55,7019,R20MZ_FZ_250_filtered
25,12,0,-232.77,-2.113,420.65,-36.32,270.46,6907,R20MZ_FZ_250_filtered
25,12,0,-232.76,-6.656,252.78,-32.29,536.14,789,R20MZ_FZ_250_filtered
25,12,0,-232.73,-2.085,251.64,-37.04,263.79,675,R20MZ_FZ_250_filtered
25,12,0,-232.72,-7.626,253.02,-26.61,557.37,813,R20MZ_FZ_250_filtered
25,12,0,-232.68,-7.202,286.72,-28.52,547.44,2051,R20MZ_FZ_250_filtered
25,12,0,-232.6,-2.279,285.49,-35.06,282.1,1928,R20MZ_FZ_250_filtered
25,12,0,-232.58,-6.334,286.5,-32.56,523.88,2029,R20MZ_FZ_250_filtered
25,12,0,-232.56,-3.035,420.88,-39.03,356.87,6930,R20MZ_FZ_250_filtered
25,12,0,-232.56,-6.961,421.86,-31.71,549.02,7028,R20MZ_FZ_250_filtered
25,12,0,-232.55,-7.04,421.88,-29.84,551.48,7030,R20MZ_FZ_250_filtered
25,12,0,-232.5,-6.644,286.58,-31.84,531.95,2037,R20MZ_FZ_250_filtered
25,12,0,-232.46,4.619,246.02,36.16,-451.68,114,R20MZ_FZ_250_filtered
25,12,0,-232.46,-6.744,252.8,-31.15,539.86,791,R20MZ_FZ_250_filtered
25,12,-0,-232.43,3.762,279.6,35.2,-391.65,1340,R20MZ_FZ_250_filtered
25,12,0,-232.41,-7.144,252.9,-29.57,547.93,801,R20MZ_FZ_250_filtered
25,12,0,-232.37,4.161,245.91,35.44,-425.61,103,R20MZ_FZ_250_filtered
25,12,0,-232.34,-6.758,286.61,-29.77,536.43,2040,R20MZ_FZ_250_filtered
25,12,0,-232.32,3.727,245.8,37.6,-397.71,92,R20MZ_FZ_250_filtered
25,12,0,-232.3,-7.182,252.91,-28.58,549.48,802,R20MZ_FZ_250_filtered
25,12,0,-232.25,-2.563,285.56,-35.76,307.68,1935,R20MZ_FZ_250_filtered
25,12,0,-232.16,3.316,245.69,32.78,-366.84,81,R20MZ_FZ_250_filtered
25,12,0,-232.11,-6.041,421.63,-36.16,521.26,7005,R20MZ_FZ_250_filtered
25,12,0,-232.05,-5.741,252.55,-36.8,507.46,766,R20MZ_FZ_250_filtered
25,12,0,-232.03,-6.519,421.75,-33.57,537.56,7017,R20MZ_FZ_250_filtered
25,12,0,-232,-7.12,286.7,-29.92,545.29,2049,R20MZ_FZ_250_filtered
25,12,0,-231.98,-5.276,286.24,-38.77,485.29,2003,R20MZ_FZ_250_filtered
25,12,0,-231.95,-4.363,286.01,-40.96,438.9,1980,R20MZ_FZ_250_filtered
25,12,0,-231.93,-7.001,421.87,-30.14,550.57,7029,R20MZ_FZ_250_filtered
25,12,0,-231.9,-1.824,251.57,-31.37,238.21,668,R20MZ_FZ_250_filtered
25,12,0,-231.85,3.691,245.79,36.57,-396.64,91,R20MZ_FZ_250_filtered
25,12,0,-231.85,-3.666,252.03,-39.18,401.68,714,R20MZ_FZ_250_filtered
25,12,0,-231.83,-1.699,285.34,-27.4,223.51,1913,R20MZ_FZ_250_filtered
25,12,0,-231.8,-3.766,421.06,-41.55,406.5,6948,R20MZ_FZ_250_filtered
25,12,0,-231.77,-3.458,251.98,-41.27,382.3,709,R20MZ_FZ_250_filtered
25,12,0,-231.75,-2.451,420.73,-36.29,300.09,6915,R20MZ_FZ_250_filtered
25,12,0,-231.74,-6.298,252.69,-33.82,526.52,780,R20MZ_FZ_250_filtered
25,12,0,-231.68,-5.24,421.43,-38.1,492.43,6985,R20MZ_FZ_250_filtered
25,12,0,-231.67,3.268,245.68,31.96,-363.87,80,R20MZ_FZ_250_filtered
25,12,0,-231.66,-5.864,252.58,-35.11,513.04,769,R20MZ_FZ_250_filtered
25,12,0,-231.61,-5.598,421.52,-37.85,506.55,6994,R20MZ_FZ_250_filtered
25,12,4,-231.5,5.128,753.143,52.88,-423.91,18813,R20MZ_IA-4_FZ_250_filtered
25,12,0,-231.43,-6.225,252.67,-34.5,523.76,778,R20MZ_FZ_250_filtered
25,12,0,-231.43,-5.683,421.54,-36.62,510.73,6996,R20MZ_FZ_250_filtered
25,12,0,-231.41,-2.11,285.45,-36.79,264.88,1924,R20MZ_FZ_250_filtered
25,12,0,-231.4,-5.766,286.36,-36.01,504.68,2015,R20MZ_FZ_250_filtered
25,12,0,-231.4,-6.563,421.76,-32.78,538.94,7018,R20MZ_FZ_250_filtered
25,12,0,-231.39,-6.694,252.79,-31.83,538.32,790,R20MZ_FZ_250_filtered
25,12,0,-231.36,-2.738,251.8,-36.02,329.11,691,R20MZ_FZ_250_filtered
25,12,0,-231.35,-5.407,252.47,-37.01,497.68,758,R20MZ_FZ_250_filtered
25,12,0,-231.24,-4.672,421.29,-41,463.43,6971,R20MZ_FZ_250_filtered
25,12,0,-231.14,-4.96,286.16,-38.09,474.27,1995,R20MZ_FZ_250_filtered
25,12,0,-231.14,-6.722,286.6,-30.73,535.53,2039,R20MZ_FZ_250_filtered
25,12,0,-231.09,-4.973,252.36,-38.46,479.09,747,R20MZ_FZ_250_filtered
25,12,0,-231.08,-4.085,285.94,-39.42,426.52,1973,R20MZ_FZ_250_filtered
25,12,0,-231.06,-6.685,286.59,-31.48,534.13,2038,R20MZ_FZ_250_filtered
25,12,0,-231,-5.326,286.25,-38.22,488.87,2004,R20MZ_FZ_250_filtered
25,12,0,-230.98,-4.1,252.14,-39.65,430.69,725,R20MZ_FZ_250_filtered
25,12,0,-230.88,-3.924,421.1,-39.76,422.65,6952,R20MZ_FZ_250_filtered
25,12,0,-230.87,-3.02,251.87,-39.85,349.1,698,R20MZ_FZ_250_filtered
25,12,0,-230.75,-6.266,252.68,-34.28,525.45,779,R20MZ_FZ_250_filtered
25,12,0,-230.74,-2.238,285.48,-35.17,278.06,1927,R20MZ_FZ_250_filtered
25,12,0,-230.63,-5.792,286.37,-35.23,507.15,2016,R20MZ_FZ_250_filtered
25,12,0,-230.6,-4.542,252.25,-39.9,457.07,736,R20MZ_FZ_250_filtered
25,12,0,-230.57,-3.326,420.95,-40.97,374.55,6937,R20MZ_FZ_250_filtered
25,12,0,-230.52,-2.07,420.64,-35.77,266.13,6906,R20MZ_FZ_250_filtered
25,12,0,-230.49,-5.637,421.53,-36.99,509.34,6995,R20MZ_FZ_250_filtered
25,12,0,-230.42,-5.782,252.56,-36.32,509.95,767,R20MZ_FZ_250_filtered
25,12,0,-230.39,-4.382,252.21,-41.92,444.82,732,R20MZ_FZ_250_filtered
25,12,0,-230.36,-2.131,251.65,-37.29,268.29,676,R20MZ_FZ_250_filtered
25,12,0,-230.36,-4.841,286.13,-40.12,465.9,1992,R20MZ_FZ_250_filtered
25,12,0,-230.34,-2.602,285.57,-35.88,312.06,1936,R20MZ_FZ_250_filtered
25,12,0,-230.32,-4.519,286.05,-38.76,451.5,1984,R20MZ_FZ_250_filtered
25,12,0,-230.25,-2.146,285.46,-36.83,269.39,1925,R20MZ_FZ_250_filtered
25,12,0,-230.24,-5.826,252.57,-35.64,512.42,768,R20MZ_FZ_250_filtered
25,12,0,-230.24,-3.001,420.87,-38.79,353.95,6929,R20MZ_FZ_250_filtered
25,12,0,-230.23,-2.487,420.74,-35.38,305.69,6916,R20MZ_FZ_250_filtered
25,12,0,-230.16,-5.298,252.44,-39.6,492.27,755,R20MZ_FZ_250_filtered
25,12,0,-230.16,-5.196,421.42,-38.88,490.58,6984,R20MZ_FZ_250_filtered
25,12,0,-230.12,-2.191,285.47,-36.39,273.74,1926,R20MZ_FZ_250_filtered
25,12,0,-230.06,-5.378,286.26,-37.11,491.36,2005,R20MZ_FZ_250_filtered
25,12,0,-230.01,-4.237,421.18,-41.5,440.02,6960,R20MZ_FZ_250_filtered
25,12,0,-229.79,-1.78,251.56,-30.46,234.66,667,R20MZ_FZ_250_filtered
25,12,0,-229.65,-2.029,420.63,-36.35,261.47,6905,R20MZ_FZ_250_filtered
25,12,0,-229.5,-3.936,252.1,-41.36,417.37,721,R20MZ_FZ_250_filtered
25,12,0,-229.32,-3.613,252.02,-39.19,399.69,713,R20MZ_FZ_250_filtered
25,12,0,-229.3,-2.181,251.66,-36.8,273.11,677,R20MZ_FZ_250_filtered
25,12,0,-229.21,-4.918,286.15,-38.78,472.74,1994,R20MZ_FZ_250_filtered
25,12,0,-229.2,-4.713,421.3,-40,467.31,6972,R20MZ_FZ_250_filtered
25,12,0,-229.15,-4.31,421.2,-39.92,447.78,6962,R20MZ_FZ_250_filtered
25,12,-0,-229.12,-2.967,420.86,-38.91,349.76,6928,R20MZ_FZ_250_filtered
25,12,0,-229.1,-3.365,420.96,-40.31,379.99,6938,R20MZ_FZ_250_filtered
25,12,0,-229.05,-3.161,285.71,-38.67,362.63,1950,R20MZ_FZ_250_filtered
25,12,0,-229.02,-2.698,251.79,-35.95,325.86,690,R20MZ_FZ_250_filtered
25,12,0,-228.94,-5.374,252.46,-38.34,497.24,757,R20MZ_FZ_250_filtered
25,12,0,-228.9,-3.804,421.07,-41.09,412.11,6949,R20MZ_FZ_250_filtered
25,12,0,-228.85,-5.355,252.45,-38.81,495.23,756,R20MZ_FZ_250_filtered
25,12,0,-228.79,-4.924,252.35,-39.18,478.33,746,R20MZ_FZ_250_filtered
25,12,0,-228.75,-4.864,252.33,-40.66,472.28,744,R20MZ_FZ_250_filtered
25,12,0,-228.75,-3.445,420.98,-38.88,389.31,6940,R20MZ_FZ_250_filtered
25,12,0,-228.7,-2.644,285.58,-35.46,317.01,1937,R20MZ_FZ_250_filtered
25,12,0,-228.65,-4.041,285.93,-39.54,424.66,1972,R20MZ_FZ_250_filtered
25,12,0,-228.63,-3.4,420.97,-39.53,385.12,6939,R20MZ_FZ_250_filtered
25,12,0,-228.59,-3.057,251.88,-39.9,354.08,699,R20MZ_FZ_250_filtered
25,12,0,-228.59,-3.521,285.8,-40.07,387.44,1959,R20MZ_FZ_250_filtered
25,12,0,-228.59,-4.473,286.04,-39.38,450.12,1983,R20MZ_FZ_250_filtered
25,12,0,-228.4,-3.881,421.09,-39.55,420.64,6951,R20MZ_FZ_250_filtered
25,12,0,-228.38,-4.058,252.13,-40.22,429.63,724,R20MZ_FZ_250_filtered
25,12,0,-228.24,-3.974,252.11,-41.38,422.5,722,R20MZ_FZ_250_filtered
25,12,0,-228.23,-3.574,285.81,-39.61,392.42,1960,R20MZ_FZ_250_filtered
25,12,0,-228.14,-4.893,252.34,-39.85,476.17,745,R20MZ_FZ_250_filtered
25,12,0,-228.09,-4.415,252.22,-41.53,449.49,733,R20MZ_FZ_250_filtered
25,12,0,-227.92,-4.437,286.03,-39.89,447.32,1982,R20MZ_FZ_250_filtered
25,12,0,-227.91,-3.117,285.7,-39.11,358.91,1949,R20MZ_FZ_250_filtered
25,12,0,-227.84,-3.099,251.89,-39.19,359.37,700,R20MZ_FZ_250_filtered
25,12,0,-227.78,-3.846,421.08,-40.07,417.08,6950,R20MZ_FZ_250_filtered
25,12,0,-227.44,-4.015,252.12,-40.77,426.69,723,R20MZ_FZ_250_filtered
25,12,0,-227.31,-4.465,252.23,-40.93,453.69,734,R20MZ_FZ_250_filtered
25,12,4,-214.73,5.116,655.426,48.02,-373.82,15444,R20MZ_IA-4_FZ_200_filtered
25,12,4,-214.4,5.152,655.416,48.03,-374.77,15443,R20MZ_IA-4_FZ_200_filtered
25,12,4,-214.37,4.207,655.656,50.2,-330.19,15467,R20MZ_IA-4_FZ_200_filtered
25,12,4,-214.08,5.613,655.306,46.61,-393.58,15432,R20MZ_IA-4_FZ_200_filtered
25,12,4,-214.01,2.87,655.996,51.25,-235.6,15501,R20MZ_IA-4_FZ_200_filtered
25,12,4,-213.75,5.56,655.316,46.16,-392.05,15433,R20MZ_IA-4_FZ_200_filtered
25,12,4,-213.39,2.944,655.976,52.05,-240.29,15499,R20MZ_IA-4_FZ_200_filtered
25,12,4,-213.31,-5.671,661.536,0.23,423.88,16054,R20MZ_IA-4_FZ_200_filtered
25,12,0,-213.09,2.157,318.18,24.06,-232.54,3063,R20MZ_FZ_200_filtered
25,12,4,-213.08,4.287,655.636,51.06,-331.66,15465,R20MZ_IA-4_FZ_200_filtered
25,12,0,-213.07,2.605,318.07,23.26,-269.31,3052,R20MZ_FZ_200_filtered
25,12,0,-212.97,2.65,318.06,24.12,-271.15,3051,R20MZ_FZ_200_filtered
25,12,4,-212.88,4.183,655.666,49.3,-326.86,15468,R20MZ_IA-4_FZ_200_filtered
25,12,0,-212.67,3.955,317.73,27.11,-357.52,3018,R20MZ_FZ_200_filtered
25,12,0,-212.55,5.309,317.39,24.32,-414.28,2984,R20MZ_FZ_200_filtered
25,12,4,-212.53,-2.472,662.336,2.72,281.64,16134,R20MZ_IA-4_FZ_200_filtered
25,12,4,-212.46,5.206,655.406,48.24,-374.42,15442,R20MZ_IA-4_FZ_200_filtered
25,12,0,-212.4,3.047,317.96,26.26,-301.7,3041,R20MZ_FZ_200_filtered
25,12,0,-212.3,4.871,317.5,25.59,-398.62,2995,R20MZ_FZ_200_filtered
25,12,4,-212.19,-2.557,662.316,2.42,286.1,16132,R20MZ_IA-4_FZ_200_filtered
25,12,0,-212.13,3.989,317.72,27.57,-358.76,3017,R20MZ_FZ_200_filtered
25,12,4,-211.96,-4.727,661.776,-2.5,393.97,16078,R20MZ_IA-4_FZ_200_filtered
25,12,4,-211.92,-5.702,661.526,1.05,424.56,16053,R20MZ_IA-4_FZ_200_filtered
25,12,4,-211.89,-5.154,661.666,-2.07,407.49,16067,R20MZ_IA-4_FZ_200_filtered
25,12,4,-211.74,-6.145,661.416,0.69,436.05,16042,R20MZ_IA-4_FZ_200_filtered
25,12,0,-211.73,4.399,317.62,25.94,-379.69,3007,R20MZ_FZ_200_filtered
25,12,4,-211.73,6.525,655.076,43.77,-427.93,15409,R20MZ_IA-4_FZ_200_filtered
25,12,0,-211.67,6.194,317.17,20.53,-440.01,2962,R20MZ_FZ_200_filtered
25,12,0,-211.58,5.266,317.4,23.74,-412.25,2985,R20MZ_FZ_200_filtered
25,12,2,-211.54,-2.644,493.3,-13.13,288.14,9903,R20MZ_IA-2_FZ_200_filtered
25,12,4,-211.53,6.123,655.176,44.98,-413.02,15419,R20MZ_IA-4_FZ_200_filtered
25,12,2,-211.51,-3.04,493.2,-15.53,314.99,9893,R20MZ_IA-2_FZ_200_filtered
25,12,2,-211.49,-3.08,493.19,-14.83,316.99,9892,R20MZ_IA-2_FZ_200_filtered
25,12,0,-211.35,6.237,317.16,21.84,-442.03,2961,R20MZ_FZ_200_filtered
25,12,0,-211.31,2.108,318.19,23.43,-229.74,3064,R20MZ_FZ_200_filtered
25,12,0,-211.05,3.126,317.94,27.68,-304.65,3039,R20MZ_FZ_200_filtered
25,12,0,-211.02,4.903,317.49,26.37,-398.14,2994,R20MZ_FZ_200_filtered
25,12,2,-210.84,-5.755,492.52,-11.13,428.69,9825,R20MZ_IA-2_FZ_200_filtered
25,12,2,-210.76,-5.31,492.63,-14.65,415.2,9836,R20MZ_IA-2_FZ_200_filtered
25,12,4,-210.69,4.142,655.676,48.47,-322.65,15469,R20MZ_IA-4_FZ_200_filtered
25,12,0,-210.68,3.916,317.74,26.67,-355.19,3019,R20MZ_FZ_200_filtered
25,12,0,-210.68,2.691,318.05,24.18,-272.36,3050,R20MZ_FZ_200_filtered
25,12,4,-210.6,-5.75,661.516,2.12,424.79,16052,R20MZ_IA-4_FZ_200_filtered
25,12,4,-210.51,-6.032,661.446,1.01,432.26,16045,R20MZ_IA-4_FZ_200_filtered
25,12,2,-210.5,-2.995,493.21,-15.42,312.02,9894,R20MZ_IA-2_FZ_200_filtered
25,12,0,-210.45,1.724,318.29,16.85,-194.36,3074,R20MZ_FZ_200_filtered
25,12,0,-210.44,6.634,317.06,19.3,-451.95,2951,R20MZ_FZ_200_filtered
25,12,0,-210.34,4.038,317.71,27.93,-358.6,3016,R20MZ_FZ_200_filtered
25,12,0,-210.31,5.836,317.26,22.6,-427.76,2971,R20MZ_FZ_200_filtered
25,12,4,-210.21,2.009,656.206,49.91,-158.62,15522,R20MZ_IA-4_FZ_200_filtered
25,12,2,-210.12,-3.958,492.97,-17.03,364.91,9870,R20MZ_IA-2_FZ_200_filtered
25,12,-0,-210.11,3.013,317.97,24.96,-298.88,3042,R20MZ_FZ_200_filtered
25,12,4,-210.06,-4.394,661.856,-3.33,380.63,16086,R20MZ_IA-4_FZ_200_filtered
25,12,0,-209.93,7.154,316.93,18.86,-463.89,2938,R20MZ_FZ_200_filtered
25,12,2,-209.86,-5.722,492.53,-11.46,426.95,9826,R20MZ_IA-2_FZ_200_filtered
25,12,0,-209.81,7.567,316.82,18.13,-470.7,2927,R20MZ_FZ_200_filtered
25,12,4,-209.79,5.927,655.226,41.44,-402.39,15424,R20MZ_IA-4_FZ_200_filtered
25,12,0,-209.74,7.111,316.94,17.65,-462.64,2939,R20MZ_FZ_200_filtered
25,12,0,-209.68,6.154,317.18,19.96,-436.74,2963,R20MZ_FZ_200_filtered
25,12,4,-209.64,-2.163,662.416,6.04,258.59,16142,R20MZ_IA-4_FZ_200_filtered
25,12,0,-209.61,1.774,318.28,17.81,-196.85,3073,R20MZ_FZ_200_filtered
25,12,4,-209.52,6.39,655.106,42.79,-420.44,15412,R20MZ_IA-4_FZ_200_filtered
25,12,0,-209.5,1.697,318.3,15.72,-191.25,3075,R20MZ_FZ_200_filtered
25,12,2,-209.47,-2.681,493.29,-12.27,290.24,9902,R20MZ_IA-2_FZ_200_filtered
25,12,4,-209.39,-7.007,661.206,5.16,453.31,16021,R20MZ_IA-4_FZ_200_filtered
25,12,2,-209.35,-4.912,492.73,-14.14,401.66,9846,R20MZ_IA-2_FZ_200_filtered
25,12,0,-209.34,7.543,316.83,17.78,-468.99,2928,R20MZ_FZ_200_filtered
25,12,2,-209.32,-4.353,492.87,-18.03,382.9,9860,R20MZ_IA-2_FZ_200_filtered
25,12,2,-209.21,-6.641,492.3,-7.39,450.07,9803,R20MZ_IA-2_FZ_200_filtered
25,12,2,-209.2,-6.222,492.4,-12.8,440.58,9813,R20MZ_IA-2_FZ_200_filtered
25,12,2,-209.18,-5.35,492.62,-13.59,415.9,9835,R20MZ_IA-2_FZ_200_filtered
25,12,0,-209.15,2.075,318.2,22.16,-225.51,3065,R20MZ_FZ_200_filtered
25,12,2,-209.03,-5.223,492.65,-15.31,411.58,9838,R20MZ_IA-2_FZ_200_filtered
25,12,4,-208.99,-3.074,662.186,0.28,317.78,16119,R20MZ_IA-4_FZ_200_filtered
25,12,0,-208.96,4.946,317.48,26.49,-397.51,2993,R20MZ_FZ_200_filtered
25,12,4,-208.96,6.171,655.166,44.6,-412.25,15418,R20MZ_IA-4_FZ_200_filtered
25,12,0,-208.92,-3.499,324.08,-30.33,330.62,3652,R20MZ_FZ_200_filtered
25,12,4,-208.88,0.777,650.646,38.68,-35.8,14967,R20MZ_IA-4_FZ_200_filtered
25,12,0,-208.8,5.224,317.41,22.78,-408.37,2986,R20MZ_FZ_200_filtered
25,12,4,-208.74,3.435,655.846,52.37,-275.69,15486,R20MZ_IA-4_FZ_200_filtered
25,12,0,-208.7,7.086,316.95,16.34,-459.85,2940,R20MZ_FZ_200_filtered
25,12,0,-208.67,-2.987,324.21,-29.13,296.67,3665,R20MZ_FZ_200_filtered
25,12,0,-208.54,6.303,317.14,23.16,-441.1,2959,R20MZ_FZ_200_filtered
25,12,0,-208.42,8.044,316.71,13.14,-475.05,2916,R20MZ_FZ_200_filtered
25,12,0,-208.42,2.738,318.04,23.69,-273.59,3049,R20MZ_FZ_200_filtered
25,12,0,-208.37,-3.466,324.09,-30.97,328,3653,R20MZ_FZ_200_filtered
25,12,2,-208.37,-2.956,493.22,-15.09,309.49,9895,R20MZ_IA-2_FZ_200_filtered
25,12,4,-208.36,-2.834,662.246,-0.58,304.08,16125,R20MZ_IA-4_FZ_200_filtered
25,12,0,-208.3,7.197,316.92,19.32,-463.26,2937,R20MZ_FZ_200_filtered
25,12,0,-208.28,5.677,317.3,20.53,-421.22,2975,R20MZ_FZ_200_filtered
25,12,0,-208.24,-4.867,323.74,-27.72,393.45,3618,R20MZ_FZ_200_filtered
25,12,0,-208.14,-4.425,323.85,-29.39,376.68,3629,R20MZ_FZ_200_filtered
25,12,2,-207.99,-6.727,492.28,-5.21,451.42,9801,R20MZ_IA-2_FZ_200_filtered
25,12,4,-207.99,-7.497,661.076,5.16,457.25,16008,R20MZ_IA-4_FZ_200_filtered
25,12,0,-207.97,-4.83,323.75,-27.61,391.29,3619,R20MZ_FZ_200_filtered
25,12,2,-207.95,-7.108,492.18,-11.07,458.56,9791,R20MZ_IA-2_FZ_200_filtered
25,12,2,-207.94,-2.489,493.34,-12.83,277.37,9907,R20MZ_IA-2_FZ_200_filtered
25,12,0,-207.93,6.579,317.07,18.53,-448.2,2952,R20MZ_FZ_200_filtered
25,12,2,-207.86,-5.668,492.54,-11.67,424.43,9827,R20MZ_IA-2_FZ_200_filtered
25,12,0,-207.85,-3.902,323.98,-30.66,351.42,3642,R20MZ_FZ_200_filtered
25,12,4,-207.83,-12.199,659.846,6.44,468.89,15885,R20MZ_IA-4_FZ_200_filtered
25,12,2,-207.82,-6.589,492.31,-8.56,447.52,9804,R20MZ_IA-2_FZ_200_filtered
25,12,0,-207.74,3.883,317.75,25.95,-351.6,3020,R20MZ_FZ_200_filtered
25,12,4,-207.74,-6.267,661.386,0.66,434.87,16039,R20MZ_IA-4_FZ_200_filtered
25,12,0,-207.72,-3.537,324.07,-29.47,332.79,3651,R20MZ_FZ_200_filtered
25,12,2,-207.67,-3.602,493.06,-15.91,345.76,9879,R20MZ_IA-2_FZ_200_filtered
25,12,0,-207.66,5.866,317.25,22.16,-426.64,2970,R20MZ_FZ_200_filtered
25,12,2,-207.59,-5.393,492.61,-13.11,416.49,9834,R20MZ_IA-2_FZ_200_filtered
25,12,0,-207.56,8.08,316.7,14.29,-475.51,2915,R20MZ_FZ_200_filtered
25,12,2,-207.56,0.584,481.6,24.69,-42.77,8735,R20MZ_IA-2_FZ_200_filtered
25,12,2,-207.52,1.236,487.41,30.71,-118.15,9315,R20MZ_IA-2_FZ_200_filtered
25,12,2,-207.5,-3.39,493.11,-17.02,335.37,9884,R20MZ_IA-2_FZ_200_filtered
25,12,2,-207.47,-4.306,492.88,-18.17,380.05,9861,R20MZ_IA-2_FZ_200_filtered
25,12,2,-207.46,-4.03,492.95,-15.6,367.47,9868,R20MZ_IA-2_FZ_200_filtered
25,12,4,-207.44,7.383,654.856,41.6,-444.51,15387,R20MZ_IA-4_FZ_200_filtered
25,12,4,-207.44,-12.063,659.946,46.09,468.83,15895,R20MZ_IA-4_FZ_200_filtered
25,12,0,-207.36,8.004,316.72,12.1,-472.84,2917,R20MZ_FZ_200_filtered
25,12,4,-207.36,4.96,655.466,46.1,-359.7,15448,R20MZ_IA-4_FZ_200_filtered
25,12,0,-207.35,8.494,316.59,16.84,-479.22,2904,R20MZ_FZ_200_filtered
25,12,4,-207.32,-6.307,661.376,-0.08,435.47,16038,R20MZ_IA-4_FZ_200_filtered
25,12,2,-207.29,-4.959,492.72,-13.85,401.76,9845,R20MZ_IA-2_FZ_200_filtered
25,12,4,-207.21,-2.8,662.256,0.11,301.69,16126,R20MZ_IA-4_FZ_200_filtered
25,12,4,-207.18,-5.426,661.596,-0.27,413.4,16060,R20MZ_IA-4_FZ_200_filtered
25,12,2,-207.16,-2.711,493.28,-12.25,292.97,9901,R20MZ_IA-2_FZ_200_filtered
25,12,0,-207.11,2.974,317.98,24.09,-294.53,3043,R20MZ_FZ_200_filtered
25,12,2,-207.08,-4.756,492.77,-15.26,396.33,9850,R20MZ_IA-2_FZ_200_filtered
25,12,0,-207.07,-4.903,323.73,-27.26,394.69,3617,R20MZ_FZ_200_filtered
25,12,0,-207.06,1.8,318.27,18.22,-198.38,3072,R20MZ_FZ_200_filtered
25,12,0,-207.03,4.311,317.64,24.83,-372.52,3009,R20MZ_FZ_200_filtered
25,12,0,-207.01,8.457,316.6,16.53,-477.36,2905,R20MZ_FZ_200_filtered
25,12,4,-207.01,-12.26,659.736,29.83,469.76,15874,R20MZ_IA-4_FZ_200_filtered
25,12,4,-206.99,-7.534,661.066,6.27,456.42,16007,R20MZ_IA-4_FZ_200_filtered
25,12,0,-206.95,4.082,317.7,27.47,-358.42,3015,R20MZ_FZ_200_filtered
25,12,0,-206.93,-3.423,324.1,-30.19,325.37,3654,R20MZ_FZ_200_filtered
25,12,0,-206.91,8.912,316.49,8.68,-479.04,2894,R20MZ_FZ_200_filtered
25,12,4,-206.91,-4.961,661.716,0.22,399.09,16072,R20MZ_IA-4_FZ_200_filtered
25,12,4,-206.8,2.577,656.066,50.03,-206.2,15508,R20MZ_IA-4_FZ_200_filtered
25,12,2,-206.79,-2.439,493.35,-11.85,274.7,9908,R20MZ_IA-2_FZ_200_filtered
25,12,4,-206.76,-11.085,660.186,17.98,465.4,15919,R20MZ_IA-4_FZ_200_filtered
25,12,4,-206.75,10.752,653.146,29.75,-434.72,15217,R20MZ_IA-4_FZ_200_filtered
25,12,2,-206.74,-7.549,492.07,-4.5,465.03,9780,R20MZ_IA-2_FZ_200_filtered
25,12,0,-206.7,-4.459,323.84,-28.52,378.42,3628,R20MZ_FZ_200_filtered
25,12,4,-206.68,1.047,656.446,42.99,-62.02,15546,R20MZ_IA-4_FZ_200_filtered
25,12,0,-206.67,9.377,316.37,14.35,-482,2882,R20MZ_FZ_200_filtered
25,12,-0,-206.62,1.635,318.31,15.15,-187.65,3076,R20MZ_FZ_200_filtered
25,12,4,-206.61,6.854,654.996,37.58,-429.64,15401,R20MZ_IA-4_FZ_200_filtered
25,12,4,-206.61,-3.714,662.026,-3.38,350.75,16103,R20MZ_IA-4_FZ_200_filtered
25,12,0,-206.59,-4.802,323.76,-28.32,388.66,3620,R20MZ_FZ_200_filtered
25,12,4,-206.59,-1.434,662.596,11.23,203.09,16160,R20MZ_IA-4_FZ_200_filtered
25,12,0,-206.56,7.231,316.91,19.61,-461.85,2936,R20MZ_FZ_200_filtered
25,12,4,-206.55,0.734,650.636,38.34,-30.51,14966,R20MZ_IA-4_FZ_200_filtered
25,12,0,-206.54,-2.94,324.22,-29.01,293.74,3666,R20MZ_FZ_200_filtered
25,12,0,-206.49,-6.172,323.41,-25.36,433,3585,R20MZ_FZ_200_filtered
25,12,2,-206.42,-4.524,492.83,-15.7,386.85,9856,R20MZ_IA-2_FZ_200_filtered
25,12,4,-206.38,11.648,653.376,25.16,-431.33,15240,R20MZ_IA-4_FZ_200_filtered
25,12,2,-206.31,-5.626,492.55,-11.95,422.07,9828,R20MZ_IA-2_FZ_200_filtered
25,12,2,-206.26,-7.595,492.06,-2.73,465.3,9779,R20MZ_IA-2_FZ_200_filtered
25,12,0,-206.25,6.794,317.02,19.45,-452.23,2947,R20MZ_FZ_200_filtered
25,12,4,-206.25,4.896,655.486,47.63,-354.3,15450,R20MZ_IA-4_FZ_200_filtered
25,12,4,-206.25,-4.077,661.936,-2.31,366.26,16094,R20MZ_IA-4_FZ_200_filtered
25,12,4,-206.23,12.278,653.476,14.52,-424.82,15249,R20MZ_IA-4_FZ_200_filtered
25,12,4,-206.22,12.215,653.606,34.63,-424.05,15262,R20MZ_IA-4_FZ_200_filtered
25,12,2,-206.21,-6.554,492.32,-9.76,444.55,9805,R20MZ_IA-2_FZ_200_filtered
25,12,0,-206.2,8.122,316.69,15.46,-474.71,2914,R20MZ_FZ_200_filtered
25,12,2,-206.18,-6.769,492.27,-4.54,450.57,9800,R20MZ_IA-2_FZ_200_filtered
25,12,-0,-206.16,8.994,316.47,10,-482.3,2892,R20MZ_FZ_200_filtered
25,12,4,-206.11,-9.72,660.526,16.46,467.86,15953,R20MZ_IA-4_FZ_200_filtered
25,12,4,-206.09,-2.245,662.396,5.64,264.28,16140,R20MZ_IA-4_FZ_200_filtered
25,12,4,-206.08,-12.109,659.936,43.44,469.21,15894,R20MZ_IA-4_FZ_200_filtered
25,12,2,-206.07,-6.304,492.38,-11.4,440.64,9811,R20MZ_IA-2_FZ_200_filtered
25,12,4,-206.07,-11.622,659.616,17.46,470.95,15863,R20MZ_IA-4_FZ_200_filtered
25,12,4,-206.02,-8.281,660.876,3.52,462.73,15988,R20MZ_IA-4_FZ_200_filtered
25,12,0,-205.97,9.403,316.36,15.36,-483.57,2881,R20MZ_FZ_200_filtered
25,12,0,-205.94,5.189,317.42,22.42,-404.3,2987,R20MZ_FZ_200_filtered
25,12,0,-205.92,4.98,317.47,25.3,-396.09,2992,R20MZ_FZ_200_filtered
25,12,0,-205.91,3.391,317.87,25.38,-322.6,3032,R20MZ_FZ_200_filtered
25,12,0,-205.91,-3.144,324.17,-28.02,307.98,3661,R20MZ_FZ_200_filtered
25,12,2,-205.91,-7.186,492.16,-10.42,457.08,9789,R20MZ_IA-2_FZ_200_filtered
25,12,4,-205.88,7.308,654.876,39.89,-438.69,15389,R20MZ_IA-4_FZ_200_filtered
25,12,0,-205.87,8.531,316.58,16.31,-479.22,2903,R20MZ_FZ_200_filtered
25,12,0,-205.84,-5.815,323.5,-23.8,422.92,3594,R20MZ_FZ_200_filtered
25,12,0,-205.83,12.096,315.69,-8.15,-482.11,2814,R20MZ_FZ_200_filtered
25,12,0,-205.82,-6.67,323.29,-18.05,446.95,3573,R20MZ_FZ_200_filtered
25,12,4,-205.78,11.164,653.246,31.38,-436.67,15227,R20MZ_IA-4_FZ_200_filtered
25,12,-0,-205.75,12.245,315.57,11.76,-485.86,2802,R20MZ_FZ_200_filtered
25,12,0,-205.74,10.749,316.03,2.24,-484.17,2848,R20MZ_FZ_200_filtered
25,12,4,-205.74,1.622,656.306,44.75,-120.04,15532,R20MZ_IA-4_FZ_200_filtered
25,12,2,-205.73,-3.636,493.05,-15.38,347.74,9878,R20MZ_IA-2_FZ_200_filtered
25,12,0,-205.72,9.831,316.26,5.75,-483.71,2871,R20MZ_FZ_200_filtered
25,12,0,-205.71,-6.13,323.42,-25.53,431.16,3586,R20MZ_FZ_200_filtered
25,12,0,-205.71,-3.871,323.99,-30.36,348.98,3643,R20MZ_FZ_200_filtered
25,12,4,-205.7,10.275,653.026,31.16,-444.28,15205,R20MZ_IA-4_FZ_200_filtered
25,12,0,-205.69,6.545,317.08,18.63,-444.47,2953,R20MZ_FZ_200_filtered
25,12,4,-205.69,-11.52,660.056,4.97,468.75,15906,R20MZ_IA-4_FZ_200_filtered
25,12,0,-205.68,11.621,315.8,8.71,-483.22,2825,R20MZ_FZ_200_filtered
25,12,2,-205.67,8.113,485.69,24.64,-470.49,9143,R20MZ_IA-2_FZ_200_filtered
25,12,2,-205.66,-5.43,492.6,-12.97,416.77,9833,R20MZ_IA-2_FZ_200_filtered
25,12,2,-205.64,-3.364,493.12,-16.59,332.22,9885,R20MZ_IA-2_FZ_200_filtered
25,12,4,-205.62,-11.42,660.086,6.38,463.33,15909,R20MZ_IA-4_FZ_200_filtered
25,12,0,-205.6,-3.587,324.06,-29.07,334.99,3650,R20MZ_FZ_200_filtered
25,12,0,-205.58,10.792,316.02,2.87,-484.47,2847,R20MZ_FZ_200_filtered
25,12,2,-205.57,-6.076,492.44,-12.55,432.45,9817,R20MZ_IA-2_FZ_200_filtered
25,12,4,-205.57,-10.562,660.306,11.85,466.58,15931,R20MZ_IA-4_FZ_200_filtered
25,12,0,-205.52,1.312,318.39,17.01,-154.03,3084,R20MZ_FZ_200_filtered
25,12,0,-205.51,10.292,316.14,13.89,-484.33,2859,R20MZ_FZ_200_filtered
25,12,0,-205.5,2.046,318.21,21.64,-220.69,3066,R20MZ_FZ_200_filtered
25,12,4,-205.5,3.969,655.716,50.73,-306.19,15473,R20MZ_IA-4_FZ_200_filtered
25,12,0,-205.43,8.418,316.61,15.91,-474.39,2906,R20MZ_FZ_200_filtered
25,12,0,-205.4,11.661,315.79,6.39,-484.15,2824,R20MZ_FZ_200_filtered
25,12,0,-205.36,2.771,318.03,23.75,-275.44,3048,R20MZ_FZ_200_filtered
25,12,0,-205.32,-7.088,323.18,-24.21,456.12,3562,R20MZ_FZ_200_filtered
25,12,4,-205.31,6.806,655.006,37.68,-426.13,15402,R20MZ_IA-4_FZ_200_filtered
25,12,4,-205.31,-10.141,660.416,10.22,467.66,15942,R20MZ_IA-4_FZ_200_filtered
25,12,4,-205.3,11.25,653.266,29.37,-434.2,15229,R20MZ_IA-4_FZ_200_filtered
25,12,0,-205.25,7.961,316.73,11.32,-469.89,2918,R20MZ_FZ_200_filtered
25,12,2,-205.23,-4.999,492.71,-14,402.92,9844,R20MZ_IA-2_FZ_200_filtered
25,12,2,-205.23,-4.714,492.78,-14.83,393.79,9851,R20MZ_IA-2_FZ_200_filtered
25,12,2,-205.23,-4.273,492.89,-17.58,377.2,9862,R20MZ_IA-2_FZ_200_filtered
25,12,2,-205.22,-7.499,492.08,-6.13,463.46,9781,R20MZ_IA-2_FZ_200_filtered
25,12,0,-205.2,5.911,317.24,20.97,-425.69,2969,R20MZ_FZ_200_filtered
25,12,2,-205.2,-2.41,493.36,-11.45,271.68,9909,R20MZ_IA-2_FZ_200_filtered
25,12,4,-205.19,-11.536,659.596,16.9,473.69,15861,R20MZ_IA-4_FZ_200_filtered
25,12,0,-205.15,9.342,316.38,13.64,-478.9,2883,R20MZ_FZ_200_filtered
25,12,2,-205.14,-8.448,491.84,-4.97,471.5,9757,R20MZ_IA-2_FZ_200_filtered
25,12,4,-205.14,2.267,656.136,49.3,-183,15515,R20MZ_IA-4_FZ_200_filtered
25,12,0,-205.12,7.457,316.85,17.8,-462.15,2930,R20MZ_FZ_200_filtered
25,12,4,-205.08,12.265,653.506,19.49,-416,15252,R20MZ_IA-4_FZ_200_filtered
25,12,0,-205.07,11.756,315.45,-6.43,-489.41,2791,R20MZ_FZ_200_filtered
25,12,4,-205.05,7.854,654.746,36.03,-449,15376,R20MZ_IA-4_FZ_200_filtered
25,12,0,-205.03,10.265,316.15,12.18,-482.31,2860,R20MZ_FZ_200_filtered
25,12,4,-205.03,-8.895,660.736,15.72,468.42,15974,R20MZ_IA-4_FZ_200_filtered
25,12,2,-205.02,-2.349,493.37,-10.28,268.71,9910,R20MZ_IA-2_FZ_200_filtered
25,12,0,-205,5.629,317.31,20.68,-417.47,2976,R20MZ_FZ_200_filtered
25,12,0,-204.98,-6.715,323.28,-17.43,447.74,3572,R20MZ_FZ_200_filtered
25,12,4,-204.98,10.836,653.166,28.25,-423.18,15219,R20MZ_IA-4_FZ_200_filtered
25,12,0,-204.97,11.758,315.46,-10.22,-485.99,2792,R20MZ_FZ_200_filtered
25,12,2,-204.97,-8.411,491.85,-6.5,470.11,9758,R20MZ_IA-2_FZ_200_filtered
25,12,4,-204.97,-11.187,659.506,14.73,472.6,15852,R20MZ_IA-4_FZ_200_filtered
25,12,4,-204.96,11.977,653.716,9.08,-424.12,15273,R20MZ_IA-4_FZ_200_filtered
25,12,4,-204.96,6.684,655.036,40.99,-423.08,15405,R20MZ_IA-4_FZ_200_filtered
25,12,0,-204.92,11.584,315.81,11.58,-481.06,2826,R20MZ_FZ_200_filtered
25,12,4,-204.92,-7.223,661.146,1.97,450.09,16015,R20MZ_IA-4_FZ_200_filtered
25,12,4,-204.91,12.209,653.616,32.63,-419.96,15263,R20MZ_IA-4_FZ_200_filtered
25,12,4,-204.89,10.242,653.016,32.42,-443.1,15204,R20MZ_IA-4_FZ_200_filtered
25,12,0,-204.86,-7.124,323.17,-23.3,457.52,3561,R20MZ_FZ_200_filtered
25,12,0,-204.83,-4.94,323.72,-26.61,395.5,3616,R20MZ_FZ_200_filtered
25,12,4,-204.83,7.098,654.936,40.62,-433.15,15395,R20MZ_IA-4_FZ_200_filtered
25,12,-0,-204.82,12.159,315.67,-4.92,-484.91,2812,R20MZ_FZ_200_filtered
25,12,4,-204.82,12.268,653.466,15.43,-422.57,15248,R20MZ_IA-4_FZ_200_filtered
25,12,2,-204.81,-12.128,490.93,24.86,477.36,9666,R20MZ_IA-2_FZ_200_filtered
25,12,4,-204.81,2.615,656.056,49.01,-208.67,15507,R20MZ_IA-4_FZ_200_filtered
25,12,4,-204.81,0.607,656.556,37.41,-14.58,15557,R20MZ_IA-4_FZ_200_filtered
25,12,4,-204.8,3.527,655.826,51.3,-278.1,15484,R20MZ_IA-4_FZ_200_filtered
25,12,2,-204.76,-6.505,492.33,-10.39,442.5,9806,R20MZ_IA-2_FZ_200_filtered
25,12,4,-204.75,-12.141,659.926,39.03,469.14,15893,R20MZ_IA-4_FZ_200_filtered
25,12,4,-204.74,-11.92,659.976,37.29,465.1,15898,R20MZ_IA-4_FZ_200_filtered
25,12,2,-204.69,-8.927,491.73,0.66,473.81,9746,R20MZ_IA-2_FZ_200_filtered
25,12,2,-204.69,-7.957,491.97,-5.49,466.69,9770,R20MZ_IA-2_FZ_200_filtered
25,12,2,-204.66,-6.808,492.26,-4.45,449.93,9799,R20MZ_IA-2_FZ_200_filtered
25,12,2,-204.65,-7.004,492.21,-9.04,453.2,9794,R20MZ_IA-2_FZ_200_filtered
25,12,2,-204.62,11.537,484.34,16.74,-487.74,9009,R20MZ_IA-2_FZ_200_filtered
25,12,0,-204.61,-7.047,323.19,-24.54,453.98,3563,R20MZ_FZ_200_filtered
25,12,0,-204.58,-4.502,323.83,-27.86,379.36,3627,R20MZ_FZ_200_filtered
25,12,2,-204.56,-6.349,492.37,-10.9,440.15,9810,R20MZ_IA-2_FZ_200_filtered
25,12,2,-204.54,-4.55,492.82,-15.47,387.25,9855,R20MZ_IA-2_FZ_200_filtered
25,12,0,-204.53,12.26,315.55,8.19,-486.94,2800,R20MZ_FZ_200_filtered
25,12,4,-204.53,-8.258,660.886,3.25,460.63,15989,R20MZ_IA-4_FZ_200_filtered
25,12,0,-204.49,4.124,317.69,26.41,-358.24,3014,R20MZ_FZ_200_filtered
25,12,2,-204.49,-5.913,492.48,-10.72,429.46,9821,R20MZ_IA-2_FZ_200_filtered
25,12,2,-204.47,-12.186,490.82,-3.51,478.45,9655,R20MZ_IA-2_FZ_200_filtered
25,12,0,-204.43,9.446,316.35,15.36,-483.24,2880,R20MZ_FZ_200_filtered
25,12,4,-204.43,-10.114,660.426,10.6,466.37,15943,R20MZ_IA-4_FZ_200_filtered
25,12,0,-204.41,10.838,316.01,3.09,-483.22,2846,R20MZ_FZ_200_filtered
25,12,0,-204.4,2.935,317.99,23.39,-289.84,3044,R20MZ_FZ_200_filtered
25,12,2,-204.4,-7.456,492.09,-7.32,461.28,9782,R20MZ_IA-2_FZ_200_filtered
25,12,0,-204.37,-7.552,323.07,-14.95,462.79,3551,R20MZ_FZ_200_filtered
25,12,0,-204.33,11.536,315.34,6.23,-489.27,2780,R20MZ_FZ_200_filtered
25,12,0,-204.33,9.777,316.27,6.43,-479.96,2872,R20MZ_FZ_200_filtered
25,12,2,-204.33,-12.196,490.81,-0.28,479.69,9654,R20MZ_IA-2_FZ_200_filtered
25,12,0,-204.32,6.833,317.01,18.13,-450.97,2946,R20MZ_FZ_200_filtered
25,12,2,-204.31,-3.322,493.13,-16.18,330.49,9886,R20MZ_IA-2_FZ_200_filtered
25,12,4,-204.26,9.406,652.806,31.13,-447.32,15183,R20MZ_IA-4_FZ_200_filtered
25,12,2,-204.24,-9.847,491.5,7.96,475.66,9723,R20MZ_IA-2_FZ_200_filtered
25,12,2,-204.2,-12.117,490.94,29.08,474.87,9667,R20MZ_IA-2_FZ_200_filtered
25,12,2,-204.2,-3.795,493.01,-16.99,355.29,9874,R20MZ_IA-2_FZ_200_filtered
25,12,0,-204.19,11.098,315.23,7.41,-490.21,2769,R20MZ_FZ_200_filtered
25,12,0,-204.18,11.144,315.93,7.45,-480.44,2838,R20MZ_FZ_200_filtered
25,12,0,-204.18,4.72,317.54,23.2,-385.68,2999,R20MZ_FZ_200_filtered
25,12,2,-204.16,-11.571,491.05,-5.21,474.12,9678,R20MZ_IA-2_FZ_200_filtered
25,12,2,-204.14,-12.158,490.92,19.93,478.43,9665,R20MZ_IA-2_FZ_200_filtered
25,12,0,-204.09,0.756,318.53,9.84,-96.32,3098,R20MZ_FZ_200_filtered
25,12,2,-204.09,-10.237,491.39,-5.89,474.72,9712,R20MZ_IA-2_FZ_200_filtered
25,12,0,-204.08,8.156,316.68,15.48,-472.99,2913,R20MZ_FZ_200_filtered
25,12,0,-204.06,-2.903,324.23,-28.38,291.27,3667,R20MZ_FZ_200_filtered
25,12,0,-204.05,11.491,315.33,7.66,-491.14,2779,R20MZ_FZ_200_filtered
25,12,0,-204.05,11.769,315.47,-12.83,-481.94,2793,R20MZ_FZ_200_filtered
25,12,2,-204.04,-10.699,491.28,5.13,473.15,9701,R20MZ_IA-2_FZ_200_filtered
25,12,2,-204.03,-12.194,490.83,-6.16,475.99,9656,R20MZ_IA-2_FZ_200_filtered
25,12,2,-204.02,-4.246,492.9,-17.32,374.69,9863,R20MZ_IA-2_FZ_200_filtered
25,12,4,-204.02,-11.388,660.096,6.15,462.29,15910,R20MZ_IA-4_FZ_200_filtered
25,12,0,-203.93,6.988,316.97,15.01,-452.98,2942,R20MZ_FZ_200_filtered
25,12,0,-203.93,4.274,317.65,24.27,-367.68,3010,R20MZ_FZ_200_filtered
25,12,0,-203.93,-5.858,323.49,-23.43,422.93,3593,R20MZ_FZ_200_filtered
25,12,2,-203.92,-8.961,491.72,0.01,473.77,9745,R20MZ_IA-2_FZ_200_filtered
25,12,2,-203.91,-4.683,492.79,-14.87,391.76,9852,R20MZ_IA-2_FZ_200_filtered
25,12,4,-203.9,12.215,653.586,36.8,-423.27,15260,R20MZ_IA-4_FZ_200_filtered
25,12,4,-203.88,9.433,652.816,29.87,-440.5,15184,R20MZ_IA-4_FZ_200_filtered
25,12,4,-203.88,-8.716,660.776,13.02,461.66,15978,R20MZ_IA-4_FZ_200_filtered
25,12,2,-203.87,-8.885,491.74,1.4,472.08,9747,R20MZ_IA-2_FZ_200_filtered
25,12,2,-203.87,-3.272,493.14,-15.58,328.14,9887,R20MZ_IA-2_FZ_200_filtered
25,12,4,-203.85,-11.868,659.986,30.46,464.14,15899,R20MZ_IA-4_FZ_200_filtered
25,12,2,-203.84,-9.318,491.62,-6.33,473.8,9735,R20MZ_IA-2_FZ_200_filtered
25,12,4,-203.84,12.013,653.706,10.03,-423.1,15272,R20MZ_IA-4_FZ_200_filtered
25,12,0,-203.83,11.715,315.78,4.45,-483.68,2823,R20MZ_FZ_200_filtered
25,12,0,-203.81,2.303,318.14,23.41,-239.75,3059,R20MZ_FZ_200_filtered
25,12,2,-203.8,-9.8,491.51,7.9,474.1,9724,R20MZ_IA-2_FZ_200_filtered
25,12,0,-203.79,-4.741,323.77,-27.85,386.36,3621,R20MZ_FZ_200_filtered
25,12,2,-203.79,-7.217,492.15,-10.25,456.41,9788,R20MZ_IA-2_FZ_200_filtered
25,12,2,-203.77,-9.356,491.61,-5.8,474.57,9734,R20MZ_IA-2_FZ_200_filtered
25,12,2,-203.76,-6.039,492.45,-12.17,431.15,9818,R20MZ_IA-2_FZ_200_filtered
25,12,2,-203.76,-3.673,493.04,-15.61,349.52,9877,R20MZ_IA-2_FZ_200_filtered
25,12,0,-203.72,11.049,315.22,7.66,-493.92,2768,R20MZ_FZ_200_filtered
25,12,2,-203.72,-10.749,491.27,7.35,474.85,9700,R20MZ_IA-2_FZ_200_filtered
25,12,4,-203.7,12.211,653.626,29.82,-414.88,15264,R20MZ_IA-4_FZ_200_filtered
25,12,0,-203.68,-7.163,323.16,-23.09,457.05,3560,R20MZ_FZ_200_filtered
25,12,0,-203.67,5.029,317.46,24.8,-395.44,2991,R20MZ_FZ_200_filtered
25,12,0,-203.66,-7.585,323.06,-13.97,464.03,3550,R20MZ_FZ_200_filtered
25,12,4,-203.65,-8.93,660.726,15.38,467.86,15973,R20MZ_IA-4_FZ_200_filtered
25,12,2,-203.63,-11.183,491.16,0.45,474.24,9689,R20MZ_IA-2_FZ_200_filtered
25,12,2,-203.63,-5.038,492.7,-14.32,403.35,9843,R20MZ_IA-2_FZ_200_filtered
25,12,2,-203.6,-9.889,491.49,7.79,475.48,9722,R20MZ_IA-2_FZ_200_filtered
25,12,0,-203.55,2.821,318.02,22.8,-277.89,3047,R20MZ_FZ_200_filtered
25,12,0,-203.55,-3.837,324,-30.13,346.52,3644,R20MZ_FZ_200_filtered
25,12,2,-203.55,-4.59,492.81,-15.36,388.16,9854,R20MZ_IA-2_FZ_200_filtered
25,12,2,-203.54,-8.536,491.82,-1.06,470.98,9755,R20MZ_IA-2_FZ_200_filtered
25,12,4,-203.54,-11.195,660.156,13.87,468,15916,R20MZ_IA-4_FZ_200_filtered
25,12,0,-203.53,-3.184,324.16,-28.15,310.64,3660,R20MZ_FZ_200_filtered
25,12,0,-203.52,10.624,315.11,8.8,-494.25,2757,R20MZ_FZ_200_filtered
25,12,4,-203.51,-9.748,659.146,12.47,480.59,15816,R20MZ_IA-4_FZ_200_filtered
25,12,2,-203.48,-11.215,491.15,-0.07,475.8,9688,R20MZ_IA-2_FZ_200_filtered
25,12,0,-203.47,3.674,317.8,26.77,-334.19,3025,R20MZ_FZ_200_filtered
25,12,2,-203.46,-5.082,492.69,-14.51,404.46,9842,R20MZ_IA-2_FZ_200_filtered
25,12,0,-203.45,1.358,318.38,16.93,-156.63,3083,R20MZ_FZ_200_filtered
25,12,4,-203.44,9.841,652.916,30.74,-452.19,15194,R20MZ_IA-4_FZ_200_filtered
25,12,0,-203.43,12.182,315.66,-2.13,-483.68,2811,R20MZ_FZ_200_filtered
25,12,4,-203.42,-7.727,661.026,11.49,456.06,16003,R20MZ_IA-4_FZ_200_filtered
25,12,4,-203.4,9.804,652.906,32.28,-452.97,15193,R20MZ_IA-4_FZ_200_filtered
25,12,4,-203.4,-12.232,659.766,20.25,466.43,15877,R20MZ_IA-4_FZ_200_filtered
25,12,0,-203.38,6.505,317.09,19.29,-441.02,2954,R20MZ_FZ_200_filtered
25,12,0,-203.38,-3.616,324.05,-28.7,336.87,3649,R20MZ_FZ_200_filtered
25,12,2,-203.38,1.202,481.76,34.37,-120.9,8751,R20MZ_IA-2_FZ_200_filtered
25,12,2,-203.38,-6.955,492.22,-8.02,451.32,9795,R20MZ_IA-2_FZ_200_filtered
25,12,2,-203.37,-9.007,491.71,-0.71,473.46,9744,R20MZ_IA-2_FZ_200_filtered
25,12,2,-203.37,-8.096,491.93,-8.17,467.12,9766,R20MZ_IA-2_FZ_200_filtered
25,12,2,-203.36,-6.001,492.46,-11.62,430.06,9819,R20MZ_IA-2_FZ_200_filtered
25,12,0,-203.35,3.346,317.88,25.07,-318.23,3033,R20MZ_FZ_200_filtered
25,12,2,-203.33,-11.152,491.17,0.61,471.6,9690,R20MZ_IA-2_FZ_200_filtered
25,12,0,-203.32,-6.096,323.43,-26.03,428.39,3587,R20MZ_FZ_200_filtered
25,12,4,-203.31,9.758,652.896,33.43,-449.41,15192,R20MZ_IA-4_FZ_200_filtered
25,12,4,-203.31,-10.265,659.276,13.33,478.87,15829,R20MZ_IA-4_FZ_200_filtered
25,12,0,-203.3,5.148,317.43,22.68,-400.42,2988,R20MZ_FZ_200_filtered
25,12,2,-203.3,-11.657,491.03,2.94,475.8,9676,R20MZ_IA-2_FZ_200_filtered
25,12,2,-203.3,-3.745,493.02,-16.32,353.4,9875,R20MZ_IA-2_FZ_200_filtered
25,12,2,-203.29,-7.26,492.14,-10.26,455.94,9787,R20MZ_IA-2_FZ_200_filtered
25,12,4,-203.28,-11.728,659.696,30.13,473.39,15871,R20MZ_IA-4_FZ_200_filtered
25,12,4,-203.28,-8.081,660.936,6.85,460.38,15994,R20MZ_IA-4_FZ_200_filtered
25,12,0,-203.26,10.212,316.16,10.64,-479.19,2861,R20MZ_FZ_200_filtered
25,12,0,-203.25,5.958,317.23,20.59,-424.92,2968,R20MZ_FZ_200_filtered
25,12,0,-203.25,-6.295,323.38,-22.01,435.8,3582,R20MZ_FZ_200_filtered
25,12,0,-203.24,11.022,315.21,8.43,-494.86,2767,R20MZ_FZ_200_filtered
25,12,2,-203.23,-11.517,491.06,-8.79,471.45,9679,R20MZ_IA-2_FZ_200_filtered
25,12,0,-203.21,-5.417,323.6,-24.45,410.54,3604,R20MZ_FZ_200_filtered
25,12,2,-203.21,-10.195,491.4,-5.24,473.47,9713,R20MZ_IA-2_FZ_200_filtered
25,12,2,-203.2,-12.067,490.95,32.81,472.21,9668,R20MZ_IA-2_FZ_200_filtered
25,12,4,-203.19,7.122,654.926,39.96,-431.39,15394,R20MZ_IA-4_FZ_200_filtered
25,12,4,-203.18,7.774,654.766,35.09,-443.21,15378,R20MZ_IA-4_FZ_200_filtered
25,12,0,-203.17,-7.503,323.08,-16.43,460.8,3552,R20MZ_FZ_200_filtered
25,12,4,-203.14,11.883,653.736,13.68,-419.41,15275,R20MZ_IA-4_FZ_200_filtered
25,12,0,-203.13,2.416,318.11,22.39,-252.14,3056,R20MZ_FZ_200_filtered
25,12,2,-203.13,-6.839,492.25,-4.83,449.74,9798,R20MZ_IA-2_FZ_200_filtered
25,12,2,-203.13,-4.187,492.91,-16.02,372.8,9864,R20MZ_IA-2_FZ_200_filtered
25,12,2,-203.11,-4.634,492.8,-14.9,389.71,9853,R20MZ_IA-2_FZ_200_filtered
25,12,0,-203.1,-8.023,322.95,-21.43,468.85,3539,R20MZ_FZ_200_filtered
25,12,0,-203.09,10.585,315.1,9.45,-496.25,2756,R20MZ_FZ_200_filtered
25,12,2,-203.09,-3.711,493.03,-16.23,351.37,9876,R20MZ_IA-2_FZ_200_filtered
25,12,0,-203.04,-5.18,323.66,-27.46,400,3610,R20MZ_FZ_200_filtered
25,12,2,-203.03,-10.999,490.47,2.47,479.19,9621,R20MZ_IA-2_FZ_200_filtered
25,12,4,-203.01,-10.631,659.366,14.51,480.4,15838,R20MZ_IA-4_FZ_200_filtered
25,12,2,-203,-12.176,490.91,14.6,477.92,9664,R20MZ_IA-2_FZ_200_filtered
25,12,4,-203,2.24,656.146,49.38,-177.71,15516,R20MZ_IA-4_FZ_200_filtered
25,12,2,-202.98,-11.702,490.69,15.95,478.2,9643,R20MZ_IA-2_FZ_200_filtered
25,12,2,-202.97,-8.857,491.75,2.64,469.91,9748,R20MZ_IA-2_FZ_200_filtered
25,12,4,-202.96,11.505,653.336,30.85,-422.38,15236,R20MZ_IA-4_FZ_200_filtered
25,12,4,-202.94,1.648,656.296,43.75,-122.85,15531,R20MZ_IA-4_FZ_200_filtered
25,12,0,-202.93,10.658,315.12,7.73,-489.42,2758,R20MZ_FZ_200_filtered
25,12,0,-202.93,-7.637,323.05,-12.44,463.73,3549,R20MZ_FZ_200_filtered
25,12,4,-202.93,7.931,654.726,36.28,-448.68,15374,R20MZ_IA-4_FZ_200_filtered
25,12,0,-202.89,-7.004,323.2,-23.78,451.19,3564,R20MZ_FZ_200_filtered
25,12,2,-202.89,-7.922,491.98,-4.02,464.46,9771,R20MZ_IA-2_FZ_200_filtered
25,12,0,-202.82,7.907,316.74,11.49,-467.23,2919,R20MZ_FZ_200_filtered
25,12,0,-202.82,4.591,317.57,25.75,-378.54,3002,R20MZ_FZ_200_filtered
25,12,0,-202.77,10.177,315,9.75,-492.99,2746,R20MZ_FZ_200_filtered
25,12,0,-202.77,8.388,316.62,14.86,-470.96,2907,R20MZ_FZ_200_filtered
25,12,0,-202.77,4.672,317.55,23.84,-381.93,3000,R20MZ_FZ_200_filtered
25,12,0,-202.76,1.995,318.22,20.88,-215.41,3067,R20MZ_FZ_200_filtered
25,12,0,-202.74,6.001,317.22,19.67,-425.37,2967,R20MZ_FZ_200_filtered
25,12,4,-202.74,9.492,652.826,29.77,-432.63,15185,R20MZ_IA-4_FZ_200_filtered
25,12,0,-202.73,7.305,316.89,19.21,-458.87,2934,R20MZ_FZ_200_filtered
25,12,-0,-202.72,12.265,315.54,5.49,-485.05,2799,R20MZ_FZ_200_filtered
25,12,0,-202.72,10.38,316.12,14.91,-483.22,2857,R20MZ_FZ_200_filtered
25,12,4,-202.72,-12.204,659.786,16.4,469.03,15879,R20MZ_IA-4_FZ_200_filtered
25,12,0,-202.71,9.296,316.39,12.41,-474.99,2884,R20MZ_FZ_200_filtered
25,12,2,-202.71,-10.808,491.26,9.93,475.6,9699,R20MZ_IA-2_FZ_200_filtered
25,12,4,-202.7,-9.531,660.566,10.45,461.61,15957,R20MZ_IA-4_FZ_200_filtered
25,12,4,-202.7,-8.495,660.826,8.17,463.77,15983,R20MZ_IA-4_FZ_200_filtered
25,12,2,-202.68,-9.393,491.6,-4.53,474.37,9733,R20MZ_IA-2_FZ_200_filtered
25,12,2,-202.64,-11.483,490.59,3.3,476.22,9633,R20MZ_IA-2_FZ_200_filtered
25,12,0,-202.63,6.03,317.21,19.27,-426.6,2966,R20MZ_FZ_200_filtered
25,12,0,-202.61,7.749,316.78,15.86,-466.61,2923,R20MZ_FZ_200_filtered
25,12,4,-202.61,1.745,650.896,46.9,-143.1,14992,R20MZ_IA-4_FZ_200_filtered
25,12,4,-202.61,-11.353,660.106,6.37,462.37,15911,R20MZ_IA-4_FZ_200_filtered
25,12,0,-202.6,11.141,315.24,6.99,-485.21,2770,R20MZ_FZ_200_filtered
25,12,0,-202.59,-8.045,322.94,-20.72,468.53,3538,R20MZ_FZ_200_filtered
25,12,2,-202.58,-9.938,491.48,7.15,474.81,9721,R20MZ_IA-2_FZ_200_filtered
25,12,4,-202.56,-12.197,659.896,20.51,466.54,15890,R20MZ_IA-4_FZ_200_filtered
25,12,4,-202.56,-11.815,659.996,24.35,463.88,15900,R20MZ_IA-4_FZ_200_filtered
25,12,2,-202.53,-10.084,490.24,-0.11,483.85,9598,R20MZ_IA-2_FZ_200_filtered
25,12,4,-202.52,-8.969,660.716,14.25,466.39,15972,R20MZ_IA-4_FZ_200_filtered
25,12,0,-202.51,1.887,318.25,19.2,-202.51,3070,R20MZ_FZ_200_filtered
25,12,0,-202.48,-7.977,322.96,-20.88,467.77,3540,R20MZ_FZ_200_filtered
25,12,2,-202.48,-6.932,492.23,-7.05,450.51,9796,R20MZ_IA-2_FZ_200_filtered
25,12,4,-202.47,12.224,653.576,37.05,-419.31,15259,R20MZ_IA-4_FZ_200_filtered
25,12,2,-202.46,-11.44,490.58,3.79,478.08,9632,R20MZ_IA-2_FZ_200_filtered
25,12,0,-202.45,10.872,316,3.19,-481.18,2845,R20MZ_FZ_200_filtered
25,12,0,-202.44,1.141,318.43,14.14,-138.96,3088,R20MZ_FZ_200_filtered
25,12,0,-202.42,5.072,317.45,24,-395.57,2990,R20MZ_FZ_200_filtered
25,12,4,-202.4,0.533,650.586,35.83,-3.56,14961,R20MZ_IA-4_FZ_200_filtered
25,12,0,-202.37,9.492,316.34,14.49,-481.06,2879,R20MZ_FZ_200_filtered
25,12,-0,-202.37,5.546,317.33,22.2,-411.24,2978,R20MZ_FZ_200_filtered
25,12,4,-202.37,-9.336,659.046,11.39,477.25,15806,R20MZ_IA-4_FZ_200_filtered
25,12,0,-202.36,7.424,316.86,17.64,-459.5,2931,R20MZ_FZ_200_filtered
25,12,2,-202.36,-11.032,490.48,2,476.83,9622,R20MZ_IA-2_FZ_200_filtered
25,12,4,-202.36,-9.122,660.676,7.71,461.42,15968,R20MZ_IA-4_FZ_200_filtered
25,12,0,-202.3,4.157,317.68,25.35,-358.54,3013,R20MZ_FZ_200_filtered
25,12,0,-202.29,2.331,318.13,22.67,-242.68,3058,R20MZ_FZ_200_filtered
25,12,2,-202.27,-8.139,491.92,-8.03,465.85,9765,R20MZ_IA-2_FZ_200_filtered
25,12,0,-202.24,12.048,315.71,-16.59,-476.05,2816,R20MZ_FZ_200_filtered
25,12,2,-202.22,-9.766,491.52,6.5,472.19,9725,R20MZ_IA-2_FZ_200_filtered
25,12,4,-202.21,-10.316,659.286,13.02,476.94,15830,R20MZ_IA-4_FZ_200_filtered
25,12,4,-202.21,-11.761,660.006,19.15,464.51,15901,R20MZ_IA-4_FZ_200_filtered
25,12,0,-202.19,11.609,315.36,4.14,-480.54,2782,R20MZ_FZ_200_filtered
25,12,-0,-202.19,4.231,317.66,24.12,-363.47,3011,R20MZ_FZ_200_filtered
25,12,-0,-202.17,10.128,314.99,10.44,-496.39,2745,R20MZ_FZ_200_filtered
25,12,0,-202.17,6.955,316.98,14.7,-450.63,2943,R20MZ_FZ_200_filtered
25,12,2,-202.17,-11.406,490.57,4.21,478.69,9631,R20MZ_IA-2_FZ_200_filtered
25,12,0,-202.16,9.074,316.45,11.29,-479.19,2890,R20MZ_FZ_200_filtered
25,12,2,-202.15,-11.259,491.14,-1.51,476.09,9687,R20MZ_IA-2_FZ_200_filtered
25,12,2,-202.14,-11.12,491.18,2.22,469.24,9691,R20MZ_IA-2_FZ_200_filtered
25,12,2,-202.13,-11.518,490.6,3.26,473.73,9634,R20MZ_IA-2_FZ_200_filtered
25,12,2,-202.13,-12.186,490.84,-6.85,473.46,9657,R20MZ_IA-2_FZ_200_filtered
25,12,0,-202.12,11.451,315.32,7.67,-490.96,2778,R20MZ_FZ_200_filtered
25,12,4,-202.12,10.397,653.056,28.33,-431.59,15208,R20MZ_IA-4_FZ_200_filtered
25,12,0,-202.11,10.703,315.13,7.16,-483.51,2759,R20MZ_FZ_200_filtered
25,12,2,-202.11,-11.694,490.68,16.44,477.11,9642,R20MZ_IA-2_FZ_200_filtered
25,12,4,-202.11,-9.831,659.166,12.44,477.39,15818,R20MZ_IA-4_FZ_200_filtered
25,12,4,-202.11,-10.93,660.226,23.92,464.51,15923,R20MZ_IA-4_FZ_200_filtered
25,12,4,-202.08,11.049,653.216,31,-423.2,15224,R20MZ_IA-4_FZ_200_filtered
25,12,0,-202.07,2.852,318.01,22.75,-280.98,3046,R20MZ_FZ_200_filtered
25,12,0,-202.06,9.742,314.89,10.37,-490.35,2735,R20MZ_FZ_200_filtered
25,12,2,-202.04,-11.481,491.07,-9.39,469.41,9680,R20MZ_IA-2_FZ_200_filtered
25,12,0,-202.03,-4.709,323.78,-27.84,384.35,3622,R20MZ_FZ_200_filtered
25,12,2,-202.01,-9.151,490.01,-2.2,482.88,9575,R20MZ_IA-2_FZ_200_filtered
25,12,4,-202.01,-8.54,660.816,9.03,462.96,15982,R20MZ_IA-4_FZ_200_filtered
25,12,4,-201.97,8.243,654.646,35.45,-448.1,15366,R20MZ_IA-4_FZ_200_filtered
25,12,4,-201.97,-9.702,659.136,12.71,480.95,15815,R20MZ_IA-4_FZ_200_filtered
25,12,0,-201.96,9.258,314.77,12.18,-491.75,2723,R20MZ_FZ_200_filtered
25,12,4,-201.96,-9.397,659.056,11.29,474.75,15807,R20MZ_IA-4_FZ_200_filtered
25,12,4,-201.95,-9.043,660.696,11.43,463.25,15970,R20MZ_IA-4_FZ_200_filtered
25,12,0,-201.91,2.377,318.12,22.24,-246.88,3057,R20MZ_FZ_200_filtered
25,12,2,-201.91,-10.123,490.25,-0.28,482.29,9599,R20MZ_IA-2_FZ_200_filtered
25,12,2,-201.9,-9.646,490.13,-0.65,483.05,9587,R20MZ_IA-2_FZ_200_filtered
25,12,2,-201.87,-9.04,491.7,-1.68,471.39,9743,R20MZ_IA-2_FZ_200_filtered
25,12,0,-201.85,-6.039,323.44,-25.58,426.38,3588,R20MZ_FZ_200_filtered
25,12,0,-201.83,11.767,315.77,2.55,-482.58,2822,R20MZ_FZ_200_filtered
25,12,0,-201.83,10.66,316.05,4.42,-478.87,2850,R20MZ_FZ_200_filtered
25,12,0,-201.83,3.266,317.9,25.6,-310.15,3035,R20MZ_FZ_200_filtered
25,12,4,-201.83,-9.932,660.476,19.7,464.32,15948,R20MZ_IA-4_FZ_200_filtered
25,12,2,-201.79,-12.273,490.72,21.43,475.12,9645,R20MZ_IA-2_FZ_200_filtered
25,12,0,-201.77,4.625,317.56,24.65,-379.44,3001,R20MZ_FZ_200_filtered
25,12,4,-201.76,8.956,652.696,32.13,-451.84,15172,R20MZ_IA-4_FZ_200_filtered
25,12,0,-201.73,11.768,315.48,-13.78,-478.52,2794,R20MZ_FZ_200_filtered
25,12,0,-201.73,8.832,316.51,9.02,-471.72,2896,R20MZ_FZ_200_filtered
25,12,0,-201.71,9.742,316.28,7.12,-476.21,2873,R20MZ_FZ_200_filtered
25,12,0,-201.71,-3.232,324.15,-28.17,313.16,3659,R20MZ_FZ_200_filtered
25,12,0,-201.69,-8.952,322.72,-13.18,473.03,3516,R20MZ_FZ_200_filtered
25,12,4,-201.69,-8.621,660.796,11.13,461.07,15980,R20MZ_IA-4_FZ_200_filtered
25,12,0,-201.66,-7.453,323.09,-17.79,458.17,3553,R20MZ_FZ_200_filtered
25,12,0,-201.65,-7.672,323.04,-11.84,462.65,3548,R20MZ_FZ_200_filtered
25,12,0,-201.62,3.72,317.79,25.92,-335.88,3024,R20MZ_FZ_200_filtered
25,12,0,-201.6,6.92,316.99,15.32,-449.87,2944,R20MZ_FZ_200_filtered
25,12,4,-201.58,7.194,654.906,39.11,-430.4,15392,R20MZ_IA-4_FZ_200_filtered
25,12,4,-201.57,-8.585,660.806,10.04,461.84,15981,R20MZ_IA-4_FZ_200_filtered
25,12,2,-201.53,-10.18,491.41,-3.61,471.72,9714,R20MZ_IA-2_FZ_200_filtered
25,12,2,-201.52,-7.9,491.99,-2.78,463.06,9772,R20MZ_IA-2_FZ_200_filtered
25,12,4,-201.52,9.28,652.776,33.42,-449.68,15180,R20MZ_IA-4_FZ_200_filtered
25,12,0,-201.49,-3.308,324.13,-29.01,318.15,3657,R20MZ_FZ_200_filtered
25,12,2,-201.49,-8.587,491.81,0.29,470,9754,R20MZ_IA-2_FZ_200_filtered
25,12,4,-201.49,11.118,653.926,31.56,-427.31,15294,R20MZ_IA-4_FZ_200_filtered
25,12,2,-201.46,-10.522,490.35,1.51,483.8,9609,R20MZ_IA-2_FZ_200_filtered
25,12,4,-201.46,-0.69,656.886,19.88,141.39,15590,R20MZ_IA-4_FZ_200_filtered
25,12,0,-201.45,10.526,315.09,10.16,-495.47,2755,R20MZ_FZ_200_filtered
25,12,0,-201.44,7.341,316.88,18.53,-457.94,2933,R20MZ_FZ_200_filtered
25,12,2,-201.44,-10.851,491.25,11.89,475.7,9698,R20MZ_IA-2_FZ_200_filtered
25,12,0,-201.43,4.198,317.67,24.47,-360.25,3012,R20MZ_FZ_200_filtered
25,12,0,-201.42,-8.078,322.93,-20.8,467,3537,R20MZ_FZ_200_filtered
25,12,2,-201.41,-12.188,490.9,8.7,476.49,9663,R20MZ_IA-2_FZ_200_filtered
25,12,0,-201.38,-6.334,323.37,-22,435.98,3581,R20MZ_FZ_200_filtered
25,12,2,-201.38,-8.164,491.91,-8.33,464.9,9764,R20MZ_IA-2_FZ_200_filtered
25,12,4,-201.38,10.116,652.986,31.7,-430.08,15201,R20MZ_IA-4_FZ_200_filtered
25,12,0,-201.36,12.198,315.65,1.36,-481.63,2810,R20MZ_FZ_200_filtered
25,12,0,-201.36,11.106,315.94,6.06,-477.93,2839,R20MZ_FZ_200_filtered
25,12,2,-201.36,-11.723,491.02,6.16,474.49,9675,R20MZ_IA-2_FZ_200_filtered
25,12,2,-201.36,-9.439,491.59,-2.65,472.64,9732,R20MZ_IA-2_FZ_200_filtered
25,12,0,-201.34,-5.459,323.59,-23.93,410.56,3603,R20MZ_FZ_200_filtered
25,12,0,-201.34,-5.137,323.67,-27.18,398.16,3611,R20MZ_FZ_200_filtered
25,12,-0,-201.33,10.211,315.01,8.98,-487.52,2747,R20MZ_FZ_200_filtered
25,12,0,-201.32,9.212,314.76,12.95,-494.55,2722,R20MZ_FZ_200_filtered
25,12,0,-201.31,-5.89,323.48,-23.31,423.56,3592,R20MZ_FZ_200_filtered
25,12,0,-201.27,-3.778,324.01,-29.64,344.98,3645,R20MZ_FZ_200_filtered
25,12,0,-201.18,8.324,314.54,15.23,-486.94,2700,R20MZ_FZ_200_filtered
25,12,0,-201.18,7.384,316.87,17.97,-458.08,2932,R20MZ_FZ_200_filtered
25,12,2,-201.18,-9.692,490.14,-1.06,480.85,9588,R20MZ_IA-2_FZ_200_filtered
25,12,4,-201.14,9.208,654.406,33.25,-443.95,15342,R20MZ_IA-4_FZ_200_filtered
25,12,2,-201.13,-8.288,491.88,-8.73,465.39,9761,R20MZ_IA-2_FZ_200_filtered
25,12,0,-201.12,-8.403,322.85,-17.81,469.65,3529,R20MZ_FZ_200_filtered
25,12,0,-201.12,-5.505,323.58,-23.75,411.02,3602,R20MZ_FZ_200_filtered
25,12,2,-201.12,-9.235,491.64,-7.36,469.87,9737,R20MZ_IA-2_FZ_200_filtered
25,12,0,-201.1,-5.028,323.7,-26.49,396.15,3614,R20MZ_FZ_200_filtered
25,12,2,-201.07,-10.041,490.23,0.76,484.56,9597,R20MZ_IA-2_FZ_200_filtered
25,12,-0,-201.06,-3.264,324.14,-28.94,315.66,3658,R20MZ_FZ_200_filtered
25,12,0,-201.05,1.969,318.23,20.56,-209.96,3068,R20MZ_FZ_200_filtered
25,12,0,-201.05,0.411,318.62,4.71,-54.74,3107,R20MZ_FZ_200_filtered
25,12,0,-201.05,-6.498,323.33,-21.03,437.4,3577,R20MZ_FZ_200_filtered
25,12,0,-201.04,10.095,314.98,11.47,-496.55,2744,R20MZ_FZ_200_filtered
25,12,4,-201.04,-10.827,659.416,13.77,472.36,15843,R20MZ_IA-4_FZ_200_filtered
25,12,2,-201.03,-12.217,490.78,7.25,475.1,9651,R20MZ_IA-2_FZ_200_filtered
25,12,0,-201.02,2.457,313.07,22.42,-266.9,2553,R20MZ_FZ_200_filtered
25,12,-0,-201.02,12.235,315.6,10.66,-477.45,2805,R20MZ_FZ_200_filtered
25,12,0,-201.02,-6.984,323.21,-22.86,448.56,3565,R20MZ_FZ_200_filtered
25,12,0,-201.02,-4.225,323.9,-29.58,365.44,3634,R20MZ_FZ_200_filtered
25,12,2,-201,-10.605,491.3,1.96,470.46,9703,R20MZ_IA-2_FZ_200_filtered
25,12,0,-200.99,7.787,316.77,14.27,-465.37,2922,R20MZ_FZ_200_filtered
25,12,0,-200.96,-4.591,323.81,-27.41,381.41,3625,R20MZ_FZ_200_filtered
25,12,4,-200.95,-7.947,658.696,7.14,474.06,15771,R20MZ_IA-4_FZ_200_filtered
25,12,4,-200.93,-4.303,657.786,-3.84,389.7,15680,R20MZ_IA-4_FZ_200_filtered
25,12,0,-200.92,1.917,318.24,19.73,-205.91,3069,R20MZ_FZ_200_filtered
25,12,0,-200.91,7.887,316.75,12.06,-465.36,2920,R20MZ_FZ_200_filtered
25,12,2,-200.91,-11.286,491.13,-3.22,474.49,9686,R20MZ_IA-2_FZ_200_filtered
25,12,0,-200.9,0.705,318.54,8.08,-90.85,3099,R20MZ_FZ_200_filtered
25,12,2,-200.9,-11.692,490.67,17.1,475.51,9641,R20MZ_IA-2_FZ_200_filtered
25,12,2,-200.9,-12.266,490.73,20.93,473.7,9646,R20MZ_IA-2_FZ_200_filtered
25,12,0,-200.89,11.315,315.88,14.35,-479.93,2833,R20MZ_FZ_200_filtered
25,12,4,-200.88,7.975,654.716,36.1,-445.98,15373,R20MZ_IA-4_FZ_200_filtered
25,12,0,-200.87,12.278,315.53,2.53,-483.04,2798,R20MZ_FZ_200_filtered
25,12,0,-200.87,-4.141,323.92,-28.98,362.96,3636,R20MZ_FZ_200_filtered
25,12,0,-200.86,8.235,316.66,14.83,-469.38,2911,R20MZ_FZ_200_filtered
25,12,4,-200.86,10.971,653.966,22.49,-425.3,15298,R20MZ_IA-4_FZ_200_filtered
25,12,0,-200.83,-11.601,322.04,-11.5,477.08,3448,R20MZ_FZ_200_filtered
25,12,4,-200.83,-1.639,657.116,12.67,230.24,15613,R20MZ_IA-4_FZ_200_filtered
25,12,2,-200.82,-10.334,491.36,-4.08,473.86,9709,R20MZ_IA-2_FZ_200_filtered
25,12,0,-200.81,-4.674,323.79,-27.71,382.82,3623,R20MZ_FZ_200_filtered
25,12,0,-200.79,-10.255,322.38,-18.75,476.47,3482,R20MZ_FZ_200_filtered
25,12,2,-200.79,-7.81,492.01,-0.65,461.93,9774,R20MZ_IA-2_FZ_200_filtered
25,12,0,-200.78,8.778,314.65,13.93,-491.75,2711,R20MZ_FZ_200_filtered
25,12,4,-200.78,-0.385,656.796,24.63,100.17,15581,R20MZ_IA-4_FZ_200_filtered
25,12,4,-200.76,-5.671,658.126,-1.81,437.4,15714,R20MZ_IA-4_FZ_200_filtered
25,12,2,-200.75,-9.122,490,-1.99,484.26,9574,R20MZ_IA-2_FZ_200_filtered
25,12,4,-200.75,0.722,656.526,39.08,-27.9,15554,R20MZ_IA-4_FZ_200_filtered
25,12,0,-200.73,11.736,315.42,-3.27,-487.54,2788,R20MZ_FZ_200_filtered
25,12,4,-200.71,-4.738,657.896,-4.24,407.24,15691,R20MZ_IA-4_FZ_200_filtered
25,12,2,-200.69,-11.769,491.01,9.77,472.29,9674,R20MZ_IA-2_FZ_200_filtered
25,12,4,-200.68,10.561,653.096,30.88,-424.53,15212,R20MZ_IA-4_FZ_200_filtered
25,12,2,-200.67,-9.07,491.69,-3.12,469.96,9742,R20MZ_IA-2_FZ_200_filtered
25,12,4,-200.67,10.672,654.036,29.62,-425.03,15305,R20MZ_IA-4_FZ_200_filtered
25,12,2,-200.65,-11.075,490.49,2.12,473.86,9623,R20MZ_IA-2_FZ_200_filtered
25,12,4,-200.65,-0.67,656.876,21.04,136.99,15589,R20MZ_IA-4_FZ_200_filtered
25,12,4,-200.65,-4.346,657.796,-4.43,391.55,15681,R20MZ_IA-4_FZ_200_filtered
25,12,2,-200.64,-12.201,490.85,-6.18,471.7,9658,R20MZ_IA-2_FZ_200_filtered
25,12,4,-200.64,10.071,652.976,31,-424.85,15200,R20MZ_IA-4_FZ_200_filtered
25,12,4,-200.64,11.442,653.316,30.02,-414.27,15234,R20MZ_IA-4_FZ_200_filtered
25,12,0,-200.63,10.404,316.11,14.32,-480.72,2856,R20MZ_FZ_200_filtered
25,12,2,-200.63,-8.723,489.9,-3.26,482.08,9564,R20MZ_IA-2_FZ_200_filtered
25,12,2,-200.62,-8.808,491.76,3.07,468.44,9749,R20MZ_IA-2_FZ_200_filtered
25,12,0,-200.57,7.902,314.43,16,-479.35,2689,R20MZ_FZ_200_filtered
25,12,2,-200.57,-10.164,490.26,-0.25,479.75,9600,R20MZ_IA-2_FZ_200_filtered
25,12,0,-200.56,-12.127,321.93,11.34,476.75,3437,R20MZ_FZ_200_filtered
25,12,0,-200.56,-11.175,322.16,-12.32,476.61,3460,R20MZ_FZ_200_filtered
25,12,4,-200.55,10.095,654.186,28.49,-434.03,15320,R20MZ_IA-4_FZ_200_filtered
25,12,4,-200.55,-5.18,658.006,-3.28,422.92,15702,R20MZ_IA-4_FZ_200_filtered
25,12,0,-200.54,11.413,315.31,8.03,-488.62,2777,R20MZ_FZ_200_filtered
25,12,0,-200.54,11.653,315.37,2.83,-477.14,2783,R20MZ_FZ_200_filtered
25,12,0,-200.53,8.817,314.66,13.14,-488.01,2712,R20MZ_FZ_200_filtered
25,12,2,-200.53,-11.082,491.19,4.35,468.11,9692,R20MZ_IA-2_FZ_200_filtered
25,12,0,-200.51,9.298,314.78,11.13,-486.79,2724,R20MZ_FZ_200_filtered
25,12,4,-200.51,9.676,652.876,32.85,-437.91,15190,R20MZ_IA-4_FZ_200_filtered
25,12,0,-200.5,11.809,315.76,-1.02,-480.86,2821,R20MZ_FZ_200_filtered
25,12,2,-200.49,-10.49,490.34,2.79,484.23,9608,R20MZ_IA-2_FZ_200_filtered
25,12,-0,-200.48,10.186,316.17,9.53,-476.19,2862,R20MZ_FZ_200_filtered
25,12,2,-200.48,-11.447,491.08,-7.9,467.82,9681,R20MZ_IA-2_FZ_200_filtered
25,12,2,-200.47,-8.205,491.9,-8.37,464.56,9763,R20MZ_IA-2_FZ_200_filtered
25,12,0,-200.46,11.179,315.25,6.08,-479.78,2771,R20MZ_FZ_200_filtered
25,12,0,-200.46,0.337,318.64,3.12,-45.71,3109,R20MZ_FZ_200_filtered
25,12,0,-200.46,-9.883,322.49,-4.97,476.76,3493,R20MZ_FZ_200_filtered
25,12,-0,-200.45,-7.41,323.1,-18.85,455.72,3554,R20MZ_FZ_200_filtered
25,12,0,-200.44,-8.991,322.71,-14.61,472.57,3515,R20MZ_FZ_200_filtered
25,12,0,-200.44,-6.415,323.35,-22.22,436.31,3579,R20MZ_FZ_200_filtered
25,12,0,-200.44,-6.384,323.36,-22.27,436.15,3580,R20MZ_FZ_200_filtered
25,12,0,-200.44,-5.105,323.68,-26.96,397.09,3612,R20MZ_FZ_200_filtered
25,12,0,-200.42,-11.212,322.15,-13.09,478.79,3459,R20MZ_FZ_200_filtered
25,12,0,-200.42,-5.056,323.69,-26.68,396.3,3613,R20MZ_FZ_200_filtered
25,12,4,-200.42,-7.471,658.576,5.26,470.3,15759,R20MZ_IA-4_FZ_200_filtered
25,12,2,-200.4,-8.687,489.89,-2.97,483.64,9563,R20MZ_IA-2_FZ_200_filtered
25,12,4,-200.4,-10.898,659.436,15.24,473.4,15845,R20MZ_IA-4_FZ_200_filtered
25,12,0,-200.38,-4.179,323.91,-29.06,364.04,3635,R20MZ_FZ_200_filtered
25,12,0,-200.37,1.4,318.37,16.63,-159.25,3082,R20MZ_FZ_200_filtered
25,12,2,-200.37,-8.761,489.91,-3.28,479.12,9565,R20MZ_IA-2_FZ_200_filtered
25,12,2,-200.36,-9.723,491.53,4.94,470.3,9726,R20MZ_IA-2_FZ_200_filtered
25,12,2,-200.36,-8.239,491.89,-8.32,464.56,9762,R20MZ_IA-2_FZ_200_filtered
25,12,4,-200.36,1.002,650.706,41.79,-61.82,14973,R20MZ_IA-4_FZ_200_filtered
25,12,0,-200.35,-12.184,321.82,-15.26,476.77,3426,R20MZ_FZ_200_filtered
25,12,2,-200.34,-8.626,491.8,1.38,468.72,9753,R20MZ_IA-2_FZ_200_filtered
25,12,0,-200.31,7.834,316.76,12.73,-464.73,2921,R20MZ_FZ_200_filtered
25,12,4,-200.3,-10.352,659.296,12.94,475.43,15831,R20MZ_IA-4_FZ_200_filtered
25,12,0,-200.29,9.173,314.75,13.81,-494.07,2721,R20MZ_FZ_200_filtered
25,12,4,-200.27,-8.784,658.906,10.01,478.68,15792,R20MZ_IA-4_FZ_200_filtered
25,12,4,-200.25,-7.062,658.476,3.5,465.17,15749,R20MZ_IA-4_FZ_200_filtered
25,12,0,-200.24,-4.618,323.8,-27.39,382.19,3624,R20MZ_FZ_200_filtered
25,12,0,-200.22,9.529,316.33,13.21,-478.4,2878,R20MZ_FZ_200_filtered
25,12,0,-200.21,-12.188,321.81,-12.57,479.1,3425,R20MZ_FZ_200_filtered
25,12,2,-200.21,-11.678,490.66,17.45,474.27,9640,R20MZ_IA-2_FZ_200_filtered
25,12,4,-200.2,-9.43,659.066,11.58,473.87,15808,R20MZ_IA-4_FZ_200_filtered
25,12,2,-200.19,-11.351,490.56,4.87,478.31,9630,R20MZ_IA-2_FZ_200_filtered
25,12,-0,-200.18,-7.25,323.14,-22.03,455.39,3558,R20MZ_FZ_200_filtered
25,12,0,-200.17,9.121,316.44,11.45,-476.52,2889,R20MZ_FZ_200_filtered
25,12,4,-200.17,-8.346,658.796,8.35,477.9,15781,R20MZ_IA-4_FZ_200_filtered
25,12,2,-200.15,-9.491,491.58,-0.99,471.05,9731,R20MZ_IA-2_FZ_200_filtered
25,12,0,-200.14,-9.842,322.5,-4.35,475.83,3494,R20MZ_FZ_200_filtered
25,12,2,-200.14,-7.846,492,-1.78,461.77,9773,R20MZ_IA-2_FZ_200_filtered
25,12,0,-200.13,7.853,314.42,17.2,-482,2688,R20MZ_FZ_200_filtered
25,12,-0,-200.1,9.768,314.9,9.31,-485.04,2736,R20MZ_FZ_200_filtered
25,12,2,-200.1,12.284,484.52,9.67,-476.98,9026,R20MZ_IA-2_FZ_200_filtered
25,12,2,-200.1,-10.001,490.22,1.07,484.08,9596,R20MZ_IA-2_FZ_200_filtered
25,12,4,-200.09,11.415,653.306,28.67,-412.29,15233,R20MZ_IA-4_FZ_200_filtered
25,12,0,-200.08,-10.213,322.39,-19.09,474.9,3483,R20MZ_FZ_200_filtered
25,12,4,-200.07,9.164,654.416,31.74,-443.86,15343,R20MZ_IA-4_FZ_200_filtered
25,12,0,-200.03,-11.649,322.03,-7.79,478.32,3447,R20MZ_FZ_200_filtered
25,12,2,-200.02,-11.662,490.65,15.45,473.21,9639,R20MZ_IA-2_FZ_200_filtered
25,12,4,-200.02,-8.024,658.716,7.13,470.29,15773,R20MZ_IA-4_FZ_200_filtered
25,12,0,-200,-8.358,322.86,-19.21,467.82,3530,R20MZ_FZ_200_filtered
25,12,0,-200,-5.986,323.46,-24.59,424.23,3590,R20MZ_FZ_200_filtered
25,12,4,-200,1.784,650.906,46.81,-146.36,14993,R20MZ_IA-4_FZ_200_filtered
25,12,2,-199.98,-12.273,490.74,18.27,472.44,9647,R20MZ_IA-2_FZ_200_filtered
25,12,0,-199.97,-12.138,321.92,7.22,478.43,3436,R20MZ_FZ_200_filtered
25,12,2,-199.95,-12.231,490.77,9.57,473.36,9650,R20MZ_IA-2_FZ_200_filtered
25,12,2,-199.93,-12.194,490.86,-3.99,471.03,9659,R20MZ_IA-2_FZ_200_filtered
25,12,4,-199.93,0.922,656.476,39.9,-47.67,15549,R20MZ_IA-4_FZ_200_filtered
25,12,0,-199.91,8.303,314.53,16.21,-488.18,2699,R20MZ_FZ_200_filtered
25,12,0,-199.91,8.783,316.52,9.51,-469.53,2897,R20MZ_FZ_200_filtered
25,12,0,-199.9,-11.551,322.05,-16.39,474.91,3449,R20MZ_FZ_200_filtered
25,12,2,-199.9,-11.869,490.99,22.08,468.54,9672,R20MZ_IA-2_FZ_200_filtered
25,12,4,-199.86,-10.514,659.336,14.76,477.88,15835,R20MZ_IA-4_FZ_200_filtered
25,12,2,-199.83,-11.324,491.12,-4.66,472.77,9685,R20MZ_IA-2_FZ_200_filtered
25,12,0,-199.8,-12.197,321.8,-9.69,480.04,3424,R20MZ_FZ_200_filtered
25,12,4,-199.79,1.332,656.376,43.54,-89.32,15539,R20MZ_IA-4_FZ_200_filtered
25,12,0,-199.76,-7.717,323.03,-11.81,461.25,3547,R20MZ_FZ_200_filtered
25,12,2,-199.75,-11.642,490.64,11.63,472.14,9638,R20MZ_IA-2_FZ_200_filtered
25,12,0,-199.74,-8.884,322.74,-11.12,469.94,3518,R20MZ_FZ_200_filtered
25,12,4,-199.72,12.229,653.546,30.59,-407.06,15256,R20MZ_IA-4_FZ_200_filtered
25,12,4,-199.72,9.626,654.296,31.78,-442.33,15331,R20MZ_IA-4_FZ_200_filtered
25,12,4,-199.69,11.73,653.416,15.25,-414,15244,R20MZ_IA-4_FZ_200_filtered
25,12,2,-199.65,-10.135,491.42,-3.23,470.29,9715,R20MZ_IA-2_FZ_200_filtered
25,12,2,-199.63,-11.118,490.5,1.88,472.45,9624,R20MZ_IA-2_FZ_200_filtered
25,12,4,-199.63,-3.945,657.696,-5.56,373.94,15671,R20MZ_IA-4_FZ_200_filtered
25,12,0,-199.61,12.224,315.64,5.77,-480.07,2809,R20MZ_FZ_200_filtered
25,12,0,-199.61,8.266,316.65,14.3,-468.3,2910,R20MZ_FZ_200_filtered
25,12,4,-199.61,-6.543,658.346,0.83,456.59,15736,R20MZ_IA-4_FZ_200_filtered
25,12,2,-199.6,-11.921,490.98,28.48,467.43,9671,R20MZ_IA-2_FZ_200_filtered
25,12,2,-199.6,-9.204,491.65,-7.33,468.42,9738,R20MZ_IA-2_FZ_200_filtered
25,12,4,-199.6,-5.743,658.146,-2.49,438.58,15716,R20MZ_IA-4_FZ_200_filtered
25,12,2,-199.56,7.447,483.32,27.33,-465.39,8907,R20MZ_IA-2_FZ_200_filtered
25,12,2,-199.56,-9.137,491.67,-5.7,468.28,9740,R20MZ_IA-2_FZ_200_filtered
25,12,2,-199.55,-9.104,491.68,-4.81,468.71,9741,R20MZ_IA-2_FZ_200_filtered
25,12,0,-199.54,-7.273,323.13,-21.71,454.76,3557,R20MZ_FZ_200_filtered
25,12,0,-199.53,11.995,315.72,-18.64,-474.78,2817,R20MZ_FZ_200_filtered
25,12,2,-199.52,-11.374,491.1,-5.13,468.41,9683,R20MZ_IA-2_FZ_200_filtered
25,12,4,-199.52,1.243,656.396,43.42,-80.48,15541,R20MZ_IA-4_FZ_200_filtered
25,12,0,-199.51,0.451,318.61,4.99,-58.58,3106,R20MZ_FZ_200_filtered
25,12,2,-199.51,-8.766,491.77,3.33,467.48,9750,R20MZ_IA-2_FZ_200_filtered
25,12,0,-199.48,-10.298,322.37,-17.2,476.47,3481,R20MZ_FZ_200_filtered
25,12,0,-199.47,-12.191,321.83,-17.26,473.24,3427,R20MZ_FZ_200_filtered
25,12,2,-199.47,-11.411,491.09,-6.1,467.17,9682,R20MZ_IA-2_FZ_200_filtered
25,12,2,-199.46,-9.729,490.15,-0.85,479.11,9589,R20MZ_IA-2_FZ_200_filtered
25,12,4,-199.46,8.562,652.596,31.38,-444.2,15162,R20MZ_IA-4_FZ_200_filtered
25,12,2,-199.45,-12.244,490.76,11.95,471.8,9649,R20MZ_IA-2_FZ_200_filtered
25,12,0,-199.41,-11.143,322.17,-11.78,473.81,3461,R20MZ_FZ_200_filtered
25,12,4,-199.41,8.034,652.466,35.01,-451.06,15149,R20MZ_IA-4_FZ_200_filtered
25,12,4,-199.41,9.721,654.276,31.66,-440.32,15329,R20MZ_IA-4_FZ_200_filtered
25,12,2,-199.4,-8.796,489.92,-3.73,476.78,9566,R20MZ_IA-2_FZ_200_filtered
25,12,0,-199.39,11.729,315.41,-4.42,-484.1,2787,R20MZ_FZ_200_filtered
25,12,0,-199.37,-11.719,321.7,6.4,478.46,3415,R20MZ_FZ_200_filtered
25,12,0,-199.36,-11.236,322.14,-14.26,479.11,3458,R20MZ_FZ_200_filtered
25,12,0,-199.35,12.24,315.61,10.3,-476.37,2806,R20MZ_FZ_200_filtered
25,12,0,-199.35,-9.932,322.48,-5.96,476.62,3492,R20MZ_FZ_200_filtered
25,12,2,-199.34,-10.894,491.24,12.7,474.42,9697,R20MZ_IA-2_FZ_200_filtered
25,12,4,-199.34,-6.986,658.456,3.15,463.69,15747,R20MZ_IA-4_FZ_200_filtered
25,12,0,-199.32,-0.134,318.75,-2.65,11.97,3120,R20MZ_FZ_200_filtered
25,12,0,-199.32,-7.379,323.11,-19.98,454.63,3555,R20MZ_FZ_200_filtered
25,12,2,-199.27,-12.253,490.75,15.04,471.48,9648,R20MZ_IA-2_FZ_200_filtered
25,12,4,-199.27,-5.295,658.036,-3.86,426.44,15705,R20MZ_IA-4_FZ_200_filtered
25,12,0,-199.26,10.614,316.06,6.17,-476.53,2851,R20MZ_FZ_200_filtered
25,12,0,-199.25,6.063,313.97,21.45,-439.63,2643,R20MZ_FZ_200_filtered
25,12,2,-199.25,9.231,485.41,20.21,-470.8,9115,R20MZ_IA-2_FZ_200_filtered
25,12,2,-199.25,-9.16,491.66,-6.5,467.8,9739,R20MZ_IA-2_FZ_200_filtered
25,12,4,-199.25,9.589,652.856,31.82,-427.57,15188,R20MZ_IA-4_FZ_200_filtered
25,12,0,-199.24,-7.332,323.12,-20.84,454.31,3556,R20MZ_FZ_200_filtered
25,12,4,-199.23,8.719,654.526,33.39,-449.36,15354,R20MZ_IA-4_FZ_200_filtered
25,12,0,-199.22,9.617,314.86,12.38,-494.69,2732,R20MZ_FZ_200_filtered
25,12,0,-199.21,10.453,316.1,12.56,-478.36,2855,R20MZ_FZ_200_filtered
25,12,4,-199.18,7.635,654.796,36.89,-436.77,15381,R20MZ_IA-4_FZ_200_filtered
25,12,4,-199.18,-7.113,658.486,3.44,463.71,15750,R20MZ_IA-4_FZ_200_filtered
25,12,0,-199.17,-7.768,323.02,-12.52,460.35,3546,R20MZ_FZ_200_filtered
25,12,0,-199.16,10.247,315.02,8.53,-482.25,2748,R20MZ_FZ_200_filtered
25,12,0,-199.15,-11.436,321.58,-8.07,477.68,3403,R20MZ_FZ_200_filtered
25,12,-0,-199.13,-12.151,321.91,2.21,478.94,3435,R20MZ_FZ_200_filtered
25,12,4,-199.12,12.102,653.676,17.72,-410.94,15269,R20MZ_IA-4_FZ_200_filtered
25,12,0,-199.11,10.738,315.14,6.54,-478.83,2760,R20MZ_FZ_200_filtered
25,12,0,-199.11,11.075,315.95,4.48,-475.74,2840,R20MZ_FZ_200_filtered
25,12,0,-199.11,-9.017,322.7,-15.08,471.82,3514,R20MZ_FZ_200_filtered
25,12,0,-199.1,-9.26,322.63,-18.49,471.21,3507,R20MZ_FZ_200_filtered
25,12,2,-199.1,-11.621,490.63,8.18,471,9637,R20MZ_IA-2_FZ_200_filtered
25,12,0,-199.08,-11.704,321.69,4.58,479.21,3414,R20MZ_FZ_200_filtered
25,12,0,-199.06,6.533,314.09,19.99,-452.83,2655,R20MZ_FZ_200_filtered
25,12,0,-199.06,8.85,314.67,12.16,-481.94,2713,R20MZ_FZ_200_filtered
25,12,0,-199.06,1.118,318.44,14.01,-133.17,3089,R20MZ_FZ_200_filtered
25,12,0,-199.05,7.81,314.41,18.09,-480.88,2687,R20MZ_FZ_200_filtered
25,12,2,-199.04,-10.209,490.27,-0.23,478.02,9601,R20MZ_IA-2_FZ_200_filtered
25,12,0,-199.02,-11.515,322.06,-20.09,471.83,3450,R20MZ_FZ_200_filtered
25,12,2,-199.02,-10.449,490.33,2.56,482.65,9607,R20MZ_IA-2_FZ_200_filtered
25,12,2,-199.01,-10.933,491.23,12.98,473.18,9696,R20MZ_IA-2_FZ_200_filtered
25,12,0,-199,11.728,315.4,-3.21,-480.2,2786,R20MZ_FZ_200_filtered
25,12,0,-198.98,6.98,314.2,18.54,-464.29,2666,R20MZ_FZ_200_filtered
25,12,0,-198.97,-10.2,322.4,-18.13,472.28,3484,R20MZ_FZ_200_filtered
25,12,0,-198.95,9.698,316.29,8.33,-473.71,2874,R20MZ_FZ_200_filtered
25,12,2,-198.95,-9.572,491.56,0.68,469.17,9729,R20MZ_IA-2_FZ_200_filtered
25,12,0,-198.94,10.483,315.08,10.54,-492.5,2754,R20MZ_FZ_200_filtered
25,12,0,-198.94,11.348,315.87,14.13,-479.01,2832,R20MZ_FZ_200_filtered
25,12,0,-198.92,-11.706,322.02,-4.31,478.02,3446,R20MZ_FZ_200_filtered
25,12,4,-198.92,10.929,653.976,22.62,-418.27,15299,R20MZ_IA-4_FZ_200_filtered
25,12,4,-198.9,1.436,650.816,45.68,-106.96,14984,R20MZ_IA-4_FZ_200_filtered
25,12,4,-198.86,8.078,652.476,33.8,-444.72,15150,R20MZ_IA-4_FZ_200_filtered
25,12,4,-198.86,-3.35,657.546,-1.36,342.81,15656,R20MZ_IA-4_FZ_200_filtered
25,12,0,-198.84,-10.518,321.35,-9.63,479.1,3380,R20MZ_FZ_200_filtered
25,12,4,-198.81,9.309,654.376,34.66,-432.59,15339,R20MZ_IA-4_FZ_200_filtered
25,12,0,-198.8,-10.961,321.46,-9.12,479.4,3391,R20MZ_FZ_200_filtered
25,12,4,-198.79,-7.587,658.606,5.62,467.12,15762,R20MZ_IA-4_FZ_200_filtered
25,12,-0,-198.75,6.938,314.19,19.64,-463.82,2665,R20MZ_FZ_200_filtered
25,12,-0,-198.72,11.368,315.3,7.53,-485.65,2776,R20MZ_FZ_200_filtered
25,12,0,-198.71,-11.035,321.48,-9.59,474.91,3393,R20MZ_FZ_200_filtered
25,12,0,-198.7,10.037,316.21,7,-476.97,2866,R20MZ_FZ_200_filtered
25,12,-0,-198.69,9.154,316.43,11.15,-473.85,2888,R20MZ_FZ_200_filtered
25,12,4,-198.69,-10.026,659.216,13.56,478.43,15823,R20MZ_IA-4_FZ_200_filtered
25,12,0,-198.68,11.672,315.38,0.58,-476.01,2784,R20MZ_FZ_200_filtered
25,12,2,-198.68,-10.109,491.43,-2.37,469.8,9716,R20MZ_IA-2_FZ_200_filtered
25,12,0,-198.67,7.936,314.44,15.1,-473.74,2690,R20MZ_FZ_200_filtered
25,12,0,-198.67,-11.708,321.71,8.97,476.75,3416,R20MZ_FZ_200_filtered
25,12,0,-198.67,-10.659,322.29,-7.58,471.5,3473,R20MZ_FZ_200_filtered
25,12,-0,-198.66,-8.582,322.81,-10.28,468.26,3525,R20MZ_FZ_200_filtered
25,12,0,-198.65,8.746,316.53,11.03,-469.54,2898,R20MZ_FZ_200_filtered
25,12,0,-198.63,-11.477,321.59,-8.65,475.68,3404,R20MZ_FZ_200_filtered
25,12,2,-198.62,-11.017,491.21,9.88,469.61,9694,R20MZ_IA-2_FZ_200_filtered
25,12,0,-198.59,11.86,315.75,-6.86,-479.44,2820,R20MZ_FZ_200_filtered
25,12,2,-198.58,-9.079,489.99,-1.49,484.19,9573,R20MZ_IA-2_FZ_200_filtered
25,12,0,-198.57,6.096,313.98,20.38,-439.16,2644,R20MZ_FZ_200_filtered
25,12,0,-198.56,5.14,313.74,23.46,-407.98,2620,R20MZ_FZ_200_filtered
25,12,0,-198.54,2.504,313.08,22.09,-268.59,2554,R20MZ_FZ_200_filtered
25,12,0,-198.54,1.436,318.36,15.68,-162.8,3081,R20MZ_FZ_200_filtered
25,12,2,-198.53,1.832,481.92,35.62,-187.14,8767,R20MZ_IA-2_FZ_200_filtered
25,12,0,-198.52,-10.558,321.36,-10.18,476.31,3381,R20MZ_FZ_200_filtered
25,12,0,-198.49,11.418,315.85,12.84,-476.81,2830,R20MZ_FZ_200_filtered
25,12,0,-198.48,9.338,314.79,10.11,-481.16,2725,R20MZ_FZ_200_filtered
25,12,2,-198.48,-10.419,491.34,-1.86,472.09,9707,R20MZ_IA-2_FZ_200_filtered
25,12,2,-198.46,-9.527,490.1,0,483.25,9584,R20MZ_IA-2_FZ_200_filtered
25,12,4,-198.42,-0.62,656.866,22.03,132.5,15588,R20MZ_IA-4_FZ_200_filtered
25,12,0,-198.41,5.569,313.85,23.82,-423.36,2631,R20MZ_FZ_200_filtered
25,12,2,-198.41,-2.798,488.42,-16.11,310.93,9416,R20MZ_IA-2_FZ_200_filtered
25,12,0,-198.37,8.261,314.52,16.65,-486.01,2698,R20MZ_FZ_200_filtered
25,12,0,-198.37,9.234,316.41,11,-471.08,2886,R20MZ_FZ_200_filtered
25,12,0,-198.37,-10.844,322.25,0.7,477.85,3469,R20MZ_FZ_200_filtered
25,12,2,-198.37,10.493,485.09,21.89,-472.37,9083,R20MZ_IA-2_FZ_200_filtered
25,12,4,-198.33,8.802,654.506,33.83,-451.44,15352,R20MZ_IA-4_FZ_200_filtered
25,12,0,-198.29,12.23,315.62,9.69,-476.82,2807,R20MZ_FZ_200_filtered
25,12,0,-198.26,6.018,313.96,22.25,-437.15,2642,R20MZ_FZ_200_filtered
25,12,4,-198.24,-4.86,657.926,-4.74,411.76,15694,R20MZ_IA-4_FZ_200_filtered
25,12,4,-198.22,8.008,654.706,35.8,-443.84,15372,R20MZ_IA-4_FZ_200_filtered
25,12,0,-198.19,-10.336,322.36,-15.13,475.87,3480,R20MZ_FZ_200_filtered
25,12,4,-198.19,10.241,654.146,34.07,-429.22,15316,R20MZ_IA-4_FZ_200_filtered
25,12,2,-198.18,-11.152,490.51,2.94,472.23,9625,R20MZ_IA-2_FZ_200_filtered
25,12,2,-198.18,-10.979,491.22,11.48,471.77,9695,R20MZ_IA-2_FZ_200_filtered
25,12,0,-198.17,-12.197,321.79,-6.74,478.95,3423,R20MZ_FZ_200_filtered
25,12,2,-198.17,-10.079,491.44,-0.58,469.93,9717,R20MZ_IA-2_FZ_200_filtered
25,12,4,-198.17,9.118,652.736,30.69,-432.29,15176,R20MZ_IA-4_FZ_200_filtered
25,12,-0,-198.16,9.181,316.42,11,-471.67,2887,R20MZ_FZ_200_filtered
25,12,4,-198.16,-8.539,658.846,9.27,469.85,15786,R20MZ_IA-4_FZ_200_filtered
25,12,0,-198.14,5.18,313.75,23.28,-410.32,2621,R20MZ_FZ_200_filtered
25,12,4,-198.14,9.208,652.756,32.24,-439.94,15178,R20MZ_IA-4_FZ_200_filtered
25,12,4,-198.14,-1.724,657.136,8.36,236.62,15615,R20MZ_IA-4_FZ_200_filtered
25,12,0,-198.13,11.695,315.39,-1.8,-477.26,2785,R20MZ_FZ_200_filtered
25,12,0,-198.1,-8.31,322.87,-20.51,465.82,3531,R20MZ_FZ_200_filtered
25,12,0,-198.09,10.143,316.18,8.81,-474.8,2863,R20MZ_FZ_200_filtered
25,12,0,-198.09,-8.841,322.75,-10.13,468.43,3519,R20MZ_FZ_200_filtered
25,12,2,-198.08,-9.758,490.16,-0.56,478.46,9590,R20MZ_IA-2_FZ_200_filtered
25,12,2,-198.06,-10.475,491.33,-1.51,471.01,9706,R20MZ_IA-2_FZ_200_filtered
25,12,4,-198.05,7.597,652.356,36.31,-444.93,15138,R20MZ_IA-4_FZ_200_filtered
25,12,0,-198.03,2.835,313.17,28.29,-291.7,2563,R20MZ_FZ_200_filtered
25,12,0,-198.03,7.014,314.21,17.19,-461.17,2667,R20MZ_FZ_200_filtered
25,12,4,-198.03,-8.07,658.726,7.06,468.77,15774,R20MZ_IA-4_FZ_200_filtered
25,12,0,-198.02,5.658,313.87,21.55,-424.44,2633,R20MZ_FZ_200_filtered
25,12,0,-198.01,-7.791,323.01,-13.54,459.87,3545,R20MZ_FZ_200_filtered
25,12,0,-198,9.145,314.74,14.1,-490.64,2720,R20MZ_FZ_200_filtered
25,12,2,-198,0.942,487.48,27.79,-81.78,9322,R20MZ_IA-2_FZ_200_filtered
25,12,0,-197.99,11.952,315.73,-17.67,-475.07,2818,R20MZ_FZ_200_filtered
25,12,2,-197.98,-10.676,490.39,1.61,476.45,9613,R20MZ_IA-2_FZ_200_filtered
25,12,2,-197.95,9.191,485.42,20.36,-470.53,9116,R20MZ_IA-2_FZ_200_filtered
25,12,4,-197.95,8.598,652.606,31.03,-437.61,15163,R20MZ_IA-4_FZ_200_filtered
25,12,0,-197.93,-9.06,322.69,-16.46,470.29,3513,R20MZ_FZ_200_filtered
25,12,0,-197.92,4.696,313.63,25.01,-389.39,2609,R20MZ_FZ_200_filtered
25,12,0,-197.92,11.228,315.26,6.07,-476.65,2772,R20MZ_FZ_200_filtered
25,12,-0,-197.9,12.23,315.63,8.44,-478.2,2808,R20MZ_FZ_200_filtered
25,12,2,-197.9,9.372,483.8,19.51,-473.47,8955,R20MZ_IA-2_FZ_200_filtered
25,12,4,-197.88,-5.783,658.156,-1.87,438.01,15717,R20MZ_IA-4_FZ_200_filtered
25,12,2,-197.87,-10.507,491.32,-0.71,470.07,9705,R20MZ_IA-2_FZ_200_filtered
25,12,2,-197.85,6.535,483.09,30.62,-447.46,8884,R20MZ_IA-2_FZ_200_filtered
25,12,0,-197.84,11.902,315.74,-13.03,-476.94,2819,R20MZ_FZ_200_filtered
25,12,0,-197.83,1.529,318.34,13.89,-171.62,3079,R20MZ_FZ_200_filtered
25,12,4,-197.78,0.341,656.626,33.28,16.68,15564,R20MZ_IA-4_FZ_200_filtered
25,12,4,-197.77,-7.143,658.496,3.37,462.4,15751,R20MZ_IA-4_FZ_200_filtered
25,12,0,-197.76,9.819,314.91,9.03,-479.91,2737,R20MZ_FZ_200_filtered
25,12,0,-197.76,-10.604,321.37,-10.31,473.69,3382,R20MZ_FZ_200_filtered
25,12,4,-197.73,11.292,653.876,34.91,-409.05,15289,R20MZ_IA-4_FZ_200_filtered
25,12,0,-197.72,-10.468,321.34,-8.73,480.8,3379,R20MZ_FZ_200_filtered
25,12,0,-197.71,-7.839,323,-15.15,460.36,3544,R20MZ_FZ_200_filtered
25,12,0,-197.69,11.035,315.96,2.83,-474.32,2841,R20MZ_FZ_200_filtered
25,12,4,-197.69,-7.38,658.556,5.37,467.49,15757,R20MZ_IA-4_FZ_200_filtered
25,12,0,-197.67,-10.123,321.25,-11.51,474.91,3370,R20MZ_FZ_200_filtered
25,12,4,-197.67,8.796,652.656,34.33,-450.86,15168,R20MZ_IA-4_FZ_200_filtered
25,12,0,-197.65,11.382,315.86,13.2,-477.76,2831,R20MZ_FZ_200_filtered
25,12,0,-197.62,2.876,313.18,28.07,-294.64,2564,R20MZ_FZ_200_filtered
25,12,4,-197.6,9.159,652.746,31.15,-435,15177,R20MZ_IA-4_FZ_200_filtered
25,12,0,-197.56,7.51,314.33,15.53,-466.13,2679,R20MZ_FZ_200_filtered
25,12,2,-197.55,-9.036,489.98,-1.59,483.53,9572,R20MZ_IA-2_FZ_200_filtered
25,12,2,-197.55,-10.402,490.32,2.72,480.91,9606,R20MZ_IA-2_FZ_200_filtered
25,12,0,-197.54,11.335,315.29,7.42,-482.24,2775,R20MZ_FZ_200_filtered
25,12,0,-197.54,-8.627,322.8,-9.27,467.17,3524,R20MZ_FZ_200_filtered
25,12,0,-197.53,-9.154,321.01,-13.21,474.3,3346,R20MZ_FZ_200_filtered
25,12,0,-197.52,1.061,318.45,13.31,-127.56,3090,R20MZ_FZ_200_filtered
25,12,0,-197.47,10.781,315.15,6.59,-477.1,2761,R20MZ_FZ_200_filtered
25,12,0,-197.45,10.894,315.18,7.81,-485.65,2764,R20MZ_FZ_200_filtered
25,12,0,-197.45,1.472,318.35,14.94,-166.81,3080,R20MZ_FZ_200_filtered
25,12,0,-197.45,-11.473,322.07,-20.9,469.97,3451,R20MZ_FZ_200_filtered
25,12,0,-197.44,6.453,314.07,22.02,-449.24,2653,R20MZ_FZ_200_filtered
25,12,0,-197.43,-11.522,321.6,-8.03,473.54,3405,R20MZ_FZ_200_filtered
25,12,0,-197.38,-9.207,321.02,-13.69,472.16,3347,R20MZ_FZ_200_filtered
25,12,0,-197.38,-9.965,322.47,-6.93,475.71,3491,R20MZ_FZ_200_filtered
25,12,0,-197.36,2.311,313.03,22.53,-249.96,2549,R20MZ_FZ_200_filtered
25,12,0,-197.36,10.496,316.09,10.8,-476.96,2854,R20MZ_FZ_200_filtered
25,12,0,-197.33,-12.208,321.78,-3.63,476.92,3422,R20MZ_FZ_200_filtered
25,12,2,-197.31,8.685,483.63,25.23,-482.84,8938,R20MZ_IA-2_FZ_200_filtered
25,12,0,-197.3,0.478,318.6,5.56,-62.6,3105,R20MZ_FZ_200_filtered
25,12,0,-197.3,-11.068,321.49,-9.55,473.08,3394,R20MZ_FZ_200_filtered
25,12,0,-197.3,-11.755,322.01,0.07,476.47,3445,R20MZ_FZ_200_filtered
25,12,4,-197.28,7.958,652.446,37.75,-454.81,15147,R20MZ_IA-4_FZ_200_filtered
25,12,2,-197.26,-8.837,489.93,-3.09,475.78,9567,R20MZ_IA-2_FZ_200_filtered
25,12,0,-197.25,-10.157,322.41,-17.14,470.91,3485,R20MZ_FZ_200_filtered
25,12,2,-197.25,-10.836,490.43,3.1,478.73,9617,R20MZ_IA-2_FZ_200_filtered
25,12,-0,-197.23,-0.534,318.85,-6.02,66.59,3130,R20MZ_FZ_200_filtered
25,12,2,-197.23,-9.328,490.05,-1.63,477.83,9579,R20MZ_IA-2_FZ_200_filtered
25,12,0,-197.19,6.891,314.18,19.79,-460.24,2664,R20MZ_FZ_200_filtered
25,12,4,-197.17,11.724,653.766,26.25,-408.9,15278,R20MZ_IA-4_FZ_200_filtered
25,12,0,-197.15,-9.223,322.64,-19.14,469.69,3508,R20MZ_FZ_200_filtered
25,12,4,-197.15,8.634,652.616,31.61,-435.01,15164,R20MZ_IA-4_FZ_200_filtered
25,12,0,-197.14,4.736,313.64,23.64,-390.77,2610,R20MZ_FZ_200_filtered
25,12,0,-197.14,-8.238,322.89,-20.59,463.32,3533,R20MZ_FZ_200_filtered
25,12,2,-197.14,-9.484,490.09,0.38,482.15,9583,R20MZ_IA-2_FZ_200_filtered
25,12,0,-197.12,-10.884,322.24,1.6,476.79,3468,R20MZ_FZ_200_filtered
25,12,4,-197.12,-6.691,658.386,1.76,455.67,15740,R20MZ_IA-4_FZ_200_filtered
25,12,0,-197.11,-11.692,321.67,5.96,477.07,3412,R20MZ_FZ_200_filtered
25,12,0,-197.09,4.252,313.52,23.71,-368.28,2598,R20MZ_FZ_200_filtered
25,12,0,-197.06,-12.184,321.84,-18.05,470.43,3428,R20MZ_FZ_200_filtered
25,12,0,-197.05,-9.643,321.13,-12.13,475.08,3358,R20MZ_FZ_200_filtered
25,12,2,-197.05,-8.368,489.81,-4.87,473.31,9555,R20MZ_IA-2_FZ_200_filtered
25,12,2,-197.05,-10.723,490.4,1.52,475.62,9614,R20MZ_IA-2_FZ_200_filtered
25,12,-0,-197.03,-11.714,321.72,10.47,474.78,3417,R20MZ_FZ_200_filtered
25,12,0,-197.01,10.561,316.07,7.8,-475.24,2852,R20MZ_FZ_200_filtered
25,12,0,-196.97,-9.606,321.12,-11.43,477.72,3357,R20MZ_FZ_200_filtered
25,12,2,-196.97,-10.252,490.28,0.41,477.34,9602,R20MZ_IA-2_FZ_200_filtered
25,12,0,-196.93,10.11,316.19,8.01,-474.15,2864,R20MZ_FZ_200_filtered
25,12,4,-196.92,9.404,654.356,34.65,-424,15337,R20MZ_IA-4_FZ_200_filtered
25,12,0,-196.85,10.077,316.2,7.34,-474.77,2865,R20MZ_FZ_200_filtered
25,12,0,-196.84,5.107,313.73,24.03,-403.94,2619,R20MZ_FZ_200_filtered
25,12,2,-196.8,-10.369,490.31,2.34,479.63,9605,R20MZ_IA-2_FZ_200_filtered
25,12,0,-196.78,-0.183,318.76,-3.5,18.21,3121,R20MZ_FZ_200_filtered
25,12,0,-196.76,6.577,314.1,18.99,-449.85,2656,R20MZ_FZ_200_filtered
25,12,0,-196.75,-11.301,322.12,-16.51,475.86,3456,R20MZ_FZ_200_filtered
25,12,0,-196.74,-8.809,322.76,-9.25,467.52,3520,R20MZ_FZ_200_filtered
25,12,4,-196.72,8.061,654.696,35.8,-442.05,15371,R20MZ_IA-4_FZ_200_filtered
25,12,0,-196.71,4.202,313.51,24.47,-364.72,2597,R20MZ_FZ_200_filtered
25,12,0,-196.71,8.9,314.68,11.55,-475.72,2714,R20MZ_FZ_200_filtered
25,12,0,-196.71,10.861,315.17,7.33,-481.45,2763,R20MZ_FZ_200_filtered
25,12,0,-196.68,2.796,313.16,28.16,-287.67,2562,R20MZ_FZ_200_filtered
25,12,0,-196.68,10.287,315.03,8.34,-478.66,2749,R20MZ_FZ_200_filtered
25,12,0,-196.68,-8.733,320.9,-14.24,469.66,3335,R20MZ_FZ_200_filtered
25,12,4,-196.68,2.488,651.076,49.19,-206.39,15010,R20MZ_IA-4_FZ_200_filtered
25,12,0,-196.67,-8.763,322.77,-8.88,466.73,3521,R20MZ_FZ_200_filtered
25,12,4,-196.67,-4.659,657.876,-3.91,402.63,15689,R20MZ_IA-4_FZ_200_filtered
25,12,0,-196.65,9.579,314.85,12.74,-491.11,2731,R20MZ_FZ_200_filtered
25,12,0,-196.64,-12.19,321.89,-6.55,475.24,3433,R20MZ_FZ_200_filtered
25,12,0,-196.62,5.536,313.84,24.31,-418.85,2630,R20MZ_FZ_200_filtered
25,12,4,-196.6,-2.854,657.426,-1.26,315.46,15644,R20MZ_IA-4_FZ_200_filtered
25,12,0,-196.58,-8.265,322.88,-20.66,464.27,3532,R20MZ_FZ_200_filtered
25,12,4,-196.56,8.833,654.496,32.7,-449.83,15351,R20MZ_IA-4_FZ_200_filtered
25,12,4,-196.55,-8.14,658.746,7.72,469.29,15776,R20MZ_IA-4_FZ_200_filtered
25,12,0,-196.51,-9.128,321,-12.63,475.7,3345,R20MZ_FZ_200_filtered
25,12,4,-196.51,9.971,654.216,24.99,-420.76,15323,R20MZ_IA-4_FZ_200_filtered
25,12,4,-196.51,-7.335,658.546,5.2,465.7,15756,R20MZ_IA-4_FZ_200_filtered
25,12,2,-196.5,-10.8,490.42,2.34,477.31,9616,R20MZ_IA-2_FZ_200_filtered
25,12,4,-196.49,8.093,654.686,35.34,-440.97,15370,R20MZ_IA-4_FZ_200_filtered
25,12,0,-196.48,10.524,316.08,9.44,-475.54,2853,R20MZ_FZ_200_filtered
25,12,0,-196.44,-9.701,322.53,-6.27,469.67,3497,R20MZ_FZ_200_filtered
25,12,2,-196.44,-10.757,490.41,1.91,475.92,9615,R20MZ_IA-2_FZ_200_filtered
25,12,0,-196.41,-12.015,321.96,22.15,469.62,3440,R20MZ_FZ_200_filtered
25,12,0,-196.4,11.264,315.27,6.15,-476.18,2773,R20MZ_FZ_200_filtered
25,12,0,-196.4,11.305,315.28,6.79,-478.52,2774,R20MZ_FZ_200_filtered
25,12,0,-196.39,-12.226,321.77,-1.05,474.93,3421,R20MZ_FZ_200_filtered
25,12,0,-196.39,-10.371,322.35,-13.82,474.63,3479,R20MZ_FZ_200_filtered
25,12,4,-196.39,-3.295,657.536,-1.56,340.32,15655,R20MZ_IA-4_FZ_200_filtered
25,12,-0,-196.36,-11.561,321.61,-6.93,471.56,3406,R20MZ_FZ_200_filtered
25,12,2,-196.35,-9.845,490.18,0.44,479.33,9592,R20MZ_IA-2_FZ_200_filtered
25,12,0,-196.34,5.216,313.76,22.47,-408.76,2622,R20MZ_FZ_200_filtered
25,12,4,-196.34,-7.781,658.656,6.71,469.11,15767,R20MZ_IA-4_FZ_200_filtered
25,12,0,-196.32,9.374,314.8,9.85,-476.49,2726,R20MZ_FZ_200_filtered
25,12,0,-196.3,4.663,313.62,24.98,-385.64,2608,R20MZ_FZ_200_filtered
25,12,2,-196.29,-8.565,489.86,-2.24,479.79,9560,R20MZ_IA-2_FZ_200_filtered
25,12,0,-196.28,-8.68,320.89,-13.91,471.53,3334,R20MZ_FZ_200_filtered
25,12,-0,-196.22,-12.236,321.76,1.35,473.39,3420,R20MZ_FZ_200_filtered
25,12,0,-196.22,-8.678,322.79,-8.24,466.57,3523,R20MZ_FZ_200_filtered
25,12,2,-196.21,-9.892,490.19,0.56,480.42,9593,R20MZ_IA-2_FZ_200_filtered
25,12,4,-196.19,-8.191,658.756,8.08,471.29,15777,R20MZ_IA-4_FZ_200_filtered
25,12,0,-196.18,0,318.72,-0.62,-3.5,3117,R20MZ_FZ_200_filtered
25,12,4,-196.17,-7.669,658.626,5.81,465.84,15764,R20MZ_IA-4_FZ_200_filtered
25,12,0,-196.16,-10.156,321.26,-11.62,472.77,3371,R20MZ_FZ_200_filtered
25,12,2,-196.16,-8.409,489.82,-4.28,473.78,9556,R20MZ_IA-2_FZ_200_filtered
25,12,4,-196.14,-1.924,657.196,1.54,252.02,15621,R20MZ_IA-4_FZ_200_filtered
25,12,4,-196.13,-3.544,657.596,-3.25,353.66,15661,R20MZ_IA-4_FZ_200_filtered
25,12,0,-196.12,7.346,314.29,19.48,-468.77,2675,R20MZ_FZ_200_filtered
25,12,0,-196.1,7.773,314.4,18.24,-476.38,2686,R20MZ_FZ_200_filtered
25,12,-0,-196.06,7.971,314.45,13.87,-467.49,2691,R20MZ_FZ_200_filtered
25,12,0,-196.04,1.035,318.46,13.5,-122.13,3091,R20MZ_FZ_200_filtered
25,12,0,-196.04,-11.681,321.66,5.81,475.68,3411,R20MZ_FZ_200_filtered
25,12,4,-196.04,-7.716,658.636,6.29,466.46,15765,R20MZ_IA-4_FZ_200_filtered
25,12,2,-196.02,-9.801,490.17,-0.21,478.56,9591,R20MZ_IA-2_FZ_200_filtered
25,12,0,-195.99,-9.525,322.57,-10.61,471.84,3501,R20MZ_FZ_200_filtered
25,12,4,-195.99,-2.395,657.306,3.88,283.71,15632,R20MZ_IA-4_FZ_200_filtered
25,12,4,-195.99,-6.907,658.436,3.53,460.08,15745,R20MZ_IA-4_FZ_200_filtered
25,12,4,-195.95,-2.667,657.376,1.12,304.23,15639,R20MZ_IA-4_FZ_200_filtered
25,12,0,-195.93,-9.991,322.46,-8.74,474.16,3490,R20MZ_FZ_200_filtered
25,12,0,-195.91,-9.231,321.03,-13.43,470.14,3348,R20MZ_FZ_200_filtered
25,12,0,-195.9,-11.808,322,5.8,474.31,3444,R20MZ_FZ_200_filtered
25,12,0,-195.89,-9.559,321.11,-11.12,478.96,3356,R20MZ_FZ_200_filtered
25,12,0,-195.89,-11.405,322.09,-17.97,469.85,3453,R20MZ_FZ_200_filtered
25,12,4,-195.89,-2.819,657.416,0.41,313.41,15643,R20MZ_IA-4_FZ_200_filtered
25,12,0,-195.87,-10.558,322.31,-10.06,470.16,3475,R20MZ_FZ_200_filtered
25,12,4,-195.87,-5.825,658.166,-1.64,437.4,15718,R20MZ_IA-4_FZ_200_filtered
25,12,4,-195.86,2.312,651.026,46.48,-189.35,15005,R20MZ_IA-4_FZ_200_filtered
25,12,0,-195.84,-10.918,322.23,1.03,475.25,3467,R20MZ_FZ_200_filtered
25,12,0,-195.83,9.856,314.92,8.62,-477.09,2738,R20MZ_FZ_200_filtered
25,12,4,-195.83,6.194,652.006,41.93,-415.41,15103,R20MZ_IA-4_FZ_200_filtered
25,12,0,-195.81,-9.19,322.65,-19.35,468.61,3509,R20MZ_FZ_200_filtered
25,12,4,-195.79,-4.466,657.826,-4.81,396.55,15684,R20MZ_IA-4_FZ_200_filtered
25,12,2,-195.77,9.977,483.95,20.48,-480.68,8970,R20MZ_IA-2_FZ_200_filtered
25,12,2,-195.74,-9.394,490.07,-0.5,479.77,9581,R20MZ_IA-2_FZ_200_filtered
25,12,4,-195.73,-3.738,657.646,-3.74,363.9,15666,R20MZ_IA-4_FZ_200_filtered
25,12,4,-195.7,-7.753,658.646,6.68,467.52,15766,R20MZ_IA-4_FZ_200_filtered
25,12,-0,-195.67,9.102,314.73,14.02,-486.26,2719,R20MZ_FZ_200_filtered
25,12,0,-195.66,-9.613,322.55,-8.78,469.69,3499,R20MZ_FZ_200_filtered
25,12,2,-195.66,-3.199,488.52,-15.95,334.27,9426,R20MZ_IA-2_FZ_200_filtered
25,12,2,-195.66,-9.357,490.06,-0.6,478.83,9580,R20MZ_IA-2_FZ_200_filtered
25,12,0,-195.65,-11.658,321.65,3.79,474.01,3410,R20MZ_FZ_200_filtered
25,12,0,-195.63,-11.974,321.97,21.75,469.5,3441,R20MZ_FZ_200_filtered
25,12,0,-195.62,4.279,313.53,22.89,-369.19,2599,R20MZ_FZ_200_filtered
25,12,0,-195.61,-10.631,321.38,-10.47,472.15,3383,R20MZ_FZ_200_filtered
25,12,0,-195.58,8.672,314.62,15.14,-485.36,2708,R20MZ_FZ_200_filtered
25,12,-0,-195.58,-10.886,321.44,-8.13,479.75,3389,R20MZ_FZ_200_filtered
25,12,0,-195.57,-11.855,321.99,12.46,472.44,3443,R20MZ_FZ_200_filtered
25,12,0,-195.57,-10.118,322.42,-15.92,470.31,3486,R20MZ_FZ_200_filtered
25,12,0,-195.56,-8.715,322.78,-8.02,466.59,3522,R20MZ_FZ_200_filtered
25,12,0,-195.53,-8.279,320.79,-16.18,465.17,3324,R20MZ_FZ_200_filtered
25,12,0,-195.51,-10.022,322.45,-10.91,472.93,3489,R20MZ_FZ_200_filtered
25,12,0,-195.5,-11.331,322.11,-16.95,473.72,3455,R20MZ_FZ_200_filtered
25,12,0,-195.48,7.056,314.22,16.26,-456.35,2668,R20MZ_FZ_200_filtered
25,12,4,-195.48,9.878,654.236,27.42,-423.31,15325,R20MZ_IA-4_FZ_200_filtered
25,12,0,-195.47,8.22,314.51,16.9,-481.47,2697,R20MZ_FZ_200_filtered
25,12,0,-195.47,-5.969,320.21,-23.46,430.15,3266,R20MZ_FZ_200_filtered
25,12,0,-195.44,2.76,313.15,27.52,-283.15,2561,R20MZ_FZ_200_filtered
25,12,0,-195.44,10.408,315.06,9.51,-484.1,2752,R20MZ_FZ_200_filtered
25,12,4,-195.41,-5.511,658.086,-1.77,429.29,15710,R20MZ_IA-4_FZ_200_filtered
25,12,0,-195.4,2.535,313.09,20.74,-269.49,2555,R20MZ_FZ_200_filtered
25,12,0,-195.4,-10.973,322.22,-0.71,473.39,3466,R20MZ_FZ_200_filtered
25,12,0,-195.39,-8.239,320.78,-16.08,467.97,3323,R20MZ_FZ_200_filtered
25,12,4,-195.39,-6.861,658.426,3.67,458.19,15744,R20MZ_IA-4_FZ_200_filtered
25,12,2,-195.38,-8.966,489.96,-2.25,480.56,9570,R20MZ_IA-2_FZ_200_filtered
25,12,4,-195.38,8.674,652.626,32.55,-436.36,15165,R20MZ_IA-4_FZ_200_filtered
25,12,0,-195.36,10.333,315.04,8.05,-477.56,2750,R20MZ_FZ_200_filtered
25,12,0,-195.36,-12.237,321.75,4.91,472.45,3419,R20MZ_FZ_200_filtered
25,12,4,-195.36,-6.301,658.286,-0.03,447.79,15730,R20MZ_IA-4_FZ_200_filtered
25,12,2,-195.34,-9.006,489.97,-1.98,482.08,9571,R20MZ_IA-2_FZ_200_filtered
25,12,4,-195.34,9.089,654.436,29.67,-439.18,15345,R20MZ_IA-4_FZ_200_filtered
25,12,0,-195.31,-9.574,322.56,-9.81,470.63,3500,R20MZ_FZ_200_filtered
25,12,2,-195.3,5.21,482.76,33.5,-400.52,8851,R20MZ_IA-2_FZ_200_filtered
25,12,0,-195.27,-10.417,322.34,-12.85,473.41,3478,R20MZ_FZ_200_filtered
25,12,4,-195.27,2.652,651.126,50.06,-223.44,15015,R20MZ_IA-4_FZ_200_filtered
25,12,4,-195.26,-7.228,658.516,4.21,461.77,15753,R20MZ_IA-4_FZ_200_filtered
25,12,0,-195.25,2.275,313.02,22.04,-245.58,2548,R20MZ_FZ_200_filtered
25,12,0,-195.25,-9.666,322.54,-7.19,469.38,3498,R20MZ_FZ_200_filtered
25,12,2,-195.23,-8.446,489.83,-3.61,474.67,9557,R20MZ_IA-2_FZ_200_filtered
25,12,0,-195.16,-8.764,320.91,-14.4,467.47,3336,R20MZ_FZ_200_filtered
25,12,0,-195.15,-6.004,320.22,-23.65,430.61,3267,R20MZ_FZ_200_filtered
25,12,2,-195.15,-8.488,489.84,-3.21,476.06,9558,R20MZ_IA-2_FZ_200_filtered
25,12,4,-195.15,7.04,652.216,40.45,-437.06,15124,R20MZ_IA-4_FZ_200_filtered
25,12,0,-195.14,-7.355,320.56,-18.62,457.12,3301,R20MZ_FZ_200_filtered
25,12,0,-195.12,-12.25,321.74,8.03,472.3,3418,R20MZ_FZ_200_filtered
25,12,0,-195.12,-11.918,321.98,18.21,470.57,3442,R20MZ_FZ_200_filtered
25,12,4,-195.12,-0.998,656.966,9.93,172.24,15598,R20MZ_IA-4_FZ_200_filtered
25,12,0,-195.09,-6.883,320.44,-20.29,450.43,3289,R20MZ_FZ_200_filtered
25,12,4,-195.05,2.448,651.066,48.41,-201.52,15009,R20MZ_IA-4_FZ_200_filtered
25,12,-0,-195,-11.115,321.5,-9.51,472.34,3395,R20MZ_FZ_200_filtered
25,12,0,-194.95,-8.196,320.77,-15.52,468.9,3322,R20MZ_FZ_200_filtered
25,12,0,-194.95,-9.082,320.99,-12.14,475.88,3344,R20MZ_FZ_200_filtered
25,12,0,-194.93,-10.097,322.43,-14.62,470.47,3487,R20MZ_FZ_200_filtered
25,12,0,-194.92,4.788,313.65,22.26,-390.13,2611,R20MZ_FZ_200_filtered
25,12,0,-194.9,3.765,313.4,27.99,-341.28,2586,R20MZ_FZ_200_filtered
25,12,4,-194.87,-3.267,657.526,-1.41,338.05,15654,R20MZ_IA-4_FZ_200_filtered
25,12,4,-194.82,8.481,654.586,36.53,-443.57,15360,R20MZ_IA-4_FZ_200_filtered
25,12,0,-194.8,8.466,314.57,12.14,-470.91,2703,R20MZ_FZ_200_filtered
25,12,0,-194.78,-10.517,322.32,-11.35,470.94,3476,R20MZ_FZ_200_filtered
25,12,4,-194.78,8.207,652.506,33.22,-432.36,15153,R20MZ_IA-4_FZ_200_filtered
25,12,4,-194.77,-0.906,656.946,11.18,164.77,15596,R20MZ_IA-4_FZ_200_filtered
25,12,4,-194.77,-6.783,658.406,3.04,455.82,15742,R20MZ_IA-4_FZ_200_filtered
25,12,0,-194.76,-5.511,320.1,-25.32,418.2,3255,R20MZ_FZ_200_filtered
25,12,4,-194.74,7.679,652.376,34.97,-434.57,15140,R20MZ_IA-4_FZ_200_filtered
25,12,0,-194.73,8.937,314.69,11.15,-472.46,2715,R20MZ_FZ_200_filtered
25,12,4,-194.73,8.32,652.536,35.85,-447.62,15156,R20MZ_IA-4_FZ_200_filtered
25,12,0,-194.71,5.697,313.88,20.35,-421.14,2634,R20MZ_FZ_200_filtered
25,12,-0,-194.7,4.168,313.5,24.75,-359.87,2596,R20MZ_FZ_200_filtered
25,12,0,-194.69,-10.065,322.44,-13.34,471.7,3488,R20MZ_FZ_200_filtered
25,12,0,-194.67,-11.589,321.62,-5.71,471.09,3407,R20MZ_FZ_200_filtered
25,12,0,-194.65,2.195,313,21.53,-239.69,2546,R20MZ_FZ_200_filtered
25,12,4,-194.59,-6.344,658.296,0.44,448.82,15731,R20MZ_IA-4_FZ_200_filtered
25,12,0,-194.58,-10.199,321.27,-11.31,472.02,3372,R20MZ_FZ_200_filtered
25,12,4,-194.56,8.587,654.556,33.38,-441.41,15357,R20MZ_IA-4_FZ_200_filtered
25,12,4,-194.54,-1.89,657.186,2.36,250.21,15620,R20MZ_IA-4_FZ_200_filtered
25,12,0,-194.52,2.245,313.01,21.89,-242.02,2547,R20MZ_FZ_200_filtered
25,12,-0,-194.52,9.414,314.81,9.93,-475.53,2727,R20MZ_FZ_200_filtered
25,12,0,-194.5,4.627,313.61,25.53,-380.36,2607,R20MZ_FZ_200_filtered
25,12,2,-194.5,2.273,482.02,36.04,-222.14,8777,R20MZ_IA-2_FZ_200_filtered
25,12,4,-194.5,-4.984,657.956,-3.55,414.48,15697,R20MZ_IA-4_FZ_200_filtered
25,12,0,-194.48,3.801,313.41,27.2,-343.43,2587,R20MZ_FZ_200_filtered
25,12,0,-194.48,10.378,315.05,8.53,-480.19,2751,R20MZ_FZ_200_filtered
25,12,4,-194.43,2.331,651.036,46.07,-191.45,15006,R20MZ_IA-4_FZ_200_filtered
25,12,4,-194.42,-4.063,657.726,-4.35,378.89,15674,R20MZ_IA-4_FZ_200_filtered
25,12,0,-194.39,6.414,314.06,22.16,-443.95,2652,R20MZ_FZ_200_filtered
25,12,0,-194.38,9.938,314.94,9.69,-481.28,2740,R20MZ_FZ_200_filtered
25,12,0,-194.38,-6.919,320.45,-20.5,449.7,3290,R20MZ_FZ_200_filtered
25,12,4,-194.34,-3.138,657.496,-4.02,331.8,15651,R20MZ_IA-4_FZ_200_filtered
25,12,0,-194.32,-10.467,322.33,-12.23,471.85,3477,R20MZ_FZ_200_filtered
25,12,0,-194.31,3.307,313.28,22.99,-317.4,2574,R20MZ_FZ_200_filtered
25,12,0,-194.3,9.455,314.82,10.59,-477.41,2728,R20MZ_FZ_200_filtered
25,12,4,-194.3,3.035,651.216,49.96,-251.45,15024,R20MZ_IA-4_FZ_200_filtered
25,12,4,-194.3,-6.808,658.416,3.46,456.88,15743,R20MZ_IA-4_FZ_200_filtered
25,12,0,-194.29,-8.634,320.88,-13.26,472.15,3333,R20MZ_FZ_200_filtered
25,12,4,-194.19,2.415,651.056,47.27,-197.38,15008,R20MZ_IA-4_FZ_200_filtered
25,12,0,-194.17,-6.843,320.43,-19.77,449.84,3288,R20MZ_FZ_200_filtered
25,12,0,-194.15,-5.563,320.11,-25.42,418.68,3256,R20MZ_FZ_200_filtered
25,12,0,-194.13,7.54,314.34,14.5,-460.67,2680,R20MZ_FZ_200_filtered
25,12,0,-194.13,-8.316,320.8,-16.03,462.72,3325,R20MZ_FZ_200_filtered
25,12,0,-194.13,-9.965,321.21,-10.4,479.76,3366,R20MZ_FZ_200_filtered
25,12,0,-194.11,-7.289,320.54,-17.76,458.05,3299,R20MZ_FZ_200_filtered
25,12,0,-194.08,-8.794,320.92,-14.43,466.28,3337,R20MZ_FZ_200_filtered
25,12,0,-194.03,-10.679,321.39,-9.94,472,3384,R20MZ_FZ_200_filtered
25,12,0,-194.02,0.046,318.71,0.03,-8.46,3116,R20MZ_FZ_200_filtered
25,12,0,-194,3.728,313.39,27.85,-338.16,2585,R20MZ_FZ_200_filtered
25,12,0,-193.95,-4.639,319.88,-28.7,388.91,3233,R20MZ_FZ_200_filtered
25,12,4,-193.95,-4.102,657.736,-4.01,380.57,15675,R20MZ_IA-4_FZ_200_filtered
25,12,0,-193.94,-6.393,320.32,-21.95,439.28,3277,R20MZ_FZ_200_filtered
25,12,0,-193.93,5.067,313.72,23.88,-398.19,2618,R20MZ_FZ_200_filtered
25,12,0,-193.92,-5.922,320.2,-23.09,428.88,3265,R20MZ_FZ_200_filtered
25,12,0,-193.89,-0.222,318.77,-4.28,24.6,3122,R20MZ_FZ_200_filtered
25,12,0,-193.83,-10.399,321.32,-8.96,480.04,3377,R20MZ_FZ_200_filtered
25,12,4,-193.83,8.279,652.526,35.36,-441.45,15155,R20MZ_IA-4_FZ_200_filtered
25,12,0,-193.82,-3.723,319.65,-29.2,346.85,3210,R20MZ_FZ_200_filtered
25,12,0,-193.81,-2.397,319.32,-26.19,263.77,3177,R20MZ_FZ_200_filtered
25,12,0,-193.8,9.892,314.93,9.22,-477.71,2739,R20MZ_FZ_200_filtered
25,12,0,-193.75,-5.033,319.98,-26.7,404.25,3243,R20MZ_FZ_200_filtered
25,12,0,-193.71,7.746,314.39,18.17,-470.76,2685,R20MZ_FZ_200_filtered
25,12,4,-193.71,-3.621,657.616,-3.18,358.03,15663,R20MZ_IA-4_FZ_200_filtered
25,12,0,-193.7,-7.402,320.57,-18.54,455.29,3302,R20MZ_FZ_200_filtered
25,12,0,-193.62,9.052,314.72,13.09,-480.98,2718,R20MZ_FZ_200_filtered
25,12,0,-193.6,8.181,314.5,16.6,-475.88,2696,R20MZ_FZ_200_filtered
25,12,0,-193.58,-4.155,319.76,-28.78,368.59,3221,R20MZ_FZ_200_filtered
25,12,0,-193.53,6.622,314.11,17.42,-445.31,2657,R20MZ_FZ_200_filtered
25,12,0,-193.51,-4.596,319.87,-28.08,387.82,3232,R20MZ_FZ_200_filtered
25,12,0,-193.49,8.612,314.61,14.12,-479.74,2707,R20MZ_FZ_200_filtered
25,12,0,-193.47,-11.147,321.51,-8.78,472.33,3396,R20MZ_FZ_200_filtered
25,12,0,-193.46,3.397,313.3,21.41,-321.58,2576,R20MZ_FZ_200_filtered
25,12,0,-193.46,-1.914,319.2,-27.42,226.71,3165,R20MZ_FZ_200_filtered
25,12,0,-193.46,-9.278,321.04,-13.2,469.39,3349,R20MZ_FZ_200_filtered
25,12,0,-193.43,7.306,314.28,19.53,-463,2674,R20MZ_FZ_200_filtered
25,12,0,-193.42,-5.48,320.09,-24.49,417.42,3254,R20MZ_FZ_200_filtered
25,12,0,-193.4,2.724,313.14,26.38,-278.15,2560,R20MZ_FZ_200_filtered
25,12,4,-193.36,2.951,651.196,53.02,-243.29,15022,R20MZ_IA-4_FZ_200_filtered
25,12,2,-193.33,8.173,483.5,26.09,-470.06,8925,R20MZ_IA-2_FZ_200_filtered
25,12,4,-193.26,4.394,651.556,46.35,-335.38,15058,R20MZ_IA-4_FZ_200_filtered
25,12,0,-193.25,-1.867,319.19,-26.17,223.74,3164,R20MZ_FZ_200_filtered
25,12,4,-193.24,7.888,652.426,37.45,-447.41,15145,R20MZ_IA-4_FZ_200_filtered
25,12,0,-193.22,5.94,313.94,22.22,-425.64,2640,R20MZ_FZ_200_filtered
25,12,0,-193.22,-6.041,320.23,-23.73,430.33,3268,R20MZ_FZ_200_filtered
25,12,0,-193.2,8.963,314.7,11.19,-472.27,2716,R20MZ_FZ_200_filtered
25,12,0,-193.15,8.019,314.46,13.92,-463.78,2692,R20MZ_FZ_200_filtered
25,12,0,-193.15,-10.805,321.42,-8.99,477.6,3387,R20MZ_FZ_200_filtered
25,12,0,-193.15,-11.203,321.52,-8.28,473.57,3397,R20MZ_FZ_200_filtered
25,12,0,-193.14,-10.723,321.4,-9.43,473.26,3385,R20MZ_FZ_200_filtered
25,12,0,-193.12,5.259,313.77,21.43,-405.93,2623,R20MZ_FZ_200_filtered
25,12,0,-193.05,2.567,313.1,20.4,-269.91,2556,R20MZ_FZ_200_filtered
25,12,0,-193.05,8.498,314.58,11.9,-468.87,2704,R20MZ_FZ_200_filtered
25,12,0,-193.04,-1.479,319.08,-15.24,180.32,3153,R20MZ_FZ_200_filtered
25,12,0,-192.97,-10.242,321.28,-10.47,472.81,3373,R20MZ_FZ_200_filtered
25,12,0,-192.95,-1.515,319.09,-15.75,185.29,3154,R20MZ_FZ_200_filtered
25,12,0,-192.94,-3.28,319.54,-28.99,322.21,3199,R20MZ_FZ_200_filtered
25,12,0,-192.92,9.01,314.71,12.39,-475.84,2717,R20MZ_FZ_200_filtered
25,12,0,-192.9,-2.799,319.42,-27.48,293.21,3187,R20MZ_FZ_200_filtered
25,12,4,-192.85,6.559,652.096,42.39,-422.9,15112,R20MZ_IA-4_FZ_200_filtered
25,12,0,-192.84,3.274,313.27,23.09,-313.2,2573,R20MZ_FZ_200_filtered
25,12,0,-192.83,-10.351,321.31,-9.02,478.53,3376,R20MZ_FZ_200_filtered
25,12,0,-192.82,-9.489,321.09,-11.08,477.45,3354,R20MZ_FZ_200_filtered
25,12,4,-192.82,5.679,651.876,45.05,-393.09,15090,R20MZ_IA-4_FZ_200_filtered
25,12,0,-192.78,-3.75,319.66,-29.72,348.27,3211,R20MZ_FZ_200_filtered
25,12,0,-192.76,-3.68,319.64,-28.6,345.93,3209,R20MZ_FZ_200_filtered
25,12,0,-192.66,-8.358,320.81,-15.96,461.81,3326,R20MZ_FZ_200_filtered
25,12,-0,-192.62,-6.961,320.46,-20.49,448.79,3291,R20MZ_FZ_200_filtered
25,12,0,-192.57,-11.234,321.53,-8,474.65,3398,R20MZ_FZ_200_filtered
25,12,0,-192.54,-10.75,321.41,-8.93,475.6,3386,R20MZ_FZ_200_filtered
25,12,4,-192.5,7.013,652.206,40.41,-432.73,15123,R20MZ_IA-4_FZ_200_filtered
25,12,2,-192.49,3.844,482.42,38.3,-332.64,8817,R20MZ_IA-2_FZ_200_filtered
25,12,0,-192.41,-9.925,321.2,-9.83,478.52,3365,R20MZ_FZ_200_filtered
25,12,0,-192.4,-9.042,320.98,-12.49,475.09,3343,R20MZ_FZ_200_filtered
25,12,0,-192.36,-10.286,321.29,-10.2,474.36,3374,R20MZ_FZ_200_filtered
25,12,0,-192.35,-6.354,320.31,-21.42,438.52,3276,R20MZ_FZ_200_filtered
25,12,4,-192.34,5.242,651.766,45.86,-375.08,15079,R20MZ_IA-4_FZ_200_filtered
25,12,0,-192.33,-3.236,319.53,-28.26,320.83,3198,R20MZ_FZ_200_filtered
25,12,0,-192.3,-9.804,321.17,-11.24,472.51,3362,R20MZ_FZ_200_filtered
25,12,0,-192.25,-8.844,320.93,-13.99,466.92,3338,R20MZ_FZ_200_filtered
25,12,0,-192.24,-4.552,319.86,-27.48,386.57,3231,R20MZ_FZ_200_filtered
25,12,-0,-192.23,3.848,313.42,25.81,-344.5,2588,R20MZ_FZ_200_filtered
25,12,4,-192.23,5.352,651.796,43.64,-381.63,15082,R20MZ_IA-4_FZ_200_filtered
25,12,4,-192.21,7.71,652.386,34.94,-432.71,15141,R20MZ_IA-4_FZ_200_filtered
25,12,4,-192.18,9.015,654.456,29.37,-437.97,15347,R20MZ_IA-4_FZ_200_filtered
25,12,0,-192.17,0.201,318.67,0.79,-28.72,3112,R20MZ_FZ_200_filtered
25,12,0,-192.11,8.576,314.6,13.42,-473.82,2706,R20MZ_FZ_200_filtered
25,12,0,-192.1,6.378,314.05,21.82,-437.72,2651,R20MZ_FZ_200_filtered
25,12,0,-192.01,-4.679,319.89,-28.71,390.15,3234,R20MZ_FZ_200_filtered
25,12,0,-192.01,-5.597,320.12,-25.47,418.99,3257,R20MZ_FZ_200_filtered
25,12,0,-191.99,-8.594,320.87,-13.03,472.14,3332,R20MZ_FZ_200_filtered
25,12,0,-191.98,-6.798,320.42,-19.17,448.45,3287,R20MZ_FZ_200_filtered
25,12,0,-191.97,0.087,318.7,0.17,-12.78,3115,R20MZ_FZ_200_filtered
25,12,0,-191.97,-10.315,321.3,-9.73,476.52,3375,R20MZ_FZ_200_filtered
25,12,0,-191.92,8.131,314.49,15.7,-469.94,2695,R20MZ_FZ_200_filtered
25,12,0,-191.9,-9.32,321.05,-12.87,469.72,3350,R20MZ_FZ_200_filtered
25,12,4,-191.85,3.962,651.446,49.7,-308.13,15047,R20MZ_IA-4_FZ_200_filtered
25,12,0,-191.82,3.681,313.38,27.19,-334.11,2584,R20MZ_FZ_200_filtered
25,12,0,-191.78,-1.447,319.07,-14.68,175.52,3152,R20MZ_FZ_200_filtered
25,12,0,-191.78,-3.317,319.55,-29.06,324.07,3200,R20MZ_FZ_200_filtered
25,12,0,-191.78,-7.242,320.53,-17.76,456.68,3298,R20MZ_FZ_200_filtered
25,12,-0,-191.72,8.542,314.59,12.77,-470.09,2705,R20MZ_FZ_200_filtered
25,12,0,-191.66,-4.994,319.97,-26.04,403.17,3242,R20MZ_FZ_200_filtered
25,12,0,-191.61,-9.868,321.19,-10.78,476.68,3364,R20MZ_FZ_200_filtered
25,12,0,-191.58,4.581,313.6,25.17,-374.91,2606,R20MZ_FZ_200_filtered
25,12,0,-191.56,-5.878,320.19,-22.61,427.83,3264,R20MZ_FZ_200_filtered
25,12,4,-191.56,3.91,651.436,51.12,-305.08,15046,R20MZ_IA-4_FZ_200_filtered
25,12,0,-191.55,4.129,313.49,25.2,-354.59,2595,R20MZ_FZ_200_filtered
25,12,0,-191.47,5.734,313.89,19.06,-416.77,2635,R20MZ_FZ_200_filtered
25,12,0,-191.45,-9.845,321.18,-10.83,474.34,3363,R20MZ_FZ_200_filtered
25,12,0,-191.44,7.574,314.35,14.6,-457.24,2681,R20MZ_FZ_200_filtered
25,12,0,-191.43,-1.833,319.18,-25.17,220.51,3163,R20MZ_FZ_200_filtered
25,12,0,-191.41,3.225,313.26,22.61,-308.38,2572,R20MZ_FZ_200_filtered
25,12,0,-191.4,-0.269,318.78,-4.83,30.83,3123,R20MZ_FZ_200_filtered
25,12,0,-191.39,-4.234,319.78,-29.27,371.72,3223,R20MZ_FZ_200_filtered
25,12,0,-191.37,-9.364,321.06,-12.1,471.59,3351,R20MZ_FZ_200_filtered
25,12,0,-191.34,4.821,313.66,20.95,-387.62,2612,R20MZ_FZ_200_filtered
25,12,0,-191.3,-2.441,319.33,-26.09,266.1,3178,R20MZ_FZ_200_filtered
25,12,0,-191.28,-9.397,321.07,-11.67,473.59,3352,R20MZ_FZ_200_filtered
25,12,0,-191.27,5.02,313.71,23.55,-392.25,2617,R20MZ_FZ_200_filtered
25,12,0,-191.22,7.258,314.27,18.89,-456.92,2673,R20MZ_FZ_200_filtered
25,12,0,-191.19,-9.449,321.08,-11.48,475.74,3353,R20MZ_FZ_200_filtered
25,12,0,-191.11,-7.686,320.64,-15.87,462.87,3309,R20MZ_FZ_200_filtered
25,12,0,-191.1,-7.917,320.7,-16.65,458.25,3315,R20MZ_FZ_200_filtered
25,12,0,-191.09,8.054,314.47,14.15,-462.66,2693,R20MZ_FZ_200_filtered
25,12,0,-191.05,-6.072,320.24,-23.59,430.34,3269,R20MZ_FZ_200_filtered
25,12,0,-191.02,3.429,313.31,20.42,-321.85,2577,R20MZ_FZ_200_filtered
25,12,0,-191.02,0.173,318.68,0.39,-22.98,3113,R20MZ_FZ_200_filtered
25,12,0,-191.01,-3.635,319.63,-28.12,345.04,3208,R20MZ_FZ_200_filtered
25,12,0,-190.96,-6.992,320.47,-20.2,447.85,3292,R20MZ_FZ_200_filtered
25,12,0,-190.92,-8.877,320.94,-13.62,468.33,3339,R20MZ_FZ_200_filtered
25,12,0,-190.91,-1.553,319.1,-16.59,189.66,3155,R20MZ_FZ_200_filtered
25,12,4,-190.88,3.99,651.456,47.98,-309.93,15048,R20MZ_IA-4_FZ_200_filtered
25,12,0,-190.79,-2.881,319.44,-29.21,296.65,3189,R20MZ_FZ_200_filtered
25,12,4,-190.75,7.768,652.396,35.39,-433.42,15142,R20MZ_IA-4_FZ_200_filtered
25,12,0,-190.72,0.135,318.69,0.24,-17.56,3114,R20MZ_FZ_200_filtered
25,12,2,-190.71,4.816,482.66,32.69,-378.62,8841,R20MZ_IA-2_FZ_200_filtered
25,12,0,-190.69,-0.837,318.94,-17.41,111.62,3139,R20MZ_FZ_200_filtered
25,12,0,-190.64,-8.998,320.97,-12.79,473.87,3342,R20MZ_FZ_200_filtered
25,12,0,-190.62,6.663,314.12,16.91,-441.13,2658,R20MZ_FZ_200_filtered
25,12,4,-190.61,3.131,651.236,46.05,-255.08,15026,R20MZ_IA-4_FZ_200_filtered
25,12,0,-190.56,-8.558,320.86,-12.79,470.48,3331,R20MZ_FZ_200_filtered
25,12,0,-190.43,5.458,313.82,24.21,-406.99,2628,R20MZ_FZ_200_filtered
25,12,4,-190.43,2.73,651.146,50.18,-225.25,15017,R20MZ_IA-4_FZ_200_filtered
25,12,0,-190.34,-8.406,320.82,-15.19,462.29,3327,R20MZ_FZ_200_filtered
25,12,0,-190.33,8.095,314.48,14.42,-465.13,2694,R20MZ_FZ_200_filtered
25,12,0,-190.3,-6.317,320.3,-21.32,437.14,3275,R20MZ_FZ_200_filtered
25,12,4,-190.3,6.32,652.036,39.11,-405.95,15106,R20MZ_IA-4_FZ_200_filtered
25,12,0,-190.26,-3.803,319.67,-29.86,350.64,3212,R20MZ_FZ_200_filtered
25,12,0,-190.23,-3.206,319.52,-27.67,319.45,3197,R20MZ_FZ_200_filtered
25,12,4,-190.15,7.281,652.276,36.12,-425.21,15130,R20MZ_IA-4_FZ_200_filtered
25,12,0,-190.1,-7.206,320.52,-17.89,454.67,3297,R20MZ_FZ_200_filtered
25,12,2,-190.07,-4.353,488.81,-17.45,392.64,9455,R20MZ_IA-2_FZ_200_filtered
25,12,0,-190.02,7.219,314.26,17.28,-452.09,2672,R20MZ_FZ_200_filtered
25,12,0,-190,-6.762,320.41,-19,446.62,3286,R20MZ_FZ_200_filtered
25,12,0,-189.96,-7.961,320.71,-16.2,459.35,3316,R20MZ_FZ_200_filtered
25,12,0,-189.93,7.616,314.36,15.03,-456.6,2682,R20MZ_FZ_200_filtered
25,12,0,-189.91,3.026,313.21,24.52,-297.04,2567,R20MZ_FZ_200_filtered
25,12,0,-189.88,-8.952,320.96,-13.07,472.52,3341,R20MZ_FZ_200_filtered
25,12,0,-189.85,-8.925,320.95,-13.48,470.2,3340,R20MZ_FZ_200_filtered
25,12,4,-189.83,4.482,651.576,45.24,-337.33,15060,R20MZ_IA-4_FZ_200_filtered
25,12,4,-189.83,5.391,651.806,42.87,-379.44,15083,R20MZ_IA-4_FZ_200_filtered
25,12,0,-189.81,-4.076,319.74,-27.33,366.29,3219,R20MZ_FZ_200_filtered
25,12,0,-189.8,-5.644,320.13,-24.84,419.66,3258,R20MZ_FZ_200_filtered
25,12,4,-189.79,5.634,651.866,44.89,-386.89,15089,R20MZ_IA-4_FZ_200_filtered
25,12,0,-189.74,7.663,314.37,15.9,-459.38,2683,R20MZ_FZ_200_filtered
25,12,0,-189.65,4.371,313.55,21.17,-367.31,2601,R20MZ_FZ_200_filtered
25,12,0,-189.58,-0.316,318.79,-4.91,36.9,3124,R20MZ_FZ_200_filtered
25,12,-0,-189.51,6.331,314.04,20.98,-432.09,2650,R20MZ_FZ_200_filtered
25,12,0,-189.45,-7.639,320.63,-16.65,461.32,3308,R20MZ_FZ_200_filtered
25,12,0,-189.36,-2.709,319.4,-25.94,289.99,3185,R20MZ_FZ_200_filtered
25,12,0,-189.27,6.221,314.01,18.12,-428.07,2647,R20MZ_FZ_200_filtered
25,12,0,-189.26,-8.514,320.85,-13.84,469.09,3330,R20MZ_FZ_200_filtered
25,12,4,-189.23,7.357,652.296,37.55,-431.33,15132,R20MZ_IA-4_FZ_200_filtered
25,12,0,-189.22,-4.715,319.9,-28.29,391.42,3235,R20MZ_FZ_200_filtered
25,12,0,-189.21,4.979,313.7,22.31,-387.27,2616,R20MZ_FZ_200_filtered
25,12,0,-189.13,-4.268,319.79,-28.98,373.58,3224,R20MZ_FZ_200_filtered
25,12,0,-189.12,3.191,313.25,22.15,-303.85,2571,R20MZ_FZ_200_filtered
25,12,0,-189.04,-3.355,319.56,-29.21,326.13,3201,R20MZ_FZ_200_filtered
25,12,4,-189.02,7.321,652.286,36.96,-427.15,15131,R20MZ_IA-4_FZ_200_filtered
25,12,0,-188.87,-8.005,320.72,-15.96,461.38,3317,R20MZ_FZ_200_filtered
25,12,0,-188.84,-7.597,320.62,-16.94,459.36,3307,R20MZ_FZ_200_filtered
25,12,0,-188.82,5.419,313.81,23.4,-402.16,2627,R20MZ_FZ_200_filtered
25,12,0,-188.82,-4.522,319.85,-26.87,385.35,3230,R20MZ_FZ_200_filtered
25,12,0,-188.81,4.533,313.59,24.32,-369.91,2605,R20MZ_FZ_200_filtered
25,12,0,-188.8,-4.954,319.96,-25.44,402.12,3241,R20MZ_FZ_200_filtered
25,12,0,-188.8,-7.027,320.48,-19.84,448.34,3293,R20MZ_FZ_200_filtered
25,12,0,-188.62,-2.481,319.34,-26.47,268.74,3179,R20MZ_FZ_200_filtered
25,12,0,-188.59,-0.806,318.93,-16.75,107.6,3138,R20MZ_FZ_200_filtered
25,12,0,-188.59,-1.595,319.11,-17.35,193.71,3156,R20MZ_FZ_200_filtered
25,12,0,-188.56,-8.486,320.84,-14.25,466.92,3329,R20MZ_FZ_200_filtered
25,12,0,-188.55,3.467,313.32,19.53,-320.75,2578,R20MZ_FZ_200_filtered
25,12,0,-188.55,-5.406,320.07,-24,415.46,3252,R20MZ_FZ_200_filtered
25,12,4,-188.51,5.875,651.926,40.63,-393.98,15095,R20MZ_IA-4_FZ_200_filtered
25,12,0,-188.49,-6.281,320.29,-21.5,436.24,3274,R20MZ_FZ_200_filtered
25,12,0,-188.47,4.082,313.48,25.13,-349.91,2594,R20MZ_FZ_200_filtered
25,12,0,-188.43,-6.709,320.4,-19.61,444.92,3285,R20MZ_FZ_200_filtered
25,12,-0,-188.4,5.332,313.79,20.72,-399.67,2625,R20MZ_FZ_200_filtered
25,12,0,-188.39,-7.563,320.61,-17.51,456.87,3306,R20MZ_FZ_200_filtered
25,12,4,-188.37,4.958,651.696,42.45,-358.86,15072,R20MZ_IA-4_FZ_200_filtered
25,12,0,-188.14,6.745,314.14,17.49,-439.85,2660,R20MZ_FZ_200_filtered
25,12,-0,-188.13,6.699,314.13,17.02,-439.05,2659,R20MZ_FZ_200_filtered
25,12,4,-188.07,6.916,652.186,39.19,-422.42,15121,R20MZ_IA-4_FZ_200_filtered
25,12,0,-187.98,5.366,313.8,22.06,-399.83,2626,R20MZ_FZ_200_filtered
25,12,0,-187.93,3.152,313.24,21.76,-300.12,2570,R20MZ_FZ_200_filtered
25,12,0,-187.8,-3.158,319.51,-27.36,318.23,3196,R20MZ_FZ_200_filtered
25,12,0,-187.78,6.258,314.02,18.69,-426.49,2648,R20MZ_FZ_200_filtered
25,12,0,-187.74,-7.122,320.5,-18.85,451.3,3295,R20MZ_FZ_200_filtered
25,12,0,-187.68,3.068,313.22,22.66,-297.03,2568,R20MZ_FZ_200_filtered
25,12,0,-187.68,-7.075,320.49,-19.15,449.27,3294,R20MZ_FZ_200_filtered
25,12,0,-187.51,-6.601,320.37,-21.04,440.6,3282,R20MZ_FZ_200_filtered
25,12,4,-187.51,6.482,652.076,41.17,-410.93,15110,R20MZ_IA-4_FZ_200_filtered
25,12,0,-187.33,-2.026,319.23,-28.75,234.49,3168,R20MZ_FZ_200_filtered
25,12,0,-187.25,-4.754,319.91,-28.1,393.31,3236,R20MZ_FZ_200_filtered
25,12,0,-187.23,-6.682,320.39,-20.05,443.39,3284,R20MZ_FZ_200_filtered
25,12,4,-187.13,4.275,651.526,46.59,-321.83,15055,R20MZ_IA-4_FZ_200_filtered
25,12,0,-187.07,3.109,313.23,21.84,-297.79,2569,R20MZ_FZ_200_filtered
25,12,0,-186.98,-4.033,319.73,-27.18,365.54,3218,R20MZ_FZ_200_filtered
25,12,0,-186.95,-5.809,320.17,-22.9,425.55,3262,R20MZ_FZ_200_filtered
25,12,4,-186.95,3.378,651.296,45.24,-267.58,15032,R20MZ_IA-4_FZ_200_filtered
25,12,0,-186.94,-5.677,320.14,-24.47,421.06,3259,R20MZ_FZ_200_filtered
25,12,-0,-186.91,-3.396,319.57,-28.93,329.58,3202,R20MZ_FZ_200_filtered
25,12,0,-186.84,-4.48,319.84,-26.51,384.46,3229,R20MZ_FZ_200_filtered
25,12,0,-186.79,4.487,313.58,22.9,-366.64,2604,R20MZ_FZ_200_filtered
25,12,4,-186.76,5.442,651.816,42.67,-376.51,15084,R20MZ_IA-4_FZ_200_filtered
25,12,-0,-186.71,-5.239,320.03,-26.05,409.15,3248,R20MZ_FZ_200_filtered
25,12,0,-186.7,-1.768,319.16,-22.41,212.93,3161,R20MZ_FZ_200_filtered
25,12,0,-186.69,4.046,313.47,24.13,-346.34,2593,R20MZ_FZ_200_filtered
25,12,0,-186.61,-6.632,320.38,-20.47,441.85,3283,R20MZ_FZ_200_filtered
25,12,4,-186.59,6.034,651.966,42.13,-397.02,15099,R20MZ_IA-4_FZ_200_filtered
25,12,0,-186.48,-5.351,320.06,-24.56,414.39,3251,R20MZ_FZ_200_filtered
25,12,0,-186.46,-4.91,319.95,-25.77,401.21,3240,R20MZ_FZ_200_filtered
25,12,4,-186.08,6.445,652.066,40.31,-406.2,15109,R20MZ_IA-4_FZ_200_filtered
25,12,0,-185.96,4.463,313.57,21.67,-365.27,2603,R20MZ_FZ_200_filtered
25,12,0,-185.94,-5.762,320.16,-23.56,424.47,3261,R20MZ_FZ_200_filtered
25,12,4,-185.91,6.396,652.056,39.88,-403.42,15108,R20MZ_IA-4_FZ_200_filtered
25,12,0,-185.9,-4.311,319.8,-28.61,376.25,3225,R20MZ_FZ_200_filtered
25,12,0,-185.88,-5.714,320.15,-23.68,422.62,3260,R20MZ_FZ_200_filtered
25,12,0,-185.85,-2.961,319.46,-29.11,302.29,3191,R20MZ_FZ_200_filtered
25,12,0,-185.83,-2.528,319.35,-26.24,272.02,3180,R20MZ_FZ_200_filtered
25,12,0,-185.71,-1.154,319.01,-21.63,146.58,3146,R20MZ_FZ_200_filtered
25,12,0,-185.68,-1.608,319.12,-18.65,197.27,3157,R20MZ_FZ_200_filtered
25,12,0,-185.63,3.5,313.33,19.7,-320.25,2579,R20MZ_FZ_200_filtered
25,12,0,-185.38,-3.126,319.5,-27.46,316.4,3195,R20MZ_FZ_200_filtered
25,12,0,-185.21,-5.315,320.05,-24.91,413.02,3250,R20MZ_FZ_200_filtered
25,12,0,-185.18,4.01,313.46,23.99,-344.16,2592,R20MZ_FZ_200_filtered
25,12,0,-184.98,-2.077,319.24,-28.2,237.89,3169,R20MZ_FZ_200_filtered
25,12,0,-184.94,3.53,313.34,19.99,-320.57,2580,R20MZ_FZ_200_filtered
25,12,2,-184.91,4.45,482.57,33.59,-355.83,8832,R20MZ_IA-2_FZ_200_filtered
25,12,4,-184.87,6.006,651.956,41.5,-392.45,15098,R20MZ_IA-4_FZ_200_filtered
25,12,0,-184.75,-1.207,319.02,-20.45,151.53,3147,R20MZ_FZ_200_filtered
25,12,0,-184.75,-4,319.72,-27.45,364.31,3217,R20MZ_FZ_200_filtered
25,12,0,-184.68,-3.436,319.58,-28.29,333.32,3203,R20MZ_FZ_200_filtered
25,12,0,-184.66,-4.44,319.83,-27.14,382.92,3228,R20MZ_FZ_200_filtered
25,12,0,-184.63,-2.146,319.26,-27.39,246.29,3171,R20MZ_FZ_200_filtered
25,12,0,-184.6,-1.718,319.15,-21.72,209.06,3160,R20MZ_FZ_200_filtered
25,12,4,-184.53,5.472,651.826,42.6,-374.3,15085,R20MZ_IA-4_FZ_200_filtered
25,12,4,-184.5,3.29,651.276,43.65,-259.33,15030,R20MZ_IA-4_FZ_200_filtered
25,12,4,-184.48,5.954,651.946,40.76,-390.46,15097,R20MZ_IA-4_FZ_200_filtered
25,12,0,-184.45,-4.357,319.81,-28.1,378.75,3226,R20MZ_FZ_200_filtered
25,12,0,-184.44,-2.118,319.25,-28.14,242.09,3170,R20MZ_FZ_200_filtered
25,12,0,-184.25,-1.254,319.03,-19.68,155.88,3148,R20MZ_FZ_200_filtered
25,12,0,-184.08,-2.994,319.47,-28.54,306,3192,R20MZ_FZ_200_filtered
25,12,0,-183.93,-4.397,319.82,-27.56,381.22,3227,R20MZ_FZ_200_filtered
25,12,4,-183.62,5.082,651.726,43.22,-355.86,15075,R20MZ_IA-4_FZ_200_filtered
25,12,4,-183.49,4.646,651.616,46.14,-336.15,15064,R20MZ_IA-4_FZ_200_filtered
25,12,0,-183.48,-3.525,319.6,-27.29,339.98,3205,R20MZ_FZ_200_filtered
25,12,0,-183.47,-3.067,319.49,-27.13,313.01,3194,R20MZ_FZ_200_filtered
25,12,4,-183.37,4.602,651.606,45.37,-335.08,15063,R20MZ_IA-4_FZ_200_filtered
25,12,-0,-183.12,-3.486,319.59,-28.11,337.06,3204,R20MZ_FZ_200_filtered
25,12,0,-182.93,-3.038,319.48,-28.13,309.88,3193,R20MZ_FZ_200_filtered
25,12,0,-160.82,1.518,346.63,13.94,-162.55,3776,R20MZ_FZ_150_filtered
25,12,0,-160.75,1.487,346.62,15.13,-158.68,3775,R20MZ_FZ_150_filtered
25,12,2,-159.98,5.735,520.079,24.29,-330.1,10449,R20MZ_IA-2_FZ_150_filtered
25,12,2,-159.94,5.687,520.089,23.51,-328.4,10450,R20MZ_IA-2_FZ_150_filtered
25,12,2,-159.89,5.298,520.189,25.39,-318.93,10460,R20MZ_IA-2_FZ_150_filtered
25,12,2,-159.74,5.258,520.199,24.42,-318.18,10461,R20MZ_IA-2_FZ_150_filtered
25,12,0,-159.66,1.035,346.51,11.83,-121.29,3764,R20MZ_FZ_150_filtered
25,12,4,-159.18,-5.361,695.395,4.58,321.35,17307,R20MZ_IA-4_FZ_150_filtered
25,12,0,-159.11,1.434,346.61,16.61,-154.01,3774,R20MZ_FZ_150_filtered
25,12,-0,-159.09,5.684,351.09,13.24,-336.5,4221,R20MZ_FZ_150_filtered
25,12,0,-159.06,1.072,346.52,12.34,-124.7,3765,R20MZ_FZ_150_filtered
25,12,2,-159.02,4.39,520.419,27.67,-294.49,10483,R20MZ_IA-2_FZ_150_filtered
25,12,2,-158.98,3.906,520.539,27.44,-276.79,10495,R20MZ_IA-2_FZ_150_filtered
25,12,2,-158.92,3,520.769,26.47,-231.18,10518,R20MZ_IA-2_FZ_150_filtered
25,12,4,-158.79,-5.781,695.295,7.88,327.55,17297,R20MZ_IA-4_FZ_150_filtered
25,12,2,-158.68,3.943,520.529,27.5,-277.88,10494,R20MZ_IA-2_FZ_150_filtered
25,12,0,-158.61,5.245,351.2,15.67,-326.6,4232,R20MZ_FZ_150_filtered
25,12,0,-158.54,4.333,351.43,16.12,-301.14,4255,R20MZ_FZ_150_filtered
25,12,2,-158.53,6.693,519.839,23.11,-348.76,10425,R20MZ_IA-2_FZ_150_filtered
25,12,2,-158.52,3.407,520.659,27.39,-254.14,10507,R20MZ_IA-2_FZ_150_filtered
25,12,0,-158.43,2.479,351.89,14.41,-216.01,4301,R20MZ_FZ_150_filtered
25,12,4,-158.42,4.047,689.495,35.11,-256.89,16718,R20MZ_IA-4_FZ_150_filtered
25,12,4,-158.42,-7.665,694.825,13.67,352.84,17250,R20MZ_IA-4_FZ_150_filtered
25,12,0,-158.35,5.638,351.1,13.22,-334.18,4222,R20MZ_FZ_150_filtered
25,12,2,-158.31,7.089,519.739,18.09,-355.47,10415,R20MZ_IA-2_FZ_150_filtered
25,12,0,-158.28,5.719,351.08,13.57,-336.99,4220,R20MZ_FZ_150_filtered
25,12,0,-158.26,4.764,351.32,15.06,-314.96,4244,R20MZ_FZ_150_filtered
25,12,0,-158.25,6.6,350.86,12.22,-353.12,4198,R20MZ_FZ_150_filtered
25,12,0,-158.25,3.887,351.54,16.73,-284.89,4266,R20MZ_FZ_150_filtered
25,12,0,-158.14,7.041,350.75,10.06,-359.61,4187,R20MZ_FZ_150_filtered
25,12,0,-158.12,2.05,352,15.47,-186.23,4312,R20MZ_FZ_150_filtered
25,12,-0,-158.08,6.557,350.87,11.58,-351.69,4199,R20MZ_FZ_150_filtered
25,12,0,-158.05,2.982,351.77,15.91,-242.86,4289,R20MZ_FZ_150_filtered
25,12,0,-158.03,7.519,350.63,11.33,-364.89,4175,R20MZ_FZ_150_filtered
25,12,0,-158.02,2.082,351.99,16.64,-187.95,4311,R20MZ_FZ_150_filtered
25,12,2,-157.97,5.334,520.179,25.71,-318.71,10459,R20MZ_IA-2_FZ_150_filtered
25,12,0,-157.86,7.973,350.52,6.86,-369.69,4164,R20MZ_FZ_150_filtered
25,12,0,-157.86,4.292,351.44,15.57,-299.75,4256,R20MZ_FZ_150_filtered
25,12,0,-157.85,7.469,350.64,11.02,-363.49,4176,R20MZ_FZ_150_filtered
25,12,0,-157.84,6.994,350.76,8.98,-356.8,4188,R20MZ_FZ_150_filtered
25,12,2,-157.82,1.617,521.109,21.49,-138.13,10552,R20MZ_IA-2_FZ_150_filtered
25,12,2,-157.81,-3.308,526.919,-6.88,263.1,11132,R20MZ_IA-2_FZ_150_filtered
25,12,2,-157.76,4.432,520.409,27.93,-294.37,10482,R20MZ_IA-2_FZ_150_filtered
25,12,0,-157.72,3.434,351.65,16.76,-265.95,4277,R20MZ_FZ_150_filtered
25,12,2,-157.72,1.024,515.509,24.87,-95.79,9993,R20MZ_IA-2_FZ_150_filtered
25,12,0,-157.71,1.957,346.74,15.47,-194.32,3787,R20MZ_FZ_150_filtered
25,12,0,-157.7,7.095,350.74,11.27,-360.23,4186,R20MZ_FZ_150_filtered
25,12,0,-157.68,4.372,351.42,16.55,-301.15,4254,R20MZ_FZ_150_filtered
25,12,0,-157.66,3.361,351.67,15.82,-263.31,4279,R20MZ_FZ_150_filtered
25,12,2,-157.5,1.433,515.609,26.7,-131.79,10003,R20MZ_IA-2_FZ_150_filtered
25,12,0,-157.39,-2.366,358.16,-16.61,207.22,4927,R20MZ_FZ_150_filtered
25,12,2,-157.39,7.065,519.749,16.97,-353.3,10416,R20MZ_IA-2_FZ_150_filtered
25,12,2,-157.39,-5.534,526.359,-4.52,328.39,11076,R20MZ_IA-2_FZ_150_filtered
25,12,0,-157.38,4.728,351.33,14.65,-312.46,4245,R20MZ_FZ_150_filtered
25,12,2,-157.38,5.826,520.059,24.53,-329.11,10447,R20MZ_IA-2_FZ_150_filtered
25,12,0,-157.36,1.123,346.53,13.33,-127.47,3766,R20MZ_FZ_150_filtered
25,12,2,-157.36,-6.418,526.139,-3.67,343.13,11054,R20MZ_IA-2_FZ_150_filtered
25,12,2,-157.29,-6.497,526.119,-1.79,344.99,11052,R20MZ_IA-2_FZ_150_filtered
25,12,0,-157.2,3.023,351.76,16.63,-243.33,4288,R20MZ_FZ_150_filtered
25,12,-0,-157.18,6.633,350.85,12.43,-352.46,4197,R20MZ_FZ_150_filtered
25,12,2,-157.18,3.972,520.519,27.23,-277.75,10493,R20MZ_IA-2_FZ_150_filtered
25,12,0,-157.17,5.287,351.19,16.21,-326.14,4231,R20MZ_FZ_150_filtered
25,12,2,-157.16,2.951,520.779,25.55,-228.26,10519,R20MZ_IA-2_FZ_150_filtered
25,12,2,-157.16,-1.975,527.249,-1.96,191.52,11165,R20MZ_IA-2_FZ_150_filtered
25,12,0,-156.99,7.929,350.53,6.3,-367.36,4165,R20MZ_FZ_150_filtered
25,12,2,-156.87,2.628,520.859,26.75,-206.42,10527,R20MZ_IA-2_FZ_150_filtered
25,12,0,-156.82,11.153,349.72,6.14,-376.81,4084,R20MZ_FZ_150_filtered
25,12,0,-156.82,8.892,350.29,4.13,-374.04,4141,R20MZ_FZ_150_filtered
25,12,0,-156.79,8.384,350.41,10.51,-370.61,4153,R20MZ_FZ_150_filtered
25,12,0,-156.79,2.435,351.9,14.09,-212.73,4302,R20MZ_FZ_150_filtered
25,12,2,-156.77,2.022,521.009,25.56,-166.99,10542,R20MZ_IA-2_FZ_150_filtered
25,12,0,-156.76,1.991,346.75,15.92,-196.63,3788,R20MZ_FZ_150_filtered
25,12,2,-156.62,4.897,520.289,26.13,-306.47,10470,R20MZ_IA-2_FZ_150_filtered
25,12,0,-156.61,-2.313,358.17,-17.15,204.74,4928,R20MZ_FZ_150_filtered
25,12,2,-156.59,6.097,519.989,19.54,-333.29,10440,R20MZ_IA-2_FZ_150_filtered
25,12,0,-156.54,1.4,346.6,16.73,-149.51,3773,R20MZ_FZ_150_filtered
25,12,0,-156.54,9.349,350.17,10.79,-376.84,4129,R20MZ_FZ_150_filtered
25,12,0,-156.53,8.433,350.4,11.12,-372.18,4152,R20MZ_FZ_150_filtered
25,12,0,-156.48,7.549,350.62,11.22,-364.57,4174,R20MZ_FZ_150_filtered
25,12,2,-156.48,11.764,518.229,5.52,-355.49,10265,R20MZ_IA-2_FZ_150_filtered
25,12,2,-156.45,4.731,520.329,25.09,-301.35,10474,R20MZ_IA-2_FZ_150_filtered
25,12,2,-156.45,4.303,520.439,25.39,-289.25,10485,R20MZ_IA-2_FZ_150_filtered
25,12,2,-156.43,-6.049,526.229,-4.23,337.51,11063,R20MZ_IA-2_FZ_150_filtered
25,12,0,-156.36,10.232,349.95,9.11,-377.61,4107,R20MZ_FZ_150_filtered
25,12,0,-156.32,12.226,349.37,9.79,-378.05,4049,R20MZ_FZ_150_filtered
25,12,2,-156.32,-4.222,526.689,-7.74,296.09,11109,R20MZ_IA-2_FZ_150_filtered
25,12,2,-156.31,0.968,515.489,23.49,-88.23,9991,R20MZ_IA-2_FZ_150_filtered
25,12,2,-156.29,-7.328,525.909,-3.16,353.32,11031,R20MZ_IA-2_FZ_150_filtered
25,12,2,-156.28,12.24,518.369,19.28,-353.64,10278,R20MZ_IA-2_FZ_150_filtered
25,12,2,-156.28,-6.875,526.029,-0.89,348.23,11043,R20MZ_IA-2_FZ_150_filtered
25,12,4,-156.28,3.081,689.735,35.98,-208.55,16742,R20MZ_IA-4_FZ_150_filtered
25,12,2,-156.24,3.528,520.629,29.21,-257.32,10504,R20MZ_IA-2_FZ_150_filtered
25,12,0,-156.21,8.93,350.28,4.36,-374.48,4140,R20MZ_FZ_150_filtered
25,12,0,-156.2,-2.403,358.15,-15.82,209.38,4926,R20MZ_FZ_150_filtered
25,12,0,-156.17,5.592,351.11,13.01,-330.14,4223,R20MZ_FZ_150_filtered
25,12,0,-156.15,6.513,350.88,11.26,-347.65,4200,R20MZ_FZ_150_filtered
25,12,2,-156.15,1.946,515.739,27.13,-174.35,10016,R20MZ_IA-2_FZ_150_filtered
25,12,0,-156.12,12.082,349.49,-12.28,-375.54,4061,R20MZ_FZ_150_filtered
25,12,2,-156.11,8.024,519.509,15.26,-361.54,10392,R20MZ_IA-2_FZ_150_filtered
25,12,0,-156.08,10.675,349.84,0.39,-376.82,4096,R20MZ_FZ_150_filtered
25,12,0,-156.04,6.209,350.96,13.98,-343.64,4208,R20MZ_FZ_150_filtered
25,12,0,-156.04,5.767,351.07,13.34,-335.29,4219,R20MZ_FZ_150_filtered
25,12,2,-156.04,-5.953,526.259,-4.6,333.65,11066,R20MZ_IA-2_FZ_150_filtered
25,12,0,-156,9.807,350.06,2.32,-377.91,4118,R20MZ_FZ_150_filtered
25,12,0,-155.98,-2.762,358.06,-18.39,230.04,4917,R20MZ_FZ_150_filtered
25,12,2,-155.94,5.38,520.169,25.89,-316.72,10458,R20MZ_IA-2_FZ_150_filtered
25,12,0,-155.92,2.125,351.98,16.86,-189.18,4310,R20MZ_FZ_150_filtered
25,12,4,-155.92,-7.102,694.965,5.81,344.94,17264,R20MZ_IA-4_FZ_150_filtered
25,12,4,-155.88,4.874,689.285,32.33,-282.22,16697,R20MZ_IA-4_FZ_150_filtered
25,12,0,-155.85,3.934,351.53,17.16,-284.69,4265,R20MZ_FZ_150_filtered
25,12,0,-155.81,1.864,346.72,15.17,-186.24,3785,R20MZ_FZ_150_filtered
25,12,-0,-155.8,7.125,350.73,11.51,-358.03,4185,R20MZ_FZ_150_filtered
25,12,0,-155.78,12.108,349.48,-9.17,-376.94,4060,R20MZ_FZ_150_filtered
25,12,2,-155.75,11.523,518.129,14.84,-365.28,10255,R20MZ_IA-2_FZ_150_filtered
25,12,2,-155.75,6.3,519.939,23.2,-338.63,10435,R20MZ_IA-2_FZ_150_filtered
25,12,0,-155.71,8.354,350.42,9.53,-367.49,4154,R20MZ_FZ_150_filtered
25,12,0,-155.7,1.591,346.65,12.15,-167.31,3778,R20MZ_FZ_150_filtered
25,12,0,-155.66,-3.278,357.93,-18.46,256.24,4904,R20MZ_FZ_150_filtered
25,12,0,-155.64,10.725,349.83,-0.39,-379.14,4095,R20MZ_FZ_150_filtered
25,12,0,-155.63,6.969,350.77,7.68,-352.45,4189,R20MZ_FZ_150_filtered
25,12,2,-155.62,1.078,515.519,25.83,-98.81,9994,R20MZ_IA-2_FZ_150_filtered
25,12,0,-155.57,11.556,349.61,10.3,-373.87,4073,R20MZ_FZ_150_filtered
25,12,0,-155.55,4.25,351.45,14.98,-296.48,4257,R20MZ_FZ_150_filtered
25,12,2,-155.55,11.475,518.119,15.7,-366.08,10254,R20MZ_IA-2_FZ_150_filtered
25,12,2,-155.54,7.026,519.759,16.98,-349.62,10417,R20MZ_IA-2_FZ_150_filtered
25,12,0,-155.51,9.754,350.07,2.94,-375.09,4119,R20MZ_FZ_150_filtered
25,12,0,-155.49,6.687,350.84,12.08,-350.61,4196,R20MZ_FZ_150_filtered
25,12,2,-155.49,-7.8,525.799,3.33,356.1,11020,R20MZ_IA-2_FZ_150_filtered
25,12,2,-155.48,3.109,520.739,27.42,-233.61,10515,R20MZ_IA-2_FZ_150_filtered
25,12,4,-155.48,-4.144,695.705,3.11,286.78,17338,R20MZ_IA-4_FZ_150_filtered
25,12,0,-155.46,9.854,350.05,2.39,-378.53,4117,R20MZ_FZ_150_filtered
25,12,0,-155.45,11.117,349.73,4.26,-374.47,4085,R20MZ_FZ_150_filtered
25,12,2,-155.43,12.094,518.489,-2.05,-347.6,10290,R20MZ_IA-2_FZ_150_filtered
25,12,0,-155.4,12.23,349.36,8.58,-378.99,4048,R20MZ_FZ_150_filtered
25,12,2,-155.38,8.46,519.399,20.43,-362.97,10381,R20MZ_IA-2_FZ_150_filtered
25,12,4,-155.37,1.787,684.695,35.39,-132.35,16239,R20MZ_IA-4_FZ_150_filtered
25,12,0,-155.33,11.587,349.6,7.64,-375.26,4072,R20MZ_FZ_150_filtered
25,12,4,-155.33,-9.98,694.245,14.72,360.1,17192,R20MZ_IA-4_FZ_150_filtered
25,12,2,-155.31,-6.375,526.149,-4.08,340.14,11055,R20MZ_IA-2_FZ_150_filtered
25,12,4,-155.3,-11.345,693.345,14.14,362.12,17103,R20MZ_IA-4_FZ_150_filtered
25,12,2,-155.28,11.755,518.219,4.07,-351.62,10264,R20MZ_IA-2_FZ_150_filtered
25,12,2,-155.27,11.555,518.139,13.76,-360.95,10256,R20MZ_IA-2_FZ_150_filtered
25,12,0,-155.24,10.201,349.96,7.21,-373.38,4108,R20MZ_FZ_150_filtered
25,12,4,-155.24,-11.81,693.785,29.77,359.45,17146,R20MZ_IA-4_FZ_150_filtered
25,12,2,-155.2,12.24,518.379,20.01,-348.85,10279,R20MZ_IA-2_FZ_150_filtered
25,12,2,-155.2,-3.655,526.829,-8.64,277.15,11123,R20MZ_IA-2_FZ_150_filtered
25,12,0,-155.19,4.415,351.41,16.81,-300.21,4253,R20MZ_FZ_150_filtered
25,12,4,-155.16,0.893,684.465,31.33,-54.68,16216,R20MZ_IA-4_FZ_150_filtered
25,12,2,-155.12,-11.985,524.759,36.01,362.88,10916,R20MZ_IA-2_FZ_150_filtered
25,12,4,-155.07,-12.109,693.705,24.32,356.52,17138,R20MZ_IA-4_FZ_150_filtered
25,12,0,-155,11.793,349.26,-11.49,-378.49,4039,R20MZ_FZ_150_filtered
25,12,4,-154.99,-3.219,695.935,4.59,254.12,17361,R20MZ_IA-4_FZ_150_filtered
25,12,4,-154.96,-6.02,695.235,6.86,328.56,17291,R20MZ_IA-4_FZ_150_filtered
25,12,0,-154.88,0.698,346.42,3.28,-80.6,3755,R20MZ_FZ_150_filtered
25,12,2,-154.87,-9.16,525.449,-2.92,363.55,10985,R20MZ_IA-2_FZ_150_filtered
25,12,4,-154.86,10.796,686.945,24.45,-325.64,16464,R20MZ_IA-4_FZ_150_filtered
25,12,2,-154.79,8.407,519.409,19.48,-360.64,10382,R20MZ_IA-2_FZ_150_filtered
25,12,0,-154.78,10.759,349.82,0.23,-378.53,4094,R20MZ_FZ_150_filtered
25,12,0,-154.78,-2.273,358.18,-17.26,201.68,4929,R20MZ_FZ_150_filtered
25,12,0,-154.77,4.684,351.34,14.52,-308.72,4246,R20MZ_FZ_150_filtered
25,12,4,-154.76,-10.917,694.015,23.11,359.75,17169,R20MZ_IA-4_FZ_150_filtered
25,12,0,-154.74,-3.706,357.82,-19.19,275.02,4893,R20MZ_FZ_150_filtered
25,12,0,-154.73,8.476,350.39,11.24,-371.25,4151,R20MZ_FZ_150_filtered
25,12,2,-154.73,-8.759,525.559,7.93,363.52,10996,R20MZ_IA-2_FZ_150_filtered
25,12,0,-154.71,1.139,346.54,13.89,-129.78,3767,R20MZ_FZ_150_filtered
25,12,0,-154.66,-5.944,357.26,-15.81,331.32,4837,R20MZ_FZ_150_filtered
25,12,0,-154.62,-6.875,357.03,-13.12,346.06,4814,R20MZ_FZ_150_filtered
25,12,0,-154.55,12.047,349.5,-16.35,-372.91,4062,R20MZ_FZ_150_filtered
25,12,0,-154.5,5.321,351.18,16.38,-324.39,4230,R20MZ_FZ_150_filtered
25,12,0,-154.5,-3.75,357.81,-18.05,276.1,4892,R20MZ_FZ_150_filtered
25,12,-0,-154.49,11.621,349.59,4.85,-375.38,4071,R20MZ_FZ_150_filtered
25,12,0,-154.48,3.05,351.75,16.71,-243.29,4287,R20MZ_FZ_150_filtered
25,12,4,-154.48,3.306,689.675,38.02,-218.61,16736,R20MZ_IA-4_FZ_150_filtered
25,12,2,-154.46,12.168,518.459,6.65,-348.41,10287,R20MZ_IA-2_FZ_150_filtered
25,12,4,-154.45,-6.053,695.225,6.48,328.21,17290,R20MZ_IA-4_FZ_150_filtered
25,12,2,-154.44,1.823,515.709,27.08,-163.38,10013,R20MZ_IA-2_FZ_150_filtered
25,12,0,-154.43,11.793,349.25,-7.89,-381.13,4038,R20MZ_FZ_150_filtered
25,12,0,-154.42,-6.431,357.14,-12.32,339.68,4825,R20MZ_FZ_150_filtered
25,12,0,-154.41,2.411,346.85,14.28,-219.43,3798,R20MZ_FZ_150_filtered
25,12,2,-154.41,-12.212,524.529,22.57,367.21,10893,R20MZ_IA-2_FZ_150_filtered
25,12,-0,-154.36,1.538,352.13,8.81,-151.14,4325,R20MZ_FZ_150_filtered
25,12,0,-154.36,-5.51,357.37,-14.84,324.34,4848,R20MZ_FZ_150_filtered
25,12,0,-154.35,-3.662,357.83,-19.54,272.98,4894,R20MZ_FZ_150_filtered
25,12,4,-154.34,-9.516,692.885,12.06,365.33,17057,R20MZ_IA-4_FZ_150_filtered
25,12,2,-154.33,5.862,520.049,23.9,-327.48,10446,R20MZ_IA-2_FZ_150_filtered
25,12,0,-154.32,-4.587,357.6,-18.29,304.34,4871,R20MZ_FZ_150_filtered
25,12,2,-154.31,4.264,520.449,24.31,-285.12,10486,R20MZ_IA-2_FZ_150_filtered
25,12,4,-154.31,-10.832,693.215,13.6,365.17,17090,R20MZ_IA-4_FZ_150_filtered
25,12,2,-154.3,-11.043,524.989,6.78,361.18,10939,R20MZ_IA-2_FZ_150_filtered
25,12,0,-154.28,7.599,350.61,11.15,-363,4173,R20MZ_FZ_150_filtered
25,12,4,-154.28,2.258,684.805,35.95,-164.73,16250,R20MZ_IA-4_FZ_150_filtered
25,12,2,-154.25,-8.204,525.689,-4.42,357.48,11009,R20MZ_IA-2_FZ_150_filtered
25,12,0,-154.24,11.563,349.14,4.18,-378.51,4027,R20MZ_FZ_150_filtered
25,12,0,-154.24,9.379,350.16,11.47,-376.66,4128,R20MZ_FZ_150_filtered
25,12,2,-154.23,-1.573,527.349,0.27,164.3,11175,R20MZ_IA-2_FZ_150_filtered
25,12,0,-154.22,3.971,351.52,16.9,-283.93,4264,R20MZ_FZ_150_filtered
25,12,0,-154.21,12.227,349.35,6.2,-378.02,4047,R20MZ_FZ_150_filtered
25,12,2,-154.21,4.689,520.339,24.64,-296.75,10475,R20MZ_IA-2_FZ_150_filtered
25,12,2,-154.18,-10.095,525.219,-0.06,363.98,10962,R20MZ_IA-2_FZ_150_filtered
25,12,0,-154.16,-5.023,357.49,-17.98,313.97,4860,R20MZ_FZ_150_filtered
25,12,2,-154.16,6.774,519.819,22,-344.85,10423,R20MZ_IA-2_FZ_150_filtered
25,12,-0,-154.15,-4.632,357.59,-17.26,305.59,4870,R20MZ_FZ_150_filtered
25,12,2,-154.15,-12.203,524.539,19.47,363.5,10894,R20MZ_IA-2_FZ_150_filtered
25,12,2,-154.15,-12.133,524.629,-3.81,366.93,10903,R20MZ_IA-2_FZ_150_filtered
25,12,2,-154.14,-9.707,525.319,10.74,363.97,10972,R20MZ_IA-2_FZ_150_filtered
25,12,0,-154.13,8.806,350.31,4.83,-367.64,4143,R20MZ_FZ_150_filtered
25,12,2,-154.11,0.928,515.479,22.53,-83.64,9990,R20MZ_IA-2_FZ_150_filtered
25,12,2,-154.11,8.895,519.289,13.79,-363.14,10370,R20MZ_IA-2_FZ_150_filtered
25,12,2,-154.09,-11.563,524.409,6.18,365.22,10882,R20MZ_IA-2_FZ_150_filtered
25,12,2,-154.07,6.061,519.999,19.2,-329.48,10441,R20MZ_IA-2_FZ_150_filtered
25,12,0,-154.06,-6.477,357.13,-10.98,340.93,4824,R20MZ_FZ_150_filtered
25,12,2,-154.04,0.661,515.409,16.69,-53.52,9983,R20MZ_IA-2_FZ_150_filtered
25,12,2,-154.04,12.046,518.499,-6.61,-343.71,10291,R20MZ_IA-2_FZ_150_filtered
25,12,2,-154.04,1.751,521.079,22.35,-144.45,10549,R20MZ_IA-2_FZ_150_filtered
25,12,2,-154.01,4.926,520.279,25.33,-304.69,10469,R20MZ_IA-2_FZ_150_filtered
25,12,0,-153.99,2.366,346.84,15.64,-215.72,3797,R20MZ_FZ_150_filtered
25,12,0,-153.99,7.167,350.72,11.52,-356,4184,R20MZ_FZ_150_filtered
25,12,0,-153.98,11.076,349.02,5.04,-380.82,4015,R20MZ_FZ_150_filtered
25,12,2,-153.98,8.514,519.379,20.87,-362.56,10379,R20MZ_IA-2_FZ_150_filtered
25,12,0,-153.97,11.115,349.03,4.31,-378.03,4016,R20MZ_FZ_150_filtered
25,12,0,-153.97,-6.912,357.02,-13.14,346.81,4813,R20MZ_FZ_150_filtered
25,12,0,-153.96,-2.433,358.14,-15.55,211.12,4925,R20MZ_FZ_150_filtered
25,12,0,-153.93,3.763,351.57,15.24,-278.18,4269,R20MZ_FZ_150_filtered
25,12,0,-153.92,10.632,348.91,5.05,-379.88,4004,R20MZ_FZ_150_filtered
25,12,0,-153.91,2.393,351.91,13.51,-209.15,4303,R20MZ_FZ_150_filtered
25,12,0,-153.89,-3.305,357.92,-17.52,257.33,4903,R20MZ_FZ_150_filtered
25,12,0,-153.88,11.53,349.13,5.05,-379.76,4026,R20MZ_FZ_150_filtered
25,12,4,-153.85,-8.162,692.545,10.22,362.52,17023,R20MZ_IA-4_FZ_150_filtered
25,12,0,-153.83,11.778,349.24,-5.11,-381.75,4037,R20MZ_FZ_150_filtered
25,12,2,-153.83,-12.063,524.739,31.81,364.71,10914,R20MZ_IA-2_FZ_150_filtered
25,12,0,-153.82,10.598,348.9,5.75,-382.08,4003,R20MZ_FZ_150_filtered
25,12,0,-153.82,6.238,350.95,14.34,-341.29,4207,R20MZ_FZ_150_filtered
25,12,2,-153.82,-9.12,525.459,-2.77,361.5,10986,R20MZ_IA-2_FZ_150_filtered
25,12,2,-153.78,-11.603,524.419,6.87,362.73,10883,R20MZ_IA-2_FZ_150_filtered
25,12,2,-153.77,-1.961,522.009,-8.8,206.36,10642,R20MZ_IA-2_FZ_150_filtered
25,12,4,-153.77,0.934,684.475,31.19,-58.32,16217,R20MZ_IA-4_FZ_150_filtered
25,12,0,-153.75,11.6,349.15,3.48,-374.76,4028,R20MZ_FZ_150_filtered
25,12,0,-153.75,8.33,350.43,8.75,-363.6,4155,R20MZ_FZ_150_filtered
25,12,2,-153.74,12.24,518.389,19.62,-343.6,10280,R20MZ_IA-2_FZ_150_filtered
25,12,4,-153.73,3.465,689.635,35.31,-226.11,16732,R20MZ_IA-4_FZ_150_filtered
25,12,2,-153.71,-10.611,525.089,7.28,362.7,10949,R20MZ_IA-2_FZ_150_filtered
25,12,2,-153.7,-11.358,524.889,-4.48,357.91,10929,R20MZ_IA-2_FZ_150_filtered
25,12,0,-153.67,11.792,349.27,-14.24,-374.14,4040,R20MZ_FZ_150_filtered
25,12,4,-153.66,-8.606,692.655,11.05,364.2,17034,R20MZ_IA-4_FZ_150_filtered
25,12,2,-153.62,1.989,521.019,24.47,-162.91,10543,R20MZ_IA-2_FZ_150_filtered
25,12,0,-153.59,-1.995,358.25,-13.86,182.9,4936,R20MZ_FZ_150_filtered
25,12,0,-153.56,1.155,352.22,10.9,-120.77,4334,R20MZ_FZ_150_filtered
25,12,0,-153.53,10.198,348.8,5.8,-378.06,3993,R20MZ_FZ_150_filtered
25,12,0,-153.53,1.129,352.23,10.48,-117.83,4335,R20MZ_FZ_150_filtered
25,12,2,-153.53,5.413,520.159,25.62,-315.39,10457,R20MZ_IA-2_FZ_150_filtered
25,12,4,-153.5,1.746,690.075,30.38,-118.76,16776,R20MZ_IA-4_FZ_150_filtered
25,12,2,-153.48,-6.126,526.209,-4.7,335.42,11061,R20MZ_IA-2_FZ_150_filtered
25,12,2,-153.45,6.989,519.769,17.05,-345.33,10418,R20MZ_IA-2_FZ_150_filtered
25,12,0,-153.44,9.889,350.04,2.12,-376.65,4116,R20MZ_FZ_150_filtered
25,12,2,-153.42,-2.004,522.019,-9.71,208.84,10643,R20MZ_IA-2_FZ_150_filtered
25,12,0,-153.41,5.56,351.12,12.28,-325.14,4224,R20MZ_FZ_150_filtered
25,12,0,-153.41,4.883,351.29,15.61,-312.62,4241,R20MZ_FZ_150_filtered
25,12,0,-153.41,-5.464,357.38,-15.63,322.2,4849,R20MZ_FZ_150_filtered
25,12,2,-153.41,9.367,519.169,18.96,-365.67,10358,R20MZ_IA-2_FZ_150_filtered
25,12,2,-153.41,7.648,519.599,21.1,-355.27,10401,R20MZ_IA-2_FZ_150_filtered
25,12,0,-153.39,-7.788,356.8,-8.24,355.19,4791,R20MZ_FZ_150_filtered
25,12,2,-153.36,11.751,518.209,2.86,-347.65,10263,R20MZ_IA-2_FZ_150_filtered
25,12,0,-153.35,-5.91,357.27,-15.76,328.85,4838,R20MZ_FZ_150_filtered
25,12,4,-153.34,11.73,687.185,17.22,-322.92,16488,R20MZ_IA-4_FZ_150_filtered
25,12,2,-153.33,-11.53,524.399,6.21,365.8,10881,R20MZ_IA-2_FZ_150_filtered
25,12,2,-153.3,-9.732,523.949,3.26,367.06,10836,R20MZ_IA-2_FZ_150_filtered
25,12,-0,-153.29,2.443,346.86,14.07,-221.56,3799,R20MZ_FZ_150_filtered
25,12,0,-153.29,-2.715,358.07,-18.68,227.59,4918,R20MZ_FZ_150_filtered
25,12,0,-153.27,1.833,346.71,14.63,-181.39,3784,R20MZ_FZ_150_filtered
25,12,0,-153.27,2.043,346.76,15.34,-197.37,3789,R20MZ_FZ_150_filtered
25,12,0,-153.23,10.675,348.92,4.16,-375.53,4005,R20MZ_FZ_150_filtered
25,12,4,-153.23,11.861,687.535,9.55,-321.37,16522,R20MZ_IA-4_FZ_150_filtered
25,12,0,-153.2,11.161,349.04,3.32,-373.35,4017,R20MZ_FZ_150_filtered
25,12,2,-153.17,11.084,518.019,13.68,-370.63,10244,R20MZ_IA-2_FZ_150_filtered
25,12,2,-153.17,3.567,520.619,29.19,-256.79,10503,R20MZ_IA-2_FZ_150_filtered
25,12,0,-153.16,9.28,348.57,6.49,-376.32,3970,R20MZ_FZ_150_filtered
25,12,2,-153.12,-8.838,525.539,6.99,362.23,10994,R20MZ_IA-2_FZ_150_filtered
25,12,4,-153.11,-2.499,696.115,5.77,219.34,17379,R20MZ_IA-4_FZ_150_filtered
25,12,0,-153.1,9.717,348.68,6.49,-379.3,3981,R20MZ_FZ_150_filtered
25,12,0,-153.1,7.85,350.55,5.75,-358.46,4167,R20MZ_FZ_150_filtered
25,12,2,-153.08,-10.222,524.069,3.43,365.34,10848,R20MZ_IA-2_FZ_150_filtered
25,12,4,-153.05,-10.036,693.015,12.03,360.27,17070,R20MZ_IA-4_FZ_150_filtered
25,12,0,-153.04,11.083,349.74,2.22,-370.9,4086,R20MZ_FZ_150_filtered
25,12,-0,-153.04,8.089,350.49,8.81,-366.07,4161,R20MZ_FZ_150_filtered
25,12,2,-153.03,9.396,519.159,20.43,-366.61,10357,R20MZ_IA-2_FZ_150_filtered
25,12,2,-153.01,-8.162,525.699,-4.5,354.82,11010,R20MZ_IA-2_FZ_150_filtered
25,12,4,-153,11.24,687.055,24.6,-324.05,16475,R20MZ_IA-4_FZ_150_filtered
25,12,0,-152.98,8.511,350.38,11.16,-369.66,4150,R20MZ_FZ_150_filtered
25,12,0,-152.97,2.88,351.8,13.16,-233.95,4292,R20MZ_FZ_150_filtered
25,12,2,-152.97,-10.643,524.179,4.22,365.63,10859,R20MZ_IA-2_FZ_150_filtered
25,12,4,-152.95,-7.635,692.415,9.61,361.04,17010,R20MZ_IA-4_FZ_150_filtered
25,12,2,-152.94,9.639,517.659,16.86,-374.52,10208,R20MZ_IA-2_FZ_150_filtered
25,12,4,-152.94,-5.4,691.855,4.64,335.26,16954,R20MZ_IA-4_FZ_150_filtered
25,12,4,-152.93,6.121,688.975,29.51,-312.54,16666,R20MZ_IA-4_FZ_150_filtered
25,12,4,-152.93,-8.228,694.675,7.04,350.65,17235,R20MZ_IA-4_FZ_150_filtered
25,12,2,-152.92,6.492,519.889,21.76,-336.36,10430,R20MZ_IA-2_FZ_150_filtered
25,12,2,-152.91,8.848,519.299,14.15,-359.75,10371,R20MZ_IA-2_FZ_150_filtered
25,12,0,-152.89,-3.621,357.84,-19.8,270.54,4895,R20MZ_FZ_150_filtered
25,12,0,-152.88,9.669,348.67,7.7,-381.62,3980,R20MZ_FZ_150_filtered
25,12,0,-152.87,11.679,349.58,3.1,-374.01,4070,R20MZ_FZ_150_filtered
25,12,2,-152.87,-3.622,526.839,-8.6,274.61,11124,R20MZ_IA-2_FZ_150_filtered
25,12,-0,-152.85,-7.774,356.81,-7.49,353.52,4792,R20MZ_FZ_150_filtered
25,12,2,-152.85,5.579,520.119,23.5,-317.42,10453,R20MZ_IA-2_FZ_150_filtered
25,12,0,-152.84,9.242,348.56,7.43,-379.45,3969,R20MZ_FZ_150_filtered
25,12,4,-152.84,-2.424,696.135,7.87,214.99,17381,R20MZ_IA-4_FZ_150_filtered
25,12,0,-152.8,-5.585,357.35,-12.62,325.39,4846,R20MZ_FZ_150_filtered
25,12,2,-152.77,-6.643,526.089,2.24,341.75,11049,R20MZ_IA-2_FZ_150_filtered
25,12,4,-152.77,-12.204,693.535,29.07,360.87,17121,R20MZ_IA-4_FZ_150_filtered
25,12,4,-152.77,-8.869,694.525,14.96,351.56,17220,R20MZ_IA-4_FZ_150_filtered
25,12,0,-152.75,-7.383,356.9,-9.41,351.79,4801,R20MZ_FZ_150_filtered
25,12,2,-152.75,10.63,517.909,14.12,-369.86,10233,R20MZ_IA-2_FZ_150_filtered
25,12,0,-152.73,10.808,349.81,-0.23,-375.85,4093,R20MZ_FZ_150_filtered
25,12,0,-152.73,1.202,352.21,11.45,-123.42,4333,R20MZ_FZ_150_filtered
25,12,2,-152.73,10.555,517.889,15.6,-375,10231,R20MZ_IA-2_FZ_150_filtered
25,12,0,-152.71,-4.564,357.61,-18.61,302.04,4872,R20MZ_FZ_150_filtered
25,12,2,-152.71,-10.166,524.059,3.77,367.63,10847,R20MZ_IA-2_FZ_150_filtered
25,12,4,-152.7,10.279,686.815,25.81,-321.25,16451,R20MZ_IA-4_FZ_150_filtered
25,12,4,-152.7,-11.952,693.755,45.37,354.61,17143,R20MZ_IA-4_FZ_150_filtered
25,12,2,-152.69,-7.047,525.979,-3.56,347.79,11038,R20MZ_IA-2_FZ_150_filtered
25,12,4,-152.69,-10.798,693.205,13.82,364.59,17089,R20MZ_IA-4_FZ_150_filtered
25,12,2,-152.68,-9.763,525.309,12.24,363.13,10971,R20MZ_IA-2_FZ_150_filtered
25,12,0,-152.67,-4.662,357.58,-16.15,305.7,4869,R20MZ_FZ_150_filtered
25,12,2,-152.67,-8.357,525.649,0.08,360.37,11005,R20MZ_IA-2_FZ_150_filtered
25,12,2,-152.66,-7.202,525.939,-5.22,347.53,11034,R20MZ_IA-2_FZ_150_filtered
25,12,0,-152.63,1.64,346.66,11.78,-168.69,3779,R20MZ_FZ_150_filtered
25,12,0,-152.62,9.425,350.15,11.7,-374.33,4127,R20MZ_FZ_150_filtered
25,12,2,-152.61,-6.804,526.049,0.88,344.08,11045,R20MZ_IA-2_FZ_150_filtered
25,12,0,-152.6,-8.241,356.68,-13.05,358.3,4779,R20MZ_FZ_150_filtered
25,12,4,-152.6,-2.888,696.015,5.73,238.9,17369,R20MZ_IA-4_FZ_150_filtered
25,12,0,-152.54,-7.833,356.79,-8.59,355.65,4790,R20MZ_FZ_150_filtered
25,12,4,-152.54,0.971,684.485,31.61,-61.05,16218,R20MZ_IA-4_FZ_150_filtered
25,12,4,-152.54,-4.028,691.515,-0.26,298.58,16920,R20MZ_IA-4_FZ_150_filtered
25,12,2,-152.53,-2.43,522.119,-4.78,232.54,10653,R20MZ_IA-2_FZ_150_filtered
25,12,0,-152.52,0.745,346.43,2.94,-84.46,3756,R20MZ_FZ_150_filtered
25,12,0,-152.52,-12.151,355.66,-12.59,360.8,4677,R20MZ_FZ_150_filtered
25,12,0,-152.51,2.823,346.96,19.84,-240.19,3809,R20MZ_FZ_150_filtered
25,12,0,-152.5,-12.151,355.65,-13.66,363.26,4676,R20MZ_FZ_150_filtered
25,12,2,-152.5,-11.639,524.429,8.55,360.51,10884,R20MZ_IA-2_FZ_150_filtered
25,12,4,-152.5,-11.654,693.425,19.27,360.39,17111,R20MZ_IA-4_FZ_150_filtered
25,12,0,-152.49,11.486,349.12,5.55,-379.29,4025,R20MZ_FZ_150_filtered
25,12,0,-152.49,5.801,351.06,12.87,-332.28,4218,R20MZ_FZ_150_filtered
25,12,-0,-152.46,7.641,350.6,10.6,-360.33,4172,R20MZ_FZ_150_filtered
25,12,4,-152.46,-1.441,690.855,14.13,167.72,16854,R20MZ_IA-4_FZ_150_filtered
25,12,4,-152.46,-6.269,692.075,5.91,348.75,16976,R20MZ_IA-4_FZ_150_filtered
25,12,-0,-152.45,10.337,349.92,11.87,-375.38,4104,R20MZ_FZ_150_filtered
25,12,2,-152.45,-4.073,526.729,-7.96,289.19,11113,R20MZ_IA-2_FZ_150_filtered
25,12,2,-152.42,10.284,518.939,18.66,-367.55,10335,R20MZ_IA-2_FZ_150_filtered
25,12,2,-152.42,5.892,520.039,22.51,-325.81,10445,R20MZ_IA-2_FZ_150_filtered
25,12,2,-152.4,8.372,519.419,18.34,-357.45,10383,R20MZ_IA-2_FZ_150_filtered
25,12,0,-152.39,10.162,349.97,5.54,-368.55,4109,R20MZ_FZ_150_filtered
25,12,4,-152.36,6.92,688.775,29.05,-329.84,16646,R20MZ_IA-4_FZ_150_filtered
25,12,2,-152.34,11.785,518.279,-2.97,-340.22,10270,R20MZ_IA-2_FZ_150_filtered
25,12,4,-152.34,6.191,688.955,29.58,-314.13,16664,R20MZ_IA-4_FZ_150_filtered
25,12,0,-152.33,-8.199,356.69,-14.15,357.04,4780,R20MZ_FZ_150_filtered
25,12,4,-152.33,-7.277,692.325,7.95,354.49,17001,R20MZ_IA-4_FZ_150_filtered
25,12,0,-152.31,5.36,351.17,16.04,-322.19,4229,R20MZ_FZ_150_filtered
25,12,0,-152.31,-8.72,356.57,-2.31,360.02,4768,R20MZ_FZ_150_filtered
25,12,0,-152.3,12.161,349.46,-4.71,-375.38,4058,R20MZ_FZ_150_filtered
25,12,0,-152.3,6.925,350.78,7.18,-348.23,4190,R20MZ_FZ_150_filtered
25,12,4,-152.29,-9.436,692.865,12.37,367.83,17055,R20MZ_IA-4_FZ_150_filtered
25,12,2,-152.27,-10.684,524.189,3.54,363.44,10860,R20MZ_IA-2_FZ_150_filtered
25,12,0,-152.26,-4.23,357.69,-17.69,292.86,4880,R20MZ_FZ_150_filtered
25,12,2,-152.25,12.27,518.319,9.46,-341.47,10273,R20MZ_IA-2_FZ_150_filtered
25,12,0,-152.24,6,351.01,10.44,-332.43,4213,R20MZ_FZ_150_filtered
25,12,2,-152.23,-10.616,524.169,4.52,366.86,10858,R20MZ_IA-2_FZ_150_filtered
25,12,2,-152.23,-6.305,526.169,-5.4,335.55,11057,R20MZ_IA-2_FZ_150_filtered
25,12,2,-152.22,8.756,517.439,17.76,-370.04,10186,R20MZ_IA-2_FZ_150_filtered
25,12,4,-152.2,-11.491,693.845,4.72,351.54,17152,R20MZ_IA-4_FZ_150_filtered
25,12,4,-152.18,1.487,690.135,33.33,-99.11,16782,R20MZ_IA-4_FZ_150_filtered
25,12,2,-152.17,-6.753,526.059,1.54,342.54,11046,R20MZ_IA-2_FZ_150_filtered
25,12,4,-152.16,6.161,688.965,29.38,-312.75,16665,R20MZ_IA-4_FZ_150_filtered
25,12,2,-152.14,-10.258,524.079,3.13,362.66,10849,R20MZ_IA-2_FZ_150_filtered
25,12,0,-152.12,8.366,348.34,8.15,-371.82,3947,R20MZ_FZ_150_filtered
25,12,2,-152.12,11.191,518.709,16.58,-364.46,10312,R20MZ_IA-2_FZ_150_filtered
25,12,2,-152.12,-1.543,521.889,2.99,174.49,10630,R20MZ_IA-2_FZ_150_filtered
25,12,0,-152.1,7.406,348.1,10.73,-365.94,3923,R20MZ_FZ_150_filtered
25,12,4,-152.1,-11.469,693.855,2.9,351.85,17153,R20MZ_IA-4_FZ_150_filtered
25,12,2,-152.09,-9.298,523.839,2.23,365.63,10825,R20MZ_IA-2_FZ_150_filtered
25,12,2,-152.06,-4.941,526.509,-6.12,310.89,11091,R20MZ_IA-2_FZ_150_filtered
25,12,2,-152.05,-8.378,523.609,0.86,362.97,10802,R20MZ_IA-2_FZ_150_filtered
25,12,2,-152.03,8.315,517.329,18.07,-365.08,10175,R20MZ_IA-2_FZ_150_filtered
25,12,2,-152.02,4.071,520.499,25.8,-275.74,10491,R20MZ_IA-2_FZ_150_filtered
25,12,4,-152.02,-10.141,694.195,8.5,352.15,17187,R20MZ_IA-4_FZ_150_filtered
25,12,0,-152,12.018,349.51,-20.06,-369.31,4063,R20MZ_FZ_150_filtered
25,12,0,-151.99,4.645,351.35,13.68,-304.51,4247,R20MZ_FZ_150_filtered
25,12,0,-151.98,2.869,346.97,19.23,-242.53,3810,R20MZ_FZ_150_filtered
25,12,0,-151.97,10.238,348.81,5.36,-372.9,3994,R20MZ_FZ_150_filtered
25,12,4,-151.97,-12.132,693.625,5.74,354.78,17130,R20MZ_IA-4_FZ_150_filtered
25,12,0,-151.95,-5.141,357.46,-15.89,315.83,4857,R20MZ_FZ_150_filtered
25,12,0,-151.95,-4.985,357.5,-17.87,311.48,4861,R20MZ_FZ_150_filtered
25,12,2,-151.95,0.696,515.419,15.79,-57.3,9984,R20MZ_IA-2_FZ_150_filtered
25,12,2,-151.95,5.454,520.149,24.98,-314.19,10456,R20MZ_IA-2_FZ_150_filtered
25,12,4,-151.93,-9.737,694.305,19.33,353.22,17198,R20MZ_IA-4_FZ_150_filtered
25,12,0,-151.92,8.318,348.33,9.18,-375.08,3946,R20MZ_FZ_150_filtered
25,12,0,-151.92,11.637,349.16,2.24,-370.27,4029,R20MZ_FZ_150_filtered
25,12,2,-151.92,-5.166,522.809,-6.46,331.36,10722,R20MZ_IA-2_FZ_150_filtered
25,12,0,-151.91,8.756,348.44,8.81,-377.58,3957,R20MZ_FZ_150_filtered
25,12,2,-151.91,-7.714,525.819,4.39,351.68,11022,R20MZ_IA-2_FZ_150_filtered
25,12,2,-151.91,-5.834,526.289,-2.29,327.16,11069,R20MZ_IA-2_FZ_150_filtered
25,12,2,-151.9,4.974,520.269,24.18,-303.18,10468,R20MZ_IA-2_FZ_150_filtered
25,12,4,-151.9,-4.067,691.525,-0.47,299.48,16921,R20MZ_IA-4_FZ_150_filtered
25,12,2,-151.89,-9.776,523.959,2.97,364.38,10837,R20MZ_IA-2_FZ_150_filtered
25,12,2,-151.85,11.724,518.199,4.42,-343.33,10262,R20MZ_IA-2_FZ_150_filtered
25,12,0,-151.84,3.095,351.74,16.29,-243.27,4286,R20MZ_FZ_150_filtered
25,12,0,-151.84,-11.946,355.77,26.06,360.89,4688,R20MZ_FZ_150_filtered
25,12,0,-151.83,-12.218,355.54,11.38,364.96,4665,R20MZ_FZ_150_filtered
25,12,2,-151.82,10.067,517.769,16.61,-375.05,10219,R20MZ_IA-2_FZ_150_filtered
25,12,2,-151.82,-1.036,521.779,-2.99,133.07,10619,R20MZ_IA-2_FZ_150_filtered
25,12,0,-151.81,-11.013,356,-2.03,359.38,4711,R20MZ_FZ_150_filtered
25,12,2,-151.81,-5.26,526.429,-5.36,319.1,11083,R20MZ_IA-2_FZ_150_filtered
25,12,4,-151.81,9.56,688.105,27.67,-332.2,16579,R20MZ_IA-4_FZ_150_filtered
25,12,2,-151.79,8.272,517.319,18.86,-367.74,10174,R20MZ_IA-2_FZ_150_filtered
25,12,0,-151.77,2.333,346.83,15.84,-210.85,3796,R20MZ_FZ_150_filtered
25,12,0,-151.77,-6.504,357.12,-9.34,340.46,4823,R20MZ_FZ_150_filtered
25,12,0,-151.76,7.197,350.71,11.56,-353.66,4183,R20MZ_FZ_150_filtered
25,12,0,-151.76,-2.473,358.13,-15.65,212.99,4924,R20MZ_FZ_150_filtered
25,12,4,-151.73,-12.194,693.525,31.74,359.55,17120,R20MZ_IA-4_FZ_150_filtered
25,12,0,-151.72,-10.53,356.11,-5.13,360.33,4722,R20MZ_FZ_150_filtered
25,12,2,-151.72,-7.932,523.499,0.26,359.73,10791,R20MZ_IA-2_FZ_150_filtered
25,12,2,-151.71,-11.337,524.899,-4.49,356.17,10930,R20MZ_IA-2_FZ_150_filtered
25,12,0,-151.66,-7.419,356.89,-7.47,351.03,4800,R20MZ_FZ_150_filtered
25,12,2,-151.66,7.838,517.209,19.36,-363.1,10163,R20MZ_IA-2_FZ_150_filtered
25,12,0,-151.65,7.442,348.11,9.95,-363.62,3924,R20MZ_FZ_150_filtered
25,12,2,-151.65,-9.261,523.829,2.65,367.76,10824,R20MZ_IA-2_FZ_150_filtered
25,12,0,-151.64,-8.156,356.7,-14.56,354.61,4781,R20MZ_FZ_150_filtered
25,12,2,-151.64,10.674,517.919,13.18,-363.2,10234,R20MZ_IA-2_FZ_150_filtered
25,12,0,-151.63,8.766,350.32,5.11,-363.57,4144,R20MZ_FZ_150_filtered
25,12,0,-151.63,-9.115,356.46,-12.69,360.02,4757,R20MZ_FZ_150_filtered
25,12,0,-151.62,1.073,352.24,9.83,-114.24,4336,R20MZ_FZ_150_filtered
25,12,0,-151.62,-12.148,355.64,-13.76,364.53,4675,R20MZ_FZ_150_filtered
25,12,0,-151.61,-11.396,355.88,-15.69,360.03,4699,R20MZ_FZ_150_filtered
25,12,0,-151.6,9.321,348.58,6.04,-371.03,3971,R20MZ_FZ_150_filtered
25,12,0,-151.57,1.493,352.14,8.76,-147.1,4326,R20MZ_FZ_150_filtered
25,12,0,-151.57,-5.861,357.28,-15.48,326.21,4839,R20MZ_FZ_150_filtered
25,12,2,-151.57,8.153,519.479,17.01,-356.71,10389,R20MZ_IA-2_FZ_150_filtered
25,12,0,-151.56,0.89,346.47,6.79,-102.15,3760,R20MZ_FZ_150_filtered
25,12,2,-151.55,-8.88,525.529,6.29,360.18,10993,R20MZ_IA-2_FZ_150_filtered
25,12,0,-151.54,2.662,351.85,13.33,-219.83,4297,R20MZ_FZ_150_filtered
25,12,2,-151.54,-3.903,526.769,-5.62,282.61,11117,R20MZ_IA-2_FZ_150_filtered
25,12,0,-151.52,-11.983,355.76,25.95,363.08,4687,R20MZ_FZ_150_filtered
25,12,2,-151.52,10.248,518.949,16.71,-364.3,10336,R20MZ_IA-2_FZ_150_filtered
25,12,0,-151.5,10.549,348.89,6.55,-381.43,4002,R20MZ_FZ_150_filtered
25,12,2,-151.5,-4.689,522.689,-7.46,321.25,10710,R20MZ_IA-2_FZ_150_filtered
25,12,0,-151.49,6.288,350.94,14.06,-338.61,4206,R20MZ_FZ_150_filtered
25,12,2,-151.49,11.768,518.289,-1.51,-336.96,10271,R20MZ_IA-2_FZ_150_filtered
25,12,2,-151.49,12.031,518.509,-9.32,-339.93,10292,R20MZ_IA-2_FZ_150_filtered
25,12,0,-151.48,7.834,348.21,10.26,-371.86,3934,R20MZ_FZ_150_filtered
25,12,0,-151.48,-12.211,355.55,7.01,361.09,4666,R20MZ_FZ_150_filtered
25,12,2,-151.48,6.415,519.909,21.9,-334.22,10432,R20MZ_IA-2_FZ_150_filtered
25,12,0,-151.46,-12.223,355.53,14.41,367.58,4664,R20MZ_FZ_150_filtered
25,12,0,-151.44,-8.687,356.58,-2.55,357.69,4769,R20MZ_FZ_150_filtered
25,12,0,-151.42,-2.676,358.08,-18.26,224.96,4919,R20MZ_FZ_150_filtered
25,12,2,-151.42,-6.702,526.069,2.11,342.05,11047,R20MZ_IA-2_FZ_150_filtered
25,12,4,-151.42,10.834,687.795,17.6,-312.15,16548,R20MZ_IA-4_FZ_150_filtered
25,12,2,-151.41,-4.726,522.699,-8.05,321.57,10711,R20MZ_IA-2_FZ_150_filtered
25,12,4,-151.4,-3.629,691.415,4.44,285,16910,R20MZ_IA-4_FZ_150_filtered
25,12,2,-151.36,11.395,518.099,15.88,-359.82,10252,R20MZ_IA-2_FZ_150_filtered
25,12,4,-151.36,-9.399,692.855,12.8,366.07,17054,R20MZ_IA-4_FZ_150_filtered
25,12,4,-151.36,-12.201,693.515,31.78,357.99,17119,R20MZ_IA-4_FZ_150_filtered
25,12,0,-151.34,9.644,348.66,7.98,-381.14,3979,R20MZ_FZ_150_filtered
25,12,2,-151.34,-7.117,525.959,-4.83,347.32,11036,R20MZ_IA-2_FZ_150_filtered
25,12,0,-151.33,4.01,351.51,16.13,-283.13,4263,R20MZ_FZ_150_filtered
25,12,2,-151.33,-7.447,523.379,-0.74,358.47,10779,R20MZ_IA-2_FZ_150_filtered
25,12,2,-151.32,-6.974,523.259,-1.39,355.99,10767,R20MZ_IA-2_FZ_150_filtered
25,12,2,-151.32,-9.798,525.299,11.89,361.08,10970,R20MZ_IA-2_FZ_150_filtered
25,12,0,-151.3,3.73,351.58,14.98,-273.65,4270,R20MZ_FZ_150_filtered
25,12,0,-151.29,-9.639,356.34,-0.99,362.35,4745,R20MZ_FZ_150_filtered
25,12,2,-151.29,-8.859,523.729,1.44,364.05,10814,R20MZ_IA-2_FZ_150_filtered
25,12,0,-151.27,-9.153,356.45,-12.39,361.58,4756,R20MZ_FZ_150_filtered
25,12,0,-151.27,-8.285,356.67,-11.51,358.64,4778,R20MZ_FZ_150_filtered
25,12,2,-151.27,-9.534,525.359,3.16,358.48,10976,R20MZ_IA-2_FZ_150_filtered
25,12,4,-151.25,10.233,686.805,25.4,-318.07,16450,R20MZ_IA-4_FZ_150_filtered
25,12,4,-151.25,-3.992,691.505,0.27,296.14,16919,R20MZ_IA-4_FZ_150_filtered
25,12,2,-151.23,-3.019,526.989,-5.38,247.24,11139,R20MZ_IA-2_FZ_150_filtered
25,12,0,-151.22,-6.792,357.05,-12.07,340.48,4816,R20MZ_FZ_150_filtered
25,12,0,-151.21,5.593,347.65,14.01,-332.9,3878,R20MZ_FZ_150_filtered
25,12,4,-151.21,0.534,690.375,27.93,-17.77,16806,R20MZ_IA-4_FZ_150_filtered
25,12,0,-151.2,5.522,351.13,12.27,-321.09,4225,R20MZ_FZ_150_filtered
25,12,2,-151.19,-2.922,522.249,-10.9,258.11,10666,R20MZ_IA-2_FZ_150_filtered
25,12,0,-151.18,-4.707,357.57,-15.26,305.14,4868,R20MZ_FZ_150_filtered
25,12,0,-151.17,-11.886,355.78,22.28,358.27,4689,R20MZ_FZ_150_filtered
25,12,2,-151.16,11.167,518.719,14.5,-362.46,10313,R20MZ_IA-2_FZ_150_filtered
25,12,2,-151.16,-4.46,526.629,-7.12,299.55,11103,R20MZ_IA-2_FZ_150_filtered
25,12,0,-151.15,2.346,351.92,12.79,-204.47,4304,R20MZ_FZ_150_filtered
25,12,4,-151.15,-10.562,693.145,13.19,357.84,17083,R20MZ_IA-4_FZ_150_filtered
25,12,2,-151.14,2.334,515.829,27.14,-194.66,10025,R20MZ_IA-2_FZ_150_filtered
25,12,2,-151.14,-5.13,522.799,-6.59,330.71,10721,R20MZ_IA-2_FZ_150_filtered
25,12,4,-151.14,0.093,690.485,23.96,24.8,16817,R20MZ_IA-4_FZ_150_filtered
25,12,0,-151.12,8.272,348.32,10.04,-374.77,3945,R20MZ_FZ_150_filtered
25,12,2,-151.12,6.93,519.779,17.75,-342.44,10419,R20MZ_IA-2_FZ_150_filtered
25,12,2,-151.12,-2.375,522.109,-4.91,229.86,10652,R20MZ_IA-2_FZ_150_filtered
25,12,2,-151.1,10.949,517.989,15.23,-370.07,10241,R20MZ_IA-2_FZ_150_filtered
25,12,0,-151.09,4.909,351.28,15,-310.56,4240,R20MZ_FZ_150_filtered
25,12,0,-151.08,-10.481,356.12,-6.93,359.56,4723,R20MZ_FZ_150_filtered
25,12,2,-151.08,6.92,516.979,21.31,-352.72,10140,R20MZ_IA-2_FZ_150_filtered
25,12,0,-151.07,-2.041,358.24,-14.4,185.25,4935,R20MZ_FZ_150_filtered
25,12,4,-151.07,-10.718,693.185,14.85,360.77,17087,R20MZ_IA-4_FZ_150_filtered
25,12,0,-151.06,11.78,349.23,-4.79,-379.72,4036,R20MZ_FZ_150_filtered
25,12,2,-151.05,8.813,519.309,14.4,-356.23,10372,R20MZ_IA-2_FZ_150_filtered
25,12,2,-151.05,-8.773,523.709,1.79,366.97,10812,R20MZ_IA-2_FZ_150_filtered
25,12,4,-151.05,-11.512,693.385,14.17,353.78,17107,R20MZ_IA-4_FZ_150_filtered
25,12,2,-151.04,7.877,517.219,18.34,-359.83,10164,R20MZ_IA-2_FZ_150_filtered
25,12,0,-151.03,8.279,350.44,7.74,-360.01,4156,R20MZ_FZ_150_filtered
25,12,2,-151.03,11.737,518.569,12.63,-351.44,10298,R20MZ_IA-2_FZ_150_filtered
25,12,2,-151.03,-7.859,523.479,0.24,362.49,10789,R20MZ_IA-2_FZ_150_filtered
25,12,0,-151.02,-10.566,356.1,-2.5,360.28,4721,R20MZ_FZ_150_filtered
25,12,2,-151.02,-11.725,524.499,19.8,366.8,10891,R20MZ_IA-2_FZ_150_filtered
25,12,2,-151.01,-7.004,523.269,-2.2,355.05,10768,R20MZ_IA-2_FZ_150_filtered
25,12,2,-151,7.393,517.099,19.97,-357.7,10152,R20MZ_IA-2_FZ_150_filtered
25,12,0,-150.99,9.667,350.09,4.07,-366.51,4121,R20MZ_FZ_150_filtered
25,12,2,-150.99,-3.385,522.359,-7.27,277.18,10677,R20MZ_IA-2_FZ_150_filtered
25,12,2,-150.96,11.154,518.039,12.94,-356.86,10246,R20MZ_IA-2_FZ_150_filtered
25,12,2,-150.95,-4.208,522.569,-8.07,307.28,10698,R20MZ_IA-2_FZ_150_filtered
25,12,4,-150.95,9.084,686.515,23.85,-341.72,16421,R20MZ_IA-4_FZ_150_filtered
25,12,0,-150.94,10.724,348.93,3.8,-370.4,4006,R20MZ_FZ_150_filtered
25,12,0,-150.94,-3.596,357.85,-19.61,268.24,4896,R20MZ_FZ_150_filtered
25,12,2,-150.94,-12.143,524.609,1.16,365.29,10901,R20MZ_IA-2_FZ_150_filtered
25,12,2,-150.93,12.274,518.309,6.48,-338.56,10272,R20MZ_IA-2_FZ_150_filtered
25,12,0,-150.92,1.803,346.7,14.05,-177.23,3783,R20MZ_FZ_150_filtered
25,12,0,-150.92,6.471,347.87,12.72,-350.3,3900,R20MZ_FZ_150_filtered
25,12,0,-150.91,8.549,350.37,9.78,-367.32,4149,R20MZ_FZ_150_filtered
25,12,2,-150.91,2.371,520.919,25.18,-188.1,10533,R20MZ_IA-2_FZ_150_filtered
25,12,2,-150.91,-5.66,522.929,-5.79,339.4,10734,R20MZ_IA-2_FZ_150_filtered
25,12,0,-150.89,-6.981,357,-14.03,344.82,4811,R20MZ_FZ_150_filtered
25,12,2,-150.88,12.222,518.399,19.43,-339.8,10281,R20MZ_IA-2_FZ_150_filtered
25,12,2,-150.88,5.981,520.019,19.98,-324.93,10443,R20MZ_IA-2_FZ_150_filtered
25,12,2,-150.86,-11.204,524.319,4.04,360.17,10873,R20MZ_IA-2_FZ_150_filtered
25,12,4,-150.84,-4.867,691.725,1.18,322.54,16941,R20MZ_IA-4_FZ_150_filtered
25,12,2,-150.83,9.152,517.539,18.01,-373.8,10196,R20MZ_IA-2_FZ_150_filtered
25,12,2,-150.82,8.35,517.339,16.96,-360.3,10176,R20MZ_IA-2_FZ_150_filtered
25,12,0,-150.8,-7.207,356.94,-14.99,345.32,4805,R20MZ_FZ_150_filtered
25,12,0,-150.79,5.558,347.64,15.62,-332.13,3877,R20MZ_FZ_150_filtered
25,12,0,-150.76,8.718,348.43,9.54,-376.65,3956,R20MZ_FZ_150_filtered
25,12,2,-150.76,-10.29,524.089,3.13,360.48,10850,R20MZ_IA-2_FZ_150_filtered
25,12,2,-150.73,2.033,515.759,27.46,-176.99,10018,R20MZ_IA-2_FZ_150_filtered
25,12,0,-150.72,-10.062,356.23,-10.29,361.43,4734,R20MZ_FZ_150_filtered
25,12,0,-150.72,-5.636,357.34,-11.76,324.82,4845,R20MZ_FZ_150_filtered
25,12,4,-150.72,8.598,686.395,25.04,-344.69,16409,R20MZ_IA-4_FZ_150_filtered
25,12,4,-150.72,-5.965,691.995,4.7,340.73,16968,R20MZ_IA-4_FZ_150_filtered
25,12,0,-150.7,7.365,348.09,11.6,-364.56,3922,R20MZ_FZ_150_filtered
25,12,2,-150.7,-1.131,521.799,-4.44,141.27,10621,R20MZ_IA-2_FZ_150_filtered
25,12,0,-150.69,-9.078,356.47,-13.39,357.39,4758,R20MZ_FZ_150_filtered
25,12,0,-150.68,3.557,351.62,16.6,-264.63,4274,R20MZ_FZ_150_filtered
25,12,2,-150.66,-7.418,523.369,-0.68,359.23,10778,R20MZ_IA-2_FZ_150_filtered
25,12,0,-150.65,-11.658,355.43,-0.3,359.88,4655,R20MZ_FZ_150_filtered
25,12,2,-150.65,0.739,521.329,18.9,-58.89,10574,R20MZ_IA-2_FZ_150_filtered
25,12,4,-150.64,-1.475,690.865,14.95,170.7,16855,R20MZ_IA-4_FZ_150_filtered
25,12,-0,-150.63,-4.512,357.62,-18.69,299.12,4873,R20MZ_FZ_150_filtered
25,12,0,-150.6,8.125,350.48,8.65,-363.27,4160,R20MZ_FZ_150_filtered
25,12,2,-150.58,6.488,516.869,22.35,-345.27,10129,R20MZ_IA-2_FZ_150_filtered
25,12,2,-150.58,-9.224,523.819,2.84,368.06,10823,R20MZ_IA-2_FZ_150_filtered
25,12,0,-150.57,11.737,349.57,1.02,-371.94,4069,R20MZ_FZ_150_filtered
25,12,0,-150.56,8.397,348.35,7.53,-366.07,3948,R20MZ_FZ_150_filtered
25,12,0,-150.56,5.844,351.05,11.97,-329.77,4217,R20MZ_FZ_150_filtered
25,12,0,-150.54,0.777,346.44,3.14,-88.31,3757,R20MZ_FZ_150_filtered
25,12,2,-150.54,-3.072,526.979,-5.67,248.93,11138,R20MZ_IA-2_FZ_150_filtered
25,12,2,-150.53,-11.012,524.269,4.67,365.88,10868,R20MZ_IA-2_FZ_150_filtered
25,12,0,-150.52,5.171,347.54,13.23,-320.66,3867,R20MZ_FZ_150_filtered
25,12,0,-150.52,-6.555,357.11,-8.56,339.39,4822,R20MZ_FZ_150_filtered
25,12,0,-150.51,-9.668,356.33,1.04,362.47,4744,R20MZ_FZ_150_filtered
25,12,0,-150.51,-7.719,356.82,-6.73,351.2,4793,R20MZ_FZ_150_filtered
25,12,2,-150.48,-8.082,525.719,-3.93,352.56,11012,R20MZ_IA-2_FZ_150_filtered
25,12,4,-150.45,0.736,684.425,27.73,-39.11,16212,R20MZ_IA-4_FZ_150_filtered
25,12,2,-150.44,1.267,515.569,28.16,-114.32,9999,R20MZ_IA-2_FZ_150_filtered
25,12,0,-150.42,11.209,349.05,3.3,-368.38,4018,R20MZ_FZ_150_filtered
25,12,2,-150.42,-10.581,524.159,4.69,366.95,10857,R20MZ_IA-2_FZ_150_filtered
25,12,2,-150.42,-11.691,524.459,17.44,357.51,10887,R20MZ_IA-2_FZ_150_filtered
25,12,2,-150.41,5.059,520.249,21.92,-302.27,10466,R20MZ_IA-2_FZ_150_filtered
25,12,0,-150.39,-11.672,355.44,2.44,357.88,4656,R20MZ_FZ_150_filtered
25,12,2,-150.39,-1.482,521.879,3.03,170.26,10629,R20MZ_IA-2_FZ_150_filtered
25,12,2,-150.38,-11.557,524.839,1.08,361.24,10924,R20MZ_IA-2_FZ_150_filtered
25,12,0,-150.37,-4.256,357.68,-17.32,292.87,4879,R20MZ_FZ_150_filtered
25,12,0,-150.36,5.124,347.53,13.81,-321.26,3866,R20MZ_FZ_150_filtered
25,12,2,-150.36,-7.498,523.389,-1.06,355.98,10780,R20MZ_IA-2_FZ_150_filtered
25,12,4,-150.36,11.462,687.625,33.62,-314.91,16531,R20MZ_IA-4_FZ_150_filtered
25,12,0,-150.35,3.34,347.08,13.91,-262.06,3821,R20MZ_FZ_150_filtered
25,12,0,-150.35,-4.953,357.51,-18.02,308.73,4862,R20MZ_FZ_150_filtered
25,12,2,-150.33,10.23,517.809,14.11,-360.78,10223,R20MZ_IA-2_FZ_150_filtered
25,12,0,-150.32,0.833,346.45,3.63,-92.53,3758,R20MZ_FZ_150_filtered
25,12,0,-150.31,3.298,347.07,14.88,-259.55,3820,R20MZ_FZ_150_filtered
25,12,0,-150.31,1.74,352.08,9.1,-161.21,4320,R20MZ_FZ_150_filtered
25,12,2,-150.27,-1.877,521.989,-6.81,201.28,10640,R20MZ_IA-2_FZ_150_filtered
25,12,2,-150.26,-9.046,525.479,-2.3,357.69,10988,R20MZ_IA-2_FZ_150_filtered
25,12,0,-150.25,-10.975,356.01,-0.56,357.85,4712,R20MZ_FZ_150_filtered
25,12,2,-150.25,-11.679,524.449,15.13,357.21,10886,R20MZ_IA-2_FZ_150_filtered
25,12,2,-150.25,-8.444,525.629,2,357.06,11003,R20MZ_IA-2_FZ_150_filtered
25,12,0,-150.24,-9.194,356.44,-11.48,361.39,4755,R20MZ_FZ_150_filtered
25,12,0,-150.23,1.68,346.67,11.75,-169.58,3780,R20MZ_FZ_150_filtered
25,12,2,-150.23,-4.645,522.679,-7.14,319.82,10709,R20MZ_IA-2_FZ_150_filtered
25,12,0,-150.21,9.209,350.21,5.85,-363.57,4133,R20MZ_FZ_150_filtered
25,12,2,-150.21,-4.3,522.589,-7.92,310.37,10700,R20MZ_IA-2_FZ_150_filtered
25,12,2,-150.21,-8.734,523.699,1.68,366.34,10811,R20MZ_IA-2_FZ_150_filtered
25,12,0,-150.2,5.401,351.16,14.99,-319.85,4228,R20MZ_FZ_150_filtered
25,12,0,-150.18,-11.438,355.87,-15.88,361.88,4698,R20MZ_FZ_150_filtered
25,12,2,-150.18,-6.581,523.159,-3.49,350.24,10757,R20MZ_IA-2_FZ_150_filtered
25,12,0,-150.17,6.893,350.79,7.09,-344.64,4191,R20MZ_FZ_150_filtered
25,12,0,-150.17,-8.636,356.59,-3.36,354.9,4770,R20MZ_FZ_150_filtered
25,12,0,-150.14,-8.319,356.66,-9.97,357.56,4777,R20MZ_FZ_150_filtered
25,12,4,-150.13,-5.527,691.885,3.91,333.4,16957,R20MZ_IA-4_FZ_150_filtered
25,12,-0,-150.12,12.168,349.45,-1.05,-372.7,4057,R20MZ_FZ_150_filtered
25,12,2,-150.11,5.004,520.259,22.6,-302.17,10467,R20MZ_IA-2_FZ_150_filtered
25,12,4,-150.11,-9.8,692.955,13.56,363.37,17064,R20MZ_IA-4_FZ_150_filtered
25,12,2,-150.09,2.45,515.859,24.46,-202.91,10028,R20MZ_IA-2_FZ_150_filtered
25,12,0,-150.08,11.049,349.75,0.26,-367.01,4087,R20MZ_FZ_150_filtered
25,12,0,-150.08,-11.619,355.42,-2.32,362.33,4654,R20MZ_FZ_150_filtered
25,12,0,-150.06,2.827,351.81,12.36,-229.75,4293,R20MZ_FZ_150_filtered
25,12,4,-150.04,10.671,686.915,24,-315.35,16461,R20MZ_IA-4_FZ_150_filtered
25,12,2,-150.03,-8.045,525.729,-3.25,353.33,11013,R20MZ_IA-2_FZ_150_filtered
25,12,2,-150,2.762,520.829,25.06,-209.22,10524,R20MZ_IA-2_FZ_150_filtered
25,12,2,-149.98,-10.745,525.059,12.45,358.74,10946,R20MZ_IA-2_FZ_150_filtered
25,12,2,-149.97,11.783,518.559,10.3,-346.51,10297,R20MZ_IA-2_FZ_150_filtered
25,12,-0,-149.96,7.479,348.12,9.07,-358.3,3925,R20MZ_FZ_150_filtered
25,12,0,-149.96,-5.195,357.45,-15.6,314.92,4856,R20MZ_FZ_150_filtered
25,12,2,-149.96,6.95,516.989,20.07,-350.26,10141,R20MZ_IA-2_FZ_150_filtered
25,12,0,-149.93,7.793,348.2,10.96,-369.21,3933,R20MZ_FZ_150_filtered
25,12,4,-149.92,-7.346,692.345,8.51,350.46,17003,R20MZ_IA-4_FZ_150_filtered
25,12,2,-149.91,-8.897,523.739,1.09,361.53,10815,R20MZ_IA-2_FZ_150_filtered
25,12,2,-149.91,-9.838,525.289,11,359.82,10969,R20MZ_IA-2_FZ_150_filtered
25,12,2,-149.91,-1.261,527.429,1.25,140.29,11183,R20MZ_IA-2_FZ_150_filtered
25,12,-0,-149.9,2.903,346.98,18.47,-242.79,3811,R20MZ_FZ_150_filtered
25,12,2,-149.9,9.061,519.249,14.29,-360.64,10366,R20MZ_IA-2_FZ_150_filtered
25,12,2,-149.89,11.7,518.179,8.91,-338.43,10260,R20MZ_IA-2_FZ_150_filtered
25,12,0,-149.88,9.813,348.7,5.11,-368.22,3983,R20MZ_FZ_150_filtered
25,12,0,-149.88,-8.123,356.71,-15.01,352.47,4782,R20MZ_FZ_150_filtered
25,12,2,-149.88,-6.018,523.019,-3.94,344.47,10743,R20MZ_IA-2_FZ_150_filtered
25,12,4,-149.88,8.525,686.375,26.51,-347.55,16407,R20MZ_IA-4_FZ_150_filtered
25,12,0,-149.87,0.867,346.46,4.76,-97.34,3759,R20MZ_FZ_150_filtered
25,12,2,-149.87,8.346,519.429,17.68,-354.27,10384,R20MZ_IA-2_FZ_150_filtered
25,12,2,-149.86,8.683,517.419,19.07,-370.44,10184,R20MZ_IA-2_FZ_150_filtered
25,12,2,-149.86,3.242,520.699,25.89,-238.08,10511,R20MZ_IA-2_FZ_150_filtered
25,12,2,-149.85,2.324,520.929,25.4,-183.78,10534,R20MZ_IA-2_FZ_150_filtered
25,12,0,-149.83,11.455,349.11,5.45,-376.76,4024,R20MZ_FZ_150_filtered
25,12,0,-149.83,9.475,350.14,10.61,-371.35,4126,R20MZ_FZ_150_filtered
25,12,2,-149.82,1.704,515.679,24.86,-150.91,10010,R20MZ_IA-2_FZ_150_filtered
25,12,2,-149.81,-11.596,524.829,4.53,360.14,10923,R20MZ_IA-2_FZ_150_filtered
25,12,2,-149.8,-3.74,522.449,-6.65,289.72,10686,R20MZ_IA-2_FZ_150_filtered
25,12,0,-149.79,-4.03,357.74,-19.22,283.44,4885,R20MZ_FZ_150_filtered
25,12,0,-149.76,-3.835,357.79,-17.11,277.67,4890,R20MZ_FZ_150_filtered
25,12,0,-149.75,5.973,351.02,10.11,-328.84,4214,R20MZ_FZ_150_filtered
25,12,0,-149.74,10.128,349.98,4.33,-364.63,4110,R20MZ_FZ_150_filtered
25,12,2,-149.74,-0.998,521.769,-2.04,128.65,10618,R20MZ_IA-2_FZ_150_filtered
25,12,-0,-149.73,-3.388,357.9,-16.88,259.56,4901,R20MZ_FZ_150_filtered
25,12,4,-149.73,1.601,684.645,35.05,-113.43,16234,R20MZ_IA-4_FZ_150_filtered
25,12,-0,-149.72,2.078,346.77,14.82,-197.18,3790,R20MZ_FZ_150_filtered
25,12,0,-149.7,11.663,349.17,0.28,-366.04,4030,R20MZ_FZ_150_filtered
25,12,2,-149.69,-10.09,524.039,4.15,367.56,10845,R20MZ_IA-2_FZ_150_filtered
25,12,0,-149.68,7.307,350.68,10.44,-350.26,4180,R20MZ_FZ_150_filtered
25,12,2,-149.67,0.74,515.429,15.84,-60.79,9985,R20MZ_IA-2_FZ_150_filtered
25,12,2,-149.67,-10.379,525.139,-0.64,357.97,10954,R20MZ_IA-2_FZ_150_filtered
25,12,0,-149.66,10.376,349.91,11.33,-371.34,4103,R20MZ_FZ_150_filtered
25,12,0,-149.66,-12.195,355.56,3.13,358,4667,R20MZ_FZ_150_filtered
25,12,2,-149.66,-0.648,521.679,5.64,94.2,10609,R20MZ_IA-2_FZ_150_filtered
25,12,0,-149.65,-11.128,355.3,-4.71,364.05,4642,R20MZ_FZ_150_filtered
25,12,0,-149.63,-7.011,356.99,-14.75,343.76,4810,R20MZ_FZ_150_filtered
25,12,2,-149.63,10.354,518.919,21.01,-365.46,10333,R20MZ_IA-2_FZ_150_filtered
25,12,2,-149.62,10.03,517.759,17.02,-372.28,10218,R20MZ_IA-2_FZ_150_filtered
25,12,0,-149.61,12.277,349.29,-13.75,-366.65,4041,R20MZ_FZ_150_filtered
25,12,4,-149.61,-2.376,691.095,5.96,226.13,16878,R20MZ_IA-4_FZ_150_filtered
25,12,2,-149.59,11.969,518.519,-9.99,-336.87,10293,R20MZ_IA-2_FZ_150_filtered
25,12,0,-149.58,7.239,350.7,11,-351.31,4182,R20MZ_FZ_150_filtered
25,12,4,-149.58,1.525,684.625,33.48,-106.28,16232,R20MZ_IA-4_FZ_150_filtered
25,12,2,-149.55,-0.621,521.669,7,89.72,10608,R20MZ_IA-2_FZ_150_filtered
25,12,2,-149.55,-7.821,523.469,0.54,361.82,10788,R20MZ_IA-2_FZ_150_filtered
25,12,0,-149.54,-7.466,356.88,-6.07,349.8,4799,R20MZ_FZ_150_filtered
25,12,0,-149.54,-5.829,357.29,-15.22,324.24,4840,R20MZ_FZ_150_filtered
25,12,2,-149.54,3.697,520.589,26.77,-257.66,10500,R20MZ_IA-2_FZ_150_filtered
25,12,0,-149.53,10.289,348.82,4.6,-367.93,3995,R20MZ_FZ_150_filtered
25,12,0,-149.53,6.319,350.93,13.54,-336.42,4205,R20MZ_FZ_150_filtered
25,12,2,-149.53,9.936,519.029,11.39,-363.31,10344,R20MZ_IA-2_FZ_150_filtered
25,12,4,-149.51,-4.137,691.545,0.36,299.8,16923,R20MZ_IA-4_FZ_150_filtered
25,12,2,-149.5,7.726,519.579,19.05,-350.39,10399,R20MZ_IA-2_FZ_150_filtered
25,12,2,-149.5,-9.398,525.389,0.53,357.34,10979,R20MZ_IA-2_FZ_150_filtered
25,12,0,-149.49,-12.138,355.63,-12.59,365.15,4674,R20MZ_FZ_150_filtered
25,12,0,-149.48,11.286,349.68,11.68,-370.22,4080,R20MZ_FZ_150_filtered
25,12,0,-149.48,-11.839,355.79,16.18,355.5,4690,R20MZ_FZ_150_filtered
25,12,-0,-149.47,-11.585,355.41,-3.06,363.29,4653,R20MZ_FZ_150_filtered
25,12,0,-149.46,-2.954,358.01,-16.65,239.22,4912,R20MZ_FZ_150_filtered
25,12,0,-149.44,11.972,349.52,-21.55,-366.65,4064,R20MZ_FZ_150_filtered
25,12,0,-149.44,-2.632,358.09,-17.62,222.02,4920,R20MZ_FZ_150_filtered
25,12,2,-149.44,-12.15,524.689,4.19,358.42,10909,R20MZ_IA-2_FZ_150_filtered
25,12,4,-149.43,1.954,684.735,36.92,-139.7,16243,R20MZ_IA-4_FZ_150_filtered
25,12,0,-149.42,10.512,348.88,6.65,-378.95,4001,R20MZ_FZ_150_filtered
25,12,0,-149.42,-12.151,355.68,-9.12,356.48,4679,R20MZ_FZ_150_filtered
25,12,0,-149.41,-10.022,356.24,-9.74,359.59,4735,R20MZ_FZ_150_filtered
25,12,0,-149.39,6.431,347.86,13.8,-347.47,3899,R20MZ_FZ_150_filtered
25,12,-0,-149.36,11.768,349.22,-6.19,-376.59,4035,R20MZ_FZ_150_filtered
25,12,2,-149.36,11.204,518.049,12.42,-350.85,10247,R20MZ_IA-2_FZ_150_filtered
25,12,2,-149.36,12.227,518.409,19.19,-338.63,10282,R20MZ_IA-2_FZ_150_filtered
25,12,2,-149.34,-11.712,524.489,17.62,363.48,10890,R20MZ_IA-2_FZ_150_filtered
25,12,4,-149.34,1.556,684.635,34.29,-109.57,16233,R20MZ_IA-4_FZ_150_filtered
25,12,4,-149.34,-7.944,692.495,11.01,357.25,17018,R20MZ_IA-4_FZ_150_filtered
25,12,0,-149.33,6.559,347.89,10.94,-346.4,3902,R20MZ_FZ_150_filtered
25,12,0,-149.31,-10.629,356.09,-0.57,359.53,4720,R20MZ_FZ_150_filtered
25,12,2,-149.31,-11.658,524.819,6.75,358.42,10922,R20MZ_IA-2_FZ_150_filtered
25,12,0,-149.3,5.052,351.25,13.37,-309.75,4237,R20MZ_FZ_150_filtered
25,12,0,-149.28,5.069,347.52,14.42,-318.46,3865,R20MZ_FZ_150_filtered
25,12,0,-149.28,-9.311,354.84,-7.01,362.21,4596,R20MZ_FZ_150_filtered
25,12,2,-149.27,8.773,519.319,14.98,-353.82,10373,R20MZ_IA-2_FZ_150_filtered
25,12,4,-149.27,11.778,687.235,12.47,-307.58,16493,R20MZ_IA-4_FZ_150_filtered
25,12,0,-149.26,-12.059,355.74,19.28,363.26,4685,R20MZ_FZ_150_filtered
25,12,0,-149.25,6.816,350.81,9.02,-343.86,4193,R20MZ_FZ_150_filtered
25,12,0,-149.25,-9.718,356.32,2.45,360.93,4743,R20MZ_FZ_150_filtered
25,12,0,-149.24,-1.088,352.79,-16.76,123.09,4391,R20MZ_FZ_150_filtered
25,12,2,-149.24,-2.964,522.259,-10.85,259.92,10667,R20MZ_IA-2_FZ_150_filtered
25,12,2,-149.24,-3.846,522.479,-9.21,294.96,10689,R20MZ_IA-2_FZ_150_filtered
25,12,4,-149.23,-7.838,692.465,9.34,353.53,17015,R20MZ_IA-4_FZ_150_filtered
25,12,0,-149.21,4.044,351.5,15.29,-282.78,4262,R20MZ_FZ_150_filtered
25,12,0,-149.21,-10.274,355.08,-6.08,361.44,4620,R20MZ_FZ_150_filtered
25,12,0,-149.2,-6.604,357.1,-8.23,338.32,4821,R20MZ_FZ_150_filtered
25,12,2,-149.19,11.84,518.549,5.87,-341.87,10296,R20MZ_IA-2_FZ_150_filtered
25,12,2,-149.19,4.605,520.359,25.17,-290.06,10477,R20MZ_IA-2_FZ_150_filtered
25,12,2,-149.19,0.309,521.439,14.71,-16.42,10585,R20MZ_IA-2_FZ_150_filtered
25,12,0,-149.18,2.302,351.93,12.94,-200.28,4305,R20MZ_FZ_150_filtered
25,12,2,-149.18,5.946,516.739,24.33,-334.78,10116,R20MZ_IA-2_FZ_150_filtered
25,12,0,-149.17,-2.125,358.22,-15.25,189.91,4933,R20MZ_FZ_150_filtered
25,12,0,-149.16,4.199,347.3,14.56,-291.49,3843,R20MZ_FZ_150_filtered
25,12,0,-149.16,4.605,351.36,13.84,-300.61,4248,R20MZ_FZ_150_filtered
25,12,0,-149.16,-6.763,357.06,-10.71,338.34,4817,R20MZ_FZ_150_filtered
25,12,0,-149.15,5.881,351.04,11.35,-327.43,4216,R20MZ_FZ_150_filtered
25,12,2,-149.15,9.311,517.579,14.9,-359.71,10200,R20MZ_IA-2_FZ_150_filtered
25,12,0,-149.14,6.856,350.8,7.53,-343.4,4192,R20MZ_FZ_150_filtered
25,12,2,-149.14,5.117,516.529,23.67,-313.98,10095,R20MZ_IA-2_FZ_150_filtered
25,12,2,-149.13,-9.862,523.979,2.55,359.48,10839,R20MZ_IA-2_FZ_150_filtered
25,12,2,-149.12,9.722,519.079,13.12,-356.75,10349,R20MZ_IA-2_FZ_150_filtered
25,12,0,-149.11,-11.224,355.32,-5.58,358.94,4644,R20MZ_FZ_150_filtered
25,12,2,-149.11,7.325,517.079,21.91,-357.89,10150,R20MZ_IA-2_FZ_150_filtered
25,12,0,-149.1,2.299,346.82,15.94,-206.2,3795,R20MZ_FZ_150_filtered
25,12,2,-149.1,-9.359,525.399,-0.25,357.95,10980,R20MZ_IA-2_FZ_150_filtered
25,12,2,-149.1,-9.026,525.489,-0.97,356.09,10989,R20MZ_IA-2_FZ_150_filtered
25,12,4,-149.09,-7.52,692.385,10.19,355.52,17007,R20MZ_IA-4_FZ_150_filtered
25,12,0,-149.08,7.277,350.69,10.78,-350.11,4181,R20MZ_FZ_150_filtered
25,12,0,-149.07,3.37,347.09,12.82,-262.19,3822,R20MZ_FZ_150_filtered
25,12,0,-149.07,8.589,350.36,8.86,-364.66,4148,R20MZ_FZ_150_filtered
25,12,2,-149.07,9.469,519.139,20.19,-362.7,10355,R20MZ_IA-2_FZ_150_filtered
25,12,0,-149.05,2.714,351.84,12.66,-220.9,4296,R20MZ_FZ_150_filtered
25,12,2,-149.05,0.391,515.349,20,-23.75,9977,R20MZ_IA-2_FZ_150_filtered
25,12,2,-149.05,-4.325,522.599,-7.79,310.33,10701,R20MZ_IA-2_FZ_150_filtered
25,12,0,-149.03,2.747,346.94,18.87,-231.19,3807,R20MZ_FZ_150_filtered
25,12,2,-149.03,12.217,518.419,18.55,-339.07,10283,R20MZ_IA-2_FZ_150_filtered
25,12,2,-149.03,-2.087,522.039,-9.91,212.6,10645,R20MZ_IA-2_FZ_150_filtered
25,12,2,-149.03,-12.139,524.699,9.28,359.8,10910,R20MZ_IA-2_FZ_150_filtered
25,12,2,-149.03,-10.327,525.149,-1.65,357.34,10955,R20MZ_IA-2_FZ_150_filtered
25,12,4,-149.02,11.78,687.245,10.86,-308.55,16494,R20MZ_IA-4_FZ_150_filtered
25,12,0,-149,1.752,346.69,13.22,-173.63,3782,R20MZ_FZ_150_filtered
25,12,0,-149,-7.165,356.95,-15.25,343.45,4806,R20MZ_FZ_150_filtered
25,12,4,-149,-5.271,691.825,5.29,329.89,16951,R20MZ_IA-4_FZ_150_filtered
25,12,0,-148.99,4.236,347.31,13.51,-292.27,3844,R20MZ_FZ_150_filtered
25,12,0,-148.97,7.955,348.24,7.94,-360.31,3937,R20MZ_FZ_150_filtered
25,12,0,-148.97,8.244,350.45,7.53,-358.45,4157,R20MZ_FZ_150_filtered
25,12,0,-148.97,8.175,350.47,8.1,-360.47,4159,R20MZ_FZ_150_filtered
25,12,0,-148.96,1.448,352.15,9.07,-142.57,4327,R20MZ_FZ_150_filtered
25,12,0,-148.95,9.637,350.1,4.97,-363.73,4122,R20MZ_FZ_150_filtered
25,12,0,-148.95,8.718,350.33,5.37,-361.24,4145,R20MZ_FZ_150_filtered
25,12,2,-148.95,-8.02,523.519,-0.1,355.94,10793,R20MZ_IA-2_FZ_150_filtered
25,12,0,-148.93,6.115,347.78,11.38,-337.37,3891,R20MZ_FZ_150_filtered
25,12,0,-148.93,7.035,348.01,9.85,-351.62,3914,R20MZ_FZ_150_filtered
25,12,0,-148.92,9.369,348.59,5.52,-365.57,3972,R20MZ_FZ_150_filtered
25,12,0,-148.92,-9.06,356.48,-12.81,354.61,4759,R20MZ_FZ_150_filtered
25,12,0,-148.91,-11.696,355.45,5.16,355.7,4657,R20MZ_FZ_150_filtered
25,12,-0,-148.89,5.515,347.63,16.13,-328.37,3876,R20MZ_FZ_150_filtered
25,12,0,-148.89,3.696,351.59,14.68,-269.91,4271,R20MZ_FZ_150_filtered
25,12,0,-148.87,3.603,351.61,16.29,-265.27,4273,R20MZ_FZ_150_filtered
25,12,0,-148.86,-9.348,354.85,-7.15,360.03,4597,R20MZ_FZ_150_filtered
25,12,0,-148.85,1.705,346.68,12.41,-171.13,3781,R20MZ_FZ_150_filtered
25,12,2,-148.83,-7.537,523.399,-1.06,353.43,10781,R20MZ_IA-2_FZ_150_filtered
25,12,0,-148.81,3.244,347.06,15.3,-255.36,3819,R20MZ_FZ_150_filtered
25,12,0,-148.8,4.956,351.27,14.48,-308.82,4239,R20MZ_FZ_150_filtered
25,12,0,-148.79,-6.14,357.21,-15.7,331.66,4832,R20MZ_FZ_150_filtered
25,12,2,-148.79,-9.182,523.809,2.91,367.39,10822,R20MZ_IA-2_FZ_150_filtered
25,12,0,-148.78,10.966,348.99,5.58,-376.76,4012,R20MZ_FZ_150_filtered
25,12,2,-148.78,-2.332,522.099,-5.3,227.47,10651,R20MZ_IA-2_FZ_150_filtered
25,12,4,-148.77,-2.059,691.025,1.82,208.84,16871,R20MZ_IA-4_FZ_150_filtered
25,12,0,-148.76,4.65,347.41,17.43,-306.09,3854,R20MZ_FZ_150_filtered
25,12,-0,-148.76,9.608,348.65,8.22,-378.46,3978,R20MZ_FZ_150_filtered
25,12,0,-148.76,-9.231,356.43,-10.84,360.03,4754,R20MZ_FZ_150_filtered
25,12,0,-148.74,-2.555,358.11,-16.63,217.2,4922,R20MZ_FZ_150_filtered
25,12,2,-148.73,7.752,517.189,20.72,-361.48,10161,R20MZ_IA-2_FZ_150_filtered
25,12,0,-148.72,3.718,347.18,18.95,-275.22,3831,R20MZ_FZ_150_filtered
25,12,2,-148.71,-1.661,521.929,-0.86,186.05,10634,R20MZ_IA-2_FZ_150_filtered
25,12,0,-148.7,-3.554,357.86,-19.22,265.75,4897,R20MZ_FZ_150_filtered
25,12,2,-148.64,7.009,516.999,18.75,-345.64,10142,R20MZ_IA-2_FZ_150_filtered
25,12,4,-148.64,9.869,688.035,19.56,-317.45,16572,R20MZ_IA-4_FZ_150_filtered
25,12,2,-148.63,5.518,516.629,25.75,-323.63,10105,R20MZ_IA-2_FZ_150_filtered
25,12,0,-148.61,-10.935,356.02,1.15,356.47,4713,R20MZ_FZ_150_filtered
25,12,0,-148.59,-4.906,357.52,-17.5,307.02,4863,R20MZ_FZ_150_filtered
25,12,0,-148.58,-4.309,357.67,-17.43,292.75,4878,R20MZ_FZ_150_filtered
25,12,2,-148.58,6.072,516.769,21.58,-333.23,10119,R20MZ_IA-2_FZ_150_filtered
25,12,4,-148.58,-7.868,692.475,9.96,354.26,17016,R20MZ_IA-4_FZ_150_filtered
25,12,-0,-148.57,-8.842,356.54,-4.28,358.66,4765,R20MZ_FZ_150_filtered
25,12,4,-148.57,0.359,690.415,26.29,-2.68,16810,R20MZ_IA-4_FZ_150_filtered
25,12,2,-148.56,11.929,518.529,-6.24,-336.15,10294,R20MZ_IA-2_FZ_150_filtered
25,12,2,-148.54,1.33,521.179,22.87,-111.06,10559,R20MZ_IA-2_FZ_150_filtered
25,12,0,-148.53,9.505,350.13,9.15,-367.91,4125,R20MZ_FZ_150_filtered
25,12,0,-148.53,5.476,351.14,12.82,-318.89,4226,R20MZ_FZ_150_filtered
25,12,4,-148.53,12.208,687.355,27.26,-304.89,16504,R20MZ_IA-4_FZ_150_filtered
25,12,0,-148.51,11.779,349.56,-2.56,-369.61,4068,R20MZ_FZ_150_filtered
25,12,0,-148.5,4.56,351.37,14.21,-298.26,4249,R20MZ_FZ_150_filtered
25,12,0,-148.5,-7.121,356.96,-15.5,342.56,4807,R20MZ_FZ_150_filtered
25,12,2,-148.48,2.733,515.939,29.6,-218.01,10036,R20MZ_IA-2_FZ_150_filtered
25,12,2,-148.48,-5.973,523.009,-3.37,342.39,10742,R20MZ_IA-2_FZ_150_filtered
25,12,0,-148.47,8.204,350.46,8.1,-358.31,4158,R20MZ_FZ_150_filtered
25,12,2,-148.47,11.892,518.539,-0.62,-338.31,10295,R20MZ_IA-2_FZ_150_filtered
25,12,4,-148.46,7.825,688.545,27.72,-337.69,16623,R20MZ_IA-4_FZ_150_filtered
25,12,0,-148.45,12.196,349.44,2.91,-370.22,4056,R20MZ_FZ_150_filtered
25,12,4,-148.44,-2.403,691.105,7.21,228.24,16879,R20MZ_IA-4_FZ_150_filtered
25,12,0,-148.43,-5.237,357.44,-15.99,314.93,4855,R20MZ_FZ_150_filtered
25,12,0,-148.42,-10.313,355.09,-6.64,359.26,4621,R20MZ_FZ_150_filtered
25,12,0,-148.42,-6.22,357.19,-15.1,330.75,4830,R20MZ_FZ_150_filtered
25,12,-0,-148.41,-2.048,353.03,-22.3,200.03,4415,R20MZ_FZ_150_filtered
25,12,0,-148.4,-1.971,353.01,-20.3,195.96,4413,R20MZ_FZ_150_filtered
25,12,0,-148.39,10.757,348.94,3.06,-366.35,4007,R20MZ_FZ_150_filtered
25,12,0,-148.39,-6.176,357.2,-15.43,331.18,4831,R20MZ_FZ_150_filtered
25,12,-0,-148.39,-2.997,358,-16.99,241.12,4911,R20MZ_FZ_150_filtered
25,12,2,-148.38,11.323,518.079,14.29,-351.51,10250,R20MZ_IA-2_FZ_150_filtered
25,12,2,-148.36,-1.857,521.979,-6.05,198.93,10639,R20MZ_IA-2_FZ_150_filtered
25,12,0,-148.35,5.009,351.26,13.59,-308.69,4238,R20MZ_FZ_150_filtered
25,12,0,-148.35,-7.523,356.87,-5.61,348.56,4798,R20MZ_FZ_150_filtered
25,12,2,-148.35,10.858,518.799,9.63,-361.46,10321,R20MZ_IA-2_FZ_150_filtered
25,12,0,-148.34,-8.907,354.74,-8.68,358.32,4586,R20MZ_FZ_150_filtered
25,12,0,-148.34,-11.293,355.91,-15.29,353.86,4702,R20MZ_FZ_150_filtered
25,12,2,-148.33,-11.417,524.369,6,362.09,10878,R20MZ_IA-2_FZ_150_filtered
25,12,2,-148.32,-6.168,523.059,-4.71,343.07,10747,R20MZ_IA-2_FZ_150_filtered
25,12,4,-148.32,0.8,690.305,28.02,-42.32,16799,R20MZ_IA-4_FZ_150_filtered
25,12,2,-148.3,7.476,517.119,17.74,-347.82,10154,R20MZ_IA-2_FZ_150_filtered
25,12,0,-148.29,4.094,351.49,14.45,-283.38,4261,R20MZ_FZ_150_filtered
25,12,2,-148.27,6.397,516.849,23.94,-342.74,10127,R20MZ_IA-2_FZ_150_filtered
25,12,4,-148.27,2.553,684.885,35.91,-181.93,16258,R20MZ_IA-4_FZ_150_filtered
25,12,0,-148.26,7.33,348.08,12.11,-360.32,3921,R20MZ_FZ_150_filtered
25,12,0,-148.25,-7.95,354.5,-9.33,357.1,4562,R20MZ_FZ_150_filtered
25,12,0,-148.24,-12.188,355.57,-0.2,356.79,4668,R20MZ_FZ_150_filtered
25,12,2,-148.24,-6.416,523.119,-3.01,347.38,10753,R20MZ_IA-2_FZ_150_filtered
25,12,0,-148.23,10.427,349.9,9.82,-367.73,4102,R20MZ_FZ_150_filtered
25,12,0,-148.22,-5.791,357.3,-14.5,323.62,4841,R20MZ_FZ_150_filtered
25,12,2,-148.22,-9.406,523.869,2.13,359.64,10828,R20MZ_IA-2_FZ_150_filtered
25,12,0,-148.21,9.173,350.22,5.54,-361.84,4134,R20MZ_FZ_150_filtered
25,12,-0,-148.21,-8.092,356.72,-15.04,351.1,4783,R20MZ_FZ_150_filtered
25,12,0,-148.21,-3.034,357.99,-17.75,242.64,4910,R20MZ_FZ_150_filtered
25,12,0,-148.19,-7.048,356.98,-15.01,342.81,4809,R20MZ_FZ_150_filtered
25,12,0,-148.19,-2.606,358.1,-17.33,219.4,4921,R20MZ_FZ_150_filtered
25,12,4,-148.19,10.186,687.955,24.88,-316.4,16564,R20MZ_IA-4_FZ_150_filtered
25,12,2,-148.17,5.157,516.539,23.24,-312.14,10096,R20MZ_IA-2_FZ_150_filtered
25,12,0,-148.16,-8.426,354.62,-8.79,358.03,4574,R20MZ_FZ_150_filtered
25,12,0,-148.15,1.793,352.07,8.74,-163.05,4319,R20MZ_FZ_150_filtered
25,12,0,-148.15,-10.149,356.2,-12.16,359.25,4731,R20MZ_FZ_150_filtered
25,12,0,-148.14,-8.377,354.61,-8.47,359.88,4573,R20MZ_FZ_150_filtered
25,12,2,-148.14,-11.294,524.339,4.5,358.39,10875,R20MZ_IA-2_FZ_150_filtered
25,12,2,-148.13,9.998,517.749,16.38,-368.75,10217,R20MZ_IA-2_FZ_150_filtered
25,12,0,-148.11,3.792,347.2,18.58,-277.67,3833,R20MZ_FZ_150_filtered
25,12,0,-148.11,-11.478,355.86,-13.73,362.2,4697,R20MZ_FZ_150_filtered
25,12,0,-148.1,-2.478,353.13,-15.88,224.05,4425,R20MZ_FZ_150_filtered
25,12,0,-148.07,-1.189,352.81,-17.54,130.07,4393,R20MZ_FZ_150_filtered
25,12,2,-148.07,-11.379,524.359,5.52,360.24,10877,R20MZ_IA-2_FZ_150_filtered
25,12,2,-148.06,-9.135,523.799,2.71,365.37,10821,R20MZ_IA-2_FZ_150_filtered
25,12,0,-148.04,11.758,349.21,-7.3,-371.59,4034,R20MZ_FZ_150_filtered
25,12,0,-148.04,2.798,351.82,11.72,-225.69,4294,R20MZ_FZ_150_filtered
25,12,0,-148.04,-10.188,355.06,-5.36,363.9,4618,R20MZ_FZ_150_filtered
25,12,0,-148.03,-11.787,355.8,8.81,354.15,4691,R20MZ_FZ_150_filtered
25,12,0,-148.02,11.401,349.1,5.25,-373.63,4023,R20MZ_FZ_150_filtered
25,12,0,-148.02,11.697,349.18,-1.61,-363.7,4031,R20MZ_FZ_150_filtered
25,12,0,-148.02,12.27,349.3,-10.05,-366.03,4042,R20MZ_FZ_150_filtered
25,12,0,-148.02,11.391,349.65,10,-365.89,4077,R20MZ_FZ_150_filtered
25,12,0,-148.01,-3.995,357.75,-18.61,281.57,4886,R20MZ_FZ_150_filtered
25,12,2,-148,11.286,518.069,13.41,-347.94,10249,R20MZ_IA-2_FZ_150_filtered
25,12,-0,-147.97,12.22,349.42,7.57,-365.87,4054,R20MZ_FZ_150_filtered
25,12,2,-147.97,8.288,519.439,17.28,-352,10385,R20MZ_IA-2_FZ_150_filtered
25,12,4,-147.97,9.284,686.565,24.66,-328.06,16426,R20MZ_IA-4_FZ_150_filtered
25,12,2,-147.96,10.752,517.939,12.74,-353.23,10236,R20MZ_IA-2_FZ_150_filtered
25,12,0,-147.95,8.692,348.42,9.55,-373.36,3955,R20MZ_FZ_150_filtered
25,12,0,-147.93,-7.937,356.76,-12.32,353.04,4787,R20MZ_FZ_150_filtered
25,12,0,-147.92,11.246,349.06,3.02,-364.98,4019,R20MZ_FZ_150_filtered
25,12,0,-147.92,-7.996,354.51,-9.73,355.06,4563,R20MZ_FZ_150_filtered
25,12,0,-147.92,-10.791,355.21,-6.5,358.33,4633,R20MZ_FZ_150_filtered
25,12,0,-147.91,-6.109,354.04,-14.12,337.42,4516,R20MZ_FZ_150_filtered
25,12,2,-147.91,0.224,521.459,13.87,-7.46,10587,R20MZ_IA-2_FZ_150_filtered
25,12,0,-147.9,3.636,351.6,15.36,-266.78,4272,R20MZ_FZ_150_filtered
25,12,2,-147.9,-7.325,523.349,0.06,356.51,10776,R20MZ_IA-2_FZ_150_filtered
25,12,0,-147.89,11.913,349.53,-19.46,-365.4,4065,R20MZ_FZ_150_filtered
25,12,2,-147.88,10.269,517.819,13.92,-355.87,10224,R20MZ_IA-2_FZ_150_filtered
25,12,0,-147.85,-5.229,353.82,-16.04,323.91,4494,R20MZ_FZ_150_filtered
25,12,0,-147.83,8.437,348.36,7.01,-360.18,3949,R20MZ_FZ_150_filtered
25,12,0,-147.83,9.097,350.24,4.99,-365.28,4136,R20MZ_FZ_150_filtered
25,12,0,-147.8,-11.549,355.4,-3.31,363.29,4652,R20MZ_FZ_150_filtered
25,12,2,-147.8,-7.769,523.459,0.61,359.76,10787,R20MZ_IA-2_FZ_150_filtered
25,12,0,-147.78,-6.711,357.07,-9.69,336.92,4818,R20MZ_FZ_150_filtered
25,12,2,-147.78,11.241,518.059,12.72,-347.64,10248,R20MZ_IA-2_FZ_150_filtered
25,12,0,-147.77,-7.026,354.27,-11.4,348.1,4539,R20MZ_FZ_150_filtered
25,12,0,-147.77,-9.283,356.42,-11.01,358.19,4753,R20MZ_FZ_150_filtered
25,12,4,-147.77,8.714,686.425,23.68,-332.6,16412,R20MZ_IA-4_FZ_150_filtered
25,12,0,-147.75,-6.146,354.05,-14.36,337.11,4517,R20MZ_FZ_150_filtered
25,12,0,-147.74,12.207,349.43,5.93,-367.28,4055,R20MZ_FZ_150_filtered
25,12,0,-147.74,2.745,351.83,12.08,-222.92,4295,R20MZ_FZ_150_filtered
25,12,0,-147.74,-7.097,356.97,-15.4,342.4,4808,R20MZ_FZ_150_filtered
25,12,0,-147.73,7.763,348.19,10.98,-364.5,3932,R20MZ_FZ_150_filtered
25,12,0,-147.72,-7.905,354.49,-9.71,357.4,4561,R20MZ_FZ_150_filtered
25,12,0,-147.7,11.825,349.55,-7.93,-367.59,4067,R20MZ_FZ_150_filtered
25,12,0,-147.67,-9.258,354.83,-6.93,363.14,4595,R20MZ_FZ_150_filtered
25,12,0,-147.67,-10.676,356.08,0.53,358.33,4719,R20MZ_FZ_150_filtered
25,12,2,-147.67,10.639,518.849,11.71,-359.59,10326,R20MZ_IA-2_FZ_150_filtered
25,12,2,-147.66,2.471,515.869,23.88,-202.95,10029,R20MZ_IA-2_FZ_150_filtered
25,12,0,-147.65,11.314,349.67,11.44,-368.2,4079,R20MZ_FZ_150_filtered
25,12,0,-147.65,-4.791,357.55,-15.51,304.53,4866,R20MZ_FZ_150_filtered
25,12,0,-147.64,8.647,350.35,7.49,-362.18,4147,R20MZ_FZ_150_filtered
25,12,2,-147.63,-8.501,523.639,0.86,358.24,10805,R20MZ_IA-2_FZ_150_filtered
25,12,4,-147.62,-1.1,690.785,8.32,142.1,16847,R20MZ_IA-4_FZ_150_filtered
25,12,0,-147.59,8.679,350.34,6.38,-361.07,4146,R20MZ_FZ_150_filtered
25,12,0,-147.57,-3.941,357.76,-17.85,279.89,4887,R20MZ_FZ_150_filtered
25,12,0,-147.55,-8.367,356.65,-8.99,356.31,4776,R20MZ_FZ_150_filtered
25,12,0,-147.54,-12.145,355.62,-11.01,364.03,4673,R20MZ_FZ_150_filtered
25,12,0,-147.54,-9.028,356.49,-12.5,353.09,4760,R20MZ_FZ_150_filtered
25,12,2,-147.54,-10.494,524.139,5.34,364.55,10855,R20MZ_IA-2_FZ_150_filtered
25,12,0,-147.51,4.276,347.32,12.53,-290.38,3845,R20MZ_FZ_150_filtered
25,12,0,-147.51,9.842,348.71,4.7,-363.85,3984,R20MZ_FZ_150_filtered
25,12,2,-147.51,1.373,521.169,22.6,-114.38,10558,R20MZ_IA-2_FZ_150_filtered
25,12,4,-147.5,8.038,686.255,28.54,-346.62,16395,R20MZ_IA-4_FZ_150_filtered
25,12,-0,-147.46,10.091,349.99,3.53,-362.59,4111,R20MZ_FZ_150_filtered
25,12,0,-147.46,0.764,352.32,6.3,-83.67,4344,R20MZ_FZ_150_filtered
25,12,0,-147.45,-7.467,354.38,-10.24,353.39,4550,R20MZ_FZ_150_filtered
25,12,0,-147.44,7.532,348.13,8.26,-352.39,3926,R20MZ_FZ_150_filtered
25,12,0,-147.44,11.356,349.66,10.71,-366.68,4078,R20MZ_FZ_150_filtered
25,12,0,-147.44,-4.295,353.59,-17.84,300.8,4471,R20MZ_FZ_150_filtered
25,12,2,-147.44,-3.887,522.489,-9.95,295.4,10690,R20MZ_IA-2_FZ_150_filtered
25,12,-0,-147.41,-10.632,355.17,-4.63,364.55,4629,R20MZ_FZ_150_filtered
25,12,0,-147.41,-12.088,355.73,14.83,361.74,4684,R20MZ_FZ_150_filtered
25,12,2,-147.41,-6.848,523.229,-0.96,351.39,10764,R20MZ_IA-2_FZ_150_filtered
25,12,0,-147.38,4.153,347.29,15.71,-288.39,3842,R20MZ_FZ_150_filtered
25,12,2,-147.36,10.882,517.969,14.27,-360.24,10239,R20MZ_IA-2_FZ_150_filtered
25,12,0,-147.35,-1.046,352.78,-15.94,119.21,4390,R20MZ_FZ_150_filtered
25,12,2,-147.33,-5.742,522.949,-5.65,336.51,10736,R20MZ_IA-2_FZ_150_filtered
25,12,0,-147.31,-6.543,354.15,-12.64,343.61,4527,R20MZ_FZ_150_filtered
25,12,0,-147.3,-6.068,354.03,-13.98,336.61,4515,R20MZ_FZ_150_filtered
25,12,2,-147.3,-2.112,522.049,-9.68,214.72,10646,R20MZ_IA-2_FZ_150_filtered
25,12,0,-147.28,9.587,350.11,5.99,-362.92,4123,R20MZ_FZ_150_filtered
25,12,0,-147.27,-6.991,354.26,-11.14,348.12,4538,R20MZ_FZ_150_filtered
25,12,0,-147.27,-7.981,356.75,-13.35,352,4786,R20MZ_FZ_150_filtered
25,12,2,-147.27,8.866,517.469,15.57,-354.49,10189,R20MZ_IA-2_FZ_150_filtered
25,12,0,-147.26,-11.262,355.33,-6.17,356.62,4645,R20MZ_FZ_150_filtered
25,12,0,-147.25,11.885,349.54,-14.6,-365.74,4066,R20MZ_FZ_150_filtered
25,12,2,-147.22,8.723,519.329,15.74,-352.78,10374,R20MZ_IA-2_FZ_150_filtered
25,12,2,-147.22,-3.698,522.439,-5.64,287.3,10685,R20MZ_IA-2_FZ_150_filtered
25,12,4,-147.22,-4.713,691.685,2.95,315.81,16937,R20MZ_IA-4_FZ_150_filtered
25,12,0,-147.16,-8.881,356.53,-5.52,356.65,4764,R20MZ_FZ_150_filtered
25,12,0,-147.15,11.752,349.2,-5.7,-367.11,4033,R20MZ_FZ_150_filtered
25,12,0,-147.14,-4.788,353.71,-17.39,312.45,4483,R20MZ_FZ_150_filtered
25,12,0,-147.13,-8.351,354.6,-8.13,360.2,4572,R20MZ_FZ_150_filtered
25,12,0,-147.13,-8.946,354.75,-8.9,355.72,4587,R20MZ_FZ_150_filtered
25,12,0,-147.13,-8.054,356.73,-14.55,350.77,4784,R20MZ_FZ_150_filtered
25,12,2,-147.12,-1.708,521.939,-2.08,188.81,10635,R20MZ_IA-2_FZ_150_filtered
25,12,2,-147.1,9.512,519.129,19.01,-359.33,10354,R20MZ_IA-2_FZ_150_filtered
25,12,0,-147.09,-5.261,357.43,-16.03,314.79,4854,R20MZ_FZ_150_filtered
25,12,2,-147.09,9.092,519.239,14.28,-357.77,10365,R20MZ_IA-2_FZ_150_filtered
25,12,0,-147.07,-2.935,353.25,-20.19,248.54,4437,R20MZ_FZ_150_filtered
25,12,0,-147.07,-4.879,357.53,-16.24,305.8,4864,R20MZ_FZ_150_filtered
25,12,0,-147.06,-4.347,353.6,-17.9,301.13,4472,R20MZ_FZ_150_filtered
25,12,2,-147.06,6.565,516.889,20.29,-337.61,10131,R20MZ_IA-2_FZ_150_filtered
25,12,0,-147.05,10.316,348.83,4.87,-365.27,3996,R20MZ_FZ_150_filtered
25,12,4,-147.02,3.07,685.015,38.64,-211.33,16271,R20MZ_IA-4_FZ_150_filtered
25,12,0,-147.01,10.055,350,2.26,-363.54,4112,R20MZ_FZ_150_filtered
25,12,4,-147,9.742,688.065,23.17,-318.33,16575,R20MZ_IA-4_FZ_150_filtered
25,12,0,-146.99,4.608,347.4,17.47,-302.02,3853,R20MZ_FZ_150_filtered
25,12,0,-146.99,-4.742,353.7,-17.44,312.26,4482,R20MZ_FZ_150_filtered
25,12,0,-146.99,-6.178,354.06,-14.59,336.18,4518,R20MZ_FZ_150_filtered
25,12,0,-146.99,-3.517,357.87,-18.78,263.91,4898,R20MZ_FZ_150_filtered
25,12,0,-146.98,-8.41,356.64,-7.62,354.8,4775,R20MZ_FZ_150_filtered
25,12,2,-146.95,9.074,517.519,17.94,-366.77,10194,R20MZ_IA-2_FZ_150_filtered
25,12,0,-146.92,11.722,349.19,-3.95,-364,4032,R20MZ_FZ_150_filtered
25,12,2,-146.92,11.365,518.659,21.19,-341.01,10307,R20MZ_IA-2_FZ_150_filtered
25,12,4,-146.92,0.756,690.315,27.05,-38.38,16800,R20MZ_IA-4_FZ_150_filtered
25,12,0,-146.9,5.045,347.51,14.21,-314.41,3864,R20MZ_FZ_150_filtered
25,12,0,-146.9,-4.83,357.54,-16,304.85,4865,R20MZ_FZ_150_filtered
25,12,0,-146.89,-10.184,356.19,-13.43,357.58,4730,R20MZ_FZ_150_filtered
25,12,2,-146.89,10.315,517.829,14.02,-354.48,10225,R20MZ_IA-2_FZ_150_filtered
25,12,0,-146.88,9.571,348.64,7.86,-374.26,3977,R20MZ_FZ_150_filtered
25,12,2,-146.88,9.364,517.589,15.09,-356.51,10201,R20MZ_IA-2_FZ_150_filtered
25,12,0,-146.86,10.464,349.89,7.8,-364.47,4101,R20MZ_FZ_150_filtered
25,12,0,-146.85,10.48,348.87,6.67,-375.65,4000,R20MZ_FZ_150_filtered
25,12,0,-146.85,9.549,350.12,7.37,-364.81,4124,R20MZ_FZ_150_filtered
25,12,2,-146.85,-3.01,522.269,-11.2,261.74,10668,R20MZ_IA-2_FZ_150_filtered
25,12,0,-146.84,-4.262,353.58,-17.61,300.05,4470,R20MZ_FZ_150_filtered
25,12,0,-146.84,-5.14,353.8,-15.81,321.74,4492,R20MZ_FZ_150_filtered
25,12,2,-146.83,-5.285,522.839,-6.14,329.04,10725,R20MZ_IA-2_FZ_150_filtered
25,12,0,-146.82,-2.089,353.04,-22.38,202.18,4416,R20MZ_FZ_150_filtered
25,12,2,-146.79,-0.103,521.539,10.87,28.18,10595,R20MZ_IA-2_FZ_150_filtered
25,12,0,-146.78,1.826,352.06,8.63,-165.36,4318,R20MZ_FZ_150_filtered
25,12,2,-146.78,10.842,517.959,13.35,-355.28,10238,R20MZ_IA-2_FZ_150_filtered
25,12,0,-146.77,-2.9,353.24,-18.75,246.53,4436,R20MZ_FZ_150_filtered
25,12,0,-146.77,-12.155,355.69,-6.66,355.87,4680,R20MZ_FZ_150_filtered
25,12,2,-146.76,-4.371,522.609,-7.58,309.82,10702,R20MZ_IA-2_FZ_150_filtered
25,12,2,-146.75,-9.497,523.889,3.21,360.99,10830,R20MZ_IA-2_FZ_150_filtered
25,12,0,-146.74,2.949,346.99,17.54,-241.23,3812,R20MZ_FZ_150_filtered
25,12,0,-146.74,-9.957,356.26,-6.73,355.43,4737,R20MZ_FZ_150_filtered
25,12,2,-146.74,10.384,518.909,20.52,-361.67,10332,R20MZ_IA-2_FZ_150_filtered
25,12,0,-146.73,-11.265,355.92,-15.69,353.88,4703,R20MZ_FZ_150_filtered
25,12,2,-146.68,-4.56,522.659,-5.99,315.52,10707,R20MZ_IA-2_FZ_150_filtered
25,12,4,-146.68,-3.324,691.335,3.02,268.84,16902,R20MZ_IA-4_FZ_150_filtered
25,12,0,-146.67,-8.014,356.74,-14.02,350.93,4785,R20MZ_FZ_150_filtered
25,12,2,-146.66,-7.136,523.299,-1.66,349.5,10771,R20MZ_IA-2_FZ_150_filtered
25,12,2,-146.65,-9.103,523.789,2.78,363.47,10820,R20MZ_IA-2_FZ_150_filtered
25,12,0,-146.63,-5.272,353.83,-16.29,323.3,4495,R20MZ_FZ_150_filtered
25,12,0,-146.62,2.7,346.93,17.38,-226.17,3806,R20MZ_FZ_150_filtered
25,12,0,-146.62,-11.693,355.46,6.92,355.26,4658,R20MZ_FZ_150_filtered
25,12,2,-146.62,10.795,517.949,12.63,-352.47,10237,R20MZ_IA-2_FZ_150_filtered
25,12,0,-146.6,-3.817,353.47,-18.66,285.64,4459,R20MZ_FZ_150_filtered
25,12,0,-146.58,0.271,352.45,1.97,-33.1,4357,R20MZ_FZ_150_filtered
25,12,-0,-146.58,-9.435,354.87,-8.26,355.9,4599,R20MZ_FZ_150_filtered
25,12,0,-146.58,-10.902,356.03,2.92,355.54,4714,R20MZ_FZ_150_filtered
25,12,0,-146.55,-2.965,353.26,-21.57,250.92,4438,R20MZ_FZ_150_filtered
25,12,0,-146.54,-1.69,352.93,-12.53,174.43,4405,R20MZ_FZ_150_filtered
25,12,0,-146.54,-12.16,355.61,-8.48,363.17,4672,R20MZ_FZ_150_filtered
25,12,0,-146.52,-8.988,356.5,-11.3,352.64,4761,R20MZ_FZ_150_filtered
25,12,2,-146.52,-7.732,523.449,0.75,357.73,10786,R20MZ_IA-2_FZ_150_filtered
25,12,2,-146.49,5.47,516.619,26.28,-319.64,10104,R20MZ_IA-2_FZ_150_filtered
25,12,2,-146.49,-8.183,523.559,1.37,359.73,10797,R20MZ_IA-2_FZ_150_filtered
25,12,0,-146.48,1.398,352.16,9.22,-137.91,4328,R20MZ_FZ_150_filtered
25,12,2,-146.48,-6.382,523.109,-2.99,345.16,10752,R20MZ_IA-2_FZ_150_filtered
25,12,0,-146.47,10.977,349.77,-1.74,-363.99,4089,R20MZ_FZ_150_filtered
25,12,2,-146.45,-8.531,523.649,1.02,358.66,10806,R20MZ_IA-2_FZ_150_filtered
25,12,0,-146.44,5.482,347.62,16.58,-323.73,3875,R20MZ_FZ_150_filtered
25,12,0,-146.44,-0.694,352.69,-8.78,80.93,4381,R20MZ_FZ_150_filtered
25,12,2,-146.43,9.691,519.089,13.87,-353.57,10350,R20MZ_IA-2_FZ_150_filtered
25,12,0,-146.41,6.839,347.96,12.44,-349.51,3909,R20MZ_FZ_150_filtered
25,12,0,-146.41,-7.1,354.29,-11.66,345.65,4541,R20MZ_FZ_150_filtered
25,12,0,-146.4,10.808,348.95,3.42,-364.8,4008,R20MZ_FZ_150_filtered
25,12,0,-146.39,3.672,347.17,17.69,-271.01,3830,R20MZ_FZ_150_filtered
25,12,0,-146.39,-3.864,353.48,-19.49,286.88,4460,R20MZ_FZ_150_filtered
25,12,2,-146.38,10.902,518.789,9.03,-356.51,10320,R20MZ_IA-2_FZ_150_filtered
25,12,0,-146.34,-7.429,354.37,-9.85,352.44,4549,R20MZ_FZ_150_filtered
25,12,2,-146.29,-7.295,523.339,-0.28,354.46,10775,R20MZ_IA-2_FZ_150_filtered
25,12,0,-146.28,-4.703,353.69,-17.31,311.51,4481,R20MZ_FZ_150_filtered
25,12,0,-146.28,-9.32,356.41,-10.32,356.18,4752,R20MZ_FZ_150_filtered
25,12,0,-146.26,-6.499,354.14,-12.46,342.66,4526,R20MZ_FZ_150_filtered
25,12,0,-146.22,3.838,347.21,17.84,-275.22,3834,R20MZ_FZ_150_filtered
25,12,0,-146.21,10.004,348.75,6.56,-372.7,3988,R20MZ_FZ_150_filtered
25,12,0,-146.21,10.84,348.96,3.7,-365.73,4009,R20MZ_FZ_150_filtered
25,12,0,-146.19,-8.457,356.63,-6.76,353.57,4774,R20MZ_FZ_150_filtered
25,12,0,-146.16,7.08,348.02,8.8,-346.17,3915,R20MZ_FZ_150_filtered
25,12,0,-146.14,-8.924,356.52,-7.44,354.61,4763,R20MZ_FZ_150_filtered
25,12,-0,-146.13,-11.314,355.34,-5.67,355.44,4646,R20MZ_FZ_150_filtered
25,12,0,-146.12,-8.028,354.52,-10.27,352.77,4564,R20MZ_FZ_150_filtered
25,12,0,-146.1,-1.922,353,-19.54,194.11,4412,R20MZ_FZ_150_filtered
25,12,0,-146.09,-11.13,355.96,-7.96,359.13,4707,R20MZ_FZ_150_filtered
25,12,0,-146.08,-12.101,355.72,9.66,359.89,4683,R20MZ_FZ_150_filtered
25,12,0,-146.07,-12.134,355.7,-2.05,356.65,4681,R20MZ_FZ_150_filtered
25,12,-0,-146.06,6.162,347.79,10.48,-332.06,3892,R20MZ_FZ_150_filtered
25,12,2,-146.06,-2.172,522.059,-9.3,217.31,10647,R20MZ_IA-2_FZ_150_filtered
25,12,0,-146.05,7.999,348.25,7.71,-355.17,3938,R20MZ_FZ_150_filtered
25,12,-0,-146.01,-1.234,352.82,-17.8,133.83,4394,R20MZ_FZ_150_filtered
25,12,0,-146.01,-5.594,353.91,-14.56,329.67,4503,R20MZ_FZ_150_filtered
25,12,2,-146.01,7.715,517.179,20.64,-357.19,10160,R20MZ_IA-2_FZ_150_filtered
25,12,2,-146.01,8.146,517.289,19.92,-359.52,10171,R20MZ_IA-2_FZ_150_filtered
25,12,0,-145.99,2.179,346.79,15.17,-196.86,3792,R20MZ_FZ_150_filtered
25,12,0,-145.99,-9.922,356.27,-4.49,354.03,4738,R20MZ_FZ_150_filtered
25,12,0,-145.95,-5.747,353.95,-15.23,329.36,4507,R20MZ_FZ_150_filtered
25,12,2,-145.92,9.134,519.229,14.27,-354.68,10364,R20MZ_IA-2_FZ_150_filtered
25,12,0,-145.91,-4.823,353.72,-17.67,312.63,4484,R20MZ_FZ_150_filtered
25,12,0,-145.91,-11.513,355.39,-3.23,362.06,4651,R20MZ_FZ_150_filtered
25,12,2,-145.91,-3.93,522.499,-10.5,295.66,10691,R20MZ_IA-2_FZ_150_filtered
25,12,4,-145.91,8.766,686.435,24.13,-333.01,16413,R20MZ_IA-4_FZ_150_filtered
25,12,2,-145.9,-5.779,522.959,-5.34,336.33,10737,R20MZ_IA-2_FZ_150_filtered
25,12,0,-145.87,-12.119,355.71,3.83,358.04,4682,R20MZ_FZ_150_filtered
25,12,2,-145.87,-5.336,522.849,-6.1,329.65,10726,R20MZ_IA-2_FZ_150_filtered
25,12,-0,-145.85,-10.15,355.05,-5.61,363.16,4617,R20MZ_FZ_150_filtered
25,12,0,-145.85,-10.818,355.22,-6.63,356.34,4634,R20MZ_FZ_150_filtered
25,12,0,-145.83,1.364,352.17,10.12,-133.87,4329,R20MZ_FZ_150_filtered
25,12,0,-145.81,-3.35,353.35,-18.39,266.86,4447,R20MZ_FZ_150_filtered
25,12,2,-145.78,9.943,517.739,15.65,-364.3,10216,R20MZ_IA-2_FZ_150_filtered
25,12,0,-145.77,7.277,348.07,11.67,-354.86,3920,R20MZ_FZ_150_filtered
25,12,0,-145.76,10.88,348.97,4.22,-369.45,4010,R20MZ_FZ_150_filtered
25,12,0,-145.74,5.233,347.56,12.46,-313.61,3869,R20MZ_FZ_150_filtered
25,12,0,-145.74,-9.233,354.82,-6.92,362.7,4594,R20MZ_FZ_150_filtered
25,12,0,-145.74,-11.736,355.5,10.86,364.37,4662,R20MZ_FZ_150_filtered
25,12,-0,-145.74,-9.405,356.39,-8.83,353.58,4750,R20MZ_FZ_150_filtered
25,12,4,-145.74,5.358,685.585,34,-299.34,16328,R20MZ_IA-4_FZ_150_filtered
25,12,0,-145.73,-8.951,356.51,-9.26,353.25,4762,R20MZ_FZ_150_filtered
25,12,0,-145.72,-9.359,356.4,-9.78,354.48,4751,R20MZ_FZ_150_filtered
25,12,2,-145.71,-5.458,522.879,-4.74,333.36,10729,R20MZ_IA-2_FZ_150_filtered
25,12,0,-145.69,9.872,348.72,4.72,-362.44,3985,R20MZ_FZ_150_filtered
25,12,2,-145.67,-1.354,521.849,-0.36,158.97,10626,R20MZ_IA-2_FZ_150_filtered
25,12,2,-145.66,10.354,517.839,14.44,-356.09,10226,R20MZ_IA-2_FZ_150_filtered
25,12,2,-145.66,0.617,521.359,16,-47.68,10577,R20MZ_IA-2_FZ_150_filtered
25,12,0,-145.63,-10.215,356.18,-13,356.33,4729,R20MZ_FZ_150_filtered
25,12,-0,-145.61,-10.576,355.16,-4.12,363.17,4628,R20MZ_FZ_150_filtered
25,12,-0,-145.59,-3.904,353.49,-20.07,287.22,4461,R20MZ_FZ_150_filtered
25,12,4,-145.56,2.772,684.945,37.75,-191.67,16264,R20MZ_IA-4_FZ_150_filtered
25,12,0,-145.55,-0.259,352.57,-3.58,23.07,4369,R20MZ_FZ_150_filtered
25,12,0,-145.53,-11.22,355.93,-14.58,354.81,4704,R20MZ_FZ_150_filtered
25,12,0,-145.52,7.727,348.18,10.71,-359.24,3931,R20MZ_FZ_150_filtered
25,12,0,-145.52,0.232,352.46,1.51,-28.45,4358,R20MZ_FZ_150_filtered
25,12,0,-145.51,-12.161,355.6,-6.61,360.67,4671,R20MZ_FZ_150_filtered
25,12,2,-145.51,-6.729,523.199,-2.35,346.83,10761,R20MZ_IA-2_FZ_150_filtered
25,12,4,-145.5,8.871,688.285,23.03,-325.41,16597,R20MZ_IA-4_FZ_150_filtered
25,12,0,-145.48,10.437,348.86,6.03,-371.45,3999,R20MZ_FZ_150_filtered
25,12,2,-145.46,-5.379,522.859,-5.56,330.54,10727,R20MZ_IA-2_FZ_150_filtered
25,12,2,-145.41,10.937,518.779,8.6,-351.88,10319,R20MZ_IA-2_FZ_150_filtered
25,12,2,-145.41,-2.622,522.169,-4.12,243.21,10658,R20MZ_IA-2_FZ_150_filtered
25,12,2,-145.41,-6.784,523.209,-1.7,348.07,10762,R20MZ_IA-2_FZ_150_filtered
25,12,4,-145.41,8.498,688.375,27.1,-334.46,16606,R20MZ_IA-4_FZ_150_filtered
25,12,0,-145.38,-9.905,354.99,-7.15,356.5,4611,R20MZ_FZ_150_filtered
25,12,-0,-145.38,-11.718,355.47,6.75,355.72,4659,R20MZ_FZ_150_filtered
25,12,4,-145.36,8.336,686.325,24.92,-330.1,16402,R20MZ_IA-4_FZ_150_filtered
25,12,-0,-145.34,0.808,352.31,7.13,-86.25,4343,R20MZ_FZ_150_filtered
25,12,2,-145.31,10.434,518.899,19.7,-357.49,10331,R20MZ_IA-2_FZ_150_filtered
25,12,2,-145.26,-4.523,522.649,-6.08,313.64,10706,R20MZ_IA-2_FZ_150_filtered
25,12,0,-145.24,-11.197,355.94,-12.49,356.68,4705,R20MZ_FZ_150_filtered
25,12,0,-145.21,4.106,347.28,15.99,-283.23,3841,R20MZ_FZ_150_filtered
25,12,0,-145.2,-10.302,356.16,-11.52,355.26,4727,R20MZ_FZ_150_filtered
25,12,0,-145.19,-6.03,354.02,-13.89,335.27,4514,R20MZ_FZ_150_filtered
25,12,0,-145.17,-8.311,354.59,-8.56,358.98,4571,R20MZ_FZ_150_filtered
25,12,2,-145.17,10.589,518.859,13.52,-355.81,10327,R20MZ_IA-2_FZ_150_filtered
25,12,0,-145.11,-3.781,353.46,-17.58,284.07,4458,R20MZ_FZ_150_filtered
25,12,0,-145.11,-4.233,353.57,-17.44,298.35,4469,R20MZ_FZ_150_filtered
25,12,0,-145.09,8.472,348.37,6.01,-356.57,3950,R20MZ_FZ_150_filtered
25,12,0,-145.07,-0.987,352.77,-15.16,114.72,4389,R20MZ_FZ_150_filtered
25,12,2,-145.07,9.917,517.729,14.87,-359.98,10215,R20MZ_IA-2_FZ_150_filtered
25,12,2,-145.06,9.864,517.719,14.6,-356.89,10214,R20MZ_IA-2_FZ_150_filtered
25,12,2,-145.05,-5.816,522.969,-4.69,336.88,10738,R20MZ_IA-2_FZ_150_filtered
25,12,0,-145.04,9.525,348.63,7.12,-369.61,3976,R20MZ_FZ_150_filtered
25,12,2,-144.99,-1.306,521.839,-1.97,155.21,10625,R20MZ_IA-2_FZ_150_filtered
25,12,2,-144.98,6.788,516.949,22.21,-344.2,10137,R20MZ_IA-2_FZ_150_filtered
25,12,4,-144.97,7.956,688.515,24.17,-331.37,16620,R20MZ_IA-4_FZ_150_filtered
25,12,-0,-144.95,-8.747,354.7,-7.82,361.48,4582,R20MZ_FZ_150_filtered
25,12,0,-144.95,-10.261,356.17,-12.42,355.41,4728,R20MZ_FZ_150_filtered
25,12,0,-144.94,-0.214,352.56,-3.24,17.96,4368,R20MZ_FZ_150_filtered
25,12,0,-144.94,-11.464,355.38,-3.54,360.68,4650,R20MZ_FZ_150_filtered
25,12,0,-144.93,-11.162,355.95,-9.71,357.75,4706,R20MZ_FZ_150_filtered
25,12,4,-144.89,8.353,686.335,25.36,-333.39,16403,R20MZ_IA-4_FZ_150_filtered
25,12,0,-144.86,-2.859,353.23,-17.53,244.54,4435,R20MZ_FZ_150_filtered
25,12,2,-144.86,-0.057,521.529,11.3,23.79,10594,R20MZ_IA-2_FZ_150_filtered
25,12,0,-144.82,-0.721,352.7,-9.95,85.27,4382,R20MZ_FZ_150_filtered
25,12,2,-144.8,9.562,519.119,17.52,-356.11,10353,R20MZ_IA-2_FZ_150_filtered
25,12,0,-144.78,6.362,347.84,13.77,-337.21,3897,R20MZ_FZ_150_filtered
25,12,0,-144.75,-11.741,355.49,8.09,360.97,4661,R20MZ_FZ_150_filtered
25,12,0,-144.72,-6.222,354.07,-14.55,335.11,4519,R20MZ_FZ_150_filtered
25,12,0,-144.68,8.964,348.49,6.1,-359.66,3962,R20MZ_FZ_150_filtered
25,12,0,-144.65,7.555,348.14,8.03,-348.02,3927,R20MZ_FZ_150_filtered
25,12,0,-144.65,-7.391,354.36,-10.29,350.93,4548,R20MZ_FZ_150_filtered
25,12,0,-144.64,9.959,348.74,5.89,-368.21,3987,R20MZ_FZ_150_filtered
25,12,0,-144.62,-2.395,353.11,-16.89,219.69,4423,R20MZ_FZ_150_filtered
25,12,0,-144.6,-8.069,354.53,-10.51,350.94,4565,R20MZ_FZ_150_filtered
25,12,2,-144.58,11.023,518.759,8.1,-345.85,10317,R20MZ_IA-2_FZ_150_filtered
25,12,2,-144.57,10.013,519.009,10.83,-356.42,10342,R20MZ_IA-2_FZ_150_filtered
25,12,0,-144.56,9.449,348.61,5.53,-362.15,3974,R20MZ_FZ_150_filtered
25,12,0,-144.55,2.658,346.92,15.13,-222.11,3805,R20MZ_FZ_150_filtered
25,12,2,-144.54,4.099,516.279,27.21,-275.35,10070,R20MZ_IA-2_FZ_150_filtered
25,12,2,-144.52,-0.338,521.589,8.26,53.3,10600,R20MZ_IA-2_FZ_150_filtered
25,12,2,-144.5,-2.657,522.179,-4.38,245.35,10659,R20MZ_IA-2_FZ_150_filtered
25,12,2,-144.49,-4.935,522.749,-7.45,322.13,10716,R20MZ_IA-2_FZ_150_filtered
25,12,0,-144.46,8.596,348.4,8.32,-363.84,3953,R20MZ_FZ_150_filtered
25,12,0,-144.46,-4.67,353.68,-16.75,310.31,4480,R20MZ_FZ_150_filtered
25,12,0,-144.46,-11.721,355.48,6.83,357.71,4660,R20MZ_FZ_150_filtered
25,12,2,-144.46,-5.856,522.979,-4.55,337.81,10739,R20MZ_IA-2_FZ_150_filtered
25,12,2,-144.45,9.638,519.099,14.82,-352.22,10351,R20MZ_IA-2_FZ_150_filtered
25,12,2,-144.44,7.238,517.059,21.08,-349.02,10148,R20MZ_IA-2_FZ_150_filtered
25,12,0,-144.42,9.921,348.73,4.96,-363.86,3986,R20MZ_FZ_150_filtered
25,12,2,-144.42,3.362,516.089,21.72,-245.55,10051,R20MZ_IA-2_FZ_150_filtered
25,12,0,-144.32,-2.137,353.05,-22.19,204.55,4417,R20MZ_FZ_150_filtered
25,12,2,-144.3,-4.051,522.529,-9.12,298.4,10694,R20MZ_IA-2_FZ_150_filtered
25,12,0,-144.29,-9.467,354.88,-7.69,355.73,4600,R20MZ_FZ_150_filtered
25,12,0,-144.27,4.322,347.33,11.9,-287.25,3846,R20MZ_FZ_150_filtered
25,12,2,-144.27,8.475,517.369,16.34,-350.38,10179,R20MZ_IA-2_FZ_150_filtered
25,12,0,-144.25,-7.823,354.47,-9.42,354.32,4559,R20MZ_FZ_150_filtered
25,12,2,-144.24,10.981,518.769,7.95,-347.43,10318,R20MZ_IA-2_FZ_150_filtered
25,12,0,-144.22,-10.536,355.15,-4.39,361.14,4627,R20MZ_FZ_150_filtered
25,12,0,-144.21,3.636,347.16,16.02,-265.55,3829,R20MZ_FZ_150_filtered
25,12,0,-144.2,-5.108,353.79,-15.64,319.92,4491,R20MZ_FZ_150_filtered
25,12,0,-144.19,9.49,348.62,6.04,-365.1,3975,R20MZ_FZ_150_filtered
25,12,-0,-144.19,-6.463,354.13,-12.27,341.02,4525,R20MZ_FZ_150_filtered
25,12,0,-144.19,-9.185,354.81,-6.77,361.3,4593,R20MZ_FZ_150_filtered
25,12,0,-144.17,5.44,347.61,15.74,-318.26,3874,R20MZ_FZ_150_filtered
25,12,2,-144.17,8.989,517.499,16.73,-356.27,10192,R20MZ_IA-2_FZ_150_filtered
25,12,2,-144.12,6.586,516.899,19.74,-333.19,10132,R20MZ_IA-2_FZ_150_filtered
25,12,0,-144.08,9.028,348.51,7.11,-364,3964,R20MZ_FZ_150_filtered
25,12,2,-144.08,7.675,517.169,19.72,-352.26,10159,R20MZ_IA-2_FZ_150_filtered
25,12,-0,-144.05,4.558,347.39,17.4,-296.86,3852,R20MZ_FZ_150_filtered
25,12,0,-144.05,-3.303,353.34,-17.92,264.4,4446,R20MZ_FZ_150_filtered
25,12,2,-144.02,3.769,516.199,28.21,-261.99,10062,R20MZ_IA-2_FZ_150_filtered
25,12,0,-143.93,-9.626,354.92,-5.99,361.3,4604,R20MZ_FZ_150_filtered
25,12,2,-143.92,-3.585,522.409,-6.38,283.04,10682,R20MZ_IA-2_FZ_150_filtered
25,12,0,-143.85,8.035,348.26,7.68,-352.68,3939,R20MZ_FZ_150_filtered
25,12,0,-143.83,-1.892,352.99,-18.69,191.99,4411,R20MZ_FZ_150_filtered
25,12,0,-143.82,-1.728,352.94,-14.04,177.71,4406,R20MZ_FZ_150_filtered
25,12,4,-143.82,6.407,685.845,29.18,-317.31,16354,R20MZ_IA-4_FZ_150_filtered
25,12,0,-143.8,2.581,346.9,12.72,-218.7,3803,R20MZ_FZ_150_filtered
25,12,0,-143.8,4.813,347.45,12.59,-300.27,3858,R20MZ_FZ_150_filtered
25,12,0,-143.8,-11.341,355.35,-5.11,355.74,4647,R20MZ_FZ_150_filtered
25,12,0,-143.79,-9.024,354.77,-8.55,354.67,4589,R20MZ_FZ_150_filtered
25,12,0,-143.79,-11.427,355.37,-4.29,359,4649,R20MZ_FZ_150_filtered
25,12,0,-143.75,2.625,346.91,13.38,-219.61,3804,R20MZ_FZ_150_filtered
25,12,0,-143.75,0.18,352.47,0.4,-23.28,4359,R20MZ_FZ_150_filtered
25,12,0,-143.73,5.004,347.5,14.41,-308.8,3863,R20MZ_FZ_150_filtered
25,12,0,-143.73,-5.551,353.9,-14.5,328.46,4502,R20MZ_FZ_150_filtered
25,12,2,-143.72,4.765,516.439,23.44,-294.27,10086,R20MZ_IA-2_FZ_150_filtered
25,12,0,-143.69,-10.897,355.24,-5.47,356.04,4636,R20MZ_FZ_150_filtered
25,12,0,-143.67,-5.786,353.96,-15.41,328.6,4508,R20MZ_FZ_150_filtered
25,12,0,-143.67,-7.144,354.3,-11.85,344.59,4542,R20MZ_FZ_150_filtered
25,12,0,-143.63,6.811,347.95,11.72,-343.53,3908,R20MZ_FZ_150_filtered
25,12,0,-143.6,5.888,347.72,12.98,-325.71,3885,R20MZ_FZ_150_filtered
25,12,0,-143.56,-10.939,355.25,-4.92,357.75,4637,R20MZ_FZ_150_filtered
25,12,-0,-143.55,-10.518,355.14,-5.28,359.01,4626,R20MZ_FZ_150_filtered
25,12,0,-143.54,2.976,347,16.8,-238.7,3813,R20MZ_FZ_150_filtered
25,12,0,-143.52,6.196,347.8,10.49,-328.18,3893,R20MZ_FZ_150_filtered
25,12,0,-143.52,-8.701,354.69,-7.65,359.93,4581,R20MZ_FZ_150_filtered
25,12,0,-143.49,-4.856,353.73,-18.1,312.34,4485,R20MZ_FZ_150_filtered
25,12,2,-143.49,-0.752,521.709,1.64,106.65,10612,R20MZ_IA-2_FZ_150_filtered
25,12,0,-143.47,-8.263,354.58,-8.6,357.28,4570,R20MZ_FZ_150_filtered
25,12,0,-143.46,3.87,347.22,17.35,-271.74,3835,R20MZ_FZ_150_filtered
25,12,4,-143.42,7.089,686.015,29.33,-332.57,16371,R20MZ_IA-4_FZ_150_filtered
25,12,2,-143.41,-4.003,522.519,-9.97,297.3,10693,R20MZ_IA-2_FZ_150_filtered
25,12,0,-143.4,-3.936,353.5,-20.27,287.82,4462,R20MZ_FZ_150_filtered
25,12,0,-143.37,7.249,348.06,11.18,-349.29,3919,R20MZ_FZ_150_filtered
25,12,2,-143.37,3.157,516.039,26.84,-233.48,10046,R20MZ_IA-2_FZ_150_filtered
25,12,0,-143.36,-0.163,352.55,-2.98,12.84,4367,R20MZ_FZ_150_filtered
25,12,0,-143.35,-7.623,354.42,-11.01,347.98,4554,R20MZ_FZ_150_filtered
25,12,2,-143.34,6.761,516.939,21.25,-339.1,10136,R20MZ_IA-2_FZ_150_filtered
25,12,0,-143.33,-7.339,354.35,-9.9,349.21,4547,R20MZ_FZ_150_filtered
25,12,4,-143.33,2.855,684.965,38.77,-193.36,16266,R20MZ_IA-4_FZ_150_filtered
25,12,0,-143.31,8.562,348.39,7.55,-359.34,3952,R20MZ_FZ_150_filtered
25,12,2,-143.31,2.925,515.989,28.31,-223.39,10041,R20MZ_IA-2_FZ_150_filtered
25,12,0,-143.28,-10.419,355.12,-6.21,356.68,4624,R20MZ_FZ_150_filtered
25,12,2,-143.27,10.063,518.999,11.05,-352.88,10341,R20MZ_IA-2_FZ_150_filtered
25,12,2,-143.25,3.622,516.159,26.53,-255.52,10058,R20MZ_IA-2_FZ_150_filtered
25,12,0,-143.22,-11.381,355.36,-4.58,357.12,4648,R20MZ_FZ_150_filtered
25,12,0,-143.2,-10.463,355.13,-4.94,357.61,4625,R20MZ_FZ_150_filtered
25,12,0,-143.07,7.128,348.03,8.74,-342.27,3916,R20MZ_FZ_150_filtered
25,12,0,-143.07,-9.517,354.89,-6.95,356.68,4601,R20MZ_FZ_150_filtered
25,12,2,-143.05,2.547,515.889,23.76,-201.81,10031,R20MZ_IA-2_FZ_150_filtered
25,12,-0,-143.04,-3.745,353.45,-16.96,281.95,4457,R20MZ_FZ_150_filtered
25,12,0,-143.01,-8.586,354.66,-8.99,353.55,4578,R20MZ_FZ_150_filtered
25,12,2,-142.98,10.554,518.869,15.02,-352.88,10328,R20MZ_IA-2_FZ_150_filtered
25,12,0,-142.97,-9.537,354.9,-6.46,358.21,4602,R20MZ_FZ_150_filtered
25,12,0,-142.95,-6.271,354.08,-14.42,334.83,4520,R20MZ_FZ_150_filtered
25,12,0,-142.94,-9.139,354.8,-7.32,359.62,4592,R20MZ_FZ_150_filtered
25,12,0,-142.9,0.844,352.3,7.36,-89.06,4342,R20MZ_FZ_150_filtered
25,12,0,-142.86,8.073,348.27,8.3,-353.45,3940,R20MZ_FZ_150_filtered
25,12,0,-142.84,-5.989,354.01,-13.2,333.72,4513,R20MZ_FZ_150_filtered
25,12,0,-142.8,-9.594,354.91,-5.72,359.92,4603,R20MZ_FZ_150_filtered
25,12,0,-142.79,-8.655,354.68,-7.73,357.29,4580,R20MZ_FZ_150_filtered
25,12,0,-142.75,5.268,347.57,12.19,-310.03,3870,R20MZ_FZ_150_filtered
25,12,0,-142.72,-9.115,354.79,-7.24,357.77,4591,R20MZ_FZ_150_filtered
25,12,2,-142.72,7.198,517.049,20.29,-343.92,10147,R20MZ_IA-2_FZ_150_filtered
25,12,0,-142.66,4.063,347.27,16.42,-278.12,3840,R20MZ_FZ_150_filtered
25,12,0,-142.65,-2.822,353.22,-16.04,242.7,4434,R20MZ_FZ_150_filtered
25,12,0,-142.63,-0.949,352.76,-14.4,110.69,4388,R20MZ_FZ_150_filtered
25,12,0,-142.6,7.642,348.16,8.7,-348.93,3929,R20MZ_FZ_150_filtered
25,12,0,-142.59,-6.423,354.12,-12.34,339.12,4524,R20MZ_FZ_150_filtered
25,12,0,-142.53,7.598,348.15,7.85,-346.92,3928,R20MZ_FZ_150_filtered
25,12,2,-142.53,0.934,521.279,20.23,-74.95,10569,R20MZ_IA-2_FZ_150_filtered
25,12,0,-142.42,-4.192,353.56,-17.06,296.83,4468,R20MZ_FZ_150_filtered
25,12,0,-142.41,-8.114,354.54,-10.22,350.34,4566,R20MZ_FZ_150_filtered
25,12,2,-142.39,-0.018,521.519,11.31,19.7,10593,R20MZ_IA-2_FZ_150_filtered
25,12,0,-142.37,-7.793,354.46,-9.68,352.63,4558,R20MZ_FZ_150_filtered
25,12,0,-142.35,-0.76,352.71,-11.59,89.48,4383,R20MZ_FZ_150_filtered
25,12,0,-142.33,-5.071,353.78,-15.42,318.39,4490,R20MZ_FZ_150_filtered
25,12,0,-142.28,-1.864,352.98,-17.81,189.84,4410,R20MZ_FZ_150_filtered
25,12,0,-142.27,-7.18,354.31,-12.13,344.3,4543,R20MZ_FZ_150_filtered
25,12,0,-142.27,-8.623,354.67,-8.29,355.74,4579,R20MZ_FZ_150_filtered
25,12,0,-142.24,6.312,347.83,12.83,-331.9,3896,R20MZ_FZ_150_filtered
25,12,2,-142.24,7.122,517.029,18.71,-337.26,10145,R20MZ_IA-2_FZ_150_filtered
25,12,0,-142.22,4.525,347.38,15.65,-291.27,3851,R20MZ_FZ_150_filtered
25,12,2,-142.21,-0.794,521.719,-0.03,110,10613,R20MZ_IA-2_FZ_150_filtered
25,12,0,-142.19,3.599,347.15,14.11,-260.56,3828,R20MZ_FZ_150_filtered
25,12,0,-142.19,-8.227,354.57,-8.5,354.97,4569,R20MZ_FZ_150_filtered
25,12,2,-142.19,2.584,515.899,24.22,-202.32,10032,R20MZ_IA-2_FZ_150_filtered
25,12,0,-142.16,6.753,347.94,11.03,-338.25,3907,R20MZ_FZ_150_filtered
25,12,0,-142.15,3.038,347.01,16.23,-237.31,3814,R20MZ_FZ_150_filtered
25,12,2,-142.14,10.503,518.879,16.46,-352.44,10329,R20MZ_IA-2_FZ_150_filtered
25,12,0,-142.13,-4.617,353.67,-16.47,308.93,4479,R20MZ_FZ_150_filtered
25,12,2,-142.11,7.599,517.149,18.14,-343.01,10157,R20MZ_IA-2_FZ_150_filtered
25,12,0,-142.1,6.242,347.81,10.76,-326.47,3894,R20MZ_FZ_150_filtered
25,12,0,-142.03,7.194,348.05,10.34,-344.45,3918,R20MZ_FZ_150_filtered
25,12,0,-141.99,-7.75,354.45,-9.89,350.63,4557,R20MZ_FZ_150_filtered
25,12,4,-141.97,4.394,685.345,34.38,-263.41,16304,R20MZ_IA-4_FZ_150_filtered
25,12,0,-141.92,-5.949,354,-13.13,332.52,4512,R20MZ_FZ_150_filtered
25,12,2,-141.88,6.264,516.819,22.11,-327.2,10124,R20MZ_IA-2_FZ_150_filtered
25,12,0,-141.87,-1.325,352.84,-15.47,142.67,4396,R20MZ_FZ_150_filtered
25,12,0,-141.86,5.396,347.6,14.69,-313.15,3873,R20MZ_FZ_150_filtered
25,12,2,-141.86,7.151,517.039,19.26,-339.61,10146,R20MZ_IA-2_FZ_150_filtered
25,12,0,-141.85,-6.733,354.2,-12.81,340.12,4532,R20MZ_FZ_150_filtered
25,12,0,-141.77,6.719,347.93,10.01,-335.14,3906,R20MZ_FZ_150_filtered
25,12,0,-141.77,-5.503,353.89,-14.59,326.76,4501,R20MZ_FZ_150_filtered
25,12,0,-141.72,5.833,347.71,11.64,-321.17,3884,R20MZ_FZ_150_filtered
25,12,0,-141.71,-7.713,354.44,-10.35,349.22,4556,R20MZ_FZ_150_filtered
25,12,-0,-141.69,-1.748,352.95,-15.17,181.01,4407,R20MZ_FZ_150_filtered
25,12,0,-141.67,-4.905,353.74,-17.78,313.14,4486,R20MZ_FZ_150_filtered
25,12,-0,-141.66,-6.396,354.11,-12.64,337.95,4523,R20MZ_FZ_150_filtered
25,12,0,-141.61,-3.266,353.33,-18.59,262.4,4445,R20MZ_FZ_150_filtered
25,12,0,-141.53,-7.305,354.34,-10.32,347.85,4546,R20MZ_FZ_150_filtered
25,12,0,-141.5,-8.188,354.56,-8.76,352.8,4568,R20MZ_FZ_150_filtered
25,12,0,-141.48,-6.859,354.23,-11.27,343.64,4535,R20MZ_FZ_150_filtered
25,12,2,-141.48,4.96,516.489,24.96,-299.14,10091,R20MZ_IA-2_FZ_150_filtered
25,12,0,-141.45,7.151,348.04,9.62,-341.8,3917,R20MZ_FZ_150_filtered
25,12,2,-141.45,5.836,516.709,22.47,-317.89,10113,R20MZ_IA-2_FZ_150_filtered
25,12,0,-141.4,6.284,347.82,11.84,-328.02,3895,R20MZ_FZ_150_filtered
25,12,2,-141.37,3.816,516.209,27.21,-259.43,10063,R20MZ_IA-2_FZ_150_filtered
25,12,0,-141.36,4.963,347.49,13.67,-303.53,3862,R20MZ_FZ_150_filtered
25,12,0,-141.33,-8.142,354.55,-9.28,351.38,4567,R20MZ_FZ_150_filtered
25,12,0,-141.31,-3.058,353.28,-22.12,253.75,4440,R20MZ_FZ_150_filtered
25,12,0,-141.27,5.807,347.7,11.01,-319.17,3883,R20MZ_FZ_150_filtered
25,12,0,-141.24,4.845,347.46,12.1,-297.61,3859,R20MZ_FZ_150_filtered
25,12,0,-141.22,-2.635,353.17,-15.5,233.57,4429,R20MZ_FZ_150_filtered
25,12,0,-141.22,-3.973,353.51,-19.84,288.44,4463,R20MZ_FZ_150_filtered
25,12,0,-141.2,-1.815,352.97,-16.5,187.5,4409,R20MZ_FZ_150_filtered
25,12,0,-141.18,-6.834,354.22,-11.57,342.29,4534,R20MZ_FZ_150_filtered
25,12,0,-141.11,-1.411,352.86,-12.4,151.81,4398,R20MZ_FZ_150_filtered
25,12,0,-140.96,-6.782,354.21,-12.42,341.02,4533,R20MZ_FZ_150_filtered
25,12,2,-140.93,4.297,516.329,22.26,-276.04,10075,R20MZ_IA-2_FZ_150_filtered
25,12,0,-140.92,-1.36,352.85,-14.15,147.5,4397,R20MZ_FZ_150_filtered
25,12,0,-140.9,-0.108,352.54,-2.77,8.05,4366,R20MZ_FZ_150_filtered
25,12,0,-140.9,-2.79,353.21,-15.89,241.32,4433,R20MZ_FZ_150_filtered
25,12,0,-140.88,-3.705,353.44,-16.4,279.92,4456,R20MZ_FZ_150_filtered
25,12,0,-140.87,-1.798,352.96,-15.95,184.4,4408,R20MZ_FZ_150_filtered
25,12,0,-140.86,3.907,347.23,16.18,-268.77,3836,R20MZ_FZ_150_filtered
25,12,0,-140.84,-7.263,354.33,-10.8,346.3,4545,R20MZ_FZ_150_filtered
25,12,2,-140.83,6.674,516.919,19.98,-331.4,10134,R20MZ_IA-2_FZ_150_filtered
25,12,0,-140.82,-5.91,353.99,-13.65,330.97,4511,R20MZ_FZ_150_filtered
25,12,0,-140.81,5.319,347.58,12.35,-308.33,3871,R20MZ_FZ_150_filtered
25,12,0,-140.79,-5.864,353.98,-14.28,329.68,4510,R20MZ_FZ_150_filtered
25,12,0,-140.72,3.576,347.14,13.19,-256.83,3827,R20MZ_FZ_150_filtered
25,12,0,-140.71,4.034,347.26,16.51,-272.63,3839,R20MZ_FZ_150_filtered
25,12,0,-140.7,-2.298,353.09,-18.76,215.41,4421,R20MZ_FZ_150_filtered
25,12,2,-140.65,2.975,515.999,28.19,-222.21,10042,R20MZ_IA-2_FZ_150_filtered
25,12,2,-140.62,6.191,516.799,20.96,-322.58,10122,R20MZ_IA-2_FZ_150_filtered
25,12,0,-140.61,-4.586,353.66,-16.43,307.54,4478,R20MZ_FZ_150_filtered
25,12,0,-140.61,-7.229,354.32,-11.37,345.05,4544,R20MZ_FZ_150_filtered
25,12,2,-140.61,3.066,516.019,27.89,-224.38,10044,R20MZ_IA-2_FZ_150_filtered
25,12,2,-140.59,5.348,516.589,24.18,-305.04,10101,R20MZ_IA-2_FZ_150_filtered
25,12,2,-140.58,3.025,516.009,28.28,-222.38,10043,R20MZ_IA-2_FZ_150_filtered
25,12,-0,-140.57,3.072,347.02,15.72,-237.58,3815,R20MZ_FZ_150_filtered
25,12,0,-140.51,0.142,352.48,-0.79,-18.14,4360,R20MZ_FZ_150_filtered
25,12,0,-140.49,5.359,347.59,13.41,-309.55,3872,R20MZ_FZ_150_filtered
25,12,2,-140.42,6.237,516.809,21.01,-323.67,10123,R20MZ_IA-2_FZ_150_filtered
25,12,2,-140.4,0.073,521.499,11.21,11.43,10591,R20MZ_IA-2_FZ_150_filtered
25,12,0,-140.32,-0.797,352.72,-13.18,93.67,4384,R20MZ_FZ_150_filtered
25,12,2,-140.25,5.792,516.699,21.64,-314.04,10112,R20MZ_IA-2_FZ_150_filtered
25,12,0,-140.1,0.424,352.41,2.97,-47.28,4353,R20MZ_FZ_150_filtered
25,12,0,-139.99,-4.938,353.75,-17.11,314.36,4487,R20MZ_FZ_150_filtered
25,12,0,-139.97,4.929,347.48,12.38,-299.01,3861,R20MZ_FZ_150_filtered
25,12,2,-139.92,4.93,516.479,24.14,-294.53,10090,R20MZ_IA-2_FZ_150_filtered
25,12,4,-139.92,4.357,685.335,34.18,-259.47,16303,R20MZ_IA-4_FZ_150_filtered
25,12,0,-139.84,-4.503,353.64,-17.41,304.16,4476,R20MZ_FZ_150_filtered
25,12,0,-139.82,-4.984,353.76,-16.33,315.79,4488,R20MZ_FZ_150_filtered
25,12,-0,-139.81,-2.671,353.18,-15.49,235.78,4430,R20MZ_FZ_150_filtered
25,12,0,-139.74,-4.022,353.52,-19.5,290.19,4464,R20MZ_FZ_150_filtered
25,12,0,-139.73,3.951,347.24,16.21,-267.66,3837,R20MZ_FZ_150_filtered
25,12,0,-139.73,-2.746,353.2,-15.75,239.92,4432,R20MZ_FZ_150_filtered
25,12,0,-139.65,-4.541,353.65,-16.95,306,4477,R20MZ_FZ_150_filtered
25,12,0,-139.49,-3.671,353.43,-16.71,278.26,4455,R20MZ_FZ_150_filtered
25,12,2,-139.49,4.023,516.259,28.28,-265.69,10068,R20MZ_IA-2_FZ_150_filtered
25,12,0,-139.37,-4.103,353.54,-18.14,293.6,4466,R20MZ_FZ_150_filtered
25,12,2,-139.21,3.864,516.219,27.02,-257.01,10064,R20MZ_IA-2_FZ_150_filtered
25,12,0,-139.16,-3.098,353.29,-21.59,255.31,4441,R20MZ_FZ_150_filtered
25,12,0,-139.13,3.991,347.25,16.4,-268.92,3838,R20MZ_FZ_150_filtered
25,12,2,-139.11,3.545,516.139,23.65,-245.07,10056,R20MZ_IA-2_FZ_150_filtered
25,12,0,-139.09,-0.834,352.73,-14.18,97.55,4385,R20MZ_FZ_150_filtered
25,12,0,-138.99,-0.864,352.74,-14.33,101.73,4386,R20MZ_FZ_150_filtered
25,12,2,-138.99,4.834,516.459,23.12,-290.06,10088,R20MZ_IA-2_FZ_150_filtered
25,12,0,-138.87,0.45,352.4,2.72,-51.02,4352,R20MZ_FZ_150_filtered
25,12,2,-138.82,3.454,516.109,20.53,-241.03,10053,R20MZ_IA-2_FZ_150_filtered
25,12,0,-138.78,-2.72,353.19,-15.57,237.92,4431,R20MZ_FZ_150_filtered
25,12,-0,-138.66,-4.064,353.53,-18.78,291.76,4465,R20MZ_FZ_150_filtered
25,12,2,-138.55,4.341,516.339,22.12,-274.71,10076,R20MZ_IA-2_FZ_150_filtered
25,12,0,-138.35,-3.582,353.41,-17.5,274.68,4453,R20MZ_FZ_150_filtered
25,12,0,-138.18,-3.623,353.42,-16.97,276.39,4454,R20MZ_FZ_150_filtered
25,12,0,-138.02,0.106,352.49,-1.64,-13.03,4361,R20MZ_FZ_150_filtered
25,12,2,-137.76,3.514,516.129,22.6,-241.7,10055,R20MZ_IA-2_FZ_150_filtered
25,12,2,-137.61,4.39,516.349,22.78,-275.05,10077,R20MZ_IA-2_FZ_150_filtered
25,12,2,-137.59,4.424,516.359,23.91,-277.38,10078,R20MZ_IA-2_FZ_150_filtered
25,12,0,-136.82,-0.503,352.63,-4,52.57,4375,R20MZ_FZ_150_filtered
25,12,0,-136.68,-0.453,352.62,-4.96,47.94,4374,R20MZ_FZ_150_filtered
25,12,0,-136.51,0.064,352.5,-2.79,-8.32,4362,R20MZ_FZ_150_filtered
25,12,0,-112.26,1.062,447.91,10.03,-99.26,7502,R20MZ_FZ_100_filtered
25,12,0,-111.95,1.512,448.02,8.16,-125.3,7513,R20MZ_FZ_100_filtered
25,12,0,-111.54,1.008,447.9,9.17,-96.15,7501,R20MZ_FZ_100_filtered
25,12,0,-110.61,1.095,447.92,10.58,-101.39,7503,R20MZ_FZ_100_filtered
25,12,0,-110.5,1.531,448.03,7.3,-127.59,7514,R20MZ_FZ_100_filtered
25,12,2,-108.72,1.499,617.007,19.61,-109.4,13740,R20MZ_IA-2_FZ_100_filtered
25,12,2,-108.34,1.905,617.117,21.26,-133.48,13751,R20MZ_IA-2_FZ_100_filtered
25,12,0,-108.28,1.937,448.13,8.57,-145.28,7524,R20MZ_FZ_100_filtered
25,12,0,-108.19,1.581,448.04,6.92,-129.13,7515,R20MZ_FZ_100_filtered
25,12,2,-108.19,1.953,617.127,21.28,-135.47,13752,R20MZ_IA-2_FZ_100_filtered
25,12,0,-107.96,0.948,447.88,6.83,-89.28,7499,R20MZ_FZ_100_filtered
25,12,0,-107.48,8.271,451.83,5.88,-258.76,7893,R20MZ_FZ_100_filtered
25,12,0,-107.35,7.349,452.06,7.23,-252.58,7916,R20MZ_FZ_100_filtered
25,12,0,-107.07,0.647,447.8,1.04,-61.21,7491,R20MZ_FZ_100_filtered
25,12,0,-106.94,6.875,452.18,3.76,-248.86,7928,R20MZ_FZ_100_filtered
25,12,0,-106.87,7.799,451.95,3.52,-254.89,7905,R20MZ_FZ_100_filtered
25,12,0,-106.83,5.961,452.41,5.74,-239.86,7951,R20MZ_FZ_100_filtered
25,12,4,-106.81,-5.541,796.732,13.66,227.03,21040,R20MZ_IA-4_FZ_100_filtered
25,12,0,-106.79,8.715,451.72,3.06,-259.21,7882,R20MZ_FZ_100_filtered
25,12,0,-106.77,2.443,448.25,7.86,-165.73,7536,R20MZ_FZ_100_filtered
25,12,0,-106.76,6.443,452.29,7.32,-245.15,7939,R20MZ_FZ_100_filtered
25,12,2,-106.61,1.554,617.027,17.69,-113.16,13742,R20MZ_IA-2_FZ_100_filtered
25,12,0,-106.44,0.691,447.81,0.24,-64.59,7492,R20MZ_FZ_100_filtered
25,12,0,-106.44,12.176,450.79,9.46,-265.28,7789,R20MZ_FZ_100_filtered
25,12,0,-106.42,1.891,448.12,9.2,-141.71,7523,R20MZ_FZ_100_filtered
25,12,4,-106.42,-4.686,793.073,11.84,227.65,20675,R20MZ_IA-4_FZ_100_filtered
25,12,-0,-106.37,5.089,452.63,8.62,-227.41,7973,R20MZ_FZ_100_filtered
25,12,0,-106.36,8.759,451.71,2.88,-260.61,7881,R20MZ_FZ_100_filtered
25,12,0,-106.29,11.463,451.02,10.95,-264.99,7812,R20MZ_FZ_100_filtered
25,12,0,-106.25,6.924,452.17,4.55,-249.49,7927,R20MZ_FZ_100_filtered
25,12,0,-106.23,8.232,451.84,4.48,-256.27,7894,R20MZ_FZ_100_filtered
25,12,0,-106.22,5.042,452.64,7.72,-226.98,7974,R20MZ_FZ_100_filtered
25,12,-0,-106.21,7.303,452.07,6.26,-250.21,7917,R20MZ_FZ_100_filtered
25,12,4,-106.21,1.374,785.973,32.02,-83.03,19966,R20MZ_IA-4_FZ_100_filtered
25,12,4,-106.09,-8.136,796.072,10.87,245.65,20974,R20MZ_IA-4_FZ_100_filtered
25,12,0,-105.97,10.148,451.36,5.61,-264.21,7846,R20MZ_FZ_100_filtered
25,12,2,-105.96,6.105,621.377,14.17,-233.7,14176,R20MZ_IA-2_FZ_100_filtered
25,12,2,-105.88,4.233,621.847,15.66,-204.23,14223,R20MZ_IA-2_FZ_100_filtered
25,12,2,-105.88,-5.714,627.697,3.58,233.26,14807,R20MZ_IA-2_FZ_100_filtered
25,12,2,-105.86,-7.062,627.357,-0.3,244.14,14773,R20MZ_IA-2_FZ_100_filtered
25,12,0,-105.85,4.172,452.86,7.74,-210.71,7996,R20MZ_FZ_100_filtered
25,12,0,-105.84,11.049,451.14,0.14,-264.21,7824,R20MZ_FZ_100_filtered
25,12,4,-105.84,-4.724,793.083,11.51,228.05,20676,R20MZ_IA-4_FZ_100_filtered
25,12,4,-105.84,-12.06,795.022,7.44,250.3,20869,R20MZ_IA-4_FZ_100_filtered
25,12,0,-105.82,6.835,452.19,3.11,-245.1,7929,R20MZ_FZ_100_filtered
25,12,2,-105.82,4.707,621.727,18.47,-213.71,14211,R20MZ_IA-2_FZ_100_filtered
25,12,0,-105.7,2.487,448.26,6.95,-166.54,7537,R20MZ_FZ_100_filtered
25,12,4,-105.7,-4.293,792.973,9.35,220.75,20665,R20MZ_IA-4_FZ_100_filtered
25,12,2,-105.68,-3.002,623.657,-3.04,192,14404,R20MZ_IA-2_FZ_100_filtered
25,12,2,-105.66,-7.572,627.237,9.01,248.15,14761,R20MZ_IA-2_FZ_100_filtered
25,12,0,-105.65,2.838,448.36,12.32,-179.36,7547,R20MZ_FZ_100_filtered
25,12,0,-105.64,11.083,451.13,2.77,-266.21,7823,R20MZ_FZ_100_filtered
25,12,2,-105.64,5.141,621.617,15.44,-221.15,14200,R20MZ_IA-2_FZ_100_filtered
25,12,2,-105.63,-5.273,627.807,0.68,228.3,14818,R20MZ_IA-2_FZ_100_filtered
25,12,0,-105.62,3.234,453.09,8.98,-185.12,8019,R20MZ_FZ_100_filtered
25,12,2,-105.54,1.838,617.097,19.84,-127.17,13749,R20MZ_IA-2_FZ_100_filtered
25,12,0,-105.52,4.139,452.87,7.03,-209.9,7997,R20MZ_FZ_100_filtered
25,12,0,-105.51,2.302,453.32,7.99,-150.19,8042,R20MZ_FZ_100_filtered
25,12,2,-105.44,4.27,621.837,16.85,-204.72,14222,R20MZ_IA-2_FZ_100_filtered
25,12,0,-105.43,7.886,451.93,3.38,-254.74,7903,R20MZ_FZ_100_filtered
25,12,0,-105.43,2.829,453.2,7.94,-169.78,8030,R20MZ_FZ_100_filtered
25,12,0,-105.38,10.626,451.24,-0.04,-265.47,7834,R20MZ_FZ_100_filtered
25,12,2,-105.38,2.886,622.187,18.53,-163.31,14257,R20MZ_IA-2_FZ_100_filtered
25,12,0,-105.36,3.728,452.97,9.46,-198.89,8007,R20MZ_FZ_100_filtered
25,12,0,-105.32,9.232,451.59,5.98,-261.86,7869,R20MZ_FZ_100_filtered
25,12,2,-105.26,-2.664,623.567,3.24,181.58,14395,R20MZ_IA-2_FZ_100_filtered
25,12,4,-105.26,-1.568,792.283,19,127.63,20596,R20MZ_IA-4_FZ_100_filtered
25,12,4,-105.25,-8.64,795.962,20.84,245.1,20963,R20MZ_IA-4_FZ_100_filtered
25,12,2,-105.16,7.893,620.927,11.94,-247.53,14131,R20MZ_IA-2_FZ_100_filtered
25,12,0,-105.13,7.756,451.96,3.19,-250.85,7906,R20MZ_FZ_100_filtered
25,12,0,-105.11,3.202,453.1,7.6,-183.83,8020,R20MZ_FZ_100_filtered
25,12,2,-105.11,-8.015,627.117,0.44,250.15,14749,R20MZ_IA-2_FZ_100_filtered
25,12,0,-105.1,8.789,451.7,2.29,-259.73,7880,R20MZ_FZ_100_filtered
25,12,0,-105.08,9.159,451.61,3.35,-258.73,7871,R20MZ_FZ_100_filtered
25,12,-0,-105.04,8.668,451.73,2.95,-255.16,7883,R20MZ_FZ_100_filtered
25,12,0,-105.04,6.03,452.39,7.58,-239.67,7949,R20MZ_FZ_100_filtered
25,12,2,-105.04,5.111,621.627,14.4,-218.67,14201,R20MZ_IA-2_FZ_100_filtered
25,12,2,-105.04,-7.982,627.127,0.12,249.08,14750,R20MZ_IA-2_FZ_100_filtered
25,12,2,-105.03,2.849,622.197,17.83,-161.28,14258,R20MZ_IA-2_FZ_100_filtered
25,12,0,-105,4.558,452.76,8.17,-218.43,7986,R20MZ_FZ_100_filtered
25,12,2,-105,2.917,622.177,18.74,-164.09,14256,R20MZ_IA-2_FZ_100_filtered
25,12,0,-104.97,12.157,450.8,8.51,-261.55,7790,R20MZ_FZ_100_filtered
25,12,0,-104.97,6.957,452.16,4.68,-247.74,7926,R20MZ_FZ_100_filtered
25,12,2,-104.97,-5.225,627.817,0.32,227.19,14819,R20MZ_IA-2_FZ_100_filtered
25,12,2,-104.96,-3.931,623.887,-2.45,217.1,14427,R20MZ_IA-2_FZ_100_filtered
25,12,2,-104.94,-7.526,627.247,7.76,246.44,14762,R20MZ_IA-2_FZ_100_filtered
25,12,0,-104.93,3.28,453.08,9.73,-185.55,8018,R20MZ_FZ_100_filtered
25,12,4,-104.92,-3.216,797.312,11.45,180,21098,R20MZ_IA-4_FZ_100_filtered
25,12,0,-104.91,10.184,451.35,7.26,-263.26,7845,R20MZ_FZ_100_filtered
25,12,0,-104.89,10.087,451.38,2,-257.67,7848,R20MZ_FZ_100_filtered
25,12,2,-104.89,0.976,616.877,18.87,-74,13727,R20MZ_IA-2_FZ_100_filtered
25,12,4,-104.86,1.972,786.123,30.94,-114.48,19981,R20MZ_IA-4_FZ_100_filtered
25,12,0,-104.8,12.045,450.89,-14.5,-263.7,7799,R20MZ_FZ_100_filtered
25,12,0,-104.77,5.931,452.42,4.37,-236.26,7952,R20MZ_FZ_100_filtered
25,12,0,-104.75,10.212,450.2,4.38,-262.93,7731,R20MZ_FZ_100_filtered
25,12,0,-104.7,5.121,452.62,9.24,-226.65,7972,R20MZ_FZ_100_filtered
25,12,4,-104.69,3.495,791.023,29.25,-168.08,20470,R20MZ_IA-4_FZ_100_filtered
25,12,0,-104.68,9.71,451.47,1.12,-261.84,7857,R20MZ_FZ_100_filtered
25,12,4,-104.64,-3.192,797.322,11.32,178.9,21099,R20MZ_IA-4_FZ_100_filtered
25,12,4,-104.63,-11.849,795.162,44.49,243.49,20883,R20MZ_IA-4_FZ_100_filtered
25,12,2,-104.61,-11.732,625.857,19.7,250.44,14624,R20MZ_IA-2_FZ_100_filtered
25,12,2,-104.6,-7.139,627.337,0.55,245.5,14771,R20MZ_IA-2_FZ_100_filtered
25,12,0,-104.57,11.625,450.55,2.38,-263.42,7766,R20MZ_FZ_100_filtered
25,12,4,-104.57,2.054,791.383,29.56,-111.22,20506,R20MZ_IA-4_FZ_100_filtered
25,12,4,-104.54,1.337,785.963,32.51,-79.71,19965,R20MZ_IA-4_FZ_100_filtered
25,12,2,-104.52,12.015,619.897,-10.1,-240.24,14028,R20MZ_IA-2_FZ_100_filtered
25,12,2,-104.51,-4.307,628.047,-0.93,212.93,14842,R20MZ_IA-2_FZ_100_filtered
25,12,0,-104.48,2.25,453.33,7.41,-148.49,8043,R20MZ_FZ_100_filtered
25,12,2,-104.46,3.818,621.947,19.18,-192.38,14233,R20MZ_IA-2_FZ_100_filtered
25,12,0,-104.4,5.011,452.65,6.29,-224.02,7975,R20MZ_FZ_100_filtered
25,12,0,-104.4,4.212,452.85,8.27,-209.6,7995,R20MZ_FZ_100_filtered
25,12,2,-104.4,-4.004,623.907,-3.86,218.82,14429,R20MZ_IA-2_FZ_100_filtered
25,12,0,-104.38,1.853,448.11,9.01,-137.94,7522,R20MZ_FZ_100_filtered
25,12,2,-104.37,-11.167,626.327,-1.97,250.3,14670,R20MZ_IA-2_FZ_100_filtered
25,12,4,-104.37,-5.833,796.662,13.99,225.82,21033,R20MZ_IA-4_FZ_100_filtered
25,12,2,-104.29,4.199,621.857,15.01,-201.31,14224,R20MZ_IA-2_FZ_100_filtered
25,12,4,-104.29,6.609,790.243,25.15,-222.32,20392,R20MZ_IA-4_FZ_100_filtered
25,12,0,-104.25,4.102,452.88,5.69,-206.8,7998,R20MZ_FZ_100_filtered
25,12,0,-104.22,2.345,453.31,8.7,-151.15,8041,R20MZ_FZ_100_filtered
25,12,0,-104.21,11.108,451.12,4.62,-264.34,7822,R20MZ_FZ_100_filtered
25,12,0,-104.19,9.742,450.08,4.16,-262.95,7719,R20MZ_FZ_100_filtered
25,12,4,-104.17,-3.471,792.763,11.88,200.8,20644,R20MZ_IA-4_FZ_100_filtered
25,12,0,-104.15,3.774,448.59,11.43,-204.83,7570,R20MZ_FZ_100_filtered
25,12,2,-104.13,-4.878,627.907,1.24,222.68,14828,R20MZ_IA-2_FZ_100_filtered
25,12,2,-104.09,-12.078,626.077,4.54,253.52,14645,R20MZ_IA-2_FZ_100_filtered
25,12,0,-104.05,9.297,449.97,4.2,-261.38,7708,R20MZ_FZ_100_filtered
25,12,4,-104.05,-6.009,793.403,11.38,238.83,20708,R20MZ_IA-4_FZ_100_filtered
25,12,2,-104.04,7.073,621.137,12.38,-240.44,14152,R20MZ_IA-2_FZ_100_filtered
25,12,4,-104.03,-5.214,793.203,9.19,231.23,20688,R20MZ_IA-4_FZ_100_filtered
25,12,0,-104.02,8.86,449.86,4.21,-258.11,7697,R20MZ_FZ_100_filtered
25,12,0,-104.01,7.433,452.04,8,-250.07,7914,R20MZ_FZ_100_filtered
25,12,2,-103.98,7.933,620.917,11.64,-246.95,14130,R20MZ_IA-2_FZ_100_filtered
25,12,0,-103.94,11.151,450.43,3.53,-262.81,7754,R20MZ_FZ_100_filtered
25,12,2,-103.94,-9.343,626.787,2.91,250.28,14716,R20MZ_IA-2_FZ_100_filtered
25,12,2,-103.93,-10.23,626.557,-0.06,250.91,14693,R20MZ_IA-2_FZ_100_filtered
25,12,4,-103.93,-8.584,795.972,20.02,242.85,20964,R20MZ_IA-4_FZ_100_filtered
25,12,0,-103.88,7.273,452.08,4.83,-245.41,7918,R20MZ_FZ_100_filtered
25,12,4,-103.88,-5.076,793.173,9.7,230.27,20685,R20MZ_IA-4_FZ_100_filtered
25,12,2,-103.86,-4.775,627.937,1.43,220.5,14831,R20MZ_IA-2_FZ_100_filtered
25,12,4,-103.86,4.773,790.703,26.66,-196.72,20438,R20MZ_IA-4_FZ_100_filtered
25,12,4,-103.85,-11.045,795.352,15.35,247.98,20902,R20MZ_IA-4_FZ_100_filtered
25,12,-0,-103.84,9.775,450.09,3.93,-261.68,7720,R20MZ_FZ_100_filtered
25,12,0,-103.82,10.999,451.15,-2.09,-259.68,7825,R20MZ_FZ_100_filtered
25,12,0,-103.8,8.82,449.85,5.15,-259.53,7696,R20MZ_FZ_100_filtered
25,12,4,-103.8,-7.168,796.322,10.34,236.5,20999,R20MZ_IA-4_FZ_100_filtered
25,12,2,-103.78,2.813,617.347,23,-167.88,13774,R20MZ_IA-2_FZ_100_filtered
25,12,0,-103.75,0.737,447.82,-0.01,-67.55,7493,R20MZ_FZ_100_filtered
25,12,0,-103.73,5.433,452.54,6.92,-227.7,7964,R20MZ_FZ_100_filtered
25,12,0,-103.7,1.221,447.95,11.68,-105.73,7506,R20MZ_FZ_100_filtered
25,12,0,-103.7,8.197,451.85,3.04,-250.96,7895,R20MZ_FZ_100_filtered
25,12,2,-103.7,-2.471,628.507,0.79,158.44,14888,R20MZ_IA-2_FZ_100_filtered
25,12,-0,-103.68,7.941,449.63,4.88,-253.14,7674,R20MZ_FZ_100_filtered
25,12,0,-103.68,1.415,453.55,5.35,-106.93,8065,R20MZ_FZ_100_filtered
25,12,2,-103.66,-5.195,627.827,-0.5,224.54,14820,R20MZ_IA-2_FZ_100_filtered
25,12,4,-103.64,-6.5,793.523,14.83,242.53,20720,R20MZ_IA-4_FZ_100_filtered
25,12,0,-103.63,6.354,452.31,6.14,-237.63,7941,R20MZ_FZ_100_filtered
25,12,-0,-103.62,7.899,449.62,5.93,-255.17,7673,R20MZ_FZ_100_filtered
25,12,0,-103.61,-1.803,454.35,-8.68,140.6,8145,R20MZ_FZ_100_filtered
25,12,2,-103.61,-1.214,623.207,-0.05,109.57,14359,R20MZ_IA-2_FZ_100_filtered
25,12,2,-103.61,-2.039,628.617,2.37,139.51,14899,R20MZ_IA-2_FZ_100_filtered
25,12,4,-103.59,-3.582,797.222,10.84,188.62,21089,R20MZ_IA-4_FZ_100_filtered
25,12,0,-103.56,6.526,452.27,7.54,-242.5,7937,R20MZ_FZ_100_filtered
25,12,-0,-103.55,3.759,452.96,10.12,-197.78,8006,R20MZ_FZ_100_filtered
25,12,0,-103.51,1.337,447.98,11.96,-112.22,7509,R20MZ_FZ_100_filtered
25,12,0,-103.5,5.591,452.5,8.52,-232.74,7960,R20MZ_FZ_100_filtered
25,12,2,-103.5,1.46,622.537,15.94,-98.18,14292,R20MZ_IA-2_FZ_100_filtered
25,12,2,-103.5,-1.308,623.227,0.12,114.8,14361,R20MZ_IA-2_FZ_100_filtered
25,12,0,-103.49,10.752,450.33,2.59,-258.44,7744,R20MZ_FZ_100_filtered
25,12,2,-103.43,9.286,620.577,14.22,-250.86,14096,R20MZ_IA-2_FZ_100_filtered
25,12,2,-103.42,-12.072,626.067,3.18,252.57,14644,R20MZ_IA-2_FZ_100_filtered
25,12,4,-103.41,4.305,790.823,24.44,-187.43,20450,R20MZ_IA-4_FZ_100_filtered
25,12,0,-103.4,-1.766,454.34,-6.79,138.88,8144,R20MZ_FZ_100_filtered
25,12,0,-103.39,7.933,451.92,2.86,-251.77,7902,R20MZ_FZ_100_filtered
25,12,2,-103.37,-11.706,625.837,14.58,251.97,14622,R20MZ_IA-2_FZ_100_filtered
25,12,2,-103.37,-7.185,627.327,1.49,243.6,14770,R20MZ_IA-2_FZ_100_filtered
25,12,2,-103.31,-8.88,626.907,4.95,247.59,14728,R20MZ_IA-2_FZ_100_filtered
25,12,0,-103.3,3.744,448.58,10.61,-203.24,7569,R20MZ_FZ_100_filtered
25,12,0,-103.28,4.214,448.7,7.88,-213,7581,R20MZ_FZ_100_filtered
25,12,2,-103.26,-3.89,623.877,-1.36,214.56,14426,R20MZ_IA-2_FZ_100_filtered
25,12,4,-103.26,-11.794,795.172,38.88,242.02,20884,R20MZ_IA-4_FZ_100_filtered
25,12,0,-103.25,9.825,450.1,3.1,-257.02,7721,R20MZ_FZ_100_filtered
25,12,-0,-103.25,11.38,451.04,8.75,-256.71,7814,R20MZ_FZ_100_filtered
25,12,2,-103.25,2.957,622.167,17.9,-163.68,14255,R20MZ_IA-2_FZ_100_filtered
25,12,2,-103.22,-4.502,624.027,0.77,226.07,14441,R20MZ_IA-2_FZ_100_filtered
25,12,4,-103.21,-9.704,795.692,24.56,247.78,20936,R20MZ_IA-4_FZ_100_filtered
25,12,4,-103.2,-2.074,792.423,5.33,152.4,20610,R20MZ_IA-4_FZ_100_filtered
25,12,4,-103.19,2.156,791.353,30.3,-115.66,20503,R20MZ_IA-4_FZ_100_filtered
25,12,2,-103.18,-1.635,623.307,8.09,135.9,14369,R20MZ_IA-2_FZ_100_filtered
25,12,2,-103.17,9.321,620.567,16.12,-250.7,14095,R20MZ_IA-2_FZ_100_filtered
25,12,2,-103.16,-10.853,626.417,15.22,253.19,14679,R20MZ_IA-2_FZ_100_filtered
25,12,0,-103.15,7.466,449.51,5.81,-250.38,7662,R20MZ_FZ_100_filtered
25,12,0,-103.14,12.063,450.88,-11.58,-261.23,7798,R20MZ_FZ_100_filtered
25,12,4,-103.14,4.47,790.783,28.61,-191.33,20446,R20MZ_IA-4_FZ_100_filtered
25,12,2,-103.13,9.265,620.587,12.53,-248.98,14097,R20MZ_IA-2_FZ_100_filtered
25,12,-0,-103.12,10.666,450.31,3.82,-263.22,7742,R20MZ_FZ_100_filtered
25,12,0,-103.11,10.668,451.23,-0.97,-262.63,7833,R20MZ_FZ_100_filtered
25,12,0,-103.1,9.112,451.62,1.9,-253.79,7872,R20MZ_FZ_100_filtered
25,12,0,-103.1,-3.332,459.3,-11.29,187.29,8639,R20MZ_FZ_100_filtered
25,12,2,-103.1,-5.765,624.347,2.86,240.18,14473,R20MZ_IA-2_FZ_100_filtered
25,12,4,-103.09,-7.449,793.763,15.29,245.15,20744,R20MZ_IA-4_FZ_100_filtered
25,12,2,-103.07,10.634,620.237,9.22,-253.19,14062,R20MZ_IA-2_FZ_100_filtered
25,12,2,-103.07,-2.505,623.527,3.6,173.29,14391,R20MZ_IA-2_FZ_100_filtered
25,12,0,-103.06,2.86,453.19,8.14,-169.26,8029,R20MZ_FZ_100_filtered
25,12,0,-103.06,-6.557,458.5,-4.7,236.45,8559,R20MZ_FZ_100_filtered
25,12,2,-103.05,11.643,619.547,10.77,-244.8,13994,R20MZ_IA-2_FZ_100_filtered
25,12,4,-103.04,-1.458,797.752,16.63,109.32,21142,R20MZ_IA-4_FZ_100_filtered
25,12,0,-103.02,8.355,449.73,5.59,-257.35,7684,R20MZ_FZ_100_filtered
25,12,2,-103.01,-10.407,625.507,6.1,251.97,14589,R20MZ_IA-2_FZ_100_filtered
25,12,2,-102.98,-3.625,623.807,1.71,209.77,14419,R20MZ_IA-2_FZ_100_filtered
25,12,4,-102.97,7.064,790.133,20.98,-225.53,20381,R20MZ_IA-4_FZ_100_filtered
25,12,0,-102.96,-6.595,458.49,-3.82,237.85,8558,R20MZ_FZ_100_filtered
25,12,0,-102.95,4.702,448.82,10.11,-220.91,7593,R20MZ_FZ_100_filtered
25,12,-0,-102.95,-9.81,457.69,1.21,249.49,8478,R20MZ_FZ_100_filtered
25,12,0,-102.94,-7.517,458.26,-1.43,243.59,8535,R20MZ_FZ_100_filtered
25,12,0,-102.94,-6.975,458.39,-10.2,237.38,8548,R20MZ_FZ_100_filtered
25,12,4,-102.94,-7.019,796.362,12.75,237.52,21003,R20MZ_IA-4_FZ_100_filtered
25,12,0,-102.92,10.505,451.27,3.18,-255.47,7837,R20MZ_FZ_100_filtered
25,12,2,-102.92,5.065,621.637,13.48,-214.38,14202,R20MZ_IA-2_FZ_100_filtered
25,12,2,-102.91,-8.565,626.987,10.85,249.3,14736,R20MZ_IA-2_FZ_100_filtered
25,12,0,-102.89,6.979,449.39,6.19,-246.98,7650,R20MZ_FZ_100_filtered
25,12,0,-102.89,3.165,453.11,6.46,-180.59,8021,R20MZ_FZ_100_filtered
25,12,4,-102.88,1.609,786.033,28.25,-93.77,19972,R20MZ_IA-4_FZ_100_filtered
25,12,0,-102.85,6.085,452.38,7.76,-236.56,7948,R20MZ_FZ_100_filtered
25,12,0,-102.82,2.521,448.27,6.55,-165.38,7538,R20MZ_FZ_100_filtered
25,12,0,-102.82,7.023,449.4,5.73,-245.25,7651,R20MZ_FZ_100_filtered
25,12,0,-102.82,-7.464,458.27,-2.97,242.04,8536,R20MZ_FZ_100_filtered
25,12,0,-102.81,9.27,449.96,4.58,-261.25,7707,R20MZ_FZ_100_filtered
25,12,4,-102.8,3.371,791.053,27.19,-161.35,20473,R20MZ_IA-4_FZ_100_filtered
25,12,2,-102.78,-11.372,625.747,6.8,248.69,14613,R20MZ_IA-2_FZ_100_filtered
25,12,0,-102.77,-4.266,459.07,-11.32,210.12,8616,R20MZ_FZ_100_filtered
25,12,0,-102.74,-5.674,458.72,-6.96,230.56,8581,R20MZ_FZ_100_filtered
25,12,2,-102.72,12.111,619.867,0.07,-241.39,14025,R20MZ_IA-2_FZ_100_filtered
25,12,4,-102.71,-7.582,796.222,19.66,238.13,20989,R20MZ_IA-4_FZ_100_filtered
25,12,0,-102.7,-8.415,458.03,-3.17,247.79,8512,R20MZ_FZ_100_filtered
25,12,0,-102.7,-3.813,459.18,-9.85,200.63,8627,R20MZ_FZ_100_filtered
25,12,0,-102.69,-8.365,458.04,-5.13,246.84,8513,R20MZ_FZ_100_filtered
25,12,0,-102.68,11.687,450.57,-0.54,-255,7768,R20MZ_FZ_100_filtered
25,12,0,-102.68,1.938,453.42,8.24,-130.64,8052,R20MZ_FZ_100_filtered
25,12,0,-102.68,-8.875,457.92,-5,248.24,8501,R20MZ_FZ_100_filtered
25,12,4,-102.64,2.679,786.303,30.05,-145.12,19999,R20MZ_IA-4_FZ_100_filtered
25,12,2,-102.63,0.566,616.777,14.4,-41.45,13717,R20MZ_IA-2_FZ_100_filtered
25,12,4,-102.63,7.522,790.013,25.14,-228.95,20369,R20MZ_IA-4_FZ_100_filtered
25,12,0,-102.62,3.311,453.07,9.63,-184.32,8017,R20MZ_FZ_100_filtered
25,12,4,-102.62,3.815,790.943,27.17,-173.99,20462,R20MZ_IA-4_FZ_100_filtered
25,12,4,-102.62,-1.851,792.363,11.17,141.64,20604,R20MZ_IA-4_FZ_100_filtered
25,12,0,-102.61,-4.293,459.06,-10.96,210.85,8615,R20MZ_FZ_100_filtered
25,12,2,-102.61,-5.845,627.667,2.97,232.06,14804,R20MZ_IA-2_FZ_100_filtered
25,12,2,-102.58,-10.453,625.517,5.92,249.32,14590,R20MZ_IA-2_FZ_100_filtered
25,12,4,-102.57,-10.138,794.432,17.06,251,20811,R20MZ_IA-4_FZ_100_filtered
25,12,2,-102.54,8.301,620.827,12.42,-244.81,14121,R20MZ_IA-2_FZ_100_filtered
25,12,2,-102.53,6.424,621.297,14.28,-229.14,14168,R20MZ_IA-2_FZ_100_filtered
25,12,2,-102.53,-2.929,623.637,-1.96,187.85,14402,R20MZ_IA-2_FZ_100_filtered
25,12,0,-102.5,11.107,450.42,3.8,-261.39,7753,R20MZ_FZ_100_filtered
25,12,2,-102.5,7.821,620.947,12.11,-241.4,14133,R20MZ_IA-2_FZ_100_filtered
25,12,0,-102.49,4.255,452.84,8.68,-207.42,7994,R20MZ_FZ_100_filtered
25,12,2,-102.49,-11.299,625.727,7.38,253.01,14611,R20MZ_IA-2_FZ_100_filtered
25,12,0,-102.48,-2.176,454.45,-14.07,156.86,8155,R20MZ_FZ_100_filtered
25,12,2,-102.48,8.361,618.727,14.08,-250.58,13912,R20MZ_IA-2_FZ_100_filtered
25,12,2,-102.47,9.76,619.077,12.73,-251.54,13947,R20MZ_IA-2_FZ_100_filtered
25,12,0,-102.46,4.181,448.69,9.5,-211.13,7580,R20MZ_FZ_100_filtered
25,12,0,-102.46,5.146,448.93,6.82,-226.35,7604,R20MZ_FZ_100_filtered
25,12,0,-102.44,2.773,448.34,10.62,-172.2,7545,R20MZ_FZ_100_filtered
25,12,2,-102.44,-0.782,628.937,10.03,68.53,14931,R20MZ_IA-2_FZ_100_filtered
25,12,0,-102.42,5.627,449.05,8.47,-230.83,7616,R20MZ_FZ_100_filtered
25,12,0,-102.37,6.071,449.16,7.08,-236.26,7627,R20MZ_FZ_100_filtered
25,12,0,-102.37,7.862,449.61,6.21,-253.48,7672,R20MZ_FZ_100_filtered
25,12,0,-102.36,-6.137,458.6,-9.9,235.07,8569,R20MZ_FZ_100_filtered
25,12,0,-102.36,-5.617,458.73,-6.79,228.21,8582,R20MZ_FZ_100_filtered
25,12,-0,-102.35,9.754,451.46,0.23,-259.65,7856,R20MZ_FZ_100_filtered
25,12,0,-102.35,-3.868,459.17,-9.37,201.24,8626,R20MZ_FZ_100_filtered
25,12,2,-102.35,1.645,617.047,17.53,-114.21,13744,R20MZ_IA-2_FZ_100_filtered
25,12,0,-102.34,6.114,449.17,6.95,-234.56,7628,R20MZ_FZ_100_filtered
25,12,2,-102.34,-10.693,626.457,12.8,246.34,14683,R20MZ_IA-2_FZ_100_filtered
25,12,0,-102.33,-6.094,458.61,-10.54,233.95,8570,R20MZ_FZ_100_filtered
25,12,2,-102.32,10.601,619.287,13.18,-254,13968,R20MZ_IA-2_FZ_100_filtered
25,12,2,-102.32,-5.734,624.337,3.74,238.75,14472,R20MZ_IA-2_FZ_100_filtered
25,12,0,-102.31,8.91,449.87,3.41,-253.62,7698,R20MZ_FZ_100_filtered
25,12,0,-102.31,-1.831,454.36,-9.97,142.76,8146,R20MZ_FZ_100_filtered
25,12,0,-102.3,-2.721,454.58,-7.53,178.75,8168,R20MZ_FZ_100_filtered
25,12,2,-102.3,-4.921,627.897,0.79,221.06,14827,R20MZ_IA-2_FZ_100_filtered
25,12,-0,-102.29,1.358,453.56,5.09,-104.56,8066,R20MZ_FZ_100_filtered
25,12,4,-102.28,7.601,789.993,26.32,-231.17,20367,R20MZ_IA-4_FZ_100_filtered
25,12,2,-102.27,7.516,621.017,17,-241.42,14140,R20MZ_IA-2_FZ_100_filtered
25,12,2,-102.26,-9.903,625.377,6.95,252.39,14576,R20MZ_IA-2_FZ_100_filtered
25,12,0,-102.25,7.005,452.15,5.21,-244.62,7925,R20MZ_FZ_100_filtered
25,12,2,-102.22,10.723,619.317,11.07,-247.6,13971,R20MZ_IA-2_FZ_100_filtered
25,12,0,-102.21,1.291,447.97,11.76,-109.55,7508,R20MZ_FZ_100_filtered
25,12,-0,-102.21,6.499,449.27,7.2,-239.96,7638,R20MZ_FZ_100_filtered
25,12,0,-102.21,-6.627,458.48,-3.51,238,8557,R20MZ_FZ_100_filtered
25,12,0,-102.2,11.146,451.11,6.3,-260.12,7821,R20MZ_FZ_100_filtered
25,12,0,-102.19,-4.801,458.94,-8.86,218.93,8603,R20MZ_FZ_100_filtered
25,12,0,-102.18,2.224,453.34,6.78,-145.51,8044,R20MZ_FZ_100_filtered
25,12,0,-102.18,-11.558,457.23,-4.8,249.78,8432,R20MZ_FZ_100_filtered
25,12,0,-102.17,-10.72,457.46,4.21,250.73,8455,R20MZ_FZ_100_filtered
25,12,-0,-102.16,8.632,451.74,2.94,-249.86,7884,R20MZ_FZ_100_filtered
25,12,0,-102.16,-1.401,454.25,-10.31,115.94,8135,R20MZ_FZ_100_filtered
25,12,2,-102.16,0.967,622.657,15.73,-68.77,14304,R20MZ_IA-2_FZ_100_filtered
25,12,4,-102.16,-11.767,794.883,30.82,247.52,20856,R20MZ_IA-4_FZ_100_filtered
25,12,0,-102.1,-3.29,459.31,-11.33,184.96,8640,R20MZ_FZ_100_filtered
25,12,2,-102.1,-5.419,624.257,1.56,234.42,14464,R20MZ_IA-2_FZ_100_filtered
25,12,2,-102.09,9.726,619.067,13.49,-253.87,13946,R20MZ_IA-2_FZ_100_filtered
25,12,2,-102.09,-11.804,626.177,31.97,252.2,14655,R20MZ_IA-2_FZ_100_filtered
25,12,4,-102.09,-4.839,793.113,9.3,224.59,20679,R20MZ_IA-4_FZ_100_filtered
25,12,0,-102.08,-5.172,458.84,-10.18,224.19,8593,R20MZ_FZ_100_filtered
25,12,2,-102.07,3.217,622.097,15.5,-172.7,14248,R20MZ_IA-2_FZ_100_filtered
25,12,2,-102.07,-3.842,623.867,-0.2,212.52,14425,R20MZ_IA-2_FZ_100_filtered
25,12,0,-102.06,6.543,449.28,6.32,-240.59,7639,R20MZ_FZ_100_filtered
25,12,0,-102.06,-5.138,458.85,-10.39,221.85,8594,R20MZ_FZ_100_filtered
25,12,2,-102.06,-3.989,628.127,0.38,203.84,14850,R20MZ_IA-2_FZ_100_filtered
25,12,0,-102.05,8.386,451.8,7.94,-252.71,7890,R20MZ_FZ_100_filtered
25,12,2,-102.05,-6.208,624.457,1.01,241.54,14484,R20MZ_IA-2_FZ_100_filtered
25,12,4,-102.05,-8.861,794.112,15.83,244.13,20779,R20MZ_IA-4_FZ_100_filtered
25,12,0,-102.03,5.197,448.94,6.19,-224.63,7605,R20MZ_FZ_100_filtered
25,12,0,-102.03,-3.131,454.69,-14.09,191.02,8179,R20MZ_FZ_100_filtered
25,12,0,-102.03,-5.221,458.83,-9.82,225.27,8592,R20MZ_FZ_100_filtered
25,12,0,-102.02,-12.078,457.12,11.02,248.83,8421,R20MZ_FZ_100_filtered
25,12,0,-102.02,-11.617,457.22,-1.34,251.33,8431,R20MZ_FZ_100_filtered
25,12,2,-102.02,-4.331,623.987,0.59,222.3,14437,R20MZ_IA-2_FZ_100_filtered
25,12,0,-102.01,1.253,447.96,11.07,-107.41,7507,R20MZ_FZ_100_filtered
25,12,-0,-102.01,-7.901,458.16,-9,242.69,8525,R20MZ_FZ_100_filtered
25,12,4,-102.01,2.668,791.233,27.56,-136.71,20491,R20MZ_IA-4_FZ_100_filtered
25,12,2,-102,-0.692,628.957,9.24,62.95,14933,R20MZ_IA-2_FZ_100_filtered
25,12,2,-101.99,-5.16,627.837,-0.76,222.17,14821,R20MZ_IA-2_FZ_100_filtered
25,12,2,-101.97,-7.17,624.697,2.78,245.39,14508,R20MZ_IA-2_FZ_100_filtered
25,12,4,-101.95,-7.973,793.893,15.29,241.66,20757,R20MZ_IA-4_FZ_100_filtered
25,12,2,-101.94,3.283,617.457,18.51,-180.33,13785,R20MZ_IA-2_FZ_100_filtered
25,12,0,-101.92,-6.506,458.51,-5.16,233.79,8560,R20MZ_FZ_100_filtered
25,12,0,-101.91,3.595,453,7.93,-192.83,8010,R20MZ_FZ_100_filtered
25,12,0,-101.9,-7.934,458.15,-9.33,245.28,8524,R20MZ_FZ_100_filtered
25,12,2,-101.9,-11.303,626.287,-0.9,250.54,14666,R20MZ_IA-2_FZ_100_filtered
25,12,0,-101.89,-6.051,458.62,-11,231.67,8571,R20MZ_FZ_100_filtered
25,12,0,-101.88,-7.549,458.25,-0.62,243.74,8534,R20MZ_FZ_100_filtered
25,12,2,-101.86,-1.992,628.627,1.9,136.82,14900,R20MZ_IA-2_FZ_100_filtered
25,12,0,-101.83,5.106,448.92,7.48,-225.12,7603,R20MZ_FZ_100_filtered
25,12,2,-101.82,10.16,619.177,13.38,-254.62,13957,R20MZ_IA-2_FZ_100_filtered
25,12,2,-101.81,-9.016,626.867,2.02,250.23,14724,R20MZ_IA-2_FZ_100_filtered
25,12,2,-101.81,-6.309,627.547,2.83,235.95,14792,R20MZ_IA-2_FZ_100_filtered
25,12,0,-101.8,-8.902,457.91,-5.61,248.7,8500,R20MZ_FZ_100_filtered
25,12,4,-101.79,-11.713,794.842,27.68,241.33,20852,R20MZ_IA-4_FZ_100_filtered
25,12,4,-101.78,-12.065,795.072,14.17,241.8,20874,R20MZ_IA-4_FZ_100_filtered
25,12,0,-101.76,-9.754,457.7,1.95,247.3,8479,R20MZ_FZ_100_filtered
25,12,0,-101.75,-9.838,457.68,0.89,250.37,8477,R20MZ_FZ_100_filtered
25,12,2,-101.75,-7.61,624.807,5.59,247.26,14519,R20MZ_IA-2_FZ_100_filtered
25,12,0,-101.74,-3.109,454.68,-13.11,189.32,8178,R20MZ_FZ_100_filtered
25,12,0,-101.73,8.31,449.72,5.9,-254.57,7683,R20MZ_FZ_100_filtered
25,12,0,-101.69,6.579,449.29,5.54,-237.94,7640,R20MZ_FZ_100_filtered
25,12,0,-101.68,7.466,452.03,7.67,-246.48,7913,R20MZ_FZ_100_filtered
25,12,0,-101.65,-7.423,458.28,-4.48,239.1,8537,R20MZ_FZ_100_filtered
25,12,2,-101.63,-11.531,626.227,3.99,247.43,14660,R20MZ_IA-2_FZ_100_filtered
25,12,0,-101.59,-1.722,454.33,-5.17,137.2,8143,R20MZ_FZ_100_filtered
25,12,0,-101.59,-8.832,457.93,-3.8,246.87,8502,R20MZ_FZ_100_filtered
25,12,0,-101.57,-12.103,457.1,1.1,252.07,8419,R20MZ_FZ_100_filtered
25,12,0,-101.56,-5.589,458.74,-7.18,225.79,8583,R20MZ_FZ_100_filtered
25,12,-0,-101.55,9.533,451.51,2.94,-250.15,7861,R20MZ_FZ_100_filtered
25,12,0,-101.54,0.769,447.83,0.06,-70.79,7494,R20MZ_FZ_100_filtered
25,12,0,-101.54,10.785,450.34,1.47,-252.98,7745,R20MZ_FZ_100_filtered
25,12,2,-101.53,8.775,618.827,14.58,-252.16,13922,R20MZ_IA-2_FZ_100_filtered
25,12,0,-101.52,-11.161,457.34,-10.35,250.58,8443,R20MZ_FZ_100_filtered
25,12,0,-101.51,-10.769,457.45,6.17,252.28,8454,R20MZ_FZ_100_filtered
25,12,0,-101.5,11.808,450.65,-8.27,-263.85,7776,R20MZ_FZ_100_filtered
25,12,0,-101.5,-4.217,459.08,-11.7,207.93,8617,R20MZ_FZ_100_filtered
25,12,0,-101.49,0.799,447.84,0.52,-73.44,7495,R20MZ_FZ_100_filtered
25,12,4,-101.49,11.84,788.633,11.44,-219.84,20232,R20MZ_IA-4_FZ_100_filtered
25,12,0,-101.47,3.697,448.57,9.61,-199.35,7568,R20MZ_FZ_100_filtered
25,12,0,-101.44,6.56,452.26,7.34,-239.03,7936,R20MZ_FZ_100_filtered
25,12,0,-101.44,-10.269,457.56,-8.27,251.21,8465,R20MZ_FZ_100_filtered
25,12,-0,-101.43,-12.119,456.99,-4.7,250.9,8408,R20MZ_FZ_100_filtered
25,12,0,-101.43,-8.449,458.02,-1.34,247.28,8511,R20MZ_FZ_100_filtered
25,12,2,-101.43,-1.6,623.297,8,133.53,14368,R20MZ_IA-2_FZ_100_filtered
25,12,0,-101.39,1.821,448.1,8.26,-134.5,7521,R20MZ_FZ_100_filtered
25,12,0,-101.39,-11.675,457.21,3.35,251.63,8430,R20MZ_FZ_100_filtered
25,12,0,-101.39,-11.127,457.35,-8.62,248.89,8444,R20MZ_FZ_100_filtered
25,12,0,-101.37,-4.346,459.05,-9.66,210.26,8614,R20MZ_FZ_100_filtered
25,12,2,-101.36,11.678,619.557,9.13,-237.72,13995,R20MZ_IA-2_FZ_100_filtered
25,12,4,-101.35,-9.855,795.652,19.04,242.23,20932,R20MZ_IA-4_FZ_100_filtered
25,12,0,-101.34,10.139,450.18,4.57,-260.16,7729,R20MZ_FZ_100_filtered
25,12,-0,-101.34,3.809,452.95,9.39,-195.89,8005,R20MZ_FZ_100_filtered
25,12,2,-101.33,10.141,620.367,10.82,-246.09,14075,R20MZ_IA-2_FZ_100_filtered
25,12,2,-101.31,11.196,620.097,16.48,-244.84,14048,R20MZ_IA-2_FZ_100_filtered
25,12,2,-101.29,6.652,621.237,16.18,-232.44,14162,R20MZ_IA-2_FZ_100_filtered
25,12,2,-101.28,-9.488,625.277,5.4,249.11,14566,R20MZ_IA-2_FZ_100_filtered
25,12,2,-101.27,1.195,616.937,21.06,-87.56,13733,R20MZ_IA-2_FZ_100_filtered
25,12,0,-101.23,-9.23,457.82,-9.31,245.48,8491,R20MZ_FZ_100_filtered
25,12,2,-101.19,9.813,620.447,8.78,-251.68,14083,R20MZ_IA-2_FZ_100_filtered
25,12,4,-101.19,2.859,786.353,32.22,-147.96,20004,R20MZ_IA-4_FZ_100_filtered
25,12,4,-101.18,-4.883,793.122,8.43,224.38,20680,R20MZ_IA-4_FZ_100_filtered
25,12,0,-101.16,-4.672,458.97,-8.86,214.39,8606,R20MZ_FZ_100_filtered
25,12,4,-101.16,11.581,788.523,20.91,-218,20221,R20MZ_IA-4_FZ_100_filtered
25,12,4,-101.15,-4.424,793.003,11.57,219.38,20668,R20MZ_IA-4_FZ_100_filtered
25,12,2,-101.14,9.808,619.087,11.71,-246.55,13948,R20MZ_IA-2_FZ_100_filtered
25,12,4,-101.14,-1.816,792.353,13.1,139.97,20603,R20MZ_IA-4_FZ_100_filtered
25,12,0,-101.12,5.67,449.06,7.25,-228.05,7617,R20MZ_FZ_100_filtered
25,12,0,-101.1,6.027,449.15,7.44,-234.68,7626,R20MZ_FZ_100_filtered
25,12,2,-101.1,1.59,622.507,14.35,-102.75,14289,R20MZ_IA-2_FZ_100_filtered
25,12,0,-101.09,10.711,451.22,-2,-258.41,7832,R20MZ_FZ_100_filtered
25,12,2,-101.08,2.279,622.327,16.71,-137.19,14271,R20MZ_IA-2_FZ_100_filtered
25,12,0,-101.07,2.913,453.18,7.8,-168.49,8028,R20MZ_FZ_100_filtered
25,12,0,-101.06,10.044,451.39,-0.22,-252.2,7849,R20MZ_FZ_100_filtered
25,12,0,-101.06,-11.518,457.24,-8.55,247.62,8433,R20MZ_FZ_100_filtered
25,12,0,-101.05,8.165,451.86,2.28,-245.21,7896,R20MZ_FZ_100_filtered
25,12,0,-101.03,2.327,448.22,10.66,-153.32,7533,R20MZ_FZ_100_filtered
25,12,-0,-101,-2.764,454.59,-8.88,180.66,8169,R20MZ_FZ_100_filtered
25,12,0,-100.99,-11.181,457.33,-11.68,251.19,8442,R20MZ_FZ_100_filtered
25,12,0,-100.98,11.583,450.99,4.85,-257.78,7809,R20MZ_FZ_100_filtered
25,12,0,-100.98,-1.865,454.37,-11.75,144.98,8147,R20MZ_FZ_100_filtered
25,12,4,-100.98,2.721,791.223,27.53,-137.39,20490,R20MZ_IA-4_FZ_100_filtered
25,12,2,-100.97,-12.128,625.937,21.36,252.5,14631,R20MZ_IA-2_FZ_100_filtered
25,12,2,-100.97,-11.866,626.167,37.15,249.99,14654,R20MZ_IA-2_FZ_100_filtered
25,12,0,-100.96,8.475,449.76,3.71,-248.51,7687,R20MZ_FZ_100_filtered
25,12,0,-100.96,7.237,452.09,4.16,-239.97,7919,R20MZ_FZ_100_filtered
25,12,0,-100.95,4.722,452.72,7.9,-215.61,7982,R20MZ_FZ_100_filtered
25,12,0,-100.94,7.391,449.49,6.6,-247.28,7660,R20MZ_FZ_100_filtered
25,12,4,-100.94,11.305,789.063,28.37,-224.56,20274,R20MZ_IA-4_FZ_100_filtered
25,12,0,-100.92,5.402,452.55,6.68,-223.08,7965,R20MZ_FZ_100_filtered
25,12,0,-100.92,-7.093,458.36,-9.46,240.51,8545,R20MZ_FZ_100_filtered
25,12,0,-100.88,7.066,449.41,4.87,-240.57,7652,R20MZ_FZ_100_filtered
25,12,0,-100.82,-11.765,456.87,11.3,249.59,8397,R20MZ_FZ_100_filtered
25,12,0,-100.82,-12.128,456.98,-1.44,251.04,8407,R20MZ_FZ_100_filtered
25,12,4,-100.82,7.438,790.033,24.1,-225.96,20371,R20MZ_IA-4_FZ_100_filtered
25,12,2,-100.81,0.538,616.767,15.26,-37.62,13716,R20MZ_IA-2_FZ_100_filtered
25,12,0,-100.8,-11.776,456.88,10.17,248.69,8398,R20MZ_FZ_100_filtered
25,12,4,-100.8,4.968,790.653,26,-198.63,20433,R20MZ_IA-4_FZ_100_filtered
25,12,0,-100.78,6.314,452.32,5.6,-231.87,7942,R20MZ_FZ_100_filtered
25,12,0,-100.77,9.23,449.95,4.71,-258.12,7706,R20MZ_FZ_100_filtered
25,12,0,-100.72,-2.126,454.44,-13.96,155.17,8154,R20MZ_FZ_100_filtered
25,12,0,-100.72,-8,458.13,-8.91,245.15,8522,R20MZ_FZ_100_filtered
25,12,2,-100.71,-0.835,628.927,9.93,70.65,14930,R20MZ_IA-2_FZ_100_filtered
25,12,0,-100.69,-6.937,458.4,-9.69,235.22,8549,R20MZ_FZ_100_filtered
25,12,2,-100.68,-10.939,626.397,12.11,249.25,14677,R20MZ_IA-2_FZ_100_filtered
25,12,0,-100.67,-0.833,454.12,-8.44,76.42,8122,R20MZ_FZ_100_filtered
25,12,2,-100.64,6.38,621.307,13.5,-225.14,14169,R20MZ_IA-2_FZ_100_filtered
25,12,0,-100.63,-11.435,456.76,-2.38,248.55,8386,R20MZ_FZ_100_filtered
25,12,2,-100.63,3.245,617.447,19.37,-176.48,13784,R20MZ_IA-2_FZ_100_filtered
25,12,2,-100.63,-4.766,624.097,2.4,227.38,14448,R20MZ_IA-2_FZ_100_filtered
25,12,0,-100.62,-5.255,458.82,-9.39,225.29,8591,R20MZ_FZ_100_filtered
25,12,2,-100.61,-5.698,624.327,4.16,236.38,14471,R20MZ_IA-2_FZ_100_filtered
25,12,0,-100.6,-12.04,457.13,15.76,246.38,8422,R20MZ_FZ_100_filtered
25,12,2,-100.59,-7.38,627.277,4.65,239.19,14765,R20MZ_IA-2_FZ_100_filtered
25,12,0,-100.58,-6.161,458.59,-9.36,234.45,8568,R20MZ_FZ_100_filtered
25,12,-0,-100.56,-7.862,458.17,-7.97,239.76,8526,R20MZ_FZ_100_filtered
25,12,2,-100.56,-7.769,627.187,7.37,241.82,14756,R20MZ_IA-2_FZ_100_filtered
25,12,0,-100.55,9.809,451.45,-0.76,-256.86,7855,R20MZ_FZ_100_filtered
25,12,2,-100.55,-3.204,623.707,-4.49,197.93,14409,R20MZ_IA-2_FZ_100_filtered
25,12,2,-100.51,-2.89,623.627,-1.14,186.73,14401,R20MZ_IA-2_FZ_100_filtered
25,12,2,-100.51,-2.68,628.457,2.22,162.21,14883,R20MZ_IA-2_FZ_100_filtered
25,12,2,-100.5,11.656,619.977,12.79,-239.29,14036,R20MZ_IA-2_FZ_100_filtered
25,12,2,-100.47,-10.644,626.467,11.38,244.3,14684,R20MZ_IA-2_FZ_100_filtered
25,12,0,-100.46,1.965,453.41,9.22,-130.94,8051,R20MZ_FZ_100_filtered
25,12,0,-100.46,-10.976,456.65,-4.19,247.15,8375,R20MZ_FZ_100_filtered
25,12,2,-100.46,9.646,620.487,10.86,-243.3,14087,R20MZ_IA-2_FZ_100_filtered
25,12,0,-100.45,9.093,451.63,0.65,-248.64,7873,R20MZ_FZ_100_filtered
25,12,2,-100.45,-6.914,627.397,2.11,235.59,14777,R20MZ_IA-2_FZ_100_filtered
25,12,0,-100.43,8.884,451.68,0.62,-253.29,7878,R20MZ_FZ_100_filtered
25,12,0,-100.43,-4.066,454.92,-13.17,213.52,8202,R20MZ_FZ_100_filtered
25,12,0,-100.43,-11.753,456.86,11.32,249.96,8396,R20MZ_FZ_100_filtered
25,12,0,-100.42,9.86,450.11,2.18,-251.14,7722,R20MZ_FZ_100_filtered
25,12,0,-100.42,12.222,450.7,-11.57,-251.87,7780,R20MZ_FZ_100_filtered
25,12,0,-100.41,6.15,449.18,6.09,-230.36,7629,R20MZ_FZ_100_filtered
25,12,0,-100.41,7.034,452.14,5.35,-241.02,7924,R20MZ_FZ_100_filtered
25,12,0,-100.41,-3.906,459.16,-9.49,200.65,8625,R20MZ_FZ_100_filtered
25,12,0,-100.4,-9.721,457.71,2.6,245.16,8480,R20MZ_FZ_100_filtered
25,12,0,-100.35,-0.873,454.13,-10.7,79.03,8123,R20MZ_FZ_100_filtered
25,12,2,-100.35,12.209,619.737,11.71,-237.91,14012,R20MZ_IA-2_FZ_100_filtered
25,12,2,-100.34,2.256,617.197,20.24,-141.73,13759,R20MZ_IA-2_FZ_100_filtered
25,12,2,-100.31,-7.348,627.287,3.67,238.39,14766,R20MZ_IA-2_FZ_100_filtered
25,12,0,-100.3,11.722,450.58,-3.08,-249.07,7769,R20MZ_FZ_100_filtered
25,12,0,-100.3,11.342,451.05,8.1,-250.65,7815,R20MZ_FZ_100_filtered
25,12,0,-100.3,10.45,451.28,4.48,-249.4,7838,R20MZ_FZ_100_filtered
25,12,-0,-100.28,-9.876,457.67,-0.34,250.44,8476,R20MZ_FZ_100_filtered
25,12,2,-100.28,5.019,621.647,12.92,-209.64,14203,R20MZ_IA-2_FZ_100_filtered
25,12,0,-100.25,3.847,448.61,11.08,-199.53,7572,R20MZ_FZ_100_filtered
25,12,0,-100.25,-8.943,457.9,-6.63,247.46,8499,R20MZ_FZ_100_filtered
25,12,0,-100.23,-8.793,457.94,-2.93,244.53,8503,R20MZ_FZ_100_filtered
25,12,2,-100.23,2.561,622.267,16.77,-144.97,14265,R20MZ_IA-2_FZ_100_filtered
25,12,2,-100.22,6.921,618.367,16.76,-239.46,13876,R20MZ_IA-2_FZ_100_filtered
25,12,0,-100.21,11.061,450.41,3.97,-258.39,7752,R20MZ_FZ_100_filtered
25,12,0,-100.2,3.23,448.45,9.5,-183.51,7556,R20MZ_FZ_100_filtered
25,12,0,-100.19,-10.937,456.64,-4.05,248.86,8374,R20MZ_FZ_100_filtered
25,12,2,-100.17,-8.651,626.967,11.89,246.76,14734,R20MZ_IA-2_FZ_100_filtered
25,12,4,-100.16,-2.593,797.472,12.13,155.62,21114,R20MZ_IA-4_FZ_100_filtered
25,12,2,-100.14,-8.492,625.027,6.35,248.31,14541,R20MZ_IA-2_FZ_100_filtered
25,12,0,-100.12,5.188,452.6,8.55,-221.95,7970,R20MZ_FZ_100_filtered
25,12,4,-100.12,8.257,787.693,24.64,-233.32,20138,R20MZ_IA-4_FZ_100_filtered
25,12,2,-100.11,-4.584,624.047,1.54,223.68,14443,R20MZ_IA-2_FZ_100_filtered
25,12,4,-100.11,-11.328,794.732,17.28,243.25,20841,R20MZ_IA-4_FZ_100_filtered
25,12,0,-100.06,4.137,448.68,10.78,-206.49,7579,R20MZ_FZ_100_filtered
25,12,2,-100.05,-7.828,627.167,4.19,241.33,14754,R20MZ_IA-2_FZ_100_filtered
25,12,2,-100.04,10.758,619.327,10.64,-241.47,13972,R20MZ_IA-2_FZ_100_filtered
25,12,0,-100.03,-8.505,458.01,-0.12,245.61,8510,R20MZ_FZ_100_filtered
25,12,0,-100,-7.593,458.24,-0.46,242.67,8533,R20MZ_FZ_100_filtered
25,12,0,-99.99,-4.561,455.04,-8.27,220.04,8214,R20MZ_FZ_100_filtered
25,12,0,-99.97,-4.828,458.93,-9.28,218.46,8602,R20MZ_FZ_100_filtered
25,12,2,-99.97,8.437,618.747,12.44,-240.84,13914,R20MZ_IA-2_FZ_100_filtered
25,12,2,-99.97,-10.052,625.417,5.13,245.68,14580,R20MZ_IA-2_FZ_100_filtered
25,12,2,-99.96,-2.4,628.527,0.93,152.6,14890,R20MZ_IA-2_FZ_100_filtered
25,12,2,-99.95,-5.006,627.877,1.05,218.67,14825,R20MZ_IA-2_FZ_100_filtered
25,12,0,-99.94,7.546,449.53,4.1,-241.82,7664,R20MZ_FZ_100_filtered
25,12,0,-99.94,-10.617,457.48,0.51,244.55,8457,R20MZ_FZ_100_filtered
25,12,0,-99.93,-3.269,459.32,-11.46,182.21,8641,R20MZ_FZ_100_filtered
25,12,0,-99.91,-3.051,454.67,-13.17,187.16,8177,R20MZ_FZ_100_filtered
25,12,2,-99.91,10.552,620.257,11.31,-243.01,14064,R20MZ_IA-2_FZ_100_filtered
25,12,2,-99.89,3.78,617.587,21.33,-191.71,13798,R20MZ_IA-2_FZ_100_filtered
25,12,0,-99.87,12.1,450.87,-9.5,-258.26,7797,R20MZ_FZ_100_filtered
25,12,0,-99.87,-10.509,456.53,-2.41,247.63,8363,R20MZ_FZ_100_filtered
25,12,4,-99.87,6.431,790.293,24.91,-215.59,20397,R20MZ_IA-4_FZ_100_filtered
25,12,0,-99.84,5.232,448.95,5.34,-220.25,7606,R20MZ_FZ_100_filtered
25,12,2,-99.84,-6.806,624.607,2.28,239.31,14499,R20MZ_IA-2_FZ_100_filtered
25,12,0,-99.81,-10.036,456.41,-4.82,248.7,8351,R20MZ_FZ_100_filtered
25,12,0,-99.8,-4.972,455.15,-11.3,224.98,8225,R20MZ_FZ_100_filtered
25,12,2,-99.79,-4.523,627.997,1.97,211.83,14837,R20MZ_IA-2_FZ_100_filtered
25,12,0,-99.77,-4.099,454.93,-13.51,213.4,8203,R20MZ_FZ_100_filtered
25,12,2,-99.77,-5.434,627.767,2.16,224.56,14814,R20MZ_IA-2_FZ_100_filtered
25,12,2,-99.74,-11.647,625.817,9.77,249.07,14620,R20MZ_IA-2_FZ_100_filtered
25,12,2,-99.73,-1.763,628.687,3.87,124.49,14906,R20MZ_IA-2_FZ_100_filtered
25,12,0,-99.71,3.439,448.5,4.3,-189.09,7561,R20MZ_FZ_100_filtered
25,12,0,-99.71,4.791,448.84,9.27,-213.77,7595,R20MZ_FZ_100_filtered
25,12,2,-99.71,-3.25,623.717,-3.39,198.38,14410,R20MZ_IA-2_FZ_100_filtered
25,12,2,-99.71,-3.695,623.827,1.52,208.6,14421,R20MZ_IA-2_FZ_100_filtered
25,12,0,-99.67,-8.679,456.07,-3.24,245.31,8317,R20MZ_FZ_100_filtered
25,12,0,-99.66,5.071,448.91,7.88,-221.36,7602,R20MZ_FZ_100_filtered
25,12,4,-99.65,-2.544,797.482,12.65,153.88,21115,R20MZ_IA-4_FZ_100_filtered
25,12,0,-99.64,-1.458,454.26,-9.19,119.38,8136,R20MZ_FZ_100_filtered
25,12,2,-99.64,7.041,618.397,14.14,-235.61,13879,R20MZ_IA-2_FZ_100_filtered
25,12,2,-99.64,7.369,618.477,16.72,-242.43,13887,R20MZ_IA-2_FZ_100_filtered
25,12,0,-99.62,-6.455,458.52,-6.63,231.37,8561,R20MZ_FZ_100_filtered
25,12,2,-99.6,4.232,617.697,16.77,-200.4,13809,R20MZ_IA-2_FZ_100_filtered
25,12,0,-99.59,6.119,452.37,7.42,-232.96,7947,R20MZ_FZ_100_filtered
25,12,2,-99.58,-7.805,627.177,5.93,241.02,14755,R20MZ_IA-2_FZ_100_filtered
25,12,2,-99.57,4.384,621.807,18.52,-199.74,14219,R20MZ_IA-2_FZ_100_filtered
25,12,0,-99.56,-7.767,455.84,-3.75,242.36,8294,R20MZ_FZ_100_filtered
25,12,4,-99.56,11.181,788.423,20.85,-215.45,20211,R20MZ_IA-4_FZ_100_filtered
25,12,4,-99.56,11.841,788.653,8.55,-215.13,20234,R20MZ_IA-4_FZ_100_filtered
25,12,0,-99.54,-7.718,455.83,-3.69,243.59,8293,R20MZ_FZ_100_filtered
25,12,0,-99.54,-8.643,456.06,-2.79,246.38,8316,R20MZ_FZ_100_filtered
25,12,2,-99.54,4.113,621.877,13.5,-193.05,14226,R20MZ_IA-2_FZ_100_filtered
25,12,0,-99.52,-11.384,456.75,-1.96,248.85,8385,R20MZ_FZ_100_filtered
25,12,4,-99.52,1.481,791.533,24.38,-79.66,20521,R20MZ_IA-4_FZ_100_filtered
25,12,0,-99.5,6.906,449.37,7.51,-240.43,7648,R20MZ_FZ_100_filtered
25,12,0,-99.49,-11.02,456.66,-5,245.46,8376,R20MZ_FZ_100_filtered
25,12,4,-99.49,-9.938,794.383,16.24,242.44,20806,R20MZ_IA-4_FZ_100_filtered
25,12,0,-99.48,6.468,449.26,7.68,-237.18,7637,R20MZ_FZ_100_filtered
25,12,0,-99.48,6.614,449.3,5.01,-232.95,7641,R20MZ_FZ_100_filtered
25,12,0,-99.48,12.17,450.82,5.17,-250.95,7792,R20MZ_FZ_100_filtered
25,12,0,-99.45,-9.989,456.4,-3.72,249.2,8350,R20MZ_FZ_100_filtered
25,12,0,-99.45,-9.409,457.78,-3.2,248.26,8487,R20MZ_FZ_100_filtered
25,12,-0,-99.44,-10.906,456.63,-3.24,249.36,8373,R20MZ_FZ_100_filtered
25,12,2,-99.44,-5.47,627.757,2.41,224.1,14813,R20MZ_IA-2_FZ_100_filtered
25,12,0,-99.41,-11.22,457.32,-12.05,250.41,8441,R20MZ_FZ_100_filtered
25,12,4,-99.41,-10.022,794.402,17.22,245.53,20808,R20MZ_IA-4_FZ_100_filtered
25,12,0,-99.4,8.947,449.88,3.06,-247.71,7699,R20MZ_FZ_100_filtered
25,12,2,-99.39,8.685,620.727,11.54,-239.94,14111,R20MZ_IA-2_FZ_100_filtered
25,12,2,-99.39,-0.836,623.117,0.88,81.86,14350,R20MZ_IA-2_FZ_100_filtered
25,12,4,-99.38,-10.454,794.513,17.65,245.37,20819,R20MZ_IA-4_FZ_100_filtered
25,12,0,-99.35,11.815,450.64,-6.01,-261.37,7775,R20MZ_FZ_100_filtered
25,12,2,-99.35,-4.2,628.077,-1.11,205.19,14845,R20MZ_IA-2_FZ_100_filtered
25,12,4,-99.35,-1.284,792.213,11.57,108.66,20589,R20MZ_IA-4_FZ_100_filtered
25,12,2,-99.34,11.232,620.087,17.69,-238.99,14047,R20MZ_IA-2_FZ_100_filtered
25,12,0,-99.33,-4.931,455.14,-9.84,224.85,8224,R20MZ_FZ_100_filtered
25,12,2,-99.33,-4.556,627.987,2.73,211.52,14836,R20MZ_IA-2_FZ_100_filtered
25,12,0,-99.32,-8.149,455.94,-6.74,244.67,8304,R20MZ_FZ_100_filtered
25,12,4,-99.32,3.349,786.463,25.77,-161.58,20015,R20MZ_IA-4_FZ_100_filtered
25,12,2,-99.29,6.682,621.227,15.75,-229.39,14161,R20MZ_IA-2_FZ_100_filtered
25,12,2,-99.29,-9.692,626.707,13.29,244.57,14708,R20MZ_IA-2_FZ_100_filtered
25,12,-0,-99.25,-5.296,458.81,-8.68,224.56,8590,R20MZ_FZ_100_filtered
25,12,4,-99.25,-7.137,793.682,14.01,238.07,20736,R20MZ_IA-4_FZ_100_filtered
25,12,0,-99.24,-12.134,456.97,0.98,250.1,8406,R20MZ_FZ_100_filtered
25,12,2,-99.22,6.812,621.197,12.7,-227.19,14158,R20MZ_IA-2_FZ_100_filtered
25,12,0,-99.16,-8.033,458.12,-8.75,243.78,8521,R20MZ_FZ_100_filtered
25,12,0,-99.15,-5.447,455.26,-7.91,228.57,8236,R20MZ_FZ_100_filtered
25,12,4,-99.15,12.179,788.813,25.99,-220.16,20249,R20MZ_IA-4_FZ_100_filtered
25,12,-0,-99.12,-3.974,454.9,-11.49,209.83,8200,R20MZ_FZ_100_filtered
25,12,0,-99.12,-11.779,456.89,10.38,246.79,8399,R20MZ_FZ_100_filtered
25,12,0,-99.11,4.485,452.78,6.77,-210.3,7988,R20MZ_FZ_100_filtered
25,12,0,-99.1,-11.728,457.2,10.05,250.41,8429,R20MZ_FZ_100_filtered
25,12,2,-99.09,-11.039,626.367,4.71,244.41,14674,R20MZ_IA-2_FZ_100_filtered
25,12,0,-99.08,8.273,449.71,6.2,-250.35,7682,R20MZ_FZ_100_filtered
25,12,0,-99.08,-4.191,459.09,-11.97,205.78,8618,R20MZ_FZ_100_filtered
25,12,2,-99.08,-11.446,626.247,-2.84,244.58,14662,R20MZ_IA-2_FZ_100_filtered
25,12,4,-99.08,12.183,788.773,27.37,-216.77,20245,R20MZ_IA-4_FZ_100_filtered
25,12,0,-99.06,10.321,450.23,2.45,-248.92,7734,R20MZ_FZ_100_filtered
25,12,-0,-99.06,-3.716,459.21,-10.17,193.88,8630,R20MZ_FZ_100_filtered
25,12,-0,-99.05,8.43,451.79,7.92,-248.45,7889,R20MZ_FZ_100_filtered
25,12,0,-99.05,-3.689,454.82,-8.36,205.18,8192,R20MZ_FZ_100_filtered
25,12,2,-99.05,6.003,618.137,17.23,-228.18,13853,R20MZ_IA-2_FZ_100_filtered
25,12,0,-99.03,-10.103,457.6,-11.39,243.27,8469,R20MZ_FZ_100_filtered
25,12,0,-99.01,8.587,451.75,3.51,-245.04,7885,R20MZ_FZ_100_filtered
25,12,2,-99,-6.372,624.497,2.81,236.5,14488,R20MZ_IA-2_FZ_100_filtered
25,12,0,-98.99,5.672,452.48,6.88,-226.92,7958,R20MZ_FZ_100_filtered
25,12,2,-98.98,-9.651,626.717,13.18,245.02,14709,R20MZ_IA-2_FZ_100_filtered
25,12,2,-98.95,-7.738,624.837,2.78,242.37,14522,R20MZ_IA-2_FZ_100_filtered
25,12,0,-98.94,-2.796,454.6,-9.62,181.88,8170,R20MZ_FZ_100_filtered
25,12,0,-98.94,-7.819,458.18,-6.85,237.44,8527,R20MZ_FZ_100_filtered
25,12,0,-98.93,-11.507,456.78,-3.57,244.22,8388,R20MZ_FZ_100_filtered
25,12,0,-98.93,-5.971,458.64,-10.35,226.11,8573,R20MZ_FZ_100_filtered
25,12,0,-98.92,-5.87,455.37,-6.59,230.75,8247,R20MZ_FZ_100_filtered
25,12,2,-98.9,-4.606,627.977,2.63,211.68,14835,R20MZ_IA-2_FZ_100_filtered
25,12,4,-98.89,-9.452,794.263,15.63,241,20794,R20MZ_IA-4_FZ_100_filtered
25,12,0,-98.88,-6.9,458.41,-9.28,232.79,8550,R20MZ_FZ_100_filtered
25,12,4,-98.88,7.368,790.053,23.68,-224.2,20373,R20MZ_IA-4_FZ_100_filtered
25,12,0,-98.86,-6.788,455.6,-4.51,236.61,8270,R20MZ_FZ_100_filtered
25,12,4,-98.84,-1.625,797.712,15.44,116.7,21138,R20MZ_IA-4_FZ_100_filtered
25,12,0,-98.83,9.426,450,2.14,-247.06,7711,R20MZ_FZ_100_filtered
25,12,0,-98.81,-0.803,454.11,-6.35,74.1,8121,R20MZ_FZ_100_filtered
25,12,0,-98.81,-9.191,457.83,-9.93,243.62,8492,R20MZ_FZ_100_filtered
25,12,0,-98.8,-5.015,455.16,-12.39,223.92,8226,R20MZ_FZ_100_filtered
25,12,0,-98.78,-7.791,455.85,-4.52,239.72,8295,R20MZ_FZ_100_filtered
25,12,2,-98.78,-11.007,625.657,5.37,243.75,14604,R20MZ_IA-2_FZ_100_filtered
25,12,0,-98.75,-9.916,457.66,-2.17,249.37,8475,R20MZ_FZ_100_filtered
25,12,0,-98.74,2,453.4,9.44,-131.25,8050,R20MZ_FZ_100_filtered
25,12,0,-98.73,-11.061,457.37,-6.22,243.93,8446,R20MZ_FZ_100_filtered
25,12,0,-98.72,-9.646,456.31,-3.39,244.86,8341,R20MZ_FZ_100_filtered
25,12,4,-98.72,-9.488,794.273,16.08,241.92,20795,R20MZ_IA-4_FZ_100_filtered
25,12,0,-98.71,8.031,449.65,3.46,-241.77,7676,R20MZ_FZ_100_filtered
25,12,0,-98.71,-2.098,454.43,-14.06,154.16,8153,R20MZ_FZ_100_filtered
25,12,0,-98.71,-7.113,458.35,-9.08,238.96,8544,R20MZ_FZ_100_filtered
25,12,4,-98.71,10.178,789.353,20.71,-220.78,20303,R20MZ_IA-4_FZ_100_filtered
25,12,0,-98.7,-12.093,457.02,-13.51,245.16,8411,R20MZ_FZ_100_filtered
25,12,0,-98.69,-3.945,459.15,-9.51,199.85,8624,R20MZ_FZ_100_filtered
25,12,0,-98.68,-1.235,454.21,-11.63,106.22,8131,R20MZ_FZ_100_filtered
25,12,2,-98.68,-4.606,624.057,2.36,223.63,14444,R20MZ_IA-2_FZ_100_filtered
25,12,-0,-98.66,-6.826,455.61,-5.01,236.5,8271,R20MZ_FZ_100_filtered
25,12,2,-98.66,4.636,617.797,19.39,-207.72,13819,R20MZ_IA-2_FZ_100_filtered
25,12,0,-98.65,-8.718,456.08,-4,242.96,8318,R20MZ_FZ_100_filtered
25,12,0,-98.64,0.498,453.78,1.49,-45.63,8088,R20MZ_FZ_100_filtered
25,12,4,-98.64,7.326,790.063,23.51,-224.21,20374,R20MZ_IA-4_FZ_100_filtered
25,12,0,-98.62,-6.213,458.58,-8.3,233.04,8567,R20MZ_FZ_100_filtered
25,12,4,-98.6,8.174,787.673,25.07,-233.59,20136,R20MZ_IA-4_FZ_100_filtered
25,12,2,-98.59,12.231,619.717,6.24,-230.62,14010,R20MZ_IA-2_FZ_100_filtered
25,12,0,-98.58,2.947,453.17,7.03,-167.98,8027,R20MZ_FZ_100_filtered
25,12,-0,-98.57,7.191,452.1,3.9,-235.56,7920,R20MZ_FZ_100_filtered
25,12,0,-98.56,-6.387,455.5,-8.89,232.15,8260,R20MZ_FZ_100_filtered
25,12,-0,-98.56,-8.753,457.95,-1.63,242.88,8504,R20MZ_FZ_100_filtered
25,12,2,-98.53,0.671,622.737,12.51,-46.37,14312,R20MZ_IA-2_FZ_100_filtered
25,12,0,-98.51,-5.396,455.25,-8.47,228.55,8235,R20MZ_FZ_100_filtered
25,12,0,-98.5,8.128,451.87,1.87,-240.85,7897,R20MZ_FZ_100_filtered
25,12,2,-98.48,12.158,619.847,5.28,-233.61,14023,R20MZ_IA-2_FZ_100_filtered
25,12,2,-98.47,7.518,618.517,13.77,-237.16,13891,R20MZ_IA-2_FZ_100_filtered
25,12,2,-98.47,2.094,622.377,19.55,-125.16,14276,R20MZ_IA-2_FZ_100_filtered
25,12,-0,-98.45,-8.589,456.05,-2.82,246.26,8315,R20MZ_FZ_100_filtered
25,12,-0,-98.43,12.118,450.86,-7.18,-254.31,7796,R20MZ_FZ_100_filtered
25,12,0,-98.41,2.287,448.21,10.69,-148.75,7532,R20MZ_FZ_100_filtered
25,12,2,-98.41,-5.124,624.187,-1.46,228.58,14457,R20MZ_IA-2_FZ_100_filtered
25,12,2,-98.41,-3.282,628.307,-0.49,182.5,14868,R20MZ_IA-2_FZ_100_filtered
25,12,0,-98.4,3.85,452.94,8.06,-194.19,8004,R20MZ_FZ_100_filtered
25,12,4,-98.4,7.843,789.933,22.08,-226.88,20361,R20MZ_IA-4_FZ_100_filtered
25,12,4,-98.4,0.853,791.683,25.69,-45.9,20536,R20MZ_IA-4_FZ_100_filtered
25,12,2,-98.39,6.605,618.287,14.63,-228.18,13868,R20MZ_IA-2_FZ_100_filtered
25,12,2,-98.39,10.317,620.317,17.83,-247.11,14070,R20MZ_IA-2_FZ_100_filtered
25,12,0,-98.38,-10.851,457.43,6.55,250.41,8452,R20MZ_FZ_100_filtered
25,12,2,-98.37,-6.851,624.617,1.49,238.05,14500,R20MZ_IA-2_FZ_100_filtered
25,12,0,-98.34,-10.595,456.55,-3.29,243.45,8365,R20MZ_FZ_100_filtered
25,12,0,-98.34,-4.642,458.98,-8.82,212.16,8607,R20MZ_FZ_100_filtered
25,12,2,-98.33,-0.383,622.987,9.24,36.35,14337,R20MZ_IA-2_FZ_100_filtered
25,12,0,-98.32,-11.344,456.74,-1.94,248.27,8384,R20MZ_FZ_100_filtered
25,12,2,-98.28,-9.13,625.187,5.12,242.22,14557,R20MZ_IA-2_FZ_100_filtered
25,12,2,-98.28,-3.638,628.217,2.05,193.04,14859,R20MZ_IA-2_FZ_100_filtered
25,12,0,-98.26,-4.594,455.05,-7.87,219.14,8215,R20MZ_FZ_100_filtered
25,12,0,-98.26,-7.673,455.82,-3.33,242.99,8292,R20MZ_FZ_100_filtered
25,12,0,-98.23,-8.547,458,0.96,243.62,8509,R20MZ_FZ_100_filtered
25,12,0,-98.22,-4.873,458.92,-9.34,217.41,8601,R20MZ_FZ_100_filtered
25,12,0,-98.2,-12.02,457.14,20.75,244.53,8423,R20MZ_FZ_100_filtered
25,12,0,-98.2,-7.633,458.23,-0.18,241.31,8532,R20MZ_FZ_100_filtered
25,12,2,-98.2,6.775,621.207,13.46,-225.84,14159,R20MZ_IA-2_FZ_100_filtered
25,12,0,-98.19,4.756,452.71,7.6,-213.29,7981,R20MZ_FZ_100_filtered
25,12,0,-98.17,11.634,450.98,2.28,-253.71,7808,R20MZ_FZ_100_filtered
25,12,0,-98.17,-6.755,455.59,-3.39,235.69,8269,R20MZ_FZ_100_filtered
25,12,-0,-98.17,-9.675,457.72,2.89,243.81,8481,R20MZ_FZ_100_filtered
25,12,0,-98.15,-7.789,458.19,-5.28,236.52,8528,R20MZ_FZ_100_filtered
25,12,2,-98.15,-2.37,628.537,1.8,150.51,14891,R20MZ_IA-2_FZ_100_filtered
25,12,0,-98.13,1.023,453.64,8.22,-82.99,8074,R20MZ_FZ_100_filtered
25,12,0,-98.1,10.765,451.21,-2.79,-253.1,7831,R20MZ_FZ_100_filtered
25,12,0,-98.1,-11.785,456.9,12.56,245.6,8400,R20MZ_FZ_100_filtered
25,12,4,-98.1,8.608,787.783,24.4,-233.76,20147,R20MZ_IA-4_FZ_100_filtered
25,12,0,-98.09,10.82,450.35,0.74,-247.37,7746,R20MZ_FZ_100_filtered
25,12,0,-98.08,-7.221,455.71,-7.4,239.21,8281,R20MZ_FZ_100_filtered
25,12,4,-98.08,11.058,789.133,17.12,-219.11,20281,R20MZ_IA-4_FZ_100_filtered
25,12,0,-98.07,-4.146,454.94,-14.11,212.77,8204,R20MZ_FZ_100_filtered
25,12,0,-98.06,9.5,451.52,3.72,-246.28,7862,R20MZ_FZ_100_filtered
25,12,0,-98.06,-4.905,455.13,-8.36,223.01,8223,R20MZ_FZ_100_filtered
25,12,0,-98.04,-6.42,458.53,-7.3,229.39,8562,R20MZ_FZ_100_filtered
25,12,2,-98.03,-7.97,624.897,4.71,244.37,14528,R20MZ_IA-2_FZ_100_filtered
25,12,4,-98.03,10.866,788.343,21.65,-222.08,20203,R20MZ_IA-4_FZ_100_filtered
25,12,0,-98.02,-4.442,455.01,-7.96,216.03,8211,R20MZ_FZ_100_filtered
25,12,0,-98.01,-11.256,457.31,-12.01,248.11,8440,R20MZ_FZ_100_filtered
25,12,2,-98.01,11.003,619.387,12.48,-246.97,13978,R20MZ_IA-2_FZ_100_filtered
25,12,0,-97.99,-3.009,454.66,-12.84,185.46,8176,R20MZ_FZ_100_filtered
25,12,0,-97.98,7.348,449.48,6.64,-242.42,7659,R20MZ_FZ_100_filtered
25,12,2,-97.97,3.504,622.027,18.98,-175.9,14241,R20MZ_IA-2_FZ_100_filtered
25,12,0,-97.95,-5.775,458.69,-7.21,227.94,8578,R20MZ_FZ_100_filtered
25,12,0,-97.94,-12.144,456.96,3.37,249.34,8405,R20MZ_FZ_100_filtered
25,12,0,-97.92,-10.337,457.54,-6.25,249.49,8463,R20MZ_FZ_100_filtered
25,12,0,-97.9,8.461,451.78,6.99,-244.71,7888,R20MZ_FZ_100_filtered
25,12,0,-97.88,-7.155,458.34,-8.97,238.04,8543,R20MZ_FZ_100_filtered
25,12,4,-97.87,-0.803,797.922,20.23,71.41,21159,R20MZ_IA-4_FZ_100_filtered
25,12,0,-97.85,-3.22,459.33,-11.52,179.59,8642,R20MZ_FZ_100_filtered
25,12,0,-97.84,-5.83,455.36,-5.47,229.94,8246,R20MZ_FZ_100_filtered
25,12,0,-97.83,11.31,450.47,0.88,-245.5,7758,R20MZ_FZ_100_filtered
25,12,0,-97.83,9.839,451.44,-1.36,-252.84,7854,R20MZ_FZ_100_filtered
25,12,0,-97.83,5.359,452.56,6.89,-219.29,7966,R20MZ_FZ_100_filtered
25,12,0,-97.83,-6.297,455.48,-8.92,232.58,8258,R20MZ_FZ_100_filtered
25,12,0,-97.82,-5.941,455.39,-9.07,228.91,8249,R20MZ_FZ_100_filtered
25,12,0,-97.81,3.39,453.05,8.71,-181.45,8015,R20MZ_FZ_100_filtered
25,12,0,-97.81,-8.099,455.93,-6.12,243.93,8303,R20MZ_FZ_100_filtered
25,12,0,-97.79,-9.152,457.84,-9.83,242.73,8493,R20MZ_FZ_100_filtered
25,12,0,-97.76,12.189,450.74,1.19,-254.36,7784,R20MZ_FZ_100_filtered
25,12,0,-97.72,-3.51,459.26,-9.2,187.64,8635,R20MZ_FZ_100_filtered
25,12,4,-97.72,10.091,789.373,19.32,-219.75,20305,R20MZ_IA-4_FZ_100_filtered
25,12,0,-97.71,-8.24,458.07,-9.3,239.61,8516,R20MZ_FZ_100_filtered
25,12,0,-97.69,9.629,450.05,4.71,-252.96,7716,R20MZ_FZ_100_filtered
25,12,-0,-97.68,-5.529,455.28,-7.34,225.66,8238,R20MZ_FZ_100_filtered
25,12,0,-97.67,12.206,450.71,-7.55,-248.73,7781,R20MZ_FZ_100_filtered
25,12,0,-97.65,9.904,450.12,1.83,-245.35,7723,R20MZ_FZ_100_filtered
25,12,2,-97.64,-11.04,625.667,5.77,243.72,14605,R20MZ_IA-2_FZ_100_filtered
25,12,0,-97.62,2.151,448.18,10.07,-144.61,7529,R20MZ_FZ_100_filtered
25,12,0,-97.62,7.637,451.99,3.46,-236.97,7909,R20MZ_FZ_100_filtered
25,12,0,-97.61,6.725,452.22,3.54,-230.91,7932,R20MZ_FZ_100_filtered
25,12,0,-97.6,-1.504,454.27,-8.03,122.66,8137,R20MZ_FZ_100_filtered
25,12,0,-97.59,-10.083,457.61,-10.4,242.57,8470,R20MZ_FZ_100_filtered
25,12,0,-97.59,-8.073,458.11,-9.35,241.77,8520,R20MZ_FZ_100_filtered
25,12,2,-97.59,8.984,620.657,8.72,-242.46,14104,R20MZ_IA-2_FZ_100_filtered
25,12,0,-97.58,-9.939,456.39,-3.51,248.53,8349,R20MZ_FZ_100_filtered
25,12,2,-97.58,-1.334,628.787,5.14,104.11,14916,R20MZ_IA-2_FZ_100_filtered
25,12,0,-97.57,-11.784,457.19,17.42,248.88,8428,R20MZ_FZ_100_filtered
25,12,-0,-97.55,7.554,452.01,5.63,-238.96,7911,R20MZ_FZ_100_filtered
25,12,0,-97.54,3.892,448.62,11.05,-194.33,7573,R20MZ_FZ_100_filtered
25,12,0,-97.53,-9.68,456.32,-3.9,242.38,8342,R20MZ_FZ_100_filtered
25,12,0,-97.52,5.505,449.02,10.26,-223.51,7613,R20MZ_FZ_100_filtered
25,12,0,-97.52,6.282,452.33,5.49,-227.67,7943,R20MZ_FZ_100_filtered
25,12,2,-97.52,-7.001,624.657,2.24,240.33,14504,R20MZ_IA-2_FZ_100_filtered
25,12,4,-97.52,-1.187,797.822,16.47,94.68,21149,R20MZ_IA-4_FZ_100_filtered
25,12,0,-97.47,6.42,449.25,7.91,-232.35,7636,R20MZ_FZ_100_filtered
25,12,2,-97.47,9.412,618.987,11.34,-237.64,13938,R20MZ_IA-2_FZ_100_filtered
25,12,2,-97.46,1.673,622.487,12.98,-104.86,14287,R20MZ_IA-2_FZ_100_filtered
25,12,0,-97.44,6.158,452.36,6.73,-229.11,7946,R20MZ_FZ_100_filtered
25,12,0,-97.42,2.481,453.28,6.6,-151.54,8038,R20MZ_FZ_100_filtered
25,12,2,-97.42,11.758,619.957,8.15,-231.18,14034,R20MZ_IA-2_FZ_100_filtered
25,12,4,-97.42,3.436,786.483,24.23,-160.62,20017,R20MZ_IA-4_FZ_100_filtered
25,12,2,-97.41,10.51,620.267,12.25,-237.34,14065,R20MZ_IA-2_FZ_100_filtered
25,12,4,-97.38,10.369,788.223,22.63,-222.28,20191,R20MZ_IA-4_FZ_100_filtered
25,12,2,-97.35,2.133,622.367,19.03,-125.97,14275,R20MZ_IA-2_FZ_100_filtered
25,12,0,-97.33,-2.067,454.42,-13.86,153.41,8152,R20MZ_FZ_100_filtered
25,12,-0,-97.32,-11.065,456.67,-5.49,243.66,8377,R20MZ_FZ_100_filtered
25,12,0,-97.3,-6.737,458.45,-4.46,234,8554,R20MZ_FZ_100_filtered
25,12,0,-97.28,-6.86,458.42,-8.3,231.84,8551,R20MZ_FZ_100_filtered
25,12,2,-97.25,2.204,622.347,17.11,-129.98,14273,R20MZ_IA-2_FZ_100_filtered
25,12,2,-97.21,11.375,620.047,17.56,-225.86,14043,R20MZ_IA-2_FZ_100_filtered
25,12,2,-97.2,-1.392,628.777,4.46,106.3,14915,R20MZ_IA-2_FZ_100_filtered
25,12,0,-97.18,5.804,452.45,3.8,-223.15,7955,R20MZ_FZ_100_filtered
25,12,0,-97.18,-5.507,458.76,-8.03,221.17,8585,R20MZ_FZ_100_filtered
25,12,-0,-97.17,7.584,449.54,3.82,-235.71,7665,R20MZ_FZ_100_filtered
25,12,0,-97.17,-8.195,458.08,-9.68,238.55,8517,R20MZ_FZ_100_filtered
25,12,4,-97.17,9.063,787.893,23.69,-232.27,20158,R20MZ_IA-4_FZ_100_filtered
25,12,0,-97.16,3.471,448.51,3.77,-184.74,7562,R20MZ_FZ_100_filtered
25,12,2,-97.16,-6.506,624.527,4.24,237.23,14491,R20MZ_IA-2_FZ_100_filtered
25,12,0,-97.15,9.375,451.55,7.98,-248.77,7865,R20MZ_FZ_100_filtered
25,12,0,-97.15,-3.979,459.14,-9.68,199.74,8623,R20MZ_FZ_100_filtered
25,12,0,-97.13,12.154,450.83,3.38,-247.83,7793,R20MZ_FZ_100_filtered
25,12,-0,-97.13,-8.577,456.04,-3,245.04,8314,R20MZ_FZ_100_filtered
25,12,2,-97.13,-10.217,625.457,6.63,247.45,14584,R20MZ_IA-2_FZ_100_filtered
25,12,0,-97.12,6.185,449.19,5.46,-224.58,7630,R20MZ_FZ_100_filtered
25,12,2,-97.12,7.684,620.977,13.12,-231.14,14136,R20MZ_IA-2_FZ_100_filtered
25,12,0,-97.11,-2.569,454.54,-7,171.49,8164,R20MZ_FZ_100_filtered
25,12,0,-97.1,10.41,451.29,5.67,-245.01,7839,R20MZ_FZ_100_filtered
25,12,0,-97.1,-6.256,458.57,-7.71,231.35,8566,R20MZ_FZ_100_filtered
25,12,2,-97.1,3.529,622.017,18.53,-175.76,14240,R20MZ_IA-2_FZ_100_filtered
25,12,0,-97.08,1.749,453.47,1.12,-120.19,8057,R20MZ_FZ_100_filtered
25,12,0,-97.06,-12.103,457.03,-13.87,244.12,8412,R20MZ_FZ_100_filtered
25,12,-0,-97.04,10.533,450.28,4.1,-254.01,7739,R20MZ_FZ_100_filtered
25,12,2,-97.03,7.226,621.097,12.15,-227.87,14148,R20MZ_IA-2_FZ_100_filtered
25,12,0,-97.02,-10.894,457.42,5.43,248.11,8451,R20MZ_FZ_100_filtered
25,12,0,-96.97,11.779,450.95,-8.9,-246.89,7805,R20MZ_FZ_100_filtered
25,12,4,-96.97,7.254,787.443,26.1,-229.49,20113,R20MZ_IA-4_FZ_100_filtered
25,12,2,-96.93,7.645,620.987,14.4,-231.75,14137,R20MZ_IA-2_FZ_100_filtered
25,12,0,-96.91,-11.986,457.15,25.38,243.63,8424,R20MZ_FZ_100_filtered
25,12,0,-96.9,7.584,452,4.61,-236.64,7910,R20MZ_FZ_100_filtered
25,12,0,-96.89,4.455,452.79,7.02,-206.1,7989,R20MZ_FZ_100_filtered
25,12,0,-96.89,-5.939,458.65,-10.19,224.72,8574,R20MZ_FZ_100_filtered
25,12,0,-96.88,-3.674,459.22,-10.41,191.38,8631,R20MZ_FZ_100_filtered
25,12,2,-96.88,8.652,620.737,12.37,-237.04,14112,R20MZ_IA-2_FZ_100_filtered
25,12,0,-96.86,6.672,452.23,4.73,-230.44,7933,R20MZ_FZ_100_filtered
25,12,0,-96.86,-3.716,454.83,-8.21,204.58,8193,R20MZ_FZ_100_filtered
25,12,0,-96.85,-5.057,455.17,-12.42,221.77,8227,R20MZ_FZ_100_filtered
25,12,0,-96.85,-8.32,455.98,-8.04,238.7,8308,R20MZ_FZ_100_filtered
25,12,0,-96.83,-5.341,458.8,-8.3,222.98,8589,R20MZ_FZ_100_filtered
25,12,0,-96.82,-3.479,454.77,-8.63,196.81,8187,R20MZ_FZ_100_filtered
25,12,0,-96.8,-6.266,455.47,-8.57,231.36,8257,R20MZ_FZ_100_filtered
25,12,0,-96.8,-4.585,458.99,-8.93,209.85,8608,R20MZ_FZ_100_filtered
25,12,2,-96.79,5.963,618.127,17.19,-224.54,13852,R20MZ_IA-2_FZ_100_filtered
25,12,0,-96.78,-8.117,458.1,-9.31,239.91,8519,R20MZ_FZ_100_filtered
25,12,0,-96.77,9.458,451.53,5.33,-244.55,7863,R20MZ_FZ_100_filtered
25,12,0,-96.77,-11.03,457.38,-5.26,242.53,8447,R20MZ_FZ_100_filtered
25,12,0,-96.77,-9.944,457.65,-4.24,247.79,8474,R20MZ_FZ_100_filtered
25,12,0,-96.77,-5.026,458.88,-10.84,216.22,8597,R20MZ_FZ_100_filtered
25,12,0,-96.75,-7.187,455.7,-7.64,237.72,8280,R20MZ_FZ_100_filtered
25,12,0,-96.75,-11.546,456.79,-3.75,242.55,8389,R20MZ_FZ_100_filtered
25,12,0,-96.74,8.506,451.77,5.93,-242.38,7887,R20MZ_FZ_100_filtered
25,12,0,-96.74,-5.353,455.24,-8.72,227.2,8234,R20MZ_FZ_100_filtered
25,12,0,-96.73,2.235,448.2,10.5,-145.62,7531,R20MZ_FZ_100_filtered
25,12,0,-96.7,6.871,449.36,6.97,-235.28,7647,R20MZ_FZ_100_filtered
25,12,0,-96.7,-7.292,458.31,-7.68,234.97,8540,R20MZ_FZ_100_filtered
25,12,0,-96.69,-11.318,456.73,-1.57,246.86,8383,R20MZ_FZ_100_filtered
25,12,2,-96.69,-8.261,624.967,5.19,240.15,14535,R20MZ_IA-2_FZ_100_filtered
25,12,0,-96.68,3.519,453.02,7.52,-184.42,8012,R20MZ_FZ_100_filtered
25,12,0,-96.68,-4.901,458.91,-9.02,216.46,8600,R20MZ_FZ_100_filtered
25,12,0,-96.67,5.721,452.47,5.72,-223.94,7957,R20MZ_FZ_100_filtered
25,12,0,-96.67,-12.148,456.95,6.81,248.44,8404,R20MZ_FZ_100_filtered
25,12,0,-96.67,-8.595,457.99,1.07,242.5,8508,R20MZ_FZ_100_filtered
25,12,2,-96.66,-0.675,623.077,7.5,67.62,14346,R20MZ_IA-2_FZ_100_filtered
25,12,2,-96.66,-7.456,624.767,6.2,241.55,14515,R20MZ_IA-2_FZ_100_filtered
25,12,0,-96.65,2.576,448.29,5.8,-159.62,7540,R20MZ_FZ_100_filtered
25,12,0,-96.65,6.202,452.35,6.15,-226.27,7945,R20MZ_FZ_100_filtered
25,12,0,-96.64,-8.157,458.09,-9.77,238.99,8518,R20MZ_FZ_100_filtered
25,12,2,-96.64,-9.182,625.197,5.33,241.4,14558,R20MZ_IA-2_FZ_100_filtered
25,12,0,-96.63,12.203,450.72,-4.59,-248.28,7782,R20MZ_FZ_100_filtered
25,12,0,-96.63,-6.434,455.51,-8.88,230.62,8261,R20MZ_FZ_100_filtered
25,12,0,-96.62,-9.049,457.87,-8.78,243.66,8496,R20MZ_FZ_100_filtered
25,12,0,-96.6,9.892,451.43,-1.88,-248.43,7853,R20MZ_FZ_100_filtered
25,12,0,-96.6,-7.204,458.33,-8.36,236.82,8542,R20MZ_FZ_100_filtered
25,12,0,-96.59,4.8,452.7,6.58,-211.24,7980,R20MZ_FZ_100_filtered
25,12,2,-96.56,6.166,618.177,14.59,-220.17,13857,R20MZ_IA-2_FZ_100_filtered
25,12,0,-96.55,-11.282,457.3,-11.97,246.75,8439,R20MZ_FZ_100_filtered
25,12,2,-96.54,0.697,622.727,12.34,-48.42,14311,R20MZ_IA-2_FZ_100_filtered
25,12,0,-96.51,-9.112,457.85,-10.08,242.25,8494,R20MZ_FZ_100_filtered
25,12,0,-96.5,10.372,450.24,2.29,-244.73,7735,R20MZ_FZ_100_filtered
25,12,0,-96.5,4.886,452.68,4.65,-212.44,7978,R20MZ_FZ_100_filtered
25,12,-0,-96.49,-0.46,454.01,-3.4,36.64,8111,R20MZ_FZ_100_filtered
25,12,2,-96.49,-8.857,625.117,6.06,244.5,14550,R20MZ_IA-2_FZ_100_filtered
25,12,0,-96.47,5.767,452.46,5.06,-222.52,7956,R20MZ_FZ_100_filtered
25,12,0,-96.47,-10.992,457.39,-2.55,242.88,8448,R20MZ_FZ_100_filtered
25,12,0,-96.43,8.216,449.7,5.62,-245.19,7681,R20MZ_FZ_100_filtered
25,12,0,-96.41,11.47,450.51,3.4,-252.34,7762,R20MZ_FZ_100_filtered
25,12,0,-96.37,-5.458,458.77,-8.2,220.22,8586,R20MZ_FZ_100_filtered
25,12,2,-96.37,1.213,622.597,17.48,-80.08,14298,R20MZ_IA-2_FZ_100_filtered
25,12,2,-96.36,0.853,622.687,13.84,-59.11,14307,R20MZ_IA-2_FZ_100_filtered
25,12,0,-96.35,-12.101,457.07,-6.98,248.38,8416,R20MZ_FZ_100_filtered
25,12,0,-96.34,-5.828,458.68,-7.39,226.53,8577,R20MZ_FZ_100_filtered
25,12,0,-96.33,-12.095,457.04,-13.62,243.63,8413,R20MZ_FZ_100_filtered
25,12,0,-96.32,2.968,453.16,6.36,-167.16,8026,R20MZ_FZ_100_filtered
25,12,0,-96.31,10.061,450.16,4.03,-251.4,7727,R20MZ_FZ_100_filtered
25,12,0,-96.31,12.206,450.73,-1.97,-250.6,7783,R20MZ_FZ_100_filtered
25,12,2,-96.31,11.793,619.947,2.96,-227.74,14033,R20MZ_IA-2_FZ_100_filtered
25,12,0,-96.29,-4.394,455,-9.03,214.16,8210,R20MZ_FZ_100_filtered
25,12,0,-96.28,11.686,450.97,-0.33,-250.15,7807,R20MZ_FZ_100_filtered
25,12,0,-96.28,-10.932,457.41,3.17,245.66,8450,R20MZ_FZ_100_filtered
25,12,2,-96.28,10.032,619.147,13.23,-244.66,13954,R20MZ_IA-2_FZ_100_filtered
25,12,0,-96.27,-9.23,456.21,-7.09,241.59,8331,R20MZ_FZ_100_filtered
25,12,0,-96.26,10.372,451.3,6.73,-243.96,7840,R20MZ_FZ_100_filtered
25,12,0,-96.26,-2.386,454.5,-12.56,166.74,8160,R20MZ_FZ_100_filtered
25,12,2,-96.26,7.762,618.577,15.67,-239.58,13897,R20MZ_IA-2_FZ_100_filtered
25,12,2,-96.26,9.951,620.417,6.74,-239.72,14080,R20MZ_IA-2_FZ_100_filtered
25,12,2,-96.26,-7.816,624.857,2.52,240.15,14524,R20MZ_IA-2_FZ_100_filtered
25,12,0,-96.25,4.827,448.85,8.35,-208.31,7596,R20MZ_FZ_100_filtered
25,12,0,-96.22,11.793,450.62,-8.85,-251.7,7773,R20MZ_FZ_100_filtered
25,12,0,-96.22,0.838,453.69,1.92,-70.73,8079,R20MZ_FZ_100_filtered
25,12,-0,-96.21,-5.992,455.4,-10.38,227.23,8250,R20MZ_FZ_100_filtered
25,12,2,-96.21,9.552,620.507,12.35,-236.42,14089,R20MZ_IA-2_FZ_100_filtered
25,12,0,-96.18,-2.522,454.53,-8.14,170.46,8163,R20MZ_FZ_100_filtered
25,12,0,-96.18,-9.973,457.64,-6.21,246.78,8473,R20MZ_FZ_100_filtered
25,12,0,-96.18,-5.43,458.78,-8.34,221.03,8587,R20MZ_FZ_100_filtered
25,12,-0,-96.18,-5.388,458.79,-8.64,221.8,8588,R20MZ_FZ_100_filtered
25,12,0,-96.17,-3.109,459.36,-9.38,175.09,8645,R20MZ_FZ_100_filtered
25,12,2,-96.17,-9.732,625.337,6.57,245.56,14572,R20MZ_IA-2_FZ_100_filtered
25,12,4,-96.17,4.994,786.873,27.71,-197.99,20056,R20MZ_IA-4_FZ_100_filtered
25,12,0,-96.16,-6.829,458.43,-7.13,232.03,8552,R20MZ_FZ_100_filtered
25,12,0,-96.15,-9.918,456.38,-3.3,246.72,8348,R20MZ_FZ_100_filtered
25,12,0,-96.14,-10.044,457.62,-9.59,242.73,8471,R20MZ_FZ_100_filtered
25,12,0,-96.13,-9.548,457.75,-0.09,244.6,8484,R20MZ_FZ_100_filtered
25,12,0,-96.12,-7.761,458.2,-3.97,236.68,8529,R20MZ_FZ_100_filtered
25,12,0,-96.1,6.658,449.31,4.48,-227.53,7642,R20MZ_FZ_100_filtered
25,12,0,-96.1,-0.774,454.1,-4.7,71.8,8120,R20MZ_FZ_100_filtered
25,12,0,-96.1,-9.071,457.86,-9.8,243.04,8495,R20MZ_FZ_100_filtered
25,12,2,-96.1,10.975,619.377,12.04,-242.8,13977,R20MZ_IA-2_FZ_100_filtered
25,12,0,-96.09,-10.394,457.53,-5.53,247.85,8462,R20MZ_FZ_100_filtered
25,12,0,-96.08,-6.901,455.63,-6.67,232.48,8273,R20MZ_FZ_100_filtered
25,12,2,-96.07,-8.301,624.977,5.66,239.37,14536,R20MZ_IA-2_FZ_100_filtered
25,12,0,-96.05,-11.396,457.27,-15.57,243.5,8436,R20MZ_FZ_100_filtered
25,12,0,-96.04,6.242,452.34,5.63,-225.31,7944,R20MZ_FZ_100_filtered
25,12,0,-96.03,2.62,453.25,5.26,-155.69,8035,R20MZ_FZ_100_filtered
25,12,0,-96.03,-10.471,457.51,-3.58,243.95,8460,R20MZ_FZ_100_filtered
25,12,0,-96.03,-4.976,458.89,-10.12,215.59,8598,R20MZ_FZ_100_filtered
25,12,0,-96.02,9.128,449.93,4.5,-249.37,7704,R20MZ_FZ_100_filtered
25,12,0,-96.02,-10.639,456.56,-4.05,241.96,8366,R20MZ_FZ_100_filtered
25,12,0,-96,11.732,450.96,-3.58,-247.16,7806,R20MZ_FZ_100_filtered
25,12,0,-95.99,3.894,452.93,7.09,-192.75,8003,R20MZ_FZ_100_filtered
25,12,0,-95.98,11.781,450.61,-9.93,-246.71,7772,R20MZ_FZ_100_filtered
25,12,0,-95.97,3.429,453.04,8,-180.69,8014,R20MZ_FZ_100_filtered
25,12,2,-95.97,-7.853,624.867,2.91,240.28,14525,R20MZ_IA-2_FZ_100_filtered
25,12,4,-95.96,5.578,787.023,27.69,-201.87,20071,R20MZ_IA-4_FZ_100_filtered
25,12,0,-95.95,-11.83,457.18,23.66,247.15,8427,R20MZ_FZ_100_filtered
25,12,0,-95.95,-11.319,457.29,-11.82,245.2,8438,R20MZ_FZ_100_filtered
25,12,0,-95.92,2.041,453.39,9.1,-131.68,8049,R20MZ_FZ_100_filtered
25,12,0,-95.92,-2.975,454.65,-12.34,184.72,8175,R20MZ_FZ_100_filtered
25,12,0,-95.92,-10.434,457.52,-4.34,245.8,8461,R20MZ_FZ_100_filtered
25,12,0,-95.92,-4.954,458.9,-9.8,216.04,8599,R20MZ_FZ_100_filtered
25,12,2,-95.92,-8.377,624.997,6.27,241.53,14538,R20MZ_IA-2_FZ_100_filtered
25,12,-0,-95.91,4.83,452.69,5.66,-211.04,7979,R20MZ_FZ_100_filtered
25,12,0,-95.89,-3.621,459.23,-10.36,189.69,8632,R20MZ_FZ_100_filtered
25,12,0,-95.88,10.33,451.31,7.98,-246.26,7841,R20MZ_FZ_100_filtered
25,12,2,-95.84,-8.775,625.097,4.6,240.29,14548,R20MZ_IA-2_FZ_100_filtered
25,12,2,-95.84,-8.812,625.107,5.26,242.14,14549,R20MZ_IA-2_FZ_100_filtered
25,12,0,-95.82,-5.894,458.66,-9.65,224.58,8575,R20MZ_FZ_100_filtered
25,12,0,-95.81,-8.063,455.92,-5.42,242.22,8302,R20MZ_FZ_100_filtered
25,12,2,-95.79,8.52,618.767,12.01,-232.41,13916,R20MZ_IA-2_FZ_100_filtered
25,12,0,-95.75,10.798,451.2,-3.73,-248.25,7830,R20MZ_FZ_100_filtered
25,12,0,-95.74,-5.559,455.29,-7.26,224.69,8239,R20MZ_FZ_100_filtered
25,12,0,-95.72,-7.393,455.75,-8.55,234.65,8285,R20MZ_FZ_100_filtered
25,12,2,-95.71,-0.45,623.007,8.69,44.34,14339,R20MZ_IA-2_FZ_100_filtered
25,12,2,-95.69,6.648,618.297,14.2,-224.05,13869,R20MZ_IA-2_FZ_100_filtered
25,12,0,-95.68,-4.18,454.95,-13.7,211.56,8205,R20MZ_FZ_100_filtered
25,12,0,-95.67,2.531,453.27,5.84,-151.81,8037,R20MZ_FZ_100_filtered
25,12,0,-95.65,-1.179,454.2,-11.76,103.62,8130,R20MZ_FZ_100_filtered
25,12,0,-95.65,-4.545,459,-9.01,208.61,8609,R20MZ_FZ_100_filtered
25,12,0,-95.64,-10.967,457.4,0.44,243.94,8449,R20MZ_FZ_100_filtered
25,12,0,-95.63,-11.683,456.83,1.61,244.89,8393,R20MZ_FZ_100_filtered
25,12,2,-95.63,9.566,619.027,13.25,-242.82,13942,R20MZ_IA-2_FZ_100_filtered
25,12,0,-95.62,-11.94,457.16,28.47,243.92,8425,R20MZ_FZ_100_filtered
25,12,0,-95.62,-9.583,457.74,0.72,243.35,8483,R20MZ_FZ_100_filtered
25,12,0,-95.62,-4.012,459.13,-10.29,199.74,8622,R20MZ_FZ_100_filtered
25,12,0,-95.61,-12.105,457.05,-11.82,244.53,8414,R20MZ_FZ_100_filtered
25,12,4,-95.61,0.417,791.793,23.68,-17.77,20547,R20MZ_IA-4_FZ_100_filtered
25,12,0,-95.58,-9.706,456.33,-4.03,241.03,8343,R20MZ_FZ_100_filtered
25,12,-0,-95.58,-11.597,456.8,-3.43,241.5,8390,R20MZ_FZ_100_filtered
25,12,0,-95.56,-11.356,457.28,-13.71,243.98,8437,R20MZ_FZ_100_filtered
25,12,2,-95.55,4.315,617.717,14.47,-193.66,13811,R20MZ_IA-2_FZ_100_filtered
25,12,2,-95.55,10.867,620.187,5.33,-236.31,14057,R20MZ_IA-2_FZ_100_filtered
25,12,0,-95.54,10.5,450.27,3.38,-249.08,7738,R20MZ_FZ_100_filtered
25,12,2,-95.54,9.475,620.527,15.75,-238.63,14091,R20MZ_IA-2_FZ_100_filtered
25,12,0,-95.53,-12.108,457.06,-9.31,246.11,8415,R20MZ_FZ_100_filtered
25,12,2,-95.53,-8.338,624.987,6.19,240.22,14537,R20MZ_IA-2_FZ_100_filtered
25,12,0,-95.51,8.07,449.66,3.8,-236.54,7677,R20MZ_FZ_100_filtered
25,12,0,-95.5,4.389,448.74,4.52,-200.5,7585,R20MZ_FZ_100_filtered
25,12,0,-95.48,9.933,450.13,1.82,-242.37,7724,R20MZ_FZ_100_filtered
25,12,0,-95.47,-0.503,454.02,-3.84,40.01,8112,R20MZ_FZ_100_filtered
25,12,2,-95.44,-9.213,625.207,5.43,241.81,14559,R20MZ_IA-2_FZ_100_filtered
25,12,0,-95.43,2.074,453.38,8.2,-132.73,8048,R20MZ_FZ_100_filtered
25,12,0,-95.36,-3.583,459.24,-9.57,188.29,8633,R20MZ_FZ_100_filtered
25,12,4,-95.36,3.973,786.623,32.78,-175.22,20031,R20MZ_IA-4_FZ_100_filtered
25,12,0,-95.34,-10.185,456.45,-5.82,241.61,8355,R20MZ_FZ_100_filtered
25,12,-0,-95.33,3.931,452.92,6.08,-192.88,8002,R20MZ_FZ_100_filtered
25,12,0,-95.3,5.452,449.01,9.76,-218.23,7612,R20MZ_FZ_100_filtered
25,12,0,-95.25,-2.435,454.51,-11.23,168.16,8161,R20MZ_FZ_100_filtered
25,12,0,-95.25,-4.509,459.01,-9.06,208.3,8610,R20MZ_FZ_100_filtered
25,12,0,-95.22,7.301,449.47,5.96,-236.33,7658,R20MZ_FZ_100_filtered
25,12,0,-95.21,4.046,448.66,11.2,-195.28,7577,R20MZ_FZ_100_filtered
25,12,0,-95.14,-11.268,456.72,-2.14,245.62,8382,R20MZ_FZ_100_filtered
25,12,0,-95.12,-2.482,454.52,-9.81,169.55,8162,R20MZ_FZ_100_filtered
25,12,2,-95.12,10.008,619.137,11.89,-239.89,13953,R20MZ_IA-2_FZ_100_filtered
25,12,2,-95.12,9.069,620.637,8,-237.24,14102,R20MZ_IA-2_FZ_100_filtered
25,12,0,-95.11,-3.304,454.73,-13.95,194.18,8183,R20MZ_FZ_100_filtered
25,12,0,-95.09,-3.761,454.84,-8.65,204.26,8194,R20MZ_FZ_100_filtered
25,12,0,-95.08,8.661,449.81,4.73,-243.62,7692,R20MZ_FZ_100_filtered
25,12,0,-95.07,-3.43,454.76,-9.49,195.43,8186,R20MZ_FZ_100_filtered
25,12,0,-95.05,10.847,451.19,-4.55,-244.68,7829,R20MZ_FZ_100_filtered
25,12,0,-95,10.024,450.15,3.3,-246.26,7726,R20MZ_FZ_100_filtered
25,12,0,-94.99,-5.321,455.23,-9.3,225.33,8233,R20MZ_FZ_100_filtered
25,12,0,-94.98,9.579,450.04,3.75,-247.8,7715,R20MZ_FZ_100_filtered
25,12,2,-94.97,11.321,619.467,10.12,-232.47,13986,R20MZ_IA-2_FZ_100_filtered
25,12,0,-94.96,-8.51,456.03,-3.49,243.48,8313,R20MZ_FZ_100_filtered
25,12,0,-94.93,8.177,449.69,5.14,-239.28,7680,R20MZ_FZ_100_filtered
25,12,0,-94.92,-2.862,454.62,-10.8,183.5,8172,R20MZ_FZ_100_filtered
25,12,0,-94.91,1.659,453.49,1.42,-114.43,8059,R20MZ_FZ_100_filtered
25,12,0,-94.91,-12.158,456.94,10.44,246.89,8403,R20MZ_FZ_100_filtered
25,12,0,-94.9,7.742,449.58,5.7,-238.36,7669,R20MZ_FZ_100_filtered
25,12,-0,-94.89,-6.672,455.57,-3.15,232.03,8267,R20MZ_FZ_100_filtered
25,12,0,-94.86,-6.471,455.52,-8.15,229.7,8262,R20MZ_FZ_100_filtered
25,12,0,-94.81,1.705,453.48,0.87,-117.07,8058,R20MZ_FZ_100_filtered
25,12,0,-94.81,-8.35,455.99,-7.89,238.34,8309,R20MZ_FZ_100_filtered
25,12,0,-94.78,3.477,453.03,7.8,-181.42,8013,R20MZ_FZ_100_filtered
25,12,0,-94.76,-6.219,455.46,-8.68,229.7,8256,R20MZ_FZ_100_filtered
25,12,0,-94.7,1.62,453.5,2.02,-112.87,8060,R20MZ_FZ_100_filtered
25,12,0,-94.69,10.943,450.38,2.08,-246.1,7749,R20MZ_FZ_100_filtered
25,12,0,-94.69,-9.87,456.37,-2.84,244.87,8347,R20MZ_FZ_100_filtered
25,12,0,-94.66,-9.437,456.26,-2.82,244.7,8336,R20MZ_FZ_100_filtered
25,12,0,-94.65,-10.675,456.57,-3.84,241.62,8367,R20MZ_FZ_100_filtered
25,12,2,-94.65,9.985,620.407,6.01,-235.7,14079,R20MZ_IA-2_FZ_100_filtered
25,12,-0,-94.61,3.018,453.15,5.75,-167.29,8025,R20MZ_FZ_100_filtered
25,12,0,-94.6,0.413,453.8,1.07,-38.59,8090,R20MZ_FZ_100_filtered
25,12,0,-94.54,3.055,448.41,11.06,-170.14,7552,R20MZ_FZ_100_filtered
25,12,0,-94.54,9.092,449.92,4.34,-244.09,7703,R20MZ_FZ_100_filtered
25,12,0,-94.54,-4.351,454.99,-10.41,212.43,8209,R20MZ_FZ_100_filtered
25,12,0,-94.51,7.627,449.55,3.65,-231.52,7666,R20MZ_FZ_100_filtered
25,12,0,-94.5,-12.176,456.93,13.85,245.67,8402,R20MZ_FZ_100_filtered
25,12,0,-94.49,3.517,448.52,3.73,-181.87,7563,R20MZ_FZ_100_filtered
25,12,0,-94.49,-8.026,455.91,-5.33,240.41,8301,R20MZ_FZ_100_filtered
25,12,0,-94.48,9.504,450.02,2.46,-241.46,7713,R20MZ_FZ_100_filtered
25,12,0,-94.47,-9.268,456.22,-7.02,240.69,8332,R20MZ_FZ_100_filtered
25,12,0,-94.42,-7.431,455.76,-8.09,233.87,8286,R20MZ_FZ_100_filtered
25,12,0,-94.41,-10.35,456.49,-2.87,245.81,8359,R20MZ_FZ_100_filtered
25,12,0,-94.41,-11.63,456.81,-2.33,241.65,8391,R20MZ_FZ_100_filtered
25,12,0,-94.4,11.38,450.49,1.74,-243.59,7760,R20MZ_FZ_100_filtered
25,12,0,-94.39,3.101,448.42,11.01,-170.25,7553,R20MZ_FZ_100_filtered
25,12,0,-94.34,-3.397,454.75,-11.23,195.27,8185,R20MZ_FZ_100_filtered
25,12,0,-94.26,-4.225,454.96,-13.3,210.95,8206,R20MZ_FZ_100_filtered
25,12,2,-94.26,0.243,622.847,12.34,-13.45,14323,R20MZ_IA-2_FZ_100_filtered
25,12,2,-94.26,0.031,622.897,7.81,3.36,14328,R20MZ_IA-2_FZ_100_filtered
25,12,0,-94.22,-3.861,454.87,-9.37,204.56,8197,R20MZ_FZ_100_filtered
25,12,0,-94.2,-9.396,456.25,-3.96,243.19,8335,R20MZ_FZ_100_filtered
25,12,2,-94.19,4.812,617.837,18.17,-198.67,13823,R20MZ_IA-2_FZ_100_filtered
25,12,4,-94.19,4.331,786.713,25.98,-178.99,20040,R20MZ_IA-4_FZ_100_filtered
25,12,0,-94.15,-11.222,456.71,-2.47,244.24,8381,R20MZ_FZ_100_filtered
25,12,0,-94.13,9.55,450.03,3.07,-243.61,7714,R20MZ_FZ_100_filtered
25,12,0,-94.1,3.587,448.54,5.68,-183.58,7565,R20MZ_FZ_100_filtered
25,12,2,-94.1,3.497,617.507,13.9,-173.05,13790,R20MZ_IA-2_FZ_100_filtered
25,12,0,-94.03,-3.347,454.74,-12.74,194.49,8184,R20MZ_FZ_100_filtered
25,12,0,-94.03,-9.754,456.34,-3.72,240.7,8344,R20MZ_FZ_100_filtered
25,12,0,-93.95,4.868,448.86,7.79,-204.24,7597,R20MZ_FZ_100_filtered
25,12,0,-93.94,6.701,449.32,4.26,-223.32,7643,R20MZ_FZ_100_filtered
25,12,0,-93.89,7.712,449.57,4.73,-233.36,7668,R20MZ_FZ_100_filtered
25,12,2,-93.89,8.56,618.777,12.34,-232.77,13917,R20MZ_IA-2_FZ_100_filtered
25,12,0,-93.88,-8.948,456.14,-3.83,243.16,8324,R20MZ_FZ_100_filtered
25,12,0,-93.85,-11.188,456.7,-3.58,242.73,8380,R20MZ_FZ_100_filtered
25,12,0,-93.79,-4.714,455.08,-7.68,215.75,8218,R20MZ_FZ_100_filtered
25,12,0,-93.79,-6.514,455.53,-6.97,229.12,8263,R20MZ_FZ_100_filtered
25,12,4,-93.79,0.508,791.773,22.64,-22.84,20545,R20MZ_IA-4_FZ_100_filtered
25,12,0,-93.78,-10.709,456.58,-3.41,242.6,8368,R20MZ_FZ_100_filtered
25,12,2,-93.76,3.916,617.617,20.72,-181.92,13801,R20MZ_IA-2_FZ_100_filtered
25,12,0,-93.69,-5.258,455.22,-10.66,223.5,8232,R20MZ_FZ_100_filtered
25,12,0,-93.69,-8.914,456.13,-3.94,241.96,8323,R20MZ_FZ_100_filtered
25,12,-0,-93.67,-4.256,454.97,-13.18,210.82,8207,R20MZ_FZ_100_filtered
25,12,0,-93.66,-3.797,454.85,-9.31,204.08,8195,R20MZ_FZ_100_filtered
25,12,-0,-93.66,-4.75,455.09,-7.33,216.24,8219,R20MZ_FZ_100_filtered
25,12,0,-93.63,9.056,449.91,3.26,-240.82,7702,R20MZ_FZ_100_filtered
25,12,2,-93.63,8.082,618.657,13.3,-231.57,13905,R20MZ_IA-2_FZ_100_filtered
25,12,0,-93.61,-7.555,455.79,-3.83,236.8,8289,R20MZ_FZ_100_filtered
25,12,0,-93.56,4.499,448.77,6.09,-201.42,7588,R20MZ_FZ_100_filtered
25,12,2,-93.56,6.676,618.307,14.26,-221.63,13870,R20MZ_IA-2_FZ_100_filtered
25,12,-0,-93.54,-4.306,454.98,-12.03,211.59,8208,R20MZ_FZ_100_filtered
25,12,0,-93.54,-7.091,455.68,-7.47,233.57,8278,R20MZ_FZ_100_filtered
25,12,0,-93.53,-3.827,454.86,-9.23,204.29,8196,R20MZ_FZ_100_filtered
25,12,-0,-93.52,8.588,449.79,2.87,-237.07,7690,R20MZ_FZ_100_filtered
25,12,0,-93.5,0.798,453.7,1.01,-67.59,8080,R20MZ_FZ_100_filtered
25,12,0,-93.48,3.544,448.53,4.28,-180.79,7564,R20MZ_FZ_100_filtered
25,12,0,-93.47,8.62,449.8,4.07,-239.14,7691,R20MZ_FZ_100_filtered
25,12,-0,-93.46,4.005,448.65,11.1,-190.71,7576,R20MZ_FZ_100_filtered
25,12,0,-93.43,-8.476,456.02,-4.63,241.63,8312,R20MZ_FZ_100_filtered
25,12,0,-93.4,4.47,448.76,5.34,-198.5,7587,R20MZ_FZ_100_filtered
25,12,0,-93.39,-8.43,456.01,-6.25,240.07,8311,R20MZ_FZ_100_filtered
25,12,0,-93.33,-6.179,455.45,-8.99,228.92,8255,R20MZ_FZ_100_filtered
25,12,0,-93.32,-8.388,456,-7.11,238.87,8310,R20MZ_FZ_100_filtered
25,12,0,-93.31,-6.012,455.41,-10.63,226.63,8251,R20MZ_FZ_100_filtered
25,12,0,-93.31,-9.356,456.24,-5.12,241.66,8334,R20MZ_FZ_100_filtered
25,12,0,-93.28,1.15,453.61,7.33,-88.38,8071,R20MZ_FZ_100_filtered
25,12,0,-93.24,-10.276,456.47,-4.54,242.74,8357,R20MZ_FZ_100_filtered
25,12,0,-93.2,-1.14,454.19,-11.46,100.35,8129,R20MZ_FZ_100_filtered
25,12,0,-93.19,-9.308,456.23,-6.16,240.39,8333,R20MZ_FZ_100_filtered
25,12,0,-93.16,-7.949,455.89,-4.69,236.51,8299,R20MZ_FZ_100_filtered
25,12,4,-93.15,6.183,787.173,25.51,-208.41,20086,R20MZ_IA-4_FZ_100_filtered
25,12,0,-93.14,4.423,448.75,4.78,-198,7586,R20MZ_FZ_100_filtered
25,12,0,-93.08,-7.475,455.77,-6.65,234.2,8287,R20MZ_FZ_100_filtered
25,12,0,-93,-7.995,455.9,-4.89,238.23,8300,R20MZ_FZ_100_filtered
25,12,0,-92.95,-5.227,455.21,-10.79,221.8,8231,R20MZ_FZ_100_filtered
25,12,0,-92.94,5.792,449.09,4.45,-214.02,7620,R20MZ_FZ_100_filtered
25,12,0,-92.94,-8.87,456.12,-3.81,241.18,8322,R20MZ_FZ_100_filtered
25,12,0,-92.88,-5.636,455.31,-5.71,223.98,8241,R20MZ_FZ_100_filtered
25,12,0,-92.86,5.422,449,8.41,-212.75,7611,R20MZ_FZ_100_filtered
25,12,2,-92.79,6.761,618.327,14.87,-223.81,13872,R20MZ_IA-2_FZ_100_filtered
25,12,0,-92.78,-0.738,454.09,-4.32,68.1,8119,R20MZ_FZ_100_filtered
25,12,0,-92.74,4.908,448.87,7.25,-203.3,7598,R20MZ_FZ_100_filtered
25,12,0,-92.7,6.31,449.22,6.35,-218.5,7633,R20MZ_FZ_100_filtered
25,12,0,-92.68,-6.636,455.56,-3.81,230.6,8266,R20MZ_FZ_100_filtered
25,12,0,-92.65,-5.725,455.33,-4.31,225.97,8243,R20MZ_FZ_100_filtered
25,12,0,-92.62,7.229,449.45,4.51,-227.46,7656,R20MZ_FZ_100_filtered
25,12,0,-92.44,-7.055,455.67,-7.83,231.89,8277,R20MZ_FZ_100_filtered
25,12,2,-92.43,6.722,618.317,14.29,-221.53,13871,R20MZ_IA-2_FZ_100_filtered
25,12,0,-92.42,7.666,449.56,3.86,-230.4,7667,R20MZ_FZ_100_filtered
25,12,0,-92.34,6.748,449.33,4.49,-222.67,7644,R20MZ_FZ_100_filtered
25,12,0,-92.19,0.681,453.73,0.21,-59.22,8083,R20MZ_FZ_100_filtered
25,12,0,-92.15,6.783,449.34,5.34,-224.67,7645,R20MZ_FZ_100_filtered
25,12,0,-92,-6.55,455.54,-5.81,229.23,8264,R20MZ_FZ_100_filtered
25,12,0,-92,-6.593,455.55,-4.79,229.71,8265,R20MZ_FZ_100_filtered
25,12,0,-91.97,5.836,449.1,4.39,-213.2,7621,R20MZ_FZ_100_filtered
25,12,2,-91.96,4.392,617.737,14.38,-188,13813,R20MZ_IA-2_FZ_100_filtered
25,12,0,-91.86,5.339,448.98,5.67,-207.21,7609,R20MZ_FZ_100_filtered
25,12,0,-91.84,0.764,453.71,0.25,-64.37,8081,R20MZ_FZ_100_filtered
25,12,0,-91.8,5.389,448.99,6.75,-208.7,7610,R20MZ_FZ_100_filtered
25,12,0,-91.77,-5.684,455.32,-4.79,224.71,8242,R20MZ_FZ_100_filtered
25,12,0,-91.57,0.148,453.87,1.23,-15.48,8097,R20MZ_FZ_100_filtered
25,12,0,-91.4,0.717,453.72,-0.12,-61.88,8082,R20MZ_FZ_100_filtered
25,12,0,-91.13,-0.572,454.04,-3.64,46.38,8114,R20MZ_FZ_100_filtered
25,12,2,-91.08,5.801,618.087,14.75,-209.13,13848,R20MZ_IA-2_FZ_100_filtered
25,12,2,-90.82,-0.052,622.917,7.41,10.23,14330,R20MZ_IA-2_FZ_100_filtered
25,12,0,-90.33,0.191,453.86,1.36,-19.18,8096,R20MZ_FZ_100_filtered
25,12,0,-88.77,-0.618,454.05,-3.58,50.61,8115,R20MZ_FZ_100_filtered
25,12,0,-88.7,-0.068,453.92,-4.76,2.53,8102,R20MZ_FZ_100_filtered
25,12,-0,-86.02,-0.118,453.93,-5.12,5.54,8103,R20MZ_FZ_100_filtered
25,12,0,-85.22,-0.246,453.96,-3.76,16.2,8106,R20MZ_FZ_100_filtered
25,12,0,-84.44,-0.194,453.95,-4.84,12.77,8105,R20MZ_FZ_100_filtered
25,12,0,-59.15,1.645,380.44,2.92,-80.41,5025,R20MZ_FZ_50_filtered
25,12,0,-58.72,1.182,380.33,7.06,-65.99,5014,R20MZ_FZ_50_filtered
25,12,0,-58.56,1.686,380.45,2.24,-80.88,5026,R20MZ_FZ_50_filtered
25,12,2,-58.04,-3.276,556.108,0.69,115.91,11920,R20MZ_IA-2_FZ_50_filtered
25,12,0,-58.03,2.571,380.67,2.83,-98.11,5048,R20MZ_FZ_50_filtered
25,12,2,-57.79,-3.223,556.098,1.39,114.97,11919,R20MZ_IA-2_FZ_50_filtered
25,12,4,-57.42,-3.428,725.144,13.32,113.16,18151,R20MZ_IA-4_FZ_50_filtered
25,12,0,-57.41,1.225,380.34,7.16,-65.66,5015,R20MZ_FZ_50_filtered
25,12,2,-57.14,-3.315,556.118,1.03,115.9,11921,R20MZ_IA-2_FZ_50_filtered
25,12,0,-57.01,2.524,380.66,3.05,-96.8,5047,R20MZ_FZ_50_filtered
25,12,0,-56.89,2.6,380.68,1.92,-97.6,5049,R20MZ_FZ_50_filtered
25,12,0,-56.44,1.562,380.42,4.01,-76.2,5023,R20MZ_FZ_50_filtered
25,12,0,-56.22,7.071,384.52,1.25,-132.93,5432,R20MZ_FZ_50_filtered
25,12,0,-55.97,3.488,380.9,1.76,-111.41,5071,R20MZ_FZ_50_filtered
25,12,0,-55.92,7.113,384.51,3.05,-133.71,5431,R20MZ_FZ_50_filtered
25,12,0,-55.74,8.039,384.28,0.72,-136.51,5408,R20MZ_FZ_50_filtered
25,12,0,-55.7,8.002,384.29,-0.78,-134.2,5409,R20MZ_FZ_50_filtered
25,12,0,-55.68,8.958,384.05,-1.56,-136.67,5385,R20MZ_FZ_50_filtered
25,12,2,-55.6,-1.88,555.758,4.88,86.06,11885,R20MZ_IA-2_FZ_50_filtered
25,12,0,-55.59,6.15,384.75,2.97,-131.27,5455,R20MZ_FZ_50_filtered
25,12,0,-55.49,4.403,381.13,2.38,-120.08,5094,R20MZ_FZ_50_filtered
25,12,0,-55.45,11.736,383.35,-7.78,-140.42,5315,R20MZ_FZ_50_filtered
25,12,0,-55.4,5.751,381.47,3.97,-127.98,5128,R20MZ_FZ_50_filtered
25,12,0,-55.35,8.491,384.16,4.27,-137,5396,R20MZ_FZ_50_filtered
25,12,0,-55.25,12.16,383.11,-6.45,-141.52,5291,R20MZ_FZ_50_filtered
25,12,4,-55.23,-4.671,725.454,15.8,122.99,18182,R20MZ_IA-4_FZ_50_filtered
25,12,0,-55.22,5.709,384.86,3.43,-128.51,5466,R20MZ_FZ_50_filtered
25,12,0,-55.19,8.928,384.06,-2.42,-134.51,5386,R20MZ_FZ_50_filtered
25,12,2,-55.17,-3.147,556.078,2.28,111.94,11917,R20MZ_IA-2_FZ_50_filtered
25,12,0,-55.15,11.222,383.47,7.92,-136.97,5327,R20MZ_FZ_50_filtered
25,12,0,-55.13,1.28,380.35,6.52,-65.36,5016,R20MZ_FZ_50_filtered
25,12,0,-55.11,1.996,380.53,4.31,-85.84,5034,R20MZ_FZ_50_filtered
25,12,4,-55.11,1.683,718.444,21.75,-64.45,17482,R20MZ_IA-4_FZ_50_filtered
25,12,0,-55.07,2.205,380.58,5.69,-88.62,5039,R20MZ_FZ_50_filtered
25,12,0,-55.03,11.78,383.34,-13.17,-141.19,5314,R20MZ_FZ_50_filtered
25,12,0,-55.03,6.62,384.63,3.13,-130.62,5443,R20MZ_FZ_50_filtered
25,12,0,-55.01,3.463,380.89,3.08,-110.01,5070,R20MZ_FZ_50_filtered
25,12,0,-55.01,6.125,384.76,1.57,-128.15,5456,R20MZ_FZ_50_filtered
25,12,0,-55,3.907,381.01,7.6,-115.81,5082,R20MZ_FZ_50_filtered
25,12,0,-54.98,2.495,380.65,3.52,-94.34,5046,R20MZ_FZ_50_filtered
25,12,0,-54.97,6.206,384.74,3.66,-130.66,5454,R20MZ_FZ_50_filtered
25,12,0,-54.9,4.841,381.24,6.19,-122.74,5105,R20MZ_FZ_50_filtered
25,12,0,-54.9,5.238,384.98,3.85,-125.99,5478,R20MZ_FZ_50_filtered
25,12,-0,-54.89,9.006,384.04,-0.1,-135.87,5384,R20MZ_FZ_50_filtered
25,12,0,-54.88,8.42,384.18,4.12,-132.97,5398,R20MZ_FZ_50_filtered
25,12,0,-54.86,4.358,381.12,3.2,-119.48,5093,R20MZ_FZ_50_filtered
25,12,0,-54.85,11.82,383,-9.79,-135.22,5281,R20MZ_FZ_50_filtered
25,12,0,-54.81,6.727,381.71,3.13,-130.08,5152,R20MZ_FZ_50_filtered
25,12,-0,-54.79,2.644,380.69,1.05,-95.85,5050,R20MZ_FZ_50_filtered
25,12,0,-54.79,3.534,380.91,0.64,-110.31,5072,R20MZ_FZ_50_filtered
25,12,0,-54.77,6.228,381.59,4.13,-129.23,5140,R20MZ_FZ_50_filtered
25,12,0,-54.77,9.889,383.82,-3.31,-136.08,5362,R20MZ_FZ_50_filtered
25,12,0,-54.75,8.076,384.27,1.54,-135.16,5407,R20MZ_FZ_50_filtered
25,12,0,-54.75,7.04,384.53,-0.31,-129.35,5433,R20MZ_FZ_50_filtered
25,12,0,-54.72,8.13,382.06,2.65,-132.96,5187,R20MZ_FZ_50_filtered
25,12,0,-54.71,2.948,380.77,8.04,-101.34,5058,R20MZ_FZ_50_filtered
25,12,4,-54.71,-3.983,725.284,10.18,116.92,18165,R20MZ_IA-4_FZ_50_filtered
25,12,0,-54.69,4.794,385.09,3.58,-122.24,5489,R20MZ_FZ_50_filtered
25,12,0,-54.65,10.845,383.58,-4.13,-137.49,5338,R20MZ_FZ_50_filtered
25,12,0,-54.62,4.887,381.25,5.19,-121.68,5106,R20MZ_FZ_50_filtered
25,12,0,-54.62,-3.025,387.05,-8.12,108.86,5685,R20MZ_FZ_50_filtered
25,12,4,-54.59,1.366,718.364,24.04,-53.41,17474,R20MZ_IA-4_FZ_50_filtered
25,12,0,-54.56,-3.954,387.28,-4.87,121.06,5708,R20MZ_FZ_50_filtered
25,12,-0,-54.55,9.916,383.81,-2.31,-136.02,5361,R20MZ_FZ_50_filtered
25,12,2,-54.52,-5.007,560.268,3.7,122.93,12335,R20MZ_IA-2_FZ_50_filtered
25,12,0,-54.49,7.641,381.94,2.71,-132.96,5175,R20MZ_FZ_50_filtered
25,12,4,-54.48,-9.519,728.134,18.39,130.71,18449,R20MZ_IA-4_FZ_50_filtered
25,12,0,-54.43,6.681,381.7,4.13,-130.48,5151,R20MZ_FZ_50_filtered
25,12,0,-54.42,5.356,381.37,3.47,-122.87,5118,R20MZ_FZ_50_filtered
25,12,0,-54.41,3.839,385.33,3.61,-111.85,5513,R20MZ_FZ_50_filtered
25,12,0,-54.39,7.195,381.83,2.59,-130.15,5164,R20MZ_FZ_50_filtered
25,12,0,-54.37,6.274,381.6,3.2,-127.03,5141,R20MZ_FZ_50_filtered
25,12,-0,-54.35,12.105,383.24,-0.54,-137.88,5304,R20MZ_FZ_50_filtered
25,12,0,-54.34,7.157,381.82,3.51,-131.72,5163,R20MZ_FZ_50_filtered
25,12,0,-54.34,-4.434,387.4,-5.31,123.42,5720,R20MZ_FZ_50_filtered
25,12,0,-54.28,-3.987,387.29,-6.81,120.34,5709,R20MZ_FZ_50_filtered
25,12,0,-54.25,11.68,383.36,-4.31,-135.89,5316,R20MZ_FZ_50_filtered
25,12,0,-54.23,-4.402,387.39,-6.14,123.29,5719,R20MZ_FZ_50_filtered
25,12,0,-54.2,4.3,385.22,2.19,-116.02,5502,R20MZ_FZ_50_filtered
25,12,0,-54.16,8.558,382.17,2.61,-134.04,5198,R20MZ_FZ_50_filtered
25,12,2,-54.14,-5.146,556.578,2.57,124.96,11967,R20MZ_IA-2_FZ_50_filtered
25,12,-0,-54.11,-3.064,387.06,-8.88,109.05,5686,R20MZ_FZ_50_filtered
25,12,0,-54.09,8.605,382.18,1.7,-132.02,5199,R20MZ_FZ_50_filtered
25,12,0,-54.08,4.326,385.21,4.02,-117.48,5501,R20MZ_FZ_50_filtered
25,12,0,-54.03,-3.532,387.17,-4.12,114.88,5697,R20MZ_FZ_50_filtered
25,12,0,-54.01,5.28,384.97,4.53,-125.04,5477,R20MZ_FZ_50_filtered
25,12,-0,-54,2.922,385.56,2.63,-97.55,5536,R20MZ_FZ_50_filtered
25,12,0,-53.99,3.867,381,7.39,-113.63,5081,R20MZ_FZ_50_filtered
25,12,4,-53.99,-7.298,728.684,14.12,126.95,18504,R20MZ_IA-4_FZ_50_filtered
25,12,2,-53.98,-5.997,556.788,5.04,129.28,11988,R20MZ_IA-2_FZ_50_filtered
25,12,0,-53.96,9.99,382.53,1.62,-134.79,5234,R20MZ_FZ_50_filtered
25,12,0,-53.96,7.151,384.5,3.3,-131.73,5430,R20MZ_FZ_50_filtered
25,12,4,-53.96,-7.517,726.164,14.35,129.28,18253,R20MZ_IA-4_FZ_50_filtered
25,12,0,-53.93,3.985,381.03,6.84,-111.86,5084,R20MZ_FZ_50_filtered
25,12,0,-53.92,3.878,385.32,3.58,-112.15,5512,R20MZ_FZ_50_filtered
25,12,2,-53.92,-6.317,559.938,4.11,127.3,12302,R20MZ_IA-2_FZ_50_filtered
25,12,2,-53.91,-4.534,560.388,4.41,118.61,12347,R20MZ_IA-2_FZ_50_filtered
25,12,0,-53.86,-1.698,386.71,1.28,79.67,5651,R20MZ_FZ_50_filtered
25,12,0,-53.86,-3.917,387.27,-3.45,119.88,5707,R20MZ_FZ_50_filtered
25,12,4,-53.86,-5.802,729.064,14.86,119.04,18542,R20MZ_IA-4_FZ_50_filtered
25,12,0,-53.85,9.083,382.3,1.47,-132.15,5211,R20MZ_FZ_50_filtered
25,12,2,-53.85,6.354,553.698,12,-121.46,11679,R20MZ_IA-2_FZ_50_filtered
25,12,4,-53.85,-6.273,728.944,11.96,122.92,18530,R20MZ_IA-4_FZ_50_filtered
25,12,0,-53.84,9.85,383.83,-3.45,-132.96,5363,R20MZ_FZ_50_filtered
25,12,0,-53.83,5.764,384.85,3.43,-126.74,5465,R20MZ_FZ_50_filtered
25,12,0,-53.8,10.883,383.57,-3.36,-136.56,5337,R20MZ_FZ_50_filtered
25,12,0,-53.8,9.343,383.95,5.33,-132.2,5375,R20MZ_FZ_50_filtered
25,12,0,-53.8,-2.146,386.83,-11.3,90.88,5663,R20MZ_FZ_50_filtered
25,12,0,-53.78,-2.09,386.82,-10.44,90.04,5662,R20MZ_FZ_50_filtered
25,12,0,-53.76,11.363,382.87,2.39,-137.3,5268,R20MZ_FZ_50_filtered
25,12,0,-53.76,6.683,384.62,3.3,-129.56,5442,R20MZ_FZ_50_filtered
25,12,0,-53.74,7.604,381.93,3.44,-132.5,5174,R20MZ_FZ_50_filtered
25,12,4,-53.71,-4.513,729.384,12.55,112.48,18574,R20MZ_IA-4_FZ_50_filtered
25,12,2,-53.7,4.998,554.038,10.21,-115.69,11713,R20MZ_IA-2_FZ_50_filtered
25,12,0,-53.66,9.487,382.4,2.47,-134.97,5221,R20MZ_FZ_50_filtered
25,12,0,-53.66,10.439,382.64,2.38,-136.69,5245,R20MZ_FZ_50_filtered
25,12,0,-53.64,7.947,384.3,-2.11,-129.21,5410,R20MZ_FZ_50_filtered
25,12,2,-53.63,-10.03,559.008,1.04,132.38,12209,R20MZ_IA-2_FZ_50_filtered
25,12,0,-53.62,4.363,385.2,4.84,-116.38,5500,R20MZ_FZ_50_filtered
25,12,2,-53.61,-8.755,557.478,6.68,134.1,12057,R20MZ_IA-2_FZ_50_filtered
25,12,4,-53.61,-6.629,725.944,13.35,126.47,18231,R20MZ_IA-4_FZ_50_filtered
25,12,0,-53.54,4.809,381.23,6.2,-121.46,5104,R20MZ_FZ_50_filtered
25,12,-0,-53.54,2.955,385.55,3.08,-97.71,5535,R20MZ_FZ_50_filtered
25,12,2,-53.5,-4.087,560.498,3.18,114.09,12358,R20MZ_IA-2_FZ_50_filtered
25,12,0,-53.47,-2.651,386.95,-1.53,101.75,5675,R20MZ_FZ_50_filtered
25,12,0,-53.46,11.835,383.33,-17.88,-139.31,5313,R20MZ_FZ_50_filtered
25,12,-0,-53.44,-4.879,387.51,-3.1,125.79,5731,R20MZ_FZ_50_filtered
25,12,2,-53.43,0.927,549.259,10.54,-47.15,11236,R20MZ_IA-2_FZ_50_filtered
25,12,2,-53.43,3.374,549.869,10.04,-99.41,11297,R20MZ_IA-2_FZ_50_filtered
25,12,4,-53.42,-11.873,727.554,45.16,128.11,18391,R20MZ_IA-4_FZ_50_filtered
25,12,2,-53.41,1.359,549.369,16.28,-62.17,11247,R20MZ_IA-2_FZ_50_filtered
25,12,0,-53.4,-4.899,387.52,-3.81,124.34,5732,R20MZ_FZ_50_filtered
25,12,2,-53.4,9.626,552.878,9.74,-129.51,11597,R20MZ_IA-2_FZ_50_filtered
25,12,2,-53.34,3.749,549.969,12.31,-105.78,11307,R20MZ_IA-2_FZ_50_filtered
25,12,4,-53.32,-6.236,728.954,11.13,120.57,18531,R20MZ_IA-4_FZ_50_filtered
25,12,2,-53.31,8.204,553.238,10.3,-126.71,11633,R20MZ_IA-2_FZ_50_filtered
25,12,2,-53.3,4.514,554.158,13.39,-112.14,11725,R20MZ_IA-2_FZ_50_filtered
25,12,4,-53.3,6.635,722.624,21.06,-115.65,17899,R20MZ_IA-4_FZ_50_filtered
25,12,0,-53.29,-2.985,387.04,-6.57,107.75,5684,R20MZ_FZ_50_filtered
25,12,2,-53.29,-10.162,557.828,6.63,132.66,12092,R20MZ_IA-2_FZ_50_filtered
25,12,4,-53.29,-8.839,726.494,15.12,131.1,18286,R20MZ_IA-4_FZ_50_filtered
25,12,2,-53.26,-10.09,558.988,-0.03,133.77,12207,R20MZ_IA-2_FZ_50_filtered
25,12,4,-53.24,-9.83,726.744,14.96,129.09,18311,R20MZ_IA-4_FZ_50_filtered
25,12,4,-53.22,-11.949,727.534,41.75,129.65,18389,R20MZ_IA-4_FZ_50_filtered
25,12,0,-53.16,-2.063,386.81,-9.36,88.52,5661,R20MZ_FZ_50_filtered
25,12,0,-53.14,8.16,382.07,1.71,-128.74,5188,R20MZ_FZ_50_filtered
25,12,0,-53.14,8.511,382.16,2.99,-133.1,5197,R20MZ_FZ_50_filtered
25,12,0,-53.13,4.826,385.08,3.2,-121,5488,R20MZ_FZ_50_filtered
25,12,2,-53.09,-11.99,558.528,27.52,131.98,12161,R20MZ_IA-2_FZ_50_filtered
25,12,0,-53.08,3.792,385.34,3.22,-109.22,5514,R20MZ_FZ_50_filtered
25,12,0,-53.07,5.731,381.46,5.19,-126.15,5127,R20MZ_FZ_50_filtered
25,12,0,-53.05,11.84,383.01,-12.36,-131.5,5282,R20MZ_FZ_50_filtered
25,12,4,-53.05,-12.107,727.314,32.75,130.11,18367,R20MZ_IA-4_FZ_50_filtered
25,12,2,-53.04,5.044,554.028,10.96,-116.01,11712,R20MZ_IA-2_FZ_50_filtered
25,12,2,-53.02,10.58,552.638,7.71,-132.94,11573,R20MZ_IA-2_FZ_50_filtered
25,12,0,-53,10.472,382.65,1.41,-133.69,5246,R20MZ_FZ_50_filtered
25,12,0,-52.99,7.239,381.84,1.89,-125.83,5165,R20MZ_FZ_50_filtered
25,12,0,-52.99,9.566,382.42,1.03,-130.8,5223,R20MZ_FZ_50_filtered
25,12,0,-52.98,8.865,384.07,-3.75,-129.35,5387,R20MZ_FZ_50_filtered
25,12,0,-52.94,10.393,382.63,3.13,-135.94,5244,R20MZ_FZ_50_filtered
25,12,0,-52.94,-4.822,387.5,-2.19,125.76,5730,R20MZ_FZ_50_filtered
25,12,2,-52.94,-6.771,559.828,5.4,127.9,12291,R20MZ_IA-2_FZ_50_filtered
25,12,4,-52.94,-8.476,726.404,14.09,127.98,18277,R20MZ_IA-4_FZ_50_filtered
25,12,4,-52.9,-4.438,729.404,11.94,110.44,18576,R20MZ_IA-4_FZ_50_filtered
25,12,2,-52.89,-3.873,556.258,3.92,118.58,11935,R20MZ_IA-2_FZ_50_filtered
25,12,0,-52.87,11.188,383.48,7.24,-132.14,5328,R20MZ_FZ_50_filtered
25,12,4,-52.86,0.39,718.124,24.03,-16.55,17450,R20MZ_IA-4_FZ_50_filtered
25,12,0,-52.85,-3.569,387.18,-3.71,114.43,5698,R20MZ_FZ_50_filtered
25,12,0,-52.85,-4.481,387.41,-4.9,121.6,5721,R20MZ_FZ_50_filtered
25,12,4,-52.85,3.925,723.304,21.39,-97.5,17967,R20MZ_IA-4_FZ_50_filtered
25,12,0,-52.83,10.96,382.77,0.46,-133.41,5258,R20MZ_FZ_50_filtered
25,12,0,-52.8,5.168,385,1.14,-118.54,5480,R20MZ_FZ_50_filtered
25,12,0,-52.79,9.971,383.8,-1.22,-133.38,5360,R20MZ_FZ_50_filtered
25,12,0,-52.78,-5.596,391.12,-1.35,123.25,6091,R20MZ_FZ_50_filtered
25,12,0,-52.76,-4.351,387.38,-6.46,122.02,5718,R20MZ_FZ_50_filtered
25,12,0,-52.75,3.413,380.88,3.43,-106.27,5069,R20MZ_FZ_50_filtered
25,12,0,-52.75,7.631,384.38,3.69,-132.03,5418,R20MZ_FZ_50_filtered
25,12,4,-52.75,-12.107,727.334,26.3,126.73,18369,R20MZ_IA-4_FZ_50_filtered
25,12,2,-52.74,-6.282,559.948,3.05,124.64,12303,R20MZ_IA-2_FZ_50_filtered
25,12,4,-52.74,7.514,722.404,21.88,-116.44,17877,R20MZ_IA-4_FZ_50_filtered
25,12,2,-52.73,11.865,552.068,-6.31,-127.47,11517,R20MZ_IA-2_FZ_50_filtered
25,12,2,-52.71,-11.338,558.668,-4.59,128.62,12175,R20MZ_IA-2_FZ_50_filtered
25,12,4,-52.71,3.498,718.894,19.06,-95.01,17527,R20MZ_IA-4_FZ_50_filtered
25,12,0,-52.7,9.043,384.03,1.09,-133.08,5383,R20MZ_FZ_50_filtered
25,12,0,-52.69,10.241,383.72,6.42,-129.99,5352,R20MZ_FZ_50_filtered
25,12,4,-52.68,6.276,722.714,21.41,-115.69,17908,R20MZ_IA-4_FZ_50_filtered
25,12,0,-52.67,-10.757,389.84,6.35,129.35,5963,R20MZ_FZ_50_filtered
25,12,2,-52.63,11.638,551.938,10.56,-126.43,11504,R20MZ_IA-2_FZ_50_filtered
25,12,4,-52.62,-9.751,726.724,15.77,131.07,18309,R20MZ_IA-4_FZ_50_filtered
25,12,0,-52.61,6.327,381.61,2.37,-122.23,5142,R20MZ_FZ_50_filtered
25,12,0,-52.61,-9.308,390.19,-2.97,128.84,5998,R20MZ_FZ_50_filtered
25,12,0,-52.61,-7.498,390.65,2.32,128.88,6044,R20MZ_FZ_50_filtered
25,12,0,-52.61,-6.54,390.89,0.02,126.23,6068,R20MZ_FZ_50_filtered
25,12,0,-52.61,-4.24,391.46,-5.4,115.56,6125,R20MZ_FZ_50_filtered
25,12,0,-52.6,3.433,385.43,4.98,-104.56,5523,R20MZ_FZ_50_filtered
25,12,2,-52.6,5.608,550.429,13.31,-118.04,11353,R20MZ_IA-2_FZ_50_filtered
25,12,-0,-52.59,-6.577,390.88,0.27,127.66,6067,R20MZ_FZ_50_filtered
25,12,0,-52.58,-1.748,386.72,0.46,80.48,5652,R20MZ_FZ_50_filtered
25,12,4,-52.55,2.041,718.534,23.32,-71.25,17491,R20MZ_IA-4_FZ_50_filtered
25,12,0,-52.54,-7.456,390.66,1.31,127.18,6045,R20MZ_FZ_50_filtered
25,12,0,-52.53,-5.643,391.11,-1.71,124.19,6090,R20MZ_FZ_50_filtered
25,12,-0,-52.52,2.886,385.57,2.19,-95.36,5537,R20MZ_FZ_50_filtered
25,12,0,-52.52,1.975,385.79,5.32,-77.4,5559,R20MZ_FZ_50_filtered
25,12,0,-52.5,-5.807,387.74,-2.13,126.66,5754,R20MZ_FZ_50_filtered
25,12,2,-52.47,-1.537,555.668,7.6,72.94,11876,R20MZ_IA-2_FZ_50_filtered
25,12,4,-52.47,8.959,722.044,15.13,-121.61,17841,R20MZ_IA-4_FZ_50_filtered
25,12,0,-52.46,6.073,384.77,0.34,-123.16,5457,R20MZ_FZ_50_filtered
25,12,4,-52.46,-9.432,728.154,15.25,127.66,18451,R20MZ_IA-4_FZ_50_filtered
25,12,0,-52.44,-7.627,388.2,-1.52,129.2,5800,R20MZ_FZ_50_filtered
25,12,2,-52.44,6.316,553.708,11.01,-118.85,11680,R20MZ_IA-2_FZ_50_filtered
25,12,0,-52.43,5.399,381.38,2.44,-118.21,5119,R20MZ_FZ_50_filtered
25,12,4,-52.42,-11.707,727.214,16.85,126.65,18358,R20MZ_IA-4_FZ_50_filtered
25,12,0,-52.41,3.578,380.92,-0.28,-106.77,5073,R20MZ_FZ_50_filtered
25,12,0,-52.4,-7.907,390.54,-7.55,127.5,6033,R20MZ_FZ_50_filtered
25,12,4,-52.4,3.607,718.924,18.46,-93.94,17530,R20MZ_IA-4_FZ_50_filtered
25,12,0,-52.39,11.333,382.86,2.93,-135.58,5267,R20MZ_FZ_50_filtered
25,12,0,-52.38,-12.055,389.49,-2.71,128.59,5928,R20MZ_FZ_50_filtered
25,12,2,-52.38,2.206,554.728,12.87,-78.34,11782,R20MZ_IA-2_FZ_50_filtered
25,12,0,-52.37,-3.773,391.58,-4.08,109.18,6137,R20MZ_FZ_50_filtered
25,12,4,-52.37,4.329,723.204,20.36,-100.48,17957,R20MZ_IA-4_FZ_50_filtered
25,12,0,-52.36,-3.877,387.26,-2.51,117.99,5706,R20MZ_FZ_50_filtered
25,12,0,-52.35,4.471,381.15,0.75,-112.59,5096,R20MZ_FZ_50_filtered
25,12,0,-52.35,10.758,383.6,-5.17,-131.21,5340,R20MZ_FZ_50_filtered
25,12,2,-52.35,3.198,554.488,12.08,-96.33,11758,R20MZ_IA-2_FZ_50_filtered
25,12,0,-52.34,-8.874,390.3,-5.74,129.8,6009,R20MZ_FZ_50_filtered
25,12,0,-52.33,-6.314,387.87,-6.54,124.39,5767,R20MZ_FZ_50_filtered
25,12,2,-52.32,-1.425,555.638,5.67,69.52,11873,R20MZ_IA-2_FZ_50_filtered
25,12,0,-52.31,-3.802,391.57,-4.37,110.23,6136,R20MZ_FZ_50_filtered
25,12,2,-52.29,4.129,554.258,10.75,-107.85,11735,R20MZ_IA-2_FZ_50_filtered
25,12,0,-52.28,-6.71,387.97,-1.7,127.31,5777,R20MZ_FZ_50_filtered
25,12,0,-52.27,-3.351,391.68,-4.55,103.44,6147,R20MZ_FZ_50_filtered
25,12,0,-52.24,-7.675,388.21,-2.01,127.44,5801,R20MZ_FZ_50_filtered
25,12,0,-52.22,8.129,384.26,2.67,-132.02,5406,R20MZ_FZ_50_filtered
25,12,0,-52.21,-9.774,390.08,0.15,127.63,5987,R20MZ_FZ_50_filtered
25,12,2,-52.21,-11.633,558.198,6.19,129.4,12129,R20MZ_IA-2_FZ_50_filtered
25,12,0,-52.2,8.639,382.19,1.1,-127.06,5200,R20MZ_FZ_50_filtered
25,12,0,-52.19,-4.746,391.34,-2.84,118.63,6113,R20MZ_FZ_50_filtered
25,12,4,-52.19,11.845,721.004,6.53,-117.55,17738,R20MZ_IA-4_FZ_50_filtered
25,12,0,-52.17,-8.404,390.42,1.05,129.63,6021,R20MZ_FZ_50_filtered
25,12,0,-52.16,-2.848,391.81,-3.61,94.93,6160,R20MZ_FZ_50_filtered
25,12,-0,-52.14,1.94,380.52,4.21,-82.97,5033,R20MZ_FZ_50_filtered
25,12,0,-52.14,-5.767,387.73,-1.01,127.02,5753,R20MZ_FZ_50_filtered
25,12,0,-52.13,-8.56,388.43,-1.87,129.17,5823,R20MZ_FZ_50_filtered
25,12,0,-52.12,-8.596,388.44,-2.65,127.92,5824,R20MZ_FZ_50_filtered
25,12,2,-52.12,3.41,549.879,8.89,-97.6,11298,R20MZ_IA-2_FZ_50_filtered
25,12,0,-52.11,1.31,380.36,6.16,-64.54,5017,R20MZ_FZ_50_filtered
25,12,0,-52.1,2.889,380.76,7.64,-98.17,5057,R20MZ_FZ_50_filtered
25,12,0,-52.1,-8.124,388.32,-3.81,128.56,5812,R20MZ_FZ_50_filtered
25,12,2,-52.09,-10.103,557.818,6.9,132.79,12091,R20MZ_IA-2_FZ_50_filtered
25,12,2,-52.08,-3.523,556.168,6.01,115.44,11926,R20MZ_IA-2_FZ_50_filtered
25,12,0,-52.06,-6.234,387.85,-5.28,127.15,5765,R20MZ_FZ_50_filtered
25,12,0,-52.05,3.932,385.31,2.93,-110.59,5511,R20MZ_FZ_50_filtered
25,12,0,-52.05,-10.195,389.96,-7.18,127.3,5975,R20MZ_FZ_50_filtered
25,12,0,-52.04,-9.353,390.18,-1.31,128.86,5997,R20MZ_FZ_50_filtered
25,12,2,-52.04,-8.232,557.348,6.45,131.56,12044,R20MZ_IA-2_FZ_50_filtered
25,12,0,-52.02,-10.921,389.02,-2.78,128.41,5882,R20MZ_FZ_50_filtered
25,12,0,-51.94,-9.507,388.67,-2.5,128.55,5847,R20MZ_FZ_50_filtered
25,12,2,-51.94,-11.071,558.748,2.64,133.12,12183,R20MZ_IA-2_FZ_50_filtered
25,12,4,-51.93,4.009,723.284,20.62,-98.66,17965,R20MZ_IA-4_FZ_50_filtered
25,12,0,-51.92,-10.23,389.95,-5.77,128.99,5974,R20MZ_FZ_50_filtered
25,12,0,-51.92,-8.448,390.41,2.82,130.09,6020,R20MZ_FZ_50_filtered
25,12,0,-51.87,9.501,383.91,3.98,-132,5371,R20MZ_FZ_50_filtered
25,12,0,-51.85,-4.202,391.47,-5.9,114.18,6126,R20MZ_FZ_50_filtered
25,12,0,-51.84,-3.728,391.59,-4.1,107.15,6138,R20MZ_FZ_50_filtered
25,12,4,-51.83,-11.828,727.294,31.76,129.89,18366,R20MZ_IA-4_FZ_50_filtered
25,12,0,-51.82,3.01,385.54,2.76,-97.12,5534,R20MZ_FZ_50_filtered
25,12,0,-51.82,-7.541,390.64,2.64,128.69,6043,R20MZ_FZ_50_filtered
25,12,0,-51.8,-9.958,388.78,-1.87,128.54,5858,R20MZ_FZ_50_filtered
25,12,0,-51.78,-10.877,389.01,-2.17,128.87,5881,R20MZ_FZ_50_filtered
25,12,4,-51.77,-3.955,729.524,12.75,103.99,18588,R20MZ_IA-4_FZ_50_filtered
25,12,0,-51.76,2.673,380.7,1.2,-92.79,5051,R20MZ_FZ_50_filtered
25,12,0,-51.76,7.004,384.54,-1.35,-123.76,5434,R20MZ_FZ_50_filtered
25,12,0,-51.76,-8.839,390.31,-5.48,128.42,6010,R20MZ_FZ_50_filtered
25,12,2,-51.76,8.594,553.138,10.55,-123.02,11623,R20MZ_IA-2_FZ_50_filtered
25,12,4,-51.76,-9.872,726.754,14.71,126.97,18312,R20MZ_IA-4_FZ_50_filtered
25,12,0,-51.75,5.798,384.84,2.84,-123.92,5464,R20MZ_FZ_50_filtered
25,12,0,-51.73,-7.154,388.08,-4.79,129.01,5788,R20MZ_FZ_50_filtered
25,12,0,-51.73,-0.562,392.38,-0.27,28.39,6217,R20MZ_FZ_50_filtered
25,12,0,-51.72,8.383,384.19,3.71,-126.87,5399,R20MZ_FZ_50_filtered
25,12,-0,-51.69,-8.085,388.31,-3.46,128.9,5811,R20MZ_FZ_50_filtered
25,12,0,-51.67,-11.385,389.14,-2.25,128.21,5894,R20MZ_FZ_50_filtered
25,12,0,-51.66,-11.149,389.72,-13.89,129.33,5951,R20MZ_FZ_50_filtered
25,12,0,-51.66,-6.614,390.87,0.14,127.01,6066,R20MZ_FZ_50_filtered
25,12,2,-51.66,9.079,553.018,7.89,-124.89,11611,R20MZ_IA-2_FZ_50_filtered
25,12,0,-51.65,-1.228,386.6,-8.91,62.05,5640,R20MZ_FZ_50_filtered
25,12,0,-51.65,-11.786,389.25,9.51,129.32,5905,R20MZ_FZ_50_filtered
25,12,0,-51.63,-6.759,387.98,-2.2,125.76,5778,R20MZ_FZ_50_filtered
25,12,0,-51.63,-10.437,388.9,-2.11,128.49,5870,R20MZ_FZ_50_filtered
25,12,-0,-51.62,12.187,383.09,-12.9,-136.45,5289,R20MZ_FZ_50_filtered
25,12,0,-51.61,-11.616,389.61,3.95,128.7,5940,R20MZ_FZ_50_filtered
25,12,4,-51.61,5.882,722.814,20.56,-112.49,17918,R20MZ_IA-4_FZ_50_filtered
25,12,-0,-51.6,-4.948,387.53,-4.89,121.63,5733,R20MZ_FZ_50_filtered
25,12,0,-51.6,-5.883,387.76,-3.31,122.02,5756,R20MZ_FZ_50_filtered
25,12,0,-51.6,-10.694,389.85,5.53,126.66,5964,R20MZ_FZ_50_filtered
25,12,2,-51.59,-3.016,556.048,1.19,109.1,11914,R20MZ_IA-2_FZ_50_filtered
25,12,0,-51.56,-10.488,388.91,-2.48,126.86,5871,R20MZ_FZ_50_filtered
25,12,0,-51.56,-7.857,390.55,-7.6,125.33,6034,R20MZ_FZ_50_filtered
25,12,2,-51.56,1.647,549.439,10.02,-67.17,11254,R20MZ_IA-2_FZ_50_filtered
25,12,4,-51.56,-6.267,725.854,14.15,122.62,18222,R20MZ_IA-4_FZ_50_filtered
25,12,0,-51.55,3.837,380.99,6.09,-109.65,5080,R20MZ_FZ_50_filtered
25,12,0,-51.54,8.575,384.14,3.36,-130.29,5394,R20MZ_FZ_50_filtered
25,12,4,-51.54,-9.681,728.094,23.11,129.75,18445,R20MZ_IA-4_FZ_50_filtered
25,12,0,-51.53,-1.956,392.03,-3.64,76.61,6182,R20MZ_FZ_50_filtered
25,12,0,-51.52,-1.172,386.59,-8.81,60.45,5639,R20MZ_FZ_50_filtered
25,12,2,-51.52,7.906,551.009,10.97,-123.97,11411,R20MZ_IA-2_FZ_50_filtered
25,12,0,-51.51,-6.669,387.96,-1.04,127,5776,R20MZ_FZ_50_filtered
25,12,2,-51.49,3.075,554.518,9.32,-91.7,11761,R20MZ_IA-2_FZ_50_filtered
25,12,0,-51.48,4.256,385.23,0.59,-111.96,5503,R20MZ_FZ_50_filtered
25,12,0,-51.48,1.961,385.8,4.58,-76.17,5560,R20MZ_FZ_50_filtered
25,12,2,-51.48,-3.691,560.598,7.43,107.66,12368,R20MZ_IA-2_FZ_50_filtered
25,12,0,-51.47,-10.792,389.83,6.6,130.44,5962,R20MZ_FZ_50_filtered
25,12,2,-51.44,6.952,550.769,11.4,-122.11,11387,R20MZ_IA-2_FZ_50_filtered
25,12,0,-51.43,4.762,381.22,6,-118.37,5103,R20MZ_FZ_50_filtered
25,12,0,-51.4,4.398,385.19,5.1,-114.45,5499,R20MZ_FZ_50_filtered
25,12,0,-51.39,9.302,383.96,4.63,-126,5376,R20MZ_FZ_50_filtered
25,12,0,-51.32,-2.025,386.8,-8.01,87.02,5660,R20MZ_FZ_50_filtered
25,12,0,-51.31,9.122,382.31,1.14,-126.43,5212,R20MZ_FZ_50_filtered
25,12,2,-51.31,9.719,552.858,7.79,-129.88,11595,R20MZ_IA-2_FZ_50_filtered
25,12,4,-51.31,-10.193,726.834,15.81,130.02,18320,R20MZ_IA-4_FZ_50_filtered
25,12,0,-51.3,10.352,382.62,3.64,-132.96,5243,R20MZ_FZ_50_filtered
25,12,0,-51.3,-8.987,388.54,-2.25,128.55,5834,R20MZ_FZ_50_filtered
25,12,0,-51.29,6.794,381.73,0.89,-121.58,5154,R20MZ_FZ_50_filtered
25,12,4,-51.29,-11.728,727.224,19.11,124.78,18359,R20MZ_IA-4_FZ_50_filtered
25,12,0,-51.28,-4.524,387.42,-4.32,118.97,5722,R20MZ_FZ_50_filtered
25,12,2,-51.28,9.801,551.479,10.19,-125.86,11458,R20MZ_IA-2_FZ_50_filtered
25,12,4,-51.27,-10.599,727.864,21.16,128.96,18422,R20MZ_IA-4_FZ_50_filtered
25,12,0,-51.26,-11.347,389.13,-1.69,129.16,5893,R20MZ_FZ_50_filtered
25,12,0,-51.26,-5.559,391.13,-1.92,120.82,6092,R20MZ_FZ_50_filtered
25,12,0,-51.24,1.045,380.29,3.7,-54.92,5010,R20MZ_FZ_50_filtered
25,12,0,-51.24,4.029,381.04,5.98,-106.84,5085,R20MZ_FZ_50_filtered
25,12,0,-51.24,-2.688,386.96,-1.45,100.99,5676,R20MZ_FZ_50_filtered
25,12,4,-51.24,-11.226,727.694,6.97,125.39,18405,R20MZ_IA-4_FZ_50_filtered
25,12,0,-51.23,-9.548,388.68,-3.37,126.22,5848,R20MZ_FZ_50_filtered
25,12,2,-51.23,-11.321,558.678,-3.57,127.02,12176,R20MZ_IA-2_FZ_50_filtered
25,12,0,-51.21,-12.06,389.38,-2.33,126.37,5917,R20MZ_FZ_50_filtered
25,12,0,-51.2,-9.999,388.79,-2.54,127.31,5859,R20MZ_FZ_50_filtered
25,12,2,-51.19,-3.956,556.278,3.94,118.52,11937,R20MZ_IA-2_FZ_50_filtered
25,12,0,-51.17,8.478,382.15,3.61,-129.83,5196,R20MZ_FZ_50_filtered
25,12,4,-51.15,11.632,721.364,16.84,-118.25,17773,R20MZ_IA-4_FZ_50_filtered
25,12,4,-51.14,4.964,723.044,19.81,-105.82,17941,R20MZ_IA-4_FZ_50_filtered
25,12,0,-51.13,5.677,381.45,5.07,-122.68,5126,R20MZ_FZ_50_filtered
25,12,0,-51.13,9.794,383.84,-4.21,-127.68,5364,R20MZ_FZ_50_filtered
25,12,0,-51.13,-0.623,392.37,0.3,30.22,6216,R20MZ_FZ_50_filtered
25,12,4,-51.11,-3.196,729.714,13.87,93.21,18607,R20MZ_IA-4_FZ_50_filtered
25,12,2,-51.1,2.695,549.709,11.68,-91.41,11281,R20MZ_IA-2_FZ_50_filtered
25,12,4,-51.1,-9.854,728.054,16.6,126.03,18441,R20MZ_IA-4_FZ_50_filtered
25,12,0,-51.09,-3.622,387.19,-2.91,113.2,5699,R20MZ_FZ_50_filtered
25,12,0,-51.09,-8.804,390.32,-4.43,125.81,6011,R20MZ_FZ_50_filtered
25,12,0,-51.09,-6.491,390.9,-0.17,123.79,6069,R20MZ_FZ_50_filtered
25,12,2,-51.08,-4.479,556.408,6.43,121.93,11950,R20MZ_IA-2_FZ_50_filtered
25,12,0,-51.07,3.752,385.35,2.38,-104.83,5515,R20MZ_FZ_50_filtered
25,12,0,-51.07,3.466,385.42,5.31,-102.98,5522,R20MZ_FZ_50_filtered
25,12,0,-51.05,4.885,385.07,2.43,-117.72,5487,R20MZ_FZ_50_filtered
25,12,0,-51.04,-4.651,391.36,-2.63,116.3,6115,R20MZ_FZ_50_filtered
25,12,-0,-51.02,-4.766,391.33,-3.3,117.58,6112,R20MZ_FZ_50_filtered
25,12,0,-51.01,1.911,380.51,3.6,-80.4,5032,R20MZ_FZ_50_filtered
25,12,4,-51,-9.184,726.584,15.79,127.86,18295,R20MZ_IA-4_FZ_50_filtered
25,12,4,-50.99,-9.246,728.194,11.83,127.86,18455,R20MZ_IA-4_FZ_50_filtered
25,12,4,-50.98,-4.352,729.424,11.93,107.17,18578,R20MZ_IA-4_FZ_50_filtered
25,12,0,-50.96,-7.711,388.22,-2.41,124.54,5802,R20MZ_FZ_50_filtered
25,12,0,-50.96,-10.278,389.94,-4.52,128.89,5973,R20MZ_FZ_50_filtered
25,12,0,-50.94,-4.799,387.49,-0.95,123.9,5729,R20MZ_FZ_50_filtered
25,12,0,-50.93,-2.455,391.91,-4.43,86.84,6170,R20MZ_FZ_50_filtered
25,12,4,-50.93,-10.15,726.824,16,129.56,18319,R20MZ_IA-4_FZ_50_filtered
25,12,0,-50.92,7.989,382.03,3.87,-128.46,5184,R20MZ_FZ_50_filtered
25,12,0,-50.91,-4.308,387.37,-6.62,119.75,5717,R20MZ_FZ_50_filtered
25,12,2,-50.89,-4.794,556.488,3.95,119.6,11958,R20MZ_IA-2_FZ_50_filtered
25,12,2,-50.89,-6.232,559.958,2.38,122.88,12304,R20MZ_IA-2_FZ_50_filtered
25,12,2,-50.88,2.211,549.579,15.18,-80.84,11268,R20MZ_IA-2_FZ_50_filtered
25,12,0,-50.85,-11.771,389.24,5.9,129.2,5904,R20MZ_FZ_50_filtered
25,12,0,-50.84,-9.249,390.2,-4.93,127.03,5999,R20MZ_FZ_50_filtered
25,12,4,-50.83,6.36,722.694,21.67,-113.48,17906,R20MZ_IA-4_FZ_50_filtered
25,12,-0,-50.82,-0.516,392.39,-1.53,26.4,6218,R20MZ_FZ_50_filtered
25,12,0,-50.81,-5.234,391.21,-3.96,120.83,6100,R20MZ_FZ_50_filtered
25,12,4,-50.81,-11.82,727.284,30.16,128.3,18365,R20MZ_IA-4_FZ_50_filtered
25,12,0,-50.8,7.92,384.31,-2.94,-122.79,5411,R20MZ_FZ_50_filtered
25,12,0,-50.74,-8.497,390.4,4.03,128.9,6019,R20MZ_FZ_50_filtered
25,12,0,-50.73,-6.186,387.84,-4.76,125.75,5764,R20MZ_FZ_50_filtered
25,12,2,-50.73,1.69,549.449,10.78,-67.98,11255,R20MZ_IA-2_FZ_50_filtered
25,12,0,-50.7,-4.326,391.44,-4.75,114.47,6123,R20MZ_FZ_50_filtered
25,12,0,-50.69,-7.116,388.07,-4.17,127.35,5787,R20MZ_FZ_50_filtered
25,12,0,-50.69,-12.031,389.5,0.84,126.08,5929,R20MZ_FZ_50_filtered
25,12,0,-50.69,-5.99,391.02,-8.26,120.51,6081,R20MZ_FZ_50_filtered
25,12,2,-50.69,10.682,551.698,10.4,-128.49,11480,R20MZ_IA-2_FZ_50_filtered
25,12,2,-50.63,7.883,553.318,9.55,-125.71,11641,R20MZ_IA-2_FZ_50_filtered
25,12,0,-50.62,-2.902,387.02,-3.39,103.71,5682,R20MZ_FZ_50_filtered
25,12,4,-50.59,2.863,718.744,24.43,-84.26,17512,R20MZ_IA-4_FZ_50_filtered
25,12,0,-50.57,-5.085,391.25,-6.59,117.73,6104,R20MZ_FZ_50_filtered
25,12,0,-50.57,-2.81,391.82,-3.64,93.23,6161,R20MZ_FZ_50_filtered
25,12,4,-50.57,-2.608,729.864,12.73,81.24,18622,R20MZ_IA-4_FZ_50_filtered
25,12,0,-50.56,1.617,385.89,-0.73,-67.19,5569,R20MZ_FZ_50_filtered
25,12,0,-50.55,1.056,386.02,5.12,-51.49,5582,R20MZ_FZ_50_filtered
25,12,-0,-50.55,-1.788,386.73,-0.43,81,5653,R20MZ_FZ_50_filtered
25,12,2,-50.51,-1.372,555.628,5.24,67.3,11872,R20MZ_IA-2_FZ_50_filtered
25,12,4,-50.51,6.296,719.594,21.66,-111.78,17597,R20MZ_IA-4_FZ_50_filtered
25,12,0,-50.5,-6.155,390.98,-4.35,124.71,6077,R20MZ_FZ_50_filtered
25,12,2,-50.5,4.32,550.109,8.77,-104.74,11321,R20MZ_IA-2_FZ_50_filtered
25,12,4,-50.49,3.302,718.844,19.83,-87.84,17522,R20MZ_IA-4_FZ_50_filtered
25,12,2,-50.46,4.179,554.248,10.93,-106.95,11734,R20MZ_IA-2_FZ_50_filtered
25,12,2,-50.46,0.916,555.058,13.27,-42.09,11815,R20MZ_IA-2_FZ_50_filtered
25,12,0,-50.45,-2.005,392.02,-2.97,76.46,6181,R20MZ_FZ_50_filtered
25,12,4,-50.43,9.535,721.894,21.83,-122.03,17826,R20MZ_IA-4_FZ_50_filtered
25,12,4,-50.43,-4.687,729.344,16.02,110.42,18570,R20MZ_IA-4_FZ_50_filtered
25,12,4,-50.43,-2.274,729.944,15.39,74.84,18630,R20MZ_IA-4_FZ_50_filtered
25,12,0,-50.42,9.999,383.79,0.27,-129.98,5359,R20MZ_FZ_50_filtered
25,12,0,-50.41,7.658,384.37,3.1,-128.24,5417,R20MZ_FZ_50_filtered
25,12,0,-50.4,2.055,385.77,6.23,-77.08,5557,R20MZ_FZ_50_filtered
25,12,0,-50.38,-11.431,389.15,-2.61,125.8,5895,R20MZ_FZ_50_filtered
25,12,0,-50.35,-6.803,387.99,-2.65,123.48,5779,R20MZ_FZ_50_filtered
25,12,4,-50.35,-12.075,727.364,17.54,124.41,18372,R20MZ_IA-4_FZ_50_filtered
25,12,4,-50.34,8.623,722.124,21.66,-122.06,17849,R20MZ_IA-4_FZ_50_filtered
25,12,0,-50.33,0.636,386.13,-1.79,-35.06,5593,R20MZ_FZ_50_filtered
25,12,0,-50.33,-10.519,388.92,-2.73,124.2,5872,R20MZ_FZ_50_filtered
25,12,2,-50.32,7.52,550.909,9.8,-118.09,11401,R20MZ_IA-2_FZ_50_filtered
25,12,0,-50.31,-8.029,388.3,-3.13,127.5,5810,R20MZ_FZ_50_filtered
25,12,4,-50.28,1.535,723.904,16.57,-52.88,18027,R20MZ_IA-4_FZ_50_filtered
25,12,0,-50.26,9.071,384.02,2.27,-129.04,5382,R20MZ_FZ_50_filtered
25,12,-0,-50.26,2.854,385.58,2.32,-92.08,5538,R20MZ_FZ_50_filtered
25,12,0,-50.26,-6.902,390.79,-8.22,122.71,6058,R20MZ_FZ_50_filtered
25,12,0,-50.23,-4.166,391.48,-6.05,111.65,6127,R20MZ_FZ_50_filtered
25,12,0,-50.21,4.962,381.27,2.43,-111.84,5108,R20MZ_FZ_50_filtered
25,12,0,-50.21,-1.122,386.58,-8.64,58.88,5638,R20MZ_FZ_50_filtered
25,12,0,-50.2,2.578,385.65,2.55,-87.32,5545,R20MZ_FZ_50_filtered
25,12,4,-50.18,9.755,721.844,15,-120.63,17821,R20MZ_IA-4_FZ_50_filtered
25,12,0,-50.12,-9.734,390.09,1.18,125.5,5988,R20MZ_FZ_50_filtered
25,12,0,-50.11,-5.442,387.65,-5.26,119.53,5745,R20MZ_FZ_50_filtered
25,12,2,-50.11,12.136,552.148,12.78,-127.1,11524,R20MZ_IA-2_FZ_50_filtered
25,12,0,-50.08,7.276,381.85,1.24,-119.86,5166,R20MZ_FZ_50_filtered
25,12,0,-50.08,-6.354,387.88,-6.41,121.76,5768,R20MZ_FZ_50_filtered
25,12,0,-50.07,1.353,380.37,6.31,-64.36,5018,R20MZ_FZ_50_filtered
25,12,2,-50.07,-12.043,558.448,-2.45,125.18,12153,R20MZ_IA-2_FZ_50_filtered
25,12,0,-50.06,12.121,383.2,9.66,-134.19,5300,R20MZ_FZ_50_filtered
25,12,4,-50.06,11.769,720.964,18.16,-120.18,17734,R20MZ_IA-4_FZ_50_filtered
25,12,0,-50.04,0.174,386.25,0.24,-11.62,5605,R20MZ_FZ_50_filtered
25,12,2,-50.03,-11.559,558.618,8,130.44,12170,R20MZ_IA-2_FZ_50_filtered
25,12,4,-50.03,-11.768,727.244,26,123.44,18361,R20MZ_IA-4_FZ_50_filtered
25,12,0,-50.02,6.593,381.68,4.32,-125.47,5149,R20MZ_FZ_50_filtered
25,12,0,-50.02,9.41,382.38,3.49,-129.81,5219,R20MZ_FZ_50_filtered
25,12,0,-50.02,11.005,382.78,0.15,-127.5,5259,R20MZ_FZ_50_filtered
25,12,-0,-50.02,-10.834,389,-1.4,127.97,5880,R20MZ_FZ_50_filtered
25,12,0,-50,-0.745,386.48,-1.6,41.22,5628,R20MZ_FZ_50_filtered
25,12,0,-49.98,11.845,383.02,-11.4,-126.99,5283,R20MZ_FZ_50_filtered
25,12,0,-49.98,1.103,386.01,5.61,-52.27,5581,R20MZ_FZ_50_filtered
25,12,2,-49.97,-8.991,559.268,0.51,125.77,12235,R20MZ_IA-2_FZ_50_filtered
25,12,4,-49.97,-1.792,730.064,14.77,63.63,18642,R20MZ_IA-4_FZ_50_filtered
25,12,0,-49.96,-12.037,389.47,-6.03,128.22,5926,R20MZ_FZ_50_filtered
25,12,2,-49.94,2.969,549.779,14.51,-90.02,11288,R20MZ_IA-2_FZ_50_filtered
25,12,2,-49.92,4.104,550.059,15.18,-106.33,11316,R20MZ_IA-2_FZ_50_filtered
25,12,0,-49.9,11.287,382.85,3.43,-132.44,5266,R20MZ_FZ_50_filtered
25,12,0,-49.9,11.748,382.97,0.81,-131.86,5278,R20MZ_FZ_50_filtered
25,12,0,-49.9,-6.649,390.86,-0.59,125.65,6065,R20MZ_FZ_50_filtered
25,12,0,-49.9,-3.4,391.67,-3.85,103.13,6146,R20MZ_FZ_50_filtered
25,12,4,-49.85,-12.055,727.484,16.29,125.61,18384,R20MZ_IA-4_FZ_50_filtered
25,12,0,-49.82,-8.946,388.53,-1.93,127.04,5833,R20MZ_FZ_50_filtered
25,12,0,-49.81,3.372,380.87,3.55,-102.04,5068,R20MZ_FZ_50_filtered
25,12,0,-49.81,8.206,382.08,1.51,-122.97,5189,R20MZ_FZ_50_filtered
25,12,0,-49.8,10.443,383.67,4.34,-130.88,5347,R20MZ_FZ_50_filtered
25,12,2,-49.8,-7.918,559.538,2.84,129.67,12262,R20MZ_IA-2_FZ_50_filtered
25,12,0,-49.78,-1.438,392.16,-4.2,61.74,6195,R20MZ_FZ_50_filtered
25,12,2,-49.77,-8.858,559.308,5.98,130.59,12239,R20MZ_IA-2_FZ_50_filtered
25,12,0,-49.76,-5.22,387.6,-5.11,124.38,5740,R20MZ_FZ_50_filtered
25,12,4,-49.75,4.596,723.134,23.48,-101.57,17950,R20MZ_IA-4_FZ_50_filtered
25,12,4,-49.74,5.493,719.394,21.37,-104.51,17577,R20MZ_IA-4_FZ_50_filtered
25,12,0,-49.73,-5.725,387.72,-0.75,125.61,5752,R20MZ_FZ_50_filtered
25,12,0,-49.73,-1.504,392.14,-3.51,64.22,6193,R20MZ_FZ_50_filtered
25,12,0,-49.72,5.344,384.95,4.9,-118.96,5475,R20MZ_FZ_50_filtered
25,12,0,-49.71,-2.495,391.9,-3.61,86.2,6169,R20MZ_FZ_50_filtered
25,12,4,-49.7,-11.344,727.124,14.94,124.52,18349,R20MZ_IA-4_FZ_50_filtered
25,12,0,-49.69,-7.272,388.11,-5.51,123.28,5791,R20MZ_FZ_50_filtered
25,12,4,-49.69,-8.222,726.344,15.24,126.19,18271,R20MZ_IA-4_FZ_50_filtered
25,12,4,-49.69,-0.875,730.304,17.25,36.9,18666,R20MZ_IA-4_FZ_50_filtered
25,12,4,-49.68,6.822,719.724,19.91,-111.2,17610,R20MZ_IA-4_FZ_50_filtered
25,12,4,-49.68,1.495,723.914,16.56,-50.93,18028,R20MZ_IA-4_FZ_50_filtered
25,12,0,-49.62,-11.232,389.7,-10.77,127.33,5949,R20MZ_FZ_50_filtered
25,12,0,-49.6,6.359,381.62,1.75,-116.5,5143,R20MZ_FZ_50_filtered
25,12,0,-49.59,3.974,385.3,2.08,-108.11,5510,R20MZ_FZ_50_filtered
25,12,0,-49.58,-12.045,389.39,-5.51,123.65,5918,R20MZ_FZ_50_filtered
25,12,0,-49.56,3.612,380.93,-0.63,-101.72,5074,R20MZ_FZ_50_filtered
25,12,0,-49.55,-7.84,390.56,-7.61,122.71,6035,R20MZ_FZ_50_filtered
25,12,2,-49.55,10.922,552.558,3.6,-123.38,11565,R20MZ_IA-2_FZ_50_filtered
25,12,2,-49.55,-10.519,557.918,7.53,130.72,12101,R20MZ_IA-2_FZ_50_filtered
25,12,0,-49.54,6.043,384.78,-0.64,-116.75,5458,R20MZ_FZ_50_filtered
25,12,0,-49.53,6.124,381.56,3.9,-121.91,5137,R20MZ_FZ_50_filtered
25,12,2,-49.52,10.213,552.728,16.1,-129.93,11582,R20MZ_IA-2_FZ_50_filtered
25,12,0,-49.51,1.005,380.28,2.13,-52.71,5009,R20MZ_FZ_50_filtered
25,12,0,-49.51,2.862,380.75,6.3,-94.43,5056,R20MZ_FZ_50_filtered
25,12,0,-49.51,0.214,386.24,0.67,-13.15,5604,R20MZ_FZ_50_filtered
25,12,4,-49.47,-0.149,724.324,16.14,8.12,18069,R20MZ_IA-4_FZ_50_filtered
25,12,4,-49.44,3.283,723.464,19.68,-86.21,17983,R20MZ_IA-4_FZ_50_filtered
25,12,4,-49.43,-3.395,729.664,12.61,93.13,18602,R20MZ_IA-4_FZ_50_filtered
25,12,0,-49.42,-9.204,390.21,-6.63,124.59,6000,R20MZ_FZ_50_filtered
25,12,2,-49.41,-3.482,560.648,2.6,101.13,12373,R20MZ_IA-2_FZ_50_filtered
25,12,4,-49.41,-2.548,729.874,12.7,79.47,18623,R20MZ_IA-4_FZ_50_filtered
25,12,0,-49.4,1.832,380.49,0.93,-76.48,5030,R20MZ_FZ_50_filtered
25,12,0,-49.35,7.518,381.91,3.66,-125.95,5172,R20MZ_FZ_50_filtered
25,12,4,-49.35,-0.829,730.314,17.44,34.83,18667,R20MZ_IA-4_FZ_50_filtered
25,12,0,-49.32,2.284,380.6,4.88,-84.53,5041,R20MZ_FZ_50_filtered
25,12,0,-49.3,10.803,382.73,2.9,-130.78,5254,R20MZ_FZ_50_filtered
25,12,0,-49.28,-0.774,386.49,-2.92,42.34,5629,R20MZ_FZ_50_filtered
25,12,0,-49.27,8.92,382.26,3.68,-128.92,5207,R20MZ_FZ_50_filtered
25,12,0,-49.27,-9.606,388.69,-3.21,123.3,5849,R20MZ_FZ_50_filtered
25,12,2,-49.26,11.306,552.448,15.26,-124.33,11554,R20MZ_IA-2_FZ_50_filtered
25,12,2,-49.25,-10.029,557.798,7.12,130.71,12089,R20MZ_IA-2_FZ_50_filtered
25,12,0,-49.24,5.115,385.01,0.3,-112.75,5481,R20MZ_FZ_50_filtered
25,12,4,-49.23,9.044,720.284,20.13,-118.59,17666,R20MZ_IA-4_FZ_50_filtered
25,12,0,-49.22,3.049,385.53,2.36,-94.89,5533,R20MZ_FZ_50_filtered
25,12,0,-49.21,5.436,381.39,2.63,-112.88,5120,R20MZ_FZ_50_filtered
25,12,0,-49.21,1.922,385.81,3.45,-73.66,5561,R20MZ_FZ_50_filtered
25,12,0,-49.2,-0.991,392.28,-2.87,45.79,6207,R20MZ_FZ_50_filtered
25,12,4,-49.2,5.103,719.294,19.13,-102.04,17567,R20MZ_IA-4_FZ_50_filtered
25,12,4,-49.2,9.172,721.994,19.19,-119.92,17836,R20MZ_IA-4_FZ_50_filtered
25,12,0,-49.18,-1.98,386.79,-6.92,85.13,5659,R20MZ_FZ_50_filtered
25,12,4,-49.18,3.714,723.354,22.37,-91.8,17972,R20MZ_IA-4_FZ_50_filtered
25,12,0,-49.16,-5.523,391.14,-1.54,118.04,6093,R20MZ_FZ_50_filtered
25,12,0,-49.15,8.155,384.25,3.26,-127.77,5405,R20MZ_FZ_50_filtered
25,12,4,-49.14,5.527,719.404,21.63,-104.4,17578,R20MZ_IA-4_FZ_50_filtered
25,12,0,-49.13,4.521,381.16,0.75,-107.49,5097,R20MZ_FZ_50_filtered
25,12,0,-49.11,1.875,380.5,2.11,-78.14,5031,R20MZ_FZ_50_filtered
25,12,0,-49.11,-6.153,387.83,-5.02,124.37,5763,R20MZ_FZ_50_filtered
25,12,2,-49.09,9.402,551.379,9.54,-120.76,11448,R20MZ_IA-2_FZ_50_filtered
25,12,0,-49.04,10.211,383.73,5.62,-124.55,5353,R20MZ_FZ_50_filtered
25,12,2,-49.04,-4.735,560.338,7.7,115.06,12342,R20MZ_IA-2_FZ_50_filtered
25,12,0,-49.03,-2.74,386.97,-1.05,99.91,5677,R20MZ_FZ_50_filtered
25,12,0,-49.01,-8.681,388.46,-3.42,122.2,5826,R20MZ_FZ_50_filtered
25,12,2,-49.01,4.675,554.118,13.56,-108.69,11721,R20MZ_IA-2_FZ_50_filtered
25,12,0,-49,-7.759,388.23,-3.6,121.43,5803,R20MZ_FZ_50_filtered
25,12,0,-48.98,3.151,380.82,5.47,-95.65,5063,R20MZ_FZ_50_filtered
25,12,2,-48.98,-8.16,557.328,6.32,128.87,12042,R20MZ_IA-2_FZ_50_filtered
25,12,2,-48.97,0.478,555.168,9.92,-24.9,11826,R20MZ_IA-2_FZ_50_filtered
25,12,0,-48.96,5.831,384.83,1.76,-119.85,5463,R20MZ_FZ_50_filtered
25,12,0,-48.93,12.073,383.26,-10.14,-125.44,5306,R20MZ_FZ_50_filtered
25,12,0,-48.93,-9.882,388.76,-0.96,127.18,5856,R20MZ_FZ_50_filtered
25,12,0,-48.93,-0.473,392.4,-2.01,23.92,6219,R20MZ_FZ_50_filtered
25,12,0,-48.92,0.933,380.26,-1.32,-49.51,5007,R20MZ_FZ_50_filtered
25,12,-0,-48.92,0.684,386.12,-0.81,-36.41,5592,R20MZ_FZ_50_filtered
25,12,0,-48.91,-3.645,387.2,-2.2,111.24,5700,R20MZ_FZ_50_filtered
25,12,0,-48.9,-11.476,389.16,-3.13,122.54,5896,R20MZ_FZ_50_filtered
25,12,4,-48.9,11.097,720.794,18.24,-117.91,17717,R20MZ_IA-4_FZ_50_filtered
25,12,0,-48.83,-4.809,391.32,-3.71,115.54,6111,R20MZ_FZ_50_filtered
25,12,0,-48.82,-10.865,389.81,5.11,127.78,5960,R20MZ_FZ_50_filtered
25,12,0,-48.82,-2.777,391.83,-4.71,91.25,6162,R20MZ_FZ_50_filtered
25,12,0,-48.81,9.532,383.9,3.28,-128.24,5370,R20MZ_FZ_50_filtered
25,12,4,-48.81,8.684,720.194,19.05,-114.21,17657,R20MZ_IA-4_FZ_50_filtered
25,12,0,-48.8,-7.105,390.74,-5.01,124.82,6053,R20MZ_FZ_50_filtered
25,12,0,-48.78,8.351,384.2,3.58,-120.33,5400,R20MZ_FZ_50_filtered
25,12,0,-48.77,-3.36,387.13,-6.47,108.12,5693,R20MZ_FZ_50_filtered
25,12,0,-48.76,2.71,380.71,1.02,-90.26,5052,R20MZ_FZ_50_filtered
25,12,4,-48.75,1.449,723.924,17.55,-49.72,18029,R20MZ_IA-4_FZ_50_filtered
25,12,-0,-48.73,-7.618,390.62,1.87,125.52,6041,R20MZ_FZ_50_filtered
25,12,2,-48.72,1.19,554.988,12.38,-50.02,11808,R20MZ_IA-2_FZ_50_filtered
25,12,4,-48.69,12.128,721.174,26,-120.63,17754,R20MZ_IA-4_FZ_50_filtered
25,12,0,-48.67,3.794,380.98,4.28,-105,5079,R20MZ_FZ_50_filtered
25,12,0,-48.67,10.318,382.61,3.52,-129.31,5242,R20MZ_FZ_50_filtered
25,12,0,-48.66,-8.533,390.39,4.63,126.42,6018,R20MZ_FZ_50_filtered
25,12,0,-48.65,-11.75,389.23,2.69,127.82,5903,R20MZ_FZ_50_filtered
25,12,2,-48.64,10.351,551.619,9.18,-120.93,11472,R20MZ_IA-2_FZ_50_filtered
25,12,0,-48.63,-5.275,391.2,-3.9,119.12,6099,R20MZ_FZ_50_filtered
25,12,2,-48.62,-8.44,559.408,9.89,128.55,12249,R20MZ_IA-2_FZ_50_filtered
25,12,0,-48.59,-2.862,387.01,-3.18,101.62,5681,R20MZ_FZ_50_filtered
25,12,2,-48.58,0.32,555.208,9.9,-17.3,11830,R20MZ_IA-2_FZ_50_filtered
25,12,4,-48.57,4.647,719.184,21.86,-99.6,17556,R20MZ_IA-4_FZ_50_filtered
25,12,0,-48.53,-11.504,389.63,-4.15,122.4,5942,R20MZ_FZ_50_filtered
25,12,0,-48.52,8.623,384.13,2.26,-126.08,5393,R20MZ_FZ_50_filtered
25,12,0,-48.52,-4.375,391.43,-4.18,112.94,6122,R20MZ_FZ_50_filtered
25,12,2,-48.46,-10.794,558.828,15.11,129.01,12191,R20MZ_IA-2_FZ_50_filtered
25,12,2,-48.43,-10.249,558.948,2.51,128.86,12203,R20MZ_IA-2_FZ_50_filtered
25,12,0,-48.42,0.973,380.27,0.38,-50.69,5008,R20MZ_FZ_50_filtered
25,12,0,-48.41,9.164,382.32,0.69,-120.84,5213,R20MZ_FZ_50_filtered
25,12,-0,-48.41,1.66,385.88,-0.38,-66.49,5568,R20MZ_FZ_50_filtered
25,12,0,-48.41,-1.803,386.74,-1.91,81.02,5654,R20MZ_FZ_50_filtered
25,12,0,-48.41,-7.073,388.06,-4.09,124.99,5786,R20MZ_FZ_50_filtered
25,12,0,-48.41,-4.127,391.49,-6.44,108.73,6128,R20MZ_FZ_50_filtered
25,12,0,-48.38,-4.568,387.43,-4.32,116.5,5723,R20MZ_FZ_50_filtered
25,12,0,-48.36,4.719,381.21,5.28,-114.12,5102,R20MZ_FZ_50_filtered
25,12,-0,-48.34,-11.825,389.28,10.47,121.32,5908,R20MZ_FZ_50_filtered
25,12,2,-48.34,9.414,552.928,13.16,-121.72,11602,R20MZ_IA-2_FZ_50_filtered
25,12,-0,-48.33,-10.795,388.99,-1.25,126.28,5879,R20MZ_FZ_50_filtered
25,12,2,-48.33,-4.278,560.448,3.41,110.71,12353,R20MZ_IA-2_FZ_50_filtered
25,12,0,-48.32,-10.078,388.81,-3.25,120.84,5861,R20MZ_FZ_50_filtered
25,12,0,-48.31,3.275,385.47,1.1,-95.65,5527,R20MZ_FZ_50_filtered
25,12,0,-48.31,2.343,385.7,0.66,-81.59,5550,R20MZ_FZ_50_filtered
25,12,0,-48.31,-8.907,388.52,-2.45,124.72,5832,R20MZ_FZ_50_filtered
25,12,0,-48.3,-11.063,389.75,-9.47,121.5,5954,R20MZ_FZ_50_filtered
25,12,0,-48.3,-6.198,390.97,-3.35,122.85,6076,R20MZ_FZ_50_filtered
25,12,0,-48.28,-10.608,389.87,3.08,120.22,5966,R20MZ_FZ_50_filtered
25,12,0,-48.25,-5.485,387.66,-4.2,116.95,5746,R20MZ_FZ_50_filtered
25,12,0,-48.25,-9.694,390.1,2.63,123.16,5989,R20MZ_FZ_50_filtered
25,12,0,-48.23,11.39,383.43,10.59,-131.43,5323,R20MZ_FZ_50_filtered
25,12,0,-48.22,-7.996,388.29,-3.18,125.51,5809,R20MZ_FZ_50_filtered
25,12,0,-48.18,-5.951,391.03,-7.95,118.22,6082,R20MZ_FZ_50_filtered
25,12,0,-48.18,-1.561,392.13,-2.97,64.54,6192,R20MZ_FZ_50_filtered
25,12,0,-48.17,6.85,381.74,0.96,-115.99,5155,R20MZ_FZ_50_filtered
25,12,2,-48.17,-11.396,558.138,7.29,127.91,12123,R20MZ_IA-2_FZ_50_filtered
25,12,0,-48.16,-6.872,390.8,-8.15,119.93,6059,R20MZ_FZ_50_filtered
25,12,2,-48.16,-10.364,557.878,5.8,126.2,12097,R20MZ_IA-2_FZ_50_filtered
25,12,0,-48.14,5.645,381.44,5.15,-118.48,5125,R20MZ_FZ_50_filtered
25,12,0,-48.14,-5.18,387.59,-5.6,121.6,5739,R20MZ_FZ_50_filtered
25,12,0,-48.14,-5.035,391.26,-6.76,115.08,6105,R20MZ_FZ_50_filtered
25,12,2,-48.14,5.28,550.349,9.65,-106.81,11345,R20MZ_IA-2_FZ_50_filtered
25,12,2,-48.13,4.849,550.239,12.61,-104.18,11334,R20MZ_IA-2_FZ_50_filtered
25,12,0,-48.1,-0.253,386.35,-2.58,11.65,5615,R20MZ_FZ_50_filtered
25,12,2,-48.1,-11.8,558.258,21.44,128.65,12135,R20MZ_IA-2_FZ_50_filtered
25,12,0,-48.09,-9.909,390.04,-5.13,125.63,5983,R20MZ_FZ_50_filtered
25,12,0,-48.09,-3.198,391.72,-6.32,97.11,6151,R20MZ_FZ_50_filtered
25,12,0,-48.08,9.855,382.49,3,-127.64,5230,R20MZ_FZ_50_filtered
25,12,0,-48.08,-6.683,390.85,-1.53,123.02,6064,R20MZ_FZ_50_filtered
25,12,2,-48.06,11.515,551.909,10.83,-124.22,11501,R20MZ_IA-2_FZ_50_filtered
25,12,0,-48.03,11.918,383.31,-21.33,-130.68,5311,R20MZ_FZ_50_filtered
25,12,0,-48.01,-1.095,386.57,-8.19,56.8,5637,R20MZ_FZ_50_filtered
25,12,4,-47.99,11.694,720.944,19.39,-119.38,17732,R20MZ_IA-4_FZ_50_filtered
25,12,0,-47.96,-9.64,388.7,-3.75,120.22,5850,R20MZ_FZ_50_filtered
25,12,0,-47.94,7.88,384.32,-2.77,-117.34,5412,R20MZ_FZ_50_filtered
25,12,0,-47.94,7.717,384.36,2.03,-124.04,5416,R20MZ_FZ_50_filtered
25,12,-0,-47.94,4,385.29,1.05,-104.94,5509,R20MZ_FZ_50_filtered
25,12,0,-47.94,-10.558,388.93,-2.77,121.48,5873,R20MZ_FZ_50_filtered
25,12,0,-47.92,2.617,385.64,3.01,-85.94,5544,R20MZ_FZ_50_filtered
25,12,2,-47.89,-3.449,560.658,2.7,99.38,12374,R20MZ_IA-2_FZ_50_filtered
25,12,0,-47.88,-6.394,387.89,-5.84,118.96,5769,R20MZ_FZ_50_filtered
25,12,0,-47.87,-3.44,391.66,-3.02,102.38,6145,R20MZ_FZ_50_filtered
25,12,0,-47.87,-2.528,391.89,-3.56,85.77,6168,R20MZ_FZ_50_filtered
25,12,0,-47.86,-7.313,388.12,-4.96,119.92,5792,R20MZ_FZ_50_filtered
25,12,2,-47.86,-11.766,558.238,13.21,125.89,12133,R20MZ_IA-2_FZ_50_filtered
25,12,0,-47.84,5.935,381.51,0.5,-112.14,5132,R20MZ_FZ_50_filtered
25,12,0,-47.82,-0.813,386.5,-4.04,43.48,5630,R20MZ_FZ_50_filtered
25,12,0,-47.81,-4.229,387.35,-6.93,115.07,5715,R20MZ_FZ_50_filtered
25,12,2,-47.8,7.583,553.388,10.97,-115.82,11648,R20MZ_IA-2_FZ_50_filtered
25,12,0,-47.79,-1.322,386.62,-8.5,64.41,5642,R20MZ_FZ_50_filtered
25,12,0,-47.76,3.712,385.36,2.68,-100.03,5516,R20MZ_FZ_50_filtered
25,12,-0,-47.76,-3.311,387.12,-7.43,106.62,5692,R20MZ_FZ_50_filtered
25,12,2,-47.74,-11.199,558.708,-3.98,127.75,12179,R20MZ_IA-2_FZ_50_filtered
25,12,0,-47.73,6.559,381.67,4.09,-120.82,5148,R20MZ_FZ_50_filtered
25,12,0,-47.73,-9.183,390.22,-7.4,121.36,6001,R20MZ_FZ_50_filtered
25,12,4,-47.72,-1.19,730.214,14.93,46.26,18657,R20MZ_IA-4_FZ_50_filtered
25,12,0,-47.71,-2.263,386.86,-10.11,90.17,5666,R20MZ_FZ_50_filtered
25,12,0,-47.7,11.709,382.96,1.47,-128.23,5277,R20MZ_FZ_50_filtered
25,12,0,-47.69,6.458,384.67,2.19,-115.04,5447,R20MZ_FZ_50_filtered
25,12,0,-47.67,10.496,383.66,2.68,-127.02,5346,R20MZ_FZ_50_filtered
25,12,0,-47.66,7.962,382.02,3.37,-124.06,5183,R20MZ_FZ_50_filtered
25,12,0,-47.62,-7.025,388.05,-3.45,122.38,5785,R20MZ_FZ_50_filtered
25,12,0,-47.6,0.99,386.04,3.71,-47.56,5584,R20MZ_FZ_50_filtered
25,12,0,-47.59,5.538,384.9,2.2,-112.23,5470,R20MZ_FZ_50_filtered
25,12,2,-47.59,4.791,554.088,10.92,-104.98,11718,R20MZ_IA-2_FZ_50_filtered
25,12,2,-47.57,6.193,550.579,10.47,-111.03,11368,R20MZ_IA-2_FZ_50_filtered
25,12,0,-47.55,11.046,382.79,0.04,-121.71,5260,R20MZ_FZ_50_filtered
25,12,0,-47.54,8.443,382.14,3.11,-125.5,5195,R20MZ_FZ_50_filtered
25,12,0,-47.54,-4.142,387.33,-7.52,113.22,5713,R20MZ_FZ_50_filtered
25,12,0,-47.53,5.393,384.94,4.92,-114.43,5474,R20MZ_FZ_50_filtered
25,12,0,-47.49,2.823,380.74,4.18,-91.31,5055,R20MZ_FZ_50_filtered
25,12,0,-47.42,9.253,383.97,3.76,-120.46,5377,R20MZ_FZ_50_filtered
25,12,0,-47.42,-6.122,387.82,-4.97,122.43,5762,R20MZ_FZ_50_filtered
25,12,2,-47.41,4.703,554.108,12.6,-107.02,11720,R20MZ_IA-2_FZ_50_filtered
25,12,2,-47.41,1.147,554.998,13,-47.9,11809,R20MZ_IA-2_FZ_50_filtered
25,12,0,-47.38,-7.79,390.57,-6.58,120.39,6036,R20MZ_FZ_50_filtered
25,12,0,-47.35,8.883,382.25,2.74,-124.96,5206,R20MZ_FZ_50_filtered
25,12,0,-47.35,9.361,382.37,3.06,-125.9,5218,R20MZ_FZ_50_filtered
25,12,0,-47.35,-12.102,389.34,11.62,126.12,5913,R20MZ_FZ_50_filtered
25,12,0,-47.33,6.8,384.59,0.98,-119.83,5439,R20MZ_FZ_50_filtered
25,12,0,-47.33,-9.849,388.75,-1.26,125.03,5855,R20MZ_FZ_50_filtered
25,12,-0,-47.32,-4.604,387.44,-3.35,114.84,5724,R20MZ_FZ_50_filtered
25,12,0,-47.3,-10.377,389.92,-1.57,125.65,5971,R20MZ_FZ_50_filtered
25,12,0,-47.3,-3.646,391.61,-3.28,101.93,6140,R20MZ_FZ_50_filtered
25,12,2,-47.3,3.435,554.428,11.85,-91.82,11752,R20MZ_IA-2_FZ_50_filtered
25,12,4,-47.3,-0.977,730.274,17.55,40.31,18663,R20MZ_IA-4_FZ_50_filtered
25,12,0,-47.29,-12.044,389.4,-8.62,120.66,5919,R20MZ_FZ_50_filtered
25,12,0,-47.27,12.128,383.19,9.37,-129.51,5299,R20MZ_FZ_50_filtered
25,12,2,-47.26,4.393,550.129,9.02,-101.42,11323,R20MZ_IA-2_FZ_50_filtered
25,12,2,-47.26,-3.412,560.668,3.19,98.9,12375,R20MZ_IA-2_FZ_50_filtered
25,12,0,-47.25,4.056,381.05,5.57,-101.88,5086,R20MZ_FZ_50_filtered
25,12,0,-47.25,-3.691,387.21,-1.63,110.43,5701,R20MZ_FZ_50_filtered
25,12,0,-47.24,9.581,383.89,2.06,-123.73,5369,R20MZ_FZ_50_filtered
25,12,0,-47.24,-2.769,386.98,-1.4,99.32,5678,R20MZ_FZ_50_filtered
25,12,4,-47.24,-1.419,730.154,16.18,53.04,18651,R20MZ_IA-4_FZ_50_filtered
25,12,0,-47.22,8.186,384.24,2.92,-122.67,5404,R20MZ_FZ_50_filtered
25,12,0,-47.21,-3.222,387.1,-8.84,104.51,5690,R20MZ_FZ_50_filtered
25,12,0,-47.21,-12.012,389.52,10.47,121.29,5931,R20MZ_FZ_50_filtered
25,12,0,-47.2,11.243,382.84,2.86,-128.54,5265,R20MZ_FZ_50_filtered
25,12,-0,-47.2,-8.439,388.4,-1.2,124.44,5820,R20MZ_FZ_50_filtered
25,12,0,-47.16,-1.948,386.78,-5.5,83.96,5658,R20MZ_FZ_50_filtered
25,12,-0,-47.14,-10.072,389.99,-11.04,120.28,5978,R20MZ_FZ_50_filtered
25,12,0,-47.13,6.091,381.55,3.19,-117.37,5136,R20MZ_FZ_50_filtered
25,12,0,-47.13,8.229,382.09,1.25,-116.74,5190,R20MZ_FZ_50_filtered
25,12,0,-47.13,-6.239,390.96,-3.04,120.66,6075,R20MZ_FZ_50_filtered
25,12,0,-47.11,4.235,381.09,4.93,-107.17,5090,R20MZ_FZ_50_filtered
25,12,0,-47.07,5.007,381.28,1.9,-106.84,5109,R20MZ_FZ_50_filtered
25,12,0,-47.03,-5.153,387.58,-5.82,118.83,5738,R20MZ_FZ_50_filtered
25,12,0,-47.01,-7.148,390.73,-4.07,122.72,6052,R20MZ_FZ_50_filtered
25,12,0,-47.01,-4.401,391.42,-3.66,110.93,6121,R20MZ_FZ_50_filtered
25,12,0,-46.98,7.483,381.9,3.35,-121.16,5171,R20MZ_FZ_50_filtered
25,12,0,-46.96,-9.482,390.15,3.07,123.13,5994,R20MZ_FZ_50_filtered
25,12,4,-46.93,7.887,719.994,20.01,-113.39,17637,R20MZ_IA-4_FZ_50_filtered
25,12,0,-46.92,-5.317,391.19,-3.32,117.06,6098,R20MZ_FZ_50_filtered
25,12,0,-46.88,-2.999,391.77,-3.29,94.62,6156,R20MZ_FZ_50_filtered
25,12,-0,-46.87,-8.06,390.5,-6.33,123.68,6029,R20MZ_FZ_50_filtered
25,12,0,-46.87,-2.094,392,-2.29,75.59,6179,R20MZ_FZ_50_filtered
25,12,0,-46.86,-4.186,387.34,-7.34,113.56,5714,R20MZ_FZ_50_filtered
25,12,0,-46.86,-11.71,389.22,1.04,125.64,5902,R20MZ_FZ_50_filtered
25,12,0,-46.84,5.874,384.82,0.53,-115.65,5462,R20MZ_FZ_50_filtered
25,12,0,-46.84,0.715,386.11,-0.04,-36.87,5591,R20MZ_FZ_50_filtered
25,12,0,-46.84,-3.275,387.11,-7.79,105.18,5691,R20MZ_FZ_50_filtered
25,12,0,-46.84,-4.643,387.45,-2.12,114.94,5725,R20MZ_FZ_50_filtered
25,12,0,-46.84,-8.582,390.38,4.04,123.93,6017,R20MZ_FZ_50_filtered
25,12,0,-46.83,-4.852,391.31,-3.8,114.02,6110,R20MZ_FZ_50_filtered
25,12,0,-46.82,7.373,384.44,2.8,-116.11,5424,R20MZ_FZ_50_filtered
25,12,0,-46.81,1.45,385.93,-1.99,-61.6,5573,R20MZ_FZ_50_filtered
25,12,0,-46.8,2.747,380.72,1.75,-88.86,5053,R20MZ_FZ_50_filtered
25,12,0,-46.8,-7.804,388.24,-3.5,118.71,5804,R20MZ_FZ_50_filtered
25,12,0,-46.77,-10.324,388.87,-1.59,125.28,5867,R20MZ_FZ_50_filtered
25,12,0,-46.75,0.091,386.27,-1.25,-7.88,5607,R20MZ_FZ_50_filtered
25,12,0,-46.74,-8.708,388.47,-3.37,119.76,5827,R20MZ_FZ_50_filtered
25,12,2,-46.73,-0.832,555.508,6.14,44.7,11860,R20MZ_IA-2_FZ_50_filtered
25,12,0,-46.7,7.316,381.86,1.12,-114.4,5167,R20MZ_FZ_50_filtered
25,12,0,-46.69,-3.728,387.22,-0.67,110.43,5702,R20MZ_FZ_50_filtered
25,12,0,-46.69,-7.942,388.28,-3.37,122.86,5808,R20MZ_FZ_50_filtered
25,12,0,-46.69,-11.026,389.76,-7.13,119.29,5955,R20MZ_FZ_50_filtered
25,12,2,-46.65,12.113,552.239,7.73,-124.86,11533,R20MZ_IA-2_FZ_50_filtered
25,12,0,-46.63,11.848,383.03,-9.99,-122.65,5284,R20MZ_FZ_50_filtered
25,12,0,-46.63,-11.509,389.17,-3.22,119.63,5897,R20MZ_FZ_50_filtered
25,12,0,-46.62,2.776,380.73,2.66,-89.29,5054,R20MZ_FZ_50_filtered
25,12,0,-46.61,-9.013,390.26,-6.9,121.92,6005,R20MZ_FZ_50_filtered
25,12,2,-46.58,11.369,551.869,8.6,-120.82,11497,R20MZ_IA-2_FZ_50_filtered
25,12,0,-46.57,-11.462,389.64,-7.5,119.76,5943,R20MZ_FZ_50_filtered
25,12,0,-46.53,-1.909,386.77,-5.06,82.84,5657,R20MZ_FZ_50_filtered
25,12,0,-46.52,-8.736,390.34,-1.8,120.41,6013,R20MZ_FZ_50_filtered
25,12,0,-46.51,-0.958,392.29,-2.86,43.43,6208,R20MZ_FZ_50_filtered
25,12,2,-46.51,2.485,554.668,9.62,-78.01,11776,R20MZ_IA-2_FZ_50_filtered
25,12,0,-46.5,8.663,384.12,1.4,-121.07,5392,R20MZ_FZ_50_filtered
25,12,0,-46.49,3.552,385.4,4.93,-97.52,5520,R20MZ_FZ_50_filtered
25,12,0,-46.48,-4.078,391.5,-6.37,106.32,6129,R20MZ_FZ_50_filtered
25,12,0,-46.47,7.269,384.47,3.56,-120.04,5427,R20MZ_FZ_50_filtered
25,12,0,-46.47,-9.355,388.63,-1.57,123.18,5843,R20MZ_FZ_50_filtered
25,12,0,-46.47,-5.914,391.04,-7.09,115.93,6083,R20MZ_FZ_50_filtered
25,12,0,-46.46,-10.742,388.98,-1.25,124.09,5878,R20MZ_FZ_50_filtered
25,12,0,-46.46,-10.903,389.8,2.74,124.86,5959,R20MZ_FZ_50_filtered
25,12,0,-46.45,4.472,385.17,5.01,-107.77,5497,R20MZ_FZ_50_filtered
25,12,0,-46.45,-9.661,390.11,3.92,120.86,5990,R20MZ_FZ_50_filtered
25,12,0,-46.43,5.071,385.02,-0.36,-107.87,5482,R20MZ_FZ_50_filtered
25,12,0,-46.42,-3.486,391.65,-2.85,101.27,6144,R20MZ_FZ_50_filtered
25,12,0,-46.42,-2.712,391.84,-4.7,89.07,6163,R20MZ_FZ_50_filtered
25,12,0,-46.4,-1.855,386.75,-3.35,81.46,5655,R20MZ_FZ_50_filtered
25,12,0,-46.38,10.181,383.74,4.32,-119.72,5354,R20MZ_FZ_50_filtered
25,12,4,-46.38,0.106,724.264,19.07,-3.72,18063,R20MZ_IA-4_FZ_50_filtered
25,12,-0,-46.37,8.305,384.21,3.32,-116.08,5401,R20MZ_FZ_50_filtered
25,12,4,-46.37,8.921,720.254,21,-117.62,17663,R20MZ_IA-4_FZ_50_filtered
25,12,0,-46.36,3.237,385.48,0.15,-91.61,5528,R20MZ_FZ_50_filtered
25,12,0,-46.36,-5.098,387.57,-6.13,116.8,5737,R20MZ_FZ_50_filtered
25,12,-0,-46.36,-6.433,387.9,-4.89,117.8,5770,R20MZ_FZ_50_filtered
25,12,0,-46.34,-0.198,386.34,-2.42,9.45,5614,R20MZ_FZ_50_filtered
25,12,0,-46.34,-5.526,387.67,-3.07,115.58,5747,R20MZ_FZ_50_filtered
25,12,0,-46.31,-2.296,386.87,-9.12,90.64,5667,R20MZ_FZ_50_filtered
25,12,0,-46.3,6.393,381.63,1.89,-112.12,5144,R20MZ_FZ_50_filtered
25,12,0,-46.29,6.996,381.78,3.06,-119.23,5159,R20MZ_FZ_50_filtered
25,12,0,-46.29,12.048,383.27,-12.42,-120.47,5307,R20MZ_FZ_50_filtered
25,12,0,-46.28,-1.596,392.12,-3.14,64.38,6191,R20MZ_FZ_50_filtered
25,12,0,-46.26,-7.484,388.16,-1.34,121.96,5796,R20MZ_FZ_50_filtered
25,12,0,-46.25,-2.356,386.88,-7.62,91.22,5668,R20MZ_FZ_50_filtered
25,12,0,-46.24,4.159,385.25,-1.14,-102.6,5505,R20MZ_FZ_50_filtered
25,12,0,-46.23,10.113,382.56,0.7,-119.06,5237,R20MZ_FZ_50_filtered
25,12,0,-46.2,5.591,381.43,4.98,-113.5,5124,R20MZ_FZ_50_filtered
25,12,2,-46.18,10.875,551.749,7.9,-119.47,11485,R20MZ_IA-2_FZ_50_filtered
25,12,0,-46.15,3.758,380.97,3,-100.15,5078,R20MZ_FZ_50_filtered
25,12,0,-46.15,-9.935,390.03,-6.01,123.49,5982,R20MZ_FZ_50_filtered
25,12,0,-46.14,-11.831,389.29,11.64,118.97,5909,R20MZ_FZ_50_filtered
25,12,0,-46.13,7.756,384.35,0.96,-119.38,5415,R20MZ_FZ_50_filtered
25,12,0,-46.12,-10.596,388.94,-2.98,119.49,5874,R20MZ_FZ_50_filtered
25,12,-0,-46.11,3.203,380.83,4.84,-92.83,5064,R20MZ_FZ_50_filtered
25,12,0,-46.1,-11.883,389.56,30.01,123.44,5935,R20MZ_FZ_50_filtered
25,12,0,-46.08,11.424,383.42,10.42,-127.01,5322,R20MZ_FZ_50_filtered
25,12,0,-46.05,-8.099,390.49,-6.32,121.5,6028,R20MZ_FZ_50_filtered
25,12,4,-46.04,7.44,719.884,20.25,-112.03,17626,R20MZ_IA-4_FZ_50_filtered
25,12,0,-46.02,-6.836,390.81,-7.08,118.25,6060,R20MZ_FZ_50_filtered
25,12,0,-45.98,-8.287,388.36,-3.54,118.72,5816,R20MZ_FZ_50_filtered
25,12,0,-45.97,9.808,382.48,2.29,-123.24,5229,R20MZ_FZ_50_filtered
25,12,0,-45.97,1.696,385.87,-0.08,-65.59,5567,R20MZ_FZ_50_filtered
25,12,0,-45.97,-11.304,389.68,-11.33,122.4,5947,R20MZ_FZ_50_filtered
25,12,0,-45.96,-11.994,389.53,15.5,119.6,5932,R20MZ_FZ_50_filtered
25,12,0,-45.93,2.645,385.63,2.72,-84.49,5543,R20MZ_FZ_50_filtered
25,12,0,-45.93,-7.186,390.72,-3.66,120.57,6051,R20MZ_FZ_50_filtered
25,12,-0,-45.92,8.405,382.13,2.73,-120.44,5194,R20MZ_FZ_50_filtered
25,12,0,-45.92,-6.99,388.04,-3.28,119.6,5784,R20MZ_FZ_50_filtered
25,12,0,-45.92,-10.562,389.88,2.34,118.53,5967,R20MZ_FZ_50_filtered
25,12,4,-45.92,-1.12,730.234,15.47,43.34,18659,R20MZ_IA-4_FZ_50_filtered
25,12,0,-45.91,-6.766,390.83,-4.21,118.87,6062,R20MZ_FZ_50_filtered
25,12,4,-45.91,-1.474,730.144,15.9,53.74,18650,R20MZ_IA-4_FZ_50_filtered
25,12,0,-45.88,7.912,382.01,2.87,-119.22,5182,R20MZ_FZ_50_filtered
25,12,0,-45.88,6.339,384.7,4.14,-115.47,5450,R20MZ_FZ_50_filtered
25,12,0,-45.86,-12.037,389.41,-11.38,118.71,5920,R20MZ_FZ_50_filtered
25,12,0,-45.83,6.432,384.68,3.16,-112.24,5448,R20MZ_FZ_50_filtered
25,12,0,-45.82,-1.792,392.07,-5.01,69.23,6186,R20MZ_FZ_50_filtered
25,12,0,-45.8,-9.13,390.23,-7.64,119.65,6002,R20MZ_FZ_50_filtered
25,12,0,-45.79,-10.122,388.82,-3.07,118.51,5862,R20MZ_FZ_50_filtered
25,12,0,-45.78,-7.915,388.27,-3.72,120.58,5807,R20MZ_FZ_50_filtered
25,12,0,-45.77,-8.383,388.39,-1.63,121.9,5819,R20MZ_FZ_50_filtered
25,12,0,-45.76,-7.35,388.13,-4.15,118.23,5793,R20MZ_FZ_50_filtered
25,12,0,-45.75,7.805,381.98,1.15,-113.98,5179,R20MZ_FZ_50_filtered
25,12,0,-45.75,-5.003,391.27,-6.41,113.08,6106,R20MZ_FZ_50_filtered
25,12,0,-45.74,-5.615,387.69,-1.88,118.23,5749,R20MZ_FZ_50_filtered
25,12,-0,-45.73,-1.871,386.76,-3.94,81.98,5656,R20MZ_FZ_50_filtered
25,12,0,-45.71,-11.07,389.06,-3.32,119.03,5886,R20MZ_FZ_50_filtered
25,12,0,-45.71,-8.703,390.35,0.16,119.02,6014,R20MZ_FZ_50_filtered
25,12,0,-45.69,3.279,380.85,3.69,-94.1,5066,R20MZ_FZ_50_filtered
25,12,0,-45.69,6.887,381.75,1.3,-112.42,5156,R20MZ_FZ_50_filtered
25,12,0,-45.65,-10.287,388.86,-1.98,122.88,5866,R20MZ_FZ_50_filtered
25,12,0,-45.65,-2.578,391.88,-3.71,85.52,6167,R20MZ_FZ_50_filtered
25,12,0,-45.64,-6.273,390.95,-2.31,118.84,6074,R20MZ_FZ_50_filtered
25,12,0,-45.63,2.296,385.71,1.19,-78.27,5551,R20MZ_FZ_50_filtered
25,12,0,-45.63,0.522,386.16,-2.32,-29.27,5596,R20MZ_FZ_50_filtered
25,12,0,-45.63,-6.473,387.91,-3.53,117.9,5771,R20MZ_FZ_50_filtered
25,12,0,-45.63,-4.455,391.41,-3.23,109.7,6120,R20MZ_FZ_50_filtered
25,12,0,-45.61,-10.241,388.85,-2.67,120.42,5865,R20MZ_FZ_50_filtered
25,12,-0,-45.6,-10.055,390,-10.3,119.67,5979,R20MZ_FZ_50_filtered
25,12,0,-45.59,-1.043,386.56,-7.18,55.28,5636,R20MZ_FZ_50_filtered
25,12,0,-45.59,-8.323,388.37,-2.88,118.54,5817,R20MZ_FZ_50_filtered
25,12,0,-45.58,5.433,384.93,4.61,-110.66,5473,R20MZ_FZ_50_filtered
25,12,0,-45.56,3.241,380.84,4.13,-92.23,5065,R20MZ_FZ_50_filtered
25,12,0,-45.54,10.538,383.65,0.34,-122.32,5345,R20MZ_FZ_50_filtered
25,12,0,-45.53,-9.527,390.14,4.34,121.3,5993,R20MZ_FZ_50_filtered
25,12,2,-45.53,9.475,551.398,9.18,-116.66,11450,R20MZ_IA-2_FZ_50_filtered
25,12,0,-45.51,-7.274,390.7,-2.37,118.69,6049,R20MZ_FZ_50_filtered
25,12,0,-45.5,-3.158,391.73,-6.32,95.56,6152,R20MZ_FZ_50_filtered
25,12,0,-45.49,8.758,384.1,-2.12,-116.12,5390,R20MZ_FZ_50_filtered
25,12,0,-45.48,9.156,384,2.75,-120.13,5380,R20MZ_FZ_50_filtered
25,12,0,-45.48,-7.761,390.58,-4.6,119.45,6037,R20MZ_FZ_50_filtered
25,12,0,-45.47,-5.83,391.06,-5.02,116.39,6085,R20MZ_FZ_50_filtered
25,12,0,-45.47,-1.169,392.23,-2.15,51.39,6202,R20MZ_FZ_50_filtered
25,12,0,-45.44,-9.986,390.02,-7.02,121.66,5981,R20MZ_FZ_50_filtered
25,12,0,-45.43,-0.861,386.51,-5.45,45.06,5631,R20MZ_FZ_50_filtered
25,12,0,-45.41,6.046,381.54,3,-112.53,5135,R20MZ_FZ_50_filtered
25,12,0,-45.4,11.097,383.51,2.59,-117.97,5331,R20MZ_FZ_50_filtered
25,12,-0,-45.4,-7.399,388.14,-3.48,118.11,5794,R20MZ_FZ_50_filtered
25,12,-0,-45.39,9.196,382.33,0.84,-116.39,5214,R20MZ_FZ_50_filtered
25,12,0,-45.37,9.621,383.88,0.37,-119.98,5368,R20MZ_FZ_50_filtered
25,12,0,-45.37,-5.868,391.05,-6.09,115.43,6084,R20MZ_FZ_50_filtered
25,12,0,-45.34,4.594,385.14,3.45,-103.84,5494,R20MZ_FZ_50_filtered
25,12,0,-45.33,-4.88,391.3,-4.47,112.5,6109,R20MZ_FZ_50_filtered
25,12,0,-45.3,11.676,382.95,1.66,-124.24,5276,R20MZ_FZ_50_filtered
25,12,0,-45.3,-9.302,388.62,-1.87,120.84,5842,R20MZ_FZ_50_filtered
25,12,0,-45.3,-11.955,389.54,20.65,120.01,5933,R20MZ_FZ_50_filtered
25,12,0,-45.3,-4,391.52,-5.35,104.88,6131,R20MZ_FZ_50_filtered
25,12,0,-45.29,-11.559,389.18,-3.35,118.24,5898,R20MZ_FZ_50_filtered
25,12,0,-45.26,12.131,383.18,8.62,-124.52,5298,R20MZ_FZ_50_filtered
25,12,0,-45.26,-9.093,390.24,-7.29,118.83,6003,R20MZ_FZ_50_filtered
25,12,0,-45.25,4.106,381.06,5.55,-99.06,5087,R20MZ_FZ_50_filtered
25,12,0,-45.25,3.668,385.37,3.34,-96.27,5517,R20MZ_FZ_50_filtered
25,12,0,-45.19,-8.665,390.36,1.57,119.46,6015,R20MZ_FZ_50_filtered
25,12,0,-45.15,7.798,384.34,-0.45,-115.82,5414,R20MZ_FZ_50_filtered
25,12,0,-45.14,8.215,384.23,2.78,-117.95,5403,R20MZ_FZ_50_filtered
25,12,0,-45.14,-8.195,390.47,-5.69,118.27,6026,R20MZ_FZ_50_filtered
25,12,0,-45.14,-7.727,390.59,-2.7,119.8,6038,R20MZ_FZ_50_filtered
25,12,2,-45.14,8.646,551.189,10.12,-118.38,11429,R20MZ_IA-2_FZ_50_filtered
25,12,0,-45.13,2.767,385.6,2.31,-84.75,5540,R20MZ_FZ_50_filtered
25,12,0,-45.13,-3.052,391.76,-4.27,94.31,6155,R20MZ_FZ_50_filtered
25,12,0,-45.12,-6.79,390.82,-5.49,117.91,6061,R20MZ_FZ_50_filtered
25,12,0,-45.1,-5.566,387.68,-2.53,116.51,5748,R20MZ_FZ_50_filtered
25,12,0,-45.1,-2.256,391.96,-4.93,79.15,6175,R20MZ_FZ_50_filtered
25,12,0,-45.09,-10.712,388.97,-1.73,121.95,5877,R20MZ_FZ_50_filtered
25,12,0,-45.09,-11.921,389.55,26.39,121.48,5934,R20MZ_FZ_50_filtered
25,12,0,-45.06,8.26,384.22,2.94,-115.47,5402,R20MZ_FZ_50_filtered
25,12,0,-45.06,-7.445,388.15,-2.14,119.48,5795,R20MZ_FZ_50_filtered
25,12,0,-45.05,4.194,381.08,5.58,-102.31,5089,R20MZ_FZ_50_filtered
25,12,0,-45.04,-9.229,388.6,-2.92,117.91,5840,R20MZ_FZ_50_filtered
25,12,0,-45.04,-11.409,389.65,-10.96,117.77,5944,R20MZ_FZ_50_filtered
25,12,0,-45.02,10.726,382.71,2.07,-122.02,5252,R20MZ_FZ_50_filtered
25,12,0,-45.02,-9.05,390.25,-7.37,120.12,6004,R20MZ_FZ_50_filtered
25,12,0,-44.97,-10.008,390.01,-8.33,120.11,5980,R20MZ_FZ_50_filtered
25,12,0,-44.94,9.189,383.99,2.98,-117.33,5379,R20MZ_FZ_50_filtered
25,12,0,-44.93,-10.98,389.78,-3.57,119.65,5957,R20MZ_FZ_50_filtered
25,12,0,-44.9,-6.51,387.92,-2.63,119.3,5772,R20MZ_FZ_50_filtered
25,12,0,-44.89,-7.244,390.71,-3.27,118.87,6050,R20MZ_FZ_50_filtered
25,12,0,-44.88,6.394,384.69,3.66,-112.4,5449,R20MZ_FZ_50_filtered
25,12,0,-44.88,-4.038,391.51,-6.14,104.69,6130,R20MZ_FZ_50_filtered
25,12,0,-44.86,11.085,382.8,0.36,-117.53,5261,R20MZ_FZ_50_filtered
25,12,0,-44.85,-11.828,389.3,14,118.07,5910,R20MZ_FZ_50_filtered
25,12,0,-44.85,-5.409,391.17,-2.53,114.34,6096,R20MZ_FZ_50_filtered
25,12,0,-44.84,-11.102,389.07,-2.91,118.67,5887,R20MZ_FZ_50_filtered
25,12,0,-44.8,6.963,381.77,2.33,-114.69,5158,R20MZ_FZ_50_filtered
25,12,0,-44.79,8.837,382.24,2.3,-120,5205,R20MZ_FZ_50_filtered
25,12,0,-44.79,10.105,383.76,2.98,-118.88,5356,R20MZ_FZ_50_filtered
25,12,0,-44.79,8.722,384.11,-0.26,-117.38,5391,R20MZ_FZ_50_filtered
25,12,0,-44.79,-11.145,389.08,-2.22,119.65,5888,R20MZ_FZ_50_filtered
25,12,0,-44.78,12.127,383.16,5.02,-119.66,5296,R20MZ_FZ_50_filtered
25,12,0,-44.77,-12.035,389.42,-12.43,118.23,5921,R20MZ_FZ_50_filtered
25,12,0,-44.75,-10.21,388.84,-2.94,118.55,5864,R20MZ_FZ_50_filtered
25,12,0,-44.75,-10.639,388.95,-2.26,119.13,5875,R20MZ_FZ_50_filtered
25,12,0,-44.75,-8.132,390.48,-6.44,119.2,6027,R20MZ_FZ_50_filtered
25,12,0,-44.74,-12.118,389.32,17.47,121.12,5911,R20MZ_FZ_50_filtered
25,12,0,-44.73,6.005,381.53,2.07,-109.3,5134,R20MZ_FZ_50_filtered
25,12,0,-44.72,-0.917,392.3,-2.85,41.49,6209,R20MZ_FZ_50_filtered
25,12,0,-44.71,5.124,381.31,2.05,-108.39,5112,R20MZ_FZ_50_filtered
25,12,0,-44.69,5.466,384.92,3.82,-108.04,5472,R20MZ_FZ_50_filtered
25,12,0,-44.69,3.593,385.39,4.42,-95.18,5519,R20MZ_FZ_50_filtered
25,12,0,-44.64,4.545,385.15,4.04,-102.76,5495,R20MZ_FZ_50_filtered
25,12,0,-44.63,-9.286,388.61,-2.69,118.86,5841,R20MZ_FZ_50_filtered
25,12,0,-44.62,-2.124,391.99,-2.77,75.74,6178,R20MZ_FZ_50_filtered
25,12,0,-44.6,7.364,381.87,1.5,-112.22,5168,R20MZ_FZ_50_filtered
25,12,0,-44.59,11.445,383.41,8.58,-122.3,5321,R20MZ_FZ_50_filtered
25,12,0,-44.58,10.142,383.75,3.43,-117.96,5355,R20MZ_FZ_50_filtered
25,12,0,-44.58,-1.464,386.65,-3.53,69.1,5645,R20MZ_FZ_50_filtered
25,12,0,-44.57,10.583,383.64,-2.32,-119.22,5344,R20MZ_FZ_50_filtered
25,12,0,-44.57,9.657,383.87,-1.61,-117.47,5367,R20MZ_FZ_50_filtered
25,12,0,-44.55,-3.118,391.74,-5.84,94.69,6153,R20MZ_FZ_50_filtered
25,12,0,-44.54,-8.363,388.38,-2.42,119.6,5818,R20MZ_FZ_50_filtered
25,12,0,-44.52,8.271,382.1,1.26,-113.32,5191,R20MZ_FZ_50_filtered
25,12,0,-44.5,4.129,385.26,-1.48,-99.79,5506,R20MZ_FZ_50_filtered
25,12,0,-44.5,0.762,386.1,0.7,-37.68,5590,R20MZ_FZ_50_filtered
25,12,-0,-44.48,0.954,386.05,2.35,-45.04,5585,R20MZ_FZ_50_filtered
25,12,0,-44.48,-1.411,386.64,-5.67,67.48,5644,R20MZ_FZ_50_filtered
25,12,-0,-44.45,1.726,385.86,-0,-64.89,5566,R20MZ_FZ_50_filtered
25,12,0,-44.44,-11.362,389.66,-13.64,118.24,5945,R20MZ_FZ_50_filtered
25,12,0,-44.37,11.506,383.4,5.37,-119.52,5320,R20MZ_FZ_50_filtered
25,12,0,-44.32,3.198,385.49,-0.18,-89.26,5529,R20MZ_FZ_50_filtered
25,12,0,-44.28,12.131,383.17,7.13,-120.74,5297,R20MZ_FZ_50_filtered
25,12,0,-44.27,3.63,385.38,3.98,-94.36,5518,R20MZ_FZ_50_filtered
25,12,0,-44.21,6.927,381.76,2.25,-112.22,5157,R20MZ_FZ_50_filtered
25,12,0,-44.19,4.139,381.07,5.62,-99.34,5088,R20MZ_FZ_50_filtered
25,12,0,-44.17,2.166,385.74,3.35,-74.39,5554,R20MZ_FZ_50_filtered
25,12,0,-44.14,-0.483,386.4,-2.4,22.09,5620,R20MZ_FZ_50_filtered
25,12,0,-44.13,7.846,381.99,1.9,-112.86,5180,R20MZ_FZ_50_filtered
25,12,0,-44.06,5.091,381.3,1.81,-104.93,5111,R20MZ_FZ_50_filtered
25,12,0,-44.04,-2.213,391.97,-4.31,77.44,6176,R20MZ_FZ_50_filtered
25,12,0,-44.02,2.698,385.62,2.55,-83.05,5542,R20MZ_FZ_50_filtered
25,12,0,-43.98,-0.153,386.33,-2.37,6.69,5613,R20MZ_FZ_50_filtered
25,12,0,-43.96,-3.075,391.75,-4.87,94.07,6154,R20MZ_FZ_50_filtered
25,12,0,-43.96,-1.756,392.08,-5.03,67.08,6187,R20MZ_FZ_50_filtered
25,12,0,-43.95,2.256,385.72,1.63,-75.77,5552,R20MZ_FZ_50_filtered
25,12,0,-43.93,11.157,382.82,1.27,-119.65,5263,R20MZ_FZ_50_filtered
25,12,0,-43.9,9.72,382.46,1.13,-116.59,5227,R20MZ_FZ_50_filtered
25,12,0,-43.88,11.057,383.52,1.72,-118.57,5332,R20MZ_FZ_50_filtered
25,12,0,-43.88,3.152,385.5,-0.32,-88.64,5530,R20MZ_FZ_50_filtered
25,12,0,-43.86,-2.177,391.98,-3.86,76.54,6177,R20MZ_FZ_50_filtered
25,12,0,-43.84,10.157,382.57,0.96,-116.74,5238,R20MZ_FZ_50_filtered
25,12,0,-43.82,11.853,383.04,-8.98,-120.6,5285,R20MZ_FZ_50_filtered
25,12,-0,-43.81,7.876,382,2.37,-114.83,5181,R20MZ_FZ_50_filtered
25,12,2,-43.78,-0.294,555.358,5.93,13.77,11845,R20MZ_IA-2_FZ_50_filtered
25,12,0,-43.77,11.641,382.94,1.49,-120.28,5275,R20MZ_FZ_50_filtered
25,12,0,-43.74,-1.196,392.22,-2.41,51.88,6201,R20MZ_FZ_50_filtered
25,12,0,-43.72,9.242,382.34,1.39,-115.34,5215,R20MZ_FZ_50_filtered
25,12,0,-43.69,2.223,385.73,2.38,-74.56,5553,R20MZ_FZ_50_filtered
25,12,-0,-43.65,-0.88,386.52,-6.4,46.48,5632,R20MZ_FZ_50_filtered
25,12,0,-43.62,10.187,382.58,1.44,-117.32,5239,R20MZ_FZ_50_filtered
25,12,0,-43.59,11.124,382.81,0.45,-116.76,5262,R20MZ_FZ_50_filtered
25,12,0,-43.53,8.813,382.23,1.87,-116.11,5204,R20MZ_FZ_50_filtered
25,12,0,-43.52,10.644,382.69,0.92,-116.4,5250,R20MZ_FZ_50_filtered
25,12,0,-43.47,10.676,382.7,1.46,-118.13,5251,R20MZ_FZ_50_filtered
25,12,0,-43.46,9.762,382.47,1.44,-119.06,5228,R20MZ_FZ_50_filtered
25,12,0,-43.4,-0.994,386.55,-7.19,52.95,5635,R20MZ_FZ_50_filtered
25,12,0,-43.1,11.598,382.93,1.09,-117.78,5274,R20MZ_FZ_50_filtered
25,12,0,-43.02,-0.885,392.31,-1.87,39.48,6210,R20MZ_FZ_50_filtered
25,12,0,-42.99,0.479,386.17,-2,-27.39,5597,R20MZ_FZ_50_filtered
25,12,0,-42.99,-0.625,386.44,1.14,33.25,5624,R20MZ_FZ_50_filtered
25,12,0,-42.93,11.873,383.05,-10.46,-121.04,5286,R20MZ_FZ_50_filtered
25,12,0,-42.83,1.772,385.85,-0,-64.75,5565,R20MZ_FZ_50_filtered
25,12,0,-42.82,-1.273,392.2,-4.09,53.75,6199,R20MZ_FZ_50_filtered
25,12,2,-42.81,-0.722,555.468,8.93,37.01,11856,R20MZ_IA-2_FZ_50_filtered
25,12,0,-42.74,1.359,385.95,0.05,-55.43,5575,R20MZ_FZ_50_filtered
25,12,0,-42.73,-1.239,392.21,-3.46,52.33,6200,R20MZ_FZ_50_filtered
25,12,-0,-42.37,-0.842,392.32,-1.35,37.79,6211,R20MZ_FZ_50_filtered
25,12,0,-42.35,-0.503,386.41,-1.98,24.57,5621,R20MZ_FZ_50_filtered
25,12,0,-42.33,0.795,386.09,1.4,-38.45,5589,R20MZ_FZ_50_filtered
25,12,0,-42.02,-0.11,386.32,-2.38,3.62,5612,R20MZ_FZ_50_filtered
25,12,0,-41.77,0.907,386.06,1.47,-42.44,5586,R20MZ_FZ_50_filtered
25,12,0,-41.72,0.364,386.2,0.42,-21.36,5600,R20MZ_FZ_50_filtered
25,12,0,-41.67,0.44,386.18,-1.46,-25.2,5598,R20MZ_FZ_50_filtered
25,12,0,-41.63,-0.556,386.42,-0.82,27.51,5622,R20MZ_FZ_50_filtered
25,12,0,-41.5,1.309,385.96,1.25,-53.71,5576,R20MZ_FZ_50_filtered
25,12,0,-41.17,0.416,386.19,-0.96,-23.39,5599,R20MZ_FZ_50_filtered
25,12,0,-41.07,0.841,386.08,1.37,-39,5588,R20MZ_FZ_50_filtered
