AmbientRoomTemperature,ElapsedTime,LongitudinalForce,LateralForce,NormalForce,InclinationAngle,OverturningMoment,AligningTorque,WheelRotationalSpeed,NormalizedLongitudinalForce(FX/FZ),NormalizedLateralForce(FY/FZ),TirePressure,EffectiveRadius,LoadedRadius,RoadSurfaceTemperature,SlipAngle,SlipRatioTextbook,SlipRatioBasedOnRL,TireSurfaceTemperature-Center,TireSurfaceTemperature-Inboard,TireSurfaceTemperature-Outboard,RoadSpeed,testid,tireid,Index
78.29,549.139,-3.93,-21.66,-50.91,1.983,-6.8,13.97,0.16,0.0772,0.4255,12,25730.14,7.98,90.6,0.421,-0,-0.9997,124.39,127.04,126.03,24.95,Cornering,"Hoosier 43075 16x7.5-10 R20, 7 inch rim",11224
78.29,549.149,-4.99,-24.1,-52.69,1.983,-7.36,13.04,0.09,0.0948,0.4574,12.05,44340.16,7.98,90.65,0.47,-0,-0.9998,124.39,126.99,126.07,24.96,Cornering,"Hoosier 43075 16x7.5-10 R20, 7 inch rim",11225
78.32,549.159,-5.31,-27.18,-54.46,1.987,-8.3,11.45,0.03,0.0974,0.4991,12.18,160008.86,7.98,90.68,0.512,-0,-1,124.39,126.84,126.05,24.96,Cornering,"Hoosier 43075 16x7.5-10 R20, 7 inch rim",11226
78.3,549.169,-4.55,-29.95,-55.13,1.987,-8.42,10.3,0.03,0.0825,0.5432,12.21,160081.05,7.98,90.72,0.576,-0,-1,124.37,126.86,126.05,24.97,Cornering,"Hoosier 43075 16x7.5-10 R20, 7 inch rim",11227
78.28,549.179,-2.77,-32.12,-55.06,1.987,-8.13,9.99,-0.04,0.0504,0.5832,12.2,-99508.98,7.98,90.76,0.615,-0,-1.0001,124.35,126.79,126.03,24.97,Cornering,"Hoosier 43075 16x7.5-10 R20, 7 inch rim",11228
78.3,549.189,-2.15,-34,-53.58,1.985,-8.17,8.59,0.03,0.0401,0.6346,12.14,160115.14,7.98,90.82,0.659,-0,-1,124.29,126.9,126.05,24.97,Cornering,"Hoosier 43075 16x7.5-10 R20, 7 inch rim",11229
78.32,549.199,-2.46,-35.47,-51.79,1.992,-7.5,7.03,0.03,0.0475,0.6848,12.04,160150.59,7.98,90.82,0.702,-0,-1,124.22,126.99,126.05,24.98,Cornering,"Hoosier 43075 16x7.5-10 R20, 7 inch rim",11230
78.29,549.209,-3.18,-36.32,-50.33,2.002,-6.09,6.32,0.03,0.0632,0.7216,11.96,160223.53,7.98,90.83,0.735,-0,-1,124.22,127.06,126.05,24.99,Cornering,"Hoosier 43075 16x7.5-10 R20, 7 inch rim",11231
78.28,549.219,-3.83,-37.74,-49.59,2.004,-5.05,6.85,0.03,0.0772,0.7609,11.97,160221.78,7.97,90.8,0.775,-0,-1,124.13,127.15,126.05,24.99,Cornering,"Hoosier 43075 16x7.5-10 R20, 7 inch rim",11232
78.31,549.229,-5.02,-39.75,-48.96,1.996,-5.8,7.43,-0.04,0.1025,0.8119,12.02,-99503.29,7.98,90.8,0.832,-0,-1.0001,124.18,127.28,126.13,24.97,Cornering,"Hoosier 43075 16x7.5-10 R20, 7 inch rim",11233
78.3,549.239,-6.4,-41.89,-49.99,1.995,-5.56,8.29,-0.04,0.128,0.838,12.11,-99433.44,7.98,90.77,0.851,-0,-1.0001,124.18,127.34,126.21,24.95,Cornering,"Hoosier 43075 16x7.5-10 R20, 7 inch rim",11234
78.28,549.249,-7.06,-44.49,-51.3,1.992,-6.84,9.41,0.03,0.1377,0.8673,12.2,159843.83,7.98,90.76,0.908,-0,-1,124.13,127.3,126.19,24.93,Cornering,"Hoosier 43075 16x7.5-10 R20, 7 inch rim",11235
78.3,549.259,-7,-47.15,-53.43,2.008,-7.51,10.54,0.16,0.131,0.8824,12.22,25720.95,7.97,90.74,0.927,-0,-0.9997,124.13,127.23,126.21,24.94,Cornering,"Hoosier 43075 16x7.5-10 R20, 7 inch rim",11236
78.32,549.269,-6.26,-49.63,-54.8,1.979,-8.82,11.03,0.03,0.1142,0.9056,12.18,160026.14,7.98,90.75,0.974,-0,-1,124.13,127.15,126.21,24.96,Cornering,"Hoosier 43075 16x7.5-10 R20, 7 inch rim",11237
78.29,549.279,-4.73,-51.38,-55.88,1.996,-9.02,11.45,0.09,0.0847,0.9195,12.09,44375.23,7.98,90.73,0.991,-0,-0.9998,124.09,127.08,126.21,24.98,Cornering,"Hoosier 43075 16x7.5-10 R20, 7 inch rim",11238
78.28,549.289,-2.95,-52.73,-55.77,1.985,-8.75,11.61,0.09,0.0528,0.9454,12,44415.72,7.98,90.71,1.036,-0,-0.9998,124.09,127.12,126.23,25,Cornering,"Hoosier 43075 16x7.5-10 R20, 7 inch rim",11239
78.32,549.299,-0.92,-53.22,-54.86,1.986,-8.45,11.97,0.09,0.0168,0.97,11.96,44435.69,7.98,90.7,1.074,-0,-0.9998,124.11,127.12,126.27,25.01,Cornering,"Hoosier 43075 16x7.5-10 R20, 7 inch rim",11240
78.32,549.309,0.72,-53.27,-53.95,1.995,-7.01,12.58,0.03,-0.0134,0.9873,11.97,160203.92,7.98,90.71,1.113,-0,-1,124.09,127.19,126.25,24.99,Cornering,"Hoosier 43075 16x7.5-10 R20, 7 inch rim",11241
78.28,549.319,1.82,-53.49,-51.77,1.996,-6.95,13.58,0.16,-0.0351,1.0332,12.06,25760.69,7.98,90.7,1.153,-0,-0.9997,124.01,127.17,126.31,24.98,Cornering,"Hoosier 43075 16x7.5-10 R20, 7 inch rim",11242
78.3,549.329,1.88,-54.27,-50.86,1.993,-6.26,14.33,0.03,-0.037,1.0672,12.14,160087.31,7.98,90.75,1.195,-0,-1,123.94,127.26,126.37,24.97,Cornering,"Hoosier 43075 16x7.5-10 R20, 7 inch rim",11243
78.32,549.339,1.22,-55.7,-50.34,1.996,-6.18,15.16,-0.04,-0.0243,1.1064,12.21,-99512.39,7.98,90.78,1.227,-0,-1.0001,123.9,127.34,126.5,24.97,Cornering,"Hoosier 43075 16x7.5-10 R20, 7 inch rim",11244
78.29,549.349,0.18,-57.35,-51.03,1.987,-5.72,16.18,0.16,-0.0035,1.1238,12.21,25747.49,7.98,90.82,1.27,-0,-0.9997,123.9,127.48,126.6,24.97,Cornering,"Hoosier 43075 16x7.5-10 R20, 7 inch rim",11245
78.28,549.359,-1.63,-59.79,-51.57,1.979,-6.91,16.19,0.16,0.0316,1.1594,12.15,25741.05,7.98,90.84,1.312,-0,-0.9997,123.92,127.45,126.66,24.97,Cornering,"Hoosier 43075 16x7.5-10 R20, 7 inch rim",11246
78.31,549.369,-2.62,-62.17,-53.41,2.001,-7.7,16.28,0.03,0.0491,1.164,12.06,159964.48,7.98,90.85,1.359,-0,-1,123.88,127.39,126.68,24.96,Cornering,"Hoosier 43075 16x7.5-10 R20, 7 inch rim",11247
78.32,549.379,-3.25,-64.53,-55.07,1.982,-8.52,15.47,0.03,0.0589,1.1718,11.99,159924.58,7.98,90.83,1.396,-0,-1,123.88,127.32,126.62,24.95,Cornering,"Hoosier 43075 16x7.5-10 R20, 7 inch rim",11248
78.28,549.389,-2.95,-66.7,-56.73,1.99,-9.05,14.44,0.03,0.052,1.1756,11.99,159885.27,7.98,90.86,1.425,-0,-1,123.86,127.19,126.64,24.94,Cornering,"Hoosier 43075 16x7.5-10 R20, 7 inch rim",11249
78.29,549.399,-2.18,-67.94,-57.29,1.996,-9.01,13.19,0.03,0.038,1.186,12.04,159806.64,7.98,90.87,1.481,-0,-1,123.9,127.12,126.64,24.93,Cornering,"Hoosier 43075 16x7.5-10 R20, 7 inch rim",11250
78.32,549.409,-1.56,-68.27,-56.55,1.998,-8.39,11.47,-0.04,0.0277,1.2073,12.1,-99314.33,7.98,90.9,1.518,-0,-1.0001,123.9,127.1,126.6,24.93,Cornering,"Hoosier 43075 16x7.5-10 R20, 7 inch rim",11251
78.3,549.419,-0.62,-67.73,-55.47,1.976,-7.42,10.45,0.09,0.0112,1.221,12.19,44271.84,7.98,90.98,1.554,-0,-0.9998,123.88,127.1,126.66,24.93,Cornering,"Hoosier 43075 16x7.5-10 R20, 7 inch rim",11252
78.28,549.429,-0.01,-67.38,-53.53,1.992,-7.03,10.24,0.09,0.0002,1.2587,12.18,44280.94,7.98,91.04,1.606,-0,-0.9998,123.86,127.1,126.66,24.93,Cornering,"Hoosier 43075 16x7.5-10 R20, 7 inch rim",11253
78.32,549.439,-0.32,-67.17,-51.56,2.004,-6.68,10.02,0.03,0.0061,1.3029,12.12,159867.16,7.98,91.05,1.647,-0,-1,123.88,127.19,126.64,24.94,Cornering,"Hoosier 43075 16x7.5-10 R20, 7 inch rim",11254
78.32,549.449,-0.76,-67.98,-50.73,2.005,-6.37,10.78,0.03,0.015,1.3401,12.04,159974.81,7.98,91.06,1.69,-0,-1,123.86,127.32,126.7,24.96,Cornering,"Hoosier 43075 16x7.5-10 R20, 7 inch rim",11255
78.29,549.459,-2.67,-69.63,-51.09,1.995,-6.18,10.77,0.03,0.0522,1.3628,11.98,160009,7.98,91.03,1.723,-0,-1,123.94,127.41,126.88,24.97,Cornering,"Hoosier 43075 16x7.5-10 R20, 7 inch rim",11256
78.29,549.469,-3.92,-72.05,-51.7,1.982,-6.85,11.52,0.03,0.0759,1.3936,12.01,160080.55,7.98,90.98,1.753,-0,-1,124.01,127.43,126.94,24.98,Cornering,"Hoosier 43075 16x7.5-10 R20, 7 inch rim",11257
78.32,549.479,-5.29,-74.71,-52.83,1.99,-8.22,11.8,0.09,0.1001,1.4141,12.07,44338.01,7.98,90.95,1.795,-0,-0.9998,123.94,127.43,127.02,24.97,Cornering,"Hoosier 43075 16x7.5-10 R20, 7 inch rim",11258
78.3,549.489,-5.44,-77.16,-54.77,1.993,-8.66,12.32,0.03,0.0993,1.4087,12.14,159925.23,7.98,90.87,1.825,-0,-1,123.94,127.34,126.98,24.96,Cornering,"Hoosier 43075 16x7.5-10 R20, 7 inch rim",11259
78.28,549.499,-4.3,-78.98,-56.25,1.993,-8.99,12.89,0.23,0.0764,1.4042,12.18,18110.83,7.98,90.83,1.858,-0,-0.9996,123.9,127.23,126.96,24.94,Cornering,"Hoosier 43075 16x7.5-10 R20, 7 inch rim",11260
78.3,549.509,-3.67,-79.71,-57.17,1.992,-8.51,12,0.03,0.0641,1.3942,12.14,159916.84,7.98,90.81,1.91,-0,-1,123.94,127.21,126.98,24.96,Cornering,"Hoosier 43075 16x7.5-10 R20, 7 inch rim",11261
78.32,549.519,-2.07,-80.05,-56.78,1.995,-8.62,11.52,0.03,0.0364,1.4098,12.06,160062.38,7.98,90.82,1.941,-0,-1,123.94,127.19,126.98,24.98,Cornering,"Hoosier 43075 16x7.5-10 R20, 7 inch rim",11262
78.29,549.529,-0.21,-79.27,-55.69,1.99,-8.16,11.7,0.16,0.0038,1.4235,12,25755.47,7.98,90.79,1.988,-0,-0.9997,123.88,127.28,126.96,24.99,Cornering,"Hoosier 43075 16x7.5-10 R20, 7 inch rim",11263
78.29,549.539,1.2,-78.41,-54,1.996,-7.57,12.03,0.09,-0.0223,1.4519,11.95,44393.09,7.98,90.77,2.035,-0,-0.9998,123.9,127.32,126.92,25,Cornering,"Hoosier 43075 16x7.5-10 R20, 7 inch rim",11264
78.32,549.549,2.07,-77.76,-52.55,1.983,-6.68,12.7,0.09,-0.0395,1.4797,11.99,44340.27,7.98,90.75,2.081,-0,-0.9998,123.83,127.39,126.86,24.97,Cornering,"Hoosier 43075 16x7.5-10 R20, 7 inch rim",11265
78.31,549.559,2.47,-77.98,-51.53,1.992,-5.82,13.98,0.03,-0.0479,1.5134,12.06,159858.39,7.98,90.68,2.114,-0,-1,123.81,127.52,126.9,24.95,Cornering,"Hoosier 43075 16x7.5-10 R20, 7 inch rim",11266
78.29,549.569,1.83,-79.12,-50.6,1.996,-6.23,15.03,0.03,-0.0361,1.5635,12.14,159668.75,7.98,90.69,2.15,-0,-1,123.79,127.63,126.96,24.92,Cornering,"Hoosier 43075 16x7.5-10 R20, 7 inch rim",11267
78.3,549.579,-0.02,-80.84,-50.88,2.001,-6.51,15.18,-0.04,0.0003,1.589,12.15,-99272.32,7.98,90.7,2.211,-0,-1.0001,123.81,127.7,127.06,24.93,Cornering,"Hoosier 43075 16x7.5-10 R20, 7 inch rim",11268
78.32,549.589,-1.52,-83.13,-52.03,1.996,-6.88,15.49,0.09,0.0292,1.5977,12.14,44263.12,7.98,90.71,2.246,-0,-0.9998,123.79,127.65,127.14,24.93,Cornering,"Hoosier 43075 16x7.5-10 R20, 7 inch rim",11269
78.29,549.599,-2.96,-85.38,-53,1.985,-8.07,14.73,0.03,0.0559,1.611,12.06,159765.23,7.98,90.72,2.28,-0,-1,123.77,127.56,127.14,24.94,Cornering,"Hoosier 43075 16x7.5-10 R20, 7 inch rim",11270
78.29,549.609,-3.81,-87.43,-54.53,1.999,-8.76,13.79,0.09,0.0699,1.6035,11.99,44290.84,7.98,90.76,2.341,-0,-0.9998,123.81,127.48,127.1,24.95,Cornering,"Hoosier 43075 16x7.5-10 R20, 7 inch rim",11271
78.31,549.619,-3.12,-88.9,-56.47,1.995,-8.32,13,0.03,0.0552,1.5742,11.96,159678.92,7.98,90.78,2.38,-0,-0.9999,123.86,127.32,127.12,24.93,Cornering,"Hoosier 43075 16x7.5-10 R20, 7 inch rim",11272
78.32,549.629,-2.2,-89.33,-56.45,1.987,-8.46,11.83,0.16,0.0389,1.5825,12,25681.91,7.98,90.74,2.416,-0,-0.9997,123.9,127.3,127.14,24.93,Cornering,"Hoosier 43075 16x7.5-10 R20, 7 inch rim",11273
78.28,549.639,-1.2,-88.78,-55.26,1.998,-8.5,10.72,0.03,0.0217,1.6068,12.08,159631.62,7.98,90.71,2.462,-0,-0.9999,123.9,127.26,127.16,24.92,Cornering,"Hoosier 43075 16x7.5-10 R20, 7 inch rim",11274
78.3,549.649,-0.15,-86.92,-54.02,1.992,-7.33,9.98,-0.04,0.0028,1.6091,12.14,-99296.99,7.98,90.69,2.496,-0,-1.0001,123.88,127.34,127.14,24.94,Cornering,"Hoosier 43075 16x7.5-10 R20, 7 inch rim",11275
78.32,549.659,0.26,-85.86,-52.03,1.987,-7.07,9.64,0.03,-0.005,1.6501,12.17,159846.67,7.98,90.69,2.522,-0,-1,123.92,127.34,127.12,24.96,Cornering,"Hoosier 43075 16x7.5-10 R20, 7 inch rim",11276
78.3,549.669,-0.03,-84.91,-50.44,1.974,-6.14,9.53,0.09,0.0005,1.6833,12.13,44293.62,7.99,90.67,2.556,-0,-0.9998,123.9,127.3,127.14,24.96,Cornering,"Hoosier 43075 16x7.5-10 R20, 7 inch rim",11277
78.29,549.679,-0.81,-85.5,-49.55,1.996,-6.15,9.87,0.09,0.0163,1.7256,12.04,44302.12,7.98,90.7,2.605,-0,-0.9998,123.96,127.43,127.18,24.96,Cornering,"Hoosier 43075 16x7.5-10 R20, 7 inch rim",11278
78.32,549.689,-2.66,-87.08,-48.98,1.996,-6.83,10.01,-0.04,0.0543,1.7778,11.98,-99377.92,7.98,90.74,2.635,-0,-1.0001,124.05,127.52,127.28,24.96,Cornering,"Hoosier 43075 16x7.5-10 R20, 7 inch rim",11279
78.31,549.699,-3.89,-89.24,-49.59,1.996,-7.28,11.02,0.09,0.0784,1.7996,12,44320.5,7.98,90.8,2.664,-0,-0.9998,124.16,127.56,127.37,24.97,Cornering,"Hoosier 43075 16x7.5-10 R20, 7 inch rim",11280
78.28,549.709,-4.89,-91.41,-51.1,2.004,-7.39,11.68,0.09,0.0957,1.7886,12.06,44329.58,7.98,90.84,2.695,-0,-0.9998,124.09,127.56,127.43,24.98,Cornering,"Hoosier 43075 16x7.5-10 R20, 7 inch rim",11281
78.3,549.719,-4.98,-93.35,-52.94,1.998,-7.82,12.28,0.09,0.0941,1.7635,12.12,44348.66,7.98,90.83,2.734,-0,-0.9998,124.11,127.52,127.47,24.99,Cornering,"Hoosier 43075 16x7.5-10 R20, 7 inch rim",11282
78.32,549.729,-3.84,-95.19,-53.68,1.993,-9.2,12.83,0.03,0.0715,1.7733,12.16,159958.7,7.98,90.79,2.79,-0,-1,124.13,127.43,127.43,24.98,Cornering,"Hoosier 43075 16x7.5-10 R20, 7 inch rim",11283
78.3,549.739,-1.36,-95.41,-55.28,1.987,-7.9,13.87,-0.04,0.0246,1.7259,12.14,-99431.23,7.99,90.78,2.818,-0,-1.0001,124.13,127.32,127.41,24.98,Cornering,"Hoosier 43075 16x7.5-10 R20, 7 inch rim",11284
78.28,549.749,1.11,-94.7,-54.73,1.999,-8.08,14.64,0.16,-0.0203,1.7302,12.06,25714.15,7.98,90.79,2.856,-0,-0.9997,124.07,127.26,127.45,24.97,Cornering,"Hoosier 43075 16x7.5-10 R20, 7 inch rim",11285
78.3,549.759,2.59,-93.14,-53.55,1.99,-7.45,14.41,0.09,-0.0484,1.7391,11.99,44341.97,7.99,90.82,2.901,-0,-0.9998,124.11,127.32,127.45,24.99,Cornering,"Hoosier 43075 16x7.5-10 R20, 7 inch rim",11286
78.32,549.769,3.77,-91.14,-52.2,1.989,-6.55,14.44,0.16,-0.0723,1.746,11.97,25742.06,7.99,90.84,2.937,-0,-0.9997,124.09,127.34,127.45,25,Cornering,"Hoosier 43075 16x7.5-10 R20, 7 inch rim",11287
78.29,549.779,3.95,-90.02,-49.94,2.002,-6.64,14.51,0.09,-0.0792,1.8025,12.02,44328.89,7.98,90.85,2.969,-0,-0.9998,124.07,127.3,127.37,24.98,Cornering,"Hoosier 43075 16x7.5-10 R20, 7 inch rim",11288
78.29,549.789,3.48,-89.75,-48.21,1.999,-6.53,14.73,0.03,-0.0721,1.8614,12.09,160036.91,7.98,90.85,3.013,-0,-1,124.05,127.34,127.45,25,Cornering,"Hoosier 43075 16x7.5-10 R20, 7 inch rim",11289
78.32,549.799,2.66,-91.14,-47.61,1.993,-6.91,15.38,0.03,-0.0558,1.9142,12.17,159954.27,7.99,90.83,3.067,-0,-1,124.07,127.39,127.51,24.98,Cornering,"Hoosier 43075 16x7.5-10 R20, 7 inch rim",11290
78.31,549.809,1.5,-92.84,-48.23,1.996,-6.16,16.21,0.03,-0.031,1.925,12.19,159873.95,7.99,90.83,3.106,-0,-1,124.13,127.48,127.59,24.97,Cornering,"Hoosier 43075 16x7.5-10 R20, 7 inch rim",11291
78.28,549.819,-0.65,-95.22,-49.61,1.982,-5.99,15.72,0.09,0.013,1.9193,12.14,44259.53,7.99,90.81,3.146,-0,-0.9998,124.13,127.34,127.69,24.95,Cornering,"Hoosier 43075 16x7.5-10 R20, 7 inch rim",11292
78.3,549.829,-2.4,-97.76,-50.69,1.998,-7.73,14.79,0.09,0.0474,1.9288,12.06,44236.47,7.99,90.79,3.202,-0,-0.9998,124.13,127.3,127.69,24.94,Cornering,"Hoosier 43075 16x7.5-10 R20, 7 inch rim",11293
78.33,549.839,-3.39,-100.06,-52.64,2.004,-8.01,13.36,-0.04,0.0645,1.9008,11.97,-99160.33,7.98,90.76,3.238,-0,-1.0001,124.11,127.23,127.67,24.92,Cornering,"Hoosier 43075 16x7.5-10 R20, 7 inch rim",11294
78.3,549.849,-3.29,-101.08,-53.9,1.996,-8.39,11.92,0.03,0.0611,1.8753,11.94,159583.03,7.99,90.79,3.298,-0,-0.9999,124.16,127.19,127.67,24.93,Cornering,"Hoosier 43075 16x7.5-10 R20, 7 inch rim",11295
78.3,549.859,-2.5,-101.04,-53.95,1.989,-8.43,10.49,-0.04,0.0464,1.873,11.97,-99244.59,7.99,90.78,3.315,-0,-1.0001,124.13,127.19,127.71,24.94,Cornering,"Hoosier 43075 16x7.5-10 R20, 7 inch rim",11296
78.32,549.869,-0.93,-99.41,-53.43,2.005,-7.91,10.04,0.03,0.0174,1.8605,12.05,159644.38,7.98,90.81,3.374,-0,-0.9999,124.13,127.21,127.71,24.94,Cornering,"Hoosier 43075 16x7.5-10 R20, 7 inch rim",11297
78.32,549.879,-0.45,-97.6,-52.12,2.009,-7.32,8.89,0.03,0.0086,1.8723,12.15,159675.31,7.98,90.85,3.41,-0,-0.9999,124.13,127.21,127.63,24.95,Cornering,"Hoosier 43075 16x7.5-10 R20, 7 inch rim",11298
78.28,549.889,-0.6,-95.56,-50.2,1.995,-6.53,8.06,0.03,0.012,1.9035,12.22,159631,7.99,90.87,3.451,-0,-0.9999,124.16,127.3,127.53,24.94,Cornering,"Hoosier 43075 16x7.5-10 R20, 7 inch rim",11299
78.3,549.899,-1.01,-94.51,-48.24,1.99,-6.41,7.76,0.09,0.021,1.9591,12.2,44253.35,7.99,90.85,3.498,-0,-0.9998,124.18,127.3,127.45,24.96,Cornering,"Hoosier 43075 16x7.5-10 R20, 7 inch rim",11300
78.32,549.909,-2.05,-94.38,-47.11,1.99,-5.69,7.84,0.03,0.0436,2.0036,12.14,159840.14,7.99,90.84,3.527,-0,-0.9999,124.16,127.43,127.43,24.98,Cornering,"Hoosier 43075 16x7.5-10 R20, 7 inch rim",11301
78.3,549.919,-2.96,-96.68,-47.42,1.986,-5.79,8.82,0.03,0.0625,2.0389,12.06,160016.3,7.99,90.85,3.579,-0,-1,124.26,127.52,127.43,25.01,Cornering,"Hoosier 43075 16x7.5-10 R20, 7 inch rim",11302
78.29,549.929,-4.12,-99.03,-48.07,1.992,-6.54,9.65,0.09,0.0858,2.0601,11.98,44319.72,7.99,90.84,3.61,-0,-0.9998,124.31,127.59,127.49,25,Cornering,"Hoosier 43075 16x7.5-10 R20, 7 inch rim",11303
78.32,549.939,-4.69,-101.79,-49.47,1.992,-7.48,10.8,0.09,0.0948,2.0578,11.97,44348.66,7.99,90.84,3.647,-0,-0.9998,124.24,127.5,127.41,25.01,Cornering,"Hoosier 43075 16x7.5-10 R20, 7 inch rim",11304
78.32,549.949,-4.59,-103.91,-51.42,1.992,-7.73,11.46,0.03,0.0893,2.021,12.01,159998.94,7.99,90.85,3.673,-0,-1,124.31,127.39,127.41,25.01,Cornering,"Hoosier 43075 16x7.5-10 R20, 7 inch rim",11305
78.28,549.959,-3.61,-105.42,-52.96,1.99,-8.1,11.88,0.03,0.0681,1.9906,12.08,160065.61,7.99,90.82,3.713,-0,-1,124.29,127.28,127.37,25.02,Cornering,"Hoosier 43075 16x7.5-10 R20, 7 inch rim",11306
78.29,549.969,-1.81,-105.78,-53.34,2.002,-9.01,12.31,-0.04,0.034,1.9832,12.17,-99449.94,7.99,90.8,3.749,-0,-1.0001,124.29,127.26,127.34,25.01,Cornering,"Hoosier 43075 16x7.5-10 R20, 7 inch rim",11307
78.32,549.979,0.81,-104.64,-52.95,1.99,-8.85,13.13,0.09,-0.0153,1.9762,12.22,44340.8,7.99,90.76,3.798,-0,-0.9998,124.31,127.3,127.3,25.01,Cornering,"Hoosier 43075 16x7.5-10 R20, 7 inch rim",11308
78.3,549.989,2.89,-102.17,-52.18,1.99,-7.53,13.77,0.03,-0.0554,1.958,12.17,160005,7.99,90.78,3.836,-0,-1,124.29,127.3,127.34,25.01,Cornering,"Hoosier 43075 16x7.5-10 R20, 7 inch rim",11309
78.28,549.999,3.88,-99.75,-49.66,1.989,-7.88,13.74,-0.04,-0.0781,2.0087,12.09,-99459.1,7.99,90.78,3.865,-0,-1.0001,124.29,127.37,127.41,25.01,Cornering,"Hoosier 43075 16x7.5-10 R20, 7 inch rim",11310
78.32,550.009,4.39,-98.28,-48.03,1.998,-7.06,14.3,0.23,-0.0915,2.0464,12.01,18122.82,7.99,90.79,3.909,-0,-0.9996,124.22,127.41,127.41,25.01,Cornering,"Hoosier 43075 16x7.5-10 R20, 7 inch rim",11311
78.32,550.019,4.04,-97.6,-47.37,1.983,-5.48,14.7,0.03,-0.0852,2.0604,11.99,159982.45,7.99,90.81,3.951,-0,-1,124.22,127.43,127.53,25.01,Cornering,"Hoosier 43075 16x7.5-10 R20, 7 inch rim",11312
78.28,550.029,3.04,-99.34,-47.14,1.989,-5.21,15.36,0.03,-0.0644,2.1075,12.03,159900.84,7.99,90.85,3.988,-0,-1,124.33,127.56,127.65,25,Cornering,"Hoosier 43075 16x7.5-10 R20, 7 inch rim",11313
78.3,550.039,1.5,-101.2,-46.95,1.986,-6.15,15.77,0.03,-0.032,2.1556,12.08,159893.89,7.99,90.89,4.022,-0,-1,124.41,127.65,127.81,25,Cornering,"Hoosier 43075 16x7.5-10 R20, 7 inch rim",11314
78.32,550.049,-0.12,-104,-47.98,1.99,-7.18,15.88,-0.04,0.0024,2.1678,12.17,-99296.99,7.99,90.92,4.057,-0,-1.0001,124.52,127.61,127.91,24.98,Cornering,"Hoosier 43075 16x7.5-10 R20, 7 inch rim",11315
78.3,550.059,-1.66,-106.33,-49.92,2.001,-7.51,15.18,0.09,0.0332,2.1299,12.18,44251.96,7.99,90.91,4.104,-0,-0.9998,124.52,127.56,127.95,24.97,Cornering,"Hoosier 43075 16x7.5-10 R20, 7 inch rim",11316
78.28,550.069,-1.91,-107.98,-51,1.993,-8.57,14.49,0.03,0.0375,2.1172,12.13,159646.75,7.99,90.9,4.143,-0,-0.9999,124.54,127.48,127.97,24.97,Cornering,"Hoosier 43075 16x7.5-10 R20, 7 inch rim",11317
78.31,550.079,-2.24,-109.17,-51.81,1.987,-9.65,12.52,-0.04,0.0433,2.1071,12.04,-99234.66,7.99,90.86,4.183,-0,-1.0001,124.59,127.41,128.05,24.97,Cornering,"Hoosier 43075 16x7.5-10 R20, 7 inch rim",11318
78.32,550.089,-1.52,-108.66,-52.57,1.983,-9.01,10.99,0.09,0.029,2.0667,11.99,44224.18,7.99,90.81,4.229,-0,-0.9998,124.63,127.37,128.11,24.96,Cornering,"Hoosier 43075 16x7.5-10 R20, 7 inch rim",11319
78.29,550.099,-0.75,-106.51,-51.86,1.987,-8.12,9.58,0.16,0.0145,2.0538,12,25679.12,7.99,90.78,4.269,-0,-0.9997,124.61,127.3,128.19,24.97,Cornering,"Hoosier 43075 16x7.5-10 R20, 7 inch rim",11320
78.29,550.109,0.13,-104.74,-50.5,2.001,-8.05,8.77,0.09,-0.0026,2.0743,12.06,44259.79,7.99,90.77,4.32,-0,-0.9998,124.67,127.3,128.21,24.98,Cornering,"Hoosier 43075 16x7.5-10 R20, 7 inch rim",11321
78.32,550.119,0.59,-101.93,-48.87,1.989,-6.22,8.49,0.09,-0.012,2.0855,12.16,44267.72,7.99,90.73,4.359,-0,-0.9998,124.67,127.32,128.21,24.99,Cornering,"Hoosier 43075 16x7.5-10 R20, 7 inch rim",11322
78.31,550.129,0.83,-101.42,-47.26,2.005,-6.27,9.02,0.09,-0.0176,2.1462,12.19,44255.36,7.99,90.7,4.393,-0,-0.9998,124.67,127.32,128.19,24.98,Cornering,"Hoosier 43075 16x7.5-10 R20, 7 inch rim",11323
78.28,550.139,0.23,-101.87,-46.1,1.995,-5.98,9.6,0.03,-0.0049,2.2097,12.19,159730.97,7.99,90.7,4.439,-0,-0.9999,124.69,127.37,128.25,24.99,Cornering,"Hoosier 43075 16x7.5-10 R20, 7 inch rim",11324
78.3,550.149,-0.99,-103.73,-46.84,1.999,-5.02,10.33,0.09,0.0212,2.2148,12.11,44280.75,7.99,90.73,4.481,-0,-0.9998,124.82,127.48,128.42,25,Cornering,"Hoosier 43075 16x7.5-10 R20, 7 inch rim",11325
78.32,550.159,-2.59,-106.51,-47.27,1.995,-6.09,10.92,0.09,0.0548,2.2531,12.03,44309.3,7.99,90.72,4.516,-0,-0.9998,124.84,127.41,128.48,25.02,Cornering,"Hoosier 43075 16x7.5-10 R20, 7 inch rim",11326
78.29,550.169,-3.58,-109.88,-48.25,1.987,-8.27,11.54,0.09,0.0743,2.2775,11.97,44307.04,7.99,90.7,4.552,-0,-0.9998,124.97,127.34,128.58,25.02,Cornering,"Hoosier 43075 16x7.5-10 R20, 7 inch rim",11327
78.29,550.179,-3.36,-112.22,-50.56,2.004,-8.47,12.5,0.03,0.0665,2.2197,11.98,159845.03,7.99,90.68,4.589,-0,-1,124.95,127.28,128.6,25.01,Cornering,"Hoosier 43075 16x7.5-10 R20, 7 inch rim",11328
78.31,550.189,-2.22,-113.65,-52.58,1.989,-8.47,13.02,0.03,0.0422,2.1613,12.06,159651.22,7.99,90.72,4.627,-0,-0.9999,124.93,127.21,128.66,24.98,Cornering,"Hoosier 43075 16x7.5-10 R20, 7 inch rim",11329
78.31,550.199,-0.55,-113.68,-53.14,1.998,-9.02,13.19,0.03,0.0104,2.1393,12.14,159491.72,7.99,90.7,4.675,-0,-0.9999,124.99,127.19,128.64,24.96,Cornering,"Hoosier 43075 16x7.5-10 R20, 7 inch rim",11330
78.28,550.209,1.51,-111.79,-52.63,1.992,-8.49,13.29,0.03,-0.0287,2.1241,12.22,159447.27,7.99,90.69,4.707,-0,-0.9999,125.06,127.21,128.72,24.96,Cornering,"Hoosier 43075 16x7.5-10 R20, 7 inch rim",11331
78.3,550.219,2.7,-109.22,-50.44,1.992,-9.27,12.68,0.03,-0.0534,2.1652,12.22,159399.03,7.99,90.71,4.754,-0,-0.9999,124.99,127.21,128.72,24.95,Cornering,"Hoosier 43075 16x7.5-10 R20, 7 inch rim",11332
78.32,550.229,3.62,-106.45,-48.98,1.99,-8.07,12.54,0.09,-0.0739,2.1731,12.14,44199.33,7.99,90.69,4.788,-0,-0.9998,124.97,127.23,128.72,24.97,Cornering,"Hoosier 43075 16x7.5-10 R20, 7 inch rim",11333
78.3,550.239,3.79,-104.18,-48.13,2.002,-5.79,12.61,0.03,-0.0788,2.1643,12.06,159598.47,7.99,90.64,4.849,-0,-0.9999,124.93,127.32,128.74,24.98,Cornering,"Hoosier 43075 16x7.5-10 R20, 7 inch rim",11334
78.28,550.249,3.04,-104.2,-46.41,1.995,-5.98,12.42,-0.04,-0.0655,2.2449,11.97,-99296.49,7.99,90.62,4.884,-0,-1.0001,124.93,127.39,128.7,25.01,Cornering,"Hoosier 43075 16x7.5-10 R20, 7 inch rim",11335
78.31,550.259,1.27,-105.4,-46.22,1.986,-5.5,12.03,0.09,-0.0274,2.2802,11.98,44252.49,7.99,90.63,4.913,-0,-0.9998,124.95,127.48,128.82,25,Cornering,"Hoosier 43075 16x7.5-10 R20, 7 inch rim",11336
78.32,550.269,-0.59,-108.2,-46.86,1.99,-5.72,11.99,0.09,0.0127,2.3089,12.02,44227.64,7.99,90.62,4.976,-0,-0.9998,125.06,127.54,128.9,24.99,Cornering,"Hoosier 43075 16x7.5-10 R20, 7 inch rim",11337
78.29,550.279,-2.7,-111.48,-47.8,1.998,-7.62,11.49,0.16,0.0565,2.3321,12.11,25657.25,7.99,90.63,5.012,-0,-0.9997,125.08,127.48,128.96,24.98,Cornering,"Hoosier 43075 16x7.5-10 R20, 7 inch rim",11338
78.3,550.289,-3.53,-113.9,-49.29,1.99,-8.66,11.61,0.09,0.0717,2.3107,12.16,44182.24,7.99,90.67,5.039,-0,-0.9998,125.1,127.45,128.98,24.97,Cornering,"Hoosier 43075 16x7.5-10 R20, 7 inch rim",11339
78.32,550.299,-3.76,-115.75,-50.99,1.998,-9.16,11.18,0.09,0.0737,2.2701,12.16,44158.61,7.99,90.7,5.083,-0,-0.9998,125.12,127.3,129,24.96,Cornering,"Hoosier 43075 16x7.5-10 R20, 7 inch rim",11340
78.3,550.309,-2.43,-116.49,-52.14,1.996,-9.63,11.15,0.09,0.0466,2.2342,12.12,44135.16,7.99,90.72,5.125,-0,-0.9998,125.08,127.23,128.98,24.94,Cornering,"Hoosier 43075 16x7.5-10 R20, 7 inch rim",11341
78.28,550.319,-1.29,-115.04,-52.35,1.987,-9.22,10.42,-0.04,0.0247,2.1977,12.03,-99046.2,7.99,90.69,5.161,-0,-1.0001,125.14,127.17,128.98,24.96,Cornering,"Hoosier 43075 16x7.5-10 R20, 7 inch rim",11342
78.31,550.329,-0.23,-112.3,-51.7,1.998,-8.1,9.61,-0.04,0.0044,2.172,11.97,-99015.82,7.99,90.68,5.207,-0,-1.0001,125.12,127.21,128.96,24.95,Cornering,"Hoosier 43075 16x7.5-10 R20, 7 inch rim",11343
78.32,550.339,0.7,-109.36,-49.69,1.989,-7.77,9.12,0.03,-0.0141,2.2009,11.97,159312.48,7.99,90.67,5.248,-0,-0.9999,125.12,127.32,128.92,24.96,Cornering,"Hoosier 43075 16x7.5-10 R20, 7 inch rim",11344
78.29,550.349,1.52,-106.81,-48.14,2.001,-6.36,9.65,0.03,-0.0316,2.2186,12.03,159304.19,7.99,90.69,5.28,-0,-0.9999,125.14,127.39,128.88,24.96,Cornering,"Hoosier 43075 16x7.5-10 R20, 7 inch rim",11345
78.29,550.359,1.51,-106.35,-46.97,1.995,-5.99,10.25,0.03,-0.0321,2.2642,12.11,159367.58,7.99,90.67,5.32,-0,-0.9999,125.08,127.45,128.92,24.97,Cornering,"Hoosier 43075 16x7.5-10 R20, 7 inch rim",11346
78.32,550.369,1.18,-107.16,-46.14,1.998,-5.72,11.25,0.09,-0.0257,2.3226,12.14,44169.28,7.99,90.61,5.361,-0,-0.9998,125.08,127.63,128.92,24.97,Cornering,"Hoosier 43075 16x7.5-10 R20, 7 inch rim",11347
78.3,550.379,0.46,-109.97,-46.32,1.999,-6.46,12.59,0.03,-0.0099,2.3742,12.13,159420.48,7.99,90.6,5.398,-0,-0.9999,125.14,127.65,129,24.98,Cornering,"Hoosier 43075 16x7.5-10 R20, 7 inch rim",11348
78.28,550.389,-0.85,-112.53,-47.46,1.989,-6.26,13.23,0.09,0.0179,2.3712,12.08,44204.72,7.99,90.61,5.436,-0,-0.9998,125.23,127.72,129.06,25,Cornering,"Hoosier 43075 16x7.5-10 R20, 7 inch rim",11349
78.31,550.399,-1.75,-115.32,-49.08,1.996,-7.34,13.93,0.09,0.0357,2.3495,12.01,44243.23,7.99,90.63,5.469,-0,-0.9998,125.27,127.63,129.12,25.02,Cornering,"Hoosier 43075 16x7.5-10 R20, 7 inch rim",11350
78.32,550.409,-1.74,-117.3,-50.14,1.992,-8.61,14.23,0.09,0.0348,2.3395,11.96,44260.24,7.99,90.61,5.514,-0,-0.9998,125.23,127.52,129.1,25.03,Cornering,"Hoosier 43075 16x7.5-10 R20, 7 inch rim",11351
78.29,550.419,-0.85,-118.65,-51.44,1.989,-9.45,14.32,0.09,0.0165,2.3068,12,44276.33,7.99,90.62,5.572,-0,-0.9998,125.21,127.41,129.14,25.04,Cornering,"Hoosier 43075 16x7.5-10 R20, 7 inch rim",11352
78.29,550.429,0.11,-118.04,-52.6,2.001,-8.7,13.31,0.16,-0.0021,2.2442,12.06,25691.29,7.99,90.66,5.608,-0,-0.9997,125.23,127.34,129.14,25.04,Cornering,"Hoosier 43075 16x7.5-10 R20, 7 inch rim",11353
78.31,550.439,0.87,-115.68,-51.99,1.99,-8.2,11.85,0.09,-0.0168,2.2249,12.13,44230.01,7.99,90.69,5.64,-0,-0.9998,125.16,127.34,129.16,25.02,Cornering,"Hoosier 43075 16x7.5-10 R20, 7 inch rim",11354
78.31,550.449,1.57,-113.1,-50.7,1.996,-7.76,10.64,0.03,-0.0309,2.2306,12.19,159489.95,7.99,90.67,5.682,-0,-0.9999,125.21,127.3,129.18,25,Cornering,"Hoosier 43075 16x7.5-10 R20, 7 inch rim",11355
78.27,550.459,2.25,-110.5,-48.83,1.996,-7.4,10.03,-0.04,-0.0461,2.2633,12.16,-99136.58,7.99,90.63,5.715,-0,-1.0001,125.25,127.32,129.16,25,Cornering,"Hoosier 43075 16x7.5-10 R20, 7 inch rim",11356
78.3,550.469,2.52,-108.81,-47.19,1.99,-6.48,10.07,0.09,-0.0534,2.3057,12.09,44189.89,7.99,90.58,5.759,-0,-0.9998,125.27,127.34,129.12,25,Cornering,"Hoosier 43075 16x7.5-10 R20, 7 inch rim",11357
78.32,550.479,1.62,-108.97,-46.39,1.989,-5.75,9.77,0.03,-0.0349,2.3489,11.98,159527.75,7.99,90.53,5.808,-0,-0.9999,125.27,127.45,129.18,25.01,Cornering,"Hoosier 43075 16x7.5-10 R20, 7 inch rim",11358
78.3,550.489,0.28,-110.68,-46.07,1.986,-5.92,9.92,0.09,-0.0061,2.4023,11.95,44223.86,7.99,90.5,5.847,-0,-0.9998,125.36,127.56,129.2,25.03,Cornering,"Hoosier 43075 16x7.5-10 R20, 7 inch rim",11359
78.29,550.499,-0.66,-113.52,-46.45,1.996,-6.71,11.03,0.09,0.0142,2.4437,11.98,44221.65,7.99,90.45,5.874,-0,-0.9998,125.47,127.56,129.31,25.03,Cornering,"Hoosier 43075 16x7.5-10 R20, 7 inch rim",11360
78.32,550.509,-2.31,-116.09,-47.74,1.989,-7.13,11.2,0.03,0.0484,2.4319,12.03,159384.17,7.99,90.42,5.92,-0,-0.9999,125.55,127.56,129.33,25,Cornering,"Hoosier 43075 16x7.5-10 R20, 7 inch rim",11361
78.32,550.519,-2.9,-118.22,-49.19,1.986,-7.79,11.8,0.09,0.059,2.4032,12.13,44142.46,7.99,90.43,5.965,-0,-0.9998,125.57,127.5,129.41,24.98,Cornering,"Hoosier 43075 16x7.5-10 R20, 7 inch rim",11362
78.28,550.529,-2.89,-119.44,-51.14,1.993,-7.96,11.83,0.09,0.0566,2.3357,12.17,44099.49,7.99,90.42,5.99,-0,-0.9998,125.57,127.41,129.43,24.96,Cornering,"Hoosier 43075 16x7.5-10 R20, 7 inch rim",11363
78.3,550.539,-1.76,-119.68,-51.66,1.98,-8.74,11.72,-0.04,0.034,2.3169,12.14,-98891.98,7.99,90.37,6.049,-0,-1.0001,125.62,127.34,129.45,24.96,Cornering,"Hoosier 43075 16x7.5-10 R20, 7 inch rim",11364
78.32,550.549,-0.62,-118.31,-51.73,1.987,-8.54,11.03,0.09,0.012,2.2869,12.07,44072.1,7.99,90.37,6.073,-0,-0.9998,125.64,127.28,129.49,24.95,Cornering,"Hoosier 43075 16x7.5-10 R20, 7 inch rim",11365
78.3,550.559,0.96,-115.73,-50.91,1.995,-8.44,10.75,0.03,-0.0189,2.2732,12,159065.41,7.99,90.33,6.12,-0,-0.9999,125.72,127.28,129.57,24.96,Cornering,"Hoosier 43075 16x7.5-10 R20, 7 inch rim",11366
78.28,550.569,2.24,-113.28,-49.55,1.996,-7.93,10.49,0.03,-0.0453,2.2861,12,159056.23,7.99,90.31,6.15,-0,-0.9999,125.79,127.34,129.53,24.96,Cornering,"Hoosier 43075 16x7.5-10 R20, 7 inch rim",11367
78.31,550.579,2.63,-111.03,-47.57,2.002,-7.46,10.47,0.09,-0.0554,2.3339,12.03,44072.17,7.99,90.29,6.193,-0,-0.9998,125.81,127.37,129.47,24.96,Cornering,"Hoosier 43075 16x7.5-10 R20, 7 inch rim",11368
78.32,550.589,2.6,-110.67,-46.66,1.986,-6.69,10.52,0.09,-0.0558,2.3715,12.12,44088.1,7.99,90.26,6.246,-0,-0.9998,125.81,127.39,129.45,24.97,Cornering,"Hoosier 43075 16x7.5-10 R20, 7 inch rim",11369
78.29,550.599,1.94,-111.29,-45.98,1.983,-6.06,11.01,0.03,-0.0422,2.4202,12.17,159163.25,7.99,90.26,6.282,-0,-0.9999,125.74,127.52,129.47,24.98,Cornering,"Hoosier 43075 16x7.5-10 R20, 7 inch rim",11370
78.3,550.609,0.81,-113.52,-45.86,1.993,-6.63,11.77,0.03,-0.0177,2.4753,12.17,159150.67,7.99,90.3,6.322,-0,-0.9999,125.85,127.63,129.49,24.98,Cornering,"Hoosier 43075 16x7.5-10 R20, 7 inch rim",11371
78.32,550.619,-0.87,-115.67,-46.58,1.992,-6.68,12.05,0.09,0.0188,2.4835,12.11,44098.99,7.99,90.38,6.356,-0,-0.9998,125.87,127.65,129.61,24.98,Cornering,"Hoosier 43075 16x7.5-10 R20, 7 inch rim",11372
78.3,550.629,-2.12,-117.78,-48.18,1.986,-7.2,12.19,0.03,0.044,2.4447,12.03,159200.97,7.99,90.43,6.396,-0,-0.9999,125.87,127.61,129.65,24.99,Cornering,"Hoosier 43075 16x7.5-10 R20, 7 inch rim",11373
78.29,550.639,-2.3,-119.55,-49.27,2.004,-8.27,12.54,0.03,0.0467,2.4265,11.98,159300.31,7.99,90.49,6.432,-0,-0.9999,125.87,127.5,129.69,25.01,Cornering,"Hoosier 43075 16x7.5-10 R20, 7 inch rim",11374
78.31,550.649,-1.85,-120.56,-50.73,1.996,-8.75,12.41,0.09,0.0365,2.3766,12,44149.87,7.99,90.56,6.475,-0,-0.9998,125.87,127.45,129.69,25.01,Cornering,"Hoosier 43075 16x7.5-10 R20, 7 inch rim",11375
78.31,550.659,-0.99,-120.14,-51.65,1.98,-8.21,11.59,0.09,0.0191,2.3261,12.06,44125.68,7.99,90.63,6.517,-0,-0.9998,125.94,127.32,129.69,25,Cornering,"Hoosier 43075 16x7.5-10 R20, 7 inch rim",11376
78.29,550.669,0.43,-118.82,-51.62,1.998,-8.33,11,0.16,-0.0084,2.3019,12.14,25597.21,7.99,90.66,6.561,-0,-0.9997,126,127.3,129.71,24.99,Cornering,"Hoosier 43075 16x7.5-10 R20, 7 inch rim",11377
78.3,550.679,1.56,-116.52,-50.54,1.998,-8.3,10.29,0.09,-0.0309,2.3055,12.19,44036.48,7.99,90.66,6.598,-0,-0.9998,126.04,127.32,129.73,24.96,Cornering,"Hoosier 43075 16x7.5-10 R20, 7 inch rim",11378
78.33,550.689,2.46,-113.91,-48.79,1.993,-7.64,9.93,0.09,-0.0504,2.3347,12.17,43991.54,7.99,90.68,6.643,-0,-0.9998,126.07,127.34,129.75,24.93,Cornering,"Hoosier 43075 16x7.5-10 R20, 7 inch rim",11379
78.3,550.699,2.82,-112.55,-47.37,1.995,-7.03,10,0.09,-0.0596,2.3759,12.1,43998.35,7.99,90.69,6.68,-0,-0.9998,126.11,127.41,129.67,24.94,Cornering,"Hoosier 43075 16x7.5-10 R20, 7 inch rim",11380
78.28,550.709,1.98,-112.22,-45.92,1.982,-6.47,9.79,0.09,-0.0431,2.4438,12.01,44025.07,7.99,90.7,6.723,-0,-0.9998,126.15,127.45,129.69,24.96,Cornering,"Hoosier 43075 16x7.5-10 R20, 7 inch rim",11381
78.31,550.719,1.13,-113.04,-45.91,1.993,-5.52,10.29,0.03,-0.0246,2.462,11.93,158932.02,7.99,90.71,6.767,-0,-0.9999,126.22,127.56,129.73,24.97,Cornering,"Hoosier 43075 16x7.5-10 R20, 7 inch rim",11382
78.32,550.729,-0.37,-114.76,-45.92,1.995,-5.44,10.63,0.03,0.0081,2.4991,11.96,158958.3,7.99,90.69,6.799,-0,-0.9999,126.32,127.63,129.83,24.97,Cornering,"Hoosier 43075 16x7.5-10 R20, 7 inch rim",11383
78.29,550.739,-1.69,-117.09,-46.81,1.998,-6.38,11.3,0.09,0.036,2.5014,12.02,44065.91,7.99,90.71,6.833,-0,-0.9998,126.39,127.63,129.89,24.98,Cornering,"Hoosier 43075 16x7.5-10 R20, 7 inch rim",11384
78.29,550.749,-2.13,-119.16,-48.89,1.987,-6.44,12.03,0.09,0.0435,2.4371,12.12,44041.28,7.99,90.72,6.878,-0,-0.9998,126.32,127.54,129.91,24.97,Cornering,"Hoosier 43075 16x7.5-10 R20, 7 inch rim",11385
78.32,550.759,-2.3,-121.31,-50.24,1.989,-8.23,12,-0.04,0.0457,2.4146,12.18,-98695.66,7.99,90.69,6.915,-0,-1.0001,126.37,127.48,129.93,24.95,Cornering,"Hoosier 43075 16x7.5-10 R20, 7 inch rim",11386
78.3,550.769,-1.87,-122.11,-51.44,2.001,-8.88,11.4,0.23,0.0364,2.3737,12.17,17979.06,7.99,90.63,6.952,-0,-0.9996,126.34,127.3,129.99,24.94,Cornering,"Hoosier 43075 16x7.5-10 R20, 7 inch rim",11387
78.28,550.779,-0.52,-121.44,-51.68,1.992,-9.24,10.93,-0.04,0.01,2.3499,12.12,-98586.78,7.99,90.61,6.995,-0,-1.0001,126.37,127.26,130.03,24.93,Cornering,"Hoosier 43075 16x7.5-10 R20, 7 inch rim",11388
78.3,550.789,0.75,-119.62,-51.09,1.998,-9.16,10.16,-0.04,-0.0146,2.3413,12.01,-98597.63,7.99,90.6,7.051,-0,-1.0001,126.37,127.26,130.01,24.93,Cornering,"Hoosier 43075 16x7.5-10 R20, 7 inch rim",11389
78.33,550.799,1.93,-116.8,-49.89,1.986,-8.24,9.82,0.03,-0.0386,2.3413,11.95,158638.92,7.99,90.6,7.084,-0,-0.9999,126.41,127.28,130.01,24.94,Cornering,"Hoosier 43075 16x7.5-10 R20, 7 inch rim",11390
78.3,550.809,2.78,-114.04,-48.4,1.987,-6.95,9.89,0.03,-0.0575,2.3561,11.97,158623.3,7.99,90.59,7.128,-0,-0.9999,126.41,127.3,129.95,24.94,Cornering,"Hoosier 43075 16x7.5-10 R20, 7 inch rim",11391
78.29,550.819,2.58,-112.7,-46.71,1.992,-6.04,9.85,0.03,-0.0553,2.4127,12,158611.66,7.99,90.63,7.161,-0,-0.9999,126.39,127.34,129.91,24.94,Cornering,"Hoosier 43075 16x7.5-10 R20, 7 inch rim",11392
78.31,550.829,2.11,-112.88,-45.76,1.992,-5.48,10.4,0.03,-0.046,2.4671,12.08,158596.38,7.99,90.62,7.204,-0,-0.9999,126.41,127.45,129.93,24.94,Cornering,"Hoosier 43075 16x7.5-10 R20, 7 inch rim",11393
78.32,550.839,0.73,-114.31,-45.59,1.998,-5.27,10.67,-0.04,-0.0161,2.5072,12.17,-98530.92,7.99,90.62,7.25,-0,-1.0001,126.45,127.59,129.95,24.93,Cornering,"Hoosier 43075 16x7.5-10 R20, 7 inch rim",11394
78.29,550.849,-0.74,-116.74,-46.79,1.992,-5.17,11.18,0.03,0.0157,2.4947,12.19,158460.14,7.99,90.62,7.276,-0,-0.9999,126.58,127.61,130.01,24.92,Cornering,"Hoosier 43075 16x7.5-10 R20, 7 inch rim",11395
78.3,550.859,-1.99,-119.08,-47.59,1.998,-6.51,11.68,0.03,0.0417,2.5023,12.15,158439.97,7.99,90.64,7.331,-0,-0.9999,126.65,127.63,130.07,24.92,Cornering,"Hoosier 43075 16x7.5-10 R20, 7 inch rim",11396
78.33,550.869,-2.52,-121.04,-48.74,1.989,-8.23,12.06,0.23,0.0517,2.4834,12.08,17949.91,7.99,90.69,7.366,-0,-0.9996,126.71,127.5,130.17,24.92,Cornering,"Hoosier 43075 16x7.5-10 R20, 7 inch rim",11397
78.3,550.879,-2.41,-122.41,-50.69,1.993,-8.54,11.79,0.03,0.0475,2.4147,12,158527.58,7.99,90.77,7.394,-0,-0.9999,126.73,127.41,130.21,24.94,Cornering,"Hoosier 43075 16x7.5-10 R20, 7 inch rim",11398
78.28,550.889,-1.36,-122.54,-51.07,1.989,-9.32,11.37,0.09,0.0266,2.3995,11.97,43976.3,7.99,90.82,7.435,-0,-0.9998,126.71,127.34,130.25,24.97,Cornering,"Hoosier 43075 16x7.5-10 R20, 7 inch rim",11399
78.31,550.899,0.06,-121.01,-50.87,1.993,-9.49,10.74,0.09,-0.0011,2.3789,11.98,43992.91,7.99,90.86,7.472,-0,-0.9998,126.73,127.21,130.25,24.98,Cornering,"Hoosier 43075 16x7.5-10 R20, 7 inch rim",11400
78.32,550.909,1.06,-118.09,-50.32,2.001,-7.82,9.8,0.09,-0.0211,2.347,12.06,44018.52,7.99,90.91,7.52,-0,-0.9998,126.73,127.23,130.25,25,Cornering,"Hoosier 43075 16x7.5-10 R20, 7 inch rim",11401
78.28,550.919,2.11,-115.48,-48.95,1.999,-7.15,9.58,0.09,-0.0432,2.3592,12.15,43983.6,7.99,90.92,7.562,-0,-0.9998,126.8,127.28,130.19,24.98,Cornering,"Hoosier 43075 16x7.5-10 R20, 7 inch rim",11402
78.29,550.929,2.6,-113.44,-47.02,1.986,-6.37,9.52,0.03,-0.0553,2.4125,12.18,158637.94,7.99,90.88,7.593,-0,-0.9999,126.82,127.26,130.13,24.97,Cornering,"Hoosier 43075 16x7.5-10 R20, 7 inch rim",11403
78.32,550.939,2.06,-113.05,-45.31,1.992,-6.17,9.66,0.03,-0.0455,2.4951,12.14,158585.45,7.99,90.86,7.635,-0,-0.9999,126.84,127.32,130.11,24.96,Cornering,"Hoosier 43075 16x7.5-10 R20, 7 inch rim",11404
78.3,550.949,1.06,-113.96,-45.09,1.986,-5.29,9.95,-0.04,-0.0235,2.5274,12.08,-98640.39,7.99,90.85,7.671,-0,-1.0001,126.88,127.37,130.11,24.98,Cornering,"Hoosier 43075 16x7.5-10 R20, 7 inch rim",11405
78.28,550.959,0.05,-116.19,-45.37,1.998,-5.96,10.96,0.03,-0.0012,2.5608,12.02,158846.25,7.99,90.86,7.724,-0,-0.9999,126.99,127.48,130.21,25.01,Cornering,"Hoosier 43075 16x7.5-10 R20, 7 inch rim",11406
78.31,550.969,-1.28,-118.79,-46.62,1.998,-6.17,11.42,0.03,0.0276,2.5483,12,158941.86,7.99,90.89,7.762,-0,-0.9999,127.1,127.45,130.34,25.03,Cornering,"Hoosier 43075 16x7.5-10 R20, 7 inch rim",11407
78.32,550.979,-2,-121.71,-47.66,1.992,-8.25,12.09,0.09,0.042,2.5534,12.06,44072.59,7.99,90.9,7.782,-0,-0.9998,127.1,127.41,130.36,25.04,Cornering,"Hoosier 43075 16x7.5-10 R20, 7 inch rim",11408
78.29,550.989,-2.33,-123.66,-49.5,1.989,-8.69,11.92,0.16,0.047,2.4981,12.13,25570.83,7.99,90.9,7.844,-0,-0.9997,127.03,127.23,130.42,25.04,Cornering,"Hoosier 43075 16x7.5-10 R20, 7 inch rim",11409
78.29,550.999,-1.56,-124.74,-50.51,1.992,-9.65,11.79,0.09,0.0309,2.4697,12.21,43991.18,7.99,90.91,7.876,-0,-0.9998,127.1,127.17,130.42,25,Cornering,"Hoosier 43075 16x7.5-10 R20, 7 inch rim",11410
78.32,551.009,-0.57,-123.97,-51.52,2.001,-9.01,10.97,0.03,0.0111,2.4061,12.2,158591.84,7.99,90.9,7.906,-0,-0.9999,127.16,127.12,130.5,24.98,Cornering,"Hoosier 43075 16x7.5-10 R20, 7 inch rim",11411
78.3,551.019,0.84,-121.61,-51.22,1.995,-8.11,10.3,0.09,-0.0164,2.3744,12.17,43951.41,7.99,90.89,7.96,-0,-0.9998,127.12,127.12,130.52,24.98,Cornering,"Hoosier 43075 16x7.5-10 R20, 7 inch rim",11412
78.28,551.029,2.36,-118.88,-49.51,1.998,-8.3,10.19,0.09,-0.0476,2.4009,12.07,43927.58,7.99,90.88,7.992,-0,-0.9998,127.14,127.12,130.5,24.97,Cornering,"Hoosier 43075 16x7.5-10 R20, 7 inch rim",11413
78.31,551.039,3.1,-116.09,-48.02,1.993,-6.99,10,0.03,-0.0645,2.4178,11.99,158501.95,7.99,90.84,8.04,-0,-0.9999,127.18,127.19,130.48,24.97,Cornering,"Hoosier 43075 16x7.5-10 R20, 7 inch rim",11414
78.33,551.049,3.02,-114.59,-46.59,1.996,-6.24,9.89,0.09,-0.0649,2.4595,11.98,43896.94,7.99,90.81,8.085,-0,-0.9998,127.18,127.19,130.44,24.96,Cornering,"Hoosier 43075 16x7.5-10 R20, 7 inch rim",11415
78.3,551.059,2.46,-114.89,-45.17,1.986,-6.3,10.06,0.03,-0.0544,2.5438,12.03,158362.45,7.99,90.78,8.113,-0,-0.9999,127.29,127.28,130.4,24.96,Cornering,"Hoosier 43075 16x7.5-10 R20, 7 inch rim",11416
78.29,551.069,1.3,-116.78,-45.51,1.993,-6.14,10.59,0.09,-0.0286,2.566,12.09,43868.59,7.99,90.79,8.156,-0,-0.9998,127.35,127.37,130.42,24.95,Cornering,"Hoosier 43075 16x7.5-10 R20, 7 inch rim",11417
78.32,551.079,-0.13,-119.09,-45.58,1.987,-6.88,11.01,0.09,0.0029,2.6129,12.17,43873.66,7.99,90.79,8.202,-0,-0.9998,127.46,127.43,130.46,24.96,Cornering,"Hoosier 43075 16x7.5-10 R20, 7 inch rim",11418
78.3,551.089,-1.17,-121.38,-47.58,1.992,-6.71,11.77,0.03,0.0246,2.5513,12.19,158458.64,7.99,90.8,8.239,-0,-0.9999,127.52,127.37,130.54,24.98,Cornering,"Hoosier 43075 16x7.5-10 R20, 7 inch rim",11419
78.29,551.099,-1.97,-123.24,-48.99,1.998,-7.72,11.83,0.23,0.0403,2.5156,12.12,17956.22,7.99,90.78,8.269,-0,-0.9996,127.55,127.32,130.6,24.98,Cornering,"Hoosier 43075 16x7.5-10 R20, 7 inch rim",11420
78.3,551.109,-2.09,-124.39,-50.09,1.983,-8.51,11.55,0.09,0.0417,2.4834,12.06,43921.67,7.99,90.78,8.318,-0,-0.9998,127.55,127.21,130.72,24.99,Cornering,"Hoosier 43075 16x7.5-10 R20, 7 inch rim",11421
78.32,551.119,-1.29,-124.53,-50.93,1.983,-8.77,10.99,0.03,0.0253,2.4453,11.98,158370.77,7.99,90.75,8.364,-0,-0.9999,127.52,127.15,130.8,24.97,Cornering,"Hoosier 43075 16x7.5-10 R20, 7 inch rim",11422
78.3,551.129,-0.12,-123.19,-51.32,2.001,-8.23,10.25,0.03,0.0023,2.4004,11.98,158357.73,7.99,90.73,8.395,-0,-0.9999,127.55,127.06,130.78,24.97,Cornering,"Hoosier 43075 16x7.5-10 R20, 7 inch rim",11423
78.29,551.139,1.32,-120.56,-50.55,1.999,-7.59,9.8,0.03,-0.026,2.3848,12.02,158267.56,7.99,90.7,8.435,-0,-0.9999,127.57,127.06,130.8,24.96,Cornering,"Hoosier 43075 16x7.5-10 R20, 7 inch rim",11424
78.32,551.148,2.56,-118.06,-48.98,1.989,-7.05,9.59,0.09,-0.0522,2.4103,12.11,43873,7.99,90.71,8.475,-0,-0.9998,127.59,127.06,130.76,24.97,Cornering,"Hoosier 43075 16x7.5-10 R20, 7 inch rim",11425
78.31,551.159,2.4,-115.96,-47.17,1.995,-6.57,8.83,0.03,-0.0509,2.4582,12.14,158235.22,7.99,90.71,8.513,-0,-0.9999,127.65,127.15,130.76,24.96,Cornering,"Hoosier 43075 16x7.5-10 R20, 7 inch rim",11426
78.29,551.169,2.08,-115.5,-45.14,1.982,-7.52,8.82,0.03,-0.0461,2.5589,12.11,158252.66,7.99,90.69,8.559,-0,-0.9999,127.7,127.23,130.74,24.97,Cornering,"Hoosier 43075 16x7.5-10 R20, 7 inch rim",11427
78.3,551.179,1.73,-116.44,-44.96,1.983,-6.79,9.61,0.03,-0.0384,2.5896,12.07,158160.38,7.99,90.64,8.603,-0,-0.9999,127.78,127.39,130.76,24.96,Cornering,"Hoosier 43075 16x7.5-10 R20, 7 inch rim",11428
78.32,551.189,0.29,-118.38,-45.14,2.001,-6.7,10.12,0.09,-0.0065,2.6228,12.01,43822.51,7.99,90.65,8.646,-0,-0.9998,127.85,127.5,130.82,24.96,Cornering,"Hoosier 43075 16x7.5-10 R20, 7 inch rim",11429
78.3,551.199,-0.93,-120.32,-45.74,1.986,-7.01,10.76,-0.04,0.0204,2.6306,11.98,-98319.02,7.99,90.67,8.677,-0,-1.0001,127.91,127.59,130.86,24.96,Cornering,"Hoosier 43075 16x7.5-10 R20, 7 inch rim",11430
78.29,551.208,-1.69,-122.51,-47.02,1.995,-7.78,11.59,0.03,0.0359,2.6055,12.02,158150.02,7.99,90.65,8.713,-0,-0.9999,127.95,127.59,130.88,24.96,Cornering,"Hoosier 43075 16x7.5-10 R20, 7 inch rim",11431
78.31,551.219,-2.37,-124.17,-49.01,1.996,-7.79,11.56,0.09,0.0483,2.5333,12.11,43808.88,7.99,90.7,8.76,-0,-0.9998,127.93,127.5,130.96,24.96,Cornering,"Hoosier 43075 16x7.5-10 R20, 7 inch rim",11432
78.32,551.229,-1.98,-125.22,-50,1.993,-8.74,11.32,0.03,0.0395,2.5043,12.17,158111.66,7.99,90.71,8.802,-0,-0.9999,127.89,127.43,131.02,24.96,Cornering,"Hoosier 43075 16x7.5-10 R20, 7 inch rim",11433
78.28,551.239,-0.52,-125.33,-51.16,1.99,-8.69,11.21,0.09,0.0102,2.4498,12.15,43798.89,7.99,90.73,8.843,-0,-0.9998,127.85,127.43,131.1,24.96,Cornering,"Hoosier 43075 16x7.5-10 R20, 7 inch rim",11434
78.3,551.249,0.33,-123.63,-50.73,1.99,-8.59,10.13,-0.11,-0.0066,2.4371,12.09,-37464.55,7.99,90.72,8.884,-0,-1.0002,127.89,127.43,131.14,24.95,Cornering,"Hoosier 43075 16x7.5-10 R20, 7 inch rim",11435
78.32,551.259,1.68,-121.12,-50.06,1.983,-7.7,9.63,0.09,-0.0335,2.4196,12.01,43779.69,7.99,90.71,8.918,-0,-0.9998,127.91,127.5,131.1,24.95,Cornering,"Hoosier 43075 16x7.5-10 R20, 7 inch rim",11436
78.3,551.268,2.51,-118.57,-48.69,1.996,-6.98,9.52,0.03,-0.0515,2.4354,11.95,158007.25,7.99,90.68,8.957,-0,-0.9999,127.95,127.54,131.08,24.96,Cornering,"Hoosier 43075 16x7.5-10 R20, 7 inch rim",11437
78.28,551.279,2.5,-116.62,-46.36,1.996,-6.95,9.2,0.03,-0.0538,2.5155,11.97,157992.05,7.99,90.67,8.991,-0,-0.9999,127.98,127.52,131.06,24.96,Cornering,"Hoosier 43075 16x7.5-10 R20, 7 inch rim",11438
78.3,551.289,2.12,-116.32,-45.38,1.995,-5.91,9.43,0.09,-0.0466,2.563,12.04,43795.62,7.99,90.66,9.037,-0,-0.9998,128.04,127.61,131,24.97,Cornering,"Hoosier 43075 16x7.5-10 R20, 7 inch rim",11439
78.32,551.299,0.96,-117.6,-44.79,1.999,-6.18,9.64,0.03,-0.0214,2.6254,12.11,158029.75,7.99,90.68,9.071,-0,-0.9999,128.13,127.63,131,24.97,Cornering,"Hoosier 43075 16x7.5-10 R20, 7 inch rim",11440
78.29,551.309,-0.29,-119.29,-45.03,1.996,-6.29,10.11,0.09,0.0065,2.6491,12.17,43775.16,7.99,90.73,9.12,-0,-0.9998,128.25,127.67,131,24.96,Cornering,"Hoosier 43075 16x7.5-10 R20, 7 inch rim",11441
78.29,551.319,-1.05,-121.77,-45.68,1.996,-7.14,11.22,0.09,0.0229,2.6654,12.16,43780.86,7.99,90.77,9.156,-0,-0.9998,128.3,127.72,131.02,24.97,Cornering,"Hoosier 43075 16x7.5-10 R20, 7 inch rim",11442
78.33,551.328,-1.98,-123.91,-47.67,1.999,-7.53,11.36,0.09,0.0415,2.5994,12.09,43756.41,7.99,90.76,9.189,-0,-0.9998,128.25,127.63,131.14,24.96,Cornering,"Hoosier 43075 16x7.5-10 R20, 7 inch rim",11443
78.31,551.339,-2.19,-125.23,-49.1,1.99,-8.2,11.39,0.03,0.0446,2.5507,12.01,157885.38,7.99,90.77,9.229,-0,-0.9999,128.3,127.5,131.2,24.96,Cornering,"Hoosier 43075 16x7.5-10 R20, 7 inch rim",11444
78.28,551.349,-1.54,-126.3,-50.56,1.996,-8.66,11.03,0.03,0.0305,2.4979,11.96,157861.22,7.99,90.77,9.282,-0,-0.9999,128.3,127.39,131.31,24.96,Cornering,"Hoosier 43075 16x7.5-10 R20, 7 inch rim",11445
78.31,551.359,-0.56,-125.5,-51,1.993,-8.87,10.19,0.03,0.011,2.461,11.96,157846.14,7.99,90.77,9.315,-0,-0.9999,128.28,127.26,131.43,24.96,Cornering,"Hoosier 43075 16x7.5-10 R20, 7 inch rim",11446
78.33,551.369,0.91,-123.65,-50.4,1.995,-8.76,9.65,0.03,-0.0182,2.4536,12.03,157899.7,7.99,90.78,9.358,-0,-0.9999,128.34,127.28,131.43,24.97,Cornering,"Hoosier 43075 16x7.5-10 R20, 7 inch rim",11447
78.29,551.379,2.34,-120.76,-49.09,2.001,-8.03,9.54,0.03,-0.0477,2.46,12.11,157879.2,7.99,90.76,9.402,-0,-0.9999,128.36,127.34,131.47,24.97,Cornering,"Hoosier 43075 16x7.5-10 R20, 7 inch rim",11448
78.29,551.388,2.67,-118.09,-47.58,1.986,-6.83,9.02,0.09,-0.0562,2.482,12.14,43765.18,7.99,90.77,9.439,-0,-0.9998,128.4,127.37,131.39,24.98,Cornering,"Hoosier 43075 16x7.5-10 R20, 7 inch rim",11449
78.32,551.398,2.72,-116.66,-45.53,2.001,-6.7,9.18,0.09,-0.0598,2.5622,12.14,43760.56,7.99,90.78,9.475,-0,-0.9998,128.49,127.48,131.37,24.98,Cornering,"Hoosier 43075 16x7.5-10 R20, 7 inch rim",11450
78.31,551.409,2.03,-117.06,-45.17,1.986,-5.68,9.41,0.09,-0.045,2.5913,12.06,43755.73,7.99,90.8,9.512,-0,-0.9998,128.51,127.56,131.35,24.98,Cornering,"Hoosier 43075 16x7.5-10 R20, 7 inch rim",11451
78.28,551.419,0.87,-118.34,-44.68,1.99,-5.59,9.93,0.03,-0.0195,2.6484,11.99,157878.25,7.99,90.81,9.561,-0,-0.9999,128.68,127.65,131.37,24.98,Cornering,"Hoosier 43075 16x7.5-10 R20, 7 inch rim",11452
78.3,551.429,-0.45,-120.52,-44.95,1.993,-6.19,10.62,0.16,0.0099,2.6813,11.97,25372.4,7.99,90.8,9.599,-0,-0.9997,128.79,127.7,131.41,24.96,Cornering,"Hoosier 43075 16x7.5-10 R20, 7 inch rim",11453
78.32,551.439,-1.42,-123.09,-46.34,1.985,-7.08,11.44,0.09,0.0306,2.6562,12,43729.49,7.99,90.79,9.635,-0,-0.9998,128.77,127.63,131.51,24.97,Cornering,"Hoosier 43075 16x7.5-10 R20, 7 inch rim",11454
78.3,551.448,-2.34,-124.9,-48.34,1.985,-7.24,11.25,0.09,0.0485,2.5841,12.07,43744.7,7.99,90.82,9.674,-0,-0.9998,128.81,127.59,131.59,24.98,Cornering,"Hoosier 43075 16x7.5-10 R20, 7 inch rim",11455
78.29,551.458,-2.52,-126.62,-49.58,1.992,-8.96,10.93,0.03,0.0507,2.5539,12.14,157983.81,7.99,90.86,9.724,-0,-0.9999,128.75,127.5,131.63,25.01,Cornering,"Hoosier 43075 16x7.5-10 R20, 7 inch rim",11456
78.32,551.469,-1.46,-127.09,-50.58,1.999,-9.32,10.56,0.09,0.0289,2.5128,12.12,43783.07,7.99,90.86,9.767,-0,-0.9998,128.77,127.45,131.73,25.01,Cornering,"Hoosier 43075 16x7.5-10 R20, 7 inch rim",11457
78.32,551.479,0.17,-125.86,-51.28,2.006,-8.59,10.19,0.09,-0.0034,2.4544,12.08,43748.05,7.98,90.89,9.801,-0,-0.9998,128.77,127.43,131.79,25,Cornering,"Hoosier 43075 16x7.5-10 R20, 7 inch rim",11458
78.29,551.489,1.4,-123.35,-50.12,1.995,-8.09,9.46,0.09,-0.0278,2.4611,12,43712.44,7.99,90.89,9.84,-0,-0.9998,128.77,127.48,131.79,24.98,Cornering,"Hoosier 43075 16x7.5-10 R20, 7 inch rim",11459
78.3,551.499,2.29,-120.55,-49.17,1.992,-6.58,9.11,0.09,-0.0466,2.4516,11.94,43675.65,7.99,90.86,9.887,-0,-0.9998,128.83,127.5,131.79,24.96,Cornering,"Hoosier 43075 16x7.5-10 R20, 7 inch rim",11460
78.32,551.509,2.54,-118.48,-47.38,2.004,-6.14,8.66,0.09,-0.0535,2.5008,11.94,43671.79,7.98,90.85,9.916,-0,-0.9998,128.83,127.54,131.71,24.96,Cornering,"Hoosier 43075 16x7.5-10 R20, 7 inch rim",11461
78.3,551.518,2.28,-117.83,-45.37,1.985,-6.28,8.76,-0.04,-0.0502,2.597,11.98,-97907.03,7.99,90.86,9.962,-0,-1.0001,128.83,127.63,131.67,24.95,Cornering,"Hoosier 43075 16x7.5-10 R20, 7 inch rim",11462
78.28,551.529,1.55,-118.52,-44.77,1.996,-5.96,9.18,0.09,-0.0347,2.6471,12.08,43662.08,7.98,90.89,9.988,-0,-0.9998,128.9,127.7,131.63,24.96,Cornering,"Hoosier 43075 16x7.5-10 R20, 7 inch rim",11463
78.31,551.539,0.49,-120.48,-44.62,1.982,-6.4,9.96,-0.04,-0.0109,2.7,12.14,-97928.89,7.99,90.91,10.039,-0,-1.0001,129.05,127.78,131.57,24.96,Cornering,"Hoosier 43075 16x7.5-10 R20, 7 inch rim",11464
78.32,551.549,-0.64,-122.83,-45.91,1.993,-6.45,10.73,0.09,0.014,2.6755,12.13,43640.59,7.99,90.92,10.071,-0,-0.9998,129.09,127.72,131.65,24.96,Cornering,"Hoosier 43075 16x7.5-10 R20, 7 inch rim",11465
78.28,551.559,-1.62,-124.8,-47.08,1.987,-7.48,11.25,0.09,0.0343,2.6507,12.08,43634.69,7.99,90.89,10.114,-0,-0.9998,129.07,127.65,131.71,24.96,Cornering,"Hoosier 43075 16x7.5-10 R20, 7 inch rim",11466
78.3,551.569,-2.05,-126.45,-48.96,1.986,-7.87,11.36,-0.04,0.0418,2.5827,12,-97846.75,7.99,90.85,10.158,-0,-1.0001,129.01,127.54,131.83,24.95,Cornering,"Hoosier 43075 16x7.5-10 R20, 7 inch rim",11467
78.32,551.578,-1.93,-127.53,-50.78,1.996,-8.16,10.8,0.09,0.038,2.5113,11.94,43633.34,7.99,90.82,10.197,-0,-0.9998,128.92,127.45,131.89,24.96,Cornering,"Hoosier 43075 16x7.5-10 R20, 7 inch rim",11468
78.3,551.589,-0.63,-127.36,-51.26,1.995,-8.28,10.55,0.09,0.0124,2.4847,11.95,43648.62,7.99,90.81,10.232,-0,-0.9998,128.9,127.37,132.03,24.97,Cornering,"Hoosier 43075 16x7.5-10 R20, 7 inch rim",11469
78.28,551.599,0.91,-125.74,-51.23,1.982,-7.56,10.09,0.03,-0.0177,2.4544,11.98,157493.66,7.99,90.81,10.274,-0,-0.9999,128.86,127.39,132.01,24.97,Cornering,"Hoosier 43075 16x7.5-10 R20, 7 inch rim",11470
78.3,551.609,2.31,-123.42,-50.39,1.982,-6.91,9.75,0.09,-0.0459,2.4492,12.06,43605.8,7.99,90.81,10.321,-0,-0.9998,128.92,127.45,132.05,24.96,Cornering,"Hoosier 43075 16x7.5-10 R20, 7 inch rim",11471
78.32,551.619,2.8,-120.93,-48.64,2.004,-7,9.18,0.03,-0.0576,2.4861,12.11,157271.72,7.98,90.8,10.351,-0,-0.9999,128.94,127.5,131.97,24.94,Cornering,"Hoosier 43075 16x7.5-10 R20, 7 inch rim",11472
78.29,551.629,3.01,-119.16,-47.03,1.982,-6.22,9.03,-0.04,-0.064,2.5336,12.08,-97707.21,7.99,90.8,10.386,-0,-1.0001,128.98,127.56,131.97,24.93,Cornering,"Hoosier 43075 16x7.5-10 R20, 7 inch rim",11473
78.29,551.638,2.38,-119.09,-45.79,1.992,-5.8,9.16,0.09,-0.052,2.6005,12.04,43571.61,7.99,90.78,10.42,-0,-0.9998,129.05,127.65,131.93,24.94,Cornering,"Hoosier 43075 16x7.5-10 R20, 7 inch rim",11474
78.32,551.648,1.1,-120.2,-44.89,1.99,-6.31,9.42,-0.04,-0.0244,2.6776,12,-97791.12,7.99,90.78,10.479,-0,-1.0001,129.24,127.74,131.87,24.96,Cornering,"Hoosier 43075 16x7.5-10 R20, 7 inch rim",11475
78.31,551.659,0.07,-122.51,-45.09,1.986,-6.79,10.14,0.16,-0.0015,2.717,11.99,25299.63,7.99,90.75,10.514,-0,-0.9997,129.41,127.7,131.97,24.96,Cornering,"Hoosier 43075 16x7.5-10 R20, 7 inch rim",11476
78.28,551.669,-1,-125.08,-46.84,1.982,-6.67,10.97,0.09,0.0213,2.6705,12.03,43562.12,7.99,90.76,10.557,-0,-0.9998,129.54,127.7,132.03,24.95,Cornering,"Hoosier 43075 16x7.5-10 R20, 7 inch rim",11477
78.3,551.679,-2.37,-126.79,-47.86,1.987,-7.58,10.9,0.03,0.0495,2.6492,12.08,157229.3,7.99,90.77,10.576,-0,-0.9999,129.56,127.61,132.15,24.96,Cornering,"Hoosier 43075 16x7.5-10 R20, 7 inch rim",11478
78.32,551.689,-2.65,-128,-49.5,1.989,-8.14,10.86,0.09,0.0535,2.586,12.14,43570.38,7.99,90.76,10.64,-0,-0.9998,129.54,127.5,132.32,24.96,Cornering,"Hoosier 43075 16x7.5-10 R20, 7 inch rim",11479
78.29,551.698,-2.07,-128.49,-50.69,2.001,-8.5,10.4,0.09,0.0408,2.5348,12.13,43584.59,7.98,90.77,10.682,-0,-0.9998,129.54,127.41,132.42,24.97,Cornering,"Hoosier 43075 16x7.5-10 R20, 7 inch rim",11480
78.29,551.708,-0.37,-127.34,-51.2,1.992,-8.01,10.4,0.09,0.0073,2.4873,12.05,43619.84,7.99,90.78,10.718,-0,-0.9998,129.67,127.39,132.5,25,Cornering,"Hoosier 43075 16x7.5-10 R20, 7 inch rim",11481
78.32,551.719,0.92,-125.66,-51.13,1.998,-7.75,9.54,0.09,-0.018,2.4575,11.97,43604.07,7.98,90.81,10.756,-0,-0.9998,129.63,127.41,132.48,24.99,Cornering,"Hoosier 43075 16x7.5-10 R20, 7 inch rim",11482
78.32,551.729,1.95,-123.18,-49.53,1.99,-7.82,8.78,0.16,-0.0394,2.4872,11.92,25293.02,7.99,90.85,10.802,-0,-0.9997,129.65,127.48,132.42,24.98,Cornering,"Hoosier 43075 16x7.5-10 R20, 7 inch rim",11483
78.28,551.739,2.47,-120.46,-47.75,1.996,-6.97,8.37,0.03,-0.0517,2.5224,11.95,157166.86,7.98,90.89,10.834,-0,-0.9999,129.76,127.54,132.38,24.97,Cornering,"Hoosier 43075 16x7.5-10 R20, 7 inch rim",11484
78.3,551.749,2.03,-119.47,-46.18,2.009,-6.74,7.9,-0.04,-0.044,2.5871,12.04,-97639.21,7.98,90.94,10.875,-0,-1.0001,129.82,127.65,132.34,24.96,Cornering,"Hoosier 43075 16x7.5-10 R20, 7 inch rim",11485
78.32,551.758,1.71,-119.73,-45.52,1.995,-5.99,8.53,0.03,-0.0376,2.6303,12.14,157044.97,7.99,91,10.925,-0,-0.9999,129.91,127.67,132.3,24.96,Cornering,"Hoosier 43075 16x7.5-10 R20, 7 inch rim",11486
78.3,551.768,0.49,-121.09,-45.04,1.985,-6.08,8.87,0.09,-0.0109,2.6889,12.19,43514.02,7.99,91.03,10.955,-0,-0.9998,130.1,127.76,132.32,24.96,Cornering,"Hoosier 43075 16x7.5-10 R20, 7 inch rim",11487
78.29,551.779,-0.86,-122.8,-45.61,1.987,-5.95,9.34,0.09,0.0188,2.6925,12.18,43506.54,7.99,91.02,11.006,-0,-0.9998,130.29,127.76,132.36,24.96,Cornering,"Hoosier 43075 16x7.5-10 R20, 7 inch rim",11488
78.32,551.789,-1.43,-125.28,-46.54,1.989,-7.14,10.5,0.16,0.0307,2.6919,12.13,25248.81,7.99,90.99,11.043,-0,-0.9997,130.4,127.81,132.4,24.96,Cornering,"Hoosier 43075 16x7.5-10 R20, 7 inch rim",11489
78.31,551.799,-2.11,-126.98,-48.21,1.996,-7.48,10.8,0.03,0.0438,2.6336,12.01,156849.83,7.98,90.99,11.084,-0,-0.9999,130.38,127.7,132.54,24.94,Cornering,"Hoosier 43075 16x7.5-10 R20, 7 inch rim",11490
78.28,551.809,-2.44,-128.53,-49.99,2.006,-8,10.36,0.09,0.0488,2.5711,11.96,43428.28,7.98,90.95,11.123,-0,-0.9998,130.29,127.67,132.66,24.92,Cornering,"Hoosier 43075 16x7.5-10 R20, 7 inch rim",11491
78.3,551.818,-1.39,-129.05,-51.43,1.993,-7.98,10.22,0.09,0.0271,2.5092,11.96,43420.91,7.98,90.89,11.172,-0,-0.9998,130.25,127.54,132.8,24.92,Cornering,"Hoosier 43075 16x7.5-10 R20, 7 inch rim",11492
78.32,551.828,0.24,-128.49,-51.89,1.976,-7.83,10.09,0.09,-0.0047,2.4762,12,43425.8,7.99,90.85,11.206,-0,-0.9998,130.19,127.54,132.88,24.93,Cornering,"Hoosier 43075 16x7.5-10 R20, 7 inch rim",11493
78.3,551.839,1.57,-127.2,-51.19,1.995,-8.42,9.49,0.09,-0.0307,2.485,12.09,43470.61,7.99,90.82,11.243,-0,-0.9998,130.21,127.52,132.8,24.96,Cornering,"Hoosier 43075 16x7.5-10 R20, 7 inch rim",11494
78.29,551.849,2.5,-124.26,-49.67,1.989,-7.65,9.02,-0.04,-0.0503,2.5019,12.14,-97523.54,7.98,90.78,11.285,-0,-1.0001,130.29,127.52,132.76,24.96,Cornering,"Hoosier 43075 16x7.5-10 R20, 7 inch rim",11495
78.31,551.859,2.65,-121.97,-47.87,1.989,-7.12,8.52,0.16,-0.0553,2.5482,12.11,25247.24,7.98,90.78,11.326,-0,-0.9997,130.38,127.56,132.7,24.98,Cornering,"Hoosier 43075 16x7.5-10 R20, 7 inch rim",11496
78.32,551.869,2.32,-120.82,-46.58,2.002,-6.35,8.6,0.09,-0.0498,2.5939,12.07,43471.44,7.98,90.79,11.369,-0,-0.9998,130.4,127.63,132.56,24.97,Cornering,"Hoosier 43075 16x7.5-10 R20, 7 inch rim",11497
78.29,551.878,1.25,-120.97,-45.66,1.996,-6,8.77,0.16,-0.0273,2.6494,11.99,25234.58,7.98,90.8,11.402,-0,-0.9997,130.57,127.76,132.42,24.97,Cornering,"Hoosier 43075 16x7.5-10 R20, 7 inch rim",11498
78.3,551.888,0.57,-122.16,-44.96,1.977,-6.8,9.82,0.09,-0.0128,2.7168,11.95,43479.41,7.99,90.82,11.448,-0,-0.9998,130.74,127.81,132.26,24.98,Cornering,"Hoosier 43075 16x7.5-10 R20, 7 inch rim",11499
78.32,551.898,-1.03,-123.13,-46.51,1.996,-5.96,10.18,0.09,0.0222,2.6472,11.99,43513.07,7.98,90.84,11.491,-0,-0.9998,130.85,127.87,132.19,25,Cornering,"Hoosier 43075 16x7.5-10 R20, 7 inch rim",11500
78.3,551.909,-1.96,-124.22,-48.06,2.004,-6.93,10.83,0.16,0.0407,2.5845,12.05,25265.34,7.98,90.84,11.515,-0,-0.9997,130.83,127.83,132.15,25.01,Cornering,"Hoosier 43075 16x7.5-10 R20, 7 inch rim",11501
78.28,551.919,-2.6,-124.47,-49.54,1.998,-7.77,10.87,0.09,0.0524,2.5124,12.11,43550.24,7.98,90.87,11.575,-0,-0.9998,130.76,127.7,132.17,25.03,Cornering,"Hoosier 43075 16x7.5-10 R20, 7 inch rim",11502
78.31,551.929,-2.15,-125.77,-50.9,1.983,-8.89,10.72,0.09,0.0422,2.471,12.11,43527.59,7.99,90.89,11.591,-0,-0.9998,130.61,127.54,132.15,25.02,Cornering,"Hoosier 43075 16x7.5-10 R20, 7 inch rim",11503
78.32,551.938,-0.84,-126.43,-52.63,2.005,-8.3,10.56,0.03,0.016,2.4024,12.08,157014.48,7.98,90.88,11.638,-0,-0.9999,130.57,127.48,132.13,25.01,Cornering,"Hoosier 43075 16x7.5-10 R20, 7 inch rim",11504
78.29,551.948,0.94,-126.2,-52.32,1.987,-8.41,10.05,0.09,-0.0179,2.4122,12,43473.21,7.99,90.87,11.68,-0,-0.9998,130.55,127.48,132.09,25,Cornering,"Hoosier 43075 16x7.5-10 R20, 7 inch rim",11505
78.3,551.958,1.57,-124.85,-51.34,1.993,-7.83,8.23,0.09,-0.0305,2.4317,11.95,43446.91,7.98,90.86,11.719,-0,-0.9998,130.57,127.5,131.99,24.98,Cornering,"Hoosier 43075 16x7.5-10 R20, 7 inch rim",11506
78.32,551.969,1.71,-122.84,-49.83,1.987,-7.03,6.55,0.16,-0.0344,2.4653,11.93,25197.5,7.98,90.85,11.744,-0,-0.9997,130.59,127.56,131.91,24.97,Cornering,"Hoosier 43075 16x7.5-10 R20, 7 inch rim",11507
78.31,551.979,0.17,-120.52,-48.54,1.986,-5.31,3.91,0.03,-0.0035,2.483,11.97,156654.47,7.98,90.86,11.759,-0,-0.9999,130.61,127.7,131.91,24.97,Cornering,"Hoosier 43075 16x7.5-10 R20, 7 inch rim",11508
78.28,551.989,-2.18,-119.77,-47.79,1.99,-3.89,1.35,0.09,0.0456,2.5062,12.08,43404.55,7.98,90.85,11.794,-0,-0.9998,130.7,127.74,131.95,24.97,Cornering,"Hoosier 43075 16x7.5-10 R20, 7 inch rim",11509
78.3,551.998,-5.59,-120.29,-46.64,1.993,-4.43,-1.34,0.03,0.1198,2.5789,12.14,156549.52,7.98,90.84,11.815,-0,-0.9999,130.87,127.85,132.01,24.96,Cornering,"Hoosier 43075 16x7.5-10 R20, 7 inch rim",11510
78.32,552.008,-8.29,-122.13,-47,1.989,-5.16,-2.54,0.09,0.1764,2.5984,12.15,43367.67,7.98,90.85,11.836,-0,-0.9998,131.09,127.94,132.09,24.95,Cornering,"Hoosier 43075 16x7.5-10 R20, 7 inch rim",11511
78.29,552.018,-8.56,-124.64,-47.4,1.992,-7.41,-0.8,0.03,0.1806,2.6296,12.12,156531.27,7.98,90.82,11.846,-0,-0.9999,131.19,128.03,132.28,24.96,Cornering,"Hoosier 43075 16x7.5-10 R20, 7 inch rim",11512
78.29,552.029,-7.98,-126.93,-48.45,1.986,-9.86,1.07,0.09,0.1648,2.62,12.04,43385.75,7.98,90.82,11.849,-0,-0.9998,131.22,127.98,132.54,24.96,Cornering,"Hoosier 43075 16x7.5-10 R20, 7 inch rim",11513
78.31,552.039,-8.01,-127.83,-50.6,1.992,-9.83,1.19,0.09,0.1584,2.5264,11.97,43394.9,7.98,90.86,11.855,-0,-0.9998,131.17,127.87,132.76,24.97,Cornering,"Hoosier 43075 16x7.5-10 R20, 7 inch rim",11514
78.31,552.049,-8.73,-128.73,-51.83,1.992,-9.96,-0.52,0.09,0.1684,2.4834,11.98,43382.52,7.98,90.85,11.869,-0,-0.9998,131.09,127.74,133,24.96,Cornering,"Hoosier 43075 16x7.5-10 R20, 7 inch rim",11515
78.28,552.058,-9.61,-128.81,-52.82,1.985,-9.18,-3.55,0.09,0.182,2.4387,12.03,43363.07,7.98,90.83,11.865,-0,-0.9998,130.96,127.7,133.19,24.95,Cornering,"Hoosier 43075 16x7.5-10 R20, 7 inch rim",11516
78.3,552.068,-10.07,-127.47,-52.73,2.001,-8.2,-6.31,0.09,0.191,2.4176,12.08,43363.07,7.98,90.84,11.865,-0,-0.9998,130.91,127.7,133.29,24.95,Cornering,"Hoosier 43075 16x7.5-10 R20, 7 inch rim",11517
78.3,552.089,-7.77,-123.16,-50.58,1.998,-6.85,-6.37,-0.04,0.1536,2.4349,12.11,-97405.36,7.98,90.81,12.19,-0,-1.0001,130.83,127.72,133.33,24.98,Cornering,"Hoosier 43075 16x7.5-10 R20, 7 inch rim",11518
78.29,552.099,-4.96,-121.47,-48.61,1.989,-7.05,-2.89,0.09,0.102,2.4988,12.05,43443.2,7.98,90.82,12.182,-0,-0.9998,130.87,127.83,133.35,25,Cornering,"Hoosier 43075 16x7.5-10 R20, 7 inch rim",11519
78.32,552.109,-2.76,-122.15,-47.48,1.992,-7.88,1.05,0.09,0.0581,2.5725,12,43425.12,7.98,90.78,12.169,-0,-0.9998,130.98,127.85,133.31,24.98,Cornering,"Hoosier 43075 16x7.5-10 R20, 7 inch rim",11520
78.32,552.118,-2.06,-122.78,-47.55,1.996,-6.36,4.36,0.03,0.0432,2.5822,12,156603.98,7.98,90.73,12.16,-0,-0.9999,131.19,127.94,133.27,24.97,Cornering,"Hoosier 43075 16x7.5-10 R20, 7 inch rim",11521
78.29,552.128,-2.21,-124.64,-47.45,1.992,-6.94,6.93,0.03,0.0466,2.6267,12.03,156496.58,7.98,90.68,12.157,-0,-0.9999,131.34,127.96,133.31,24.95,Cornering,"Hoosier 43075 16x7.5-10 R20, 7 inch rim",11522
78.3,552.138,-2.11,-126.16,-48.55,1.99,-7.29,9.88,0.16,0.0434,2.5989,12.11,25173.31,7.98,90.59,12.13,-0,-0.9997,131.43,128,133.47,24.95,Cornering,"Hoosier 43075 16x7.5-10 R20, 7 inch rim",11523
78.32,552.148,-1.37,-127.1,-50.11,2.001,-7.39,12.78,0.03,0.0274,2.5366,12.15,156654.45,7.98,90.5,12.136,-0,-0.9999,131.41,127.87,133.63,24.97,Cornering,"Hoosier 43075 16x7.5-10 R20, 7 inch rim",11524
78.3,552.159,0.23,-128.37,-51.8,1.982,-7.64,15.15,0.03,-0.0044,2.4781,12.15,156837.08,7.98,90.42,12.135,-0,-0.9999,131.28,127.74,133.85,25,Cornering,"Hoosier 43075 16x7.5-10 R20, 7 inch rim",11525
78.28,552.169,2.17,-129.79,-52.93,1.992,-8.58,16.65,0.09,-0.041,2.4521,12.08,43474.4,7.98,90.38,12.113,-0,-0.9998,131.15,127.67,134.03,25.01,Cornering,"Hoosier 43075 16x7.5-10 R20, 7 inch rim",11526
78.32,552.179,4.63,-130.7,-53.6,1.992,-8.8,17.51,0.03,-0.0863,2.4383,12,156848.69,7.98,90.34,12.115,-0,-0.9999,131.07,127.65,134.13,25,Cornering,"Hoosier 43075 16x7.5-10 R20, 7 inch rim",11527
78.32,552.188,5.87,-130.06,-53.33,1.986,-8.61,16.51,0.03,-0.1101,2.4386,11.96,156846.2,7.98,90.27,12.119,-0,-0.9999,131.07,127.63,134.11,25,Cornering,"Hoosier 43075 16x7.5-10 R20, 7 inch rim",11528
78.29,552.198,7.01,-128.42,-52.19,1.996,-7.92,15.84,0.03,-0.1343,2.4607,11.97,156765.19,7.98,90.25,12.133,-0,-0.9999,131.09,127.65,134.09,24.99,Cornering,"Hoosier 43075 16x7.5-10 R20, 7 inch rim",11529
78.29,552.208,6.99,-126.45,-49.95,1.993,-8.22,14.35,0.03,-0.14,2.5316,12.04,156693.3,7.98,90.22,12.132,-0,-0.9999,131.04,127.76,134.09,24.98,Cornering,"Hoosier 43075 16x7.5-10 R20, 7 inch rim",11530
78.32,552.219,6,-124.93,-48.3,1.992,-7.33,12.77,0.09,-0.1243,2.5863,12.08,43410.96,7.98,90.24,12.132,-0,-0.9998,131.04,127.83,134.03,24.97,Cornering,"Hoosier 43075 16x7.5-10 R20, 7 inch rim",11531
78.3,552.229,3.95,-124.18,-46.89,1.992,-6.5,11.09,0.09,-0.0843,2.6482,12.09,43393.79,7.98,90.23,12.113,-0,-0.9998,131.15,127.92,133.95,24.96,Cornering,"Hoosier 43075 16x7.5-10 R20, 7 inch rim",11532
78.28,552.239,0.19,-124.86,-46.65,2.004,-6,7.73,0.03,-0.004,2.6763,12.08,156522.25,7.98,90.24,12.113,-0,-0.9999,131.39,127.94,133.91,24.95,Cornering,"Hoosier 43075 16x7.5-10 R20, 7 inch rim",11533
78.31,552.248,-4.31,-125.82,-47.3,1.98,-5.69,3.98,-0.04,0.0911,2.6597,12.01,-97259.61,7.98,90.26,12.093,-0,-1.0001,131.6,127.96,133.93,24.94,Cornering,"Hoosier 43075 16x7.5-10 R20, 7 inch rim",11534
78.32,552.258,-8.31,-126.79,-48.58,1.998,-6.08,0.69,0.03,0.171,2.6099,11.95,156508.17,7.98,90.27,12.074,-0,-0.9999,131.69,127.96,134.03,24.94,Cornering,"Hoosier 43075 16x7.5-10 R20, 7 inch rim",11535
78.29,552.268,-10.72,-127.67,-49.99,1.992,-7.05,-1.74,0.09,0.2144,2.554,11.96,43363.77,7.98,90.33,12.049,-0,-0.9998,131.73,127.85,134.16,24.94,Cornering,"Hoosier 43075 16x7.5-10 R20, 7 inch rim",11536
78.29,552.279,-11.59,-128.66,-51.82,1.982,-7.48,-3.62,0.03,0.2236,2.4826,12,156461.77,7.98,90.4,12.029,-0,-0.9999,131.62,127.7,134.34,24.93,Cornering,"Hoosier 43075 16x7.5-10 R20, 7 inch rim",11537
78.32,552.289,-12.65,-129.74,-53.28,1.99,-7.77,-6.94,0.03,0.2373,2.4348,12.06,156449.14,7.98,90.47,11.987,-0,-0.9999,131.54,127.65,134.48,24.93,Cornering,"Hoosier 43075 16x7.5-10 R20, 7 inch rim",11538
78.31,552.299,-13.83,-129.89,-53.77,1.993,-8.09,-10.83,0.09,0.2572,2.4158,12.11,43378.29,7.98,90.51,11.957,-0,-0.9998,131.47,127.56,134.5,24.94,Cornering,"Hoosier 43075 16x7.5-10 R20, 7 inch rim",11539
78.28,552.308,-14.72,-128.85,-52.05,1.992,-9.59,-14.16,0.16,0.2828,2.4756,12.08,25175.56,7.98,90.6,11.915,-0,-0.9997,131.47,127.61,134.48,24.93,Cornering,"Hoosier 43075 16x7.5-10 R20, 7 inch rim",11540
78.3,552.318,-14.12,-127.02,-51.33,1.996,-9.02,-14.76,0.03,0.2751,2.4744,12.05,156658.19,7.98,90.6,11.875,-0,-0.9999,131.43,127.56,134.46,24.95,Cornering,"Hoosier 43075 16x7.5-10 R20, 7 inch rim",11541
78.33,552.328,-11.52,-124.9,-49.48,1.996,-8.42,-11.82,0.09,0.2329,2.5243,11.96,43458.83,7.98,90.62,11.83,-0,-0.9998,131.43,127.65,134.44,24.97,Cornering,"Hoosier 43075 16x7.5-10 R20, 7 inch rim",11542
78.3,552.339,-7.6,-123.92,-47.27,2.004,-9.03,-6.16,0.03,0.1609,2.6213,11.93,156924.28,7.98,90.59,11.791,-0,-0.9999,131.52,127.67,134.38,24.98,Cornering,"Hoosier 43075 16x7.5-10 R20, 7 inch rim",11543
78.29,552.349,-3.69,-123.87,-46.49,1.989,-7.65,0.38,0.03,0.0794,2.6642,11.95,157028.45,7.98,90.55,11.735,-0,-0.9999,131.67,127.74,134.26,25,Cornering,"Hoosier 43075 16x7.5-10 R20, 7 inch rim",11544
78.32,552.359,-1.76,-124.78,-46.71,1.986,-6.26,5.39,0.09,0.0377,2.6713,11.97,43501.72,7.98,90.51,11.684,-0,-0.9998,131.86,127.78,134.22,24.98,Cornering,"Hoosier 43075 16x7.5-10 R20, 7 inch rim",11545
78.31,552.368,-1.99,-126.51,-47.36,1.996,-5.7,8.22,0.09,0.0419,2.6714,12.03,43486.61,7.98,90.51,11.651,-0,-0.9998,132.03,127.87,134.3,24.97,Cornering,"Hoosier 43075 16x7.5-10 R20, 7 inch rim",11546
78.29,552.378,-2.39,-128.63,-48.4,1.987,-6.39,10.3,0.09,0.0494,2.6574,12.1,43475.66,7.98,90.55,11.59,-0,-0.9998,132.14,127.78,134.34,24.96,Cornering,"Hoosier 43075 16x7.5-10 R20, 7 inch rim",11547
78.3,552.388,-1.53,-130.82,-49.81,1.998,-7.63,12.62,0.09,0.0308,2.6267,12.1,43484.64,7.98,90.57,11.532,-0,-0.9998,132.12,127.72,134.54,24.96,Cornering,"Hoosier 43075 16x7.5-10 R20, 7 inch rim",11548
78.32,552.398,1.53,-132.74,-51.43,1.982,-8.87,16.05,0.16,-0.0298,2.5809,12.06,25265.82,7.98,90.57,11.497,-0,-0.9997,132.03,127.63,134.76,24.98,Cornering,"Hoosier 43075 16x7.5-10 R20, 7 inch rim",11549
78.3,552.409,4.36,-133.4,-52.85,1.998,-9.5,18.17,0.09,-0.0826,2.524,12,43567.95,7.98,90.6,11.449,-0,-0.9998,132.01,127.56,134.86,25,Cornering,"Hoosier 43075 16x7.5-10 R20, 7 inch rim",11550
78.29,552.419,6.27,-132.88,-52.97,1.986,-10.4,18.43,0.09,-0.1184,2.5084,11.96,43562.83,7.98,90.6,11.416,-0,-0.9998,132.01,127.52,134.88,25,Cornering,"Hoosier 43075 16x7.5-10 R20, 7 inch rim",11551
78.31,552.428,7.15,-130.45,-52.43,1.996,-9.96,17.59,0.03,-0.1363,2.4881,11.96,157155.47,7.98,90.6,11.373,-0,-0.9999,131.97,127.52,134.8,24.98,Cornering,"Hoosier 43075 16x7.5-10 R20, 7 inch rim",11552
78.32,552.438,7.09,-127.84,-51.28,1.998,-9.4,16.21,0.03,-0.1382,2.4929,11.99,157021.28,7.98,90.61,11.351,-0,-0.9999,131.99,127.59,134.8,24.96,Cornering,"Hoosier 43075 16x7.5-10 R20, 7 inch rim",11553
78.29,552.448,6.57,-124.33,-49.26,2.002,-7.65,15.26,0.03,-0.1334,2.5242,12.06,156973.09,7.98,90.64,11.306,-0,-0.9999,132.01,127.65,134.76,24.95,Cornering,"Hoosier 43075 16x7.5-10 R20, 7 inch rim",11554
78.29,552.458,6.11,-122.48,-47.22,1.993,-6.62,15.33,0.16,-0.1295,2.5938,12.06,25233.91,7.98,90.64,11.258,-0,-0.9997,132.14,127.7,134.64,24.93,Cornering,"Hoosier 43075 16x7.5-10 R20, 7 inch rim",11555
78.32,552.469,5.5,-122.02,-46.53,1.993,-5.05,15.94,0.23,-0.1183,2.6224,12.05,17777.61,7.98,90.64,11.225,-0,-0.9996,132.37,127.78,134.54,24.93,Cornering,"Hoosier 43075 16x7.5-10 R20, 7 inch rim",11556
78.3,552.479,4.07,-123.44,-46.86,1.999,-4.4,16.09,0.03,-0.0868,2.6342,11.99,157031.47,7.98,90.64,11.197,-0,-0.9999,132.55,127.87,134.46,24.95,Cornering,"Hoosier 43075 16x7.5-10 R20, 7 inch rim",11557
78.28,552.488,2.36,-125.53,-47.53,1.985,-5.1,15.8,0.03,-0.0496,2.6412,11.91,157047.5,7.98,90.67,11.167,-0,-0.9999,132.67,127.92,134.5,24.95,Cornering,"Hoosier 43075 16x7.5-10 R20, 7 inch rim",11558
78.31,552.498,0.17,-128.32,-49.19,1.992,-6.29,14.64,0.03,-0.0034,2.6087,11.9,157026.23,7.98,90.66,11.138,-0,-0.9999,132.74,127.85,134.62,24.94,Cornering,"Hoosier 43075 16x7.5-10 R20, 7 inch rim",11559
78.32,552.508,-1.54,-131.42,-51.24,1.999,-8.44,12.96,0.09,0.0301,2.5649,11.91,43540.46,7.98,90.68,11.091,-0,-0.9998,132.63,127.74,134.82,24.96,Cornering,"Hoosier 43075 16x7.5-10 R20, 7 inch rim",11560
78.29,552.518,-2.24,-133.7,-52.76,1.995,-10.18,10.94,0.16,0.0425,2.5341,12.01,25285.18,7.98,90.69,11.071,-0,-0.9997,132.52,127.7,134.98,24.97,Cornering,"Hoosier 43075 16x7.5-10 R20, 7 inch rim",11561
78.3,552.529,-1.83,-133.5,-53.45,1.99,-10.36,9.13,0.03,0.0342,2.4975,12.1,157302.73,7.98,90.75,11.029,-0,-0.9999,132.46,127.65,135.06,24.98,Cornering,"Hoosier 43075 16x7.5-10 R20, 7 inch rim",11562
78.32,552.539,-1.39,-131.67,-53.34,1.999,-9.73,6.95,0.09,0.0261,2.4685,12.16,43644.66,7.98,90.81,11.001,-0,-0.9998,132.42,127.61,135.1,25.01,Cornering,"Hoosier 43075 16x7.5-10 R20, 7 inch rim",11563
78.3,552.548,-1.38,-127.95,-51.75,1.995,-8.82,4.71,0.03,0.0267,2.4725,12.15,157519.83,7.98,90.86,10.963,-0,-0.9999,132.42,127.61,135.1,25.01,Cornering,"Hoosier 43075 16x7.5-10 R20, 7 inch rim",11564
78.29,552.558,-1.25,-123.38,-49.55,2.004,-7,3.6,0.09,0.0251,2.49,12.08,43645.97,7.98,90.85,10.922,-0,-0.9998,132.46,127.7,134.98,25,Cornering,"Hoosier 43075 16x7.5-10 R20, 7 inch rim",11565
78.31,552.568,-1.6,-120.46,-47.5,1.999,-5.74,2.76,0.03,0.0337,2.5358,12.02,157528.14,7.98,90.86,10.877,-0,-0.9999,132.5,127.83,134.88,25,Cornering,"Hoosier 43075 16x7.5-10 R20, 7 inch rim",11566
78.32,552.578,-2.08,-119.49,-46.03,1.985,-4.55,2.92,0.09,0.0453,2.5962,11.96,43678.18,7.98,90.87,10.839,-0,-0.9998,132.61,127.87,134.72,25.01,Cornering,"Hoosier 43075 16x7.5-10 R20, 7 inch rim",11567
78.3,552.589,-3.12,-120.93,-46.09,1.993,-4.43,3.38,0.09,0.0676,2.6236,11.95,43694.04,7.98,90.87,10.799,-0,-0.9998,132.8,127.96,134.58,25.02,Cornering,"Hoosier 43075 16x7.5-10 R20, 7 inch rim",11568
78.29,552.599,-4.27,-124.17,-46.71,1.99,-5.8,4.18,0.03,0.0914,2.6584,12,157664.09,7.98,90.84,10.756,-0,-0.9999,133.04,128.05,134.56,25.01,Cornering,"Hoosier 43075 16x7.5-10 R20, 7 inch rim",11569
78.31,552.608,-5.08,-127.5,-48.1,1.977,-7.32,5.14,0.03,0.1056,2.651,12.1,157540.7,7.99,90.83,10.711,-0,-0.9999,133.1,128.09,134.62,24.99,Cornering,"Hoosier 43075 16x7.5-10 R20, 7 inch rim",11570
78.3,552.618,-5.92,-130.4,-50.31,1.976,-8.55,5.58,0.03,0.1176,2.592,12.15,157453.72,7.98,90.79,10.667,-0,-0.9999,133.04,128,134.8,24.97,Cornering,"Hoosier 43075 16x7.5-10 R20, 7 inch rim",11571
78.28,552.628,-5.73,-132.62,-51.71,1.992,-10.55,6.32,0.03,0.1107,2.5646,12.14,157434.62,7.98,90.75,10.633,-0,-0.9999,132.93,127.87,134.98,24.97,Cornering,"Hoosier 43075 16x7.5-10 R20, 7 inch rim",11572
78.3,552.638,-3.76,-132.94,-53.02,2.002,-10.47,7.71,0.03,0.071,2.5072,12.09,157497.98,7.98,90.76,10.58,-0,-0.9999,132.74,127.83,135.15,24.97,Cornering,"Hoosier 43075 16x7.5-10 R20, 7 inch rim",11573
78.32,552.648,-1.16,-131.81,-53.47,1.996,-9.77,9.17,0.09,0.0216,2.465,12.03,43691.14,7.98,90.81,10.532,-0,-0.9998,132.63,127.85,135.19,25,Cornering,"Hoosier 43075 16x7.5-10 R20, 7 inch rim",11574
78.3,552.659,1.17,-128.54,-53.08,1.996,-7.74,9.96,0.09,-0.022,2.4216,11.95,43707.64,7.98,90.81,10.487,-0,-0.9998,132.61,127.87,135.17,25,Cornering,"Hoosier 43075 16x7.5-10 R20, 7 inch rim",11575
78.28,552.668,3.63,-125.11,-51.03,1.98,-6.9,11.45,-0.04,-0.071,2.4515,11.98,-98056.22,7.98,90.82,10.456,-0,-1.0001,132.55,127.87,135.13,25,Cornering,"Hoosier 43075 16x7.5-10 R20, 7 inch rim",11576
78.31,552.678,4.5,-122.23,-49.55,1.99,-5.52,12.07,0.09,-0.0909,2.4668,12.05,43707.21,7.98,90.85,10.416,-0,-0.9998,132.55,127.92,135.04,25,Cornering,"Hoosier 43075 16x7.5-10 R20, 7 inch rim",11577
78.32,552.688,5.29,-121.02,-47.98,1.986,-5.3,13.26,0.09,-0.1102,2.522,12.13,43684.28,7.98,90.85,10.362,-0,-0.9998,132.63,127.92,134.92,24.98,Cornering,"Hoosier 43075 16x7.5-10 R20, 7 inch rim",11578
78.28,552.698,4.69,-122,-47.12,1.99,-5.78,13.89,0.03,-0.0995,2.5892,12.18,157629.3,7.98,90.85,10.316,-0,-0.9999,132.78,128,134.74,24.97,Cornering,"Hoosier 43075 16x7.5-10 R20, 7 inch rim",11579
78.29,552.708,3.99,-124.15,-47.48,1.987,-5.99,15.11,0.09,-0.0841,2.6149,12.16,43704.39,7.98,90.86,10.289,-0,-0.9998,133,128.09,134.7,24.98,Cornering,"Hoosier 43075 16x7.5-10 R20, 7 inch rim",11580
78.32,552.719,2.9,-127.08,-48.13,1.983,-7.29,16.03,-0.04,-0.0602,2.6401,12.1,-98048.74,7.98,90.85,10.259,-0,-1.0001,133.21,128.16,134.66,24.98,Cornering,"Hoosier 43075 16x7.5-10 R20, 7 inch rim",11581
78.3,552.728,1.41,-129.93,-49.52,2.001,-8.95,16.1,0.09,-0.0284,2.6238,12,43745.1,7.98,90.82,10.213,-0,-0.9998,133.32,128.14,134.76,25,Cornering,"Hoosier 43075 16x7.5-10 R20, 7 inch rim",11582
78.28,552.738,-0.29,-131.37,-51.67,1.989,-8.73,14.87,0.03,0.0057,2.5425,11.95,157911.89,7.98,90.82,10.187,-0,-0.9999,133.17,128,134.94,25.01,Cornering,"Hoosier 43075 16x7.5-10 R20, 7 inch rim",11583
78.31,552.748,-1.24,-132.17,-52.85,2.002,-9.28,13.26,0.16,0.0234,2.5011,11.92,25407.44,7.98,90.84,10.147,-0,-0.9997,133.06,127.94,135.04,25.01,Cornering,"Hoosier 43075 16x7.5-10 R20, 7 inch rim",11584
78.31,552.758,-1.11,-131.32,-53.66,1.992,-8.68,11.36,0.09,0.0207,2.4473,11.97,43738.48,7.98,90.87,10.111,-0,-0.9998,132.89,127.85,135.17,24.99,Cornering,"Hoosier 43075 16x7.5-10 R20, 7 inch rim",11585
78.29,552.768,-0.21,-129.46,-53.34,1.993,-8.03,9.88,-0.11,0.004,2.4273,12.07,-37430.77,7.98,90.87,10.067,-0,-1.0002,132.89,127.81,135.15,24.99,Cornering,"Hoosier 43075 16x7.5-10 R20, 7 inch rim",11586
78.29,552.779,0.3,-126.66,-52.87,1.993,-6.83,7.99,0.16,-0.0057,2.3958,12.13,25381.2,7.98,90.91,10.03,-0,-0.9997,132.89,127.78,135.13,24.98,Cornering,"Hoosier 43075 16x7.5-10 R20, 7 inch rim",11587
78.32,552.789,0.71,-123.24,-51.3,1.986,-5.48,6.66,0.09,-0.0138,2.4023,12.1,43744.7,7.98,90.91,9.988,-0,-0.9998,132.87,127.83,135.08,24.98,Cornering,"Hoosier 43075 16x7.5-10 R20, 7 inch rim",11588
78.3,552.798,-0.93,-121.63,-49.25,1.993,-5.99,4.04,0.09,0.0188,2.4695,12.05,43737,7.98,90.91,9.97,-0,-0.9998,132.89,127.92,135.02,24.98,Cornering,"Hoosier 43075 16x7.5-10 R20, 7 inch rim",11589
78.28,552.808,-1.31,-121.34,-47.81,1.989,-6.23,3.94,0.03,0.0273,2.5382,11.99,157935.97,7.98,90.87,9.908,-0,-0.9999,132.97,128,134.92,24.99,Cornering,"Hoosier 43075 16x7.5-10 R20, 7 inch rim",11590
78.31,552.818,-2.03,-122.48,-46.64,1.99,-7.23,4.33,-0.04,0.0434,2.6259,11.95,-98163.31,7.98,90.84,9.875,-0,-1.0001,133.12,128.07,134.8,24.98,Cornering,"Hoosier 43075 16x7.5-10 R20, 7 inch rim",11591
78.32,552.828,-2.9,-124.67,-47.35,1.998,-7.2,5.23,-0.04,0.0613,2.6328,12,-98199.05,7.98,90.77,9.831,-0,-1.0001,133.27,128.16,134.78,24.99,Cornering,"Hoosier 43075 16x7.5-10 R20, 7 inch rim",11592
78.28,552.839,-4.32,-126.96,-48.36,1.993,-7.84,5.87,0.03,0.0892,2.6251,12.06,158101.08,7.98,90.69,9.791,-0,-0.9999,133.49,128.22,134.78,25.01,Cornering,"Hoosier 43075 16x7.5-10 R20, 7 inch rim",11593
78.29,552.849,-4.74,-128.8,-49.11,1.99,-9.39,7.14,0.03,0.0965,2.6229,12.11,158015.83,7.98,90.6,9.738,-0,-0.9999,133.51,128.14,134.94,24.99,Cornering,"Hoosier 43075 16x7.5-10 R20, 7 inch rim",11594
78.32,552.858,-4.84,-129.88,-51.31,2.002,-8.96,7.79,0.03,0.0943,2.5312,12.11,157987.83,7.98,90.53,9.719,-0,-0.9999,133.4,128,135.1,24.98,Cornering,"Hoosier 43075 16x7.5-10 R20, 7 inch rim",11595
78.31,552.868,-3.66,-130.1,-52.26,1.987,-9.17,8.71,0.03,0.07,2.4893,12.06,157935.7,7.98,90.5,9.673,-0,-0.9999,133.23,127.89,135.29,24.97,Cornering,"Hoosier 43075 16x7.5-10 R20, 7 inch rim",11596
78.27,552.878,-1.57,-129.51,-53.4,2.005,-8.35,9.74,0.16,0.0294,2.4252,12,25399.85,7.98,90.5,9.626,-0,-0.9997,133.17,127.85,135.31,24.97,Cornering,"Hoosier 43075 16x7.5-10 R20, 7 inch rim",11597
78.3,552.888,0.54,-127.61,-52.91,1.993,-7.92,10.24,0.16,-0.0103,2.4119,11.94,25421.65,7.98,90.5,9.57,-0,-0.9997,133.06,127.83,135.31,24.98,Cornering,"Hoosier 43075 16x7.5-10 R20, 7 inch rim",11598
78.32,552.898,2.19,-125.13,-52.44,1.995,-7.05,10.37,0.09,-0.0418,2.3862,11.95,43823.94,7.98,90.5,9.531,-0,-0.9998,133.08,127.89,135.27,25,Cornering,"Hoosier 43075 16x7.5-10 R20, 7 inch rim",11599
78.29,552.909,3.51,-123,-50.43,1.99,-7.42,11.13,0.09,-0.0696,2.439,12,43829.52,7.98,90.54,9.487,-0,-0.9998,133.06,127.96,135.17,25,Cornering,"Hoosier 43075 16x7.5-10 R20, 7 inch rim",11600
78.29,552.918,4.46,-121.66,-48.85,1.993,-6.96,12.18,0.16,-0.0912,2.4905,12.08,25442.12,7.98,90.58,9.451,-0,-0.9997,133.08,128,135.08,25,Cornering,"Hoosier 43075 16x7.5-10 R20, 7 inch rim",11601
78.32,552.928,4.44,-121.72,-48.34,2.004,-6.5,13.16,0.09,-0.0918,2.5179,12.12,43787.82,7.98,90.57,9.414,-0,-0.9998,133.21,128.05,134.96,24.97,Cornering,"Hoosier 43075 16x7.5-10 R20, 7 inch rim",11602
78.31,552.938,3.77,-122.8,-47.78,1.998,-6.79,13.95,0.09,-0.079,2.5703,12.1,43763.18,7.98,90.55,9.367,-0,-0.9998,133.36,128.11,134.9,24.95,Cornering,"Hoosier 43075 16x7.5-10 R20, 7 inch rim",11603
78.28,552.948,2.55,-124.47,-47.54,1.987,-7.41,14.61,0.09,-0.0536,2.6182,12.06,43746.2,7.98,90.53,9.34,-0,-0.9998,133.51,128.22,134.88,24.94,Cornering,"Hoosier 43075 16x7.5-10 R20, 7 inch rim",11604
78.3,552.958,0.77,-126.31,-49.2,1.992,-7.06,14.58,0.03,-0.0156,2.5671,12,157850.98,7.98,90.53,9.292,-0,-0.9999,133.58,128.18,134.92,24.93,Cornering,"Hoosier 43075 16x7.5-10 R20, 7 inch rim",11605
78.32,552.969,-0.6,-127.88,-50.1,1.999,-8.06,14.21,0.03,0.0121,2.5524,11.97,157937.64,7.98,90.52,9.262,-0,-0.9999,133.53,128.07,135.1,24.94,Cornering,"Hoosier 43075 16x7.5-10 R20, 7 inch rim",11606
78.29,552.978,-1.3,-128.71,-52.57,1.995,-6.96,13.33,0.03,0.0248,2.4483,11.97,158025.55,7.98,90.56,9.229,-0,-0.9999,133.43,127.98,135.29,24.96,Cornering,"Hoosier 43075 16x7.5-10 R20, 7 inch rim",11607
78.28,552.988,-1.28,-129.14,-53.44,1.99,-7.63,12.06,0.09,0.0239,2.4165,12.01,43785.61,7.98,90.56,9.184,-0,-0.9998,133.23,127.87,135.39,24.95,Cornering,"Hoosier 43075 16x7.5-10 R20, 7 inch rim",11608
78.32,552.998,-0.53,-128.82,-53.18,1.986,-8.64,10.74,0.03,0.01,2.4222,12.06,158018.92,7.98,90.52,9.161,-0,-0.9999,133.12,127.74,135.45,24.95,Cornering,"Hoosier 43075 16x7.5-10 R20, 7 inch rim",11609
78.3,553.008,0.09,-127.23,-52.91,1.979,-8.49,9.16,0.16,-0.0016,2.4049,12.06,25430.85,7.98,90.52,9.112,-0,-0.9997,133.12,127.72,135.39,24.96,Cornering,"Hoosier 43075 16x7.5-10 R20, 7 inch rim",11610
78.28,553.018,0.62,-124.89,-51.66,2.004,-8.33,7.89,0.09,-0.0121,2.4174,12.01,43849.07,7.98,90.52,9.079,-0,-0.9998,133.1,127.65,135.31,24.98,Cornering,"Hoosier 43075 16x7.5-10 R20, 7 inch rim",11611
78.3,553.029,0.41,-122.37,-49.69,1.985,-7.79,6.61,0.03,-0.0082,2.4625,11.95,158407.08,7.98,90.52,9.027,-0,-0.9999,133.15,127.65,135.19,25,Cornering,"Hoosier 43075 16x7.5-10 R20, 7 inch rim",11612
78.33,553.038,-0.62,-121.04,-48.61,1.993,-6.95,5.48,0.03,0.0128,2.49,11.92,158566.91,7.98,90.5,8.997,-0,-0.9999,133.19,127.72,135.08,25.03,Cornering,"Hoosier 43075 16x7.5-10 R20, 7 inch rim",11613
78.29,553.048,-1.19,-121.19,-47.57,1.987,-6.85,5.66,0.09,0.025,2.548,11.95,43934.64,7.98,90.48,8.959,-0,-0.9998,133.36,127.74,134.9,25.02,Cornering,"Hoosier 43075 16x7.5-10 R20, 7 inch rim",11614
78.28,553.058,-2.41,-122.11,-47.1,1.98,-6.61,6.02,-0.04,0.0513,2.5927,12.01,-98544.64,7.98,90.44,8.916,-0,-1.0001,133.49,127.78,134.8,25.01,Cornering,"Hoosier 43075 16x7.5-10 R20, 7 inch rim",11615
78.3,553.068,-3.86,-123.57,-47.58,1.996,-6.61,6.52,0.09,0.0812,2.597,12.08,43922.39,7.98,90.42,8.89,-0,-0.9998,133.68,127.85,134.82,25.01,Cornering,"Hoosier 43075 16x7.5-10 R20, 7 inch rim",11616
78.32,553.078,-4.38,-125.39,-49.51,1.999,-6.57,7.78,0.03,0.0884,2.5325,12.11,158489.41,7.98,90.39,8.834,-0,-0.9999,133.66,127.78,134.94,25,Cornering,"Hoosier 43075 16x7.5-10 R20, 7 inch rim",11617
78.29,553.089,-4.42,-126.87,-50.93,1.989,-7.43,8.78,0.09,0.0868,2.4909,12.11,43923.42,7.98,90.38,8.794,-0,-0.9998,133.58,127.7,135.06,25,Cornering,"Hoosier 43075 16x7.5-10 R20, 7 inch rim",11618
78.29,553.098,-3.42,-128.35,-52.38,1.982,-8.28,9.71,0.09,0.0653,2.4505,12.03,43949.43,7.99,90.37,8.745,-0,-0.9998,133.38,127.65,135.27,25.01,Cornering,"Hoosier 43075 16x7.5-10 R20, 7 inch rim",11619
78.32,553.108,-2.06,-129.17,-53.42,1.995,-9.1,9.95,0.03,0.0385,2.4178,11.97,158538.53,7.98,90.37,8.717,-0,-0.9999,133.34,127.65,135.35,25,Cornering,"Hoosier 43075 16x7.5-10 R20, 7 inch rim",11620
78.3,553.118,-0.43,-128.2,-53.38,1.986,-9.67,9.83,0.03,0.0081,2.4017,11.93,158486.95,7.98,90.4,8.664,-0,-0.9999,133.27,127.63,135.39,24.99,Cornering,"Hoosier 43075 16x7.5-10 R20, 7 inch rim",11621
78.28,553.128,1.31,-125.89,-52.89,1.989,-8.85,9.99,0.09,-0.0248,2.38,11.92,43901.46,7.98,90.46,8.631,-0,-0.9998,133.23,127.67,135.35,24.98,Cornering,"Hoosier 43075 16x7.5-10 R20, 7 inch rim",11622
78.31,553.138,2.82,-123.02,-51.76,2.002,-8.05,10.55,0.03,-0.0544,2.3766,12,158552.56,7.98,90.51,8.594,-0,-0.9999,133.21,127.74,135.31,25,Cornering,"Hoosier 43075 16x7.5-10 R20, 7 inch rim",11623
78.32,553.148,3.48,-120.24,-49.24,1.99,-7.44,10.83,0.09,-0.0707,2.4417,12.06,43933.18,7.98,90.53,8.531,-0,-0.9998,133.25,127.81,135.23,24.99,Cornering,"Hoosier 43075 16x7.5-10 R20, 7 inch rim",11624
78.29,553.158,3.64,-119.06,-47.77,1.996,-6.78,11.84,0.03,-0.0762,2.4922,12.09,158592.78,7.98,90.56,8.495,-0,-0.9999,133.3,127.87,135.1,25,Cornering,"Hoosier 43075 16x7.5-10 R20, 7 inch rim",11625
78.3,553.168,3.16,-119.32,-47.41,1.985,-5.65,12.65,0.03,-0.0667,2.5171,12.06,158457.25,7.99,90.62,8.466,-0,-0.9999,133.45,127.89,134.98,24.97,Cornering,"Hoosier 43075 16x7.5-10 R20, 7 inch rim",11626
78.32,553.178,2.03,-120.94,-47.32,1.996,-5.83,13.4,0.09,-0.0428,2.5557,12,43925.14,7.98,90.66,8.42,-0,-0.9998,133.62,127.96,134.88,24.98,Cornering,"Hoosier 43075 16x7.5-10 R20, 7 inch rim",11627
78.3,553.188,0.81,-123.56,-48.66,1.999,-6.42,14.11,-0.04,-0.0166,2.5394,11.95,-98451.13,7.98,90.72,8.389,-0,-1.0001,133.66,128.05,134.86,24.96,Cornering,"Hoosier 43075 16x7.5-10 R20, 7 inch rim",11628
78.29,553.198,-0.44,-125.5,-49.79,1.987,-7.28,14.23,0.03,0.0089,2.5206,11.95,158251.27,7.98,90.77,8.337,-0,-0.9999,133.66,127.98,134.96,24.93,Cornering,"Hoosier 43075 16x7.5-10 R20, 7 inch rim",11629
78.32,553.208,-1.54,-127.6,-51.98,1.985,-7.72,13.37,0.09,0.0297,2.4547,11.97,43855.74,7.98,90.81,8.31,-0,-0.9998,133.45,127.92,135.1,24.93,Cornering,"Hoosier 43075 16x7.5-10 R20, 7 inch rim",11630
78.32,553.218,-1.21,-129.01,-53.53,1.995,-8.73,12.76,0.16,0.0225,2.41,12.04,25469.02,7.98,90.83,8.271,-0,-0.9997,133.3,127.81,135.25,24.94,Cornering,"Hoosier 43075 16x7.5-10 R20, 7 inch rim",11631
78.29,553.228,-0.74,-128.81,-53.37,1.985,-9.49,11.36,0.03,0.0138,2.4137,12.08,158368.8,7.99,90.83,8.226,-0,-0.9999,133.23,127.81,135.33,24.94,Cornering,"Hoosier 43075 16x7.5-10 R20, 7 inch rim",11632
78.28,553.238,0.43,-126.71,-53.31,2.001,-8.81,10.3,0.09,-0.0081,2.3769,12.05,43867.26,7.98,90.81,8.204,-0,-0.9998,133.17,127.81,135.35,24.93,Cornering,"Hoosier 43075 16x7.5-10 R20, 7 inch rim",11633
78.32,553.248,1.2,-123.45,-51.94,1.995,-8.46,9.36,0.16,-0.0232,2.3766,12,25446.43,7.98,90.79,8.16,-0,-0.9997,133.15,127.85,135.29,24.92,Cornering,"Hoosier 43075 16x7.5-10 R20, 7 inch rim",11634
78.31,553.258,1.47,-120.22,-50.26,1.992,-7.55,8.44,0.23,-0.0293,2.3921,11.95,17922.96,7.98,90.77,8.118,-0,-0.9996,133.19,127.92,135.25,24.91,Cornering,"Hoosier 43075 16x7.5-10 R20, 7 inch rim",11635
78.28,553.268,0.78,-117.9,-48.69,1.987,-6.36,7.44,0.03,-0.016,2.4216,11.92,158275.38,7.98,90.75,8.087,-0,-0.9999,133.23,127.98,135.1,24.92,Cornering,"Hoosier 43075 16x7.5-10 R20, 7 inch rim",11636
78.3,553.278,-0.38,-117.64,-47.24,1.989,-6.63,6.99,0.09,0.008,2.4903,11.95,43916.07,7.98,90.74,8.034,-0,-0.9998,133.38,128,134.98,24.95,Cornering,"Hoosier 43075 16x7.5-10 R20, 7 inch rim",11637
78.32,553.288,-1.84,-118.77,-47.22,1.999,-5.85,6.95,0.03,0.0391,2.5155,12.01,158598.92,7.98,90.68,8.011,-0,-0.9999,133.6,128.11,134.8,24.97,Cornering,"Hoosier 43075 16x7.5-10 R20, 7 inch rim",11638
78.29,553.298,-3.04,-120.93,-47.72,1.998,-6.66,7.85,0.09,0.0638,2.5343,12.08,43995.64,7.98,90.65,7.956,-0,-0.9998,133.77,128.16,134.8,24.99,Cornering,"Hoosier 43075 16x7.5-10 R20, 7 inch rim",11639
78.28,553.308,-4.3,-123.54,-49.1,1.996,-7.45,8.64,0.16,0.0875,2.5162,12.12,25531.75,7.98,90.66,7.928,-0,-0.9997,133.79,128.16,134.84,24.98,Cornering,"Hoosier 43075 16x7.5-10 R20, 7 inch rim",11640
78.32,553.318,-4.58,-125.71,-50.63,2.004,-8.41,9.55,0.03,0.0905,2.4831,12.1,158757.56,7.98,90.67,7.883,-0,-0.9999,133.64,128.09,134.96,24.98,Cornering,"Hoosier 43075 16x7.5-10 R20, 7 inch rim",11641
78.31,553.328,-4.45,-127.33,-52.23,1.992,-9.24,9.75,0.09,0.0852,2.438,12.07,43988.19,7.98,90.67,7.832,-0,-0.9998,133.47,127.94,135.08,24.98,Cornering,"Hoosier 43075 16x7.5-10 R20, 7 inch rim",11642
78.28,553.338,-2.48,-127.69,-53.79,1.98,-8.83,10.76,0.09,0.0461,2.3737,11.99,43993.05,7.99,90.64,7.785,-0,-0.9998,133.34,127.92,135.23,24.98,Cornering,"Hoosier 43075 16x7.5-10 R20, 7 inch rim",11643
78.3,553.348,-0.88,-126.52,-53.9,1.996,-8.82,10.52,0.09,0.0162,2.3474,11.95,44038.43,7.98,90.62,7.74,-0,-0.9998,133.23,127.85,135.23,25,Cornering,"Hoosier 43075 16x7.5-10 R20, 7 inch rim",11644
78.32,553.358,0.62,-124.21,-52.68,1.993,-9.04,10.19,0.09,-0.0118,2.3576,11.96,44061.91,7.98,90.64,7.71,-0,-0.9998,133.19,127.78,135.19,25.01,Cornering,"Hoosier 43075 16x7.5-10 R20, 7 inch rim",11645
78.3,553.368,1.79,-120.51,-51.53,1.995,-7.52,9.89,0.16,-0.0347,2.3387,12,25594.79,7.99,90.66,7.666,-0,-0.9997,133.12,127.81,135.13,25.03,Cornering,"Hoosier 43075 16x7.5-10 R20, 7 inch rim",11646
78.29,553.378,2.36,-117.55,-49.47,1.98,-7.02,9.83,0.03,-0.0477,2.3761,12.05,159254.84,7.99,90.69,7.634,-0,-0.9999,133.15,127.87,135.02,25.05,Cornering,"Hoosier 43075 16x7.5-10 R20, 7 inch rim",11647
78.31,553.388,2.98,-115.82,-47.8,2.001,-6.59,10.97,0.03,-0.0624,2.4233,12.06,159199.83,7.98,90.71,7.583,-0,-0.9999,133.21,127.87,134.9,25.04,Cornering,"Hoosier 43075 16x7.5-10 R20, 7 inch rim",11648
78.32,553.398,2.59,-116.08,-47.02,1.985,-6.19,11.77,0.09,-0.0552,2.4685,12.04,44069.12,7.98,90.73,7.537,-0,-0.9998,133.32,127.98,134.78,25.01,Cornering,"Hoosier 43075 16x7.5-10 R20, 7 inch rim",11649
78.28,553.408,1.46,-117.82,-47.39,1.995,-6.01,12.53,0.16,-0.0309,2.486,12,25568.62,7.98,90.76,7.504,-0,-0.9997,133.47,128.11,134.7,25,Cornering,"Hoosier 43075 16x7.5-10 R20, 7 inch rim",11650
78.29,553.418,-0.01,-119.97,-47.7,1.989,-6.81,13.05,0.09,0.0002,2.5151,11.95,44025.96,7.98,90.79,7.457,-0,-0.9998,133.6,128.16,134.72,24.98,Cornering,"Hoosier 43075 16x7.5-10 R20, 7 inch rim",11651
78.32,553.428,-1.01,-122.31,-49.54,2.001,-7.54,13.72,0.03,0.0205,2.4692,11.94,158855.11,7.98,90.83,7.412,-0,-0.9999,133.53,128.05,134.8,24.97,Cornering,"Hoosier 43075 16x7.5-10 R20, 7 inch rim",11652
78.3,553.438,-1.38,-124.12,-51.07,1.996,-8.25,13.95,0.09,0.0271,2.4306,11.96,44002.86,7.98,90.86,7.379,-0,-0.9998,133.4,127.92,134.94,24.96,Cornering,"Hoosier 43075 16x7.5-10 R20, 7 inch rim",11653
78.28,553.448,-0.89,-125.43,-52.48,1.985,-8.78,13.71,-0.04,0.017,2.3901,12.03,-98648.12,7.99,90.87,7.344,-0,-1.0001,133.19,127.87,135.1,24.94,Cornering,"Hoosier 43075 16x7.5-10 R20, 7 inch rim",11654
78.3,553.458,-0.34,-125.58,-53.66,1.993,-8.8,12.72,0.09,0.0063,2.3405,12.06,43988.93,7.98,90.89,7.312,-0,-0.9998,133.1,127.76,135.17,24.95,Cornering,"Hoosier 43075 16x7.5-10 R20, 7 inch rim",11655
78.32,553.468,0.22,-124.05,-53.27,1.996,-8.97,11.05,0.03,-0.0041,2.329,12.07,158834.22,7.98,90.89,7.261,-0,-0.9999,133.06,127.76,135.19,24.96,Cornering,"Hoosier 43075 16x7.5-10 R20, 7 inch rim",11656
78.28,553.478,1.03,-121.11,-52.27,1.995,-7.94,10.05,0.16,-0.0197,2.317,12.04,25560.29,7.99,90.9,7.231,-0,-0.9997,133.02,127.76,135.15,24.97,Cornering,"Hoosier 43075 16x7.5-10 R20, 7 inch rim",11657
78.29,553.488,1.77,-118.19,-50.78,1.993,-7.34,9.55,-0.04,-0.0348,2.3274,11.99,-98771.45,7.99,90.94,7.196,-0,-1.0001,133.02,127.83,135.06,24.97,Cornering,"Hoosier 43075 16x7.5-10 R20, 7 inch rim",11658
78.31,553.498,2.22,-116.33,-49.39,1.987,-6.43,9.62,0.16,-0.045,2.3555,11.93,25558.92,7.98,90.96,7.147,-0,-0.9997,133.04,127.87,135,24.97,Cornering,"Hoosier 43075 16x7.5-10 R20, 7 inch rim",11659
78.3,553.508,1.18,-115.17,-47.33,1.992,-6.59,9.1,0.09,-0.025,2.4335,11.92,44016.94,7.98,90.96,7.125,-0,-0.9998,133.08,127.87,134.88,24.96,Cornering,"Hoosier 43075 16x7.5-10 R20, 7 inch rim",11660
78.29,553.518,0.02,-116.11,-47.01,1.992,-6.13,9.28,0.03,-0.0005,2.4697,11.98,159040.3,7.98,90.97,7.089,-0,-0.9999,133.23,127.92,134.8,24.98,Cornering,"Hoosier 43075 16x7.5-10 R20, 7 inch rim",11661
78.3,553.528,-1.91,-117.95,-47.28,1.987,-6.51,9.08,0.03,0.0404,2.4945,12.03,159134.23,7.99,90.97,7.029,-0,-0.9999,133.3,128.03,134.78,25,Cornering,"Hoosier 43075 16x7.5-10 R20, 7 inch rim",11662
78.32,553.538,-3.87,-120.19,-48.77,1.977,-6.68,8.95,0.16,0.0794,2.4645,12.1,25620.37,7.99,90.98,6.999,-0,-0.9997,133.3,127.98,134.8,25.02,Cornering,"Hoosier 43075 16x7.5-10 R20, 7 inch rim",11663
78.3,553.548,-4.78,-122.27,-50.21,1.995,-7.91,9.36,0.09,0.0952,2.435,12.11,44123.7,7.98,90.94,6.966,-0,-0.9998,133.23,127.92,134.88,25.01,Cornering,"Hoosier 43075 16x7.5-10 R20, 7 inch rim",11664
78.29,553.558,-4.52,-123.91,-51.96,1.99,-8.54,9.82,-0.04,0.0871,2.3849,12.08,-98919.57,7.99,90.94,6.926,-0,-1.0001,132.97,127.85,134.98,24.99,Cornering,"Hoosier 43075 16x7.5-10 R20, 7 inch rim",11665
78.32,553.568,-3.45,-124.95,-53.05,1.986,-9.07,9.93,0.16,0.0649,2.3553,12,25585.27,7.99,90.89,6.877,-0,-0.9997,132.8,127.78,135.1,24.98,Cornering,"Hoosier 43075 16x7.5-10 R20, 7 inch rim",11666
78.31,553.578,-1.76,-123.85,-53.61,1.987,-8.75,9.97,0.09,0.0327,2.3101,11.93,44065.21,7.99,90.86,6.821,-0,-0.9998,132.67,127.67,135.13,24.97,Cornering,"Hoosier 43075 16x7.5-10 R20, 7 inch rim",11667
78.28,553.588,-0.1,-122.03,-53.05,1.995,-8.78,9.82,0.16,0.0018,2.3003,11.9,25571.41,7.98,90.88,6.801,-0,-0.9997,132.63,127.65,135.06,24.96,Cornering,"Hoosier 43075 16x7.5-10 R20, 7 inch rim",11668
78.3,553.598,0.8,-118.66,-51.48,1.996,-8.24,9.15,0.16,-0.0155,2.3051,11.92,25597.68,7.99,90.86,6.752,-0,-0.9997,132.52,127.7,135.02,24.98,Cornering,"Hoosier 43075 16x7.5-10 R20, 7 inch rim",11669
78.32,553.608,1.79,-115.44,-49.95,1.998,-7.21,9.66,0.09,-0.0359,2.3111,12,44125.66,7.98,90.85,6.716,-0,-0.9998,132.52,127.72,134.92,25,Cornering,"Hoosier 43075 16x7.5-10 R20, 7 inch rim",11670
78.29,553.618,2.43,-113.74,-48.72,1.993,-6.36,10.39,-0.04,-0.0498,2.3346,12.06,-99063.34,7.98,90.86,6.666,-0,-1.0001,132.55,127.83,134.78,25.01,Cornering,"Hoosier 43075 16x7.5-10 R20, 7 inch rim",11671
78.28,553.628,1.54,-113.18,-47.31,1.998,-5.73,10.64,0.16,-0.0325,2.3921,12.06,25627.72,7.99,90.85,6.629,-0,-0.9997,132.67,127.87,134.68,25.01,Cornering,"Hoosier 43075 16x7.5-10 R20, 7 inch rim",11672
78.32,553.638,0.71,-114.7,-47.08,1.989,-6.21,11.6,0.09,-0.0152,2.4363,12.02,44137.17,7.99,90.87,6.585,-0,-0.9998,132.78,127.94,134.62,25,Cornering,"Hoosier 43075 16x7.5-10 R20, 7 inch rim",11673
78.32,553.648,-0.45,-117.02,-47.86,1.989,-6.64,12.42,0.09,0.0094,2.445,11.95,44110.17,7.99,90.83,6.542,-0,-0.9998,132.89,128,134.6,24.98,Cornering,"Hoosier 43075 16x7.5-10 R20, 7 inch rim",11674
78.28,553.658,-1.58,-118.98,-49.24,1.985,-6.92,13.1,0.03,0.0321,2.4164,11.89,159152.98,7.99,90.81,6.51,-0,-0.9999,132.87,127.94,134.68,24.97,Cornering,"Hoosier 43075 16x7.5-10 R20, 7 inch rim",11675
78.3,553.668,-1.89,-121.29,-50.85,1.987,-8.36,13.8,-0.04,0.0372,2.3852,11.86,-98893.85,7.99,90.77,6.474,-0,-1.0001,132.78,127.92,134.82,24.96,Cornering,"Hoosier 43075 16x7.5-10 R20, 7 inch rim",11676
78.32,553.678,-1.63,-122.64,-53.07,1.99,-8.16,13.66,0.09,0.0306,2.311,11.93,44089.45,7.99,90.74,6.424,-0,-0.9998,132.65,127.76,134.98,24.96,Cornering,"Hoosier 43075 16x7.5-10 R20, 7 inch rim",11677
78.3,553.688,-0.82,-123.21,-53.94,1.985,-8.99,13.08,0.16,0.0153,2.2843,12,25586.39,7.99,90.72,6.384,-0,-0.9997,132.57,127.67,135.06,24.96,Cornering,"Hoosier 43075 16x7.5-10 R20, 7 inch rim",11678
78.28,553.698,0.07,-121.46,-53.85,2.011,-8.44,12,0.03,-0.0012,2.2556,12.09,159052.72,7.98,90.72,6.354,-0,-0.9999,132.57,127.65,135.1,24.95,Cornering,"Hoosier 43075 16x7.5-10 R20, 7 inch rim",11679
78.31,553.708,0.97,-118.85,-52.44,2.008,-8.34,11.01,0.03,-0.0186,2.2664,12.12,159027.34,7.98,90.7,6.316,-0,-0.9999,132.59,127.7,135.04,24.94,Cornering,"Hoosier 43075 16x7.5-10 R20, 7 inch rim",11680
78.32,553.718,1.59,-115.35,-51.1,1.985,-7.26,10.19,0.03,-0.0311,2.2572,12.1,159112.34,7.99,90.69,6.278,-0,-0.9999,132.63,127.76,134.98,24.96,Cornering,"Hoosier 43075 16x7.5-10 R20, 7 inch rim",11681
78.29,553.728,2.13,-112.35,-49.31,1.999,-6.02,10.33,0.09,-0.0431,2.2787,12.02,44093.96,7.98,90.71,6.247,-0,-0.9998,132.67,127.78,134.84,24.96,Cornering,"Hoosier 43075 16x7.5-10 R20, 7 inch rim",11682
78.3,553.738,1.77,-111.22,-47.67,1.98,-5.66,10.39,-0.04,-0.037,2.3334,11.94,-98923.16,7.99,90.7,6.194,-0,-1.0001,132.78,127.83,134.7,24.96,Cornering,"Hoosier 43075 16x7.5-10 R20, 7 inch rim",11683
78.32,553.748,0.49,-112.53,-46.95,1.989,-6.21,10.38,0.09,-0.0104,2.3969,11.87,44111.41,7.99,90.69,6.158,-0,-0.9998,132.89,127.89,134.64,24.96,Cornering,"Hoosier 43075 16x7.5-10 R20, 7 inch rim",11684
78.3,553.758,-1.07,-114.53,-47.63,1.989,-6,10.59,0.03,0.0225,2.4045,11.86,159268.98,7.99,90.69,6.122,-0,-0.9999,133.06,128,134.62,24.97,Cornering,"Hoosier 43075 16x7.5-10 R20, 7 inch rim",11685
78.29,553.768,-3.16,-116.59,-48.38,1.999,-6.79,10.3,0.03,0.0654,2.41,11.93,159392.69,7.98,90.69,6.078,-0,-0.9999,133.1,128,134.62,24.99,Cornering,"Hoosier 43075 16x7.5-10 R20, 7 inch rim",11686
78.3,553.778,-4.22,-118.86,-50.54,1.999,-7.3,10.51,0.09,0.0835,2.3518,12.03,44192.17,7.99,90.71,6.045,-0,-0.9998,133.04,127.92,134.76,25,Cornering,"Hoosier 43075 16x7.5-10 R20, 7 inch rim",11687
78.32,553.788,-4.65,-120.35,-52.01,1.992,-8.27,10.29,0.03,0.0893,2.314,12.12,159450.95,7.99,90.71,6.003,-0,-0.9999,132.89,127.81,134.92,25,Cornering,"Hoosier 43075 16x7.5-10 R20, 7 inch rim",11688
78.28,553.798,-3.48,-121.12,-53.14,1.998,-8.67,10.78,0.03,0.0656,2.2793,12.17,159461.08,7.98,90.72,5.968,-0,-0.9999,132.67,127.74,135,25,Cornering,"Hoosier 43075 16x7.5-10 R20, 7 inch rim",11689
78.29,553.808,-2.16,-120.6,-53.46,1.989,-8.7,10.4,-0.04,0.0404,2.2561,12.14,-99040.27,7.99,90.71,5.923,-0,-1.0001,132.61,127.67,135.04,24.97,Cornering,"Hoosier 43075 16x7.5-10 R20, 7 inch rim",11690
78.32,553.818,-1.08,-118.93,-53.2,1.996,-8.48,9.6,0.09,0.0204,2.2357,12.07,44154.24,7.98,90.66,5.875,-0,-0.9998,132.55,127.59,135.02,24.97,Cornering,"Hoosier 43075 16x7.5-10 R20, 7 inch rim",11691
78.31,553.828,0.55,-115.31,-52.02,1.982,-7.01,9.66,0.03,-0.0106,2.2168,11.99,159312.94,7.99,90.66,5.836,-0,-0.9999,132.44,127.61,134.98,24.97,Cornering,"Hoosier 43075 16x7.5-10 R20, 7 inch rim",11692
78.28,553.838,1.25,-112.43,-49.89,1.985,-7.01,9.58,-0.04,-0.025,2.2538,11.95,-99156.12,7.99,90.67,5.784,-0,-1.0001,132.44,127.7,134.86,25,Cornering,"Hoosier 43075 16x7.5-10 R20, 7 inch rim",11693
78.3,553.848,1.85,-110.36,-48.22,1.996,-6.33,10.16,0.09,-0.0384,2.2887,11.98,44245.72,7.99,90.67,5.75,-0,-0.9998,132.46,127.65,134.74,25.02,Cornering,"Hoosier 43075 16x7.5-10 R20, 7 inch rim",11694
78.32,553.858,1.27,-109.92,-47.08,1.995,-6.13,10.66,0.03,-0.027,2.3349,12.05,159718.75,7.99,90.67,5.704,-0,-0.9999,132.52,127.67,134.6,25.03,Cornering,"Hoosier 43075 16x7.5-10 R20, 7 inch rim",11695
78.3,553.868,0.44,-110.95,-46.92,1.982,-5.74,11.6,0.09,-0.0094,2.3644,12.13,44242,7.99,90.65,5.663,-0,-0.9998,132.63,127.74,134.5,25.01,Cornering,"Hoosier 43075 16x7.5-10 R20, 7 inch rim",11696
78.29,553.878,-0.88,-113.35,-47.5,1.999,-6.93,12.34,0.03,0.0184,2.3866,12.14,159590.33,7.99,90.62,5.631,-0,-0.9999,132.7,127.83,134.44,25,Cornering,"Hoosier 43075 16x7.5-10 R20, 7 inch rim",11697
78.32,553.888,-1.74,-115.3,-48.76,1.989,-7.54,13.38,0.09,0.0356,2.3644,12.08,44176.34,7.99,90.6,5.58,-0,-0.9998,132.65,127.74,134.4,24.97,Cornering,"Hoosier 43075 16x7.5-10 R20, 7 inch rim",11698
78.31,553.898,-2.52,-116.98,-50.49,1.993,-8.12,13.66,0.03,0.0498,2.3171,12,159315.48,7.99,90.59,5.551,-0,-0.9999,132.52,127.7,134.48,24.96,Cornering,"Hoosier 43075 16x7.5-10 R20, 7 inch rim",11699
78.28,553.908,-2.32,-118.37,-52.09,1.999,-8.62,13.73,0.23,0.0445,2.2724,11.95,18043.28,7.99,90.57,5.512,-0,-0.9996,132.37,127.59,134.6,24.94,Cornering,"Hoosier 43075 16x7.5-10 R20, 7 inch rim",11700
78.3,553.918,-0.81,-118.34,-53.02,1.999,-8.35,14.05,0.03,0.0153,2.2318,11.95,159338.14,7.99,90.53,5.464,-0,-0.9999,132.27,127.48,134.62,24.96,Cornering,"Hoosier 43075 16x7.5-10 R20, 7 inch rim",11701
78.32,553.928,0.05,-117.22,-53.36,1.996,-7.91,12.97,0.16,-0.001,2.1968,12.05,25635.42,7.99,90.49,5.424,-0,-0.9997,132.16,127.43,134.6,24.96,Cornering,"Hoosier 43075 16x7.5-10 R20, 7 inch rim",11702
78.3,553.938,0.78,-114.29,-52.45,1.996,-7.2,11.63,0.09,-0.0148,2.179,12.13,44159.52,7.98,90.48,5.385,-0,-0.9998,132.12,127.41,134.52,24.96,Cornering,"Hoosier 43075 16x7.5-10 R20, 7 inch rim",11703
78.29,553.948,1.8,-111.48,-50.49,1.982,-7.23,11.13,0.09,-0.0357,2.208,12.17,44182.54,7.99,90.44,5.349,-0,-0.9998,132.12,127.54,134.44,24.97,Cornering,"Hoosier 43075 16x7.5-10 R20, 7 inch rim",11704
78.31,553.958,2,-108.62,-49,1.993,-6.58,10.79,0.09,-0.0408,2.2169,12.17,44184.93,7.99,90.46,5.315,-0,-0.9998,132.16,127.54,134.34,24.97,Cornering,"Hoosier 43075 16x7.5-10 R20, 7 inch rim",11705
78.32,553.968,1.46,-107.53,-47.72,1.986,-6.11,10.54,0.03,-0.0306,2.2532,12.12,159531.88,7.99,90.5,5.283,-0,-0.9999,132.18,127.56,134.26,24.98,Cornering,"Hoosier 43075 16x7.5-10 R20, 7 inch rim",11706
78.28,553.978,1.22,-107.85,-47.34,1.986,-5.63,11.55,0.03,-0.0257,2.278,12.03,159579.89,7.99,90.52,5.239,-0,-0.9999,132.29,127.67,134.16,24.98,Cornering,"Hoosier 43075 16x7.5-10 R20, 7 inch rim",11707
78.3,553.988,-0.72,-109.45,-47.03,1.992,-6.57,11.36,0.09,0.0152,2.3273,11.97,44224.63,7.99,90.56,5.184,-0,-0.9998,132.4,127.74,134.18,24.98,Cornering,"Hoosier 43075 16x7.5-10 R20, 7 inch rim",11708
78.33,553.998,-2.25,-111.58,-48.31,1.99,-6.55,11.78,-0.04,0.0466,2.3097,11.99,-99186.41,7.99,90.6,5.166,-0,-1.0001,132.5,127.76,134.18,24.98,Cornering,"Hoosier 43075 16x7.5-10 R20, 7 inch rim",11709
78.3,554.008,-3.66,-113.43,-49.66,1.993,-7.31,11.82,0.09,0.0737,2.2842,12.03,44238.74,7.99,90.64,5.127,-0,-0.9998,132.42,127.7,134.32,24.99,Cornering,"Hoosier 43075 16x7.5-10 R20, 7 inch rim",11710
78.29,554.018,-4.36,-114.91,-51.4,1.987,-7.76,11.23,0.09,0.0848,2.2357,12.11,44272.68,7.99,90.69,5.08,-0,-0.9998,132.25,127.59,134.48,25.01,Cornering,"Hoosier 43075 16x7.5-10 R20, 7 inch rim",11711
78.3,554.028,-3.94,-116.01,-53.04,2.001,-8.1,10.96,0.09,0.0742,2.1874,12.16,44285.3,7.99,90.68,5.044,-0,-0.9998,132.09,127.5,134.6,25.01,Cornering,"Hoosier 43075 16x7.5-10 R20, 7 inch rim",11712
78.32,554.038,-3.07,-115.69,-53.7,2.004,-8.05,10.21,-0.04,0.0572,2.1543,12.14,-99303.4,7.98,90.68,4.998,-0,-1.0001,132.03,127.41,134.62,25,Cornering,"Hoosier 43075 16x7.5-10 R20, 7 inch rim",11713
78.29,554.048,-1.38,-114.07,-53.05,1.986,-8.03,9.87,0.03,0.026,2.1503,12.1,159574.16,7.99,90.68,4.954,-0,-0.9999,131.94,127.41,134.66,24.97,Cornering,"Hoosier 43075 16x7.5-10 R20, 7 inch rim",11714
78.29,554.058,-0.44,-111.32,-51.28,1.985,-7.97,9.1,0.03,0.0087,2.1706,12.03,159438.58,7.99,90.71,4.899,-0,-0.9999,131.92,127.41,134.58,24.95,Cornering,"Hoosier 43075 16x7.5-10 R20, 7 inch rim",11715
78.33,554.068,0.56,-108.44,-49.97,1.993,-7.27,9.32,0.03,-0.0113,2.1699,12.03,159372.7,7.99,90.7,4.864,-0,-0.9999,131.94,127.5,134.5,24.94,Cornering,"Hoosier 43075 16x7.5-10 R20, 7 inch rim",11716
78.3,554.078,1.13,-105.83,-48.18,1.99,-6.54,9.93,0.03,-0.0234,2.1967,12.06,159493.27,7.99,90.65,4.822,-0,-0.9999,131.94,127.5,134.4,24.96,Cornering,"Hoosier 43075 16x7.5-10 R20, 7 inch rim",11717
78.28,554.088,1.1,-104.98,-47.59,2.005,-5.8,10.92,0.03,-0.0231,2.2059,12.11,159759.67,7.99,90.63,4.791,-0,-0.9999,132.12,127.63,134.26,25,Cornering,"Hoosier 43075 16x7.5-10 R20, 7 inch rim",11718
78.3,554.098,0.17,-105.59,-47.22,1.999,-5.74,11.86,0.09,-0.0036,2.236,12.16,44313.96,7.99,90.6,4.756,-0,-0.9998,132.27,127.72,134.2,25.02,Cornering,"Hoosier 43075 16x7.5-10 R20, 7 inch rim",11719
78.32,554.108,-1.38,-107.02,-47.41,2.006,-6.22,12.6,0.03,0.029,2.2573,12.15,160001.45,7.98,90.61,4.703,-0,-1,132.31,127.74,134.2,25.03,Cornering,"Hoosier 43075 16x7.5-10 R20, 7 inch rim",11720
78.29,554.118,-2.3,-108.69,-49.01,2.006,-6.31,13.56,0.09,0.0469,2.2177,12.11,44318.97,7.99,90.63,4.675,-0,-0.9998,132.4,127.72,134.26,25.02,Cornering,"Hoosier 43075 16x7.5-10 R20, 7 inch rim",11721
78.28,554.128,-2.92,-110.81,-50.31,1.999,-7.92,13.93,0.09,0.0581,2.2027,12.02,44300.95,7.99,90.64,4.633,-0,-0.9998,132.31,127.61,134.42,25.01,Cornering,"Hoosier 43075 16x7.5-10 R20, 7 inch rim",11722
78.32,554.138,-2.57,-112,-52.08,1.999,-8.21,14.11,0.09,0.0494,2.1507,11.97,44282.64,7.99,90.65,4.596,-0,-0.9998,132.12,127.54,134.54,25,Cornering,"Hoosier 43075 16x7.5-10 R20, 7 inch rim",11723
78.31,554.148,-1.12,-112.63,-53.48,1.976,-8.17,14.24,0.16,0.0209,2.106,11.96,25686.22,7.99,90.65,4.55,-0,-0.9997,132.05,127.48,134.6,24.98,Cornering,"Hoosier 43075 16x7.5-10 R20, 7 inch rim",11724
78.28,554.158,-0.1,-112.14,-53.3,2.002,-9.16,13.39,0.03,0.0018,2.1039,12,159671.78,7.99,90.67,4.514,-0,-0.9999,131.97,127.34,134.64,24.97,Cornering,"Hoosier 43075 16x7.5-10 R20, 7 inch rim",11725
78.3,554.168,0.95,-109.87,-52.89,1.982,-7.97,12.27,-0.04,-0.0179,2.0773,12.06,-99260.68,7.99,90.69,4.474,-0,-1.0001,131.94,127.34,134.64,24.97,Cornering,"Hoosier 43075 16x7.5-10 R20, 7 inch rim",11726
78.32,554.178,1.84,-106.86,-51,1.992,-7.92,11.64,0.03,-0.0362,2.0955,12.14,159650.33,7.99,90.71,4.44,-0,-0.9999,131.9,127.37,134.64,24.97,Cornering,"Hoosier 43075 16x7.5-10 R20, 7 inch rim",11727
78.29,554.188,2.14,-103.53,-48.8,1.998,-7.23,11.28,0.03,-0.0438,2.1217,12.17,159583.61,7.99,90.7,4.404,-0,-0.9999,131.84,127.48,134.6,24.96,Cornering,"Hoosier 43075 16x7.5-10 R20, 7 inch rim",11728
78.28,554.198,1.74,-101.2,-47.24,1.989,-6.15,11.14,0.09,-0.0368,2.1422,12.12,44224.56,7.99,90.72,4.358,-0,-0.9998,131.92,127.5,134.56,24.96,Cornering,"Hoosier 43075 16x7.5-10 R20, 7 inch rim",11729
78.32,554.208,1.21,-100.76,-46.49,1.99,-5.92,11.77,0.09,-0.0261,2.1676,12.06,44205.95,7.99,90.76,4.324,-0,-0.9998,132.03,127.48,134.44,24.94,Cornering,"Hoosier 43075 16x7.5-10 R20, 7 inch rim",11730
78.31,554.218,-0.57,-101.72,-46.5,1.996,-6.07,11.72,-0.04,0.0124,2.1874,11.98,-99146.32,7.99,90.78,4.287,-0,-1.0001,132.14,127.52,134.44,24.94,Cornering,"Hoosier 43075 16x7.5-10 R20, 7 inch rim",11731
78.29,554.228,-2.7,-103.55,-47.53,1.993,-6.35,11.48,0.16,0.0568,2.1784,11.97,25660.31,7.99,90.84,4.252,-0,-0.9997,132.14,127.54,134.42,24.94,Cornering,"Hoosier 43075 16x7.5-10 R20, 7 inch rim",11732
78.3,554.238,-4.26,-105.25,-48.96,1.998,-7.33,11.37,0.03,0.0871,2.1497,12.01,159549.47,7.99,90.89,4.205,-0,-0.9999,132.12,127.43,134.5,24.94,Cornering,"Hoosier 43075 16x7.5-10 R20, 7 inch rim",11733
78.33,554.248,-5,-106.95,-50.46,2.004,-8.54,10.93,0.03,0.0991,2.1195,12.08,159517.45,7.99,90.93,4.179,-0,-0.9999,131.97,127.34,134.6,24.94,Cornering,"Hoosier 43075 16x7.5-10 R20, 7 inch rim",11734
78.3,554.258,-4.52,-107.85,-52.29,2.008,-8.77,10.75,0.03,0.0864,2.0624,12.14,159490.08,7.99,90.95,4.129,-0,-0.9999,131.79,127.23,134.64,24.93,Cornering,"Hoosier 43075 16x7.5-10 R20, 7 inch rim",11735
78.29,554.268,-3.87,-107.87,-52.7,1.982,-8.94,9.62,0.09,0.0733,2.0468,12.15,44218.87,7.99,90.94,4.086,-0,-0.9998,131.73,127.17,134.66,24.94,Cornering,"Hoosier 43075 16x7.5-10 R20, 7 inch rim",11736
78.32,554.278,-2.36,-106.54,-52.28,1.995,-9.08,9.36,0.16,0.0452,2.0379,12.09,25672.81,7.99,90.96,4.042,-0,-0.9997,131.69,127.17,134.6,24.95,Cornering,"Hoosier 43075 16x7.5-10 R20, 7 inch rim",11737
78.32,554.288,-1.36,-103.62,-51.26,1.998,-7.96,8.73,0.16,0.0266,2.0216,12.03,25679.95,7.99,90.97,4.003,-0,-0.9997,131.67,127.17,134.54,24.96,Cornering,"Hoosier 43075 16x7.5-10 R20, 7 inch rim",11738
78.29,554.298,-0.23,-100.53,-49.72,1.992,-7.05,9.12,0.09,0.0047,2.0217,11.97,44255.88,7.99,90.98,3.967,-0,-0.9998,131.62,127.21,134.46,24.96,Cornering,"Hoosier 43075 16x7.5-10 R20, 7 inch rim",11739
78.3,554.308,0.11,-97.92,-48.52,1.993,-5.55,9.49,0.09,-0.0024,2.0179,11.99,44247.79,7.99,90.96,3.924,-0,-0.9998,131.64,127.3,134.38,24.96,Cornering,"Hoosier 43075 16x7.5-10 R20, 7 inch rim",11740
78.32,554.318,0.2,-96.73,-47.32,1.998,-5.24,10.68,0.03,-0.0043,2.0443,12.05,159794.56,7.99,90.93,3.889,-0,-0.9999,131.69,127.39,134.26,24.97,Cornering,"Hoosier 43075 16x7.5-10 R20, 7 inch rim",11741
78.3,554.328,-0.63,-97.36,-46.88,1.996,-5.69,11.65,0.16,0.0134,2.0769,12.15,25714.73,7.99,90.92,3.834,-0,-0.9997,131.77,127.39,134.22,24.98,Cornering,"Hoosier 43075 16x7.5-10 R20, 7 inch rim",11742
78.28,554.338,-1.56,-98.39,-47.38,1.986,-5.6,12.86,0.09,0.033,2.0766,12.22,44347.05,7.99,90.86,3.788,-0,-0.9998,131.9,127.5,134.2,25.01,Cornering,"Hoosier 43075 16x7.5-10 R20, 7 inch rim",11743
78.3,554.348,-3.07,-100.29,-48.47,1.996,-6.94,13.21,0.09,0.0634,2.0691,12.24,44358.3,7.99,90.83,3.768,-0,-0.9998,131.9,127.45,134.13,25.01,Cornering,"Hoosier 43075 16x7.5-10 R20, 7 inch rim",11744
78.33,554.358,-3.3,-101.89,-50.38,1.985,-7.5,14.17,0.09,0.0656,2.0225,12.17,44350.72,7.99,90.8,3.712,-0,-0.9998,131.86,127.32,134.24,25.01,Cornering,"Hoosier 43075 16x7.5-10 R20, 7 inch rim",11745
78.29,554.368,-2.49,-102.79,-51.8,1.983,-8.49,14.75,0.09,0.0481,1.9844,12.1,44352.7,7.99,90.8,3.671,-0,-0.9998,131.75,127.21,134.28,25.01,Cornering,"Hoosier 43075 16x7.5-10 R20, 7 inch rim",11746
78.29,554.378,-2.09,-104.06,-53.01,1.995,-9.63,13.95,0.09,0.0394,1.9628,12.01,44303.05,7.99,90.8,3.634,-0,-0.9998,131.62,127.23,134.32,24.98,Cornering,"Hoosier 43075 16x7.5-10 R20, 7 inch rim",11747
78.32,554.388,-0.52,-102.2,-52.71,1.996,-9.12,13.75,-0.04,0.0099,1.939,11.98,-99293.84,7.99,90.83,3.599,-0,-1.0001,131.6,127.12,134.36,24.96,Cornering,"Hoosier 43075 16x7.5-10 R20, 7 inch rim",11748
78.31,554.398,0.33,-99.7,-53.03,1.999,-6.56,12.68,0.09,-0.0062,1.8801,11.98,44275.25,7.99,90.8,3.568,-0,-0.9998,131.52,127.15,134.26,24.96,Cornering,"Hoosier 43075 16x7.5-10 R20, 7 inch rim",11749
78.27,554.408,1.66,-96.9,-51.26,1.989,-6.58,12.47,0.23,-0.0324,1.8903,12.04,18107.72,7.99,90.78,3.523,-0,-0.9996,131.52,127.21,134.18,24.97,Cornering,"Hoosier 43075 16x7.5-10 R20, 7 inch rim",11750
78.31,554.418,1.68,-93.7,-49.39,1.992,-5.75,11.74,0.09,-0.034,1.8972,12.14,44310.81,7.99,90.75,3.463,-0,-0.9998,131.52,127.23,134.11,24.98,Cornering,"Hoosier 43075 16x7.5-10 R20, 7 inch rim",11751
78.32,554.428,1.53,-91.82,-47.3,2.008,-5.91,11.85,0.09,-0.0323,1.9412,12.19,44301.79,7.99,90.69,3.435,-0,-0.9998,131.54,127.3,133.99,24.97,Cornering,"Hoosier 43075 16x7.5-10 R20, 7 inch rim",11752
78.29,554.438,0.54,-91.26,-47.02,1.987,-5.26,11.98,0.03,-0.0115,1.9409,12.17,159877.8,7.99,90.69,3.396,-0,-1,131.6,127.3,133.95,24.97,Cornering,"Hoosier 43075 16x7.5-10 R20, 7 inch rim",11753
78.29,554.448,-0.69,-92.67,-47.59,1.992,-5.67,12.68,0.16,0.0146,1.9473,12.09,25709.58,7.99,90.67,3.359,-0,-0.9997,131.62,127.37,133.89,24.97,Cornering,"Hoosier 43075 16x7.5-10 R20, 7 inch rim",11754
78.32,554.458,-2.3,-93.81,-47.67,1.999,-7.08,12.99,0.03,0.0483,1.9677,12.01,160001.33,7.99,90.72,3.317,-0,-1,131.6,127.48,133.91,24.99,Cornering,"Hoosier 43075 16x7.5-10 R20, 7 inch rim",11755
78.31,554.468,-3.5,-95.22,-49.62,1.98,-7.7,13.18,0.16,0.0705,1.9191,12,25753.89,7.99,90.72,3.256,-0,-0.9997,131.52,127.41,133.97,25.01,Cornering,"Hoosier 43075 16x7.5-10 R20, 7 inch rim",11756
78.28,554.478,-4.09,-96.2,-51.03,1.996,-8.68,12.9,0.09,0.0801,1.8851,12.04,44371.88,7.99,90.74,3.239,-0,-0.9998,131.39,127.26,134.11,25.01,Cornering,"Hoosier 43075 16x7.5-10 R20, 7 inch rim",11757
78.3,554.488,-4.11,-96.33,-52.35,2.001,-8.56,12.08,0.09,0.0784,1.8402,12.11,44373.53,7.99,90.76,3.198,-0,-0.9998,131.22,127.21,134.16,25.01,Cornering,"Hoosier 43075 16x7.5-10 R20, 7 inch rim",11758
78.32,554.498,-3.67,-95.94,-53.48,1.99,-8.01,10.76,0.09,0.0687,1.794,12.19,44354.76,7.99,90.73,3.154,-0,-0.9998,131.09,127.06,134.2,25,Cornering,"Hoosier 43075 16x7.5-10 R20, 7 inch rim",11759
78.29,554.508,-2.72,-94.29,-52.22,1.996,-8.53,9.72,0.03,0.0521,1.8056,12.19,159994.59,7.99,90.73,3.113,-0,-1,131,126.99,134.22,24.98,Cornering,"Hoosier 43075 16x7.5-10 R20, 7 inch rim",11760
78.28,554.518,-1.28,-91.7,-51.49,2.005,-7.21,9.32,0.03,0.0249,1.7808,12.15,160037,7.99,90.73,3.075,-0,-1,131,127.04,134.16,24.99,Cornering,"Hoosier 43075 16x7.5-10 R20, 7 inch rim",11761
78.32,554.528,-0.09,-88.77,-49.59,1.999,-6.51,9.53,-0.04,0.0017,1.79,12.06,-99554.69,7.99,90.73,3.041,-0,-1.0001,131,127.08,134.11,25.01,Cornering,"Hoosier 43075 16x7.5-10 R20, 7 inch rim",11762
78.31,554.538,0.33,-86.93,-48.32,1.998,-6.13,9.71,0.03,-0.0069,1.7993,11.96,160084.52,7.99,90.73,3.001,-0,-1,130.96,127.15,134.03,25,Cornering,"Hoosier 43075 16x7.5-10 R20, 7 inch rim",11763
78.28,554.548,-0.07,-85.73,-47.13,1.999,-5.91,10.25,0.09,0.0014,1.8189,11.95,44341.5,7.99,90.7,2.966,-0,-0.9998,131,127.19,133.91,24.98,Cornering,"Hoosier 43075 16x7.5-10 R20, 7 inch rim",11764
78.3,554.558,-1.03,-85.85,-47.21,1.99,-5.66,10.94,0.09,0.0218,1.8183,11.97,44332.29,7.99,90.66,2.938,-0,-0.9998,131.09,127.28,133.87,24.98,Cornering,"Hoosier 43075 16x7.5-10 R20, 7 inch rim",11765
78.32,554.568,-2.22,-86.58,-48.14,1.986,-5.48,12.03,0.16,0.0461,1.7983,12.03,25732.38,7.99,90.62,2.889,-0,-0.9997,131.13,127.26,133.87,24.98,Cornering,"Hoosier 43075 16x7.5-10 R20, 7 inch rim",11766
78.3,554.578,-2.97,-87.41,-48.38,1.995,-7.3,13.35,0.03,0.0614,1.8066,12.11,160028.39,7.99,90.58,2.866,-0,-1,131.13,127.28,133.87,24.98,Cornering,"Hoosier 43075 16x7.5-10 R20, 7 inch rim",11767
78.29,554.588,-3.64,-87.91,-50.04,1.979,-7.53,13.76,0.09,0.0728,1.7569,12.12,44347.33,7.99,90.55,2.808,-0,-0.9998,131.04,127.17,133.91,24.98,Cornering,"Hoosier 43075 16x7.5-10 R20, 7 inch rim",11768
78.32,554.598,-3.92,-88.21,-51.76,1.986,-7.66,13.41,0.09,0.0758,1.7041,12.08,44369.17,7.99,90.52,2.772,-0,-0.9998,130.89,127.06,134.03,25,Cornering,"Hoosier 43075 16x7.5-10 R20, 7 inch rim",11769
78.32,554.608,-3.1,-88.06,-52.68,1.993,-8.01,13.08,0.03,0.0589,1.6716,12.02,160155.2,7.99,90.53,2.746,-0,-1,130.74,126.95,134.09,25,Cornering,"Hoosier 43075 16x7.5-10 R20, 7 inch rim",11770
78.29,554.618,-2.3,-87.43,-52.85,1.993,-8.06,11.9,0.16,0.0434,1.6543,11.97,25736.26,7.99,90.55,2.7,-0,-0.9997,130.66,126.95,134.11,24.98,Cornering,"Hoosier 43075 16x7.5-10 R20, 7 inch rim",11771
78.3,554.628,-0.94,-85.6,-52.12,1.998,-7.37,11.15,-0.04,0.018,1.6424,11.99,-99469.99,7.99,90.54,2.663,-0,-1.0001,130.66,126.95,134.09,24.98,Cornering,"Hoosier 43075 16x7.5-10 R20, 7 inch rim",11772
78.32,554.638,-0.18,-83.49,-50.13,1.999,-7.76,10.35,0.09,0.0037,1.6655,12.06,44323.08,7.99,90.55,2.614,-0,-0.9998,130.64,126.9,134.01,24.97,Cornering,"Hoosier 43075 16x7.5-10 R20, 7 inch rim",11773
78.3,554.648,0.15,-80.66,-49.08,1.987,-5.84,9.84,0.03,-0.003,1.6433,12.11,159952.73,7.99,90.54,2.578,-0,-1,130.57,126.95,133.95,24.97,Cornering,"Hoosier 43075 16x7.5-10 R20, 7 inch rim",11774
78.28,554.658,-0.52,-79.02,-47.39,1.99,-6.32,9.38,0.03,0.011,1.6675,12.17,159995.52,7.99,90.53,2.53,-0,-1,130.57,127.01,133.85,24.97,Cornering,"Hoosier 43075 16x7.5-10 R20, 7 inch rim",11775
78.31,554.668,-1.52,-78.01,-46.51,2.004,-5.93,9.62,-0.11,0.0326,1.6772,12.14,-37938.28,7.99,90.48,2.485,-0,-1.0002,130.66,127.08,133.77,24.97,Cornering,"Hoosier 43075 16x7.5-10 R20, 7 inch rim",11776
78.32,554.678,-2.59,-78.11,-47.38,1.995,-5.7,10.61,0.03,0.0546,1.6487,12.08,159968.39,7.99,90.47,2.441,-0,-1,130.68,127.12,133.71,24.97,Cornering,"Hoosier 43075 16x7.5-10 R20, 7 inch rim",11777
78.29,554.688,-3.77,-78.39,-48.24,1.993,-5.71,11.38,0.09,0.0781,1.6249,11.99,44319.77,7.99,90.46,2.392,-0,-0.9998,130.79,127.1,133.71,24.96,Cornering,"Hoosier 43075 16x7.5-10 R20, 7 inch rim",11778
78.3,554.698,-4.36,-79,-49.22,1.993,-7.21,12.48,-0.04,0.0887,1.6049,11.95,-99399.98,7.99,90.45,2.346,-0,-1.0001,130.72,127.04,133.73,24.96,Cornering,"Hoosier 43075 16x7.5-10 R20, 7 inch rim",11779
78.32,554.708,-4.11,-79.12,-50.85,1.993,-7.67,13.46,0.09,0.0808,1.5559,11.95,44311.84,7.99,90.45,2.312,-0,-0.9998,130.64,126.93,133.75,24.96,Cornering,"Hoosier 43075 16x7.5-10 R20, 7 inch rim",11780
78.3,554.718,-3.39,-79.06,-52.29,1.989,-7.92,13.38,0.16,0.0648,1.512,11.99,25714.29,7.99,90.46,2.263,-0,-0.9997,130.46,126.84,133.79,24.95,Cornering,"Hoosier 43075 16x7.5-10 R20, 7 inch rim",11781
78.28,554.728,-2.5,-78.34,-52.38,2.002,-8.4,12.87,0.09,0.0478,1.4955,12.06,44345.7,7.99,90.44,2.206,-0,-0.9998,130.36,126.82,133.81,24.97,Cornering,"Hoosier 43075 16x7.5-10 R20, 7 inch rim",11782
78.3,554.738,-0.99,-77,-52.31,1.982,-7.74,12.47,0.03,0.019,1.4719,12.11,160070.5,7.99,90.46,2.173,-0,-1,130.27,126.82,133.77,24.98,Cornering,"Hoosier 43075 16x7.5-10 R20, 7 inch rim",11783
78.33,554.748,0.44,-75.06,-51.12,1.993,-7.5,12.39,0.09,-0.0087,1.4683,12.11,44357.73,7.99,90.49,2.142,-0,-0.9998,130.25,126.84,133.69,24.98,Cornering,"Hoosier 43075 16x7.5-10 R20, 7 inch rim",11784
78.29,554.758,1.58,-72.47,-49.51,1.995,-6.63,12.52,0.16,-0.032,1.4637,12.07,25734.85,7.99,90.49,2.096,-0,-0.9997,130.14,126.88,133.61,24.97,Cornering,"Hoosier 43075 16x7.5-10 R20, 7 inch rim",11785
78.29,554.768,2.31,-70.32,-47.73,1.99,-6.35,13.26,0.03,-0.0483,1.4733,12,159970.16,7.99,90.55,2.056,-0,-1,130.14,126.9,133.49,24.96,Cornering,"Hoosier 43075 16x7.5-10 R20, 7 inch rim",11786
78.32,554.778,1.78,-69.11,-47.36,1.995,-5.43,13.57,0.09,-0.0376,1.4592,11.95,44319.44,7.99,90.57,2.03,-0,-0.9998,130.12,126.93,133.41,24.96,Cornering,"Hoosier 43075 16x7.5-10 R20, 7 inch rim",11787
78.31,554.788,0.65,-68.38,-46.43,1.999,-5.94,14.17,0.16,-0.0141,1.4728,11.95,25730.44,7.99,90.64,1.989,-0,-0.9997,130.27,126.99,133.37,24.96,Cornering,"Hoosier 43075 16x7.5-10 R20, 7 inch rim",11788
78.29,554.798,-1.16,-68.31,-47.15,1.987,-5.8,14.35,0.09,0.0245,1.4489,12.02,44342.13,7.99,90.69,1.944,-0,-0.9998,130.38,127.1,133.37,24.97,Cornering,"Hoosier 43075 16x7.5-10 R20, 7 inch rim",11789
78.3,554.808,-2.71,-68.45,-48.22,1.987,-6.47,14.42,0.09,0.0562,1.4196,12.08,44352.83,7.99,90.74,1.927,-0,-0.9998,130.23,127.04,133.41,24.97,Cornering,"Hoosier 43075 16x7.5-10 R20, 7 inch rim",11790
78.32,554.818,-3.82,-68.86,-49.71,1.982,-7.47,14.04,0.09,0.0768,1.3852,12.11,44363.9,7.99,90.77,1.894,-0,-0.9998,130.12,126.88,133.47,24.98,Cornering,"Hoosier 43075 16x7.5-10 R20, 7 inch rim",11791
78.3,554.828,-3.94,-69.01,-51.55,1.992,-7.93,13.52,0.09,0.0764,1.3388,12.11,44375.11,7.99,90.77,1.854,-0,-0.9998,130.01,126.79,133.49,24.98,Cornering,"Hoosier 43075 16x7.5-10 R20, 7 inch rim",11792
78.29,554.838,-4.01,-68.39,-52.5,1.999,-8.05,11.95,-0.04,0.0764,1.3026,12.03,-99453.67,7.99,90.78,1.817,-0,-1.0001,129.86,126.66,133.53,24.96,Cornering,"Hoosier 43075 16x7.5-10 R20, 7 inch rim",11793
78.31,554.848,-3.29,-67.55,-52.63,1.986,-7.75,10.37,0.16,0.0625,1.2835,11.97,25721.47,7.99,90.82,1.765,-0,-0.9997,129.82,126.75,133.49,24.95,Cornering,"Hoosier 43075 16x7.5-10 R20, 7 inch rim",11794
78.31,554.858,-3.44,-66.39,-52.23,2.004,-7.35,8.21,-0.04,0.066,1.2711,11.92,-99387.66,7.99,90.82,1.749,-0,-1.0001,129.78,126.73,133.43,24.94,Cornering,"Hoosier 43075 16x7.5-10 R20, 7 inch rim",11795
78.28,554.868,-2.97,-64.21,-49.98,1.99,-7.42,6.99,0.09,0.0594,1.2848,11.94,44306.39,7.99,90.86,1.699,-0,-0.9998,129.76,126.77,133.33,24.94,Cornering,"Hoosier 43075 16x7.5-10 R20, 7 inch rim",11796
78.3,554.878,-2.45,-61.93,-48.64,1.995,-6.37,6.89,0.09,0.0503,1.2733,12.01,44307.12,7.99,90.92,1.663,-0,-0.9998,129.69,126.82,133.29,24.94,Cornering,"Hoosier 43075 16x7.5-10 R20, 7 inch rim",11797
78.32,554.888,-2.74,-60.22,-46.95,1.983,-6.02,6.77,0.23,0.0584,1.2826,12.08,18116.11,7.99,90.97,1.615,-0,-0.9996,129.67,126.97,133.23,24.94,Cornering,"Hoosier 43075 16x7.5-10 R20, 7 inch rim",11798
78.3,554.898,-3.53,-58.54,-46.31,1.986,-5.27,7.22,-0.04,0.0762,1.2639,12.19,-99441.48,7.99,91.02,1.58,-0,-1.0001,129.73,127.08,133.16,24.96,Cornering,"Hoosier 43075 16x7.5-10 R20, 7 inch rim",11799
78.28,554.908,-4.82,-58.05,-46.3,1.979,-5.78,7.93,-0.04,0.1041,1.2538,12.22,-99490.35,7.99,91.05,1.516,-0,-1.0001,129.8,127.17,133.16,24.97,Cornering,"Hoosier 43075 16x7.5-10 R20, 7 inch rim",11800
78.32,554.918,-6.11,-57.78,-47.33,1.993,-5.97,8.74,0.16,0.1291,1.2209,12.17,25748.47,7.99,91.05,1.493,-0,-0.9997,129.86,127.23,133.14,24.97,Cornering,"Hoosier 43075 16x7.5-10 R20, 7 inch rim",11801
78.32,554.928,-6.78,-57.59,-48.61,1.989,-7.23,9.71,0.09,0.1394,1.1847,12.1,44352.26,7.99,91.04,1.452,-0,-0.9998,129.71,127.19,133.19,24.97,Cornering,"Hoosier 43075 16x7.5-10 R20, 7 inch rim",11802
78.29,554.938,-6.16,-57.1,-50.51,1.995,-7.54,11.08,-0.04,0.1219,1.1304,12.01,-99494.86,7.99,90.99,1.4,-0,-1.0001,129.63,127.08,133.21,24.97,Cornering,"Hoosier 43075 16x7.5-10 R20, 7 inch rim",11803
78.29,554.948,-4.73,-56.96,-51.94,2.005,-8.49,11.93,0.03,0.0912,1.0967,11.95,160059.47,7.98,90.94,1.357,-0,-1,129.5,126.99,133.25,24.97,Cornering,"Hoosier 43075 16x7.5-10 R20, 7 inch rim",11804
78.32,554.958,-3.21,-56,-52.06,1.999,-8.94,12.11,0.03,0.0616,1.0757,11.98,160173.53,7.99,90.91,1.311,-0,-1,129.41,126.95,133.25,24.98,Cornering,"Hoosier 43075 16x7.5-10 R20, 7 inch rim",11805
78.3,554.968,-1.58,-54.03,-52.14,1.98,-7.51,11.96,0.09,0.0303,1.0364,12.03,44417.2,7.99,90.89,1.253,-0,-0.9998,129.33,126.93,133.23,25,Cornering,"Hoosier 43075 16x7.5-10 R20, 7 inch rim",11806
78.28,554.978,-0.18,-52.23,-50.56,1.985,-7.43,11.95,0.03,0.0035,1.0331,12.13,160364.2,7.99,90.85,1.22,-0,-1,129.24,126.9,133.19,25.01,Cornering,"Hoosier 43075 16x7.5-10 R20, 7 inch rim",11807
78.31,554.988,1.09,-50.02,-48.72,2.001,-6.76,12.38,0.16,-0.0225,1.0267,12.17,25799.06,7.99,90.85,1.19,-0,-0.9997,129.31,126.93,133.08,25.02,Cornering,"Hoosier 43075 16x7.5-10 R20, 7 inch rim",11808
78.32,554.998,1.57,-47.9,-47.41,2.005,-5.99,13,0.09,-0.033,1.0104,12.15,44398.08,7.98,90.79,1.147,-0,-0.9998,129.22,126.86,132.96,24.99,Cornering,"Hoosier 43075 16x7.5-10 R20, 7 inch rim",11809
78.29,555.008,1.43,-45.83,-46.4,1.989,-4.98,13.82,0.16,-0.0309,0.9879,12.08,25769.88,7.99,90.74,1.098,-0,-0.9997,129.2,126.86,132.92,24.99,Cornering,"Hoosier 43075 16x7.5-10 R20, 7 inch rim",11810
78.29,555.018,0.52,-44.92,-45.86,1.989,-5.37,14.66,0.03,-0.0113,0.9795,12.01,160185.39,7.99,90.75,1.072,-0,-1,129.28,126.84,132.9,24.98,Cornering,"Hoosier 43075 16x7.5-10 R20, 7 inch rim",11811
78.32,555.028,-1.21,-44.14,-46.14,1.986,-6.05,14.86,0.03,0.0262,0.9566,11.98,160299.11,7.99,90.74,1.019,-0,-1,129.31,126.84,132.88,25,Cornering,"Hoosier 43075 16x7.5-10 R20, 7 inch rim",11812
78.3,555.038,-3.3,-43.64,-47.7,1.987,-6.64,14.4,0.03,0.0692,0.9148,12.04,160300.67,7.99,90.74,0.981,-0,-1,129.26,126.77,132.92,25,Cornering,"Hoosier 43075 16x7.5-10 R20, 7 inch rim",11813
78.28,555.048,-4.42,-42.87,-49.17,1.996,-7.33,14.05,-0.04,0.0899,0.8719,12.12,-99669.98,7.99,90.77,0.959,-0,-1.0001,129.13,126.66,133,25.01,Cornering,"Hoosier 43075 16x7.5-10 R20, 7 inch rim",11814
78.3,555.058,-4.67,-42.09,-50.46,2.001,-7.99,13.27,0.09,0.0926,0.8341,12.19,44431.64,7.99,90.77,0.916,-0,-0.9998,129.07,126.55,133.08,25.01,Cornering,"Hoosier 43075 16x7.5-10 R20, 7 inch rim",11815
78.32,555.068,-4.29,-40.91,-51.14,1.986,-8.16,12.02,0.03,0.0838,0.8,12.19,160416.2,7.99,90.78,0.87,-0,-1,129.03,126.44,133.04,25.02,Cornering,"Hoosier 43075 16x7.5-10 R20, 7 inch rim",11816
78.29,555.078,-3.06,-39.06,-50.74,1.987,-8.02,11.02,-0.11,0.0602,0.7699,12.16,-38010.68,7.99,90.81,0.834,-0,-1.0002,128.98,126.49,133.04,25,Cornering,"Hoosier 43075 16x7.5-10 R20, 7 inch rim",11817
78.29,555.088,-2.37,-37.7,-50.12,1.993,-7.42,9.61,0.09,0.0474,0.7521,12.08,44412.14,7.99,90.8,0.797,-0,-0.9998,128.94,126.51,132.98,25,Cornering,"Hoosier 43075 16x7.5-10 R20, 7 inch rim",11818
78.32,555.098,-2.29,-35.73,-48.97,1.999,-6.53,7.86,-0.04,0.0468,0.7296,11.98,-99651.12,7.99,90.82,0.754,-0,-1.0001,128.96,126.62,132.9,25,Cornering,"Hoosier 43075 16x7.5-10 R20, 7 inch rim",11819
78.31,555.108,-2.42,-33.71,-47.13,1.989,-5.99,6.94,0.09,0.0513,0.7152,11.94,44412.71,7.99,90.82,0.724,-0,-0.9998,128.92,126.64,132.8,25,Cornering,"Hoosier 43075 16x7.5-10 R20, 7 inch rim",11820
78.29,555.118,-2.93,-31.89,-45.86,1.992,-5.64,6.62,-0.04,0.064,0.6955,11.95,-99606.27,7.99,90.85,0.671,-0,-1.0001,128.9,126.73,132.68,24.99,Cornering,"Hoosier 43075 16x7.5-10 R20, 7 inch rim",11821
78.3,555.128,-3.97,-30.71,-45.29,1.999,-5.64,6.93,0.03,0.0876,0.678,12.03,160199.84,7.99,90.87,0.635,-0,-1,128.94,126.86,132.62,24.98,Cornering,"Hoosier 43075 16x7.5-10 R20, 7 inch rim",11822
78.32,555.138,-5.27,-29.31,-45.41,1.999,-5.97,7.67,0.23,0.116,0.6455,12.09,18150.79,7.99,90.9,0.607,-0,-0.9996,129.01,126.99,132.6,24.98,Cornering,"Hoosier 43075 16x7.5-10 R20, 7 inch rim",11823
78.29,555.148,-6.01,-28.01,-46.61,1.992,-6.03,8.79,0.03,0.1289,0.6009,12.13,160164.23,7.99,90.92,0.56,-0,-1,128.96,126.93,132.6,24.98,Cornering,"Hoosier 43075 16x7.5-10 R20, 7 inch rim",11824
78.29,555.158,-6.5,-26.28,-47.68,1.99,-6.76,9.79,0.09,0.1364,0.5511,12.08,44372.79,7.99,90.92,0.512,-0,-0.9998,128.86,126.86,132.62,24.97,Cornering,"Hoosier 43075 16x7.5-10 R20, 7 inch rim",11825
78.31,555.168,-6.79,-24.9,-48.97,2.001,-7.84,9.92,0.03,0.1386,0.5085,12.02,160128.44,7.99,90.93,0.478,-0,-1,128.73,126.68,132.64,24.97,Cornering,"Hoosier 43075 16x7.5-10 R20, 7 inch rim",11826
78.31,555.178,-5.69,-22.97,-50.6,1.996,-7.3,10.43,0.03,0.1125,0.454,11.97,160017.48,7.99,90.95,0.438,-0,-1,128.62,126.66,132.6,24.96,Cornering,"Hoosier 43075 16x7.5-10 R20, 7 inch rim",11827
78.27,555.188,-3.71,-21.57,-50.58,1.995,-8.43,11.03,0.09,0.0733,0.4265,12,44321.71,7.99,90.99,0.403,-0,-0.9998,128.53,126.57,132.6,24.94,Cornering,"Hoosier 43075 16x7.5-10 R20, 7 inch rim",11828
78.3,555.198,-2.24,-19.04,-50.31,1.985,-7.45,10.44,0.09,0.0445,0.3785,12.03,44342.44,7.99,90.97,0.356,-0,-0.9998,128.53,126.46,132.64,24.96,Cornering,"Hoosier 43075 16x7.5-10 R20, 7 inch rim",11829
78.33,555.208,-1.14,-17.3,-48.58,2.002,-7.59,9.9,0.16,0.0234,0.3562,12.12,25743.24,7.99,90.98,0.32,-0,-0.9997,128.55,126.55,132.58,24.96,Cornering,"Hoosier 43075 16x7.5-10 R20, 7 inch rim",11830
78.3,555.218,-0.42,-15.14,-46.89,1.995,-6.77,9.49,-0.04,0.0089,0.3228,12.16,-99586.7,7.99,90.98,0.286,-0,-1.0001,128.53,126.53,132.54,24.98,Cornering,"Hoosier 43075 16x7.5-10 R20, 7 inch rim",11831
78.28,555.228,-0.62,-12.95,-45.9,1.989,-5.65,9.09,-0.04,0.0135,0.2823,12.17,-99563.73,7.99,91.01,0.236,-0,-1.0001,128.6,126.57,132.52,24.98,Cornering,"Hoosier 43075 16x7.5-10 R20, 7 inch rim",11832
78.31,555.238,-0.97,-10.82,-44.87,1.99,-5.34,9.72,-0.04,0.0217,0.2411,12.06,-99563.77,7.99,91,0.209,-0,-1.0001,128.62,126.6,132.46,24.98,Cornering,"Hoosier 43075 16x7.5-10 R20, 7 inch rim",11833
78.31,555.248,-2.55,-8.9,-44.49,2.008,-5.59,9.84,0.09,0.0573,0.2,11.99,44363.26,7.99,91.03,0.174,-0,-0.9998,128.75,126.71,132.46,24.97,Cornering,"Hoosier 43075 16x7.5-10 R20, 7 inch rim",11834
78.29,555.258,-3.61,-6.74,-44.73,1.979,-5.68,10.6,0.09,0.0807,0.1508,11.95,44332.34,7.99,91.04,0.12,-0,-0.9998,128.86,126.77,132.48,24.95,Cornering,"Hoosier 43075 16x7.5-10 R20, 7 inch rim",11835
78.29,555.268,-4.69,-4.93,-45.85,1.993,-6.62,11,0.03,0.1024,0.1075,11.96,160018.98,7.99,91.06,0.091,-0,-1,128.75,126.68,132.54,24.96,Cornering,"Hoosier 43075 16x7.5-10 R20, 7 inch rim",11836
78.32,555.278,-5.49,-2.68,-47.32,1.985,-6.88,10.75,0.03,0.1159,0.0566,12.03,160093.2,7.99,91.06,0.066,-0,-1,128.53,126.57,132.62,24.97,Cornering,"Hoosier 43075 16x7.5-10 R20, 7 inch rim",11837
78.31,555.288,-5.88,-0.83,-48.63,1.995,-7.59,9.72,0.09,0.1208,0.0171,12.1,44394.01,7.99,91.02,0.028,-0,-0.9998,128.51,126.49,132.56,24.98,Cornering,"Hoosier 43075 16x7.5-10 R20, 7 inch rim",11838
78.28,555.298,-5.44,1.22,-49.41,1.992,-8.22,8.31,0.09,0.11,-0.0246,12.14,44383.58,7.99,90.96,-0.026,-0,-0.9998,128.43,126.35,132.54,24.98,Cornering,"Hoosier 43075 16x7.5-10 R20, 7 inch rim",11839
78.31,555.308,-4.43,3.4,-49.53,1.992,-7.57,7.35,0.03,0.0895,-0.0687,12.13,160129.08,7.99,90.91,-0.079,-0,-1,128.34,126.33,132.5,24.97,Cornering,"Hoosier 43075 16x7.5-10 R20, 7 inch rim",11840
78.32,555.318,-3.44,5.09,-48.8,1.993,-7.02,6.2,0.03,0.0706,-0.1043,12.08,160054.27,7.99,90.89,-0.115,-0,-1,128.34,126.29,132.42,24.96,Cornering,"Hoosier 43075 16x7.5-10 R20, 7 inch rim",11841
78.29,555.328,-2.84,6.89,-47.03,1.996,-6.95,5.29,0.03,0.0604,-0.1466,12,159979.22,7.99,90.9,-0.162,-0,-1,128.36,126.33,132.32,24.95,Cornering,"Hoosier 43075 16x7.5-10 R20, 7 inch rim",11842
78.3,555.338,-2.72,9.05,-45.5,1.993,-6.03,4.88,0.09,0.0599,-0.1988,11.97,44279.93,7.99,90.88,-0.198,-0,-0.9998,128.28,126.33,132.32,24.92,Cornering,"Hoosier 43075 16x7.5-10 R20, 7 inch rim",11843
78.33,555.348,-3.23,11.34,-44.18,1.992,-5.94,5.04,-0.04,0.0731,-0.2567,11.99,-99376.19,7.99,90.87,-0.252,-0,-1.0001,128.28,126.35,132.17,24.93,Cornering,"Hoosier 43075 16x7.5-10 R20, 7 inch rim",11844
78.31,555.358,-3.97,13.77,-43.78,2.002,-5.67,5.93,0.03,0.0907,-0.3144,12.06,159865.14,7.99,90.87,-0.294,-0,-1,128.34,126.44,132.13,24.93,Cornering,"Hoosier 43075 16x7.5-10 R20, 7 inch rim",11845
78.29,555.368,-4.61,16.63,-43.86,1.986,-5.35,7.25,0.03,0.105,-0.3792,12.12,159901.02,7.99,90.86,-0.347,-0,-1,128.4,126.46,132.11,24.94,Cornering,"Hoosier 43075 16x7.5-10 R20, 7 inch rim",11846
78.3,555.378,-5.49,19.08,-44.75,1.996,-5.67,8.51,-0.04,0.1227,-0.4264,12.13,-99374.24,7.99,90.83,-0.383,-0,-1.0001,128.36,126.46,132.15,24.93,Cornering,"Hoosier 43075 16x7.5-10 R20, 7 inch rim",11847
78.33,555.388,-6.18,21.29,-45.68,1.992,-7.02,9.12,0.09,0.1352,-0.466,12.07,44309.25,7.99,90.84,-0.434,-0,-0.9998,128.34,126.33,132.3,24.94,Cornering,"Hoosier 43075 16x7.5-10 R20, 7 inch rim",11848
78.3,555.398,-6.16,23.7,-47.4,1.983,-7.34,9.14,0.09,0.1299,-0.5,12.01,44308.9,7.99,90.84,-0.476,-0,-0.9998,128.21,126.24,132.36,24.94,Cornering,"Hoosier 43075 16x7.5-10 R20, 7 inch rim",11849
78.29,555.408,-5.09,25.84,-48.88,1.998,-7.75,9.49,0.03,0.1042,-0.5287,11.95,159970.25,7.99,90.85,-0.519,-0,-1,128.17,126.13,132.32,24.95,Cornering,"Hoosier 43075 16x7.5-10 R20, 7 inch rim",11850
78.32,555.418,-2.83,28.2,-49.52,1.996,-7.48,9.83,0.03,0.0571,-0.5696,11.92,160006.02,7.98,90.79,-0.559,-0,-1,128.19,126.02,132.3,24.96,Cornering,"Hoosier 43075 16x7.5-10 R20, 7 inch rim",11851
78.31,555.428,-0.92,29.96,-49,1.983,-6.92,9.76,0.03,0.0187,-0.6114,11.93,160079.41,7.99,90.71,-0.584,-0,-1,128.15,126,132.19,24.97,Cornering,"Hoosier 43075 16x7.5-10 R20, 7 inch rim",11852
78.28,555.438,1.08,31.63,-47.86,1.986,-6.31,10.09,0.03,-0.0226,-0.6609,12.03,160114.81,7.99,90.64,-0.63,-0,-1,128.19,126.05,132.13,24.97,Cornering,"Hoosier 43075 16x7.5-10 R20, 7 inch rim",11853
78.3,555.448,1.93,33.23,-45.36,1.995,-6.67,9.98,0.09,-0.0425,-0.7326,12.13,44389.43,7.99,90.56,-0.66,-0,-0.9998,128.17,126.05,132.05,24.98,Cornering,"Hoosier 43075 16x7.5-10 R20, 7 inch rim",11854
78.32,555.458,1.39,35.1,-44.4,1.99,-5.14,9.42,0.09,-0.0312,-0.7905,12.19,44399.36,7.99,90.52,-0.692,-0,-0.9998,128.08,126.11,131.95,24.99,Cornering,"Hoosier 43075 16x7.5-10 R20, 7 inch rim",11855
78.29,555.468,0.01,37.01,-42.81,2.002,-5.98,8.93,0.03,-0.0003,-0.8644,12.19,160259.64,7.98,90.55,-0.722,-0,-1,128.13,126.18,131.87,25,Cornering,"Hoosier 43075 16x7.5-10 R20, 7 inch rim",11856
78.28,555.478,-1.71,39.07,-42.29,1.987,-6.13,8.48,0.23,0.0405,-0.924,12.14,18144.72,7.99,90.57,-0.751,-0,-0.9996,128.21,126.27,131.87,24.98,Cornering,"Hoosier 43075 16x7.5-10 R20, 7 inch rim",11857
78.32,555.488,-3.66,41.4,-43.35,1.995,-5.58,8.15,-0.04,0.0845,-0.955,12.06,-99457.8,7.98,90.57,-0.771,-0,-1.0001,128.3,126.27,131.91,24.96,Cornering,"Hoosier 43075 16x7.5-10 R20, 7 inch rim",11858
78.31,555.498,-5.42,43.01,-45.4,1.993,-5.6,7.52,0.16,0.1194,-0.9474,12,25709.65,7.99,90.56,-0.808,-0,-0.9997,128.25,126.2,131.97,24.93,Cornering,"Hoosier 43075 16x7.5-10 R20, 7 inch rim",11859
78.29,555.508,-6.91,44.7,-46.73,2.002,-7.46,6.14,-0.04,0.1479,-0.9566,12,-99363.59,7.98,90.52,-0.832,-0,-1.0001,128.15,126.11,132.03,24.93,Cornering,"Hoosier 43075 16x7.5-10 R20, 7 inch rim",11860
78.3,555.518,-7.76,46.87,-49.04,1.983,-7.06,4.27,0.09,0.1582,-0.9557,12.04,44324.7,7.99,90.53,-0.889,-0,-0.9998,128.04,125.98,132.05,24.95,Cornering,"Hoosier 43075 16x7.5-10 R20, 7 inch rim",11861
78.32,555.528,-7.47,48.8,-50.45,1.979,-7.14,2.71,0.16,0.1482,-0.9672,12.13,25762.41,7.99,90.56,-0.934,-0,-0.9997,128.02,125.89,132.07,24.98,Cornering,"Hoosier 43075 16x7.5-10 R20, 7 inch rim",11862
78.3,555.538,-6.52,50.58,-50.75,1.999,-6.94,1.41,0.09,0.1285,-0.9966,12.17,44385.46,7.98,90.61,-0.958,-0,-0.9998,127.91,125.85,132.03,24.98,Cornering,"Hoosier 43075 16x7.5-10 R20, 7 inch rim",11863
78.29,555.548,-4.94,52.02,-50.15,1.987,-6.21,0.86,0.03,0.0985,-1.0373,12.15,160133.72,7.98,90.66,-1.007,-0,-1,127.91,125.94,132.01,24.98,Cornering,"Hoosier 43075 16x7.5-10 R20, 7 inch rim",11864
78.32,555.558,-4.58,53.07,-48.35,1.986,-6.66,-0.22,0.03,0.0947,-1.0975,12.09,160094.45,7.98,90.68,-1.043,-0,-1,127.89,125.94,131.89,24.97,Cornering,"Hoosier 43075 16x7.5-10 R20, 7 inch rim",11865
78.32,555.568,-3.69,54.55,-46.98,1.993,-6.18,0.4,0.16,0.0785,-1.1612,12,25731.03,7.98,90.69,-1.094,-0,-0.9997,127.85,125.91,131.85,24.96,Cornering,"Hoosier 43075 16x7.5-10 R20, 7 inch rim",11866
78.29,555.578,-3.88,55.91,-45.64,1.992,-6.78,0.86,-0.04,0.0849,-1.2251,11.95,-99421.88,7.98,90.69,-1.144,-0,-1.0001,127.85,125.94,131.79,24.95,Cornering,"Hoosier 43075 16x7.5-10 R20, 7 inch rim",11867
78.29,555.588,-4.4,57.76,-44.84,1.987,-7.69,1.95,0.09,0.0981,-1.2881,11.94,44309.52,7.98,90.66,-1.187,-0,-0.9998,127.85,126.02,131.73,24.94,Cornering,"Hoosier 43075 16x7.5-10 R20, 7 inch rim",11868
78.32,555.598,-5.99,60.08,-45.57,1.992,-7.41,2.31,0.03,0.1314,-1.3184,12.02,159896.58,7.98,90.68,-1.232,-0,-1,127.98,126.07,131.73,24.94,Cornering,"Hoosier 43075 16x7.5-10 R20, 7 inch rim",11869
78.3,555.608,-7.24,61.94,-46.87,1.999,-8.28,2.86,-0.04,0.1544,-1.3214,12.1,-99370.09,7.98,90.7,-1.278,-0,-1.0001,127.95,125.98,131.71,24.94,Cornering,"Hoosier 43075 16x7.5-10 R20, 7 inch rim",11870
78.28,555.618,-7.09,64.99,-48.41,1.985,-8.08,4.23,-0.04,0.1465,-1.3426,12.14,-99391.01,7.98,90.72,-1.326,-0,-1.0001,127.87,125.87,131.77,24.94,Cornering,"Hoosier 43075 16x7.5-10 R20, 7 inch rim",11871
78.3,555.628,-6.36,67.3,-50.51,2.001,-8.67,5.24,0.16,0.126,-1.3325,12.14,25710.03,7.98,90.75,-1.372,-0,-0.9997,127.76,125.78,131.81,24.94,Cornering,"Hoosier 43075 16x7.5-10 R20, 7 inch rim",11872
78.32,555.638,-5.05,69.52,-52.32,2.001,-8.69,5.67,0.09,0.0966,-1.3289,12.08,44294.47,7.98,90.77,-1.425,-0,-0.9998,127.7,125.65,131.79,24.94,Cornering,"Hoosier 43075 16x7.5-10 R20, 7 inch rim",11873
78.29,555.648,-3.19,71.45,-53.71,1.996,-7.92,6.03,0.03,0.0594,-1.3303,12.03,159842.91,7.98,90.74,-1.455,-0,-1,127.7,125.54,131.75,24.94,Cornering,"Hoosier 43075 16x7.5-10 R20, 7 inch rim",11874
78.3,555.658,-0.63,72.26,-53.88,1.99,-7.78,7.06,0.09,0.0118,-1.3412,11.99,44292.6,7.98,90.73,-1.509,-0,-0.9998,127.72,125.52,131.73,24.94,Cornering,"Hoosier 43075 16x7.5-10 R20, 7 inch rim",11875
78.32,555.668,1.12,72.94,-52.47,2.004,-7.87,7.6,0.03,-0.0214,-1.39,12,159799.11,7.98,90.69,-1.537,-0,-1,127.78,125.47,131.65,24.93,Cornering,"Hoosier 43075 16x7.5-10 R20, 7 inch rim",11876
78.31,555.678,2.31,73.57,-50.75,1.99,-8.08,8.22,0.03,-0.0454,-1.4497,12.05,159793.89,7.98,90.69,-1.598,-0,-1,127.74,125.5,131.65,24.93,Cornering,"Hoosier 43075 16x7.5-10 R20, 7 inch rim",11877
78.28,555.688,2.72,74.99,-49.79,1.982,-6.86,9,0.09,-0.0546,-1.5061,12.11,44300.16,7.98,90.71,-1.625,-0,-0.9998,127.76,125.56,131.61,24.94,Cornering,"Hoosier 43075 16x7.5-10 R20, 7 inch rim",11878
78.3,555.698,1.87,76.32,-49.21,1.992,-6.73,9.37,0.09,-0.0381,-1.5511,12.08,44319.84,7.98,90.72,-1.663,-0,-0.9998,127.83,125.61,131.55,24.96,Cornering,"Hoosier 43075 16x7.5-10 R20, 7 inch rim",11879
78.32,555.708,1.2,78.34,-48.94,1.989,-6.46,10.33,-0.11,-0.0244,-1.6009,12.05,-37957.5,7.98,90.74,-1.704,-0,-1.0002,127.89,125.63,131.55,24.98,Cornering,"Hoosier 43075 16x7.5-10 R20, 7 inch rim",11880
78.29,555.718,-0.66,80.03,-49.72,1.998,-6.94,10.02,-0.04,0.0132,-1.6096,11.98,-99530.81,7.98,90.76,-1.747,-0,-1.0001,127.93,125.65,131.55,24.98,Cornering,"Hoosier 43075 16x7.5-10 R20, 7 inch rim",11881
78.29,555.728,-2.63,81.79,-51.06,1.993,-7.13,9.13,0.16,0.0514,-1.6016,11.95,25746.41,7.98,90.79,-1.77,-0,-0.9997,127.93,125.56,131.55,24.98,Cornering,"Hoosier 43075 16x7.5-10 R20, 7 inch rim",11882
78.32,555.738,-4.08,83.2,-52.7,1.999,-8,7.65,0.09,0.0774,-1.5788,11.96,44326.62,7.98,90.78,-1.799,-0,-0.9998,127.78,125.43,131.59,24.96,Cornering,"Hoosier 43075 16x7.5-10 R20, 7 inch rim",11883
78.31,555.748,-4.3,84.72,-54.86,1.983,-8.26,6.36,-0.04,0.0784,-1.5444,12,-99409.72,7.98,90.73,-1.842,-0,-1.0001,127.74,125.27,131.59,24.96,Cornering,"Hoosier 43075 16x7.5-10 R20, 7 inch rim",11884
78.28,555.758,-4.1,86.06,-55.6,2.002,-8.72,4.88,-0.11,0.0738,-1.5479,12.07,-37944.68,7.98,90.71,-1.88,-0,-1.0002,127.7,125.19,131.51,24.97,Cornering,"Hoosier 43075 16x7.5-10 R20, 7 inch rim",11885
78.3,555.768,-3.66,86.76,-56.25,1.989,-8.11,2.94,-0.04,0.0651,-1.5426,12.14,-99543.43,7.98,90.7,-1.919,-0,-1.0001,127.68,125.19,131.47,24.99,Cornering,"Hoosier 43075 16x7.5-10 R20, 7 inch rim",11886
78.32,555.778,-3.06,86.93,-55.28,1.982,-7.73,1.49,0.09,0.0553,-1.5726,12.14,44414.93,7.98,90.7,-1.955,-0,-0.9998,127.65,125.23,131.41,25.01,Cornering,"Hoosier 43075 16x7.5-10 R20, 7 inch rim",11887
78.3,555.788,-2.68,86.81,-53.68,1.999,-7.69,0.52,0.03,0.0499,-1.6174,12.11,160352.14,7.98,90.72,-1.975,-0,-1,127.61,125.23,131.39,25.03,Cornering,"Hoosier 43075 16x7.5-10 R20, 7 inch rim",11888
78.29,555.798,-2.95,87.09,-51.94,1.998,-7.44,-0.17,0.09,0.0567,-1.6766,12.03,44433.5,7.98,90.73,-2.024,-0,-0.9998,127.63,125.27,131.41,25.03,Cornering,"Hoosier 43075 16x7.5-10 R20, 7 inch rim",11889
78.3,555.808,-3.22,88.14,-50.97,2.001,-6.64,0.3,0.09,0.0631,-1.7292,11.96,44422.13,7.98,90.74,-2.059,-0,-0.9998,127.61,125.36,131.33,25.02,Cornering,"Hoosier 43075 16x7.5-10 R20, 7 inch rim",11890
78.32,555.818,-4.67,88.96,-50.94,1.99,-6.66,0.04,0.03,0.0918,-1.7461,11.97,160115.84,7.98,90.77,-2.099,-0,-1,127.7,125.54,131.33,24.99,Cornering,"Hoosier 43075 16x7.5-10 R20, 7 inch rim",11891
78.29,555.828,-5.97,90.18,-51.21,1.995,-6.93,0.48,0.03,0.1166,-1.7611,11.98,160074.55,7.98,90.75,-2.137,-0,-1,127.74,125.58,131.37,24.98,Cornering,"Hoosier 43075 16x7.5-10 R20, 7 inch rim",11892
78.3,555.838,-6.59,91.78,-52.31,1.99,-7.05,1.55,-0.11,0.1259,-1.7545,12.06,-37963.39,7.98,90.72,-2.182,-0,-1.0002,127.74,125.54,131.37,24.99,Cornering,"Hoosier 43075 16x7.5-10 R20, 7 inch rim",11893
78.33,555.848,-7.44,93.37,-53.61,1.986,-8,1.52,0.03,0.1388,-1.7415,12.06,160137.75,7.98,90.74,-2.233,-0,-1,127.68,125.45,131.39,25,Cornering,"Hoosier 43075 16x7.5-10 R20, 7 inch rim",11894
78.3,555.858,-7.26,95.11,-55.21,1.987,-8.41,1.74,0.03,0.1314,-1.7226,12.05,160134.03,7.98,90.78,-2.264,-0,-1,127.55,125.36,131.39,25,Cornering,"Hoosier 43075 16x7.5-10 R20, 7 inch rim",11895
78.29,555.868,-6.52,96.53,-56.52,1.989,-9.38,1.24,0.09,0.1153,-1.708,12,44341.62,7.98,90.8,-2.324,-0,-0.9998,127.5,125.27,131.31,24.98,Cornering,"Hoosier 43075 16x7.5-10 R20, 7 inch rim",11896
78.31,555.878,-4.92,97.57,-56.41,1.999,-9.72,1.3,0.03,0.0872,-1.7297,11.93,159974.41,7.98,90.81,-2.356,-0,-1,127.52,125.14,131.22,24.97,Cornering,"Hoosier 43075 16x7.5-10 R20, 7 inch rim",11897
78.31,555.888,-2.84,97.45,-56.44,1.993,-8.93,1.73,0.03,0.0502,-1.7267,11.87,160005.47,7.98,90.81,-2.404,-0,-1,127.44,125.16,131.08,24.98,Cornering,"Hoosier 43075 16x7.5-10 R20, 7 inch rim",11898
78.29,555.898,-0.73,97.4,-54.82,1.996,-8.64,2.73,-0.04,0.0133,-1.7766,11.89,-99459.81,7.98,90.83,-2.443,-0,-1.0001,127.44,125.19,130.98,24.98,Cornering,"Hoosier 43075 16x7.5-10 R20, 7 inch rim",11899
78.29,555.908,0.36,97.42,-53.09,1.982,-7.65,3.66,0.09,-0.0069,-1.8351,11.97,44366.78,7.98,90.85,-2.487,-0,-0.9998,127.35,125.19,130.86,25,Cornering,"Hoosier 43075 16x7.5-10 R20, 7 inch rim",11900
78.32,555.918,1,97.97,-52.27,1.995,-6.39,5.11,0.03,-0.0191,-1.8743,12.07,160138.47,7.98,90.89,-2.525,-0,-1,127.42,125.25,130.78,25,Cornering,"Hoosier 43075 16x7.5-10 R20, 7 inch rim",11901
78.3,555.928,0.68,99.06,-51.84,1.993,-5.36,6.29,-0.04,-0.0131,-1.911,12.14,-99519.86,7.98,90.91,-2.556,-0,-1.0001,127.42,125.3,130.72,25,Cornering,"Hoosier 43075 16x7.5-10 R20, 7 inch rim",11902
78.28,555.938,-0,100.62,-51.38,1.985,-6.27,7.53,0.03,0.0001,-1.9584,12.15,160089.45,7.98,90.89,-2.613,-0,-1,127.55,125.34,130.72,25,Cornering,"Hoosier 43075 16x7.5-10 R20, 7 inch rim",11903
78.3,555.948,-0.53,102.05,-52.58,1.985,-6.21,8.94,0.03,0.0102,-1.9407,12.11,160047.03,7.98,90.91,-2.652,-0,-1,127.59,125.3,130.76,24.99,Cornering,"Hoosier 43075 16x7.5-10 R20, 7 inch rim",11904
78.32,555.958,-1.64,103.63,-53.66,1.983,-7.1,9.09,0.09,0.0306,-1.931,12.04,44359.01,7.98,90.93,-2.695,-0,-0.9998,127.52,125.23,130.82,25,Cornering,"Hoosier 43075 16x7.5-10 R20, 7 inch rim",11905
78.29,555.968,-2.02,105.26,-54.69,2.002,-8.72,8.92,-0.04,0.0369,-1.9246,11.95,-99505.3,7.98,90.91,-2.727,-0,-1.0001,127.37,125.1,130.9,25,Cornering,"Hoosier 43075 16x7.5-10 R20, 7 inch rim",11906
78.3,555.978,-2.18,106.45,-56.8,1.993,-9.11,7.77,0.09,0.0383,-1.8741,11.91,44315.12,7.98,90.91,-2.765,-0,-0.9998,127.33,124.99,130.9,24.97,Cornering,"Hoosier 43075 16x7.5-10 R20, 7 inch rim",11907
78.31,555.988,-1.63,107.68,-57.41,1.998,-9.73,6.43,0.09,0.0284,-1.8758,11.92,44293.4,7.98,90.88,-2.794,-0,-0.9998,127.42,124.92,130.92,24.96,Cornering,"Hoosier 43075 16x7.5-10 R20, 7 inch rim",11908
78.31,555.998,-0.73,108.24,-57.35,1.979,-9.43,5.2,0.16,0.0127,-1.8873,11.98,25701.78,7.98,90.87,-2.837,-0,-0.9997,127.4,124.9,130.94,24.96,Cornering,"Hoosier 43075 16x7.5-10 R20, 7 inch rim",11909
78.29,556.008,-0.21,107.83,-56.05,1.995,-9.29,3.82,0.09,0.0038,-1.9237,12.08,44290.55,7.98,90.84,-2.864,-0,-0.9998,127.42,124.92,130.9,24.96,Cornering,"Hoosier 43075 16x7.5-10 R20, 7 inch rim",11910
78.3,556.018,0.14,107.97,-55.18,1.998,-7.04,2.89,-0.04,-0.0025,-1.9568,12.15,-99372.38,7.98,90.85,-2.92,-0,-1.0001,127.48,124.94,130.9,24.97,Cornering,"Hoosier 43075 16x7.5-10 R20, 7 inch rim",11911
78.31,556.028,-0.31,107.63,-53.46,1.995,-6.55,2.18,-0.04,0.0057,-2.0132,12.15,-99345.92,7.98,90.85,-2.956,-0,-1.0001,127.48,125.01,130.86,24.96,Cornering,"Hoosier 43075 16x7.5-10 R20, 7 inch rim",11912
78.29,556.038,-1.78,107.93,-52,1.987,-6.62,1.42,0.16,0.0342,-2.0755,12.11,25704.08,7.98,90.9,-2.989,-0,-0.9997,127.55,125.12,130.86,24.96,Cornering,"Hoosier 43075 16x7.5-10 R20, 7 inch rim",11913
78.28,556.048,-3.53,109.1,-51.59,2.001,-6.67,1.19,0.03,0.0683,-2.1145,12.02,159770.98,7.98,90.91,-3.016,-0,-1,127.55,125.21,130.88,24.96,Cornering,"Hoosier 43075 16x7.5-10 R20, 7 inch rim",11914
78.32,556.058,-4.91,110.17,-52.23,2.005,-7.04,1.61,0.09,0.094,-2.1093,11.97,44272.27,7.98,90.92,-3.053,-0,-0.9998,127.61,125.32,130.9,24.96,Cornering,"Hoosier 43075 16x7.5-10 R20, 7 inch rim",11915
78.32,556.068,-6.17,111.07,-53.3,1.982,-8.16,1.83,-0.04,0.1158,-2.0839,11.99,-99262.27,7.98,90.94,-3.105,-0,-1.0001,127.63,125.34,130.94,24.94,Cornering,"Hoosier 43075 16x7.5-10 R20, 7 inch rim",11916
78.28,556.078,-6.74,111.94,-55.17,2.005,-9.14,2.28,-0.11,0.1222,-2.0291,12.04,-37843.7,7.98,90.98,-3.147,-0,-1.0002,127.57,125.21,131.04,24.93,Cornering,"Hoosier 43075 16x7.5-10 R20, 7 inch rim",11917
78.3,556.088,-7.01,113.61,-57,1.987,-9.54,1.7,0.16,0.1231,-1.9934,12.12,25669.15,7.98,90.99,-3.188,-0,-0.9997,127.46,125.1,131.1,24.93,Cornering,"Hoosier 43075 16x7.5-10 R20, 7 inch rim",11918
78.33,556.098,-6.11,114.97,-57.79,2.001,-10.19,1.39,0.16,0.1058,-1.9896,12.15,25692.07,7.98,90.98,-3.223,-0,-0.9997,127.42,125.01,131.12,24.96,Cornering,"Hoosier 43075 16x7.5-10 R20, 7 inch rim",11919
78.3,556.108,-4.97,115.91,-58.04,2.002,-9.57,0.69,0.09,0.0856,-1.997,12.13,44282.76,7.98,90.95,-3.276,-0,-0.9998,127.44,124.94,131.06,24.97,Cornering,"Hoosier 43075 16x7.5-10 R20, 7 inch rim",11920
78.29,556.118,-2.95,115.9,-57.14,2.002,-8.91,1.03,0.03,0.0516,-2.0282,12.05,159907.77,7.98,90.94,-3.315,-0,-1,127.44,124.92,131.06,24.98,Cornering,"Hoosier 43075 16x7.5-10 R20, 7 inch rim",11921
78.31,556.128,-1.42,115.25,-55.21,1.998,-8.5,1.38,0.03,0.0258,-2.0873,11.95,159789.11,7.98,90.93,-3.358,-0,-1,127.37,124.97,131.02,24.97,Cornering,"Hoosier 43075 16x7.5-10 R20, 7 inch rim",11922
78.32,556.138,-0.35,114.78,-53.69,1.99,-7.27,2.12,0.09,0.0064,-2.1377,11.95,44276.71,7.98,90.93,-3.404,-0,-0.9998,127.31,124.99,130.94,24.97,Cornering,"Hoosier 43075 16x7.5-10 R20, 7 inch rim",11923
78.29,556.148,0.42,114.33,-52.69,1.982,-6.56,3.74,-0.04,-0.008,-2.1701,12,-99342.75,7.98,90.9,-3.438,-0,-1.0001,127.37,125.08,130.88,24.97,Cornering,"Hoosier 43075 16x7.5-10 R20, 7 inch rim",11924
78.3,556.158,-0.14,114.54,-51.58,1.995,-7.76,4.8,-0.04,0.0028,-2.2206,12.06,-99313.69,7.98,90.84,-3.493,-0,-1.0001,127.48,125.16,130.84,24.97,Cornering,"Hoosier 43075 16x7.5-10 R20, 7 inch rim",11925
78.32,556.168,-0.88,115.44,-52.08,2.004,-7.72,6.01,0.09,0.0169,-2.2168,12.16,44270.87,7.98,90.77,-3.523,-0,-0.9998,127.55,125.25,130.86,24.97,Cornering,"Hoosier 43075 16x7.5-10 R20, 7 inch rim",11926
78.3,556.178,-2.15,116.62,-52.58,1.983,-8.73,6.56,0.09,0.0409,-2.2178,12.18,44289.34,7.98,90.71,-3.564,-0,-0.9998,127.59,125.27,130.9,24.98,Cornering,"Hoosier 43075 16x7.5-10 R20, 7 inch rim",11927
78.27,556.188,-2.63,117.68,-54.24,1.996,-9.41,7.31,0.03,0.0485,-2.1696,12.14,159818.08,7.98,90.69,-3.611,-0,-1,127.61,125.21,130.96,24.98,Cornering,"Hoosier 43075 16x7.5-10 R20, 7 inch rim",11928
78.31,556.198,-2.79,119.58,-55.64,1.998,-9.7,7.34,-0.04,0.0501,-2.1491,12.06,-99365.8,7.98,90.66,-3.643,-0,-1.0001,127.59,125.1,131.02,24.98,Cornering,"Hoosier 43075 16x7.5-10 R20, 7 inch rim",11929
78.32,556.208,-2.55,121.44,-56.93,2.005,-9.54,6.86,0.09,0.0449,-2.1333,11.98,44293.74,7.98,90.64,-3.679,-0,-0.9998,127.52,124.99,131.04,24.98,Cornering,"Hoosier 43075 16x7.5-10 R20, 7 inch rim",11930
78.29,556.218,-1.18,122.79,-57.41,1.986,-9.27,6.55,-0.04,0.0205,-2.1388,11.96,-99285.74,7.98,90.64,-3.736,-0,-1.0001,127.48,124.9,131.04,24.97,Cornering,"Hoosier 43075 16x7.5-10 R20, 7 inch rim",11931
78.29,556.228,-0.08,122.45,-57.37,1.995,-8.52,5.8,0.03,0.0013,-2.1344,12,159717.53,7.98,90.65,-3.752,-0,-1,127.48,124.86,131.04,24.97,Cornering,"Hoosier 43075 16x7.5-10 R20, 7 inch rim",11932
78.32,556.238,0.69,121.49,-56.3,1.998,-7.12,4.86,-0.04,-0.0123,-2.1581,12.06,-99302.47,7.98,90.68,-3.789,-0,-1.0001,127.42,124.9,131.06,24.97,Cornering,"Hoosier 43075 16x7.5-10 R20, 7 inch rim",11933
78.3,556.248,1.15,119.64,-54.51,1.983,-7.39,4.2,0.03,-0.0211,-2.1951,12.12,159773.94,7.98,90.69,-3.843,-0,-1,127.44,124.9,131.1,24.98,Cornering,"Hoosier 43075 16x7.5-10 R20, 7 inch rim",11934
78.28,556.258,0.71,118.58,-52.89,2.005,-6.62,3.92,0.03,-0.0134,-2.2422,12.13,159805.09,7.98,90.67,-3.873,-0,-1,127.42,124.94,131.08,24.98,Cornering,"Hoosier 43075 16x7.5-10 R20, 7 inch rim",11935
78.3,556.268,0.05,117.97,-51.63,1.992,-7.43,4.04,0.03,-0.0009,-2.2849,12.08,159833.92,7.98,90.65,-3.915,-0,-1,127.48,125.03,131.08,24.99,Cornering,"Hoosier 43075 16x7.5-10 R20, 7 inch rim",11936
78.32,556.278,-1.54,118.52,-51.19,2.004,-7.85,3.94,0.03,0.03,-2.3153,12.01,159751.47,7.98,90.65,-3.956,-0,-1,127.59,125.16,131.12,24.98,Cornering,"Hoosier 43075 16x7.5-10 R20, 7 inch rim",11937
78.29,556.288,-3.38,119.71,-51.54,1.982,-8.13,3.55,0.03,0.0657,-2.3226,11.97,159781.58,7.98,90.64,-3.991,-0,-1,127.65,125.23,131.16,24.98,Cornering,"Hoosier 43075 16x7.5-10 R20, 7 inch rim",11938
78.29,556.298,-5.38,120.64,-52.68,1.987,-9.08,2.79,0.03,0.1021,-2.2899,11.99,159662.48,7.98,90.63,-4.03,-0,-0.9999,127.65,125.19,131.25,24.97,Cornering,"Hoosier 43075 16x7.5-10 R20, 7 inch rim",11939
78.32,556.308,-6.26,122.5,-53.98,1.995,-9.07,2.6,0.03,0.116,-2.2694,12.05,159545.11,7.98,90.62,-4.06,-0,-0.9999,127.59,125.12,131.33,24.95,Cornering,"Hoosier 43075 16x7.5-10 R20, 7 inch rim",11940
78.31,556.318,-6.03,124.6,-55.93,1.99,-8.09,2.38,0.03,0.1079,-2.2279,12.13,159463.28,7.98,90.6,-4.097,-0,-0.9999,127.48,125.03,131.39,24.94,Cornering,"Hoosier 43075 16x7.5-10 R20, 7 inch rim",11941
78.29,556.328,-5.19,126.05,-56.65,1.983,-8.1,1.89,0.09,0.0916,-2.2251,12.17,44174.53,7.99,90.61,-4.163,-0,-0.9998,127.46,124.92,131.43,24.93,Cornering,"Hoosier 43075 16x7.5-10 R20, 7 inch rim",11942
78.3,556.338,-3.69,125.71,-57,1.993,-7.44,1.73,-0.04,0.0648,-2.2055,12.15,-99137.08,7.98,90.58,-4.187,-0,-1.0001,127.46,124.88,131.43,24.94,Cornering,"Hoosier 43075 16x7.5-10 R20, 7 inch rim",11943
78.32,556.348,-2.28,124.44,-55.97,1.996,-7.35,1.56,-0.04,0.0407,-2.2233,12.06,-99155.55,7.98,90.58,-4.221,-0,-1.0001,127.46,124.83,131.41,24.95,Cornering,"Hoosier 43075 16x7.5-10 R20, 7 inch rim",11944
78.29,556.358,-1.51,122.04,-53.63,1.995,-8.37,1.24,0.03,0.0281,-2.2756,12,159501.56,7.98,90.6,-4.266,-0,-0.9999,127.44,124.9,131.43,24.95,Cornering,"Hoosier 43075 16x7.5-10 R20, 7 inch rim",11945
78.28,556.368,-0.76,119.89,-52.53,1.985,-7.78,1.82,0.03,0.0144,-2.2823,11.96,159601.2,7.99,90.65,-4.319,-0,-0.9999,127.44,124.94,131.35,24.97,Cornering,"Hoosier 43075 16x7.5-10 R20, 7 inch rim",11946
78.32,556.378,-0.64,119.08,-50.9,1.982,-8.13,2.68,-0.04,0.0125,-2.3392,11.97,-99205.88,7.99,90.68,-4.36,-0,-1.0001,127.44,125.03,131.33,24.97,Cornering,"Hoosier 43075 16x7.5-10 R20, 7 inch rim",11947
78.31,556.388,-0.67,119.16,-50.45,1.995,-8.05,4.3,0.03,0.0133,-2.3621,12.04,159586.03,7.99,90.65,-4.387,-0,-0.9999,127.52,125.08,131.35,24.97,Cornering,"Hoosier 43075 16x7.5-10 R20, 7 inch rim",11948
78.28,556.398,-1.53,120.4,-50.57,1.995,-7.68,5.24,0.09,0.0302,-2.3808,12.12,44239.71,7.98,90.65,-4.443,-0,-0.9998,127.65,125.08,131.39,24.98,Cornering,"Hoosier 43075 16x7.5-10 R20, 7 inch rim",11949
78.3,556.408,-2.27,121.93,-51.08,2.002,-7.99,6.43,-0.04,0.0445,-2.3871,12.16,-99327.5,7.98,90.66,-4.479,-0,-1.0001,127.68,125.05,131.47,25,Cornering,"Hoosier 43075 16x7.5-10 R20, 7 inch rim",11950
78.33,556.418,-3.35,123.88,-51.99,1.987,-8.46,6.41,0.03,0.0644,-2.3826,12.14,159775.61,7.99,90.68,-4.532,-0,-0.9999,127.72,124.94,131.53,25,Cornering,"Hoosier 43075 16x7.5-10 R20, 7 inch rim",11951
78.3,556.428,-3.57,125.89,-53.44,1.998,-8.18,6.36,-0.04,0.0668,-2.3556,12.06,-99270.24,7.98,90.69,-4.558,-0,-1.0001,127.63,124.83,131.59,24.99,Cornering,"Hoosier 43075 16x7.5-10 R20, 7 inch rim",11952
78.29,556.438,-3.27,127.37,-55.07,1.99,-7.95,5.96,0.03,0.0594,-2.3126,11.98,159686.31,7.99,90.71,-4.598,-0,-0.9999,127.55,124.75,131.59,24.99,Cornering,"Hoosier 43075 16x7.5-10 R20, 7 inch rim",11953
78.31,556.448,-1.75,127.08,-55.76,1.989,-8.51,5.96,0.03,0.0314,-2.2791,11.97,159528.81,7.99,90.71,-4.638,-0,-0.9999,127.55,124.66,131.57,24.97,Cornering,"Hoosier 43075 16x7.5-10 R20, 7 inch rim",11954
78.32,556.458,-0.7,125.83,-55.05,1.986,-8.79,5.05,-0.04,0.0128,-2.286,11.98,-99138.72,7.99,90.69,-4.671,-0,-1.0001,127.59,124.64,131.53,24.96,Cornering,"Hoosier 43075 16x7.5-10 R20, 7 inch rim",11955
78.28,556.468,0.64,123.37,-54.61,1.982,-7.97,4.85,-0.04,-0.0116,-2.2592,12.05,-99154.13,7.99,90.7,-4.723,-0,-1.0001,127.59,124.7,131.47,24.97,Cornering,"Hoosier 43075 16x7.5-10 R20, 7 inch rim",11956
78.3,556.478,0.94,121.1,-52.79,1.993,-8.03,4.17,-0.04,-0.0178,-2.2937,12.08,-99149.88,7.99,90.73,-4.751,-0,-1.0001,127.59,124.75,131.47,24.97,Cornering,"Hoosier 43075 16x7.5-10 R20, 7 inch rim",11957
78.32,556.488,0.56,119.6,-50.89,2.004,-7.92,3.95,0.09,-0.011,-2.35,12.08,44206.73,7.99,90.76,-4.794,-0,-0.9998,127.59,124.88,131.43,24.97,Cornering,"Hoosier 43075 16x7.5-10 R20, 7 inch rim",11958
78.3,556.498,-0.47,119.64,-50.04,1.99,-7.44,3.69,0.03,0.0094,-2.3907,12.03,159593.66,7.99,90.79,-4.831,-0,-0.9999,127.63,124.94,131.43,24.98,Cornering,"Hoosier 43075 16x7.5-10 R20, 7 inch rim",11959
78.28,556.508,-1.85,121.15,-49.9,1.999,-6.62,3.83,0.03,0.037,-2.4281,11.95,159621.89,7.99,90.82,-4.867,-0,-0.9999,127.72,125.1,131.47,24.99,Cornering,"Hoosier 43075 16x7.5-10 R20, 7 inch rim",11960
78.31,556.518,-2.96,123.19,-49.94,1.995,-6.78,4.27,0.16,0.0593,-2.4668,11.91,25659.5,7.99,90.85,-4.919,-0,-0.9997,127.76,125.14,131.57,24.98,Cornering,"Hoosier 43075 16x7.5-10 R20, 7 inch rim",11961
78.32,556.528,-4.42,125.23,-50.36,1.989,-7.7,4.21,0.03,0.0877,-2.4865,11.95,159529.08,7.99,90.87,-4.943,-0,-0.9999,127.7,125.1,131.59,24.98,Cornering,"Hoosier 43075 16x7.5-10 R20, 7 inch rim",11962
78.29,556.538,-5.57,126.82,-52.38,1.993,-7.66,3.62,0.09,0.1064,-2.4212,12.01,44183.16,7.99,90.89,-4.989,-0,-0.9998,127.63,125.01,131.71,24.97,Cornering,"Hoosier 43075 16x7.5-10 R20, 7 inch rim",11963
78.29,556.548,-5.22,128.12,-54.11,1.99,-8.13,3.65,0.03,0.0964,-2.3676,12.11,159359.05,7.99,90.88,-5.03,-0,-0.9999,127.57,124.9,131.79,24.96,Cornering,"Hoosier 43075 16x7.5-10 R20, 7 inch rim",11964
78.32,556.558,-4.09,128.47,-54.92,1.985,-8.6,3.55,0.09,0.0745,-2.3391,12.16,44136.3,7.99,90.87,-5.072,-0,-0.9998,127.55,124.86,131.83,24.94,Cornering,"Hoosier 43075 16x7.5-10 R20, 7 inch rim",11965
78.31,556.568,-2.68,127.09,-55.18,1.983,-9.09,3.34,0.09,0.0485,-2.3032,12.14,44112.74,7.99,90.86,-5.115,-0,-0.9998,127.5,124.77,131.81,24.93,Cornering,"Hoosier 43075 16x7.5-10 R20, 7 inch rim",11966
78.29,556.578,-1.93,124.96,-54.14,2.002,-9.04,2.57,0.03,0.0357,-2.3084,12.08,159255.31,7.99,90.84,-5.146,-0,-0.9999,127.57,124.7,131.87,24.94,Cornering,"Hoosier 43075 16x7.5-10 R20, 7 inch rim",11967
78.3,556.588,-0.61,122.65,-52.78,1.992,-8.26,2.96,0.09,0.0115,-2.3239,12,44147.89,7.99,90.8,-5.196,-0,-0.9998,127.57,124.77,131.81,24.96,Cornering,"Hoosier 43075 16x7.5-10 R20, 7 inch rim",11968
78.32,556.598,-0.33,121.17,-51.11,2.002,-7.53,3.21,0.03,0.0064,-2.3706,11.97,159383.16,7.99,90.78,-5.224,-0,-0.9999,127.57,124.79,131.81,24.97,Cornering,"Hoosier 43075 16x7.5-10 R20, 7 inch rim",11969
78.3,556.608,-0.3,120.85,-49.69,1.995,-7.5,4.03,0.03,0.0061,-2.4319,11.97,159442.02,7.99,90.74,-5.281,-0,-0.9999,127.7,124.83,131.75,24.98,Cornering,"Hoosier 43075 16x7.5-10 R20, 7 inch rim",11970
78.29,556.618,-0.82,122.37,-49.02,1.998,-6.81,5.18,0.09,0.0167,-2.4963,12.01,44170.79,7.99,90.71,-5.304,-0,-0.9998,127.8,124.9,131.79,24.97,Cornering,"Hoosier 43075 16x7.5-10 R20, 7 inch rim",11971
78.32,556.628,-1.74,123.96,-49.27,1.99,-6.54,5.97,0.03,0.0354,-2.5162,12.06,159420.55,7.99,90.71,-5.361,-0,-0.9999,127.95,124.99,131.87,24.98,Cornering,"Hoosier 43075 16x7.5-10 R20, 7 inch rim",11972
78.32,556.638,-2.86,125.85,-49.9,1.987,-6.9,6.41,-0.04,0.0572,-2.522,12.12,-99116.72,7.99,90.7,-5.394,-0,-1.0001,128,124.92,131.95,24.98,Cornering,"Hoosier 43075 16x7.5-10 R20, 7 inch rim",11973
78.28,556.648,-3.62,127.38,-51.28,1.999,-7.6,6.77,0.03,0.0706,-2.484,12.08,159623.03,7.99,90.7,-5.433,-0,-0.9999,127.93,124.83,132.05,25.01,Cornering,"Hoosier 43075 16x7.5-10 R20, 7 inch rim",11974
78.3,556.658,-3.86,128.22,-52.75,1.99,-8.89,6.45,0.09,0.0732,-2.431,12.06,44291.11,7.99,90.7,-5.476,-0,-0.9998,127.83,124.72,132.11,25.05,Cornering,"Hoosier 43075 16x7.5-10 R20, 7 inch rim",11975
78.32,556.668,-2.96,128.89,-54.15,1.989,-9.27,6.41,0.03,0.0546,-2.3801,12,159822.05,7.99,90.69,-5.516,-0,-0.9999,127.78,124.64,132.13,25.05,Cornering,"Hoosier 43075 16x7.5-10 R20, 7 inch rim",11976
78.29,556.678,-2.15,128.79,-55.37,1.985,-8.61,5.52,-0.04,0.0388,-2.3259,11.97,-99318.15,7.99,90.72,-5.56,-0,-1.0001,127.74,124.64,132.11,25.04,Cornering,"Hoosier 43075 16x7.5-10 R20, 7 inch rim",11977
78.29,556.688,-0.72,127.05,-54.58,1.987,-9.05,5.04,0.09,0.0133,-2.3277,12.01,44240.94,7.99,90.71,-5.595,-0,-0.9998,127.78,124.53,132.13,25.03,Cornering,"Hoosier 43075 16x7.5-10 R20, 7 inch rim",11978
78.32,556.698,-0.34,124.87,-53.11,1.982,-8.54,3.79,0.09,0.0064,-2.3514,12.03,44196.37,7.99,90.69,-5.64,-0,-0.9998,127.8,124.57,132.09,25,Cornering,"Hoosier 43075 16x7.5-10 R20, 7 inch rim",11979
78.32,556.708,0.42,122.67,-51.43,1.979,-8.08,3.78,0.03,-0.0082,-2.3853,12.06,159516.39,7.99,90.68,-5.682,-0,-0.9999,127.85,124.72,132.07,25.01,Cornering,"Hoosier 43075 16x7.5-10 R20, 7 inch rim",11980
78.28,556.718,0.72,121.77,-49.7,1.998,-7.51,4.26,0.03,-0.0145,-2.4499,12.04,159467.52,7.99,90.69,-5.723,-0,-0.9999,127.89,124.79,132.05,25,Cornering,"Hoosier 43075 16x7.5-10 R20, 7 inch rim",11981
78.3,556.728,0.12,121.79,-48.47,1.986,-7.11,4.51,0.03,-0.0025,-2.5126,12,159566.86,7.99,90.7,-5.763,-0,-0.9999,127.95,124.88,132.09,25.02,Cornering,"Hoosier 43075 16x7.5-10 R20, 7 inch rim",11982
78.32,556.738,-1.2,122.98,-48.2,1.996,-6.88,4.78,0.09,0.0248,-2.5515,11.95,44214.79,7.99,90.67,-5.795,-0,-0.9998,128.08,124.94,132.09,25.02,Cornering,"Hoosier 43075 16x7.5-10 R20, 7 inch rim",11983
78.3,556.748,-2.53,124.58,-49.19,1.992,-6.5,5.28,-0.18,0.0514,-2.5325,11.95,-23378.09,7.99,90.66,-5.842,-0,-1.0003,128.08,124.99,132.19,25.03,Cornering,"Hoosier 43075 16x7.5-10 R20, 7 inch rim",11984
78.29,556.758,-4.04,125.71,-49.83,1.982,-8.22,5.09,0.09,0.081,-2.523,11.99,44146.71,7.99,90.64,-5.877,-0,-0.9998,128.1,124.94,132.3,24.98,Cornering,"Hoosier 43075 16x7.5-10 R20, 7 inch rim",11985
78.32,556.768,-4.64,127.26,-51.48,1.992,-8.39,5.28,-0.04,0.0901,-2.4721,12.06,-98953.4,7.99,90.6,-5.928,-0,-1.0001,128,124.79,132.38,24.97,Cornering,"Hoosier 43075 16x7.5-10 R20, 7 inch rim",11986
78.32,556.778,-4.13,128.71,-52.97,1.987,-9.31,5.44,-0.04,0.078,-2.4297,12.1,-98925.39,7.99,90.57,-5.955,-0,-1.0001,127.89,124.68,132.46,24.96,Cornering,"Hoosier 43075 16x7.5-10 R20, 7 inch rim",11987
78.28,556.788,-3.37,129.28,-53.98,2.005,-9.19,5.04,0.03,0.0625,-2.395,12.1,158980.61,7.99,90.6,-5.997,-0,-0.9999,127.89,124.61,132.5,24.94,Cornering,"Hoosier 43075 16x7.5-10 R20, 7 inch rim",11988
78.3,556.798,-2.09,128.44,-54.36,1.989,-8.68,4.53,0.03,0.0384,-2.3627,12.07,158856.41,7.99,90.63,-6.041,-0,-0.9999,127.91,124.53,132.48,24.92,Cornering,"Hoosier 43075 16x7.5-10 R20, 7 inch rim",11989
78.33,556.808,-0.51,126.84,-53.65,1.998,-7.8,4.53,0.16,0.0095,-2.3643,12.01,25555.16,7.99,90.68,-6.064,-0,-0.9997,127.95,124.55,132.5,24.93,Cornering,"Hoosier 43075 16x7.5-10 R20, 7 inch rim",11990
78.3,556.818,-0.54,124.8,-52.34,1.996,-7.16,3.31,-0.04,0.0103,-2.3844,11.96,-98757.48,7.99,90.74,-6.116,-0,-1.0001,128,124.57,132.44,24.93,Cornering,"Hoosier 43075 16x7.5-10 R20, 7 inch rim",11991
78.29,556.828,0.29,123.33,-50.17,1.999,-7.38,3.96,0.03,-0.0058,-2.4584,11.97,158855.78,7.99,90.76,-6.164,-0,-0.9999,127.98,124.59,132.44,24.93,Cornering,"Hoosier 43075 16x7.5-10 R20, 7 inch rim",11992
78.3,556.838,0.07,123.2,-49.36,1.989,-6.45,4.31,0.03,-0.0015,-2.4958,12.01,158957.3,7.99,90.78,-6.194,-0,-0.9999,128.02,124.68,132.42,24.94,Cornering,"Hoosier 43075 16x7.5-10 R20, 7 inch rim",11993
78.31,556.848,-0.62,124.23,-48.47,1.995,-6.9,5.1,0.03,0.0128,-2.5632,12.08,158982.67,7.99,90.79,-6.232,-0,-0.9999,128.1,124.75,132.46,24.95,Cornering,"Hoosier 43075 16x7.5-10 R20, 7 inch rim",11994
78.29,556.858,-2.16,125.19,-48.44,1.987,-7.65,5.35,0.09,0.0446,-2.5844,12.08,44072.31,7.99,90.79,-6.273,-0,-0.9998,128.19,124.9,132.56,24.96,Cornering,"Hoosier 43075 16x7.5-10 R20, 7 inch rim",11995
78.29,556.868,-3.36,126.61,-49.67,1.989,-7.73,5.79,-0.11,0.0677,-2.549,12.07,-37699.07,7.99,90.8,-6.32,-0,-1.0002,128.32,124.92,132.66,24.96,Cornering,"Hoosier 43075 16x7.5-10 R20, 7 inch rim",11996
78.32,556.878,-4.03,128.04,-50.87,1.986,-8.36,6.12,0.09,0.0793,-2.5169,12.01,44054.56,7.99,90.85,-6.359,-0,-0.9998,128.3,124.81,132.74,24.96,Cornering,"Hoosier 43075 16x7.5-10 R20, 7 inch rim",11997
78.3,556.888,-4.4,129.53,-52.8,1.977,-8.61,5.86,0.09,0.0834,-2.4533,11.93,44081.08,7.99,90.89,-6.406,-0,-0.9998,128.3,124.7,132.84,24.97,Cornering,"Hoosier 43075 16x7.5-10 R20, 7 inch rim",11998
78.28,556.898,-3.88,130.57,-54.01,1.995,-8.95,5.51,-0.04,0.0718,-2.4176,11.92,-98972.38,7.99,90.85,-6.426,-0,-1.0001,128.28,124.59,132.88,25,Cornering,"Hoosier 43075 16x7.5-10 R20, 7 inch rim",11999
78.3,556.908,-2.93,131.09,-54.15,1.983,-8.82,5.03,0.03,0.054,-2.421,11.95,159236.23,7.99,90.85,-6.479,-0,-0.9999,128.3,124.53,132.9,25,Cornering,"Hoosier 43075 16x7.5-10 R20, 7 inch rim",12000
78.32,556.918,-1.81,129.95,-53.79,1.995,-8.32,4.31,0.03,0.0337,-2.4158,12,159115.27,7.99,90.86,-6.511,-0,-0.9999,128.34,124.46,132.94,24.98,Cornering,"Hoosier 43075 16x7.5-10 R20, 7 inch rim",12001
78.29,556.928,-0.79,127.6,-52.54,1.993,-8.1,3.84,0.03,0.015,-2.4289,12.09,158953.12,7.99,90.88,-6.555,-0,-0.9999,128.38,124.53,132.92,24.96,Cornering,"Hoosier 43075 16x7.5-10 R20, 7 inch rim",12002
78.29,556.938,0.25,125.41,-50.89,1.989,-7.74,4.2,-0.04,-0.005,-2.4644,12.11,-98685.81,7.99,90.88,-6.595,-0,-1.0001,128.4,124.59,132.92,24.93,Cornering,"Hoosier 43075 16x7.5-10 R20, 7 inch rim",12003
78.31,556.948,-0,123.98,-49.67,1.99,-7.12,4.18,-0.04,0.0001,-2.4959,12.08,-98655.23,7.99,90.9,-6.633,-0,-1.0001,128.38,124.68,132.92,24.93,Cornering,"Hoosier 43075 16x7.5-10 R20, 7 inch rim",12004
78.31,556.958,-0.26,123.3,-49.09,1.999,-7.07,5.01,0.03,0.0053,-2.5117,12.02,158884.11,7.99,90.96,-6.653,-0,-0.9999,128.51,124.79,132.92,24.96,Cornering,"Hoosier 43075 16x7.5-10 R20, 7 inch rim",12005
78.28,556.968,-1.39,124.24,-48.94,1.995,-7.36,5.56,0.03,0.0285,-2.5384,11.94,159048.06,7.99,90.96,-6.714,-0,-0.9999,128.6,124.83,133,24.98,Cornering,"Hoosier 43075 16x7.5-10 R20, 7 inch rim",12006
78.3,556.978,-2.85,125.82,-48.98,1.986,-7.82,5.81,-0.04,0.0581,-2.5689,11.9,-98995.13,7.99,90.97,-6.763,-0,-1.0001,128.66,124.83,133.08,25.02,Cornering,"Hoosier 43075 16x7.5-10 R20, 7 inch rim",12007
78.33,556.988,-3.62,127.84,-50.1,1.993,-7.81,6.48,0.09,0.0723,-2.5516,11.93,44126.86,7.99,91.01,-6.8,-0,-0.9998,128.66,124.79,133.16,25.02,Cornering,"Hoosier 43075 16x7.5-10 R20, 7 inch rim",12008
78.3,556.998,-4.13,129.75,-51.69,1.99,-8.05,6.62,0.09,0.0799,-2.5101,12,44124.84,7.99,90.98,-6.822,-0,-0.9998,128.58,124.68,133.21,25.02,Cornering,"Hoosier 43075 16x7.5-10 R20, 7 inch rim",12009
78.29,557.008,-4.16,131.59,-52.47,1.998,-9.07,6.29,0.03,0.0792,-2.5081,12.1,159104.3,7.99,90.97,-6.875,-0,-0.9999,128.51,124.57,133.27,25,Cornering,"Hoosier 43075 16x7.5-10 R20, 7 inch rim",12010
78.32,557.018,-3.03,132.25,-53.84,1.999,-8.5,6.22,0.03,0.0562,-2.4565,12.15,159056.58,7.99,90.97,-6.906,-0,-0.9999,128.51,124.48,133.33,25,Cornering,"Hoosier 43075 16x7.5-10 R20, 7 inch rim",12011
78.31,557.028,-2.23,131.2,-54.39,1.996,-8.25,5.14,-0.11,0.041,-2.4124,12.15,-37692.38,7.99,90.96,-6.962,-0,-1.0002,128.55,124.42,133.37,24.98,Cornering,"Hoosier 43075 16x7.5-10 R20, 7 inch rim",12012
78.28,557.038,-0.99,129.21,-53.57,1.987,-7.83,4.59,0.09,0.0184,-2.4121,12.09,44036.31,7.99,90.91,-6.999,-0,-0.9998,128.58,124.37,133.41,24.98,Cornering,"Hoosier 43075 16x7.5-10 R20, 7 inch rim",12013
78.3,557.048,0.04,126.5,-51.6,1.992,-8.3,4.46,0.03,-0.0007,-2.4513,12.01,158901.12,7.99,90.87,-7.035,-0,-0.9999,128.62,124.42,133.47,24.98,Cornering,"Hoosier 43075 16x7.5-10 R20, 7 inch rim",12014
78.32,557.058,0.48,124.6,-51.1,1.999,-6.99,4.53,0.09,-0.0094,-2.4386,11.97,44039.57,7.99,90.81,-7.071,-0,-0.9998,128.62,124.53,133.43,24.98,Cornering,"Hoosier 43075 16x7.5-10 R20, 7 inch rim",12015
78.3,557.068,0.51,124.27,-49.33,1.992,-7.1,5.05,0.09,-0.0104,-2.519,11.99,44035.5,7.99,90.78,-7.112,-0,-0.9998,128.66,124.55,133.47,24.98,Cornering,"Hoosier 43075 16x7.5-10 R20, 7 inch rim",12016
78.28,557.078,-0.36,124.71,-48.21,1.989,-7.76,5.47,0.03,0.0074,-2.587,12.06,158858.06,7.99,90.75,-7.157,-0,-0.9999,128.79,124.64,133.47,24.98,Cornering,"Hoosier 43075 16x7.5-10 R20, 7 inch rim",12017
78.31,557.088,-1.9,126.23,-48.44,1.996,-7.73,5.76,0.09,0.0392,-2.6058,12.14,44007.29,7.99,90.72,-7.191,-0,-0.9998,128.9,124.72,133.57,24.97,Cornering,"Hoosier 43075 16x7.5-10 R20, 7 inch rim",12018
78.32,557.098,-3.01,128.12,-49.34,1.995,-7.6,6.21,0.03,0.0611,-2.5967,12.19,158719.77,7.99,90.7,-7.234,-0,-0.9999,128.94,124.81,133.69,24.96,Cornering,"Hoosier 43075 16x7.5-10 R20, 7 inch rim",12019
78.29,557.108,-3.87,129.89,-50.77,1.99,-7.26,6.49,0.09,0.0762,-2.5585,12.16,43948.36,7.99,90.7,-7.27,-0,-0.9998,128.92,124.75,133.83,24.94,Cornering,"Hoosier 43075 16x7.5-10 R20, 7 inch rim",12020
78.29,557.118,-4.12,131.6,-51.87,1.995,-8.15,6.52,0.09,0.0795,-2.5369,12.11,43934.7,7.99,90.7,-7.304,-0,-0.9998,128.88,124.64,133.93,24.94,Cornering,"Hoosier 43075 16x7.5-10 R20, 7 inch rim",12021
78.33,557.128,-3.67,132.76,-53.33,1.987,-8.25,6.25,-0.04,0.0688,-2.4893,12.01,-98544.22,7.99,90.66,-7.357,-0,-1.0001,128.81,124.57,134.03,24.94,Cornering,"Hoosier 43075 16x7.5-10 R20, 7 inch rim",12022
78.3,557.138,-2.95,132.45,-53.95,1.99,-8.61,5.37,0.03,0.0547,-2.4551,11.95,158514,7.99,90.63,-7.394,-0,-0.9999,128.83,124.55,134.03,24.94,Cornering,"Hoosier 43075 16x7.5-10 R20, 7 inch rim",12023
78.28,557.148,-1.65,130.88,-53.97,1.998,-8.35,4.97,0.03,0.0306,-2.4249,11.95,158686.59,7.99,90.62,-7.426,-0,-0.9999,128.86,124.53,134.03,24.97,Cornering,"Hoosier 43075 16x7.5-10 R20, 7 inch rim",12024
78.31,557.158,-0.53,128.53,-52.53,1.993,-8.13,4.51,-0.04,0.0101,-2.447,12,-98653.37,7.99,90.65,-7.48,-0,-1.0001,128.9,124.59,134.05,24.97,Cornering,"Hoosier 43075 16x7.5-10 R20, 7 inch rim",12025
78.32,557.168,0.2,126.33,-51.25,1.993,-7.78,4.62,0.03,-0.0039,-2.465,12.08,158585.27,7.99,90.67,-7.5,-0,-0.9999,128.9,124.68,134.05,24.96,Cornering,"Hoosier 43075 16x7.5-10 R20, 7 inch rim",12026
78.29,557.178,0.44,125.24,-49.28,1.983,-7.56,4.87,0.03,-0.0089,-2.5416,12.15,158490.16,7.99,90.7,-7.558,-0,-0.9999,128.92,124.77,134.05,24.94,Cornering,"Hoosier 43075 16x7.5-10 R20, 7 inch rim",12027
78.3,557.188,0.33,125.17,-48.24,1.992,-7.54,5.83,-0.04,-0.0068,-2.5945,12.13,-98419.63,7.99,90.71,-7.599,-0,-1.0001,128.98,124.83,134.05,24.92,Cornering,"Hoosier 43075 16x7.5-10 R20, 7 inch rim",12028
78.32,557.198,-0.68,126.38,-48.14,1.998,-7.13,6.34,0.09,0.0141,-2.6251,12.08,43869.91,7.99,90.69,-7.636,-0,-0.9998,129.05,124.9,134.11,24.92,Cornering,"Hoosier 43075 16x7.5-10 R20, 7 inch rim",12029
78.31,557.208,-2.59,127.99,-48.79,1.987,-6.91,6.17,0.09,0.0532,-2.6231,12.01,43914.88,7.99,90.69,-7.694,-0,-0.9998,129.16,124.99,134.22,24.95,Cornering,"Hoosier 43075 16x7.5-10 R20, 7 inch rim",12030
78.29,557.218,-3.86,129.56,-50.05,1.99,-6.94,6.51,-0.04,0.0772,-2.5887,11.98,-98666.5,7.99,90.69,-7.717,-0,-1.0001,129.18,124.99,134.28,24.99,Cornering,"Hoosier 43075 16x7.5-10 R20, 7 inch rim",12031
78.3,557.228,-4.19,131.13,-50.84,1.989,-8.22,7.01,-0.04,0.0824,-2.5792,12.01,-98725.55,7.99,90.69,-7.757,-0,-1.0001,129.13,124.81,134.42,25.01,Cornering,"Hoosier 43075 16x7.5-10 R20, 7 inch rim",12032
78.32,557.238,-4.33,132.2,-52.17,1.999,-9,6.78,0.09,0.083,-2.5341,12.08,44047.14,7.99,90.68,-7.792,-0,-0.9998,129.09,124.75,134.48,25.03,Cornering,"Hoosier 43075 16x7.5-10 R20, 7 inch rim",12033
78.3,557.248,-3.67,132.87,-53.31,1.996,-9.04,6.27,-0.04,0.0689,-2.4925,12.15,-98727,7.99,90.65,-7.845,-0,-1.0001,129.01,124.66,134.56,25.01,Cornering,"Hoosier 43075 16x7.5-10 R20, 7 inch rim",12034
78.29,557.258,-2.5,131.67,-53.76,1.99,-9.28,5.58,-0.04,0.0466,-2.449,12.17,-98603.91,7.99,90.67,-7.881,-0,-1.0001,129.03,124.57,134.58,24.98,Cornering,"Hoosier 43075 16x7.5-10 R20, 7 inch rim",12035
78.32,557.268,-1.64,130.07,-52.95,1.996,-8.77,4.68,0.09,0.0309,-2.4565,12.12,43921.79,7.99,90.72,-7.914,-0,-0.9998,129.05,124.53,134.6,24.97,Cornering,"Hoosier 43075 16x7.5-10 R20, 7 inch rim",12036
78.31,557.278,-0.39,127.72,-51.92,1.999,-7.94,4.49,-0.04,0.0075,-2.46,12.04,-98517.78,7.99,90.74,-7.953,-0,-1.0001,129.03,124.53,134.62,24.97,Cornering,"Hoosier 43075 16x7.5-10 R20, 7 inch rim",12037
78.28,557.288,0.24,125.99,-50.21,1.993,-7.73,4.53,-0.04,-0.0048,-2.5095,11.96,-98505.44,7.99,90.76,-8.003,-0,-1.0001,129.03,124.59,134.66,24.97,Cornering,"Hoosier 43075 16x7.5-10 R20, 7 inch rim",12038
78.3,557.298,0.37,125.66,-48.94,1.992,-6.73,5.1,0.09,-0.0075,-2.5678,11.92,43897.28,7.99,90.81,-8.044,-0,-0.9998,129.07,124.66,134.68,24.96,Cornering,"Hoosier 43075 16x7.5-10 R20, 7 inch rim",12039
78.32,557.308,-0.5,126.24,-48.19,1.996,-6.51,5.55,0.09,0.0104,-2.6198,11.98,43894.27,7.99,90.85,-8.072,-0,-0.9998,129.11,124.7,134.66,24.96,Cornering,"Hoosier 43075 16x7.5-10 R20, 7 inch rim",12040
78.3,557.318,-1.6,127.49,-48.14,1.992,-6.97,6,0.03,0.0333,-2.6482,12.06,158309.08,7.99,90.86,-8.117,-0,-0.9999,129.26,124.77,134.74,24.95,Cornering,"Hoosier 43075 16x7.5-10 R20, 7 inch rim",12041
78.28,557.328,-3.06,128.87,-48.98,2.001,-7.15,6.32,0.03,0.0624,-2.6312,12.14,158328.52,7.99,90.88,-8.16,-0,-0.9999,129.39,124.81,134.82,24.96,Cornering,"Hoosier 43075 16x7.5-10 R20, 7 inch rim",12042
78.31,557.338,-4.16,130.46,-50.01,1.996,-7.77,6.44,-0.04,0.0832,-2.6086,12.14,-98456.75,7.99,90.92,-8.198,-0,-1.0001,129.43,124.77,134.94,24.97,Cornering,"Hoosier 43075 16x7.5-10 R20, 7 inch rim",12043
78.32,557.348,-4.6,131.56,-52.04,2.005,-8.23,6.45,0.03,0.0883,-2.5282,12.11,158446.47,7.99,90.96,-8.232,-0,-0.9999,129.37,124.64,135.06,24.98,Cornering,"Hoosier 43075 16x7.5-10 R20, 7 inch rim",12044
78.28,557.358,-4.24,132.89,-53.1,1.99,-8.9,6.13,0.03,0.0798,-2.5027,12.03,158571.78,7.99,90.99,-8.285,-0,-0.9999,129.35,124.57,135.17,25,Cornering,"Hoosier 43075 16x7.5-10 R20, 7 inch rim",12045
78.3,557.368,-3.26,132.87,-54.2,2.002,-8.72,5.97,0.03,0.0601,-2.4517,11.96,158526.17,7.99,91,-8.306,-0,-0.9999,129.28,124.44,135.21,25,Cornering,"Hoosier 43075 16x7.5-10 R20, 7 inch rim",12046
78.33,557.378,-2.34,131.91,-53.59,2.006,-8.53,5.15,0.09,0.0436,-2.4617,11.95,43922.7,7.99,90.96,-8.361,-0,-0.9998,129.28,124.39,135.21,25,Cornering,"Hoosier 43075 16x7.5-10 R20, 7 inch rim",12047
78.3,557.388,-1.16,129.8,-52.76,1.989,-8.05,4.76,0.03,0.0219,-2.46,11.97,158594.83,7.99,90.92,-8.407,-0,-0.9999,129.26,124.35,135.27,25.01,Cornering,"Hoosier 43075 16x7.5-10 R20, 7 inch rim",12048
78.28,557.398,-0.17,127.75,-51.36,1.99,-7.08,4.72,0.03,0.0033,-2.487,12.04,158655.73,7.99,90.87,-8.437,-0,-0.9999,129.26,124.44,135.29,25.03,Cornering,"Hoosier 43075 16x7.5-10 R20, 7 inch rim",12049
78.31,557.408,-0.05,126.43,-49.18,1.993,-7.17,4.79,0.09,0.001,-2.5709,12.08,43980.87,7.99,90.81,-8.474,-0,-0.9998,129.26,124.48,135.29,25.04,Cornering,"Hoosier 43075 16x7.5-10 R20, 7 inch rim",12050
78.32,557.418,-0.18,126,-48.5,1.983,-6.18,5.47,0.03,0.0037,-2.5981,12.09,158699.06,7.99,90.71,-8.508,-0,-0.9999,129.37,124.57,135.35,25.04,Cornering,"Hoosier 43075 16x7.5-10 R20, 7 inch rim",12051
78.29,557.428,-0.84,126.58,-47.82,1.985,-7.02,6.14,0.09,0.0175,-2.6473,12.03,43960.44,7.99,90.64,-8.561,-0,-0.9998,129.52,124.68,135.39,25.03,Cornering,"Hoosier 43075 16x7.5-10 R20, 7 inch rim",12052
78.3,557.438,-2.25,127.85,-48.2,1.98,-7.66,6.32,0.03,0.0467,-2.6523,11.96,158620.92,7.99,90.6,-8.606,-0,-0.9999,129.63,124.72,135.53,25.03,Cornering,"Hoosier 43075 16x7.5-10 R20, 7 inch rim",12053
78.32,557.448,-3.3,129.38,-49.65,1.992,-7.9,6.94,-0.04,0.0665,-2.6057,11.96,-98592.66,7.99,90.57,-8.641,-0,-1.0001,129.69,124.75,135.65,25.03,Cornering,"Hoosier 43075 16x7.5-10 R20, 7 inch rim",12054
78.3,557.458,-4.16,131.57,-50.8,1.993,-8.51,6.92,-0.04,0.082,-2.5901,11.99,-98603.22,7.99,90.58,-8.687,-0,-1.0001,129.65,124.66,135.79,25.04,Cornering,"Hoosier 43075 16x7.5-10 R20, 7 inch rim",12055
78.28,557.468,-4.19,133.02,-52.04,1.989,-9.23,6.86,0.03,0.0805,-2.5559,12.06,158609.56,7.99,90.61,-8.717,-0,-0.9999,129.58,124.5,135.91,25.04,Cornering,"Hoosier 43075 16x7.5-10 R20, 7 inch rim",12056
78.3,557.478,-3.22,134.1,-53.61,2.001,-8.51,6.68,0.03,0.0601,-2.5013,12.11,158593.41,7.99,90.65,-8.755,-0,-0.9999,129.52,124.44,135.97,25.04,Cornering,"Hoosier 43075 16x7.5-10 R20, 7 inch rim",12057
78.32,557.488,-2.5,133.35,-53.75,1.996,-8.73,5.77,0.09,0.0465,-2.4811,12.13,43921.86,7.99,90.69,-8.799,-0,-0.9998,129.48,124.42,136.01,25.03,Cornering,"Hoosier 43075 16x7.5-10 R20, 7 inch rim",12058
78.3,557.498,-1.38,131.52,-53.14,1.987,-8.23,4.98,0.03,0.0259,-2.4748,12.1,158450.14,7.99,90.67,-8.83,-0,-0.9999,129.52,124.42,136.07,25.02,Cornering,"Hoosier 43075 16x7.5-10 R20, 7 inch rim",12059
78.29,557.508,-0.01,128.72,-51.99,1.983,-7.94,5,0.03,0.0002,-2.4761,12.01,158283.19,7.99,90.69,-8.876,-0,-0.9999,129.52,124.48,136.16,25,Cornering,"Hoosier 43075 16x7.5-10 R20, 7 inch rim",12060
78.32,557.518,0.35,126.95,-50.61,1.992,-6.97,4.74,-0.04,-0.0069,-2.5084,11.94,-98338.4,7.99,90.73,-8.906,-0,-1.0001,129.48,124.57,136.2,24.98,Cornering,"Hoosier 43075 16x7.5-10 R20, 7 inch rim",12061
78.3,557.528,0.49,125.64,-49.17,1.996,-6.99,5.34,0.03,-0.0099,-2.5552,11.92,158175.64,7.99,90.75,-8.954,-0,-0.9999,129.46,124.68,136.24,24.98,Cornering,"Hoosier 43075 16x7.5-10 R20, 7 inch rim",12062
78.28,557.538,-0.56,126.06,-48.14,1.999,-7.3,5.43,-0.04,0.0117,-2.6188,11.95,-98291.51,7.99,90.79,-8.994,-0,-1.0001,129.54,124.75,136.3,24.98,Cornering,"Hoosier 43075 16x7.5-10 R20, 7 inch rim",12063
78.31,557.548,-1.29,127.05,-48.6,1.989,-6.74,6.26,0.09,0.0265,-2.6144,12.03,43820.66,7.99,90.84,-9.044,-0,-0.9998,129.61,124.9,136.44,24.98,Cornering,"Hoosier 43075 16x7.5-10 R20, 7 inch rim",12064
78.32,557.558,-2.43,128.45,-48.66,1.986,-7.52,6.82,0.03,0.05,-2.64,12.11,158009.95,7.99,90.86,-9.078,-0,-0.9999,129.65,124.92,136.58,24.97,Cornering,"Hoosier 43075 16x7.5-10 R20, 7 inch rim",12065
78.29,557.568,-3.85,130.19,-49.86,1.986,-7.17,6.68,-0.04,0.0772,-2.6115,12.14,-98189.59,7.99,90.86,-9.114,-0,-1.0001,129.69,124.88,136.7,24.96,Cornering,"Hoosier 43075 16x7.5-10 R20, 7 inch rim",12066
78.29,557.578,-3.95,131.75,-50.75,1.987,-8.08,7.14,0.03,0.0778,-2.5963,12.11,157854.66,7.99,90.85,-9.178,-0,-0.9999,129.63,124.72,136.88,24.95,Cornering,"Hoosier 43075 16x7.5-10 R20, 7 inch rim",12067
78.32,557.588,-3.71,132.84,-52.19,1.996,-8.46,7,-0.04,0.0712,-2.5453,12.04,-98125.46,7.99,90.83,-9.18,-0,-1.0001,129.5,124.61,136.98,24.95,Cornering,"Hoosier 43075 16x7.5-10 R20, 7 inch rim",12068
78.31,557.598,-2.7,132.88,-53.24,1.993,-8.63,6.67,-0.11,0.0507,-2.4957,11.97,-37424.2,7.99,90.82,-9.227,-0,-1.0002,129.5,124.48,137.04,24.95,Cornering,"Hoosier 43075 16x7.5-10 R20, 7 inch rim",12069
78.29,557.608,-2.06,131.76,-53.16,2.004,-8.46,5.51,0.09,0.0387,-2.4784,11.97,43730.55,7.99,90.84,-9.276,-0,-0.9998,129.48,124.39,137.04,24.95,Cornering,"Hoosier 43075 16x7.5-10 R20, 7 inch rim",12070
78.3,557.618,-0.72,129.47,-52.84,1.995,-7.91,5.29,0.03,0.0136,-2.4502,12.01,157761.75,7.99,90.83,-9.302,-0,-0.9999,129.52,124.39,137.09,24.94,Cornering,"Hoosier 43075 16x7.5-10 R20, 7 inch rim",12071
78.32,557.628,0.01,127.4,-51.07,1.995,-7.83,5.07,0.03,-0.0003,-2.4945,12.07,157815.92,7.99,90.84,-9.343,-0,-0.9999,129.5,124.44,137.09,24.96,Cornering,"Hoosier 43075 16x7.5-10 R20, 7 inch rim",12072
78.3,557.638,0.45,125.99,-49.53,1.989,-7.3,5.39,-0.04,-0.009,-2.5437,12.12,-98084.06,7.99,90.85,-9.405,-0,-1.0001,129.63,124.42,137.13,24.96,Cornering,"Hoosier 43075 16x7.5-10 R20, 7 inch rim",12073
78.28,557.648,0.04,125.16,-48.58,1.996,-7.42,5.76,0.09,-0.0008,-2.5761,12.11,43760.77,7.99,90.87,-9.436,-0,-0.9998,129.65,124.48,137.11,24.98,Cornering,"Hoosier 43075 16x7.5-10 R20, 7 inch rim",12074
78.31,557.658,-1.15,126.59,-48.42,1.989,-6.36,5.88,0.09,0.0237,-2.6142,12.04,43764.99,7.99,90.88,-9.482,-0,-0.9998,129.84,124.59,137.17,24.98,Cornering,"Hoosier 43075 16x7.5-10 R20, 7 inch rim",12075
78.33,557.668,-2.6,128.24,-48.26,1.998,-6.97,6.2,0.03,0.0539,-2.6575,11.98,157913.66,7.99,90.91,-9.526,-0,-0.9999,129.99,124.61,137.31,24.98,Cornering,"Hoosier 43075 16x7.5-10 R20, 7 inch rim",12076
78.28,557.678,-3.28,130.15,-48.9,1.99,-7.31,7.13,-0.04,0.0671,-2.6616,11.9,-98133.47,7.99,90.92,-9.548,-0,-1.0001,130.12,124.66,137.39,24.98,Cornering,"Hoosier 43075 16x7.5-10 R20, 7 inch rim",12077
78.29,557.688,-4.11,132.04,-50.32,1.992,-7.74,7.34,0.09,0.0817,-2.624,11.92,43739.86,7.99,90.92,-9.597,-0,-0.9998,130.1,124.59,137.53,24.98,Cornering,"Hoosier 43075 16x7.5-10 R20, 7 inch rim",12078
78.31,557.698,-4.33,133.41,-51.55,2.002,-8.72,7.29,0.03,0.084,-2.5879,11.97,157969.91,7.99,90.92,-9.639,-0,-0.9999,130.04,124.46,137.71,25,Cornering,"Hoosier 43075 16x7.5-10 R20, 7 inch rim",12079
78.3,557.708,-3.97,133.82,-52.94,1.989,-9.06,6.46,0.03,0.0751,-2.5276,12.06,157948,7.99,90.95,-9.685,-0,-0.9999,130.1,124.33,137.81,25,Cornering,"Hoosier 43075 16x7.5-10 R20, 7 inch rim",12080
78.29,557.718,-2.73,133.42,-53.75,1.982,-8.48,6.08,0.09,0.0508,-2.4822,12.14,43784.44,7.99,90.96,-9.72,-0,-0.9998,130.14,124.33,137.89,25.01,Cornering,"Hoosier 43075 16x7.5-10 R20, 7 inch rim",12081
78.32,557.728,-1.27,131.2,-53.42,1.989,-8.92,5.84,0.09,0.0238,-2.4562,12.15,43770.09,7.99,90.94,-9.751,-0,-0.9998,130.12,124.26,137.95,25.01,Cornering,"Hoosier 43075 16x7.5-10 R20, 7 inch rim",12082
78.32,557.738,-0.3,128.82,-51.98,1.993,-8.88,5.27,-0.11,0.0058,-2.4782,12.11,-37420.81,7.99,90.95,-9.803,-0,-1.0002,130.12,124.26,138.06,24.99,Cornering,"Hoosier 43075 16x7.5-10 R20, 7 inch rim",12083
78.28,557.748,0.37,126.61,-50.35,1.992,-8.66,5.24,-0.04,-0.0073,-2.5146,12.05,-98044.74,7.99,90.92,-9.846,-0,-1.0001,130.19,124.31,138.12,24.98,Cornering,"Hoosier 43075 16x7.5-10 R20, 7 inch rim",12084
78.29,557.758,0.72,125.93,-49.29,2.001,-7.31,5.81,0.03,-0.0147,-2.5551,11.97,157563.11,7.99,90.92,-9.876,-0,-0.9999,130.19,124.44,138.14,24.96,Cornering,"Hoosier 43075 16x7.5-10 R20, 7 inch rim",12085
78.32,557.768,-0.04,126.57,-48.19,1.99,-7,5.92,0.03,0.0009,-2.6262,11.95,157464.03,7.99,90.89,-9.929,-0,-0.9999,130.29,124.55,138.18,24.94,Cornering,"Hoosier 43075 16x7.5-10 R20, 7 inch rim",12086
78.31,557.778,-1.21,127.93,-47.98,1.998,-6.82,6.3,-0.04,0.0251,-2.6661,11.95,-97896.62,7.99,90.86,-9.959,-0,-1.0001,130.42,124.64,138.26,24.95,Cornering,"Hoosier 43075 16x7.5-10 R20, 7 inch rim",12087
78.28,557.788,-2.72,129.4,-48.18,1.982,-7.1,6.41,0.03,0.0564,-2.6858,12.01,157502.72,7.99,90.82,-9.999,-0,-0.9999,130.53,124.68,138.38,24.96,Cornering,"Hoosier 43075 16x7.5-10 R20, 7 inch rim",12088
78.3,557.798,-3.48,130.71,-49.25,2.004,-7.75,7.12,-0.11,0.0707,-2.6539,12.1,-37333.81,7.99,90.76,-10.029,-0,-1.0002,130.59,124.64,138.46,24.95,Cornering,"Hoosier 43075 16x7.5-10 R20, 7 inch rim",12089
78.32,557.808,-4.18,132.03,-50.64,1.993,-8.32,7.22,0.03,0.0825,-2.6072,12.16,157460.16,7.99,90.67,-10.085,-0,-0.9999,130.53,124.5,138.58,24.96,Cornering,"Hoosier 43075 16x7.5-10 R20, 7 inch rim",12090
78.29,557.818,-4.28,132.79,-52.09,2.005,-9.04,6.9,0.03,0.0822,-2.5495,12.15,157414.31,7.99,90.63,-10.103,-0,-0.9999,130.49,124.37,138.72,24.95,Cornering,"Hoosier 43075 16x7.5-10 R20, 7 inch rim",12091
78.29,557.828,-3.58,132.66,-53.29,2.008,-9.29,6.63,0.09,0.0673,-2.4895,12.1,43622.84,7.99,90.64,-10.162,-0,-0.9998,130.49,124.33,138.76,24.96,Cornering,"Hoosier 43075 16x7.5-10 R20, 7 inch rim",12092
78.33,557.838,-2.94,131.51,-53.42,1.989,-9.6,5.36,-0.04,0.0551,-2.4615,12.03,-97980.02,7.99,90.6,-10.204,-0,-1.0001,130.53,124.33,138.84,24.99,Cornering,"Hoosier 43075 16x7.5-10 R20, 7 inch rim",12093
78.31,557.848,-1.62,129.88,-52.57,2.002,-9.02,5.22,0.03,0.0308,-2.4707,11.96,157680.88,7.99,90.52,-10.228,-0,-0.9999,130.55,124.28,138.84,25,Cornering,"Hoosier 43075 16x7.5-10 R20, 7 inch rim",12094
78.29,557.858,-0.56,127.92,-51.93,1.987,-7.68,4.91,-0.04,0.0108,-2.4632,11.97,-98046.6,7.99,90.54,-10.281,-0,-1.0001,130.55,124.33,138.84,25.01,Cornering,"Hoosier 43075 16x7.5-10 R20, 7 inch rim",12095
78.31,557.868,-0.12,126.58,-49.66,1.996,-7.46,4.97,0.03,0.0025,-2.5491,12,157677.48,7.99,90.54,-10.307,-0,-0.9999,130.53,124.37,138.82,25.01,Cornering,"Hoosier 43075 16x7.5-10 R20, 7 inch rim",12096
78.33,557.878,0.12,126.2,-48.16,2.004,-7.3,5.8,0.09,-0.0025,-2.6206,12.1,43675.53,7.99,90.55,-10.364,-0,-0.9998,130.55,124.46,138.82,25,Cornering,"Hoosier 43075 16x7.5-10 R20, 7 inch rim",12097
78.29,557.888,-0.81,126.85,-48.05,1.998,-6.28,6.1,-0.04,0.0168,-2.6401,12.18,-97962.06,7.99,90.56,-10.404,-0,-1.0001,130.66,124.53,138.82,25,Cornering,"Hoosier 43075 16x7.5-10 R20, 7 inch rim",12098
78.28,557.898,-1.91,128.29,-48.59,1.99,-5.78,6.53,0.03,0.0393,-2.6403,12.17,157646.52,7.99,90.55,-10.438,-0,-0.9999,130.83,124.57,138.84,25.01,Cornering,"Hoosier 43075 16x7.5-10 R20, 7 inch rim",12099
78.32,557.908,-2.84,129.52,-48.73,1.992,-7.1,7.36,0.09,0.0582,-2.6579,12.11,43680.47,7.99,90.54,-10.471,-0,-0.9998,130.87,124.64,138.92,25.01,Cornering,"Hoosier 43075 16x7.5-10 R20, 7 inch rim",12100
78.31,557.918,-3.94,130.72,-49.55,2.002,-8.19,7.53,0.03,0.0795,-2.6382,12.03,157568.5,7.99,90.57,-10.519,-0,-0.9999,130.94,124.59,139.03,25.01,Cornering,"Hoosier 43075 16x7.5-10 R20, 7 inch rim",12101
78.28,557.928,-4.28,131.7,-51.47,2.002,-8.98,7.52,0.03,0.0831,-2.5589,11.95,157550.62,7.99,90.57,-10.553,-0,-0.9999,130.89,124.46,139.17,25.01,Cornering,"Hoosier 43075 16x7.5-10 R20, 7 inch rim",12102
78.3,557.938,-3.79,132.25,-52.92,1.992,-9.57,7.46,0.03,0.0716,-2.4989,11.97,157600.47,7.99,90.58,-10.597,-0,-0.9999,130.85,124.35,139.25,25.02,Cornering,"Hoosier 43075 16x7.5-10 R20, 7 inch rim",12103
78.32,557.948,-3.05,132.64,-53.11,1.976,-9.67,6.72,0.09,0.0575,-2.4975,12,43696.52,7.99,90.6,-10.64,-0,-0.9998,130.81,124.28,139.31,25.04,Cornering,"Hoosier 43075 16x7.5-10 R20, 7 inch rim",12104
78.3,557.958,-1.79,131.64,-53.08,1.993,-8.91,6.14,0.03,0.0337,-2.4798,12.11,157664.83,7.99,90.6,-10.683,-0,-0.9999,130.87,124.26,139.35,25.04,Cornering,"Hoosier 43075 16x7.5-10 R20, 7 inch rim",12105
78.29,557.968,-0.52,129.66,-51.74,1.977,-8.6,5.77,0.03,0.01,-2.5058,12.19,157612.45,7.99,90.6,-10.713,-0,-0.9999,130.85,124.28,139.43,25.03,Cornering,"Hoosier 43075 16x7.5-10 R20, 7 inch rim",12106
78.32,557.978,-0.15,127.75,-50.17,1.982,-7.65,5.18,0.16,0.003,-2.5462,12.19,25346.35,7.99,90.6,-10.759,-0,-0.9997,130.87,124.28,139.47,25.03,Cornering,"Hoosier 43075 16x7.5-10 R20, 7 inch rim",12107
78.32,557.988,0.41,126.3,-48.8,1.986,-7.18,5.45,0.03,-0.0084,-2.5883,12.17,157494.59,7.99,90.6,-10.798,-0,-0.9999,130.87,124.33,139.49,25.02,Cornering,"Hoosier 43075 16x7.5-10 R20, 7 inch rim",12108
78.29,557.998,-0.1,126.24,-47.9,1.993,-6.88,5.8,0.03,0.002,-2.6354,12.1,157403.28,7.99,90.54,-10.832,-0,-0.9999,130.91,124.39,139.51,25.01,Cornering,"Hoosier 43075 16x7.5-10 R20, 7 inch rim",12109
78.3,558.008,-1.34,126.69,-48,1.998,-7.07,5.86,0.03,0.0279,-2.6392,12,157385.66,7.99,90.52,-10.865,-0,-0.9999,131.04,124.46,139.61,25.01,Cornering,"Hoosier 43075 16x7.5-10 R20, 7 inch rim",12110
78.33,558.018,-2.33,127.9,-47.87,1.999,-8.08,6.56,-0.04,0.0486,-2.6722,11.95,-97797.8,7.99,90.52,-10.907,-0,-1.0001,131.19,124.55,139.73,25,Cornering,"Hoosier 43075 16x7.5-10 R20, 7 inch rim",12111
78.3,558.028,-3.5,129.67,-49.26,1.995,-7.64,6.88,0.09,0.071,-2.6324,11.96,43568.48,7.99,90.57,-10.96,-0,-0.9998,131.28,124.55,139.89,24.99,Cornering,"Hoosier 43075 16x7.5-10 R20, 7 inch rim",12112
78.29,558.038,-4.1,131.08,-50.32,1.996,-8.59,7.03,-0.04,0.0814,-2.6049,12.03,-97727.01,7.99,90.6,-10.983,-0,-1.0001,131.28,124.44,140.08,24.99,Cornering,"Hoosier 43075 16x7.5-10 R20, 7 inch rim",12113
78.31,558.048,-4.37,132.58,-51.82,1.983,-8.58,6.78,0.03,0.0843,-2.5583,12.11,157147.83,7.99,90.59,-11.036,-0,-0.9999,131.17,124.33,140.28,24.98,Cornering,"Hoosier 43075 16x7.5-10 R20, 7 inch rim",12114
78.32,558.058,-3.84,133.18,-52.61,1.99,-9.01,6.38,0.03,0.073,-2.5314,12.15,157015.06,7.99,90.6,-11.078,-0,-0.9999,131.13,124.22,140.4,24.97,Cornering,"Hoosier 43075 16x7.5-10 R20, 7 inch rim",12115
78.28,558.068,-2.9,132.39,-52.85,1.998,-9.07,5.79,0.03,0.0548,-2.5048,12.14,156890.86,7.99,90.6,-11.106,-0,-0.9999,131.19,124.17,140.48,24.95,Cornering,"Hoosier 43075 16x7.5-10 R20, 7 inch rim",12116
78.29,558.078,-1.5,130.61,-53.01,1.983,-7.57,5.35,0.09,0.0283,-2.4637,12.07,43456.12,7.99,90.62,-11.169,-0,-0.9998,131.22,124.11,140.56,24.94,Cornering,"Hoosier 43075 16x7.5-10 R20, 7 inch rim",12117
78.32,558.088,0.02,128.16,-51.2,1.999,-7.8,5.59,0.03,-0.0004,-2.5032,12,156880.2,7.99,90.61,-11.192,-0,-0.9999,131.3,124.17,140.6,24.96,Cornering,"Hoosier 43075 16x7.5-10 R20, 7 inch rim",12118
78.3,558.098,0.6,126.15,-50.25,1.993,-6.96,5.52,0.16,-0.0118,-2.5106,12.01,25240.01,7.99,90.66,-11.239,-0,-0.9997,131.28,124.22,140.68,24.97,Cornering,"Hoosier 43075 16x7.5-10 R20, 7 inch rim",12119
78.28,558.108,0.49,125.18,-49.31,1.998,-6.36,5.65,-0.04,-0.0099,-2.5386,12.03,-97584.16,7.99,90.72,-11.269,-0,-1.0001,131.32,124.28,140.74,24.98,Cornering,"Hoosier 43075 16x7.5-10 R20, 7 inch rim",12120
78.3,558.118,-0.03,125.33,-48.29,1.99,-6.76,6.24,0.03,0.0007,-2.5956,12.12,156773.25,7.99,90.77,-11.319,-0,-0.9999,131.47,124.35,140.72,24.95,Cornering,"Hoosier 43075 16x7.5-10 R20, 7 inch rim",12121
78.32,558.128,-1.14,126.57,-47.7,1.986,-7.43,6.69,0.03,0.0238,-2.6533,12.19,156674.08,7.99,90.8,-11.366,-0,-0.9999,131.6,124.46,140.86,24.94,Cornering,"Hoosier 43075 16x7.5-10 R20, 7 inch rim",12122
78.29,558.138,-2.37,127.91,-48.17,2.001,-7.83,7.29,0.03,0.0493,-2.6551,12.19,156693.67,7.99,90.84,-11.396,-0,-0.9999,131.75,124.57,140.97,24.94,Cornering,"Hoosier 43075 16x7.5-10 R20, 7 inch rim",12123
78.29,558.148,-3.51,129.52,-48.85,1.989,-8.43,7.49,0.09,0.0719,-2.6516,12.14,43404.38,7.99,90.85,-11.439,-0,-0.9998,131.84,124.53,141.09,24.94,Cornering,"Hoosier 43075 16x7.5-10 R20, 7 inch rim",12124
78.32,558.158,-3.71,131.32,-50.64,1.98,-7.89,7.9,-0.11,0.0732,-2.5933,12.06,-37142.91,7.99,90.87,-11.481,-0,-1.0002,131.86,124.46,141.29,24.94,Cornering,"Hoosier 43075 16x7.5-10 R20, 7 inch rim",12125
78.31,558.168,-4.03,132.35,-51.71,1.998,-8.54,7.36,0.03,0.078,-2.5596,11.96,156741.64,7.99,90.85,-11.505,-0,-0.9999,131.86,124.37,141.45,24.96,Cornering,"Hoosier 43075 16x7.5-10 R20, 7 inch rim",12126
78.29,558.178,-3.71,132.39,-52.78,1.995,-8.84,6.67,0.03,0.0702,-2.5082,11.96,156718.11,7.99,90.85,-11.547,-0,-0.9999,131.86,124.33,141.49,24.96,Cornering,"Hoosier 43075 16x7.5-10 R20, 7 inch rim",12127
78.3,558.188,-2.58,131.47,-53.15,1.996,-8.61,6.41,0.03,0.0486,-2.4737,11.99,156692.06,7.99,90.8,-11.593,-0,-0.9999,131.9,124.26,141.61,24.96,Cornering,"Hoosier 43075 16x7.5-10 R20, 7 inch rim",12128
78.33,558.198,-1.44,129.4,-52.21,2.002,-8.83,6.19,-0.04,0.0276,-2.4783,12.06,-97366.34,7.99,90.74,-11.633,-0,-1.0001,131.92,124.26,141.63,24.96,Cornering,"Hoosier 43075 16x7.5-10 R20, 7 inch rim",12129
78.3,558.208,-0.21,127.27,-51.29,1.989,-8.06,6.56,-0.04,0.0041,-2.4815,12.1,-97348.49,7.99,90.7,-11.683,-0,-1.0001,131.88,124.33,141.65,24.96,Cornering,"Hoosier 43075 16x7.5-10 R20, 7 inch rim",12130
78.28,558.218,0.41,125.55,-49.57,1.983,-7.86,7.23,0.09,-0.0082,-2.5329,12.1,43390.84,7.99,90.68,-11.717,-0,-0.9998,131.79,124.33,141.67,24.96,Cornering,"Hoosier 43075 16x7.5-10 R20, 7 inch rim",12131
78.32,558.228,1.48,124.87,-48.5,1.989,-7.35,9.49,0.03,-0.0305,-2.5747,12.08,156611.64,7.99,90.69,-11.733,-0,-0.9999,131.92,124.44,141.67,24.96,Cornering,"Hoosier 43075 16x7.5-10 R20, 7 inch rim",12132
78.32,558.238,3.13,125.89,-47.86,2.001,-6.61,13.21,0.09,-0.0654,-2.6302,12.03,43393.14,7.99,90.72,-11.766,-0,-0.9998,132.05,124.5,141.79,24.96,Cornering,"Hoosier 43075 16x7.5-10 R20, 7 inch rim",12133
78.28,558.248,5.56,127.31,-47.47,1.99,-7.05,18.05,-0.04,-0.1172,-2.682,11.99,-97311.04,7.99,90.72,-11.787,-0,-1.0001,132.22,124.57,141.89,24.96,Cornering,"Hoosier 43075 16x7.5-10 R20, 7 inch rim",12134
78.3,558.258,6.7,128.65,-48.1,2.004,-7.3,21.44,0.09,-0.1393,-2.6749,12.02,43367.48,7.99,90.73,-11.8,-0,-0.9998,132.4,124.66,142,24.95,Cornering,"Hoosier 43075 16x7.5-10 R20, 7 inch rim",12135
78.33,558.268,5.9,130.45,-49.43,1.992,-7.3,22.13,0.09,-0.1193,-2.6389,12.06,43367.48,7.99,90.73,-11.8,-0,-0.9998,132.46,124.55,142.16,24.95,Cornering,"Hoosier 43075 16x7.5-10 R20, 7 inch rim",12136
78.3,558.278,4.59,131.9,-50.55,1.983,-8.26,21.36,-0.04,-0.0908,-2.6096,12.09,-97321.26,7.99,90.7,-11.822,-0,-1.0001,132.44,124.42,142.36,24.96,Cornering,"Hoosier 43075 16x7.5-10 R20, 7 inch rim",12137
78.28,558.288,5.07,132.54,-52.43,1.992,-8.43,21.68,0.03,-0.0968,-2.5279,12.09,156514.78,7.99,90.68,-11.837,-0,-0.9999,132.42,124.35,142.48,24.96,Cornering,"Hoosier 43075 16x7.5-10 R20, 7 inch rim",12138
78.31,558.298,7.51,131.79,-53.68,1.992,-8.55,23.15,0.09,-0.1399,-2.4552,12.05,43382.1,7.99,90.68,-11.834,-0,-0.9998,132.4,124.28,142.52,24.96,Cornering,"Hoosier 43075 16x7.5-10 R20, 7 inch rim",12139
78.28,558.318,11.57,128.17,-52.51,2.001,-8.15,23.7,-0.04,-0.2204,-2.4407,11.93,-97250.88,7.99,90.69,-12.116,-0,-1.0001,132.48,124.28,142.62,24.94,Cornering,"Hoosier 43075 16x7.5-10 R20, 7 inch rim",12140
78.3,558.328,10.52,126.44,-50.92,1.996,-7.55,21.02,0.03,-0.2067,-2.4834,11.92,156490.06,7.99,90.65,-12.104,-0,-0.9999,132.46,124.31,142.62,24.95,Cornering,"Hoosier 43075 16x7.5-10 R20, 7 inch rim",12141
78.32,558.338,7.7,125.03,-49.23,1.99,-7.14,16.97,0.03,-0.1564,-2.5399,11.96,156592.47,7.99,90.6,-12.116,-0,-0.9999,132.48,124.39,142.64,24.97,Cornering,"Hoosier 43075 16x7.5-10 R20, 7 inch rim",12142
78.3,558.348,4.4,125.45,-48.28,1.999,-6.13,13.39,0.03,-0.0911,-2.5985,12.03,156712.36,7.99,90.56,-12.097,-0,-0.9999,132.55,124.46,142.62,24.98,Cornering,"Hoosier 43075 16x7.5-10 R20, 7 inch rim",12143
78.28,558.358,1.29,126.43,-47.84,1.985,-5.74,10.57,-0.04,-0.0269,-2.6429,12.11,-97394.23,7.99,90.52,-12.094,-0,-1.0001,132.72,124.57,142.7,24.98,Cornering,"Hoosier 43075 16x7.5-10 R20, 7 inch rim",12144
78.31,558.368,-1.41,128.24,-47.75,1.996,-5.72,8.65,-0.04,0.0296,-2.6859,12.12,-97286.38,7.99,90.49,-12.08,-0,-1.0001,132.82,124.66,142.76,24.95,Cornering,"Hoosier 43075 16x7.5-10 R20, 7 inch rim",12145
78.31,558.378,-3.34,129.51,-48.36,1.993,-6.44,7.37,0.03,0.069,-2.6778,12.11,156362.06,7.99,90.45,-12.074,-0,-0.9999,132.89,124.61,142.95,24.93,Cornering,"Hoosier 43075 16x7.5-10 R20, 7 inch rim",12146
78.29,558.388,-5.86,130.47,-49.66,1.993,-7.06,4.92,0.09,0.1181,-2.6272,12.04,43302.68,7.99,90.45,-12.051,-0,-0.9998,132.87,124.48,143.11,24.91,Cornering,"Hoosier 43075 16x7.5-10 R20, 7 inch rim",12147
78.29,558.398,-7.82,130.99,-51.03,1.987,-8.2,2.26,0.03,0.1532,-2.5667,11.96,156405.05,7.99,90.47,-12.063,-0,-0.9999,132.82,124.44,143.29,24.93,Cornering,"Hoosier 43075 16x7.5-10 R20, 7 inch rim",12148
78.32,558.408,-9.52,130.85,-52.48,1.993,-8.67,-1,0.03,0.1814,-2.4934,11.94,156559.58,7.99,90.48,-12.047,-0,-0.9999,132.87,124.37,143.41,24.96,Cornering,"Hoosier 43075 16x7.5-10 R20, 7 inch rim",12149
78.31,558.418,-9.88,130.04,-53.15,2.005,-8.96,-3.12,0.03,0.1859,-2.4467,11.95,156665.36,7.99,90.49,-12.053,-0,-0.9999,132.8,124.31,143.47,24.97,Cornering,"Hoosier 43075 16x7.5-10 R20, 7 inch rim",12150
78.28,558.428,-8.76,128.07,-52.72,1.993,-9.31,-3.92,0.09,0.1661,-2.429,11.99,43445.81,7.99,90.53,-12.038,-0,-0.9998,132.82,124.28,143.55,24.99,Cornering,"Hoosier 43075 16x7.5-10 R20, 7 inch rim",12151
78.3,558.438,-7.38,126.47,-51.5,1.998,-8.71,-3.68,0.09,0.1432,-2.4557,12.04,43464.36,7.99,90.58,-12.048,-0,-0.9998,132.76,124.28,143.53,25,Cornering,"Hoosier 43075 16x7.5-10 R20, 7 inch rim",12152
78.33,558.448,-5.83,125.18,-50.07,2.001,-7.84,-2.45,-0.04,0.1164,-2.5002,12.04,-97503.2,7.99,90.62,-12.043,-0,-1.0001,132.74,124.33,143.55,25,Cornering,"Hoosier 43075 16x7.5-10 R20, 7 inch rim",12153
78.29,558.458,-4.46,124.76,-48.65,1.983,-6.88,-0.53,0.03,0.0917,-2.5647,12.02,156778.58,7.99,90.67,-12.046,-0,-0.9999,132.76,124.33,143.57,24.99,Cornering,"Hoosier 43075 16x7.5-10 R20, 7 inch rim",12154
78.3,558.468,-3.51,125.67,-47.97,1.985,-5.84,1.97,-0.04,0.0732,-2.62,11.95,-97473.38,7.99,90.68,-12.063,-0,-1.0001,132.89,124.37,143.61,25,Cornering,"Hoosier 43075 16x7.5-10 R20, 7 inch rim",12155
78.31,558.478,-3.76,126.88,-47.88,1.992,-5.56,4.12,0.03,0.0786,-2.6497,11.89,156699.23,7.99,90.68,-12.057,-0,-0.9999,133.06,124.42,143.65,24.98,Cornering,"Hoosier 43075 16x7.5-10 R20, 7 inch rim",12156
78.31,558.488,-3.19,128.6,-48.11,1.987,-6.02,7.32,-0.04,0.0664,-2.6732,11.9,-97428.18,7.99,90.67,-12.063,-0,-1.0001,133.17,124.5,143.71,24.98,Cornering,"Hoosier 43075 16x7.5-10 R20, 7 inch rim",12157
78.28,558.498,-1.3,130.27,-49.08,1.998,-6.64,12,0.03,0.0265,-2.6542,11.97,156743.05,7.99,90.68,-12.044,-0,-0.9999,133.25,124.42,143.83,24.98,Cornering,"Hoosier 43075 16x7.5-10 R20, 7 inch rim",12158
78.3,558.508,2.21,131.41,-50.37,1.99,-7.93,17.8,0.03,-0.0439,-2.609,12.06,156672.81,7.99,90.65,-12.04,-0,-0.9999,133.19,124.28,143.98,24.97,Cornering,"Hoosier 43075 16x7.5-10 R20, 7 inch rim",12159
78.33,558.518,5.88,132.07,-52.2,1.989,-8.68,22.93,0.03,-0.1125,-2.5301,12.14,156649.66,7.99,90.63,-12.017,-0,-0.9999,133.12,124.15,144.12,24.97,Cornering,"Hoosier 43075 16x7.5-10 R20, 7 inch rim",12160
78.3,558.528,9.88,131.98,-53.09,2.012,-9.62,27.52,-0.04,-0.186,-2.4859,12.18,-97341.34,7.99,90.62,-11.99,-0,-1.0001,133.12,124.11,144.16,24.96,Cornering,"Hoosier 43075 16x7.5-10 R20, 7 inch rim",12161
78.29,558.538,14.23,131.16,-53.36,1.99,-9.47,31.61,-0.04,-0.2666,-2.4579,12.16,-97347.47,7.99,90.6,-11.973,-0,-1.0001,133.15,124.02,144.18,24.96,Cornering,"Hoosier 43075 16x7.5-10 R20, 7 inch rim",12162
78.31,558.548,18.63,129.77,-52.87,1.987,-8.47,35.4,0.09,-0.3523,-2.4545,12.07,43382.29,7.99,90.6,-11.931,-0,-0.9998,133.1,124,144.26,24.94,Cornering,"Hoosier 43075 16x7.5-10 R20, 7 inch rim",12163
78.31,558.558,21.07,127.97,-51.51,2.002,-7.65,36.75,0.03,-0.4089,-2.4841,11.99,156619.28,7.99,90.63,-11.879,-0,-0.9999,133.15,124.02,144.26,24.95,Cornering,"Hoosier 43075 16x7.5-10 R20, 7 inch rim",12164
78.29,558.568,20.25,126.9,-49.93,1.99,-6.5,34.8,-0.04,-0.4056,-2.5416,11.96,-97395.73,7.99,90.65,-11.837,-0,-1.0001,133.15,124.09,144.24,24.96,Cornering,"Hoosier 43075 16x7.5-10 R20, 7 inch rim",12165
78.29,558.578,16.04,126.38,-49.01,2.001,-5.59,29.79,0.03,-0.3274,-2.5787,11.98,156744.88,7.99,90.61,-11.786,-0,-0.9999,133.17,124.17,144.3,24.96,Cornering,"Hoosier 43075 16x7.5-10 R20, 7 inch rim",12166
78.32,558.588,10.14,127.31,-48.35,1.998,-5.19,23.09,0.09,-0.2097,-2.6331,12.03,43445.17,7.99,90.57,-11.723,-0,-0.9998,133.23,124.22,144.3,24.96,Cornering,"Hoosier 43075 16x7.5-10 R20, 7 inch rim",12167
78.3,558.598,3.94,128.57,-48.15,1.992,-5.6,16.61,-0.04,-0.0818,-2.6704,12.11,-97524.82,7.99,90.57,-11.662,-0,-1.0001,133.4,124.33,144.34,24.97,Cornering,"Hoosier 43075 16x7.5-10 R20, 7 inch rim",12168
78.28,558.608,-1.09,129.82,-48.68,1.993,-6,11.44,0.09,0.0224,-2.6669,12.11,43462.27,7.99,90.6,-11.613,-0,-0.9998,133.55,124.39,144.46,24.96,Cornering,"Hoosier 43075 16x7.5-10 R20, 7 inch rim",12169
78.31,558.618,-4.48,130.44,-50.03,2.001,-7.24,8,0.03,0.0895,-2.6071,12.08,156763.05,7.99,90.66,-11.559,-0,-0.9999,133.62,124.44,144.6,24.94,Cornering,"Hoosier 43075 16x7.5-10 R20, 7 inch rim",12170
78.32,558.628,-6.21,131.78,-51.42,1.986,-7.63,5.25,0.03,0.1209,-2.5628,11.98,156751.17,7.99,90.71,-11.514,-0,-0.9999,133.58,124.28,144.72,24.94,Cornering,"Hoosier 43075 16x7.5-10 R20, 7 inch rim",12171
78.28,558.638,-8.3,132.77,-52.57,1.982,-8.19,1.53,-0.04,0.158,-2.5257,11.92,-97454.14,7.99,90.73,-11.473,-0,-1.0001,133.49,124.2,144.89,24.94,Cornering,"Hoosier 43075 16x7.5-10 R20, 7 inch rim",12172
78.3,558.648,-10.09,132.57,-53.67,1.999,-8.2,-2.32,0.03,0.188,-2.4702,11.93,156992.38,7.99,90.7,-11.407,-0,-0.9999,133.53,124.11,144.95,24.97,Cornering,"Hoosier 43075 16x7.5-10 R20, 7 inch rim",12173
78.32,558.658,-10.91,131.05,-53.83,1.995,-8.33,-5.42,0.03,0.2027,-2.4344,11.96,157191.06,7.99,90.7,-11.377,-0,-0.9999,133.53,124,145.03,25,Cornering,"Hoosier 43075 16x7.5-10 R20, 7 inch rim",12174
78.3,558.668,-8.5,128.62,-52.71,2.009,-8.94,-4.59,0.03,0.1612,-2.4404,12.05,157321.52,7.99,90.71,-11.338,-0,-0.9999,133.55,124.04,145.05,25.01,Cornering,"Hoosier 43075 16x7.5-10 R20, 7 inch rim",12175
78.28,558.678,-6.46,127.02,-51.23,2.014,-8.15,-3.57,-0.04,0.1261,-2.4792,12.12,-97845.6,7.98,90.73,-11.321,-0,-1.0001,133.51,124.11,145.03,25.03,Cornering,"Hoosier 43075 16x7.5-10 R20, 7 inch rim",12176
78.3,558.688,-5.17,126.18,-49.94,1.987,-7.07,-2.63,0.03,0.1034,-2.5267,12.14,157396.11,7.99,90.72,-11.268,-0,-0.9999,133.49,124.13,145.03,25.02,Cornering,"Hoosier 43075 16x7.5-10 R20, 7 inch rim",12177
78.32,558.698,-6.23,126.41,-48.65,1.998,-6.53,-3.01,0.03,0.128,-2.5983,12.09,157341.75,7.99,90.73,-11.234,-0,-0.9999,133.53,124.15,145.03,25.01,Cornering,"Hoosier 43075 16x7.5-10 R20, 7 inch rim",12178
78.3,558.708,-8.34,127.75,-47.74,2.005,-6.67,-3.98,0.03,0.1747,-2.6759,12.03,157287.33,7.98,90.7,-11.199,-0,-0.9999,133.64,124.28,145.07,25,Cornering,"Hoosier 43075 16x7.5-10 R20, 7 inch rim",12179
78.29,558.718,-10.01,129.23,-48.07,1.987,-6.68,-4.01,0.03,0.2082,-2.6882,11.97,157263.94,7.99,90.72,-11.175,-0,-0.9999,133.81,124.35,145.15,24.99,Cornering,"Hoosier 43075 16x7.5-10 R20, 7 inch rim",12180
78.33,558.728,-9.98,131.11,-49.47,1.992,-6.28,-2.14,-0.04,0.2018,-2.6504,11.96,-97775.35,7.99,90.72,-11.125,-0,-1.0001,133.88,124.35,145.19,24.99,Cornering,"Hoosier 43075 16x7.5-10 R20, 7 inch rim",12181
78.31,558.738,-8.74,132.18,-50.1,1.995,-8.23,0.59,-0.04,0.1745,-2.6385,12,-97783.9,7.99,90.74,-11.099,-0,-1.0001,133.83,124.31,145.33,24.99,Cornering,"Hoosier 43075 16x7.5-10 R20, 7 inch rim",12182
78.28,558.748,-7.45,133.12,-51.94,2.001,-8.84,2.64,-0.04,0.1434,-2.563,12.07,-97748.02,7.99,90.74,-11.071,-0,-1.0001,133.75,124.17,145.45,24.98,Cornering,"Hoosier 43075 16x7.5-10 R20, 7 inch rim",12183
78.3,558.758,-5.84,133.88,-54.25,1.986,-7.89,3.74,0.03,0.1077,-2.4677,12.11,157221.72,7.99,90.77,-11.049,-0,-0.9999,133.75,124.11,145.55,24.97,Cornering,"Hoosier 43075 16x7.5-10 R20, 7 inch rim",12184
78.32,558.768,-4.49,133.1,-54.19,1.985,-9.01,4.25,0.03,0.0828,-2.4561,12.09,157314.42,7.99,90.81,-11.012,-0,-0.9999,133.73,124.04,145.53,24.98,Cornering,"Hoosier 43075 16x7.5-10 R20, 7 inch rim",12185
78.3,558.778,-2.22,131.84,-53.51,1.986,-8.76,5.4,0.09,0.0414,-2.4638,12.03,43598.6,7.99,90.82,-10.975,-0,-0.9998,133.7,124,145.51,24.98,Cornering,"Hoosier 43075 16x7.5-10 R20, 7 inch rim",12186
78.29,558.788,0.6,129.28,-52.61,1.999,-8.05,7.46,-0.04,-0.0113,-2.4574,11.97,-97879.23,7.99,90.81,-10.947,-0,-1.0001,133.64,124.02,145.41,25,Cornering,"Hoosier 43075 16x7.5-10 R20, 7 inch rim",12187
78.32,558.798,3.32,128.16,-50.93,1.998,-6.79,9.95,0.09,-0.0652,-2.5165,11.93,43609.23,7.99,90.78,-10.902,-0,-0.9998,133.62,124.09,145.39,24.98,Cornering,"Hoosier 43075 16x7.5-10 R20, 7 inch rim",12188
78.31,558.808,4.71,127.4,-49.51,1.986,-6.2,12.11,0.09,-0.0952,-2.5733,11.94,43621,7.99,90.75,-10.89,-0,-0.9998,133.64,124.15,145.35,24.99,Cornering,"Hoosier 43075 16x7.5-10 R20, 7 inch rim",12189
78.28,558.818,5.08,127.79,-48.79,1.999,-5.57,14.02,-0.04,-0.1042,-2.619,12.02,-97892.87,7.99,90.68,-10.836,-0,-1.0001,133.75,124.22,145.33,25,Cornering,"Hoosier 43075 16x7.5-10 R20, 7 inch rim",12190
78.3,558.828,4.38,129.01,-48.46,2.001,-5.77,15.11,0.03,-0.0903,-2.6622,12.09,157574.44,7.99,90.67,-10.794,-0,-0.9999,133.83,124.33,145.33,25.01,Cornering,"Hoosier 43075 16x7.5-10 R20, 7 inch rim",12191
78.32,558.838,2.93,130.51,-48.86,1.979,-5.96,15.32,0.09,-0.0599,-2.6714,12.19,43661.66,7.99,90.65,-10.748,-0,-0.9998,134,124.35,145.37,25,Cornering,"Hoosier 43075 16x7.5-10 R20, 7 inch rim",12192
78.3,558.848,1.36,131.69,-49.66,1.995,-7.12,15.11,0.03,-0.0274,-2.6518,12.22,157589.67,7.99,90.65,-10.694,-0,-0.9999,134,124.24,145.47,25,Cornering,"Hoosier 43075 16x7.5-10 R20, 7 inch rim",12193
78.28,558.858,0.42,132.81,-51.51,1.998,-7.53,14.79,-0.04,-0.0082,-2.5782,12.16,-97905.34,7.99,90.66,-10.655,-0,-1.0001,134,124.11,145.59,24.98,Cornering,"Hoosier 43075 16x7.5-10 R20, 7 inch rim",12194
78.31,558.868,-0.75,133.62,-52.91,1.998,-8.63,12.84,0.03,0.0143,-2.5253,12.08,157412.92,7.99,90.67,-10.611,-0,-0.9999,134,124.02,145.73,24.97,Cornering,"Hoosier 43075 16x7.5-10 R20, 7 inch rim",12195
78.32,558.878,-0.76,134.02,-53.88,1.983,-8.78,11.31,0.09,0.0142,-2.4874,12,43607.45,7.99,90.7,-10.559,-0,-0.9998,133.92,123.95,145.73,24.96,Cornering,"Hoosier 43075 16x7.5-10 R20, 7 inch rim",12196
78.28,558.888,-0.3,133.05,-54.35,1.998,-8.41,9.81,0.03,0.0056,-2.448,11.92,157532.48,7.99,90.71,-10.519,-0,-0.9999,133.94,123.87,145.75,24.98,Cornering,"Hoosier 43075 16x7.5-10 R20, 7 inch rim",12197
78.3,558.898,-0.16,131.06,-53.22,1.986,-8.24,7.76,-0.04,0.0031,-2.4624,11.92,-98056.27,7.99,90.67,-10.465,-0,-1.0001,133.92,123.8,145.75,25.01,Cornering,"Hoosier 43075 16x7.5-10 R20, 7 inch rim",12198
78.33,558.908,-0.38,129.59,-51.21,1.992,-7.47,5.9,-0.04,0.0074,-2.5305,11.97,-98136.09,7.99,90.65,-10.428,-0,-1.0001,133.85,123.89,145.69,25.03,Cornering,"Hoosier 43075 16x7.5-10 R20, 7 inch rim",12199
78.3,558.918,-1.1,127.75,-50.39,1.985,-6.19,4.3,-0.04,0.0218,-2.535,12.05,-98194.91,7.99,90.67,-10.385,-0,-1.0001,133.85,124,145.65,25.04,Cornering,"Hoosier 43075 16x7.5-10 R20, 7 inch rim",12200
78.29,558.928,-2.14,127.36,-49,1.996,-5.68,3.32,-0.11,0.0436,-2.5993,12.15,-37453.55,7.99,90.67,-10.33,-0,-1.0002,133.85,124.04,145.63,25.03,Cornering,"Hoosier 43075 16x7.5-10 R20, 7 inch rim",12201
78.31,558.938,-3.55,127.8,-48.17,1.995,-5.94,2.69,-0.04,0.0737,-2.6534,12.14,-98225.45,7.99,90.71,-10.286,-0,-1.0001,133.9,124.13,145.65,25.04,Cornering,"Hoosier 43075 16x7.5-10 R20, 7 inch rim",12202
78.32,558.948,-4.93,128.86,-48.43,2.002,-6.36,2.51,0.03,0.1017,-2.6607,12.09,157960.08,7.99,90.73,-10.249,-0,-0.9999,133.96,124.2,145.65,25.03,Cornering,"Hoosier 43075 16x7.5-10 R20, 7 inch rim",12203
78.29,558.958,-6.4,130.46,-49.51,1.998,-6.38,2.25,0.03,0.1293,-2.6347,12.01,157985.42,7.99,90.71,-10.197,-0,-0.9999,134.13,124.24,145.73,25.03,Cornering,"Hoosier 43075 16x7.5-10 R20, 7 inch rim",12204
78.29,558.968,-8.11,131.72,-50.56,1.996,-7.29,1.21,0.03,0.1604,-2.6053,11.94,157971.95,7.99,90.73,-10.15,-0,-0.9999,134.15,124.09,145.84,25.02,Cornering,"Hoosier 43075 16x7.5-10 R20, 7 inch rim",12205
78.32,558.978,-9.26,132.86,-51.74,1.989,-8.8,0.27,0.09,0.1789,-2.5678,11.92,43757.98,7.99,90.76,-10.128,-0,-0.9998,134.09,123.95,145.94,25.01,Cornering,"Hoosier 43075 16x7.5-10 R20, 7 inch rim",12206
78.31,558.988,-8.86,133.77,-53.26,2.004,-8.9,-0.03,-0.04,0.1663,-2.5119,12,-98216.98,7.99,90.75,-10.09,-0,-1.0001,134.07,123.82,146.06,25.02,Cornering,"Hoosier 43075 16x7.5-10 R20, 7 inch rim",12207
78.28,558.998,-7.25,133.86,-53.93,1.989,-8.91,0.26,0.03,0.1345,-2.4821,12.08,157948.09,7.99,90.73,-10.048,-0,-0.9999,134.07,123.73,146.02,25.01,Cornering,"Hoosier 43075 16x7.5-10 R20, 7 inch rim",12208
78.3,559.008,-5.04,132.38,-53.63,2.006,-9,1.04,0.09,0.0939,-2.4685,12.14,43740.8,7.99,90.69,-10.03,-0,-0.9998,134.07,123.67,146.1,24.99,Cornering,"Hoosier 43075 16x7.5-10 R20, 7 inch rim",12209
78.33,559.018,-3.3,130.55,-52.4,1.992,-8.32,1.4,0.03,0.0631,-2.4913,12.12,157838.16,7.99,90.66,-9.972,-0,-0.9999,133.98,123.65,146.04,24.98,Cornering,"Hoosier 43075 16x7.5-10 R20, 7 inch rim",12210
78.29,559.028,-2.64,128.99,-51.21,1.99,-6.96,1.38,0.09,0.0515,-2.5189,12.06,43730.79,7.99,90.61,-9.952,-0,-0.9998,133.92,123.71,145.98,24.98,Cornering,"Hoosier 43075 16x7.5-10 R20, 7 inch rim",12211
78.29,559.038,-1.79,127.83,-49.86,1.999,-6.46,2.56,-0.04,0.0358,-2.5637,11.97,-98036.88,7.99,90.57,-9.931,-0,-1.0001,133.92,123.71,145.96,24.96,Cornering,"Hoosier 43075 16x7.5-10 R20, 7 inch rim",12212
78.32,559.048,-0.85,127.79,-48.78,2.002,-6.15,4.87,0.03,0.0175,-2.6196,11.91,157734.64,7.99,90.55,-9.882,-0,-0.9999,133.92,123.78,145.92,24.96,Cornering,"Hoosier 43075 16x7.5-10 R20, 7 inch rim",12213
78.3,559.058,-0.32,128.45,-49.05,1.993,-5.95,7.33,0.03,0.0064,-2.6186,11.92,157858.77,7.99,90.52,-9.852,-0,-0.9999,134,123.87,145.94,24.98,Cornering,"Hoosier 43075 16x7.5-10 R20, 7 inch rim",12214
78.28,559.068,-0.85,129.83,-48.75,1.992,-6.92,9.06,-0.18,0.0174,-2.6633,11.99,-23133.35,7.99,90.52,-9.821,-0,-1.0003,134.13,123.98,145.96,24.98,Cornering,"Hoosier 43075 16x7.5-10 R20, 7 inch rim",12215
78.31,559.078,-0.73,131.26,-49.35,1.986,-7.5,11.23,0.03,0.0148,-2.6599,12.09,157887.8,7.99,90.52,-9.79,-0,-0.9999,134.18,124,145.96,24.98,Cornering,"Hoosier 43075 16x7.5-10 R20, 7 inch rim",12216
78.32,559.088,-0.72,132.35,-51.27,1.995,-7.62,12.58,0.09,0.014,-2.5813,12.15,43778.86,7.99,90.5,-9.74,-0,-0.9998,134.15,123.93,146.06,24.99,Cornering,"Hoosier 43075 16x7.5-10 R20, 7 inch rim",12217
78.3,559.098,0.45,133.76,-52.44,1.998,-8.17,14.07,0.03,-0.0087,-2.5506,12.14,157962.64,7.99,90.52,-9.709,-0,-0.9999,134.13,123.82,146.2,24.98,Cornering,"Hoosier 43075 16x7.5-10 R20, 7 inch rim",12218
78.29,559.108,1.63,134.64,-53.81,1.985,-8.07,14.35,0.03,-0.0303,-2.502,12.08,157913.3,7.99,90.53,-9.657,-0,-0.9999,134.09,123.8,146.24,24.97,Cornering,"Hoosier 43075 16x7.5-10 R20, 7 inch rim",12219
78.32,559.118,2.73,134.01,-54.14,1.987,-8.29,13.87,0.09,-0.0503,-2.4753,12.02,43733.04,7.99,90.54,-9.623,-0,-0.9998,134.18,123.76,146.26,24.96,Cornering,"Hoosier 43075 16x7.5-10 R20, 7 inch rim",12220
78.32,559.128,3.07,132.89,-53.42,1.995,-7.79,12.13,-0.04,-0.0575,-2.4874,11.97,-98139.34,7.99,90.56,-9.579,-0,-1.0001,134.22,123.76,146.26,24.96,Cornering,"Hoosier 43075 16x7.5-10 R20, 7 inch rim",12221
78.28,559.138,3.33,130.54,-52.33,1.995,-7.42,10.67,0.09,-0.0636,-2.4947,11.97,43765.75,7.99,90.55,-9.526,-0,-0.9998,134.15,123.8,146.16,24.97,Cornering,"Hoosier 43075 16x7.5-10 R20, 7 inch rim",12222
78.3,559.148,2.36,128.5,-51.21,1.995,-6.77,8.63,-0.04,-0.0462,-2.5095,12.04,-98278.15,7.99,90.6,-9.491,-0,-1.0001,134.13,123.89,146.08,24.99,Cornering,"Hoosier 43075 16x7.5-10 R20, 7 inch rim",12223
78.33,559.158,1.62,127.35,-49.8,1.999,-6.74,7.68,-0.04,-0.0325,-2.5574,12.11,-98270.32,7.99,90.67,-9.438,-0,-1.0001,134.13,123.93,146.06,24.98,Cornering,"Hoosier 43075 16x7.5-10 R20, 7 inch rim",12224
78.3,559.168,0.09,127.52,-48.91,1.99,-6.85,6.8,-0.04,-0.0018,-2.6071,12.12,-98257.19,7.99,90.69,-9.404,-0,-1.0001,134.2,123.98,146.02,24.98,Cornering,"Hoosier 43075 16x7.5-10 R20, 7 inch rim",12225
78.29,559.178,-1.75,128.3,-49.2,1.992,-6.69,6.18,-0.04,0.0355,-2.6078,12.11,-98272.01,7.99,90.74,-9.351,-0,-1.0001,134.35,124.04,145.98,24.98,Cornering,"Hoosier 43075 16x7.5-10 R20, 7 inch rim",12226
78.31,559.188,-3.78,130.02,-49.7,1.99,-6.62,5.5,-0.04,0.0761,-2.6161,12.04,-98171.12,7.99,90.77,-9.304,-0,-1.0001,134.48,124.13,146.08,24.95,Cornering,"Hoosier 43075 16x7.5-10 R20, 7 inch rim",12227
78.32,559.198,-5.84,131.89,-50.2,1.99,-7.29,4.29,0.09,0.1163,-2.6272,11.99,43728.71,7.99,90.78,-9.252,-0,-0.9998,134.48,124.13,146.14,24.93,Cornering,"Hoosier 43075 16x7.5-10 R20, 7 inch rim",12228
78.29,559.208,-6.92,133.4,-51.7,2.009,-7.77,3.58,-0.04,0.1339,-2.58,11.97,-98103.98,7.99,90.8,-9.216,-0,-1.0001,134.43,123.98,146.26,24.93,Cornering,"Hoosier 43075 16x7.5-10 R20, 7 inch rim",12229
78.3,559.218,-6.99,134.44,-52.84,1.992,-8.13,2.73,-0.04,0.1323,-2.5441,12.03,-98065.8,7.99,90.79,-9.189,-0,-1.0001,134.37,123.95,146.36,24.92,Cornering,"Hoosier 43075 16x7.5-10 R20, 7 inch rim",12230
78.32,559.228,-6.13,134.62,-54.14,1.995,-7.69,2.3,0.03,0.1133,-2.4865,12.11,157850.92,7.99,90.76,-9.145,-0,-0.9999,134.3,123.91,146.34,24.93,Cornering,"Hoosier 43075 16x7.5-10 R20, 7 inch rim",12231
78.3,559.238,-5.17,133.25,-53.89,1.989,-7.57,1.35,0.03,0.096,-2.4724,12.19,157833.61,7.99,90.73,-9.1,-0,-0.9999,134.22,123.84,146.34,24.92,Cornering,"Hoosier 43075 16x7.5-10 R20, 7 inch rim",12232
78.29,559.248,-4.29,130.7,-52.55,1.995,-8.05,0.47,0.09,0.0817,-2.4873,12.18,43752.55,7.99,90.75,-9.056,-0,-0.9998,134.15,123.82,146.24,24.93,Cornering,"Hoosier 43075 16x7.5-10 R20, 7 inch rim",12233
78.3,559.258,-3.28,127.94,-51.43,1.982,-7.8,0.58,-0.04,0.0637,-2.4876,12.14,-98224.94,7.99,90.8,-9.023,-0,-1.0001,134.05,123.84,146.14,24.94,Cornering,"Hoosier 43075 16x7.5-10 R20, 7 inch rim",12234
78.32,559.268,-3.27,125.77,-49.97,2.008,-7.92,0.51,0.09,0.0654,-2.5168,12.06,43800.96,7.99,90.85,-8.991,-0,-0.9998,133.98,123.87,146.06,24.95,Cornering,"Hoosier 43075 16x7.5-10 R20, 7 inch rim",12235
78.28,559.278,-3.19,125.95,-49.21,1.999,-6.95,1.45,0.03,0.0648,-2.5593,11.99,158265.22,7.99,90.85,-8.951,-0,-0.9999,133.96,123.98,145.98,24.98,Cornering,"Hoosier 43075 16x7.5-10 R20, 7 inch rim",12236
78.29,559.288,-4.1,126.77,-49.24,1.989,-6.37,2.24,0.09,0.0833,-2.5747,11.98,43900.91,7.99,90.85,-8.921,-0,-0.9998,134.03,124.09,145.94,25,Cornering,"Hoosier 43075 16x7.5-10 R20, 7 inch rim",12237
78.32,559.298,-4.24,128.79,-49.03,1.985,-6.31,4.25,-0.04,0.0864,-2.6271,12.02,-98580.88,7.99,90.88,-8.887,-0,-1.0001,134.15,124.17,145.92,25.03,Cornering,"Hoosier 43075 16x7.5-10 R20, 7 inch rim",12238
78.3,559.308,-4.56,130.59,-49.77,2.002,-6.73,5.98,0.03,0.0915,-2.6239,12.1,158709.05,7.99,90.92,-8.858,-0,-0.9999,134.2,124.22,145.9,25.04,Cornering,"Hoosier 43075 16x7.5-10 R20, 7 inch rim",12239
78.28,559.318,-3.88,133.01,-50.99,1.987,-6.46,7.9,-0.04,0.076,-2.6088,12.17,-98644.73,7.99,90.93,-8.818,-0,-1.0001,134.24,124.15,145.98,25.04,Cornering,"Hoosier 43075 16x7.5-10 R20, 7 inch rim",12240
78.3,559.328,-3.14,134.56,-52.24,1.995,-7.38,9.19,-0.04,0.0601,-2.5756,12.14,-98656.03,7.99,90.97,-8.775,-0,-1.0001,134.18,124.06,146.08,25.04,Cornering,"Hoosier 43075 16x7.5-10 R20, 7 inch rim",12241
78.32,559.338,-1.39,135.22,-52.88,1.987,-8.55,10.46,0.03,0.0262,-2.557,12.1,158794.3,7.99,91,-8.744,-0,-0.9999,134.13,123.98,146.04,25.05,Cornering,"Hoosier 43075 16x7.5-10 R20, 7 inch rim",12242
78.29,559.348,0.44,134.92,-54.08,1.993,-8.14,10.77,0.03,-0.0082,-2.4948,12.03,158815.92,7.99,90.99,-8.692,-0,-0.9999,134.18,123.89,146.04,25.05,Cornering,"Hoosier 43075 16x7.5-10 R20, 7 inch rim",12243
78.29,559.358,2.02,132.49,-54.31,1.985,-8.43,10.7,0.03,-0.0373,-2.4394,11.98,158794.11,7.99,90.99,-8.656,-0,-0.9999,134.13,123.87,145.96,25.04,Cornering,"Hoosier 43075 16x7.5-10 R20, 7 inch rim",12244
78.32,559.368,3.39,129.95,-53.2,1.99,-8.26,10.75,0.03,-0.0637,-2.4429,12.03,158810.17,7.99,91.01,-8.618,-0,-0.9999,134.07,123.89,145.9,25.04,Cornering,"Hoosier 43075 16x7.5-10 R20, 7 inch rim",12245
78.31,559.378,3.88,127.92,-51.99,1.989,-7.24,10.37,-0.04,-0.0746,-2.4603,12.09,-98748.59,7.99,91.01,-8.595,-0,-1.0001,134,123.95,145.82,25.05,Cornering,"Hoosier 43075 16x7.5-10 R20, 7 inch rim",12246
78.29,559.388,3.69,126.47,-50.23,1.989,-7.53,10.15,-0.04,-0.0734,-2.518,12.17,-98718.64,7.99,91.01,-8.533,-0,-1.0001,133.94,124,145.75,25.04,Cornering,"Hoosier 43075 16x7.5-10 R20, 7 inch rim",12247
78.3,559.398,2.37,127.34,-49.29,1.999,-6.32,9.6,0.03,-0.0481,-2.5834,12.16,158821.16,7.99,91.01,-8.502,-0,-0.9999,134.03,124.04,145.65,25.04,Cornering,"Hoosier 43075 16x7.5-10 R20, 7 inch rim",12248
78.32,559.408,1.33,128.55,-48.62,2.001,-6.66,9.89,0.09,-0.0274,-2.6441,12.11,44007.45,7.99,90.99,-8.44,-0,-0.9998,134.15,124.13,145.59,25.03,Cornering,"Hoosier 43075 16x7.5-10 R20, 7 inch rim",12249
78.3,559.418,-0.98,130.49,-49.43,1.989,-5.94,8.81,0.09,0.0197,-2.6399,12.03,43992.04,7.99,90.96,-8.396,-0,-0.9998,134.24,124.17,145.61,25.02,Cornering,"Hoosier 43075 16x7.5-10 R20, 7 inch rim",12250
78.29,559.428,-3.01,132.21,-50.24,1.989,-6.35,7.81,0.03,0.0599,-2.6319,11.96,158697.02,7.99,90.93,-8.354,-0,-0.9999,134.24,124.22,145.61,25.01,Cornering,"Hoosier 43075 16x7.5-10 R20, 7 inch rim",12251
78.32,559.438,-4.52,133.67,-51.99,1.986,-6.78,6.5,-0.04,0.087,-2.5713,11.95,-98637.32,7.99,90.91,-8.311,-0,-1.0001,134.22,124.11,145.67,25,Cornering,"Hoosier 43075 16x7.5-10 R20, 7 inch rim",12252
78.31,559.448,-5.12,134.29,-53.35,1.992,-7.96,5.22,0.03,0.0959,-2.5173,11.97,158551.91,7.99,90.86,-8.257,-0,-0.9999,134.15,124.02,145.73,24.98,Cornering,"Hoosier 43075 16x7.5-10 R20, 7 inch rim",12253
78.28,559.458,-4.96,134.01,-54.15,1.989,-8.99,3.87,0.09,0.0917,-2.4749,12.04,43929.17,7.99,90.85,-8.227,-0,-0.9998,134.13,123.98,145.69,24.97,Cornering,"Hoosier 43075 16x7.5-10 R20, 7 inch rim",12254
78.3,559.468,-4.83,132.33,-54.82,1.989,-8.99,1.84,0.09,0.0882,-2.4139,12.12,43923.66,7.99,90.85,-8.184,-0,-0.9998,134.15,123.87,145.67,24.97,Cornering,"Hoosier 43075 16x7.5-10 R20, 7 inch rim",12255
78.33,559.478,-3.4,130.26,-54.04,1.998,-8.23,1.39,0.09,0.0629,-2.4104,12.14,43927.23,7.99,90.82,-8.151,-0,-0.9998,134.11,123.8,145.67,24.97,Cornering,"Hoosier 43075 16x7.5-10 R20, 7 inch rim",12256
78.29,559.488,-2.71,128.25,-52.54,1.989,-7.41,0.72,0.09,0.0517,-2.4411,12.11,43911.78,7.99,90.76,-8.105,-0,-0.9998,134.03,123.87,145.49,24.96,Cornering,"Hoosier 43075 16x7.5-10 R20, 7 inch rim",12257
78.29,559.498,-2.37,126.53,-50.8,1.982,-7.08,0.7,-0.11,0.0466,-2.491,12.06,-37587.2,7.99,90.72,-8.056,-0,-1.0002,133.98,123.91,145.45,24.96,Cornering,"Hoosier 43075 16x7.5-10 R20, 7 inch rim",12258
78.31,559.508,-2.71,126.47,-49.58,1.99,-6.22,0.89,0.09,0.0546,-2.551,12,43910.62,7.99,90.68,-8.021,-0,-0.9998,133.94,124,145.37,24.95,Cornering,"Hoosier 43075 16x7.5-10 R20, 7 inch rim",12259
78.32,559.518,-3.36,127.4,-48.86,1.986,-5.74,1.56,-0.04,0.0688,-2.6074,11.97,-98462.25,7.99,90.67,-7.996,-0,-1.0001,133.98,124.11,145.29,24.94,Cornering,"Hoosier 43075 16x7.5-10 R20, 7 inch rim",12260
78.28,559.528,-4.81,128.52,-48.81,1.976,-6.2,1.81,0.09,0.0985,-2.6333,11.99,43928.11,7.99,90.68,-7.952,-0,-0.9998,134.05,124.22,145.29,24.96,Cornering,"Hoosier 43075 16x7.5-10 R20, 7 inch rim",12261
78.29,559.538,-5.68,129.67,-49.8,2.002,-6.67,2.84,0.03,0.114,-2.6039,12.05,158609.89,7.99,90.68,-7.918,-0,-0.9999,134.15,124.22,145.31,24.97,Cornering,"Hoosier 43075 16x7.5-10 R20, 7 inch rim",12262
78.33,559.548,-6.13,130.81,-51.18,1.995,-7.44,3.72,0.03,0.1198,-2.5562,12.11,158732.3,7.99,90.7,-7.886,-0,-0.9999,134.05,124.22,145.33,24.98,Cornering,"Hoosier 43075 16x7.5-10 R20, 7 inch rim",12263
78.3,559.558,-5.58,131.91,-52.14,1.995,-9.04,4.95,-0.04,0.1071,-2.5298,12.15,-98658.95,7.99,90.72,-7.842,-0,-1.0001,133.94,124.13,145.43,24.98,Cornering,"Hoosier 43075 16x7.5-10 R20, 7 inch rim",12264
78.28,559.568,-4.35,132.98,-54.24,1.977,-8.53,5.63,0.03,0.0802,-2.4517,12.11,158686.67,7.99,90.75,-7.812,-0,-0.9999,133.9,124.04,145.43,24.97,Cornering,"Hoosier 43075 16x7.5-10 R20, 7 inch rim",12265
78.31,559.578,-2.48,132.95,-54.8,1.987,-8.53,6.7,-0.04,0.0453,-2.4263,12.03,-98583.68,7.99,90.75,-7.772,-0,-1.0001,133.77,123.93,145.39,24.96,Cornering,"Hoosier 43075 16x7.5-10 R20, 7 inch rim",12266
78.32,559.588,-0.2,131.54,-54.47,1.99,-8.26,7.54,0.03,0.0037,-2.4151,11.98,158602.84,7.99,90.76,-7.74,-0,-0.9999,133.75,123.93,145.29,24.96,Cornering,"Hoosier 43075 16x7.5-10 R20, 7 inch rim",12267
78.29,559.598,1.65,129.49,-53.35,1.992,-7.61,8.2,0.09,-0.031,-2.4273,11.97,43954.15,7.99,90.77,-7.701,-0,-0.9998,133.73,123.95,145.25,24.96,Cornering,"Hoosier 43075 16x7.5-10 R20, 7 inch rim",12268
78.29,559.608,3,127.96,-51.53,1.979,-6.72,8.79,0.03,-0.0583,-2.4831,12,158742.42,7.99,90.7,-7.661,-0,-0.9999,133.68,123.93,145.11,24.97,Cornering,"Hoosier 43075 16x7.5-10 R20, 7 inch rim",12269
78.32,559.618,3.21,126.61,-50.38,1.998,-5.7,9.26,0.09,-0.0637,-2.5129,12.06,44023.71,7.99,90.63,-7.62,-0,-0.9998,133.66,124,145.03,24.99,Cornering,"Hoosier 43075 16x7.5-10 R20, 7 inch rim",12270
78.3,559.628,2.79,126.64,-49,1.982,-5.39,9.85,0.03,-0.0569,-2.5847,12.16,159029.66,7.99,90.58,-7.581,-0,-0.9999,133.66,124.02,144.95,25.01,Cornering,"Hoosier 43075 16x7.5-10 R20, 7 inch rim",12271
78.29,559.638,2.04,126.9,-48.79,1.989,-6.18,10.53,-0.04,-0.0418,-2.6008,12.21,-98817.89,7.99,90.55,-7.548,-0,-1.0001,133.75,124.15,144.93,25,Cornering,"Hoosier 43075 16x7.5-10 R20, 7 inch rim",12272
78.31,559.648,0.57,127.98,-49.25,1.992,-6.56,10.62,-0.11,-0.0115,-2.5987,12.21,-37680.48,7.99,90.55,-7.495,-0,-1.0002,133.88,124.2,144.95,24.99,Cornering,"Hoosier 43075 16x7.5-10 R20, 7 inch rim",12273
78.33,559.658,-1.03,128.92,-50.27,1.995,-7.73,10.15,0.16,0.0204,-2.5648,12.16,25545.16,7.99,90.53,-7.435,-0,-0.9997,133.9,124.2,144.95,24.97,Cornering,"Hoosier 43075 16x7.5-10 R20, 7 inch rim",12274
78.29,559.668,-2.3,130.51,-51.84,1.995,-8.18,9.31,0.03,0.0444,-2.5176,12.04,158725.36,7.99,90.53,-7.402,-0,-0.9999,133.94,124.06,144.99,24.96,Cornering,"Hoosier 43075 16x7.5-10 R20, 7 inch rim",12275
78.3,559.678,-3.13,132.05,-53.08,2.004,-8.96,8.09,-0.11,0.0589,-2.4876,11.92,-37630.65,7.99,90.57,-7.361,-0,-1.0002,133.88,123.93,145.03,24.95,Cornering,"Hoosier 43075 16x7.5-10 R20, 7 inch rim",12276
78.32,559.688,-3.35,132.6,-54.41,1.993,-8.94,6.32,0.09,0.0616,-2.4372,11.89,43981.89,7.99,90.63,-7.321,-0,-0.9998,133.83,123.84,145.01,24.95,Cornering,"Hoosier 43075 16x7.5-10 R20, 7 inch rim",12277
78.3,559.698,-2.65,132.36,-54.31,1.98,-8.39,4.86,0.03,0.0488,-2.4371,11.93,158659.52,7.99,90.65,-7.275,-0,-0.9999,133.81,123.78,144.97,24.94,Cornering,"Hoosier 43075 16x7.5-10 R20, 7 inch rim",12278
78.29,559.708,-1.99,130.59,-54.07,1.996,-7.31,3.45,-0.04,0.0368,-2.4151,12,-98635.45,7.99,90.64,-7.232,-0,-1.0001,133.77,123.69,144.82,24.94,Cornering,"Hoosier 43075 16x7.5-10 R20, 7 inch rim",12279
78.3,559.718,-1.51,128.39,-52.41,1.993,-6.84,2.23,0.09,0.0289,-2.4499,12.1,43973.99,7.99,90.61,-7.19,-0,-0.9998,133.73,123.71,144.74,24.94,Cornering,"Hoosier 43075 16x7.5-10 R20, 7 inch rim",12280
78.33,559.728,-1.68,126.05,-50.77,1.986,-6.6,1.38,0.03,0.033,-2.4827,12.15,158817.06,7.99,90.61,-7.139,-0,-0.9999,133.66,123.73,144.64,24.96,Cornering,"Hoosier 43075 16x7.5-10 R20, 7 inch rim",12281
78.3,559.738,-2.46,124.78,-49.32,1.985,-6.45,0.81,0.09,0.0499,-2.5301,12.15,44011.85,7.99,90.63,-7.114,-0,-0.9998,133.64,123.76,144.56,24.96,Cornering,"Hoosier 43075 16x7.5-10 R20, 7 inch rim",12282
78.29,559.748,-3.44,124.25,-48.49,1.992,-6.87,1.06,0.09,0.0709,-2.5623,12.1,44005.93,7.99,90.66,-7.069,-0,-0.9998,133.73,123.82,144.48,24.95,Cornering,"Hoosier 43075 16x7.5-10 R20, 7 inch rim",12283
78.31,559.758,-4.41,124.85,-49,1.999,-7.14,1.79,-0.04,0.0901,-2.5477,12,-98722.33,7.99,90.69,-7.038,-0,-1.0001,133.83,123.91,144.5,24.95,Cornering,"Hoosier 43075 16x7.5-10 R20, 7 inch rim",12284
78.31,559.768,-5.65,126.29,-50.03,1.995,-7.05,2.31,0.09,0.113,-2.5242,11.97,44022.57,7.99,90.68,-7,-0,-0.9998,133.92,123.93,144.48,24.96,Cornering,"Hoosier 43075 16x7.5-10 R20, 7 inch rim",12285
78.29,559.778,-6.64,127.89,-51.12,1.987,-7.89,2.66,-0.04,0.1298,-2.5017,11.99,-98877.84,7.99,90.66,-6.953,-0,-1.0001,133.92,123.93,144.54,24.98,Cornering,"Hoosier 43075 16x7.5-10 R20, 7 inch rim",12286
78.3,559.788,-6.29,129.89,-52.49,1.999,-8.14,3.88,0.09,0.1198,-2.4748,12.06,44111.78,7.99,90.64,-6.92,-0,-0.9998,133.85,123.84,144.56,25,Cornering,"Hoosier 43075 16x7.5-10 R20, 7 inch rim",12287
78.33,559.798,-5.47,131.2,-53.56,1.989,-8.97,4.3,-0.04,0.1021,-2.4495,12.14,-99030.23,7.99,90.63,-6.881,-0,-1.0001,133.83,123.8,144.56,25.02,Cornering,"Hoosier 43075 16x7.5-10 R20, 7 inch rim",12288
78.3,559.808,-4.15,131.49,-53.95,1.996,-8.77,4.6,0.03,0.0769,-2.4373,12.18,159282.97,7.99,90.65,-6.849,-0,-0.9999,133.79,123.76,144.6,25.01,Cornering,"Hoosier 43075 16x7.5-10 R20, 7 inch rim",12289
78.28,559.818,-2.05,130.3,-54.39,1.992,-7.34,5.06,0.09,0.0377,-2.3956,12.17,44110.96,7.99,90.63,-6.816,-0,-0.9998,133.81,123.73,144.52,25,Cornering,"Hoosier 43075 16x7.5-10 R20, 7 inch rim",12290
78.32,559.828,-0.38,127.9,-52.94,2.001,-7.34,5.4,-0.04,0.0071,-2.4157,12.07,-98937.93,7.99,90.62,-6.771,-0,-1.0001,133.7,123.78,144.42,24.99,Cornering,"Hoosier 43075 16x7.5-10 R20, 7 inch rim",12291
78.32,559.838,1.53,125.58,-51.35,1.989,-7.2,6.43,-0.04,-0.0299,-2.4456,12,-98968.08,7.99,90.6,-6.735,-0,-1.0001,133.66,123.82,144.32,25,Cornering,"Hoosier 43075 16x7.5-10 R20, 7 inch rim",12292
78.29,559.848,2.37,123.29,-49.97,2.006,-7.62,7.45,0.03,-0.0474,-2.4671,11.97,159293.95,7.99,90.57,-6.702,-0,-0.9999,133.55,123.93,144.16,25.01,Cornering,"Hoosier 43075 16x7.5-10 R20, 7 inch rim",12293
78.3,559.858,2.36,123.03,-49.35,1.992,-6.67,8.35,0.09,-0.0478,-2.493,11.98,44156.38,7.99,90.52,-6.652,-0,-0.9998,133.55,124.11,144.02,25.01,Cornering,"Hoosier 43075 16x7.5-10 R20, 7 inch rim",12294
78.32,559.868,1.21,123.48,-48.94,1.99,-7.14,8.7,0.09,-0.0246,-2.5231,12.06,44169.76,7.99,90.51,-6.616,-0,-0.9998,133.64,124.2,143.92,25.02,Cornering,"Hoosier 43075 16x7.5-10 R20, 7 inch rim",12295
78.3,559.878,0.07,125.06,-49.55,1.989,-6.87,9.26,0.09,-0.0013,-2.524,12.15,44184.26,7.99,90.48,-6.567,-0,-0.9998,133.75,124.28,143.9,25.03,Cornering,"Hoosier 43075 16x7.5-10 R20, 7 inch rim",12296
78.29,559.888,-1.17,126.91,-50.62,1.996,-6.79,9.5,0.09,0.0231,-2.5072,12.17,44176.52,7.99,90.44,-6.539,-0,-0.9998,133.83,124.33,143.85,25.02,Cornering,"Hoosier 43075 16x7.5-10 R20, 7 inch rim",12297
78.3,559.898,-1.95,128.79,-51.5,1.998,-7.4,9.3,0.03,0.0379,-2.5008,12.14,159397.88,7.99,90.43,-6.49,-0,-0.9999,133.73,124.24,143.85,25.01,Cornering,"Hoosier 43075 16x7.5-10 R20, 7 inch rim",12298
78.31,559.908,-2.59,130.11,-52.74,1.986,-8.11,8.34,0.09,0.0491,-2.467,12.06,44143.84,7.99,90.43,-6.443,-0,-0.9998,133.68,124.17,143.85,25,Cornering,"Hoosier 43075 16x7.5-10 R20, 7 inch rim",12299
78.29,559.918,-2.39,130.61,-54.01,1.987,-8.06,7.13,-0.04,0.0442,-2.418,11.97,-98985.48,7.99,90.43,-6.411,-0,-1.0001,133.58,124.15,143.75,24.98,Cornering,"Hoosier 43075 16x7.5-10 R20, 7 inch rim",12300
78.3,559.928,-2.45,129.49,-54.02,1.996,-8.21,5.08,0.03,0.0454,-2.3969,11.97,159290.2,7.99,90.42,-6.36,-0,-0.9999,133.53,124.02,143.69,24.99,Cornering,"Hoosier 43075 16x7.5-10 R20, 7 inch rim",12301
78.32,559.938,-1.36,127.3,-53.92,2.001,-7.82,4.11,0.09,0.0252,-2.361,12,44123.79,7.99,90.42,-6.317,-0,-0.9998,133.51,124,143.63,24.98,Cornering,"Hoosier 43075 16x7.5-10 R20, 7 inch rim",12302
78.3,559.948,-0.72,124.64,-52.74,2.001,-7.43,3.05,0.03,0.0137,-2.3631,12.07,159239.7,7.99,90.4,-6.282,-0,-0.9999,133.47,124.04,143.57,24.98,Cornering,"Hoosier 43075 16x7.5-10 R20, 7 inch rim",12303
78.29,559.958,-0.65,122.88,-50.89,2.001,-7.53,2.38,0.03,0.0127,-2.4147,12.11,159217.73,7.99,90.4,-6.232,-0,-0.9999,133.45,124.02,143.47,24.97,Cornering,"Hoosier 43075 16x7.5-10 R20, 7 inch rim",12304
78.3,559.968,-0.97,121.94,-49.97,1.998,-6.84,2.21,0.03,0.0195,-2.4403,12.1,159152.34,7.99,90.42,-6.204,-0,-0.9999,133.47,124.04,143.43,24.96,Cornering,"Hoosier 43075 16x7.5-10 R20, 7 inch rim",12305
78.32,559.978,-2.33,121.94,-49.08,1.99,-7.16,2,0.09,0.0474,-2.4846,12.03,44106.21,7.99,90.42,-6.158,-0,-0.9998,133.49,124.11,143.41,24.96,Cornering,"Hoosier 43075 16x7.5-10 R20, 7 inch rim",12306
78.29,559.988,-4.07,123.03,-48.97,1.99,-6.72,1.71,0.03,0.0831,-2.5123,11.97,159142.77,7.99,90.42,-6.111,-0,-0.9999,133.64,124.26,143.37,24.96,Cornering,"Hoosier 43075 16x7.5-10 R20, 7 inch rim",12307
78.29,559.998,-5.21,124.46,-50.18,1.989,-6.65,2.26,0.16,0.1039,-2.4803,11.91,25597.8,7.99,90.45,-6.081,-0,-0.9997,133.7,124.26,143.41,24.96,Cornering,"Hoosier 43075 16x7.5-10 R20, 7 inch rim",12308
78.32,560.008,-5.95,126.31,-50.8,1.995,-7.11,2.81,0.03,0.1171,-2.4866,11.93,159163.95,7.99,90.53,-6.038,-0,-0.9999,133.7,124.24,143.49,24.96,Cornering,"Hoosier 43075 16x7.5-10 R20, 7 inch rim",12309
78.31,560.018,-5.92,127.27,-52.12,1.993,-7.82,3.51,-0.04,0.1136,-2.4418,11.98,-98992.62,7.99,90.57,-5.999,-0,-1.0001,133.66,124.17,143.53,24.97,Cornering,"Hoosier 43075 16x7.5-10 R20, 7 inch rim",12310
78.28,560.028,-4.82,128.28,-53.48,1.985,-8.46,3.99,-0.04,0.0901,-2.3986,12.08,-99043.42,7.99,90.63,-5.972,-0,-1.0001,133.64,124.04,143.55,24.98,Cornering,"Hoosier 43075 16x7.5-10 R20, 7 inch rim",12311
78.3,560.038,-3.77,127.95,-54.13,1.992,-9.12,3.93,0.03,0.0696,-2.3635,12.12,159345.38,7.99,90.67,-5.92,-0,-0.9999,133.58,124,143.53,24.98,Cornering,"Hoosier 43075 16x7.5-10 R20, 7 inch rim",12312
78.32,560.048,-2.25,126.26,-54.87,1.995,-7.8,3.77,-0.11,0.0411,-2.3012,12.12,-37758.82,7.99,90.73,-5.887,-0,-1.0002,133.62,124,143.47,24.96,Cornering,"Hoosier 43075 16x7.5-10 R20, 7 inch rim",12313
78.3,560.058,-0.89,123.78,-53.62,1.989,-7.69,3.79,0.03,0.0166,-2.3082,12.07,159183.39,7.99,90.75,-5.839,-0,-0.9999,133.6,123.93,143.33,24.95,Cornering,"Hoosier 43075 16x7.5-10 R20, 7 inch rim",12314
78.29,560.068,0.15,121.37,-51.56,1.995,-7.5,4.18,-0.04,-0.003,-2.3542,12.03,-98908.59,7.99,90.78,-5.823,-0,-1.0001,133.55,124.02,143.23,24.94,Cornering,"Hoosier 43075 16x7.5-10 R20, 7 inch rim",12315
78.32,560.078,0.74,119.75,-49.9,2.001,-6.9,4.99,-0.04,-0.0148,-2.3998,11.95,-98963.43,7.99,90.8,-5.771,-0,-1.0001,133.51,124.06,143.15,24.95,Cornering,"Hoosier 43075 16x7.5-10 R20, 7 inch rim",12316
78.31,560.088,1.28,119.33,-48.93,1.986,-6.27,6.63,0.03,-0.0262,-2.4387,11.96,159432.61,7.99,90.82,-5.74,-0,-0.9999,133.53,124.17,143.05,24.98,Cornering,"Hoosier 43075 16x7.5-10 R20, 7 inch rim",12317
78.28,560.098,0.34,120.23,-48.28,1.987,-6.21,7.26,0.09,-0.0071,-2.4902,12,44235.38,7.99,90.86,-5.687,-0,-0.9998,133.62,124.26,142.97,25.01,Cornering,"Hoosier 43075 16x7.5-10 R20, 7 inch rim",12318
78.3,560.108,-0.73,121.28,-48.69,1.996,-6.51,7.97,0.03,0.015,-2.4907,12.08,159717.64,7.99,90.88,-5.644,-0,-0.9999,133.7,124.39,142.97,25.03,Cornering,"Hoosier 43075 16x7.5-10 R20, 7 inch rim",12319
78.32,560.118,-1.72,123.01,-49.94,1.999,-6.39,8.37,0.03,0.0344,-2.4629,12.11,159689.52,7.99,90.91,-5.611,-0,-0.9999,133.75,124.31,142.95,25.02,Cornering,"Hoosier 43075 16x7.5-10 R20, 7 inch rim",12320
78.3,560.128,-2.59,124.11,-50.76,1.998,-8.13,8.13,0.09,0.0511,-2.4451,12.09,44213.48,7.99,90.94,-5.568,-0,-0.9998,133.7,124.26,143.01,25,Cornering,"Hoosier 43075 16x7.5-10 R20, 7 inch rim",12321
78.28,560.138,-3.13,124.94,-52.74,1.996,-8.42,7.25,0.16,0.0594,-2.3689,12.05,25652.12,7.99,90.93,-5.529,-0,-0.9997,133.58,124.13,143.09,24.98,Cornering,"Hoosier 43075 16x7.5-10 R20, 7 inch rim",12322
78.31,560.148,-3.06,125.91,-54.34,1.999,-7.78,6.11,0.09,0.0563,-2.317,11.96,44178.86,7.99,90.95,-5.481,-0,-0.9998,133.6,123.95,143.01,24.97,Cornering,"Hoosier 43075 16x7.5-10 R20, 7 inch rim",12323
78.32,560.158,-2.39,124.99,-54,1.995,-8.56,4.79,0.09,0.0442,-2.3145,11.92,44171.7,7.99,90.95,-5.438,-0,-0.9998,133.53,123.95,142.99,24.97,Cornering,"Hoosier 43075 16x7.5-10 R20, 7 inch rim",12324
78.29,560.168,-1.45,123.13,-53.47,1.992,-8.48,3.66,0.09,0.0271,-2.3027,11.95,44164.42,7.99,90.92,-5.396,-0,-0.9998,133.47,123.95,142.88,24.96,Cornering,"Hoosier 43075 16x7.5-10 R20, 7 inch rim",12325
78.29,560.178,-0.18,121.2,-52.07,1.999,-8.25,3.38,0.03,0.0034,-2.3278,11.99,159346.28,7.99,90.89,-5.367,-0,-0.9999,133.43,123.95,142.8,24.96,Cornering,"Hoosier 43075 16x7.5-10 R20, 7 inch rim",12326
78.32,560.188,-0.29,119.74,-51.05,1.977,-6.43,2.58,0.09,0.0056,-2.3454,12.11,44159.94,7.99,90.89,-5.314,-0,-0.9998,133.32,123.98,142.68,24.96,Cornering,"Hoosier 43075 16x7.5-10 R20, 7 inch rim",12327
78.3,560.198,-0.49,119.01,-49.28,1.99,-6.31,2.72,0.03,0.01,-2.415,12.19,159369.17,7.99,90.85,-5.277,-0,-0.9999,133.34,124,142.58,24.96,Cornering,"Hoosier 43075 16x7.5-10 R20, 7 inch rim",12328
78.28,560.208,-1.47,118.83,-48.91,1.993,-5.82,2.94,0.03,0.0301,-2.4297,12.21,159452.89,7.99,90.8,-5.239,-0,-0.9999,133.32,124.09,142.46,24.97,Cornering,"Hoosier 43075 16x7.5-10 R20, 7 inch rim",12329
78.31,560.218,-3.03,119.18,-48.53,1.982,-6.34,2.97,0.03,0.0624,-2.4558,12.16,159574.28,7.99,90.79,-5.197,-0,-0.9999,133.43,124.11,142.44,24.98,Cornering,"Hoosier 43075 16x7.5-10 R20, 7 inch rim",12330
78.32,560.228,-4.5,120.07,-49.19,1.993,-7.03,3.09,0.03,0.0915,-2.4408,12.06,159547.16,7.99,90.77,-5.157,-0,-0.9999,133.49,124.26,142.44,24.98,Cornering,"Hoosier 43075 16x7.5-10 R20, 7 inch rim",12331
78.28,560.238,-5.38,120.86,-50.32,1.995,-8.01,3.5,0.09,0.107,-2.4019,11.97,44214.58,7.99,90.78,-5.117,-0,-0.9998,133.51,124.2,142.4,24.98,Cornering,"Hoosier 43075 16x7.5-10 R20, 7 inch rim",12332
78.3,560.248,-5.82,122.01,-52.02,1.989,-8.48,3.44,0.09,0.1118,-2.3453,11.94,44195.99,7.99,90.78,-5.088,-0,-0.9998,133.4,124.09,142.46,24.97,Cornering,"Hoosier 43075 16x7.5-10 R20, 7 inch rim",12333
78.33,560.258,-4.74,122.95,-53.74,1.998,-8.48,4.11,0.09,0.0883,-2.288,11.96,44188.79,7.99,90.79,-5.042,-0,-0.9998,133.3,123.95,142.44,24.96,Cornering,"Hoosier 43075 16x7.5-10 R20, 7 inch rim",12334
78.3,560.268,-3.88,122.93,-54.52,2.008,-8.57,3.7,-0.04,0.0713,-2.2549,12.03,-99292.67,7.99,90.79,-5.007,-0,-1.0001,133.27,124,142.4,25,Cornering,"Hoosier 43075 16x7.5-10 R20, 7 inch rim",12335
78.29,560.278,-2.5,121.74,-54.28,1.996,-8.25,3.25,0.03,0.046,-2.2428,12.11,159851.64,7.99,90.78,-4.969,-0,-1,133.25,123.89,142.36,25.02,Cornering,"Hoosier 43075 16x7.5-10 R20, 7 inch rim",12336
78.31,560.288,-1.04,119.73,-53.15,1.99,-7.41,3.27,-0.04,0.0196,-2.2528,12.16,-99302.17,7.99,90.79,-4.942,-0,-1.0001,133.23,123.93,142.28,25,Cornering,"Hoosier 43075 16x7.5-10 R20, 7 inch rim",12337
78.33,560.298,-0.15,117.53,-51.57,1.989,-6.6,3.51,0.03,0.0029,-2.279,12.12,159609.91,7.99,90.83,-4.895,-0,-0.9999,133.21,123.91,142.2,24.98,Cornering,"Hoosier 43075 16x7.5-10 R20, 7 inch rim",12338
78.29,560.308,0.65,115.74,-49.34,1.992,-6.9,4.25,0.09,-0.0133,-2.3456,12.06,44169.97,7.99,90.86,-4.859,-0,-0.9998,133.12,124,142.12,24.94,Cornering,"Hoosier 43075 16x7.5-10 R20, 7 inch rim",12339
78.29,560.318,1.05,114.82,-48.9,1.989,-5.81,5.81,0.09,-0.0215,-2.3481,12,44162.27,7.99,90.92,-4.819,-0,-0.9998,133.12,124.13,141.98,24.94,Cornering,"Hoosier 43075 16x7.5-10 R20, 7 inch rim",12340
78.32,560.328,0.4,114.78,-48.23,1.99,-6.43,6.82,-0.04,-0.0082,-2.3801,11.97,-99164.29,7.99,90.94,-4.78,-0,-1.0001,133.15,124.22,141.96,24.96,Cornering,"Hoosier 43075 16x7.5-10 R20, 7 inch rim",12341
78.31,560.338,-0.52,115.06,-49.04,2.002,-6.64,7.7,0.03,0.0105,-2.3464,12.02,159720.75,7.99,91,-4.735,-0,-0.9999,133.25,124.24,141.98,24.99,Cornering,"Hoosier 43075 16x7.5-10 R20, 7 inch rim",12342
78.28,560.348,-2.03,116.2,-49.76,1.993,-7.12,7.83,-0.04,0.0407,-2.3351,12.08,-99428.85,7.99,91,-4.7,-0,-1.0001,133.25,124.26,142.02,25.03,Cornering,"Hoosier 43075 16x7.5-10 R20, 7 inch rim",12343
78.3,560.358,-2.87,117.49,-51,1.987,-8.01,7.8,-0.04,0.0563,-2.3036,12.12,-99458.82,7.99,90.96,-4.65,-0,-1.0001,133.19,124.15,142.02,25.03,Cornering,"Hoosier 43075 16x7.5-10 R20, 7 inch rim",12344
78.32,560.368,-3.2,118.45,-52.3,1.987,-8.61,7.18,-0.04,0.0611,-2.2646,12.14,-99439.14,7.99,90.9,-4.626,-0,-1.0001,133.15,124,142.04,25.03,Cornering,"Hoosier 43075 16x7.5-10 R20, 7 inch rim",12345
78.3,560.378,-3.18,119.14,-53.87,1.985,-7.98,5.91,0.03,0.059,-2.2114,12.08,159794.58,7.99,90.89,-4.569,-0,-0.9999,133.1,123.93,141.94,25,Cornering,"Hoosier 43075 16x7.5-10 R20, 7 inch rim",12346
78.28,560.388,-2.73,118.61,-53.91,2.001,-7.81,4.41,0.03,0.0506,-2.2003,12.03,159764.95,7.99,90.88,-4.534,-0,-0.9999,133.06,123.95,141.87,24.99,Cornering,"Hoosier 43075 16x7.5-10 R20, 7 inch rim",12347
78.32,560.398,-1.64,116.77,-53.09,1.99,-8.08,3.39,0.09,0.0308,-2.1994,11.95,44274.35,7.99,90.85,-4.498,-0,-0.9998,133.02,123.95,141.75,24.99,Cornering,"Hoosier 43075 16x7.5-10 R20, 7 inch rim",12348
78.31,560.408,-0.88,114.71,-52.04,1.996,-6.97,2.58,-0.04,0.017,-2.2041,11.96,-99348.37,7.99,90.82,-4.444,-0,-1.0001,132.95,124.04,141.61,25,Cornering,"Hoosier 43075 16x7.5-10 R20, 7 inch rim",12349
78.28,560.418,-0.4,112.51,-50.07,1.992,-6.91,2.52,-0.04,0.0081,-2.2468,12.03,-99330.76,7.99,90.79,-4.402,-0,-1.0001,132.82,124.06,141.49,24.99,Cornering,"Hoosier 43075 16x7.5-10 R20, 7 inch rim",12350
78.3,560.428,-0.2,111.08,-49.05,1.993,-6.25,2.91,-0.04,0.0041,-2.2644,12.11,-99336.31,7.99,90.77,-4.359,-0,-1.0001,132.8,124.17,141.43,24.99,Cornering,"Hoosier 43075 16x7.5-10 R20, 7 inch rim",12351
78.33,560.438,-1.23,110.39,-47.57,1.996,-7.23,3.02,0.03,0.0259,-2.3207,12.18,159807.52,7.99,90.75,-4.332,-0,-0.9999,132.89,124.22,141.31,24.99,Cornering,"Hoosier 43075 16x7.5-10 R20, 7 inch rim",12352
78.3,560.448,-2.38,110.71,-48.33,2.001,-6.29,3.41,0.03,0.0492,-2.2906,12.19,159744.52,7.99,90.72,-4.278,-0,-0.9999,132.93,124.28,141.27,24.98,Cornering,"Hoosier 43075 16x7.5-10 R20, 7 inch rim",12353
78.29,560.458,-4.25,111.35,-48.61,1.996,-6.96,3.19,-0.04,0.0875,-2.2909,12.14,-99258.88,7.99,90.7,-4.243,-0,-1.0001,132.95,124.33,141.29,24.97,Cornering,"Hoosier 43075 16x7.5-10 R20, 7 inch rim",12354
78.3,560.468,-5.13,112.35,-49.69,1.986,-7.41,3.55,-0.04,0.1033,-2.261,12.04,-99241.36,7.99,90.71,-4.199,-0,-1.0001,132.89,124.26,141.27,24.96,Cornering,"Hoosier 43075 16x7.5-10 R20, 7 inch rim",12355
78.32,560.478,-5.41,113.45,-50.95,1.989,-7.79,3.69,-0.04,0.1062,-2.2268,11.99,-99222.73,7.99,90.72,-4.163,-0,-1.0001,132.82,124.11,141.33,24.96,Cornering,"Hoosier 43075 16x7.5-10 R20, 7 inch rim",12356
78.29,560.488,-4.74,114.29,-52.54,1.985,-7.98,3.69,0.03,0.0902,-2.1753,11.97,159554,7.99,90.73,-4.117,-0,-0.9999,132.72,124,141.27,24.94,Cornering,"Hoosier 43075 16x7.5-10 R20, 7 inch rim",12357
78.29,560.498,-3.93,114.09,-53.5,2.001,-8.24,3.18,-0.04,0.0735,-2.1326,12.04,-99185.85,7.99,90.69,-4.087,-0,-1.0001,132.74,123.93,141.25,24.94,Cornering,"Hoosier 43075 16x7.5-10 R20, 7 inch rim",12358
78.32,560.508,-2.39,113.02,-53.24,1.998,-7.83,2.91,-0.11,0.045,-2.1229,12.12,-37844.14,7.99,90.68,-4.053,-0,-1.0002,132.67,123.89,141.15,24.95,Cornering,"Hoosier 43075 16x7.5-10 R20, 7 inch rim",12359
78.3,560.518,-1.37,110.87,-51.89,1.985,-7.74,2.39,0.09,0.0264,-2.1368,12.17,44229.54,7.99,90.68,-4.014,-0,-0.9998,132.63,123.91,141.01,24.95,Cornering,"Hoosier 43075 16x7.5-10 R20, 7 inch rim",12360
78.27,560.528,-0.45,108.62,-50.66,1.996,-6.97,2.58,-0.04,0.0088,-2.144,12.16,-99267.92,7.99,90.66,-3.979,-0,-1.0001,132.67,124.02,140.9,24.96,Cornering,"Hoosier 43075 16x7.5-10 R20, 7 inch rim",12361
78.3,560.538,0.29,106.75,-48.89,1.989,-6.69,3.48,0.09,-0.006,-2.1833,12.09,44243.99,7.99,90.67,-3.934,-0,-0.9998,132.65,124.04,140.78,24.96,Cornering,"Hoosier 43075 16x7.5-10 R20, 7 inch rim",12362
78.32,560.548,0.26,105.65,-47.65,1.985,-6.47,4.53,0.03,-0.0054,-2.2171,12.03,159631.06,7.99,90.65,-3.907,-0,-0.9999,132.67,124.15,140.68,24.95,Cornering,"Hoosier 43075 16x7.5-10 R20, 7 inch rim",12363
78.29,560.558,-0.3,105.3,-47.62,1.992,-6.02,5.9,0.03,0.0064,-2.2114,12.02,159529.8,7.99,90.67,-3.853,-0,-0.9999,132.82,124.24,140.56,24.93,Cornering,"Hoosier 43075 16x7.5-10 R20, 7 inch rim",12364
78.29,560.568,-1.34,105.8,-47.89,1.985,-5.99,6.78,0.03,0.028,-2.2095,12.06,159610.45,7.99,90.66,-3.817,-0,-0.9999,132.93,124.31,140.6,24.94,Cornering,"Hoosier 43075 16x7.5-10 R20, 7 inch rim",12365
78.32,560.578,-2.07,106.27,-49.01,1.99,-6.44,7.68,-0.04,0.0422,-2.1684,12.14,-99244.84,7.99,90.66,-3.777,-0,-1.0001,132.93,124.39,140.62,24.95,Cornering,"Hoosier 43075 16x7.5-10 R20, 7 inch rim",12366
78.3,560.588,-2.78,106.77,-49.91,1.985,-7.41,7.88,0.03,0.0557,-2.1391,12.19,159735.53,7.99,90.66,-3.739,-0,-0.9999,132.82,124.31,140.66,24.96,Cornering,"Hoosier 43075 16x7.5-10 R20, 7 inch rim",12367
78.28,560.598,-3.14,107.66,-51.48,2.002,-7.76,7.43,0.03,0.061,-2.0915,12.19,159818.27,7.99,90.61,-3.691,-0,-0.9999,132.85,124.22,140.68,24.97,Cornering,"Hoosier 43075 16x7.5-10 R20, 7 inch rim",12368
78.3,560.608,-2.9,107.73,-52.62,1.993,-8.26,6.39,0.23,0.0552,-2.0472,12.13,18108.3,7.99,90.62,-3.649,-0,-0.9996,132.74,124.11,140.68,24.97,Cornering,"Hoosier 43075 16x7.5-10 R20, 7 inch rim",12369
78.33,560.618,-2.76,107,-53.09,1.987,-8.16,4.54,0.03,0.052,-2.0155,12.06,159718.61,7.99,90.65,-3.623,-0,-0.9999,132.67,124.09,140.56,24.96,Cornering,"Hoosier 43075 16x7.5-10 R20, 7 inch rim",12370
78.29,560.628,-1.98,104.92,-52.47,1.999,-8.13,3.64,-0.04,0.0377,-1.9995,11.99,-99290.13,7.99,90.73,-3.571,-0,-1.0001,132.61,124.09,140.48,24.96,Cornering,"Hoosier 43075 16x7.5-10 R20, 7 inch rim",12371
78.28,560.638,-1.05,103.06,-50.99,1.992,-7.29,3.13,-0.04,0.0206,-2.0212,11.98,-99294.16,7.99,90.75,-3.532,-0,-1.0001,132.52,124.13,140.4,24.96,Cornering,"Hoosier 43075 16x7.5-10 R20, 7 inch rim",12372
78.32,560.648,-1,101.13,-49.41,2.001,-6.36,2.6,0.09,0.0203,-2.0467,12.01,44276.24,7.99,90.75,-3.482,-0,-0.9998,132.46,124.13,140.32,24.96,Cornering,"Hoosier 43075 16x7.5-10 R20, 7 inch rim",12373
78.31,560.658,-1.2,99.38,-47.89,2.001,-6.33,2.7,-0.04,0.025,-2.0752,12.06,-99417.98,7.99,90.75,-3.449,-0,-1.0001,132.4,124.17,140.22,24.98,Cornering,"Hoosier 43075 16x7.5-10 R20, 7 inch rim",12374
78.29,560.668,-1.86,98.9,-47.26,2.001,-5.79,3.19,0.03,0.0393,-2.0925,12.12,159976.39,7.99,90.78,-3.412,-0,-1,132.46,124.31,140.16,24.99,Cornering,"Hoosier 43075 16x7.5-10 R20, 7 inch rim",12375
78.3,560.678,-2.98,99.1,-47.06,1.989,-5.61,3.74,-0.04,0.0633,-2.1056,12.09,-99450.19,7.99,90.78,-3.357,-0,-1.0001,132.52,124.35,140.08,24.99,Cornering,"Hoosier 43075 16x7.5-10 R20, 7 inch rim",12376
78.33,560.688,-4.17,99.25,-47.48,1.99,-6.53,4.21,0.09,0.0878,-2.0904,12.07,44324.19,7.99,90.8,-3.329,-0,-0.9998,132.57,124.42,140.06,24.98,Cornering,"Hoosier 43075 16x7.5-10 R20, 7 inch rim",12377
78.3,560.698,-4.95,99.55,-48.48,1.995,-7.37,4.66,0.03,0.1021,-2.0536,12.01,160032.52,7.99,90.82,-3.291,-0,-1,132.55,124.37,140.04,25,Cornering,"Hoosier 43075 16x7.5-10 R20, 7 inch rim",12378
78.28,560.708,-5.34,99.89,-49.96,1.995,-8.47,4.55,0.09,0.1069,-1.9996,11.97,44369.31,7.99,90.83,-3.235,-0,-0.9998,132.44,124.2,140.04,25.01,Cornering,"Hoosier 43075 16x7.5-10 R20, 7 inch rim",12379
78.31,560.718,-5.21,100.01,-52,1.982,-8.58,3.78,-0.04,0.1002,-1.9234,12,-99648.12,7.99,90.84,-3.218,-0,-1.0001,132.4,124.11,140.02,25.04,Cornering,"Hoosier 43075 16x7.5-10 R20, 7 inch rim",12380
78.32,560.728,-4.06,99.68,-53,1.995,-8.24,3.46,0.03,0.0766,-1.8808,12.03,160274.38,7.99,90.86,-3.165,-0,-1,132.37,124.09,139.95,25.03,Cornering,"Hoosier 43075 16x7.5-10 R20, 7 inch rim",12381
78.28,560.738,-2.46,98.62,-52.39,1.986,-7.96,3.28,0.09,0.0469,-1.8823,12.07,44404.57,7.99,90.87,-3.129,-0,-0.9998,132.27,124.13,139.83,25.03,Cornering,"Hoosier 43075 16x7.5-10 R20, 7 inch rim",12382
78.3,560.748,-1.22,96.71,-51.1,1.99,-7.31,3.08,0.09,0.0238,-1.8924,12.11,44375.62,7.99,90.88,-3.082,-0,-0.9998,132.16,124.15,139.75,25.01,Cornering,"Hoosier 43075 16x7.5-10 R20, 7 inch rim",12383
78.32,560.758,0.01,94.66,-49.33,1.989,-6.35,3.5,0.03,-0.0003,-1.9188,12.06,160143.28,7.99,90.86,-3.046,-0,-1,132.12,124.24,139.63,25.01,Cornering,"Hoosier 43075 16x7.5-10 R20, 7 inch rim",12384
78.3,560.768,0.35,92.73,-47.4,1.992,-6.42,4.14,-0.04,-0.0074,-1.9562,11.99,-99575.16,7.99,90.84,-3.006,-0,-1.0001,132.07,124.33,139.49,25.01,Cornering,"Hoosier 43075 16x7.5-10 R20, 7 inch rim",12385
78.27,560.778,0.25,91.84,-46.62,1.98,-5.42,5.04,-0.04,-0.0055,-1.9698,11.92,-99600.98,7.99,90.84,-2.975,-0,-1.0001,132.07,124.42,139.41,25.02,Cornering,"Hoosier 43075 16x7.5-10 R20, 7 inch rim",12386
78.31,560.788,-0.43,91.31,-46.17,1.989,-5.81,6.19,0.03,0.0093,-1.9778,11.93,160159.97,7.99,90.82,-2.928,-0,-1,132.16,124.57,139.35,25.01,Cornering,"Hoosier 43075 16x7.5-10 R20, 7 inch rim",12387
78.32,560.798,-1.67,90.65,-46.9,2.001,-6.48,6.9,0.03,0.0356,-1.9327,11.97,160090.23,7.99,90.85,-2.895,-0,-1,132.25,124.57,139.37,25,Cornering,"Hoosier 43075 16x7.5-10 R20, 7 inch rim",12388
