AmbientRoomTemperature,ElapsedTime,LongitudinalForce,LateralForce,NormalForce,InclinationAngle,OverturningMoment,AligningTorque,WheelRotationalSpeed,NormalizedLongitudinalForce(FX/FZ),NormalizedLateralForce(FY/FZ),TirePressure,EffectiveRadius,LoadedRadius,RoadSurfaceTemperature,SlipAngle,SlipRatioTextbook,SlipRatioBasedOnRL,TireSurfaceTemperature-Center,TireSurfaceTemperature-Inboard,TireSurfaceTemperature-Outboard,RoadSpeed,testid,tireid,Index
78.61,1054.984,-4.75,-97.02,-103.58,0.01,-1.72,9.21,0.03,0.0459,0.9367,9.85,160317.47,7.8,93.61,1.007,-0,-1,121.39,122.79,124.8,25.01,Cornering,"Hoosier 43075 16x7.5-10 R20, 7 inch rim",27433
78.6,1054.995,-4.87,-101.08,-104.66,0.01,-2.89,10.91,0.09,0.0466,0.9658,9.85,44404.16,7.8,93.6,1.042,-0,-0.9998,121.43,122.72,124.86,25,Cornering,"Hoosier 43075 16x7.5-10 R20, 7 inch rim",27434
78.58,1055.005,-4.17,-104.64,-107.32,0.004,-2.04,12.54,0.09,0.0389,0.975,9.85,44362.18,7.8,93.6,1.088,-0,-0.9998,121.45,122.66,124.94,24.97,Cornering,"Hoosier 43075 16x7.5-10 R20, 7 inch rim",27435
78.61,1055.015,-2.86,-108.35,-109.46,-0.002,-1.48,13.57,0.03,0.0261,0.9899,9.86,160050.91,7.8,93.58,1.112,-0,-1,121.39,122.63,124.98,24.97,Cornering,"Hoosier 43075 16x7.5-10 R20, 7 inch rim",27436
78.62,1055.025,-1.83,-111.76,-111.05,-0.002,-0.72,13.4,0.09,0.0165,1.0064,9.86,44350.75,7.8,93.57,1.151,-0,-0.9998,121.37,122.61,125.02,24.97,Cornering,"Hoosier 43075 16x7.5-10 R20, 7 inch rim",27437
78.58,1055.035,-0.43,-114.55,-110.61,-0,-0.58,13,0.03,0.0039,1.0357,9.84,160157.23,7.8,93.53,1.189,-0,-1,121.32,122.52,125.08,24.98,Cornering,"Hoosier 43075 16x7.5-10 R20, 7 inch rim",27438
78.59,1055.045,0.82,-116.88,-108.66,0.004,-1.04,12.47,0.09,-0.0076,1.0757,9.86,44431.63,7.8,93.5,1.229,-0,-0.9998,121.3,122.59,125.04,25.01,Cornering,"Hoosier 43075 16x7.5-10 R20, 7 inch rim",27439
78.62,1055.055,0.98,-118.4,-105.74,0.001,-1.68,11.26,-0.04,-0.0092,1.1198,9.85,-99668.79,7.8,93.49,1.278,-0,-1.0001,121.26,122.59,125,25.01,Cornering,"Hoosier 43075 16x7.5-10 R20, 7 inch rim",27440
78.6,1055.065,1.41,-118.85,-103.12,0.004,-0.89,11.29,0.03,-0.0136,1.1525,9.87,160296.75,7.8,93.47,1.317,-0,-1,121.17,122.59,124.98,25.01,Cornering,"Hoosier 43075 16x7.5-10 R20, 7 inch rim",27441
78.58,1055.074,0.77,-120.58,-101.42,0.012,-1.14,11.22,0.09,-0.0076,1.1889,9.86,44367.02,7.8,93.46,1.368,-0,-0.9998,121.09,122.61,125.02,24.98,Cornering,"Hoosier 43075 16x7.5-10 R20, 7 inch rim",27442
78.6,1055.084,-0.87,-122.44,-100.88,0.013,-0.76,11.14,0.23,0.0086,1.2137,9.87,18123.07,7.8,93.45,1.403,-0,-0.9996,121.07,122.61,125.06,24.96,Cornering,"Hoosier 43075 16x7.5-10 R20, 7 inch rim",27443
78.62,1055.094,-3.05,-124.46,-101.19,0.013,-0.06,10.83,-0.04,0.0301,1.2299,9.88,-99453.02,7.8,93.44,1.444,-0,-1.0001,121.13,122.61,125.12,24.96,Cornering,"Hoosier 43075 16x7.5-10 R20, 7 inch rim",27444
78.58,1055.104,-4.9,-128.02,-102.23,0.007,-0.66,10.47,0.09,0.0479,1.2522,9.87,44333.61,7.81,93.41,1.483,-0,-0.9998,121.17,122.59,125.22,24.96,Cornering,"Hoosier 43075 16x7.5-10 R20, 7 inch rim",27445
78.59,1055.115,-5.65,-131.58,-104.6,0.001,-0.21,10.44,0.09,0.054,1.2579,9.88,44353.2,7.81,93.4,1.526,-0,-0.9998,121.2,122.59,125.32,24.97,Cornering,"Hoosier 43075 16x7.5-10 R20, 7 inch rim",27446
78.61,1055.125,-5.38,-135.36,-106.7,0.013,-0.24,10.48,0.09,0.0505,1.2686,9.89,44352.21,7.81,93.41,1.567,-0,-0.9998,121.17,122.61,125.38,24.97,Cornering,"Hoosier 43075 16x7.5-10 R20, 7 inch rim",27447
78.6,1055.135,-4.26,-139.35,-108.19,-0,-0.52,10.27,0.09,0.0394,1.2881,9.88,44351.31,7.81,93.43,1.604,-0,-0.9998,121.22,122.57,125.45,24.97,Cornering,"Hoosier 43075 16x7.5-10 R20, 7 inch rim",27448
78.58,1055.145,-2.76,-142.29,-108.65,-0.002,-0.25,9.88,0.03,0.0254,1.3096,9.88,159935.62,7.81,93.44,1.642,-0,-1,121.17,122.57,125.51,24.96,Cornering,"Hoosier 43075 16x7.5-10 R20, 7 inch rim",27449
78.6,1055.155,-1.6,-144.31,-106.98,0.003,-0.75,9.01,0.09,0.015,1.3489,9.87,44318.53,7.81,93.46,1.68,-0,-0.9998,121.13,122.59,125.57,24.96,Cornering,"Hoosier 43075 16x7.5-10 R20, 7 inch rim",27450
78.62,1055.165,-1.12,-144.77,-104.68,0.007,-0.39,7.99,0.03,0.0107,1.383,9.88,160039.12,7.81,93.47,1.728,-0,-1,121.13,122.55,125.53,24.97,Cornering,"Hoosier 43075 16x7.5-10 R20, 7 inch rim",27451
78.59,1055.175,-0.6,-144.43,-101.93,0.007,0.07,7.7,0.09,0.0059,1.4171,9.88,44368.18,7.81,93.45,1.751,-0,-0.9998,121.09,122.5,125.49,24.98,Cornering,"Hoosier 43075 16x7.5-10 R20, 7 inch rim",27452
78.58,1055.184,-0.45,-144.12,-98.85,0.009,-0.65,8.17,0.09,0.0045,1.4579,9.89,44366.83,7.81,93.46,1.801,-0,-0.9998,121.05,122.5,125.53,24.98,Cornering,"Hoosier 43075 16x7.5-10 R20, 7 inch rim",27453
78.61,1055.194,-1.49,-144.36,-97.76,-0.006,0.17,8.54,0.09,0.0152,1.4767,9.88,44355.71,7.81,93.46,1.831,-0,-0.9998,121.05,122.52,125.53,24.98,Cornering,"Hoosier 43075 16x7.5-10 R20, 7 inch rim",27454
78.6,1055.204,-3.02,-145.96,-98.05,0.007,0.64,9.05,0.09,0.0308,1.4886,9.9,44364.73,7.81,93.47,1.877,-0,-0.9998,121.09,122.55,125.67,24.98,Cornering,"Hoosier 43075 16x7.5-10 R20, 7 inch rim",27455
78.58,1055.214,-4.52,-148.91,-98.98,0.003,0.27,9.7,0.23,0.0457,1.5044,9.9,18134.55,7.81,93.5,1.921,-0,-0.9996,121.13,122.59,125.71,24.98,Cornering,"Hoosier 43075 16x7.5-10 R20, 7 inch rim",27456
78.6,1055.224,-4.54,-152.98,-101.52,0.009,0.33,11.14,0.09,0.0447,1.5069,9.89,44351.67,7.81,93.55,1.972,-0,-0.9998,121.15,122.63,125.79,24.98,Cornering,"Hoosier 43075 16x7.5-10 R20, 7 inch rim",27457
78.62,1055.234,-3.86,-156.85,-103.57,0.001,0.21,12.23,0.09,0.0372,1.5144,9.91,44361.02,7.81,93.66,2.004,-0,-0.9998,121.11,122.61,125.83,24.98,Cornering,"Hoosier 43075 16x7.5-10 R20, 7 inch rim",27458
78.59,1055.245,-2.4,-160.93,-105.53,0.009,-0.34,12.91,-0.04,0.0228,1.5249,9.91,-99463.77,7.81,93.64,2.043,-0,-1.0001,121.09,122.61,125.89,24.97,Cornering,"Hoosier 43075 16x7.5-10 R20, 7 inch rim",27459
78.58,1055.255,-1.01,-164.04,-106.41,0.01,-0.35,12.82,0.09,0.0095,1.5415,9.9,44317.11,7.81,93.61,2.094,-0,-0.9998,121.07,122.61,125.95,24.96,Cornering,"Hoosier 43075 16x7.5-10 R20, 7 inch rim",27460
78.61,1055.265,0.32,-165.22,-105.33,-0.003,-0.26,12.22,0.09,-0.0031,1.5685,9.89,44305.69,7.81,93.6,2.13,-0,-0.9998,121.05,122.57,126.01,24.96,Cornering,"Hoosier 43075 16x7.5-10 R20, 7 inch rim",27461
78.61,1055.275,1.08,-165.1,-102.64,0.013,-0.87,11.3,0.09,-0.0105,1.6085,9.9,44324.62,7.81,93.6,2.181,-0,-0.9998,121.02,122.59,126.03,24.97,Cornering,"Hoosier 43075 16x7.5-10 R20, 7 inch rim",27462
78.58,1055.285,1.63,-163.63,-99.72,-0.002,-0.39,10.51,0.03,-0.0163,1.6408,9.91,159949.53,7.81,93.6,2.22,-0,-1,120.96,122.55,126.03,24.97,Cornering,"Hoosier 43075 16x7.5-10 R20, 7 inch rim",27463
78.59,1055.295,1.25,-162.06,-97.54,0.001,0.47,10.13,0.03,-0.0128,1.6615,9.91,160092.75,7.81,93.59,2.265,-0,-1,120.92,122.5,126.01,24.99,Cornering,"Hoosier 43075 16x7.5-10 R20, 7 inch rim",27464
78.62,1055.304,0.06,-162.05,-95.97,0.001,0.5,9.79,0.09,-0.0007,1.6887,9.92,44372.43,7.81,93.6,2.292,-0,-0.9998,120.94,122.59,126.07,25,Cornering,"Hoosier 43075 16x7.5-10 R20, 7 inch rim",27465
78.6,1055.314,-1.63,-162.67,-95.64,0.003,1.15,9.79,0.03,0.017,1.7009,9.91,160045.61,7.81,93.62,2.346,-0,-1,121.02,122.59,126.13,24.98,Cornering,"Hoosier 43075 16x7.5-10 R20, 7 inch rim",27466
78.57,1055.324,-3.52,-165.49,-97.34,0.007,1.84,9.88,0.16,0.0362,1.7001,9.93,25735,7.81,93.64,2.378,-0,-0.9997,121.05,122.61,126.21,24.98,Cornering,"Hoosier 43075 16x7.5-10 R20, 7 inch rim",27467
78.61,1055.334,-4.59,-169.72,-99.08,0.012,1.07,10.24,0.09,0.0464,1.7129,9.93,44316.92,7.81,93.62,2.409,-0,-0.9998,121.09,122.68,126.27,24.97,Cornering,"Hoosier 43075 16x7.5-10 R20, 7 inch rim",27468
78.61,1055.344,-5.15,-174.06,-101.46,0.007,0.78,10.26,0.09,0.0507,1.7157,9.92,44284.62,7.81,93.61,2.449,-0,-0.9998,121.15,122.63,126.33,24.95,Cornering,"Hoosier 43075 16x7.5-10 R20, 7 inch rim",27469
78.58,1055.354,-4.16,-178.13,-103.25,0.012,0.05,10.52,0.16,0.0403,1.7252,9.94,25690.91,7.81,93.6,2.488,-0,-0.9997,121.11,122.66,126.35,24.94,Cornering,"Hoosier 43075 16x7.5-10 R20, 7 inch rim",27470
78.59,1055.365,-3.17,-181.4,-104.56,0.012,-0.3,10.13,0.09,0.0303,1.7349,9.94,44281.97,7.81,93.59,2.522,-0,-0.9998,121.09,122.66,126.35,24.95,Cornering,"Hoosier 43075 16x7.5-10 R20, 7 inch rim",27471
78.62,1055.375,-1.81,-182.92,-103.64,0.006,-1.13,9.45,0.03,0.0174,1.7649,9.94,159833.44,7.81,93.63,2.551,-0,-1,121.05,122.61,126.44,24.96,Cornering,"Hoosier 43075 16x7.5-10 R20, 7 inch rim",27472
78.6,1055.385,-0.53,-182.43,-101.85,0.003,-1.24,8.97,0.03,0.0052,1.7912,9.94,159826.83,7.82,93.59,2.6,-0,-1,120.94,122.66,126.42,24.96,Cornering,"Hoosier 43075 16x7.5-10 R20, 7 inch rim",27473
78.58,1055.395,-0.05,-180.39,-98.98,0.003,-1.04,8.11,-0.04,0.0005,1.8226,9.93,-99279.78,7.81,93.58,2.633,-0,-1.0001,120.98,122.61,126.42,24.94,Cornering,"Hoosier 43075 16x7.5-10 R20, 7 inch rim",27474
78.6,1055.405,0.39,-177.76,-96.92,0.012,0.39,8.54,0.03,-0.0041,1.8341,9.94,159743.08,7.81,93.63,2.668,-0,-1,120.92,122.63,126.35,24.94,Cornering,"Hoosier 43075 16x7.5-10 R20, 7 inch rim",27475
78.61,1055.415,0.58,-176.2,-94.9,0.013,1.26,10.06,0.09,-0.0061,1.8566,9.94,44274.64,7.81,93.63,2.714,-0,-0.9998,120.87,122.61,126.31,24.95,Cornering,"Hoosier 43075 16x7.5-10 R20, 7 inch rim",27476
78.59,1055.424,-0.08,-176.31,-94.89,0.004,2.58,11.38,0.03,0.0008,1.858,9.96,159882.2,7.81,93.61,2.734,-0,-1,120.96,122.68,126.35,24.97,Cornering,"Hoosier 43075 16x7.5-10 R20, 7 inch rim",27477
78.59,1055.434,-0.71,-178.96,-95.5,0.003,2.21,13.06,0.16,0.0075,1.8739,9.96,25732.1,7.82,93.59,2.783,-0,-0.9997,120.96,122.77,126.4,24.98,Cornering,"Hoosier 43075 16x7.5-10 R20, 7 inch rim",27478
78.61,1055.444,-1.43,-182.98,-97.46,-0.005,2.15,14.4,0.09,0.0146,1.8774,9.96,44363.07,7.82,93.56,2.817,-0,-0.9998,121.02,122.74,126.46,25,Cornering,"Hoosier 43075 16x7.5-10 R20, 7 inch rim",27479
78.6,1055.454,-1.95,-188,-99.28,0.003,0.37,14.69,0.16,0.0196,1.8937,9.96,25760.07,7.81,93.56,2.862,-0,-0.9997,121.02,122.81,126.54,25.01,Cornering,"Hoosier 43075 16x7.5-10 R20, 7 inch rim",27480
78.57,1055.464,-1.15,-192.81,-101.82,-0.005,-0.22,15.18,0.09,0.0113,1.8937,9.96,44370.02,7.82,93.56,2.897,-0,-0.9998,121.02,122.77,126.58,25.01,Cornering,"Hoosier 43075 16x7.5-10 R20, 7 inch rim",27481
78.59,1055.474,-0.31,-196.21,-102.94,-0.009,-0.86,14.63,0.03,0.0031,1.9061,9.96,160183.58,7.82,93.6,2.953,-0,-1,120.98,122.77,126.58,25.02,Cornering,"Hoosier 43075 16x7.5-10 R20, 7 inch rim",27482
78.62,1055.484,0.99,-197.95,-102.62,-0.002,-1.7,13.9,0.03,-0.0096,1.929,9.95,160213.78,7.82,93.61,2.998,-0,-1,120.98,122.79,126.7,25.03,Cornering,"Hoosier 43075 16x7.5-10 R20, 7 inch rim",27483
78.59,1055.495,1.75,-197.18,-101.37,0.006,-1.22,12.3,0.09,-0.0172,1.9452,9.95,44384.49,7.82,93.63,3.039,-0,-0.9998,120.9,122.81,126.74,25.02,Cornering,"Hoosier 43075 16x7.5-10 R20, 7 inch rim",27484
78.59,1055.505,2.29,-194.5,-98.85,0.003,-0.21,10.91,0.16,-0.0232,1.9677,9.94,25760.42,7.81,93.65,3.086,-0,-0.9997,120.87,122.83,126.78,25.02,Cornering,"Hoosier 43075 16x7.5-10 R20, 7 inch rim",27485
78.61,1055.515,1.73,-190.92,-95.8,0.007,0.58,9.21,0.09,-0.0181,1.9929,9.96,44370.32,7.81,93.64,3.127,-0,-0.9998,120.83,122.77,126.74,25.01,Cornering,"Hoosier 43075 16x7.5-10 R20, 7 inch rim",27486
78.6,1055.525,0.47,-188.58,-93.99,0.009,1.43,8.1,0.03,-0.005,2.0063,9.96,160111.47,7.81,93.64,3.172,-0,-1,120.79,122.79,126.76,25.01,Cornering,"Hoosier 43075 16x7.5-10 R20, 7 inch rim",27487
78.58,1055.534,-0.97,-188.23,-93.35,0.003,2.62,7.9,0.03,0.0104,2.0163,9.95,160177.56,7.82,93.61,3.221,-0,-1,120.83,122.79,126.84,25.03,Cornering,"Hoosier 43075 16x7.5-10 R20, 7 inch rim",27488
78.6,1055.544,-2.25,-190.43,-94.44,0.007,3.23,8.53,0.09,0.0239,2.0163,9.96,44364.19,7.82,93.6,3.26,-0,-0.9998,120.94,122.85,126.92,25.01,Cornering,"Hoosier 43075 16x7.5-10 R20, 7 inch rim",27489
78.62,1055.554,-3.58,-195.27,-95.74,0.01,2.01,9.37,-0.04,0.0374,2.0396,9.98,-99468.54,7.82,93.59,3.307,-0,-1.0001,121.07,122.88,126.92,25,Cornering,"Hoosier 43075 16x7.5-10 R20, 7 inch rim",27490
78.59,1055.564,-4.41,-200.54,-98.01,0.003,1.16,9.65,0.03,0.045,2.0462,9.96,159899.12,7.82,93.6,3.331,-0,-1,121.17,122.92,127,24.98,Cornering,"Hoosier 43075 16x7.5-10 R20, 7 inch rim",27491
78.57,1055.574,-4.6,-206.14,-100.58,0.001,0.47,9.56,0.09,0.0458,2.0496,9.96,44286.84,7.82,93.61,3.373,-0,-0.9998,121.2,122.94,127,24.97,Cornering,"Hoosier 43075 16x7.5-10 R20, 7 inch rim",27492
78.61,1055.584,-3.92,-210.07,-102.15,0.009,-0.7,9.23,-0.04,0.0384,2.0564,9.99,-99271.82,7.82,93.6,3.42,-0,-1.0001,121.15,122.92,127.08,24.96,Cornering,"Hoosier 43075 16x7.5-10 R20, 7 inch rim",27493
78.61,1055.594,-2.51,-212.1,-102.46,0.013,-1.28,9.03,0.03,0.0245,2.0701,9.96,159615.81,7.81,93.59,3.466,-0,-1,121.2,122.94,127.1,24.94,Cornering,"Hoosier 43075 16x7.5-10 R20, 7 inch rim",27494
78.59,1055.604,-1.5,-211.47,-101.13,0.013,-1.52,7.87,0.09,0.0149,2.091,9.96,44229.39,7.81,93.61,3.496,-0,-0.9998,121.22,122.92,127.14,24.94,Cornering,"Hoosier 43075 16x7.5-10 R20, 7 inch rim",27495
78.59,1055.615,-0.16,-208.31,-98.78,0.004,-0.89,7.35,0.03,0.0016,2.1089,9.96,159605.22,7.81,93.62,3.525,-0,-1,121.2,122.9,127.14,24.94,Cornering,"Hoosier 43075 16x7.5-10 R20, 7 inch rim",27496
78.61,1055.625,0.13,-203.64,-96.51,0.007,0.96,6.65,0.09,-0.0013,2.1101,9.96,44235.61,7.81,93.61,3.576,-0,-0.9998,121.2,122.92,127.08,24.95,Cornering,"Hoosier 43075 16x7.5-10 R20, 7 inch rim",27497
78.59,1055.635,0.37,-200.23,-93.7,0.014,1.37,7.02,0.09,-0.004,2.1369,9.96,44234.37,7.81,93.6,3.6,-0,-0.9998,121.22,122.92,127.06,24.95,Cornering,"Hoosier 43075 16x7.5-10 R20, 7 inch rim",27498
78.57,1055.645,0.03,-198.8,-92.75,0.01,2.49,7.98,0.16,-0.0003,2.1435,9.96,25673.16,7.81,93.62,3.645,-0,-0.9997,121.22,122.9,127.06,24.95,Cornering,"Hoosier 43075 16x7.5-10 R20, 7 inch rim",27499
78.62,1055.654,-0.31,-200.51,-93.41,0.009,2.8,9.92,0.16,0.0033,2.1466,9.96,25659.89,7.82,93.63,3.689,-0,-0.9997,121.3,122.92,127.14,24.94,Cornering,"Hoosier 43075 16x7.5-10 R20, 7 inch rim",27500
78.62,1055.664,-0.84,-204.72,-94.5,0.01,2.19,11.97,0.16,0.0089,2.1664,9.99,25682.86,7.81,93.64,3.718,-0,-0.9997,121.37,123.01,127.18,24.96,Cornering,"Hoosier 43075 16x7.5-10 R20, 7 inch rim",27501
78.58,1055.674,-1.23,-210.11,-97.02,-0.007,1.6,13.56,0.09,0.0127,2.1657,9.99,44278.09,7.82,93.67,3.746,-0,-0.9998,121.39,123.01,127.22,24.98,Cornering,"Hoosier 43075 16x7.5-10 R20, 7 inch rim",27502
78.59,1055.684,-1.07,-215.58,-99.16,-0.006,0.4,14.5,0.03,0.0108,2.1741,9.99,159777.53,7.82,93.69,3.791,-0,-1,121.41,123.07,127.28,24.98,Cornering,"Hoosier 43075 16x7.5-10 R20, 7 inch rim",27503
78.61,1055.694,-0.67,-220.31,-101.22,0.009,-1.04,14.47,0.09,0.0066,2.1766,9.97,44252.82,7.81,93.71,3.834,-0,-0.9998,121.43,123.03,127.3,24.97,Cornering,"Hoosier 43075 16x7.5-10 R20, 7 inch rim",27504
78.6,1055.704,0.65,-222.34,-101.86,0.012,-1.49,14.25,0.03,-0.0064,2.1829,9.99,159611.73,7.81,93.72,3.88,-0,-1,121.47,123.05,127.37,24.96,Cornering,"Hoosier 43075 16x7.5-10 R20, 7 inch rim",27505
78.58,1055.714,1.99,-221.56,-101.38,0.013,-1.01,13.57,0.16,-0.0196,2.1855,9.98,25652.88,7.81,93.7,3.913,-0,-0.9997,121.43,123.1,127.45,24.94,Cornering,"Hoosier 43075 16x7.5-10 R20, 7 inch rim",27506
78.6,1055.724,2.9,-217.96,-99.14,0.013,-0.3,12.26,0.16,-0.0292,2.1985,9.97,25645.71,7.81,93.69,3.95,-0,-0.9997,121.39,123.05,127.49,24.93,Cornering,"Hoosier 43075 16x7.5-10 R20, 7 inch rim",27507
78.62,1055.734,3.23,-212.62,-96.05,0.001,0.56,10.75,0.03,-0.0336,2.2136,9.98,159476.53,7.82,93.67,3.999,-0,-1,121.35,123.12,127.49,24.94,Cornering,"Hoosier 43075 16x7.5-10 R20, 7 inch rim",27508
78.58,1055.745,2.86,-208.26,-93.38,0.006,1.34,9.61,0.09,-0.0306,2.2301,9.96,44220.65,7.82,93.67,4.041,-0,-0.9998,121.32,123.14,127.45,24.96,Cornering,"Hoosier 43075 16x7.5-10 R20, 7 inch rim",27509
78.58,1055.755,1.54,-206.23,-92.29,0.004,2.08,8.69,0.03,-0.0166,2.2345,9.98,159572.03,7.82,93.67,4.074,-0,-1,121.35,123.14,127.43,24.96,Cornering,"Hoosier 43075 16x7.5-10 R20, 7 inch rim",27510
78.62,1055.765,-0.12,-207.31,-92.54,0.006,3.2,8.59,0.09,0.0013,2.2402,9.98,44257.68,7.82,93.67,4.112,-0,-0.9998,121.39,123.23,127.43,24.98,Cornering,"Hoosier 43075 16x7.5-10 R20, 7 inch rim",27511
78.6,1055.774,-2.1,-211.69,-93.39,0.01,1.91,8.67,-0.04,0.0224,2.2668,9.98,-99273.94,7.81,93.66,4.163,-0,-1.0001,121.5,123.27,127.51,24.98,Cornering,"Hoosier 43075 16x7.5-10 R20, 7 inch rim",27512
78.57,1055.784,-3.52,-217.13,-95.17,0.006,1.29,8.95,0.09,0.037,2.2815,9.98,44252.44,7.82,93.65,4.2,-0,-0.9998,121.67,123.29,127.51,24.98,Cornering,"Hoosier 43075 16x7.5-10 R20, 7 inch rim",27513
78.6,1055.794,-4.32,-223.07,-97.73,0.013,0.37,9.19,0.09,0.0442,2.2824,9.99,44239.08,7.81,93.63,4.252,-0,-0.9998,121.69,123.29,127.59,24.97,Cornering,"Hoosier 43075 16x7.5-10 R20, 7 inch rim",27514
78.62,1055.804,-4.18,-227.57,-99.97,0.007,-0.32,9.24,0.23,0.0418,2.2763,9.99,18086.91,7.81,93.59,4.292,-0,-0.9996,121.71,123.29,127.59,24.97,Cornering,"Hoosier 43075 16x7.5-10 R20, 7 inch rim",27515
78.59,1055.814,-3.22,-230.35,-101.15,0.001,-0.54,8.91,0.03,0.0319,2.2774,9.99,159593.28,7.82,93.56,4.321,-0,-1,121.73,123.32,127.55,24.97,Cornering,"Hoosier 43075 16x7.5-10 R20, 7 inch rim",27516
78.58,1055.824,-1.73,-230.52,-100.7,0.006,-1.13,8.4,0.09,0.0171,2.2891,9.99,44221.83,7.82,93.55,4.366,-0,-0.9998,121.75,123.29,127.51,24.97,Cornering,"Hoosier 43075 16x7.5-10 R20, 7 inch rim",27517
78.61,1055.834,-0.54,-226.93,-99.36,0.006,-0.03,7.45,0.09,0.0054,2.2839,9.99,44198.54,7.81,93.53,4.411,-0,-0.9998,121.77,123.29,127.47,24.96,Cornering,"Hoosier 43075 16x7.5-10 R20, 7 inch rim",27518
78.61,1055.844,0.68,-221.33,-96.38,0.01,0.84,6.92,0.09,-0.007,2.2963,10,44196.48,7.81,93.53,4.444,-0,-0.9998,121.77,123.32,127.41,24.96,Cornering,"Hoosier 43075 16x7.5-10 R20, 7 inch rim",27519
78.57,1055.854,1.73,-216.64,-94.12,0.007,1.73,7.19,0.03,-0.0184,2.3017,9.99,159557.58,7.81,93.5,4.48,-0,-1,121.73,123.36,127.39,24.97,Cornering,"Hoosier 43075 16x7.5-10 R20, 7 inch rim",27520
78.59,1055.865,1.97,-213.32,-92.25,-0.003,2.77,7.8,-0.04,-0.0214,2.3126,9.99,-99155.91,7.82,93.47,4.518,-0,-1.0001,121.77,123.34,127.34,24.96,Cornering,"Hoosier 43075 16x7.5-10 R20, 7 inch rim",27521
78.62,1055.875,1.79,-213.85,-91.44,0.013,2.49,9.32,0.09,-0.0196,2.3386,9.99,44188.83,7.81,93.42,4.564,-0,-0.9998,121.82,123.4,127.32,24.96,Cornering,"Hoosier 43075 16x7.5-10 R20, 7 inch rim",27522
78.59,1055.884,1.01,-217.55,-92.34,0.003,2.24,10.84,0.16,-0.0109,2.356,10.01,25622.79,7.82,93.39,4.603,-0,-0.9997,121.95,123.45,127.37,24.93,Cornering,"Hoosier 43075 16x7.5-10 R20, 7 inch rim",27523
78.58,1055.894,-0.58,-222.88,-93.9,0.012,1.19,11.35,0.09,0.0062,2.3736,10,44132.69,7.81,93.41,4.639,-0,-0.9998,122.08,123.51,127.43,24.93,Cornering,"Hoosier 43075 16x7.5-10 R20, 7 inch rim",27524
78.61,1055.904,-1.26,-228.45,-96.14,0.001,0.86,12.07,-0.04,0.0131,2.3761,10.01,-98971.65,7.82,93.4,4.677,-0,-1.0001,122.23,123.58,127.45,24.92,Cornering,"Hoosier 43075 16x7.5-10 R20, 7 inch rim",27525
78.61,1055.914,-1.65,-233.77,-98.34,0.007,-0.28,11.96,0.09,0.0168,2.377,10,44147.74,7.81,93.39,4.722,-0,-0.9998,122.25,123.56,127.55,24.94,Cornering,"Hoosier 43075 16x7.5-10 R20, 7 inch rim",27526
78.58,1055.924,-1.25,-236.57,-99.73,0.007,-0.52,11.23,0.09,0.0126,2.3722,10,44175.26,7.81,93.37,4.77,-0,-0.9998,122.25,123.56,127.59,24.96,Cornering,"Hoosier 43075 16x7.5-10 R20, 7 inch rim",27527
78.59,1055.934,-0.53,-237,-100.18,-0,-0.39,9.99,-0.04,0.0053,2.3659,10.02,-99158.19,7.82,93.38,4.815,-0,-1.0001,122.18,123.6,127.69,24.97,Cornering,"Hoosier 43075 16x7.5-10 R20, 7 inch rim",27528
78.62,1055.944,0.11,-234.22,-99,0.007,0.13,8.33,0.16,-0.0011,2.3659,9.99,25649,7.82,93.39,4.849,-0,-0.9997,122.2,123.6,127.73,24.97,Cornering,"Hoosier 43075 16x7.5-10 R20, 7 inch rim",27529
78.6,1055.954,0.29,-229.22,-97.05,0.004,0.94,6.41,0.09,-0.003,2.3618,9.98,44166.99,7.82,93.38,4.892,-0,-0.9998,122.2,123.62,127.77,24.96,Cornering,"Hoosier 43075 16x7.5-10 R20, 7 inch rim",27530
78.57,1055.964,0.54,-223.61,-94.16,0.004,1.35,5.46,0.09,-0.0057,2.3747,9.99,44143.5,7.81,93.37,4.935,-0,-0.9998,122.16,123.65,127.77,24.94,Cornering,"Hoosier 43075 16x7.5-10 R20, 7 inch rim",27531
78.6,1055.974,0.47,-219.56,-92.21,0.006,2.04,5.2,0.16,-0.0051,2.3811,9.99,25620.25,7.81,93.38,4.972,-0,-0.9997,122.16,123.73,127.71,24.94,Cornering,"Hoosier 43075 16x7.5-10 R20, 7 inch rim",27532
78.61,1055.984,-0.18,-218.77,-91.1,0.003,2.41,5.58,0.09,0.0019,2.4013,9.98,44179.12,7.81,93.38,5.012,-0,-0.9998,122.18,123.73,127.71,24.97,Cornering,"Hoosier 43075 16x7.5-10 R20, 7 inch rim",27533
78.57,1055.995,-1.49,-221.12,-91.63,0.007,2.8,6.31,0.16,0.0163,2.4133,9.99,25676.68,7.81,93.38,5.048,-0,-0.9997,122.35,123.8,127.71,25,Cornering,"Hoosier 43075 16x7.5-10 R20, 7 inch rim",27534
78.58,1056.004,-2.56,-226.25,-92.63,0.006,1.63,7.3,0.03,0.0276,2.4424,9.99,159778.53,7.81,93.4,5.092,-0,-1,122.48,123.89,127.71,25.03,Cornering,"Hoosier 43075 16x7.5-10 R20, 7 inch rim",27535
78.62,1056.014,-3.49,-231.84,-94.44,-0,0.75,7.89,0.09,0.0369,2.4549,10,44303.34,7.82,93.4,5.14,-0,-0.9998,122.57,123.98,127.77,25.04,Cornering,"Hoosier 43075 16x7.5-10 R20, 7 inch rim",27536
78.6,1056.024,-3.42,-236.69,-96.49,0.006,-0.23,8.81,-0.04,0.0355,2.4529,10.02,-99286.5,7.81,93.43,5.168,-0,-1.0001,122.76,123.95,127.81,25.02,Cornering,"Hoosier 43075 16x7.5-10 R20, 7 inch rim",27537
78.57,1056.034,-2.66,-240.75,-98.73,0.007,-0.4,9.12,0.03,0.0269,2.4383,10,159597.92,7.81,93.46,5.217,-0,-1,122.76,123.95,127.85,25,Cornering,"Hoosier 43075 16x7.5-10 R20, 7 inch rim",27538
78.6,1056.044,-1.07,-241.54,-99.98,0.012,0.35,9.26,0.09,0.0108,2.4158,10,44181.97,7.81,93.5,5.257,-0,-0.9998,122.74,123.95,127.95,24.98,Cornering,"Hoosier 43075 16x7.5-10 R20, 7 inch rim",27539
78.62,1056.054,0.25,-239.64,-99.55,0.004,0.76,8.53,0.03,-0.0025,2.4073,10.01,159392.73,7.81,93.53,5.293,-0,-1,122.72,123.95,128.01,24.97,Cornering,"Hoosier 43075 16x7.5-10 R20, 7 inch rim",27540
78.58,1056.064,1.76,-234.83,-97.45,0.01,1.31,8.08,0.03,-0.018,2.4098,9.99,159346.5,7.81,93.57,5.327,-0,-1,122.74,124.04,127.99,24.97,Cornering,"Hoosier 43075 16x7.5-10 R20, 7 inch rim",27541
78.58,1056.074,2.81,-229.31,-95.22,-0.007,1.86,7.63,0.16,-0.0295,2.4082,10,25621.84,7.82,93.62,5.359,-0,-0.9997,122.7,124,127.97,24.96,Cornering,"Hoosier 43075 16x7.5-10 R20, 7 inch rim",27542
78.61,1056.084,3.39,-224.86,-92.48,0.01,1.6,7.88,0.03,-0.0366,2.4315,9.99,159212.58,7.81,93.59,5.412,-0,-1,122.65,124.02,127.97,24.95,Cornering,"Hoosier 43075 16x7.5-10 R20, 7 inch rim",27543
78.6,1056.094,2.68,-223.31,-90.88,0.012,1.6,7.84,0.03,-0.0295,2.457,9.99,159238.95,7.81,93.56,5.45,-0,-1,122.65,124,127.91,24.96,Cornering,"Hoosier 43075 16x7.5-10 R20, 7 inch rim",27544
78.58,1056.104,1.84,-225.31,-91.22,0.009,2.2,8.63,-0.04,-0.0201,2.47,9.99,-99002.23,7.81,93.52,5.492,-0,-1.0001,122.68,124.09,127.91,24.96,Cornering,"Hoosier 43075 16x7.5-10 R20, 7 inch rim",27545
78.6,1056.114,0.08,-229.94,-92.03,-0.002,1.38,8.92,0.09,-0.0009,2.4986,10.01,44140.46,7.81,93.52,5.535,-0,-0.9998,122.85,124.22,127.93,24.97,Cornering,"Hoosier 43075 16x7.5-10 R20, 7 inch rim",27546
78.62,1056.124,-1.63,-235.35,-93.89,-0.012,1.11,9.12,0.16,0.0173,2.5067,10.02,25618.89,7.82,93.54,5.559,-0,-0.9997,122.95,124.22,127.97,24.97,Cornering,"Hoosier 43075 16x7.5-10 R20, 7 inch rim",27547
78.59,1056.134,-2.31,-240.4,-95.87,0.004,0.46,9.63,0.09,0.0241,2.5075,10.02,44155.25,7.81,93.55,5.608,-0,-0.9998,123.06,124.26,128.03,24.98,Cornering,"Hoosier 43075 16x7.5-10 R20, 7 inch rim",27548
78.58,1056.144,-2.54,-244.43,-98.32,0.001,0.92,9.3,0.03,0.0258,2.486,10.03,159404.19,7.81,93.57,5.652,-0,-1,123.11,124.24,128.01,24.99,Cornering,"Hoosier 43075 16x7.5-10 R20, 7 inch rim",27549
78.61,1056.154,-1.75,-246.8,-99.85,0.009,0.68,8.88,0.03,0.0175,2.4716,10.02,159465.81,7.81,93.6,5.695,-0,-1,123.06,124.2,127.99,25,Cornering,"Hoosier 43075 16x7.5-10 R20, 7 inch rim",27550
78.6,1056.164,-0.91,-246.02,-99.69,0.009,0.61,7.57,0.16,0.0091,2.4678,10,25658.58,7.81,93.61,5.731,-0,-0.9997,123.06,124.17,128.03,25.01,Cornering,"Hoosier 43075 16x7.5-10 R20, 7 inch rim",27551
78.57,1056.174,-0.25,-242.39,-98.65,-0.003,1.01,6.03,0.03,0.0025,2.4571,10.01,159590.84,7.81,93.57,5.774,-0,-1,123.04,124.22,127.99,25.03,Cornering,"Hoosier 43075 16x7.5-10 R20, 7 inch rim",27552
78.6,1056.184,0.69,-236.95,-96.38,-0.002,1.25,5.12,0.09,-0.0071,2.4585,10,44190.8,7.81,93.58,5.804,-0,-0.9998,123.02,124.22,127.95,25.01,Cornering,"Hoosier 43075 16x7.5-10 R20, 7 inch rim",27553
78.62,1056.194,1.12,-231.96,-94.08,-0.002,1.87,4.52,-0.11,-0.0119,2.4655,9.99,-37774.8,7.81,93.59,5.846,-0,-1.0002,123.04,124.24,127.89,24.98,Cornering,"Hoosier 43075 16x7.5-10 R20, 7 inch rim",27554
78.6,1056.204,1.4,-229.52,-92.23,0.013,1.57,5.14,0.23,-0.0151,2.4886,10,18040.41,7.81,93.6,5.883,-0,-0.9996,123.08,124.28,127.81,24.97,Cornering,"Hoosier 43075 16x7.5-10 R20, 7 inch rim",27555
78.57,1056.214,1.32,-230.11,-92.07,0.006,2.27,6.27,0.16,-0.0143,2.4992,9.99,25613.97,7.81,93.64,5.92,-0,-0.9997,123.11,124.35,127.81,24.98,Cornering,"Hoosier 43075 16x7.5-10 R20, 7 inch rim",27556
78.6,1056.224,-0.13,-234.01,-92.16,0.009,1.36,6.87,0.09,0.0014,2.5393,10.01,44136.29,7.81,93.68,5.969,-0,-0.9998,123.26,124.42,127.83,24.98,Cornering,"Hoosier 43075 16x7.5-10 R20, 7 inch rim",27557
78.61,1056.234,-1.42,-238.51,-93.56,0.006,1.59,7.6,0.16,0.0152,2.5493,10.02,25627.43,7.81,93.67,6.01,-0,-0.9997,123.41,124.5,127.83,25,Cornering,"Hoosier 43075 16x7.5-10 R20, 7 inch rim",27558
78.57,1056.244,-2.35,-243.32,-95.63,0.001,1.99,8.19,0.16,0.0246,2.5444,10.02,25649.31,7.81,93.64,6.049,-0,-0.9997,123.49,124.53,127.89,25.02,Cornering,"Hoosier 43075 16x7.5-10 R20, 7 inch rim",27559
78.59,1056.254,-2.47,-247.98,-97.81,-0.003,1.39,8.41,0.03,0.0252,2.5354,10.01,159423.45,7.81,93.6,6.086,-0,-1,123.51,124.55,127.95,25.01,Cornering,"Hoosier 43075 16x7.5-10 R20, 7 inch rim",27560
78.61,1056.264,-1.58,-251.28,-99.28,0.006,0.41,8.65,0.16,0.016,2.531,10.03,25633.75,7.81,93.59,6.123,-0,-0.9997,123.49,124.48,127.99,25.01,Cornering,"Hoosier 43075 16x7.5-10 R20, 7 inch rim",27561
78.6,1056.274,-0.77,-252.28,-100.85,0.022,0.65,7.84,0.09,0.0076,2.5015,10.01,44109.8,7.81,93.58,6.161,-0,-0.9998,123.47,124.46,128.05,24.98,Cornering,"Hoosier 43075 16x7.5-10 R20, 7 inch rim",27562
78.58,1056.284,0.71,-250.18,-100.15,0.001,0.46,7.19,-0.04,-0.0071,2.4981,10.02,-98872.66,7.81,93.6,6.199,-0,-1.0001,123.49,124.48,128.07,24.96,Cornering,"Hoosier 43075 16x7.5-10 R20, 7 inch rim",27563
78.6,1056.294,1.59,-245.52,-98.31,0.004,0.58,6.17,0.16,-0.0162,2.4973,10.02,25568.69,7.81,93.65,6.236,-0,-0.9997,123.53,124.48,128.03,24.95,Cornering,"Hoosier 43075 16x7.5-10 R20, 7 inch rim",27564
78.62,1056.304,2.36,-239.92,-96.33,0.006,1.34,5.74,0.09,-0.0245,2.4907,10.02,44037.09,7.81,93.7,6.291,-0,-0.9998,123.56,124.53,127.95,24.94,Cornering,"Hoosier 43075 16x7.5-10 R20, 7 inch rim",27565
78.59,1056.314,2.44,-235.54,-93.19,0.001,1.45,5.6,0.03,-0.0262,2.5275,10.02,158982.16,7.81,93.72,6.317,-0,-1,123.51,124.55,127.87,24.96,Cornering,"Hoosier 43075 16x7.5-10 R20, 7 inch rim",27566
78.59,1056.324,2.13,-234.18,-92.05,0.016,2.01,6.22,0.09,-0.0232,2.544,10.02,44051.5,7.81,93.72,6.36,-0,-0.9998,123.58,124.64,127.83,24.96,Cornering,"Hoosier 43075 16x7.5-10 R20, 7 inch rim",27567
78.62,1056.334,1.1,-236,-91.84,0.006,2.48,6.94,0.09,-0.012,2.5698,10.02,44026.33,7.81,93.74,6.413,-0,-0.9998,123.66,124.66,127.79,24.94,Cornering,"Hoosier 43075 16x7.5-10 R20, 7 inch rim",27568
78.6,1056.344,-0.93,-240.21,-93.29,0.007,2.91,6.91,0.03,0.01,2.575,10.01,158903,7.81,93.79,6.448,-0,-1,123.88,124.75,127.85,24.95,Cornering,"Hoosier 43075 16x7.5-10 R20, 7 inch rim",27569
78.57,1056.354,-2.24,-245.35,-94.46,0.007,1.89,7.44,0.16,0.0237,2.5973,10.03,25537.7,7.8,93.81,6.493,-0,-0.9997,124.05,124.86,127.85,24.93,Cornering,"Hoosier 43075 16x7.5-10 R20, 7 inch rim",27570
78.6,1056.364,-2.79,-250.62,-96.89,0.001,1.16,7.78,0.03,0.0288,2.5866,10.03,158769.44,7.81,93.84,6.519,-0,-1,124.11,124.9,127.89,24.93,Cornering,"Hoosier 43075 16x7.5-10 R20, 7 inch rim",27571
78.61,1056.374,-2.62,-254.68,-99.32,0.003,1.03,7.75,0.09,0.0264,2.5642,10.01,43991.27,7.81,93.84,6.574,-0,-0.9998,124.13,124.88,127.95,24.93,Cornering,"Hoosier 43075 16x7.5-10 R20, 7 inch rim",27572
78.59,1056.384,-1.79,-257.51,-100.56,0.01,-0.08,7.24,0.03,0.0178,2.5609,10.02,158776.66,7.8,93.81,6.609,-0,-1,124.16,124.86,127.97,24.94,Cornering,"Hoosier 43075 16x7.5-10 R20, 7 inch rim",27573
78.58,1056.394,-0.68,-256.44,-101.41,0.014,0.84,6.31,0.16,0.0067,2.5287,10.02,25547.69,7.8,93.82,6.64,-0,-0.9997,124.13,124.9,128.05,24.95,Cornering,"Hoosier 43075 16x7.5-10 R20, 7 inch rim",27574
78.61,1056.404,0.35,-252.64,-99.92,-0.002,0.77,5.15,0.03,-0.0035,2.5284,10.02,158897.03,7.81,93.83,6.69,-0,-1,124.18,124.9,128.05,24.96,Cornering,"Hoosier 43075 16x7.5-10 R20, 7 inch rim",27575
78.6,1056.414,1.16,-247.34,-97.61,-0.003,0.97,4.3,0.03,-0.0118,2.534,10.02,158995.67,7.81,93.84,6.726,-0,-1,124.2,124.9,128.03,24.98,Cornering,"Hoosier 43075 16x7.5-10 R20, 7 inch rim",27576
78.57,1056.424,1.92,-242.24,-95.33,0.009,1.8,4.55,0.16,-0.0201,2.5411,9.99,25570.24,7.8,93.84,6.772,-0,-0.9997,124.22,124.94,127.93,24.98,Cornering,"Hoosier 43075 16x7.5-10 R20, 7 inch rim",27577
78.6,1056.434,1.73,-239.7,-93.69,-0.003,2.75,4.66,0.16,-0.0185,2.5586,10.02,25562.34,7.8,93.82,6.808,-0,-0.9997,124.24,124.99,127.85,24.97,Cornering,"Hoosier 43075 16x7.5-10 R20, 7 inch rim",27578
78.61,1056.444,1.14,-240.36,-92.71,0.009,3.03,5.34,0.16,-0.0122,2.5926,10.02,25542.1,7.8,93.81,6.852,-0,-0.9997,124.41,125.08,127.83,24.96,Cornering,"Hoosier 43075 16x7.5-10 R20, 7 inch rim",27579
78.59,1056.454,-0.26,-244.05,-92.72,-0.002,2.42,6.01,0.16,0.0028,2.6323,10.02,25522.56,7.8,93.79,6.884,-0,-0.9997,124.56,125.23,127.85,24.94,Cornering,"Hoosier 43075 16x7.5-10 R20, 7 inch rim",27580
78.58,1056.464,-1.62,-249.37,-94.97,0.006,2.6,6.46,0.09,0.0171,2.6258,10.02,43967.39,7.8,93.78,6.938,-0,-0.9998,124.82,125.32,127.89,24.94,Cornering,"Hoosier 43075 16x7.5-10 R20, 7 inch rim",27581
78.61,1056.474,-2.59,-254.32,-96.67,-0.005,1.77,6.8,-0.04,0.0268,2.6308,10.03,-98716.27,7.81,93.77,6.961,-0,-1.0001,124.97,125.34,127.93,24.96,Cornering,"Hoosier 43075 16x7.5-10 R20, 7 inch rim",27582
78.61,1056.484,-2.51,-259.02,-99.01,0.001,0.69,7.09,0.16,0.0254,2.6161,10.03,25556.78,7.8,93.76,7.014,-0,-0.9997,125.01,125.39,127.99,24.98,Cornering,"Hoosier 43075 16x7.5-10 R20, 7 inch rim",27583
78.58,1056.494,-1.82,-262.15,-101.19,0.006,0.1,6.96,0.09,0.0179,2.5907,10.03,44048.92,7.8,93.75,7.045,-0,-0.9998,125.04,125.43,128.03,24.99,Cornering,"Hoosier 43075 16x7.5-10 R20, 7 inch rim",27584
78.59,1056.504,-0.48,-262.31,-102.1,0.006,0.34,6.6,0.09,0.0047,2.5691,10.03,44023.71,7.8,93.75,7.094,-0,-0.9998,124.99,125.39,128.13,24.98,Cornering,"Hoosier 43075 16x7.5-10 R20, 7 inch rim",27585
78.62,1056.514,0.4,-259.82,-101.69,0.007,0.58,5.39,0.03,-0.0039,2.5552,10.03,158704.39,7.8,93.76,7.14,-0,-1,125.01,125.45,128.13,24.96,Cornering,"Hoosier 43075 16x7.5-10 R20, 7 inch rim",27586
78.59,1056.524,1.18,-254.37,-99.72,0.006,1.08,4.32,0.09,-0.0119,2.5508,10.03,43935.2,7.8,93.74,7.163,-0,-0.9998,125.1,125.5,128.13,24.93,Cornering,"Hoosier 43075 16x7.5-10 R20, 7 inch rim",27587
78.57,1056.534,1.85,-248.43,-96.81,-0,1.81,4.16,0.16,-0.0191,2.5662,10.04,25486.1,7.8,93.71,7.213,-0,-0.9997,125.16,125.54,128.07,24.92,Cornering,"Hoosier 43075 16x7.5-10 R20, 7 inch rim",27588
78.6,1056.544,2.06,-244.2,-94.48,-0.003,2.46,4.26,0.16,-0.0218,2.5847,10.02,25472.33,7.8,93.71,7.246,-0,-0.9997,125.16,125.54,128.03,24.91,Cornering,"Hoosier 43075 16x7.5-10 R20, 7 inch rim",27589
78.6,1056.554,1.16,-243.26,-93.46,-0.003,3.46,4.5,0.09,-0.0124,2.6027,10.03,43903.04,7.8,93.74,7.28,-0,-0.9998,125.21,125.61,127.95,24.92,Cornering,"Hoosier 43075 16x7.5-10 R20, 7 inch rim",27590
78.58,1056.564,0.08,-245.74,-92.94,-0.005,3.15,5.15,0.03,-0.0008,2.6441,10.02,158450.73,7.8,93.78,7.332,-0,-1,125.4,125.72,127.93,24.93,Cornering,"Hoosier 43075 16x7.5-10 R20, 7 inch rim",27591
78.59,1056.574,-1.46,-250.45,-94.32,0.006,2.68,5.78,0.09,0.0155,2.6554,10.05,43935.17,7.8,93.77,7.366,-0,-0.9998,125.59,125.8,127.99,24.94,Cornering,"Hoosier 43075 16x7.5-10 R20, 7 inch rim",27592
78.61,1056.584,-2.71,-255.7,-96.28,-0.006,2.15,6.06,0.09,0.0281,2.6557,10.03,43910.36,7.8,93.78,7.409,-0,-0.9998,125.77,125.85,128.01,24.93,Cornering,"Hoosier 43075 16x7.5-10 R20, 7 inch rim",27593
78.59,1056.594,-3.13,-260.6,-98.76,0.01,1.2,6.4,0.03,0.0317,2.6387,10.04,158590.52,7.8,93.74,7.452,-0,-1,125.85,125.85,128.07,24.96,Cornering,"Hoosier 43075 16x7.5-10 R20, 7 inch rim",27594
78.58,1056.604,-2.44,-264.32,-100.98,0.006,0.54,6.56,0.09,0.0241,2.6175,10.05,43954.02,7.8,93.72,7.481,-0,-0.9998,125.92,125.85,128.07,24.96,Cornering,"Hoosier 43075 16x7.5-10 R20, 7 inch rim",27595
78.61,1056.614,-1.59,-265.57,-101.86,0.004,-0.19,5.89,0.23,0.0156,2.6072,10.05,17994.13,7.8,93.73,7.534,-0,-0.9996,125.96,125.83,128.15,25,Cornering,"Hoosier 43075 16x7.5-10 R20, 7 inch rim",27596
78.62,1056.624,-0.4,-263.52,-102.06,-0.002,0.21,4.92,0.16,0.0039,2.5821,10.03,25554.05,7.8,93.71,7.565,-0,-0.9997,125.94,125.83,128.15,25.01,Cornering,"Hoosier 43075 16x7.5-10 R20, 7 inch rim",27597
78.58,1056.634,0.57,-257.94,-100.5,0.004,0.88,3.92,0.03,-0.0057,2.5665,10.01,158791.73,7.8,93.7,7.602,-0,-1,125.96,125.85,128.17,25,Cornering,"Hoosier 43075 16x7.5-10 R20, 7 inch rim",27598
78.59,1056.644,1.83,-251.54,-98.26,0.001,1.76,3.78,0.09,-0.0186,2.56,10.03,43987.18,7.8,93.7,7.651,-0,-0.9998,126,125.91,128.07,24.99,Cornering,"Hoosier 43075 16x7.5-10 R20, 7 inch rim",27599
78.61,1056.654,2.04,-246.89,-95.85,0.009,2.6,3.6,0.09,-0.0213,2.5758,10.02,43983.99,7.8,93.64,7.681,-0,-0.9998,126,125.96,127.99,24.99,Cornering,"Hoosier 43075 16x7.5-10 R20, 7 inch rim",27600
78.6,1056.664,1.8,-245.16,-93.46,0.007,2.8,3.96,0.09,-0.0192,2.6231,10.02,43968.75,7.8,93.6,7.728,-0,-0.9998,126.09,126.02,127.89,24.98,Cornering,"Hoosier 43075 16x7.5-10 R20, 7 inch rim",27601
78.57,1056.674,1.2,-247.21,-93.65,0.014,3.32,4.95,0.16,-0.0129,2.6396,10.02,25530.11,7.8,93.56,7.761,-0,-0.9997,126.19,126.16,127.83,25,Cornering,"Hoosier 43075 16x7.5-10 R20, 7 inch rim",27602
78.6,1056.684,-0.36,-251.68,-94.48,0.004,3.37,5.28,0.03,0.0038,2.6638,10.02,158636.47,7.8,93.56,7.814,-0,-1,126.39,126.33,127.83,24.98,Cornering,"Hoosier 43075 16x7.5-10 R20, 7 inch rim",27603
78.61,1056.694,-1.49,-256.97,-96.33,0.004,2.68,6.16,0.03,0.0154,2.6676,10.04,158477.52,7.8,93.51,7.844,-0,-1,126.58,126.51,127.83,24.96,Cornering,"Hoosier 43075 16x7.5-10 R20, 7 inch rim",27604
78.58,1056.704,-2.69,-262.13,-98.83,0.009,1.92,6.1,-0.04,0.0272,2.6524,10.02,-98501.52,7.8,93.49,7.892,-0,-1.0001,126.67,126.49,127.85,24.96,Cornering,"Hoosier 43075 16x7.5-10 R20, 7 inch rim",27605
78.58,1056.714,-2.16,-266,-100.27,-0.002,0.19,6.72,0.09,0.0216,2.6529,10.03,43916.91,7.8,93.49,7.925,-0,-0.9998,126.69,126.49,127.89,24.97,Cornering,"Hoosier 43075 16x7.5-10 R20, 7 inch rim",27606
78.61,1056.724,-1.72,-267.41,-101.73,-0.002,0.1,6.08,0.09,0.017,2.6285,10.03,43952.5,7.8,93.48,7.972,-0,-0.9998,126.75,126.49,128.01,24.99,Cornering,"Hoosier 43075 16x7.5-10 R20, 7 inch rim",27607
78.6,1056.734,-0.28,-266.2,-102.56,0.009,0.57,5.66,0.03,0.0027,2.5954,10.05,158672.19,7.8,93.47,8.003,-0,-1,126.71,126.46,128.05,25,Cornering,"Hoosier 43075 16x7.5-10 R20, 7 inch rim",27608
78.58,1056.744,0.7,-261.85,-101.88,0.01,1.27,4.66,0.16,-0.0069,2.5701,10.03,25524.04,7.8,93.46,8.043,-0,-0.9997,126.73,126.49,128.07,25.01,Cornering,"Hoosier 43075 16x7.5-10 R20, 7 inch rim",27609
78.59,1056.754,1.5,-255.74,-99.77,-0,2.02,3.76,0.09,-0.0151,2.5633,10.03,43950.61,7.8,93.5,8.081,-0,-0.9998,126.82,126.55,128.03,25,Cornering,"Hoosier 43075 16x7.5-10 R20, 7 inch rim",27610
78.61,1056.764,1.84,-250.4,-96.81,-0.009,2.27,3.11,0.16,-0.019,2.5865,10.04,25495.17,7.8,93.5,8.124,-0,-0.9997,126.95,126.57,127.95,24.98,Cornering,"Hoosier 43075 16x7.5-10 R20, 7 inch rim",27611
78.59,1056.774,2.18,-247.49,-95.04,0.004,2.93,3.52,0.09,-0.023,2.604,10.03,43890.17,7.8,93.51,8.165,-0,-0.9998,126.95,126.64,127.89,24.97,Cornering,"Hoosier 43075 16x7.5-10 R20, 7 inch rim",27612
78.58,1056.784,1.71,-247.95,-93.71,0.006,3.13,4.08,0.09,-0.0182,2.646,10.04,43864.45,7.8,93.5,8.212,-0,-0.9998,127.03,126.71,127.81,24.96,Cornering,"Hoosier 43075 16x7.5-10 R20, 7 inch rim",27613
78.61,1056.794,0.48,-251.51,-93.87,0.003,2.93,4.6,0.03,-0.0051,2.6792,10.03,158279.95,7.8,93.49,8.245,-0,-1,127.14,126.86,127.79,24.96,Cornering,"Hoosier 43075 16x7.5-10 R20, 7 inch rim",27614
78.61,1056.804,-1.14,-256.45,-95.26,-0.009,2.64,4.81,0.03,0.012,2.692,10.02,158262.86,7.8,93.5,8.287,-0,-1,127.29,126.95,127.79,24.96,Cornering,"Hoosier 43075 16x7.5-10 R20, 7 inch rim",27615
78.58,1056.814,-2.45,-261.31,-97.15,-0.002,1.48,5.05,0.16,0.0252,2.6896,10.03,25445.71,7.8,93.48,8.336,-0,-0.9997,127.46,127.06,127.81,24.95,Cornering,"Hoosier 43075 16x7.5-10 R20, 7 inch rim",27616
78.6,1056.824,-2.68,-264.78,-99.29,0.007,0.8,5.28,0.09,0.0269,2.6667,10.05,43836.25,7.8,93.49,8.37,-0,-0.9998,127.48,127.08,127.89,24.95,Cornering,"Hoosier 43075 16x7.5-10 R20, 7 inch rim",27617
78.62,1056.834,-2.08,-267.42,-101.49,0.004,0.45,5.41,0.09,0.0205,2.635,10.04,43812.24,7.8,93.48,8.401,-0,-0.9998,127.52,127.08,127.95,24.94,Cornering,"Hoosier 43075 16x7.5-10 R20, 7 inch rim",27618
78.6,1056.844,-1.35,-267.38,-102.42,-0.009,0.48,4.65,0.16,0.0132,2.6106,10.02,25420.1,7.8,93.49,8.453,-0,-0.9997,127.46,127.01,128.03,24.93,Cornering,"Hoosier 43075 16x7.5-10 R20, 7 inch rim",27619
78.58,1056.854,-0.63,-264.34,-102.33,0.012,1.09,3.69,0.09,0.0062,2.5833,10.03,43823.11,7.8,93.48,8.483,-0,-0.9998,127.48,127.06,128.09,24.95,Cornering,"Hoosier 43075 16x7.5-10 R20, 7 inch rim",27620
78.6,1056.864,0.43,-258.99,-100.68,-0.003,1.5,2.94,0.09,-0.0042,2.5724,10.04,43827.74,7.8,93.48,8.53,-0,-0.9998,127.4,127.1,128.07,24.96,Cornering,"Hoosier 43075 16x7.5-10 R20, 7 inch rim",27621
78.62,1056.874,0.88,-253.26,-98.53,0.004,2.39,2.26,0.09,-0.009,2.5704,10.04,43853.89,7.8,93.5,8.568,-0,-0.9998,127.46,127.15,128.01,24.97,Cornering,"Hoosier 43075 16x7.5-10 R20, 7 inch rim",27622
78.58,1056.884,1.8,-249.2,-95.87,0.004,2.73,2.94,0.09,-0.0188,2.5992,10.02,43829.47,7.8,93.53,8.602,-0,-0.9998,127.52,127.21,127.93,24.96,Cornering,"Hoosier 43075 16x7.5-10 R20, 7 inch rim",27623
78.59,1056.894,1.67,-248.39,-94.83,-0.002,3.59,3.31,0.03,-0.0176,2.6192,10.03,158219.77,7.8,93.56,8.651,-0,-1,127.61,127.28,127.83,24.97,Cornering,"Hoosier 43075 16x7.5-10 R20, 7 inch rim",27624
78.61,1056.904,0.8,-250.76,-94.21,0.009,3.27,3.95,0.09,-0.0085,2.6618,10.04,43890.8,7.79,93.56,8.685,-0,-0.9998,127.78,127.41,127.77,25,Cornering,"Hoosier 43075 16x7.5-10 R20, 7 inch rim",27625
78.6,1056.914,-0.33,-255.1,-95.02,0.006,2.82,4.5,0.09,0.0034,2.6846,10.04,43886.67,7.8,93.58,8.719,-0,-0.9998,127.93,127.54,127.83,25,Cornering,"Hoosier 43075 16x7.5-10 R20, 7 inch rim",27626
78.58,1056.924,-1.36,-260.08,-96.01,0.004,1.1,5.07,0.09,0.0142,2.7088,10.04,43881.49,7.8,93.6,8.762,-0,-0.9998,128.08,127.63,127.81,25,Cornering,"Hoosier 43075 16x7.5-10 R20, 7 inch rim",27627
78.6,1056.934,-2.48,-264.16,-98.74,0.01,1.37,5.01,0.03,0.0251,2.6754,10.03,158267.12,7.79,93.59,8.795,-0,-1,128.21,127.65,127.91,24.99,Cornering,"Hoosier 43075 16x7.5-10 R20, 7 inch rim",27628
78.62,1056.944,-2.24,-266.93,-101.05,-0.002,1.01,5.25,0.03,0.0222,2.6415,10.05,158136.92,7.8,93.59,8.841,-0,-1,128.23,127.63,127.99,24.97,Cornering,"Hoosier 43075 16x7.5-10 R20, 7 inch rim",27629
78.58,1056.954,-1.44,-268.18,-103.03,-0.002,1.4,5,-0.04,0.0139,2.6028,10.04,-98223.48,7.8,93.59,8.875,-0,-1.0001,128.25,127.61,128.07,24.96,Cornering,"Hoosier 43075 16x7.5-10 R20, 7 inch rim",27630
78.59,1056.964,-0.3,-266.81,-102.65,0.007,0.55,4.29,0.16,0.0029,2.5993,10.02,25428.71,7.8,93.66,8.924,-0,-0.9997,128.28,127.61,128.11,24.97,Cornering,"Hoosier 43075 16x7.5-10 R20, 7 inch rim",27631
78.62,1056.974,0.56,-262.59,-102.5,0.003,2.01,3.35,0.09,-0.0054,2.562,10.02,43816.32,7.8,93.68,8.963,-0,-0.9998,128.25,127.59,128.13,24.98,Cornering,"Hoosier 43075 16x7.5-10 R20, 7 inch rim",27632
78.61,1056.984,1.54,-256.69,-100.24,0.009,2.65,2.88,0.16,-0.0154,2.5609,10.03,25439.94,7.79,93.68,9.014,-0,-0.9997,128.3,127.72,128.07,24.99,Cornering,"Hoosier 43075 16x7.5-10 R20, 7 inch rim",27633
78.58,1056.994,1.91,-252.04,-97.64,0.013,2.64,2.5,0.03,-0.0195,2.5813,10.05,158081.92,7.79,93.66,9.047,-0,-1,128.34,127.78,128.03,24.98,Cornering,"Hoosier 43075 16x7.5-10 R20, 7 inch rim",27634
78.6,1057.004,1.85,-249.48,-95.36,-0.003,2.88,2.51,0.09,-0.0194,2.6163,10.02,43760.17,7.8,93.62,9.087,-0,-0.9998,128.4,127.87,127.93,24.96,Cornering,"Hoosier 43075 16x7.5-10 R20, 7 inch rim",27635
78.61,1057.014,1.19,-250.1,-94.8,-0,3.77,3.04,0.09,-0.0126,2.6381,10.03,43756.41,7.8,93.58,9.117,-0,-0.9998,128.51,128,127.91,24.96,Cornering,"Hoosier 43075 16x7.5-10 R20, 7 inch rim",27636
78.59,1057.024,-0.11,-253.38,-94.43,0.003,2.9,3.77,0.09,0.0012,2.6833,10.03,43741.39,7.8,93.56,9.156,-0,-0.9998,128.62,128.22,127.91,24.95,Cornering,"Hoosier 43075 16x7.5-10 R20, 7 inch rim",27637
78.58,1057.034,-2.04,-258.2,-95.76,0.001,2.33,3.75,0.03,0.0213,2.6963,10.05,157866.45,7.8,93.55,9.199,-0,-1,128.83,128.36,127.95,24.96,Cornering,"Hoosier 43075 16x7.5-10 R20, 7 inch rim",27638
78.61,1057.044,-2.92,-262.76,-98.29,0.013,2.16,4.51,0.16,0.0297,2.6734,10.05,25411.43,7.79,93.56,9.243,-0,-0.9997,129.01,128.47,128.03,24.98,Cornering,"Hoosier 43075 16x7.5-10 R20, 7 inch rim",27639
78.6,1057.054,-3.09,-266.16,-100.09,0.003,0.92,4.77,0.03,0.0308,2.6591,10.05,158117.66,7.8,93.57,9.291,-0,-1,129.03,128.47,128.11,25,Cornering,"Hoosier 43075 16x7.5-10 R20, 7 inch rim",27640
78.57,1057.064,-2.59,-268.18,-101.83,-0.002,0.63,4.56,0.16,0.0254,2.6335,10.05,25428.53,7.8,93.61,9.331,-0,-0.9997,129.07,128.42,128.21,25,Cornering,"Hoosier 43075 16x7.5-10 R20, 7 inch rim",27641
78.6,1057.074,-1.61,-267.92,-103.11,0.013,0.83,4.07,0.09,0.0156,2.5984,10.03,43816.14,7.79,93.64,9.366,-0,-0.9998,128.96,128.42,128.27,25.01,Cornering,"Hoosier 43075 16x7.5-10 R20, 7 inch rim",27642
78.62,1057.084,-0.27,-265.1,-102.94,0.007,1.06,3.23,0.16,0.0026,2.5754,10.04,25434.42,7.8,93.69,9.409,-0,-0.9997,128.96,128.42,128.31,25.01,Cornering,"Hoosier 43075 16x7.5-10 R20, 7 inch rim",27643
78.59,1057.094,0.98,-259.76,-101.78,-0.006,1.93,2.52,0.03,-0.0096,2.5522,10.04,158226.17,7.8,93.71,9.451,-0,-1,129.03,128.49,128.29,25.03,Cornering,"Hoosier 43075 16x7.5-10 R20, 7 inch rim",27644
78.58,1057.104,1.72,-254.35,-99.14,0.006,2.16,2.24,-0.04,-0.0173,2.5656,10.02,-98412.55,7.79,93.73,9.494,-0,-1.0001,129.01,128.6,128.25,25.05,Cornering,"Hoosier 43075 16x7.5-10 R20, 7 inch rim",27645
78.61,1057.114,2.4,-250.79,-96.94,0.012,2.69,2.47,0.03,-0.0248,2.587,10.03,158370.8,7.79,93.75,9.533,-0,-1,129.05,128.64,128.17,25.06,Cornering,"Hoosier 43075 16x7.5-10 R20, 7 inch rim",27646
78.6,1057.124,1.86,-250.01,-95.43,0.016,3.23,2.6,0.23,-0.0195,2.6197,10.04,17937.56,7.79,93.77,9.566,-0,-0.9996,129.16,128.73,128.11,25.05,Cornering,"Hoosier 43075 16x7.5-10 R20, 7 inch rim",27647
78.58,1057.134,1.09,-251.81,-94.69,-0,3.43,3.14,0.03,-0.0115,2.6594,10.03,158192.25,7.8,93.77,9.6,-0,-1,129.28,129.02,128.03,25.04,Cornering,"Hoosier 43075 16x7.5-10 R20, 7 inch rim",27648
78.59,1057.144,-0.23,-256.02,-95.55,0.001,3.04,3.67,0.09,0.0024,2.6795,10.03,43809.66,7.8,93.81,9.649,-0,-0.9998,129.43,129.15,128.03,25.03,Cornering,"Hoosier 43075 16x7.5-10 R20, 7 inch rim",27649
78.61,1057.154,-1.46,-260.26,-97.39,0.01,2.76,4.24,0.09,0.015,2.6724,10.03,43805.09,7.79,93.8,9.683,-0,-0.9998,129.65,129.28,128.11,25.03,Cornering,"Hoosier 43075 16x7.5-10 R20, 7 inch rim",27650
78.6,1057.164,-2.34,-263.99,-99.35,0.009,2.25,4.3,0.03,0.0235,2.6572,10.05,158057.12,7.79,93.84,9.729,-0,-1,129.73,129.3,128.15,25.03,Cornering,"Hoosier 43075 16x7.5-10 R20, 7 inch rim",27651
78.58,1057.174,-2.37,-266.63,-101.38,0.004,1.78,4.19,0.16,0.0234,2.6301,10.04,25424.21,7.79,93.88,9.773,-0,-0.9997,129.76,129.28,128.29,25.03,Cornering,"Hoosier 43075 16x7.5-10 R20, 7 inch rim",27652
78.6,1057.184,-1.78,-268.05,-102.81,0.006,1.05,3.69,0.09,0.0174,2.6073,10.05,43787.6,7.79,93.92,9.813,-0,-0.9998,129.8,129.24,128.36,25.03,Cornering,"Hoosier 43075 16x7.5-10 R20, 7 inch rim",27653
78.61,1057.194,-0.59,-266.49,-103,0.006,1.03,3.07,0.09,0.0057,2.5874,10.02,43741.8,7.8,93.93,9.852,-0,-0.9998,129.88,129.24,128.4,25,Cornering,"Hoosier 43075 16x7.5-10 R20, 7 inch rim",27654
78.59,1057.204,0.17,-262.26,-102.57,-0.002,2.02,2.09,0.16,-0.0016,2.557,10.03,25380.57,7.8,93.94,9.879,-0,-0.9997,129.86,129.3,128.4,25,Cornering,"Hoosier 43075 16x7.5-10 R20, 7 inch rim",27655
78.6,1057.214,1.37,-256.63,-100.17,-0.007,2.75,1.83,0.09,-0.0137,2.5619,10.02,43732.66,7.8,93.96,9.919,-0,-0.9998,129.93,129.35,128.38,25,Cornering,"Hoosier 43075 16x7.5-10 R20, 7 inch rim",27656
78.62,1057.224,2.27,-252.18,-97.68,0.009,2.32,2.03,0.16,-0.0232,2.5816,10.02,25385.77,7.79,93.96,9.962,-0,-0.9997,130.01,129.44,128.31,25.01,Cornering,"Hoosier 43075 16x7.5-10 R20, 7 inch rim",27657
78.61,1057.234,2.27,-249.65,-95.87,0.001,3.2,2.19,0.16,-0.0237,2.6041,10.02,25382.35,7.79,93.92,10.005,-0,-0.9997,130.01,129.55,128.19,25.01,Cornering,"Hoosier 43075 16x7.5-10 R20, 7 inch rim",27658
78.58,1057.244,1.61,-250.44,-95.22,0.007,3.53,2.73,0.03,-0.0169,2.6301,10.02,157681.61,7.79,93.89,10.047,-0,-1,130.08,129.72,128.13,24.99,Cornering,"Hoosier 43075 16x7.5-10 R20, 7 inch rim",27659
78.61,1057.254,0.32,-253.99,-95.37,-0,3.33,3.12,0.09,-0.0034,2.6632,10.04,43669.49,7.8,93.91,10.084,-0,-0.9998,130.21,129.94,128.07,24.98,Cornering,"Hoosier 43075 16x7.5-10 R20, 7 inch rim",27660
78.63,1057.264,-0.93,-258.36,-96.96,0.003,2.97,3.77,0.09,0.0096,2.6646,10.04,43622.21,7.8,93.86,10.133,-0,-0.9998,130.4,130.05,128.13,24.96,Cornering,"Hoosier 43075 16x7.5-10 R20, 7 inch rim",27661
78.6,1057.274,-1.79,-262.4,-98.02,-0.002,1.82,4.36,0.09,0.0182,2.677,10.04,43607.5,7.8,93.83,10.165,-0,-0.9998,130.51,130.1,128.17,24.95,Cornering,"Hoosier 43075 16x7.5-10 R20, 7 inch rim",27662
78.6,1057.284,-2.1,-265.97,-100.79,-0.005,2.18,4.53,0.03,0.0208,2.6388,10.04,157388.31,7.8,93.82,10.194,-0,-1,130.55,130.14,128.29,24.96,Cornering,"Hoosier 43075 16x7.5-10 R20, 7 inch rim",27663
78.64,1057.294,-1.73,-267.84,-102.54,-0.007,2.05,4.4,0.16,0.0169,2.6121,10.04,25299.42,7.8,93.85,10.231,-0,-0.9997,130.53,130.07,128.4,24.94,Cornering,"Hoosier 43075 16x7.5-10 R20, 7 inch rim",27664
78.63,1057.304,-0.72,-268.21,-103.3,0.007,1.32,4.13,0.23,0.0069,2.5963,10.04,17822.77,7.8,93.83,10.286,-0,-0.9996,130.44,130.12,128.44,24.95,Cornering,"Hoosier 43075 16x7.5-10 R20, 7 inch rim",27665
78.6,1057.314,0.22,-265.54,-102.74,-0,1.38,2.99,0.09,-0.0022,2.5845,10.02,43565.74,7.8,93.79,10.319,-0,-0.9998,130.44,130.16,128.48,24.94,Cornering,"Hoosier 43075 16x7.5-10 R20, 7 inch rim",27666
78.62,1057.324,1.25,-260.56,-101.74,0.003,2.37,2.42,0.03,-0.0123,2.5612,10.04,157118.28,7.79,93.79,10.366,-0,-1,130.46,130.25,128.5,24.93,Cornering,"Hoosier 43075 16x7.5-10 R20, 7 inch rim",27667
78.64,1057.334,1.93,-255.26,-99.41,-0,2.57,1.96,0.09,-0.0194,2.5678,10.02,43523.39,7.79,93.78,10.403,-0,-0.9998,130.44,130.29,128.42,24.92,Cornering,"Hoosier 43075 16x7.5-10 R20, 7 inch rim",27668
78.61,1057.344,2.51,-251.53,-97.27,0.003,2.86,2.47,0.03,-0.0258,2.5858,10.02,157112.12,7.8,93.8,10.449,-0,-1,130.51,130.38,128.31,24.93,Cornering,"Hoosier 43075 16x7.5-10 R20, 7 inch rim",27669
78.61,1057.354,1.96,-249.97,-95.71,0.006,3.6,2.58,0.03,-0.0205,2.6119,10.02,157200.2,7.79,93.84,10.49,-0,-1,130.55,130.51,128.23,24.95,Cornering,"Hoosier 43075 16x7.5-10 R20, 7 inch rim",27670
78.64,1057.364,0.56,-251.83,-95.56,0.004,3.9,2.63,0.03,-0.0059,2.6352,10.02,157290.42,7.79,93.84,10.528,-0,-1,130.66,130.71,128.15,24.97,Cornering,"Hoosier 43075 16x7.5-10 R20, 7 inch rim",27671
78.64,1057.374,-0.98,-255.9,-96.01,0.01,2.98,2.92,0.09,0.0102,2.6652,10.04,43621.38,7.79,93.84,10.566,-0,-0.9998,130.83,131,128.17,24.99,Cornering,"Hoosier 43075 16x7.5-10 R20, 7 inch rim",27672
78.61,1057.384,-2.48,-260.24,-97.33,0.004,2.03,3.06,0.16,0.0255,2.6738,10.02,25321.32,7.79,93.85,10.605,-0,-0.9997,131.02,131.09,128.23,25,Cornering,"Hoosier 43075 16x7.5-10 R20, 7 inch rim",27673
78.64,1057.394,-3.14,-263.48,-99.29,-0.005,1.89,3.34,0.03,0.0317,2.6536,10.04,157444.95,7.8,93.83,10.651,-0,-1,131.15,131.09,128.34,25,Cornering,"Hoosier 43075 16x7.5-10 R20, 7 inch rim",27674
78.65,1057.404,-2.81,-266.48,-101.03,0.003,0.93,3.67,0.09,0.0278,2.6377,10.04,43624.3,7.79,93.85,10.685,-0,-0.9998,131.15,131.06,128.44,25,Cornering,"Hoosier 43075 16x7.5-10 R20, 7 inch rim",27675
78.63,1057.414,-2.09,-267.59,-103.01,0.009,1.52,3.11,0.09,0.0203,2.5978,10.03,43648.75,7.79,93.87,10.725,-0,-0.9998,131.11,131.02,128.52,25.02,Cornering,"Hoosier 43075 16x7.5-10 R20, 7 inch rim",27676
78.62,1057.424,-1.14,-266.34,-103.51,0.006,1.53,2.33,0.03,0.0111,2.5731,10.03,157534.78,7.79,93.87,10.757,-0,-1,131.07,131,128.6,25.03,Cornering,"Hoosier 43075 16x7.5-10 R20, 7 inch rim",27677
78.65,1057.434,-0.04,-262.59,-102.53,0.001,1.13,1.53,0.03,0.0004,2.561,10.04,157539.89,7.79,93.88,10.816,-0,-1,131.09,131.04,128.58,25.03,Cornering,"Hoosier 43075 16x7.5-10 R20, 7 inch rim",27678
78.65,1057.444,0.67,-256.82,-100.48,-0.002,1.44,0.65,0.09,-0.0067,2.5558,10.02,43650.1,7.79,93.87,10.853,-0,-0.9998,131.15,131.13,128.54,25.03,Cornering,"Hoosier 43075 16x7.5-10 R20, 7 inch rim",27679
78.63,1057.454,1.52,-251.71,-97.98,0.006,1.51,0.9,0.16,-0.0155,2.569,10.02,25315.05,7.79,93.88,10.884,-0,-0.9997,131.15,131.22,128.52,25.01,Cornering,"Hoosier 43075 16x7.5-10 R20, 7 inch rim",27680
78.64,1057.464,2.3,-248.75,-96.8,0.007,2.74,1.78,0.09,-0.0237,2.5697,10.02,43556.85,7.79,93.86,10.936,-0,-0.9998,131.22,131.35,128.42,24.98,Cornering,"Hoosier 43075 16x7.5-10 R20, 7 inch rim",27681
78.67,1057.474,1.23,-248.91,-95.26,0.01,2.48,1.69,0.09,-0.0129,2.6131,10.04,43531.7,7.79,93.81,10.969,-0,-0.9998,131.3,131.53,128.34,24.97,Cornering,"Hoosier 43075 16x7.5-10 R20, 7 inch rim",27682
78.65,1057.484,0.09,-251.7,-95.79,0.01,3.2,2.24,0.09,-0.0009,2.6278,10.02,43494.5,7.79,93.82,11.015,-0,-0.9998,131.47,131.79,128.25,24.96,Cornering,"Hoosier 43075 16x7.5-10 R20, 7 inch rim",27683
78.64,1057.494,-0.98,-256.02,-96.99,-0,3.49,2.88,0.09,0.0101,2.6395,10.03,43488.66,7.79,93.8,11.053,-0,-0.9998,131.62,132.05,128.23,24.96,Cornering,"Hoosier 43075 16x7.5-10 R20, 7 inch rim",27684
78.66,1057.504,-2.51,-259.93,-98.55,0.004,3,2.84,0.16,0.0255,2.6376,10.02,25221.2,7.79,93.79,11.086,-0,-0.9997,131.77,132.1,128.31,24.94,Cornering,"Hoosier 43075 16x7.5-10 R20, 7 inch rim",27685
78.67,1057.514,-2.7,-263.85,-100.71,0.01,2.47,3.28,0.03,0.0268,2.6198,10.04,156719.91,7.79,93.74,11.118,-0,-1,131.79,132.08,128.42,24.93,Cornering,"Hoosier 43075 16x7.5-10 R20, 7 inch rim",27686
78.65,1057.524,-2.02,-266.49,-102.45,0.006,1.58,3.74,-0.04,0.0197,2.6012,10.05,-97379.26,7.79,93.7,11.172,-0,-1.0001,131.75,131.99,128.5,24.92,Cornering,"Hoosier 43075 16x7.5-10 R20, 7 inch rim",27687
78.64,1057.534,-1.09,-266.79,-103.59,0.001,1.46,3.06,0.09,0.0105,2.5756,10.04,43393.37,7.79,93.66,11.215,-0,-0.9998,131.69,131.92,128.58,24.92,Cornering,"Hoosier 43075 16x7.5-10 R20, 7 inch rim",27688
78.68,1057.544,-0.28,-264.51,-104.09,0.016,1.97,2.09,0.09,0.0027,2.5412,10.03,43427.38,7.79,93.66,11.257,-0,-0.9998,131.67,131.92,128.64,24.94,Cornering,"Hoosier 43075 16x7.5-10 R20, 7 inch rim",27689
78.66,1057.554,0.57,-259.33,-102.48,0.004,2.12,1.11,0.09,-0.0055,2.5305,10.02,43421.64,7.79,93.6,11.294,-0,-0.9998,131.58,131.97,128.68,24.94,Cornering,"Hoosier 43075 16x7.5-10 R20, 7 inch rim",27690
78.64,1057.564,1.36,-253.89,-100.38,0.004,2.34,0.89,0.09,-0.0135,2.5291,10.02,43414.57,7.79,93.56,11.34,-0,-0.9998,131.6,132.12,128.66,24.94,Cornering,"Hoosier 43075 16x7.5-10 R20, 7 inch rim",27691
78.67,1057.574,1.65,-249.09,-97.9,0.013,2.82,1.04,0.09,-0.0169,2.5443,10.01,43419.55,7.79,93.52,11.372,-0,-0.9998,131.69,132.14,128.6,24.94,Cornering,"Hoosier 43075 16x7.5-10 R20, 7 inch rim",27692
78.68,1057.584,1.5,-246.72,-96.52,0.007,4.21,1.39,0.03,-0.0155,2.5563,10.02,156703.42,7.79,93.46,11.41,-0,-1,131.84,132.3,128.52,24.95,Cornering,"Hoosier 43075 16x7.5-10 R20, 7 inch rim",27693
78.66,1057.594,0.22,-247.95,-95.64,0.004,4.07,1.67,0.09,-0.0023,2.5925,10.02,43449.41,7.79,93.44,11.44,-0,-0.9998,131.94,132.56,128.48,24.97,Cornering,"Hoosier 43075 16x7.5-10 R20, 7 inch rim",27694
78.65,1057.604,-1.05,-250.87,-96.19,-0.003,4.42,1.95,0.03,0.0109,2.608,10.01,156954.2,7.79,93.44,11.481,-0,-1,132.07,132.8,128.46,25,Cornering,"Hoosier 43075 16x7.5-10 R20, 7 inch rim",27695
78.68,1057.614,-2.18,-255.42,-97.84,0.004,3.81,2.54,0.03,0.0222,2.6107,10.05,156965.39,7.79,93.45,11.526,-0,-1,132.25,132.89,128.52,25,Cornering,"Hoosier 43075 16x7.5-10 R20, 7 inch rim",27696
78.67,1057.624,-2.58,-260.11,-99.77,0.007,2.62,3.04,-0.04,0.0259,2.607,10.05,-97577.93,7.79,93.49,11.576,-0,-1.0001,132.37,132.85,128.6,25.01,Cornering,"Hoosier 43075 16x7.5-10 R20, 7 inch rim",27697
78.65,1057.634,-2.7,-263.52,-101.77,0.003,2.31,2.92,0.16,0.0265,2.5894,10.03,25222.06,7.79,93.55,11.597,-0,-0.9997,132.33,132.8,128.7,24.98,Cornering,"Hoosier 43075 16x7.5-10 R20, 7 inch rim",27698
78.67,1057.644,-2.4,-265.87,-103.07,0.006,1.34,1.85,0.03,0.0233,2.5795,10.03,156720.48,7.79,93.57,11.636,-0,-1,132.33,132.71,128.82,24.97,Cornering,"Hoosier 43075 16x7.5-10 R20, 7 inch rim",27699
78.68,1057.654,-2.25,-265.25,-104.36,0.004,1.53,-0.14,0.09,0.0215,2.5416,10.05,43402.25,7.79,93.63,11.675,-0,-0.9998,132.35,132.69,128.94,24.96,Cornering,"Hoosier 43075 16x7.5-10 R20, 7 inch rim",27700
78.66,1057.664,-2.06,-260.9,-104.02,0.009,2.53,-2.35,0.09,0.0198,2.5081,10.02,43399.05,7.79,93.63,11.695,-0,-0.9998,132.4,132.74,128.96,24.96,Cornering,"Hoosier 43075 16x7.5-10 R20, 7 inch rim",27701
78.66,1057.674,-3.36,-254.36,-102.67,0.009,4.07,-5.95,0.09,0.0327,2.4775,10.01,43413.48,7.79,93.65,11.73,-0,-0.9998,132.42,132.82,128.96,24.97,Cornering,"Hoosier 43075 16x7.5-10 R20, 7 inch rim",27702
78.68,1057.684,-6.02,-247.81,-100.87,0.009,5.79,-10.24,0.03,0.0597,2.4568,10.02,156760.2,7.79,93.67,11.756,-0,-1,132.55,132.93,128.88,24.99,Cornering,"Hoosier 43075 16x7.5-10 R20, 7 inch rim",27703
78.68,1057.694,-7.96,-244.85,-98.72,0.007,5.38,-12.67,0.09,0.0807,2.4802,10.02,43428.12,7.79,93.71,11.765,-0,-0.9998,132.63,133.02,128.82,24.98,Cornering,"Hoosier 43075 16x7.5-10 R20, 7 inch rim",27704
78.66,1057.704,-8.15,-245.78,-96.72,0.007,3.8,-12.07,0.16,0.0843,2.5413,10.05,25211.98,7.79,93.7,11.769,-0,-0.9997,132.78,133.16,128.72,24.99,Cornering,"Hoosier 43075 16x7.5-10 R20, 7 inch rim",27705
78.67,1057.714,-7.07,-249.35,-96.21,0.003,2.33,-9.19,0.09,0.0735,2.5917,10.02,43414.59,7.79,93.74,11.786,-0,-0.9998,132.93,133.46,128.62,24.98,Cornering,"Hoosier 43075 16x7.5-10 R20, 7 inch rim",27706
78.7,1057.724,-7.15,-253.84,-96.87,-0.003,1.51,-7.28,0.09,0.0738,2.6204,10.02,43403.36,7.79,93.77,11.793,-0,-0.9998,133.08,133.66,128.68,24.97,Cornering,"Hoosier 43075 16x7.5-10 R20, 7 inch rim",27707
78.66,1057.734,-9.11,-257.9,-99.06,-0,1.44,-7.83,0.03,0.092,2.6034,10.04,156629.53,7.79,93.76,11.793,-0,-1,133.3,133.77,128.72,24.97,Cornering,"Hoosier 43075 16x7.5-10 R20, 7 inch rim",27708
78.65,1057.744,-11.21,-259.76,-100.77,-0.003,1.39,-9.31,0.16,0.1113,2.5779,10.03,25180.6,7.79,93.73,11.792,-0,-0.9997,133.36,133.68,128.82,24.96,Cornering,"Hoosier 43075 16x7.5-10 R20, 7 inch rim",27709
78.69,1057.754,-12.58,-262.14,-103.08,0.007,1.09,-11.11,0.16,0.122,2.543,10.03,25186.58,7.79,93.72,11.791,-0,-0.9997,133.34,133.6,129,24.97,Cornering,"Hoosier 43075 16x7.5-10 R20, 7 inch rim",27710
78.67,1057.774,-10.45,-260.41,-105.24,-0.002,1.89,-11.59,0.16,0.0993,2.4743,10.01,25179.8,7.79,93.73,12.281,-0,-0.9997,133.3,133.57,129.16,24.96,Cornering,"Hoosier 43075 16x7.5-10 R20, 7 inch rim",27711
78.67,1057.784,-7,-257.01,-104.51,0.004,1.87,-9.12,0.03,0.067,2.4591,10.02,156596.5,7.79,93.77,12.269,-0,-1,133.3,133.57,129.24,24.97,Cornering,"Hoosier 43075 16x7.5-10 R20, 7 inch rim",27712
78.71,1057.794,-4.03,-251.41,-102.32,0.001,1.71,-6.59,0.16,0.0394,2.4571,10.02,25175.29,7.79,93.76,12.267,-0,-0.9997,133.45,133.75,129.12,24.96,Cornering,"Hoosier 43075 16x7.5-10 R20, 7 inch rim",27713
78.68,1057.804,-2.45,-246.48,-99.77,0.016,1.85,-4.58,0.09,0.0246,2.4704,10.03,43383.91,7.79,93.78,12.27,-0,-0.9998,133.43,133.86,128.96,24.96,Cornering,"Hoosier 43075 16x7.5-10 R20, 7 inch rim",27714
78.66,1057.814,-1.73,-243.63,-98.17,0.004,2.83,-2.72,0.09,0.0176,2.4817,10.02,43396.75,7.79,93.8,12.253,-0,-0.9998,133.49,133.9,128.76,24.97,Cornering,"Hoosier 43075 16x7.5-10 R20, 7 inch rim",27715
78.69,1057.824,-1.24,-243.16,-97.42,0.007,3.86,-0.28,0.09,0.0127,2.496,10.02,43388.05,7.79,93.8,12.244,-0,-0.9998,133.58,134.04,128.48,24.96,Cornering,"Hoosier 43075 16x7.5-10 R20, 7 inch rim",27716
78.7,1057.834,0.25,-245.65,-97.72,0.006,4.09,3.74,0.23,-0.0026,2.5138,10.03,17745,7.79,93.82,12.23,-0,-0.9996,133.66,134.28,128.34,24.97,Cornering,"Hoosier 43075 16x7.5-10 R20, 7 inch rim",27717
78.67,1057.844,1.14,-249.42,-98.2,0.013,2.5,7.25,0.03,-0.0116,2.54,10.04,156691.64,7.79,93.88,12.23,-0,-1,133.88,134.37,128.19,24.98,Cornering,"Hoosier 43075 16x7.5-10 R20, 7 inch rim",27718
78.67,1057.854,1.87,-252.52,-100.46,0.007,2.89,9.93,0.09,-0.0186,2.5137,10.02,43431.11,7.79,93.89,12.227,-0,-0.9998,133.98,134.32,128.11,24.98,Cornering,"Hoosier 43075 16x7.5-10 R20, 7 inch rim",27719
78.7,1057.864,1.95,-256.54,-102.88,-0.003,1.68,10.99,0.03,-0.0189,2.4937,10.02,156763.52,7.79,93.94,12.231,-0,-1,133.94,134.19,128.13,24.99,Cornering,"Hoosier 43075 16x7.5-10 R20, 7 inch rim",27720
78.69,1057.874,2.63,-259.39,-105.02,0.006,0.79,11.5,0.09,-0.025,2.4699,10.03,43423.56,7.79,93.98,12.211,-0,-0.9998,133.83,134.08,128.13,24.98,Cornering,"Hoosier 43075 16x7.5-10 R20, 7 inch rim",27721
78.66,1057.884,3.78,-260.31,-106.21,0.001,0.65,11.08,0.23,-0.0356,2.4508,10.03,17749.96,7.79,94.02,12.217,-0,-0.9996,133.81,133.97,128.19,24.97,Cornering,"Hoosier 43075 16x7.5-10 R20, 7 inch rim",27722
78.68,1057.894,4.24,-258.46,-105.74,0.007,0.62,9.07,0.3,-0.0401,2.4444,10.02,13697.65,7.79,94.02,12.211,-0,-0.9994,133.77,133.97,128.31,24.97,Cornering,"Hoosier 43075 16x7.5-10 R20, 7 inch rim",27723
78.71,1057.904,4.42,-253.44,-103.8,-0.002,1.29,6.81,0.09,-0.0426,2.4416,10.02,43422.41,7.79,94.04,12.218,-0,-0.9998,133.75,134.08,128.31,24.98,Cornering,"Hoosier 43075 16x7.5-10 R20, 7 inch rim",27724
78.68,1057.914,3.38,-248.13,-100.83,-0.005,1.8,4.01,0.03,-0.0336,2.4608,10.02,156815.64,7.79,94.05,12.204,-0,-1,133.75,134.23,128.34,25,Cornering,"Hoosier 43075 16x7.5-10 R20, 7 inch rim",27725
78.67,1057.924,0.64,-243.93,-98.51,0.001,2.67,0.07,-0.04,-0.0065,2.4763,10.02,-97523.66,7.79,94.04,12.208,-0,-1.0001,133.81,134.28,128.34,25.01,Cornering,"Hoosier 43075 16x7.5-10 R20, 7 inch rim",27726
78.71,1057.934,-3.14,-241.55,-96.52,-0.006,3.4,-4.32,0.03,0.0325,2.5028,10.03,156900.78,7.79,94.01,12.183,-0,-1,133.9,134.39,128.31,25.01,Cornering,"Hoosier 43075 16x7.5-10 R20, 7 inch rim",27727
78.7,1057.944,-7.23,-243.13,-96.01,0.003,3.33,-8.46,0.03,0.0753,2.5324,10.03,156873.5,7.79,93.98,12.167,-0,-1,134.03,134.63,128.4,25,Cornering,"Hoosier 43075 16x7.5-10 R20, 7 inch rim",27728
78.67,1057.954,-10.84,-246.71,-97.34,0.004,4.12,-11.56,0.09,0.1114,2.5346,10.02,43434.77,7.79,93.93,12.141,-0,-0.9998,134.13,134.87,128.5,24.98,Cornering,"Hoosier 43075 16x7.5-10 R20, 7 inch rim",27729
78.69,1057.964,-13.78,-250.63,-99.19,0.013,4.16,-13.98,0.09,0.1389,2.5267,10.02,43399.24,7.79,93.93,12.111,-0,-0.9998,134.35,134.96,128.66,24.96,Cornering,"Hoosier 43075 16x7.5-10 R20, 7 inch rim",27730
78.71,1057.974,-16.7,-255.43,-101.25,0.006,3.02,-16.76,0.03,0.1649,2.5227,10.04,156706.25,7.79,93.94,12.078,-0,-1,134.35,134.89,128.86,24.97,Cornering,"Hoosier 43075 16x7.5-10 R20, 7 inch rim",27731
78.68,1057.984,-18.49,-258.37,-103.37,-0.003,2.64,-19.14,0.09,0.1788,2.4993,10.05,43398,7.79,93.99,12.055,-0,-0.9998,134.35,134.76,129.04,24.95,Cornering,"Hoosier 43075 16x7.5-10 R20, 7 inch rim",27732
78.67,1057.994,-18.82,-260.71,-104.8,-0.003,1.04,-20.46,0.09,0.1796,2.4878,10.04,43406.8,7.79,94.05,11.999,-0,-0.9998,134.3,134.61,129.18,24.95,Cornering,"Hoosier 43075 16x7.5-10 R20, 7 inch rim",27733
78.7,1058.004,-16.82,-260.44,-105.58,0.003,-0.17,-19.83,0.03,0.1593,2.4667,10.02,156620.97,7.79,94.1,11.972,-0,-1,134.35,134.52,129.41,24.94,Cornering,"Hoosier 43075 16x7.5-10 R20, 7 inch rim",27734
78.7,1058.014,-12.66,-255.62,-104.28,0.001,-0.73,-16.32,0.03,0.1214,2.4512,10.03,156651.7,7.79,94.14,11.918,-0,-1,134.37,134.52,129.47,24.94,Cornering,"Hoosier 43075 16x7.5-10 R20, 7 inch rim",27735
78.67,1058.024,-7.57,-249.59,-102,0.012,-0.71,-11.11,0.03,0.0742,2.447,10.03,156675.06,7.79,94.13,11.876,-0,-1,134.45,134.67,129.53,24.94,Cornering,"Hoosier 43075 16x7.5-10 R20, 7 inch rim",27736
78.68,1058.034,-3.44,-243.35,-99.79,0.009,1.34,-6.02,0.16,0.0345,2.4386,10,25221.71,7.79,94.14,11.825,-0,-0.9997,134.5,134.76,129.53,24.96,Cornering,"Hoosier 43075 16x7.5-10 R20, 7 inch rim",27737
78.71,1058.044,-0.7,-238.78,-97.27,-0.003,2.94,-1.86,-0.04,0.0072,2.4548,10.03,-97495.87,7.79,94.12,11.775,-0,-1.0001,134.61,134.89,129.47,24.96,Cornering,"Hoosier 43075 16x7.5-10 R20, 7 inch rim",27738
78.69,1058.054,-0.28,-238.66,-96.09,0.007,3.93,0.8,0.09,0.0029,2.4837,10.04,43509.67,7.79,94.1,11.727,-0,-0.9998,134.69,135.09,129.39,24.98,Cornering,"Hoosier 43075 16x7.5-10 R20, 7 inch rim",27739
78.67,1058.064,-0.23,-241.63,-96.25,0.013,4.39,3.51,0.09,0.0024,2.5104,10.01,43517.14,7.79,94.05,11.679,-0,-0.9998,134.84,135.36,129.35,24.98,Cornering,"Hoosier 43075 16x7.5-10 R20, 7 inch rim",27740
78.7,1058.074,0.08,-246.14,-97.2,0.013,4.06,6.37,0.09,-0.0008,2.5324,10.03,43525.03,7.79,94.05,11.627,-0,-0.9998,134.97,135.55,129.43,24.98,Cornering,"Hoosier 43075 16x7.5-10 R20, 7 inch rim",27741
78.71,1058.084,1.3,-251.73,-99.2,0.006,3.05,9.81,0.23,-0.0131,2.5375,10.02,17805.9,7.79,94.04,11.6,-0,-0.9996,135.06,135.55,129.49,25,Cornering,"Hoosier 43075 16x7.5-10 R20, 7 inch rim",27742
78.68,1058.094,2.74,-256.72,-101.41,0.003,1.15,12.55,0.16,-0.027,2.5315,10.02,25288.45,7.79,94.02,11.536,-0,-0.9997,135.01,135.47,129.61,25,Cornering,"Hoosier 43075 16x7.5-10 R20, 7 inch rim",27743
78.68,1058.104,3.5,-260.6,-103.52,-0.002,-0.08,13.14,0.09,-0.0338,2.5175,10.03,43584.77,7.79,94.04,11.5,-0,-0.9998,134.93,135.33,129.67,25.01,Cornering,"Hoosier 43075 16x7.5-10 R20, 7 inch rim",27744
78.71,1058.114,4.22,-262.46,-105.51,-0.007,-0.43,12.54,0.09,-0.04,2.4876,10.02,43568.88,7.8,94.05,11.471,-0,-0.9998,134.88,135.22,129.83,25,Cornering,"Hoosier 43075 16x7.5-10 R20, 7 inch rim",27745
78.69,1058.124,4.94,-260.61,-105.54,-0.002,-0.13,11.52,0.09,-0.0468,2.4693,10.02,43544.59,7.79,94.08,11.431,-0,-0.9998,134.84,135.18,129.91,24.98,Cornering,"Hoosier 43075 16x7.5-10 R20, 7 inch rim",27746
78.67,1058.134,5.57,-255.64,-103.47,0.004,0.5,10.36,0.09,-0.0539,2.4708,10.01,43500.28,7.79,94.09,11.389,-0,-0.9998,134.86,135.22,129.95,24.95,Cornering,"Hoosier 43075 16x7.5-10 R20, 7 inch rim",27747
78.7,1058.144,5.79,-249.88,-100.7,0.006,1.39,9.19,0.16,-0.0575,2.4815,10.02,25244.41,7.79,94.09,11.368,-0,-0.9997,134.93,135.33,129.85,24.94,Cornering,"Hoosier 43075 16x7.5-10 R20, 7 inch rim",27748
78.71,1058.154,6.15,-243.92,-97.84,-0.002,3.46,9.08,0.03,-0.0628,2.493,10.02,157052.64,7.79,94.06,11.321,-0,-1,134.97,135.42,129.81,24.96,Cornering,"Hoosier 43075 16x7.5-10 R20, 7 inch rim",27749
78.68,1058.164,5.69,-242.02,-95.45,-0.006,3.78,8.86,0.09,-0.0597,2.5357,10.02,43565.93,7.8,94.05,11.288,-0,-0.9998,135.03,135.55,129.67,24.98,Cornering,"Hoosier 43075 16x7.5-10 R20, 7 inch rim",27750
78.68,1058.174,3.44,-243.1,-95.4,-0.005,5.35,7.59,0.09,-0.036,2.5483,10.01,43620.71,7.8,94,11.259,-0,-0.9998,135.14,135.71,129.61,25.01,Cornering,"Hoosier 43075 16x7.5-10 R20, 7 inch rim",27751
78.71,1058.184,1.18,-247.52,-95.83,0.013,4.49,6.52,0.03,-0.0123,2.583,10.03,157319.66,7.79,93.93,11.231,-0,-1,135.27,135.95,129.57,24.99,Cornering,"Hoosier 43075 16x7.5-10 R20, 7 inch rim",27752
78.7,1058.194,-1.59,-253.53,-98.34,-0.003,4.1,4.8,0.16,0.0162,2.5782,10.02,25294.36,7.8,93.91,11.196,-0,-0.9997,135.33,135.97,129.61,24.98,Cornering,"Hoosier 43075 16x7.5-10 R20, 7 inch rim",27753
78.67,1058.204,-3.07,-258.73,-99.63,0.009,1.27,3.75,0.16,0.0308,2.597,10.02,25290.2,7.79,93.88,11.176,-0,-0.9997,135.44,135.86,129.75,24.97,Cornering,"Hoosier 43075 16x7.5-10 R20, 7 inch rim",27754
78.7,1058.214,-4.19,-263.54,-102.56,0.003,0.6,2.18,0.16,0.0408,2.5695,10.02,25289.06,7.79,93.88,11.12,-0,-0.9997,135.42,135.75,129.87,24.97,Cornering,"Hoosier 43075 16x7.5-10 R20, 7 inch rim",27755
78.71,1058.224,-4.37,-266.49,-104.05,-0,-0.22,0.47,0.09,0.042,2.5611,10.03,43555.08,7.79,93.88,11.086,-0,-0.9998,135.36,135.58,130.03,24.96,Cornering,"Hoosier 43075 16x7.5-10 R20, 7 inch rim",27756
78.68,1058.234,-4.33,-266.63,-103.94,-0.003,-0.6,-1.75,0.09,0.0416,2.5654,10.04,43559.44,7.79,93.86,11.056,-0,-0.9998,135.33,135.47,130.11,24.96,Cornering,"Hoosier 43075 16x7.5-10 R20, 7 inch rim",27757
78.68,1058.244,-3.97,-263.53,-103.1,0.001,0.41,-3.48,0.16,0.0385,2.5561,10.02,25280.72,7.79,93.89,11.01,-0,-0.9997,135.33,135.49,130.13,24.95,Cornering,"Hoosier 43075 16x7.5-10 R20, 7 inch rim",27758
78.71,1058.254,-3.26,-257.46,-100.98,0.004,2.21,-4.32,0.09,0.0323,2.5496,10.02,43551.18,7.79,93.9,10.973,-0,-0.9998,135.38,135.58,129.99,24.94,Cornering,"Hoosier 43075 16x7.5-10 R20, 7 inch rim",27759
78.7,1058.264,-3.18,-251.23,-98.35,0.009,3.82,-5.09,0.09,0.0323,2.5546,10.02,43565.61,7.79,93.92,10.943,-0,-0.9998,135.42,135.66,129.89,24.95,Cornering,"Hoosier 43075 16x7.5-10 R20, 7 inch rim",27760
78.67,1058.274,-3.19,-247.82,-95.79,0.014,4.04,-4.88,0.09,0.0333,2.5872,10.03,43551.11,7.79,93.93,10.903,-0,-0.9998,135.48,135.75,129.79,24.94,Cornering,"Hoosier 43075 16x7.5-10 R20, 7 inch rim",27761
78.69,1058.284,-3.15,-247.13,-95.02,-0.002,5.08,-3.88,0.09,0.0331,2.6007,10.01,43527.66,7.79,93.99,10.854,-0,-0.9998,135.57,135.91,129.63,24.92,Cornering,"Hoosier 43075 16x7.5-10 R20, 7 inch rim",27762
78.71,1058.294,-3.82,-250.42,-95.26,0.003,4.21,-2.91,0.09,0.0401,2.6289,10.02,43556.22,7.79,94.01,10.795,-0,-0.9998,135.74,136.26,129.55,24.93,Cornering,"Hoosier 43075 16x7.5-10 R20, 7 inch rim",27763
78.69,1058.304,-4.83,-255.73,-96.88,0.006,2.82,-1.79,0.03,0.0499,2.6397,10.02,157196.45,7.79,94.01,10.765,-0,-1,135.85,136.43,129.55,24.93,Cornering,"Hoosier 43075 16x7.5-10 R20, 7 inch rim",27764
78.67,1058.314,-5.5,-260.68,-98.36,-0.006,1.28,-0.55,0.09,0.056,2.6503,10.03,43567.71,7.8,93.99,10.714,-0,-0.9998,135.96,136.43,129.57,24.93,Cornering,"Hoosier 43075 16x7.5-10 R20, 7 inch rim",27765
78.71,1058.324,-5.17,-265.56,-100.38,0.006,-0.32,1.08,0.16,0.0515,2.6456,10.03,25296.11,7.79,93.98,10.681,-0,-0.9997,135.98,136.32,129.69,24.94,Cornering,"Hoosier 43075 16x7.5-10 R20, 7 inch rim",27766
78.71,1058.334,-3.14,-268.73,-102.49,0.02,-0.51,3.58,0.09,0.0306,2.6221,10.03,43609.49,7.79,93.97,10.632,-0,-0.9998,135.91,136.15,129.79,24.95,Cornering,"Hoosier 43075 16x7.5-10 R20, 7 inch rim",27767
78.68,1058.344,-1.35,-269.44,-103.45,0.001,0.17,4.51,0.16,0.013,2.6045,10.02,25357.24,7.79,93.95,10.579,-0,-0.9997,135.81,136.08,129.95,24.99,Cornering,"Hoosier 43075 16x7.5-10 R20, 7 inch rim",27768
78.69,1058.354,0.54,-267.1,-102.84,-0,0.94,5.08,0.03,-0.0053,2.5971,10.02,157745.47,7.79,93.95,10.546,-0,-1,135.85,136.04,129.97,25,Cornering,"Hoosier 43075 16x7.5-10 R20, 7 inch rim",27769
78.72,1058.364,2.87,-262.32,-101.59,0.014,2.19,6.09,0.03,-0.0283,2.5822,10.01,157769.72,7.79,93.92,10.497,-0,-1,135.89,136.06,129.95,25,Cornering,"Hoosier 43075 16x7.5-10 R20, 7 inch rim",27770
78.68,1058.374,4.51,-256.83,-99.72,0.007,3.82,6.65,0.16,-0.0452,2.5755,10.01,25359.84,7.79,93.88,10.473,-0,-0.9997,135.96,136.13,129.87,24.98,Cornering,"Hoosier 43075 16x7.5-10 R20, 7 inch rim",27771
78.67,1058.384,5.34,-252.76,-97.24,0.003,4.19,6.97,0.09,-0.0549,2.5995,10.01,43719.59,7.79,93.83,10.422,-0,-0.9998,136.11,136.32,129.77,25,Cornering,"Hoosier 43075 16x7.5-10 R20, 7 inch rim",27772
78.71,1058.394,5.44,-251.05,-95.15,0.003,3.9,7.51,0.09,-0.0572,2.6383,10,43725.83,7.79,93.8,10.376,-0,-0.9998,136.26,136.37,129.61,25,Cornering,"Hoosier 43075 16x7.5-10 R20, 7 inch rim",27773
78.71,1058.404,4.89,-253.23,-94.65,0.003,3.03,8.05,0.03,-0.0516,2.6753,10.02,157879.05,7.79,93.75,10.35,-0,-1,136.47,136.61,129.49,25.01,Cornering,"Hoosier 43075 16x7.5-10 R20, 7 inch rim",27774
78.68,1058.414,3.22,-256.98,-95.53,0.007,2.25,8.09,0.16,-0.0337,2.6901,10.01,25413.83,7.79,93.74,10.311,-0,-0.9997,136.62,136.85,129.45,25.03,Cornering,"Hoosier 43075 16x7.5-10 R20, 7 inch rim",27775
78.68,1058.424,0.89,-261.36,-97.25,0.012,1.41,7.15,0.23,-0.0091,2.6875,10.03,17912.47,7.79,93.75,10.278,-0,-0.9996,136.77,136.99,129.45,25.04,Cornering,"Hoosier 43075 16x7.5-10 R20, 7 inch rim",27776
78.71,1058.434,-1.14,-265.07,-99.4,0.003,0.87,6.11,0.09,0.0114,2.6666,10.01,43784.4,7.79,93.76,10.243,-0,-0.9998,136.86,136.88,129.53,25.02,Cornering,"Hoosier 43075 16x7.5-10 R20, 7 inch rim",27777
78.69,1058.444,-2.13,-267.41,-100.88,0.001,0.57,4.97,0.03,0.0211,2.6508,9.99,157872,7.79,93.79,10.214,-0,-1,136.79,136.72,129.63,25,Cornering,"Hoosier 43075 16x7.5-10 R20, 7 inch rim",27778
78.67,1058.454,-2.4,-268.51,-103,0.004,1.37,3.46,0.09,0.0233,2.6067,10.02,43702.68,7.79,93.82,10.171,-0,-0.9998,136.69,136.59,129.69,24.97,Cornering,"Hoosier 43075 16x7.5-10 R20, 7 inch rim",27779
78.7,1058.464,-2.13,-267.41,-103.16,0.003,1.89,1.71,0.03,0.0206,2.5921,10.02,157619.02,7.79,93.86,10.131,-0,-1,136.64,136.5,129.71,24.95,Cornering,"Hoosier 43075 16x7.5-10 R20, 7 inch rim",27780
78.72,1058.474,-2.27,-263.85,-102.61,0.01,3.03,-0.64,0.09,0.0222,2.5713,10.02,43651.1,7.79,93.87,10.101,-0,-0.9998,136.64,136.46,129.69,24.93,Cornering,"Hoosier 43075 16x7.5-10 R20, 7 inch rim",27781
78.68,1058.484,-2.2,-258.82,-100.53,-0,3.47,-2.62,0.09,0.0218,2.5746,10.01,43677.24,7.79,93.85,10.056,-0,-0.9998,136.66,136.57,129.63,24.94,Cornering,"Hoosier 43075 16x7.5-10 R20, 7 inch rim",27782
78.68,1058.494,-1.78,-254.62,-97.76,0.001,2.85,-3.42,0.09,0.0182,2.6046,10.02,43692.84,7.79,93.81,10.015,-0,-0.9998,136.79,136.68,129.49,24.95,Cornering,"Hoosier 43075 16x7.5-10 R20, 7 inch rim",27783
78.71,1058.504,-1.87,-252.02,-96.2,0.013,3.13,-3.52,0.23,0.0194,2.6197,10.02,17858.48,7.79,93.81,9.973,-0,-0.9996,136.92,136.79,129.33,24.94,Cornering,"Hoosier 43075 16x7.5-10 R20, 7 inch rim",27784
78.7,1058.514,-2.35,-252.3,-94.89,0.006,2.45,-3.01,0.03,0.0248,2.6588,10,157631.23,7.79,93.75,9.95,-0,-1,137.07,136.9,129.24,24.94,Cornering,"Hoosier 43075 16x7.5-10 R20, 7 inch rim",27785
78.67,1058.524,-3.62,-255.05,-95.45,-0.006,2.82,-2.43,0.09,0.038,2.6722,10,43688.74,7.8,93.73,9.89,-0,-0.9998,137.29,137.18,129.14,24.94,Cornering,"Hoosier 43075 16x7.5-10 R20, 7 inch rim",27786
78.7,1058.534,-4.68,-259.15,-96.49,0.007,1.96,-1.18,0.03,0.0485,2.6859,10.02,157856.59,7.79,93.73,9.86,-0,-1,137.48,137.4,129.14,24.97,Cornering,"Hoosier 43075 16x7.5-10 R20, 7 inch rim",27787
78.72,1058.544,-5.45,-262.87,-98.47,0.001,2.05,0.05,0.03,0.0554,2.6694,10.03,158029.78,7.79,93.72,9.803,-0,-1,137.59,137.4,129.22,24.99,Cornering,"Hoosier 43075 16x7.5-10 R20, 7 inch rim",27788
78.69,1058.554,-5.54,-265.68,-100.01,0.001,1.79,1.32,0.03,0.0554,2.6564,10.02,158234.23,7.79,93.75,9.757,-0,-1,137.52,137.25,129.28,25.02,Cornering,"Hoosier 43075 16x7.5-10 R20, 7 inch rim",27789
78.68,1058.564,-4.26,-267.56,-102.02,0.004,2.3,2.67,0.16,0.0417,2.6227,10.02,25471.24,7.79,93.85,9.713,-0,-0.9997,137.48,137.12,129.43,25.04,Cornering,"Hoosier 43075 16x7.5-10 R20, 7 inch rim",27790
78.71,1058.574,-2.19,-268.49,-102.72,0.001,1.71,3.71,0.09,0.0213,2.6138,10.01,43859.16,7.79,93.91,9.67,-0,-0.9998,137.35,136.96,129.49,25.02,Cornering,"Hoosier 43075 16x7.5-10 R20, 7 inch rim",27791
78.7,1058.584,-0.57,-266.35,-102.49,0.01,1.78,3.63,0.09,0.0055,2.5987,10.02,43865.13,7.79,93.99,9.623,-0,-0.9998,137.31,136.85,129.51,25.02,Cornering,"Hoosier 43075 16x7.5-10 R20, 7 inch rim",27792
78.67,1058.594,1.56,-262.71,-101.54,-0.005,2.56,4.27,0.03,-0.0153,2.5874,10.03,158351.44,7.79,94.05,9.581,-0,-1,137.31,136.83,129.53,25.03,Cornering,"Hoosier 43075 16x7.5-10 R20, 7 inch rim",27793
78.68,1058.604,3.29,-258.42,-99.57,0.013,2.26,4.96,-0.04,-0.033,2.5953,10,-98464.73,7.79,94.07,9.555,-0,-1.0001,137.37,136.92,129.45,25.03,Cornering,"Hoosier 43075 16x7.5-10 R20, 7 inch rim",27794
78.71,1058.614,4.53,-254.94,-97.4,-0,2.23,5.86,0.03,-0.0465,2.6176,10.01,158462.27,7.79,94.12,9.498,-0,-1,137.44,137.01,129.33,25.04,Cornering,"Hoosier 43075 16x7.5-10 R20, 7 inch rim",27795
78.69,1058.624,4.75,-253.72,-95.91,0.007,2.39,6.67,0.03,-0.0496,2.6453,10.02,158327.72,7.79,94.12,9.471,-0,-1,137.52,137.14,129.24,25.01,Cornering,"Hoosier 43075 16x7.5-10 R20, 7 inch rim",27796
78.67,1058.634,4,-254.78,-95.54,0.001,2.72,7.14,-0.04,-0.0419,2.6668,10.02,-98387.03,7.79,94.11,9.425,-0,-1.0001,137.61,137.34,129.14,25,Cornering,"Hoosier 43075 16x7.5-10 R20, 7 inch rim",27797
78.71,1058.644,2.36,-257.41,-96.19,-0.002,3.01,7.36,0.03,-0.0245,2.676,10,158291.33,7.79,94.07,9.388,-0,-1,137.76,137.62,129.12,25,Cornering,"Hoosier 43075 16x7.5-10 R20, 7 inch rim",27798
78.71,1058.654,0.35,-260.38,-97.3,-0,2.77,6.89,0.09,-0.0036,2.6761,10.02,43857.55,7.79,94.06,9.356,-0,-0.9998,137.82,137.71,129.14,25,Cornering,"Hoosier 43075 16x7.5-10 R20, 7 inch rim",27799
78.68,1058.664,-1.41,-263.06,-99.09,0.007,2.55,6.26,0.16,0.0143,2.6546,10.02,25458.93,7.79,94.08,9.312,-0,-0.9997,137.91,137.56,129.26,25,Cornering,"Hoosier 43075 16x7.5-10 R20, 7 inch rim",27800
78.69,1058.674,-2.13,-265.4,-101.76,0.007,3.02,5.51,-0.04,0.0209,2.6081,10.02,-98402.75,7.79,94.07,9.285,-0,-1.0001,137.78,137.38,129.37,25,Cornering,"Hoosier 43075 16x7.5-10 R20, 7 inch rim",27801
78.71,1058.684,-2.5,-266.79,-102.95,0.004,2.42,3.95,0.03,0.0243,2.5915,10.02,158239.81,7.79,94.08,9.255,-0,-1,137.72,137.25,129.47,24.98,Cornering,"Hoosier 43075 16x7.5-10 R20, 7 inch rim",27802
78.7,1058.694,-1.47,-266.79,-103.6,0.004,2.33,3,0.09,0.0142,2.5753,10.01,43834.77,7.79,94.07,9.209,-0,-0.9998,137.63,137.18,129.53,24.97,Cornering,"Hoosier 43075 16x7.5-10 R20, 7 inch rim",27803
78.67,1058.704,-1.11,-264.47,-102.55,0.009,1.78,1.27,0.03,0.0109,2.5789,9.99,158050.02,7.79,94.07,9.184,-0,-1,137.61,137.14,129.49,24.95,Cornering,"Hoosier 43075 16x7.5-10 R20, 7 inch rim",27804
78.71,1058.714,-0.69,-260.4,-101.1,0.003,1.99,-0.19,0.23,0.0068,2.5756,10.01,17901.07,7.79,94.09,9.139,-0,-0.9996,137.69,137.18,129.41,24.94,Cornering,"Hoosier 43075 16x7.5-10 R20, 7 inch rim",27805
78.71,1058.724,-0.83,-256.36,-98.26,0.006,1.6,-1.41,0.09,0.0085,2.6091,10.02,43766.54,7.79,94.11,9.099,-0,-0.9998,137.74,137.23,129.28,24.93,Cornering,"Hoosier 43075 16x7.5-10 R20, 7 inch rim",27806
78.68,1058.734,-1.41,-253.55,-96.8,0.004,2.22,-2.19,0.03,0.0146,2.6192,10.01,157960.89,7.79,94.13,9.05,-0,-1,137.89,137.25,129.2,24.93,Cornering,"Hoosier 43075 16x7.5-10 R20, 7 inch rim",27807
78.69,1058.744,-2.15,-252.72,-95.47,-0.007,2.57,-2.17,0.09,0.0225,2.6471,10.01,43776.01,7.8,94.14,9.018,-0,-0.9998,138.02,137.38,129.06,24.93,Cornering,"Hoosier 43075 16x7.5-10 R20, 7 inch rim",27808
78.71,1058.754,-3.37,-254.45,-95.82,-0,3.56,-1.42,0.03,0.0352,2.6556,9.99,157956.94,7.8,94.19,8.973,-0,-1,138.17,137.56,128.98,24.92,Cornering,"Hoosier 43075 16x7.5-10 R20, 7 inch rim",27809
78.7,1058.764,-4.71,-257.62,-96.78,0.013,3.11,-0.55,0.09,0.0486,2.6619,10.02,43775.88,7.79,94.23,8.932,-0,-0.9998,138.3,137.73,129.04,24.92,Cornering,"Hoosier 43075 16x7.5-10 R20, 7 inch rim",27810
78.67,1058.774,-5.43,-260.59,-98.89,0.016,3.6,0.82,0.16,0.0549,2.6352,10.02,25422.61,7.79,94.23,8.897,-0,-0.9997,138.38,137.73,129.02,24.93,Cornering,"Hoosier 43075 16x7.5-10 R20, 7 inch rim",27811
78.7,1058.784,-5.18,-263.65,-100.6,-0,2.89,2.21,-0.04,0.0515,2.6208,10,-98290.8,7.79,94.27,8.847,-0,-1.0001,138.34,137.49,129.12,24.94,Cornering,"Hoosier 43075 16x7.5-10 R20, 7 inch rim",27812
78.72,1058.794,-4.26,-266.3,-101.85,-0.005,1.57,3.13,0.16,0.0418,2.6146,10,25464.41,7.79,94.28,8.802,-0,-0.9997,138.19,137.36,129.26,24.97,Cornering,"Hoosier 43075 16x7.5-10 R20, 7 inch rim",27813
78.68,1058.804,-2.89,-267.59,-103.73,0.009,1.77,3.36,0.03,0.0279,2.5796,10.02,158483.41,7.79,94.29,8.768,-0,-1,138.12,137.25,129.35,24.99,Cornering,"Hoosier 43075 16x7.5-10 R20, 7 inch rim",27814
78.68,1058.814,-1.11,-266.82,-103.17,0.009,0.93,3.4,0.09,0.0107,2.5862,10.01,43943.84,7.79,94.29,8.712,-0,-0.9998,138.08,137.23,129.39,25,Cornering,"Hoosier 43075 16x7.5-10 R20, 7 inch rim",27815
78.71,1058.824,0.62,-263.22,-101.97,0.004,1.28,3.48,0.03,-0.0061,2.5814,10,158558.42,7.79,94.3,8.675,-0,-1,138.08,137.25,129.37,25,Cornering,"Hoosier 43075 16x7.5-10 R20, 7 inch rim",27816
78.71,1058.834,1.89,-258.67,-99.49,-0.006,1.18,3.65,0.03,-0.019,2.5998,10,158538,7.79,94.3,8.635,-0,-1,138.17,137.29,129.35,24.99,Cornering,"Hoosier 43075 16x7.5-10 R20, 7 inch rim",27817
78.67,1058.844,3.03,-254.35,-97.08,0.007,1.8,4.63,0.09,-0.0312,2.6199,9.99,43896.29,7.79,94.3,8.592,-0,-0.9998,138.27,137.34,129.26,24.97,Cornering,"Hoosier 43075 16x7.5-10 R20, 7 inch rim",27818
78.71,1058.854,3.45,-251.83,-95.52,0.001,2.49,5.61,0.16,-0.0362,2.6365,10.02,25474.67,7.79,94.33,8.556,-0,-0.9997,138.36,137.49,129.14,24.96,Cornering,"Hoosier 43075 16x7.5-10 R20, 7 inch rim",27819
78.71,1058.864,2.78,-251.81,-95.04,-0.002,3.47,6.42,0.09,-0.0292,2.6494,10.01,43894.08,7.8,94.32,8.52,-0,-0.9998,138.53,137.62,129.08,24.96,Cornering,"Hoosier 43075 16x7.5-10 R20, 7 inch rim",27820
78.69,1058.874,1.5,-254.17,-95.85,0.006,3.56,7.06,0.16,-0.0156,2.6517,10.02,25485.57,7.79,94.31,8.479,-0,-0.9997,138.66,137.93,129.06,24.97,Cornering,"Hoosier 43075 16x7.5-10 R20, 7 inch rim",27821
78.68,1058.884,0.1,-257.12,-97.93,0.001,4.07,7.43,0.09,-0.0011,2.6256,10.02,43953.6,7.79,94.31,8.443,-0,-0.9998,138.81,138.04,129.08,24.99,Cornering,"Hoosier 43075 16x7.5-10 R20, 7 inch rim",27822
78.71,1058.894,-1.74,-260.42,-100.11,0.007,4.03,6.79,0.09,0.0174,2.6012,10,43978.4,7.79,94.3,8.403,-0,-0.9998,138.79,137.89,129.22,25,Cornering,"Hoosier 43075 16x7.5-10 R20, 7 inch rim",27823
78.7,1058.904,-2.02,-263.87,-101.89,0.012,2.36,6.57,0.09,0.0199,2.5897,10.01,43981.84,7.79,94.3,8.371,-0,-0.9998,138.72,137.69,129.35,25,Cornering,"Hoosier 43075 16x7.5-10 R20, 7 inch rim",27824
78.67,1058.914,-1.89,-265.71,-103.66,0.001,2.01,5.62,0.16,0.0183,2.5632,10,25507.87,7.79,94.3,8.314,-0,-0.9997,138.57,137.51,129.47,24.98,Cornering,"Hoosier 43075 16x7.5-10 R20, 7 inch rim",27825
78.7,1058.924,-1.33,-266.36,-104.22,0.009,1,4.28,0.03,0.0127,2.5559,10,158455.25,7.79,94.31,8.288,-0,-1,138.47,137.34,129.53,24.96,Cornering,"Hoosier 43075 16x7.5-10 R20, 7 inch rim",27826
78.71,1058.934,-0.54,-263.99,-103.21,-0,0.93,3.01,0.16,0.0052,2.5577,10,25482.13,7.79,94.28,8.252,-0,-0.9997,138.45,137.27,129.53,24.95,Cornering,"Hoosier 43075 16x7.5-10 R20, 7 inch rim",27827
78.69,1058.944,-0.08,-259.79,-101.58,0.001,1.33,1.8,0.16,0.0008,2.5575,10,25478.88,7.79,94.3,8.209,-0,-0.9997,138.45,137.27,129.53,24.94,Cornering,"Hoosier 43075 16x7.5-10 R20, 7 inch rim",27828
78.68,1058.954,-0.27,-254.81,-99.32,0.004,2.64,0.68,0.16,0.0027,2.5655,10,25481.09,7.79,94.25,8.174,-0,-0.9997,138.53,137.36,129.45,24.94,Cornering,"Hoosier 43075 16x7.5-10 R20, 7 inch rim",27829
78.71,1058.964,-0.58,-251.56,-96.74,0.012,2.78,0.3,0.09,0.006,2.6003,10.01,43894.76,7.79,94.23,8.138,-0,-0.9998,138.62,137.4,129.28,24.94,Cornering,"Hoosier 43075 16x7.5-10 R20, 7 inch rim",27830
78.71,1058.974,-1.65,-250.91,-95.74,0.007,3.38,0.17,0.09,0.0173,2.6208,9.99,43929.75,7.79,94.21,8.096,-0,-0.9998,138.75,137.58,129.16,24.96,Cornering,"Hoosier 43075 16x7.5-10 R20, 7 inch rim",27831
78.67,1058.984,-3.18,-252.28,-95.71,-0,3.62,0.27,0.09,0.0333,2.636,10,43953.92,7.79,94.15,8.06,-0,-0.9998,138.87,137.78,129.12,24.97,Cornering,"Hoosier 43075 16x7.5-10 R20, 7 inch rim",27832
78.69,1058.994,-4.46,-255.72,-97.48,0.001,3.37,0.9,-0.04,0.0457,2.6232,10.02,-98678.44,7.79,94.15,8.016,-0,-1.0001,138.92,137.91,129.1,24.98,Cornering,"Hoosier 43075 16x7.5-10 R20, 7 inch rim",27833
78.71,1059.004,-5.14,-259.15,-99.34,-0,2.77,1.84,0.16,0.0517,2.6087,10.02,25534.87,7.79,94.17,7.972,-0,-0.9997,138.96,137.89,129.16,24.98,Cornering,"Hoosier 43075 16x7.5-10 R20, 7 inch rim",27834
78.69,1059.014,-5.03,-262.45,-101.99,0.006,2.43,2.86,0.16,0.0493,2.5732,10,25531.78,7.79,94.16,7.924,-0,-0.9997,138.87,137.67,129.26,24.98,Cornering,"Hoosier 43075 16x7.5-10 R20, 7 inch rim",27835
78.67,1059.024,-3.83,-265.45,-103.95,0.013,1.32,3.89,0.16,0.0368,2.5537,10.01,25545.43,7.79,94.13,7.894,-0,-0.9997,138.72,137.47,129.35,24.99,Cornering,"Hoosier 43075 16x7.5-10 R20, 7 inch rim",27836
78.7,1059.034,-2.59,-266.37,-105.24,0.01,1.61,4.13,0.03,0.0246,2.5312,10.01,158840.73,7.79,94.12,7.854,-0,-1,138.64,137.38,129.43,24.99,Cornering,"Hoosier 43075 16x7.5-10 R20, 7 inch rim",27837
78.71,1059.044,-1.02,-264.98,-104.55,0.012,1.06,3.91,0.09,0.0098,2.5345,10.01,44062.49,7.79,94.12,7.8,-0,-0.9998,138.64,137.32,129.45,25.01,Cornering,"Hoosier 43075 16x7.5-10 R20, 7 inch rim",27838
78.67,1059.054,0.18,-261.06,-102.8,0.007,1.56,3.47,0.09,-0.0017,2.5395,10,44107.4,7.79,94.15,7.76,-0,-0.9998,138.64,137.29,129.45,25.04,Cornering,"Hoosier 43075 16x7.5-10 R20, 7 inch rim",27839
78.67,1059.064,1.07,-255.77,-99.88,0.01,1.88,3.29,-0.18,-0.0107,2.5609,9.99,-23298.93,7.79,94.17,7.711,-0,-1.0003,138.72,137.34,129.39,25.01,Cornering,"Hoosier 43075 16x7.5-10 R20, 7 inch rim",27840
78.71,1059.074,2.27,-251.54,-98.13,0.004,3.33,4.31,0.03,-0.0231,2.5633,9.99,158829.73,7.79,94.21,7.682,-0,-1,138.79,137.38,129.31,24.98,Cornering,"Hoosier 43075 16x7.5-10 R20, 7 inch rim",27841
78.69,1059.084,2.11,-249.66,-96.95,0.003,4.29,5,-0.04,-0.0218,2.5751,9.99,-98696.41,7.79,94.28,7.637,-0,-1.0001,138.85,137.47,129.22,24.97,Cornering,"Hoosier 43075 16x7.5-10 R20, 7 inch rim",27842
78.67,1059.094,1.93,-250.18,-95.94,0.016,3.25,6.49,-0.04,-0.0201,2.6077,10,-98683.98,7.79,94.29,7.589,-0,-1.0001,139.05,137.65,129.14,24.96,Cornering,"Hoosier 43075 16x7.5-10 R20, 7 inch rim",27843
78.69,1059.104,0.62,-252.78,-97.39,0.004,4.16,7.16,0.09,-0.0063,2.5956,9.99,44005.39,7.79,94.29,7.554,-0,-0.9998,139.15,137.84,129.16,24.97,Cornering,"Hoosier 43075 16x7.5-10 R20, 7 inch rim",27844
78.7,1059.114,-0.54,-256.41,-98.69,0.013,2.58,8.05,0.09,0.0054,2.598,10.02,43997.42,7.79,94.28,7.531,-0,-0.9998,139.2,137.84,129.24,24.96,Cornering,"Hoosier 43075 16x7.5-10 R20, 7 inch rim",27845
78.67,1059.124,-1.48,-260.13,-101.2,0.006,2.15,8.28,0.16,0.0147,2.5704,10.03,25551.98,7.79,94.25,7.475,-0,-0.9997,139.22,137.71,129.39,24.97,Cornering,"Hoosier 43075 16x7.5-10 R20, 7 inch rim",27846
78.66,1059.134,-1.86,-262.79,-103.53,0.01,2.15,8.03,0.23,0.018,2.5383,10,18005.04,7.79,94.23,7.445,-0,-0.9996,139.07,137.51,129.49,24.98,Cornering,"Hoosier 43075 16x7.5-10 R20, 7 inch rim",27847
78.69,1059.144,-1.4,-264.64,-104.85,0.001,1.28,7.58,0.16,0.0133,2.5239,9.99,25585.34,7.79,94.22,7.409,-0,-0.9997,138.94,137.34,129.65,25,Cornering,"Hoosier 43075 16x7.5-10 R20, 7 inch rim",27848
78.68,1059.154,-1.03,-263.85,-105.19,-0.002,1.5,6.16,0.09,0.0098,2.5083,10.01,44085.71,7.79,94.19,7.357,-0,-0.9998,138.81,137.25,129.69,25,Cornering,"Hoosier 43075 16x7.5-10 R20, 7 inch rim",27849
78.65,1059.164,-0.52,-260.75,-104.09,0.004,2.01,4.57,0.03,0.005,2.505,10,159064.39,7.79,94.18,7.33,-0,-1,138.7,137.18,129.63,25,Cornering,"Hoosier 43075 16x7.5-10 R20, 7 inch rim",27850
78.67,1059.174,0.45,-255.92,-101.95,0.006,2.72,3.88,0.09,-0.0044,2.5103,10,44071.8,7.79,94.16,7.289,-0,-0.9998,138.68,137.18,129.57,24.99,Cornering,"Hoosier 43075 16x7.5-10 R20, 7 inch rim",27851
78.69,1059.184,0.89,-251.22,-99.21,-0.002,3.07,3.26,0.09,-0.009,2.5321,9.98,44075.73,7.79,94.16,7.247,-0,-0.9998,138.7,137.21,129.47,24.99,Cornering,"Hoosier 43075 16x7.5-10 R20, 7 inch rim",27852
78.66,1059.194,0.86,-248.56,-97.54,-0.003,3.62,3.22,0.09,-0.0088,2.5482,9.99,44088.91,7.8,94.09,7.216,-0,-0.9998,138.72,137.23,129.37,25,Cornering,"Hoosier 43075 16x7.5-10 R20, 7 inch rim",27853
78.65,1059.204,-0.49,-247.93,-96.79,-0.005,4.04,2.73,0.03,0.0051,2.5614,9.99,159041.73,7.79,94.05,7.18,-0,-1,138.77,137.36,129.28,24.98,Cornering,"Hoosier 43075 16x7.5-10 R20, 7 inch rim",27854
78.68,1059.214,-2.51,-250.15,-97.2,0.007,3.59,2.29,0.09,0.0258,2.5736,9.99,44066.11,7.79,94.04,7.131,-0,-0.9998,138.92,137.62,129.26,24.98,Cornering,"Hoosier 43075 16x7.5-10 R20, 7 inch rim",27855
78.67,1059.224,-4.1,-253.11,-98.83,0.006,3.55,2.62,0.03,0.0415,2.5609,9.99,158995.7,7.79,94.03,7.097,-0,-1,138.96,137.76,129.28,24.97,Cornering,"Hoosier 43075 16x7.5-10 R20, 7 inch rim",27856
78.64,1059.234,-5.12,-256.42,-100.2,0.013,2,3.1,0.09,0.0511,2.5592,10.01,44073.87,7.79,93.98,7.047,-0,-0.9998,138.98,137.67,129.39,24.98,Cornering,"Hoosier 43075 16x7.5-10 R20, 7 inch rim",27857
78.65,1059.244,-5.04,-259.52,-102.69,0.006,1.47,3.84,0.16,0.0491,2.5273,9.99,25565.73,7.79,93.94,7.005,-0,-0.9997,138.9,137.49,129.49,24.96,Cornering,"Hoosier 43075 16x7.5-10 R20, 7 inch rim",27858
78.67,1059.254,-4.28,-261.39,-104.23,0.007,1.45,4.34,0.16,0.041,2.5079,10.01,25567.83,7.79,93.93,6.965,-0,-0.9997,138.68,137.23,129.61,24.96,Cornering,"Hoosier 43075 16x7.5-10 R20, 7 inch rim",27859
78.65,1059.264,-3.04,-261.82,-105.1,-0.006,1.3,4.22,0.03,0.0289,2.491,10,158904.39,7.8,93.93,6.925,-0,-1,138.51,137.1,129.63,24.95,Cornering,"Hoosier 43075 16x7.5-10 R20, 7 inch rim",27860
78.63,1059.274,-1.26,-259.85,-105.31,0.009,1.95,4.3,0.09,0.012,2.4675,9.99,44057.92,7.79,93.95,6.883,-0,-0.9998,138.47,137.07,129.61,24.96,Cornering,"Hoosier 43075 16x7.5-10 R20, 7 inch rim",27861
78.66,1059.284,0.05,-255.61,-103.28,-0,2.21,4.07,0.23,-0.0005,2.475,9.99,18019.57,7.79,93.94,6.84,-0,-0.9996,138.4,137.05,129.55,24.97,Cornering,"Hoosier 43075 16x7.5-10 R20, 7 inch rim",27862
78.66,1059.294,1.23,-250.78,-100.61,0.001,2.62,4.26,0.03,-0.0122,2.4925,9.98,159128.03,7.79,93.94,6.803,-0,-1,138.34,137.16,129.49,24.98,Cornering,"Hoosier 43075 16x7.5-10 R20, 7 inch rim",27863
78.63,1059.304,1.66,-247.37,-98.59,0.007,2.99,4.66,0.09,-0.0168,2.5091,9.99,44089.76,7.79,93.96,6.755,-0,-0.9998,138.36,137.21,129.39,24.97,Cornering,"Hoosier 43075 16x7.5-10 R20, 7 inch rim",27864
78.64,1059.314,1.31,-245.67,-97.12,0.013,3.49,5.34,-0.04,-0.0135,2.5296,9.99,-98817,7.79,93.96,6.73,-0,-1.0001,138.4,137.29,129.26,24.95,Cornering,"Hoosier 43075 16x7.5-10 R20, 7 inch rim",27865
78.67,1059.324,0.7,-246.57,-97.07,0.001,3.3,6.54,0.09,-0.0072,2.54,9.98,44014.61,7.79,93.96,6.677,-0,-0.9998,138.53,137.45,129.24,24.93,Cornering,"Hoosier 43075 16x7.5-10 R20, 7 inch rim",27866
78.64,1059.334,-0.65,-249.05,-98.19,-0,3.4,7.34,0.09,0.0066,2.5364,9.99,44017.2,7.79,93.96,6.647,-0,-0.9998,138.6,137.65,129.28,24.93,Cornering,"Hoosier 43075 16x7.5-10 R20, 7 inch rim",27867
78.62,1059.344,-1.5,-251.89,-100.16,0.006,3.02,8.48,0.09,0.015,2.515,10,44041.46,7.79,93.96,6.603,-0,-0.9998,138.62,137.67,129.37,24.94,Cornering,"Hoosier 43075 16x7.5-10 R20, 7 inch rim",27868
78.64,1059.354,-2.45,-255.31,-101.97,-0,1.74,8.71,0.09,0.0241,2.5036,10.01,44085.7,7.79,93.97,6.564,-0,-0.9998,138.55,137.47,129.47,24.96,Cornering,"Hoosier 43075 16x7.5-10 R20, 7 inch rim",27869
78.65,1059.364,-1.94,-257.97,-104.16,0.001,1.49,9.37,0.16,0.0186,2.4766,10,25631.55,7.79,93.98,6.528,-0,-0.9997,138.42,137.23,129.63,25,Cornering,"Hoosier 43075 16x7.5-10 R20, 7 inch rim",27870
78.6,1059.374,-1.94,-258.91,-106.18,0.004,2.09,8.23,-0.04,0.0182,2.4384,9.99,-99047.64,7.79,93.97,6.485,-0,-1.0001,138.27,137.07,129.67,25,Cornering,"Hoosier 43075 16x7.5-10 R20, 7 inch rim",27871
78.61,1059.384,-0.88,-258.46,-105.68,0.007,1.52,7.5,0.09,0.0084,2.4455,10,44167.36,7.79,94.01,6.445,-0,-0.9998,138.12,137.01,129.71,25,Cornering,"Hoosier 43075 16x7.5-10 R20, 7 inch rim",27872
78.65,1059.394,0.15,-255.33,-104.71,0.004,2.14,6.4,0.09,-0.0014,2.4385,10,44159.74,7.79,94.03,6.414,-0,-0.9998,138.12,136.88,129.73,25,Cornering,"Hoosier 43075 16x7.5-10 R20, 7 inch rim",27873
78.64,1059.404,0.97,-250.65,-102.55,0.003,2.73,5.57,0.09,-0.0094,2.4441,9.98,44122.57,7.79,94.08,6.368,-0,-0.9998,138,136.92,129.65,24.97,Cornering,"Hoosier 43075 16x7.5-10 R20, 7 inch rim",27874
78.61,1059.414,1.34,-246.66,-100.51,0.02,3.19,5.25,-0.04,-0.0134,2.454,9.98,-98914,7.79,94.11,6.339,-0,-1.0001,137.97,136.99,129.63,24.96,Cornering,"Hoosier 43075 16x7.5-10 R20, 7 inch rim",27875
78.64,1059.424,1.28,-243.65,-98.17,0.009,3.42,5.27,0.09,-0.013,2.4818,9.98,44098.04,7.79,94.12,6.292,-0,-0.9998,137.95,137.05,129.53,24.96,Cornering,"Hoosier 43075 16x7.5-10 R20, 7 inch rim",27876
78.64,1059.434,-0.08,-243.47,-97.52,0.004,3.74,5.09,0.03,0.0008,2.4967,10,159147.28,7.79,94.14,6.255,-0,-1,138.04,137.12,129.49,24.96,Cornering,"Hoosier 43075 16x7.5-10 R20, 7 inch rim",27877
78.61,1059.444,-2.16,-245.16,-98.35,-0.002,4.11,4.77,0.03,0.022,2.4927,9.97,159158.09,7.79,94.16,6.218,-0,-1,138.15,137.25,129.45,24.96,Cornering,"Hoosier 43075 16x7.5-10 R20, 7 inch rim",27878
78.61,1059.454,-3.87,-248.26,-99.59,-0.009,3,4.84,0.03,0.0389,2.4929,9.99,159168.83,7.8,94.2,6.18,-0,-1,138.12,137.36,129.47,24.96,Cornering,"Hoosier 43075 16x7.5-10 R20, 7 inch rim",27879
78.64,1059.464,-4.89,-251.72,-102.03,-0.002,2.6,5.32,0.09,0.048,2.4672,9.99,44110.77,7.79,94.19,6.133,-0,-0.9998,138.1,137.25,129.53,24.96,Cornering,"Hoosier 43075 16x7.5-10 R20, 7 inch rim",27880
78.63,1059.474,-5.4,-254.24,-104.12,0.004,2.11,5.15,-0.04,0.0519,2.4418,10.01,-99025.72,7.79,94.18,6.102,-0,-1.0001,137.95,137.12,129.67,24.97,Cornering,"Hoosier 43075 16x7.5-10 R20, 7 inch rim",27881
78.6,1059.484,-4.32,-256.44,-106.37,0.006,2.09,5.6,0.16,0.0406,2.4107,10,25630.07,7.79,94.17,6.056,-0,-0.9997,137.67,136.85,129.79,24.98,Cornering,"Hoosier 43075 16x7.5-10 R20, 7 inch rim",27882
78.62,1059.494,-3.15,-256.45,-107.14,0.009,2.33,5.43,0.09,0.0294,2.3936,9.99,44151.48,7.79,94.17,6.006,-0,-0.9998,137.46,136.81,129.81,24.97,Cornering,"Hoosier 43075 16x7.5-10 R20, 7 inch rim",27883
78.64,1059.504,-1.59,-254.09,-105.52,0.003,1.51,5.17,-0.04,0.0151,2.4079,9.99,-99002.48,7.8,94.22,5.971,-0,-1.0001,137.35,136.72,129.81,24.96,Cornering,"Hoosier 43075 16x7.5-10 R20, 7 inch rim",27884
78.61,1059.514,-0.47,-249.76,-103.88,0.01,2.19,4.96,0.09,0.0045,2.4042,9.98,44136.6,7.79,94.21,5.933,-0,-0.9998,137.24,136.72,129.75,24.96,Cornering,"Hoosier 43075 16x7.5-10 R20, 7 inch rim",27885
78.6,1059.524,0.43,-244.71,-100.95,-0.005,2.73,5.03,0.09,-0.0042,2.424,9.98,44160.15,7.8,94.2,5.893,-0,-0.9998,137.18,136.74,129.67,24.97,Cornering,"Hoosier 43075 16x7.5-10 R20, 7 inch rim",27886
78.63,1059.534,1.01,-241.33,-98.91,0.009,3.35,5.91,0.03,-0.0102,2.44,9.98,159595.36,7.79,94.19,5.845,-0,-1,137.09,136.76,129.53,25.01,Cornering,"Hoosier 43075 16x7.5-10 R20, 7 inch rim",27887
78.63,1059.544,0.33,-240.38,-98.2,0.004,3.8,6.38,0.09,-0.0033,2.4479,9.97,44259.09,7.79,94.13,5.804,-0,-0.9998,137.09,136.85,129.39,25.03,Cornering,"Hoosier 43075 16x7.5-10 R20, 7 inch rim",27888
78.6,1059.554,-0.57,-241.3,-98.13,0.001,3.83,7.57,0.09,0.0058,2.459,9.98,44272.12,7.79,94.07,5.767,-0,-0.9998,137.16,137.01,129.33,25.03,Cornering,"Hoosier 43075 16x7.5-10 R20, 7 inch rim",27889
78.61,1059.564,-1.83,-244.13,-99.71,0.006,3.44,8.41,0.09,0.0183,2.4484,9.99,44244.54,7.79,94.01,5.724,-0,-0.9998,137.24,137.12,129.35,25.01,Cornering,"Hoosier 43075 16x7.5-10 R20, 7 inch rim",27890
78.64,1059.574,-2.49,-247.24,-101.34,0.003,2.37,9.55,0.16,0.0245,2.4396,9.99,25652.84,7.79,94,5.672,-0,-0.9997,137.27,137.07,129.43,24.98,Cornering,"Hoosier 43075 16x7.5-10 R20, 7 inch rim",27891
78.6,1059.584,-2.29,-250.21,-103.84,0.003,2.11,10.56,0.09,0.0221,2.4096,10,44199.04,7.79,94.02,5.645,-0,-0.9998,137.27,136.88,129.57,24.98,Cornering,"Hoosier 43075 16x7.5-10 R20, 7 inch rim",27892
78.59,1059.594,-1.9,-252.39,-105.34,-0.002,1.02,10.64,0.09,0.018,2.396,9.99,44243.26,7.8,94.06,5.601,-0,-0.9998,137.14,136.63,129.65,25.01,Cornering,"Hoosier 43075 16x7.5-10 R20, 7 inch rim",27893
78.62,1059.604,-1.12,-252.9,-106.46,0.01,1.06,10.21,0.09,0.0106,2.3756,9.98,44276.7,7.79,94.08,5.563,-0,-0.9998,137.01,136.48,129.75,25.03,Cornering,"Hoosier 43075 16x7.5-10 R20, 7 inch rim",27894
78.62,1059.614,0.17,-251.51,-107.16,0.016,2.18,9.63,0.09,-0.0015,2.3472,9.98,44330.43,7.79,94.13,5.529,-0,-0.9998,136.86,136.41,129.81,25.05,Cornering,"Hoosier 43075 16x7.5-10 R20, 7 inch rim",27895
78.6,1059.624,0.94,-247.86,-105.19,-0.005,2.24,8.31,0.03,-0.009,2.3563,9.96,159986.02,7.8,94.17,5.486,-0,-1,136.86,136.28,129.81,25.05,Cornering,"Hoosier 43075 16x7.5-10 R20, 7 inch rim",27896
78.6,1059.634,1.45,-243.21,-102.21,0.006,2.27,7.56,0.09,-0.0142,2.3795,9.97,44314.68,7.79,94.15,5.462,-0,-0.9998,136.86,136.3,129.75,25.04,Cornering,"Hoosier 43075 16x7.5-10 R20, 7 inch rim",27897
78.63,1059.644,1.76,-239.34,-99.86,0.013,2.98,7.41,0.09,-0.0176,2.3969,9.96,44277.05,7.79,94.13,5.413,-0,-0.9998,136.79,136.26,129.61,25.02,Cornering,"Hoosier 43075 16x7.5-10 R20, 7 inch rim",27898
78.61,1059.654,1.29,-237.29,-98.59,0.007,3.6,7.48,0.03,-0.0131,2.4069,9.97,159719.09,7.79,94.11,5.37,-0,-1,136.84,136.35,129.51,25.01,Cornering,"Hoosier 43075 16x7.5-10 R20, 7 inch rim",27899
78.59,1059.664,0.06,-237.14,-97.56,0.01,3.06,7.56,0.09,-0.0006,2.4309,9.97,44210.68,7.79,94.16,5.334,-0,-0.9998,136.92,136.48,129.43,24.98,Cornering,"Hoosier 43075 16x7.5-10 R20, 7 inch rim",27900
78.6,1059.674,-1.44,-239.3,-98.47,0.003,2.61,7.88,0.09,0.0146,2.4302,9.97,44213.11,7.8,94.18,5.298,-0,-0.9998,137.01,136.57,129.41,24.98,Cornering,"Hoosier 43075 16x7.5-10 R20, 7 inch rim",27901
78.62,1059.684,-3.38,-241.53,-100.21,0.012,2.24,7.74,-0.04,0.0337,2.4102,9.95,-99186.2,7.79,94.19,5.263,-0,-1.0001,137.03,136.57,129.47,24.98,Cornering,"Hoosier 43075 16x7.5-10 R20, 7 inch rim",27902
78.59,1059.694,-4.37,-243.51,-103.02,-0.002,2.98,7.72,0.09,0.0424,2.3636,9.98,44228.77,7.8,94.2,5.218,-0,-0.9998,136.94,136.5,129.61,24.98,Cornering,"Hoosier 43075 16x7.5-10 R20, 7 inch rim",27903
78.6,1059.704,-4.89,-245.29,-104.71,0.013,1.81,7.25,0.03,0.0467,2.3425,9.99,159507.41,7.79,94.23,5.175,-0,-1,136.86,136.3,129.69,24.97,Cornering,"Hoosier 43075 16x7.5-10 R20, 7 inch rim",27904
78.62,1059.714,-4.64,-246.53,-106.06,0.01,1.53,6.56,0.16,0.0438,2.3245,9.96,25650.78,7.79,94.23,5.131,-0,-0.9997,136.66,136.04,129.81,24.96,Cornering,"Hoosier 43075 16x7.5-10 R20, 7 inch rim",27905
78.61,1059.724,-3.44,-245.72,-107.09,0.001,2.84,6.24,0.09,0.0321,2.2945,9.98,44185.59,7.8,94.22,5.095,-0,-0.9998,136.41,135.91,129.93,24.96,Cornering,"Hoosier 43075 16x7.5-10 R20, 7 inch rim",27906
78.58,1059.734,-2.04,-243.55,-106.25,0.007,2.89,5.89,0.03,0.0192,2.2922,9.96,159497.08,7.8,94.21,5.062,-0,-1,136.3,135.84,129.91,24.96,Cornering,"Hoosier 43075 16x7.5-10 R20, 7 inch rim",27907
78.6,1059.744,-1.06,-239.96,-103.52,0.004,2.34,5.51,0.03,0.0102,2.3181,9.98,159548.06,7.79,94.23,5.002,-0,-1,136.24,135.82,129.91,24.97,Cornering,"Hoosier 43075 16x7.5-10 R20, 7 inch rim",27908
78.63,1059.754,-0.01,-235.58,-100.98,0.001,3.25,6.1,0.03,0.0001,2.333,9.96,159555.62,7.8,94.23,4.969,-0,-1,136.24,135.82,129.79,24.97,Cornering,"Hoosier 43075 16x7.5-10 R20, 7 inch rim",27909
78.6,1059.764,0.14,-232.8,-98.88,0.009,3.38,6.76,0.09,-0.0014,2.3544,9.96,44217.19,7.79,94.21,4.922,-0,-0.9998,136.17,135.86,129.67,24.97,Cornering,"Hoosier 43075 16x7.5-10 R20, 7 inch rim",27910
78.6,1059.774,-0.34,-231.85,-98.23,0.004,3.6,7.8,0.03,0.0034,2.3603,9.96,159724.56,7.8,94.19,4.877,-0,-1,136.26,135.99,129.53,24.99,Cornering,"Hoosier 43075 16x7.5-10 R20, 7 inch rim",27911
78.62,1059.784,-1.3,-232.46,-98.28,-0.002,3.33,8.85,0.09,0.0132,2.3652,9.96,44273.77,7.8,94.19,4.837,-0,-0.9998,136.36,136.04,129.35,25,Cornering,"Hoosier 43075 16x7.5-10 R20, 7 inch rim",27912
78.61,1059.794,-2.5,-234.51,-99.48,0.003,2.81,9.8,0.03,0.0251,2.3572,9.96,159928.31,7.8,94.15,4.794,-0,-1,136.39,136.15,129.22,25.02,Cornering,"Hoosier 43075 16x7.5-10 R20, 7 inch rim",27913
78.59,1059.804,-3.26,-236.44,-101.95,0.017,3.01,10.66,0.03,0.032,2.3192,9.96,159935.23,7.79,94.12,4.763,-0,-1,136.36,136.02,129.1,25.02,Cornering,"Hoosier 43075 16x7.5-10 R20, 7 inch rim",27914
78.61,1059.814,-3.26,-238.42,-103.61,0.003,2,11.24,-0.04,0.0315,2.3011,9.97,-99424.65,7.8,94.17,4.723,-0,-1.0001,136.26,135.84,129.08,25.02,Cornering,"Hoosier 43075 16x7.5-10 R20, 7 inch rim",27915
78.63,1059.824,-2.47,-239.82,-106,-0.003,2.04,11.59,0.03,0.0233,2.2625,9.96,159914.38,7.8,94.18,4.688,-0,-1,136.13,135.6,129.06,25.01,Cornering,"Hoosier 43075 16x7.5-10 R20, 7 inch rim",27916
78.6,1059.834,-1.11,-239.72,-107.22,0.013,2.33,11.5,0.03,0.0104,2.2358,9.95,159885,7.8,94.17,4.653,-0,-1,136,135.49,129,25.01,Cornering,"Hoosier 43075 16x7.5-10 R20, 7 inch rim",27917
78.6,1059.844,-0.04,-238.13,-106.3,0.004,1.98,10.61,0.03,0.0004,2.2402,9.96,159969.17,7.8,94.18,4.605,-0,-1,135.81,135.47,128.88,25.02,Cornering,"Hoosier 43075 16x7.5-10 R20, 7 inch rim",27918
78.63,1059.854,0.52,-234.68,-104.6,-0.002,2.62,9.41,0.03,-0.005,2.2435,9.97,159975.52,7.8,94.22,4.575,-0,-1,135.76,135.36,128.7,25.02,Cornering,"Hoosier 43075 16x7.5-10 R20, 7 inch rim",27919
78.63,1059.864,1.31,-230.64,-101.54,0.003,2.27,9.02,0.03,-0.0129,2.2713,9.96,160021.27,7.8,94.2,4.534,-0,-1,135.7,135.25,128.6,25.03,Cornering,"Hoosier 43075 16x7.5-10 R20, 7 inch rim",27920
78.6,1059.874,1.43,-226.9,-99.19,0.004,2.71,8.81,0.09,-0.0144,2.2875,9.96,44345.13,7.8,94.18,4.501,-0,-0.9998,135.68,135.25,128.44,25.03,Cornering,"Hoosier 43075 16x7.5-10 R20, 7 inch rim",27921
78.61,1059.884,0.78,-225.05,-97.56,0.01,2.36,8.89,0.03,-0.008,2.3068,9.97,159925.42,7.8,94.14,4.459,-0,-1,135.7,135.29,128.4,25.01,Cornering,"Hoosier 43075 16x7.5-10 R20, 7 inch rim",27922
78.64,1059.894,-0.56,-224.54,-97.33,-0.002,2.69,9.2,0.09,0.0058,2.3069,9.95,44287.48,7.8,94.13,4.431,-0,-0.9998,135.76,135.47,128.4,24.99,Cornering,"Hoosier 43075 16x7.5-10 R20, 7 inch rim",27923
78.62,1059.904,-2.24,-225.03,-98.43,0.003,3.29,9.41,0.03,0.0227,2.2863,9.96,159718.38,7.8,94.09,4.383,-0,-1,135.85,135.62,128.58,24.97,Cornering,"Hoosier 43075 16x7.5-10 R20, 7 inch rim",27924
78.61,1059.914,-4.15,-226.43,-100.39,-0,3.36,9.12,0.16,0.0413,2.2555,9.96,25678.15,7.8,94.05,4.349,-0,-0.9997,135.79,135.64,128.74,24.96,Cornering,"Hoosier 43075 16x7.5-10 R20, 7 inch rim",27925
78.64,1059.924,-5.24,-227.89,-102.73,0.012,2.93,8.84,0.03,0.051,2.2184,9.96,159693.83,7.8,94.01,4.32,-0,-1,135.7,135.47,129,24.97,Cornering,"Hoosier 43075 16x7.5-10 R20, 7 inch rim",27926
78.65,1059.934,-5.26,-229.3,-104.96,0.01,2.82,8.62,0.03,0.0501,2.1846,9.96,159740.73,7.8,94.02,4.27,-0,-1,135.51,135.29,129.2,24.97,Cornering,"Hoosier 43075 16x7.5-10 R20, 7 inch rim",27927
78.61,1059.944,-4.61,-229.9,-106.03,0.001,1.81,7.87,0.03,0.0435,2.1682,9.96,159747.95,7.8,94.01,4.233,-0,-1,135.33,135.07,129.45,24.97,Cornering,"Hoosier 43075 16x7.5-10 R20, 7 inch rim",27928
78.63,1059.954,-3.72,-229.34,-105.96,0.017,1.38,7.05,0.09,0.0351,2.1643,9.96,44280.68,7.8,94.05,4.179,-0,-0.9998,135.18,134.96,129.59,24.98,Cornering,"Hoosier 43075 16x7.5-10 R20, 7 inch rim",27929
78.65,1059.964,-2.57,-226.64,-105.19,0.006,2.26,6.47,0.09,0.0244,2.1546,9.95,44272.13,7.8,94.07,4.146,-0,-0.9998,135.12,134.94,129.65,24.97,Cornering,"Hoosier 43075 16x7.5-10 R20, 7 inch rim",27930
78.64,1059.974,-1.34,-223.09,-102.42,0.016,1.98,6.31,0.03,0.013,2.1782,9.94,159847.41,7.8,94.06,4.1,-0,-1,135.12,134.87,129.69,24.98,Cornering,"Hoosier 43075 16x7.5-10 R20, 7 inch rim",27931
78.62,1059.984,-0.96,-218.97,-99.53,-0.002,2.24,6.18,0.09,0.0097,2.2,9.95,44317.75,7.8,94.06,4.058,-0,-0.9998,135.06,134.87,129.69,25,Cornering,"Hoosier 43075 16x7.5-10 R20, 7 inch rim",27932
78.65,1059.994,-0.7,-215.87,-97.5,0.003,2.34,7.06,0.09,0.0072,2.214,9.94,44330.07,7.8,94.08,4.018,-0,-0.9998,134.99,134.96,129.61,25,Cornering,"Hoosier 43075 16x7.5-10 R20, 7 inch rim",27933
78.66,1060.004,-1.19,-213.98,-96.92,-0.005,3.12,8.07,-0.04,0.0122,2.2078,9.94,-99447.67,7.8,94.09,3.978,-0,-1.0001,135.1,135.09,129.61,25,Cornering,"Hoosier 43075 16x7.5-10 R20, 7 inch rim",27934
78.63,1060.014,-2.13,-213.73,-97.97,0.012,3.95,9.41,0.16,0.0218,2.1815,9.95,25726.58,7.8,94.07,3.932,-0,-0.9997,135.12,135.22,129.69,25,Cornering,"Hoosier 43075 16x7.5-10 R20, 7 inch rim",27935
78.63,1060.024,-3.35,-214.63,-99.05,-0.003,3.04,10.26,0.03,0.0338,2.1668,9.95,159958.03,7.8,94.06,3.899,-0,-1,135.16,135.25,129.79,25,Cornering,"Hoosier 43075 16x7.5-10 R20, 7 inch rim",27936
78.66,1060.034,-3.93,-215.93,-101.34,0.007,2.91,11.13,0.09,0.0388,2.1306,9.94,44328.09,7.8,94.02,3.851,-0,-0.9998,135.1,135.11,129.99,25,Cornering,"Hoosier 43075 16x7.5-10 R20, 7 inch rim",27937
78.64,1060.044,-3.81,-217.33,-103.81,0.003,2.57,11.67,0.09,0.0367,2.0936,9.92,44340.37,7.8,94.01,3.809,-0,-0.9998,135.01,134.89,130.11,25,Cornering,"Hoosier 43075 16x7.5-10 R20, 7 inch rim",27938
78.63,1060.054,-2.77,-218.27,-105.33,0.001,1.87,11.87,0.09,0.0263,2.0722,9.95,44332.27,7.8,93.98,3.763,-0,-0.9998,134.84,134.7,130.25,25,Cornering,"Hoosier 43075 16x7.5-10 R20, 7 inch rim",27939
78.66,1060.064,-1.57,-218.15,-106.41,0.01,1.79,11.61,0.16,0.0147,2.05,9.94,25720.17,7.8,93.99,3.735,-0,-0.9997,134.71,134.54,130.4,24.98,Cornering,"Hoosier 43075 16x7.5-10 R20, 7 inch rim",27940
78.67,1060.074,-0.53,-216.07,-105.15,-0.005,1.64,10.79,-0.04,0.0051,2.0549,9.94,-99317.5,7.8,93.98,3.689,-0,-1.0001,134.58,134.52,130.4,24.96,Cornering,"Hoosier 43075 16x7.5-10 R20, 7 inch rim",27941
78.65,1060.084,0.55,-212.63,-102.85,-0.006,1.57,10.13,0.09,-0.0054,2.0674,9.93,44286.32,7.8,94,3.646,-0,-0.9998,134.5,134.43,130.36,24.97,Cornering,"Hoosier 43075 16x7.5-10 R20, 7 inch rim",27942
78.64,1060.094,1.18,-208.31,-99.87,0.007,2.1,9.96,0.09,-0.0118,2.0859,9.91,44308.24,7.8,93.98,3.616,-0,-0.9998,134.43,134.39,130.36,24.98,Cornering,"Hoosier 43075 16x7.5-10 R20, 7 inch rim",27943
78.67,1060.104,1.14,-204.06,-97.63,-0.002,3.19,9.88,0.09,-0.0117,2.0903,9.93,44320.96,7.8,93.96,3.562,-0,-0.9998,134.28,134.34,130.32,24.98,Cornering,"Hoosier 43075 16x7.5-10 R20, 7 inch rim",27944
78.67,1060.114,0.16,-201.48,-96.14,0.014,3.1,10.03,0.09,-0.0016,2.0957,9.92,44312.08,7.8,93.96,3.53,-0,-0.9998,134.3,134.43,130.21,24.98,Cornering,"Hoosier 43075 16x7.5-10 R20, 7 inch rim",27945
78.64,1060.124,-1.63,-200.49,-95.84,-0.005,2.38,10.1,0.16,0.017,2.0918,9.91,25732.73,7.81,93.96,3.483,-0,-0.9997,134.43,134.56,130.19,24.99,Cornering,"Hoosier 43075 16x7.5-10 R20, 7 inch rim",27946
78.65,1060.134,-3.09,-200.85,-97.77,0.007,2.98,10.58,0.03,0.0316,2.0542,9.92,159922.05,7.8,93.95,3.446,-0,-1,134.5,134.59,130.28,24.98,Cornering,"Hoosier 43075 16x7.5-10 R20, 7 inch rim",27947
78.68,1060.144,-4.18,-201.63,-99.79,0.003,2.58,11.08,0.09,0.0419,2.0205,9.92,44317.4,7.8,93.93,3.407,-0,-0.9998,134.45,134.59,130.44,24.98,Cornering,"Hoosier 43075 16x7.5-10 R20, 7 inch rim",27948
78.66,1060.154,-4.56,-202.91,-102.5,0.007,2.28,11.33,0.03,0.0445,1.9795,9.91,159858.12,7.8,93.97,3.378,-0,-1,134.37,134.43,130.58,24.97,Cornering,"Hoosier 43075 16x7.5-10 R20, 7 inch rim",27949
78.64,1060.164,-4.05,-203.85,-104.4,0.004,1.63,11.31,0.09,0.0388,1.9527,9.92,44310.29,7.8,94.01,3.331,-0,-0.9998,134.22,134.26,130.68,24.97,Cornering,"Hoosier 43075 16x7.5-10 R20, 7 inch rim",27950
78.67,1060.174,-3.53,-204.19,-105.82,0.01,1.24,10.37,-0.04,0.0334,1.9296,9.92,-99448.34,7.8,94.04,3.294,-0,-1.0001,134.11,134.08,130.82,24.98,Cornering,"Hoosier 43075 16x7.5-10 R20, 7 inch rim",27951
78.67,1060.184,-2.86,-202.46,-105.4,0.006,1.47,8.9,-0.04,0.0271,1.9208,9.91,-99497.48,7.8,94,3.261,-0,-1.0001,133.96,134.06,130.86,25,Cornering,"Hoosier 43075 16x7.5-10 R20, 7 inch rim",27952
78.65,1060.194,-2.38,-199.33,-103.62,0.004,2.24,7.38,0.09,0.023,1.9237,9.92,44335.57,7.81,93.96,3.215,-0,-0.9998,133.88,133.97,130.86,24.98,Cornering,"Hoosier 43075 16x7.5-10 R20, 7 inch rim",27953
78.67,1060.204,-1.59,-195.42,-100.37,0.001,1.69,6.97,0.03,0.0158,1.947,9.92,160074.52,7.8,93.93,3.168,-0,-1,133.81,133.9,130.78,25,Cornering,"Hoosier 43075 16x7.5-10 R20, 7 inch rim",27954
78.68,1060.214,-1.4,-191.19,-98.78,-0.002,3.44,6.54,0.09,0.0142,1.9356,9.91,44338.77,7.8,93.92,3.133,-0,-0.9998,133.75,133.88,130.66,24.98,Cornering,"Hoosier 43075 16x7.5-10 R20, 7 inch rim",27955
78.67,1060.224,-1.82,-188.14,-96.69,0.013,3,6.8,0.03,0.0188,1.9457,9.91,159973.36,7.8,93.91,3.095,-0,-1,133.62,133.9,130.64,24.98,Cornering,"Hoosier 43075 16x7.5-10 R20, 7 inch rim",27956
78.65,1060.234,-2.87,-186.28,-96.61,0.016,3.39,7.41,0.03,0.0297,1.9282,9.91,160163.47,7.8,93.92,3.062,-0,-1,133.64,134.04,130.58,25.01,Cornering,"Hoosier 43075 16x7.5-10 R20, 7 inch rim",27957
78.68,1060.244,-4.07,-185.45,-97.45,-0.003,3.61,8.13,0.03,0.0417,1.9031,9.91,160131.39,7.8,93.95,3.025,-0,-1,133.7,133.97,130.58,25,Cornering,"Hoosier 43075 16x7.5-10 R20, 7 inch rim",27958
78.69,1060.254,-5.38,-185.99,-99.14,0.01,2.51,8.75,-0.04,0.0542,1.876,9.91,-99544.81,7.8,93.98,2.98,-0,-1.0001,133.64,133.9,130.68,25,Cornering,"Hoosier 43075 16x7.5-10 R20, 7 inch rim",27959
78.66,1060.264,-5.18,-187.09,-101.45,0.007,1.48,9.92,0.09,0.0511,1.8441,9.91,44376.18,7.8,94.01,2.959,-0,-0.9998,133.51,133.71,130.84,25,Cornering,"Hoosier 43075 16x7.5-10 R20, 7 inch rim",27960
78.67,1060.274,-4.29,-187.41,-104.21,0.006,1.92,10.82,0.09,0.0412,1.7985,9.91,44367.65,7.8,94.02,2.91,-0,-0.9998,133.43,133.55,130.92,25,Cornering,"Hoosier 43075 16x7.5-10 R20, 7 inch rim",27961
78.7,1060.284,-3.6,-187.29,-104.95,0.013,0.68,10.55,0.03,0.0343,1.7845,9.91,160113.91,7.8,94.04,2.874,-0,-1,133.23,133.33,131.04,25,Cornering,"Hoosier 43075 16x7.5-10 R20, 7 inch rim",27962
78.68,1060.294,-2.6,-185.86,-105.03,0.003,0.92,9.85,0.03,0.0247,1.7695,9.89,160008.48,7.8,94.08,2.827,-0,-1,133.17,133.2,131.1,24.98,Cornering,"Hoosier 43075 16x7.5-10 R20, 7 inch rim",27963
78.65,1060.304,-1.96,-183.52,-103.93,0.006,1.37,8.5,0.03,0.0188,1.7658,9.88,160087.34,7.8,94.11,2.79,-0,-1,133.08,133.18,131.12,24.99,Cornering,"Hoosier 43075 16x7.5-10 R20, 7 inch rim",27964
78.68,1060.314,-1.25,-180.12,-101.42,0.013,1.48,7.8,0.03,0.0123,1.776,9.89,160017.98,7.8,94.09,2.75,-0,-1,133.1,133.22,131.06,24.98,Cornering,"Hoosier 43075 16x7.5-10 R20, 7 inch rim",27965
78.7,1060.324,-0.9,-175.88,-98.74,0.006,2.03,7.17,-0.04,0.0091,1.7811,9.89,-99542.87,7.8,94.1,2.71,-0,-1.0001,133.02,133.11,130.96,25,Cornering,"Hoosier 43075 16x7.5-10 R20, 7 inch rim",27966
78.67,1060.334,-1.53,-171.97,-97.22,0.003,3.09,6.79,0.03,0.0157,1.7688,9.9,160140.25,7.81,94.09,2.658,-0,-1,133.02,133.13,130.88,25,Cornering,"Hoosier 43075 16x7.5-10 R20, 7 inch rim",27967
78.67,1060.344,-2.33,-169.45,-95.98,-0.007,2.36,7.18,-0.04,0.0243,1.7655,9.88,-99549.11,7.81,94.05,2.624,-0,-1.0001,133.06,133.24,130.82,25,Cornering,"Hoosier 43075 16x7.5-10 R20, 7 inch rim",27968
78.7,1060.354,-3.88,-168.1,-96.53,0.003,2.13,7.51,0.09,0.0402,1.7414,9.88,44378.89,7.81,94.07,2.574,-0,-0.9998,133.15,133.31,130.76,25,Cornering,"Hoosier 43075 16x7.5-10 R20, 7 inch rim",27969
78.69,1060.364,-5.66,-167.51,-98.52,0.007,2.42,7.68,0.09,0.0575,1.7003,9.88,44369.84,7.81,94.09,2.534,-0,-0.9998,133.15,133.29,130.82,24.99,Cornering,"Hoosier 43075 16x7.5-10 R20, 7 inch rim",27970
78.66,1060.374,-5.8,-167.7,-100.81,0.009,1.57,8.9,-0.04,0.0575,1.6635,9.88,-99443.21,7.8,94.13,2.486,-0,-1.0001,133.04,133.13,130.96,24.97,Cornering,"Hoosier 43075 16x7.5-10 R20, 7 inch rim",27971
78.68,1060.384,-5.54,-167.1,-102.95,0.009,1.34,9.55,0.03,0.0539,1.6231,9.88,159866.73,7.81,94.14,2.446,-0,-1,132.91,132.93,131.06,24.95,Cornering,"Hoosier 43075 16x7.5-10 R20, 7 inch rim",27972
78.7,1060.394,-4.49,-166.79,-104.82,0.006,1.19,9.95,0.16,0.0429,1.5912,9.86,25701.71,7.8,94.15,2.397,-0,-0.9997,132.76,132.71,131.2,24.94,Cornering,"Hoosier 43075 16x7.5-10 R20, 7 inch rim",27973
78.67,1060.404,-3.3,-165.72,-105.67,0.01,1.26,9.66,0.09,0.0313,1.5683,9.88,44272.18,7.8,94.14,2.355,-0,-0.9998,132.63,132.56,131.22,24.93,Cornering,"Hoosier 43075 16x7.5-10 R20, 7 inch rim",27974
78.66,1060.414,-2.08,-163.68,-104.9,0.007,1.61,9.25,0.09,0.0199,1.5604,9.88,44273.45,7.81,94.14,2.309,-0,-0.9998,132.55,132.58,131.27,24.93,Cornering,"Hoosier 43075 16x7.5-10 R20, 7 inch rim",27975
78.7,1060.424,-0.81,-160.53,-102.21,-0.002,1.24,8.91,0.03,0.008,1.5706,9.87,159847.91,7.81,94.13,2.266,-0,-1,132.46,132.45,131.22,24.94,Cornering,"Hoosier 43075 16x7.5-10 R20, 7 inch rim",27976
78.69,1060.434,-0.31,-156.5,-99.39,0.006,1.51,8.48,0.16,0.0031,1.5747,9.85,25710.16,7.81,94.12,2.243,-0,-0.9997,132.42,132.43,131.16,24.94,Cornering,"Hoosier 43075 16x7.5-10 R20, 7 inch rim",27977
78.67,1060.444,0.18,-152.77,-97.46,0.007,1.77,8.97,0.03,-0.0018,1.5675,9.85,159817.47,7.81,94.14,2.196,-0,-1,132.44,132.41,131.06,24.94,Cornering,"Hoosier 43075 16x7.5-10 R20, 7 inch rim",27978
78.68,1060.454,-0.49,-150.14,-96.01,0.012,1.33,9.34,0.16,0.0051,1.5638,9.86,25705.32,7.8,94.16,2.168,-0,-0.9997,132.35,132.45,130.98,24.94,Cornering,"Hoosier 43075 16x7.5-10 R20, 7 inch rim",27979
78.7,1060.464,-1.58,-147.46,-96.47,0.001,2.53,10,0.09,0.0164,1.5285,9.87,44319.33,7.81,94.2,2.13,-0,-0.9998,132.44,132.58,130.98,24.96,Cornering,"Hoosier 43075 16x7.5-10 R20, 7 inch rim",27980
78.68,1060.474,-2.69,-146.55,-97.46,0.001,1.59,10.8,0.09,0.0276,1.5037,9.85,44361.54,7.81,94.21,2.088,-0,-0.9998,132.5,132.6,131.04,24.98,Cornering,"Hoosier 43075 16x7.5-10 R20, 7 inch rim",27981
78.66,1060.484,-3.98,-145.83,-99.15,0.01,0.9,10.96,0.09,0.0401,1.4708,9.85,44393.15,7.81,94.2,2.058,-0,-0.9998,132.48,132.47,131.14,25,Cornering,"Hoosier 43075 16x7.5-10 R20, 7 inch rim",27982
78.7,1060.494,-4.81,-145.51,-101.85,0.001,1.23,10.64,0.09,0.0472,1.4286,9.87,44373.55,7.81,94.25,2.017,-0,-0.9998,132.42,132.3,131.25,24.98,Cornering,"Hoosier 43075 16x7.5-10 R20, 7 inch rim",27983
78.7,1060.504,-4.75,-144.79,-104.03,0.013,1.1,10.14,0.09,0.0457,1.3917,9.85,44384.62,7.81,94.24,1.984,-0,-0.9998,132.33,132.14,131.35,24.99,Cornering,"Hoosier 43075 16x7.5-10 R20, 7 inch rim",27984
78.67,1060.514,-4.15,-143.67,-104.31,0.003,0.21,9.14,-0.04,0.0398,1.3774,9.85,-99567.41,7.81,94.28,1.946,-0,-1.0001,132.18,131.92,131.37,24.99,Cornering,"Hoosier 43075 16x7.5-10 R20, 7 inch rim",27985
78.68,1060.524,-3.15,-141.64,-104.26,0.001,0.91,8.16,0.09,0.0302,1.3586,9.85,44376.23,7.81,94.3,1.899,-0,-0.9998,132.12,131.81,131.47,24.98,Cornering,"Hoosier 43075 16x7.5-10 R20, 7 inch rim",27986
78.71,1060.534,-2.91,-139.28,-102.48,-0.002,0.95,6.17,0.16,0.0284,1.3591,9.85,25769.18,7.81,94.31,1.868,-0,-0.9997,131.99,131.81,131.43,25,Cornering,"Hoosier 43075 16x7.5-10 R20, 7 inch rim",27987
78.68,1060.544,-3.06,-136.23,-99.96,0.017,0.8,4.51,0.03,0.0306,1.3629,9.85,160256.89,7.81,94.31,1.833,-0,-1,131.92,131.72,131.35,25,Cornering,"Hoosier 43075 16x7.5-10 R20, 7 inch rim",27988
78.67,1060.554,-3.26,-132.61,-97.71,0.009,1.4,3.46,0.09,0.0334,1.3572,9.83,44409.64,7.81,94.3,1.78,-0,-0.9998,131.88,131.68,131.31,25,Cornering,"Hoosier 43075 16x7.5-10 R20, 7 inch rim",27989
78.7,1060.564,-4.2,-129.26,-95.86,-0.012,1.56,2.73,0.03,0.0438,1.3485,9.82,160226.11,7.81,94.31,1.747,-0,-1,131.86,131.7,131.25,25,Cornering,"Hoosier 43075 16x7.5-10 R20, 7 inch rim",27990
78.71,1060.574,-5.13,-126.68,-96.15,0.003,2,3.3,-0.04,0.0533,1.3174,9.84,-99579,7.81,94.32,1.7,-0,-1.0001,131.86,131.81,131.18,24.99,Cornering,"Hoosier 43075 16x7.5-10 R20, 7 inch rim",27991
78.68,1060.584,-7.05,-124.83,-96.17,0.004,1.11,3.2,0.03,0.0733,1.298,9.84,160120.19,7.81,94.33,1.669,-0,-1,131.94,131.88,131.27,24.98,Cornering,"Hoosier 43075 16x7.5-10 R20, 7 inch rim",27992
78.68,1060.594,-7.82,-123.32,-98.09,0.009,0.98,4.18,-0.04,0.0798,1.2573,9.84,-99512.98,7.81,94.35,1.623,-0,-1.0001,131.94,131.81,131.35,24.97,Cornering,"Hoosier 43075 16x7.5-10 R20, 7 inch rim",27993
78.71,1060.604,-8.03,-121.92,-100.34,0.003,0.96,4.92,0.09,0.08,1.215,9.84,44341.39,7.81,94.39,1.58,-0,-0.9998,131.86,131.61,131.47,24.96,Cornering,"Hoosier 43075 16x7.5-10 R20, 7 inch rim",27994
78.69,1060.614,-7.44,-120.83,-102.66,-0.005,0.4,5.71,0.09,0.0725,1.177,9.82,44352.46,7.81,94.42,1.536,-0,-0.9998,131.73,131.46,131.59,24.97,Cornering,"Hoosier 43075 16x7.5-10 R20, 7 inch rim",27995
78.67,1060.624,-6.37,-119.63,-104.05,0.003,-0.05,6.03,0.09,0.0612,1.1497,9.82,44352.91,7.81,94.41,1.508,-0,-0.9998,131.56,131.26,131.61,24.97,Cornering,"Hoosier 43075 16x7.5-10 R20, 7 inch rim",27996
78.7,1060.634,-4.54,-117.79,-104.17,0.01,-0.29,6.51,0.09,0.0436,1.1308,9.82,44333.16,7.81,94.4,1.457,-0,-0.9998,131.37,131.13,131.67,24.96,Cornering,"Hoosier 43075 16x7.5-10 R20, 7 inch rim",27997
78.7,1060.644,-2.8,-115.28,-102.75,0.006,-0.05,6.61,0.03,0.0272,1.1219,9.82,159838.62,7.81,94.35,1.415,-0,-1,131.24,131.06,131.63,24.93,Cornering,"Hoosier 43075 16x7.5-10 R20, 7 inch rim",27998
78.67,1060.654,-1.48,-111.52,-100.1,0.003,0.04,6.73,0.03,0.0148,1.1141,9.82,159878.3,7.81,94.35,1.369,-0,-1,131.13,131.06,131.55,24.94,Cornering,"Hoosier 43075 16x7.5-10 R20, 7 inch rim",27999
78.68,1060.664,-1.35,-107.82,-97.87,0.013,0.81,6.24,0.03,0.0138,1.1016,9.8,159880.33,7.81,94.31,1.331,-0,-1,131.04,131,131.51,24.94,Cornering,"Hoosier 43075 16x7.5-10 R20, 7 inch rim",28000
78.71,1060.674,-1.39,-104.04,-95.91,0.003,1.1,6.47,0.09,0.0145,1.0848,9.81,44315.22,7.81,94.29,1.278,-0,-0.9998,131.04,131.02,131.43,24.94,Cornering,"Hoosier 43075 16x7.5-10 R20, 7 inch rim",28001
78.7,1060.684,-1.95,-100.8,-94.56,0.007,0.81,7.07,-0.04,0.0206,1.0659,9.81,-99410.98,7.81,94.26,1.239,-0,-1.0001,131.02,131.11,131.35,24.94,Cornering,"Hoosier 43075 16x7.5-10 R20, 7 inch rim",28002
78.67,1060.694,-3.2,-98.2,-95.35,0.016,0.72,7.65,0.03,0.0335,1.0299,9.82,159775.2,7.81,94.22,1.199,-0,-1,131.11,131.22,131.35,24.92,Cornering,"Hoosier 43075 16x7.5-10 R20, 7 inch rim",28003
78.7,1060.704,-4.23,-95.71,-96.63,0.01,0.88,8.42,-0.04,0.0438,0.9905,9.8,-99320.55,7.81,94.21,1.169,-0,-1.0001,131.15,131.17,131.41,24.92,Cornering,"Hoosier 43075 16x7.5-10 R20, 7 inch rim",28004
78.71,1060.714,-4.88,-94.04,-98.41,0.013,-0.18,9,0.03,0.0496,0.9556,9.82,159778.5,7.81,94.19,1.123,-0,-1,131.11,131.04,131.55,24.92,Cornering,"Hoosier 43075 16x7.5-10 R20, 7 inch rim",28005
78.68,1060.724,-5.26,-92.17,-100.52,0.007,-0.73,8.74,0.09,0.0523,0.9169,9.81,44338.3,7.81,94.2,1.074,-0,-0.9998,131,130.95,131.61,24.96,Cornering,"Hoosier 43075 16x7.5-10 R20, 7 inch rim",28006
78.67,1060.734,-5.12,-90.17,-102.41,0.007,-0.93,7.89,0.03,0.05,0.8805,9.8,160041.64,7.81,94.21,1.047,-0,-1,130.87,130.76,131.63,24.96,Cornering,"Hoosier 43075 16x7.5-10 R20, 7 inch rim",28007
78.71,1060.744,-4.65,-87.7,-102.96,0.01,-0.71,6.69,0.09,0.0452,0.8517,9.8,44359.58,7.81,94.21,1.009,-0,-0.9998,130.79,130.67,131.63,24.97,Cornering,"Hoosier 43075 16x7.5-10 R20, 7 inch rim",28008
78.69,1060.754,-3.66,-84.92,-101.72,0.017,-0.82,5.73,0.09,0.0359,0.8349,9.8,44339.43,7.81,94.21,0.963,-0,-0.9998,130.74,130.58,131.59,24.96,Cornering,"Hoosier 43075 16x7.5-10 R20, 7 inch rim",28009
78.67,1060.764,-2.9,-81.93,-99.98,0.01,-0.38,4.57,0.09,0.029,0.8195,9.81,44308.81,7.81,94.22,0.933,-0,-0.9998,130.68,130.54,131.51,24.94,Cornering,"Hoosier 43075 16x7.5-10 R20, 7 inch rim",28010
78.69,1060.774,-2.26,-78.17,-97.05,0.007,0.02,4.03,0.03,0.0233,0.8054,9.8,159861.44,7.81,94.22,0.881,-0,-1,130.66,130.51,131.43,24.93,Cornering,"Hoosier 43075 16x7.5-10 R20, 7 inch rim",28011
78.71,1060.784,-2.81,-74.73,-94.23,0.004,-0.36,3.13,0.09,0.0299,0.793,9.8,44309.55,7.81,94.23,0.844,-0,-0.9998,130.66,130.49,131.31,24.94,Cornering,"Hoosier 43075 16x7.5-10 R20, 7 inch rim",28012
78.68,1060.794,-3.7,-71.42,-92.79,-0.006,-0.21,2.87,0.03,0.0399,0.7697,9.8,159974.97,7.81,94.2,0.808,-0,-1,130.68,130.58,131.2,24.95,Cornering,"Hoosier 43075 16x7.5-10 R20, 7 inch rim",28013
78.67,1060.804,-5.72,-68.08,-93.05,0.013,0.23,2.18,0.03,0.0614,0.7317,9.79,160050.27,7.81,94.17,0.769,-0,-1,130.81,130.71,131.2,24.96,Cornering,"Hoosier 43075 16x7.5-10 R20, 7 inch rim",28014
78.71,1060.814,-7.55,-65.86,-94.15,-0.005,0.02,2.01,0.16,0.0802,0.6995,9.8,25760.45,7.81,94.14,0.727,-0,-0.9997,130.87,130.82,131.22,24.98,Cornering,"Hoosier 43075 16x7.5-10 R20, 7 inch rim",28015
78.71,1060.824,-8.67,-63.28,-95.35,0.006,-0.98,2.19,-0.04,0.091,0.6636,9.8,-99560.98,7.81,94.09,0.701,-0,-1.0001,130.89,130.69,131.29,24.98,Cornering,"Hoosier 43075 16x7.5-10 R20, 7 inch rim",28016
78.68,1060.834,-9.22,-60.81,-97.71,0.004,-1.18,2.13,0.09,0.0944,0.6224,9.8,44351.98,7.81,94.08,0.651,-0,-0.9998,130.83,130.54,131.41,24.96,Cornering,"Hoosier 43075 16x7.5-10 R20, 7 inch rim",28017
78.69,1060.844,-8.58,-58.18,-99.46,0.003,-1.87,2.41,0.16,0.0862,0.585,9.79,25730.92,7.81,94.06,0.609,-0,-0.9997,130.68,130.36,131.45,24.95,Cornering,"Hoosier 43075 16x7.5-10 R20, 7 inch rim",28018
78.71,1060.854,-7.6,-55.1,-100.36,0.007,-1.76,2.05,-0.04,0.0757,0.5491,9.79,-99423.7,7.81,94.04,0.582,-0,-1.0001,130.51,130.23,131.41,24.94,Cornering,"Hoosier 43075 16x7.5-10 R20, 7 inch rim",28019
78.69,1060.864,-6.25,-51.99,-99.93,0.007,-1.77,1.75,-0.04,0.0625,0.5203,9.8,-99424.1,7.81,94,0.536,-0,-1.0001,130.46,130.12,131.33,24.94,Cornering,"Hoosier 43075 16x7.5-10 R20, 7 inch rim",28020
78.67,1060.874,-4.95,-48.24,-98.58,0.004,-0.55,1.34,0.09,0.0502,0.4893,9.78,44342.3,7.81,94,0.503,-0,-0.9998,130.4,130.07,131.33,24.96,Cornering,"Hoosier 43075 16x7.5-10 R20, 7 inch rim",28021
78.7,1060.884,-3.69,-44.31,-95.07,-0.002,-0.77,1.33,0.09,0.0388,0.4661,9.79,44342.42,7.81,94,0.46,-0,-0.9998,130.36,130.05,131.27,24.96,Cornering,"Hoosier 43075 16x7.5-10 R20, 7 inch rim",28022
78.71,1060.894,-2.97,-40.6,-92.41,0.007,-0.78,1.48,0.09,0.0321,0.4394,9.78,44352.78,7.81,94.01,0.433,-0,-0.9998,130.36,129.99,131.18,24.96,Cornering,"Hoosier 43075 16x7.5-10 R20, 7 inch rim",28023
78.68,1060.904,-3.36,-36.73,-90.23,0.012,-1.06,1.58,0.03,0.0373,0.4071,9.79,160130.38,7.81,94.01,0.38,-0,-1,130.31,130.01,131.12,24.97,Cornering,"Hoosier 43075 16x7.5-10 R20, 7 inch rim",28024
78.69,1060.914,-4.36,-33.32,-89.43,0.013,-1,1.66,0.09,0.0487,0.3726,9.78,44383.81,7.81,94.01,0.354,-0,-0.9998,130.29,130.12,131.12,24.98,Cornering,"Hoosier 43075 16x7.5-10 R20, 7 inch rim",28025
78.71,1060.924,-5.91,-30.03,-90.41,0.004,-0.45,1.58,0.03,0.0654,0.3322,9.77,160279.28,7.81,93.99,0.306,-0,-1,130.34,130.23,131.14,25,Cornering,"Hoosier 43075 16x7.5-10 R20, 7 inch rim",28026
78.7,1060.934,-6.89,-26.93,-90.93,-0,-1.35,1.83,0.16,0.0757,0.2962,9.77,25773.21,7.81,94.01,0.267,-0,-0.9997,130.31,130.14,131.22,24.99,Cornering,"Hoosier 43075 16x7.5-10 R20, 7 inch rim",28027
78.68,1060.944,-7.25,-23.54,-92.56,0.003,-1.72,1.81,0.09,0.0784,0.2544,9.77,44414.73,7.81,94.01,0.217,-0,-0.9998,130.27,129.99,131.35,25,Cornering,"Hoosier 43075 16x7.5-10 R20, 7 inch rim",28028
78.7,1060.954,-7.45,-19.97,-94.23,-0.002,-1.98,0.95,-0.04,0.079,0.2119,9.77,-99656.1,7.81,94.03,0.192,-0,-1.0001,130.12,129.81,131.39,25,Cornering,"Hoosier 43075 16x7.5-10 R20, 7 inch rim",28029
78.71,1060.964,-7.28,-16.25,-94.81,-0.003,-2.35,-0.34,0.03,0.0768,0.1714,9.77,160390.48,7.81,94.06,0.154,-0,-1,130.08,129.63,131.39,25.01,Cornering,"Hoosier 43075 16x7.5-10 R20, 7 inch rim",28030
78.68,1060.974,-6.61,-12.38,-95.07,0.001,-2.03,-1.61,-0.04,0.0696,0.1302,9.78,-99701.97,7.81,94.06,0.102,-0,-1.0001,130.1,129.48,131.41,25.01,Cornering,"Hoosier 43075 16x7.5-10 R20, 7 inch rim",28031
78.68,1060.984,-5.96,-8.22,-92.98,0.013,-2.24,-3.06,0.09,0.0641,0.0884,9.77,44466,7.81,94.06,0.081,-0,-0.9998,130.06,129.44,131.41,25.03,Cornering,"Hoosier 43075 16x7.5-10 R20, 7 inch rim",28032
78.71,1060.994,-4.94,-4.47,-90.63,0.013,-1.77,-3.83,-0.04,0.0545,0.0494,9.78,-99701.52,7.81,94.03,0.031,-0,-1.0001,129.97,129.41,131.39,25.01,Cornering,"Hoosier 43075 16x7.5-10 R20, 7 inch rim",28033
78.71,1061.004,-4.03,-0.36,-88.44,-0.002,-0.76,-4.05,0.03,0.0456,0.0041,9.77,160165.78,7.81,94.05,-0.018,-0,-1,129.95,129.44,131.35,24.98,Cornering,"Hoosier 43075 16x7.5-10 R20, 7 inch rim",28034
78.67,1061.014,-4.53,2.9,-86.64,0.001,-0.72,-4.49,-0.04,0.0523,-0.0335,9.77,-99469.73,7.81,94.03,-0.058,-0,-1.0001,129.93,129.55,131.29,24.96,Cornering,"Hoosier 43075 16x7.5-10 R20, 7 inch rim",28035
78.7,1061.024,-5.4,6.45,-85.58,0.006,-1.19,-4.17,-0.04,0.0631,-0.0754,9.77,-99492.2,7.81,94.02,-0.117,-0,-1.0001,129.97,129.7,131.22,24.96,Cornering,"Hoosier 43075 16x7.5-10 R20, 7 inch rim",28036
78.71,1061.034,-6.29,10.33,-85.15,0.003,-2.31,-3.59,-0.04,0.0739,-0.1213,9.77,-99468.58,7.81,94.02,-0.158,-0,-1.0001,130.01,129.83,131.22,24.96,Cornering,"Hoosier 43075 16x7.5-10 R20, 7 inch rim",28037
78.69,1061.044,-7.31,14.01,-86.77,0.01,-2.43,-2.88,0.03,0.0842,-0.1614,9.77,160125.38,7.81,93.98,-0.194,-0,-1,130.1,129.92,131.29,24.97,Cornering,"Hoosier 43075 16x7.5-10 R20, 7 inch rim",28038
78.68,1061.054,-7.82,17.89,-88.75,0.003,-2.97,-2.56,0.09,0.0881,-0.2016,9.77,44382.11,7.81,93.95,-0.237,-0,-0.9998,130.06,129.81,131.35,24.98,Cornering,"Hoosier 43075 16x7.5-10 R20, 7 inch rim",28039
78.71,1061.064,-7.24,22.42,-90.64,-0.01,-3.21,-1.94,-0.04,0.0799,-0.2474,9.78,-99558.84,7.81,93.95,-0.3,-0,-1.0001,129.95,129.72,131.47,24.98,Cornering,"Hoosier 43075 16x7.5-10 R20, 7 inch rim",28040
78.71,1061.074,-6.27,26.86,-92.29,0.003,-3.41,-1.77,0.03,0.0679,-0.2911,9.78,160009.75,7.81,93.99,-0.35,-0,-1,129.91,129.57,131.51,24.96,Cornering,"Hoosier 43075 16x7.5-10 R20, 7 inch rim",28041
78.67,1061.084,-5.61,31.99,-93.19,0.003,-2.13,-2.75,0.09,0.0602,-0.3433,9.77,44329.39,7.81,94.06,-0.392,-0,-0.9998,129.8,129.46,131.51,24.95,Cornering,"Hoosier 43075 16x7.5-10 R20, 7 inch rim",28042
78.69,1061.094,-4.11,36.21,-92.63,-0.005,-2.15,-2.95,0.03,0.0444,-0.3909,9.79,159896.12,7.81,94.12,-0.418,-0,-1,129.73,129.37,131.53,24.94,Cornering,"Hoosier 43075 16x7.5-10 R20, 7 inch rim",28043
78.72,1061.104,-2.36,40.36,-90.66,0.01,-2.13,-2.9,-0.04,0.026,-0.4452,9.77,-99394.16,7.8,94.16,-0.452,-0,-1.0001,129.69,129.37,131.49,24.94,Cornering,"Hoosier 43075 16x7.5-10 R20, 7 inch rim",28044
78.69,1061.114,-1.09,44.13,-88.74,0.001,-1.8,-2.4,0.09,0.0122,-0.4973,9.78,44307.88,7.81,94.21,-0.488,-0,-0.9998,129.63,129.37,131.51,24.94,Cornering,"Hoosier 43075 16x7.5-10 R20, 7 inch rim",28045
78.68,1061.124,-1.06,48.18,-87.05,0.001,-1.47,-2.65,0.03,0.0122,-0.5534,9.78,159854.91,7.8,94.2,-0.529,-0,-1,129.65,129.41,131.39,24.93,Cornering,"Hoosier 43075 16x7.5-10 R20, 7 inch rim",28046
78.7,1061.134,-2.07,51.72,-85.95,0.009,-1.69,-3.08,0.03,0.0241,-0.6018,9.77,159853.94,7.81,94.15,-0.554,-0,-1,129.63,129.5,131.39,24.93,Cornering,"Hoosier 43075 16x7.5-10 R20, 7 inch rim",28047
78.71,1061.144,-3.69,55.45,-86.09,0.006,-2.05,-3.58,0.03,0.0429,-0.6441,9.77,159963.83,7.8,94.12,-0.592,-0,-1,129.65,129.66,131.39,24.95,Cornering,"Hoosier 43075 16x7.5-10 R20, 7 inch rim",28048
78.67,1061.154,-5.2,59.02,-87.23,0.001,-2.64,-3.87,-0.04,0.0596,-0.6766,9.78,-99366.8,7.8,94.12,-0.625,-0,-1.0001,129.71,129.77,131.47,24.93,Cornering,"Hoosier 43075 16x7.5-10 R20, 7 inch rim",28049
78.69,1061.164,-6.63,62.84,-88.51,0.012,-3.65,-4.61,0.03,0.0749,-0.71,9.77,159849.48,7.8,94.09,-0.658,-0,-1,129.61,129.66,131.51,24.93,Cornering,"Hoosier 43075 16x7.5-10 R20, 7 inch rim",28050
78.71,1061.174,-7.53,67.03,-91.42,0.007,-2.8,-5.51,0.03,0.0824,-0.7333,9.79,159848.5,7.8,94.06,-0.68,-0,-1,129.58,129.57,131.55,24.93,Cornering,"Hoosier 43075 16x7.5-10 R20, 7 inch rim",28051
78.7,1061.184,-7.47,71.08,-93.7,-0,-2.62,-6.55,0.03,0.0798,-0.7586,9.77,159846.81,7.8,94.05,-0.715,-0,-1,129.43,129.44,131.57,24.93,Cornering,"Hoosier 43075 16x7.5-10 R20, 7 inch rim",28052
78.67,1061.194,-7.31,74.77,-95.3,0.007,-2.45,-8.13,0.03,0.0767,-0.7846,9.8,159844.77,7.8,94.03,-0.757,-0,-1,129.39,129.33,131.55,24.93,Cornering,"Hoosier 43075 16x7.5-10 R20, 7 inch rim",28053
78.71,1061.204,-7.37,78.6,-95.27,0.022,-2.75,-10.46,-0.04,0.0774,-0.825,9.8,-99431.31,7.79,94.01,-0.787,-0,-1.0001,129.35,129.17,131.47,24.95,Cornering,"Hoosier 43075 16x7.5-10 R20, 7 inch rim",28054
78.71,1061.214,-6.81,81.77,-95.08,0.007,-1.89,-12.01,-0.04,0.0716,-0.86,9.78,-99545.59,7.8,93.99,-0.824,-0,-1.0001,129.41,129.19,131.47,24.98,Cornering,"Hoosier 43075 16x7.5-10 R20, 7 inch rim",28055
78.67,1061.224,-6.21,84.11,-93.1,0.003,-3.45,-12.99,0.03,0.0667,-0.9035,9.79,160210.69,7.8,93.97,-0.864,-0,-1,129.37,129.17,131.41,24.99,Cornering,"Hoosier 43075 16x7.5-10 R20, 7 inch rim",28056
78.68,1061.234,-5.49,86.71,-90.95,0.014,-5.11,-12.84,0.03,0.0604,-0.9534,9.8,160245.34,7.79,93.93,-0.909,-0,-1,129.35,129.17,131.37,25,Cornering,"Hoosier 43075 16x7.5-10 R20, 7 inch rim",28057
78.72,1061.244,-5.76,90.16,-89.22,0.006,-5.95,-12.87,0.03,0.0645,-1.0105,9.8,160205.83,7.79,94,-0.949,-0,-1,129.37,129.33,131.33,24.99,Cornering,"Hoosier 43075 16x7.5-10 R20, 7 inch rim",28058
78.7,1061.254,-6.63,93.91,-88.16,-0.003,-6.88,-12.61,0.09,0.0752,-1.0653,9.81,44373.12,7.8,94.03,-0.989,-0,-0.9998,129.46,129.5,131.35,24.98,Cornering,"Hoosier 43075 16x7.5-10 R20, 7 inch rim",28059
78.68,1061.264,-8.02,98.04,-88.91,0.012,-6.35,-12.57,0.03,0.0901,-1.1027,9.81,160014.67,7.79,94.08,-1.036,-0,-1,129.5,129.61,131.39,24.96,Cornering,"Hoosier 43075 16x7.5-10 R20, 7 inch rim",28060
78.7,1061.274,-9.16,102.72,-90.97,0.004,-4.78,-12.48,-0.04,0.1006,-1.1291,9.8,-99535.67,7.79,94.1,-1.09,-0,-1.0001,129.46,129.68,131.45,24.98,Cornering,"Hoosier 43075 16x7.5-10 R20, 7 inch rim",28061
78.72,1061.284,-9.44,106.41,-93.35,0.009,-4.78,-12.17,0.03,0.1011,-1.1398,9.81,160157.55,7.79,94.11,-1.123,-0,-1,129.46,129.57,131.41,24.98,Cornering,"Hoosier 43075 16x7.5-10 R20, 7 inch rim",28062
78.68,1061.294,-9.28,109.98,-96.12,0.003,-4.64,-12.33,0.03,0.0965,-1.1442,9.81,160376.69,7.79,94.12,-1.178,-0,-1,129.35,129.5,131.49,25.02,Cornering,"Hoosier 43075 16x7.5-10 R20, 7 inch rim",28063
78.68,1061.304,-8.49,112.88,-98.37,0.012,-4.82,-12.72,0.03,0.0863,-1.1475,9.82,160336.23,7.79,94.15,-1.224,-0,-1,129.24,129.35,131.43,25.01,Cornering,"Hoosier 43075 16x7.5-10 R20, 7 inch rim",28064
78.71,1061.314,-6.55,115.22,-99.18,0.004,-5.75,-12.41,0.03,0.066,-1.1617,9.83,160258.11,7.79,94.17,-1.275,-0,-1,129.13,129.28,131.37,25,Cornering,"Hoosier 43075 16x7.5-10 R20, 7 inch rim",28065
78.71,1061.324,-4.66,117.55,-98.99,0.006,-5.92,-12.15,-0.11,0.0471,-1.1874,9.82,-37972.17,7.79,94.18,-1.317,-0,-1.0002,129.11,129.15,131.29,24.98,Cornering,"Hoosier 43075 16x7.5-10 R20, 7 inch rim",28066
78.67,1061.334,-2.84,120.08,-96.9,-0.003,-5.97,-11.42,-0.11,0.0293,-1.2391,9.82,-37953.72,7.79,94.2,-1.361,-0,-1.0002,129.07,129.13,131.22,24.97,Cornering,"Hoosier 43075 16x7.5-10 R20, 7 inch rim",28067
78.7,1061.344,-1.4,123.19,-94.72,-0.002,-5.28,-10.41,-0.04,0.0148,-1.3006,9.82,-99429.15,7.79,94.15,-1.398,-0,-1.0001,129.07,129.13,131.2,24.96,Cornering,"Hoosier 43075 16x7.5-10 R20, 7 inch rim",28068
78.71,1061.354,-0.83,126.25,-92.69,0.014,-5.57,-9.21,0.03,0.0089,-1.362,9.85,159910.55,7.79,94.14,-1.441,-0,-1,129.01,129.22,131.08,24.95,Cornering,"Hoosier 43075 16x7.5-10 R20, 7 inch rim",28069
78.7,1061.364,-1.03,130.46,-91.28,0.012,-4.66,-7.94,-0.04,0.0113,-1.4292,9.84,-99425,7.79,94.17,-1.479,-0,-1.0001,129.05,129.35,131.06,24.96,Cornering,"Hoosier 43075 16x7.5-10 R20, 7 inch rim",28070
78.67,1061.374,-1.61,134.4,-91.47,-0.005,-4.02,-6.8,0.03,0.0176,-1.4693,9.84,159940.47,7.79,94.17,-1.526,-0,-1,129.09,129.5,131.04,24.96,Cornering,"Hoosier 43075 16x7.5-10 R20, 7 inch rim",28071
78.71,1061.384,-2.31,137.18,-93.16,-0.005,-3.67,-5.83,0.03,0.0247,-1.4724,9.84,159898.88,7.79,94.2,-1.576,-0,-1,129.07,129.5,131.06,24.95,Cornering,"Hoosier 43075 16x7.5-10 R20, 7 inch rim",28072
78.71,1061.394,-2.9,139.63,-94.17,-0.005,-5.63,-5.48,-0.04,0.0307,-1.4827,9.87,-99348.65,7.79,94.23,-1.607,-0,-1.0001,129.03,129.44,131.06,24.94,Cornering,"Hoosier 43075 16x7.5-10 R20, 7 inch rim",28073
78.67,1061.404,-2.94,142.07,-97.01,0.001,-5.45,-5.52,0.03,0.0303,-1.4645,9.87,159854.77,7.79,94.25,-1.652,-0,-1,128.92,129.37,131.02,24.94,Cornering,"Hoosier 43075 16x7.5-10 R20, 7 inch rim",28074
78.68,1061.414,-2.98,143.91,-98.88,0.003,-6.55,-6.73,-0.04,0.0302,-1.4554,9.86,-99414.02,7.79,94.25,-1.675,-0,-1.0001,128.88,129.24,131,24.96,Cornering,"Hoosier 43075 16x7.5-10 R20, 7 inch rim",28075
78.71,1061.424,-2.6,145.75,-100.04,0.006,-7.1,-8.26,0.09,0.026,-1.4569,9.87,44315.64,7.79,94.24,-1.729,-0,-0.9998,128.83,129.1,130.94,24.96,Cornering,"Hoosier 43075 16x7.5-10 R20, 7 inch rim",28076
78.69,1061.434,-2.14,147.46,-99.86,0.007,-7.02,-9.97,0.09,0.0215,-1.4767,9.88,44325.35,7.79,94.22,-1.751,-0,-0.9998,128.83,129.08,130.88,24.96,Cornering,"Hoosier 43075 16x7.5-10 R20, 7 inch rim",28077
78.68,1061.444,-1.75,149.38,-98.16,-0.003,-6.73,-11.53,0.09,0.0178,-1.5218,9.86,44344.95,7.79,94.23,-1.786,-0,-0.9998,128.79,129.08,130.84,24.97,Cornering,"Hoosier 43075 16x7.5-10 R20, 7 inch rim",28078
78.71,1061.454,-1.71,151.55,-96.26,0.004,-5.74,-12.55,0.09,0.0178,-1.5743,9.88,44354.52,7.79,94.27,-1.812,-0,-0.9998,128.73,129.06,130.84,24.98,Cornering,"Hoosier 43075 16x7.5-10 R20, 7 inch rim",28079
78.71,1061.464,-2.62,153.89,-93.6,0.006,-5.38,-13.8,-0.04,0.028,-1.6442,9.88,-99448.88,7.79,94.3,-1.858,-0,-1.0001,128.68,129.13,130.78,24.97,Cornering,"Hoosier 43075 16x7.5-10 R20, 7 inch rim",28080
78.67,1061.474,-4.45,156.25,-92.74,0.001,-4.4,-15.05,0.09,0.048,-1.6848,9.87,44342.1,7.79,94.35,-1.887,-0,-0.9998,128.66,129.22,130.7,24.97,Cornering,"Hoosier 43075 16x7.5-10 R20, 7 inch rim",28081
78.69,1061.484,-5.9,158.24,-92.36,0.009,-4.4,-15.03,-0.04,0.0639,-1.7133,9.88,-99466.89,7.79,94.41,-1.935,-0,-1.0001,128.77,129.35,130.7,24.97,Cornering,"Hoosier 43075 16x7.5-10 R20, 7 inch rim",28082
78.72,1061.494,-7.25,159.95,-93.22,0.004,-4.79,-15.04,0.09,0.0778,-1.7157,9.87,44298.38,7.79,94.48,-1.973,-0,-0.9998,128.81,129.44,130.74,24.95,Cornering,"Hoosier 43075 16x7.5-10 R20, 7 inch rim",28083
78.7,1061.504,-8.01,161.31,-94.8,0.009,-5.36,-14.68,0.03,0.0845,-1.7015,9.88,159818.59,7.79,94.52,-2.005,-0,-1,128.79,129.44,130.78,24.94,Cornering,"Hoosier 43075 16x7.5-10 R20, 7 inch rim",28084
78.67,1061.514,-8.58,162.83,-96.73,0.01,-6.29,-14.94,0.03,0.0887,-1.6834,9.88,159776.66,7.79,94.54,-2.048,-0,-1,128.7,129.35,130.82,24.94,Cornering,"Hoosier 43075 16x7.5-10 R20, 7 inch rim",28085
78.7,1061.524,-8.22,164.08,-98.43,0.001,-7.95,-15.26,0.09,0.0836,-1.667,9.88,44294.68,7.79,94.54,-2.091,-0,-0.9998,128.66,129.19,130.76,24.95,Cornering,"Hoosier 43075 16x7.5-10 R20, 7 inch rim",28086
78.71,1061.534,-7.7,165.89,-99.99,0.014,-7.96,-15.98,0.03,0.077,-1.6591,9.87,159953.11,7.79,94.53,-2.129,-0,-1,128.62,129.15,130.74,24.97,Cornering,"Hoosier 43075 16x7.5-10 R20, 7 inch rim",28087
78.68,1061.544,-5.96,167.93,-99.55,0.007,-8.02,-15.9,-0.04,0.0599,-1.6869,9.89,-99474.17,7.79,94.5,-2.16,-0,-1.0001,128.58,129.06,130.66,24.98,Cornering,"Hoosier 43075 16x7.5-10 R20, 7 inch rim",28088
78.69,1061.554,-4.59,169.65,-98.43,0.01,-7.33,-15.83,-0.04,0.0466,-1.7236,9.89,-99562.22,7.79,94.46,-2.217,-0,-1.0001,128.62,128.99,130.62,25,Cornering,"Hoosier 43075 16x7.5-10 R20, 7 inch rim",28089
78.71,1061.564,-4.3,171.36,-96.53,0.014,-5.94,-16.38,0.03,0.0445,-1.7753,9.88,160124.86,7.79,94.42,-2.245,-0,-1,128.55,129.06,130.6,25,Cornering,"Hoosier 43075 16x7.5-10 R20, 7 inch rim",28090
78.7,1061.574,-3.73,173.31,-94.07,-0.003,-5.71,-15.82,0.03,0.0396,-1.8423,9.89,160155.59,7.79,94.38,-2.296,-0,-1,128.51,129.1,130.64,25,Cornering,"Hoosier 43075 16x7.5-10 R20, 7 inch rim",28091
78.67,1061.584,-3.8,175.14,-92.41,0.007,-5.44,-14.75,0.03,0.0411,-1.8953,9.88,160113.58,7.79,94.34,-2.335,-0,-1,128.55,129.24,130.6,25,Cornering,"Hoosier 43075 16x7.5-10 R20, 7 inch rim",28092
78.7,1061.594,-3.76,177.01,-92.26,0.006,-4.71,-13.19,-0.04,0.0407,-1.9186,9.91,-99526.06,7.79,94.31,-2.385,-0,-1.0001,128.58,129.37,130.6,25,Cornering,"Hoosier 43075 16x7.5-10 R20, 7 inch rim",28093
78.71,1061.604,-3.92,178.72,-92.4,0.001,-5.34,-11.38,-0.04,0.0424,-1.9343,9.91,-99521.87,7.79,94.29,-2.436,-0,-1.0001,128.66,129.46,130.68,25,Cornering,"Hoosier 43075 16x7.5-10 R20, 7 inch rim",28094
78.68,1061.614,-4.51,180.22,-93.85,0.01,-6.2,-10.34,0.03,0.048,-1.9204,9.91,160133.14,7.79,94.26,-2.469,-0,-1,128.68,129.5,130.68,25,Cornering,"Hoosier 43075 16x7.5-10 R20, 7 inch rim",28095
78.68,1061.624,-4.53,181.92,-95.6,0.006,-6.93,-9.57,-0.04,0.0473,-1.903,9.91,-99584.41,7.79,94.22,-2.517,-0,-1.0001,128.68,129.44,130.68,25.01,Cornering,"Hoosier 43075 16x7.5-10 R20, 7 inch rim",28096
78.71,1061.634,-4.03,183.64,-97.7,-0.003,-7.37,-9.44,0.03,0.0412,-1.8798,9.9,160159.38,7.79,94.17,-2.55,-0,-1,128.66,129.33,130.66,25.01,Cornering,"Hoosier 43075 16x7.5-10 R20, 7 inch rim",28097
78.7,1061.644,-2.92,185.45,-99.01,0.007,-8.02,-9.21,-0.04,0.0295,-1.8732,9.91,-99486.6,7.79,94.13,-2.581,-0,-1.0001,128.68,129.24,130.64,24.99,Cornering,"Hoosier 43075 16x7.5-10 R20, 7 inch rim",28098
78.67,1061.654,-1.12,187.18,-98.75,-0,-9.08,-9.01,0.03,0.0114,-1.8956,9.91,159998.7,7.79,94.11,-2.637,-0,-1,128.66,129.19,130.6,24.98,Cornering,"Hoosier 43075 16x7.5-10 R20, 7 inch rim",28099
78.7,1061.664,0.08,188.74,-97.57,0.003,-8.3,-9.61,0.09,-0.0008,-1.9344,9.91,44325.52,7.79,94.07,-2.667,-0,-0.9998,128.66,129.17,130.54,24.98,Cornering,"Hoosier 43075 16x7.5-10 R20, 7 inch rim",28100
78.71,1061.674,0.94,190.16,-96.12,0.004,-6.5,-10.05,-0.04,-0.0097,-1.9784,9.91,-99428.55,7.79,94.05,-2.716,-0,-1.0001,128.6,129.15,130.58,24.98,Cornering,"Hoosier 43075 16x7.5-10 R20, 7 inch rim",28101
78.69,1061.684,1.06,191.59,-93.89,0.003,-5.48,-10.45,0.09,-0.0113,-2.0406,9.92,44301.89,7.79,94.01,-2.743,-0,-0.9998,128.55,129.15,130.58,24.97,Cornering,"Hoosier 43075 16x7.5-10 R20, 7 inch rim",28102
78.68,1061.694,-0.43,192.82,-92.07,0.01,-5.07,-11.68,-0.04,0.0047,-2.0942,9.91,-99376.11,7.79,93.97,-2.784,-0,-1.0001,128.45,129.24,130.58,24.97,Cornering,"Hoosier 43075 16x7.5-10 R20, 7 inch rim",28103
78.71,1061.704,-1.46,193.94,-91.5,0.001,-4.74,-11.72,0.03,0.0159,-2.1196,9.9,159896.58,7.79,93.98,-2.827,-0,-1,128.55,129.33,130.64,24.97,Cornering,"Hoosier 43075 16x7.5-10 R20, 7 inch rim",28104
78.71,1061.714,-2.86,195.2,-91.22,-0.005,-5.62,-11.84,-0.04,0.0314,-2.1399,9.92,-99368.73,7.79,93.99,-2.863,-0,-1.0001,128.62,129.46,130.68,24.97,Cornering,"Hoosier 43075 16x7.5-10 R20, 7 inch rim",28105
78.67,1061.724,-4.83,196.06,-92.92,0.009,-5.72,-12.32,0.09,0.052,-2.1101,9.93,44285.46,7.79,94.02,-2.89,-0,-0.9998,128.66,129.55,130.76,24.96,Cornering,"Hoosier 43075 16x7.5-10 R20, 7 inch rim",28106
78.7,1061.734,-6.17,197.18,-94.48,-0.005,-6.91,-13,0.03,0.0653,-2.087,9.91,159806.75,7.79,94.04,-2.929,-0,-1,128.6,129.46,130.78,24.96,Cornering,"Hoosier 43075 16x7.5-10 R20, 7 inch rim",28107
78.71,1061.744,-7.06,198.08,-95.98,-0.003,-8.27,-14.04,0.09,0.0735,-2.0639,9.94,44281.8,7.79,94.05,-2.975,-0,-0.9998,128.66,129.37,130.82,24.96,Cornering,"Hoosier 43075 16x7.5-10 R20, 7 inch rim",28108
78.69,1061.754,-7.07,199.87,-97.46,0.012,-8.93,-14.98,-0.04,0.0725,-2.0507,9.92,-99286.47,7.79,94.03,-2.998,-0,-1.0001,128.6,129.26,130.74,24.95,Cornering,"Hoosier 43075 16x7.5-10 R20, 7 inch rim",28109
78.68,1061.764,-6.32,201.92,-98.51,0.006,-7.83,-15.82,0.03,0.0641,-2.0498,9.94,159676.09,7.79,94.01,-3.051,-0,-1,128.55,129.17,130.66,24.94,Cornering,"Hoosier 43075 16x7.5-10 R20, 7 inch rim",28110
78.7,1061.774,-4.84,203.47,-97.74,0.009,-7.12,-16.05,0.03,0.0495,-2.0818,9.94,159706.91,7.79,94.03,-3.089,-0,-1,128.53,129.1,130.58,24.95,Cornering,"Hoosier 43075 16x7.5-10 R20, 7 inch rim",28111
78.71,1061.784,-3.61,204.42,-95.72,0.01,-6.72,-16.11,0.09,0.0377,-2.1355,9.94,44274.67,7.78,94.02,-3.134,-0,-0.9998,128.49,129.13,130.54,24.96,Cornering,"Hoosier 43075 16x7.5-10 R20, 7 inch rim",28112
78.68,1061.794,-2.55,205.28,-94.3,-0.007,-5.2,-15.74,0.09,0.027,-2.1768,9.94,44272.75,7.79,94.01,-3.175,-0,-0.9998,128.51,129.1,130.46,24.96,Cornering,"Hoosier 43075 16x7.5-10 R20, 7 inch rim",28113
78.69,1061.804,-2.92,205.68,-92.17,0.013,-5.36,-15.73,-0.11,0.0317,-2.2316,9.95,-37881.38,7.78,93.99,-3.212,-0,-1.0002,128.43,129.17,130.38,24.96,Cornering,"Hoosier 43075 16x7.5-10 R20, 7 inch rim",28114
78.72,1061.814,-3.17,206.67,-91.42,-0,-5.19,-14.79,-0.04,0.0347,-2.2606,9.94,-99236.74,7.78,93.97,-3.257,-0,-1.0001,128.36,129.3,130.38,24.94,Cornering,"Hoosier 43075 16x7.5-10 R20, 7 inch rim",28115
78.7,1061.824,-4.12,207.26,-90.98,0.006,-6.31,-13.81,-0.04,0.0453,-2.278,9.94,-99139.74,7.78,93.92,-3.301,-0,-1.0001,128.43,129.46,130.34,24.92,Cornering,"Hoosier 43075 16x7.5-10 R20, 7 inch rim",28116
78.68,1061.834,-4.52,208.19,-91.6,0.001,-7.25,-12.46,-0.04,0.0493,-2.2727,9.94,-99135.7,7.79,93.91,-3.338,-0,-1.0001,128.51,129.59,130.4,24.92,Cornering,"Hoosier 43075 16x7.5-10 R20, 7 inch rim",28117
78.71,1061.844,-4.79,209.59,-93.02,-0.005,-7.75,-11.21,0.09,0.0515,-2.2531,9.94,44170.36,7.79,93.91,-3.381,-0,-0.9998,128.55,129.68,130.42,24.91,Cornering,"Hoosier 43075 16x7.5-10 R20, 7 inch rim",28118
78.71,1061.854,-4.46,210.89,-94.93,0.014,-8.43,-10.16,0.03,0.047,-2.2216,9.96,159388.44,7.78,93.97,-3.432,-0,-1,128.53,129.61,130.42,24.91,Cornering,"Hoosier 43075 16x7.5-10 R20, 7 inch rim",28119
78.68,1061.864,-4.59,213.1,-96.48,0.001,-8.41,-10.59,0.09,0.0475,-2.2088,9.96,44166.02,7.78,93.98,-3.469,-0,-0.9998,128.58,129.5,130.38,24.91,Cornering,"Hoosier 43075 16x7.5-10 R20, 7 inch rim",28120
78.68,1061.874,-3.21,215.41,-97.51,0.006,-8.05,-10.33,-0.04,0.0329,-2.209,9.96,-99116.66,7.78,93.98,-3.509,-0,-1.0001,128.64,129.46,130.32,24.92,Cornering,"Hoosier 43075 16x7.5-10 R20, 7 inch rim",28121
78.71,1061.884,-2.38,216.69,-97.83,-0.003,-7.08,-11.05,-0.04,0.0243,-2.2149,9.95,-99065.79,7.78,93.96,-3.55,-0,-1.0001,128.64,129.41,130.28,24.91,Cornering,"Hoosier 43075 16x7.5-10 R20, 7 inch rim",28122
78.7,1061.894,-0.8,217.16,-96.94,0.001,-6.13,-10.92,0.03,0.0083,-2.2401,9.96,159359.22,7.78,93.99,-3.59,-0,-1,128.66,129.41,130.25,24.91,Cornering,"Hoosier 43075 16x7.5-10 R20, 7 inch rim",28123
78.67,1061.904,-0.03,216.83,-94.73,0.01,-6.31,-11.02,0.16,0.0003,-2.289,9.96,25659.98,7.78,94,-3.625,-0,-0.9997,128.64,129.41,130.28,24.94,Cornering,"Hoosier 43075 16x7.5-10 R20, 7 inch rim",28124
78.7,1061.914,0.17,216.85,-93,0.01,-5.52,-10.97,0.03,-0.0018,-2.3318,9.96,159678.25,7.78,94.02,-3.668,-0,-1,128.62,129.44,130.3,24.96,Cornering,"Hoosier 43075 16x7.5-10 R20, 7 inch rim",28125
78.71,1061.924,-0.43,217.18,-91.6,0.007,-5.88,-10.99,0.03,0.0047,-2.371,9.96,159817.17,7.78,94.06,-3.716,-0,-1,128.6,129.61,130.3,24.98,Cornering,"Hoosier 43075 16x7.5-10 R20, 7 inch rim",28126
78.68,1061.934,-1.37,217.93,-91.25,0.012,-6.35,-10.65,0.09,0.015,-2.3884,9.96,44275.02,7.78,94.07,-3.742,-0,-0.9998,128.66,129.77,130.42,24.98,Cornering,"Hoosier 43075 16x7.5-10 R20, 7 inch rim",28127
78.68,1061.944,-2.85,219.2,-91.2,0.001,-7.23,-10.6,0.09,0.0312,-2.4035,9.97,44262.32,7.78,94.09,-3.787,-0,-0.9998,128.75,129.94,130.5,24.97,Cornering,"Hoosier 43075 16x7.5-10 R20, 7 inch rim",28128
78.71,1061.954,-4.14,220.37,-92.62,0.016,-7.62,-10.41,0.16,0.0446,-2.3793,9.97,25683.75,7.78,94.11,-3.818,-0,-0.9997,128.86,129.94,130.66,24.97,Cornering,"Hoosier 43075 16x7.5-10 R20, 7 inch rim",28129
78.7,1061.964,-4.8,222.12,-94.17,-0,-8.05,-10.44,-0.04,0.051,-2.3587,9.96,-99213.15,7.78,94.13,-3.858,-0,-1.0001,128.79,129.85,130.74,24.96,Cornering,"Hoosier 43075 16x7.5-10 R20, 7 inch rim",28130
78.68,1061.974,-5.32,224.09,-96.25,0.009,-7.71,-11.08,-0.04,0.0553,-2.3282,9.97,-99255.28,7.78,94.16,-3.89,-0,-1.0001,128.83,129.88,130.74,24.97,Cornering,"Hoosier 43075 16x7.5-10 R20, 7 inch rim",28131
78.7,1061.984,-5.32,225.79,-97.49,0.01,-7.94,-12.37,0.03,0.0546,-2.316,9.96,159625.12,7.78,94.14,-3.936,-0,-1,128.83,129.72,130.7,24.96,Cornering,"Hoosier 43075 16x7.5-10 R20, 7 inch rim",28132
78.72,1061.994,-4.86,226.29,-98.23,-0,-7.75,-13.8,0.09,0.0495,-2.3037,9.99,44272.27,7.78,94.12,-3.976,-0,-0.9998,128.86,129.72,130.66,24.98,Cornering,"Hoosier 43075 16x7.5-10 R20, 7 inch rim",28133
78.69,1062.004,-3.74,226.43,-97.39,0.007,-7.38,-14.38,0.09,0.0384,-2.3251,9.98,44259.85,7.78,94.07,-4.013,-0,-0.9998,128.88,129.72,130.62,24.98,Cornering,"Hoosier 43075 16x7.5-10 R20, 7 inch rim",28134
78.68,1062.014,-3.02,225.86,-95.8,-0,-6.75,-14.97,-0.04,0.0315,-2.3575,9.96,-99325.7,7.78,94.06,-4.059,-0,-1.0001,128.86,129.77,130.66,24.99,Cornering,"Hoosier 43075 16x7.5-10 R20, 7 inch rim",28135
78.71,1062.024,-2.37,225.22,-93.8,0.009,-6.48,-14.68,0.03,0.0253,-2.4012,9.97,159889.94,7.78,94.04,-4.087,-0,-1,128.83,129.74,130.62,25.01,Cornering,"Hoosier 43075 16x7.5-10 R20, 7 inch rim",28136
78.71,1062.034,-2.31,225.08,-92.45,0.007,-6.68,-14.24,0.03,0.025,-2.4347,9.97,159770.2,7.78,94.04,-4.127,-0,-1,128.81,129.85,130.62,24.99,Cornering,"Hoosier 43075 16x7.5-10 R20, 7 inch rim",28137
78.68,1062.044,-2.81,226.14,-91.65,0.014,-6.67,-13.38,0.03,0.0307,-2.4676,9.99,159760,7.78,94.05,-4.175,-0,-1,128.79,130.03,130.68,24.99,Cornering,"Hoosier 43075 16x7.5-10 R20, 7 inch rim",28138
78.69,1062.054,-3.99,227.54,-91.73,0.012,-7.39,-12.71,-0.04,0.0435,-2.4806,9.98,-99304.07,7.78,94.05,-4.22,-0,-1.0001,128.96,130.14,130.72,24.99,Cornering,"Hoosier 43075 16x7.5-10 R20, 7 inch rim",28139
78.71,1062.064,-4.92,228.98,-92.91,-0.005,-7.44,-11.94,0.09,0.0529,-2.4645,9.97,44244.84,7.78,94.04,-4.265,-0,-0.9998,129.01,130.21,130.82,24.98,Cornering,"Hoosier 43075 16x7.5-10 R20, 7 inch rim",28140
78.69,1062.074,-5.22,230.48,-93.81,0.006,-8.49,-10.84,0.09,0.0557,-2.4568,10,44221.93,7.78,94.02,-4.304,-0,-0.9998,129.13,130.23,130.82,24.97,Cornering,"Hoosier 43075 16x7.5-10 R20, 7 inch rim",28141
78.67,1062.084,-4.92,232.12,-95.9,0.017,-8.61,-10.03,0.03,0.0513,-2.4204,9.98,159538.11,7.78,94.03,-4.341,-0,-1,129.16,130.18,130.86,24.96,Cornering,"Hoosier 43075 16x7.5-10 R20, 7 inch rim",28142
78.71,1062.094,-4.44,233.68,-97.58,0.013,-8.32,-10.09,0.03,0.0455,-2.3947,9.97,159455.62,7.78,94.07,-4.378,-0,-1,129.11,130.12,130.86,24.95,Cornering,"Hoosier 43075 16x7.5-10 R20, 7 inch rim",28143
78.71,1062.104,-3.07,234.79,-98.55,0.007,-7.76,-10.06,0.03,0.0311,-2.3825,9.99,159447.81,7.78,94.05,-4.412,-0,-1,129.16,130.05,130.82,24.95,Cornering,"Hoosier 43075 16x7.5-10 R20, 7 inch rim",28144
78.67,1062.114,-2.11,234.66,-97.86,0.001,-8.05,-10.52,-0.18,0.0216,-2.3979,9.98,-23373.34,7.78,94.06,-4.458,-0,-1.0003,129.09,130.03,130.76,24.97,Cornering,"Hoosier 43075 16x7.5-10 R20, 7 inch rim",28145
78.69,1062.124,-0.98,233.57,-97.01,0.007,-7.21,-10.76,0.03,0.0101,-2.4077,10.01,159465.09,7.78,94.09,-4.498,-0,-1,129.03,129.99,130.78,24.96,Cornering,"Hoosier 43075 16x7.5-10 R20, 7 inch rim",28146
78.71,1062.134,-0.11,232.84,-95.04,-0,-6.75,-10.59,-0.04,0.0011,-2.4499,9.99,-99119.88,7.78,94.13,-4.547,-0,-1.0001,129.01,129.96,130.78,24.96,Cornering,"Hoosier 43075 16x7.5-10 R20, 7 inch rim",28147
78.69,1062.144,-0.16,232.23,-93.48,0.001,-6.64,-10.36,-0.11,0.0017,-2.4841,9.99,-37789.05,7.78,94.14,-4.583,-0,-1.0002,128.92,129.99,130.8,24.94,Cornering,"Hoosier 43075 16x7.5-10 R20, 7 inch rim",28148
78.67,1062.154,-1.14,232.63,-92.38,0.017,-7,-10.39,0.03,0.0124,-2.5181,9.99,159473.84,7.77,94.15,-4.619,-0,-1,128.98,130.14,130.82,24.96,Cornering,"Hoosier 43075 16x7.5-10 R20, 7 inch rim",28149
78.71,1062.164,-2.36,233.92,-91.96,0.006,-7.06,-10.18,-0.04,0.0257,-2.5438,10.02,-99217.44,7.78,94.16,-4.666,-0,-1.0001,129.05,130.23,130.9,24.98,Cornering,"Hoosier 43075 16x7.5-10 R20, 7 inch rim",28150
78.71,1062.174,-3.72,235.19,-92.56,-0.005,-7.4,-9.89,0.03,0.0402,-2.541,9.99,159749.75,7.78,94.17,-4.703,-0,-1,129.2,130.4,130.98,25.01,Cornering,"Hoosier 43075 16x7.5-10 R20, 7 inch rim",28151
78.68,1062.184,-4.82,236.54,-93.84,0.003,-7.7,-9.69,0.03,0.0514,-2.5206,9.99,159889.48,7.78,94.16,-4.737,-0,-1,129.24,130.45,131.06,25.03,Cornering,"Hoosier 43075 16x7.5-10 R20, 7 inch rim",28152
78.69,1062.194,-4.89,237.78,-95.11,-0.002,-8.45,-9.34,-0.04,0.0514,-2.5001,9.99,-99339.27,7.78,94.16,-4.773,-0,-1.0001,129.28,130.32,131.06,25.02,Cornering,"Hoosier 43075 16x7.5-10 R20, 7 inch rim",28153
78.71,1062.204,-5.09,239.46,-97.13,0.004,-8.05,-10.02,0.09,0.0524,-2.4654,9.99,44260.21,7.78,94.15,-4.818,-0,-0.9998,129.33,130.29,131.06,25.01,Cornering,"Hoosier 43075 16x7.5-10 R20, 7 inch rim",28154
78.7,1062.214,-4.8,240.09,-98.52,-0.002,-8.18,-10.95,-0.11,0.0487,-2.4369,10.01,-37843.36,7.78,94.16,-4.859,-0,-1.0002,129.35,130.21,131.02,24.99,Cornering,"Hoosier 43075 16x7.5-10 R20, 7 inch rim",28155
78.67,1062.224,-3.62,240.53,-98.77,0.007,-7.26,-11.41,-0.04,0.0367,-2.4352,10.02,-99182.59,7.78,94.19,-4.893,-0,-1.0001,129.31,130.25,130.94,24.98,Cornering,"Hoosier 43075 16x7.5-10 R20, 7 inch rim",28156
78.7,1062.234,-2.15,238.97,-97.87,0.013,-7.47,-11.49,0.09,0.0219,-2.4416,10.01,44231.93,7.77,94.19,-4.929,-0,-0.9998,129.31,130.27,130.92,25,Cornering,"Hoosier 43075 16x7.5-10 R20, 7 inch rim",28157
78.71,1062.244,-1.42,237.78,-95.44,0.004,-7.89,-11.77,0.03,0.0149,-2.4914,10.02,159645.66,7.78,94.23,-4.972,-0,-1,129.28,130.27,130.9,25,Cornering,"Hoosier 43075 16x7.5-10 R20, 7 inch rim",28158
78.68,1062.254,-1.02,236.83,-94.5,0.013,-6.69,-11.62,0.03,0.0108,-2.5063,10,159709.02,7.77,94.23,-5.014,-0,-1,129.26,130.38,130.92,25.01,Cornering,"Hoosier 43075 16x7.5-10 R20, 7 inch rim",28159
78.68,1062.264,-1.6,236.98,-93.08,0.014,-7.25,-11.41,-0.04,0.0172,-2.546,10.02,-99248.9,7.77,94.23,-5.055,-0,-1.0001,129.24,130.49,130.94,25.01,Cornering,"Hoosier 43075 16x7.5-10 R20, 7 inch rim",28160
78.71,1062.274,-2.14,238.45,-92.95,-0.005,-6.58,-10.56,-0.04,0.023,-2.5653,10.02,-99219.86,7.78,94.24,-5.092,-0,-1.0001,129.41,130.65,130.98,25,Cornering,"Hoosier 43075 16x7.5-10 R20, 7 inch rim",28161
78.71,1062.284,-3.22,239.83,-92.69,-0.003,-7.61,-9.85,0.09,0.0347,-2.5874,10.02,44185.57,7.78,94.24,-5.147,-0,-0.9998,129.48,130.76,131.1,24.98,Cornering,"Hoosier 43075 16x7.5-10 R20, 7 inch rim",28162
78.67,1062.294,-3.99,241.34,-93.97,0.004,-7.74,-8.86,-0.04,0.0425,-2.5682,10.02,-99044.55,7.78,94.26,-5.18,-0,-1.0001,129.67,130.78,131.14,24.96,Cornering,"Hoosier 43075 16x7.5-10 R20, 7 inch rim",28163
78.69,1062.304,-4.76,242.99,-95.46,0.016,-7.86,-8.48,0.09,0.0498,-2.5455,10.02,44139.39,7.77,94.27,-5.217,-0,-0.9998,129.78,130.82,131.2,24.96,Cornering,"Hoosier 43075 16x7.5-10 R20, 7 inch rim",28164
78.71,1062.314,-4.82,244.42,-96.65,0.004,-8.77,-8.46,0.09,0.0498,-2.5287,10.02,44115.27,7.78,94.29,-5.266,-0,-0.9998,129.76,130.71,131.22,24.94,Cornering,"Hoosier 43075 16x7.5-10 R20, 7 inch rim",28165
78.69,1062.324,-4.27,245.78,-98.33,0.013,-8.13,-8.66,-0.04,0.0434,-2.4994,10.02,-98885.57,7.77,94.26,-5.306,-0,-1.0001,129.76,130.6,131.18,24.93,Cornering,"Hoosier 43075 16x7.5-10 R20, 7 inch rim",28166
78.67,1062.334,-3.09,245.64,-99.1,0.007,-7.97,-8.86,0.09,0.0312,-2.4786,10.02,44088.53,7.77,94.25,-5.349,-0,-0.9998,129.69,130.54,131.16,24.93,Cornering,"Hoosier 43075 16x7.5-10 R20, 7 inch rim",28167
78.71,1062.344,-1.86,244.25,-98.22,0.007,-7.96,-9.12,0.03,0.019,-2.4867,10.02,159054.89,7.77,94.23,-5.386,-0,-1,129.69,130.58,131.14,24.93,Cornering,"Hoosier 43075 16x7.5-10 R20, 7 inch rim",28168
78.71,1062.354,-0.89,242.56,-97.14,0.009,-7.47,-9.19,0.09,0.0091,-2.4969,10.02,44113.49,7.77,94.23,-5.425,-0,-0.9998,129.65,130.58,131.14,24.95,Cornering,"Hoosier 43075 16x7.5-10 R20, 7 inch rim",28169
78.67,1062.364,-0.54,240.86,-95.74,0.009,-7.23,-9.51,-0.04,0.0056,-2.5158,10.02,-99017.08,7.77,94.23,-5.478,-0,-1.0001,129.58,130.58,131.16,24.97,Cornering,"Hoosier 43075 16x7.5-10 R20, 7 inch rim",28170
78.69,1062.374,-0.84,240.6,-94.01,-0,-7.43,-9.48,0.03,0.009,-2.5592,10.01,159316.48,7.77,94.25,-5.509,-0,-1,129.52,130.6,131.27,24.97,Cornering,"Hoosier 43075 16x7.5-10 R20, 7 inch rim",28171
78.71,1062.384,-1.37,241.35,-93.13,0.007,-7.35,-8.83,0.03,0.0147,-2.5915,10.02,159306.78,7.77,94.3,-5.544,-0,-1,129.54,130.73,131.25,24.97,Cornering,"Hoosier 43075 16x7.5-10 R20, 7 inch rim",28172
78.7,1062.394,-2.54,243.2,-93.14,0.009,-7.41,-8.46,0.03,0.0273,-2.6111,10.02,159331.14,7.77,94.31,-5.588,-0,-1,129.65,130.95,131.33,24.98,Cornering,"Hoosier 43075 16x7.5-10 R20, 7 inch rim",28173
78.68,1062.404,-3.9,244.77,-93.89,0.001,-7.33,-8.16,-0.04,0.0415,-2.6071,10.02,-99083.01,7.77,94.34,-5.625,-0,-1.0001,129.76,131,131.37,24.99,Cornering,"Hoosier 43075 16x7.5-10 R20, 7 inch rim",28174
78.7,1062.414,-4.44,246.3,-94.74,0.004,-7.95,-7.56,-0.04,0.0469,-2.5998,10.02,-99169.03,7.77,94.32,-5.658,-0,-1.0001,129.78,131.04,131.39,25.01,Cornering,"Hoosier 43075 16x7.5-10 R20, 7 inch rim",28175
78.71,1062.424,-4.73,247.95,-96.4,0.014,-7.88,-7.4,0.03,0.0491,-2.5721,10.02,159517.83,7.77,94.28,-5.71,-0,-1,129.84,130.89,131.43,25.01,Cornering,"Hoosier 43075 16x7.5-10 R20, 7 inch rim",28176
78.67,1062.434,-4.67,248.73,-98.05,0.012,-8.22,-7.95,-0.04,0.0476,-2.5369,10.02,-99176.98,7.77,94.25,-5.741,-0,-1.0001,129.82,130.84,131.39,25.02,Cornering,"Hoosier 43075 16x7.5-10 R20, 7 inch rim",28177
78.69,1062.444,-3.84,248.44,-99.23,0.004,-8.27,-8.34,0.03,0.0387,-2.5036,10.04,159235.16,7.77,94.2,-5.791,-0,-1,129.86,130.76,131.39,24.97,Cornering,"Hoosier 43075 16x7.5-10 R20, 7 inch rim",28178
78.71,1062.454,-2.8,246.89,-99.31,0.003,-8.27,-8.96,0.09,0.0282,-2.4861,10.02,44091.86,7.77,94.18,-5.826,-0,-0.9998,129.84,130.82,131.41,24.96,Cornering,"Hoosier 43075 16x7.5-10 R20, 7 inch rim",28179
78.7,1062.464,-1.41,244.86,-97.88,0.012,-8.43,-9.02,0.09,0.0144,-2.5017,10.02,44079.14,7.77,94.16,-5.856,-0,-0.9998,129.8,130.8,131.39,24.95,Cornering,"Hoosier 43075 16x7.5-10 R20, 7 inch rim",28180
78.68,1062.474,-0.92,242.87,-96.08,0.009,-8.4,-9.42,0.03,0.0096,-2.5278,10.02,159054.5,7.77,94.15,-5.901,-0,-1,129.78,130.84,131.47,24.95,Cornering,"Hoosier 43075 16x7.5-10 R20, 7 inch rim",28181
78.7,1062.484,-0.66,242.57,-94.66,0.01,-7.69,-9.24,0.09,0.007,-2.5624,10.02,44092.96,7.77,94.14,-5.936,-0,-0.9998,129.76,130.91,131.53,24.96,Cornering,"Hoosier 43075 16x7.5-10 R20, 7 inch rim",28182
78.71,1062.494,-1.52,243.25,-93.78,-0.003,-7.17,-9.15,0.09,0.0162,-2.5937,10.02,44119.82,7.78,94.11,-5.982,-0,-0.9998,129.76,131.06,131.61,24.98,Cornering,"Hoosier 43075 16x7.5-10 R20, 7 inch rim",28183
78.69,1062.504,-2.69,245.07,-93.1,0.009,-7.07,-8.73,-0.04,0.0289,-2.6322,10.03,-98986.03,7.77,94.14,-6.026,-0,-1.0001,129.84,131.17,131.67,24.98,Cornering,"Hoosier 43075 16x7.5-10 R20, 7 inch rim",28184
78.68,1062.514,-3.68,247.13,-93.55,-0.006,-6.77,-7.75,0.03,0.0394,-2.6417,10.02,159227.38,7.77,94.14,-6.062,-0,-1,130.01,131.35,131.75,24.98,Cornering,"Hoosier 43075 16x7.5-10 R20, 7 inch rim",28185
78.71,1062.524,-4.76,248.67,-94.51,-0.005,-7,-7.37,0.09,0.0504,-2.6312,10.02,44109.7,7.77,94.15,-6.101,-0,-0.9998,130.12,131.42,131.85,24.98,Cornering,"Hoosier 43075 16x7.5-10 R20, 7 inch rim",28186
78.7,1062.534,-5.49,249.84,-95.86,0.007,-7.77,-7.08,0.03,0.0573,-2.6063,10.02,159202.94,7.77,94.12,-6.141,-0,-1,130.14,131.37,131.91,24.98,Cornering,"Hoosier 43075 16x7.5-10 R20, 7 inch rim",28187
78.68,1062.544,-5.26,250.59,-97.37,0.012,-8.62,-6.94,-0.04,0.054,-2.5737,10.04,-98979.41,7.77,94.11,-6.179,-0,-1.0001,130.14,131.28,131.89,24.99,Cornering,"Hoosier 43075 16x7.5-10 R20, 7 inch rim",28188
78.7,1062.554,-4.57,250.94,-98.61,-0.003,-8.95,-7.29,-0.04,0.0463,-2.5448,10.01,-98993.11,7.77,94.1,-6.227,-0,-1.0001,130.14,131.24,131.83,25,Cornering,"Hoosier 43075 16x7.5-10 R20, 7 inch rim",28189
78.71,1062.564,-3.4,249.51,-99.21,0.006,-8.84,-7.64,0.03,0.0343,-2.515,10.01,159238.88,7.77,94.12,-6.261,-0,-1,130.25,131.22,131.87,25,Cornering,"Hoosier 43075 16x7.5-10 R20, 7 inch rim",28190
78.69,1062.574,-1.79,247.93,-98.65,0.017,-8.2,-7.76,-0.04,0.0182,-2.5131,10.02,-99001.9,7.77,94.15,-6.298,-0,-1.0001,130.25,131.22,131.91,25,Cornering,"Hoosier 43075 16x7.5-10 R20, 7 inch rim",28191
78.67,1062.584,-0.96,245.8,-97.18,0.01,-7.87,-8.31,0.03,0.0099,-2.5293,10.03,159251.97,7.77,94.12,-6.335,-0,-1,130.21,131.26,131.99,25,Cornering,"Hoosier 43075 16x7.5-10 R20, 7 inch rim",28192
78.72,1062.594,-0.9,245.06,-94.87,0.007,-7.82,-8.71,0.03,0.0095,-2.5831,10.02,159237.17,7.77,94.1,-6.381,-0,-1,130.21,131.31,131.99,25,Cornering,"Hoosier 43075 16x7.5-10 R20, 7 inch rim",28193
78.71,1062.604,-1.09,245.51,-93.62,0.013,-7.17,-8.4,0.03,0.0117,-2.6224,10.01,159231.12,7.77,94.05,-6.4,-0,-1,130.21,131.42,132.01,25,Cornering,"Hoosier 43075 16x7.5-10 R20, 7 inch rim",28194
78.68,1062.614,-2.4,246.97,-92.97,-0.002,-6.88,-8.53,0.03,0.0258,-2.6564,10.01,159064.8,7.77,94.04,-6.457,-0,-1,130.31,131.64,132.07,24.98,Cornering,"Hoosier 43075 16x7.5-10 R20, 7 inch rim",28195
78.69,1062.624,-3.27,248.77,-93.08,0.013,-6.9,-7.52,0.03,0.0351,-2.6727,10.02,159013.78,7.77,94.04,-6.5,-0,-1,130.51,131.79,132.17,24.97,Cornering,"Hoosier 43075 16x7.5-10 R20, 7 inch rim",28196
78.71,1062.634,-4.01,250,-93.56,0.012,-7.87,-6.65,0.09,0.0428,-2.6721,10.05,44020,7.77,94.04,-6.534,-0,-0.9998,130.59,131.92,132.28,24.95,Cornering,"Hoosier 43075 16x7.5-10 R20, 7 inch rim",28197
78.69,1062.644,-4.55,251.11,-95.31,-0,-8.19,-6.1,0.09,0.0477,-2.6346,10.03,44015.26,7.77,94.03,-6.586,-0,-0.9998,130.7,131.99,132.3,24.95,Cornering,"Hoosier 43075 16x7.5-10 R20, 7 inch rim",28198
78.68,1062.654,-4.67,252.47,-96.96,0.007,-8.3,-5.81,-0.04,0.0482,-2.604,10.02,-98777.46,7.77,94.02,-6.612,-0,-1.0001,130.74,131.9,132.36,24.96,Cornering,"Hoosier 43075 16x7.5-10 R20, 7 inch rim",28199
78.71,1062.664,-4.58,252.77,-98.68,0.007,-8.56,-6.44,0.09,0.0464,-2.5615,10.02,44060.27,7.77,93.98,-6.652,-0,-0.9998,130.79,131.86,132.36,24.98,Cornering,"Hoosier 43075 16x7.5-10 R20, 7 inch rim",28200
78.71,1062.674,-3.5,252.18,-98.6,-0.003,-9.33,-6.68,0.09,0.0355,-2.5575,10.03,44045.75,7.77,93.93,-6.698,-0,-0.9998,130.83,131.79,132.36,24.97,Cornering,"Hoosier 43075 16x7.5-10 R20, 7 inch rim",28201
78.68,1062.684,-2.11,250.19,-98.34,-0.007,-9.07,-6.8,-0.04,0.0214,-2.5441,10.03,-98772.12,7.77,93.93,-6.746,-0,-1.0001,130.85,131.77,132.36,24.97,Cornering,"Hoosier 43075 16x7.5-10 R20, 7 inch rim",28202
78.69,1062.694,-1.18,248.29,-97.38,0.007,-7.96,-7.25,0.03,0.0121,-2.5497,10.03,158774.8,7.77,93.97,-6.772,-0,-1,130.85,131.79,132.42,24.95,Cornering,"Hoosier 43075 16x7.5-10 R20, 7 inch rim",28203
78.71,1062.704,-0.61,246.77,-95.61,0.004,-7.62,-7.32,0.09,0.0064,-2.581,10.02,43962.13,7.77,93.96,-6.825,-0,-0.9998,130.83,131.83,132.5,24.93,Cornering,"Hoosier 43075 16x7.5-10 R20, 7 inch rim",28204
78.7,1062.714,-0.69,246.78,-93.9,0.004,-6.95,-7.32,0.03,0.0074,-2.6282,10.02,158595.22,7.77,93.98,-6.865,-0,-1,130.74,131.92,132.5,24.93,Cornering,"Hoosier 43075 16x7.5-10 R20, 7 inch rim",28205
78.67,1062.724,-1.56,247.76,-93.45,-0.006,-6.4,-7.23,0.03,0.0167,-2.6513,10.02,158730.27,7.77,94,-6.901,-0,-1,130.85,132.05,132.56,24.95,Cornering,"Hoosier 43075 16x7.5-10 R20, 7 inch rim",28206
78.7,1062.734,-2.61,249.61,-93.26,-0.003,-6.47,-6.61,-0.04,0.028,-2.6765,10.02,-98774.19,7.77,94.05,-6.95,-0,-1.0001,131.02,132.21,132.68,24.98,Cornering,"Hoosier 43075 16x7.5-10 R20, 7 inch rim",28207
78.71,1062.744,-3.65,250.96,-93.81,0.004,-7.02,-5.98,0.03,0.039,-2.6752,10.02,158998.12,7.77,94.08,-6.978,-0,-1,131.17,132.32,132.82,25,Cornering,"Hoosier 43075 16x7.5-10 R20, 7 inch rim",28208
78.68,1062.754,-4.36,252.17,-94.81,0.009,-7.77,-5.19,-0.04,0.046,-2.6598,10.03,-98804.62,7.77,94.13,-7.02,-0,-1.0001,131.28,132.41,132.86,24.99,Cornering,"Hoosier 43075 16x7.5-10 R20, 7 inch rim",28209
78.68,1062.764,-4.89,253.26,-95.86,0.004,-8.63,-5.24,-0.04,0.051,-2.6419,10.04,-98726.38,7.77,94.19,-7.063,-0,-1.0001,131.32,132.38,132.88,24.97,Cornering,"Hoosier 43075 16x7.5-10 R20, 7 inch rim",28210
78.71,1062.774,-4.94,254.21,-97.6,-0.006,-8.99,-5.53,-0.04,0.0506,-2.6047,10.02,-98604.49,7.77,94.23,-7.096,-0,-1.0001,131.3,132.32,132.88,24.94,Cornering,"Hoosier 43075 16x7.5-10 R20, 7 inch rim",28211
78.7,1062.784,-4.48,254.34,-99.2,0.001,-8.3,-6.26,0.03,0.0452,-2.564,10.02,158498.62,7.77,94.24,-7.139,-0,-1,131.37,132.25,132.82,24.93,Cornering,"Hoosier 43075 16x7.5-10 R20, 7 inch rim",28212
78.67,1062.794,-3.26,253.07,-99.1,0.009,-8.38,-6.49,-0.04,0.0329,-2.5538,10.02,-98517.19,7.77,94.25,-7.179,-0,-1.0001,131.41,132.23,132.84,24.93,Cornering,"Hoosier 43075 16x7.5-10 R20, 7 inch rim",28213
78.7,1062.804,-1.71,251.21,-98.46,0.013,-7.47,-6.44,0.03,0.0174,-2.5513,10.01,158506.48,7.77,94.24,-7.219,-0,-1,131.43,132.23,132.88,24.93,Cornering,"Hoosier 43075 16x7.5-10 R20, 7 inch rim",28214
78.71,1062.814,-1.32,249.43,-96.56,-0.003,-7.33,-7.22,0.03,0.0136,-2.583,10.02,158491.33,7.77,94.24,-7.26,-0,-1,131.37,132.27,132.9,24.93,Cornering,"Hoosier 43075 16x7.5-10 R20, 7 inch rim",28215
78.68,1062.824,-1.26,248.69,-95.06,-0.007,-6.51,-7.31,-0.04,0.0133,-2.616,10.02,-98512.18,7.77,94.25,-7.302,-0,-1.0001,131.34,132.32,132.92,24.93,Cornering,"Hoosier 43075 16x7.5-10 R20, 7 inch rim",28216
78.68,1062.834,-1.37,249.12,-93.87,0.004,-6.32,-6.65,0.03,0.0146,-2.6539,10,158463.97,7.77,94.23,-7.335,-0,-1,131.39,132.38,132.98,24.93,Cornering,"Hoosier 43075 16x7.5-10 R20, 7 inch rim",28217
78.71,1062.844,-2.4,250.33,-93.36,0.012,-6.63,-6.32,0.09,0.0257,-2.6812,10.02,43917.8,7.77,94.23,-7.375,-0,-0.9998,131.62,132.6,133.04,24.94,Cornering,"Hoosier 43075 16x7.5-10 R20, 7 inch rim",28218
78.7,1062.854,-3.7,251.59,-93.25,0.004,-7.35,-5.9,-0.04,0.0397,-2.698,10.02,-98577.38,7.77,94.17,-7.416,-0,-1.0001,131.71,132.71,133.21,24.96,Cornering,"Hoosier 43075 16x7.5-10 R20, 7 inch rim",28219
78.67,1062.864,-4.59,252.46,-94.11,0.014,-8,-5.11,0.09,0.0487,-2.6826,10.02,43990.55,7.77,94.11,-7.461,-0,-0.9998,131.79,132.76,133.31,24.98,Cornering,"Hoosier 43075 16x7.5-10 R20, 7 inch rim",28220
78.69,1062.874,-4.63,253.88,-95.86,0.004,-8.06,-4.25,0.03,0.0483,-2.6485,10.02,158768.58,7.77,94.08,-7.505,-0,-1,131.86,132.74,133.35,24.99,Cornering,"Hoosier 43075 16x7.5-10 R20, 7 inch rim",28221
78.71,1062.884,-4.81,255.12,-97.26,0.001,-8.59,-4.43,0.16,0.0495,-2.6232,10.02,25533.76,7.77,94.04,-7.545,-0,-0.9997,131.88,132.63,133.35,24.99,Cornering,"Hoosier 43075 16x7.5-10 R20, 7 inch rim",28222
78.68,1062.894,-4.5,255.72,-98.61,0.004,-8.81,-5.12,0.16,0.0456,-2.5932,10.03,25531.12,7.77,94.01,-7.588,-0,-0.9997,131.92,132.52,133.33,24.99,Cornering,"Hoosier 43075 16x7.5-10 R20, 7 inch rim",28223
78.68,1062.904,-3.32,255.26,-99.26,0.003,-8.53,-5.3,0.09,0.0334,-2.5717,10.02,43993.76,7.77,93.99,-7.624,-0,-0.9998,132.01,132.43,133.33,25,Cornering,"Hoosier 43075 16x7.5-10 R20, 7 inch rim",28224
78.71,1062.914,-2.27,253.57,-98.94,0.003,-7.9,-5.9,-0.04,0.0229,-2.5627,10.02,-98704.04,7.77,93.98,-7.655,-0,-1.0001,132.03,132.38,133.35,25,Cornering,"Hoosier 43075 16x7.5-10 R20, 7 inch rim",28225
78.7,1062.924,-0.9,251.24,-96.9,0.007,-8.12,-5.87,-0.04,0.0093,-2.5926,10.02,-98691.64,7.77,93.94,-7.707,-0,-1.0001,132.09,132.41,133.39,25,Cornering,"Hoosier 43075 16x7.5-10 R20, 7 inch rim",28226
78.67,1062.934,-0.52,249.68,-95.89,0.014,-7.15,-5.94,0.09,0.0055,-2.6037,10.01,43971.27,7.77,93.89,-7.739,-0,-0.9998,132.05,132.41,133.41,24.99,Cornering,"Hoosier 43075 16x7.5-10 R20, 7 inch rim",28227
78.68,1062.944,-1.05,249.56,-94.29,0.007,-6.97,-6.17,0.09,0.0111,-2.6466,10.04,43956.12,7.77,93.86,-7.784,-0,-0.9998,132.05,132.56,133.43,24.98,Cornering,"Hoosier 43075 16x7.5-10 R20, 7 inch rim",28228
78.72,1062.954,-1.63,250.22,-93.73,-0.002,-7.09,-5.69,0.03,0.0174,-2.6696,10.02,158534.91,7.77,93.85,-7.824,-0,-1,132.25,132.67,133.49,24.97,Cornering,"Hoosier 43075 16x7.5-10 R20, 7 inch rim",28229
78.69,1062.964,-2.99,251.56,-93.8,0.01,-7.32,-5.32,0.03,0.0319,-2.6819,10.02,158594.38,7.77,93.86,-7.86,-0,-1,132.48,132.89,133.57,24.98,Cornering,"Hoosier 43075 16x7.5-10 R20, 7 inch rim",28230
78.68,1062.974,-4.04,253.42,-93.8,0.009,-8.11,-4.73,-0.04,0.0431,-2.7018,10.02,-98645.12,7.77,93.86,-7.897,-0,-1.0001,132.63,133,133.65,25,Cornering,"Hoosier 43075 16x7.5-10 R20, 7 inch rim",28231
78.71,1062.984,-4.8,254.83,-95.04,0.001,-8.57,-4.41,0.09,0.0505,-2.6812,10.02,43999.53,7.77,93.88,-7.946,-0,-0.9998,132.74,133.07,133.77,25.02,Cornering,"Hoosier 43075 16x7.5-10 R20, 7 inch rim",28232
78.71,1062.994,-4.84,256.21,-96.82,0.003,-8.22,-3.82,0.03,0.05,-2.6463,10.03,158763.11,7.77,93.94,-7.991,-0,-1,132.85,133.09,133.83,25.02,Cornering,"Hoosier 43075 16x7.5-10 R20, 7 inch rim",28233
78.68,1063.004,-4.85,257.44,-98.26,0.003,-8.15,-4.47,0.03,0.0493,-2.6199,10.02,158678.58,7.77,93.95,-8.018,-0,-1,132.82,133.11,133.83,25.01,Cornering,"Hoosier 43075 16x7.5-10 R20, 7 inch rim",28234
78.69,1063.014,-3.83,257.25,-98.81,0.012,-8.3,-4.76,0.03,0.0388,-2.6035,10.02,158549.72,7.77,93.93,-8.064,-0,-1,132.89,133.02,133.81,24.99,Cornering,"Hoosier 43075 16x7.5-10 R20, 7 inch rim",28235
78.72,1063.024,-2.93,255.09,-98.43,0.009,-8.59,-5.51,0.03,0.0298,-2.5916,10.01,158388.69,7.77,93.94,-8.098,-0,-1,132.93,133.05,133.83,24.97,Cornering,"Hoosier 43075 16x7.5-10 R20, 7 inch rim",28236
78.7,1063.034,-1.8,252.18,-97.63,0.001,-8.55,-6,-0.04,0.0185,-2.5829,10.02,-98446.95,7.77,93.94,-8.141,-0,-1.0001,132.93,133.09,133.87,24.97,Cornering,"Hoosier 43075 16x7.5-10 R20, 7 inch rim",28237
78.67,1063.044,-0.89,250.17,-96.7,0.004,-7.41,-5.86,-0.04,0.0092,-2.5872,10.01,-98391.77,7.77,93.96,-8.178,-0,-1.0001,132.8,133.13,133.91,24.96,Cornering,"Hoosier 43075 16x7.5-10 R20, 7 inch rim",28238
78.7,1063.054,-0.62,249.56,-94.92,0.007,-7.14,-5.67,0.09,0.0066,-2.629,10.02,43845.65,7.77,93.97,-8.227,-0,-0.9998,132.82,133.27,134.05,24.95,Cornering,"Hoosier 43075 16x7.5-10 R20, 7 inch rim",28239
78.71,1063.064,-1.41,249.88,-94.03,0.006,-7.18,-5.73,0.09,0.015,-2.6575,10.02,43861.43,7.77,94.01,-8.267,-0,-0.9998,132.87,133.4,134.11,24.96,Cornering,"Hoosier 43075 16x7.5-10 R20, 7 inch rim",28240
78.68,1063.074,-2.39,251.59,-93.79,0.003,-7.01,-5.33,0.03,0.0255,-2.6826,10.02,158230.91,7.77,94.03,-8.303,-0,-1,133.06,133.6,134.26,24.96,Cornering,"Hoosier 43075 16x7.5-10 R20, 7 inch rim",28241
78.68,1063.084,-3.9,253.26,-93.66,0.01,-7.67,-5.11,0.03,0.0417,-2.704,10.03,158173.83,7.77,94.07,-8.351,-0,-1,133.3,133.75,134.44,24.95,Cornering,"Hoosier 43075 16x7.5-10 R20, 7 inch rim",28242
78.71,1063.094,-4.43,255.04,-94.58,-0.01,-7.77,-4.07,0.03,0.0468,-2.6965,10.02,158195.56,7.77,94.1,-8.387,-0,-1,133.43,133.79,134.54,24.96,Cornering,"Hoosier 43075 16x7.5-10 R20, 7 inch rim",28243
78.69,1063.104,-4.75,256.51,-95.53,0.007,-8.4,-3.46,0.09,0.0497,-2.6852,10.02,43802.61,7.77,94.09,-8.423,-0,-0.9998,133.45,133.84,134.6,24.94,Cornering,"Hoosier 43075 16x7.5-10 R20, 7 inch rim",28244
78.67,1063.114,-4.91,257.88,-97.06,0.01,-8.69,-3.41,0.03,0.0505,-2.6569,10.02,158092.47,7.77,94.11,-8.457,-0,-1,133.4,133.75,134.68,24.94,Cornering,"Hoosier 43075 16x7.5-10 R20, 7 inch rim",28245
78.7,1063.124,-4.25,258.02,-98.83,0.012,-8.55,-3.6,0.03,0.043,-2.6108,10.02,158112.17,7.77,94.13,-8.497,-0,-1,133.43,133.68,134.72,24.95,Cornering,"Hoosier 43075 16x7.5-10 R20, 7 inch rim",28246
78.71,1063.134,-3.49,256.98,-99.34,-0.003,-8.78,-4.34,0.03,0.0352,-2.5869,10.02,158129.36,7.77,94.15,-8.543,-0,-1,133.45,133.64,134.74,24.96,Cornering,"Hoosier 43075 16x7.5-10 R20, 7 inch rim",28247
78.68,1063.144,-2.31,254.49,-98.6,0.001,-8.87,-4.67,0.09,0.0235,-2.5811,10.02,43824.22,7.77,94.2,-8.585,-0,-0.9998,133.49,133.6,134.78,24.96,Cornering,"Hoosier 43075 16x7.5-10 R20, 7 inch rim",28248
78.67,1063.154,-1.29,252.35,-97.23,-0.002,-8.33,-4.85,0.03,0.0133,-2.5953,10.02,158205.66,7.77,94.24,-8.622,-0,-1,133.47,133.62,134.86,24.97,Cornering,"Hoosier 43075 16x7.5-10 R20, 7 inch rim",28249
78.71,1063.164,-0.88,250.77,-95.78,0.01,-8.09,-5,-0.04,0.0092,-2.6183,10.02,-98426.1,7.76,94.27,-8.656,-0,-1.0001,133.47,133.64,134.9,25,Cornering,"Hoosier 43075 16x7.5-10 R20, 7 inch rim",28250
78.7,1063.174,-0.94,250.52,-94.29,-0.003,-8.31,-4.85,0.03,0.01,-2.6567,10.02,158353.8,7.77,94.29,-8.704,-0,-1,133.53,133.82,135,25,Cornering,"Hoosier 43075 16x7.5-10 R20, 7 inch rim",28251
78.67,1063.184,-1.66,252.09,-94.16,-0.006,-7.05,-4.59,0.09,0.0176,-2.6774,10.02,43876.83,7.77,94.34,-8.739,-0,-0.9998,133.68,133.99,135.1,25,Cornering,"Hoosier 43075 16x7.5-10 R20, 7 inch rim",28252
78.71,1063.194,-3.04,253.91,-93.62,0.004,-7.5,-4.44,0.03,0.0325,-2.7123,10.02,158212.31,7.77,94.36,-8.775,-0,-1,133.96,134.17,135.27,24.98,Cornering,"Hoosier 43075 16x7.5-10 R20, 7 inch rim",28253
78.71,1063.204,-3.79,255.92,-94.55,0.004,-7.15,-3.57,0.03,0.04,-2.7068,10.02,158156.05,7.77,94.35,-8.82,-0,-1,134.13,134.34,135.41,24.98,Cornering,"Hoosier 43075 16x7.5-10 R20, 7 inch rim",28254
78.69,1063.214,-4.92,257.61,-95.63,0.004,-7.65,-3.63,0.09,0.0515,-2.6939,10.02,43851.79,7.77,94.33,-8.861,-0,-0.9998,134.28,134.43,135.51,25,Cornering,"Hoosier 43075 16x7.5-10 R20, 7 inch rim",28255
78.68,1063.224,-5.01,258.8,-96.7,0.013,-8.86,-3.43,-0.04,0.0518,-2.6762,10.02,-98361.52,7.76,94.27,-8.893,-0,-1.0001,134.37,134.41,135.51,25,Cornering,"Hoosier 43075 16x7.5-10 R20, 7 inch rim",28256
78.71,1063.234,-4.74,259.44,-98.14,0.004,-9.06,-3.75,0.03,0.0483,-2.6437,10.02,158246.11,7.77,94.2,-8.947,-0,-1,134.39,134.37,135.51,25,Cornering,"Hoosier 43075 16x7.5-10 R20, 7 inch rim",28257
78.71,1063.244,-4.12,258.38,-99.16,-0.003,-9.15,-4.38,0.03,0.0415,-2.6058,10.02,158228.75,7.77,94.13,-8.986,-0,-1,134.43,134.32,135.51,25,Cornering,"Hoosier 43075 16x7.5-10 R20, 7 inch rim",28258
78.68,1063.254,-2.91,256.01,-99,0.01,-9.39,-4.79,0.03,0.0294,-2.5859,10.02,158065.25,7.76,94.02,-9.023,-0,-1,134.39,134.34,135.51,24.98,Cornering,"Hoosier 43075 16x7.5-10 R20, 7 inch rim",28259
78.7,1063.264,-1.87,253.39,-98.25,0.009,-8.61,-5.27,0.03,0.0191,-2.579,10.02,157903.02,7.76,93.9,-9.057,-0,-1,134.37,134.32,135.55,24.96,Cornering,"Hoosier 43075 16x7.5-10 R20, 7 inch rim",28260
78.71,1063.274,-0.95,251.09,-97.02,0.006,-7.94,-5.15,0.03,0.0098,-2.5881,10.02,157734.89,7.77,93.85,-9.105,-0,-1,134.43,134.39,135.59,24.93,Cornering,"Hoosier 43075 16x7.5-10 R20, 7 inch rim",28261
78.69,1063.284,-1.06,250.68,-94.91,-0.006,-8.16,-5.41,0.03,0.0112,-2.6413,10.01,157645.27,7.77,93.79,-9.14,-0,-1,134.39,134.5,135.69,24.92,Cornering,"Hoosier 43075 16x7.5-10 R20, 7 inch rim",28262
78.68,1063.294,-1.55,251.72,-94.37,0.009,-7,-4.83,0.03,0.0165,-2.6675,10.01,157702.23,7.76,93.75,-9.176,-0,-1,134.5,134.63,135.77,24.93,Cornering,"Hoosier 43075 16x7.5-10 R20, 7 inch rim",28263
78.71,1063.304,-2.53,253.41,-94.22,0.013,-6.63,-4.4,0.03,0.0269,-2.6895,10.02,157607.88,7.76,93.75,-9.222,-0,-1,134.78,134.83,135.91,24.92,Cornering,"Hoosier 43075 16x7.5-10 R20, 7 inch rim",28264
78.71,1063.314,-3.46,255.41,-93.88,0.016,-7.57,-3.56,-0.11,0.0369,-2.7207,10.01,-37374.94,7.76,93.74,-9.265,-0,-1.0002,134.97,134.96,136.1,24.93,Cornering,"Hoosier 43075 16x7.5-10 R20, 7 inch rim",28265
78.67,1063.324,-4.48,256.99,-94.76,0.004,-7.9,-3.1,0.03,0.0473,-2.712,10.01,157533.53,7.77,93.75,-9.304,-0,-1,135.14,135,136.2,24.92,Cornering,"Hoosier 43075 16x7.5-10 R20, 7 inch rim",28266
78.69,1063.334,-4.65,258.06,-96.46,0.004,-8.34,-2.43,-0.04,0.0482,-2.6752,10.02,-97891.05,7.77,93.76,-9.346,-0,-1.0001,135.16,135.05,136.36,24.91,Cornering,"Hoosier 43075 16x7.5-10 R20, 7 inch rim",28267
78.71,1063.344,-4.76,258.79,-98.08,0.013,-8.98,-2.45,0.09,0.0485,-2.6386,10.01,43652.56,7.76,93.76,-9.392,-0,-0.9998,135.18,135,136.36,24.92,Cornering,"Hoosier 43075 16x7.5-10 R20, 7 inch rim",28268
78.69,1063.354,-4.62,258.8,-99.34,0.007,-9.08,-3.19,-0.04,0.0465,-2.6053,10.02,-98006.48,7.76,93.76,-9.42,-0,-1.0001,135.23,134.96,136.4,24.94,Cornering,"Hoosier 43075 16x7.5-10 R20, 7 inch rim",28269
78.68,1063.364,-3.25,257.6,-100.01,-0.002,-8.66,-3.35,0.03,0.0325,-2.5757,10,157824.84,7.76,93.77,-9.464,-0,-1,135.25,134.94,136.4,24.97,Cornering,"Hoosier 43075 16x7.5-10 R20, 7 inch rim",28270
78.71,1063.374,-2.03,255.08,-99.64,0.01,-8.05,-3.75,0.09,0.0204,-2.5601,10.02,43739.3,7.76,93.79,-9.505,-0,-0.9998,135.29,134.92,136.46,24.98,Cornering,"Hoosier 43075 16x7.5-10 R20, 7 inch rim",28271
78.71,1063.384,-1.32,252.93,-97.46,0.009,-8.21,-4.19,0.03,0.0135,-2.5954,10.02,157822.05,7.76,93.79,-9.547,-0,-1,135.25,134.96,136.52,24.98,Cornering,"Hoosier 43075 16x7.5-10 R20, 7 inch rim",28272
78.68,1063.394,-0.54,251.6,-96.21,-0.005,-7.14,-4.05,-0.04,0.0056,-2.615,9.99,-98069.66,7.77,93.84,-9.591,-0,-1.0001,135.25,135.07,136.64,24.97,Cornering,"Hoosier 43075 16x7.5-10 R20, 7 inch rim",28273
78.68,1063.404,-1.06,251.61,-94.15,-0.003,-7.53,-4.25,0.03,0.0113,-2.6725,10.02,157817.53,7.77,93.88,-9.633,-0,-1,135.27,135.25,136.72,24.98,Cornering,"Hoosier 43075 16x7.5-10 R20, 7 inch rim",28274
78.71,1063.414,-1.87,252.95,-94.12,0.013,-6.64,-3.94,0.03,0.0199,-2.6875,10,157765.06,7.76,93.88,-9.666,-0,-1,135.44,135.38,136.82,24.98,Cornering,"Hoosier 43075 16x7.5-10 R20, 7 inch rim",28275
78.7,1063.424,-3.19,254.23,-94.03,0.001,-7.28,-3.75,0.03,0.034,-2.7037,10.03,157783.67,7.76,93.86,-9.703,-0,-1,135.7,135.58,137,24.98,Cornering,"Hoosier 43075 16x7.5-10 R20, 7 inch rim",28276
78.67,1063.434,-4.03,255.89,-94.63,0.009,-7.69,-2.87,0.03,0.0426,-2.7041,10.02,157799.42,7.76,93.88,-9.746,-0,-1,135.85,135.69,137.17,24.99,Cornering,"Hoosier 43075 16x7.5-10 R20, 7 inch rim",28277
78.7,1063.444,-4.69,257.18,-96.4,-0.007,-7.81,-2.58,-0.04,0.0487,-2.6678,10.03,-98011.58,7.77,93.88,-9.785,-0,-1.0001,135.87,135.8,137.31,24.97,Cornering,"Hoosier 43075 16x7.5-10 R20, 7 inch rim",28278
78.71,1063.454,-5.16,258.36,-97.31,0.004,-9.2,-2.76,0.03,0.053,-2.6551,10.02,157616,7.76,93.88,-9.822,-0,-1,135.89,135.77,137.41,24.97,Cornering,"Hoosier 43075 16x7.5-10 R20, 7 inch rim",28279
78.68,1063.464,-5.01,259.24,-98.35,0.016,-9.71,-3.24,0.03,0.0509,-2.6358,10.02,157561.16,7.76,93.88,-9.859,-0,-1,135.87,135.66,137.41,24.96,Cornering,"Hoosier 43075 16x7.5-10 R20, 7 inch rim",28280
78.68,1063.474,-3.83,258.96,-99.41,0.006,-9.13,-3.46,-0.04,0.0385,-2.605,10.02,-97952.14,7.76,93.85,-9.905,-0,-1.0001,135.85,135.66,137.45,24.97,Cornering,"Hoosier 43075 16x7.5-10 R20, 7 inch rim",28281
78.71,1063.484,-2.6,257.29,-99.83,-0.002,-8.1,-3.73,0.03,0.026,-2.5773,10,157518.06,7.76,93.83,-9.946,-0,-1,135.81,135.66,137.47,24.96,Cornering,"Hoosier 43075 16x7.5-10 R20, 7 inch rim",28282
78.7,1063.494,-1.72,254.92,-98.22,0.016,-8.07,-4.28,0.09,0.0176,-2.5955,10.02,43675.46,7.76,93.78,-9.979,-0,-0.9998,135.81,135.71,137.53,24.98,Cornering,"Hoosier 43075 16x7.5-10 R20, 7 inch rim",28283
78.67,1063.504,-1.21,252.63,-96.83,0.01,-7.53,-4.47,0.03,0.0125,-2.609,10.02,157484.61,7.76,93.78,-10.014,-0,-1,135.76,135.82,137.61,24.96,Cornering,"Hoosier 43075 16x7.5-10 R20, 7 inch rim",28284
78.69,1063.514,-1.59,251.55,-95.36,0.01,-7.28,-4.73,0.03,0.0167,-2.6378,10.02,157463.86,7.76,93.78,-10.055,-0,-1,135.72,135.91,137.69,24.96,Cornering,"Hoosier 43075 16x7.5-10 R20, 7 inch rim",28285
78.72,1063.524,-2.29,251.55,-93.88,0.013,-7.78,-4.43,0.03,0.0244,-2.6795,10.02,157366.3,7.76,93.8,-10.104,-0,-1,135.83,136.04,137.75,24.95,Cornering,"Hoosier 43075 16x7.5-10 R20, 7 inch rim",28286
78.69,1063.534,-2.77,252.94,-94.1,0.014,-7.52,-3.39,-0.04,0.0295,-2.6879,10.01,-97900.63,7.76,93.8,-10.144,-0,-1.0001,136.13,136.26,137.91,24.97,Cornering,"Hoosier 43075 16x7.5-10 R20, 7 inch rim",28287
78.67,1063.544,-4.35,254.82,-94.4,0.006,-7.69,-3.35,0.03,0.0461,-2.6994,10.02,157542.94,7.76,93.77,-10.188,-0,-1,136.39,136.39,138.1,24.98,Cornering,"Hoosier 43075 16x7.5-10 R20, 7 inch rim",28288
78.71,1063.554,-4.6,256.81,-95.32,0.01,-8.22,-2.17,0.09,0.0483,-2.6941,10.03,43662.37,7.76,93.75,-10.218,-0,-0.9998,136.54,136.52,138.2,24.99,Cornering,"Hoosier 43075 16x7.5-10 R20, 7 inch rim",28289
78.71,1063.564,-5.07,258.39,-96.75,-0.002,-8.37,-2.13,-0.04,0.0524,-2.6706,10.01,-97953.04,7.76,93.74,-10.266,-0,-1.0001,136.66,136.54,138.28,25,Cornering,"Hoosier 43075 16x7.5-10 R20, 7 inch rim",28290
78.67,1063.574,-5.12,259.88,-98.11,0.012,-8.88,-2.33,-0.04,0.0522,-2.6488,10,-97873.96,7.76,93.77,-10.3,-0,-1.0001,136.73,136.5,138.34,24.98,Cornering,"Hoosier 43075 16x7.5-10 R20, 7 inch rim",28291
78.7,1063.584,-4.18,260.04,-99.36,0.007,-8.91,-2.48,0.09,0.0421,-2.6171,10.02,43601.95,7.76,93.8,-10.359,-0,-0.9998,136.82,136.46,138.34,24.97,Cornering,"Hoosier 43075 16x7.5-10 R20, 7 inch rim",28292
78.71,1063.594,-2.71,258.8,-99.32,0.01,-8.99,-2.58,0.03,0.0273,-2.6058,10.02,157333.61,7.76,93.86,-10.383,-0,-1,136.92,136.41,138.34,24.97,Cornering,"Hoosier 43075 16x7.5-10 R20, 7 inch rim",28293
78.69,1063.604,-1.71,256.2,-99.33,0.001,-7.92,-3.31,0.03,0.0172,-2.5793,10.02,157388.12,7.76,93.91,-10.419,-0,-1,136.97,136.41,138.42,24.98,Cornering,"Hoosier 43075 16x7.5-10 R20, 7 inch rim",28294
78.68,1063.614,-0.58,253.39,-97.83,0.012,-7.77,-3.41,0.03,0.006,-2.5902,10.01,157433.61,7.76,93.95,-10.472,-0,-1,136.99,136.48,138.48,24.99,Cornering,"Hoosier 43075 16x7.5-10 R20, 7 inch rim",28295
78.71,1063.624,-0.3,251.58,-95.96,-0,-7.9,-3.57,-0.04,0.0031,-2.6218,10.02,-97852.52,7.76,93.92,-10.508,-0,-1.0001,137.01,136.52,138.58,24.99,Cornering,"Hoosier 43075 16x7.5-10 R20, 7 inch rim",28296
78.71,1063.634,-0.76,251.43,-95.13,0.001,-7.04,-3.65,0.09,0.008,-2.6431,10.01,43595.16,7.76,93.9,-10.546,-0,-0.9998,137.05,136.68,138.68,24.98,Cornering,"Hoosier 43075 16x7.5-10 R20, 7 inch rim",28297
78.68,1063.644,-1.39,252.2,-94.6,0.004,-7.49,-3.04,0.09,0.0147,-2.666,10.02,43559.6,7.76,93.9,-10.582,-0,-0.9998,137.31,136.9,138.78,24.96,Cornering,"Hoosier 43075 16x7.5-10 R20, 7 inch rim",28298
78.68,1063.654,-2.71,253.89,-94.28,0.006,-8,-2.8,0.03,0.0287,-2.693,10.02,157135.72,7.76,93.88,-10.622,-0,-1,137.46,137.07,138.88,24.96,Cornering,"Hoosier 43075 16x7.5-10 R20, 7 inch rim",28299
78.71,1063.664,-3.89,256.24,-94.78,-0,-7.82,-2.47,0.09,0.041,-2.7035,10.02,43536.08,7.76,93.84,-10.674,-0,-0.9998,137.72,137.25,139.05,24.96,Cornering,"Hoosier 43075 16x7.5-10 R20, 7 inch rim",28300
78.7,1063.674,-4.59,257.78,-96.33,-0.002,-7.92,-2.02,0.09,0.0476,-2.6761,10.01,43563.04,7.76,93.81,-10.697,-0,-0.9998,137.8,137.34,139.09,24.97,Cornering,"Hoosier 43075 16x7.5-10 R20, 7 inch rim",28301
78.67,1063.684,-4.99,259.29,-97.38,0.006,-8.68,-2.11,0.03,0.0513,-2.6626,10.02,157221.64,7.76,93.81,-10.735,-0,-1,137.84,137.32,139.13,24.98,Cornering,"Hoosier 43075 16x7.5-10 R20, 7 inch rim",28302
78.71,1063.694,-4.78,260.04,-98.4,0.01,-9.05,-2.49,0.03,0.0486,-2.6426,10.02,157122.66,7.76,93.8,-10.784,-0,-1,137.89,137.29,139.13,24.97,Cornering,"Hoosier 43075 16x7.5-10 R20, 7 inch rim",28303
78.71,1063.704,-4.06,259.29,-99.45,0.003,-8.99,-3.1,0.16,0.0409,-2.6073,10.02,25268.76,7.76,93.8,-10.816,-0,-0.9997,137.93,137.23,139.09,24.97,Cornering,"Hoosier 43075 16x7.5-10 R20, 7 inch rim",28304
78.68,1063.714,-2.95,257.25,-99.19,0.009,-9.05,-3.56,0.09,0.0298,-2.5935,10.02,43498.18,7.76,93.76,-10.861,-0,-0.9998,137.97,137.21,139.13,24.95,Cornering,"Hoosier 43075 16x7.5-10 R20, 7 inch rim",28305
78.68,1063.724,-1.92,254.31,-98.75,0.012,-8.36,-4.02,0.03,0.0194,-2.5754,10,156847.61,7.76,93.79,-10.889,-0,-1,137.95,137.34,139.17,24.93,Cornering,"Hoosier 43075 16x7.5-10 R20, 7 inch rim",28306
78.71,1063.734,-1.4,251.85,-97.25,0.007,-8.35,-4.2,-0.04,0.0144,-2.5898,10.02,-97507.12,7.76,93.79,-10.934,-0,-1.0001,137.95,137.49,139.27,24.94,Cornering,"Hoosier 43075 16x7.5-10 R20, 7 inch rim",28307
78.7,1063.744,-1.65,250.48,-95.74,0.004,-8.15,-4.55,-0.04,0.0173,-2.6162,9.99,-97494.55,7.76,93.77,-10.972,-0,-1.0001,137.93,137.62,139.33,24.94,Cornering,"Hoosier 43075 16x7.5-10 R20, 7 inch rim",28308
78.67,1063.754,-1.74,250.95,-94.78,0.004,-7.86,-3.73,0.03,0.0183,-2.6476,10.02,156776.06,7.76,93.77,-11.02,-0,-1,138.04,137.87,139.45,24.93,Cornering,"Hoosier 43075 16x7.5-10 R20, 7 inch rim",28309
78.71,1063.764,-2.99,252.37,-94.66,-0,-7.57,-3.7,0.03,0.0316,-2.6661,10.01,156683.58,7.76,93.77,-11.056,-0,-1,138.27,138.09,139.61,24.92,Cornering,"Hoosier 43075 16x7.5-10 R20, 7 inch rim",28310
78.71,1063.774,-3.4,254.65,-94.52,0.01,-7.65,-2.3,0.03,0.0359,-2.6941,10.02,156626.72,7.76,93.77,-11.093,-0,-1,138.51,138.28,139.71,24.92,Cornering,"Hoosier 43075 16x7.5-10 R20, 7 inch rim",28311
78.68,1063.784,-4.29,256.53,-95.89,0.003,-7.43,-1.91,-0.04,0.0447,-2.6752,10.02,-97349.82,7.76,93.76,-11.131,-0,-1.0001,138.64,138.39,139.77,24.92,Cornering,"Hoosier 43075 16x7.5-10 R20, 7 inch rim",28312
78.68,1063.794,-4.89,258.54,-96.88,0.001,-8.03,-1.77,0.03,0.0505,-2.6687,10,156617.36,7.76,93.74,-11.176,-0,-1,138.7,138.42,139.81,24.92,Cornering,"Hoosier 43075 16x7.5-10 R20, 7 inch rim",28313
78.71,1063.804,-4.82,260.03,-97.92,0.013,-8.8,-1.74,0.03,0.0493,-2.6557,10.02,156703.59,7.76,93.75,-11.218,-0,-1,138.72,138.42,139.83,24.94,Cornering,"Hoosier 43075 16x7.5-10 R20, 7 inch rim",28314
78.71,1063.814,-4.66,260.17,-99.03,0.016,-9.27,-2.55,0.03,0.047,-2.6272,10.01,156649.64,7.76,93.74,-11.249,-0,-1,138.83,138.35,139.79,24.93,Cornering,"Hoosier 43075 16x7.5-10 R20, 7 inch rim",28315
78.68,1063.824,-3.49,258.49,-99.44,0.006,-9.75,-2.97,0.09,0.0351,-2.5994,10.01,43411.71,7.76,93.77,-11.297,-0,-0.9998,138.9,138.31,139.77,24.94,Cornering,"Hoosier 43075 16x7.5-10 R20, 7 inch rim",28316
78.69,1063.834,-2.49,255.73,-99.27,0.001,-9.04,-3.37,-0.04,0.0251,-2.576,10,-97367.07,7.76,93.77,-11.342,-0,-1.0001,138.92,138.35,139.81,24.94,Cornering,"Hoosier 43075 16x7.5-10 R20, 7 inch rim",28317
78.71,1063.844,-1.5,253.13,-97.78,-0.003,-8.33,-3.45,0.03,0.0154,-2.5888,10.02,156717.38,7.76,93.81,-11.388,-0,-1,138.96,138.44,139.83,24.96,Cornering,"Hoosier 43075 16x7.5-10 R20, 7 inch rim",28318
78.69,1063.854,-1.36,250.8,-96.24,-0,-8.27,-3.68,-0.04,0.0142,-2.606,9.99,-97543.08,7.76,93.81,-11.421,-0,-1.0001,139.02,138.55,139.85,24.99,Cornering,"Hoosier 43075 16x7.5-10 R20, 7 inch rim",28319
78.68,1063.864,-1.91,250.21,-95.27,-0.003,-7.15,-3.78,0.03,0.0201,-2.6264,10,157113.52,7.76,93.81,-11.46,-0,-1,139.02,138.68,140.02,25.03,Cornering,"Hoosier 43075 16x7.5-10 R20, 7 inch rim",28320
78.71,1063.874,-2.23,251.27,-93.99,0.004,-7.54,-2.88,0.09,0.0237,-2.6735,10,43541.23,7.76,93.81,-11.5,-0,-0.9998,139.22,138.9,140.16,25.03,Cornering,"Hoosier 43075 16x7.5-10 R20, 7 inch rim",28321
78.71,1063.884,-3.12,252.83,-94.12,0.001,-7.5,-2.14,0.03,0.0331,-2.6863,10,157072.64,7.76,93.82,-11.531,-0,-1,139.37,139.05,140.32,25.03,Cornering,"Hoosier 43075 16x7.5-10 R20, 7 inch rim",28322
78.68,1063.894,-3.53,254.94,-94.73,0.013,-7.61,-0.75,0.09,0.0372,-2.6913,10,43477.63,7.76,93.87,-11.583,-0,-0.9998,139.63,139.19,140.54,25,Cornering,"Hoosier 43075 16x7.5-10 R20, 7 inch rim",28323
78.69,1063.904,-4.02,256.8,-95.97,0.01,-7.86,0.27,0.03,0.0419,-2.6758,10,156805.03,7.76,93.89,-11.617,-0,-1,139.78,139.25,140.68,24.99,Cornering,"Hoosier 43075 16x7.5-10 R20, 7 inch rim",28324
78.71,1063.914,-2.99,258.35,-97.91,0.006,-7.93,2.42,-0.04,0.0306,-2.6387,10.02,-97486.76,7.76,93.92,-11.643,-0,-1.0001,139.78,139.27,140.8,25,Cornering,"Hoosier 43075 16x7.5-10 R20, 7 inch rim",28325
78.69,1063.924,-0.2,259.43,-100.28,0.006,-7.07,5.39,0.03,0.002,-2.587,10.01,156806.66,7.76,93.95,-11.678,-0,-1,139.75,139.25,140.8,25,Cornering,"Hoosier 43075 16x7.5-10 R20, 7 inch rim",28326
78.67,1063.934,3.86,259.39,-101.84,0.013,-6.47,8.87,-0.04,-0.0379,-2.547,9.99,-97538.09,7.76,93.95,-11.689,-0,-1.0001,139.78,139.19,140.84,25.01,Cornering,"Hoosier 43075 16x7.5-10 R20, 7 inch rim",28327
78.7,1063.944,7.41,257.24,-101.96,0.007,-7.18,11.28,0.09,-0.0727,-2.5229,9.99,43476.46,7.76,93.95,-11.716,-0,-0.9998,139.8,139.23,140.92,25.01,Cornering,"Hoosier 43075 16x7.5-10 R20, 7 inch rim",28328
78.71,1063.954,7.99,254.59,-100.53,0.01,-8.6,10.6,0.03,-0.0795,-2.5324,9.99,156856.94,7.76,93.96,-11.716,-0,-1,139.84,139.27,140.92,25.01,Cornering,"Hoosier 43075 16x7.5-10 R20, 7 inch rim",28329
78.68,1063.964,6.7,252.73,-98.1,0.013,-10.02,8.59,-0.04,-0.0683,-2.5763,10.02,-97480.48,7.76,94,-11.723,-0,-1.0001,139.78,139.32,141.03,25,Cornering,"Hoosier 43075 16x7.5-10 R20, 7 inch rim",28330
78.69,1063.974,5.73,252.46,-96.16,0.004,-10.13,7.64,0.23,-0.0595,-2.6254,10.02,17754.17,7.76,94.05,-11.736,-0,-0.9996,139.73,139.45,141.11,24.98,Cornering,"Hoosier 43075 16x7.5-10 R20, 7 inch rim",28331
78.72,1063.984,6.68,253.88,-94.92,0.001,-9.24,9.81,0.03,-0.0703,-2.6748,10,156593.31,7.76,94.06,-11.732,-0,-1,139.88,139.67,141.23,24.97,Cornering,"Hoosier 43075 16x7.5-10 R20, 7 inch rim",28332
78.67,1064.004,8.92,259.18,-94.74,-0.003,-7.65,15.66,0.03,-0.0942,-2.7357,10.01,156517.27,7.76,94.06,-12.199,-0,-1,140.23,140.04,141.49,24.96,Cornering,"Hoosier 43075 16x7.5-10 R20, 7 inch rim",28333
78.71,1064.014,7.54,261.14,-96.29,0.009,-7,15.5,0.09,-0.0783,-2.712,10.01,43383.48,7.76,94.08,-12.192,-0,-0.9998,140.44,140.2,141.65,24.96,Cornering,"Hoosier 43075 16x7.5-10 R20, 7 inch rim",28334
78.71,1064.024,4.76,262.19,-97.97,0.016,-7.51,12.93,0.03,-0.0486,-2.6762,10,156480.92,7.75,94.12,-12.199,-0,-1,140.51,140.26,141.73,24.95,Cornering,"Hoosier 43075 16x7.5-10 R20, 7 inch rim",28335
78.68,1064.034,2.13,262.85,-99.83,-0.002,-8.39,9.25,0.03,-0.0213,-2.6329,10,156383.5,7.76,94.14,-12.179,-0,-1,140.53,140.24,141.81,24.93,Cornering,"Hoosier 43075 16x7.5-10 R20, 7 inch rim",28336
78.69,1064.044,-0.34,262.33,-101.33,0.01,-9.6,4.99,-0.04,0.0034,-2.589,9.99,-97192.38,7.76,94.12,-12.169,-0,-1.0001,140.57,140.2,141.79,24.93,Cornering,"Hoosier 43075 16x7.5-10 R20, 7 inch rim",28337
78.71,1064.054,-1.17,260.49,-102.09,0.004,-10.1,1.55,0.09,0.0114,-2.5517,10.02,43308.64,7.76,94.13,-12.156,-0,-0.9998,140.66,140.11,141.83,24.92,Cornering,"Hoosier 43075 16x7.5-10 R20, 7 inch rim",28338
78.71,1064.064,-1.23,258.37,-101.69,-0.006,-9.22,-1.09,0.03,0.0121,-2.5408,10.02,156284.38,7.76,94.12,-12.162,-0,-1,140.68,140.09,141.89,24.92,Cornering,"Hoosier 43075 16x7.5-10 R20, 7 inch rim",28339
78.68,1064.074,-1.73,256.2,-99.76,-0,-8.93,-3.86,0.03,0.0174,-2.5682,10,156329.83,7.76,94.12,-12.146,-0,-1,140.74,140.18,141.98,24.92,Cornering,"Hoosier 43075 16x7.5-10 R20, 7 inch rim",28340
78.7,1064.084,-2.54,254.8,-98.55,0.01,-7,-6.05,0.03,0.0258,-2.5854,10.01,156375.3,7.76,94.08,-12.131,-0,-1,140.72,140.26,142.08,24.93,Cornering,"Hoosier 43075 16x7.5-10 R20, 7 inch rim",28341
78.71,1064.094,-4.81,254.67,-96.35,0.007,-6.77,-8.82,0.03,0.0499,-2.6431,10.01,156340.58,7.76,94.02,-12.128,-0,-1,140.72,140.35,142.18,24.92,Cornering,"Hoosier 43075 16x7.5-10 R20, 7 inch rim",28342
78.69,1064.104,-7.13,255.12,-95.42,0.014,-6.76,-10.84,-0.04,0.0748,-2.6735,10.02,-97229.9,7.76,93.96,-12.128,-0,-1.0001,140.81,140.53,142.26,24.93,Cornering,"Hoosier 43075 16x7.5-10 R20, 7 inch rim",28343
78.68,1064.114,-9.31,256.39,-95.7,0.006,-6.53,-11.97,0.09,0.0973,-2.679,10.02,43353.98,7.76,93.88,-12.125,-0,-0.9998,141,140.77,142.36,24.94,Cornering,"Hoosier 43075 16x7.5-10 R20, 7 inch rim",28344
78.71,1064.124,-11.34,257.43,-96.63,0.014,-7.31,-12.59,0.03,0.1174,-2.6641,10.01,156415.78,7.75,93.84,-12.123,-0,-1,141.19,140.9,142.52,24.93,Cornering,"Hoosier 43075 16x7.5-10 R20, 7 inch rim",28345
78.7,1064.134,-12.36,258.51,-97.45,0.01,-8.93,-12.11,-0.04,0.1268,-2.6526,10.02,-97144.61,7.76,93.81,-12.113,-0,-1.0001,141.32,141.06,142.66,24.91,Cornering,"Hoosier 43075 16x7.5-10 R20, 7 inch rim",28346
78.67,1064.144,-11.66,259.76,-99.14,0.001,-9.75,-10.45,0.03,0.1176,-2.6201,10.02,156266.2,7.76,93.78,-12.131,-0,-1,141.32,141.06,142.7,24.91,Cornering,"Hoosier 43075 16x7.5-10 R20, 7 inch rim",28347
78.7,1064.154,-9.65,260.93,-100.41,0.014,-10.21,-7.82,0.03,0.0962,-2.5988,10.01,156343.89,7.76,93.79,-12.122,-0,-1,141.39,141.08,142.7,24.92,Cornering,"Hoosier 43075 16x7.5-10 R20, 7 inch rim",28348
78.71,1064.164,-7.24,261.1,-101.43,0.01,-10.14,-5.77,0.16,0.0714,-2.5742,9.99,25180.65,7.76,93.79,-12.129,-0,-0.9997,141.41,141.04,142.64,24.96,Cornering,"Hoosier 43075 16x7.5-10 R20, 7 inch rim",28349
78.69,1064.174,-4.98,260.02,-101.13,0.01,-9.87,-4.03,0.03,0.0493,-2.5711,10,156632.3,7.76,93.76,-12.126,-0,-1,141.41,141.01,142.64,24.97,Cornering,"Hoosier 43075 16x7.5-10 R20, 7 inch rim",28350
78.68,1064.184,-1.02,258.03,-100.96,0.006,-7.69,-0.14,0.03,0.0101,-2.5557,9.99,156742.22,7.76,93.73,-12.125,-0,-1,141.39,141.01,142.72,24.98,Cornering,"Hoosier 43075 16x7.5-10 R20, 7 inch rim",28351
78.71,1064.194,4.33,256.04,-99.33,0.003,-6.81,5.93,-0.04,-0.0436,-2.5778,9.99,-97462.1,7.76,93.66,-12.111,-0,-1.0001,141.32,141.12,142.78,24.99,Cornering,"Hoosier 43075 16x7.5-10 R20, 7 inch rim",28352
78.71,1064.204,9.49,254.48,-97.35,0.009,-6.84,12.83,0.03,-0.0975,-2.6141,9.99,156652.95,7.76,93.62,-12.091,-0,-1,141.36,141.26,142.84,24.97,Cornering,"Hoosier 43075 16x7.5-10 R20, 7 inch rim",28353
78.67,1064.214,13.47,253.9,-96.39,-0.003,-6.48,19.19,-0.04,-0.1397,-2.6341,9.99,-97319.75,7.76,93.6,-12.066,-0,-1.0001,141.36,141.43,142.93,24.95,Cornering,"Hoosier 43075 16x7.5-10 R20, 7 inch rim",28354
78.69,1064.224,16.21,254.47,-96.35,0.009,-6.33,25.05,0.03,-0.1683,-2.641,10.01,156570.19,7.76,93.6,-12.045,-0,-1,141.51,141.67,143.09,24.95,Cornering,"Hoosier 43075 16x7.5-10 R20, 7 inch rim",28355
78.71,1064.234,17.99,255.69,-96.56,0.01,-7.12,29.5,0.09,-0.1863,-2.6479,10,43392.14,7.75,93.59,-12.012,-0,-0.9998,141.71,141.83,143.19,24.95,Cornering,"Hoosier 43075 16x7.5-10 R20, 7 inch rim",28356
78.7,1064.244,17.41,257.22,-97.55,0.012,-7.44,30.51,0.03,-0.1784,-2.6369,10.01,156652.41,7.76,93.6,-11.965,-0,-1,141.9,141.87,143.31,24.96,Cornering,"Hoosier 43075 16x7.5-10 R20, 7 inch rim",28357
78.67,1064.254,15.15,258.92,-98.46,0.01,-7.96,28.43,0.09,-0.1538,-2.6298,10,43417.83,7.76,93.57,-11.913,-0,-0.9998,141.94,142,143.43,24.96,Cornering,"Hoosier 43075 16x7.5-10 R20, 7 inch rim",28358
78.7,1064.264,10.87,260.65,-99.37,0.001,-8.98,22.75,-0.04,-0.1094,-2.623,10.02,-97391.76,7.76,93.62,-11.863,-0,-1.0001,141.92,141.98,143.43,24.95,Cornering,"Hoosier 43075 16x7.5-10 R20, 7 inch rim",28359
78.71,1064.274,6.77,261.27,-101.08,0.003,-8.85,15.8,0.03,-0.067,-2.5847,10.01,156745.59,7.76,93.65,-11.8,-0,-1,141.94,141.92,143.45,24.96,Cornering,"Hoosier 43075 16x7.5-10 R20, 7 inch rim",28360
78.68,1064.284,2.61,260.94,-101.65,0.012,-8.26,8.25,-0.04,-0.0257,-2.567,9.99,-97474.07,7.76,93.65,-11.757,-0,-1.0001,142.01,141.85,143.43,24.96,Cornering,"Hoosier 43075 16x7.5-10 R20, 7 inch rim",28361
78.68,1064.294,-0.5,259.11,-100.87,0.007,-8,1.53,0.03,0.005,-2.5687,10,156913.34,7.76,93.64,-11.695,-0,-1,142.05,141.83,143.45,24.97,Cornering,"Hoosier 43075 16x7.5-10 R20, 7 inch rim",28362
78.71,1064.304,-2.16,256.32,-99.95,0.012,-7.57,-3.15,0.03,0.0216,-2.5644,10,156945.19,7.76,93.65,-11.638,-0,-1,142.05,141.89,143.51,24.97,Cornering,"Hoosier 43075 16x7.5-10 R20, 7 inch rim",28363
78.7,1064.314,-3.04,254.16,-97.88,0.014,-7.37,-6.01,0.16,0.031,-2.5968,10,25247.78,7.76,93.64,-11.584,-0,-0.9997,142.05,141.96,143.55,24.97,Cornering,"Hoosier 43075 16x7.5-10 R20, 7 inch rim",28364
78.67,1064.324,-4.6,253.28,-97.11,0.004,-6.32,-8.76,0.03,0.0474,-2.6082,10.01,156930.81,7.76,93.65,-11.532,-0,-1,142.03,142.07,143.63,24.96,Cornering,"Hoosier 43075 16x7.5-10 R20, 7 inch rim",28365
78.7,1064.334,-8.4,253.16,-95.77,-0.002,-7.19,-12.72,0.03,0.0877,-2.6433,10,156982.97,7.76,93.68,-11.503,-0,-1,142.16,142.18,143.71,24.97,Cornering,"Hoosier 43075 16x7.5-10 R20, 7 inch rim",28366
78.71,1064.344,-11.83,253.9,-95.44,0.006,-7.78,-15.4,-0.04,0.124,-2.6603,9.99,-97644.91,7.76,93.66,-11.458,-0,-1.0001,142.29,142.4,143.81,24.98,Cornering,"Hoosier 43075 16x7.5-10 R20, 7 inch rim",28367
78.68,1064.354,-12.69,255.11,-95.62,0.012,-8.44,-14.73,0.09,0.1327,-2.668,10.02,43555.14,7.76,93.63,-11.415,-0,-0.9998,142.52,142.53,143.92,24.99,Cornering,"Hoosier 43075 16x7.5-10 R20, 7 inch rim",28368
78.68,1064.364,-12.36,256.24,-97.33,-0.005,-8.52,-13.18,0.09,0.127,-2.6328,10,43550,7.76,93.61,-11.382,-0,-0.9998,142.57,142.66,143.98,24.98,Cornering,"Hoosier 43075 16x7.5-10 R20, 7 inch rim",28369
78.71,1064.374,-11.42,258.24,-98.89,-0.005,-8.26,-11.34,0.03,0.1155,-2.6113,9.99,157105.17,7.76,93.56,-11.346,-0,-1,142.59,142.64,144,24.97,Cornering,"Hoosier 43075 16x7.5-10 R20, 7 inch rim",28370
78.71,1064.384,-11.08,259.46,-100.24,-0.002,-8.75,-10.97,0.09,0.1105,-2.5884,9.99,43509.14,7.76,93.56,-11.317,-0,-0.9998,142.59,142.58,144,24.96,Cornering,"Hoosier 43075 16x7.5-10 R20, 7 inch rim",28371
78.67,1064.394,-10.85,259.89,-101.27,0.007,-8.72,-11.64,0.03,0.1071,-2.5664,10,156997.86,7.76,93.52,-11.274,-0,-1,142.59,142.44,143.96,24.95,Cornering,"Hoosier 43075 16x7.5-10 R20, 7 inch rim",28372
78.7,1064.404,-9.82,259.15,-101.23,-0,-8.18,-11.97,-0.04,0.097,-2.56,10.01,-97649.12,7.76,93.55,-11.243,-0,-1.0001,142.67,142.31,143.96,24.96,Cornering,"Hoosier 43075 16x7.5-10 R20, 7 inch rim",28373
78.71,1064.414,-7.29,257.27,-100.87,0.009,-6.96,-10.65,0.03,0.0722,-2.5506,9.99,157287.72,7.76,93.61,-11.21,-0,-1,142.72,142.27,143.98,24.99,Cornering,"Hoosier 43075 16x7.5-10 R20, 7 inch rim",28374
78.68,1064.424,-5.25,254.62,-98.59,0.014,-7.42,-9.31,0.03,0.0532,-2.5826,9.99,157372.92,7.76,93.67,-11.187,-0,-1,142.72,142.31,144.02,25,Cornering,"Hoosier 43075 16x7.5-10 R20, 7 inch rim",28375
78.68,1064.434,-3.09,252.98,-97.18,-0,-6.81,-7,0.03,0.0318,-2.6032,10,157468.02,7.76,93.72,-11.146,-0,-1,142.72,142.42,144.06,25.01,Cornering,"Hoosier 43075 16x7.5-10 R20, 7 inch rim",28376
78.71,1064.444,-2.73,252.33,-95.56,0.01,-7.48,-5.61,0.03,0.0285,-2.6405,10,157411,7.76,93.73,-11.115,-0,-1,142.74,142.51,144.2,25,Cornering,"Hoosier 43075 16x7.5-10 R20, 7 inch rim",28377
78.71,1064.454,-2.86,252.63,-95.85,0.012,-6.97,-4.05,0.03,0.0298,-2.6357,9.99,157353.94,7.76,93.75,-11.085,-0,-1,142.87,142.69,144.24,24.99,Cornering,"Hoosier 43075 16x7.5-10 R20, 7 inch rim",28378
78.67,1064.464,-3.29,253.71,-95.45,0.009,-8.41,-2.28,0.03,0.0345,-2.6582,9.99,157294.55,7.76,93.75,-11.06,-0,-1,143.1,142.84,144.36,24.98,Cornering,"Hoosier 43075 16x7.5-10 R20, 7 inch rim",28379
78.69,1064.474,-2.96,255.26,-96.73,0.006,-8.31,0.16,-0.04,0.0306,-2.6388,9.99,-97744.96,7.76,93.75,-11.021,-0,-1.0001,143.27,142.93,144.48,24.97,Cornering,"Hoosier 43075 16x7.5-10 R20, 7 inch rim",28380
78.72,1064.484,-1.7,256.91,-97.62,0.017,-9.27,3.16,0.03,0.0174,-2.6317,10,157184.64,7.75,93.73,-10.991,-0,-1,143.32,142.97,144.58,24.96,Cornering,"Hoosier 43075 16x7.5-10 R20, 7 inch rim",28381
78.69,1064.494,-0.54,258.79,-99.07,0.007,-9.25,5.22,0.09,0.0054,-2.6123,9.99,43563.61,7.76,93.72,-10.947,-0,-0.9998,143.32,142.91,144.56,24.96,Cornering,"Hoosier 43075 16x7.5-10 R20, 7 inch rim",28382
78.68,1064.504,0.84,260.35,-100.73,0.004,-8.05,6.41,-0.04,-0.0083,-2.5847,9.99,-97801.61,7.76,93.71,-10.916,-0,-1.0001,143.4,142.77,144.54,24.97,Cornering,"Hoosier 43075 16x7.5-10 R20, 7 inch rim",28383
78.71,1064.514,3.08,260.19,-101.34,0.007,-7.54,7.83,0.16,-0.0304,-2.5674,9.99,25315.61,7.76,93.71,-10.863,-0,-0.9997,143.42,142.66,144.54,24.98,Cornering,"Hoosier 43075 16x7.5-10 R20, 7 inch rim",28384
78.71,1064.524,3.65,258.18,-100.71,0.006,-7.46,6.61,-0.04,-0.0362,-2.5636,9.99,-97831.12,7.76,93.7,-10.825,-0,-1.0001,143.42,142.6,144.52,24.97,Cornering,"Hoosier 43075 16x7.5-10 R20, 7 inch rim",28385
78.68,1064.534,4.49,255.6,-99.26,-0.005,-7.55,5.73,0.03,-0.0453,-2.5751,9.98,157471.98,7.76,93.73,-10.789,-0,-1,143.44,142.66,144.54,24.98,Cornering,"Hoosier 43075 16x7.5-10 R20, 7 inch rim",28386
78.68,1064.544,3.51,252.93,-98.09,0.009,-7.13,3.53,0.09,-0.0358,-2.5785,9.99,43654.27,7.76,93.76,-10.737,-0,-0.9998,143.47,142.75,144.6,24.99,Cornering,"Hoosier 43075 16x7.5-10 R20, 7 inch rim",28387
78.72,1064.554,2.4,251.41,-96.69,0.003,-7.36,1.83,0.03,-0.0248,-2.6002,9.99,157557.62,7.76,93.8,-10.693,-0,-1,143.4,142.84,144.68,24.99,Cornering,"Hoosier 43075 16x7.5-10 R20, 7 inch rim",28388
78.7,1064.564,0.82,251.4,-96.53,0.006,-6.83,0.58,0.09,-0.0085,-2.6043,9.99,43666.2,7.76,93.8,-10.653,-0,-0.9998,143.59,142.97,144.74,24.99,Cornering,"Hoosier 43075 16x7.5-10 R20, 7 inch rim",28389
78.67,1064.574,-1.03,252.15,-96.13,0.012,-7.88,-0.53,-0.04,0.0108,-2.623,10,-98016.49,7.76,93.76,-10.599,-0,-1.0001,143.81,143.13,144.85,25,Cornering,"Hoosier 43075 16x7.5-10 R20, 7 inch rim",28390
78.7,1064.584,-2.91,253.77,-96.94,-0.007,-7.67,-1.43,-0.04,0.03,-2.6178,10,-98034.44,7.76,93.74,-10.541,-0,-1.0001,143.98,143.21,144.93,25,Cornering,"Hoosier 43075 16x7.5-10 R20, 7 inch rim",28391
78.71,1064.594,-4.94,256.19,-97.47,0.007,-8.03,-2.67,0.09,0.0506,-2.6283,9.99,43716.61,7.76,93.73,-10.51,-0,-0.9998,144.07,143.21,144.97,25.01,Cornering,"Hoosier 43075 16x7.5-10 R20, 7 inch rim",28392
78.68,1064.604,-6.74,258.64,-98.56,0.013,-7.95,-4.32,0.03,0.0684,-2.6241,9.99,157791.44,7.76,93.72,-10.447,-0,-1,144.07,143.17,145.05,25.01,Cornering,"Hoosier 43075 16x7.5-10 R20, 7 inch rim",28393
78.69,1064.614,-7.4,260.38,-99.82,0.003,-7.98,-5.79,0.03,0.0741,-2.6085,9.99,157774.8,7.76,93.74,-10.407,-0,-1,143.96,143.08,145.03,25,Cornering,"Hoosier 43075 16x7.5-10 R20, 7 inch rim",28394
78.72,1064.624,-7.26,260.96,-101.2,0.012,-7.6,-7.11,0.03,0.0717,-2.5786,9.99,157651.17,7.76,93.74,-10.361,-0,-1,144.02,142.91,144.95,24.98,Cornering,"Hoosier 43075 16x7.5-10 R20, 7 inch rim",28395
78.71,1064.634,-6.42,259.59,-100.9,0.007,-8.19,-8.31,0.03,0.0637,-2.5728,9.99,157673.73,7.76,93.74,-10.315,-0,-1,144,142.8,144.91,24.98,Cornering,"Hoosier 43075 16x7.5-10 R20, 7 inch rim",28396
78.68,1064.644,-6.35,257.1,-100.27,0.01,-7.91,-10.13,0.03,0.0633,-2.5641,9.99,157651.2,7.76,93.76,-10.286,-0,-1,143.96,142.73,144.91,24.97,Cornering,"Hoosier 43075 16x7.5-10 R20, 7 inch rim",28397
78.7,1064.654,-6.61,254.2,-99.21,0.001,-7.52,-11.85,-0.04,0.0666,-2.5624,9.99,-98060.98,7.76,93.75,-10.233,-0,-1.0001,143.85,142.8,144.93,24.98,Cornering,"Hoosier 43075 16x7.5-10 R20, 7 inch rim",28398
78.71,1064.664,-6.94,251.89,-97.74,0.001,-7.67,-12.51,-0.04,0.071,-2.5771,10,-98116.02,7.76,93.79,-10.202,-0,-1.0001,143.85,142.88,144.95,25,Cornering,"Hoosier 43075 16x7.5-10 R20, 7 inch rim",28399
78.68,1064.674,-6.26,251.23,-96.57,0.013,-7.82,-11.15,0.03,0.0648,-2.6015,9.99,157997.73,7.76,93.83,-10.176,-0,-1,143.83,142.95,145.03,25.02,Cornering,"Hoosier 43075 16x7.5-10 R20, 7 inch rim",28400
78.68,1064.684,-5.68,251.9,-95.8,-0,-7.8,-9.09,0.09,0.0593,-2.6295,9.99,43796.88,7.76,93.88,-10.145,-0,-0.9998,144.02,143.13,145.13,25.03,Cornering,"Hoosier 43075 16x7.5-10 R20, 7 inch rim",28401
78.72,1064.694,-5.99,253.42,-95.46,0.006,-8.53,-7.36,0.03,0.0628,-2.6548,10,158036.52,7.76,93.86,-10.096,-0,-1,144.17,143.24,145.21,25.02,Cornering,"Hoosier 43075 16x7.5-10 R20, 7 inch rim",28402
78.71,1064.704,-6.86,255.4,-96.19,0.014,-8.36,-6.38,0.03,0.0713,-2.6552,9.99,157903.14,7.76,93.87,-10.069,-0,-1,144.28,143.32,145.23,25,Cornering,"Hoosier 43075 16x7.5-10 R20, 7 inch rim",28403
78.67,1064.714,-7.3,257.91,-97.12,0.003,-8.05,-5.29,0.03,0.0752,-2.6556,9.99,157699.2,7.76,93.88,-10.036,-0,-1,144.3,143.32,145.25,24.96,Cornering,"Hoosier 43075 16x7.5-10 R20, 7 inch rim",28404
78.69,1064.724,-6.57,260.09,-99,-0.002,-7.26,-4.04,0.09,0.0664,-2.6272,10,43693.04,7.76,93.89,-10.01,-0,-0.9998,144.2,143.26,145.23,24.96,Cornering,"Hoosier 43075 16x7.5-10 R20, 7 inch rim",28405
78.71,1064.734,-4.82,260.8,-100.67,0.013,-7.41,-2.39,0.03,0.0479,-2.5906,9.99,157690.55,7.76,93.9,-9.977,-0,-1,144.09,143.17,145.13,24.96,Cornering,"Hoosier 43075 16x7.5-10 R20, 7 inch rim",28406
78.69,1064.744,-2.17,260.19,-101.21,0.01,-7.64,-0.7,-0.04,0.0214,-2.5708,9.99,-98059.27,7.76,93.91,-9.934,-0,-1.0001,144.07,142.99,145.11,24.96,Cornering,"Hoosier 43075 16x7.5-10 R20, 7 inch rim",28407
78.68,1064.754,0.06,257.44,-100.81,-0.002,-8.2,0.27,0.03,-0.0006,-2.5537,9.98,157760.36,7.76,93.96,-9.907,-0,-1,144,142.93,145.09,24.96,Cornering,"Hoosier 43075 16x7.5-10 R20, 7 inch rim",28408
78.71,1064.764,2.07,254.61,-100.04,0.012,-7.99,1.41,-0.11,-0.0207,-2.5449,9.99,-37411.41,7.76,93.98,-9.868,-0,-1.0002,143.9,142.86,145.05,24.96,Cornering,"Hoosier 43075 16x7.5-10 R20, 7 inch rim",28409
78.7,1064.774,3.67,252.19,-98.83,-0.003,-7.24,2.47,-0.04,-0.0371,-2.5518,9.98,-98046.77,7.76,94,-9.821,-0,-1.0001,143.87,142.93,145.05,24.95,Cornering,"Hoosier 43075 16x7.5-10 R20, 7 inch rim",28410
78.68,1064.784,4.73,250.8,-97.11,-0.002,-8,3.87,-0.04,-0.0487,-2.5825,9.99,-98101.88,7.76,94.02,-9.788,-0,-1.0001,143.83,142.95,145.09,24.96,Cornering,"Hoosier 43075 16x7.5-10 R20, 7 inch rim",28411
78.7,1064.794,4.55,251.53,-96.48,0.01,-7.47,4.72,0.03,-0.0472,-2.6071,9.99,157876.66,7.76,93.99,-9.737,-0,-1,143.9,143.1,145.15,24.97,Cornering,"Hoosier 43075 16x7.5-10 R20, 7 inch rim",28412
78.72,1064.804,2.87,253.44,-96.09,-0.002,-7.07,4.21,0.03,-0.0298,-2.6376,9.98,157999.2,7.76,93.94,-9.709,-0,-1,144.07,143.26,145.23,24.98,Cornering,"Hoosier 43075 16x7.5-10 R20, 7 inch rim",28413
78.7,1064.814,0.55,255.6,-96.66,0.001,-6.71,3.19,-0.04,-0.0057,-2.6443,9.99,-98232.95,7.76,93.94,-9.649,-0,-1.0001,144.2,143.32,145.27,24.98,Cornering,"Hoosier 43075 16x7.5-10 R20, 7 inch rim",28414
78.68,1064.824,-1.88,257.6,-97.57,0.004,-7.11,1.61,-0.04,0.0193,-2.6401,9.99,-98201.24,7.76,93.93,-9.601,-0,-1.0001,144.35,143.3,145.31,24.97,Cornering,"Hoosier 43075 16x7.5-10 R20, 7 inch rim",28415
78.71,1064.834,-3.49,259.76,-98.89,0.003,-7.25,-0.02,0.09,0.0353,-2.6269,10,43781.7,7.76,93.92,-9.559,-0,-0.9998,144.28,143.26,145.33,24.97,Cornering,"Hoosier 43075 16x7.5-10 R20, 7 inch rim",28416
78.71,1064.844,-4.24,260.67,-99.92,0.004,-8.29,-1.46,0.09,0.0424,-2.6087,9.99,43776.58,7.76,93.91,-9.519,-0,-0.9998,144.22,143.15,145.29,24.97,Cornering,"Hoosier 43075 16x7.5-10 R20, 7 inch rim",28417
78.68,1064.854,-4.27,260.82,-101.12,0.007,-8.23,-3.15,-0.04,0.0423,-2.5792,9.99,-98214.39,7.76,93.89,-9.473,-0,-1.0001,144.24,142.93,145.25,24.97,Cornering,"Hoosier 43075 16x7.5-10 R20, 7 inch rim",28418
78.69,1064.864,-4.18,259.13,-101.12,0.001,-8.73,-5.13,-0.11,0.0413,-2.5626,9.99,-37503.51,7.76,93.87,-9.422,-0,-1.0002,144.22,142.75,145.19,24.99,Cornering,"Hoosier 43075 16x7.5-10 R20, 7 inch rim",28419
78.71,1064.874,-4.16,256.49,-100.81,0.006,-8.31,-7.07,0.03,0.0413,-2.5442,9.98,158116.66,7.76,93.82,-9.37,-0,-1,144.13,142.71,145.21,24.98,Cornering,"Hoosier 43075 16x7.5-10 R20, 7 inch rim",28420
78.69,1064.884,-4.39,253.73,-99.57,-0,-7.89,-8.88,-0.04,0.0441,-2.5482,9.99,-98320.26,7.76,93.81,-9.339,-0,-1.0001,144,142.71,145.23,24.98,Cornering,"Hoosier 43075 16x7.5-10 R20, 7 inch rim",28421
78.67,1064.894,-4.41,252.04,-97.66,-0,-8,-9.58,-0.04,0.0452,-2.5809,9.99,-98353.33,7.76,93.83,-9.301,-0,-1.0001,143.96,142.69,145.27,24.99,Cornering,"Hoosier 43075 16x7.5-10 R20, 7 inch rim",28422
78.7,1064.904,-4.75,251.71,-96.34,0.009,-7.96,-9.39,0.03,0.0493,-2.6128,9.99,158313.59,7.76,93.82,-9.257,-0,-1,143.98,142.8,145.29,25,Cornering,"Hoosier 43075 16x7.5-10 R20, 7 inch rim",28423
78.71,1064.914,-5.19,252.8,-96.81,0.009,-6.48,-8.75,-0.04,0.0536,-2.6114,9.98,-98469.7,7.76,93.8,-9.21,-0,-1.0001,144.09,142.95,145.35,25.01,Cornering,"Hoosier 43075 16x7.5-10 R20, 7 inch rim",28424
78.68,1064.924,-6.67,254.88,-96.22,-0.009,-6.67,-8.72,0.03,0.0693,-2.6489,9.99,158383.62,7.76,93.76,-9.181,-0,-1,144.28,143.02,145.43,25.01,Cornering,"Hoosier 43075 16x7.5-10 R20, 7 inch rim",28425
78.68,1064.934,-7.6,256.82,-96.51,0.01,-7.4,-8.14,-0.04,0.0787,-2.661,10,-98467.11,7.76,93.73,-9.135,-0,-1.0001,144.39,143.02,145.43,25.01,Cornering,"Hoosier 43075 16x7.5-10 R20, 7 inch rim",28426
78.71,1064.944,-8.54,258.7,-98.38,0.001,-6.71,-8.19,0.09,0.0868,-2.6295,9.98,43908.77,7.76,93.72,-9.105,-0,-0.9998,144.35,142.99,145.41,25.01,Cornering,"Hoosier 43075 16x7.5-10 R20, 7 inch rim",28427
78.7,1064.954,-8.01,259.44,-99.19,0.006,-8.71,-7.47,0.09,0.0808,-2.6156,9.99,43882.71,7.76,93.73,-9.068,-0,-0.9998,144.26,142.88,145.41,25,Cornering,"Hoosier 43075 16x7.5-10 R20, 7 inch rim",28428
78.68,1064.964,-7.12,259.89,-100.77,0.006,-9.17,-7.2,0.09,0.0706,-2.579,9.99,43877.32,7.76,93.74,-9.028,-0,-0.9998,144.24,142.73,145.35,24.99,Cornering,"Hoosier 43075 16x7.5-10 R20, 7 inch rim",28429
78.7,1064.974,-5.81,258.78,-101.73,0.01,-9.39,-7.12,0.03,0.0571,-2.5437,10,158205.88,7.76,93.77,-8.998,-0,-1,144.15,142.58,145.31,24.97,Cornering,"Hoosier 43075 16x7.5-10 R20, 7 inch rim",28430
78.71,1064.984,-3.56,256.78,-101.33,0.006,-9.41,-6.22,0.03,0.0351,-2.5342,9.98,158255.45,7.76,93.77,-8.968,-0,-1,144.13,142.38,145.25,24.97,Cornering,"Hoosier 43075 16x7.5-10 R20, 7 inch rim",28431
78.68,1064.994,-1.61,254.37,-100.15,-0.009,-8.76,-5.31,0.03,0.0161,-2.5399,9.99,158196,7.76,93.76,-8.935,-0,-1,143.96,142.42,145.23,24.96,Cornering,"Hoosier 43075 16x7.5-10 R20, 7 inch rim",28432
78.68,1065.004,0.19,252.63,-97.73,0.006,-8.82,-3.59,-0.04,-0.0019,-2.5851,9.98,-98325.02,7.76,93.77,-8.898,-0,-1.0001,143.9,142.44,145.29,24.96,Cornering,"Hoosier 43075 16x7.5-10 R20, 7 inch rim",28433
78.71,1065.014,1.28,252.16,-97,0.012,-7.23,-1.95,0.03,-0.0132,-2.5996,9.99,158154,7.76,93.8,-8.86,-0,-1,143.85,142.47,145.33,24.95,Cornering,"Hoosier 43075 16x7.5-10 R20, 7 inch rim",28434
78.7,1065.024,1.39,252.98,-96.29,0.001,-6.61,-0.28,0.03,-0.0145,-2.6271,9.99,158061.81,7.76,93.78,-8.817,-0,-1,144,142.55,145.33,24.93,Cornering,"Hoosier 43075 16x7.5-10 R20, 7 inch rim",28435
78.67,1065.034,1.09,254.37,-96.11,0.001,-6.28,1.12,0.03,-0.0114,-2.6466,9.97,157995.5,7.76,93.79,-8.8,-0,-1,144.09,142.75,145.43,24.92,Cornering,"Hoosier 43075 16x7.5-10 R20, 7 inch rim",28436
78.7,1065.044,0.56,256.09,-96.45,-0.005,-6.85,2.53,0.03,-0.0058,-2.6551,9.98,158053.7,7.76,93.76,-8.749,-0,-1,144.22,142.8,145.47,24.93,Cornering,"Hoosier 43075 16x7.5-10 R20, 7 inch rim",28437
78.71,1065.054,0.08,257.29,-97.54,0.003,-7.3,3.28,0.16,-0.0008,-2.6376,9.99,25442.11,7.76,93.73,-8.701,-0,-0.9997,144.26,142.8,145.43,24.94,Cornering,"Hoosier 43075 16x7.5-10 R20, 7 inch rim",28438
78.69,1065.064,-0.88,258.34,-99.16,0.006,-8.26,2.74,0.03,0.0089,-2.6053,9.99,158236.81,7.76,93.7,-8.661,-0,-1,144.17,142.73,145.41,24.95,Cornering,"Hoosier 43075 16x7.5-10 R20, 7 inch rim",28439
78.68,1065.074,-1.41,258.92,-100.95,0.013,-8.82,1.59,0.09,0.0139,-2.5648,9.99,43864.96,7.76,93.68,-8.608,-0,-0.9998,144.07,142.6,145.33,24.96,Cornering,"Hoosier 43075 16x7.5-10 R20, 7 inch rim",28440
78.71,1065.084,-1.32,258.8,-101.83,0.004,-9,0.09,0.03,0.0129,-2.5415,9.99,158232.88,7.76,93.68,-8.581,-0,-1,144.07,142.4,145.21,24.94,Cornering,"Hoosier 43075 16x7.5-10 R20, 7 inch rim",28441
78.71,1065.094,-0.94,256.9,-101.7,0.013,-9.56,-1.46,-0.04,0.0093,-2.5261,9.97,-98307.21,7.76,93.67,-8.522,-0,-1.0001,143.98,142.29,145.15,24.93,Cornering,"Hoosier 43075 16x7.5-10 R20, 7 inch rim",28442
78.67,1065.104,-0.65,254.74,-100.73,0.014,-9.11,-3.03,0.03,0.0065,-2.529,9.96,158129.23,7.76,93.62,-8.474,-0,-1,143.96,142.22,145.09,24.92,Cornering,"Hoosier 43075 16x7.5-10 R20, 7 inch rim",28443
78.69,1065.114,-0.99,253.11,-99.3,0.001,-7.51,-4.9,0.03,0.0099,-2.5489,9.98,158215.42,7.76,93.62,-8.442,-0,-1,143.92,142.25,145.11,24.93,Cornering,"Hoosier 43075 16x7.5-10 R20, 7 inch rim",28444
78.72,1065.124,-2.06,251.72,-97.36,0.006,-7.34,-6.64,-0.04,0.0212,-2.5853,9.98,-98433.64,7.76,93.61,-8.382,-0,-1.0001,143.85,142.27,145.15,24.95,Cornering,"Hoosier 43075 16x7.5-10 R20, 7 inch rim",28445
78.69,1065.134,-2.56,252.18,-96.26,0.01,-6.44,-6.93,-0.04,0.0266,-2.6199,9.97,-98578.99,7.76,93.59,-8.349,-0,-1.0001,143.87,142.4,145.15,24.98,Cornering,"Hoosier 43075 16x7.5-10 R20, 7 inch rim",28446
78.68,1065.144,-4.6,253.11,-96.51,0.012,-5.89,-8.09,0.03,0.0476,-2.6226,9.98,158713.8,7.76,93.56,-8.299,-0,-1,144.02,142.53,145.21,25,Cornering,"Hoosier 43075 16x7.5-10 R20, 7 inch rim",28447
78.71,1065.154,-5.91,254.35,-96.74,0.007,-6.42,-8.18,-0.04,0.0611,-2.6293,9.99,-98718.29,7.76,93.54,-8.247,-0,-1.0001,144.17,142.64,145.31,25.01,Cornering,"Hoosier 43075 16x7.5-10 R20, 7 inch rim",28448
78.71,1065.164,-6.98,255.61,-97.61,-0.002,-7.14,-8.15,-0.04,0.0715,-2.6187,9.99,-98726.3,7.76,93.51,-8.215,-0,-1.0001,144.24,142.6,145.29,25.01,Cornering,"Hoosier 43075 16x7.5-10 R20, 7 inch rim",28449
78.68,1065.174,-7.85,256.18,-98.34,0.007,-9.1,-8.32,-0.04,0.0798,-2.6051,9.99,-98620.24,7.76,93.52,-8.18,-0,-1.0001,144.22,142.62,145.21,24.98,Cornering,"Hoosier 43075 16x7.5-10 R20, 7 inch rim",28450
78.69,1065.184,-8.21,256.96,-99.92,0.001,-9.88,-8.87,0.03,0.0821,-2.5717,9.96,158590.2,7.76,93.51,-8.144,-0,-1,144.09,142.58,145.21,24.97,Cornering,"Hoosier 43075 16x7.5-10 R20, 7 inch rim",28451
78.71,1065.194,-7.67,257.56,-101.53,0.006,-9.62,-9.28,-0.11,0.0756,-2.5367,9.99,-37573.14,7.76,93.5,-8.099,-0,-1.0002,144,142.44,145.07,24.95,Cornering,"Hoosier 43075 16x7.5-10 R20, 7 inch rim",28452
78.69,1065.204,-6.3,257.24,-102.22,0.01,-8.76,-9.4,-0.04,0.0616,-2.5164,9.99,-98466.34,7.76,93.53,-8.058,-0,-1.0001,144.02,142.29,144.99,24.94,Cornering,"Hoosier 43075 16x7.5-10 R20, 7 inch rim",28453
78.68,1065.214,-5.03,255.41,-101.78,0.003,-8.3,-9.77,-0.04,0.0495,-2.5094,9.98,-98404.12,7.76,93.53,-8.031,-0,-1.0001,143.94,142.18,144.97,24.92,Cornering,"Hoosier 43075 16x7.5-10 R20, 7 inch rim",28454
78.71,1065.224,-3.65,253.75,-99.92,-0.003,-7.6,-9.57,0.09,0.0365,-2.5396,9.97,43870.51,7.76,93.51,-7.997,-0,-0.9998,143.83,142.22,144.93,24.92,Cornering,"Hoosier 43075 16x7.5-10 R20, 7 inch rim",28455
78.72,1065.234,-2.87,252.02,-97.97,0.007,-7.04,-9.02,-0.04,0.0293,-2.5724,9.99,-98468.1,7.76,93.51,-7.954,-0,-1.0001,143.77,142.22,144.89,24.93,Cornering,"Hoosier 43075 16x7.5-10 R20, 7 inch rim",28456
78.67,1065.244,-2.71,251.26,-96.16,0.006,-7.55,-8.23,0.03,0.0282,-2.613,9.99,158529.14,7.76,93.54,-7.918,-0,-1,143.72,142.27,144.89,24.95,Cornering,"Hoosier 43075 16x7.5-10 R20, 7 inch rim",28457
78.68,1065.254,-2.43,251.41,-96.01,0.007,-6.96,-6.38,0.03,0.0253,-2.6185,9.97,158610.86,7.76,93.58,-7.897,-0,-1,143.79,142.42,144.89,24.96,Cornering,"Hoosier 43075 16x7.5-10 R20, 7 inch rim",28458
78.71,1065.264,-2.67,252.03,-96.15,0.003,-7.79,-4.57,0.09,0.0278,-2.6212,9.98,43966.77,7.76,93.61,-7.857,-0,-0.9998,143.96,142.51,144.89,24.97,Cornering,"Hoosier 43075 16x7.5-10 R20, 7 inch rim",28459
78.7,1065.274,-2.98,253.08,-96.81,0.009,-8.2,-2.84,-0.04,0.0308,-2.6143,9.99,-98638.08,7.76,93.6,-7.814,-0,-1.0001,144.07,142.53,144.93,24.97,Cornering,"Hoosier 43075 16x7.5-10 R20, 7 inch rim",28460
78.67,1065.284,-2.79,254.29,-97.84,0.013,-9.13,-1.13,0.09,0.0285,-2.5992,9.98,43994.84,7.76,93.59,-7.782,-0,-0.9998,144.07,142.51,144.91,24.98,Cornering,"Hoosier 43075 16x7.5-10 R20, 7 inch rim",28461
78.69,1065.294,-2.48,255.53,-99.37,0.009,-9.4,-0.38,-0.04,0.025,-2.5714,9.97,-98814.48,7.76,93.56,-7.743,-0,-1.0001,144,142.38,144.82,25.01,Cornering,"Hoosier 43075 16x7.5-10 R20, 7 inch rim",28462
78.71,1065.304,-1.72,256.95,-101.06,0.001,-9.15,-0.07,-0.04,0.0171,-2.5424,9.98,-98913.62,7.76,93.57,-7.711,-0,-1.0001,143.9,142.2,144.76,25.03,Cornering,"Hoosier 43075 16x7.5-10 R20, 7 inch rim",28463
78.68,1065.314,-0.34,257.55,-101.84,0.007,-8.64,0.01,-0.04,0.0034,-2.529,9.97,-98924.68,7.76,93.55,-7.662,-0,-1.0001,143.85,142.05,144.68,25.03,Cornering,"Hoosier 43075 16x7.5-10 R20, 7 inch rim",28464
78.67,1065.324,1.11,256.15,-101.82,0.009,-8.2,-0.3,0.03,-0.0109,-2.5158,9.96,159082.11,7.76,93.56,-7.617,-0,-1,143.83,141.87,144.6,25.02,Cornering,"Hoosier 43075 16x7.5-10 R20, 7 inch rim",28465
78.71,1065.334,1.8,253.87,-100.61,0.001,-7.46,-1.29,-0.04,-0.0179,-2.5233,9.96,-98827.22,7.76,93.57,-7.586,-0,-1.0001,143.72,141.81,144.54,25,Cornering,"Hoosier 43075 16x7.5-10 R20, 7 inch rim",28466
78.7,1065.344,2.24,251.55,-99.14,0.004,-6.74,-2.09,0.03,-0.0226,-2.5374,9.96,158926.66,7.76,93.56,-7.537,-0,-1,143.57,141.87,144.5,24.99,Cornering,"Hoosier 43075 16x7.5-10 R20, 7 inch rim",28467
78.67,1065.354,1.72,249.53,-97.68,0.01,-6.74,-3.08,0.09,-0.0176,-2.5546,9.97,44034.52,7.76,93.57,-7.489,-0,-0.9998,143.49,141.87,144.5,24.98,Cornering,"Hoosier 43075 16x7.5-10 R20, 7 inch rim",28468
78.69,1065.364,0.89,248.78,-96.81,0.003,-6.94,-3.58,0.03,-0.0092,-2.5698,9.97,158925.91,7.76,93.55,-7.436,-0,-1,143.55,141.96,144.54,24.98,Cornering,"Hoosier 43075 16x7.5-10 R20, 7 inch rim",28469
78.71,1065.374,-1.33,249.06,-96.45,0.01,-7.88,-4.75,-0.04,0.0138,-2.5822,9.97,-98820.96,7.76,93.54,-7.407,-0,-1.0001,143.7,142.05,144.56,24.99,Cornering,"Hoosier 43075 16x7.5-10 R20, 7 inch rim",28470
78.69,1065.384,-3.23,250.17,-97.1,0.001,-7.79,-5.51,-0.04,0.0333,-2.5765,9.98,-98833.73,7.76,93.55,-7.348,-0,-1.0001,143.85,142.09,144.56,24.99,Cornering,"Hoosier 43075 16x7.5-10 R20, 7 inch rim",28471
78.68,1065.394,-5.07,251.58,-97.8,-0.005,-8.44,-6.46,0.09,0.0518,-2.5724,9.98,44071.94,7.76,93.56,-7.314,-0,-0.9998,143.87,142.16,144.6,25,Cornering,"Hoosier 43075 16x7.5-10 R20, 7 inch rim",28472
78.71,1065.404,-6.28,253.35,-99.41,0.016,-8.37,-7.08,0.03,0.0632,-2.5485,9.96,159098.89,7.76,93.57,-7.257,-0,-1,143.81,142.09,144.6,25,Cornering,"Hoosier 43075 16x7.5-10 R20, 7 inch rim",28473
78.71,1065.414,-6.98,255.12,-101.35,-0.003,-7.7,-8.49,-0.04,0.0688,-2.5173,9.97,-98813.41,7.76,93.57,-7.229,-0,-1.0001,143.68,142,144.48,24.98,Cornering,"Hoosier 43075 16x7.5-10 R20, 7 inch rim",28474
78.68,1065.424,-6.78,255.55,-102.11,0.006,-8.18,-9.38,0.09,0.0664,-2.5026,9.99,44043.46,7.76,93.57,-7.184,-0,-0.9998,143.57,141.87,144.38,24.97,Cornering,"Hoosier 43075 16x7.5-10 R20, 7 inch rim",28475
78.69,1065.434,-6.11,254.82,-102.54,-0.007,-7.75,-10.44,0.09,0.0596,-2.4852,9.96,44026.25,7.76,93.59,-7.149,-0,-0.9998,143.44,141.72,144.34,24.96,Cornering,"Hoosier 43075 16x7.5-10 R20, 7 inch rim",28476
78.71,1065.444,-4.55,252.13,-101.55,0.01,-8.18,-10.64,-0.04,0.0448,-2.4827,9.96,-98722.02,7.76,93.61,-7.119,-0,-1.0001,143.32,141.65,144.22,24.95,Cornering,"Hoosier 43075 16x7.5-10 R20, 7 inch rim",28477
78.69,1065.454,-3.9,249.55,-100.62,-0,-7.21,-11.23,0.09,0.0387,-2.48,9.97,44011.95,7.76,93.62,-7.083,-0,-0.9998,143.17,141.67,144.24,24.95,Cornering,"Hoosier 43075 16x7.5-10 R20, 7 inch rim",28478
78.67,1065.464,-3.51,247.24,-98.62,-0.002,-7.52,-11.33,0.09,0.0356,-2.5069,9.96,44026.28,7.76,93.66,-7.039,-0,-0.9998,142.97,141.67,144.22,24.96,Cornering,"Hoosier 43075 16x7.5-10 R20, 7 inch rim",28479
78.71,1065.474,-3.04,246.27,-97.56,0.012,-7.61,-10.21,0.03,0.0312,-2.5243,9.96,158890.77,7.76,93.68,-6.999,-0,-1,142.93,141.7,144.28,24.96,Cornering,"Hoosier 43075 16x7.5-10 R20, 7 inch rim",28480
78.71,1065.484,-3.27,246.91,-96.82,0.004,-7.9,-9.03,-0.04,0.0337,-2.5503,9.96,-98800.81,7.76,93.68,-6.96,-0,-1.0001,142.99,141.76,144.28,24.96,Cornering,"Hoosier 43075 16x7.5-10 R20, 7 inch rim",28481
78.67,1065.494,-4.46,248.14,-96.25,0.007,-8.66,-8.54,-0.04,0.0464,-2.5781,9.96,-98785.76,7.76,93.72,-6.922,-0,-1.0001,143.08,141.94,144.32,24.96,Cornering,"Hoosier 43075 16x7.5-10 R20, 7 inch rim",28482
78.69,1065.504,-4.96,249.58,-97.32,-0.007,-8.25,-7.25,0.03,0.0509,-2.5644,9.97,159000.8,7.76,93.72,-6.889,-0,-1,143.14,141.98,144.28,24.97,Cornering,"Hoosier 43075 16x7.5-10 R20, 7 inch rim",28483
78.71,1065.514,-4.85,251.08,-98.41,0.001,-8.42,-5.86,-0.11,0.0493,-2.5515,9.98,-37686.36,7.76,93.73,-6.854,-0,-1.0002,143.08,142,144.24,24.96,Cornering,"Hoosier 43075 16x7.5-10 R20, 7 inch rim",28484
78.69,1065.524,-3.86,252.15,-100.09,0.001,-8.72,-4.42,0.03,0.0386,-2.5194,9.96,159022.16,7.76,93.75,-6.823,-0,-1,142.95,141.94,144.16,24.97,Cornering,"Hoosier 43075 16x7.5-10 R20, 7 inch rim",28485
78.67,1065.534,-2.73,253.25,-101.28,-0.003,-8.44,-3.7,0.09,0.0269,-2.5006,9.96,44060.11,7.76,93.75,-6.778,-0,-0.9998,142.89,141.81,144,24.96,Cornering,"Hoosier 43075 16x7.5-10 R20, 7 inch rim",28486
78.7,1065.544,-1.58,252.55,-102.62,0.019,-7.85,-3.7,-0.04,0.0154,-2.461,9.97,-98914.36,7.76,93.77,-6.738,-0,-1.0001,142.82,141.65,143.92,24.98,Cornering,"Hoosier 43075 16x7.5-10 R20, 7 inch rim",28487
78.71,1065.554,0.21,250.57,-102.05,0.01,-7.86,-3.54,0.09,-0.0021,-2.4554,9.97,44088.03,7.76,93.73,-6.694,-0,-0.9998,142.76,141.52,143.85,24.97,Cornering,"Hoosier 43075 16x7.5-10 R20, 7 inch rim",28488
78.67,1065.564,1.31,247.82,-100.6,0.003,-8.19,-3.93,-0.04,-0.013,-2.4633,9.97,-98885.63,7.76,93.72,-6.651,-0,-1.0001,142.61,141.45,143.83,24.97,Cornering,"Hoosier 43075 16x7.5-10 R20, 7 inch rim",28489
78.68,1065.574,2.17,245.51,-99.33,0.001,-7.43,-3.93,-0.04,-0.0218,-2.4716,9.96,-98777.83,7.76,93.72,-6.615,-0,-1.0001,142.5,141.48,143.81,24.94,Cornering,"Hoosier 43075 16x7.5-10 R20, 7 inch rim",28490
78.71,1065.584,2.13,243.96,-98.12,0.004,-7.2,-4,0.03,-0.0217,-2.4862,9.96,158842.95,7.76,93.76,-6.572,-0,-1,142.46,141.48,143.79,24.93,Cornering,"Hoosier 43075 16x7.5-10 R20, 7 inch rim",28491
78.7,1065.594,1.26,243.65,-97.11,0.006,-7.4,-4.05,0.03,-0.0129,-2.5091,9.97,158892.28,7.76,93.81,-6.532,-0,-1,142.54,141.52,143.79,24.93,Cornering,"Hoosier 43075 16x7.5-10 R20, 7 inch rim",28492
78.67,1065.604,-0.15,245.22,-96.79,0.001,-7.01,-4.16,-0.04,0.0015,-2.5336,9.95,-98849.05,7.76,93.84,-6.483,-0,-1.0001,142.65,141.59,143.79,24.95,Cornering,"Hoosier 43075 16x7.5-10 R20, 7 inch rim",28493
78.7,1065.614,-2.29,245.96,-97.29,0.007,-7.86,-5.02,-0.04,0.0236,-2.528,9.97,-98973.12,7.76,93.89,-6.435,-0,-1.0001,142.8,141.67,143.79,24.98,Cornering,"Hoosier 43075 16x7.5-10 R20, 7 inch rim",28494
78.71,1065.624,-4.51,247.84,-98.05,-0,-8.31,-6.37,-0.04,0.046,-2.5276,9.96,-99001.22,7.76,93.91,-6.408,-0,-1.0001,142.82,141.7,143.73,24.98,Cornering,"Hoosier 43075 16x7.5-10 R20, 7 inch rim",28495
78.68,1065.634,-5.34,249.54,-99.77,-0.002,-8.14,-7,0.03,0.0536,-2.5012,9.97,159312.72,7.76,93.89,-6.365,-0,-1,142.74,141.63,143.69,24.99,Cornering,"Hoosier 43075 16x7.5-10 R20, 7 inch rim",28496
78.68,1065.644,-5.47,250.41,-101.37,0.012,-8.59,-7.85,0.09,0.054,-2.4702,9.96,44130.94,7.76,93.91,-6.31,-0,-0.9998,142.65,141.41,143.55,24.98,Cornering,"Hoosier 43075 16x7.5-10 R20, 7 inch rim",28497
78.71,1065.654,-4.8,250.61,-102.94,-0.003,-7.94,-8.72,-0.04,0.0466,-2.4345,9.96,-98933.86,7.76,93.95,-6.276,-0,-1.0001,142.54,141.32,143.45,24.96,Cornering,"Hoosier 43075 16x7.5-10 R20, 7 inch rim",28498
78.7,1065.664,-4.28,249.34,-102.45,0.006,-8.78,-10.15,0.03,0.0418,-2.4338,9.96,159054.98,7.76,93.97,-6.237,-0,-1,142.44,141.17,143.37,24.94,Cornering,"Hoosier 43075 16x7.5-10 R20, 7 inch rim",28499
78.67,1065.674,-3.76,246.39,-101.41,0.01,-8.89,-11.45,-0.04,0.0371,-2.4297,9.95,-98881.41,7.76,93.98,-6.186,-0,-1.0001,142.31,141.12,143.35,24.94,Cornering,"Hoosier 43075 16x7.5-10 R20, 7 inch rim",28500
78.69,1065.684,-2.95,243.63,-100.26,0.007,-8.18,-11.87,0.03,0.0294,-2.43,9.95,159041.88,7.76,93.97,-6.156,-0,-1,142.18,141.15,143.31,24.94,Cornering,"Hoosier 43075 16x7.5-10 R20, 7 inch rim",28501
78.71,1065.694,-2.97,241.96,-98.79,0.001,-7.53,-12.28,-0.04,0.0301,-2.4492,9.96,-98825.37,7.76,93.99,-6.114,-0,-1.0001,142.11,141.15,143.23,24.93,Cornering,"Hoosier 43075 16x7.5-10 R20, 7 inch rim",28502
78.69,1065.704,-2.85,241.5,-97.45,0.001,-7.3,-11.4,0.09,0.0293,-2.4782,9.96,44078.81,7.76,93.98,-6.068,-0,-0.9998,142.09,141.23,143.23,24.94,Cornering,"Hoosier 43075 16x7.5-10 R20, 7 inch rim",28503
78.68,1065.714,-3.5,241.96,-96.97,0.003,-7.41,-10.69,0.03,0.0361,-2.4953,9.95,159002.05,7.76,93.97,-6.037,-0,-1,142.2,141.37,143.27,24.93,Cornering,"Hoosier 43075 16x7.5-10 R20, 7 inch rim",28504
78.71,1065.724,-4.12,243.34,-97.24,0.004,-7.45,-9.56,0.03,0.0423,-2.5025,9.96,159195.84,7.76,93.98,-6.005,-0,-1,142.37,141.43,143.27,24.96,Cornering,"Hoosier 43075 16x7.5-10 R20, 7 inch rim",28505
78.71,1065.734,-4.7,244.9,-97.52,-0,-7.93,-8.57,-0.11,0.0482,-2.5113,9.96,-37749.58,7.76,93.97,-5.974,-0,-1.0002,142.39,141.48,143.31,24.96,Cornering,"Hoosier 43075 16x7.5-10 R20, 7 inch rim",28506
78.67,1065.744,-5.76,245.96,-98.96,0.003,-8.21,-8.8,0.03,0.0582,-2.4855,9.96,159255.77,7.76,93.94,-5.924,-0,-1,142.35,141.45,143.27,24.96,Cornering,"Hoosier 43075 16x7.5-10 R20, 7 inch rim",28507
78.69,1065.754,-5.25,246.87,-101.11,0.006,-8.25,-8.29,-0.04,0.0519,-2.4415,9.96,-98958.77,7.76,93.88,-5.878,-0,-1.0001,142.24,141.37,143.19,24.95,Cornering,"Hoosier 43075 16x7.5-10 R20, 7 inch rim",28508
78.71,1065.764,-4.26,247.02,-102.12,0.003,-8.93,-8.01,0.09,0.0417,-2.419,9.96,44106.52,7.76,93.84,-5.843,-0,-0.9998,142.11,141.21,143.05,24.94,Cornering,"Hoosier 43075 16x7.5-10 R20, 7 inch rim",28509
78.7,1065.774,-2.61,246.25,-102.86,0.003,-8.58,-7.77,-0.04,0.0253,-2.3941,9.96,-98993.51,7.76,93.82,-5.809,-0,-1.0001,142.03,141.06,142.93,24.96,Cornering,"Hoosier 43075 16x7.5-10 R20, 7 inch rim",28510
78.67,1065.784,-1.03,244.09,-102.17,-0,-8.43,-7.53,-0.04,0.0101,-2.3891,9.96,-99070.48,7.76,93.79,-5.762,-0,-1.0001,141.81,140.97,142.78,24.97,Cornering,"Hoosier 43075 16x7.5-10 R20, 7 inch rim",28511
78.7,1065.794,0.33,241.3,-100.72,0.004,-8.28,-7.19,-0.04,-0.0033,-2.3956,9.94,-99191.72,7.76,93.72,-5.725,-0,-1.0001,141.73,140.86,142.74,25,Cornering,"Hoosier 43075 16x7.5-10 R20, 7 inch rim",28512
78.71,1065.804,1.37,239.17,-99.15,-0.003,-7.63,-6.53,0.03,-0.0138,-2.4123,9.94,159541.92,7.76,93.69,-5.689,-0,-1,141.56,140.88,142.74,25,Cornering,"Hoosier 43075 16x7.5-10 R20, 7 inch rim",28513
78.67,1065.814,1.11,238.04,-97.58,0.013,-7.47,-6.5,-0.04,-0.0113,-2.4394,9.96,-99157.18,7.76,93.7,-5.656,-0,-1.0001,141.49,140.9,142.68,24.99,Cornering,"Hoosier 43075 16x7.5-10 R20, 7 inch rim",28514
78.68,1065.824,0.19,238.23,-96.81,0.006,-7.24,-6.5,0.03,-0.002,-2.4607,9.96,159341.25,7.76,93.7,-5.609,-0,-1,141.66,140.99,142.68,24.96,Cornering,"Hoosier 43075 16x7.5-10 R20, 7 inch rim",28515
78.71,1065.834,-0.99,239.31,-96.83,0.004,-7.14,-6.34,0.09,0.0103,-2.4714,9.95,44137.32,7.76,93.67,-5.567,-0,-0.9998,141.81,141.01,142.7,24.95,Cornering,"Hoosier 43075 16x7.5-10 R20, 7 inch rim",28516
78.7,1065.844,-3.05,240.42,-97.11,-0.005,-7.92,-7.23,0.09,0.0314,-2.4758,9.96,44139.91,7.77,93.64,-5.531,-0,-0.9998,141.9,141.08,142.66,24.95,Cornering,"Hoosier 43075 16x7.5-10 R20, 7 inch rim",28517
78.68,1065.854,-4.51,241.45,-98.81,0.007,-7.9,-8.04,0.03,0.0456,-2.4436,9.93,159559.88,7.76,93.64,-5.48,-0,-1,141.84,141.04,142.62,24.99,Cornering,"Hoosier 43075 16x7.5-10 R20, 7 inch rim",28518
78.7,1065.864,-5.05,242.4,-100.26,-0.002,-8.76,-8.63,0.03,0.0504,-2.4176,9.96,159713.81,7.77,93.6,-5.457,-0,-1,141.79,140.93,142.56,25.01,Cornering,"Hoosier 43075 16x7.5-10 R20, 7 inch rim",28519
78.71,1065.874,-5.3,243.31,-101.51,0.001,-9.06,-9.75,0.09,0.0522,-2.3968,9.94,44281.6,7.76,93.52,-5.414,-0,-0.9998,141.73,140.75,142.46,25.03,Cornering,"Hoosier 43075 16x7.5-10 R20, 7 inch rim",28520
78.67,1065.884,-4,243.25,-102.8,0.019,-8.3,-9.94,0.16,0.0389,-2.3661,9.95,25686.33,7.76,93.49,-5.358,-0,-0.9997,141.64,140.64,142.32,25.01,Cornering,"Hoosier 43075 16x7.5-10 R20, 7 inch rim",28521
78.68,1065.894,-2.64,241.4,-101.84,0.014,-9.08,-10.29,-0.04,0.0259,-2.3703,9.95,-99232.63,7.76,93.46,-5.329,-0,-1.0001,141.51,140.53,142.22,25,Cornering,"Hoosier 43075 16x7.5-10 R20, 7 inch rim",28522
78.72,1065.904,-1.73,238.84,-101.44,-0,-7.73,-11.05,0.03,0.017,-2.3544,9.95,159499.17,7.77,93.41,-5.281,-0,-1,141.39,140.46,142.2,24.97,Cornering,"Hoosier 43075 16x7.5-10 R20, 7 inch rim",28523
78.7,1065.914,-1.07,235.74,-99.47,0.001,-8.11,-11.28,0.16,0.0108,-2.3701,9.96,25655.08,7.77,93.41,-5.246,-0,-0.9997,141.26,140.46,142.2,24.97,Cornering,"Hoosier 43075 16x7.5-10 R20, 7 inch rim",28524
78.68,1065.924,-1.26,234.04,-98.03,0.006,-7.08,-11.47,0.03,0.0128,-2.3875,9.94,159445.2,7.76,93.43,-5.199,-0,-1,141.19,140.46,142.14,24.96,Cornering,"Hoosier 43075 16x7.5-10 R20, 7 inch rim",28525
78.7,1065.934,-1.67,233.56,-96.75,0.01,-7.25,-11.1,0.09,0.0172,-2.414,9.95,44175.18,7.76,93.41,-5.172,-0,-0.9998,141.19,140.53,142.14,24.96,Cornering,"Hoosier 43075 16x7.5-10 R20, 7 inch rim",28526
78.71,1065.944,-2.63,233.87,-96.28,0.01,-7.54,-10.67,0.09,0.0273,-2.4292,9.94,44188.41,7.76,93.42,-5.127,-0,-0.9998,141.32,140.55,142.14,24.96,Cornering,"Hoosier 43075 16x7.5-10 R20, 7 inch rim",28527
78.68,1065.954,-3.85,234.84,-96.77,-0.002,-7.68,-10.45,0.03,0.0398,-2.4267,9.94,159399.78,7.77,93.44,-5.08,-0,-1,141.39,140.59,142.14,24.95,Cornering,"Hoosier 43075 16x7.5-10 R20, 7 inch rim",28528
78.68,1065.964,-4.95,235.88,-97.67,0.007,-8.32,-10.25,-0.04,0.0506,-2.415,9.94,-99115.07,7.76,93.45,-5.042,-0,-1.0001,141.36,140.59,142.18,24.96,Cornering,"Hoosier 43075 16x7.5-10 R20, 7 inch rim",28529
78.71,1065.974,-5.5,236.96,-99.66,0.003,-8.17,-10.19,-0.04,0.0552,-2.3778,9.94,-99120.09,7.77,93.44,-5.007,-0,-1.0001,141.32,140.53,142.12,24.96,Cornering,"Hoosier 43075 16x7.5-10 R20, 7 inch rim",28530
78.7,1065.984,-5.52,238.37,-100.76,-0.005,-8.82,-10.58,0.03,0.0548,-2.3658,9.94,159536.5,7.77,93.46,-4.971,-0,-1,141.15,140.33,141.98,24.97,Cornering,"Hoosier 43075 16x7.5-10 R20, 7 inch rim",28531
78.67,1065.994,-4.83,238.62,-101.93,0.01,-8.83,-10.81,0.03,0.0474,-2.3411,9.94,159509.42,7.77,93.47,-4.928,-0,-1,141.06,140.24,141.87,24.96,Cornering,"Hoosier 43075 16x7.5-10 R20, 7 inch rim",28532
78.69,1066.004,-3.24,237.69,-102.33,0.012,-8.1,-10.67,0.03,0.0316,-2.3227,9.94,159554.69,7.76,93.48,-4.893,-0,-1,140.96,140.09,141.77,24.97,Cornering,"Hoosier 43075 16x7.5-10 R20, 7 inch rim",28533
78.71,1066.014,-1.93,235.1,-101.59,0.003,-8,-10.82,0.03,0.019,-2.3141,9.94,159599.58,7.77,93.49,-4.858,-0,-1,140.85,140.07,141.69,24.97,Cornering,"Hoosier 43075 16x7.5-10 R20, 7 inch rim",28534
78.69,1066.024,-0.29,232.01,-100.18,0.003,-7.39,-10.11,0.09,0.0029,-2.3159,9.94,44239.62,7.77,93.52,-4.811,-0,-0.9998,140.74,140.13,141.65,24.98,Cornering,"Hoosier 43075 16x7.5-10 R20, 7 inch rim",28535
78.67,1066.034,0.66,229.39,-97.91,0.003,-7.71,-9.45,-0.04,-0.0067,-2.343,9.94,-99313.7,7.77,93.53,-4.78,-0,-1.0001,140.66,140.11,141.59,25,Cornering,"Hoosier 43075 16x7.5-10 R20, 7 inch rim",28536
78.71,1066.044,0.76,228.48,-96.76,0.001,-7.04,-8.77,-0.04,-0.0078,-2.3613,9.93,-99342.29,7.77,93.54,-4.739,-0,-1.0001,140.63,140.15,141.57,25,Cornering,"Hoosier 43075 16x7.5-10 R20, 7 inch rim",28537
78.7,1066.054,0.21,228.14,-96.57,0.009,-6.84,-8.01,0.03,-0.0022,-2.3624,9.94,159858.67,7.77,93.56,-4.694,-0,-1,140.68,140.2,141.65,25.01,Cornering,"Hoosier 43075 16x7.5-10 R20, 7 inch rim",28538
78.67,1066.064,-0.76,228.74,-96.57,0.013,-7.28,-7.57,0.16,0.0078,-2.3686,9.94,25689.31,7.77,93.56,-4.648,-0,-0.9997,140.81,140.26,141.67,24.98,Cornering,"Hoosier 43075 16x7.5-10 R20, 7 inch rim",28539
78.69,1066.074,-2.59,229.81,-97.07,0.014,-7.67,-8.17,0.09,0.0267,-2.3675,9.94,44241.25,7.76,93.57,-4.616,-0,-0.9998,140.83,140.31,141.67,24.97,Cornering,"Hoosier 43075 16x7.5-10 R20, 7 inch rim",28540
78.71,1066.084,-3.96,230.91,-98.32,0.006,-8.45,-9.03,0.09,0.0402,-2.3485,9.94,44254.41,7.77,93.6,-4.568,-0,-0.9998,140.74,140.26,141.63,24.98,Cornering,"Hoosier 43075 16x7.5-10 R20, 7 inch rim",28541
78.69,1066.094,-4.71,231.69,-100.27,0.001,-8.35,-10.17,0.03,0.047,-2.3107,9.94,159670.62,7.77,93.62,-4.535,-0,-1,140.63,140.18,141.57,24.97,Cornering,"Hoosier 43075 16x7.5-10 R20, 7 inch rim",28542
78.67,1066.104,-4.76,232.49,-101.64,-0.007,-8.15,-11.29,-0.04,0.0469,-2.2873,9.94,-99330.57,7.77,93.59,-4.483,-0,-1.0001,140.55,139.98,141.51,24.99,Cornering,"Hoosier 43075 16x7.5-10 R20, 7 inch rim",28543
78.71,1066.114,-3.88,231.67,-102.34,0.004,-7.97,-12,0.09,0.0379,-2.2638,9.94,44292.23,7.77,93.59,-4.447,-0,-0.9998,140.48,139.87,141.43,25,Cornering,"Hoosier 43075 16x7.5-10 R20, 7 inch rim",28544
78.71,1066.124,-2.68,229.5,-101.6,0.006,-8.45,-12.46,0.09,0.0263,-2.259,9.92,44284.42,7.77,93.6,-4.404,-0,-0.9998,140.33,139.78,141.35,24.99,Cornering,"Hoosier 43075 16x7.5-10 R20, 7 inch rim",28545
78.67,1066.134,-1.36,226.73,-100.33,0.004,-8.16,-12.57,0.03,0.0136,-2.2598,9.91,159778.97,7.77,93.59,-4.37,-0,-1,140.25,139.74,141.25,24.98,Cornering,"Hoosier 43075 16x7.5-10 R20, 7 inch rim",28546
78.68,1066.144,-1.24,223.97,-98.77,0.001,-7.39,-13.02,0.03,0.0126,-2.2677,9.93,159638.23,7.77,93.59,-4.333,-0,-1,140.16,139.78,141.23,24.96,Cornering,"Hoosier 43075 16x7.5-10 R20, 7 inch rim",28547
78.72,1066.154,-1.12,221.58,-97.03,0.02,-7.75,-12.57,-0.04,0.0115,-2.2836,9.91,-99170.8,7.76,93.55,-4.29,-0,-1.0001,140.03,139.82,141.21,24.94,Cornering,"Hoosier 43075 16x7.5-10 R20, 7 inch rim",28548
78.69,1066.164,-2.22,221.36,-96.15,-0.002,-7.1,-12.65,0.09,0.0231,-2.3021,9.92,44200.84,7.77,93.53,-4.245,-0,-0.9998,140.1,139.91,141.19,24.94,Cornering,"Hoosier 43075 16x7.5-10 R20, 7 inch rim",28549
78.67,1066.174,-3.11,221.17,-96.24,0.006,-7.12,-12.07,-0.04,0.0323,-2.2982,9.91,-99134.57,7.77,93.52,-4.21,-0,-1.0001,140.29,140.07,141.21,24.93,Cornering,"Hoosier 43075 16x7.5-10 R20, 7 inch rim",28550
78.7,1066.184,-4.2,221.46,-96.88,0.009,-7.28,-11.55,0.03,0.0434,-2.286,9.93,159559.3,7.77,93.52,-4.17,-0,-1,140.31,140.09,141.23,24.94,Cornering,"Hoosier 43075 16x7.5-10 R20, 7 inch rim",28551
78.71,1066.194,-5.48,222.25,-97.79,0.003,-7.84,-11.74,0.03,0.056,-2.2728,9.91,159567.02,7.77,93.51,-4.13,-0,-1,140.29,140.07,141.23,24.94,Cornering,"Hoosier 43075 16x7.5-10 R20, 7 inch rim",28552
78.68,1066.204,-5.97,223.01,-99.25,0.003,-8.38,-11.87,0.09,0.0601,-2.247,9.93,44219.56,7.77,93.54,-4.088,-0,-0.9998,140.21,139.96,141.21,24.94,Cornering,"Hoosier 43075 16x7.5-10 R20, 7 inch rim",28553
78.68,1066.214,-5.63,223.34,-101.15,-0.006,-8.47,-12.06,0.03,0.0556,-2.2079,9.91,159619.05,7.77,93.56,-4.051,-0,-1,140.1,139.82,141.13,24.95,Cornering,"Hoosier 43075 16x7.5-10 R20, 7 inch rim",28554
78.71,1066.224,-4.73,222.97,-102.09,0.009,-8.89,-12.56,0.03,0.0464,-2.184,9.9,159737.53,7.77,93.6,-4.012,-0,-1,139.97,139.67,141.05,24.97,Cornering,"Hoosier 43075 16x7.5-10 R20, 7 inch rim",28555
78.7,1066.234,-3.63,221.42,-102.03,0.007,-9.15,-13.06,0.09,0.0356,-2.1701,9.91,44317.98,7.77,93.6,-3.973,-0,-0.9998,139.82,139.54,140.94,25,Cornering,"Hoosier 43075 16x7.5-10 R20, 7 inch rim",28556
78.68,1066.244,-2.07,218.96,-101.15,0.004,-8.47,-13.02,0.03,0.0205,-2.1647,9.92,160012.7,7.77,93.58,-3.928,-0,-1,139.67,139.47,140.84,25.01,Cornering,"Hoosier 43075 16x7.5-10 R20, 7 inch rim",28557
78.7,1066.254,-0.62,216.33,-99.73,0.009,-7.46,-12.34,0.09,0.0062,-2.1692,9.91,44342.67,7.77,93.58,-3.892,-0,-0.9998,139.56,139.47,140.8,25.01,Cornering,"Hoosier 43075 16x7.5-10 R20, 7 inch rim",28558
78.72,1066.264,-0.46,214.04,-98.1,0.004,-6.86,-12.07,0.03,0.0047,-2.1817,9.9,160061.44,7.77,93.58,-3.863,-0,-1,139.41,139.45,140.7,25.01,Cornering,"Hoosier 43075 16x7.5-10 R20, 7 inch rim",28559
78.68,1066.274,-0.52,212.95,-96.91,0.007,-6.3,-11.2,-0.04,0.0054,-2.1974,9.91,-99456.3,7.77,93.57,-3.82,-0,-1.0001,139.39,139.54,140.64,25,Cornering,"Hoosier 43075 16x7.5-10 R20, 7 inch rim",28560
78.68,1066.284,-1.22,212.34,-96.53,0.006,-6.19,-10.28,-0.04,0.0127,-2.1996,9.91,-99484.52,7.77,93.58,-3.773,-0,-1.0001,139.5,139.65,140.62,25.01,Cornering,"Hoosier 43075 16x7.5-10 R20, 7 inch rim",28561
78.71,1066.294,-2.55,211.83,-96.67,0.013,-6.78,-9.89,0.03,0.0264,-2.1912,9.9,160160.31,7.77,93.59,-3.723,-0,-1,139.58,139.63,140.6,25.03,Cornering,"Hoosier 43075 16x7.5-10 R20, 7 inch rim",28562
78.71,1066.304,-3.8,212.13,-97.48,0.013,-7.5,-9.84,-0.04,0.039,-2.1762,9.91,-99515.45,7.77,93.6,-3.7,-0,-1.0001,139.6,139.69,140.58,25.01,Cornering,"Hoosier 43075 16x7.5-10 R20, 7 inch rim",28563
78.68,1066.314,-4.58,211.84,-98.55,0.001,-8.76,-10.27,0.16,0.0465,-2.1497,9.89,25737.92,7.77,93.61,-3.66,-0,-0.9997,139.6,139.58,140.54,25,Cornering,"Hoosier 43075 16x7.5-10 R20, 7 inch rim",28564
78.69,1066.324,-4.77,212.14,-100.77,0.001,-8.8,-10.96,0.09,0.0473,-2.1051,9.91,44335.82,7.77,93.67,-3.607,-0,-0.9998,139.5,139.45,140.44,25,Cornering,"Hoosier 43075 16x7.5-10 R20, 7 inch rim",28565
78.71,1066.334,-3.94,211.49,-102.36,0.007,-8.75,-11.29,0.09,0.0385,-2.0662,9.9,44327.12,7.77,93.72,-3.573,-0,-0.9998,139.45,139.27,140.34,24.99,Cornering,"Hoosier 43075 16x7.5-10 R20, 7 inch rim",28566
78.69,1066.344,-3.03,210.74,-102.56,0.003,-8.42,-12.17,0.09,0.0295,-2.0548,9.9,44349.64,7.77,93.73,-3.53,-0,-0.9998,139.37,139.16,140.28,25,Cornering,"Hoosier 43075 16x7.5-10 R20, 7 inch rim",28567
78.67,1066.354,-2.28,208.72,-101.74,0.007,-7.72,-13.01,0.03,0.0224,-2.0516,9.9,160089.33,7.77,93.75,-3.481,-0,-1,139.28,139.16,140.22,25.01,Cornering,"Hoosier 43075 16x7.5-10 R20, 7 inch rim",28568
78.71,1066.364,-1.53,206.15,-99.44,-0.006,-7.49,-13.59,-0.04,0.0154,-2.0732,9.89,-99517.7,7.77,93.75,-3.454,-0,-1.0001,139.18,139.12,140.14,25.01,Cornering,"Hoosier 43075 16x7.5-10 R20, 7 inch rim",28569
78.71,1066.374,-1.14,203.67,-97.87,-0.002,-6.63,-13.34,-0.04,0.0117,-2.0811,9.91,-99499.27,7.77,93.76,-3.406,-0,-1.0001,139.02,139.19,140.12,25,Cornering,"Hoosier 43075 16x7.5-10 R20, 7 inch rim",28570
78.67,1066.384,-1.65,201.46,-96.29,0.012,-6.55,-13.14,-0.04,0.0171,-2.0923,9.88,-99457.98,7.77,93.75,-3.356,-0,-1.0001,138.98,139.21,140.04,24.99,Cornering,"Hoosier 43075 16x7.5-10 R20, 7 inch rim",28571
78.69,1066.394,-2.64,200.07,-96.37,0.01,-5.85,-12.79,-0.04,0.0274,-2.0761,9.88,-99436.84,7.77,93.74,-3.336,-0,-1.0001,138.98,139.32,140.04,24.98,Cornering,"Hoosier 43075 16x7.5-10 R20, 7 inch rim",28572
78.71,1066.404,-3.91,199.12,-96.28,0.013,-6.58,-12.29,0.03,0.0406,-2.0681,9.88,159933.27,7.77,93.71,-3.292,-0,-1,139.05,139.36,140.06,24.98,Cornering,"Hoosier 43075 16x7.5-10 R20, 7 inch rim",28573
78.69,1066.414,-5.27,198.33,-96.98,0.012,-7.88,-12.16,0.09,0.0543,-2.0452,9.89,44320.29,7.77,93.69,-3.258,-0,-0.9998,139.13,139.41,140.04,24.98,Cornering,"Hoosier 43075 16x7.5-10 R20, 7 inch rim",28574
78.68,1066.424,-5.94,198.07,-98.92,-0.006,-7.79,-12.05,-0.04,0.06,-2.0024,9.9,-99379.4,7.77,93.69,-3.21,-0,-1.0001,139.07,139.38,140.04,24.97,Cornering,"Hoosier 43075 16x7.5-10 R20, 7 inch rim",28575
78.7,1066.434,-6.07,197.88,-100.87,-0,-8.12,-12.28,0.03,0.0601,-1.9617,9.89,159951.72,7.77,93.73,-3.167,-0,-1,138.94,139.21,139.97,24.98,Cornering,"Hoosier 43075 16x7.5-10 R20, 7 inch rim",28576
78.71,1066.444,-4.98,197.84,-102.62,0.007,-8.18,-11.94,0.03,0.0485,-1.928,9.88,159995.03,7.77,93.74,-3.124,-0,-1,138.9,139.12,139.83,24.98,Cornering,"Hoosier 43075 16x7.5-10 R20, 7 inch rim",28577
78.68,1066.454,-4.13,197.09,-103.11,0.001,-8.31,-12.62,0.03,0.0401,-1.9114,9.88,159962.19,7.77,93.73,-3.094,-0,-1,138.75,138.99,139.73,24.98,Cornering,"Hoosier 43075 16x7.5-10 R20, 7 inch rim",28578
78.68,1066.464,-2.81,195.89,-102.69,-0.007,-7.41,-12.89,0.03,0.0273,-1.9075,9.86,159856.86,7.77,93.73,-3.051,-0,-1,138.66,138.83,139.61,24.96,Cornering,"Hoosier 43075 16x7.5-10 R20, 7 inch rim",28579
78.71,1066.474,-1.47,193.54,-101.25,0.003,-7.02,-12.74,0.09,0.0146,-1.9115,9.88,44299.44,7.77,93.77,-3.006,-0,-0.9998,138.55,138.77,139.55,24.96,Cornering,"Hoosier 43075 16x7.5-10 R20, 7 inch rim",28580
78.7,1066.484,-0.81,191.06,-99.2,0.007,-6.56,-12.43,0.09,0.0081,-1.926,9.88,44300.9,7.77,93.73,-2.967,-0,-0.9998,138.45,138.79,139.51,24.96,Cornering,"Hoosier 43075 16x7.5-10 R20, 7 inch rim",28581
78.67,1066.494,-0.4,188.27,-97.58,0.01,-6.62,-11.65,0.09,0.0041,-1.9295,9.86,44332.83,7.77,93.76,-2.938,-0,-0.9998,138.34,138.81,139.45,24.98,Cornering,"Hoosier 43075 16x7.5-10 R20, 7 inch rim",28582
78.7,1066.504,-1.33,186.41,-96.45,0.01,-7.01,-11.18,0.03,0.0138,-1.9327,9.85,159989.41,7.77,93.76,-2.895,-0,-1,138.32,138.88,139.45,24.98,Cornering,"Hoosier 43075 16x7.5-10 R20, 7 inch rim",28583
78.72,1066.514,-2.64,184.42,-96.83,0.001,-7.21,-10.82,0.03,0.0273,-1.9046,9.88,159996.33,7.77,93.79,-2.842,-0,-1,138.36,139.03,139.47,24.98,Cornering,"Hoosier 43075 16x7.5-10 R20, 7 inch rim",28584
78.67,1066.524,-3.93,183.35,-97.64,-0.006,-7.52,-10.58,0.09,0.0403,-1.8779,9.88,44337.25,7.77,93.78,-2.817,-0,-0.9998,138.4,139.03,139.47,24.98,Cornering,"Hoosier 43075 16x7.5-10 R20, 7 inch rim",28585
78.68,1066.534,-4.92,182.64,-99.31,0.014,-7.52,-10.28,0.03,0.0495,-1.8391,9.87,160006.36,7.77,93.81,-2.764,-0,-1,138.4,139.05,139.49,24.98,Cornering,"Hoosier 43075 16x7.5-10 R20, 7 inch rim",28586
78.71,1066.544,-5.57,181.88,-100.43,0.004,-8.65,-10.77,0.03,0.0554,-1.8111,9.88,160047.06,7.77,93.81,-2.735,-0,-1,138.34,138.97,139.47,24.98,Cornering,"Hoosier 43075 16x7.5-10 R20, 7 inch rim",28587
78.7,1066.554,-5.62,181.57,-102.15,0.001,-8.69,-11.54,-0.04,0.055,-1.7776,9.86,-99491.57,7.77,93.82,-2.698,-0,-1.0001,138.23,138.83,139.41,24.98,Cornering,"Hoosier 43075 16x7.5-10 R20, 7 inch rim",28588
78.68,1066.564,-4.44,180.75,-103.52,0.013,-8.04,-11.67,0.03,0.0428,-1.746,9.87,159945.3,7.77,93.8,-2.656,-0,-1,138.12,138.61,139.35,24.97,Cornering,"Hoosier 43075 16x7.5-10 R20, 7 inch rim",28589
78.7,1066.574,-3.45,179.38,-103.36,0.009,-7.64,-12.41,0.03,0.0334,-1.7355,9.85,160062.16,7.77,93.77,-2.61,-0,-1,138,138.53,139.25,24.98,Cornering,"Hoosier 43075 16x7.5-10 R20, 7 inch rim",28590
78.71,1066.584,-2.61,177.1,-102.47,0.001,-6.63,-12.95,0.09,0.0255,-1.7283,9.84,44386.74,7.77,93.77,-2.57,-0,-0.9998,137.89,138.46,139.17,25,Cornering,"Hoosier 43075 16x7.5-10 R20, 7 inch rim",28591
78.68,1066.594,-1.99,174.15,-100.58,0.006,-6.51,-13.07,0.03,0.0198,-1.7314,9.85,160220.64,7.77,93.78,-2.524,-0,-1,137.74,138.46,139.07,25.01,Cornering,"Hoosier 43075 16x7.5-10 R20, 7 inch rim",28592
78.68,1066.604,-1.88,171.24,-98.75,-0,-6.41,-12.91,0.09,0.0191,-1.7341,9.85,44409.82,7.77,93.74,-2.491,-0,-0.9998,137.59,138.44,139.03,25.01,Cornering,"Hoosier 43075 16x7.5-10 R20, 7 inch rim",28593
78.71,1066.614,-2.15,168.58,-97.54,0.007,-6.54,-11.95,0.03,0.0221,-1.7283,9.84,160154.88,7.77,93.73,-2.449,-0,-1,137.57,138.55,138.98,25,Cornering,"Hoosier 43075 16x7.5-10 R20, 7 inch rim",28594
78.71,1066.624,-3.18,166.75,-97.65,-0.002,-6.21,-11.53,0.03,0.0326,-1.7077,9.84,160159.11,7.77,93.71,-2.41,-0,-1,137.61,138.59,139.03,25,Cornering,"Hoosier 43075 16x7.5-10 R20, 7 inch rim",28595
78.67,1066.634,-4.57,165.01,-97.2,0.004,-7.9,-10.93,0.09,0.047,-1.6976,9.83,44351.5,7.77,93.73,-2.378,-0,-0.9998,137.67,138.68,139,24.98,Cornering,"Hoosier 43075 16x7.5-10 R20, 7 inch rim",28596
78.69,1066.644,-5.51,164.07,-98.93,0.004,-7.19,-10.48,-0.11,0.0557,-1.6584,9.85,-37924.95,7.77,93.73,-2.334,-0,-1.0002,137.74,138.66,139.03,24.96,Cornering,"Hoosier 43075 16x7.5-10 R20, 7 inch rim",28597
78.72,1066.654,-5.83,162.83,-100.85,-0,-7.39,-10.14,0.03,0.0578,-1.6146,9.84,159948.2,7.77,93.7,-2.297,-0,-1,137.69,138.53,139.03,24.96,Cornering,"Hoosier 43075 16x7.5-10 R20, 7 inch rim",28598
78.68,1066.664,-5.7,162.18,-102.3,0.004,-7.61,-10.2,-0.04,0.0557,-1.5854,9.84,-99406.53,7.77,93.7,-2.26,-0,-1.0001,137.63,138.44,138.98,24.96,Cornering,"Hoosier 43075 16x7.5-10 R20, 7 inch rim",28599
78.67,1066.674,-4.96,161.09,-103.51,0.003,-7.87,-10.58,-0.11,0.0479,-1.5563,9.82,-37936.69,7.77,93.68,-2.212,-0,-1.0002,137.54,138.2,138.92,24.97,Cornering,"Hoosier 43075 16x7.5-10 R20, 7 inch rim",28600
78.71,1066.684,-3.91,159.54,-103.99,0.004,-7.25,-11.18,-0.04,0.0376,-1.5341,9.82,-99504.42,7.77,93.69,-2.169,-0,-1.0001,137.46,138.09,138.84,24.98,Cornering,"Hoosier 43075 16x7.5-10 R20, 7 inch rim",28601
78.71,1066.694,-2.51,157.21,-103.31,0.009,-6.56,-11.26,0.09,0.0243,-1.5217,9.82,44337.71,7.77,93.68,-2.135,-0,-0.9998,137.35,138,138.82,24.97,Cornering,"Hoosier 43075 16x7.5-10 R20, 7 inch rim",28602
78.68,1066.704,-1.73,154.44,-101.38,0.006,-6.71,-11.59,0.03,0.0171,-1.5234,9.82,159930.92,7.77,93.68,-2.093,-0,-1,137.29,137.98,138.76,24.96,Cornering,"Hoosier 43075 16x7.5-10 R20, 7 inch rim",28603
78.68,1066.714,-1.65,151.07,-99.65,-0.002,-6.67,-11.64,-0.11,0.0165,-1.516,9.82,-37940.29,7.77,93.69,-2.052,-0,-1.0002,137.18,137.95,138.62,24.97,Cornering,"Hoosier 43075 16x7.5-10 R20, 7 inch rim",28604
78.72,1066.724,-1.93,148.29,-98.53,-0.003,-6.25,-11.23,0.09,0.0196,-1.5051,9.82,44361.4,7.78,93.7,-2.013,-0,-0.9998,137.14,137.98,138.52,24.98,Cornering,"Hoosier 43075 16x7.5-10 R20, 7 inch rim",28605
78.69,1066.734,-3.04,145.8,-97.6,-0,-6.53,-10.78,0.03,0.0312,-1.4939,9.82,160239.28,7.78,93.74,-1.969,-0,-1,137.16,138.04,138.5,25,Cornering,"Hoosier 43075 16x7.5-10 R20, 7 inch rim",28606
78.68,1066.744,-4.02,143.88,-97.24,0.013,-7.21,-9.85,0.03,0.0413,-1.4797,9.82,160316.66,7.77,93.8,-1.933,-0,-1,137.27,138.17,138.46,25.01,Cornering,"Hoosier 43075 16x7.5-10 R20, 7 inch rim",28607
78.7,1066.754,-5.42,142.35,-98.36,0.007,-6.87,-9.82,0.03,0.0551,-1.4472,9.82,160283.47,7.77,93.83,-1.886,-0,-1,137.35,138.13,138.46,25.01,Cornering,"Hoosier 43075 16x7.5-10 R20, 7 inch rim",28608
78.71,1066.764,-6.58,141,-100.17,-0.01,-6.53,-10.01,-0.04,0.0656,-1.4077,9.81,-99591.45,7.78,93.84,-1.847,-0,-1.0001,137.33,138.06,138.46,25,Cornering,"Hoosier 43075 16x7.5-10 R20, 7 inch rim",28609
78.68,1066.774,-6.76,139.69,-101.88,0.006,-7.06,-9.98,-0.04,0.0663,-1.3711,9.8,-99547.47,7.78,93.84,-1.803,-0,-1.0001,137.29,137.98,138.44,24.98,Cornering,"Hoosier 43075 16x7.5-10 R20, 7 inch rim",28610
78.69,1066.784,-5.86,138.11,-103.34,0.01,-7.32,-9.88,0.09,0.0567,-1.3365,9.82,44377.54,7.78,93.83,-1.758,-0,-0.9998,137.22,137.82,138.44,24.98,Cornering,"Hoosier 43075 16x7.5-10 R20, 7 inch rim",28611
78.71,1066.794,-5.09,135.96,-104.23,0.003,-7.18,-10.56,0.03,0.0489,-1.3045,9.82,160185.09,7.78,93.82,-1.72,-0,-1,137.18,137.69,138.36,24.99,Cornering,"Hoosier 43075 16x7.5-10 R20, 7 inch rim",28612
78.7,1066.804,-3.69,133.18,-103.94,0.001,-6.86,-10.66,0.03,0.0355,-1.2813,9.8,160151.11,7.78,93.81,-1.677,-0,-1,137.05,137.56,138.28,24.98,Cornering,"Hoosier 43075 16x7.5-10 R20, 7 inch rim",28613
78.67,1066.814,-2.88,130.36,-101.94,0.014,-7.02,-11.02,-0.11,0.0283,-1.2788,9.8,-37974.58,7.77,93.82,-1.641,-0,-1.0002,136.97,137.51,138.24,24.98,Cornering,"Hoosier 43075 16x7.5-10 R20, 7 inch rim",28614
78.7,1066.824,-2.26,127.3,-100.45,0.009,-6.04,-10.86,0.03,0.0225,-1.2673,9.8,160156.27,7.78,93.8,-1.604,-0,-1,136.79,137.45,138.18,24.98,Cornering,"Hoosier 43075 16x7.5-10 R20, 7 inch rim",28615
78.71,1066.834,-2.2,124.27,-98.31,-0.007,-6.31,-10.33,0.03,0.0224,-1.264,9.81,160047.91,7.78,93.76,-1.558,-0,-1,136.73,137.4,138.1,24.97,Cornering,"Hoosier 43075 16x7.5-10 R20, 7 inch rim",28616
78.68,1066.844,-2.87,121.63,-97.54,-0.005,-5.73,-9.67,0.03,0.0294,-1.247,9.8,160087.33,7.78,93.73,-1.524,-0,-1,136.79,137.51,138.03,24.97,Cornering,"Hoosier 43075 16x7.5-10 R20, 7 inch rim",28617
78.68,1066.854,-4.18,119.58,-97.61,0.004,-5.02,-8.92,0.03,0.0428,-1.225,9.8,160052.38,7.78,93.7,-1.489,-0,-1,136.84,137.62,138.06,24.97,Cornering,"Hoosier 43075 16x7.5-10 R20, 7 inch rim",28618
78.71,1066.864,-5.8,117.13,-97.91,-0.007,-6.12,-8.85,0.09,0.0592,-1.1962,9.81,44352.75,7.78,93.68,-1.438,-0,-0.9998,136.9,137.65,138.1,24.97,Cornering,"Hoosier 43075 16x7.5-10 R20, 7 inch rim",28619
78.71,1066.874,-6.74,115.35,-99.66,0.007,-5.67,-8.33,0.09,0.0676,-1.1575,9.8,44363.64,7.78,93.65,-1.402,-0,-0.9998,136.88,137.62,138.12,24.97,Cornering,"Hoosier 43075 16x7.5-10 R20, 7 inch rim",28620
78.68,1066.884,-7.57,113.55,-101.44,-0.012,-5.65,-8.56,0.09,0.0746,-1.1193,9.79,44354.01,7.78,93.61,-1.36,-0,-0.9998,136.84,137.43,138.1,24.97,Cornering,"Hoosier 43075 16x7.5-10 R20, 7 inch rim",28621
78.69,1066.894,-7.04,111.16,-103.2,-0,-6.46,-8.5,0.09,0.0682,-1.0771,9.8,44354.48,7.78,93.62,-1.33,-0,-0.9998,136.82,137.29,138.08,24.97,Cornering,"Hoosier 43075 16x7.5-10 R20, 7 inch rim",28622
78.72,1066.904,-6.13,108.48,-104.41,0.009,-6.74,-8.67,-0.04,0.0587,-1.039,9.8,-99499.91,7.78,93.61,-1.27,-0,-1.0001,136.79,137.14,137.99,24.97,Cornering,"Hoosier 43075 16x7.5-10 R20, 7 inch rim",28623
78.69,1066.914,-4.94,105.99,-104.81,0.013,-5.85,-9,0.03,0.0472,-1.0113,9.8,160140.89,7.78,93.63,-1.241,-0,-1,136.66,136.99,137.93,24.98,Cornering,"Hoosier 43075 16x7.5-10 R20, 7 inch rim",28624
78.68,1066.924,-3.42,102.97,-103.07,-0.006,-6,-8.92,0.03,0.0331,-0.9991,9.8,160179.14,7.78,93.65,-1.22,-0,-1,136.58,136.85,137.85,24.98,Cornering,"Hoosier 43075 16x7.5-10 R20, 7 inch rim",28625
78.71,1066.934,-2.58,99.68,-100.87,0.01,-5.8,-8.74,-0.04,0.0256,-0.9881,9.79,-99618.45,7.78,93.71,-1.173,-0,-1.0001,136.49,136.85,137.77,25,Cornering,"Hoosier 43075 16x7.5-10 R20, 7 inch rim",28626
78.71,1066.944,-2.53,96.75,-98.45,0.01,-5.84,-8.67,-0.04,0.0257,-0.9827,9.78,-99573.39,7.78,93.69,-1.134,-0,-1.0001,136.34,136.81,137.69,24.98,Cornering,"Hoosier 43075 16x7.5-10 R20, 7 inch rim",28627
78.67,1066.954,-2.76,93.48,-97.68,0.016,-5.06,-7.48,-0.04,0.0282,-0.957,9.79,-99528.07,7.78,93.73,-1.103,-0,-1.0001,136.32,136.83,137.59,24.97,Cornering,"Hoosier 43075 16x7.5-10 R20, 7 inch rim",28628
78.69,1066.964,-3.2,91.24,-97.22,-0.006,-4.32,-6.13,0.03,0.0329,-0.9385,9.78,160000.45,7.78,93.75,-1.067,-0,-1,136.41,136.94,137.51,24.96,Cornering,"Hoosier 43075 16x7.5-10 R20, 7 inch rim",28629
78.72,1066.974,-4.72,88.54,-97.75,0.009,-4.56,-5.62,-0.04,0.0483,-0.9057,9.77,-99529.94,7.78,93.72,-1.032,-0,-1.0001,136.49,136.99,137.53,24.97,Cornering,"Hoosier 43075 16x7.5-10 R20, 7 inch rim",28630
78.69,1066.984,-5.6,85.75,-98.65,0.001,-5.33,-4.74,0.03,0.0567,-0.8693,9.78,160188.69,7.78,93.69,-1.008,-0,-1,136.47,137.03,137.53,24.98,Cornering,"Hoosier 43075 16x7.5-10 R20, 7 inch rim",28631
78.67,1066.994,-6.18,83.07,-100.46,0.01,-5.82,-4.39,0.09,0.0615,-0.8269,9.77,44400.48,7.78,93.65,-0.957,-0,-0.9998,136.45,136.94,137.49,24.99,Cornering,"Hoosier 43075 16x7.5-10 R20, 7 inch rim",28632
78.71,1067.004,-5.81,80.41,-102.61,0.012,-5.97,-3.86,0.03,0.0567,-0.7836,9.78,160192.09,7.78,93.63,-0.918,-0,-1,136.41,136.83,137.51,24.98,Cornering,"Hoosier 43075 16x7.5-10 R20, 7 inch rim",28633
78.71,1067.014,-5.02,77.14,-103.91,0.012,-6.3,-3.98,0.09,0.0483,-0.7424,9.77,44370.34,7.78,93.59,-0.881,-0,-0.9998,136.36,136.72,137.47,24.97,Cornering,"Hoosier 43075 16x7.5-10 R20, 7 inch rim",28634
78.68,1067.024,-3.8,73.93,-104.44,-0.002,-5.64,-4.16,0.09,0.0364,-0.7079,9.77,44339.82,7.78,93.57,-0.839,-0,-0.9998,136.34,136.59,137.45,24.96,Cornering,"Hoosier 43075 16x7.5-10 R20, 7 inch rim",28635
78.69,1067.034,-2.79,70.54,-103.52,-0.002,-4.93,-4.52,0.16,0.027,-0.6814,9.77,25735.89,7.78,93.54,-0.8,-0,-0.9997,136.21,136.46,137.39,24.96,Cornering,"Hoosier 43075 16x7.5-10 R20, 7 inch rim",28636
78.71,1067.044,-1.61,67.18,-101.5,-0.01,-4.43,-4.25,0.03,0.0159,-0.6619,9.76,160122.98,7.78,93.54,-0.752,-0,-1,136.15,136.39,137.31,24.97,Cornering,"Hoosier 43075 16x7.5-10 R20, 7 inch rim",28637
78.7,1067.054,-1.82,63.27,-99,0.003,-4.38,-4.49,0.03,0.0184,-0.6391,9.77,160272.94,7.78,93.56,-0.702,-0,-1,136.04,136.39,137.25,25,Cornering,"Hoosier 43075 16x7.5-10 R20, 7 inch rim",28638
78.67,1067.064,-2.28,59.76,-97.37,-0.009,-4.1,-4.14,0.09,0.0235,-0.6137,9.76,44454.56,7.78,93.59,-0.643,-0,-0.9998,135.94,136.41,137.15,25.02,Cornering,"Hoosier 43075 16x7.5-10 R20, 7 inch rim",28639
78.71,1067.074,-3.69,56.02,-97.26,-0.003,-3.34,-3.92,0.09,0.0379,-0.576,9.77,44444.46,7.78,93.64,-0.609,-0,-0.9998,135.89,136.52,137.07,25.01,Cornering,"Hoosier 43075 16x7.5-10 R20, 7 inch rim",28640
