AmbientRoomTemperature,ElapsedTime,LongitudinalForce,LateralForce,NormalForce,InclinationAngle,OverturningMoment,AligningTorque,WheelRotationalSpeed,NormalizedLongitudinalForce(FX/FZ),NormalizedLateralForce(FY/FZ),TirePressure,EffectiveRadius,LoadedRadius,RoadSurfaceTemperature,SlipAngle,SlipRatioTextbook,SlipRatioBasedOnRL,TireSurfaceTemperature-Center,TireSurfaceTemperature-Inboard,TireSurfaceTemperature-Outboard,RoadSpeed,testid,tireid,Index
78.19,515.349,-7.39,-23.75,-149.05,2.009,-11.54,20,0.09,0.0496,0.1593,12.13,44360.7,7.76,91.35,0.391,-0,-0.9998,122.48,122.99,122.19,24.97,Cornering,"Hoosier 43075 16x7.5-10 R20, 7 inch rim",9977
78.23,515.359,-9.03,-28.97,-150.21,1.999,-12.52,19.68,0.03,0.0601,0.1929,12.03,160157.06,7.76,91.37,0.44,-0,-1,122.46,122.94,122.23,24.98,Cornering,"Hoosier 43075 16x7.5-10 R20, 7 inch rim",9978
78.21,515.369,-9.91,-34.31,-152.74,1.989,-12.85,19.19,0.09,0.0649,0.2246,11.95,44401.11,7.76,91.37,0.478,-0,-0.9998,122.44,122.9,122.23,24.99,Cornering,"Hoosier 43075 16x7.5-10 R20, 7 inch rim",9979
78.18,515.379,-9.59,-39.57,-155.04,2.008,-12.86,18.88,0.03,0.0618,0.2552,11.93,160377.17,7.76,91.36,0.523,-0,-1,122.46,122.92,122.25,25.01,Cornering,"Hoosier 43075 16x7.5-10 R20, 7 inch rim",9980
78.2,515.389,-8.63,-44.83,-155.77,2.011,-13.55,18.43,0.09,0.0554,0.2878,11.97,44451.72,7.76,91.35,0.566,-0,-0.9998,122.42,122.88,122.25,25.02,Cornering,"Hoosier 43075 16x7.5-10 R20, 7 inch rim",9981
78.23,515.399,-7.85,-49.27,-156,1.996,-12.21,17.28,-0.04,0.0503,0.3158,12.06,-99622.77,7.76,91.34,0.6,-0,-1.0001,122.31,122.88,122.17,25,Cornering,"Hoosier 43075 16x7.5-10 R20, 7 inch rim",9982
78.2,515.409,-6.63,-53.52,-154.04,2.001,-12.19,16.69,0.03,0.0431,0.3475,12.14,160185.83,7.76,91.37,0.661,-0,-1,122.29,122.83,122.15,24.98,Cornering,"Hoosier 43075 16x7.5-10 R20, 7 inch rim",9983
78.2,515.419,-6.42,-57.3,-151.95,2.004,-11.24,15.79,0.09,0.0423,0.3771,12.16,44367.83,7.76,91.37,0.696,-0,-0.9998,122.14,122.88,122.07,24.97,Cornering,"Hoosier 43075 16x7.5-10 R20, 7 inch rim",9984
78.22,515.429,-6.55,-60.79,-149.67,2.006,-11.01,15.84,-0.04,0.0438,0.4061,12.11,-99457.26,7.76,91.37,0.74,-0,-1.0001,122.05,122.81,121.99,24.96,Cornering,"Hoosier 43075 16x7.5-10 R20, 7 inch rim",9985
78.21,515.439,-7.24,-64.97,-148.82,1.996,-10.94,16.55,0.09,0.0486,0.4366,12.01,44346.17,7.76,91.35,0.777,-0,-0.9998,121.99,122.81,122.01,24.96,Cornering,"Hoosier 43075 16x7.5-10 R20, 7 inch rim",9986
78.19,515.449,-8.32,-68.85,-149.15,2.001,-9.91,17.86,0.03,0.0558,0.4616,11.94,159955.73,7.76,91.29,0.813,-0,-1,121.99,122.81,122.05,24.95,Cornering,"Hoosier 43075 16x7.5-10 R20, 7 inch rim",9987
78.2,515.459,-9.46,-73.47,-150.01,1.993,-10.13,19.3,0.03,0.0631,0.4898,11.92,159916.66,7.77,91.28,0.85,-0,-1,121.99,122.9,122.05,24.94,Cornering,"Hoosier 43075 16x7.5-10 R20, 7 inch rim",9988
78.22,515.469,-9.73,-78.59,-151.73,2.005,-11.03,21.22,0.03,0.0641,0.5179,11.98,159914.83,7.76,91.3,0.885,-0,-1,122.08,122.92,122.09,24.94,Cornering,"Hoosier 43075 16x7.5-10 R20, 7 inch rim",9989
78.2,515.479,-9.61,-83.64,-154.11,2.001,-11.38,22.53,0.09,0.0623,0.5427,12.05,44313.09,7.76,91.3,0.928,-0,-0.9998,122.08,122.83,122.15,24.94,Cornering,"Hoosier 43075 16x7.5-10 R20, 7 inch rim",9990
78.19,515.489,-8.85,-88.23,-156.31,2.002,-11.31,23.49,0.09,0.0566,0.5645,12.15,44312.46,7.76,91.32,0.968,-0,-0.9998,122.05,122.83,122.13,24.94,Cornering,"Hoosier 43075 16x7.5-10 R20, 7 inch rim",9991
78.21,515.499,-7.11,-92.38,-157.4,1.998,-11.83,24.21,0.09,0.0452,0.5869,12.17,44332.7,7.76,91.35,0.989,-0,-0.9998,122.12,122.85,122.13,24.96,Cornering,"Hoosier 43075 16x7.5-10 R20, 7 inch rim",9992
78.22,515.509,-4.93,-95.79,-157.72,2.004,-10.89,24.87,-0.04,0.0312,0.6074,12.12,-99493.95,7.76,91.35,1.024,-0,-1.0001,122.1,122.85,122.09,24.97,Cornering,"Hoosier 43075 16x7.5-10 R20, 7 inch rim",9993
78.19,515.519,-2.24,-98.81,-155.62,2.006,-10.86,25.83,-0.04,0.0144,0.6349,12.03,-99561.13,7.76,91.38,1.078,-0,-1.0001,122.05,122.83,122.05,24.98,Cornering,"Hoosier 43075 16x7.5-10 R20, 7 inch rim",9994
78.19,515.529,-0.53,-101.76,-153.55,1.99,-10.27,26.31,0.16,0.0034,0.6627,11.95,25766.24,7.77,91.43,1.108,-0,-0.9997,121.99,122.79,122.07,24.99,Cornering,"Hoosier 43075 16x7.5-10 R20, 7 inch rim",9995
78.22,515.539,0.05,-104.17,-151.13,1.998,-10.11,26.62,0.03,-0.0003,0.6893,11.92,160159.45,7.77,91.48,1.141,-0,-1,121.93,122.77,121.97,24.98,Cornering,"Hoosier 43075 16x7.5-10 R20, 7 inch rim",9996
78.2,515.549,-0.42,-107.18,-149.7,2.004,-9.82,27.01,0.03,0.0028,0.7159,11.98,160119.2,7.76,91.52,1.187,-0,-1,121.88,122.7,121.99,24.98,Cornering,"Hoosier 43075 16x7.5-10 R20, 7 inch rim",9997
78.18,515.559,-1.68,-110.56,-149.37,1.989,-9.77,27.56,0.09,0.0113,0.7402,12.06,44380.15,7.77,91.51,1.214,-0,-0.9998,121.9,122.7,121.99,24.98,Cornering,"Hoosier 43075 16x7.5-10 R20, 7 inch rim",9998
78.21,515.569,-3.41,-114.32,-150.44,2.012,-9.2,28.16,0.09,0.0227,0.7599,12.15,44368.81,7.76,91.52,1.267,-0,-0.9998,121.88,122.7,122.07,24.98,Cornering,"Hoosier 43075 16x7.5-10 R20, 7 inch rim",9999
78.22,515.579,-5.17,-118.45,-151.6,1.999,-9.5,28.41,0.16,0.0341,0.7813,12.17,25746.02,7.77,91.5,1.312,-0,-0.9997,121.99,122.68,122.13,24.97,Cornering,"Hoosier 43075 16x7.5-10 R20, 7 inch rim",10000
78.19,515.589,-6.32,-123.2,-153.63,1.998,-9.72,28.42,0.03,0.0411,0.8019,12.13,160107.86,7.77,91.47,1.343,-0,-1,121.95,122.63,122.13,24.98,Cornering,"Hoosier 43075 16x7.5-10 R20, 7 inch rim",10001
78.2,515.599,-7.2,-127.48,-155.26,1.987,-10.32,27.3,0.09,0.0463,0.821,12.07,44345.6,7.77,91.47,1.392,-0,-0.9998,121.95,122.61,122.13,24.97,Cornering,"Hoosier 43075 16x7.5-10 R20, 7 inch rim",10002
78.22,515.609,-6.59,-131.79,-157.5,2.002,-9.98,26.7,0.09,0.0419,0.8368,12,44354.98,7.77,91.47,1.433,-0,-0.9998,121.88,122.57,122.13,24.97,Cornering,"Hoosier 43075 16x7.5-10 R20, 7 inch rim",10003
78.21,515.619,-5.85,-135.49,-158.43,2.006,-9.36,25.37,0.09,0.0369,0.8552,11.98,44364.33,7.77,91.44,1.475,-0,-0.9998,121.88,122.61,122.13,24.98,Cornering,"Hoosier 43075 16x7.5-10 R20, 7 inch rim",10004
78.18,515.629,-4.05,-138.58,-157.55,1.993,-8.88,24.72,-0.04,0.0257,0.8796,12.03,-99495.02,7.77,91.45,1.511,-0,-1.0001,121.86,122.59,122.09,24.97,Cornering,"Hoosier 43075 16x7.5-10 R20, 7 inch rim",10005
78.2,515.639,-2.76,-141.15,-154.68,1.998,-9.39,24.13,0.09,0.0179,0.9125,12.11,44352.29,7.77,91.42,1.549,-0,-0.9998,121.82,122.59,122.07,24.97,Cornering,"Hoosier 43075 16x7.5-10 R20, 7 inch rim",10006
78.22,515.649,-2.12,-143.39,-152.17,1.996,-9.51,23.9,-0.04,0.0139,0.9423,12.16,-99468.09,7.77,91.4,1.582,-0,-1.0001,121.71,122.55,122.01,24.97,Cornering,"Hoosier 43075 16x7.5-10 R20, 7 inch rim",10007
78.2,515.659,-2.81,-145.3,-150.68,1.999,-8.87,23.7,0.09,0.0186,0.9643,12.17,44329.62,7.77,91.39,1.634,-0,-0.9998,121.67,122.57,122.01,24.96,Cornering,"Hoosier 43075 16x7.5-10 R20, 7 inch rim",10008
78.19,515.669,-4.01,-147.97,-149.6,1.999,-9.08,24.1,0.16,0.0268,0.9891,12.13,25717.35,7.77,91.37,1.667,-0,-0.9997,121.67,122.52,122.01,24.95,Cornering,"Hoosier 43075 16x7.5-10 R20, 7 inch rim",10009
78.22,515.679,-5.53,-150.91,-149.82,2.001,-8.5,24.86,0.09,0.0369,1.0073,12.05,44317.54,7.77,91.38,1.704,-0,-0.9998,121.67,122.57,122.09,24.96,Cornering,"Hoosier 43075 16x7.5-10 R20, 7 inch rim",10010
78.21,515.689,-6.89,-154.63,-150.84,2.006,-8.59,25.78,0.03,0.0457,1.0251,11.99,159960.88,7.77,91.4,1.754,-0,-1,121.69,122.61,122.15,24.96,Cornering,"Hoosier 43075 16x7.5-10 R20, 7 inch rim",10011
78.19,515.699,-7.44,-158.87,-153.1,1.992,-7.9,26.91,0.03,0.0486,1.0377,11.98,159995.23,7.77,91.4,1.783,-0,-1,121.67,122.61,122.15,24.97,Cornering,"Hoosier 43075 16x7.5-10 R20, 7 inch rim",10012
78.2,515.709,-7.61,-163.38,-154.44,2.005,-8.96,27.08,0.03,0.0493,1.0579,12.03,159954.12,7.77,91.4,1.823,-0,-1,121.6,122.59,122.19,24.96,Cornering,"Hoosier 43075 16x7.5-10 R20, 7 inch rim",10013
78.23,515.719,-6.52,-167.8,-156.57,1.999,-8.44,27.35,0.09,0.0417,1.0717,12.13,44323.68,7.77,91.38,1.857,-0,-0.9998,121.56,122.66,122.23,24.96,Cornering,"Hoosier 43075 16x7.5-10 R20, 7 inch rim",10014
78.2,515.729,-4.89,-171.19,-157.04,1.998,-8.17,27.22,0.03,0.0312,1.0901,12.17,159835.88,7.77,91.4,1.89,-0,-1,121.5,122.72,122.21,24.94,Cornering,"Hoosier 43075 16x7.5-10 R20, 7 inch rim",10015
78.19,515.739,-2.95,-174.35,-156.15,2.009,-8.29,27.13,0.16,0.0189,1.1166,12.18,25706.93,7.77,91.41,1.946,-0,-0.9997,121.45,122.74,122.23,24.94,Cornering,"Hoosier 43075 16x7.5-10 R20, 7 inch rim",10016
78.22,515.749,-0.83,-175.77,-153.85,1.998,-7.92,27.27,0.16,0.0054,1.1425,12.12,25700.35,7.77,91.44,1.982,-0,-0.9997,121.43,122.68,122.21,24.94,Cornering,"Hoosier 43075 16x7.5-10 R20, 7 inch rim",10017
78.22,515.759,0.58,-176.99,-150.73,2.015,-8.62,27.46,0.16,-0.0039,1.1742,12.03,25717.36,7.77,91.46,2.033,-0,-0.9997,121.32,122.61,122.25,24.96,Cornering,"Hoosier 43075 16x7.5-10 R20, 7 inch rim",10018
78.18,515.769,0.72,-177.03,-147.6,1.998,-8.7,27.34,0.09,-0.0049,1.1994,11.94,44337.73,7.77,91.52,2.078,-0,-0.9998,121.3,122.63,122.19,24.97,Cornering,"Hoosier 43075 16x7.5-10 R20, 7 inch rim",10019
78.2,515.779,-0.05,-177.85,-146.21,2.002,-7.61,27.63,0.09,0.0004,1.2164,11.94,44357.05,7.77,91.57,2.118,-0,-0.9998,121.26,122.63,122.23,24.98,Cornering,"Hoosier 43075 16x7.5-10 R20, 7 inch rim",10020
78.23,515.789,-2.17,-179.42,-145.24,1.999,-7.45,27.41,0.03,0.0149,1.2353,11.98,159916.61,7.77,91.6,2.169,-0,-1,121.3,122.66,122.29,24.96,Cornering,"Hoosier 43075 16x7.5-10 R20, 7 inch rim",10021
78.2,515.799,-4.13,-182.48,-146.18,1.993,-6.75,27.62,0.16,0.0282,1.2484,12.06,25702.21,7.78,91.55,2.208,-0,-0.9997,121.28,122.68,122.33,24.94,Cornering,"Hoosier 43075 16x7.5-10 R20, 7 inch rim",10022
78.19,515.809,-5.7,-186.01,-147.84,1.996,-6.08,27.66,0.16,0.0385,1.2582,12.12,25695.38,7.77,91.55,2.252,-0,-0.9997,121.3,122.72,122.41,24.94,Cornering,"Hoosier 43075 16x7.5-10 R20, 7 inch rim",10023
78.21,515.819,-6.56,-190.45,-149.3,1.986,-7,27.38,0.09,0.0439,1.2756,12.13,44238.18,7.78,91.54,2.291,-0,-0.9998,121.37,122.74,122.43,24.92,Cornering,"Hoosier 43075 16x7.5-10 R20, 7 inch rim",10024
78.22,515.829,-6.38,-194.66,-151.14,2.011,-7.23,27.14,0.03,0.0422,1.288,12.09,159636.84,7.77,91.56,2.334,-0,-1,121.39,122.72,122.47,24.92,Cornering,"Hoosier 43075 16x7.5-10 R20, 7 inch rim",10025
78.19,515.839,-5.4,-198.47,-152.21,1.998,-7.53,26.52,0.03,0.0355,1.3039,12.02,159743.02,7.78,91.57,2.375,-0,-1,121.35,122.7,122.49,24.94,Cornering,"Hoosier 43075 16x7.5-10 R20, 7 inch rim",10026
78.2,515.849,-4.01,-201.57,-152.26,1.999,-7.64,25.62,0.03,0.0263,1.3239,11.97,159926.09,7.78,91.58,2.395,-0,-1,121.35,122.77,122.49,24.97,Cornering,"Hoosier 43075 16x7.5-10 R20, 7 inch rim",10027
78.22,515.859,-2.95,-202.91,-150.09,2.011,-8.3,24.46,0.16,0.0196,1.3519,12,25727.22,7.77,91.62,2.45,-0,-0.9997,121.35,122.81,122.47,24.97,Cornering,"Hoosier 43075 16x7.5-10 R20, 7 inch rim",10028
78.21,515.869,-1.72,-202.95,-147.66,2.004,-7.81,23.88,0.09,0.0117,1.3745,12.08,44324.43,7.77,91.62,2.471,-0,-0.9998,121.35,122.81,122.41,24.97,Cornering,"Hoosier 43075 16x7.5-10 R20, 7 inch rim",10029
78.18,515.879,-1.3,-202.2,-145.05,1.992,-6.95,23.53,0.09,0.009,1.394,12.17,44292.2,7.78,91.6,2.509,-0,-0.9998,121.32,122.77,122.37,24.96,Cornering,"Hoosier 43075 16x7.5-10 R20, 7 inch rim",10030
78.2,515.889,-1.87,-201.81,-143.05,2.001,-6.31,23.76,0.16,0.013,1.4108,12.17,25701.26,7.78,91.59,2.547,-0,-0.9997,121.22,122.79,122.33,24.95,Cornering,"Hoosier 43075 16x7.5-10 R20, 7 inch rim",10031
78.21,515.899,-3.32,-202.32,-142.19,2.006,-5.59,24.22,0.03,0.0233,1.4229,12.15,159752.59,7.77,91.6,2.584,-0,-1,121.32,122.85,122.33,24.94,Cornering,"Hoosier 43075 16x7.5-10 R20, 7 inch rim",10032
78.19,515.909,-4.92,-204.42,-143.31,1.996,-4.19,25.12,0.09,0.0343,1.4264,12.06,44257.14,7.78,91.6,2.62,-0,-0.9998,121.39,122.88,122.41,24.94,Cornering,"Hoosier 43075 16x7.5-10 R20, 7 inch rim",10033
78.19,515.919,-6.16,-208.56,-144.57,1.987,-4.97,26.22,0.16,0.0426,1.4426,12,25675.03,7.78,91.59,2.653,-0,-0.9997,121.43,122.9,122.47,24.93,Cornering,"Hoosier 43075 16x7.5-10 R20, 7 inch rim",10034
78.22,515.929,-6.08,-213.17,-146.51,1.987,-5.6,27.95,0.09,0.0415,1.455,11.98,44264.87,7.78,91.56,2.686,-0,-0.9998,121.43,122.9,122.49,24.94,Cornering,"Hoosier 43075 16x7.5-10 R20, 7 inch rim",10035
78.2,515.939,-4.93,-218.01,-148.48,2.012,-6.89,29.6,0.09,0.0332,1.4683,12.03,44283.57,7.77,91.56,2.733,-0,-0.9998,121.5,122.88,122.49,24.96,Cornering,"Hoosier 43075 16x7.5-10 R20, 7 inch rim",10036
78.18,515.949,-2.85,-222.41,-150.04,1.99,-7.45,30.74,-0.04,0.019,1.4823,12.11,-99381.73,7.78,91.55,2.769,-0,-1.0001,121.52,122.9,122.56,24.97,Cornering,"Hoosier 43075 16x7.5-10 R20, 7 inch rim",10037
78.2,515.959,-1.26,-225.06,-150.03,1.996,-7.76,30.41,0.03,0.0084,1.5001,12.22,159981.67,7.78,91.56,2.801,-0,-1,121.56,122.92,122.62,24.98,Cornering,"Hoosier 43075 16x7.5-10 R20, 7 inch rim",10038
78.23,515.969,0.17,-226.19,-148.38,1.993,-8.12,29.59,0.03,-0.0011,1.5243,12.25,159974.66,7.78,91.54,2.848,-0,-1,121.58,122.96,122.6,24.98,Cornering,"Hoosier 43075 16x7.5-10 R20, 7 inch rim",10039
78.2,515.979,1.55,-225.47,-146.08,1.995,-7.49,28.86,0.09,-0.0106,1.5434,12.2,44349.45,7.78,91.52,2.882,-0,-0.9998,121.58,122.99,122.62,25,Cornering,"Hoosier 43075 16x7.5-10 R20, 7 inch rim",10040
78.19,515.989,2.16,-223.39,-143.31,2.006,-6.09,28.31,0.03,-0.015,1.5588,12.11,160000.02,7.77,91.51,2.925,-0,-1,121.52,122.96,122.64,24.99,Cornering,"Hoosier 43075 16x7.5-10 R20, 7 inch rim",10041
78.22,515.999,2.18,-222.21,-140.65,2.001,-6.29,28.19,0.09,-0.0155,1.5798,12.01,44355.77,7.78,91.52,2.975,-0,-0.9998,121.47,122.92,122.68,25,Cornering,"Hoosier 43075 16x7.5-10 R20, 7 inch rim",10042
78.21,516.009,0.86,-222.38,-140.58,2.009,-4.41,28.28,0.09,-0.0061,1.5819,12,44415.28,7.77,91.53,3.025,-0,-0.9998,121.5,122.94,122.72,25.04,Cornering,"Hoosier 43075 16x7.5-10 R20, 7 inch rim",10043
78.18,516.019,-1.4,-224.38,-140.61,2.002,-4.01,27.89,0.03,0.01,1.5957,12.03,160311.91,7.78,91.55,3.066,-0,-1,121.58,122.96,122.84,25.04,Cornering,"Hoosier 43075 16x7.5-10 R20, 7 inch rim",10044
78.2,516.029,-3.82,-228.2,-141.7,1.992,-4.63,27.38,0.09,0.0269,1.6104,12.12,44431.62,7.78,91.53,3.12,-0,-0.9998,121.67,123.03,122.88,25.05,Cornering,"Hoosier 43075 16x7.5-10 R20, 7 inch rim",10045
78.22,516.039,-5.77,-233.48,-143.37,2.005,-6.04,26.84,0.03,0.0403,1.6286,12.2,160185.67,7.77,91.56,3.157,-0,-1,121.69,123.03,122.94,25.03,Cornering,"Hoosier 43075 16x7.5-10 R20, 7 inch rim",10046
78.2,516.049,-6.12,-238.5,-145.37,1.987,-6.61,26.56,0.03,0.0421,1.6406,12.23,160067.22,7.78,91.57,3.2,-0,-1,121.71,123.03,122.9,25.01,Cornering,"Hoosier 43075 16x7.5-10 R20, 7 inch rim",10047
78.19,516.059,-5.64,-243.13,-147.18,1.993,-7.19,26.02,0.03,0.0383,1.6519,12.19,159984.83,7.78,91.59,3.249,-0,-1,121.73,123.03,122.92,25,Cornering,"Hoosier 43075 16x7.5-10 R20, 7 inch rim",10048
78.21,516.069,-4.54,-246.22,-147.7,1.996,-7.59,25.05,0.03,0.0307,1.6671,12.11,160015.83,7.78,91.61,3.285,-0,-1,121.8,123.1,122.92,25,Cornering,"Hoosier 43075 16x7.5-10 R20, 7 inch rim",10049
78.22,516.079,-3.52,-246.72,-146.06,1.995,-7.48,23.63,0.16,0.0241,1.6892,12.03,25753.4,7.78,91.58,3.332,-0,-0.9997,121.73,123.14,122.9,25.02,Cornering,"Hoosier 43075 16x7.5-10 R20, 7 inch rim",10050
78.18,516.089,-2.94,-245.55,-144.42,2.008,-6.57,21.72,0.03,0.0203,1.7003,12.01,160262.08,7.77,91.56,3.362,-0,-1,121.77,123.18,122.84,25.04,Cornering,"Hoosier 43075 16x7.5-10 R20, 7 inch rim",10051
78.2,516.099,-2.24,-243.11,-141.27,1.993,-6.17,20.76,0.09,0.0159,1.7209,12.02,44428.57,7.78,91.55,3.402,-0,-0.9998,121.8,123.25,122.82,25.05,Cornering,"Hoosier 43075 16x7.5-10 R20, 7 inch rim",10052
78.23,516.109,-2.06,-241.03,-138.82,2.005,-5.36,20.53,0.03,0.0148,1.7363,12.11,160282.91,7.77,91.5,3.454,-0,-1,121.69,123.27,122.78,25.05,Cornering,"Hoosier 43075 16x7.5-10 R20, 7 inch rim",10053
78.2,516.119,-2.58,-240.27,-137.38,1.996,-4.61,21.11,0.16,0.0188,1.7489,12.18,25779.35,7.77,91.48,3.468,-0,-0.9997,121.67,123.36,122.82,25.05,Cornering,"Hoosier 43075 16x7.5-10 R20, 7 inch rim",10054
78.19,516.129,-3.35,-241.7,-137.76,2.012,-3.98,22.6,-0.04,0.0243,1.7545,12.19,-99559.38,7.77,91.49,3.514,-0,-1.0001,121.75,123.36,122.9,25.03,Cornering,"Hoosier 43075 16x7.5-10 R20, 7 inch rim",10055
78.21,516.139,-4.88,-245.07,-139.11,2.008,-3.67,23.65,0.09,0.0351,1.7617,12.18,44359.74,7.77,91.49,3.545,-0,-0.9998,121.82,123.43,123,25.02,Cornering,"Hoosier 43075 16x7.5-10 R20, 7 inch rim",10056
78.22,516.149,-5.49,-250.13,-140.8,1.999,-4.63,25.32,0.03,0.039,1.7765,12.09,159849.02,7.78,91.46,3.595,-0,-1,121.86,123.47,123.1,24.98,Cornering,"Hoosier 43075 16x7.5-10 R20, 7 inch rim",10057
78.19,516.159,-5.52,-255.52,-143.25,2.005,-5.42,26.53,0.03,0.0385,1.7837,12.03,159881,7.77,91.48,3.622,-0,-1,121.84,123.51,123.12,24.99,Cornering,"Hoosier 43075 16x7.5-10 R20, 7 inch rim",10058
78.2,516.169,-4.17,-259.74,-145.41,1.986,-5.21,27.75,-0.04,0.0287,1.7862,12,-99358.25,7.78,91.5,3.658,-0,-1.0001,121.97,123.49,123.2,24.98,Cornering,"Hoosier 43075 16x7.5-10 R20, 7 inch rim",10059
78.22,516.179,-1.6,-262.68,-146.7,1.996,-5.38,29,0.09,0.0109,1.7906,12.04,44269.57,7.77,91.53,3.698,-0,-0.9998,121.99,123.54,123.22,24.97,Cornering,"Hoosier 43075 16x7.5-10 R20, 7 inch rim",10060
78.2,516.189,0.58,-263.32,-145.37,1.989,-5.96,29.15,0.16,-0.004,1.8114,12.1,25687.63,7.77,91.55,3.741,-0,-0.9997,122.03,123.51,123.26,24.97,Cornering,"Hoosier 43075 16x7.5-10 R20, 7 inch rim",10061
78.19,516.199,1.83,-261.99,-144.02,2.002,-5.32,28.21,0.16,-0.0127,1.8191,12.14,25674.86,7.77,91.57,3.769,-0,-0.9997,121.99,123.54,123.26,24.96,Cornering,"Hoosier 43075 16x7.5-10 R20, 7 inch rim",10062
78.21,516.209,2.56,-259.43,-141.37,2.005,-4.99,27.21,0.09,-0.0181,1.8351,12.12,44232.43,7.77,91.57,3.816,-0,-0.9998,122.01,123.54,123.26,24.96,Cornering,"Hoosier 43075 16x7.5-10 R20, 7 inch rim",10063
78.22,516.219,3.11,-257.01,-139.21,2.008,-4.4,27.02,0.16,-0.0223,1.8462,12.08,25665.86,7.77,91.58,3.864,-0,-0.9997,121.99,123.56,123.26,24.95,Cornering,"Hoosier 43075 16x7.5-10 R20, 7 inch rim",10064
78.19,516.229,2.35,-255.94,-137.37,1.995,-4.26,26.8,-0.04,-0.0171,1.8631,12,-99191.15,7.77,91.55,3.896,-0,-1.0001,121.95,123.6,123.24,24.95,Cornering,"Hoosier 43075 16x7.5-10 R20, 7 inch rim",10065
78.19,516.239,0.96,-257.03,-137.03,1.995,-3.8,27.36,0.16,-0.007,1.8757,11.97,25657.58,7.77,91.54,3.936,-0,-0.9997,122.01,123.6,123.32,24.94,Cornering,"Hoosier 43075 16x7.5-10 R20, 7 inch rim",10066
78.21,516.249,-0.99,-260.61,-137.34,1.996,-4.9,27.6,0.03,0.0072,1.8976,11.98,159589.19,7.77,91.54,3.976,-0,-1,122.1,123.65,123.4,24.96,Cornering,"Hoosier 43075 16x7.5-10 R20, 7 inch rim",10067
78.21,516.259,-2.56,-265.69,-139.49,2.001,-5.07,28.28,0.23,0.0183,1.9047,12.06,18088.83,7.77,91.54,4.023,-0,-0.9996,122.18,123.69,123.49,24.97,Cornering,"Hoosier 43075 16x7.5-10 R20, 7 inch rim",10068
78.18,516.269,-4.01,-270.42,-141.9,1.996,-4.46,28.01,0.09,0.0283,1.9058,12.13,44218.34,7.77,91.52,4.066,-0,-0.9998,122.2,123.67,123.57,24.96,Cornering,"Hoosier 43075 16x7.5-10 R20, 7 inch rim",10069
78.2,516.279,-4.76,-275.35,-144.54,2.008,-4.61,27.21,0.09,0.0329,1.905,12.15,44195.89,7.76,91.49,4.099,-0,-0.9998,122.29,123.65,123.67,24.94,Cornering,"Hoosier 43075 16x7.5-10 R20, 7 inch rim",10070
78.22,516.289,-4.44,-278.98,-146.13,1.995,-4.57,26.13,0.09,0.0304,1.9092,12.11,44182.6,7.76,91.5,4.151,-0,-0.9998,122.31,123.67,123.71,24.94,Cornering,"Hoosier 43075 16x7.5-10 R20, 7 inch rim",10071
78.2,516.299,-3.91,-280.49,-146.83,1.992,-3.79,24.39,0.09,0.0266,1.9104,12.06,44170.89,7.77,91.45,4.175,-0,-0.9998,122.33,123.71,123.75,24.93,Cornering,"Hoosier 43075 16x7.5-10 R20, 7 inch rim",10072
78.19,516.309,-2.16,-279.77,-145.86,2.004,-3.62,23.77,-0.04,0.0148,1.9181,11.99,-99147.47,7.76,91.46,4.232,-0,-1.0001,122.27,123.69,123.75,24.95,Cornering,"Hoosier 43075 16x7.5-10 R20, 7 inch rim",10073
78.22,516.319,-1.48,-278.13,-144.21,2.008,-4.09,22.35,0.16,0.0102,1.9287,11.96,25688.15,7.76,91.47,4.265,-0,-0.9997,122.25,123.71,123.75,24.98,Cornering,"Hoosier 43075 16x7.5-10 R20, 7 inch rim",10074
78.21,516.329,-0.27,-276.04,-140.93,2.004,-5.69,22.26,0.16,0.0019,1.9588,12,25716.83,7.76,91.49,4.297,-0,-0.9997,122.25,123.78,123.73,25.01,Cornering,"Hoosier 43075 16x7.5-10 R20, 7 inch rim",10075
78.18,516.339,-0.34,-274.71,-138.55,2.001,-6.03,22.12,0.03,0.0024,1.9828,12.07,159955.83,7.76,91.51,4.341,-0,-1,122.25,123.78,123.75,25.03,Cornering,"Hoosier 43075 16x7.5-10 R20, 7 inch rim",10076
78.2,516.349,-1.26,-275.05,-137.61,2.004,-5.67,22.78,0.09,0.0092,1.9988,12.17,44301.55,7.76,91.51,4.39,-0,-0.9998,122.31,123.8,123.83,25.01,Cornering,"Hoosier 43075 16x7.5-10 R20, 7 inch rim",10077
78.22,516.359,-2.52,-277.38,-137.59,2.004,-5.17,23.91,0.3,0.0183,2.016,12.21,13973.94,7.76,91.56,4.424,-0,-0.9994,122.44,123.84,123.89,25,Cornering,"Hoosier 43075 16x7.5-10 R20, 7 inch rim",10078
78.2,516.369,-3.63,-281.32,-139.77,1.995,-4,25.25,0.03,0.026,2.0128,12.18,159558.56,7.76,91.63,4.46,-0,-1,122.57,123.89,124.01,24.97,Cornering,"Hoosier 43075 16x7.5-10 R20, 7 inch rim",10079
78.19,516.379,-4.2,-286.25,-141.86,1.999,-3.78,26.56,0.09,0.0296,2.0178,12.12,44201.66,7.76,91.67,4.509,-0,-0.9998,122.65,123.91,124.07,24.96,Cornering,"Hoosier 43075 16x7.5-10 R20, 7 inch rim",10080
78.21,516.389,-4.01,-291.12,-144.55,1.995,-3.65,27.37,0.03,0.0277,2.014,12.05,159466.7,7.76,91.73,4.537,-0,-1,122.7,123.91,124.13,24.96,Cornering,"Hoosier 43075 16x7.5-10 R20, 7 inch rim",10081
78.21,516.399,-3.23,-295.88,-146.72,1.996,-4.28,27.39,0.09,0.022,2.0166,11.98,44175.7,7.76,91.74,4.593,-0,-0.9998,122.74,123.91,124.15,24.95,Cornering,"Hoosier 43075 16x7.5-10 R20, 7 inch rim",10082
78.19,516.409,-1.95,-298.64,-148.34,2.001,-4.12,26.78,0.03,0.0131,2.0132,11.98,159483.97,7.76,91.72,4.622,-0,-1,122.78,123.91,124.29,24.96,Cornering,"Hoosier 43075 16x7.5-10 R20, 7 inch rim",10083
78.2,516.419,-0.56,-299.12,-147.73,1.999,-5.08,25.72,0.16,0.0038,2.0247,12.06,25637.17,7.76,91.7,4.679,-0,-0.9997,122.83,123.93,124.33,24.95,Cornering,"Hoosier 43075 16x7.5-10 R20, 7 inch rim",10084
78.22,516.429,0.15,-297.28,-146.7,1.999,-4.81,24.19,0.23,-0.001,2.0265,12.15,18062.59,7.76,91.67,4.726,-0,-0.9996,122.8,123.95,124.35,24.96,Cornering,"Hoosier 43075 16x7.5-10 R20, 7 inch rim",10085
78.2,516.439,1.09,-294.27,-143.72,2.004,-5.18,23.44,0.03,-0.0076,2.0475,12.19,159449.67,7.76,91.63,4.765,-0,-1,122.83,123.95,124.29,24.96,Cornering,"Hoosier 43075 16x7.5-10 R20, 7 inch rim",10086
78.18,516.449,1,-291.36,-140.98,1.99,-5.35,22.92,-0.04,-0.0071,2.0667,12.17,-99159.06,7.76,91.6,4.794,-0,-1.0001,122.8,123.98,124.33,24.97,Cornering,"Hoosier 43075 16x7.5-10 R20, 7 inch rim",10087
78.21,516.459,0.24,-290.06,-138.99,2.004,-4.64,23.12,0.03,-0.0017,2.0869,12.13,159543.92,7.75,91.62,4.834,-0,-1,122.85,124,124.35,24.98,Cornering,"Hoosier 43075 16x7.5-10 R20, 7 inch rim",10088
78.22,516.469,-1.49,-291.26,-138.97,1.995,-3.42,23.48,0.03,0.0107,2.0959,12.05,159458.19,7.75,91.61,4.881,-0,-1,122.87,124.11,124.41,24.97,Cornering,"Hoosier 43075 16x7.5-10 R20, 7 inch rim",10089
78.2,516.479,-3.16,-294.53,-139.92,2.005,-2.68,24.14,0.09,0.0226,2.1049,12,44183.84,7.75,91.61,4.93,-0,-0.9998,123.02,124.13,124.54,24.97,Cornering,"Hoosier 43075 16x7.5-10 R20, 7 inch rim",10090
78.19,516.489,-4.4,-299.14,-141.48,2.004,-3.29,24.96,0.09,0.0311,2.1145,12.03,44202.25,7.75,91.66,4.96,-0,-0.9998,123.17,124.11,124.6,24.98,Cornering,"Hoosier 43075 16x7.5-10 R20, 7 inch rim",10091
78.22,516.499,-5.1,-304.62,-144.79,1.998,-3.09,25.16,0.16,0.0352,2.1039,12.11,25665.95,7.75,91.71,5.004,-0,-0.9997,123.23,124.13,124.66,24.99,Cornering,"Hoosier 43075 16x7.5-10 R20, 7 inch rim",10092
78.21,516.509,-4.67,-309.51,-147.63,1.998,-3.46,25.31,0.09,0.0316,2.0966,12.17,44238.02,7.75,91.73,5.034,-0,-0.9998,123.3,124.13,124.72,25,Cornering,"Hoosier 43075 16x7.5-10 R20, 7 inch rim",10093
78.18,516.519,-3.82,-312.74,-148.77,1.996,-4.28,24.48,0.09,0.0257,2.1021,12.17,44204.09,7.75,91.75,5.079,-0,-0.9998,123.34,124.09,124.76,24.98,Cornering,"Hoosier 43075 16x7.5-10 R20, 7 inch rim",10094
78.2,516.529,-2.4,-313.98,-149.14,2.001,-4.91,23.67,-0.04,0.0161,2.1053,12.14,-99039.29,7.75,91.76,5.117,-0,-1.0001,123.34,124.09,124.82,24.96,Cornering,"Hoosier 43075 16x7.5-10 R20, 7 inch rim",10095
78.23,516.539,-0.45,-312.14,-148.17,2.002,-4.81,23.24,0.03,0.003,2.1067,12.05,159128.59,7.75,91.75,5.157,-0,-1,123.3,124.13,124.84,24.93,Cornering,"Hoosier 43075 16x7.5-10 R20, 7 inch rim",10096
78.19,516.549,0.67,-308.65,-145.96,2.006,-4.74,22.53,0.03,-0.0046,2.1145,11.97,159153.19,7.75,91.73,5.205,-0,-1,123.34,124.22,124.78,24.93,Cornering,"Hoosier 43075 16x7.5-10 R20, 7 inch rim",10097
78.2,516.559,1.11,-304.98,-142.76,1.998,-4.75,22.24,0.03,-0.0078,2.1364,11.96,159218.83,7.75,91.72,5.236,-0,-1,123.36,124.22,124.76,24.94,Cornering,"Hoosier 43075 16x7.5-10 R20, 7 inch rim",10098
78.22,516.569,0.71,-302.7,-140.83,1.998,-3.79,22.46,0.16,-0.005,2.1494,12,25648.8,7.75,91.69,5.271,-0,-0.9997,123.32,124.22,124.76,24.98,Cornering,"Hoosier 43075 16x7.5-10 R20, 7 inch rim",10099
78.21,516.579,-0.19,-302.72,-140.09,1.998,-2.48,23.32,-0.04,0.0013,2.1608,12.11,-99213.48,7.75,91.69,5.316,-0,-1.0001,123.38,124.31,124.82,25.01,Cornering,"Hoosier 43075 16x7.5-10 R20, 7 inch rim",10100
78.18,516.589,-1.75,-305.04,-140.59,2.002,-1.57,24.18,0.16,0.0125,2.1698,12.18,25657.35,7.75,91.67,5.348,-0,-0.9997,123.51,124.39,124.88,25,Cornering,"Hoosier 43075 16x7.5-10 R20, 7 inch rim",10101
78.2,516.599,-2.74,-309.18,-142.07,1.998,-1.63,25.46,0.09,0.0193,2.1763,12.2,44170.83,7.75,91.72,5.391,-0,-0.9998,123.6,124.46,124.94,24.98,Cornering,"Hoosier 43075 16x7.5-10 R20, 7 inch rim",10102
78.23,516.609,-3.71,-314.11,-143.84,1.999,-2.5,25.83,0.03,0.0258,2.1837,12.17,159279.48,7.75,91.72,5.422,-0,-1,123.66,124.5,125.02,24.96,Cornering,"Hoosier 43075 16x7.5-10 R20, 7 inch rim",10103
78.19,516.619,-3.37,-319.64,-146.49,2.001,-3.41,26.28,0.09,0.023,2.182,12.09,44123.83,7.75,91.72,5.47,-0,-0.9998,123.71,124.53,125.06,24.96,Cornering,"Hoosier 43075 16x7.5-10 R20, 7 inch rim",10104
78.19,516.629,-2.72,-323.63,-148.63,2.006,-4.01,25.75,0.09,0.0183,2.1774,12,44109.82,7.74,91.72,5.518,-0,-0.9998,123.79,124.57,125.12,24.95,Cornering,"Hoosier 43075 16x7.5-10 R20, 7 inch rim",10105
78.21,516.639,-1.45,-324.99,-149.26,1.999,-4.5,24.76,0.09,0.0097,2.1773,11.98,44076.64,7.74,91.71,5.55,-0,-0.9998,123.88,124.61,125.14,24.93,Cornering,"Hoosier 43075 16x7.5-10 R20, 7 inch rim",10106
78.21,516.649,-0.75,-324.2,-149.03,1.996,-4.45,23.01,0.09,0.0051,2.1754,12,44073.4,7.75,91.7,5.591,-0,-0.9998,123.88,124.66,125.2,24.93,Cornering,"Hoosier 43075 16x7.5-10 R20, 7 inch rim",10107
78.17,516.659,0.15,-320.39,-146.88,1.999,-4.24,21.72,0.16,-0.001,2.1813,12.08,25579.11,7.74,91.74,5.634,-0,-0.9997,123.86,124.72,125.24,24.93,Cornering,"Hoosier 43075 16x7.5-10 R20, 7 inch rim",10108
78.2,516.669,0.97,-316.25,-144.34,1.998,-3.18,21.23,0.16,-0.0067,2.191,12.19,25582.88,7.74,91.74,5.681,-0,-0.9997,123.83,124.75,125.2,24.94,Cornering,"Hoosier 43075 16x7.5-10 R20, 7 inch rim",10109
78.23,516.679,0.88,-313.23,-141.24,1.996,-3.22,21.07,0.09,-0.0063,2.2178,12.25,44064.91,7.74,91.77,5.699,-0,-0.9998,123.88,124.81,125.24,24.93,Cornering,"Hoosier 43075 16x7.5-10 R20, 7 inch rim",10110
78.21,516.689,-0.51,-312.31,-140.11,1.993,-1.96,20.97,0.09,0.0036,2.229,12.22,44049.84,7.74,91.76,5.759,-0,-0.9998,123.9,124.88,125.28,24.93,Cornering,"Hoosier 43075 16x7.5-10 R20, 7 inch rim",10111
78.18,516.699,-2.1,-314.04,-140.25,2.002,-0.64,21.64,0.03,0.015,2.2391,12.16,158952.88,7.74,91.79,5.792,-0,-1,124.01,124.9,125.32,24.93,Cornering,"Hoosier 43075 16x7.5-10 R20, 7 inch rim",10112
78.21,516.709,-3.75,-317.89,-141.45,2.002,-0.83,22.47,0.09,0.0265,2.2474,12.07,44064.05,7.74,91.83,5.836,-0,-0.9998,124.16,124.97,125.4,24.94,Cornering,"Hoosier 43075 16x7.5-10 R20, 7 inch rim",10113
78.21,516.719,-4.78,-323.74,-143.64,2.002,-1.83,23.35,0.03,0.0333,2.2538,11.99,159114.47,7.74,91.82,5.87,-0,-1,124.29,124.99,125.47,24.96,Cornering,"Hoosier 43075 16x7.5-10 R20, 7 inch rim",10114
78.19,516.729,-4.73,-329.6,-146.33,2.011,-3.07,24.08,-0.04,0.0323,2.2524,11.99,-98900.25,7.74,91.82,5.918,-0,-1.0001,124.37,124.99,125.51,24.96,Cornering,"Hoosier 43075 16x7.5-10 R20, 7 inch rim",10115
78.2,516.739,-3.73,-334.78,-149.18,2.005,-3.84,24.33,0.09,0.025,2.2442,12.04,44116.41,7.74,91.87,5.946,-0,-0.9998,124.48,125.1,125.55,24.97,Cornering,"Hoosier 43075 16x7.5-10 R20, 7 inch rim",10116
78.22,516.749,-2.65,-337.51,-150.14,1.992,-4.53,23.6,0.09,0.0176,2.2481,12.14,44101.98,7.74,91.92,5.996,-0,-0.9998,124.52,125.08,125.59,24.97,Cornering,"Hoosier 43075 16x7.5-10 R20, 7 inch rim",10117
78.2,516.759,-1.06,-336.71,-150.15,1.985,-3.95,22.77,0.09,0.007,2.2425,12.19,44109.45,7.74,91.97,6.029,-0,-0.9998,124.59,125.08,125.65,24.97,Cornering,"Hoosier 43075 16x7.5-10 R20, 7 inch rim",10118
78.18,516.769,0.04,-333.23,-148.58,2.004,-3.67,21.58,0.03,-0.0003,2.2428,12.2,159127.48,7.74,92,6.072,-0,-1,124.56,125.14,125.63,24.97,Cornering,"Hoosier 43075 16x7.5-10 R20, 7 inch rim",10119
78.21,516.779,1.17,-328.29,-145.95,1.993,-2.59,21.01,0.23,-0.008,2.2494,12.15,18019.61,7.74,92.01,6.108,-0,-0.9996,124.54,125.16,125.65,24.96,Cornering,"Hoosier 43075 16x7.5-10 R20, 7 inch rim",10120
78.23,516.789,1.36,-324.04,-142.8,1.995,-2.12,20.61,0.09,-0.0095,2.2692,12.07,44078.97,7.74,92.02,6.147,-0,-0.9998,124.61,125.16,125.59,24.96,Cornering,"Hoosier 43075 16x7.5-10 R20, 7 inch rim",10121
78.19,516.799,0.93,-322.58,-140.62,2.006,-2.14,20.96,0.09,-0.0066,2.2941,12.03,44064.91,7.74,92.03,6.191,-0,-0.9998,124.65,125.23,125.61,24.96,Cornering,"Hoosier 43075 16x7.5-10 R20, 7 inch rim",10122
78.2,516.809,-0.89,-323.67,-140.42,2.005,-1.51,21.01,0.16,0.0063,2.3049,12.03,25573.83,7.74,92.05,6.237,-0,-0.9997,124.76,125.34,125.61,24.96,Cornering,"Hoosier 43075 16x7.5-10 R20, 7 inch rim",10123
78.22,516.819,-2.32,-327.2,-141.88,2.005,-0.85,22.11,0.09,0.0163,2.3062,12.09,44099.5,7.74,92.06,6.264,-0,-0.9998,124.97,125.43,125.61,24.98,Cornering,"Hoosier 43075 16x7.5-10 R20, 7 inch rim",10124
78.2,516.829,-3.76,-332.4,-143.48,1.992,-1.7,22.95,0.16,0.0262,2.3167,12.17,25593.44,7.74,92.03,6.319,-0,-0.9997,125.23,125.45,125.65,24.98,Cornering,"Hoosier 43075 16x7.5-10 R20, 7 inch rim",10125
78.18,516.839,-4.28,-338.11,-145.83,1.999,-3.09,23.54,0.03,0.0294,2.3186,12.18,159118,7.74,92.04,6.339,-0,-1,125.34,125.47,125.73,24.98,Cornering,"Hoosier 43075 16x7.5-10 R20, 7 inch rim",10126
78.2,516.849,-3.83,-342.74,-148.27,2.012,-3.68,23.94,0.09,0.0258,2.3116,12.16,44077.49,7.73,91.99,6.397,-0,-0.9998,125.42,125.5,125.77,24.97,Cornering,"Hoosier 43075 16x7.5-10 R20, 7 inch rim",10127
78.22,516.859,-3.02,-345.76,-149.87,1.998,-4.14,23.16,0.16,0.0202,2.3071,12.07,25575.71,7.74,91.94,6.432,-0,-0.9997,125.47,125.54,125.83,24.97,Cornering,"Hoosier 43075 16x7.5-10 R20, 7 inch rim",10128
78.2,516.869,-1.52,-345.27,-150.58,2.002,-3.18,22.35,0.09,0.0101,2.293,12.01,44059.14,7.73,91.91,6.488,-0,-0.9998,125.53,125.54,125.89,24.97,Cornering,"Hoosier 43075 16x7.5-10 R20, 7 inch rim",10129
78.19,516.879,-0.23,-342.36,-149.01,1.999,-3.09,21.13,0.09,0.0015,2.2975,11.98,44046.71,7.73,91.91,6.512,-0,-0.9998,125.55,125.58,125.91,24.96,Cornering,"Hoosier 43075 16x7.5-10 R20, 7 inch rim",10130
78.21,516.889,0.81,-337.61,-147.06,2.006,-2.13,20.29,0.09,-0.0055,2.2957,12.02,44041.88,7.73,91.89,6.565,-0,-0.9998,125.55,125.69,125.87,24.96,Cornering,"Hoosier 43075 16x7.5-10 R20, 7 inch rim",10131
78.21,516.899,1.35,-333.19,-144.12,2.006,-1.58,19.74,0.09,-0.0094,2.3119,12.1,44039.91,7.73,91.88,6.586,-0,-0.9998,125.59,125.69,125.89,24.96,Cornering,"Hoosier 43075 16x7.5-10 R20, 7 inch rim",10132
78.18,516.909,1.2,-331.04,-141.59,1.992,-1.82,19.74,0.09,-0.0085,2.338,12.17,44014.84,7.74,91.85,6.637,-0,-0.9998,125.57,125.72,125.83,24.95,Cornering,"Hoosier 43075 16x7.5-10 R20, 7 inch rim",10133
78.2,516.919,0.13,-331.4,-140.83,2.004,-1.13,19.98,0.09,-0.0009,2.3532,12.19,43990.95,7.73,91.86,6.674,-0,-0.9998,125.66,125.78,125.87,24.94,Cornering,"Hoosier 43075 16x7.5-10 R20, 7 inch rim",10134
78.22,516.929,-1.77,-334.47,-141,1.992,-1.49,20.3,-0.04,0.0125,2.3722,12.15,-98698.45,7.73,91.85,6.707,-0,-1.0001,125.83,125.89,125.95,24.94,Cornering,"Hoosier 43075 16x7.5-10 R20, 7 inch rim",10135
78.2,516.939,-3.12,-339.1,-143.34,2.004,-1.09,21.25,0.16,0.0218,2.3658,12.09,25540.33,7.73,91.84,6.761,-0,-0.9997,126,125.98,125.99,24.95,Cornering,"Hoosier 43075 16x7.5-10 R20, 7 inch rim",10136
78.19,516.949,-3.78,-344.2,-144.98,2.005,-2.38,22.21,0.09,0.0261,2.3741,12.01,44010.88,7.73,91.86,6.788,-0,-0.9998,126.15,125.96,126.13,24.96,Cornering,"Hoosier 43075 16x7.5-10 R20, 7 inch rim",10137
78.21,516.959,-3.83,-348.76,-147.39,1.996,-2.61,22.53,0.09,0.026,2.3662,11.96,44017.3,7.73,91.86,6.828,-0,-0.9998,126.26,125.94,126.21,24.96,Cornering,"Hoosier 43075 16x7.5-10 R20, 7 inch rim",10138
78.22,516.969,-3.46,-352.28,-149.87,2.002,-2.59,21.94,0.09,0.0231,2.3506,11.97,44001.62,7.73,91.85,6.886,-0,-0.9998,126.32,125.94,126.27,24.96,Cornering,"Hoosier 43075 16x7.5-10 R20, 7 inch rim",10139
78.19,516.979,-2.21,-352.72,-151.08,2.008,-2.06,21.31,0.09,0.0147,2.3346,12.05,43977.88,7.73,91.83,6.92,-0,-0.9998,126.34,125.98,126.4,24.94,Cornering,"Hoosier 43075 16x7.5-10 R20, 7 inch rim",10140
78.2,516.989,-1.01,-350.26,-149.96,2.005,-2.62,20.07,0.16,0.0068,2.3357,12.14,25518.01,7.73,91.8,6.95,-0,-0.9997,126.34,125.98,126.4,24.94,Cornering,"Hoosier 43075 16x7.5-10 R20, 7 inch rim",10141
78.22,516.999,-0.12,-345.64,-148.64,2.008,-2.07,18.75,0.09,0.0008,2.3254,12.23,43969.29,7.73,91.75,7.009,-0,-0.9998,126.43,126.05,126.42,24.94,Cornering,"Hoosier 43075 16x7.5-10 R20, 7 inch rim",10142
78.21,517.009,0.91,-340.7,-146.3,1.998,-1.42,18.47,0.16,-0.0062,2.3288,12.24,25530.55,7.73,91.71,7.043,-0,-0.9997,126.52,126.16,126.37,24.96,Cornering,"Hoosier 43075 16x7.5-10 R20, 7 inch rim",10143
78.18,517.019,0.66,-337.35,-143.73,1.998,-0.95,18.18,0.09,-0.0046,2.3471,12.18,43993.49,7.73,91.71,7.075,-0,-0.9998,126.58,126.09,126.33,24.96,Cornering,"Hoosier 43075 16x7.5-10 R20, 7 inch rim",10144
78.21,517.029,-0.02,-337.26,-142.24,2.005,-1,18.71,0.03,0.0001,2.371,12.11,158668.55,7.73,91.71,7.122,-0,-1,126.71,126.16,126.29,24.95,Cornering,"Hoosier 43075 16x7.5-10 R20, 7 inch rim",10145
78.22,517.039,-1.48,-339.61,-141.86,2.006,-0.57,19.26,0.03,0.0104,2.3939,12.03,158732.03,7.73,91.75,7.151,-0,-1,126.88,126.24,126.31,24.96,Cornering,"Hoosier 43075 16x7.5-10 R20, 7 inch rim",10146
78.19,517.049,-2.68,-343.92,-142.72,2.001,-0.63,20.29,0.03,0.0188,2.4098,12,158678.17,7.73,91.76,7.198,-0,-1,127.07,126.33,126.35,24.96,Cornering,"Hoosier 43075 16x7.5-10 R20, 7 inch rim",10147
78.2,517.059,-3.78,-349.02,-144.44,2.008,-1.32,21.08,0.09,0.0261,2.4164,12.04,43997.68,7.73,91.73,7.238,-0,-0.9998,127.33,126.33,126.42,24.97,Cornering,"Hoosier 43075 16x7.5-10 R20, 7 inch rim",10148
78.22,517.069,-3.93,-353.57,-146.61,1.992,-1.56,21.66,0.03,0.0268,2.4117,12.11,158836.98,7.73,91.71,7.268,-0,-1,127.48,126.27,126.54,24.98,Cornering,"Hoosier 43075 16x7.5-10 R20, 7 inch rim",10149
78.21,517.079,-3.22,-357.89,-149.11,2.005,-2.13,21.91,0.09,0.0216,2.4002,12.2,43988.84,7.73,91.69,7.325,-0,-0.9998,127.57,126.27,126.64,24.97,Cornering,"Hoosier 43075 16x7.5-10 R20, 7 inch rim",10150
78.18,517.089,-2.55,-359.4,-149.95,1.998,-2.85,20.9,0.03,0.017,2.3968,12.2,158656.53,7.73,91.66,7.358,-0,-1,127.65,126.29,126.76,24.96,Cornering,"Hoosier 43075 16x7.5-10 R20, 7 inch rim",10151
78.21,517.099,-1.23,-357.7,-151,2.015,-2.01,19.97,-0.04,0.0081,2.3689,12.16,-98547.74,7.72,91.64,7.393,-0,-1.0001,127.68,126.33,126.84,24.94,Cornering,"Hoosier 43075 16x7.5-10 R20, 7 inch rim",10152
78.23,517.109,-0.2,-353.31,-149.9,1.99,-1.64,18.48,0.09,0.0014,2.3569,12.07,43926.8,7.73,91.62,7.433,-0,-0.9998,127.72,126.44,126.92,24.94,Cornering,"Hoosier 43075 16x7.5-10 R20, 7 inch rim",10153
78.19,517.119,0.6,-347.82,-148.3,2.011,-1.3,17.74,0.23,-0.0041,2.3453,12.03,17945.88,7.72,91.59,7.476,-0,-0.9996,127.85,126.49,126.92,24.93,Cornering,"Hoosier 43075 16x7.5-10 R20, 7 inch rim",10154
78.19,517.129,1.13,-343.37,-145.26,1.999,-1.45,17.44,0.16,-0.0078,2.3637,12.05,25473.64,7.72,91.58,7.509,-0,-0.9997,127.93,126.53,126.9,24.93,Cornering,"Hoosier 43075 16x7.5-10 R20, 7 inch rim",10155
78.21,517.139,0.52,-341.88,-143.02,1.999,-1.46,17.41,0.09,-0.0036,2.3904,12.13,43905.3,7.73,91.57,7.541,-0,-0.9998,128.1,126.55,126.86,24.94,Cornering,"Hoosier 43075 16x7.5-10 R20, 7 inch rim",10156
78.21,517.149,-0.62,-343.01,-142.11,2.004,-0.96,18.14,0.09,0.0043,2.4137,12.19,43909.49,7.72,91.56,7.599,-0,-0.9998,128.3,126.66,126.82,24.94,Cornering,"Hoosier 43075 16x7.5-10 R20, 7 inch rim",10157
78.18,517.159,-1.91,-346.83,-142.31,1.987,-0.6,19.11,0.03,0.0135,2.4371,12.22,158478.62,7.73,91.54,7.636,-0,-1,128.47,126.82,126.84,24.95,Cornering,"Hoosier 43075 16x7.5-10 R20, 7 inch rim",10158
78.2,517.169,-3.54,-352.26,-144.08,2.002,-0.79,19.72,0.09,0.0245,2.4449,12.19,43901.46,7.72,91.56,7.675,-0,-0.9998,128.66,126.86,126.84,24.94,Cornering,"Hoosier 43075 16x7.5-10 R20, 7 inch rim",10159
78.22,517.179,-3.88,-357.19,-146.01,2.002,-1.49,20.64,-0.04,0.0266,2.4464,12.11,-98426.32,7.72,91.58,7.715,-0,-1.0001,128.79,126.84,126.9,24.93,Cornering,"Hoosier 43075 16x7.5-10 R20, 7 inch rim",10160
78.2,517.189,-3.83,-361.48,-148.73,2.009,-1.52,20.72,0.03,0.0258,2.4305,12.03,158397.2,7.72,91.6,7.752,-0,-1,128.9,126.84,127.04,24.94,Cornering,"Hoosier 43075 16x7.5-10 R20, 7 inch rim",10161
78.19,517.199,-2.89,-363.75,-150.28,2.005,-2.58,20.4,0.16,0.0192,2.4205,11.99,25473.61,7.72,91.6,7.798,-0,-0.9997,128.9,126.82,127.16,24.94,Cornering,"Hoosier 43075 16x7.5-10 R20, 7 inch rim",10162
78.22,517.209,-1.93,-363.1,-151.66,2.009,-1.94,19.36,0.09,0.0127,2.3941,12.02,43904.32,7.72,91.6,7.838,-0,-0.9998,128.94,126.93,127.26,24.96,Cornering,"Hoosier 43075 16x7.5-10 R20, 7 inch rim",10163
78.22,517.219,-0.53,-359.83,-151.04,2.002,-2.37,18.34,0.09,0.0035,2.3824,12.08,43920.51,7.72,91.59,7.877,-0,-0.9998,128.94,126.95,127.26,24.97,Cornering,"Hoosier 43075 16x7.5-10 R20, 7 inch rim",10164
78.19,517.229,0.82,-354.55,-149.67,1.992,-1.46,17.7,0.09,-0.0055,2.369,12.15,43917.38,7.72,91.61,7.905,-0,-0.9998,129.03,127.08,127.3,24.97,Cornering,"Hoosier 43075 16x7.5-10 R20, 7 inch rim",10165
78.2,517.239,1.68,-349.22,-146.88,1.998,-1.45,17.33,0.03,-0.0114,2.3776,12.16,158318.58,7.72,91.66,7.952,-0,-1,129.09,127.21,127.28,24.94,Cornering,"Hoosier 43075 16x7.5-10 R20, 7 inch rim",10166
78.22,517.249,1.34,-346.33,-144.4,1.998,-0.94,17.03,0.16,-0.0093,2.3984,12.13,25454.8,7.72,91.67,8.001,-0,-0.9997,129.22,127.23,127.26,24.94,Cornering,"Hoosier 43075 16x7.5-10 R20, 7 inch rim",10167
78.2,517.259,0.43,-346.66,-143.52,1.998,-0.03,17.38,0.09,-0.003,2.4153,12.06,43842.01,7.72,91.66,8.034,-0,-0.9998,129.28,127.37,127.28,24.93,Cornering,"Hoosier 43075 16x7.5-10 R20, 7 inch rim",10168
78.19,517.269,-0.87,-349.47,-142.75,1.993,-0.12,18.06,0.03,0.0061,2.4482,12.01,158195.78,7.72,91.64,8.076,-0,-1,129.5,127.45,127.34,24.93,Cornering,"Hoosier 43075 16x7.5-10 R20, 7 inch rim",10169
78.21,517.279,-2.32,-354.09,-143.87,1.992,0.23,18.95,0.09,0.0161,2.4612,12.02,43843.09,7.72,91.66,8.116,-0,-0.9998,129.69,127.61,127.41,24.94,Cornering,"Hoosier 43075 16x7.5-10 R20, 7 inch rim",10170
78.22,517.289,-3.16,-359.52,-146.01,2.006,-0.66,19.92,0.09,0.0217,2.4623,12.04,43839.71,7.72,91.66,8.146,-0,-0.9998,129.82,127.63,127.47,24.94,Cornering,"Hoosier 43075 16x7.5-10 R20, 7 inch rim",10171
78.18,517.299,-3.5,-364.1,-147.84,1.996,-1.8,20.17,0.03,0.0237,2.4628,12.09,158257.27,7.72,91.65,8.196,-0,-1,129.88,127.61,127.57,24.95,Cornering,"Hoosier 43075 16x7.5-10 R20, 7 inch rim",10172
78.2,517.309,-3.49,-367.3,-150.23,1.998,-2.15,19.69,0.09,0.0232,2.4449,12.15,43850.36,7.72,91.69,8.232,-0,-0.9998,129.97,127.61,127.71,24.95,Cornering,"Hoosier 43075 16x7.5-10 R20, 7 inch rim",10173
78.22,517.319,-2.58,-367.74,-151.79,2.004,-2.2,18.86,-0.04,0.017,2.4227,12.13,-98311.08,7.72,91.72,8.272,-0,-1.0001,129.97,127.7,127.83,24.94,Cornering,"Hoosier 43075 16x7.5-10 R20, 7 inch rim",10174
78.2,517.329,-1.24,-365.08,-152.03,2.004,-1.74,18.07,0.03,0.0081,2.4014,12.08,158098.08,7.72,91.77,8.315,-0,-1,130.06,127.72,127.83,24.93,Cornering,"Hoosier 43075 16x7.5-10 R20, 7 inch rim",10175
78.19,517.339,-0.32,-360.3,-150.82,2.004,-1.68,16.96,0.09,0.0021,2.3889,12.02,43796.01,7.72,91.79,8.35,-0,-0.9998,130.06,127.74,127.83,24.93,Cornering,"Hoosier 43075 16x7.5-10 R20, 7 inch rim",10176
78.22,517.349,0.67,-354.87,-149.35,1.996,-0.12,16.47,0.16,-0.0045,2.3762,11.99,25411.46,7.72,91.78,8.391,-0,-0.9997,130.21,127.83,127.79,24.92,Cornering,"Hoosier 43075 16x7.5-10 R20, 7 inch rim",10177
78.22,517.359,0.95,-351.05,-146.71,1.99,0.08,16.06,0.16,-0.0065,2.3927,12.03,25414.58,7.72,91.75,8.432,-0,-0.9997,130.34,127.87,127.73,24.93,Cornering,"Hoosier 43075 16x7.5-10 R20, 7 inch rim",10178
78.18,517.369,0.57,-350.38,-144.27,2.002,-0.21,16.34,0.09,-0.0039,2.4286,12.11,43781.55,7.72,91.74,8.475,-0,-0.9998,130.53,128,127.71,24.93,Cornering,"Hoosier 43075 16x7.5-10 R20, 7 inch rim",10179
78.19,517.379,-0.92,-352.37,-143.29,1.986,0.14,16.3,0.03,0.0064,2.4591,12.18,158054.44,7.72,91.78,8.507,-0,-1,130.7,128.11,127.63,24.94,Cornering,"Hoosier 43075 16x7.5-10 R20, 7 inch rim",10180
78.22,517.389,-2.06,-356.69,-144.1,1.983,0.38,17.46,0.23,0.0143,2.4752,12.21,17917.92,7.72,91.81,8.552,-0,-0.9996,130.89,128.31,127.61,24.96,Cornering,"Hoosier 43075 16x7.5-10 R20, 7 inch rim",10181
78.2,517.399,-3.53,-361.85,-145.01,1.998,-0.87,18.2,0.09,0.0243,2.4953,12.19,43849.65,7.72,91.83,8.588,-0,-0.9998,131.07,128.42,127.69,24.97,Cornering,"Hoosier 43075 16x7.5-10 R20, 7 inch rim",10182
78.19,517.409,-3.87,-366.58,-147.61,1.995,-1.12,19.1,0.03,0.0262,2.4835,12.11,158219.16,7.72,91.81,8.637,-0,-1,131.17,128.4,127.75,24.97,Cornering,"Hoosier 43075 16x7.5-10 R20, 7 inch rim",10183
78.21,517.419,-3.9,-370.44,-149.86,2.006,-1.95,19.07,0.16,0.026,2.4719,12.03,25432.84,7.72,91.82,8.683,-0,-0.9997,131.26,128.38,127.87,24.96,Cornering,"Hoosier 43075 16x7.5-10 R20, 7 inch rim",10184
78.22,517.429,-2.99,-371.92,-151.54,2.001,-2.18,18.52,0.16,0.0197,2.4543,11.99,25425.04,7.72,91.85,8.71,-0,-0.9997,131.3,128.4,128.03,24.96,Cornering,"Hoosier 43075 16x7.5-10 R20, 7 inch rim",10185
78.19,517.439,-1.64,-370.04,-152.22,2.002,-1.62,17.76,0.03,0.0107,2.431,12,158204.36,7.72,91.88,8.756,-0,-1,131.34,128.44,128.09,24.98,Cornering,"Hoosier 43075 16x7.5-10 R20, 7 inch rim",10186
78.2,517.449,-0.09,-365.83,-151.8,1.995,-1.4,16.85,0.03,0.0006,2.4099,12.08,158298.81,7.72,91.88,8.791,-0,-1,131.45,128.55,128.13,25,Cornering,"Hoosier 43075 16x7.5-10 R20, 7 inch rim",10187
78.22,517.459,1.09,-359.83,-149.87,1.996,-1.27,16.1,0.09,-0.0073,2.401,12.17,43902.09,7.72,91.95,8.829,-0,-0.9998,131.6,128.58,128.13,25.02,Cornering,"Hoosier 43075 16x7.5-10 R20, 7 inch rim",10188
78.2,517.469,1.61,-354.49,-147.27,2.005,-0.41,15.57,0.03,-0.0109,2.407,12.19,158376.14,7.71,92.01,8.866,-0,-1,131.73,128.69,128.11,25.01,Cornering,"Hoosier 43075 16x7.5-10 R20, 7 inch rim",10189
78.19,517.479,1.24,-352.21,-144.83,1.998,-0.72,15.34,0.03,-0.0086,2.4319,12.18,158283.7,7.72,92.03,8.909,-0,-1,131.92,128.77,128.09,25,Cornering,"Hoosier 43075 16x7.5-10 R20, 7 inch rim",10190
78.2,517.489,0.49,-352.55,-143.97,1.999,0.16,15.82,0.03,-0.0034,2.4488,12.13,158118.47,7.72,92.07,8.95,-0,-1,132.12,128.91,128.07,24.98,Cornering,"Hoosier 43075 16x7.5-10 R20, 7 inch rim",10191
78.23,517.499,-0.87,-356.27,-144.17,2.001,0.25,16.73,0.16,0.0061,2.4713,12.04,25417.06,7.72,92.08,8.989,-0,-0.9997,132.27,128.99,128.09,24.97,Cornering,"Hoosier 43075 16x7.5-10 R20, 7 inch rim",10192
78.2,517.509,-2.81,-361.54,-144.65,1.996,-0.63,16.99,0.16,0.0194,2.4993,11.99,25420.69,7.72,92.1,9.021,-0,-0.9997,132.4,129.17,128.13,24.97,Cornering,"Hoosier 43075 16x7.5-10 R20, 7 inch rim",10193
78.18,517.519,-3.65,-366.77,-146.95,2.004,-0.57,17.94,0.09,0.0248,2.4959,12,43810.81,7.72,92.11,9.074,-0,-0.9998,132.55,129.19,128.25,24.98,Cornering,"Hoosier 43075 16x7.5-10 R20, 7 inch rim",10194
78.22,517.529,-3.99,-371.04,-149.08,1.996,-0.97,18.19,0.09,0.0267,2.4889,12.07,43826.11,7.72,92.12,9.114,-0,-0.9998,132.63,129.13,128.44,25,Cornering,"Hoosier 43075 16x7.5-10 R20, 7 inch rim",10195
78.21,517.539,-3.57,-373.8,-150.83,2.001,-1.42,18.01,0.03,0.0237,2.4783,12.15,158210.83,7.71,92.1,9.152,-0,-1,132.67,129.08,128.6,25.01,Cornering,"Hoosier 43075 16x7.5-10 R20, 7 inch rim",10196
78.18,517.549,-2.68,-373.57,-152.13,1.99,-1.19,17.11,0.09,0.0176,2.4556,12.22,43825.77,7.72,92.07,9.197,-0,-0.9998,132.78,129.13,128.78,25,Cornering,"Hoosier 43075 16x7.5-10 R20, 7 inch rim",10197
78.2,517.559,-1.21,-370.62,-152.27,1.992,-0.75,16.25,0.09,0.008,2.434,12.22,43821.77,7.72,92.03,9.228,-0,-0.9998,132.91,129.17,128.88,25,Cornering,"Hoosier 43075 16x7.5-10 R20, 7 inch rim",10198
78.23,517.569,0.47,-365.38,-151.37,1.999,-0.57,15.85,0.09,-0.0031,2.4139,12.17,43817.2,7.71,92.01,9.264,-0,-0.9998,132.97,129.24,128.84,25,Cornering,"Hoosier 43075 16x7.5-10 R20, 7 inch rim",10199
78.2,517.579,1.12,-359.71,-149.15,2.004,-0.28,14.9,0.16,-0.0075,2.4117,12.08,25417.06,7.71,92.03,9.311,-0,-0.9997,133.23,129.33,128.82,24.99,Cornering,"Hoosier 43075 16x7.5-10 R20, 7 inch rim",10200
78.19,517.589,1.71,-356.51,-146.88,2.001,-0.42,15.09,0.09,-0.0117,2.4271,12,43773.86,7.71,92.04,9.364,-0,-0.9998,133.47,129.41,128.8,24.98,Cornering,"Hoosier 43075 16x7.5-10 R20, 7 inch rim",10201
78.22,517.599,0.77,-355.62,-145.39,2.002,0.04,14.89,0.09,-0.0053,2.446,11.97,43790.65,7.71,92.09,9.391,-0,-0.9998,133.68,129.52,128.76,25,Cornering,"Hoosier 43075 16x7.5-10 R20, 7 inch rim",10202
78.22,517.609,-0.51,-357.78,-144.34,1.987,-0.25,15.43,0.16,0.0035,2.4787,12.02,25407.82,7.72,92.06,9.434,-0,-0.9997,133.92,129.68,128.7,24.99,Cornering,"Hoosier 43075 16x7.5-10 R20, 7 inch rim",10203
78.19,517.619,-1.87,-361.84,-144.9,1.998,-0.08,16.38,0.16,0.0129,2.4971,12.09,25393.22,7.71,92.07,9.472,-0,-0.9997,134.05,129.81,128.76,24.98,Cornering,"Hoosier 43075 16x7.5-10 R20, 7 inch rim",10204
78.2,517.629,-3.06,-366.45,-146.19,1.993,-0.49,17.1,0.16,0.0209,2.5068,12.18,25395.53,7.72,92.06,9.519,-0,-0.9997,134.22,129.94,128.88,24.98,Cornering,"Hoosier 43075 16x7.5-10 R20, 7 inch rim",10205
78.22,517.639,-3.82,-370.28,-148.26,1.993,-0.96,17.38,0.23,0.0257,2.4974,12.23,17896.07,7.71,92.04,9.55,-0,-0.9996,134.33,129.92,128.96,25,Cornering,"Hoosier 43075 16x7.5-10 R20, 7 inch rim",10206
78.2,517.649,-3.72,-373.49,-150.53,1.998,-1.58,17.24,0.09,0.0247,2.4811,12.2,43743.75,7.71,92.01,9.595,-0,-0.9998,134.41,129.88,129.12,24.98,Cornering,"Hoosier 43075 16x7.5-10 R20, 7 inch rim",10207
78.19,517.659,-2.75,-374.52,-152.94,2.004,-0.83,16.86,0.09,0.018,2.4487,12.12,43748.02,7.71,92.01,9.639,-0,-0.9998,134.39,129.96,129.35,24.99,Cornering,"Hoosier 43075 16x7.5-10 R20, 7 inch rim",10208
78.21,517.669,-1.55,-373.08,-153.06,1.99,-1.22,15.89,0.16,0.0101,2.4374,12.02,25377.78,7.71,92.02,9.673,-0,-0.9997,134.43,130.07,129.45,24.98,Cornering,"Hoosier 43075 16x7.5-10 R20, 7 inch rim",10209
78.23,517.679,-0.5,-369.1,-152.52,2.006,-0.86,14.78,0.16,0.0033,2.4199,11.95,25362.34,7.71,92.03,9.721,-0,-0.9997,134.54,130.18,129.45,24.97,Cornering,"Hoosier 43075 16x7.5-10 R20, 7 inch rim",10210
78.19,517.689,0.96,-363.8,-151,1.989,-0.32,14.34,0.09,-0.0064,2.4092,11.96,43703.64,7.71,92.04,9.744,-0,-0.9998,134.67,130.34,129.41,24.97,Cornering,"Hoosier 43075 16x7.5-10 R20, 7 inch rim",10211
78.2,517.699,1.77,-359.07,-149.12,1.999,0.38,14.19,0.09,-0.0118,2.4079,12.02,43727.71,7.71,92.04,9.791,-0,-0.9998,134.86,130.4,129.39,24.99,Cornering,"Hoosier 43075 16x7.5-10 R20, 7 inch rim",10212
78.23,517.709,1.71,-356.81,-146.29,1.993,-0.76,14.24,0.09,-0.0117,2.4391,12.16,43742.39,7.71,92.02,9.832,-0,-0.9998,135.03,130.51,129.37,25,Cornering,"Hoosier 43075 16x7.5-10 R20, 7 inch rim",10213
78.2,517.719,0.7,-356.89,-145.06,2.008,-0.21,14.6,0.03,-0.0048,2.4604,12.23,157654.59,7.71,91.98,9.864,-0,-1,135.18,130.73,129.28,24.97,Cornering,"Hoosier 43075 16x7.5-10 R20, 7 inch rim",10214
78.19,517.729,-1.16,-359.98,-145.07,2.004,0.28,14.87,0.09,0.008,2.4814,12.25,43649.8,7.71,91.97,9.917,-0,-0.9998,135.33,130.93,129.28,24.96,Cornering,"Hoosier 43075 16x7.5-10 R20, 7 inch rim",10215
78.21,517.739,-2.58,-364.3,-145.78,2.001,0.09,15.65,0.03,0.0177,2.499,12.21,157359.81,7.71,91.93,9.943,-0,-1,135.46,131,129.35,24.93,Cornering,"Hoosier 43075 16x7.5-10 R20, 7 inch rim",10216
78.22,517.749,-3.36,-368.75,-148.13,2.005,0.45,16.38,0.03,0.0227,2.4893,12.13,157405.38,7.71,91.91,9.998,-0,-1,135.55,131.04,129.45,24.94,Cornering,"Hoosier 43075 16x7.5-10 R20, 7 inch rim",10217
78.2,517.759,-3.34,-372.28,-149.62,2.001,-0.64,17.02,0.16,0.0223,2.4881,12.05,25314.44,7.71,91.9,10.03,-0,-0.9997,135.53,130.93,129.67,24.94,Cornering,"Hoosier 43075 16x7.5-10 R20, 7 inch rim",10218
78.19,517.769,-3.14,-375.05,-151.82,2.012,-1.19,16.61,0.09,0.0207,2.4703,12,43649.43,7.71,91.9,10.067,-0,-0.9998,135.55,130.87,129.87,24.97,Cornering,"Hoosier 43075 16x7.5-10 R20, 7 inch rim",10219
78.23,517.779,-2.5,-374.97,-153.16,1.999,-1.32,15.86,0.16,0.0163,2.4482,12.03,25355.28,7.71,91.89,10.107,-0,-0.9997,135.57,130.87,130.09,24.99,Cornering,"Hoosier 43075 16x7.5-10 R20, 7 inch rim",10220
78.21,517.789,-0.8,-371.84,-152.96,1.99,-1.26,15.42,0.09,0.0052,2.431,12.09,43689.14,7.71,91.92,10.146,-0,-0.9998,135.61,130.91,130.13,25,Cornering,"Hoosier 43075 16x7.5-10 R20, 7 inch rim",10221
78.18,517.799,0.29,-366.75,-152.38,1.998,-0.96,14.68,0.09,-0.0019,2.4068,12.18,43663.28,7.71,91.94,10.186,-0,-0.9998,135.83,131.02,130.13,24.98,Cornering,"Hoosier 43075 16x7.5-10 R20, 7 inch rim",10222
78.2,517.809,1.21,-360.78,-150.33,2.008,-1,14.11,0.09,-0.0081,2.3999,12.19,43657.05,7.71,91.93,10.23,-0,-0.9998,136.06,131.13,130.17,24.98,Cornering,"Hoosier 43075 16x7.5-10 R20, 7 inch rim",10223
78.22,517.819,1.61,-355.87,-147.88,2.004,-0.68,13.92,0.09,-0.0109,2.4064,12.18,43651.61,7.71,91.89,10.269,-0,-0.9998,136.26,131.22,130.13,24.98,Cornering,"Hoosier 43075 16x7.5-10 R20, 7 inch rim",10224
78.2,517.829,1.15,-354.48,-146.89,2.001,0.47,14.02,0.16,-0.0078,2.4132,12.11,25326.61,7.71,91.89,10.315,-0,-0.9997,136.51,131.33,130.11,24.98,Cornering,"Hoosier 43075 16x7.5-10 R20, 7 inch rim",10225
78.19,517.839,-0.07,-356.09,-145.66,2.006,0.32,14.44,0.09,0.0005,2.4447,12.02,43649.76,7.71,91.89,10.354,-0,-0.9998,136.75,131.5,130.11,24.99,Cornering,"Hoosier 43075 16x7.5-10 R20, 7 inch rim",10226
78.22,517.849,-1.51,-360.24,-145.84,1.993,0.59,14.98,0.16,0.0103,2.4701,12,25327.05,7.71,91.92,10.381,-0,-0.9997,137.05,131.61,130.13,24.98,Cornering,"Hoosier 43075 16x7.5-10 R20, 7 inch rim",10227
78.21,517.859,-2.76,-365.16,-147.7,1.995,0.94,15.61,0.16,0.0187,2.4723,12,25317.14,7.71,91.91,10.429,-0,-0.9997,137.16,131.7,130.23,24.98,Cornering,"Hoosier 43075 16x7.5-10 R20, 7 inch rim",10228
78.19,517.869,-3.07,-369.93,-149.35,1.993,-0.2,16.42,0.09,0.0205,2.477,12.08,43583.39,7.71,91.93,10.464,-0,-0.9998,137.24,131.66,130.44,24.96,Cornering,"Hoosier 43075 16x7.5-10 R20, 7 inch rim",10229
78.2,517.879,-3.21,-373.61,-151.25,1.993,-1.37,16.11,0.03,0.0212,2.4701,12.17,157294.16,7.71,91.93,10.505,-0,-1,137.24,131.55,130.64,24.97,Cornering,"Hoosier 43075 16x7.5-10 R20, 7 inch rim",10230
78.23,517.889,-2.5,-375,-152.73,2.006,-1.74,15.6,0.16,0.0163,2.4554,12.19,25283.11,7.71,91.94,10.555,-0,-0.9997,137.16,131.61,130.84,24.96,Cornering,"Hoosier 43075 16x7.5-10 R20, 7 inch rim",10231
78.2,517.899,-1.32,-374,-153.73,1.995,-1.26,14.75,0.03,0.0086,2.4329,12.17,157213.52,7.71,91.95,10.59,-0,-1,137.22,131.72,130.98,24.96,Cornering,"Hoosier 43075 16x7.5-10 R20, 7 inch rim",10232
78.19,517.909,0.25,-369.86,-152.75,2.001,-1.61,14.12,0.16,-0.0016,2.4214,12.11,25276.84,7.71,91.99,10.63,-0,-0.9997,137.33,131.79,130.96,24.96,Cornering,"Hoosier 43075 16x7.5-10 R20, 7 inch rim",10233
78.22,517.919,1.08,-363.2,-151.64,2.001,-0.4,13.18,0.03,-0.0071,2.3952,12,157096.08,7.71,92.01,10.674,-0,-1,137.5,131.88,130.96,24.95,Cornering,"Hoosier 43075 16x7.5-10 R20, 7 inch rim",10234
78.22,517.929,1.61,-356.88,-149.3,1.993,-0.27,12.78,-0.04,-0.0108,2.3903,11.96,-97731.41,7.71,92.01,10.716,-0,-1.0001,137.69,131.94,130.98,24.97,Cornering,"Hoosier 43075 16x7.5-10 R20, 7 inch rim",10235
78.19,517.939,1.29,-353.23,-147.96,2.009,0.59,12.74,0.03,-0.0087,2.3874,12,157164.58,7.71,91.99,10.752,-0,-1,137.91,132.12,130.92,24.97,Cornering,"Hoosier 43075 16x7.5-10 R20, 7 inch rim",10236
78.2,517.949,-0.01,-352.47,-146.62,2.001,0.83,12.63,0.09,0.0001,2.404,12.06,43565.5,7.71,91.99,10.795,-0,-0.9998,138.23,132.32,130.86,24.98,Cornering,"Hoosier 43075 16x7.5-10 R20, 7 inch rim",10237
78.23,517.959,-1.41,-355.28,-146.78,2.009,1.22,13.35,-0.04,0.0096,2.4206,12.16,-97712.3,7.71,91.98,10.842,-0,-1.0001,138.42,132.52,130.9,24.98,Cornering,"Hoosier 43075 16x7.5-10 R20, 7 inch rim",10238
78.2,517.969,-2.67,-360.24,-147.36,2.008,0.32,14.27,0.09,0.0181,2.4447,12.2,43552.52,7.71,91.95,10.882,-0,-0.9998,138.62,132.71,130.96,24.98,Cornering,"Hoosier 43075 16x7.5-10 R20, 7 inch rim",10239
78.18,517.979,-3.54,-365.29,-148.76,1.993,-0.45,14.93,0.16,0.0238,2.4555,12.18,25246.8,7.71,91.94,10.912,-0,-0.9997,138.68,132.74,131.12,24.95,Cornering,"Hoosier 43075 16x7.5-10 R20, 7 inch rim",10240
78.22,517.989,-3.96,-370.07,-151.1,2.004,-0.83,15.23,0.09,0.0262,2.4492,12.12,43491.93,7.71,91.93,10.949,-0,-0.9998,138.68,132.69,131.35,24.95,Cornering,"Hoosier 43075 16x7.5-10 R20, 7 inch rim",10241
78.22,517.999,-3.36,-373.3,-152.11,1.999,-2.1,15.07,0.03,0.0221,2.4542,12.05,157032.88,7.71,91.94,10.996,-0,-1,138.62,132.52,131.57,24.97,Cornering,"Hoosier 43075 16x7.5-10 R20, 7 inch rim",10242
78.19,518.009,-2.43,-373.54,-153.47,1.992,-1.5,14.42,0.09,0.0158,2.434,11.98,43558.72,7.71,91.95,11.042,-0,-0.9998,138.53,132.52,131.73,25,Cornering,"Hoosier 43075 16x7.5-10 R20, 7 inch rim",10243
78.2,518.019,-0.99,-370.63,-153.17,2.002,-1.59,13.68,0.16,0.0065,2.4197,12.03,25290.4,7.71,91.98,11.084,-0,-0.9997,138.55,132.54,131.69,25.01,Cornering,"Hoosier 43075 16x7.5-10 R20, 7 inch rim",10244
78.22,518.029,0.59,-364.71,-152.96,1.998,-0.78,13.21,0.09,-0.0038,2.3844,12.07,43587.8,7.71,92.02,11.117,-0,-0.9998,138.66,132.69,131.63,25.02,Cornering,"Hoosier 43075 16x7.5-10 R20, 7 inch rim",10245
78.2,518.039,1.67,-356.86,-150.96,2.001,-0.6,12.94,0.09,-0.011,2.3639,12.15,43551.82,7.71,92.03,11.154,-0,-0.9998,138.83,132.87,131.61,25,Cornering,"Hoosier 43075 16x7.5-10 R20, 7 inch rim",10246
78.18,518.049,1.54,-350.85,-149.36,2.002,-0.33,12.42,0.03,-0.0103,2.349,12.21,157028.23,7.71,92.02,11.204,-0,-1,139.09,132.96,131.57,24.98,Cornering,"Hoosier 43075 16x7.5-10 R20, 7 inch rim",10247
78.21,518.059,1.08,-347.64,-147.78,2.005,-0.06,12.72,0.03,-0.0073,2.3524,12.21,156971.16,7.71,92.04,11.241,-0,-1,139.28,133.18,131.45,24.98,Cornering,"Hoosier 43075 16x7.5-10 R20, 7 inch rim",10248
78.23,518.069,-0.16,-347.94,-148,2.005,1.15,13.41,0.16,0.0011,2.3509,12.14,25243.13,7.71,92.02,11.286,-0,-0.9997,139.56,133.46,131.39,24.98,Cornering,"Hoosier 43075 16x7.5-10 R20, 7 inch rim",10249
78.19,518.079,-1.62,-351.51,-148.38,2.004,0.56,14.29,0.09,0.0109,2.369,12.06,43465.24,7.71,92.03,11.323,-0,-0.9998,139.69,133.6,131.49,24.97,Cornering,"Hoosier 43075 16x7.5-10 R20, 7 inch rim",10250
78.18,518.089,-3.19,-355.81,-149.56,1.998,-0.05,14.91,0.09,0.0213,2.3791,11.98,43470.44,7.71,92.06,11.354,-0,-0.9998,139.75,133.68,131.59,24.97,Cornering,"Hoosier 43075 16x7.5-10 R20, 7 inch rim",10251
78.22,518.099,-3.68,-359.82,-151.36,2.001,-1.12,15.88,0.23,0.0243,2.3772,12,17783.45,7.71,92.05,11.395,-0,-0.9996,139.75,133.64,131.71,24.99,Cornering,"Hoosier 43075 16x7.5-10 R20, 7 inch rim",10252
78.21,518.109,-4.08,-363.46,-153.82,1.995,-1.55,15.72,0.09,0.0265,2.3629,12.05,43467.79,7.71,92.07,11.436,-0,-0.9998,139.65,133.49,131.87,24.98,Cornering,"Hoosier 43075 16x7.5-10 R20, 7 inch rim",10253
78.19,518.119,-3.01,-366.08,-155.55,2.005,-1.55,15.7,0.09,0.0193,2.3534,12.13,43481.9,7.71,92.09,11.475,-0,-0.9998,139.56,133.42,132.15,24.99,Cornering,"Hoosier 43075 16x7.5-10 R20, 7 inch rim",10254
78.2,518.129,-1.61,-365.28,-155.75,2.002,-1.72,14.84,0.16,0.0103,2.3453,12.21,25227.45,7.71,92.15,11.523,-0,-0.9997,139.54,133.44,132.42,24.98,Cornering,"Hoosier 43075 16x7.5-10 R20, 7 inch rim",10255
78.22,518.139,-0.18,-360.95,-155.27,2.006,-0.73,13.76,0.09,0.0012,2.3247,12.21,43449.09,7.71,92.19,11.555,-0,-0.9998,139.58,133.53,132.46,24.98,Cornering,"Hoosier 43075 16x7.5-10 R20, 7 inch rim",10256
78.2,518.149,0.8,-354.28,-153.8,1.995,-0.8,12.59,0.09,-0.0052,2.3035,12.17,43412.73,7.71,92.16,11.594,-0,-0.9998,139.73,133.6,132.54,24.96,Cornering,"Hoosier 43075 16x7.5-10 R20, 7 inch rim",10257
78.19,518.159,1.3,-346.55,-151.98,1.99,0,11.65,0.03,-0.0085,2.2802,12.08,156680,7.71,92.15,11.628,-0,-1,139.9,133.71,132.54,24.97,Cornering,"Hoosier 43075 16x7.5-10 R20, 7 inch rim",10258
78.22,518.169,0.49,-340.86,-150.72,1.998,0.37,10.49,0.23,-0.0033,2.2615,12.03,17745.84,7.71,92.13,11.658,-0,-0.9996,140.03,133.77,132.54,24.96,Cornering,"Hoosier 43075 16x7.5-10 R20, 7 inch rim",10259
78.22,518.179,-1.62,-338.43,-149.89,2.008,0.35,8.91,0.09,0.0108,2.2578,12,43405.93,7.71,92.15,11.7,-0,-0.9998,140.27,133.93,132.54,24.97,Cornering,"Hoosier 43075 16x7.5-10 R20, 7 inch rim",10260
78.18,518.189,-5.04,-339.62,-150.58,1.998,1.07,6.79,0.09,0.0335,2.2554,12.05,43402.72,7.71,92.14,11.72,-0,-0.9998,140.53,134.12,132.48,24.97,Cornering,"Hoosier 43075 16x7.5-10 R20, 7 inch rim",10261
78.2,518.199,-9.12,-343.33,-151.85,2.005,0.95,4.42,0.03,0.06,2.2609,12.11,156697.44,7.71,92.14,11.724,-0,-1,140.66,134.28,132.64,24.98,Cornering,"Hoosier 43075 16x7.5-10 R20, 7 inch rim",10262
78.23,518.209,-12.26,-347.65,-153.36,2.006,-0.01,2.86,0.16,0.0799,2.2669,12.2,25177.16,7.71,92.14,11.751,-0,-0.9997,140.74,134.32,132.84,24.96,Cornering,"Hoosier 43075 16x7.5-10 R20, 7 inch rim",10263
78.2,518.219,-12.02,-351.62,-155.28,2.001,-0.87,4.07,0.03,0.0774,2.2644,12.23,156533.77,7.71,92.13,11.755,-0,-1,140.68,134.1,133.08,24.96,Cornering,"Hoosier 43075 16x7.5-10 R20, 7 inch rim",10264
78.18,518.229,-10.34,-355.49,-156.48,2.002,-2.5,5.52,0.16,0.0661,2.2718,12.19,25152.57,7.71,92.16,11.764,-0,-0.9997,140.59,133.97,133.37,24.93,Cornering,"Hoosier 43075 16x7.5-10 R20, 7 inch rim",10265
78.21,518.239,-8.01,-356.35,-157.77,1.995,-1.35,6.43,0.09,0.0507,2.2587,12.11,43344.07,7.71,92.19,11.771,-0,-0.9998,140.44,133.9,133.55,24.94,Cornering,"Hoosier 43075 16x7.5-10 R20, 7 inch rim",10266
78.22,518.249,-7.54,-354.64,-157.3,1.992,-1.15,4.42,0.09,0.0479,2.2546,12.03,43372.68,7.71,92.24,11.781,-0,-0.9998,140.42,133.9,133.79,24.96,Cornering,"Hoosier 43075 16x7.5-10 R20, 7 inch rim",10267
78.2,518.259,-8.43,-350.62,-156.11,1.99,-0.98,0.95,0.09,0.054,2.246,11.99,43402.21,7.71,92.26,11.785,-0,-0.9998,140.33,133.97,133.83,24.97,Cornering,"Hoosier 43075 16x7.5-10 R20, 7 inch rim",10268
78.2,518.269,-9.64,-344.64,-154.3,1.999,-0.43,-1.96,0.03,0.0624,2.2336,12,156733.58,7.71,92.25,11.787,-0,-1,140.42,134.01,133.87,24.99,Cornering,"Hoosier 43075 16x7.5-10 R20, 7 inch rim",10269
78.23,518.279,-10.36,-340.22,-152.34,2.006,-0.62,-2.97,0.09,0.068,2.2332,12.06,43432.43,7.71,92.26,11.785,-0,-0.9998,140.53,134.15,133.93,24.99,Cornering,"Hoosier 43075 16x7.5-10 R20, 7 inch rim",10270
78.2,518.289,-10.11,-336.96,-151.49,2.002,0.51,-1.51,0.09,0.0668,2.2243,12.15,43404.98,7.71,92.26,11.768,-0,-0.9998,140.63,134.26,133.87,24.97,Cornering,"Hoosier 43075 16x7.5-10 R20, 7 inch rim",10271
78.21,518.309,-7.08,-338.56,-150.93,2.005,-0.33,6.48,0.09,0.0469,2.2431,12.19,43353.68,7.71,92.28,12.274,-0,-0.9998,141.06,134.72,133.99,24.94,Cornering,"Hoosier 43075 16x7.5-10 R20, 7 inch rim",10272
78.21,518.319,-6.86,-341.47,-152.25,2.004,-0.31,9.46,0.16,0.045,2.2428,12.16,25157.88,7.71,92.28,12.27,-0,-0.9997,141.17,134.85,134.16,24.94,Cornering,"Hoosier 43075 16x7.5-10 R20, 7 inch rim",10273
78.19,518.329,-6.3,-345.6,-153.07,1.987,-1.08,12.07,0.16,0.0411,2.2578,12.08,25171.31,7.71,92.31,12.251,-0,-0.9997,141.17,134.74,134.34,24.95,Cornering,"Hoosier 43075 16x7.5-10 R20, 7 inch rim",10274
78.2,518.339,-5.34,-350.07,-154.97,1.996,-0.32,14.25,0.03,0.0344,2.259,12.01,156505.69,7.71,92.34,12.241,-0,-1,141.02,134.61,134.48,24.95,Cornering,"Hoosier 43075 16x7.5-10 R20, 7 inch rim",10275
78.22,518.349,-2.77,-354.87,-155.8,1.998,-1.17,16.74,0.23,0.0178,2.2777,12.03,17724.4,7.71,92.39,12.234,-0,-0.9996,140.87,134.39,134.64,24.94,Cornering,"Hoosier 43075 16x7.5-10 R20, 7 inch rim",10276
78.21,518.359,0.55,-356.37,-157.26,1.996,-0.29,18.94,0.03,-0.0035,2.2662,12.06,156365.23,7.71,92.42,12.232,-0,-1,140.74,134.3,134.68,24.93,Cornering,"Hoosier 43075 16x7.5-10 R20, 7 inch rim",10277
78.18,518.369,2.63,-353.64,-156.28,2.006,-0.94,19.28,0.16,-0.0168,2.2628,12.14,25143.14,7.71,92.44,12.24,-0,-0.9997,140.74,134.34,134.62,24.92,Cornering,"Hoosier 43075 16x7.5-10 R20, 7 inch rim",10278
78.2,518.379,4.83,-348.85,-155.2,2.005,-0.6,20.01,0.09,-0.0311,2.2478,12.19,43308.83,7.71,92.43,12.24,-0,-0.9998,140.72,134.39,134.52,24.92,Cornering,"Hoosier 43075 16x7.5-10 R20, 7 inch rim",10279
78.22,518.389,5.28,-343.6,-153.74,2.004,-0.01,19.62,-0.04,-0.0344,2.235,12.2,-97242.65,7.71,92.43,12.24,-0,-1.0001,140.78,134.52,134.44,24.94,Cornering,"Hoosier 43075 16x7.5-10 R20, 7 inch rim",10280
78.2,518.399,5.08,-339.8,-150.88,2.001,-0.5,19.43,0.16,-0.0337,2.2522,12.14,25173.98,7.71,92.41,12.222,-0,-0.9997,140.91,134.67,134.46,24.95,Cornering,"Hoosier 43075 16x7.5-10 R20, 7 inch rim",10281
78.19,518.409,3.84,-338.63,-149.36,2.009,-0.36,19.19,0.09,-0.0257,2.2671,12.06,43391.5,7.71,92.41,12.227,-0,-0.9998,141.15,134.92,134.32,24.96,Cornering,"Hoosier 43075 16x7.5-10 R20, 7 inch rim",10282
78.22,518.419,1.94,-339.07,-149.03,2.001,0.38,18.55,0.09,-0.013,2.2751,12,43413.25,7.71,92.39,12.217,-0,-0.9998,141.36,135.14,134.24,24.97,Cornering,"Hoosier 43075 16x7.5-10 R20, 7 inch rim",10283
78.22,518.429,-1.11,-341.85,-149.4,1.999,-0.3,16.37,0.09,0.0074,2.2882,11.97,43391.96,7.71,92.39,12.224,-0,-0.9998,141.6,135.33,134.24,24.96,Cornering,"Hoosier 43075 16x7.5-10 R20, 7 inch rim",10284
78.18,518.439,-4.35,-343.97,-150.48,1.989,-0.38,13.77,0.23,0.0289,2.2858,12,17751.09,7.71,92.39,12.204,-0,-0.9996,141.64,135.33,134.26,24.97,Cornering,"Hoosier 43075 16x7.5-10 R20, 7 inch rim",10285
78.2,518.449,-8.29,-346.42,-152.57,1.999,-1.06,9.75,0.16,0.0543,2.2706,12.08,25206.55,7.71,92.38,12.187,-0,-0.9997,141.6,135.16,134.44,24.98,Cornering,"Hoosier 43075 16x7.5-10 R20, 7 inch rim",10286
78.22,518.459,-10.32,-348.41,-154.46,2.006,-1.36,6.65,0.03,0.0668,2.2557,12.14,156729.69,7.71,92.38,12.168,-0,-1,141.47,134.94,134.64,24.98,Cornering,"Hoosier 43075 16x7.5-10 R20, 7 inch rim",10287
78.2,518.469,-10.75,-349.86,-156.38,1.996,-0.14,4.14,0.03,0.0687,2.2373,12.17,156678.36,7.71,92.43,12.131,-0,-1,141.39,134.87,134.78,24.97,Cornering,"Hoosier 43075 16x7.5-10 R20, 7 inch rim",10288
78.19,518.479,-10.59,-349.98,-156.59,1.99,0.58,1.34,0.03,0.0676,2.235,12.14,156724.59,7.71,92.47,12.114,-0,-1,141.21,134.85,135.02,24.97,Cornering,"Hoosier 43075 16x7.5-10 R20, 7 inch rim",10289
78.22,518.489,-11.14,-347.6,-155.43,2.014,-0.03,-2.05,0.09,0.0717,2.2364,12.1,43442.97,7.71,92.47,12.094,-0,-0.9998,141.19,134.92,134.94,24.98,Cornering,"Hoosier 43075 16x7.5-10 R20, 7 inch rim",10290
78.22,518.499,-13.5,-343.71,-154.04,2.001,-0.17,-6.61,0.03,0.0876,2.2313,12.03,156908.59,7.71,92.5,12.046,-0,-1,141.3,134.96,135,25,Cornering,"Hoosier 43075 16x7.5-10 R20, 7 inch rim",10291
78.19,518.509,-15.26,-339.93,-151.49,2.005,-1.75,-9.32,0.16,0.1007,2.2439,12,25256.05,7.71,92.5,12.031,-0,-0.9997,141.3,135.05,134.98,25.01,Cornering,"Hoosier 43075 16x7.5-10 R20, 7 inch rim",10292
78.2,518.519,-16.29,-336.87,-149.59,2.002,-1.95,-9.99,0.09,0.1089,2.2519,12.01,43563.48,7.71,92.49,11.969,-0,-0.9998,141.47,135.2,134.86,25.04,Cornering,"Hoosier 43075 16x7.5-10 R20, 7 inch rim",10293
78.23,518.529,-14.45,-336.15,-148.56,2.009,-1.88,-6.24,-0.04,0.0973,2.2627,12.06,-97714.99,7.71,92.47,11.929,-0,-1.0001,141.73,135.49,134.88,25.03,Cornering,"Hoosier 43075 16x7.5-10 R20, 7 inch rim",10294
78.2,518.539,-11.69,-338.31,-148.47,2.005,-1.16,-0.62,0.09,0.0787,2.2786,12.12,43565.52,7.71,92.46,11.892,-0,-0.9998,141.92,135.73,134.84,25.03,Cornering,"Hoosier 43075 16x7.5-10 R20, 7 inch rim",10295
78.18,518.549,-8.49,-341.87,-149.19,2.006,0.15,5.87,0.09,0.0569,2.2915,12.11,43553.38,7.71,92.43,11.84,-0,-0.9998,142.03,135.84,135.02,25.02,Cornering,"Hoosier 43075 16x7.5-10 R20, 7 inch rim",10296
78.21,518.559,-6.6,-346.51,-149.97,2.006,0.25,10.3,0.16,0.044,2.3106,12.1,25260.96,7.71,92.41,11.783,-0,-0.9997,142.01,135.82,135.23,25,Cornering,"Hoosier 43075 16x7.5-10 R20, 7 inch rim",10297
78.21,518.569,-5.7,-351.44,-151.03,2.004,-0.24,12.63,0.09,0.0378,2.3269,12.06,43518.88,7.71,92.4,11.737,-0,-0.9998,141.9,135.62,135.35,24.99,Cornering,"Hoosier 43075 16x7.5-10 R20, 7 inch rim",10298
78.19,518.579,-4.36,-355.87,-152.97,1.999,0.09,14.21,0.03,0.0285,2.3264,12.03,157043.3,7.71,92.41,11.677,-0,-1,141.84,135.51,135.61,24.98,Cornering,"Hoosier 43075 16x7.5-10 R20, 7 inch rim",10299
78.2,518.589,-1.92,-357.25,-153.75,1.998,-1.02,15.99,0.09,0.0125,2.3235,12.04,43532.93,7.71,92.45,11.645,-0,-0.9998,141.73,135.53,135.69,24.99,Cornering,"Hoosier 43075 16x7.5-10 R20, 7 inch rim",10300
78.23,518.599,1.82,-355.4,-153.46,1.995,-2.35,18.52,0.03,-0.0119,2.3159,12.09,157087.47,7.71,92.48,11.597,-0,-1,141.71,135.55,135.79,24.98,Cornering,"Hoosier 43075 16x7.5-10 R20, 7 inch rim",10301
78.2,518.609,4.79,-351.09,-152.53,1.998,-2.99,20.27,0.09,-0.0314,2.3018,12.11,43526.03,7.71,92.48,11.558,-0,-0.9998,141.79,135.66,135.69,24.98,Cornering,"Hoosier 43075 16x7.5-10 R20, 7 inch rim",10302
78.19,518.619,6.28,-345.36,-151.5,1.993,-2.22,20.93,0.09,-0.0415,2.2797,12.1,43500.93,7.72,92.47,11.524,-0,-0.9998,141.9,135.73,135.69,24.96,Cornering,"Hoosier 43075 16x7.5-10 R20, 7 inch rim",10303
78.2,518.629,6.11,-340.48,-148.78,1.995,-2.38,20.62,0.09,-0.0411,2.2884,12.07,43487.41,7.72,92.43,11.479,-0,-0.9998,142.05,135.88,135.69,24.95,Cornering,"Hoosier 43075 16x7.5-10 R20, 7 inch rim",10304
78.22,518.639,4.64,-337.69,-146.89,1.983,-1.38,20.04,0.09,-0.0316,2.299,12.02,43493.21,7.72,92.41,11.441,-0,-0.9998,142.22,136.02,135.61,24.95,Cornering,"Hoosier 43075 16x7.5-10 R20, 7 inch rim",10305
78.2,518.649,3.69,-338.19,-146.57,1.992,-0.36,20.82,0.16,-0.0252,2.3073,12,25271.13,7.72,92.41,11.402,-0,-0.9997,142.5,136.26,135.55,24.97,Cornering,"Hoosier 43075 16x7.5-10 R20, 7 inch rim",10306
78.19,518.659,2.02,-341.01,-146.92,2.006,0.99,21.19,0.09,-0.0137,2.321,12.05,43544.98,7.71,92.43,11.365,-0,-0.9998,142.61,136.37,135.55,24.97,Cornering,"Hoosier 43075 16x7.5-10 R20, 7 inch rim",10307
78.22,518.669,1.25,-346.06,-148.18,1.996,1.9,21.89,0.09,-0.0084,2.3354,12.13,43559.77,7.71,92.41,11.333,-0,-0.9998,142.76,136.41,135.63,24.98,Cornering,"Hoosier 43075 16x7.5-10 R20, 7 inch rim",10308
78.21,518.679,0.62,-351.79,-149.15,1.999,1.32,22.26,0.09,-0.0041,2.3587,12.22,43513.47,7.71,92.4,11.305,-0,-0.9998,142.69,136.26,135.75,24.95,Cornering,"Hoosier 43075 16x7.5-10 R20, 7 inch rim",10309
78.19,518.689,-0.26,-357.79,-150.52,1.993,0.33,20.97,-0.04,0.0017,2.377,12.27,-97600.97,7.72,92.46,11.267,-0,-1.0001,142.59,136.06,135.89,24.94,Cornering,"Hoosier 43075 16x7.5-10 R20, 7 inch rim",10310
78.21,518.699,-0.49,-362.28,-151.7,1.999,-0.63,19.22,0.09,0.0032,2.3882,12.23,43513.93,7.71,92.47,11.233,-0,-0.9998,142.44,135.91,136.05,24.94,Cornering,"Hoosier 43075 16x7.5-10 R20, 7 inch rim",10311
78.22,518.709,-0.85,-364.46,-152.12,2.004,-1.43,16.58,0.09,0.0056,2.3959,12.14,43509.91,7.71,92.52,11.191,-0,-0.9998,142.31,135.91,136.05,24.94,Cornering,"Hoosier 43075 16x7.5-10 R20, 7 inch rim",10312
78.19,518.719,-0.16,-362.46,-151.16,2.001,-2.23,14.5,0.09,0.0011,2.3979,12.06,43503.36,7.71,92.53,11.167,-0,-0.9998,142.37,135.97,135.99,24.93,Cornering,"Hoosier 43075 16x7.5-10 R20, 7 inch rim",10313
78.19,518.729,0.23,-358.3,-149.61,1.999,-2.03,12.87,0.16,-0.0016,2.3948,12.01,25265.58,7.71,92.48,11.124,-0,-0.9997,142.5,135.99,135.93,24.94,Cornering,"Hoosier 43075 16x7.5-10 R20, 7 inch rim",10314
78.22,518.739,-0.3,-352.75,-147.38,1.993,-2.06,10.9,0.09,0.002,2.3936,12.03,43555.91,7.72,92.4,11.084,-0,-0.9998,142.63,136.13,135.85,24.96,Cornering,"Hoosier 43075 16x7.5-10 R20, 7 inch rim",10315
78.21,518.749,-1.9,-347.68,-145.55,1.996,-0.83,9.16,0.09,0.013,2.3887,12.1,43570.59,7.72,92.34,11.053,-0,-0.9998,142.89,136.3,135.81,24.96,Cornering,"Hoosier 43075 16x7.5-10 R20, 7 inch rim",10316
78.19,518.759,-3.97,-345.85,-144.58,2.001,0.75,8.1,-0.04,0.0275,2.3921,12.2,-97771.88,7.71,92.33,11.023,-0,-1.0001,143.21,136.57,135.65,24.97,Cornering,"Hoosier 43075 16x7.5-10 R20, 7 inch rim",10317
78.2,518.769,-5.9,-347.43,-144.24,2.008,1.84,7.95,0.03,0.0409,2.4087,12.24,157379.84,7.71,92.32,10.981,-0,-1,143.44,136.81,135.61,24.98,Cornering,"Hoosier 43075 16x7.5-10 R20, 7 inch rim",10318
78.23,518.779,-6.97,-351.88,-145.41,2.004,2.06,8.6,0.16,0.0479,2.42,12.22,25310.67,7.71,92.29,10.937,-0,-0.9997,143.72,136.94,135.65,24.97,Cornering,"Hoosier 43075 16x7.5-10 R20, 7 inch rim",10319
78.2,518.789,-8.06,-356.51,-146.38,2.001,1.35,9.03,0.09,0.055,2.4356,12.14,43622.57,7.71,92.3,10.902,-0,-0.9998,143.77,136.96,135.83,24.98,Cornering,"Hoosier 43075 16x7.5-10 R20, 7 inch rim",10320
78.18,518.799,-8.08,-361.46,-148.35,2.009,-0.1,9.63,0.03,0.0545,2.4366,12.05,157479.95,7.71,92.3,10.858,-0,-1,143.7,136.74,135.99,24.98,Cornering,"Hoosier 43075 16x7.5-10 R20, 7 inch rim",10321
78.21,518.809,-7.6,-365.3,-150.36,2.012,-0.97,9.57,0.09,0.0505,2.4295,11.97,43624.27,7.71,92.38,10.819,-0,-0.9998,143.57,136.54,136.22,24.97,Cornering,"Hoosier 43075 16x7.5-10 R20, 7 inch rim",10322
78.21,518.819,-6.68,-367.26,-151.2,1.998,-2.3,8.99,0.16,0.0442,2.429,11.98,25318.61,7.71,92.45,10.769,-0,-0.9997,143.49,136.5,136.34,24.97,Cornering,"Hoosier 43075 16x7.5-10 R20, 7 inch rim",10323
78.18,518.829,-4.83,-366.62,-151.16,1.992,-2.5,9.16,0.09,0.032,2.4253,12.04,43627.87,7.72,92.49,10.722,-0,-0.9998,143.51,136.48,136.3,24.97,Cornering,"Hoosier 43075 16x7.5-10 R20, 7 inch rim",10324
78.2,518.839,-2.33,-364.03,-149.82,1.998,-2.63,10.32,0.09,0.0155,2.4299,12.14,43644.22,7.71,92.5,10.677,-0,-0.9998,143.62,136.59,136.18,24.97,Cornering,"Hoosier 43075 16x7.5-10 R20, 7 inch rim",10325
78.22,518.849,-0.13,-359.59,-147.67,2.001,-1.3,11.71,0.09,0.0009,2.4351,12.22,43649.62,7.71,92.45,10.639,-0,-0.9998,143.81,136.59,136.1,24.97,Cornering,"Hoosier 43075 16x7.5-10 R20, 7 inch rim",10326
78.2,518.859,1.44,-355.81,-145.17,2.011,-0.47,13.52,0.09,-0.0099,2.4509,12.23,43646.45,7.71,92.42,10.589,-0,-0.9998,144,136.74,136.05,24.97,Cornering,"Hoosier 43075 16x7.5-10 R20, 7 inch rim",10327
78.19,518.869,1.89,-352.88,-142.98,2.002,1.02,15.02,0.23,-0.0132,2.4681,12.17,17839.25,7.71,92.38,10.554,-0,-0.9996,144.24,136.96,135.93,24.96,Cornering,"Hoosier 43075 16x7.5-10 R20, 7 inch rim",10328
78.2,518.879,1.38,-352.44,-142.14,2.001,1.43,16.46,0.09,-0.0097,2.4796,12.11,43638.04,7.71,92.4,10.503,-0,-0.9998,144.6,137.27,135.81,24.96,Cornering,"Hoosier 43075 16x7.5-10 R20, 7 inch rim",10329
78.22,518.889,0.2,-353.93,-143.29,1.993,2.38,17.87,0.16,-0.0014,2.4701,12.03,25348.42,7.71,92.45,10.473,-0,-0.9997,144.93,137.43,135.83,24.97,Cornering,"Hoosier 43075 16x7.5-10 R20, 7 inch rim",10330
78.19,518.899,-0.37,-357.49,-145.31,2.005,1.71,19.7,0.03,0.0025,2.4602,12,157803.03,7.71,92.47,10.434,-0,-1,145.08,137.51,136.01,25,Cornering,"Hoosier 43075 16x7.5-10 R20, 7 inch rim",10331
78.2,518.909,-1.1,-361.67,-146.74,2.006,-0.38,20.52,0.16,0.0075,2.4647,12.03,25396.65,7.71,92.51,10.384,-0,-0.9997,145.03,137.4,136.24,25.01,Cornering,"Hoosier 43075 16x7.5-10 R20, 7 inch rim",10332
78.22,518.919,-0.82,-365.46,-149.63,2.004,-1.03,21.01,0.03,0.0055,2.4425,12.11,157952.23,7.71,92.53,10.354,-0,-1,144.95,137.16,136.48,25.02,Cornering,"Hoosier 43075 16x7.5-10 R20, 7 inch rim",10333
78.21,518.929,-0.25,-367.9,-151.1,1.998,-2.76,20.3,0.16,0.0017,2.4348,12.16,25395.5,7.71,92.57,10.324,-0,-0.9997,144.82,136.99,136.64,25.01,Cornering,"Hoosier 43075 16x7.5-10 R20, 7 inch rim",10334
78.18,518.939,0.31,-367.55,-152.42,2.002,-2.04,18.66,0.16,-0.0021,2.4115,12.16,25392.76,7.71,92.61,10.284,-0,-0.9997,144.71,136.92,136.68,25,Cornering,"Hoosier 43075 16x7.5-10 R20, 7 inch rim",10335
78.21,518.949,0.63,-364.3,-151.52,2.001,-1.2,16.71,0.09,-0.0042,2.4043,12.1,43733.49,7.71,92.64,10.248,-0,-0.9998,144.73,136.96,136.58,24.99,Cornering,"Hoosier 43075 16x7.5-10 R20, 7 inch rim",10336
78.23,518.959,0.79,-360.3,-149.18,1.992,-1.23,14.59,0.23,-0.0053,2.4152,12.04,17891.52,7.71,92.63,10.211,-0,-0.9996,144.88,137.03,136.4,25,Cornering,"Hoosier 43075 16x7.5-10 R20, 7 inch rim",10337
78.19,518.969,0.99,-355.22,-146.99,1.99,0.71,13.54,0.09,-0.0067,2.4166,11.97,43763.93,7.72,92.59,10.172,-0,-0.9998,145.08,137.18,136.3,25,Cornering,"Hoosier 43075 16x7.5-10 R20, 7 inch rim",10338
78.19,518.979,0.37,-352.04,-144.43,1.993,1.15,12.56,0.16,-0.0026,2.4374,11.98,25427.32,7.72,92.57,10.142,-0,-0.9997,145.31,137.36,136.22,25.03,Cornering,"Hoosier 43075 16x7.5-10 R20, 7 inch rim",10339
78.22,518.989,-1.41,-351.45,-143.12,1.992,1.36,11.55,0.03,0.0098,2.4556,12.02,158108.08,7.71,92.54,10.108,-0,-1,145.57,137.62,136.1,25.03,Cornering,"Hoosier 43075 16x7.5-10 R20, 7 inch rim",10340
78.21,518.999,-3.53,-352.88,-143.27,2.004,1.4,11.05,0.16,0.0246,2.463,12.11,25427.49,7.71,92.48,10.063,-0,-0.9997,145.83,137.87,136.05,25.02,Cornering,"Hoosier 43075 16x7.5-10 R20, 7 inch rim",10341
78.19,519.009,-5.63,-356.42,-144.57,2.004,0.19,10.83,0.23,0.039,2.4653,12.17,17906.37,7.71,92.47,10.013,-0,-0.9996,146.06,137.98,136.14,25.01,Cornering,"Hoosier 43075 16x7.5-10 R20, 7 inch rim",10342
78.2,519.019,-7.27,-359.74,-147.23,1.995,-0.13,10.68,0.16,0.0494,2.4434,12.19,25403.92,7.71,92.44,9.986,-0,-0.9997,146.13,137.89,136.32,24.99,Cornering,"Hoosier 43075 16x7.5-10 R20, 7 inch rim",10343
78.22,519.029,-7.35,-363.31,-149.53,2.012,-1.63,11.39,0.09,0.0492,2.4296,12.12,43723.97,7.71,92.45,9.936,-0,-0.9998,146.08,137.76,136.54,24.96,Cornering,"Hoosier 43075 16x7.5-10 R20, 7 inch rim",10344
78.19,519.039,-6.86,-365.7,-151.62,1.999,-2.11,11.46,0.09,0.0452,2.412,12.04,43729.17,7.71,92.47,9.896,-0,-0.9998,146.02,137.49,136.74,24.96,Cornering,"Hoosier 43075 16x7.5-10 R20, 7 inch rim",10345
78.19,519.049,-5.44,-365.98,-152.87,2.002,-1.73,11.78,0.16,0.0356,2.394,11.98,25373.45,7.71,92.48,9.843,-0,-0.9997,145.91,137.47,136.86,24.95,Cornering,"Hoosier 43075 16x7.5-10 R20, 7 inch rim",10346
78.21,519.059,-3.82,-364.09,-153.19,1.999,-0.68,12,0.03,0.025,2.3768,11.99,157733.25,7.71,92.5,9.814,-0,-1,145.85,137.47,136.84,24.94,Cornering,"Hoosier 43075 16x7.5-10 R20, 7 inch rim",10347
78.21,519.069,-2.1,-360.72,-151.15,1.993,-0.82,12.42,0.16,0.0139,2.3866,12.02,25373.19,7.71,92.49,9.767,-0,-0.9997,145.91,137.47,136.74,24.94,Cornering,"Hoosier 43075 16x7.5-10 R20, 7 inch rim",10348
78.19,519.079,-0.76,-356.75,-149.12,2.001,0.56,13.12,-0.11,0.0051,2.3924,12.13,-37428.06,7.71,92.5,9.722,-0,-1.0002,146.08,137.54,136.56,24.96,Cornering,"Hoosier 43075 16x7.5-10 R20, 7 inch rim",10349
78.2,519.089,-0.05,-353.57,-146.43,2.002,0.63,13.87,0.16,0.0004,2.4146,12.19,25414.17,7.71,92.49,9.691,-0,-0.9997,146.21,137.65,136.44,24.98,Cornering,"Hoosier 43075 16x7.5-10 R20, 7 inch rim",10350
78.23,519.099,0.01,-352.22,-144.45,2.001,1.03,14.82,0.23,-0.0001,2.4384,12.2,17913.64,7.71,92.51,9.638,-0,-0.9996,146.45,137.8,136.28,24.99,Cornering,"Hoosier 43075 16x7.5-10 R20, 7 inch rim",10351
78.2,519.109,-0.57,-353.62,-144.23,1.996,0.59,15.95,0.09,0.0039,2.4518,12.18,43819.54,7.71,92.54,9.585,-0,-0.9998,146.75,138,136.1,24.99,Cornering,"Hoosier 43075 16x7.5-10 R20, 7 inch rim",10352
78.2,519.119,-1.27,-356.11,-144.8,2.002,0.22,17.52,0.09,0.0087,2.4593,12.09,43832.57,7.71,92.54,9.562,-0,-0.9998,146.98,138.11,136.07,25,Cornering,"Hoosier 43075 16x7.5-10 R20, 7 inch rim",10353
78.23,519.129,-1.83,-359.33,-147.1,2.008,0.17,19.01,0.16,0.0125,2.4427,12.01,25468.52,7.71,92.54,9.512,-0,-0.9997,147.05,138.11,136.22,25.02,Cornering,"Hoosier 43075 16x7.5-10 R20, 7 inch rim",10354
78.23,519.139,-1.79,-362.7,-149.07,2.009,-1.1,20.19,0.09,0.012,2.4331,12,43894.99,7.71,92.57,9.469,-0,-0.9998,147.01,137.91,136.46,25.03,Cornering,"Hoosier 43075 16x7.5-10 R20, 7 inch rim",10355
78.2,519.149,-1.43,-365.55,-151.15,1.993,-2.01,20.65,0.09,0.0095,2.4185,12.06,43919.4,7.71,92.58,9.436,-0,-0.9998,146.9,137.62,136.68,25.04,Cornering,"Hoosier 43075 16x7.5-10 R20, 7 inch rim",10356
78.21,519.159,-0.72,-366.61,-153.03,2.002,-1.45,20.43,0.09,0.0047,2.3956,12.14,43914.18,7.71,92.64,9.396,-0,-0.9998,146.79,137.43,136.86,25.03,Cornering,"Hoosier 43075 16x7.5-10 R20, 7 inch rim",10357
78.24,519.169,-0.32,-365.67,-153.41,2.006,-1.22,18.96,0.09,0.0021,2.3836,12.22,43877.02,7.71,92.71,9.367,-0,-0.9998,146.75,137.29,136.9,25.01,Cornering,"Hoosier 43075 16x7.5-10 R20, 7 inch rim",10358
78.22,519.179,0.34,-362.54,-152.76,1.996,-0.12,17.47,0.16,-0.0022,2.3734,12.27,25446.42,7.71,92.79,9.326,-0,-0.9997,146.75,137.29,136.82,24.98,Cornering,"Hoosier 43075 16x7.5-10 R20, 7 inch rim",10359
78.2,519.189,0.67,-358.54,-150.81,1.992,0.73,16.03,0.16,-0.0045,2.3774,12.22,25431.54,7.71,92.84,9.286,-0,-0.9997,146.88,137.29,136.66,24.97,Cornering,"Hoosier 43075 16x7.5-10 R20, 7 inch rim",10360
78.23,519.199,0.9,-354.88,-149.07,1.999,1.48,15.24,0.09,-0.0061,2.3805,12.16,43830.97,7.71,92.82,9.244,-0,-0.9998,147.07,137.34,136.54,24.97,Cornering,"Hoosier 43075 16x7.5-10 R20, 7 inch rim",10361
78.24,519.209,0.45,-352.93,-146.18,1.993,0.43,14.68,0.09,-0.0031,2.4144,12.06,43867.36,7.71,92.8,9.195,-0,-0.9998,147.26,137.36,136.44,24.99,Cornering,"Hoosier 43075 16x7.5-10 R20, 7 inch rim",10362
78.21,519.219,-0.72,-352.85,-145.23,2.008,-0.06,14.59,0.09,0.0049,2.4297,11.98,43900.12,7.71,92.81,9.177,-0,-0.9998,147.56,137.6,136.3,25.01,Cornering,"Hoosier 43075 16x7.5-10 R20, 7 inch rim",10363
78.22,519.229,-2.71,-354.68,-145.92,2.002,0.09,14.27,0.03,0.0186,2.4306,12,158440.72,7.71,92.78,9.134,-0,-1,147.84,137.84,136.2,25.01,Cornering,"Hoosier 43075 16x7.5-10 R20, 7 inch rim",10364
78.25,519.239,-4.7,-357.77,-147.09,2.004,-0.89,14.28,0.09,0.032,2.4323,12.06,43910.21,7.71,92.74,9.092,-0,-0.9998,147.99,138.02,136.28,25.01,Cornering,"Hoosier 43075 16x7.5-10 R20, 7 inch rim",10365
78.23,519.249,-6.28,-360.64,-149.9,2.005,-0.42,14.29,0.09,0.0419,2.4059,12.14,43883.41,7.71,92.72,9.061,-0,-0.9998,147.91,138,136.46,24.99,Cornering,"Hoosier 43075 16x7.5-10 R20, 7 inch rim",10366
78.21,519.259,-7.11,-363.06,-151.35,1.995,-1.41,14.09,0.16,0.047,2.3989,12.17,25462.8,7.71,92.73,9.005,-0,-0.9997,147.76,137.8,136.68,24.98,Cornering,"Hoosier 43075 16x7.5-10 R20, 7 inch rim",10367
78.25,519.269,-7.32,-365.01,-153.53,1.993,-0.79,13.32,0.09,0.0477,2.3774,12.16,43864.16,7.71,92.76,8.965,-0,-0.9998,147.56,137.67,136.82,24.97,Cornering,"Hoosier 43075 16x7.5-10 R20, 7 inch rim",10368
78.26,519.279,-5.41,-364.98,-154.14,1.992,-0.82,13.94,0.03,0.0351,2.3679,12.06,158339.42,7.71,92.79,8.941,-0,-1,147.37,137.56,136.96,24.98,Cornering,"Hoosier 43075 16x7.5-10 R20, 7 inch rim",10369
78.23,519.289,-3.76,-363.14,-154.11,2.001,-0.44,13.79,-0.04,0.0244,2.3564,12,-98416.34,7.71,92.82,8.895,-0,-1.0001,147.29,137.6,136.96,24.97,Cornering,"Hoosier 43075 16x7.5-10 R20, 7 inch rim",10370
78.23,519.299,-1.91,-359.75,-152.91,2.001,0.14,14.15,0.16,0.0125,2.3527,12,25455.72,7.71,92.81,8.848,-0,-0.9997,147.33,137.69,136.88,24.96,Cornering,"Hoosier 43075 16x7.5-10 R20, 7 inch rim",10371
78.26,519.309,-0.53,-356.23,-151.05,2.001,0.23,14.4,0.16,0.0035,2.3583,12.05,25458.02,7.71,92.8,8.813,-0,-0.9997,147.48,137.8,136.82,24.96,Cornering,"Hoosier 43075 16x7.5-10 R20, 7 inch rim",10372
78.25,519.319,0.16,-353.82,-149.27,2.008,0.16,14.98,0.16,-0.0011,2.3703,12.12,25472.51,7.71,92.77,8.773,-0,-0.9997,147.61,137.84,136.74,24.97,Cornering,"Hoosier 43075 16x7.5-10 R20, 7 inch rim",10373
78.23,519.329,-0.03,-352.78,-147.22,2.002,-0.4,15.74,0.16,0.0002,2.3963,12.19,25475.83,7.71,92.73,8.723,-0,-0.9997,147.82,138.06,136.62,24.97,Cornering,"Hoosier 43075 16x7.5-10 R20, 7 inch rim",10374
78.25,519.339,-0.95,-353.55,-147,1.998,-0.41,16.68,0.03,0.0065,2.4051,12.18,158521.66,7.71,92.72,8.679,-0,-1,148.1,138.31,136.46,24.99,Cornering,"Hoosier 43075 16x7.5-10 R20, 7 inch rim",10375
78.27,519.349,-2.09,-355.86,-148.07,1.998,-0.41,18.02,0.09,0.0141,2.4033,12.13,43932.22,7.71,92.67,8.638,-0,-0.9998,148.25,138.42,136.42,24.99,Cornering,"Hoosier 43075 16x7.5-10 R20, 7 inch rim",10376
78.24,519.359,-3.05,-357.97,-149.43,1.989,-0.05,19.37,0.16,0.0204,2.3956,12.05,25490,7.71,92.66,8.597,-0,-0.9997,148.34,138.44,136.54,24.98,Cornering,"Hoosier 43075 16x7.5-10 R20, 7 inch rim",10377
78.24,519.369,-3.92,-360.4,-151.8,1.992,0.24,19.94,0.09,0.0258,2.3742,11.98,43981.82,7.71,92.67,8.56,-0,-0.9998,148.19,138.22,136.76,25.01,Cornering,"Hoosier 43075 16x7.5-10 R20, 7 inch rim",10378
78.27,519.379,-3.38,-362.56,-153.98,2.011,0.42,20.87,0.09,0.0219,2.3547,12,44027.7,7.71,92.72,8.514,-0,-0.9998,147.99,137.98,136.94,25.04,Cornering,"Hoosier 43075 16x7.5-10 R20, 7 inch rim",10379
78.27,519.389,-2.24,-363.74,-155.15,1.999,-0.02,21.09,0.16,0.0144,2.3445,12.07,25580.05,7.71,92.76,8.485,-0,-0.9997,147.84,137.91,137.04,25.06,Cornering,"Hoosier 43075 16x7.5-10 R20, 7 inch rim",10380
78.24,519.399,-1,-362.97,-155.38,2.006,-0.07,20.43,0.09,0.0064,2.336,12.14,44064.31,7.71,92.74,8.46,-0,-0.9998,147.71,137.8,137.07,25.05,Cornering,"Hoosier 43075 16x7.5-10 R20, 7 inch rim",10381
78.26,519.409,0.1,-360.64,-154.79,2.002,0.24,19.48,0.09,-0.0006,2.3298,12.19,44039.57,7.71,92.73,8.407,-0,-0.9998,147.63,137.8,136.96,25.04,Cornering,"Hoosier 43075 16x7.5-10 R20, 7 inch rim",10382
78.28,519.419,0.84,-357.45,-152.4,2.001,-0.83,18.34,0.09,-0.0055,2.3455,12.17,44012.75,7.71,92.71,8.372,-0,-0.9998,147.69,137.91,136.88,25.02,Cornering,"Hoosier 43075 16x7.5-10 R20, 7 inch rim",10383
78.27,519.429,1.23,-354.27,-149.87,2.002,-1.37,17.68,0.03,-0.0082,2.3639,12.1,158728.36,7.71,92.69,8.346,-0,-1,147.8,137.93,136.78,25,Cornering,"Hoosier 43075 16x7.5-10 R20, 7 inch rim",10384
78.25,519.439,0.93,-352,-147.97,2.004,-1.28,17.28,0.03,-0.0063,2.3789,12,158861.75,7.71,92.66,8.288,-0,-1,147.91,138.02,136.68,25.02,Cornering,"Hoosier 43075 16x7.5-10 R20, 7 inch rim",10385
78.27,519.449,-0.39,-351.49,-147.72,1.99,-0.23,16.95,0.16,0.0027,2.3795,11.97,25571.55,7.71,92.61,8.246,-0,-0.9997,148.12,138.22,136.56,25.04,Cornering,"Hoosier 43075 16x7.5-10 R20, 7 inch rim",10386
78.28,519.459,-2.31,-352.11,-148.32,1.998,0.93,16.99,0.09,0.0156,2.3741,11.97,44091.61,7.71,92.62,8.209,-0,-0.9998,148.36,138.37,136.48,25.05,Cornering,"Hoosier 43075 16x7.5-10 R20, 7 inch rim",10387
78.26,519.469,-4.31,-354.25,-149.8,1.999,1,17,0.09,0.0288,2.3649,12.05,44105.18,7.71,92.61,8.177,-0,-0.9998,148.44,138.35,136.54,25.06,Cornering,"Hoosier 43075 16x7.5-10 R20, 7 inch rim",10388
78.27,519.479,-5.9,-356.71,-151.57,2.005,0.55,17.01,0.23,0.0389,2.3534,12.15,18030.04,7.71,92.64,8.153,-0,-0.9996,148.4,138.22,136.72,25.05,Cornering,"Hoosier 43075 16x7.5-10 R20, 7 inch rim",10389
78.3,519.489,-6.66,-358.82,-152.98,1.995,-0.02,16.61,0.16,0.0435,2.3455,12.22,25586.34,7.71,92.67,8.103,-0,-0.9997,148.21,137.98,136.98,25.04,Cornering,"Hoosier 43075 16x7.5-10 R20, 7 inch rim",10390
78.27,519.499,-6.63,-361.23,-155.46,1.993,-0.17,16.01,0.16,0.0426,2.3236,12.22,25559.01,7.71,92.68,8.066,-0,-0.9997,148.01,137.8,137.21,25.01,Cornering,"Hoosier 43075 16x7.5-10 R20, 7 inch rim",10391
78.26,519.509,-5.85,-361.54,-156.11,2.001,-0.41,15.26,0.16,0.0375,2.316,12.17,25555.62,7.71,92.71,8.024,-0,-0.9997,147.86,137.71,137.31,25.01,Cornering,"Hoosier 43075 16x7.5-10 R20, 7 inch rim",10392
78.29,519.519,-4.01,-360.26,-155.78,1.985,-0.75,15.37,0.09,0.0257,2.3127,12.08,44044.09,7.71,92.75,7.983,-0,-0.9998,147.76,137.71,137.25,25.01,Cornering,"Hoosier 43075 16x7.5-10 R20, 7 inch rim",10393
78.29,519.529,-2.39,-357.7,-153.63,1.99,-1.56,15.29,0.23,0.0156,2.3284,11.97,18010.18,7.71,92.78,7.935,-0,-0.9996,147.78,137.8,137.15,25.01,Cornering,"Hoosier 43075 16x7.5-10 R20, 7 inch rim",10394
78.27,519.539,-1.11,-354.19,-152.05,1.998,-0.82,15.87,0.09,0.0073,2.3294,11.94,44073.69,7.71,92.81,7.894,-0,-0.9998,147.91,137.87,137.04,25.03,Cornering,"Hoosier 43075 16x7.5-10 R20, 7 inch rim",10395
78.27,519.549,-0.27,-351.2,-149.43,2.012,-0.82,16.61,0.09,0.0018,2.3503,11.99,44077.51,7.71,92.81,7.857,-0,-0.9998,148.06,137.91,136.96,25.03,Cornering,"Hoosier 43075 16x7.5-10 R20, 7 inch rim",10396
78.3,519.559,-0.34,-349.64,-148.16,1.998,-0.42,17.57,0.16,0.0023,2.3598,12.08,25592.43,7.71,92.81,7.805,-0,-0.9997,148.25,138.09,136.82,25.03,Cornering,"Hoosier 43075 16x7.5-10 R20, 7 inch rim",10397
78.27,519.569,-1.59,-349.45,-148.6,1.992,0.83,18.21,0.09,0.0107,2.3516,12.17,44076.48,7.71,92.8,7.766,-0,-0.9998,148.4,138.26,136.68,25.02,Cornering,"Hoosier 43075 16x7.5-10 R20, 7 inch rim",10398
78.26,519.579,-3.27,-350.39,-149.5,2.002,1.31,19.05,0.03,0.0219,2.3437,12.22,159220.59,7.71,92.75,7.726,-0,-1,148.55,138.31,136.68,25.04,Cornering,"Hoosier 43075 16x7.5-10 R20, 7 inch rim",10399
78.29,519.589,-4.19,-352.51,-151.44,1.999,0.95,20.31,0.03,0.0277,2.3277,12.19,159123.53,7.71,92.76,7.689,-0,-1,148.55,138.26,136.82,25.03,Cornering,"Hoosier 43075 16x7.5-10 R20, 7 inch rim",10400
78.3,519.599,-4.53,-355.27,-153.41,2.004,0.26,21.1,0.03,0.0296,2.3158,12.13,159101.64,7.71,92.75,7.648,-0,-1,148.34,138.06,136.98,25.02,Cornering,"Hoosier 43075 16x7.5-10 R20, 7 inch rim",10401
78.27,519.609,-3.65,-357.67,-155.65,1.999,0.24,22.14,0.16,0.0234,2.2979,12.03,25598.1,7.71,92.73,7.606,-0,-0.9997,148.08,137.84,137.19,25.03,Cornering,"Hoosier 43075 16x7.5-10 R20, 7 inch rim",10402
78.27,519.619,-2.59,-359.35,-156.91,1.999,-0.69,22.06,0.09,0.0165,2.2901,11.98,44127.27,7.71,92.72,7.565,-0,-0.9998,147.91,137.73,137.29,25.04,Cornering,"Hoosier 43075 16x7.5-10 R20, 7 inch rim",10403
78.3,519.629,-1.02,-358.89,-156.96,2.001,-1.12,21.87,0.03,0.0065,2.2865,11.98,159365.2,7.71,92.72,7.529,-0,-1,147.76,137.69,137.31,25.05,Cornering,"Hoosier 43075 16x7.5-10 R20, 7 inch rim",10404
78.29,519.639,0.24,-356.27,-156.06,1.999,-0.8,21.06,0.09,-0.0015,2.2829,12.05,44166.34,7.71,92.69,7.479,-0,-0.9998,147.69,137.71,137.23,25.05,Cornering,"Hoosier 43075 16x7.5-10 R20, 7 inch rim",10405
78.27,519.649,1.09,-352.59,-153.58,1.993,-1.35,20.47,0.16,-0.0071,2.2958,12.13,25625.57,7.71,92.69,7.436,-0,-0.9997,147.74,137.76,137.15,25.04,Cornering,"Hoosier 43075 16x7.5-10 R20, 7 inch rim",10406
78.28,519.659,1.04,-349.09,-151.4,1.999,-0.54,19.6,0.09,-0.0069,2.3057,12.21,44123.43,7.71,92.69,7.394,-0,-0.9998,147.8,137.8,137.02,25.03,Cornering,"Hoosier 43075 16x7.5-10 R20, 7 inch rim",10407
78.31,519.669,0.36,-346.03,-149.6,1.999,0.54,19.12,0.09,-0.0024,2.3131,12.22,44075.35,7.71,92.67,7.363,-0,-0.9998,147.84,137.82,136.9,25,Cornering,"Hoosier 43075 16x7.5-10 R20, 7 inch rim",10408
78.28,519.679,-0.97,-345.42,-149.17,1.998,1.07,19.14,0.09,0.0065,2.3156,12.18,44078.22,7.71,92.66,7.333,-0,-0.9998,147.99,138.11,136.76,25,Cornering,"Hoosier 43075 16x7.5-10 R20, 7 inch rim",10409
78.27,519.689,-2.5,-346.03,-149.45,1.995,0.84,19.74,0.09,0.0167,2.3154,12.11,44102.2,7.71,92.62,7.295,-0,-0.9998,148.1,138.26,136.7,25.01,Cornering,"Hoosier 43075 16x7.5-10 R20, 7 inch rim",10410
78.3,519.699,-3.88,-347.99,-151.79,1.998,1.53,20.31,0.09,0.0256,2.2925,12,44136.39,7.71,92.64,7.258,-0,-0.9998,148.12,138.2,136.76,25.03,Cornering,"Hoosier 43075 16x7.5-10 R20, 7 inch rim",10411
78.3,519.709,-4.88,-350.78,-153.44,2.006,-0.15,20.67,0.09,0.0318,2.2861,11.96,44160.07,7.71,92.64,7.224,-0,-0.9998,147.97,138.04,136.94,25.04,Cornering,"Hoosier 43075 16x7.5-10 R20, 7 inch rim",10412
78.27,519.719,-5.29,-353.53,-155.85,2.014,-0.94,20.52,0.09,0.034,2.2684,11.95,44154,7.71,92.66,7.179,-0,-0.9998,147.67,137.84,137.13,25.03,Cornering,"Hoosier 43075 16x7.5-10 R20, 7 inch rim",10413
78.29,519.729,-5.35,-355.45,-157.61,1.998,-1.25,19.52,0.16,0.0339,2.2553,12.03,25600.57,7.71,92.68,7.135,-0,-0.9997,147.37,137.65,137.21,25,Cornering,"Hoosier 43075 16x7.5-10 R20, 7 inch rim",10414
78.31,519.739,-4.94,-355.47,-158.31,2.011,-1.28,18.09,0.16,0.0312,2.2454,12.13,25579.28,7.71,92.71,7.089,-0,-0.9997,147.16,137.54,137.25,24.98,Cornering,"Hoosier 43075 16x7.5-10 R20, 7 inch rim",10415
78.28,519.749,-4.09,-353.3,-157.39,2.004,-1.43,16.97,0.09,0.026,2.2448,12.2,44041.88,7.71,92.7,7.065,-0,-0.9998,146.96,137.54,137.17,24.96,Cornering,"Hoosier 43075 16x7.5-10 R20, 7 inch rim",10416
78.27,519.759,-2.52,-349.62,-155.54,2.005,-1.13,16.98,0.09,0.0162,2.2478,12.22,44035.18,7.71,92.72,7.026,-0,-0.9998,146.94,137.6,137.02,24.96,Cornering,"Hoosier 43075 16x7.5-10 R20, 7 inch rim",10417
78.3,519.769,-1.49,-345.33,-153.45,2.006,-0.2,17.05,0.09,0.0097,2.2505,12.18,44038.56,7.71,92.73,6.989,-0,-0.9998,146.96,137.6,136.96,24.96,Cornering,"Hoosier 43075 16x7.5-10 R20, 7 inch rim",10418
78.31,519.779,-0.97,-342.44,-151.12,2.002,-0.39,17.75,0.03,0.0064,2.266,12.11,158977.77,7.71,92.75,6.93,-0,-1,147.05,137.6,136.86,24.96,Cornering,"Hoosier 43075 16x7.5-10 R20, 7 inch rim",10419
78.28,519.789,-1.66,-340.94,-149.83,2.009,-0.14,18.25,0.03,0.0111,2.2755,11.98,158876.25,7.71,92.72,6.902,-0,-1,147.18,137.8,136.74,24.94,Cornering,"Hoosier 43075 16x7.5-10 R20, 7 inch rim",10420
78.29,519.799,-2.23,-340.93,-150.54,2.012,0.87,19.91,0.23,0.0148,2.2647,11.96,18002.53,7.71,92.71,6.853,-0,-0.9996,147.44,137.98,136.62,24.94,Cornering,"Hoosier 43075 16x7.5-10 R20, 7 inch rim",10421
78.31,519.809,-3.6,-342.54,-152.2,1.993,0.85,20.9,0.03,0.0236,2.2505,11.96,158905.58,7.71,92.7,6.81,-0,-1,147.54,138,136.66,24.94,Cornering,"Hoosier 43075 16x7.5-10 R20, 7 inch rim",10422
78.29,519.819,-4.55,-344.85,-154.16,2.004,-0.15,22,0.16,0.0295,2.237,12.05,25566,7.71,92.63,6.774,-0,-0.9997,147.52,137.89,136.8,24.95,Cornering,"Hoosier 43075 16x7.5-10 R20, 7 inch rim",10423
78.27,519.829,-4.98,-347.28,-155.87,1.998,-1.35,22.41,0.09,0.032,2.228,12.14,44082.77,7.71,92.64,6.721,-0,-0.9998,147.37,137.71,137.04,24.97,Cornering,"Hoosier 43075 16x7.5-10 R20, 7 inch rim",10424
78.3,519.839,-4.29,-348.76,-158.53,2.001,-0.63,23.11,0.09,0.0271,2.2,12.23,44095.49,7.71,92.63,6.693,-0,-0.9998,147.16,137.45,137.17,24.97,Cornering,"Hoosier 43075 16x7.5-10 R20, 7 inch rim",10425
78.31,519.849,-3.15,-349.2,-159.35,1.996,-1.17,23.03,0.09,0.0198,2.1913,12.25,44078.11,7.71,92.64,6.657,-0,-0.9998,147.01,137.23,137.29,24.96,Cornering,"Hoosier 43075 16x7.5-10 R20, 7 inch rim",10426
78.27,519.859,-1.86,-347.47,-159.32,1.993,-0.44,22.44,0.03,0.0117,2.1809,12.2,159121.34,7.71,92.68,6.592,-0,-1,146.83,137.25,137.27,24.97,Cornering,"Hoosier 43075 16x7.5-10 R20, 7 inch rim",10427
78.29,519.869,-0.16,-344.11,-157.72,1.996,-0.58,22.36,0.09,0.001,2.1817,12.13,44085.33,7.71,92.75,6.572,-0,-0.9998,146.66,137.25,137.21,24.96,Cornering,"Hoosier 43075 16x7.5-10 R20, 7 inch rim",10428
78.31,519.879,1.06,-340.13,-155.41,1.993,-0.68,22.16,0.23,-0.0068,2.1885,12.04,18030.86,7.71,92.83,6.525,-0,-0.9996,146.77,137.29,137.13,24.97,Cornering,"Hoosier 43075 16x7.5-10 R20, 7 inch rim",10429
78.3,519.889,1.06,-336.36,-152.92,2.008,-0.62,21.76,0.16,-0.007,2.1995,12,25591.92,7.71,92.91,6.492,-0,-0.9997,146.77,137.29,137.11,24.96,Cornering,"Hoosier 43075 16x7.5-10 R20, 7 inch rim",10430
78.27,519.899,0.29,-334.32,-152.05,1.996,0.27,21.54,0.09,-0.0019,2.1988,12.02,44074.49,7.71,92.95,6.458,-0,-0.9998,146.81,137.45,137.07,24.95,Cornering,"Hoosier 43075 16x7.5-10 R20, 7 inch rim",10431
78.3,519.909,-1.05,-334.22,-151.48,2.004,-0.42,21.9,0.16,0.0069,2.2063,12.08,25583.77,7.71,92.95,6.415,-0,-0.9997,146.9,137.65,136.96,24.95,Cornering,"Hoosier 43075 16x7.5-10 R20, 7 inch rim",10432
78.31,519.919,-2.92,-334.8,-152.32,1.998,0.09,22.3,0.16,0.0192,2.198,12.19,25585.96,7.71,92.94,6.369,-0,-0.9997,146.98,137.71,136.94,24.95,Cornering,"Hoosier 43075 16x7.5-10 R20, 7 inch rim",10433
78.28,519.929,-4.28,-336.78,-153.49,1.992,-1.02,23.05,0.09,0.0279,2.1941,12.24,44095.01,7.71,92.96,6.333,-0,-0.9998,146.92,137.69,137.04,24.96,Cornering,"Hoosier 43075 16x7.5-10 R20, 7 inch rim",10434
78.27,519.939,-5.4,-338.63,-155.75,2.009,-1.05,23.2,0.16,0.0347,2.1742,12.21,25618.95,7.71,92.99,6.3,-0,-0.9997,146.77,137.43,137.23,24.98,Cornering,"Hoosier 43075 16x7.5-10 R20, 7 inch rim",10435
78.31,519.949,-5.24,-340.1,-157.71,1.999,-0.98,23.62,0.16,0.0333,2.1565,12.11,25626.98,7.71,93.03,6.256,-0,-0.9997,146.53,137.23,137.43,24.98,Cornering,"Hoosier 43075 16x7.5-10 R20, 7 inch rim",10436
78.31,519.959,-4.97,-341.14,-159.12,1.996,-1.21,22.84,0.03,0.0312,2.1439,12.06,159453.81,7.71,93.06,6.222,-0,-1,146.3,137.07,137.55,25,Cornering,"Hoosier 43075 16x7.5-10 R20, 7 inch rim",10437
78.28,519.969,-4.16,-340.21,-159.54,2.004,-1.08,21.67,0.16,0.0261,2.1325,11.97,25648.21,7.71,93.07,6.183,-0,-0.9997,146.21,137.05,137.61,25,Cornering,"Hoosier 43075 16x7.5-10 R20, 7 inch rim",10438
78.3,519.979,-3.22,-336.97,-158.36,2.004,-0.69,20.28,0.03,0.0203,2.1279,11.98,159440.75,7.71,93.07,6.138,-0,-1,146.04,136.99,137.57,25,Cornering,"Hoosier 43075 16x7.5-10 R20, 7 inch rim",10439
78.31,519.989,-2.11,-333.29,-156.59,2.004,-0.76,19.54,0.16,0.0135,2.1285,12.04,25646.22,7.71,93.07,6.097,-0,-0.9997,145.98,136.96,137.43,25,Cornering,"Hoosier 43075 16x7.5-10 R20, 7 inch rim",10440
78.3,519.999,-1.55,-329.48,-154.07,2.002,-0.96,19.2,0.03,0.01,2.1385,12.13,159425.72,7.71,93.11,6.061,-0,-1,145.93,137.01,137.27,24.99,Cornering,"Hoosier 43075 16x7.5-10 R20, 7 inch rim",10441
78.29,520.009,-1.89,-326.4,-152.36,1.995,-0.45,18.86,0.16,0.0124,2.1422,12.19,25638.02,7.72,93.11,6.015,-0,-0.9997,145.89,137.01,137.02,24.98,Cornering,"Hoosier 43075 16x7.5-10 R20, 7 inch rim",10442
78.31,520.019,-2.18,-324.93,-150.88,2.006,-1.01,19.98,0.09,0.0145,2.1535,12.2,44153.69,7.72,93.04,5.981,-0,-0.9998,145.93,137.18,136.72,24.97,Cornering,"Hoosier 43075 16x7.5-10 R20, 7 inch rim",10443
78.3,520.029,-3.47,-324.92,-150.81,1.999,-1.05,21.02,0.03,0.023,2.1544,12.16,159350.7,7.72,92.97,5.932,-0,-1,146.04,137.27,136.5,24.97,Cornering,"Hoosier 43075 16x7.5-10 R20, 7 inch rim",10444
78.28,520.039,-4.38,-325.81,-152.42,2.002,-0.49,22.51,0.09,0.0287,2.1376,12.08,44150.23,7.72,92.92,5.892,-0,-0.9998,146.08,137.23,136.32,24.97,Cornering,"Hoosier 43075 16x7.5-10 R20, 7 inch rim",10445
78.29,520.049,-4.75,-327.48,-154.33,2.004,-1.03,23.9,0.09,0.0308,2.122,12,44162.75,7.72,92.89,5.862,-0,-0.9998,146,137.07,136.3,24.97,Cornering,"Hoosier 43075 16x7.5-10 R20, 7 inch rim",10446
78.32,520.059,-4.94,-329.11,-157.38,2.009,-0.39,24.53,0.03,0.0314,2.0912,12,159231.66,7.72,92.88,5.826,-0,-1,145.8,136.83,136.28,24.95,Cornering,"Hoosier 43075 16x7.5-10 R20, 7 inch rim",10447
78.3,520.069,-4.67,-330.28,-158.93,1.999,-0.77,24.34,0.23,0.0294,2.0782,12.05,18046.96,7.72,92.88,5.769,-0,-0.9996,145.57,136.61,136.26,24.96,Cornering,"Hoosier 43075 16x7.5-10 R20, 7 inch rim",10448
78.28,520.079,-3.45,-330.1,-159.98,2.001,-0.81,24.29,0.16,0.0215,2.0634,12.13,25608.69,7.72,92.88,5.735,-0,-0.9997,145.4,136.48,136.18,24.94,Cornering,"Hoosier 43075 16x7.5-10 R20, 7 inch rim",10449
78.31,520.089,-2.19,-328.4,-159.94,2.004,-0.69,23.51,0.16,0.0137,2.0532,12.19,25616.65,7.72,92.89,5.687,-0,-0.9997,145.25,136.39,136.07,24.95,Cornering,"Hoosier 43075 16x7.5-10 R20, 7 inch rim",10450
78.32,520.099,-0.95,-324.72,-157.5,1.993,-1.48,22.96,0.16,0.0061,2.0617,12.21,25624.71,7.72,92.88,5.637,-0,-0.9997,145.12,136.41,135.97,24.96,Cornering,"Hoosier 43075 16x7.5-10 R20, 7 inch rim",10451
78.28,520.109,0.14,-320.77,-155.1,1.999,-1.86,22.86,0.16,-0.0009,2.0681,12.14,25625.91,7.72,92.9,5.609,-0,-0.9997,145.08,136.41,135.97,24.96,Cornering,"Hoosier 43075 16x7.5-10 R20, 7 inch rim",10452
78.29,520.119,0.78,-317.42,-152.85,2.002,-1.87,23.5,0.09,-0.0051,2.0766,12.08,44152.82,7.72,92.9,5.579,-0,-0.9998,145.05,136.41,136.03,24.96,Cornering,"Hoosier 43075 16x7.5-10 R20, 7 inch rim",10453
78.32,520.129,-0.19,-314.96,-151.22,1.993,-1.46,23.55,0.23,0.0013,2.0827,11.98,18054.21,7.72,92.86,5.524,-0,-0.9996,145.08,136.5,136.12,24.96,Cornering,"Hoosier 43075 16x7.5-10 R20, 7 inch rim",10454
78.3,520.139,-1.58,-313.75,-151.06,2.005,-0.47,24.33,0.09,0.0105,2.077,11.99,44158.61,7.72,92.83,5.497,-0,-0.9998,145.12,136.7,136.16,24.96,Cornering,"Hoosier 43075 16x7.5-10 R20, 7 inch rim",10455
78.28,520.149,-3.42,-314.19,-151.95,2.005,0.09,24.98,0.09,0.0225,2.0677,12.04,44161.62,7.72,92.82,5.454,-0,-0.9998,145.18,136.81,136.28,24.96,Cornering,"Hoosier 43075 16x7.5-10 R20, 7 inch rim",10456
78.31,520.159,-4.76,-315.39,-153.53,2.004,-0.35,25.62,0.09,0.031,2.0543,12.13,44154.26,7.72,92.8,5.413,-0,-0.9998,145.14,136.72,136.58,24.95,Cornering,"Hoosier 43075 16x7.5-10 R20, 7 inch rim",10457
78.32,520.169,-5.45,-316.72,-155.94,2.004,-0.22,25.89,0.16,0.0349,2.0311,12.19,25647.18,7.72,92.8,5.38,-0,-0.9997,144.99,136.52,136.88,24.97,Cornering,"Hoosier 43075 16x7.5-10 R20, 7 inch rim",10458
78.29,520.179,-5.46,-318.71,-157.97,2.009,-1.28,25.71,0.09,0.0346,2.0176,12.21,44221.23,7.72,92.82,5.334,-0,-0.9998,144.75,136.32,137.17,24.98,Cornering,"Hoosier 43075 16x7.5-10 R20, 7 inch rim",10459
78.29,520.189,-4.35,-318.93,-159.89,2.001,-0.68,25.39,0.3,0.0272,1.9947,12.17,13956.52,7.72,92.85,5.298,-0,-0.9994,144.52,136.19,137.37,24.98,Cornering,"Hoosier 43075 16x7.5-10 R20, 7 inch rim",10460
78.32,520.199,-3.11,-318.18,-159.74,2.006,-1.6,24.42,0.03,0.0195,1.9918,12.07,159710.59,7.72,92.88,5.258,-0,-1,144.35,136.08,137.45,25,Cornering,"Hoosier 43075 16x7.5-10 R20, 7 inch rim",10461
78.3,520.209,-2.08,-315.57,-157.6,1.993,-2.93,23.31,0.16,0.0132,2.0023,11.98,25683.16,7.73,92.86,5.222,-0,-0.9997,144.24,136.04,137.51,25,Cornering,"Hoosier 43075 16x7.5-10 R20, 7 inch rim",10462
78.28,520.219,-1.16,-311.63,-156.21,2.015,-2.17,22.61,0.03,0.0074,1.9949,11.95,159546.48,7.72,92.91,5.171,-0,-1,144.22,136.04,137.47,24.97,Cornering,"Hoosier 43075 16x7.5-10 R20, 7 inch rim",10463
78.31,520.229,-1,-307.48,-153.55,2.006,-1.68,21.95,0.03,0.0065,2.0025,11.97,159514.91,7.72,92.92,5.148,-0,-1,144.15,136.02,137.45,24.97,Cornering,"Hoosier 43075 16x7.5-10 R20, 7 inch rim",10464
78.32,520.239,-1.94,-304.1,-150.85,1.992,-1.82,21.54,0.09,0.0129,2.0159,12.04,44175.79,7.73,92.92,5.092,-0,-0.9998,144.15,136.06,137.41,24.95,Cornering,"Hoosier 43075 16x7.5-10 R20, 7 inch rim",10465
78.29,520.249,-3.2,-302.27,-150.41,2.001,-0.86,21.92,0.09,0.0213,2.0097,12.12,44167.66,7.73,92.89,5.059,-0,-0.9998,144.2,136.28,137.37,24.94,Cornering,"Hoosier 43075 16x7.5-10 R20, 7 inch rim",10466
78.29,520.259,-5.05,-302.17,-150.11,2.012,-1.07,22.6,0.09,0.0337,2.013,12.17,44171.15,7.72,92.86,5.004,-0,-0.9998,144.22,136.39,137.41,24.94,Cornering,"Hoosier 43075 16x7.5-10 R20, 7 inch rim",10467
78.31,520.269,-5.81,-303.18,-151.9,2.004,-0.84,24.18,0.16,0.0382,1.9959,12.16,25638.91,7.73,92.83,4.974,-0,-0.9997,144.22,136.43,137.49,24.94,Cornering,"Hoosier 43075 16x7.5-10 R20, 7 inch rim",10468
78.31,520.279,-6.39,-304.69,-154.01,2.008,-1.21,25.33,0.03,0.0415,1.9784,12.09,159455.25,7.73,92.79,4.926,-0,-1,144.09,136.24,137.67,24.95,Cornering,"Hoosier 43075 16x7.5-10 R20, 7 inch rim",10469
78.28,520.289,-5.96,-306.47,-156.62,2.001,-1.57,26.13,0.09,0.038,1.9567,12,44198.45,7.73,92.76,4.897,-0,-0.9998,143.87,136.04,137.85,24.96,Cornering,"Hoosier 43075 16x7.5-10 R20, 7 inch rim",10470
78.3,520.299,-5.54,-307.34,-158.37,1.995,-2.36,25.77,0.16,0.035,1.9406,11.95,25667.37,7.73,92.73,4.847,-0,-0.9997,143.66,135.86,137.95,24.97,Cornering,"Hoosier 43075 16x7.5-10 R20, 7 inch rim",10471
78.32,520.309,-3.96,-307.01,-159.23,1.998,-2.37,25.6,0.16,0.0249,1.928,11.94,25656.58,7.73,92.74,4.815,-0,-0.9997,143.44,135.73,138.01,24.96,Cornering,"Hoosier 43075 16x7.5-10 R20, 7 inch rim",10472
78.3,520.319,-2.21,-304.81,-158.5,1.983,-2.55,25.37,0.16,0.014,1.9231,12,25676.12,7.73,92.73,4.768,-0,-0.9997,143.29,135.64,137.97,24.97,Cornering,"Hoosier 43075 16x7.5-10 R20, 7 inch rim",10473
78.28,520.329,-0.73,-301.35,-156.45,2.001,-2.83,25.09,0.16,0.0047,1.9262,12.09,25683.39,7.73,92.71,4.731,-0,-0.9997,143.29,135.62,137.91,24.98,Cornering,"Hoosier 43075 16x7.5-10 R20, 7 inch rim",10474
78.31,520.339,-0.23,-296.75,-154.21,2.002,-1.82,24.64,-0.04,0.0015,1.9243,12.2,-99268.41,7.73,92.72,4.689,-0,-1.0001,143.25,135.6,137.85,24.98,Cornering,"Hoosier 43075 16x7.5-10 R20, 7 inch rim",10475
78.32,520.349,-0.4,-292.64,-150.78,1.996,-2.19,24.65,0.16,0.0027,1.9408,12.22,25680.26,7.73,92.75,4.649,-0,-0.9997,143.21,135.62,137.79,24.97,Cornering,"Hoosier 43075 16x7.5-10 R20, 7 inch rim",10476
78.28,520.359,-1.32,-290.06,-149.19,2.001,-1.52,25.17,0.03,0.0089,1.9442,12.18,159710.67,7.73,92.76,4.605,-0,-1,143.25,135.69,137.73,24.98,Cornering,"Hoosier 43075 16x7.5-10 R20, 7 inch rim",10477
78.29,520.369,-2.74,-288.94,-149.63,1.995,-0.32,25.97,0.03,0.0183,1.931,12.1,159719.09,7.73,92.78,4.565,-0,-1,143.4,135.86,137.69,24.98,Cornering,"Hoosier 43075 16x7.5-10 R20, 7 inch rim",10478
78.32,520.379,-4.27,-290.03,-150.55,2.004,-1.02,26.93,0.03,0.0284,1.9265,11.99,159686.8,7.73,92.8,4.542,-0,-1,143.4,135.84,137.77,24.97,Cornering,"Hoosier 43075 16x7.5-10 R20, 7 inch rim",10479
78.3,520.389,-5.36,-291.38,-152.35,2.002,-1.7,27.73,0.09,0.0352,1.9126,11.95,44273.24,7.73,92.81,4.505,-0,-0.9998,143.34,135.69,137.87,24.98,Cornering,"Hoosier 43075 16x7.5-10 R20, 7 inch rim",10480
78.28,520.399,-5.71,-293.34,-155.35,2.008,-1.99,28.21,0.09,0.0367,1.8882,11.97,44255.14,7.73,92.82,4.462,-0,-0.9998,143.19,135.49,138.03,24.97,Cornering,"Hoosier 43075 16x7.5-10 R20, 7 inch rim",10481
78.32,520.409,-5.6,-294.37,-157.76,2.011,-2.31,27.93,0.03,0.0355,1.8659,12.03,159746.5,7.73,92.82,4.432,-0,-1,142.91,135.31,138.12,24.98,Cornering,"Hoosier 43075 16x7.5-10 R20, 7 inch rim",10482
78.32,520.419,-4.4,-294.49,-159.02,2.014,-2.61,27.67,0.09,0.0277,1.8519,12.13,44269.42,7.73,92.82,4.39,-0,-0.9998,142.76,135.18,138.16,24.98,Cornering,"Hoosier 43075 16x7.5-10 R20, 7 inch rim",10483
78.28,520.429,-3.32,-292.58,-158.56,1.992,-2.68,26.44,0.23,0.0209,1.8453,12.2,18118.21,7.73,92.85,4.342,-0,-0.9996,142.57,135.09,138.16,25,Cornering,"Hoosier 43075 16x7.5-10 R20, 7 inch rim",10484
78.3,520.439,-2.39,-289.25,-156.45,2.001,-3.02,25.39,0.03,0.0153,1.8489,12.19,159920.5,7.73,92.89,4.303,-0,-1,142.48,135.05,138.08,25,Cornering,"Hoosier 43075 16x7.5-10 R20, 7 inch rim",10485
78.32,520.449,-1.87,-285.12,-154.31,2.002,-2.84,24.31,0.03,0.0121,1.8476,12.12,160002.22,7.74,92.93,4.264,-0,-1,142.41,135.05,137.99,25.01,Cornering,"Hoosier 43075 16x7.5-10 R20, 7 inch rim",10486
78.3,520.459,-2.19,-280.67,-151.38,1.993,-2.53,23.55,0.16,0.0145,1.8541,12.04,25723.54,7.74,92.91,4.237,-0,-0.9997,142.26,135.03,137.93,25,Cornering,"Hoosier 43075 16x7.5-10 R20, 7 inch rim",10487
78.28,520.469,-3.08,-277.16,-149.23,1.993,-2.14,23.32,0.09,0.0206,1.8572,11.95,44321.7,7.74,92.87,4.184,-0,-0.9998,142.35,135.05,137.89,25,Cornering,"Hoosier 43075 16x7.5-10 R20, 7 inch rim",10488
78.31,520.479,-4.72,-275.32,-148.57,1.996,-2,23.57,0.16,0.0318,1.8532,11.92,25714.48,7.74,92.85,4.144,-0,-0.9997,142.37,135.25,137.87,24.99,Cornering,"Hoosier 43075 16x7.5-10 R20, 7 inch rim",10489
78.32,520.489,-6.11,-274.99,-150.01,2.002,-1.35,24.64,0.16,0.0407,1.8331,11.98,25715.17,7.74,92.84,4.121,-0,-0.9997,142.41,135.22,137.91,24.99,Cornering,"Hoosier 43075 16x7.5-10 R20, 7 inch rim",10490
78.29,520.499,-7.11,-275.74,-152.02,2.009,-1.45,25.8,0.03,0.0468,1.8138,12.06,159853.53,7.74,92.83,4.071,-0,-1,142.44,135.25,138.06,24.98,Cornering,"Hoosier 43075 16x7.5-10 R20, 7 inch rim",10491
78.29,520.509,-7.45,-276.56,-154.05,1.989,-2.21,26.68,0.09,0.0484,1.7953,12.13,44299.39,7.74,92.8,4.019,-0,-0.9998,142.29,135.03,138.18,24.98,Cornering,"Hoosier 43075 16x7.5-10 R20, 7 inch rim",10492
78.32,520.519,-7.01,-277.75,-157.18,2.001,-2.23,27.23,0.03,0.0446,1.7671,12.17,159871.58,7.74,92.79,3.972,-0,-1,142.01,134.83,138.32,24.98,Cornering,"Hoosier 43075 16x7.5-10 R20, 7 inch rim",10493
78.31,520.529,-5.79,-277.88,-158.68,2.005,-2.78,27.5,0.09,0.0365,1.7512,12.14,44292.91,7.74,92.82,3.943,-0,-0.9998,141.81,134.67,138.32,24.98,Cornering,"Hoosier 43075 16x7.5-10 R20, 7 inch rim",10494
78.28,520.539,-4.07,-276.79,-158.98,2.006,-2.98,27.44,-0.11,0.0256,1.7411,12.06,-37884.1,7.74,92.85,3.906,-0,-1.0002,141.64,134.56,138.32,24.97,Cornering,"Hoosier 43075 16x7.5-10 R20, 7 inch rim",10495
78.3,520.549,-2.7,-274.03,-157.5,2.004,-3.45,26.86,0.16,0.0172,1.7399,11.97,25681.04,7.74,92.9,3.859,-0,-0.9997,141.54,134.56,138.24,24.95,Cornering,"Hoosier 43075 16x7.5-10 R20, 7 inch rim",10496
78.32,520.559,-1.57,-269.57,-155.47,2.001,-2.66,26.31,0.16,0.0101,1.7339,11.89,25699.95,7.74,92.95,3.823,-0,-0.9997,141.45,134.52,138.2,24.97,Cornering,"Hoosier 43075 16x7.5-10 R20, 7 inch rim",10497
78.29,520.569,-0.95,-264.99,-152.53,2.001,-2.87,26.08,0.09,0.0062,1.7373,11.91,44300.89,7.74,92.96,3.779,-0,-0.9998,141.34,134.48,138.1,24.98,Cornering,"Hoosier 43075 16x7.5-10 R20, 7 inch rim",10498
78.29,520.579,-1.25,-260.5,-150.28,1.985,-2.32,26.11,0.03,0.0083,1.7335,11.99,159912.58,7.74,92.97,3.737,-0,-1,141.36,134.52,138.03,24.98,Cornering,"Hoosier 43075 16x7.5-10 R20, 7 inch rim",10499
78.32,520.589,-2.41,-257.66,-149.54,2.014,-2.21,26.77,0.09,0.0161,1.7231,12.08,44345.83,7.74,93.01,3.697,-0,-0.9998,141.36,134.63,137.95,25,Cornering,"Hoosier 43075 16x7.5-10 R20, 7 inch rim",10500
78.31,520.599,-3.78,-256.37,-149.83,1.998,-2.05,27.63,0.03,0.0252,1.711,12.14,159928.78,7.74,93.04,3.64,-0,-1,141.43,134.74,138.01,24.98,Cornering,"Hoosier 43075 16x7.5-10 R20, 7 inch rim",10501
78.27,520.609,-5.35,-256.16,-151.4,1.992,-2.23,28.3,0.09,0.0353,1.692,12.17,44308.89,7.74,93.07,3.606,-0,-0.9998,141.43,134.7,138.12,24.98,Cornering,"Hoosier 43075 16x7.5-10 R20, 7 inch rim",10502
78.3,520.619,-6.16,-256.79,-153.17,2.005,-3.55,29.19,0.09,0.0402,1.6765,12.12,44300.34,7.74,93.07,3.567,-0,-0.9998,141.26,134.43,138.18,24.97,Cornering,"Hoosier 43075 16x7.5-10 R20, 7 inch rim",10503
78.32,520.629,-6.58,-257.32,-156.24,2.005,-3.06,29.21,0.03,0.0421,1.647,12.04,159798.39,7.74,93.08,3.528,-0,-1,141.08,134.19,138.24,24.96,Cornering,"Hoosier 43075 16x7.5-10 R20, 7 inch rim",10504
78.3,520.639,-5.74,-257.08,-158.17,1.995,-3,29.33,0.03,0.0363,1.6253,11.97,159915.36,7.74,93.09,3.492,-0,-1,140.87,134.01,138.34,24.98,Cornering,"Hoosier 43075 16x7.5-10 R20, 7 inch rim",10505
78.28,520.649,-4.98,-256.44,-159.54,2.005,-3.07,28.58,0.03,0.0312,1.6073,11.98,160068.7,7.74,93.08,3.461,-0,-1,140.7,133.88,138.34,25,Cornering,"Hoosier 43075 16x7.5-10 R20, 7 inch rim",10506
78.32,520.659,-4,-254.14,-158.52,2.004,-3.31,27.39,0.03,0.0252,1.6032,12.06,160114.2,7.74,93.05,3.407,-0,-1,140.55,133.79,138.3,25.01,Cornering,"Hoosier 43075 16x7.5-10 R20, 7 inch rim",10507
78.32,520.669,-2.67,-250.44,-156.7,1.998,-3.28,26.88,0.09,0.017,1.5983,12.11,44370.62,7.74,92.99,3.368,-0,-0.9998,140.42,133.73,138.28,25.01,Cornering,"Hoosier 43075 16x7.5-10 R20, 7 inch rim",10508
78.28,520.679,-1.82,-246.48,-153.57,1.992,-4.03,26.27,0.16,0.0118,1.605,12.16,25736.64,7.75,92.98,3.328,-0,-0.9997,140.38,133.71,138.2,24.99,Cornering,"Hoosier 43075 16x7.5-10 R20, 7 inch rim",10509
78.3,520.689,-1.65,-241.88,-151.76,1.993,-3.25,26.15,0.03,0.0108,1.5938,12.15,159946.45,7.75,92.94,3.288,-0,-1,140.31,133.71,138.16,24.98,Cornering,"Hoosier 43075 16x7.5-10 R20, 7 inch rim",10510
78.33,520.699,-2.82,-238.08,-149.86,2.004,-3.51,25.89,0.16,0.0188,1.5887,12.08,25738.67,7.74,92.94,3.242,-0,-0.9997,140.36,133.77,138.08,24.99,Cornering,"Hoosier 43075 16x7.5-10 R20, 7 inch rim",10511
78.3,520.709,-4.63,-235.4,-149.94,1.99,-2.86,25.93,0.16,0.0309,1.57,11.99,25733.3,7.75,92.96,3.216,-0,-0.9997,140.46,133.93,138.1,24.98,Cornering,"Hoosier 43075 16x7.5-10 R20, 7 inch rim",10512
78.28,520.719,-6.18,-234.33,-151.21,2.005,-3.17,26.57,0.09,0.0409,1.5497,11.93,44326.75,7.74,92.98,3.182,-0,-0.9998,140.46,133.9,138.14,24.98,Cornering,"Hoosier 43075 16x7.5-10 R20, 7 inch rim",10513
78.31,520.729,-7.32,-233.46,-153.32,1.995,-2.65,27.09,0.03,0.0477,1.5228,11.95,159930.47,7.75,92.99,3.14,-0,-1,140.44,133.75,138.2,24.97,Cornering,"Hoosier 43075 16x7.5-10 R20, 7 inch rim",10514
78.32,520.739,-7.84,-233.61,-155.48,2.008,-3.61,27.42,0.03,0.0504,1.5025,12,159823.48,7.75,92.94,3.109,-0,-1,140.36,133.53,138.28,24.96,Cornering,"Hoosier 43075 16x7.5-10 R20, 7 inch rim",10515
78.29,520.749,-7.38,-233.52,-157.86,1.999,-3.83,27.47,0.16,0.0468,1.4793,12.1,25718.83,7.75,92.91,3.063,-0,-0.9997,140.12,133.29,138.34,24.97,Cornering,"Hoosier 43075 16x7.5-10 R20, 7 inch rim",10516
78.3,520.759,-6.75,-233.16,-159.06,1.992,-4.56,26.72,0.09,0.0424,1.4658,12.12,44322.11,7.75,92.9,3.034,-0,-0.9998,139.9,133.18,138.38,24.97,Cornering,"Hoosier 43075 16x7.5-10 R20, 7 inch rim",10517
78.32,520.769,-5.15,-231.18,-158.92,2.006,-4.48,26.47,0.09,0.0324,1.4547,12.13,44333.67,7.75,92.93,3,-0,-0.9998,139.71,133.05,138.3,24.98,Cornering,"Hoosier 43075 16x7.5-10 R20, 7 inch rim",10518
78.3,520.779,-3.87,-228.26,-157.16,2.002,-4.43,25.55,-0.04,0.0246,1.4524,12.08,-99455.2,7.75,92.96,2.951,-0,-1.0001,139.63,133,138.26,24.98,Cornering,"Hoosier 43075 16x7.5-10 R20, 7 inch rim",10519
78.28,520.789,-2.92,-224.59,-154.81,1.999,-4.57,24.98,0.03,0.0189,1.4507,11.97,159923.7,7.75,93.01,2.914,-0,-1,139.58,132.98,138.24,24.97,Cornering,"Hoosier 43075 16x7.5-10 R20, 7 inch rim",10520
78.3,520.799,-2.8,-219.55,-152.04,1.999,-4.25,24.42,0.09,0.0184,1.444,11.92,44317.07,7.75,93.04,2.89,-0,-0.9998,139.56,133.02,138.16,24.97,Cornering,"Hoosier 43075 16x7.5-10 R20, 7 inch rim",10521
78.32,520.809,-3.36,-215.11,-150.1,2.004,-3.89,24.37,0.03,0.0224,1.4331,11.92,159970.45,7.75,93.09,2.838,-0,-1,139.54,133.13,138.14,24.97,Cornering,"Hoosier 43075 16x7.5-10 R20, 7 inch rim",10522
78.29,520.819,-4.86,-211.56,-149.53,2.004,-3.68,24.41,0.09,0.0325,1.4148,11.97,44340.73,7.75,93.07,2.801,-0,-0.9998,139.6,133.2,138.16,24.98,Cornering,"Hoosier 43075 16x7.5-10 R20, 7 inch rim",10523
78.29,520.829,-6.46,-209.22,-150,2.002,-3.94,25.06,0.09,0.043,1.3948,12.06,44352.33,7.75,93.04,2.762,-0,-0.9998,139.58,133.27,138.24,24.98,Cornering,"Hoosier 43075 16x7.5-10 R20, 7 inch rim",10524
78.33,520.839,-8.01,-207.75,-151.89,1.993,-3.69,25.59,0.16,0.0527,1.3677,12.14,25749.88,7.75,93.02,2.714,-0,-0.9997,139.54,133.13,138.3,24.99,Cornering,"Hoosier 43075 16x7.5-10 R20, 7 inch rim",10525
78.3,520.849,-8.59,-206.93,-153.98,1.996,-4.53,26.27,0.09,0.0558,1.3439,12.18,44345.53,7.75,92.99,2.656,-0,-0.9998,139.45,132.87,138.42,24.98,Cornering,"Hoosier 43075 16x7.5-10 R20, 7 inch rim",10526
78.28,520.859,-8.36,-206.42,-156.87,2.006,-4.74,26.75,0.03,0.0533,1.3159,12.13,159921.42,7.75,92.96,2.628,-0,-1,139.24,132.6,138.5,24.96,Cornering,"Hoosier 43075 16x7.5-10 R20, 7 inch rim",10527
78.31,520.869,-7.78,-205.72,-158.82,1.999,-5.04,26.4,0.16,0.049,1.2954,12.03,25716.54,7.75,92.94,2.579,-0,-0.9997,139.05,132.45,138.48,24.96,Cornering,"Hoosier 43075 16x7.5-10 R20, 7 inch rim",10528
78.32,520.879,-6.06,-203.99,-159.18,1.996,-5.12,26.32,0.09,0.0381,1.2815,11.95,44339.05,7.76,92.94,2.535,-0,-0.9998,138.9,132.38,138.48,24.97,Cornering,"Hoosier 43075 16x7.5-10 R20, 7 inch rim",10529
78.3,520.889,-4.35,-201.1,-158.56,2.014,-4.62,26,0.09,0.0274,1.2684,11.89,44371.18,7.75,92.97,2.493,-0,-0.9998,138.77,132.27,138.34,24.99,Cornering,"Hoosier 43075 16x7.5-10 R20, 7 inch rim",10530
78.29,520.899,-3.02,-197.45,-155.64,2.008,-5.69,25.49,0.16,0.0194,1.2687,11.92,25766.67,7.75,93,2.446,-0,-0.9997,138.7,132.25,138.32,25,Cornering,"Hoosier 43075 16x7.5-10 R20, 7 inch rim",10531
78.32,520.909,-2.46,-192.8,-153.36,1.99,-4.72,25.07,0.09,0.016,1.2572,11.99,44404.79,7.76,93,2.4,-0,-0.9998,138.6,132.19,138.2,25.01,Cornering,"Hoosier 43075 16x7.5-10 R20, 7 inch rim",10532
78.32,520.919,-2.45,-188.1,-150.91,2.005,-5.12,25.18,-0.04,0.0163,1.2465,12.08,-99635.67,7.75,92.99,2.371,-0,-1.0001,138.57,132.23,138.12,25.01,Cornering,"Hoosier 43075 16x7.5-10 R20, 7 inch rim",10533
78.28,520.929,-3.52,-183.78,-149.85,2.002,-4.67,25.4,0.09,0.0235,1.2264,12.14,44386.35,7.76,92.99,2.324,-0,-0.9998,138.57,132.3,138.08,25,Cornering,"Hoosier 43075 16x7.5-10 R20, 7 inch rim",10534
78.3,520.939,-5.03,-180.49,-150.1,1.995,-4.11,26.04,0.03,0.0335,1.2025,12.13,160032.23,7.76,93,2.284,-0,-1,138.6,132.32,138.1,24.97,Cornering,"Hoosier 43075 16x7.5-10 R20, 7 inch rim",10535
78.32,520.949,-6.04,-178.62,-150.89,1.993,-5.28,27.02,0.09,0.04,1.1838,12.05,44337.48,7.76,93.01,2.228,-0,-0.9998,138.62,132.27,138.2,24.97,Cornering,"Hoosier 43075 16x7.5-10 R20, 7 inch rim",10536
78.3,520.959,-6.75,-177.33,-153.5,1.999,-5.49,28.1,0.16,0.044,1.1552,11.97,25728.7,7.76,93.01,2.207,-0,-0.9997,138.51,132.05,138.26,24.96,Cornering,"Hoosier 43075 16x7.5-10 R20, 7 inch rim",10537
78.28,520.969,-6.7,-175.88,-156.24,2.011,-5.19,28.74,0.03,0.0429,1.1257,11.94,159930.23,7.76,93,2.185,-0,-1,138.38,131.81,138.28,24.96,Cornering,"Hoosier 43075 16x7.5-10 R20, 7 inch rim",10538
78.31,520.979,-6.1,-174.55,-158.51,1.999,-5.58,28.59,0.03,0.0385,1.1012,11.96,159898.59,7.76,93.02,2.125,-0,-1,138.21,131.57,138.32,24.95,Cornering,"Hoosier 43075 16x7.5-10 R20, 7 inch rim",10539
78.31,520.989,-5.5,-172.78,-159.33,1.986,-6.01,27.58,0.09,0.0345,1.0844,12.05,44310.07,7.76,93.04,2.092,-0,-0.9998,138.08,131.39,138.26,24.95,Cornering,"Hoosier 43075 16x7.5-10 R20, 7 inch rim",10540
78.27,520.999,-4.13,-170.51,-158.6,1.998,-6.54,26.75,-0.04,0.026,1.0751,12.16,-99354.11,7.76,93.05,2.055,-0,-1.0001,137.93,131.35,138.2,24.94,Cornering,"Hoosier 43075 16x7.5-10 R20, 7 inch rim",10541
78.3,521.009,-3.25,-166.99,-156.77,2.001,-6.39,25.56,0.09,0.0207,1.0652,12.19,44280.88,7.76,93.03,2.022,-0,-0.9998,137.91,131.28,138.08,24.93,Cornering,"Hoosier 43075 16x7.5-10 R20, 7 inch rim",10542
78.32,521.019,-2.83,-162.91,-153.62,2.008,-6.83,24.47,0.09,0.0184,1.0605,12.19,44302.23,7.76,93.04,1.989,-0,-0.9998,137.82,131.31,138.08,24.94,Cornering,"Hoosier 43075 16x7.5-10 R20, 7 inch rim",10543
78.3,521.029,-3.05,-158.46,-150.92,1.999,-6.6,23.73,0.09,0.0202,1.0499,12.11,44293.05,7.76,93.06,1.94,-0,-0.9998,137.84,131.35,137.97,24.94,Cornering,"Hoosier 43075 16x7.5-10 R20, 7 inch rim",10544
78.28,521.039,-4.26,-154.16,-149.32,1.999,-6.21,23.21,-0.04,0.0285,1.0324,12,-99384.17,7.76,93.1,1.92,-0,-1.0001,137.84,131.39,137.93,24.94,Cornering,"Hoosier 43075 16x7.5-10 R20, 7 inch rim",10545
78.31,521.049,-6.07,-150.62,-148.65,2.001,-6.38,22.97,0.16,0.0408,1.0132,11.97,25727.48,7.76,93.1,1.862,-0,-0.9997,137.91,131.46,137.99,24.96,Cornering,"Hoosier 43075 16x7.5-10 R20, 7 inch rim",10546
78.32,521.059,-8.22,-147.94,-149.67,1.996,-6.23,22.55,0.09,0.0549,0.9884,12,44346.83,7.76,93.12,1.834,-0,-0.9998,137.91,131.53,138.08,24.97,Cornering,"Hoosier 43075 16x7.5-10 R20, 7 inch rim",10547
78.29,521.069,-10.39,-145.71,-151.64,1.993,-6.3,21.91,0.09,0.0685,0.9609,12.06,44378.73,7.76,93.11,1.786,-0,-0.9998,137.82,131.35,138.12,24.98,Cornering,"Hoosier 43075 16x7.5-10 R20, 7 inch rim",10548
78.29,521.079,-10.78,-144.45,-154.04,2.008,-7.19,22.35,0.16,0.07,0.9378,12.15,25770.63,7.76,93.04,1.751,-0,-0.9997,137.69,131.15,138.1,25,Cornering,"Hoosier 43075 16x7.5-10 R20, 7 inch rim",10549
78.32,521.089,-10.5,-142.34,-156.04,1.996,-7.44,22.23,0.16,0.0673,0.9122,12.18,25771.11,7.76,92.97,1.71,-0,-0.9997,137.57,130.93,138.1,25,Cornering,"Hoosier 43075 16x7.5-10 R20, 7 inch rim",10550
78.3,521.099,-9.52,-140.27,-157.58,1.992,-7.29,21.86,0.09,0.0604,0.8902,12.14,44360.57,7.77,92.93,1.661,-0,-0.9998,137.39,130.71,138.1,24.97,Cornering,"Hoosier 43075 16x7.5-10 R20, 7 inch rim",10551
78.29,521.109,-7.99,-138.13,-157.82,2.008,-7.11,21.49,0.09,0.0506,0.8752,12.07,44330.5,7.76,92.92,1.617,-0,-0.9998,137.29,130.65,138.01,24.96,Cornering,"Hoosier 43075 16x7.5-10 R20, 7 inch rim",10552
78.31,521.119,-6,-134.9,-156.3,2.005,-6.98,21.46,0.09,0.0384,0.8631,11.96,44351.58,7.76,92.93,1.59,-0,-0.9998,137.22,130.6,137.93,24.97,Cornering,"Hoosier 43075 16x7.5-10 R20, 7 inch rim",10553
78.32,521.129,-4.65,-130.91,-153.64,1.996,-7.17,21.15,-0.04,0.0302,0.8521,11.92,-99515.89,7.77,92.97,1.554,-0,-1.0001,137.14,130.49,137.85,24.97,Cornering,"Hoosier 43075 16x7.5-10 R20, 7 inch rim",10554
78.29,521.139,-4.31,-126.83,-150.86,2.005,-7.57,20.9,0.09,0.0285,0.8407,11.97,44404.54,7.76,92.99,1.504,-0,-0.9998,137.05,130.51,137.79,25,Cornering,"Hoosier 43075 16x7.5-10 R20, 7 inch rim",10555
78.3,521.149,-4.59,-121.89,-148.25,1.987,-7.46,21.13,0.09,0.0309,0.8221,12.03,44415.49,7.77,92.99,1.464,-0,-0.9998,137.01,130.58,137.69,25,Cornering,"Hoosier 43075 16x7.5-10 R20, 7 inch rim",10556
78.32,521.159,-5.26,-118.07,-147.3,1.999,-7.76,22.02,0.16,0.0357,0.8016,12.14,25774.08,7.77,92.95,1.416,-0,-0.9997,137.05,130.62,137.69,25,Cornering,"Hoosier 43075 16x7.5-10 R20, 7 inch rim",10557
78.31,521.169,-6.83,-114.38,-147.51,2.012,-7.35,22.6,0.09,0.0463,0.7754,12.2,44365.4,7.76,92.91,1.373,-0,-0.9998,137.05,130.65,137.77,24.97,Cornering,"Hoosier 43075 16x7.5-10 R20, 7 inch rim",10558
78.28,521.179,-8.53,-111.06,-148.54,2.001,-6.78,22.87,-0.04,0.0574,0.7477,12.19,-99408.3,7.77,92.83,1.33,-0,-1.0001,136.97,130.54,137.79,24.94,Cornering,"Hoosier 43075 16x7.5-10 R20, 7 inch rim",10559
78.3,521.189,-9.4,-108.54,-149.84,1.998,-7.85,23.13,0.09,0.0628,0.7244,12.11,44325.36,7.77,92.8,1.293,-0,-0.9998,136.84,130.36,137.79,24.95,Cornering,"Hoosier 43075 16x7.5-10 R20, 7 inch rim",10560
78.32,521.199,-9.41,-105.82,-152.26,1.992,-7.71,22.94,-0.04,0.0618,0.695,12.02,-99387.41,7.77,92.77,1.259,-0,-1.0001,136.69,130.14,137.75,24.94,Cornering,"Hoosier 43075 16x7.5-10 R20, 7 inch rim",10561
78.29,521.209,-7.95,-103.04,-153.44,2.006,-8.65,23.26,-0.04,0.0518,0.6715,11.95,-99458,7.77,92.75,1.214,-0,-1.0001,136.56,129.99,137.71,24.96,Cornering,"Hoosier 43075 16x7.5-10 R20, 7 inch rim",10562
78.28,521.219,-6.53,-100.06,-154.02,2.002,-8.56,22.78,0.16,0.0424,0.6497,11.93,25728.22,7.77,92.75,1.171,-0,-0.9997,136.36,129.92,137.63,24.95,Cornering,"Hoosier 43075 16x7.5-10 R20, 7 inch rim",10563
78.32,521.229,-4.97,-96.84,-152.29,1.999,-9.15,22.22,0.09,0.0327,0.6359,11.97,44337.8,7.77,92.74,1.123,-0,-0.9998,136.26,129.88,137.53,24.96,Cornering,"Hoosier 43075 16x7.5-10 R20, 7 inch rim",10564
78.3,521.239,-3.96,-92.54,-149.74,1.993,-8.66,21.43,0.16,0.0264,0.618,12.06,25722.79,7.77,92.7,1.09,-0,-0.9997,136.19,129.85,137.49,24.94,Cornering,"Hoosier 43075 16x7.5-10 R20, 7 inch rim",10565
78.29,521.249,-3.73,-88.43,-147.32,1.998,-8.17,20.62,0.03,0.0253,0.6002,12.15,160004.64,7.77,92.64,1.047,-0,-1,136.13,129.85,137.41,24.96,Cornering,"Hoosier 43075 16x7.5-10 R20, 7 inch rim",10566
78.3,521.259,-4.03,-83.54,-144.38,1.996,-8.13,20.39,0.09,0.0279,0.5786,12.17,44380.21,7.77,92.62,1.01,-0,-0.9998,136.09,129.9,137.37,24.98,Cornering,"Hoosier 43075 16x7.5-10 R20, 7 inch rim",10567
78.33,521.269,-5.35,-78.92,-143.2,1.999,-7.65,20.16,0.03,0.0373,0.5512,12.14,160267.59,7.77,92.63,0.968,-0,-1,136.11,130.03,137.33,25,Cornering,"Hoosier 43075 16x7.5-10 R20, 7 inch rim",10568
78.3,521.279,-6.85,-74.95,-142.53,2.011,-8.26,20.23,0.09,0.0481,0.5259,12.06,44432.41,7.77,92.63,0.934,-0,-0.9998,136.13,130.1,137.39,25.01,Cornering,"Hoosier 43075 16x7.5-10 R20, 7 inch rim",10569
78.29,521.289,-8.4,-71.1,-144.52,1.987,-7.16,20.26,0.09,0.0581,0.4919,11.97,44412.29,7.77,92.67,0.878,-0,-0.9998,136.17,130.12,137.41,25,Cornering,"Hoosier 43075 16x7.5-10 R20, 7 inch rim",10570
78.31,521.299,-9.02,-68.11,-146.18,1.987,-7.73,20.69,0.03,0.0617,0.4659,11.92,160382.92,7.77,92.69,0.844,-0,-1,136.06,130.01,137.39,25.01,Cornering,"Hoosier 43075 16x7.5-10 R20, 7 inch rim",10571
78.31,521.309,-9.51,-65.14,-148.13,1.996,-8.66,20.44,0.16,0.0642,0.4398,11.96,25802,7.77,92.71,0.805,-0,-0.9997,135.98,129.83,137.33,25.02,Cornering,"Hoosier 43075 16x7.5-10 R20, 7 inch rim",10572
78.29,521.319,-9.01,-62.79,-149.55,1.996,-11.03,19.96,-0.11,0.0603,0.4199,12.02,-38064.68,7.77,92.7,0.763,-0,-1.0002,135.85,129.7,137.19,25.04,Cornering,"Hoosier 43075 16x7.5-10 R20, 7 inch rim",10573
78.28,521.329,-8.41,-58.89,-150.65,2.002,-10.75,18.9,0.03,0.0558,0.3909,12.11,160497.06,7.77,92.71,0.739,-0,-1,135.66,129.59,137.09,25.03,Cornering,"Hoosier 43075 16x7.5-10 R20, 7 inch rim",10574
78.33,521.339,-7.01,-55.95,-150.02,1.996,-11.24,17.89,0.03,0.0467,0.3729,12.19,160535.25,7.77,92.7,0.69,-0,-1,135.51,129.59,136.98,25.04,Cornering,"Hoosier 43075 16x7.5-10 R20, 7 inch rim",10575
78.3,521.349,-6.33,-51.92,-148.31,1.986,-10.44,16.6,0.16,0.0427,0.3501,12.17,25790.57,7.77,92.66,0.659,-0,-0.9997,135.46,129.5,136.84,25.01,Cornering,"Hoosier 43075 16x7.5-10 R20, 7 inch rim",10576
78.29,521.359,-5.35,-47.68,-145.66,2.002,-9.62,16,-0.04,0.0367,0.3274,12.12,-99631.31,7.77,92.68,0.617,-0,-1.0001,135.4,129.52,136.8,25,Cornering,"Hoosier 43075 16x7.5-10 R20, 7 inch rim",10577
78.31,521.369,-5.94,-43.25,-142.85,1.998,-9.66,14.86,0.03,0.0416,0.3028,12.01,160462.92,7.77,92.69,0.577,-0,-1,135.29,129.55,136.74,25.03,Cornering,"Hoosier 43075 16x7.5-10 R20, 7 inch rim",10578
78.32,521.379,-6.9,-38.94,-141.54,1.999,-8.86,14.5,0.16,0.0487,0.2751,11.92,25808.81,7.77,92.73,0.537,-0,-0.9997,135.29,129.68,136.68,25.03,Cornering,"Hoosier 43075 16x7.5-10 R20, 7 inch rim",10579
78.29,521.389,-8,-34.94,-140.64,1.999,-9.29,14.83,-0.04,0.0569,0.2484,11.92,-99817.17,7.77,92.73,0.496,-0,-1.0001,135.36,129.77,136.68,25.04,Cornering,"Hoosier 43075 16x7.5-10 R20, 7 inch rim",10580
78.3,521.399,-9.45,-30.72,-141.86,2.002,-8.73,14.97,0.09,0.0666,0.2165,11.95,44486.57,7.77,92.74,0.474,-0,-0.9998,135.38,129.79,136.74,25.04,Cornering,"Hoosier 43075 16x7.5-10 R20, 7 inch rim",10581
78.32,521.409,-10,-27.26,-143.32,1.995,-9.67,15.69,0.09,0.0697,0.1902,12.03,44466.1,7.77,92.78,0.423,-0,-0.9998,135.31,129.63,136.76,25.03,Cornering,"Hoosier 43075 16x7.5-10 R20, 7 inch rim",10582
78.3,521.419,-11.02,-23.96,-145.38,1.996,-10.85,15.2,0.03,0.0758,0.1648,12.12,160427.59,7.77,92.82,0.403,-0,-1,135.25,129.41,136.66,25.02,Cornering,"Hoosier 43075 16x7.5-10 R20, 7 inch rim",10583
78.28,521.429,-10.83,-20.17,-147.52,1.992,-11.88,14.92,0.09,0.0734,0.1367,12.19,44414.71,7.77,92.89,0.351,-0,-0.9998,135.14,129.26,136.56,25,Cornering,"Hoosier 43075 16x7.5-10 R20, 7 inch rim",10584
78.3,521.439,-9.71,-16.42,-149.19,2.001,-12.55,14.71,0.03,0.0651,0.1101,12.17,160204.97,7.77,92.93,0.309,-0,-1,135.06,129.04,136.48,24.98,Cornering,"Hoosier 43075 16x7.5-10 R20, 7 inch rim",10585
78.32,521.449,-8.12,-11.91,-148.92,1.995,-12.46,14.24,0.09,0.0545,0.08,12.11,44383.86,7.77,92.97,0.272,-0,-0.9998,134.99,128.97,136.3,24.98,Cornering,"Hoosier 43075 16x7.5-10 R20, 7 inch rim",10586
78.29,521.459,-6.33,-7.46,-147.91,2.005,-11.84,13.87,-0.04,0.0428,0.0504,12.02,-99609.95,7.77,93.01,0.224,-0,-1.0001,134.91,128.91,136.24,24.99,Cornering,"Hoosier 43075 16x7.5-10 R20, 7 inch rim",10587
78.29,521.469,-5.38,-2.49,-145.45,1.985,-11.11,12.91,-0.11,0.037,0.0171,11.94,-37977.91,7.77,93.02,0.198,-0,-1.0002,134.84,128.93,136.14,24.98,Cornering,"Hoosier 43075 16x7.5-10 R20, 7 inch rim",10588
78.32,521.479,-5.23,2.39,-143.27,1.995,-10.21,12.3,0.03,0.0365,-0.0167,11.92,160093.11,7.77,93.02,0.151,-0,-1,134.76,128.99,136.05,24.97,Cornering,"Hoosier 43075 16x7.5-10 R20, 7 inch rim",10589
78.31,521.489,-5.63,7.1,-140.77,2.004,-10.62,12.08,0.03,0.04,-0.0505,11.96,160055.72,7.77,93.03,0.116,-0,-1,134.73,129.17,135.97,24.96,Cornering,"Hoosier 43075 16x7.5-10 R20, 7 inch rim",10590
78.28,521.499,-7.43,11.43,-140.4,2.005,-10.57,11.21,0.09,0.0529,-0.0814,12.04,44362.98,7.77,93.02,0.073,-0,-0.9998,134.76,129.28,135.89,24.97,Cornering,"Hoosier 43075 16x7.5-10 R20, 7 inch rim",10591
78.3,521.509,-8.58,16.19,-141.67,1.983,-9.6,11.53,0.03,0.0606,-0.1143,12.16,160054.83,7.77,93.03,0.027,-0,-1,134.78,129.44,135.93,24.96,Cornering,"Hoosier 43075 16x7.5-10 R20, 7 inch rim",10592
78.32,521.519,-10.09,19.7,-142.39,2.004,-11.65,11.31,0.03,0.0709,-0.1383,12.23,160091.39,7.77,93.02,-0.018,-0,-1,134.71,129.37,135.87,24.97,Cornering,"Hoosier 43075 16x7.5-10 R20, 7 inch rim",10593
78.3,521.529,-10.69,23.79,-144.86,2.005,-12.26,11.3,0.03,0.0738,-0.1642,12.22,160053.64,7.77,93.01,-0.057,-0,-1,134.56,129.24,135.79,24.96,Cornering,"Hoosier 43075 16x7.5-10 R20, 7 inch rim",10594
78.28,521.539,-10.76,28.18,-146.79,2.004,-13.58,10.87,0.03,0.0733,-0.192,12.17,160052.84,7.77,93,-0.103,-0,-1,134.52,129.02,135.69,24.96,Cornering,"Hoosier 43075 16x7.5-10 R20, 7 inch rim",10595
78.31,521.549,-10.06,33.22,-148.67,1.998,-14,10.29,0.09,0.0677,-0.2234,12.06,44341.48,7.77,92.95,-0.143,-0,-0.9998,134.37,128.82,135.53,24.96,Cornering,"Hoosier 43075 16x7.5-10 R20, 7 inch rim",10596
78.31,521.559,-8.67,38.38,-149.4,1.992,-13.54,9.76,0.03,0.058,-0.2569,11.96,160162.22,7.77,92.94,-0.205,-0,-1,134.28,128.8,135.35,24.98,Cornering,"Hoosier 43075 16x7.5-10 R20, 7 inch rim",10597
78.29,521.569,-6.58,43.31,-148.59,2.001,-13.41,9.65,0.16,0.0443,-0.2914,11.94,25754.21,7.77,92.93,-0.248,-0,-0.9997,134.24,128.73,135.25,24.97,Cornering,"Hoosier 43075 16x7.5-10 R20, 7 inch rim",10598
78.3,521.579,-5.35,48.54,-146.53,1.998,-12.56,8.79,-0.04,0.0365,-0.3313,11.97,-99558.77,7.77,92.91,-0.301,-0,-1.0001,134.18,128.69,135.15,24.98,Cornering,"Hoosier 43075 16x7.5-10 R20, 7 inch rim",10599
78.32,521.589,-4.82,53.3,-144.52,2.002,-11.63,8.26,0.03,0.0334,-0.3688,12.06,160047.17,7.77,92.91,-0.338,-0,-1,134.18,128.71,135.08,24.96,Cornering,"Hoosier 43075 16x7.5-10 R20, 7 inch rim",10600
78.3,521.599,-5.05,58.23,-142.51,1.993,-11.32,7.79,0.03,0.0355,-0.4086,12.16,159971.61,7.77,92.91,-0.378,-0,-1,134.15,128.73,135,24.95,Cornering,"Hoosier 43075 16x7.5-10 R20, 7 inch rim",10601
78.28,521.609,-6.34,63.18,-141.48,1.989,-11.19,7.43,0.03,0.0448,-0.4466,12.18,159858.86,7.77,92.91,-0.416,-0,-1,134.2,128.91,134.98,24.93,Cornering,"Hoosier 43075 16x7.5-10 R20, 7 inch rim",10602
78.32,521.619,-7.02,67.67,-141.78,1.995,-11.41,8.28,0.09,0.0495,-0.4773,12.17,44318.64,7.77,92.92,-0.437,-0,-0.9998,134.26,129.06,135,24.94,Cornering,"Hoosier 43075 16x7.5-10 R20, 7 inch rim",10603
78.32,521.629,-7.82,71.83,-141.8,1.998,-13.2,8.86,0.03,0.0552,-0.5066,12.08,160042.03,7.77,92.95,-0.491,-0,-1,134.3,129.06,134.96,24.96,Cornering,"Hoosier 43075 16x7.5-10 R20, 7 inch rim",10604
78.29,521.639,-8.8,75.72,-143.55,2.006,-14.38,8.8,0.03,0.0613,-0.5275,11.99,160115.7,7.77,92.97,-0.508,-0,-1,134.28,128.99,134.86,24.97,Cornering,"Hoosier 43075 16x7.5-10 R20, 7 inch rim",10605
78.3,521.649,-8.75,79.99,-146.03,2.002,-14.79,8.92,0.09,0.0599,-0.5478,11.94,44368.85,7.77,92.97,-0.56,-0,-0.9998,134.2,128.82,134.76,24.97,Cornering,"Hoosier 43075 16x7.5-10 R20, 7 inch rim",10606
78.32,521.659,-8.79,84.56,-147.97,1.996,-15.05,7.86,0.03,0.0594,-0.5715,11.96,160112.3,7.77,92.99,-0.593,-0,-1,134.05,128.64,134.54,24.97,Cornering,"Hoosier 43075 16x7.5-10 R20, 7 inch rim",10607
78.3,521.669,-7.68,89.72,-149.55,2.002,-14.21,7,0.03,0.0513,-0.5999,12,160073.91,7.77,92.98,-0.621,-0,-1,133.98,128.53,134.38,24.97,Cornering,"Hoosier 43075 16x7.5-10 R20, 7 inch rim",10608
78.28,521.679,-6.66,94.2,-149.66,2.014,-13.47,5.64,0.09,0.0445,-0.6294,12.1,44347.2,7.76,92.95,-0.648,-0,-0.9998,133.92,128.47,134.22,24.96,Cornering,"Hoosier 43075 16x7.5-10 R20, 7 inch rim",10609
78.3,521.689,-5.57,98.39,-147.99,1.999,-13.3,4.31,0.03,0.0377,-0.6648,12.18,159996.94,7.77,92.91,-0.68,-0,-1,133.83,128.49,134.09,24.96,Cornering,"Hoosier 43075 16x7.5-10 R20, 7 inch rim",10610
78.32,521.699,-4.9,102.53,-145.49,1.993,-13.07,3.03,0.16,0.0336,-0.7047,12.19,25739.45,7.77,92.96,-0.72,-0,-0.9997,133.7,128.49,134.01,24.96,Cornering,"Hoosier 43075 16x7.5-10 R20, 7 inch rim",10611
78.28,521.709,-5.48,106.65,-143.49,2.001,-12.78,1.64,0.09,0.0382,-0.7433,12.13,44366.43,7.77,92.98,-0.752,-0,-0.9998,133.6,128.58,133.85,24.97,Cornering,"Hoosier 43075 16x7.5-10 R20, 7 inch rim",10612
78.29,521.719,-7.29,110,-142.21,2.008,-13.79,-0.03,-0.04,0.0513,-0.7735,12.05,-99546.45,7.76,92.98,-0.794,-0,-1.0001,133.55,128.77,133.79,24.98,Cornering,"Hoosier 43075 16x7.5-10 R20, 7 inch rim",10613
78.31,521.729,-9.09,113.93,-142.54,1.993,-13.49,-0.94,0.16,0.0638,-0.7993,11.95,25750.58,7.77,93.01,-0.82,-0,-0.9997,133.51,128.93,133.77,24.97,Cornering,"Hoosier 43075 16x7.5-10 R20, 7 inch rim",10614
78.29,521.739,-10.5,116.89,-143.29,1.99,-15.13,-1.22,-0.04,0.0733,-0.8157,11.94,-99543.99,7.77,93.05,-0.868,-0,-1.0001,133.51,128.99,133.71,24.98,Cornering,"Hoosier 43075 16x7.5-10 R20, 7 inch rim",10615
78.27,521.749,-11.22,120.51,-145.36,1.99,-15.3,-1.14,-0.04,0.0772,-0.8291,11.96,-99519.43,7.76,93.07,-0.909,-0,-1.0001,133.45,128.97,133.65,24.97,Cornering,"Hoosier 43075 16x7.5-10 R20, 7 inch rim",10616
78.3,521.759,-11.9,124.45,-147.47,1.99,-16.07,-1.78,-0.04,0.0807,-0.8439,12.05,-99564.32,7.77,93.06,-0.945,-0,-1.0001,133.3,128.91,133.53,24.98,Cornering,"Hoosier 43075 16x7.5-10 R20, 7 inch rim",10617
78.31,521.769,-11.58,128.65,-149.74,2.008,-15.96,-2.04,0.03,0.0773,-0.8592,12.15,160239.77,7.76,93.07,-0.998,-0,-1,133.23,128.77,133.33,25,Cornering,"Hoosier 43075 16x7.5-10 R20, 7 inch rim",10618
78.28,521.779,-10.74,133.07,-151.82,2.005,-15.27,-2.99,-0.04,0.0707,-0.8765,12.21,-99560.8,7.76,93.09,-1.036,-0,-1.0001,133.15,128.66,133.16,24.98,Cornering,"Hoosier 43075 16x7.5-10 R20, 7 inch rim",10619
78.27,521.789,-9.32,137.45,-151.3,1.989,-15.64,-3.85,0.03,0.0616,-0.9085,12.19,160160.14,7.76,93.08,-1.081,-0,-1,133.04,128.62,133.04,24.98,Cornering,"Hoosier 43075 16x7.5-10 R20, 7 inch rim",10620
78.3,521.799,-7.84,141.27,-150.7,2.008,-15.08,-4.44,0.03,0.052,-0.9374,12.12,160045.3,7.76,93.07,-1.131,-0,-1,132.97,128.62,132.86,24.97,Cornering,"Hoosier 43075 16x7.5-10 R20, 7 inch rim",10621
78.29,521.809,-6.26,144.68,-149.21,1.995,-14.69,-4.5,-0.04,0.042,-0.9697,12.03,-99462.03,7.76,93.01,-1.188,-0,-1.0001,133,128.58,132.8,24.96,Cornering,"Hoosier 43075 16x7.5-10 R20, 7 inch rim",10622
78.26,521.819,-5.77,148.17,-146.87,1.999,-15.15,-4.31,0.03,0.0393,-1.0088,11.95,160038.81,7.76,92.94,-1.223,-0,-1,132.95,128.55,132.72,24.97,Cornering,"Hoosier 43075 16x7.5-10 R20, 7 inch rim",10623
78.27,521.829,-5.3,151.38,-145.12,1.993,-16.54,-3.25,0.09,0.0365,-1.0432,11.95,44347.13,7.76,92.9,-1.27,-0,-0.9998,132.85,128.71,132.6,24.97,Cornering,"Hoosier 43075 16x7.5-10 R20, 7 inch rim",10624
78.29,521.839,-5.69,155.21,-144.99,2.008,-16.56,-1.97,0.09,0.0393,-1.0705,12,44346.38,7.76,92.85,-1.306,-0,-0.9998,132.89,128.91,132.56,24.97,Cornering,"Hoosier 43075 16x7.5-10 R20, 7 inch rim",10625
78.27,521.849,-6.03,158.97,-145.67,2.002,-16.44,-0.36,0.09,0.0414,-1.0913,12.08,44324.73,7.76,92.84,-1.354,-0,-0.9998,132.85,129.02,132.52,24.96,Cornering,"Hoosier 43075 16x7.5-10 R20, 7 inch rim",10626
78.26,521.859,-6.27,162.87,-146.46,1.999,-16.7,0.96,0.03,0.0428,-1.1121,12.17,159949.83,7.76,92.82,-1.412,-0,-1,132.78,129.02,132.46,24.96,Cornering,"Hoosier 43075 16x7.5-10 R20, 7 inch rim",10627
78.28,521.869,-6.17,166.51,-148.83,1.996,-16.42,2.16,0.03,0.0414,-1.1188,12.19,160021.41,7.76,92.8,-1.445,-0,-1,132.67,128.95,132.38,24.97,Cornering,"Hoosier 43075 16x7.5-10 R20, 7 inch rim",10628
78.28,521.879,-5.24,170.26,-150.39,2.002,-17.62,3.03,0.03,0.0348,-1.1321,12.19,160055.39,7.76,92.77,-1.482,-0,-1,132.59,128.77,132.26,24.97,Cornering,"Hoosier 43075 16x7.5-10 R20, 7 inch rim",10629
78.25,521.889,-4.19,174.49,-152.12,2.006,-17.42,2.99,0.09,0.0276,-1.147,12.11,44361.51,7.76,92.75,-1.543,-0,-0.9998,132.5,128.69,132.05,24.98,Cornering,"Hoosier 43075 16x7.5-10 R20, 7 inch rim",10630
78.26,521.899,-2.84,178.1,-152.85,1.999,-17.25,2.36,0.03,0.0186,-1.1652,12.02,160084.09,7.76,92.76,-1.578,-0,-1,132.5,128.6,131.89,24.98,Cornering,"Hoosier 43075 16x7.5-10 R20, 7 inch rim",10631
78.28,521.909,-1.5,181.05,-152.34,1.995,-17.39,1.55,-0.04,0.0098,-1.1885,11.95,-99487.19,7.76,92.76,-1.603,-0,-1.0001,132.46,128.55,131.73,24.97,Cornering,"Hoosier 43075 16x7.5-10 R20, 7 inch rim",10632
78.26,521.919,-0.25,183.62,-150.59,2.002,-17.73,0.78,0.09,0.0017,-1.2193,11.96,44328.13,7.76,92.8,-1.642,-0,-0.9998,132.5,128.62,131.65,24.96,Cornering,"Hoosier 43075 16x7.5-10 R20, 7 inch rim",10633
78.24,521.929,-0.52,186.05,-148.71,2.004,-17.6,-0.86,-0.04,0.0035,-1.2511,12.01,-99414.61,7.76,92.83,-1.661,-0,-1.0001,132.37,128.62,131.59,24.96,Cornering,"Hoosier 43075 16x7.5-10 R20, 7 inch rim",10634
78.27,521.939,-1.66,188.81,-147.12,2.001,-16.72,-2.08,0.03,0.0113,-1.2834,12.09,159960.47,7.76,92.85,-1.708,-0,-1,132.37,128.69,131.57,24.96,Cornering,"Hoosier 43075 16x7.5-10 R20, 7 inch rim",10635
78.27,521.949,-3.46,191.26,-145.83,1.998,-17.48,-3.46,-0.04,0.0238,-1.3115,12.16,-99432.81,7.76,92.83,-1.742,-0,-1.0001,132.37,128.82,131.59,24.96,Cornering,"Hoosier 43075 16x7.5-10 R20, 7 inch rim",10636
78.24,521.959,-5.41,193.77,-146.18,1.995,-16.93,-4.14,-0.04,0.037,-1.3255,12.17,-99406.71,7.76,92.82,-1.791,-0,-1.0001,132.4,128.95,131.65,24.96,Cornering,"Hoosier 43075 16x7.5-10 R20, 7 inch rim",10637
78.25,521.969,-7.05,196.41,-146.86,1.998,-16.98,-4.84,0.03,0.048,-1.3374,12.14,159949.81,7.76,92.78,-1.815,-0,-1,132.4,129.04,131.63,24.96,Cornering,"Hoosier 43075 16x7.5-10 R20, 7 inch rim",10638
78.27,521.979,-9.02,198.93,-148.36,2.001,-17.32,-6.05,0.09,0.0608,-1.3408,12.06,44301.68,7.76,92.81,-1.857,-0,-0.9998,132.33,128.95,131.57,24.95,Cornering,"Hoosier 43075 16x7.5-10 R20, 7 inch rim",10639
78.25,521.989,-9.52,201.28,-150.27,2.008,-17.92,-6.81,0.09,0.0633,-1.3395,12,44280.52,7.76,92.78,-1.877,-0,-0.9998,132.29,128.86,131.49,24.94,Cornering,"Hoosier 43075 16x7.5-10 R20, 7 inch rim",10640
78.23,521.999,-9.29,204,-152.29,2.001,-18.25,-7.68,0.09,0.061,-1.3395,11.99,44268.96,7.76,92.76,-1.92,-0,-0.9998,132.18,128.73,131.31,24.93,Cornering,"Hoosier 43075 16x7.5-10 R20, 7 inch rim",10641
78.26,522.009,-8.55,206.36,-153.77,2.004,-18.45,-8.8,0.09,0.0556,-1.342,12.04,44298.59,7.76,92.75,-1.961,-0,-0.9998,132.12,128.69,131.16,24.95,Cornering,"Hoosier 43075 16x7.5-10 R20, 7 inch rim",10642
78.26,522.019,-7.26,208.84,-153.42,2.004,-18.1,-9.71,0.03,0.0473,-1.3612,12.09,159929.69,7.76,92.73,-2.004,-0,-1,132.12,128.69,131.02,24.96,Cornering,"Hoosier 43075 16x7.5-10 R20, 7 inch rim",10643
78.23,522.029,-6.01,210.51,-151.64,1.998,-18.75,-10.2,0.03,0.0396,-1.3882,12.17,160036.61,7.76,92.7,-2.044,-0,-1,132.03,128.73,130.92,24.98,Cornering,"Hoosier 43075 16x7.5-10 R20, 7 inch rim",10644
78.23,522.039,-4.61,212.6,-149.03,2.002,-19.17,-9.91,-0.04,0.0309,-1.4265,12.16,-99502.25,7.76,92.64,-2.087,-0,-1.0001,131.97,128.77,130.84,24.98,Cornering,"Hoosier 43075 16x7.5-10 R20, 7 inch rim",10645
78.26,522.049,-4.51,214.72,-147.3,2.005,-18.36,-9.68,0.03,0.0306,-1.4577,12.11,159954.61,7.76,92.62,-2.112,-0,-1,131.88,128.84,130.8,24.97,Cornering,"Hoosier 43075 16x7.5-10 R20, 7 inch rim",10646
78.25,522.059,-5.18,217.31,-146.06,2.012,-17.83,-9.3,-0.04,0.0354,-1.4878,12.07,-99334.51,7.76,92.6,-2.172,-0,-1.0001,131.86,129.04,130.74,24.94,Cornering,"Hoosier 43075 16x7.5-10 R20, 7 inch rim",10647
78.22,522.069,-6.32,219.86,-146.18,1.989,-16.64,-8.84,0.03,0.0432,-1.504,12.01,159720.44,7.76,92.58,-2.208,-0,-1,131.92,129.17,130.76,24.93,Cornering,"Hoosier 43075 16x7.5-10 R20, 7 inch rim",10648
78.24,522.079,-6.99,222.47,-146.01,1.993,-17.34,-7.66,0.09,0.0478,-1.5237,12.01,44247.65,7.76,92.57,-2.265,-0,-0.9998,131.92,129.35,130.8,24.93,Cornering,"Hoosier 43075 16x7.5-10 R20, 7 inch rim",10649
78.25,522.089,-7.18,225.3,-147.44,1.995,-17.11,-6.39,0.09,0.0487,-1.5281,12.06,44277.18,7.76,92.54,-2.304,-0,-0.9998,131.84,129.35,130.74,24.94,Cornering,"Hoosier 43075 16x7.5-10 R20, 7 inch rim",10650
78.23,522.099,-6.8,227.47,-148.78,2.002,-18.85,-5.3,0.03,0.0457,-1.5289,12.12,159890.64,7.75,92.54,-2.332,-0,-1,131.79,129.17,130.74,24.96,Cornering,"Hoosier 43075 16x7.5-10 R20, 7 inch rim",10651
78.22,522.109,-6.19,229.86,-151.12,2.004,-19.39,-4.91,-0.04,0.041,-1.5211,12.13,-99457.3,7.76,92.52,-2.375,-0,-1.0001,131.73,129.08,130.58,24.98,Cornering,"Hoosier 43075 16x7.5-10 R20, 7 inch rim",10652
78.25,522.119,-4.79,232.54,-152.53,2.001,-19.76,-4.78,0.09,0.0314,-1.5246,12.12,44344.7,7.76,92.53,-2.43,-0,-0.9998,131.69,128.95,130.5,24.98,Cornering,"Hoosier 43075 16x7.5-10 R20, 7 inch rim",10653
78.24,522.129,-3.13,234.57,-152.66,1.998,-20.14,-4.99,0.09,0.0205,-1.5365,12.04,44322.65,7.76,92.53,-2.47,-0,-0.9998,131.69,128.91,130.4,24.97,Cornering,"Hoosier 43075 16x7.5-10 R20, 7 inch rim",10654
78.21,522.139,-0.93,236.52,-150.69,2.002,-20.86,-4.41,-0.04,0.0061,-1.5695,11.97,-99308.59,7.76,92.55,-2.5,-0,-1.0001,131.71,128.88,130.4,24.94,Cornering,"Hoosier 43075 16x7.5-10 R20, 7 inch rim",10655
78.23,522.149,0.51,238.68,-149.5,2.001,-18.82,-4.22,0.09,-0.0034,-1.5965,11.97,44237.34,7.76,92.54,-2.55,-0,-0.9998,131.67,128.97,130.36,24.93,Cornering,"Hoosier 43075 16x7.5-10 R20, 7 inch rim",10656
78.25,522.159,0.84,240.98,-147.29,1.992,-18.06,-4.09,0.03,-0.0057,-1.636,12,159669.28,7.76,92.55,-2.6,-0,-1,131.6,128.95,130.36,24.93,Cornering,"Hoosier 43075 16x7.5-10 R20, 7 inch rim",10657
78.23,522.169,0.02,243.21,-145.41,2.009,-17.79,-4.12,-0.04,-0.0002,-1.6726,12.09,-99228.93,7.75,92.55,-2.622,-0,-1.0001,131.6,129.04,130.36,24.93,Cornering,"Hoosier 43075 16x7.5-10 R20, 7 inch rim",10658
78.21,522.179,-1.55,245.35,-144.5,2.008,-17.97,-4.38,0.09,0.0107,-1.698,12.14,44212.6,7.75,92.54,-2.657,-0,-0.9998,131.6,129.22,130.42,24.92,Cornering,"Hoosier 43075 16x7.5-10 R20, 7 inch rim",10659
78.24,522.189,-3.52,247.24,-144.67,1.999,-17.86,-4.98,0.09,0.0243,-1.709,12.19,44200.32,7.76,92.54,-2.707,-0,-0.9998,131.75,129.33,130.48,24.91,Cornering,"Hoosier 43075 16x7.5-10 R20, 7 inch rim",10660
78.23,522.199,-5.03,249.16,-145.93,1.992,-17.42,-5.17,-0.04,0.0345,-1.7074,12.15,-99218.3,7.76,92.55,-2.74,-0,-1.0001,131.75,129.3,130.56,24.93,Cornering,"Hoosier 43075 16x7.5-10 R20, 7 inch rim",10661
78.21,522.209,-6.03,250.1,-147.41,1.999,-19.07,-5.61,0.09,0.0409,-1.6966,12.07,44239.02,7.76,92.56,-2.768,-0,-0.9998,131.71,129.17,130.48,24.93,Cornering,"Hoosier 43075 16x7.5-10 R20, 7 inch rim",10662
78.22,522.219,-6.42,251.7,-149.57,1.998,-20.33,-6.37,0.16,0.043,-1.6828,11.98,25682.2,7.76,92.57,-2.808,-0,-0.9997,131.62,129.06,130.46,24.94,Cornering,"Hoosier 43075 16x7.5-10 R20, 7 inch rim",10663
78.24,522.229,-6.86,253.78,-151.28,1.993,-20.78,-8.2,-0.04,0.0454,-1.6775,11.96,-99254.06,7.76,92.55,-2.852,-0,-1.0001,131.56,128.95,130.36,24.94,Cornering,"Hoosier 43075 16x7.5-10 R20, 7 inch rim",10664
78.22,522.239,-6.36,255.94,-152.04,2.009,-20.83,-9.73,0.03,0.0418,-1.6834,11.97,159663.88,7.75,92.56,-2.889,-0,-1,131.45,128.88,130.32,24.94,Cornering,"Hoosier 43075 16x7.5-10 R20, 7 inch rim",10665
78.21,522.249,-5.28,258.11,-151.19,2.002,-20.04,-10.9,0.09,0.0349,-1.7072,12.04,44253.07,7.75,92.58,-2.922,-0,-0.9998,131.45,128.86,130.3,24.94,Cornering,"Hoosier 43075 16x7.5-10 R20, 7 inch rim",10666
78.23,522.259,-3.68,259.92,-149.24,2.006,-19.34,-10.85,-0.04,0.0247,-1.7417,12.11,-99381.7,7.75,92.62,-2.964,-0,-1.0001,131.39,128.88,130.25,24.97,Cornering,"Hoosier 43075 16x7.5-10 R20, 7 inch rim",10667
78.23,522.269,-3.27,261.74,-146.85,2.002,-18.25,-11.2,-0.04,0.0223,-1.7824,12.12,-99446.36,7.75,92.65,-3.01,-0,-1.0001,131.39,128.93,130.21,24.99,Cornering,"Hoosier 43075 16x7.5-10 R20, 7 inch rim",10668
78.2,522.279,-3.63,263.13,-145.13,1.989,-17.67,-11.13,0.03,0.025,-1.8131,12.05,160045.97,7.76,92.72,-3.054,-0,-1,131.3,128.99,130.25,25,Cornering,"Hoosier 43075 16x7.5-10 R20, 7 inch rim",10669
78.21,522.289,-4.51,264.43,-143.55,2.002,-18.62,-10.66,-0.11,0.0314,-1.842,11.98,-37912.41,7.75,92.78,-3.091,-0,-1.0002,131.39,129.15,130.34,24.98,Cornering,"Hoosier 43075 16x7.5-10 R20, 7 inch rim",10670
78.23,522.299,-5.53,265.86,-144.14,1.996,-18.24,-9.89,0.03,0.0384,-1.8445,11.92,159734.33,7.76,92.78,-3.144,-0,-1,131.52,129.37,130.38,24.96,Cornering,"Hoosier 43075 16x7.5-10 R20, 7 inch rim",10671
78.22,522.309,-6.52,267.12,-144.93,1.995,-19.01,-9.2,-0.04,0.045,-1.8431,11.94,-99244.46,7.76,92.78,-3.18,-0,-1.0001,131.56,129.46,130.44,24.94,Cornering,"Hoosier 43075 16x7.5-10 R20, 7 inch rim",10672
78.2,522.319,-6.88,268.4,-146.36,1.99,-19.91,-8.29,0.03,0.047,-1.8339,12,159611.47,7.76,92.79,-3.213,-0,-1,131.6,129.39,130.46,24.94,Cornering,"Hoosier 43075 16x7.5-10 R20, 7 inch rim",10673
78.22,522.329,-6.7,270.14,-148.36,1.996,-20.64,-7.76,0.03,0.0452,-1.8208,12.08,159716.89,7.75,92.79,-3.247,-0,-1,131.6,129.28,130.42,24.96,Cornering,"Hoosier 43075 16x7.5-10 R20, 7 inch rim",10674
78.23,522.339,-5.77,272.66,-150.07,1.998,-20.91,-7.39,-0.04,0.0385,-1.8169,12.15,-99300.84,7.75,92.77,-3.3,-0,-1.0001,131.67,129.17,130.32,24.96,Cornering,"Hoosier 43075 16x7.5-10 R20, 7 inch rim",10675
78.2,522.349,-4.33,275.02,-150.85,1.993,-21.25,-7.35,0.03,0.0287,-1.8231,12.13,159848.83,7.75,92.77,-3.342,-0,-1,131.69,129.1,130.21,24.98,Cornering,"Hoosier 43075 16x7.5-10 R20, 7 inch rim",10676
78.2,522.359,-2.55,277.18,-150.99,2.005,-20.3,-7.27,-0.04,0.0169,-1.8358,12.08,-99383.81,7.75,92.77,-3.385,-0,-1.0001,131.67,129.08,130.19,24.98,Cornering,"Hoosier 43075 16x7.5-10 R20, 7 inch rim",10677
78.23,522.369,-0.95,278.69,-149.5,2.009,-19.33,-7.21,0.03,0.0063,-1.8642,11.98,159833.77,7.75,92.74,-3.426,-0,-1,131.64,129.15,130.15,24.98,Cornering,"Hoosier 43075 16x7.5-10 R20, 7 inch rim",10678
78.22,522.379,-0.13,279.74,-147.5,2.005,-18.85,-7.26,0.09,0.0009,-1.8966,11.94,44269.14,7.75,92.74,-3.458,-0,-0.9998,131.58,129.13,130.15,24.97,Cornering,"Hoosier 43075 16x7.5-10 R20, 7 inch rim",10679
78.2,522.389,-0.3,280.62,-145.69,2.004,-18.6,-7.09,0.03,0.002,-1.9262,11.94,159671.58,7.75,92.69,-3.502,-0,-1,131.54,129.24,130.17,24.96,Cornering,"Hoosier 43075 16x7.5-10 R20, 7 inch rim",10680
78.21,522.399,-1.26,282.15,-144.27,1.999,-18.75,-7.02,-0.04,0.0088,-1.9557,12,-99227.48,7.75,92.65,-3.544,-0,-1.0001,131.58,129.33,130.25,24.95,Cornering,"Hoosier 43075 16x7.5-10 R20, 7 inch rim",10681
78.23,522.409,-2.21,283.04,-143.92,2.006,-19.32,-6.38,0.09,0.0153,-1.9667,12.08,44252.34,7.75,92.6,-3.585,-0,-0.9998,131.67,129.57,130.36,24.96,Cornering,"Hoosier 43075 16x7.5-10 R20, 7 inch rim",10682
78.2,522.419,-3.69,284.02,-144.77,1.993,-19.36,-6.05,0.09,0.0255,-1.9619,12.17,44239.81,7.75,92.59,-3.628,-0,-0.9998,131.77,129.61,130.42,24.96,Cornering,"Hoosier 43075 16x7.5-10 R20, 7 inch rim",10683
78.2,522.429,-4.8,285.73,-145.47,1.998,-20.38,-5.9,-0.04,0.033,-1.9642,12.19,-99237.43,7.75,92.58,-3.655,-0,-1.0001,131.79,129.57,130.42,24.96,Cornering,"Hoosier 43075 16x7.5-10 R20, 7 inch rim",10684
78.23,522.439,-5.02,287.3,-147.22,2.006,-21.06,-5.64,-0.04,0.0341,-1.9515,12.14,-99186.2,7.75,92.61,-3.698,-0,-1.0001,131.75,129.48,130.46,24.94,Cornering,"Hoosier 43075 16x7.5-10 R20, 7 inch rim",10685
78.22,522.449,-5.45,289.72,-149.8,2.001,-20.85,-6.65,0.03,0.0364,-1.934,12.06,159626.48,7.75,92.65,-3.74,-0,-1,131.75,129.33,130.38,24.96,Cornering,"Hoosier 43075 16x7.5-10 R20, 7 inch rim",10686
78.19,522.459,-4.75,292.05,-150.25,2.004,-21.65,-7.36,0.03,0.0316,-1.9437,11.99,159584.34,7.75,92.7,-3.766,-0,-1,131.73,129.15,130.32,24.95,Cornering,"Hoosier 43075 16x7.5-10 R20, 7 inch rim",10687
78.21,522.469,-3.71,294.26,-150.71,1.996,-20.56,-8.43,-0.04,0.0246,-1.9526,11.97,-99217.61,7.75,92.72,-3.819,-0,-1.0001,131.71,129.1,130.25,24.96,Cornering,"Hoosier 43075 16x7.5-10 R20, 7 inch rim",10688
78.23,522.479,-2.71,294.96,-149.24,2.012,-20.77,-9.21,0.09,0.0182,-1.9764,12,44228.03,7.75,92.74,-3.846,-0,-0.9998,131.69,129.06,130.25,24.96,Cornering,"Hoosier 43075 16x7.5-10 R20, 7 inch rim",10689
78.2,522.489,-2.25,295.4,-147.44,2.005,-19.83,-9.95,-0.04,0.0153,-2.0036,12.08,-99209.02,7.75,92.77,-3.887,-0,-1.0001,131.69,129.06,130.17,24.96,Cornering,"Hoosier 43075 16x7.5-10 R20, 7 inch rim",10690
78.19,522.499,-2.55,295.66,-145.91,2.011,-19.05,-10.5,-0.04,0.0175,-2.0263,12.2,-99295.74,7.75,92.78,-3.93,-0,-1.0001,131.62,129.1,130.23,24.98,Cornering,"Hoosier 43075 16x7.5-10 R20, 7 inch rim",10691
78.22,522.509,-3.25,296.28,-144.42,1.998,-19.25,-10.6,-0.04,0.0225,-2.0515,12.24,-99358.8,7.75,92.82,-3.977,-0,-1.0001,131.56,129.24,130.28,25,Cornering,"Hoosier 43075 16x7.5-10 R20, 7 inch rim",10692
78.23,522.519,-4.19,297.3,-143.41,2.005,-20.21,-9.97,0.03,0.0292,-2.0731,12.24,159832.7,7.75,92.82,-4.003,-0,-1,131.6,129.39,130.34,25,Cornering,"Hoosier 43075 16x7.5-10 R20, 7 inch rim",10693
78.19,522.529,-5.12,298.4,-144.3,2.011,-20.14,-9.12,0.03,0.0354,-2.0679,12.17,159785.73,7.75,92.85,-4.051,-0,-1,131.73,129.48,130.48,24.99,Cornering,"Hoosier 43075 16x7.5-10 R20, 7 inch rim",10694
78.2,522.539,-5.66,299.53,-145.19,1.996,-21.02,-8.29,0.03,0.039,-2.063,12.09,159667.59,7.75,92.88,-4.083,-0,-1,131.71,129.5,130.52,24.97,Cornering,"Hoosier 43075 16x7.5-10 R20, 7 inch rim",10695
78.23,522.549,-6.4,301.93,-147.53,1.998,-20.08,-8.07,0.09,0.0434,-2.0466,12,44232.09,7.75,92.92,-4.132,-0,-0.9998,131.71,129.39,130.56,24.97,Cornering,"Hoosier 43075 16x7.5-10 R20, 7 inch rim",10696
78.2,522.559,-6.53,304.26,-148.94,2.009,-21.28,-8.11,0.03,0.0439,-2.0428,11.98,159540.78,7.74,92.9,-4.156,-0,-1,131.64,129.28,130.6,24.96,Cornering,"Hoosier 43075 16x7.5-10 R20, 7 inch rim",10697
78.19,522.569,-5.51,307.28,-150.95,2.004,-20.52,-8.07,0.03,0.0365,-2.0357,12.03,159640.75,7.74,92.89,-4.208,-0,-1,131.64,129.17,130.5,24.97,Cornering,"Hoosier 43075 16x7.5-10 R20, 7 inch rim",10698
78.22,522.579,-4.35,309.32,-151.28,1.999,-20.8,-8.6,-0.04,0.0288,-2.0447,12.12,-99251.35,7.75,92.88,-4.265,-0,-1.0001,131.67,129.06,130.5,24.98,Cornering,"Hoosier 43075 16x7.5-10 R20, 7 inch rim",10699
78.23,522.589,-2.17,310.37,-150.21,2.002,-21.14,-7.92,0.09,0.0144,-2.0663,12.21,44273.26,7.74,92.89,-4.3,-0,-0.9998,131.69,129.08,130.44,25,Cornering,"Hoosier 43075 16x7.5-10 R20, 7 inch rim",10700
78.2,522.599,-0.77,310.33,-149.05,2.008,-20.45,-7.79,-0.11,0.0052,-2.0821,12.24,-37873.15,7.74,92.93,-4.325,-0,-1.0002,131.69,129.1,130.42,24.99,Cornering,"Hoosier 43075 16x7.5-10 R20, 7 inch rim",10701
78.2,522.609,-0.23,309.82,-146.76,2.001,-20.77,-7.58,0.03,0.0015,-2.1111,12.22,159604.45,7.75,92.94,-4.371,-0,-1,131.71,129.17,130.48,24.97,Cornering,"Hoosier 43075 16x7.5-10 R20, 7 inch rim",10702
78.23,522.619,-0.67,309.81,-145.56,1.992,-20.34,-7.48,0.03,0.0046,-2.1285,12.15,159410.12,7.75,92.95,-4.411,-0,-1,131.67,129.3,130.56,24.94,Cornering,"Hoosier 43075 16x7.5-10 R20, 7 inch rim",10703
78.21,522.629,-1.69,310.39,-144.72,1.996,-20.66,-7.17,0.03,0.0117,-2.1448,12.06,159326.2,7.75,92.95,-4.454,-0,-1,131.67,129.5,130.6,24.93,Cornering,"Hoosier 43075 16x7.5-10 R20, 7 inch rim",10704
78.19,522.639,-2.98,311.65,-145.08,1.992,-20.34,-6.77,-0.04,0.0206,-2.1482,12,-99011.22,7.75,92.93,-4.499,-0,-1.0001,131.86,129.55,130.72,24.93,Cornering,"Hoosier 43075 16x7.5-10 R20, 7 inch rim",10705
78.22,522.649,-4.16,313.64,-145.26,2.004,-20.85,-6.08,0.09,0.0287,-2.1592,12,44146.22,7.74,92.87,-4.523,-0,-0.9998,131.97,129.63,130.84,24.93,Cornering,"Hoosier 43075 16x7.5-10 R20, 7 inch rim",10706
78.23,522.659,-5.14,315.52,-146.68,2.011,-20.76,-5.99,0.09,0.0351,-2.151,12.06,44143.8,7.74,92.85,-4.56,-0,-0.9998,132.03,129.52,130.88,24.93,Cornering,"Hoosier 43075 16x7.5-10 R20, 7 inch rim",10707
78.19,522.669,-5.96,317.61,-148.3,1.996,-21.36,-6.48,0.03,0.0402,-2.1417,12.15,159327.42,7.74,92.82,-4.607,-0,-1,132.05,129.41,130.94,24.94,Cornering,"Hoosier 43075 16x7.5-10 R20, 7 inch rim",10708
78.2,522.679,-6.08,319.82,-150.23,2.004,-21.39,-7.14,0.03,0.0405,-2.1289,12.22,159355.56,7.74,92.79,-4.645,-0,-1,131.99,129.24,130.88,24.94,Cornering,"Hoosier 43075 16x7.5-10 R20, 7 inch rim",10709
78.22,522.689,-4.99,321.25,-151.5,2.005,-21.43,-7.46,-0.04,0.0329,-2.1205,12.24,-99144.3,7.74,92.77,-4.689,-0,-1.0001,131.99,129.15,130.86,24.97,Cornering,"Hoosier 43075 16x7.5-10 R20, 7 inch rim",10710
78.21,522.699,-3.88,321.57,-151.41,2.004,-21.45,-8.05,-0.04,0.0256,-2.1238,12.18,-99207.73,7.74,92.73,-4.726,-0,-1.0001,131.97,129.06,130.8,24.98,Cornering,"Hoosier 43075 16x7.5-10 R20, 7 inch rim",10711
78.19,522.709,-2.47,320.93,-150.28,1.999,-21.06,-8.26,0.03,0.0164,-2.1355,12.08,159697.7,7.74,92.71,-4.761,-0,-1,131.92,129.1,130.84,25,Cornering,"Hoosier 43075 16x7.5-10 R20, 7 inch rim",10712
78.2,522.719,-1.56,319.8,-148.55,1.998,-21.08,-8.15,0.09,0.0105,-2.1528,11.99,44239.89,7.74,92.69,-4.811,-0,-0.9998,131.92,129.13,130.8,25,Cornering,"Hoosier 43075 16x7.5-10 R20, 7 inch rim",10713
78.23,522.729,-1.46,319.72,-146.34,2.006,-21.1,-8.07,-0.04,0.01,-2.1847,11.95,-99234.64,7.74,92.71,-4.851,-0,-1.0001,131.82,129.15,130.82,25,Cornering,"Hoosier 43075 16x7.5-10 R20, 7 inch rim",10714
78.2,522.739,-2.48,320.69,-145.89,1.992,-19.63,-8.14,0.03,0.017,-2.1982,11.97,159628.27,7.74,92.71,-4.891,-0,-1,131.84,129.26,130.94,25,Cornering,"Hoosier 43075 16x7.5-10 R20, 7 inch rim",10715
78.19,522.749,-3.43,322.13,-144.49,2.014,-20.73,-7.45,0.03,0.0237,-2.2295,12.06,159691.06,7.74,92.7,-4.935,-0,-1,131.92,129.41,131.06,25.01,Cornering,"Hoosier 43075 16x7.5-10 R20, 7 inch rim",10716
78.23,522.759,-4.35,323.59,-145.4,1.999,-20.55,-6.7,-0.04,0.0299,-2.2255,12.16,-99354.91,7.74,92.67,-4.964,-0,-1.0001,132.07,129.44,131.16,25.03,Cornering,"Hoosier 43075 16x7.5-10 R20, 7 inch rim",10717
78.21,522.769,-5.43,325.32,-146.31,1.998,-20.61,-6.35,0.03,0.0371,-2.2236,12.25,159744.92,7.74,92.62,-5.014,-0,-1,132.14,129.46,131.22,25.02,Cornering,"Hoosier 43075 16x7.5-10 R20, 7 inch rim",10718
78.19,522.779,-5.94,326.92,-148.22,1.999,-20.94,-6.17,0.03,0.0401,-2.2056,12.27,159660.89,7.74,92.58,-5.053,-0,-1,132.16,129.28,131.29,25.01,Cornering,"Hoosier 43075 16x7.5-10 R20, 7 inch rim",10719
78.2,522.789,-5.94,328.99,-149.68,1.99,-21.91,-6.36,0.03,0.0397,-2.198,12.22,159389.92,7.74,92.54,-5.099,-0,-1,132.12,129.17,131.31,24.97,Cornering,"Hoosier 43075 16x7.5-10 R20, 7 inch rim",10720
78.23,522.799,-5.08,330.71,-151.14,2.002,-22.13,-6.59,-0.04,0.0336,-2.1881,12.13,-99029.08,7.74,92.51,-5.13,-0,-1.0001,132.16,129.06,131.33,24.96,Cornering,"Hoosier 43075 16x7.5-10 R20, 7 inch rim",10721
78.2,522.809,-3.51,331.36,-151.92,2.002,-21.49,-6.46,0.03,0.0231,-2.1811,12.03,159372.2,7.74,92.49,-5.166,-0,-1,132.12,128.99,131.31,24.97,Cornering,"Hoosier 43075 16x7.5-10 R20, 7 inch rim",10722
78.19,522.819,-2.26,330.76,-151.16,1.987,-21.37,-6.86,0.03,0.015,-2.1882,11.95,159472.53,7.74,92.48,-5.206,-0,-1,132.03,129.04,131.31,24.98,Cornering,"Hoosier 43075 16x7.5-10 R20, 7 inch rim",10723
78.22,522.829,-0.92,329.6,-149.41,1.998,-20.94,-6.5,0.03,0.0061,-2.206,11.96,159644.44,7.74,92.45,-5.255,-0,-1,132.01,129.06,131.33,25.01,Cornering,"Hoosier 43075 16x7.5-10 R20, 7 inch rim",10724
78.22,522.839,-0.5,329.04,-146.83,2.008,-21.47,-6.14,0.03,0.0034,-2.2409,12.06,159636.3,7.74,92.39,-5.285,-0,-1,131.97,129.08,131.37,25.01,Cornering,"Hoosier 43075 16x7.5-10 R20, 7 inch rim",10725
78.18,522.849,-1.23,329.65,-145.87,2.004,-20.09,-6.1,-0.04,0.0084,-2.2599,12.14,-99201.66,7.74,92.32,-5.336,-0,-1.0001,132.05,129.19,131.43,25.01,Cornering,"Hoosier 43075 16x7.5-10 R20, 7 inch rim",10726
78.2,522.859,-2.23,330.54,-145.46,2.014,-19.76,-5.56,0.03,0.0153,-2.2723,12.19,159425.53,7.74,92.29,-5.379,-0,-1,132.12,129.35,131.51,24.98,Cornering,"Hoosier 43075 16x7.5-10 R20, 7 inch rim",10727
78.23,522.869,-3.46,331.62,-144.4,1.999,-21.39,-5.07,-0.04,0.024,-2.2966,12.21,-98981.75,7.74,92.28,-5.412,-0,-1.0001,132.27,129.41,131.63,24.96,Cornering,"Hoosier 43075 16x7.5-10 R20, 7 inch rim",10728
78.2,522.879,-4.72,333.36,-145.71,2.002,-20.81,-4.74,0.09,0.0324,-2.2878,12.15,44110.62,7.74,92.27,-5.458,-0,-0.9998,132.33,129.37,131.75,24.95,Cornering,"Hoosier 43075 16x7.5-10 R20, 7 inch rim",10729
78.19,522.889,-5.36,334.96,-147.01,1.993,-21.51,-4.54,0.03,0.0365,-2.2786,12.06,159130.78,7.74,92.22,-5.508,-0,-1,132.44,129.3,131.75,24.94,Cornering,"Hoosier 43075 16x7.5-10 R20, 7 inch rim",10730
78.21,522.899,-5.95,337,-148.55,1.998,-22.43,-5.01,-0.04,0.0401,-2.2687,11.97,-98959.59,7.74,92.2,-5.54,-0,-1.0001,132.46,129.15,131.79,24.96,Cornering,"Hoosier 43075 16x7.5-10 R20, 7 inch rim",10731
78.23,522.909,-5.63,338.96,-150.98,1.989,-21.79,-5.53,-0.11,0.0373,-2.2451,11.94,-37744.58,7.74,92.19,-5.583,-0,-1.0002,132.48,128.99,131.73,24.96,Cornering,"Hoosier 43075 16x7.5-10 R20, 7 inch rim",10732
78.2,522.919,-4.63,339.92,-151.96,1.99,-21.84,-5.84,0.09,0.0304,-2.2369,11.98,44118.88,7.74,92.21,-5.614,-0,-0.9998,132.55,128.88,131.69,24.96,Cornering,"Hoosier 43075 16x7.5-10 R20, 7 inch rim",10733
78.19,522.929,-3.2,339.4,-150.91,2.001,-22.14,-5.79,0.03,0.0212,-2.249,12.05,159124.5,7.74,92.18,-5.66,-0,-1,132.55,128.84,131.69,24.95,Cornering,"Hoosier 43075 16x7.5-10 R20, 7 inch rim",10734
78.22,522.939,-2.03,337.99,-149.41,1.993,-21.5,-5.85,-0.04,0.0136,-2.2621,12.18,-98930.73,7.74,92.18,-5.701,-0,-1.0001,132.5,128.97,131.71,24.96,Cornering,"Hoosier 43075 16x7.5-10 R20, 7 inch rim",10735
78.21,522.949,-1.44,336.51,-147.33,2.002,-21.58,-5.65,0.03,0.0098,-2.2841,12.25,159211.66,7.74,92.17,-5.742,-0,-1,132.5,128.99,131.79,24.97,Cornering,"Hoosier 43075 16x7.5-10 R20, 7 inch rim",10736
78.18,522.959,-1.53,336.33,-145.9,2.001,-20.54,-5.34,0.09,0.0105,-2.3052,12.25,44126.11,7.74,92.2,-5.779,-0,-0.9998,132.5,129.06,131.87,24.97,Cornering,"Hoosier 43075 16x7.5-10 R20, 7 inch rim",10737
78.21,522.969,-2.15,336.88,-145.05,2.015,-20.33,-4.69,0.03,0.0148,-2.3226,12.19,159337.53,7.73,92.19,-5.816,-0,-1,132.67,129.22,132.01,24.99,Cornering,"Hoosier 43075 16x7.5-10 R20, 7 inch rim",10738
78.22,522.979,-3.65,337.81,-144.46,2.006,-21.03,-4.55,0.03,0.0253,-2.3385,12.14,159288.66,7.74,92.18,-5.856,-0,-1,132.8,129.35,132.17,24.98,Cornering,"Hoosier 43075 16x7.5-10 R20, 7 inch rim",10739
78.2,522.989,-4.2,339.11,-145.5,1.995,-20.77,-3.37,-0.04,0.0289,-2.3307,12.04,-99033.04,7.74,92.19,-5.895,-0,-1.0001,132.95,129.46,132.34,24.99,Cornering,"Hoosier 43075 16x7.5-10 R20, 7 inch rim",10740
78.2,522.999,-5.68,340.69,-146.71,1.993,-21.49,-3.64,0.03,0.0387,-2.3222,11.98,159258.92,7.74,92.17,-5.955,-0,-1,132.97,129.37,132.46,24.98,Cornering,"Hoosier 43075 16x7.5-10 R20, 7 inch rim",10741
78.23,523.009,-6,342.39,-148.48,2.011,-22.48,-3.37,-0.04,0.0404,-2.306,12,-99041.2,7.73,92.16,-5.973,-0,-1.0001,133.02,129.17,132.58,25,Cornering,"Hoosier 43075 16x7.5-10 R20, 7 inch rim",10742
78.21,523.019,-5.87,344.47,-149.88,2.004,-23.13,-3.94,0.03,0.0392,-2.2983,12.08,159313.58,7.74,92.15,-6.018,-0,-1,133,129.13,132.58,25,Cornering,"Hoosier 43075 16x7.5-10 R20, 7 inch rim",10743
78.19,523.029,-5.13,346.08,-151.02,1.993,-22.95,-4.47,0.09,0.0339,-2.2916,12.17,44133.48,7.74,92.19,-6.058,-0,-0.9998,133,128.99,132.54,24.99,Cornering,"Hoosier 43075 16x7.5-10 R20, 7 inch rim",10744
78.2,523.039,-3.54,345.94,-151.51,1.996,-21.81,-4.63,-0.04,0.0234,-2.2833,12.24,-98946.58,7.73,92.26,-6.108,-0,-1.0001,133.06,128.99,132.54,24.98,Cornering,"Hoosier 43075 16x7.5-10 R20, 7 inch rim",10745
78.23,523.049,-2.12,344.54,-150.53,1.993,-21.06,-4.5,0.03,0.0141,-2.2888,12.23,159019.16,7.74,92.33,-6.134,-0,-1,133.02,128.99,132.56,24.96,Cornering,"Hoosier 43075 16x7.5-10 R20, 7 inch rim",10746
78.19,523.059,-1.49,343.07,-148.32,2.001,-20.43,-4.71,0.03,0.01,-2.3131,12.18,159082.28,7.73,92.37,-6.168,-0,-1,132.95,129.08,132.6,24.97,Cornering,"Hoosier 43075 16x7.5-10 R20, 7 inch rim",10747
78.18,523.069,-1.2,342.09,-146.42,1.998,-20.49,-4.31,-0.04,0.0082,-2.3363,12.11,-98903.55,7.73,92.39,-6.211,-0,-1.0001,132.91,129.13,132.6,24.97,Cornering,"Hoosier 43075 16x7.5-10 R20, 7 inch rim",10748
78.22,523.079,-1.77,341.9,-145.43,1.999,-20.69,-3.8,-0.04,0.0122,-2.351,12.01,-98939.02,7.73,92.4,-6.264,-0,-1.0001,132.93,129.22,132.72,24.98,Cornering,"Hoosier 43075 16x7.5-10 R20, 7 inch rim",10749
78.21,523.089,-3.3,342.78,-145.01,2.012,-21.25,-3.8,-0.04,0.0227,-2.3639,11.97,-98932.77,7.73,92.41,-6.296,-0,-1.0001,133.02,129.37,132.82,24.98,Cornering,"Hoosier 43075 16x7.5-10 R20, 7 inch rim",10750
78.18,523.099,-4.87,344.1,-145.93,1.992,-21.02,-3.5,-0.04,0.0334,-2.3579,12,-98832.39,7.74,92.41,-6.339,-0,-1.0001,133.21,129.41,133,24.96,Cornering,"Hoosier 43075 16x7.5-10 R20, 7 inch rim",10751
78.2,523.109,-5.89,345.16,-146.48,2.001,-22.12,-2.99,0.03,0.0402,-2.3563,12.06,158940.45,7.73,92.44,-6.382,-0,-1,133.38,129.35,133.14,24.96,Cornering,"Hoosier 43075 16x7.5-10 R20, 7 inch rim",10752
78.23,523.119,-6.75,347.38,-148.24,2.002,-22.12,-3.01,0.03,0.0455,-2.3434,12.19,158892.39,7.73,92.42,-6.416,-0,-1,133.49,129.19,133.25,24.95,Cornering,"Hoosier 43075 16x7.5-10 R20, 7 inch rim",10753
78.2,523.129,-6.74,349.33,-150.23,1.989,-21.94,-3.2,0.09,0.0449,-2.3252,12.28,44027.57,7.74,92.41,-6.447,-0,-0.9998,133.53,129.08,133.33,24.95,Cornering,"Hoosier 43075 16x7.5-10 R20, 7 inch rim",10754
78.18,523.139,-6.07,351.35,-150.85,1.996,-22.3,-3.48,-0.04,0.0403,-2.3291,12.25,-98779.34,7.73,92.42,-6.488,-0,-1.0001,133.51,128.84,133.29,24.96,Cornering,"Hoosier 43075 16x7.5-10 R20, 7 inch rim",10755
78.21,523.149,-4.63,351.98,-151.08,1.998,-21.89,-3.58,-0.04,0.0306,-2.3297,12.23,-98814.34,7.73,92.42,-6.54,-0,-1.0001,133.51,128.8,133.27,24.97,Cornering,"Hoosier 43075 16x7.5-10 R20, 7 inch rim",10756
78.23,523.159,-2.99,350.24,-150.18,2.002,-22.04,-3.49,0.03,0.0199,-2.3321,12.13,158875.06,7.73,92.43,-6.581,-0,-1,133.47,128.8,133.31,24.96,Cornering,"Hoosier 43075 16x7.5-10 R20, 7 inch rim",10757
78.19,523.169,-1.6,348.52,-148.86,1.998,-20.86,-3.26,0.03,0.0108,-2.3412,12.02,158791.7,7.73,92.4,-6.609,-0,-1,133.45,128.84,133.41,24.94,Cornering,"Hoosier 43075 16x7.5-10 R20, 7 inch rim",10758
78.2,523.179,-1.14,346.93,-147.25,1.992,-20.8,-3.05,-0.04,0.0077,-2.3561,11.99,-98675.56,7.73,92.37,-6.656,-0,-1.0001,133.45,128.84,133.41,24.94,Cornering,"Hoosier 43075 16x7.5-10 R20, 7 inch rim",10759
78.22,523.189,-1.27,346.57,-145.86,1.995,-21.08,-2.63,-0.04,0.0087,-2.3761,12,-98734.73,7.73,92.3,-6.702,-0,-1.0001,133.43,128.95,133.55,24.96,Cornering,"Hoosier 43075 16x7.5-10 R20, 7 inch rim",10760
78.2,523.199,-2.57,346.83,-145.51,2.008,-21.61,-2.35,0.09,0.0177,-2.3836,12.08,44021.94,7.73,92.23,-6.729,-0,-0.9998,133.53,129.08,133.71,24.96,Cornering,"Hoosier 43075 16x7.5-10 R20, 7 inch rim",10761
78.19,523.209,-3.74,348.07,-145.41,2.005,-21.91,-1.7,-0.04,0.0257,-2.3937,12.17,-98786.2,7.73,92.17,-6.784,-0,-1.0001,133.73,129.24,133.85,24.97,Cornering,"Hoosier 43075 16x7.5-10 R20, 7 inch rim",10762
78.21,523.219,-4.95,349.84,-146.42,1.995,-21.19,-1.3,-0.04,0.0338,-2.3892,12.24,-98753.46,7.73,92.1,-6.83,-0,-1.0001,133.9,129.24,134.03,24.97,Cornering,"Hoosier 43075 16x7.5-10 R20, 7 inch rim",10763
78.23,523.229,-5.71,351.39,-147.41,2.001,-22.02,-0.96,-0.04,0.0387,-2.3837,12.23,-98680.69,7.73,92.06,-6.848,-0,-1.0001,133.98,129.15,134.13,24.95,Cornering,"Hoosier 43075 16x7.5-10 R20, 7 inch rim",10764
78.19,523.239,-6.34,353.78,-149.17,1.996,-21.66,-1.37,-0.04,0.0425,-2.3716,12.17,-98668.62,7.73,92.07,-6.904,-0,-1.0001,134,128.99,134.22,24.95,Cornering,"Hoosier 43075 16x7.5-10 R20, 7 inch rim",10765
78.2,523.249,-5.61,355.35,-150.26,1.999,-22.59,-1.23,0.03,0.0373,-2.3649,12.08,158716.75,7.73,92.09,-6.936,-0,-1,134.09,128.91,134.26,24.95,Cornering,"Hoosier 43075 16x7.5-10 R20, 7 inch rim",10766
78.22,523.259,-4.45,355.99,-151.32,2.004,-22.47,-1.39,0.03,0.0294,-2.3527,12.03,158666.3,7.73,92.12,-6.974,-0,-1,134.13,128.73,134.24,24.94,Cornering,"Hoosier 43075 16x7.5-10 R20, 7 inch rim",10767
78.2,523.269,-3.53,355.05,-151.01,2.008,-21.96,-2.2,-0.04,0.0234,-2.3512,12,-98646.73,7.73,92.16,-7.004,-0,-1.0001,134.09,128.69,134.26,24.95,Cornering,"Hoosier 43075 16x7.5-10 R20, 7 inch rim",10768
78.18,523.279,-2.26,352.7,-149.4,1.999,-22.43,-2.23,-0.04,0.0152,-2.3608,12.05,-98590.16,7.73,92.18,-7.053,-0,-1.0001,134.07,128.75,134.36,24.94,Cornering,"Hoosier 43075 16x7.5-10 R20, 7 inch rim",10769
78.21,523.289,-1.63,350.49,-147.79,1.996,-22.11,-2.16,0.09,0.011,-2.3716,12.15,43925.86,7.73,92.2,-7.089,-0,-0.9998,134,128.86,134.46,24.93,Cornering,"Hoosier 43075 16x7.5-10 R20, 7 inch rim",10770
78.22,523.299,-1.65,349.5,-146.66,2.011,-21.15,-1.66,0.09,0.0112,-2.3831,12.21,43951.8,7.73,92.2,-7.136,-0,-0.9998,134,128.93,134.6,24.94,Cornering,"Hoosier 43075 16x7.5-10 R20, 7 inch rim",10771
78.19,523.309,-2.63,349.79,-145.14,1.999,-21.54,-1.5,0.03,0.0181,-2.4101,12.19,158594.72,7.73,92.2,-7.175,-0,-1,134.07,129.04,134.72,24.94,Cornering,"Hoosier 43075 16x7.5-10 R20, 7 inch rim",10772
78.18,523.319,-4.2,350.89,-145.23,1.996,-21.1,-1.14,0.03,0.0289,-2.4161,12.17,158801.27,7.73,92.19,-7.215,-0,-1,134.28,129.13,134.9,24.98,Cornering,"Hoosier 43075 16x7.5-10 R20, 7 inch rim",10773
78.22,523.329,-5.09,352.59,-145.49,1.999,-21.04,-0.41,-0.11,0.035,-2.4235,12.11,-37659.8,7.73,92.19,-7.248,-0,-1.0002,134.48,129.17,135.1,24.98,Cornering,"Hoosier 43075 16x7.5-10 R20, 7 inch rim",10774
78.21,523.339,-6.3,354.46,-146.29,2.002,-21.46,-0.28,-0.04,0.043,-2.423,12.02,-98718.95,7.73,92.22,-7.295,-0,-1.0001,134.63,129.1,135.27,24.98,Cornering,"Hoosier 43075 16x7.5-10 R20, 7 inch rim",10775
78.19,523.349,-6.47,356.51,-147.9,2.006,-21.97,0.06,-0.04,0.0437,-2.4104,12,-98712.05,7.73,92.25,-7.325,-0,-1.0001,134.67,128.95,135.33,24.98,Cornering,"Hoosier 43075 16x7.5-10 R20, 7 inch rim",10776
78.21,523.359,-6.62,358.31,-149.6,1.985,-22.7,-0.62,0.03,0.0442,-2.3951,12.06,158777.98,7.73,92.27,-7.378,-0,-1,134.71,128.84,135.39,24.98,Cornering,"Hoosier 43075 16x7.5-10 R20, 7 inch rim",10777
78.22,523.369,-5.68,359.23,-150.66,2.004,-22.99,-0.68,0.03,0.0377,-2.3844,12.14,158652.52,7.73,92.31,-7.418,-0,-1,134.78,128.77,135.43,24.97,Cornering,"Hoosier 43075 16x7.5-10 R20, 7 inch rim",10778
78.19,523.379,-4.12,358.47,-151.33,2.005,-22.32,-0.74,0.03,0.0272,-2.3688,12.22,158604.95,7.73,92.29,-7.447,-0,-1,134.82,128.71,135.43,24.96,Cornering,"Hoosier 43075 16x7.5-10 R20, 7 inch rim",10779
78.19,523.389,-2.85,355.98,-150.36,2.001,-22.35,-1.06,-0.04,0.0189,-2.3676,12.25,-98557.31,7.73,92.27,-7.498,-0,-1.0001,134.86,128.71,135.49,24.96,Cornering,"Hoosier 43075 16x7.5-10 R20, 7 inch rim",10780
78.21,523.399,-1.86,353.43,-148.83,2.012,-22.39,-1.06,0.03,0.0125,-2.3747,12.22,158570.89,7.72,92.26,-7.537,-0,-1,134.86,128.75,135.59,24.96,Cornering,"Hoosier 43075 16x7.5-10 R20, 7 inch rim",10781
78.21,523.409,-1.65,352.64,-147.04,1.999,-21.55,-1.03,-0.04,0.0112,-2.3982,12.14,-98538.73,7.73,92.27,-7.577,-0,-1.0001,134.8,128.8,135.67,24.96,Cornering,"Hoosier 43075 16x7.5-10 R20, 7 inch rim",10782
78.19,523.419,-2.07,352.92,-145.61,1.996,-21.8,-0.72,0.03,0.0142,-2.4237,12.05,158462.27,7.73,92.25,-7.629,-0,-1,134.86,128.93,135.79,24.95,Cornering,"Hoosier 43075 16x7.5-10 R20, 7 inch rim",10783
78.2,523.429,-2.79,354.15,-145.5,1.999,-21.32,0.16,0.09,0.0192,-2.434,11.99,43876.51,7.73,92.23,-7.667,-0,-0.9998,135.08,129.08,136.01,24.93,Cornering,"Hoosier 43075 16x7.5-10 R20, 7 inch rim",10784
78.23,523.439,-4.4,355.88,-145.89,1.99,-21.4,0.27,-0.04,0.0302,-2.4394,12.01,-98417.78,7.73,92.19,-7.7,-0,-1.0001,135.25,129.24,136.24,24.93,Cornering,"Hoosier 43075 16x7.5-10 R20, 7 inch rim",10785
78.2,523.449,-5.61,357.73,-146.52,2.002,-21.53,0.75,-0.04,0.0383,-2.4414,12.08,-98433.06,7.72,92.15,-7.732,-0,-1.0001,135.36,129.24,136.38,24.94,Cornering,"Hoosier 43075 16x7.5-10 R20, 7 inch rim",10786
78.19,523.459,-6.62,359.76,-147.8,2.008,-22.24,0.61,0.09,0.0448,-2.4341,12.14,43906.37,7.72,92.12,-7.769,-0,-0.9998,135.46,129.08,136.54,24.96,Cornering,"Hoosier 43075 16x7.5-10 R20, 7 inch rim",10787
78.21,523.469,-6.75,361.82,-149.55,2.008,-22.26,0.54,0.03,0.0451,-2.4195,12.18,158498.11,7.72,92.11,-7.821,-0,-1,135.46,128.91,136.62,24.97,Cornering,"Hoosier 43075 16x7.5-10 R20, 7 inch rim",10788
78.22,523.479,-6.48,362.49,-151.03,2.004,-22.89,0.24,-0.04,0.0429,-2.4002,12.15,-98562.12,7.72,92.12,-7.859,-0,-1.0001,135.53,128.75,136.66,24.98,Cornering,"Hoosier 43075 16x7.5-10 R20, 7 inch rim",10789
78.19,523.489,-4.99,362.09,-152.03,1.99,-22.77,0.31,0.09,0.0328,-2.3816,12.1,43922.73,7.73,92.1,-7.899,-0,-0.9998,135.61,128.66,136.7,24.97,Cornering,"Hoosier 43075 16x7.5-10 R20, 7 inch rim",10790
78.2,523.499,-3.7,359.73,-151.72,2.004,-22.92,0.26,0.09,0.0244,-2.371,12.03,43919.09,7.72,92.08,-7.932,-0,-0.9998,135.72,128.66,136.72,24.97,Cornering,"Hoosier 43075 16x7.5-10 R20, 7 inch rim",10791
78.22,523.509,-2.51,357.37,-150.28,2.001,-22.67,-0.07,0.03,0.0167,-2.378,11.97,158472.31,7.72,92.12,-7.978,-0,-1,135.68,128.66,136.8,24.97,Cornering,"Hoosier 43075 16x7.5-10 R20, 7 inch rim",10792
78.2,523.519,-1.94,355.94,-148.95,2.005,-21.56,-0.1,0.16,0.0131,-2.3896,12,25491.79,7.72,92.15,-8.02,-0,-0.9997,135.7,128.84,136.94,24.98,Cornering,"Hoosier 43075 16x7.5-10 R20, 7 inch rim",10793
78.19,523.529,-2.13,356.07,-147.33,1.999,-20.96,-0.15,0.03,0.0144,-2.4168,12.06,158588.23,7.72,92.15,-8.055,-0,-1,135.81,128.95,137.04,25,Cornering,"Hoosier 43075 16x7.5-10 R20, 7 inch rim",10794
78.21,523.539,-3.03,356.8,-145.85,1.996,-21.44,0.06,0.03,0.0207,-2.4463,12.12,158647.25,7.72,92.16,-8.091,-0,-1,135.94,129.13,137.25,25.01,Cornering,"Hoosier 43075 16x7.5-10 R20, 7 inch rim",10795
78.22,523.549,-4.01,358.53,-145.95,1.99,-21.23,0.74,-0.04,0.0275,-2.4565,12.14,-98626.87,7.72,92.16,-8.148,-0,-1.0001,136.17,129.24,137.47,25.01,Cornering,"Hoosier 43075 16x7.5-10 R20, 7 inch rim",10796
78.19,523.559,-5.05,359.73,-146.49,2.006,-21.63,1.37,-0.04,0.0345,-2.4557,12.14,-98640.95,7.72,92.15,-8.183,-0,-1.0001,136.34,129.28,137.69,25.02,Cornering,"Hoosier 43075 16x7.5-10 R20, 7 inch rim",10797
78.2,523.569,-6.47,361.34,-147.3,1.989,-22.38,1.18,-0.04,0.0439,-2.453,12.07,-98586.8,7.72,92.15,-8.216,-0,-1.0001,136.47,129.22,137.85,25.01,Cornering,"Hoosier 43075 16x7.5-10 R20, 7 inch rim",10798
78.22,523.579,-7.13,363.37,-148.72,1.999,-23.04,0.91,0.03,0.048,-2.4434,12.03,158394.58,7.72,92.14,-8.259,-0,-1,136.56,128.97,137.97,24.98,Cornering,"Hoosier 43075 16x7.5-10 R20, 7 inch rim",10799
78.21,523.589,-6.74,364.67,-150.71,1.999,-23.05,0.85,-0.04,0.0448,-2.4196,12.02,-98473.61,7.72,92.14,-8.3,-0,-1.0001,136.54,128.88,138.03,24.98,Cornering,"Hoosier 43075 16x7.5-10 R20, 7 inch rim",10800
78.19,523.599,-5.74,364.7,-151.56,1.993,-23.77,0.84,0.03,0.0379,-2.4064,12.03,158284.08,7.72,92.08,-8.347,-0,-1,136.58,128.8,138.08,24.97,Cornering,"Hoosier 43075 16x7.5-10 R20, 7 inch rim",10801
78.21,523.609,-4.07,362.97,-152.05,2.008,-23.62,0.86,-0.11,0.0268,-2.3873,12.1,-37528.29,7.72,92.06,-8.378,-0,-1.0002,136.66,128.75,138.08,24.97,Cornering,"Hoosier 43075 16x7.5-10 R20, 7 inch rim",10802
78.22,523.619,-2.62,361.15,-151.5,1.993,-22.15,0.85,-0.04,0.0173,-2.3838,12.15,-98328.78,7.72,92.01,-8.418,-0,-1.0001,136.69,128.75,138.14,24.96,Cornering,"Hoosier 43075 16x7.5-10 R20, 7 inch rim",10803
78.2,523.629,-1.58,359.1,-149.68,1.99,-21.64,0.91,-0.04,0.0105,-2.3991,12.16,-98341.45,7.72,91.97,-8.456,-0,-1.0001,136.64,128.77,138.34,24.96,Cornering,"Hoosier 43075 16x7.5-10 R20, 7 inch rim",10804
78.19,523.639,-1.61,358.24,-147.63,2.001,-21.44,0.86,0.03,0.0109,-2.4266,12.12,158219.33,7.72,91.95,-8.501,-0,-1,136.62,128.84,138.46,24.97,Cornering,"Hoosier 43075 16x7.5-10 R20, 7 inch rim",10805
78.22,523.649,-2.38,358.66,-146.45,2.004,-21.13,1.02,0.03,0.0162,-2.449,12.03,158243.22,7.72,91.91,-8.531,-0,-1,136.73,129.02,138.58,24.97,Cornering,"Hoosier 43075 16x7.5-10 R20, 7 inch rim",10806
78.21,523.659,-3.22,359.6,-146.27,1.998,-21.23,1.63,0.09,0.022,-2.4584,11.97,43834.05,7.72,91.9,-8.584,-0,-0.9998,136.9,129.13,138.86,24.97,Cornering,"Hoosier 43075 16x7.5-10 R20, 7 inch rim",10807
78.18,523.669,-4.74,360.98,-146.45,2.004,-22.01,1.82,0.09,0.0323,-2.4648,11.93,43820.8,7.72,91.87,-8.609,-0,-0.9998,137.05,129.24,139.03,24.96,Cornering,"Hoosier 43075 16x7.5-10 R20, 7 inch rim",10808
78.21,523.679,-5.91,362.7,-147.28,2.004,-22.57,2.15,-0.04,0.0402,-2.4627,11.95,-98264.8,7.72,91.82,-8.658,-0,-1.0001,137.09,129.19,139.21,24.96,Cornering,"Hoosier 43075 16x7.5-10 R20, 7 inch rim",10809
78.23,523.689,-6.77,364.61,-148.44,1.993,-23.2,2.09,0.03,0.0456,-2.4562,12,158129.16,7.72,91.79,-8.71,-0,-1,137.14,128.99,139.29,24.97,Cornering,"Hoosier 43075 16x7.5-10 R20, 7 inch rim",10810
78.2,523.699,-7.26,366.34,-150.21,2.005,-23.08,1.68,0.09,0.0483,-2.4389,12.12,43846.49,7.72,91.75,-8.734,-0,-0.9998,137.09,128.84,139.37,24.98,Cornering,"Hoosier 43075 16x7.5-10 R20, 7 inch rim",10811
78.19,523.709,-6.2,366.97,-151.05,2.008,-23.77,1.79,-0.04,0.0411,-2.4295,12.18,-98416.25,7.72,91.76,-8.773,-0,-1.0001,137.03,128.75,139.35,25,Cornering,"Hoosier 43075 16x7.5-10 R20, 7 inch rim",10812
78.22,523.719,-5.05,366.26,-151.83,1.998,-23.04,1.39,0.09,0.0332,-2.4123,12.18,43887.04,7.72,91.78,-8.819,-0,-0.9998,136.97,128.71,139.35,25.01,Cornering,"Hoosier 43075 16x7.5-10 R20, 7 inch rim",10813
78.21,523.729,-3.28,364.05,-151.29,2.008,-22.81,1.44,0.09,0.0217,-2.4063,12.14,43861.78,7.72,91.77,-8.859,-0,-0.9998,137.03,128.66,139.43,25,Cornering,"Hoosier 43075 16x7.5-10 R20, 7 inch rim",10814
78.19,523.739,-2.28,361.53,-149.91,2.009,-22.22,1.09,0.03,0.0152,-2.4117,12.06,158193.22,7.72,91.77,-8.897,-0,-1,137.03,128.75,139.43,24.99,Cornering,"Hoosier 43075 16x7.5-10 R20, 7 inch rim",10815
78.2,523.749,-1.9,359.69,-148.78,1.992,-21.55,0.94,0.16,0.0128,-2.4176,11.98,25434.99,7.72,91.8,-8.936,-0,-0.9997,137.03,128.82,139.59,24.98,Cornering,"Hoosier 43075 16x7.5-10 R20, 7 inch rim",10816
78.23,523.759,-2.24,359.32,-147.28,1.999,-21.53,1.12,0.03,0.0152,-2.4397,11.98,158087.81,7.72,91.8,-8.969,-0,-1,137.22,128.93,139.69,24.98,Cornering,"Hoosier 43075 16x7.5-10 R20, 7 inch rim",10817
78.2,523.769,-3.11,360.4,-146.25,1.987,-21.72,1.5,-0.04,0.0213,-2.4643,12.02,-98281.19,7.72,91.83,-9.013,-0,-1.0001,137.46,129.1,139.93,24.98,Cornering,"Hoosier 43075 16x7.5-10 R20, 7 inch rim",10818
78.18,523.779,-3.97,361.45,-146.42,1.999,-22.14,2.48,0.03,0.0271,-2.4686,12.1,158081.84,7.72,91.88,-9.063,-0,-1,137.8,129.17,140.2,24.98,Cornering,"Hoosier 43075 16x7.5-10 R20, 7 inch rim",10819
78.22,523.789,-5.34,363.47,-146.65,2.001,-22.48,2.78,0.09,0.0364,-2.4784,12.2,43790.6,7.72,91.92,-9.103,-0,-0.9998,138.02,129.22,140.42,24.98,Cornering,"Hoosier 43075 16x7.5-10 R20, 7 inch rim",10820
78.22,523.799,-6.47,365.37,-148.06,2.002,-22.1,2.71,0.16,0.0437,-2.4677,12.25,25414.61,7.72,91.94,-9.135,-0,-0.9997,138.21,129.13,140.56,24.98,Cornering,"Hoosier 43075 16x7.5-10 R20, 7 inch rim",10821
78.19,523.809,-6.79,367.39,-148.79,2.005,-22.88,2.91,0.03,0.0457,-2.4692,12.24,157954.27,7.72,91.93,-9.182,-0,-1,138.32,128.95,140.68,24.97,Cornering,"Hoosier 43075 16x7.5-10 R20, 7 inch rim",10822
78.2,523.819,-6.49,368.06,-150.58,2.002,-23.27,2.84,-0.04,0.0431,-2.4443,12.17,-98107.55,7.72,91.93,-9.224,-0,-1.0001,138.36,128.84,140.76,24.96,Cornering,"Hoosier 43075 16x7.5-10 R20, 7 inch rim",10823
78.22,523.829,-5.6,367.76,-151.65,2.012,-23.39,2.65,-0.04,0.037,-2.4251,12.09,-98096.86,7.72,91.95,-9.261,-0,-1.0001,138.38,128.8,140.78,24.96,Cornering,"Hoosier 43075 16x7.5-10 R20, 7 inch rim",10824
78.21,523.839,-4.21,365.63,-152.09,2.004,-23.28,2.23,0.03,0.0277,-2.404,12,157790.73,7.72,91.89,-9.298,-0,-1,138.49,128.71,140.8,24.96,Cornering,"Hoosier 43075 16x7.5-10 R20, 7 inch rim",10825
78.19,523.849,-2.71,362.98,-151.16,1.999,-22.86,2.16,0.03,0.0179,-2.4013,11.95,157736.75,7.72,91.85,-9.335,-0,-1,138.53,128.69,140.9,24.95,Cornering,"Hoosier 43075 16x7.5-10 R20, 7 inch rim",10826
78.2,523.859,-1.76,360.77,-150.2,2.008,-21.65,2.24,-0.04,0.0117,-2.4019,11.98,-98108.02,7.72,91.82,-9.38,-0,-1.0001,138.57,128.77,141.07,24.97,Cornering,"Hoosier 43075 16x7.5-10 R20, 7 inch rim",10827
78.22,523.869,-1.89,359.64,-148.22,2.004,-22.2,2.13,0.03,0.0128,-2.4264,12.05,157740.58,7.72,91.81,-9.406,-0,-1,138.62,128.86,141.21,24.96,Cornering,"Hoosier 43075 16x7.5-10 R20, 7 inch rim",10828
78.19,523.879,-2.81,359.93,-146.95,1.995,-22.1,2.1,0.03,0.0191,-2.4494,12.14,157712.92,7.72,91.82,-9.464,-0,-1,138.79,129.02,141.41,24.96,Cornering,"Hoosier 43075 16x7.5-10 R20, 7 inch rim",10829
78.2,523.889,-3.6,360.99,-146.75,2.005,-21.7,3.21,-0.04,0.0246,-2.4599,12.21,-98005.3,7.72,91.82,-9.497,-0,-1.0001,139.11,129.15,141.61,24.95,Cornering,"Hoosier 43075 16x7.5-10 R20, 7 inch rim",10830
78.21,523.899,-4.87,362.7,-146.61,1.998,-22.06,3.51,0.03,0.0332,-2.4739,12.18,157714.23,7.72,91.84,-9.539,-0,-1,139.37,129.24,141.87,24.96,Cornering,"Hoosier 43075 16x7.5-10 R20, 7 inch rim",10831
78.21,523.909,-6.16,364.43,-147.31,1.996,-22.04,3.6,0.09,0.0418,-2.4739,12.14,43697.88,7.72,91.84,-9.585,-0,-0.9998,139.54,129.28,142.02,24.96,Cornering,"Hoosier 43075 16x7.5-10 R20, 7 inch rim",10832
78.18,523.919,-6.77,366.32,-148.57,1.996,-22.6,3.74,0.03,0.0455,-2.4656,12.06,157600.61,7.72,91.87,-9.623,-0,-1,139.71,129.1,142.14,24.95,Cornering,"Hoosier 43075 16x7.5-10 R20, 7 inch rim",10833
78.2,523.929,-6.92,367.89,-150.37,2.008,-22.84,3.51,0.09,0.046,-2.4465,11.98,43667.88,7.71,91.89,-9.658,-0,-0.9998,139.75,128.93,142.18,24.95,Cornering,"Hoosier 43075 16x7.5-10 R20, 7 inch rim",10834
78.22,523.939,-6.35,368.39,-151.74,2.009,-23.31,2.99,0.03,0.0418,-2.4277,11.98,157602.03,7.71,91.91,-9.696,-0,-1,139.86,128.82,142.22,24.96,Cornering,"Hoosier 43075 16x7.5-10 R20, 7 inch rim",10835
78.19,523.949,-4.6,367.06,-153.3,2.004,-22.41,3.26,0.09,0.03,-2.3944,12.03,43698.48,7.72,91.9,-9.732,-0,-0.9998,139.93,128.77,142.18,24.97,Cornering,"Hoosier 43075 16x7.5-10 R20, 7 inch rim",10836
78.2,523.959,-3.23,364.38,-151.89,2.004,-23.46,2.97,0.09,0.0213,-2.3989,12.14,43692.49,7.72,91.88,-9.776,-0,-0.9998,139.97,128.8,142.18,24.97,Cornering,"Hoosier 43075 16x7.5-10 R20, 7 inch rim",10837
78.22,523.969,-2.23,361.42,-150.72,1.996,-22.99,2.6,-0.04,0.0148,-2.398,12.22,-98026.94,7.72,91.83,-9.805,-0,-1.0001,140.01,128.8,142.3,24.98,Cornering,"Hoosier 43075 16x7.5-10 R20, 7 inch rim",10838
78.21,523.979,-1.94,359.48,-149.13,2.012,-22.52,2.55,0.09,0.013,-2.4104,12.26,43670.69,7.71,91.82,-9.862,-0,-0.9998,140.1,128.97,142.42,24.97,Cornering,"Hoosier 43075 16x7.5-10 R20, 7 inch rim",10839
78.18,523.989,-2.31,359.33,-147.66,1.996,-21.58,2.75,0.09,0.0157,-2.4335,12.25,43626.23,7.72,91.81,-9.891,-0,-0.9998,140.14,129.1,142.56,24.94,Cornering,"Hoosier 43075 16x7.5-10 R20, 7 inch rim",10840
78.2,523.999,-3.24,359.93,-147.12,1.999,-21.49,3.07,-0.04,0.022,-2.4465,12.17,-97852.38,7.71,91.78,-9.93,-0,-1.0001,140.42,129.22,142.78,24.94,Cornering,"Hoosier 43075 16x7.5-10 R20, 7 inch rim",10841
78.23,524.009,-4.54,361.63,-146.97,1.998,-21.19,3.49,0.03,0.0309,-2.4606,12.07,157390.56,7.72,91.8,-9.978,-0,-1,140.68,129.3,142.95,24.94,Cornering,"Hoosier 43075 16x7.5-10 R20, 7 inch rim",10842
78.2,524.019,-5.6,363.96,-147.57,2.005,-21.33,4.09,0.09,0.0379,-2.4664,11.99,43629.19,7.72,91.8,-10.017,-0,-0.9998,140.87,129.37,143.13,24.96,Cornering,"Hoosier 43075 16x7.5-10 R20, 7 inch rim",10843
78.19,524.029,-6.58,365.85,-148.53,2.001,-22.19,4.13,0.03,0.0443,-2.4631,11.96,157572.83,7.72,91.77,-10.053,-0,-1,140.96,129.28,143.25,24.98,Cornering,"Hoosier 43075 16x7.5-10 R20, 7 inch rim",10844
78.22,524.039,-6.83,367.56,-149.69,2.006,-23.47,4.15,0.03,0.0456,-2.4555,12,157590.7,7.72,91.78,-10.09,-0,-1,141,129.15,143.27,24.98,Cornering,"Hoosier 43075 16x7.5-10 R20, 7 inch rim",10845
78.21,524.049,-6.54,368.42,-151.58,1.992,-23.68,4.03,0.03,0.0431,-2.4306,12.08,157456.48,7.72,91.79,-10.139,-0,-1,140.98,128.97,143.21,24.97,Cornering,"Hoosier 43075 16x7.5-10 R20, 7 inch rim",10846
78.19,524.059,-5.7,367.63,-152.71,2.011,-24.03,3.77,-0.04,0.0373,-2.4073,12.17,-97801.64,7.71,91.81,-10.166,-0,-1.0001,141.08,128.88,143.21,24.95,Cornering,"Hoosier 43075 16x7.5-10 R20, 7 inch rim",10847
78.2,524.069,-4.34,365.34,-153.08,2.002,-23.67,3.43,0.09,0.0283,-2.3867,12.22,43580.34,7.71,91.8,-10.222,-0,-0.9998,141.11,128.88,143.15,24.94,Cornering,"Hoosier 43075 16x7.5-10 R20, 7 inch rim",10848
78.23,524.079,-3.24,362.66,-152.14,2.011,-22.92,3.13,-0.04,0.0213,-2.3838,12.21,-97749.98,7.71,91.81,-10.258,-0,-1.0001,141.17,128.93,143.19,24.94,Cornering,"Hoosier 43075 16x7.5-10 R20, 7 inch rim",10849
78.2,524.089,-2.38,360.48,-150.76,2.005,-21.82,3.13,0.03,0.0158,-2.3911,12.15,157269.67,7.71,91.81,-10.29,-0,-1,141.28,129.04,143.39,24.95,Cornering,"Hoosier 43075 16x7.5-10 R20, 7 inch rim",10850
78.19,524.099,-2.3,359.68,-149.04,1.998,-21.51,3.26,0.09,0.0154,-2.4132,12.06,43594.89,7.72,91.81,-10.333,-0,-0.9998,141.34,129.13,143.61,24.96,Cornering,"Hoosier 43075 16x7.5-10 R20, 7 inch rim",10851
78.21,524.109,-2.76,360.25,-147.8,2.005,-21.06,3.71,0.09,0.0186,-2.4374,11.96,43598.06,7.71,91.81,-10.382,-0,-0.9998,141.64,129.26,143.83,24.97,Cornering,"Hoosier 43075 16x7.5-10 R20, 7 inch rim",10852
78.21,524.119,-3.7,361.63,-147.17,2.001,-21.31,4.3,0.16,0.0252,-2.4572,11.96,25295.96,7.71,91.78,-10.422,-0,-0.9997,142.03,129.37,144.16,24.96,Cornering,"Hoosier 43075 16x7.5-10 R20, 7 inch rim",10853
78.18,524.129,-4.72,363,-146.98,2.005,-22.14,4.81,-0.11,0.0321,-2.4697,11.98,-37295.52,7.71,91.78,-10.464,-0,-1.0002,142.29,129.46,144.4,24.97,Cornering,"Hoosier 43075 16x7.5-10 R20, 7 inch rim",10854
78.2,524.139,-5.54,364.55,-147.54,2.009,-22.7,5.34,0.09,0.0376,-2.4708,12.06,43571.87,7.71,91.8,-10.494,-0,-0.9998,142.5,129.44,144.64,24.96,Cornering,"Hoosier 43075 16x7.5-10 R20, 7 inch rim",10855
78.22,524.149,-6.3,366.19,-149.17,1.992,-22.73,5.28,-0.04,0.0422,-2.4549,12.16,-97796.41,7.72,91.82,-10.537,-0,-1.0001,142.59,129.37,144.82,24.98,Cornering,"Hoosier 43075 16x7.5-10 R20, 7 inch rim",10856
78.21,524.159,-6.81,366.95,-150.42,2.009,-23.95,4.69,0.16,0.0453,-2.4395,12.19,25282.61,7.71,91.85,-10.581,-0,-0.9997,142.63,129.17,144.93,24.96,Cornering,"Hoosier 43075 16x7.5-10 R20, 7 inch rim",10857
78.19,524.169,-5.96,366.86,-152.23,2.004,-24.1,4.52,-0.04,0.0391,-2.4099,12.17,-97679.9,7.71,91.9,-10.616,-0,-1.0001,142.65,129.02,145.01,24.96,Cornering,"Hoosier 43075 16x7.5-10 R20, 7 inch rim",10858
78.21,524.179,-4.61,365.63,-152.97,2.008,-24.07,4.22,0.03,0.0302,-2.3902,12.11,157195.84,7.71,91.95,-10.643,-0,-1,142.65,128.95,145.05,24.97,Cornering,"Hoosier 43075 16x7.5-10 R20, 7 inch rim",10859
78.22,524.189,-3.61,363.44,-152.27,2.008,-23.58,3.54,-0.04,0.0237,-2.3869,12.04,-97748.02,7.71,91.96,-10.684,-0,-1.0001,142.72,128.97,145.11,24.98,Cornering,"Hoosier 43075 16x7.5-10 R20, 7 inch rim",10860
78.19,524.199,-2.5,361.6,-151.08,1.996,-22.05,3.37,0.09,0.0165,-2.3934,11.96,43575.86,7.71,91.97,-10.743,-0,-0.9998,142.76,129.08,145.27,24.98,Cornering,"Hoosier 43075 16x7.5-10 R20, 7 inch rim",10861
78.19,524.209,-2.33,359.7,-149.51,1.993,-21.66,3.03,-0.04,0.0156,-2.4058,11.95,-97738.39,7.72,91.93,-10.782,-0,-1.0001,142.78,129.24,145.43,24.98,Cornering,"Hoosier 43075 16x7.5-10 R20, 7 inch rim",10862
78.23,524.219,-2.59,359.35,-148.01,1.995,-21.48,3.52,0.03,0.0175,-2.4278,11.97,157104.98,7.71,91.92,-10.813,-0,-1,142.95,129.44,145.63,24.97,Cornering,"Hoosier 43075 16x7.5-10 R20, 7 inch rim",10863
78.21,524.229,-3.3,359.64,-147.17,1.992,-21.78,4.09,0.03,0.0224,-2.4436,12.07,156936.75,7.71,91.83,-10.855,-0,-1,143.32,129.63,145.92,24.94,Cornering,"Hoosier 43075 16x7.5-10 R20, 7 inch rim",10864
78.19,524.239,-4.37,360.71,-147.41,1.998,-22.25,4.79,-0.04,0.0297,-2.447,12.16,-97523.02,7.71,91.8,-10.883,-0,-1.0001,143.62,129.7,146.22,24.94,Cornering,"Hoosier 43075 16x7.5-10 R20, 7 inch rim",10865
78.21,524.249,-5.76,362.14,-148.61,1.995,-22.04,4.87,-0.04,0.0387,-2.4369,12.19,-97527.36,7.71,91.75,-10.938,-0,-1.0001,143.85,129.7,146.48,24.94,Cornering,"Hoosier 43075 16x7.5-10 R20, 7 inch rim",10866
78.22,524.259,-6.77,364.17,-148.85,1.987,-22.89,4.99,0.03,0.0455,-2.4465,12.19,157052.3,7.72,91.72,-10.978,-0,-1,143.98,129.63,146.62,24.97,Cornering,"Hoosier 43075 16x7.5-10 R20, 7 inch rim",10867
78.2,524.269,-7.4,365.88,-150.53,2.005,-23.56,4.67,-0.04,0.0491,-2.4306,12.12,-97706.06,7.71,91.71,-11.012,-0,-1.0001,144,129.44,146.7,25,Cornering,"Hoosier 43075 16x7.5-10 R20, 7 inch rim",10868
78.19,524.279,-6.8,367.17,-151.77,1.996,-24.08,4.85,-0.04,0.0448,-2.4192,12.03,-97672.18,7.72,91.72,-11.045,-0,-1.0001,144.02,129.26,146.74,24.99,Cornering,"Hoosier 43075 16x7.5-10 R20, 7 inch rim",10869
78.23,524.289,-6.18,367.18,-153.13,2.009,-23.74,4.29,-0.04,0.0404,-2.3978,11.95,-97680.64,7.71,91.71,-11.087,-0,-1.0001,144.09,129.15,146.76,25,Cornering,"Hoosier 43075 16x7.5-10 R20, 7 inch rim",10870
78.21,524.299,-4.67,365.32,-152.91,2.006,-24.09,4.12,0.03,0.0305,-2.3892,11.95,157006.98,7.71,91.73,-11.127,-0,-1,144.13,129.15,146.74,24.98,Cornering,"Hoosier 43075 16x7.5-10 R20, 7 inch rim",10871
78.19,524.309,-3.24,362.86,-152.14,1.993,-23,3.91,0.03,0.0213,-2.3851,11.97,156910.36,7.71,91.76,-11.17,-0,-1,144.22,129.17,146.85,24.97,Cornering,"Hoosier 43075 16x7.5-10 R20, 7 inch rim",10872
78.2,524.319,-2.09,360.17,-150.86,2.004,-22.55,4.04,0.09,0.0138,-2.3874,12.07,43475.89,7.71,91.75,-11.204,-0,-0.9998,144.24,129.28,146.99,24.97,Cornering,"Hoosier 43075 16x7.5-10 R20, 7 inch rim",10873
78.23,524.329,-2.12,358.92,-149.25,1.99,-22.01,3.92,0.09,0.0142,-2.4048,12.17,43446.42,7.71,91.74,-11.264,-0,-0.9998,144.24,129.48,147.19,24.96,Cornering,"Hoosier 43075 16x7.5-10 R20, 7 inch rim",10874
78.2,524.339,-2.6,358.39,-148.14,2.001,-22.21,4.5,0.03,0.0176,-2.4193,12.22,156731.69,7.71,91.71,-11.294,-0,-1,144.45,129.66,147.41,24.95,Cornering,"Hoosier 43075 16x7.5-10 R20, 7 inch rim",10875
78.18,524.349,-3.45,359.18,-147.93,1.993,-22.2,5.11,0.03,0.0233,-2.4281,12.21,156635.59,7.71,91.69,-11.336,-0,-1,144.8,129.74,147.65,24.94,Cornering,"Hoosier 43075 16x7.5-10 R20, 7 inch rim",10876
78.22,524.359,-5.02,360.24,-148.07,2.004,-22.46,5.52,0.09,0.0339,-2.4328,12.14,43408.43,7.71,91.67,-11.379,-0,-0.9998,145.03,129.85,147.98,24.94,Cornering,"Hoosier 43075 16x7.5-10 R20, 7 inch rim",10877
78.21,524.369,-6.04,362.09,-148.33,2.006,-23.11,6,0.09,0.0407,-2.4411,12.06,43412.46,7.71,91.69,-11.417,-0,-0.9998,145.18,129.9,148.16,24.95,Cornering,"Hoosier 43075 16x7.5-10 R20, 7 inch rim",10878
78.19,524.379,-6.98,363.5,-149.68,2.012,-23.83,5.99,-0.04,0.0467,-2.4285,11.97,-97394.73,7.71,91.69,-11.453,-0,-1.0001,145.27,129.83,148.24,24.96,Cornering,"Hoosier 43075 16x7.5-10 R20, 7 inch rim",10879
78.2,524.389,-6.92,365.13,-151.99,2.011,-23.24,6.28,-0.04,0.0455,-2.4023,11.97,-97382.08,7.71,91.67,-11.489,-0,-1.0001,145.31,129.66,148.32,24.96,Cornering,"Hoosier 43075 16x7.5-10 R20, 7 inch rim",10880
78.23,524.399,-6.11,365.8,-153.33,2.006,-23.25,6.21,0.09,0.0399,-2.3857,12,43404.72,7.71,91.64,-11.53,-0,-0.9998,145.38,129.5,148.36,24.96,Cornering,"Hoosier 43075 16x7.5-10 R20, 7 inch rim",10881
78.2,524.409,-4.77,365.22,-154.09,2.002,-22.64,6.18,-0.04,0.031,-2.3701,12.1,-97355.64,7.71,91.63,-11.563,-0,-1.0001,145.46,129.39,148.36,24.96,Cornering,"Hoosier 43075 16x7.5-10 R20, 7 inch rim",10882
78.19,524.419,-2.73,362.73,-153.78,2.002,-22.4,6.87,-0.04,0.0178,-2.3587,12.17,-97318.73,7.71,91.61,-11.603,-0,-1.0001,145.5,129.35,148.4,24.95,Cornering,"Hoosier 43075 16x7.5-10 R20, 7 inch rim",10883
78.21,524.429,-0.2,360.51,-152.5,2.011,-21.49,8.55,0.03,0.0013,-2.364,12.19,156644.7,7.71,91.6,-11.639,-0,-1,145.55,129.44,148.54,24.97,Cornering,"Hoosier 43075 16x7.5-10 R20, 7 inch rim",10884
78.22,524.439,2.92,358.51,-151.68,1.999,-20.08,11.95,0.03,-0.0193,-2.3637,12.17,156628.17,7.71,91.63,-11.668,-0,-1,145.61,129.59,148.73,24.97,Cornering,"Hoosier 43075 16x7.5-10 R20, 7 inch rim",10885
78.19,524.449,4.99,357.21,-150.25,2.002,-21,15.13,-0.04,-0.0332,-2.3774,12.09,-97359.34,7.71,91.66,-11.679,-0,-1.0001,145.76,129.74,148.93,24.97,Cornering,"Hoosier 43075 16x7.5-10 R20, 7 inch rim",10886
78.2,524.459,5.51,357.51,-150.42,2.005,-20.91,17.44,0.03,-0.0366,-2.3768,12.01,156651.27,7.71,91.65,-11.691,-0,-1,146.13,129.9,149.17,24.97,Cornering,"Hoosier 43075 16x7.5-10 R20, 7 inch rim",10887
78.23,524.469,3.52,358.4,-149.25,1.999,-23.36,17.48,0.16,-0.0236,-2.4013,11.95,25170.67,7.71,91.61,-11.708,-0,-0.9997,146.49,130.03,149.45,24.95,Cornering,"Hoosier 43075 16x7.5-10 R20, 7 inch rim",10888
78.21,524.479,0.98,360.57,-149.26,1.998,-24.2,16.78,0.03,-0.0065,-2.4157,11.96,156452.88,7.71,91.6,-11.719,-0,-1,146.75,130.07,149.7,24.94,Cornering,"Hoosier 43075 16x7.5-10 R20, 7 inch rim",10889
78.18,524.489,0.12,363.48,-149.34,2.006,-25.09,17.62,-0.04,-0.0008,-2.4339,12.03,-97234.48,7.71,91.61,-11.712,-0,-1.0001,146.81,130.03,149.88,24.94,Cornering,"Hoosier 43075 16x7.5-10 R20, 7 inch rim",10890
78.21,524.499,1.33,366.8,-151.02,2.005,-23.76,19.8,-0.04,-0.0088,-2.4289,12.11,-97275.02,7.71,91.63,-11.725,-0,-1.0001,146.86,129.92,150,24.95,Cornering,"Hoosier 43075 16x7.5-10 R20, 7 inch rim",10891
78.22,524.509,3.77,369.07,-153.06,1.99,-22.71,22.22,-0.04,-0.0246,-2.4113,12.15,-97386.98,7.71,91.62,-11.728,-0,-1.0001,146.83,129.81,150.06,24.98,Cornering,"Hoosier 43075 16x7.5-10 R20, 7 inch rim",10892
78.2,524.529,7.45,367.21,-154.41,2.006,-22.88,22.57,0.09,-0.0483,-2.3782,12.11,43423.55,7.71,91.63,-12.212,-0,-0.9998,146.88,129.66,150.04,24.98,Cornering,"Hoosier 43075 16x7.5-10 R20, 7 inch rim",10893
78.22,524.539,6.87,363.5,-154.15,2.002,-22.76,19.47,0.03,-0.0446,-2.3581,12.03,156671.02,7.71,91.62,-12.203,-0,-1,146.92,129.74,150.16,24.98,Cornering,"Hoosier 43075 16x7.5-10 R20, 7 inch rim",10894
78.21,524.549,4.62,359.74,-152.65,2.002,-23.46,15.08,0.09,-0.0303,-2.3566,11.97,43375.02,7.71,91.64,-12.2,-0,-0.9998,146.98,129.9,150.28,24.96,Cornering,"Hoosier 43075 16x7.5-10 R20, 7 inch rim",10895
78.19,524.559,2.33,357.86,-151.71,2.004,-22.53,11.62,0.09,-0.0153,-2.3588,11.95,43336.8,7.71,91.62,-12.187,-0,-0.9998,147.09,130.03,150.46,24.93,Cornering,"Hoosier 43075 16x7.5-10 R20, 7 inch rim",10896
78.2,524.569,-0.2,357.53,-150.51,1.999,-22.51,8.98,0.03,0.0013,-2.3755,11.97,156358.75,7.71,91.59,-12.177,-0,-1,147.33,130.29,150.71,24.93,Cornering,"Hoosier 43075 16x7.5-10 R20, 7 inch rim",10897
78.22,524.579,-2.49,358.91,-149.84,1.998,-21.78,7.33,0.09,0.0166,-2.3953,12.08,43338.86,7.71,91.58,-12.174,-0,-0.9998,147.65,130.45,150.93,24.93,Cornering,"Hoosier 43075 16x7.5-10 R20, 7 inch rim",10898
78.2,524.589,-5.1,360.77,-149.73,1.999,-21.64,5.7,0.09,0.034,-2.4094,12.15,43330.16,7.71,91.51,-12.166,-0,-0.9998,147.97,130.54,151.21,24.93,Cornering,"Hoosier 43075 16x7.5-10 R20, 7 inch rim",10899
78.2,524.599,-8.08,363.1,-149.77,1.998,-21.52,3.35,-0.04,0.054,-2.4244,12.18,-97209.86,7.71,91.44,-12.139,-0,-1.0001,148.16,130.54,151.39,24.93,Cornering,"Hoosier 43075 16x7.5-10 R20, 7 inch rim",10900
78.21,524.609,-10.41,365.29,-150.94,2.004,-21.64,1.16,0.03,0.0689,-2.4202,12.14,156305.88,7.71,91.38,-12.143,-0,-1,148.23,130.4,151.51,24.92,Cornering,"Hoosier 43075 16x7.5-10 R20, 7 inch rim",10901
78.21,524.619,-12.15,366.75,-152.27,1.993,-22.43,-1.27,0.03,0.0798,-2.4085,12.07,156336.45,7.71,91.37,-12.153,-0,-1,148.27,130.25,151.55,24.92,Cornering,"Hoosier 43075 16x7.5-10 R20, 7 inch rim",10902
78.19,524.629,-13.31,366.93,-154.15,2.002,-23.11,-3.81,0.03,0.0863,-2.3804,12,156420.73,7.71,91.38,-12.133,-0,-1,148.29,130.14,151.59,24.93,Cornering,"Hoosier 43075 16x7.5-10 R20, 7 inch rim",10903
78.21,524.639,-12.33,365.57,-155.18,1.999,-23.42,-4.53,0.09,0.0795,-2.3558,11.95,43363.83,7.71,91.47,-12.144,-0,-0.9998,148.25,130.05,151.59,24.94,Cornering,"Hoosier 43075 16x7.5-10 R20, 7 inch rim",10904
78.23,524.649,-11.08,362.77,-155.01,2.001,-24.09,-5.05,-0.04,0.0715,-2.3403,11.97,-97324.41,7.71,91.5,-12.134,-0,-1.0001,148.32,130.05,151.57,24.96,Cornering,"Hoosier 43075 16x7.5-10 R20, 7 inch rim",10905
78.2,524.659,-8.58,359.67,-153.82,1.985,-24.15,-3.36,0.09,0.0558,-2.3383,12.03,43393.83,7.71,91.49,-12.146,-0,-0.9998,148.42,130.14,151.68,24.96,Cornering,"Hoosier 43075 16x7.5-10 R20, 7 inch rim",10906
78.2,524.669,-6.44,357.71,-151.53,1.999,-23.97,-1.14,0.03,0.0425,-2.3606,12.08,156628.17,7.71,91.52,-12.151,-0,-1,148.44,130.32,151.84,24.97,Cornering,"Hoosier 43075 16x7.5-10 R20, 7 inch rim",10907
78.23,524.679,-5.56,357.54,-150.19,1.995,-22.41,1.05,-0.04,0.037,-2.3806,12.11,-97434.88,7.71,91.52,-12.141,-0,-1.0001,148.55,130.49,151.98,24.98,Cornering,"Hoosier 43075 16x7.5-10 R20, 7 inch rim",10908
78.23,524.689,-4.71,358.42,-149.44,2.005,-21.55,4.19,0.03,0.0315,-2.3985,12.08,156774.44,7.71,91.5,-12.15,-0,-1,148.81,130.69,152.22,24.99,Cornering,"Hoosier 43075 16x7.5-10 R20, 7 inch rim",10909
78.2,524.699,-2.76,359.8,-149.03,2.005,-21.37,9.28,-0.04,0.0185,-2.4143,12.03,-97526.31,7.71,91.51,-12.139,-0,-1.0001,149.13,130.8,152.48,25.01,Cornering,"Hoosier 43075 16x7.5-10 R20, 7 inch rim",10910
78.21,524.709,0.1,361.21,-149.34,1.998,-21.52,15.26,0.09,-0.0006,-2.4187,11.95,43495.51,7.71,91.52,-12.14,-0,-0.9998,149.45,130.84,152.69,25.02,Cornering,"Hoosier 43075 16x7.5-10 R20, 7 inch rim",10911
78.23,524.719,3.38,362.77,-150.47,2.006,-21.48,21.49,0.03,-0.0225,-2.4109,11.95,156867.86,7.71,91.53,-12.114,-0,-1,149.54,130.89,152.85,25,Cornering,"Hoosier 43075 16x7.5-10 R20, 7 inch rim",10912
78.22,524.729,6.34,364.04,-151.98,2.005,-22.04,26.57,-0.11,-0.0417,-2.3953,11.99,-37181.94,7.71,91.55,-12.087,-0,-1.0002,149.56,130.69,152.89,24.99,Cornering,"Hoosier 43075 16x7.5-10 R20, 7 inch rim",10913
78.2,524.739,10.48,364.71,-153.83,2.004,-22.79,31.81,-0.04,-0.0681,-2.3709,12.03,-97530.91,7.71,91.58,-12.063,-0,-1.0001,149.6,130.51,152.93,25,Cornering,"Hoosier 43075 16x7.5-10 R20, 7 inch rim",10914
78.24,524.749,13.98,364.29,-154.67,1.99,-23.71,35.11,0.23,-0.0904,-2.3553,12.06,17779.55,7.71,91.56,-12.017,-0,-0.9996,149.62,130.4,152.91,25,Cornering,"Hoosier 43075 16x7.5-10 R20, 7 inch rim",10915
78.24,524.759,16.44,362.88,-155.12,2.001,-23.79,36.01,-0.04,-0.106,-2.3393,12.08,-97603.68,7.71,91.59,-11.985,-0,-1.0001,149.65,130.34,152.91,25.01,Cornering,"Hoosier 43075 16x7.5-10 R20, 7 inch rim",10916
78.21,524.769,16.25,360.69,-154.09,1.999,-23.41,33.5,-0.04,-0.1054,-2.3408,12.02,-97623.98,7.71,91.6,-11.928,-0,-1.0001,149.69,130.25,152.95,25.01,Cornering,"Hoosier 43075 16x7.5-10 R20, 7 inch rim",10917
78.21,524.779,13.31,358.21,-152.7,1.992,-22.38,28.11,0.03,-0.0872,-2.3459,11.96,157042.53,7.71,91.57,-11.872,-0,-1,149.69,130.43,153.05,25.01,Cornering,"Hoosier 43075 16x7.5-10 R20, 7 inch rim",10918
78.24,524.789,8.49,356.9,-150.92,2.001,-21.81,21.41,0.03,-0.0562,-2.3649,11.94,156995.59,7.71,91.56,-11.826,-0,-1,149.71,130.58,153.25,25,Cornering,"Hoosier 43075 16x7.5-10 R20, 7 inch rim",10919
78.23,524.799,3.08,356.6,-150.08,1.995,-20.6,14.82,-0.11,-0.0205,-2.3761,11.96,-37223.81,7.71,91.56,-11.776,-0,-1.0002,149.9,130.73,153.41,24.99,Cornering,"Hoosier 43075 16x7.5-10 R20, 7 inch rim",10920
78.22,524.809,-1.48,357.68,-149.43,1.995,-20.27,10.08,0.03,0.0099,-2.3937,12.03,156838.91,7.71,91.52,-11.716,-0,-1,150.14,130.98,153.66,24.96,Cornering,"Hoosier 43075 16x7.5-10 R20, 7 inch rim",10921
78.24,524.819,-4.89,358.42,-149.31,2.002,-21.08,6.75,-0.04,0.0328,-2.4006,12.08,-97582.68,7.71,91.46,-11.658,-0,-1.0001,150.44,131.15,153.88,24.98,Cornering,"Hoosier 43075 16x7.5-10 R20, 7 inch rim",10922
78.26,524.829,-7.3,360.14,-149.81,2.004,-21.07,4.53,0.03,0.0488,-2.404,12.08,156905.59,7.71,91.41,-11.596,-0,-1,150.59,131.13,154.08,24.96,Cornering,"Hoosier 43075 16x7.5-10 R20, 7 inch rim",10923
78.23,524.839,-10.51,361.24,-150.38,2.001,-22.46,1.08,-0.04,0.0699,-2.4022,12.04,-97571.8,7.71,91.4,-11.557,-0,-1.0001,150.63,131.06,154.16,24.97,Cornering,"Hoosier 43075 16x7.5-10 R20, 7 inch rim",10924
78.23,524.849,-13.49,362.49,-151.48,2.008,-23.86,-2.7,0.03,0.089,-2.393,11.96,157055.86,7.71,91.4,-11.521,-0,-1,150.61,130.87,154.14,24.98,Cornering,"Hoosier 43075 16x7.5-10 R20, 7 inch rim",10925
78.27,524.859,-15.18,363.05,-153.99,2.001,-23.86,-5.82,0.03,0.0986,-2.3576,11.9,157081.72,7.71,91.38,-11.474,-0,-1,150.68,130.78,154.18,24.98,Cornering,"Hoosier 43075 16x7.5-10 R20, 7 inch rim",10926
78.26,524.869,-13.95,361.98,-154.77,2.002,-24.69,-6.38,0.09,0.0902,-2.3388,11.92,43552.77,7.71,91.44,-11.448,-0,-0.9998,150.65,130.65,154.14,24.99,Cornering,"Hoosier 43075 16x7.5-10 R20, 7 inch rim",10927
78.23,524.879,-10.7,360.3,-155.27,1.998,-23.77,-5.14,0.03,0.0689,-2.3205,11.97,157192.83,7.71,91.47,-11.404,-0,-1,150.61,130.6,154.08,24.99,Cornering,"Hoosier 43075 16x7.5-10 R20, 7 inch rim",10928
78.26,524.889,-8.52,357.91,-153.7,2.008,-23.37,-4.48,0.03,0.0554,-2.3287,12.07,157290.58,7.71,91.53,-11.358,-0,-1,150.61,130.71,154.08,25,Cornering,"Hoosier 43075 16x7.5-10 R20, 7 inch rim",10929
78.27,524.899,-7.76,356.17,-151.71,2.002,-22.66,-4.49,0.03,0.0512,-2.3477,12.11,157302.2,7.71,91.52,-11.337,-0,-1,150.63,130.8,154.18,25,Cornering,"Hoosier 43075 16x7.5-10 R20, 7 inch rim",10930
78.25,524.909,-8.31,356.01,-150.21,1.995,-21.12,-4.93,-0.04,0.0553,-2.3701,12.12,-97840.27,7.71,91.54,-11.3,-0,-1.0001,150.74,130.95,154.34,25.01,Cornering,"Hoosier 43075 16x7.5-10 R20, 7 inch rim",10931
78.23,524.919,-8.64,356.44,-149.21,1.998,-20.8,-3.94,0.03,0.0579,-2.3888,12.07,157381.83,7.71,91.56,-11.257,-0,-1,150.95,131.13,154.48,25.01,Cornering,"Hoosier 43075 16x7.5-10 R20, 7 inch rim",10932
78.27,524.929,-9.11,357.78,-148.41,2.006,-20.91,-2.36,0.03,0.0614,-2.4107,11.99,157367.56,7.71,91.55,-11.215,-0,-1,151.21,131.31,154.69,25,Cornering,"Hoosier 43075 16x7.5-10 R20, 7 inch rim",10933
78.26,524.939,-8.68,359.03,-148.91,2.008,-21.39,0.11,0.03,0.0583,-2.411,11.92,157339.48,7.71,91.58,-11.199,-0,-1,151.43,131.42,154.87,25,Cornering,"Hoosier 43075 16x7.5-10 R20, 7 inch rim",10934
78.24,524.949,-8.61,360.42,-150.02,2.015,-22.1,1.88,0.09,0.0574,-2.4025,11.92,43584.11,7.7,91.61,-11.171,-0,-0.9998,151.49,131.35,154.95,24.98,Cornering,"Hoosier 43075 16x7.5-10 R20, 7 inch rim",10935
78.26,524.959,-8.22,361.6,-151.27,1.99,-23.13,3.2,0.03,0.0544,-2.3904,11.98,157265.05,7.71,91.66,-11.133,-0,-1,151.47,131.24,155.05,24.98,Cornering,"Hoosier 43075 16x7.5-10 R20, 7 inch rim",10936
78.28,524.969,-7.69,362.43,-153.15,1.985,-23.67,3.88,-0.11,0.0502,-2.3665,12.07,-37283.51,7.71,91.66,-11.113,-0,-1.0002,151.4,131.06,154.99,24.97,Cornering,"Hoosier 43075 16x7.5-10 R20, 7 inch rim",10937
78.25,524.979,-6.05,362.27,-154.03,1.993,-24.53,4.99,0.03,0.0392,-2.3519,12.15,157224.56,7.71,91.67,-11.072,-0,-1,151.4,130.91,154.99,24.97,Cornering,"Hoosier 43075 16x7.5-10 R20, 7 inch rim",10938
78.24,524.989,-3.29,361.18,-154.3,2.001,-24.26,6.78,0.03,0.0213,-2.3407,12.13,157203.12,7.71,91.67,-11.043,-0,-1,151.34,130.84,154.89,24.96,Cornering,"Hoosier 43075 16x7.5-10 R20, 7 inch rim",10939
78.27,524.999,-0.23,359.48,-153.52,1.996,-22.92,8.61,0.09,0.0015,-2.3415,12.1,43576.18,7.71,91.67,-11.017,-0,-0.9998,151.32,130.84,154.87,24.97,Cornering,"Hoosier 43075 16x7.5-10 R20, 7 inch rim",10940
78.28,525.009,2.04,358.05,-151.84,1.995,-21.83,10.39,-0.04,-0.0134,-2.3581,12.01,-97765.46,7.71,91.7,-10.976,-0,-1.0001,151.3,130.91,154.89,24.97,Cornering,"Hoosier 43075 16x7.5-10 R20, 7 inch rim",10941
78.25,525.019,3.42,356.72,-150.03,2.008,-21.46,12.12,-0.04,-0.0228,-2.3777,11.96,-97756.21,7.71,91.72,-10.934,-0,-1.0001,151.25,131.04,154.97,24.96,Cornering,"Hoosier 43075 16x7.5-10 R20, 7 inch rim",10942
78.25,525.029,3.87,356.72,-149.05,2.001,-20.42,13.77,0.03,-0.026,-2.3933,11.97,157321.02,7.71,91.76,-10.887,-0,-1,151.36,131.22,155.13,24.97,Cornering,"Hoosier 43075 16x7.5-10 R20, 7 inch rim",10943
78.28,525.039,2.47,357.35,-149.23,1.999,-19.91,13.97,0.03,-0.0165,-2.3946,12.01,157230.67,7.71,91.79,-10.85,-0,-1,151.64,131.39,155.31,24.95,Cornering,"Hoosier 43075 16x7.5-10 R20, 7 inch rim",10944
78.26,525.049,0.72,357.78,-148.54,1.999,-21.66,13.68,-0.04,-0.0049,-2.4087,12.09,-97796.7,7.71,91.78,-10.808,-0,-1.0001,151.86,131.42,155.47,24.96,Cornering,"Hoosier 43075 16x7.5-10 R20, 7 inch rim",10945
78.25,525.059,-1.61,358.74,-149.98,2.004,-21.47,12.45,-0.04,0.0107,-2.3919,12.17,-97839.48,7.71,91.76,-10.745,-0,-1.0001,151.96,131.44,155.62,24.97,Cornering,"Hoosier 43075 16x7.5-10 R20, 7 inch rim",10946
78.27,525.069,-3.34,359.69,-150.77,1.999,-23.12,10.88,-0.04,0.0221,-2.3856,12.15,-97850.37,7.71,91.76,-10.711,-0,-1.0001,151.98,131.31,155.64,24.97,Cornering,"Hoosier 43075 16x7.5-10 R20, 7 inch rim",10947
78.28,525.079,-4.5,361.12,-152.26,1.999,-24.12,9.13,0.09,0.0295,-2.3718,12.09,43648.36,7.71,91.72,-10.654,-0,-0.9998,151.9,131.09,155.6,24.98,Cornering,"Hoosier 43075 16x7.5-10 R20, 7 inch rim",10948
78.24,525.089,-4.8,362.7,-153.71,2.005,-24.16,7.28,-0.04,0.0312,-2.3597,12.04,-97927.4,7.71,91.72,-10.611,-0,-1.0001,151.81,130.95,155.58,24.98,Cornering,"Hoosier 43075 16x7.5-10 R20, 7 inch rim",10949
78.24,525.099,-4.64,363.22,-154.7,1.999,-23.47,5.31,-0.04,0.03,-2.3479,11.96,-97963.58,7.71,91.72,-10.568,-0,-1.0001,151.73,130.78,155.47,24.98,Cornering,"Hoosier 43075 16x7.5-10 R20, 7 inch rim",10950
78.28,525.109,-4.32,362.31,-154.32,1.992,-22.91,2.98,0.09,0.028,-2.3478,11.97,43666.75,7.71,91.7,-10.522,-0,-0.9998,151.68,130.67,155.39,24.98,Cornering,"Hoosier 43075 16x7.5-10 R20, 7 inch rim",10951
78.26,525.119,-4.06,360.71,-152.44,1.993,-22.74,1.2,-0.04,0.0266,-2.3663,12.03,-97948.4,7.71,91.71,-10.471,-0,-1.0001,151.73,130.71,155.41,24.97,Cornering,"Hoosier 43075 16x7.5-10 R20, 7 inch rim",10952
78.23,525.129,-4.5,359.16,-151.71,1.992,-20.76,-0.3,0.09,0.0297,-2.3674,12.11,43648.99,7.71,91.68,-10.43,-0,-0.9998,151.62,130.82,155.45,24.96,Cornering,"Hoosier 43075 16x7.5-10 R20, 7 inch rim",10953
78.26,525.139,-4.53,357.97,-149.67,2.008,-21.04,-0.64,-0.04,0.0303,-2.3917,12.16,-97976.64,7.71,91.64,-10.379,-0,-1.0001,151.64,130.87,155.56,24.97,Cornering,"Hoosier 43075 16x7.5-10 R20, 7 inch rim",10954
78.27,525.149,-6.3,357.34,-149.03,2.004,-21.23,-1.65,0.09,0.0423,-2.3978,12.17,43703.64,7.71,91.62,-10.327,-0,-0.9998,151.83,130.95,155.72,24.98,Cornering,"Hoosier 43075 16x7.5-10 R20, 7 inch rim",10955
78.24,525.159,-8.1,357.86,-149.42,1.989,-21.14,-2.11,-0.04,0.0542,-2.3949,12.11,-98045.32,7.71,91.59,-10.303,-0,-1.0001,152.07,130.98,155.88,24.98,Cornering,"Hoosier 43075 16x7.5-10 R20, 7 inch rim",10956
78.23,525.169,-10.29,359.07,-149.69,1.998,-21.77,-2.89,0.16,0.0687,-2.3988,12.03,25366.09,7.71,91.57,-10.257,-0,-0.9997,152.22,131.02,156.02,24.98,Cornering,"Hoosier 43075 16x7.5-10 R20, 7 inch rim",10957
78.27,525.179,-11.61,360.32,-150.07,1.995,-23.18,-3.01,-0.11,0.0773,-2.401,11.98,-37382.47,7.71,91.56,-10.219,-0,-1.0002,152.22,130.98,156.08,24.97,Cornering,"Hoosier 43075 16x7.5-10 R20, 7 inch rim",10958
78.26,525.189,-11.68,362.22,-151.61,1.996,-23.4,-2.34,0.16,0.077,-2.3891,12,25341.69,7.71,91.55,-10.193,-0,-0.9997,152.07,130.8,156.04,24.95,Cornering,"Hoosier 43075 16x7.5-10 R20, 7 inch rim",10959
78.23,525.199,-10.22,363.65,-153.54,1.999,-23.88,-1.11,-0.04,0.0666,-2.3685,12.06,-97977,7.71,91.58,-10.153,-0,-1.0001,151.96,130.62,156,24.96,Cornering,"Hoosier 43075 16x7.5-10 R20, 7 inch rim",10960
78.25,525.209,-8.51,364.3,-154.23,1.995,-24.49,-0.25,-0.04,0.0552,-2.362,12.14,-97985.58,7.71,91.58,-10.124,-0,-1.0001,151.88,130.43,155.92,24.96,Cornering,"Hoosier 43075 16x7.5-10 R20, 7 inch rim",10961
78.26,525.219,-6.83,363.98,-154.18,2.002,-23.83,-0.06,-0.04,0.0443,-2.3607,12.17,-98062.41,7.71,91.53,-10.095,-0,-1.0001,151.79,130.34,155.8,24.97,Cornering,"Hoosier 43075 16x7.5-10 R20, 7 inch rim",10962
78.25,525.229,-5.01,361.84,-153.59,1.989,-22.44,0.34,0.23,0.0326,-2.3559,12.14,17880.08,7.71,91.46,-10.05,-0,-0.9996,151.73,130.38,155.7,24.98,Cornering,"Hoosier 43075 16x7.5-10 R20, 7 inch rim",10963
78.23,525.239,-3.65,359.76,-152.15,1.999,-21.68,1.02,0.03,0.024,-2.3645,12.08,157931.23,7.71,91.44,-10.028,-0,-1,151.64,130.43,155.76,25,Cornering,"Hoosier 43075 16x7.5-10 R20, 7 inch rim",10964
78.26,525.249,-1.65,358.21,-151.22,1.995,-20.44,3.26,-0.04,0.0109,-2.3688,11.98,-98164.26,7.71,91.43,-9.982,-0,-1.0001,151.68,130.58,155.8,24.99,Cornering,"Hoosier 43075 16x7.5-10 R20, 7 inch rim",10965
78.26,525.259,-0.71,357.69,-149.64,1.995,-20.9,5.55,0.03,0.0047,-2.3903,11.92,157851.31,7.71,91.42,-9.965,-0,-1,151.75,130.73,155.9,24.98,Cornering,"Hoosier 43075 16x7.5-10 R20, 7 inch rim",10966
78.22,525.269,-0.72,357.62,-149.07,2.009,-21.69,7.69,0.09,0.0048,-2.399,11.94,43738.34,7.71,91.41,-9.915,-0,-0.9998,152.07,130.84,156.06,24.97,Cornering,"Hoosier 43075 16x7.5-10 R20, 7 inch rim",10967
78.23,525.279,-1.16,358.89,-149.34,1.999,-21.54,9.41,0.03,0.0078,-2.4032,11.99,157813.17,7.71,91.45,-9.891,-0,-1,152.33,130.89,156.2,24.97,Cornering,"Hoosier 43075 16x7.5-10 R20, 7 inch rim",10968
78.25,525.289,-1.43,359.82,-149.91,2.004,-22.71,11,0.03,0.0096,-2.4002,12.09,157801.36,7.71,91.49,-9.838,-0,-1,152.43,130.91,156.3,24.96,Cornering,"Hoosier 43075 16x7.5-10 R20, 7 inch rim",10969
78.23,525.299,-1.57,361.08,-151.32,2.008,-22.98,11.89,0.09,0.0104,-2.3862,12.17,43743.42,7.71,91.49,-9.798,-0,-0.9998,152.43,130.84,156.32,24.97,Cornering,"Hoosier 43075 16x7.5-10 R20, 7 inch rim",10970
78.21,525.309,-1.23,363.13,-152.68,2.009,-23.07,12.24,0.03,0.0081,-2.3783,12.19,157799.36,7.71,91.49,-9.763,-0,-1,152.35,130.69,156.2,24.96,Cornering,"Hoosier 43075 16x7.5-10 R20, 7 inch rim",10971
78.25,525.319,-1.66,363.97,-154.14,2.001,-23.2,10.74,-0.04,0.0108,-2.3614,12.14,-98175.91,7.71,91.47,-9.707,-0,-1.0001,152.24,130.54,156.12,24.97,Cornering,"Hoosier 43075 16x7.5-10 R20, 7 inch rim",10972
78.24,525.329,-1.27,363.86,-154.78,1.993,-23.14,9.03,0.03,0.0082,-2.3507,12.06,157913,7.71,91.45,-9.676,-0,-1,152.13,130.47,155.98,24.97,Cornering,"Hoosier 43075 16x7.5-10 R20, 7 inch rim",10973
78.21,525.339,-1.7,362.31,-154.61,1.995,-22.73,6.27,0.03,0.011,-2.3434,11.98,158013.22,7.71,91.46,-9.617,-0,-1,152.01,130.4,155.9,24.98,Cornering,"Hoosier 43075 16x7.5-10 R20, 7 inch rim",10974
78.22,525.349,-1.62,360.42,-153.13,1.992,-21.87,4.45,0.09,0.0106,-2.3537,11.98,43780.8,7.71,91.49,-9.584,-0,-0.9998,151.92,130.47,155.9,24.97,Cornering,"Hoosier 43075 16x7.5-10 R20, 7 inch rim",10975
78.25,525.359,-1.72,358.48,-151.27,2.006,-21.74,3.16,-0.04,0.0113,-2.3698,12.02,-98202.33,7.71,91.5,-9.534,-0,-1.0001,151.86,130.58,155.9,24.97,Cornering,"Hoosier 43075 16x7.5-10 R20, 7 inch rim",10976
78.23,525.369,-2.43,357.24,-150.19,1.995,-21.05,2.06,0.03,0.0162,-2.3786,12.09,158112.27,7.71,91.48,-9.48,-0,-1,151.81,130.73,155.98,24.98,Cornering,"Hoosier 43075 16x7.5-10 R20, 7 inch rim",10977
78.21,525.379,-3.99,356.91,-149.39,1.993,-21.15,1.32,0.03,0.0267,-2.3891,12.18,158162.47,7.71,91.45,-9.45,-0,-1,151.98,130.93,156.1,24.99,Cornering,"Hoosier 43075 16x7.5-10 R20, 7 inch rim",10978
78.23,525.389,-5.93,357.34,-149.5,2.009,-21.14,0.53,0.09,0.0397,-2.3902,12.18,43875.22,7.71,91.43,-9.398,-0,-0.9998,152.24,131.06,156.2,25.01,Cornering,"Hoosier 43075 16x7.5-10 R20, 7 inch rim",10979
78.24,525.399,-7.83,357.95,-149.1,2.001,-22.8,-0.25,0.09,0.0525,-2.4007,12.13,43900.34,7.71,91.42,-9.359,-0,-0.9998,152.39,131.11,156.32,25.03,Cornering,"Hoosier 43075 16x7.5-10 R20, 7 inch rim",10980
78.21,525.409,-9.2,359.28,-150.88,1.989,-22.33,-0.82,-0.04,0.061,-2.3811,12.05,-98514.2,7.71,91.4,-9.315,-0,-1.0001,152.35,131.06,156.36,25.03,Cornering,"Hoosier 43075 16x7.5-10 R20, 7 inch rim",10981
78.21,525.419,-9.36,361.15,-151.99,1.993,-23.25,-0.78,-0.04,0.0616,-2.3761,11.99,-98411.55,7.71,91.39,-9.273,-0,-1.0001,152.26,130.93,156.3,25,Cornering,"Hoosier 43075 16x7.5-10 R20, 7 inch rim",10982
78.24,525.429,-9.28,362.77,-154.05,1.99,-23.14,-1.43,-0.04,0.0602,-2.3548,11.99,-98379.21,7.71,91.34,-9.225,-0,-1.0001,152.13,130.84,156.18,24.99,Cornering,"Hoosier 43075 16x7.5-10 R20, 7 inch rim",10983
78.23,525.439,-8.65,363.71,-154.56,1.99,-23.55,-2.15,0.03,0.0559,-2.3532,12.06,158164.62,7.71,91.34,-9.196,-0,-1,152.07,130.67,156.06,24.97,Cornering,"Hoosier 43075 16x7.5-10 R20, 7 inch rim",10984
78.21,525.449,-7.55,363.55,-154.87,2.001,-22.84,-2.92,0.03,0.0487,-2.3475,12.13,158216.94,7.71,91.33,-9.16,-0,-1,151.96,130.58,155.96,24.98,Cornering,"Hoosier 43075 16x7.5-10 R20, 7 inch rim",10985
78.23,525.459,-5.72,361.5,-153.82,2.004,-22.49,-2.77,0.03,0.0372,-2.3501,12.19,158160.89,7.71,91.34,-9.12,-0,-1,151.88,130.62,155.94,24.97,Cornering,"Hoosier 43075 16x7.5-10 R20, 7 inch rim",10986
78.23,525.469,-5.04,359.33,-152.07,1.989,-21.97,-3.15,0.03,0.0331,-2.3629,12.18,158317.67,7.71,91.33,-9.097,-0,-1,151.77,130.65,155.94,24.99,Cornering,"Hoosier 43075 16x7.5-10 R20, 7 inch rim",10987
78.21,525.479,-4.36,357.69,-150.26,2.001,-21.78,-2.3,-0.04,0.029,-2.3806,12.11,-98427.49,7.71,91.31,-9.046,-0,-1.0001,151.66,130.76,155.96,24.99,Cornering,"Hoosier 43075 16x7.5-10 R20, 7 inch rim",10988
78.2,525.489,-4.18,356.09,-149.1,2.005,-22.55,-0.97,0.03,0.028,-2.3882,12.03,158311.77,7.71,91.32,-9.026,-0,-1,151.79,130.91,156.12,24.98,Cornering,"Hoosier 43075 16x7.5-10 R20, 7 inch rim",10989
78.23,525.499,-4.47,356.44,-148.96,1.987,-21.97,0.68,0.09,0.03,-2.3929,11.99,43833.56,7.71,91.33,-8.986,-0,-0.9998,151.98,131.06,156.22,24.96,Cornering,"Hoosier 43075 16x7.5-10 R20, 7 inch rim",10990
78.23,525.509,-4.68,356.89,-149.59,1.996,-22.29,2.72,-0.04,0.0313,-2.3858,11.98,-98314.46,7.71,91.29,-8.956,-0,-1.0001,152.16,131.09,156.32,24.96,Cornering,"Hoosier 43075 16x7.5-10 R20, 7 inch rim",10991
78.2,525.519,-4.87,358.33,-150.5,1.987,-22.32,4.29,0.09,0.0323,-2.381,12.08,43779.56,7.71,91.26,-8.926,-0,-0.9998,152.2,131.11,156.34,24.93,Cornering,"Hoosier 43075 16x7.5-10 R20, 7 inch rim",10992
78.22,525.529,-4.37,360.18,-151.55,2.002,-22.66,6.29,-0.04,0.0288,-2.3767,12.16,-98243.06,7.71,91.28,-8.88,-0,-1.0001,152.05,130.98,156.3,24.93,Cornering,"Hoosier 43075 16x7.5-10 R20, 7 inch rim",10993
78.23,525.539,-3.85,362.23,-153.12,2.005,-22.84,6.99,0.09,0.0251,-2.3657,12.22,43810.11,7.71,91.28,-8.838,-0,-0.9998,151.94,130.84,156.2,24.94,Cornering,"Hoosier 43075 16x7.5-10 R20, 7 inch rim",10994
78.2,525.549,-2.53,363.67,-154.1,1.998,-23.03,7.75,0.09,0.0164,-2.36,12.19,43813.59,7.71,91.3,-8.808,-0,-0.9998,151.81,130.62,156.1,24.94,Cornering,"Hoosier 43075 16x7.5-10 R20, 7 inch rim",10995
78.21,525.559,-0.86,363.52,-154.73,2.005,-22.72,7.93,-0.04,0.0055,-2.3495,12.12,-98365.68,7.71,91.32,-8.759,-0,-1.0001,151.71,130.49,155.92,24.96,Cornering,"Hoosier 43075 16x7.5-10 R20, 7 inch rim",10996
78.23,525.569,0.88,361.68,-154.26,1.993,-22.51,7.67,-0.04,-0.0057,-2.3447,12.03,-98375.63,7.71,91.33,-8.721,-0,-1.0001,151.55,130.47,155.8,24.96,Cornering,"Hoosier 43075 16x7.5-10 R20, 7 inch rim",10997
78.23,525.579,1.15,358.68,-152.91,2.002,-22.66,6.25,0.03,-0.0075,-2.3457,11.97,158352.39,7.71,91.35,-8.666,-0,-1,151.47,130.54,155.78,24.97,Cornering,"Hoosier 43075 16x7.5-10 R20, 7 inch rim",10998
78.2,525.589,1.27,356.47,-151.72,2.005,-21.91,5.5,-0.04,-0.0083,-2.3495,11.99,-98511.51,7.71,91.35,-8.636,-0,-1.0001,151.36,130.71,155.8,24.98,Cornering,"Hoosier 43075 16x7.5-10 R20, 7 inch rim",10999
78.21,525.599,0.51,355.1,-150.37,1.982,-22.18,4.76,0.03,-0.0034,-2.3615,12.07,158422.55,7.71,91.35,-8.585,-0,-1,151.3,130.87,155.84,24.97,Cornering,"Hoosier 43075 16x7.5-10 R20, 7 inch rim",11000
78.23,525.609,-0.98,354.89,-149.83,1.995,-22.26,3.87,-0.11,0.0066,-2.3687,12.16,-37568.11,7.71,91.36,-8.543,-0,-1.0002,151.49,131,155.88,24.97,Cornering,"Hoosier 43075 16x7.5-10 R20, 7 inch rim",11001
78.21,525.619,-3.12,355.2,-150,1.998,-22.05,3,0.03,0.0208,-2.368,12.22,158499.31,7.71,91.35,-8.486,-0,-1,151.66,131.13,155.96,24.98,Cornering,"Hoosier 43075 16x7.5-10 R20, 7 inch rim",11002
78.2,525.629,-5.24,357.06,-150.25,2.002,-21.9,2,0.03,0.0349,-2.3764,12.2,158589.55,7.71,91.35,-8.444,-0,-1,151.83,131.13,156.02,24.99,Cornering,"Hoosier 43075 16x7.5-10 R20, 7 inch rim",11003
78.22,525.639,-6.81,358.19,-151.26,1.99,-22.42,0.86,-0.04,0.045,-2.3681,12.15,-98569.08,7.71,91.37,-8.407,-0,-1.0001,151.71,131.06,156.02,24.98,Cornering,"Hoosier 43075 16x7.5-10 R20, 7 inch rim",11004
78.23,525.649,-7.59,360.37,-152.67,2.005,-22.21,0.08,0.03,0.0497,-2.3605,12.05,158624.34,7.71,91.41,-8.357,-0,-1,151.55,130.91,155.94,24.99,Cornering,"Hoosier 43075 16x7.5-10 R20, 7 inch rim",11005
78.2,525.659,-8.27,361.82,-154.22,2.002,-22.57,-1.57,-0.04,0.0536,-2.3461,11.97,-98476.25,7.71,91.39,-8.32,-0,-1.0001,151.45,130.8,155.78,24.96,Cornering,"Hoosier 43075 16x7.5-10 R20, 7 inch rim",11006
78.2,525.669,-7.78,362,-154.98,2.001,-23,-2.74,-0.04,0.0502,-2.3358,11.95,-98394.2,7.71,91.4,-8.281,-0,-1.0001,151.25,130.65,155.7,24.93,Cornering,"Hoosier 43075 16x7.5-10 R20, 7 inch rim",11007
78.23,525.679,-6.73,360.32,-155.35,1.993,-23.03,-3.66,0.03,0.0433,-2.3195,12,158190.47,7.71,91.44,-8.244,-0,-1,151.13,130.56,155.51,24.92,Cornering,"Hoosier 43075 16x7.5-10 R20, 7 inch rim",11008
78.22,525.689,-5.78,357.48,-154.25,2.001,-23.29,-4.42,0.09,0.0375,-2.3176,12.08,43860.63,7.71,91.46,-8.204,-0,-0.9998,150.98,130.65,155.39,24.93,Cornering,"Hoosier 43075 16x7.5-10 R20, 7 inch rim",11009
78.19,525.699,-4.98,354.82,-153.01,2.002,-22.62,-4.5,0.03,0.0326,-2.319,12.18,158442.97,7.71,91.5,-8.162,-0,-1,150.85,130.67,155.37,24.95,Cornering,"Hoosier 43075 16x7.5-10 R20, 7 inch rim",11010
78.22,525.709,-4.93,353.39,-151.49,1.999,-22.22,-4.25,-0.04,0.0325,-2.3328,12.21,-98641.23,7.71,91.52,-8.111,-0,-1.0001,150.72,130.82,155.35,24.98,Cornering,"Hoosier 43075 16x7.5-10 R20, 7 inch rim",11011
78.23,525.719,-5.62,352.56,-150.48,2.008,-22.2,-3.93,0.09,0.0373,-2.343,12.18,44016.45,7.71,91.54,-8.082,-0,-0.9998,150.78,130.98,155.41,25.01,Cornering,"Hoosier 43075 16x7.5-10 R20, 7 inch rim",11012
78.2,525.729,-6.68,353.33,-150.03,2.002,-22.08,-3.25,0.03,0.0445,-2.3551,12.09,158856.19,7.71,91.48,-8.045,-0,-1,150.95,131.13,155.47,25.01,Cornering,"Hoosier 43075 16x7.5-10 R20, 7 inch rim",11013
78.2,525.739,-7.85,354.44,-150.37,1.998,-21.79,-2.6,-0.04,0.0522,-2.357,12.01,-98756.58,7.71,91.48,-8.011,-0,-1.0001,151.13,131.15,155.56,25.01,Cornering,"Hoosier 43075 16x7.5-10 R20, 7 inch rim",11014
78.22,525.749,-7.93,355.56,-151.42,1.992,-21.94,-1.31,0.09,0.0524,-2.3483,11.97,44015.62,7.71,91.49,-7.993,-0,-0.9998,151.17,131.11,155.56,25,Cornering,"Hoosier 43075 16x7.5-10 R20, 7 inch rim",11015
78.21,525.759,-7.13,356.69,-152.81,1.987,-22.74,0.38,0.03,0.0467,-2.3342,11.97,158785.33,7.71,91.46,-7.94,-0,-1,151.02,130.98,155.49,24.99,Cornering,"Hoosier 43075 16x7.5-10 R20, 7 inch rim",11016
78.19,525.769,-5.99,358.25,-154.2,1.995,-23.57,1.65,-0.04,0.0388,-2.3232,12.06,-98711.08,7.71,91.45,-7.912,-0,-1.0001,150.91,130.82,155.39,24.99,Cornering,"Hoosier 43075 16x7.5-10 R20, 7 inch rim",11017
78.21,525.779,-4.44,358.93,-156.03,1.995,-23.33,2.39,0.09,0.0284,-2.3004,12.16,44008.04,7.71,91.47,-7.87,-0,-0.9998,150.85,130.56,155.21,24.99,Cornering,"Hoosier 43075 16x7.5-10 R20, 7 inch rim",11018
78.22,525.789,-2.44,357.83,-156.01,1.999,-24.15,2.83,0.03,0.0157,-2.2937,12.22,158860.16,7.71,91.47,-7.839,-0,-1,150.74,130.45,155.07,25,Cornering,"Hoosier 43075 16x7.5-10 R20, 7 inch rim",11019
78.2,525.799,-0.44,356.1,-155.49,2.006,-23.5,3.33,-0.04,0.0028,-2.2902,12.25,-98736.91,7.71,91.51,-7.8,-0,-1.0001,150.57,130.43,154.95,24.99,Cornering,"Hoosier 43075 16x7.5-10 R20, 7 inch rim",11020
78.19,525.809,0.87,353.47,-154.07,1.992,-22.3,3.52,-0.04,-0.0056,-2.2942,12.21,-98700.62,7.71,91.49,-7.759,-0,-1.0001,150.53,130.58,154.89,24.98,Cornering,"Hoosier 43075 16x7.5-10 R20, 7 inch rim",11021
78.21,525.819,2.06,351.68,-151.91,2.004,-21.54,4.39,0.03,-0.0135,-2.315,12.11,158795.52,7.71,91.48,-7.714,-0,-1,150.42,130.62,154.81,24.98,Cornering,"Hoosier 43075 16x7.5-10 R20, 7 inch rim",11022
78.21,525.829,1.69,350.42,-150.74,1.996,-21.47,4.62,-0.04,-0.0112,-2.3246,12.01,-98649.79,7.71,91.49,-7.68,-0,-1.0001,150.35,130.78,154.87,24.96,Cornering,"Hoosier 43075 16x7.5-10 R20, 7 inch rim",11023
78.19,525.839,0.62,350.24,-150.41,2.001,-21.27,4.83,0.09,-0.0041,-2.3286,11.95,43970.08,7.71,91.47,-7.641,-0,-0.9998,150.57,130.93,154.91,24.96,Cornering,"Hoosier 43075 16x7.5-10 R20, 7 inch rim",11024
78.21,525.849,-0.91,350.9,-151.21,1.996,-20.81,4.78,-0.04,0.006,-2.3207,11.96,-98598.74,7.71,91.47,-7.601,-0,-1.0001,150.74,131.02,155.03,24.94,Cornering,"Hoosier 43075 16x7.5-10 R20, 7 inch rim",11025
78.23,525.859,-3.05,351.7,-151.87,1.992,-21.28,3.86,0.03,0.0201,-2.3158,12.05,158633.31,7.71,91.45,-7.551,-0,-1,150.83,131.06,155.01,24.94,Cornering,"Hoosier 43075 16x7.5-10 R20, 7 inch rim",11026
78.2,525.869,-4.57,352.47,-152.36,1.992,-22.79,2.88,0.03,0.03,-2.3134,12.12,158686.47,7.71,91.46,-7.505,-0,-1,150.74,130.95,154.99,24.95,Cornering,"Hoosier 43075 16x7.5-10 R20, 7 inch rim",11027
78.19,525.879,-6,353.75,-154.34,1.999,-23.01,1.1,0.03,0.0389,-2.2921,12.2,158811.25,7.71,91.49,-7.465,-0,-1,150.68,130.82,154.89,24.97,Cornering,"Hoosier 43075 16x7.5-10 R20, 7 inch rim",11028
78.22,525.889,-6.22,354.59,-155.72,1.989,-23.6,-0.15,0.09,0.0399,-2.2771,12.22,44043.06,7.71,91.52,-7.419,-0,-0.9998,150.5,130.58,154.71,24.98,Cornering,"Hoosier 43075 16x7.5-10 R20, 7 inch rim",11029
78.21,525.899,-5.66,354.77,-156.37,1.987,-23.56,-1.5,0.03,0.0362,-2.2688,12.16,158990.89,7.71,91.57,-7.373,-0,-1,150.4,130.49,154.57,24.99,Cornering,"Hoosier 43075 16x7.5-10 R20, 7 inch rim",11030
78.19,525.909,-5.12,353.32,-156.29,2.011,-23.46,-3.16,-0.18,0.0328,-2.2606,12.08,-23283.19,7.71,91.57,-7.328,-0,-1.0003,150.2,130.38,154.38,24.98,Cornering,"Hoosier 43075 16x7.5-10 R20, 7 inch rim",11031
78.2,525.919,-4.61,351.02,-155.53,1.996,-22.22,-4.5,-0.04,0.0297,-2.257,11.98,-98714.05,7.71,91.6,-7.283,-0,-1.0001,150.03,130.51,154.3,24.96,Cornering,"Hoosier 43075 16x7.5-10 R20, 7 inch rim",11032
78.23,525.929,-4.18,348.97,-153.88,1.995,-21.68,-5.31,0.09,0.0272,-2.2678,11.97,44008.46,7.71,91.62,-7.247,-0,-0.9998,149.86,130.58,154.26,24.96,Cornering,"Hoosier 43075 16x7.5-10 R20, 7 inch rim",11033
78.21,525.939,-4.06,347.53,-152.66,2.001,-21.22,-5.22,0.09,0.0266,-2.2764,12.02,44043.46,7.71,91.59,-7.202,-0,-0.9998,149.77,130.69,154.22,24.97,Cornering,"Hoosier 43075 16x7.5-10 R20, 7 inch rim",11034
78.19,525.949,-5,347.36,-151.46,1.992,-20.94,-5.14,-0.04,0.033,-2.2934,12.09,-98921.51,7.71,91.56,-7.17,-0,-1.0001,149.84,130.89,154.26,25,Cornering,"Hoosier 43075 16x7.5-10 R20, 7 inch rim",11035
78.22,525.959,-6.21,347.32,-151.34,2.005,-21.89,-4.83,0.09,0.041,-2.2949,12.21,44153.62,7.71,91.52,-7.117,-0,-0.9998,149.95,131,154.3,25.03,Cornering,"Hoosier 43075 16x7.5-10 R20, 7 inch rim",11036
78.22,525.969,-7.24,347.53,-152.24,1.992,-21.84,-4.28,0.03,0.0476,-2.2828,12.25,159379.66,7.71,91.52,-7.1,-0,-1,150.07,131.04,154.36,25.04,Cornering,"Hoosier 43075 16x7.5-10 R20, 7 inch rim",11037
78.19,525.979,-7.9,347.79,-152.69,2.008,-23.43,-3.56,0.09,0.0518,-2.2778,12.24,44139.69,7.71,91.53,-7.047,-0,-0.9998,150.1,130.98,154.36,25.02,Cornering,"Hoosier 43075 16x7.5-10 R20, 7 inch rim",11038
78.19,525.989,-7.53,348.65,-154.69,1.998,-23.5,-2.71,0.03,0.0487,-2.2538,12.15,159107.42,7.71,91.51,-7.031,-0,-1,149.95,130.84,154.22,24.99,Cornering,"Hoosier 43075 16x7.5-10 R20, 7 inch rim",11039
78.22,525.999,-6.8,349.93,-156.06,1.995,-23.98,-2.29,0.09,0.0436,-2.2423,12.05,44074.29,7.71,91.51,-6.98,-0,-0.9998,149.8,130.65,154.06,24.98,Cornering,"Hoosier 43075 16x7.5-10 R20, 7 inch rim",11040
78.21,526.009,-5.28,350.75,-157.45,1.995,-23.42,-1.76,0.03,0.0335,-2.2277,11.97,158947.48,7.71,91.51,-6.957,-0,-1,149.71,130.56,153.86,24.96,Cornering,"Hoosier 43075 16x7.5-10 R20, 7 inch rim",11041
78.18,526.019,-3.29,350.29,-157.39,1.993,-23.34,-1.33,0.03,0.0209,-2.2257,11.96,159000.33,7.71,91.54,-6.908,-0,-1,149.54,130.47,153.66,24.97,Cornering,"Hoosier 43075 16x7.5-10 R20, 7 inch rim",11042
78.21,526.029,-1.56,348.23,-156.28,2.001,-22.94,-0.89,0.03,0.01,-2.2283,12,159047.95,7.71,91.54,-6.875,-0,-1,149.34,130.45,153.47,24.97,Cornering,"Hoosier 43075 16x7.5-10 R20, 7 inch rim",11043
78.23,526.039,-0.15,346.39,-155.19,1.987,-20.98,-0.16,0.09,0.0009,-2.232,12.08,44076.74,7.71,91.55,-6.839,-0,-0.9998,149.19,130.6,153.37,24.97,Cornering,"Hoosier 43075 16x7.5-10 R20, 7 inch rim",11044
78.19,526.049,0.69,344.08,-152.61,2.011,-21.73,0.88,-0.04,-0.0045,-2.2547,12.19,-98904.96,7.71,91.54,-6.804,-0,-1.0001,149.04,130.71,153.35,24.98,Cornering,"Hoosier 43075 16x7.5-10 R20, 7 inch rim",11045
78.2,526.059,0.39,342.54,-152.17,2.002,-20.91,1.54,0.03,-0.0025,-2.251,12.24,159234.77,7.71,91.55,-6.753,-0,-1,149.11,130.87,153.37,25,Cornering,"Hoosier 43075 16x7.5-10 R20, 7 inch rim",11046
78.22,526.069,-0.41,342.05,-151.42,2.002,-21.46,2.11,0.03,0.0027,-2.259,12.21,159325,7.71,91.52,-6.702,-0,-1,149.26,131.02,153.43,25.01,Cornering,"Hoosier 43075 16x7.5-10 R20, 7 inch rim",11047
78.21,526.079,-1.67,341.61,-152.21,1.996,-21.8,2.23,0.03,0.011,-2.2444,12.14,159482.67,7.71,91.54,-6.67,-0,-1,149.39,131.09,153.51,25.03,Cornering,"Hoosier 43075 16x7.5-10 R20, 7 inch rim",11048
78.19,526.089,-2.6,341.75,-152.77,2.004,-22.74,2.24,0.03,0.017,-2.237,12.04,159638.95,7.71,91.53,-6.643,-0,-1,149.37,131.09,153.53,25.05,Cornering,"Hoosier 43075 16x7.5-10 R20, 7 inch rim",11049
78.21,526.099,-3.55,342.37,-153.71,2.011,-24.03,1.72,0.03,0.0231,-2.2273,11.97,159654.19,7.71,91.54,-6.595,-0,-1,149.28,130.98,153.49,25.05,Cornering,"Hoosier 43075 16x7.5-10 R20, 7 inch rim",11050
78.22,526.109,-4.61,343.71,-155.94,1.999,-23.78,-0.03,-0.04,0.0296,-2.2041,11.97,-99207.42,7.71,91.49,-6.549,-0,-1.0001,149.19,130.78,153.35,25.04,Cornering,"Hoosier 43075 16x7.5-10 R20, 7 inch rim",11051
78.2,526.119,-4.94,344.99,-157.29,2.001,-23.46,-1.79,0.03,0.0314,-2.1933,12.02,159536.56,7.71,91.45,-6.497,-0,-1,149.11,130.65,153.21,25.03,Cornering,"Hoosier 43075 16x7.5-10 R20, 7 inch rim",11052
78.19,526.129,-4.16,344.87,-158.11,1.999,-22.7,-2.87,0.09,0.0263,-2.1812,12.13,44212.93,7.71,91.42,-6.45,-0,-0.9998,149.02,130.56,153.05,25.03,Cornering,"Hoosier 43075 16x7.5-10 R20, 7 inch rim",11053
78.23,526.139,-2.91,343.13,-157.36,2.009,-21.98,-3.67,0.03,0.0185,-2.1805,12.21,159523.62,7.71,91.38,-6.418,-0,-1,148.85,130.56,152.89,25.03,Cornering,"Hoosier 43075 16x7.5-10 R20, 7 inch rim",11054
78.22,526.149,-1.68,340.14,-155.31,2.005,-22.01,-4.08,0.09,0.0108,-2.1901,12.25,44188.46,7.71,91.34,-6.375,-0,-0.9998,148.66,130.69,152.77,25.01,Cornering,"Hoosier 43075 16x7.5-10 R20, 7 inch rim",11055
78.2,526.159,-1.81,337.51,-153.73,1.986,-21.61,-5.07,0.03,0.0118,-2.1955,12.22,159473.84,7.72,91.3,-6.338,-0,-1,148.42,130.82,152.69,25.01,Cornering,"Hoosier 43075 16x7.5-10 R20, 7 inch rim",11056
78.21,526.169,-2.43,335.55,-152.23,2.006,-21.71,-5.4,-0.04,0.016,-2.2043,12.14,-99023.64,7.71,91.29,-6.305,-0,-1.0001,148.32,130.98,152.69,24.98,Cornering,"Hoosier 43075 16x7.5-10 R20, 7 inch rim",11057
78.23,526.179,-3.95,334.31,-151.49,1.993,-22.51,-5.97,0.03,0.0261,-2.2068,12.04,159309.48,7.72,91.28,-6.269,-0,-1,148.38,131.17,152.73,24.98,Cornering,"Hoosier 43075 16x7.5-10 R20, 7 inch rim",11058
78.21,526.189,-5.01,334.29,-151.67,2.002,-22.82,-5.54,0.03,0.033,-2.2041,11.97,159288.94,7.72,91.23,-6.214,-0,-1,148.49,131.28,152.77,24.98,Cornering,"Hoosier 43075 16x7.5-10 R20, 7 inch rim",11059
78.2,526.199,-6.38,334.45,-152.6,2.009,-22.9,-5.4,-0.04,0.0418,-2.1917,11.98,-99024.2,7.71,91.2,-6.176,-0,-1.0001,148.51,131.31,152.81,24.98,Cornering,"Hoosier 43075 16x7.5-10 R20, 7 inch rim",11060
78.23,526.209,-6.76,335.42,-153.48,2.001,-23.12,-4.7,0.03,0.044,-2.1855,12.03,159277.33,7.72,91.18,-6.126,-0,-1,148.49,131.2,152.73,24.97,Cornering,"Hoosier 43075 16x7.5-10 R20, 7 inch rim",11061
78.23,526.219,-6.63,336.58,-155.16,1.989,-23.21,-4.33,0.03,0.0427,-2.1693,12.12,159249.81,7.72,91.16,-6.093,-0,-1,148.32,131.02,152.58,24.97,Cornering,"Hoosier 43075 16x7.5-10 R20, 7 inch rim",11062
78.2,526.229,-5.86,337.51,-156.43,2.004,-23.36,-4.23,0.03,0.0374,-2.1576,12.19,159188.55,7.72,91.16,-6.049,-0,-1,148.25,130.89,152.48,24.96,Cornering,"Hoosier 43075 16x7.5-10 R20, 7 inch rim",11063
78.23,526.239,-4.35,337.71,-156.96,1.995,-23.38,-3.94,0.03,0.0277,-2.1516,12.22,159048.36,7.72,91.15,-6.022,-0,-1,148.12,130.71,152.24,24.93,Cornering,"Hoosier 43075 16x7.5-10 R20, 7 inch rim",11064
78.25,526.249,-3.42,336,-156.96,1.996,-23.07,-4.75,0.09,0.0218,-2.1407,12.17,44055.61,7.72,91.15,-5.99,-0,-0.9998,147.97,130.67,152.12,24.92,Cornering,"Hoosier 43075 16x7.5-10 R20, 7 inch rim",11065
78.23,526.259,-2.09,333.65,-156.04,2.001,-21.98,-4.6,0.03,0.0134,-2.1382,12.1,158956.73,7.72,91.14,-5.953,-0,-1,147.82,130.76,151.92,24.92,Cornering,"Hoosier 43075 16x7.5-10 R20, 7 inch rim",11066
78.21,526.269,-0.92,330.53,-154.48,1.993,-21.69,-4,-0.04,0.0059,-2.1396,12,-98887.09,7.72,91.13,-5.912,-0,-1.0001,147.65,130.91,151.8,24.93,Cornering,"Hoosier 43075 16x7.5-10 R20, 7 inch rim",11067
78.23,526.279,-0.98,328.45,-152.89,1.998,-21.74,-3.65,-0.04,0.0064,-2.1483,11.96,-98895.45,7.72,91.14,-5.863,-0,-1.0001,147.56,131.09,151.68,24.93,Cornering,"Hoosier 43075 16x7.5-10 R20, 7 inch rim",11068
78.25,526.289,-0.71,327.16,-151.91,2.004,-22.19,-2.29,-0.04,0.0047,-2.1537,12,-98969.3,7.72,91.16,-5.834,-0,-1.0001,147.54,131.28,151.66,24.95,Cornering,"Hoosier 43075 16x7.5-10 R20, 7 inch rim",11069
78.22,526.299,-1.33,327,-151.05,1.995,-22.62,-1.41,0.03,0.0088,-2.1648,12.05,159223.97,7.72,91.14,-5.788,-0,-1,147.61,131.44,151.66,24.95,Cornering,"Hoosier 43075 16x7.5-10 R20, 7 inch rim",11070
78.23,526.309,-2.57,327.03,-151.78,1.99,-22.37,-1.08,-0.04,0.0169,-2.1546,12.14,-98981.64,7.72,91.12,-5.761,-0,-1.0001,147.67,131.48,151.66,24.95,Cornering,"Hoosier 43075 16x7.5-10 R20, 7 inch rim",11071
78.27,526.319,-3.65,327.69,-152.99,1.986,-21.93,-1.23,-0.04,0.0238,-2.1419,12.19,-99013.97,7.72,91.11,-5.705,-0,-1.0001,147.65,131.44,151.66,24.96,Cornering,"Hoosier 43075 16x7.5-10 R20, 7 inch rim",11072
78.25,526.329,-4.32,328.36,-154.35,1.982,-22.08,-1.73,0.03,0.028,-2.1274,12.22,159369.55,7.72,91.11,-5.66,-0,-1,147.54,131.33,151.57,24.97,Cornering,"Hoosier 43075 16x7.5-10 R20, 7 inch rim",11073
78.22,526.339,-4.26,329,-156.35,1.998,-22.32,-2.2,-0.04,0.0272,-2.1042,12.17,-99050.2,7.72,91.09,-5.625,-0,-1.0001,147.41,131.15,151.43,24.96,Cornering,"Hoosier 43075 16x7.5-10 R20, 7 inch rim",11074
78.25,526.349,-4.24,329.65,-157.14,1.993,-22.41,-3.8,0.09,0.027,-2.0979,12.08,44147.68,7.72,91.12,-5.584,-0,-0.9998,147.35,131.04,151.29,24.96,Cornering,"Hoosier 43075 16x7.5-10 R20, 7 inch rim",11075
78.27,526.359,-3.04,328.39,-157.39,2.004,-23.06,-4.52,-0.04,0.0193,-2.0865,12,-99019.09,7.72,91.15,-5.534,-0,-1.0001,147.2,130.95,151.07,24.95,Cornering,"Hoosier 43075 16x7.5-10 R20, 7 inch rim",11076
78.23,526.369,-2.03,326.22,-156.62,1.998,-22.87,-5.53,-0.04,0.013,-2.0828,11.97,-99024.84,7.72,91.18,-5.498,-0,-1.0001,147.07,131.02,150.87,24.95,Cornering,"Hoosier 43075 16x7.5-10 R20, 7 inch rim",11077
78.24,526.379,-1.07,323.43,-155.22,1.986,-21.97,-5.83,0.09,0.0069,-2.0837,11.97,44166.36,7.72,91.24,-5.466,-0,-0.9998,146.96,131.13,150.73,24.96,Cornering,"Hoosier 43075 16x7.5-10 R20, 7 inch rim",11078
78.27,526.389,-1.23,320.71,-153.32,1.996,-22.23,-6.3,-0.04,0.008,-2.0917,12.07,-99083.14,7.72,91.28,-5.42,-0,-1.0001,146.83,131.22,150.6,24.96,Cornering,"Hoosier 43075 16x7.5-10 R20, 7 inch rim",11079
78.26,526.399,-1.37,319.14,-151.85,1.986,-21.89,-5.81,-0.04,0.009,-2.1017,12.14,-99019.73,7.72,91.29,-5.385,-0,-1.0001,146.73,131.39,150.54,24.94,Cornering,"Hoosier 43075 16x7.5-10 R20, 7 inch rim",11080
78.24,526.409,-2.26,318.65,-151.49,1.996,-21.12,-5.21,-0.04,0.0149,-2.1035,12.17,-98981.3,7.72,91.3,-5.336,-0,-1.0001,146.83,131.59,150.56,24.93,Cornering,"Hoosier 43075 16x7.5-10 R20, 7 inch rim",11081
78.26,526.419,-3.65,318.35,-151.33,1.987,-21.41,-5.03,-0.04,0.0241,-2.1036,12.16,-99010.73,7.72,91.33,-5.294,-0,-1.0001,146.9,131.72,150.56,24.94,Cornering,"Hoosier 43075 16x7.5-10 R20, 7 inch rim",11082
78.28,526.429,-5.27,319.1,-151.81,2.001,-21.75,-5.36,0.03,0.0347,-2.1019,12.11,159212.55,7.72,91.35,-5.26,-0,-1,146.88,131.81,150.48,24.93,Cornering,"Hoosier 43075 16x7.5-10 R20, 7 inch rim",11083
78.25,526.439,-6.01,319.75,-153.01,1.999,-22.19,-5.33,0.03,0.0393,-2.0897,12,159333.78,7.72,91.34,-5.219,-0,-1,146.79,131.72,150.4,24.94,Cornering,"Hoosier 43075 16x7.5-10 R20, 7 inch rim",11084
78.24,526.449,-6.45,320.13,-155.32,1.996,-22.54,-5.88,-0.04,0.0415,-2.0611,11.95,-99119.99,7.72,91.38,-5.181,-0,-1.0001,146.64,131.61,150.32,24.96,Cornering,"Hoosier 43075 16x7.5-10 R20, 7 inch rim",11085
78.27,526.459,-5.7,320.27,-156.51,2.012,-23.87,-6,0.03,0.0364,-2.0463,11.94,159426.19,7.72,91.39,-5.143,-0,-1,146.56,131.46,150.16,24.96,Cornering,"Hoosier 43075 16x7.5-10 R20, 7 inch rim",11086
78.27,526.469,-4.52,319.87,-157.36,1.998,-23.87,-6.53,-0.04,0.0287,-2.0327,12,-99084.87,7.72,91.43,-5.108,-0,-1.0001,146.45,131.37,150,24.95,Cornering,"Hoosier 43075 16x7.5-10 R20, 7 inch rim",11087
78.24,526.479,-3.12,318.18,-157.26,1.993,-22.93,-6.93,0.09,0.0199,-2.0232,12.08,44183.45,7.72,91.48,-5.065,-0,-0.9998,146.3,131.37,149.86,24.96,Cornering,"Hoosier 43075 16x7.5-10 R20, 7 inch rim",11088
78.27,526.489,-1.87,315.53,-155.97,1.989,-21.8,-7.14,0.03,0.012,-2.0229,12.16,159376.97,7.73,91.52,-5.038,-0,-1,146.15,131.46,149.72,24.94,Cornering,"Hoosier 43075 16x7.5-10 R20, 7 inch rim",11089
78.29,526.499,-1.01,312.8,-153.33,1.995,-21.99,-6.77,0.03,0.0066,-2.0401,12.17,159498.47,7.72,91.54,-4.994,-0,-1,146.04,131.55,149.59,24.96,Cornering,"Hoosier 43075 16x7.5-10 R20, 7 inch rim",11090
78.26,526.509,-0.77,310.89,-152.06,2.002,-20.87,-6.12,0.03,0.0051,-2.0446,12.11,159510.73,7.72,91.56,-4.941,-0,-1,145.93,131.68,149.51,24.96,Cornering,"Hoosier 43075 16x7.5-10 R20, 7 inch rim",11091
78.25,526.519,-1.56,309.96,-150.79,1.989,-20.83,-5.58,0.03,0.0103,-2.0556,12.02,159478.64,7.73,91.55,-4.919,-0,-1,145.89,131.88,149.47,24.96,Cornering,"Hoosier 43075 16x7.5-10 R20, 7 inch rim",11092
78.29,526.529,-2.2,309.33,-151.11,1.993,-20.49,-4.56,0.03,0.0146,-2.0471,11.95,159562.2,7.73,91.53,-4.878,-0,-1,145.98,132.03,149.49,24.97,Cornering,"Hoosier 43075 16x7.5-10 R20, 7 inch rim",11093
78.28,526.539,-2.98,309.14,-151.05,2.002,-21.63,-3.77,-0.04,0.0197,-2.0466,11.94,-99170.73,7.72,91.51,-4.832,-0,-1.0001,146,132.14,149.53,24.96,Cornering,"Hoosier 43075 16x7.5-10 R20, 7 inch rim",11094
78.26,526.549,-3.87,308.9,-153.03,1.996,-21.91,-3.58,-0.04,0.0253,-2.0186,11.99,-99153.09,7.72,91.49,-4.793,-0,-1.0001,146,132.14,149.45,24.96,Cornering,"Hoosier 43075 16x7.5-10 R20, 7 inch rim",11095
78.27,526.559,-3.92,309.42,-154.68,1.987,-22.46,-3.55,-0.04,0.0253,-2.0004,12.08,-99204.9,7.73,91.51,-4.752,-0,-1.0001,145.89,131.99,149.35,24.97,Cornering,"Hoosier 43075 16x7.5-10 R20, 7 inch rim",11096
78.3,526.569,-3.88,309.46,-156.68,1.995,-22.88,-4.26,0.03,0.0248,-1.9751,12.16,159563.2,7.73,91.5,-4.707,-0,-1,145.78,131.9,149.23,24.96,Cornering,"Hoosier 43075 16x7.5-10 R20, 7 inch rim",11097
78.27,526.579,-3.29,309.18,-157.36,1.99,-23.24,-5.4,0.03,0.0209,-1.9647,12.17,159681.56,7.73,91.48,-4.674,-0,-1,145.72,131.79,149.05,24.98,Cornering,"Hoosier 43075 16x7.5-10 R20, 7 inch rim",11098
78.26,526.589,-2.3,307.95,-157.69,1.995,-22.4,-6.4,0.03,0.0146,-1.9528,12.12,159726.98,7.73,91.46,-4.636,-0,-1,145.59,131.7,148.89,24.98,Cornering,"Hoosier 43075 16x7.5-10 R20, 7 inch rim",11099
78.29,526.599,-1.67,305.74,-156.21,1.995,-21.86,-7.46,-0.11,0.0107,-1.9573,12.03,-37866.81,7.73,91.42,-4.593,-0,-1.0002,145.42,131.75,148.77,24.98,Cornering,"Hoosier 43075 16x7.5-10 R20, 7 inch rim",11100
78.3,526.609,-1.33,303.34,-153.78,2.001,-21.85,-7.94,-0.04,0.0087,-1.9726,11.95,-99254.91,7.72,91.44,-4.551,-0,-1.0001,145.27,131.86,148.7,24.97,Cornering,"Hoosier 43075 16x7.5-10 R20, 7 inch rim",11101
78.27,526.619,-1.23,301.29,-152.02,1.995,-20.77,-7.78,0.09,0.0081,-1.982,11.95,44269.04,7.73,91.44,-4.511,-0,-0.9998,145.14,131.97,148.64,24.98,Cornering,"Hoosier 43075 16x7.5-10 R20, 7 inch rim",11102
78.27,526.629,-1.82,299.55,-151.16,2.001,-20.48,-7.12,-0.11,0.012,-1.9817,12,-37899.82,7.72,91.45,-4.46,-0,-1.0002,145.14,132.16,148.62,25,Cornering,"Hoosier 43075 16x7.5-10 R20, 7 inch rim",11103
78.3,526.639,-3.1,298.45,-150.42,1.995,-20.61,-6.89,0.09,0.0206,-1.9842,12.08,44325.09,7.73,91.45,-4.43,-0,-0.9998,145.29,132.32,148.62,25.01,Cornering,"Hoosier 43075 16x7.5-10 R20, 7 inch rim",11104
78.28,526.649,-4.61,297.05,-150.59,1.993,-21.71,-6.89,0.09,0.0306,-1.9726,12.19,44338.05,7.73,91.47,-4.382,-0,-0.9998,145.35,132.41,148.68,25.02,Cornering,"Hoosier 43075 16x7.5-10 R20, 7 inch rim",11105
78.26,526.659,-5.65,296.46,-151.96,1.995,-21.58,-6.81,0.03,0.0372,-1.9509,12.22,159972.72,7.73,91.45,-4.347,-0,-1,145.33,132.38,148.62,25.01,Cornering,"Hoosier 43075 16x7.5-10 R20, 7 inch rim",11106
78.29,526.669,-5.97,296.03,-153.4,1.996,-22.33,-6.78,0.03,0.0389,-1.9297,12.19,160056.64,7.73,91.45,-4.298,-0,-1,145.27,132.3,148.56,25.03,Cornering,"Hoosier 43075 16x7.5-10 R20, 7 inch rim",11107
78.31,526.679,-5.72,296.08,-155.1,1.993,-22.83,-6.96,0.03,0.0369,-1.9089,12.11,160136.19,7.73,91.47,-4.271,-0,-1,145.12,132.16,148.44,25.04,Cornering,"Hoosier 43075 16x7.5-10 R20, 7 inch rim",11108
78.27,526.689,-5.04,296.09,-156.32,2.001,-23.22,-7.74,-0.04,0.0322,-1.8941,12.03,-99573.14,7.73,91.47,-4.222,-0,-1.0001,145.01,132.03,148.24,25.04,Cornering,"Hoosier 43075 16x7.5-10 R20, 7 inch rim",11109
78.27,526.699,-3.51,295.69,-157.24,1.992,-22.07,-8.05,0.09,0.0223,-1.8805,11.97,44369.18,7.73,91.49,-4.19,-0,-0.9998,144.9,131.94,148.1,25.03,Cornering,"Hoosier 43075 16x7.5-10 R20, 7 inch rim",11110
78.3,526.709,-2.33,294.13,-156.09,1.986,-21.42,-8.72,-0.04,0.0149,-1.8843,12,-99511.45,7.73,91.46,-4.16,-0,-1.0001,144.75,131.97,147.92,25.03,Cornering,"Hoosier 43075 16x7.5-10 R20, 7 inch rim",11111
78.29,526.719,-0.91,291.74,-154.21,1.99,-21.21,-8.24,0.03,0.0059,-1.8919,12.05,160055.62,7.73,91.44,-4.113,-0,-1,144.6,132.05,147.82,25.02,Cornering,"Hoosier 43075 16x7.5-10 R20, 7 inch rim",11112
78.26,526.729,-0.52,289.19,-152.45,2.004,-20.36,-7.96,-0.04,0.0034,-1.8969,12.14,-99383.51,7.73,91.43,-4.073,-0,-1.0001,144.45,132.14,147.67,24.99,Cornering,"Hoosier 43075 16x7.5-10 R20, 7 inch rim",11113
78.29,526.739,-0.82,286.69,-151.36,1.998,-20.05,-7.26,0.09,0.0054,-1.8941,12.19,44305.65,7.73,91.41,-4.032,-0,-0.9998,144.39,132.25,147.63,24.99,Cornering,"Hoosier 43075 16x7.5-10 R20, 7 inch rim",11114
78.31,526.749,-1.35,284.97,-150.69,1.992,-20.2,-6.23,0.09,0.009,-1.8912,12.19,44287.45,7.73,91.39,-3.986,-0,-0.9998,144.43,132.43,147.63,24.98,Cornering,"Hoosier 43075 16x7.5-10 R20, 7 inch rim",11115
78.28,526.759,-2.89,283.41,-150.72,1.99,-20.9,-5.83,-0.04,0.0192,-1.8804,12.11,-99305.16,7.73,91.43,-3.953,-0,-1.0001,144.54,132.54,147.61,24.97,Cornering,"Hoosier 43075 16x7.5-10 R20, 7 inch rim",11116
78.28,526.769,-4.15,282.61,-151.54,2.006,-21.46,-5.62,0.09,0.0274,-1.865,12.04,44271.09,7.73,91.43,-3.903,-0,-0.9998,144.62,132.63,147.57,24.97,Cornering,"Hoosier 43075 16x7.5-10 R20, 7 inch rim",11117
78.31,526.779,-4.72,281.89,-153.11,1.999,-21.96,-5.47,0.03,0.0309,-1.8412,11.95,159656.02,7.73,91.47,-3.867,-0,-1,144.5,132.6,147.51,24.95,Cornering,"Hoosier 43075 16x7.5-10 R20, 7 inch rim",11118
78.3,526.789,-4.95,282.14,-155.02,1.982,-22.02,-5.81,0.09,0.0319,-1.82,11.97,44212.81,7.73,91.52,-3.834,-0,-0.9998,144.47,132.45,147.39,24.93,Cornering,"Hoosier 43075 16x7.5-10 R20, 7 inch rim",11119
78.27,526.799,-4.46,281.7,-156.44,1.986,-22.67,-6.33,0.09,0.0285,-1.8007,12,44204.48,7.73,91.57,-3.794,-0,-0.9998,144.32,132.3,147.25,24.93,Cornering,"Hoosier 43075 16x7.5-10 R20, 7 inch rim",11120
78.29,526.809,-3.49,281.08,-157.28,1.999,-22.06,-7,0.03,0.0222,-1.7872,12.09,159567.28,7.73,91.62,-3.738,-0,-1,144.26,132.21,147.13,24.93,Cornering,"Hoosier 43075 16x7.5-10 R20, 7 inch rim",11121
78.31,526.819,-2.59,279.71,-156.68,1.986,-21.75,-8.07,0.09,0.0165,-1.7853,12.15,44229.21,7.73,91.64,-3.706,-0,-0.9998,144.05,132.21,146.97,24.94,Cornering,"Hoosier 43075 16x7.5-10 R20, 7 inch rim",11122
78.29,526.829,-1.91,277.15,-155.2,2.002,-21.21,-8.64,0.09,0.0123,-1.7858,12.17,44272.75,7.73,91.63,-3.655,-0,-0.9998,143.94,132.25,146.83,24.96,Cornering,"Hoosier 43075 16x7.5-10 R20, 7 inch rim",11123
78.28,526.839,-1.55,274.61,-152.87,2.002,-20.76,-8.6,0.03,0.0101,-1.7963,12.11,159809.47,7.73,91.63,-3.622,-0,-1,143.81,132.36,146.64,24.97,Cornering,"Hoosier 43075 16x7.5-10 R20, 7 inch rim",11124
78.31,526.849,-1.58,271.79,-151.64,1.999,-20.24,-8.05,0.03,0.0104,-1.7924,12.04,159852.97,7.73,91.62,-3.583,-0,-1,143.72,132.49,146.52,24.97,Cornering,"Hoosier 43075 16x7.5-10 R20, 7 inch rim",11125
78.3,526.859,-2.66,269.75,-150.69,1.996,-20.37,-7.74,0.09,0.0176,-1.7901,11.97,44308.25,7.73,91.61,-3.553,-0,-0.9998,143.72,132.74,146.46,24.98,Cornering,"Hoosier 43075 16x7.5-10 R20, 7 inch rim",11126
78.28,526.869,-3.88,267.59,-150.94,1.993,-20.76,-7.05,0.09,0.0257,-1.7728,11.96,44290.19,7.73,91.58,-3.497,-0,-0.9998,143.81,132.89,146.46,24.97,Cornering,"Hoosier 43075 16x7.5-10 R20, 7 inch rim",11127
78.29,526.879,-5.3,266.19,-151.28,1.996,-21.04,-6.71,0.09,0.035,-1.7596,12.01,44291.71,7.73,91.59,-3.463,-0,-0.9998,143.83,132.93,146.46,24.97,Cornering,"Hoosier 43075 16x7.5-10 R20, 7 inch rim",11128
78.31,526.889,-6.17,265.01,-153.31,1.992,-20.79,-6.5,0.03,0.0403,-1.7286,12.1,159878.5,7.73,91.53,-3.424,-0,-1,143.79,132.87,146.42,24.97,Cornering,"Hoosier 43075 16x7.5-10 R20, 7 inch rim",11129
78.29,526.899,-6.36,264.4,-154.62,1.999,-21.28,-6.52,0.03,0.0411,-1.71,12.15,159996.08,7.73,91.48,-3.384,-0,-1,143.68,132.74,146.32,24.99,Cornering,"Hoosier 43075 16x7.5-10 R20, 7 inch rim",11130
78.27,526.909,-5.76,263.85,-156.67,1.995,-21.2,-6.51,-0.04,0.0368,-1.6841,12.16,-99506.45,7.73,91.44,-3.35,-0,-1.0001,143.62,132.58,146.22,25,Cornering,"Hoosier 43075 16x7.5-10 R20, 7 inch rim",11131
78.3,526.919,-4.7,263.1,-157.81,2.002,-21.04,-6.88,0.09,0.0298,-1.6672,12.11,44349.77,7.73,91.39,-3.308,-0,-0.9998,143.55,132.52,146.08,25,Cornering,"Hoosier 43075 16x7.5-10 R20, 7 inch rim",11132
78.31,526.929,-3.31,261.53,-157,1.996,-21.85,-7.3,0.23,0.0211,-1.6658,12.03,18121.27,7.73,91.37,-3.265,-0,-0.9996,143.47,132.47,145.92,24.98,Cornering,"Hoosier 43075 16x7.5-10 R20, 7 inch rim",11133
78.29,526.939,-2.25,259.18,-155.86,1.998,-21.3,-7.85,0.03,0.0144,-1.6628,11.95,159870.16,7.73,91.36,-3.235,-0,-1,143.27,132.56,145.75,24.97,Cornering,"Hoosier 43075 16x7.5-10 R20, 7 inch rim",11134
78.29,526.949,-1.51,256.34,-154.59,2.005,-19.97,-7.71,0.03,0.0098,-1.6582,11.95,159839.75,7.73,91.35,-3.19,-0,-1,143.12,132.63,145.65,24.96,Cornering,"Hoosier 43075 16x7.5-10 R20, 7 inch rim",11135
78.31,526.959,-1.16,253.34,-152.28,1.998,-20.67,-7.09,0.03,0.0076,-1.6636,11.99,159769.44,7.73,91.36,-3.162,-0,-1,142.99,132.78,145.51,24.95,Cornering,"Hoosier 43075 16x7.5-10 R20, 7 inch rim",11136
78.3,526.969,-1.62,250.99,-151.16,1.995,-20.28,-6.21,0.09,0.0107,-1.6605,12.06,44285.9,7.73,91.41,-3.108,-0,-0.9998,142.95,132.91,145.45,24.96,Cornering,"Hoosier 43075 16x7.5-10 R20, 7 inch rim",11137
78.27,526.979,-2.77,248.93,-150.54,2.004,-20.5,-5.67,0.03,0.0184,-1.6536,12.13,159819.34,7.73,91.44,-3.072,-0,-1,143.06,133.09,145.47,24.96,Cornering,"Hoosier 43075 16x7.5-10 R20, 7 inch rim",11138
78.3,526.989,-4.46,247.24,-151.23,2.005,-20.06,-5.38,0.03,0.0295,-1.6349,12.13,159752.42,7.73,91.43,-3.019,-0,-1,143.06,133.18,145.51,24.94,Cornering,"Hoosier 43075 16x7.5-10 R20, 7 inch rim",11139
78.31,526.999,-5.37,245.73,-152.34,1.998,-20.2,-4.76,0.09,0.0353,-1.613,12.09,44270.04,7.73,91.43,-2.985,-0,-0.9998,143.08,133.22,145.51,24.94,Cornering,"Hoosier 43075 16x7.5-10 R20, 7 inch rim",11140
78.29,527.009,-6.19,244.2,-153.52,1.999,-21.57,-4.73,0.09,0.0403,-1.5907,12.01,44271.11,7.73,91.41,-2.956,-0,-0.9998,142.91,133.16,145.45,24.94,Cornering,"Hoosier 43075 16x7.5-10 R20, 7 inch rim",11141
78.29,527.019,-5.96,243.64,-156.26,2.005,-20.69,-4.76,0.03,0.0382,-1.5592,11.95,159878.41,7.73,91.4,-2.91,-0,-1,142.87,133.09,145.37,24.96,Cornering,"Hoosier 43075 16x7.5-10 R20, 7 inch rim",11142
78.31,527.029,-5.28,242.32,-157.86,1.993,-20.72,-5.27,0.09,0.0334,-1.535,11.92,44325.17,7.74,91.38,-2.885,-0,-0.9998,142.78,132.96,145.31,24.97,Cornering,"Hoosier 43075 16x7.5-10 R20, 7 inch rim",11143
78.3,527.039,-4.41,240.48,-158.2,1.989,-20.96,-6.22,0.03,0.0279,-1.5201,11.97,159999.83,7.74,91.35,-2.833,-0,-1,142.69,132.87,145.13,24.98,Cornering,"Hoosier 43075 16x7.5-10 R20, 7 inch rim",11144
78.27,527.049,-3.17,238.28,-157.3,1.993,-20.54,-6.41,0.03,0.0202,-1.5148,12.07,160005.28,7.74,91.33,-2.79,-0,-1,142.54,132.89,144.97,24.98,Cornering,"Hoosier 43075 16x7.5-10 R20, 7 inch rim",11145
78.3,527.059,-2.2,234.97,-155.48,1.996,-20.43,-6.65,-0.04,0.0141,-1.5112,12.16,-99465.64,7.74,91.29,-2.753,-0,-1.0001,142.39,132.98,144.8,24.98,Cornering,"Hoosier 43075 16x7.5-10 R20, 7 inch rim",11146
78.32,527.069,-1.91,232.43,-153.1,1.993,-19.76,-6.42,0.09,0.0124,-1.5181,12.16,44382.48,7.73,91.29,-2.717,-0,-0.9998,142.2,133.07,144.64,25,Cornering,"Hoosier 43075 16x7.5-10 R20, 7 inch rim",11147
78.29,527.079,-2.16,229.91,-151.85,1.998,-19.09,-5.79,0.09,0.0142,-1.5141,12.14,44404.6,7.74,91.29,-2.671,-0,-0.9998,142.24,133.22,144.52,25.01,Cornering,"Hoosier 43075 16x7.5-10 R20, 7 inch rim",11148
78.29,527.089,-3.25,228.04,-151.14,1.993,-18.45,-5.16,-0.11,0.0215,-1.5088,12.03,-38023.36,7.74,91.29,-2.627,-0,-1.0002,142.22,133.44,144.5,25.03,Cornering,"Hoosier 43075 16x7.5-10 R20, 7 inch rim",11149
78.31,527.099,-4.84,225.82,-150.91,2.006,-18.92,-4.81,-0.11,0.0321,-1.4964,11.94,-37997.98,7.73,91.29,-2.59,-0,-1.0002,142.29,133.57,144.5,25.01,Cornering,"Hoosier 43075 16x7.5-10 R20, 7 inch rim",11150
78.32,527.109,-5.88,223.83,-151.53,1.999,-19.8,-4.11,-0.04,0.0388,-1.4771,11.9,-99503.58,7.74,91.29,-2.552,-0,-1.0001,142.31,133.57,144.52,24.98,Cornering,"Hoosier 43075 16x7.5-10 R20, 7 inch rim",11151
78.28,527.119,-6.57,221.86,-153.43,1.996,-20.43,-3.84,-0.04,0.0428,-1.446,11.9,-99437.05,7.74,91.28,-2.514,-0,-1.0001,142.24,133.46,144.52,24.97,Cornering,"Hoosier 43075 16x7.5-10 R20, 7 inch rim",11152
78.3,527.129,-6.52,219.73,-155.8,2.004,-20.84,-3.58,0.03,0.0419,-1.4104,11.99,160042.84,7.74,91.26,-2.472,-0,-1,142.16,133.35,144.4,24.98,Cornering,"Hoosier 43075 16x7.5-10 R20, 7 inch rim",11153
78.32,527.139,-6.06,218.25,-157.57,1.995,-21.1,-4.02,-0.04,0.0384,-1.3851,12.09,-99580.97,7.74,91.28,-2.435,-0,-1.0001,142.09,133.11,144.28,25,Cornering,"Hoosier 43075 16x7.5-10 R20, 7 inch rim",11154
78.3,527.149,-5.2,216.13,-158.22,1.983,-21.05,-4.68,-0.04,0.0329,-1.3661,12.16,-99606.64,7.74,91.22,-2.396,-0,-1.0001,141.94,133,144.16,25.01,Cornering,"Hoosier 43075 16x7.5-10 R20, 7 inch rim",11155
78.28,527.159,-3.73,213.62,-158.09,1.996,-20.3,-4.89,0.09,0.0236,-1.3512,12.17,44435.05,7.74,91.22,-2.355,-0,-0.9998,141.86,132.93,143.98,25.03,Cornering,"Hoosier 43075 16x7.5-10 R20, 7 inch rim",11156
78.31,527.169,-2.61,211.08,-155.96,1.998,-19.83,-5,-0.04,0.0167,-1.3534,12.09,-99635.05,7.74,91.22,-2.315,-0,-1.0001,141.77,132.98,143.79,25.01,Cornering,"Hoosier 43075 16x7.5-10 R20, 7 inch rim",11157
78.31,527.179,-1.87,208.13,-154.37,1.989,-18.57,-4.6,-0.04,0.0121,-1.3482,12,-99591.68,7.74,91.24,-2.27,-0,-1.0001,141.62,133.02,143.65,25,Cornering,"Hoosier 43075 16x7.5-10 R20, 7 inch rim",11158
78.28,527.189,-2.06,205.77,-152.49,1.982,-18.1,-4.19,-0.04,0.0135,-1.3494,11.92,-99478.38,7.74,91.26,-2.236,-0,-1.0001,141.47,133.09,143.53,24.97,Cornering,"Hoosier 43075 16x7.5-10 R20, 7 inch rim",11159
78.3,527.199,-2.93,203.33,-150.84,2.004,-18.62,-3.22,0.03,0.0194,-1.348,11.89,159961.3,7.74,91.24,-2.183,-0,-1,141.51,133.35,143.45,24.96,Cornering,"Hoosier 43075 16x7.5-10 R20, 7 inch rim",11160
78.32,527.209,-4.09,200.71,-150.64,1.992,-18.96,-2.43,0.09,0.0271,-1.3323,11.95,44327.54,7.74,91.2,-2.149,-0,-0.9998,141.56,133.44,143.41,24.96,Cornering,"Hoosier 43075 16x7.5-10 R20, 7 inch rim",11161
78.3,527.219,-5.86,198.25,-151.22,1.987,-19.39,-2.19,0.09,0.0388,-1.311,12.04,44318.06,7.74,91.19,-2.117,-0,-0.9998,141.58,133.53,143.41,24.96,Cornering,"Hoosier 43075 16x7.5-10 R20, 7 inch rim",11162
78.28,527.229,-6.67,195.64,-152.93,1.989,-19.85,-1.49,0.09,0.0436,-1.2793,12.15,44319.16,7.74,91.18,-2.074,-0,-0.9998,141.6,133.55,143.39,24.96,Cornering,"Hoosier 43075 16x7.5-10 R20, 7 inch rim",11163
78.31,527.239,-7.59,193.54,-155.67,1.995,-19.39,-1.97,0.03,0.0487,-1.2433,12.19,159901.31,7.74,91.22,-2.028,-0,-1,141.51,133.49,143.33,24.95,Cornering,"Hoosier 43075 16x7.5-10 R20, 7 inch rim",11164
78.32,527.249,-7.35,191.52,-157.16,2.006,-20.19,-1.96,0.03,0.0468,-1.2187,12.19,159905.94,7.74,91.2,-1.975,-0,-1,141.51,133.38,143.33,24.95,Cornering,"Hoosier 43075 16x7.5-10 R20, 7 inch rim",11165
78.29,527.259,-6.58,189.11,-158.69,1.998,-20.11,-2.63,0.03,0.0415,-1.1917,12.11,159945.78,7.74,91.17,-1.944,-0,-1,141.47,133.31,143.23,24.96,Cornering,"Hoosier 43075 16x7.5-10 R20, 7 inch rim",11166
78.29,527.269,-5.53,186.77,-158.24,1.998,-19.99,-3.19,-0.04,0.0349,-1.1803,11.99,-99428.28,7.74,91.19,-1.895,-0,-1.0001,141.39,133.22,143.15,24.96,Cornering,"Hoosier 43075 16x7.5-10 R20, 7 inch rim",11167
78.32,527.279,-4.03,184.08,-156.7,2.004,-19.74,-3.21,0.09,0.0257,-1.1747,11.92,44344.78,7.74,91.25,-1.862,-0,-0.9998,141.28,133.29,143.01,24.97,Cornering,"Hoosier 43075 16x7.5-10 R20, 7 inch rim",11168
78.31,527.289,-3.04,181.25,-154.67,1.999,-19.02,-2.94,0.16,0.0196,-1.1718,11.93,25751.1,7.74,91.23,-1.818,-0,-0.9997,141.06,133.35,142.91,24.98,Cornering,"Hoosier 43075 16x7.5-10 R20, 7 inch rim",11169
78.28,527.299,-2.74,178.27,-153.35,2.004,-17.61,-2.39,-0.04,0.0179,-1.1625,11.97,-99572.56,7.74,91.23,-1.779,-0,-1.0001,140.87,133.46,142.74,24.99,Cornering,"Hoosier 43075 16x7.5-10 R20, 7 inch rim",11170
78.3,527.309,-3.75,175.42,-151.33,1.999,-17.92,-1.94,0.03,0.0248,-1.1592,12.06,160222.23,7.74,91.17,-1.738,-0,-1,140.83,133.6,142.68,25,Cornering,"Hoosier 43075 16x7.5-10 R20, 7 inch rim",11171
78.32,527.319,-4.9,172.64,-151.45,1.996,-17.47,-1.11,0.03,0.0324,-1.1399,12.14,160262.88,7.74,91.15,-1.69,-0,-1,140.81,133.77,142.62,25,Cornering,"Hoosier 43075 16x7.5-10 R20, 7 inch rim",11172
78.29,527.329,-6.46,170.01,-151.29,1.987,-18.09,-0.62,-0.04,0.0427,-1.1237,12.2,-99693.12,7.74,91.14,-1.669,-0,-1.0001,140.85,133.84,142.64,25.02,Cornering,"Hoosier 43075 16x7.5-10 R20, 7 inch rim",11173
78.28,527.339,-7.39,166.92,-152.04,1.989,-19.01,0.16,0.09,0.0486,-1.0978,12.19,44442.54,7.74,91.14,-1.616,-0,-0.9998,140.85,133.86,142.62,25.02,Cornering,"Hoosier 43075 16x7.5-10 R20, 7 inch rim",11174
78.33,527.349,-8.19,164.3,-154.23,2.004,-19.27,0.27,0.03,0.0531,-1.0653,12.09,160308.19,7.74,91.16,-1.573,-0,-1,140.81,133.77,142.6,25.01,Cornering,"Hoosier 43075 16x7.5-10 R20, 7 inch rim",11175
78.31,527.359,-7.85,161.62,-156.85,1.986,-19.1,0.51,0.03,0.0501,-1.0304,12.01,160235.86,7.75,91.18,-1.543,-0,-1,140.72,133.66,142.52,25,Cornering,"Hoosier 43075 16x7.5-10 R20, 7 inch rim",11176
78.28,527.369,-7.03,159.29,-157.86,1.999,-19.64,0.35,0.03,0.0446,-1.0091,11.94,160200.81,7.74,91.22,-1.51,-0,-1,140.7,133.55,142.44,24.99,Cornering,"Hoosier 43075 16x7.5-10 R20, 7 inch rim",11177
78.3,527.379,-5.7,156.56,-158.77,1.989,-18.87,0.13,-0.04,0.0359,-0.9861,11.93,-99609.66,7.74,91.24,-1.451,-0,-1.0001,140.61,133.46,142.36,25,Cornering,"Hoosier 43075 16x7.5-10 R20, 7 inch rim",11178
78.32,527.389,-5.09,153.6,-157.85,1.987,-18.04,-0.83,0.03,0.0323,-0.973,11.98,160355.16,7.75,91.27,-1.417,-0,-1,140.48,133.4,142.18,25.01,Cornering,"Hoosier 43075 16x7.5-10 R20, 7 inch rim",11179
78.3,527.399,-4.03,150.11,-155.81,1.996,-18.06,-0.71,0.16,0.0259,-0.9634,12.08,25809.69,7.74,91.3,-1.377,-0,-0.9997,140.38,133.46,142.06,25.03,Cornering,"Hoosier 43075 16x7.5-10 R20, 7 inch rim",11180
78.29,527.409,-3.24,147.14,-153.71,1.985,-17.09,0.11,0.03,0.0211,-0.9573,12.14,160507.95,7.75,91.32,-1.344,-0,-1,140.23,133.53,141.91,25.04,Cornering,"Hoosier 43075 16x7.5-10 R20, 7 inch rim",11181
78.32,527.419,-3.77,143.79,-151.52,1.995,-17.36,0.72,0.03,0.0249,-0.9489,12.17,160324.81,7.75,91.35,-1.295,-0,-1,140.18,133.64,141.85,25.01,Cornering,"Hoosier 43075 16x7.5-10 R20, 7 inch rim",11182
78.3,527.429,-5.09,140.29,-149.91,2.004,-18.62,1.25,0.03,0.034,-0.9358,12.11,160177.97,7.74,91.37,-1.261,-0,-1,140.23,133.84,141.77,24.98,Cornering,"Hoosier 43075 16x7.5-10 R20, 7 inch rim",11183
