AmbientRoomTemperature,ElapsedTime,LongitudinalForce,LateralForce,NormalForce,InclinationAngle,OverturningMoment,AligningTorque,WheelRotationalSpeed,NormalizedLongitudinalForce(FX/FZ),NormalizedLateralForce(FY/FZ),TirePressure,EffectiveRadius,LoadedRadius,RoadSurfaceTemperature,SlipAngle,SlipRatioTextbook,SlipRatioBasedOnRL,TireSurfaceTemperature-Center,TireSurfaceTemperature-Inboard,TireSurfaceTemperature-Outboard,RoadSpeed,testid,tireid,Index
78.23,481.58,-11.71,-29.68,-203.12,1.996,-12.37,23.86,0.09,0.0577,0.1461,11.95,44297.84,7.67,91.54,0.485,-0,-0.9998,119.56,121.18,119.22,24.93,Cornering,"Hoosier 43075 16x7.5-10 R20, 7 inch rim",8733
78.23,481.59,-12.34,-36.13,-204.69,1.979,-13.57,24.14,0.09,0.0603,0.1765,12.03,44286.98,7.67,91.55,0.539,-0,-0.9998,119.54,121.09,119.24,24.93,Cornering,"Hoosier 43075 16x7.5-10 R20, 7 inch rim",8734
78.27,481.6,-12.09,-42.77,-207.56,2.004,-13.9,24.69,0.09,0.0582,0.2061,12.11,44307.09,7.67,91.56,0.584,-0,-0.9998,119.56,121.03,119.24,24.94,Cornering,"Hoosier 43075 16x7.5-10 R20, 7 inch rim",8735
78.25,481.61,-11.29,-49.06,-209.52,1.993,-14.05,24.7,-0.04,0.0539,0.2342,12.17,-99413.65,7.67,91.6,0.624,-0,-1.0001,119.59,121.07,119.2,24.94,Cornering,"Hoosier 43075 16x7.5-10 R20, 7 inch rim",8736
78.24,481.62,-10.19,-55.25,-210.06,1.998,-13.81,24.21,0.03,0.0485,0.263,12.18,159997.84,7.67,91.64,0.687,-0,-1,119.59,121,119.16,24.96,Cornering,"Hoosier 43075 16x7.5-10 R20, 7 inch rim",8737
78.26,481.63,-8.63,-60.26,-208.48,1.999,-13.47,24.12,0.09,0.0414,0.289,12.09,44398.23,7.67,91.65,0.711,-0,-0.9998,119.59,120.96,119.12,24.99,Cornering,"Hoosier 43075 16x7.5-10 R20, 7 inch rim",8738
78.27,481.64,-7.96,-65.27,-206.43,1.998,-12.81,23.41,0.09,0.0386,0.3162,12,44397.64,7.67,91.68,0.756,-0,-0.9998,119.52,120.98,119.1,24.99,Cornering,"Hoosier 43075 16x7.5-10 R20, 7 inch rim",8739
78.24,481.65,-8.11,-69.36,-203.76,1.99,-12.18,22.92,0.23,0.0398,0.3404,11.94,18139.9,7.67,91.69,0.791,-0,-0.9996,119.48,120.98,119.02,24.97,Cornering,"Hoosier 43075 16x7.5-10 R20, 7 inch rim",8740
78.25,481.66,-9,-72.99,-201.5,1.993,-11.35,23.12,0.03,0.0447,0.3622,11.92,160064.69,7.67,91.65,0.839,-0,-1,119.44,121,118.94,24.97,Cornering,"Hoosier 43075 16x7.5-10 R20, 7 inch rim",8741
78.27,481.67,-9.72,-77.5,-201.11,1.992,-10.22,24.6,0.09,0.0483,0.3853,11.98,44334.19,7.67,91.64,0.872,-0,-0.9998,119.48,120.98,118.92,24.96,Cornering,"Hoosier 43075 16x7.5-10 R20, 7 inch rim",8742
78.27,481.68,-10.61,-82.15,-201.47,1.996,-9.92,26.26,0.03,0.0527,0.4078,12.07,160023.69,7.67,91.62,0.909,-0,-1,119.52,121.05,118.88,24.96,Cornering,"Hoosier 43075 16x7.5-10 R20, 7 inch rim",8743
78.24,481.69,-11.43,-87.71,-202.55,1.995,-10.14,28.02,-0.04,0.0565,0.433,12.16,-99495.96,7.67,91.58,0.946,-0,-1.0001,119.63,121,118.9,24.97,Cornering,"Hoosier 43075 16x7.5-10 R20, 7 inch rim",8744
78.27,481.7,-11.65,-93.7,-204.49,1.985,-11.04,29.45,0.16,0.057,0.4582,12.17,25761.42,7.67,91.53,0.969,-0,-0.9997,119.61,120.96,118.88,24.98,Cornering,"Hoosier 43075 16x7.5-10 R20, 7 inch rim",8745
78.28,481.71,-11.48,-99.7,-207.4,1.999,-10.95,30.44,0.09,0.0553,0.4807,12.14,44424.6,7.67,91.48,1.012,-0,-0.9998,119.67,120.98,118.8,25.01,Cornering,"Hoosier 43075 16x7.5-10 R20, 7 inch rim",8746
78.25,481.72,-10.49,-105.08,-208.71,1.985,-11.86,31.29,0.09,0.0503,0.5035,12.05,44423.96,7.67,91.47,1.049,-0,-0.9998,119.63,121.03,118.8,25.01,Cornering,"Hoosier 43075 16x7.5-10 R20, 7 inch rim",8747
78.26,481.73,-8.3,-109.87,-209.95,1.999,-10.97,32.31,0.16,0.0395,0.5233,11.96,25772.23,7.67,91.43,1.083,-0,-0.9997,119.61,120.92,118.78,25,Cornering,"Hoosier 43075 16x7.5-10 R20, 7 inch rim",8748
78.29,481.74,-5.7,-114.05,-208.99,1.985,-10.19,33.2,0.09,0.0273,0.5457,11.92,44391.83,7.67,91.41,1.118,-0,-0.9998,119.61,120.89,118.78,24.99,Cornering,"Hoosier 43075 16x7.5-10 R20, 7 inch rim",8749
78.27,481.75,-3.56,-117.71,-206.07,1.987,-10.5,33.74,0.09,0.0173,0.5712,11.95,44391,7.67,91.42,1.162,-0,-0.9998,119.56,120.92,118.74,24.99,Cornering,"Hoosier 43075 16x7.5-10 R20, 7 inch rim",8750
78.25,481.76,-2.25,-120.9,-203.38,2.002,-9.79,34.37,0.03,0.0111,0.5945,12.01,160153.66,7.67,91.46,1.202,-0,-1,119.48,120.87,118.7,24.98,Cornering,"Hoosier 43075 16x7.5-10 R20, 7 inch rim",8751
78.27,481.77,-2.77,-123.59,-200.56,1.99,-9.14,34.27,0.09,0.0138,0.6162,12.09,44410.13,7.67,91.49,1.237,-0,-0.9998,119.41,120.89,118.62,25,Cornering,"Hoosier 43075 16x7.5-10 R20, 7 inch rim",8752
78.29,481.78,-3.55,-126.88,-199.33,1.989,-8.36,34.99,0.09,0.0178,0.6365,12.15,44399.2,7.68,91.53,1.268,-0,-0.9998,119.39,120.87,118.64,25,Cornering,"Hoosier 43075 16x7.5-10 R20, 7 inch rim",8753
78.26,481.79,-5.3,-131.54,-199.17,1.986,-8.34,35.29,0.09,0.0266,0.6604,12.12,44398.18,7.68,91.52,1.317,-0,-0.9998,119.41,120.89,118.64,25,Cornering,"Hoosier 43075 16x7.5-10 R20, 7 inch rim",8754
78.26,481.8,-6.55,-136.66,-199.85,1.989,-8.93,36.24,0.09,0.0328,0.6838,12.08,44397.38,7.68,91.51,1.354,-0,-0.9998,119.5,120.94,118.62,25,Cornering,"Hoosier 43075 16x7.5-10 R20, 7 inch rim",8755
78.29,481.81,-7.58,-141.88,-201.37,1.985,-9.02,36.79,0.03,0.0376,0.7046,11.97,160213.81,7.68,91.46,1.39,-0,-1,119.46,120.87,118.68,25,Cornering,"Hoosier 43075 16x7.5-10 R20, 7 inch rim",8756
78.29,481.82,-8.36,-147.57,-204.13,1.993,-8.86,36.42,0.03,0.0409,0.7229,11.95,160321.31,7.68,91.4,1.439,-0,-1,119.41,120.89,118.68,25.01,Cornering,"Hoosier 43075 16x7.5-10 R20, 7 inch rim",8757
78.26,481.83,-8.56,-152.79,-205.87,1.995,-8.9,35.51,0.09,0.0416,0.7422,11.95,44394.51,7.68,91.4,1.482,-0,-0.9998,119.35,120.85,118.62,25,Cornering,"Hoosier 43075 16x7.5-10 R20, 7 inch rim",8758
78.27,481.84,-7.84,-157.71,-206.47,1.982,-8.86,34.52,0.03,0.038,0.7639,12.02,160203.47,7.68,91.39,1.514,-0,-1,119.33,120.83,118.55,25,Cornering,"Hoosier 43075 16x7.5-10 R20, 7 inch rim",8759
78.3,481.85,-5.75,-162.21,-206.08,1.977,-8.23,34.3,0.03,0.0279,0.7871,12.09,160237,7.68,91.39,1.556,-0,-1,119.33,120.87,118.53,25,Cornering,"Hoosier 43075 16x7.5-10 R20, 7 inch rim",8760
78.27,481.86,-4.54,-165.42,-203.19,1.995,-8.12,33.47,0.16,0.0223,0.8141,12.14,25789.55,7.68,91.36,1.609,-0,-0.9997,119.26,120.87,118.45,25.02,Cornering,"Hoosier 43075 16x7.5-10 R20, 7 inch rim",8761
78.26,481.87,-4.15,-168.58,-200.56,1.993,-7.68,32.57,0.03,0.0207,0.8405,12.1,160303.42,7.68,91.36,1.643,-0,-1,119.16,120.81,118.45,25.01,Cornering,"Hoosier 43075 16x7.5-10 R20, 7 inch rim",8762
78.29,481.88,-4.31,-171.31,-197.87,1.999,-7.46,32.09,0.03,0.0218,0.8657,12.05,160299.67,7.68,91.3,1.683,-0,-1,119.03,120.81,118.35,25.01,Cornering,"Hoosier 43075 16x7.5-10 R20, 7 inch rim",8763
78.3,481.89,-4.87,-174.11,-196.47,1.987,-6.43,32.71,0.09,0.0248,0.8862,11.97,44377.97,7.68,91.3,1.731,-0,-0.9998,118.99,120.81,118.29,24.99,Cornering,"Hoosier 43075 16x7.5-10 R20, 7 inch rim",8764
78.26,481.9,-6.45,-177.26,-195.79,2.001,-6.14,33.41,0.09,0.033,0.9054,11.94,44294.62,7.68,91.29,1.768,-0,-0.9998,119.01,120.83,118.29,24.94,Cornering,"Hoosier 43075 16x7.5-10 R20, 7 inch rim",8765
78.27,481.91,-8.03,-181.86,-196.78,1.982,-6.27,34.29,0.16,0.0408,0.9241,11.98,25709.1,7.68,91.29,1.791,-0,-0.9997,118.99,120.87,118.33,24.94,Cornering,"Hoosier 43075 16x7.5-10 R20, 7 inch rim",8766
78.31,481.92,-8.88,-187.14,-198.53,2.005,-6.34,35.62,0.09,0.0447,0.9426,12.04,44282.55,7.68,91.29,1.832,-0,-0.9998,118.99,120.87,118.37,24.94,Cornering,"Hoosier 43075 16x7.5-10 R20, 7 inch rim",8767
78.29,481.93,-8.88,-192.18,-200.16,1.985,-6.93,36.64,0.03,0.0443,0.9601,12.15,160020.39,7.68,91.27,1.878,-0,-1,118.94,120.87,118.35,24.97,Cornering,"Hoosier 43075 16x7.5-10 R20, 7 inch rim",8768
78.27,481.94,-7.98,-197.24,-202.66,1.989,-6.77,37.54,0.09,0.0394,0.9733,12.2,44373,7.68,91.26,1.908,-0,-0.9998,118.96,120.92,118.39,24.99,Cornering,"Hoosier 43075 16x7.5-10 R20, 7 inch rim",8769
78.3,481.95,-6.36,-201.85,-203.75,1.985,-6.85,38.04,0.09,0.0312,0.9907,12.17,44392.11,7.68,91.26,1.958,-0,-0.9998,118.94,120.94,118.41,25,Cornering,"Hoosier 43075 16x7.5-10 R20, 7 inch rim",8770
78.3,481.96,-4.41,-206.23,-203.27,1.996,-7.28,38.26,0.16,0.0217,1.0146,12.09,25765.02,7.68,91.31,2.017,-0,-0.9997,118.9,120.98,118.39,25,Cornering,"Hoosier 43075 16x7.5-10 R20, 7 inch rim",8771
78.27,481.97,-2.67,-208.9,-201.23,1.989,-6.52,37.82,0.16,0.0133,1.0381,11.98,25740.38,7.68,91.33,2.059,-0,-0.9997,118.92,120.94,118.31,24.98,Cornering,"Hoosier 43075 16x7.5-10 R20, 7 inch rim",8772
78.28,481.98,-1.94,-211.47,-197.99,1.985,-7.11,36.77,0.09,0.0098,1.0681,11.92,44305.19,7.68,91.32,2.107,-0,-0.9998,118.9,120.96,118.29,24.96,Cornering,"Hoosier 43075 16x7.5-10 R20, 7 inch rim",8773
78.3,481.99,-1.73,-213.37,-195.82,1.982,-6.02,36.33,0.09,0.0089,1.0896,11.93,44304.23,7.68,91.32,2.137,-0,-0.9998,118.84,120.94,118.25,24.96,Cornering,"Hoosier 43075 16x7.5-10 R20, 7 inch rim",8774
78.29,482,-2.98,-215.59,-194.26,1.985,-5.33,35.69,0.03,0.0153,1.1098,11.99,159837.97,7.68,91.35,2.183,-0,-1,118.79,120.94,118.21,24.95,Cornering,"Hoosier 43075 16x7.5-10 R20, 7 inch rim",8775
78.27,482.01,-4.54,-218.57,-193.28,1.986,-5.3,35.73,0.16,0.0235,1.1309,12.1,25707.21,7.68,91.38,2.235,-0,-0.9997,118.84,120.92,118.17,24.95,Cornering,"Hoosier 43075 16x7.5-10 R20, 7 inch rim",8776
78.3,482.02,-6.59,-222.14,-194.5,2.004,-4.24,36.04,0.03,0.0339,1.1421,12.19,159827.08,7.68,91.4,2.273,-0,-1,118.94,120.92,118.27,24.95,Cornering,"Hoosier 43075 16x7.5-10 R20, 7 inch rim",8777
78.31,482.03,-8.15,-226.88,-195.83,1.987,-4.25,36.31,0.16,0.0416,1.1586,12.2,25699.71,7.68,91.44,2.312,-0,-0.9997,118.96,120.94,118.33,24.94,Cornering,"Hoosier 43075 16x7.5-10 R20, 7 inch rim",8778
78.28,482.04,-9.29,-231.82,-197.46,1.996,-4.45,36.37,0.09,0.0471,1.174,12.17,44296.9,7.68,91.45,2.355,-0,-0.9998,118.99,120.98,118.33,24.96,Cornering,"Hoosier 43075 16x7.5-10 R20, 7 inch rim",8779
78.28,482.05,-8.96,-236.88,-198.94,1.982,-5.2,36.75,0.09,0.045,1.1907,12.07,44285.45,7.68,91.44,2.388,-0,-0.9998,118.96,120.96,118.37,24.95,Cornering,"Hoosier 43075 16x7.5-10 R20, 7 inch rim",8780
78.31,482.06,-7.55,-241.21,-200.07,1.99,-5.02,37.04,0.16,0.0377,1.2056,11.96,25709.67,7.68,91.42,2.409,-0,-0.9997,118.92,120.98,118.41,24.96,Cornering,"Hoosier 43075 16x7.5-10 R20, 7 inch rim",8781
78.3,482.07,-5.79,-245.08,-200.22,1.992,-4.5,36.86,0.09,0.0289,1.224,11.92,44293.57,7.68,91.41,2.448,-0,-0.9998,118.92,121.07,118.41,24.96,Cornering,"Hoosier 43075 16x7.5-10 R20, 7 inch rim",8782
78.27,482.08,-4.46,-247.62,-198,1.99,-5.23,35.84,0.16,0.0225,1.2506,11.93,25690,7.68,91.39,2.492,-0,-0.9997,118.92,121.09,118.35,24.94,Cornering,"Hoosier 43075 16x7.5-10 R20, 7 inch rim",8783
78.29,482.09,-3.61,-249.22,-195.48,1.982,-4.92,34.67,0.16,0.0185,1.2749,12.01,25701.23,7.68,91.41,2.525,-0,-0.9997,118.86,121.07,118.41,24.95,Cornering,"Hoosier 43075 16x7.5-10 R20, 7 inch rim",8784
78.32,482.1,-3.47,-250.09,-192.26,1.986,-4.98,33.81,0.03,0.018,1.3008,12.11,159901.47,7.68,91.43,2.558,-0,-1,118.88,121.09,118.35,24.97,Cornering,"Hoosier 43075 16x7.5-10 R20, 7 inch rim",8785
78.29,482.11,-3.61,-250.76,-190.39,1.989,-4.13,34.02,0.03,0.019,1.3171,12.22,160083.12,7.68,91.46,2.587,-0,-1,118.84,121.11,118.39,25,Cornering,"Hoosier 43075 16x7.5-10 R20, 7 inch rim",8786
78.27,482.12,-3.87,-252.18,-189.63,1.993,-2.98,35.48,0.16,0.0204,1.3298,12.21,25764.62,7.68,91.49,2.628,-0,-0.9997,118.9,121.18,118.39,25.01,Cornering,"Hoosier 43075 16x7.5-10 R20, 7 inch rim",8787
78.3,482.13,-4.29,-254.97,-189.57,1.986,-2.8,37.68,0.03,0.0226,1.345,12.15,160185.27,7.68,91.53,2.653,-0,-1,119.01,121.18,118.43,25.01,Cornering,"Hoosier 43075 16x7.5-10 R20, 7 inch rim",8788
78.3,482.14,-4.58,-258.56,-190.05,1.998,-3.61,39.9,0.03,0.0241,1.3605,12.06,160103.88,7.68,91.57,2.703,-0,-1,119.03,121.27,118.47,25,Cornering,"Hoosier 43075 16x7.5-10 R20, 7 inch rim",8789
78.27,482.15,-5.28,-262.98,-192.16,1.989,-3.25,40.91,0.09,0.0275,1.3686,11.98,44344.47,7.68,91.6,2.73,-0,-0.9998,119.11,121.25,118.45,24.99,Cornering,"Hoosier 43075 16x7.5-10 R20, 7 inch rim",8790
78.29,482.16,-4.95,-267.72,-194.38,1.983,-3.55,41.64,0.09,0.0255,1.3773,11.96,44311.41,7.68,91.65,2.785,-0,-0.9998,119.18,121.25,118.37,24.97,Cornering,"Hoosier 43075 16x7.5-10 R20, 7 inch rim",8791
78.32,482.17,-4.21,-272.06,-195.66,1.993,-3.96,41.79,0.03,0.0215,1.3905,12,159936.25,7.68,91.68,2.833,-0,-1,119.14,121.27,118.29,24.98,Cornering,"Hoosier 43075 16x7.5-10 R20, 7 inch rim",8792
78.3,482.18,-2.61,-275.62,-195.44,1.986,-4.26,41.42,0.16,0.0133,1.4103,12.08,25741.19,7.68,91.69,2.863,-0,-0.9997,119.11,121.31,118.15,25,Cornering,"Hoosier 43075 16x7.5-10 R20, 7 inch rim",8793
78.28,482.19,-0.97,-278.32,-194.15,1.999,-4.67,40.73,0.09,0.005,1.4335,12.14,44387.55,7.68,91.71,2.931,-0,-0.9998,119.16,121.33,117.99,25.02,Cornering,"Hoosier 43075 16x7.5-10 R20, 7 inch rim",8794
78.31,482.2,-0.11,-279.12,-191.69,1.985,-4.07,38.89,0.09,0.0006,1.4561,12.16,44407,7.68,91.69,2.956,-0,-0.9998,119.2,121.31,117.79,25.03,Cornering,"Hoosier 43075 16x7.5-10 R20, 7 inch rim",8795
78.32,482.21,0.22,-279.06,-188.38,1.99,-3.71,37.45,0.09,-0.0012,1.4814,12.1,44374.27,7.68,91.71,2.999,-0,-0.9998,119.14,121.33,117.65,25.01,Cornering,"Hoosier 43075 16x7.5-10 R20, 7 inch rim",8796
78.28,482.22,-0.56,-279.08,-185.83,1.971,-3.11,35.87,0.16,0.003,1.5018,12.05,25712.86,7.68,91.68,3.041,-0,-0.9997,119.16,121.31,117.48,24.97,Cornering,"Hoosier 43075 16x7.5-10 R20, 7 inch rim",8797
78.3,482.23,-2.66,-279.63,-184.62,1.996,-2.11,34.81,0.09,0.0144,1.5146,11.99,44266.66,7.68,91.67,3.107,-0,-0.9998,119.16,121.33,117.32,24.96,Cornering,"Hoosier 43075 16x7.5-10 R20, 7 inch rim",8798
78.31,482.24,-4.59,-281.79,-184.81,1.995,-1.56,34.63,0.09,0.0248,1.5247,12,44265.56,7.68,91.64,3.131,-0,-0.9998,119.22,121.36,117.28,24.96,Cornering,"Hoosier 43075 16x7.5-10 R20, 7 inch rim",8799
78.29,482.25,-6.08,-285.18,-185.87,1.996,-1.51,35.28,0.16,0.0327,1.5343,12.05,25697.3,7.68,91.64,3.178,-0,-0.9997,119.24,121.42,117.28,24.96,Cornering,"Hoosier 43075 16x7.5-10 R20, 7 inch rim",8800
78.27,482.26,-7.52,-289.33,-187.75,1.998,-1.34,35.55,0.09,0.0401,1.5411,12.14,44281.81,7.68,91.64,3.224,-0,-0.9998,119.24,121.4,117.34,24.97,Cornering,"Hoosier 43075 16x7.5-10 R20, 7 inch rim",8801
78.31,482.27,-7.91,-294.51,-189.52,1.974,-2.07,35.64,0.23,0.0417,1.554,12.17,18096.14,7.68,91.63,3.267,-0,-0.9996,119.31,121.4,117.46,24.96,Cornering,"Hoosier 43075 16x7.5-10 R20, 7 inch rim",8802
78.31,482.28,-8,-299,-191.81,1.999,-1.72,35.03,0.03,0.0417,1.5588,12.14,159675.81,7.68,91.61,3.297,-0,-1,119.35,121.38,117.65,24.95,Cornering,"Hoosier 43075 16x7.5-10 R20, 7 inch rim",8803
78.29,482.29,-6.89,-302.96,-192.52,1.977,-1.63,34.3,0.23,0.0358,1.5737,12.08,18094.71,7.68,91.61,3.34,-0,-0.9996,119.37,121.4,117.81,24.96,Cornering,"Hoosier 43075 16x7.5-10 R20, 7 inch rim",8804
78.29,482.3,-5.54,-305.15,-192.43,1.99,-0.92,33.54,0.23,0.0288,1.5858,12,18097.82,7.68,91.59,3.394,-0,-0.9996,119.37,121.44,117.97,24.96,Cornering,"Hoosier 43075 16x7.5-10 R20, 7 inch rim",8805
78.32,482.31,-4.05,-306,-190.26,1.999,-1.09,32.87,0.16,0.0213,1.6084,11.97,25732.62,7.67,91.58,3.41,-0,-0.9997,119.37,121.44,118.07,25,Cornering,"Hoosier 43075 16x7.5-10 R20, 7 inch rim",8806
78.3,482.32,-3.17,-305.91,-187.58,1.992,-1.23,32.11,0.09,0.0169,1.6308,12.01,44362.78,7.67,91.59,3.462,-0,-0.9998,119.35,121.47,118.19,25.02,Cornering,"Hoosier 43075 16x7.5-10 R20, 7 inch rim",8807
78.29,482.33,-2.47,-305.37,-185.01,1.999,-1.18,32.19,0.09,0.0134,1.6506,12.1,44371.18,7.67,91.59,3.499,-0,-0.9998,119.37,121.49,118.27,25.03,Cornering,"Hoosier 43075 16x7.5-10 R20, 7 inch rim",8808
78.3,482.34,-2.98,-305.87,-183.08,1.986,-1.92,32.45,0.03,0.0163,1.6707,12.17,160044.5,7.67,91.59,3.518,-0,-1,119.35,121.51,118.37,25.01,Cornering,"Hoosier 43075 16x7.5-10 R20, 7 inch rim",8809
78.32,482.35,-4.18,-307.13,-182.9,1.99,-1.38,33.38,0.09,0.0228,1.6792,12.22,44347.11,7.67,91.63,3.568,-0,-0.9998,119.41,121.58,118.47,25.01,Cornering,"Hoosier 43075 16x7.5-10 R20, 7 inch rim",8810
78.29,482.36,-4.79,-309.9,-183.9,1.993,-0.61,35.59,0.09,0.026,1.6851,12.17,44355.23,7.67,91.62,3.609,-0,-0.9998,119.52,121.64,118.62,25.02,Cornering,"Hoosier 43075 16x7.5-10 R20, 7 inch rim",8811
78.29,482.37,-5.04,-313.74,-185.43,1.995,-0.45,37.66,0.09,0.0272,1.692,12.09,44363.78,7.67,91.65,3.642,-0,-0.9998,119.59,121.69,118.72,25.03,Cornering,"Hoosier 43075 16x7.5-10 R20, 7 inch rim",8812
78.32,482.38,-4.62,-318.61,-187.52,1.976,-0.53,39.5,0.09,0.0246,1.6991,12.02,44372.31,7.67,91.64,3.675,-0,-0.9998,119.61,121.69,118.82,25.03,Cornering,"Hoosier 43075 16x7.5-10 R20, 7 inch rim",8813
78.31,482.39,-3.98,-323.35,-190.93,1.99,0.43,40.28,-0.04,0.0208,1.6936,11.98,-99463.77,7.67,91.65,3.717,-0,-1.0001,119.65,121.64,118.84,25.01,Cornering,"Hoosier 43075 16x7.5-10 R20, 7 inch rim",8814
78.28,482.4,-2.82,-327.81,-192.37,1.987,-0.2,40.36,0.16,0.0147,1.7041,12,25727.99,7.67,91.64,3.762,-0,-0.9997,119.72,121.73,118.96,25.01,Cornering,"Hoosier 43075 16x7.5-10 R20, 7 inch rim",8815
78.3,482.41,-1.93,-331.2,-192.81,1.98,-0.7,39.09,0.09,0.01,1.7178,12.06,44304.27,7.67,91.65,3.794,-0,-0.9998,119.72,121.71,119.04,25,Cornering,"Hoosier 43075 16x7.5-10 R20, 7 inch rim",8816
78.33,482.42,-0.37,-332.64,-192.49,2.001,-0.6,38.3,0.09,0.0019,1.7281,12.14,44311.78,7.66,91.68,3.844,-0,-0.9998,119.74,121.78,119.08,25,Cornering,"Hoosier 43075 16x7.5-10 R20, 7 inch rim",8817
78.29,482.43,0.61,-333.02,-189.45,1.987,-2.15,37.21,0.03,-0.0032,1.7578,12.19,160013.78,7.66,91.67,3.87,-0,-1,119.72,121.78,119.14,25.02,Cornering,"Hoosier 43075 16x7.5-10 R20, 7 inch rim",8818
78.28,482.44,1.09,-331.9,-186.03,1.998,-2.8,36.73,0.16,-0.0059,1.7842,12.17,25728.94,7.66,91.69,3.919,-0,-0.9997,119.72,121.78,119.16,25.01,Cornering,"Hoosier 43075 16x7.5-10 R20, 7 inch rim",8819
78.31,482.45,0.13,-331.46,-184.03,1.987,-2.48,35.96,0.03,-0.0007,1.8012,12.11,159924.25,7.66,91.68,3.946,-0,-1,119.67,121.78,119.18,25.01,Cornering,"Hoosier 43075 16x7.5-10 R20, 7 inch rim",8820
78.31,482.46,-0.94,-331.78,-183.61,1.989,-1,36.48,0.09,0.0051,1.807,12.06,44271.93,7.66,91.67,4.004,-0,-0.9998,119.74,121.82,119.28,24.98,Cornering,"Hoosier 43075 16x7.5-10 R20, 7 inch rim",8821
78.28,482.47,-3.03,-334.09,-184.39,1.993,0.29,36.81,0.16,0.0164,1.8118,12.04,25682.54,7.66,91.65,4.059,-0,-0.9997,119.84,121.91,119.34,24.97,Cornering,"Hoosier 43075 16x7.5-10 R20, 7 inch rim",8822
78.3,482.48,-5.14,-337.92,-186.16,1.995,1.12,36.93,0.03,0.0276,1.8152,12.06,159638.66,7.66,91.63,4.072,-0,-1,119.91,121.93,119.44,24.97,Cornering,"Hoosier 43075 16x7.5-10 R20, 7 inch rim",8823
78.33,482.49,-6.03,-343.59,-188.96,1.998,1.08,37.44,0.16,0.0319,1.8183,12.13,25668.33,7.66,91.6,4.126,-0,-0.9997,120.02,122,119.5,24.96,Cornering,"Hoosier 43075 16x7.5-10 R20, 7 inch rim",8824
78.3,482.5,-6.53,-349.06,-191.85,1.982,1.34,37.01,0.03,0.034,1.8195,12.18,159545.97,7.66,91.56,4.159,-0,-1,120.08,122,119.54,24.96,Cornering,"Hoosier 43075 16x7.5-10 R20, 7 inch rim",8825
78.28,482.51,-5.92,-354.6,-194.31,1.992,0.78,36.71,0.16,0.0305,1.8249,12.17,25659.75,7.65,91.55,4.202,-0,-0.9997,120.1,122,119.67,24.96,Cornering,"Hoosier 43075 16x7.5-10 R20, 7 inch rim",8826
78.31,482.52,-4.81,-358.29,-195.24,1.987,0.48,35.73,0.03,0.0247,1.8352,12.11,159563.78,7.65,91.55,4.248,-0,-1,120.1,122.04,119.75,24.96,Cornering,"Hoosier 43075 16x7.5-10 R20, 7 inch rim",8827
78.32,482.53,-3.29,-359.26,-193.93,1.989,-0.24,34.94,0.09,0.017,1.8526,12.04,44163.57,7.65,91.55,4.274,-0,-0.9998,120.08,122.15,119.73,24.93,Cornering,"Hoosier 43075 16x7.5-10 R20, 7 inch rim",8828
78.28,482.54,-1.94,-359.18,-191.53,1.989,-1.33,33.98,0.09,0.0101,1.8754,12.02,44201.82,7.65,91.57,4.319,-0,-0.9998,120.1,122.22,119.77,24.96,Cornering,"Hoosier 43075 16x7.5-10 R20, 7 inch rim",8829
78.3,482.55,-1.27,-357.4,-188.44,1.986,-1.58,33.16,0.09,0.0067,1.8966,12.06,44219.52,7.65,91.6,4.365,-0,-0.9998,120.06,122.24,119.83,24.97,Cornering,"Hoosier 43075 16x7.5-10 R20, 7 inch rim",8830
78.32,482.56,-1.34,-356.05,-185.95,1.98,-1.6,33.01,0.09,0.0072,1.9148,12.11,44227.82,7.65,91.59,4.397,-0,-0.9998,120.08,122.3,119.87,24.97,Cornering,"Hoosier 43075 16x7.5-10 R20, 7 inch rim",8831
78.31,482.57,-2.1,-355.83,-184.91,2.005,-0.5,33.59,0.03,0.0114,1.9243,12.17,159666.75,7.65,91.6,4.45,-0,-1,120.14,122.41,119.95,24.98,Cornering,"Hoosier 43075 16x7.5-10 R20, 7 inch rim",8832
78.28,482.58,-2.96,-357.02,-185.29,1.993,1.39,34.94,0.23,0.016,1.9268,12.17,18085.08,7.65,91.59,4.49,-0,-0.9996,120.27,122.46,120.01,24.98,Cornering,"Hoosier 43075 16x7.5-10 R20, 7 inch rim",8833
78.31,482.59,-4.24,-360.38,-186.36,1.985,1.98,36.14,0.16,0.0228,1.9338,12.12,25671.84,7.65,91.61,4.527,-0,-0.9997,120.38,122.48,120.13,24.98,Cornering,"Hoosier 43075 16x7.5-10 R20, 7 inch rim",8834
78.31,482.6,-5.21,-365.28,-189.05,1.987,2.21,36.83,0.09,0.0276,1.9322,12.05,44226.82,7.65,91.6,4.573,-0,-0.9998,120.44,122.57,120.19,24.98,Cornering,"Hoosier 43075 16x7.5-10 R20, 7 inch rim",8835
78.29,482.61,-5.75,-370.62,-192.39,1.99,2.74,36.89,0.09,0.0299,1.9265,11.97,44244.72,7.65,91.56,4.613,-0,-0.9998,120.51,122.57,120.23,24.99,Cornering,"Hoosier 43075 16x7.5-10 R20, 7 inch rim",8836
78.29,482.62,-4.97,-376,-194.87,1.995,2.04,36.93,0.16,0.0255,1.9295,11.97,25660.88,7.64,91.53,4.659,-0,-0.9997,120.55,122.59,120.27,24.97,Cornering,"Hoosier 43075 16x7.5-10 R20, 7 inch rim",8837
78.32,482.63,-3.87,-379.85,-195.76,1.989,0.93,36.24,0.09,0.0197,1.9403,12.02,44219.47,7.64,91.47,4.685,-0,-0.9998,120.51,122.59,120.37,24.98,Cornering,"Hoosier 43075 16x7.5-10 R20, 7 inch rim",8838
78.31,482.64,-2.67,-381.38,-195.99,1.985,1.24,34.94,0.03,0.0136,1.9459,12.1,159525.81,7.64,91.46,4.733,-0,-1,120.55,122.66,120.39,24.97,Cornering,"Hoosier 43075 16x7.5-10 R20, 7 inch rim",8839
78.28,482.65,-1.36,-380.82,-193.84,1.983,0.3,33.75,0.09,0.007,1.9646,12.19,44171.98,7.64,91.45,4.78,-0,-0.9998,120.55,122.7,120.41,24.96,Cornering,"Hoosier 43075 16x7.5-10 R20, 7 inch rim",8840
78.3,482.66,-0.78,-378.62,-190.71,2.004,-0.39,32.69,0.09,0.0041,1.9854,12.2,44169.54,7.64,91.44,4.816,-0,-0.9998,120.53,122.68,120.37,24.96,Cornering,"Hoosier 43075 16x7.5-10 R20, 7 inch rim",8841
78.32,482.67,-0.69,-376.06,-187.6,1.999,0.03,32.05,0.09,0.0037,2.0045,12.14,44176.95,7.64,91.46,4.858,-0,-0.9998,120.53,122.72,120.43,24.96,Cornering,"Hoosier 43075 16x7.5-10 R20, 7 inch rim",8842
78.3,482.68,-1.31,-374.69,-185.78,1.995,1.27,32.32,0.09,0.007,2.0169,12.07,44153.86,7.64,91.49,4.895,-0,-0.9998,120.51,122.83,120.45,24.95,Cornering,"Hoosier 43075 16x7.5-10 R20, 7 inch rim",8843
78.28,482.69,-2.73,-375.3,-184.93,1.979,2.13,32.9,0.09,0.0147,2.0294,11.99,44140.31,7.64,91.49,4.942,-0,-0.9998,120.59,122.88,120.49,24.94,Cornering,"Hoosier 43075 16x7.5-10 R20, 7 inch rim",8844
78.32,482.7,-4.63,-378.06,-186.52,1.989,3.94,33.61,0.03,0.0248,2.0269,11.96,159204.05,7.64,91.53,4.985,-0,-1,120.75,123.01,120.56,24.93,Cornering,"Hoosier 43075 16x7.5-10 R20, 7 inch rim",8845
78.3,482.71,-5.58,-382.66,-188.56,1.989,3.82,34.81,0.09,0.0296,2.0294,11.99,44094.65,7.64,91.51,5.008,-0,-0.9998,120.83,123.03,120.64,24.92,Cornering,"Hoosier 43075 16x7.5-10 R20, 7 inch rim",8846
78.28,482.72,-6.01,-388.65,-191.46,1.992,3.2,35.42,0.16,0.0314,2.0299,12.07,25591.51,7.64,91.53,5.054,-0,-0.9997,120.92,123.12,120.7,24.92,Cornering,"Hoosier 43075 16x7.5-10 R20, 7 inch rim",8847
78.3,482.73,-5.72,-394.31,-194.01,1.982,2.42,35.38,0.03,0.0295,2.0324,12.14,159029.52,7.64,91.54,5.088,-0,-1,121.07,123.14,120.74,24.91,Cornering,"Hoosier 43075 16x7.5-10 R20, 7 inch rim",8848
78.32,482.74,-4.56,-398.92,-196.23,1.99,1.98,35.2,0.09,0.0232,2.0329,12.15,44065.43,7.63,91.54,5.13,-0,-0.9998,121.13,123.1,120.78,24.91,Cornering,"Hoosier 43075 16x7.5-10 R20, 7 inch rim",8849
78.3,482.75,-3.03,-401.09,-196.45,1.992,1.17,34.41,0.03,0.0154,2.0417,12.11,159082.2,7.63,91.51,5.17,-0,-1,121.15,123.18,120.82,24.92,Cornering,"Hoosier 43075 16x7.5-10 R20, 7 inch rim",8850
78.28,482.76,-1.59,-400.52,-195.3,2.001,1.2,33.5,0.16,0.0081,2.0508,12.03,25596.85,7.63,91.5,5.21,-0,-0.9997,121.17,123.14,120.86,24.93,Cornering,"Hoosier 43075 16x7.5-10 R20, 7 inch rim",8851
78.32,482.77,-0.79,-397.96,-192.19,1.996,0.88,32.28,0.09,0.0041,2.0707,11.99,44108.41,7.63,91.52,5.243,-0,-0.9998,121.2,123.18,120.86,24.94,Cornering,"Hoosier 43075 16x7.5-10 R20, 7 inch rim",8852
78.31,482.78,-0.64,-394.78,-188.53,1.989,0.68,31.41,0.09,0.0034,2.094,11.97,44105.43,7.63,91.53,5.283,-0,-0.9998,121.17,123.18,120.86,24.94,Cornering,"Hoosier 43075 16x7.5-10 R20, 7 inch rim",8853
78.28,482.79,-0.67,-392.67,-185.96,1.989,1.79,32.03,0.09,0.0036,2.1116,12,44111.93,7.63,91.54,5.333,-0,-0.9998,121.13,123.23,120.88,24.94,Cornering,"Hoosier 43075 16x7.5-10 R20, 7 inch rim",8854
78.3,482.8,-1.88,-392.19,-185.27,1.979,3.79,32.57,0.16,0.0101,2.1168,12.08,25619.83,7.63,91.52,5.366,-0,-0.9997,121.17,123.29,120.88,24.96,Cornering,"Hoosier 43075 16x7.5-10 R20, 7 inch rim",8855
78.32,482.81,-3.32,-394.37,-186.34,1.998,5.32,33.73,0.16,0.0178,2.1164,12.11,25629.14,7.63,91.53,5.425,-0,-0.9997,121.3,123.38,120.92,24.97,Cornering,"Hoosier 43075 16x7.5-10 R20, 7 inch rim",8856
78.3,482.82,-4.22,-398.97,-187.83,1.989,4.78,35.01,0.23,0.0225,2.1241,12.09,18065.69,7.63,91.56,5.453,-0,-0.9996,121.45,123.4,121,24.99,Cornering,"Hoosier 43075 16x7.5-10 R20, 7 inch rim",8857
78.29,482.83,-5.29,-404.81,-190.77,1.993,4.2,35.16,0.09,0.0278,2.122,12.06,44161.18,7.63,91.6,5.494,-0,-0.9998,121.5,123.43,121.04,24.98,Cornering,"Hoosier 43075 16x7.5-10 R20, 7 inch rim",8858
78.31,482.84,-5.14,-410.93,-193.86,1.99,3.34,35.26,0.09,0.0265,2.1197,11.97,44148.59,7.63,91.64,5.524,-0,-0.9998,121.58,123.4,121.1,24.97,Cornering,"Hoosier 43075 16x7.5-10 R20, 7 inch rim",8859
78.31,482.85,-4.47,-415.99,-196.24,1.992,2.51,34.72,0.16,0.0228,2.1198,11.96,25622.56,7.62,91.65,5.571,-0,-0.9997,121.69,123.45,121.18,24.97,Cornering,"Hoosier 43075 16x7.5-10 R20, 7 inch rim",8860
78.27,482.86,-3.31,-418.44,-197.57,1.993,2.52,33.86,0.09,0.0168,2.1179,12,44120.91,7.62,91.61,5.615,-0,-0.9998,121.73,123.45,121.2,24.96,Cornering,"Hoosier 43075 16x7.5-10 R20, 7 inch rim",8861
78.28,482.87,-2.14,-418.02,-195.57,1.99,1.57,32.21,0.03,0.0109,2.1375,12.08,159248.52,7.62,91.59,5.641,-0,-1,121.8,123.51,121.24,24.97,Cornering,"Hoosier 43075 16x7.5-10 R20, 7 inch rim",8862
78.31,482.88,-1.01,-415.12,-192.98,1.982,1.65,31.15,0.09,0.0052,2.1511,12.16,44134.89,7.62,91.6,5.697,-0,-0.9998,121.82,123.62,121.28,24.97,Cornering,"Hoosier 43075 16x7.5-10 R20, 7 inch rim",8863
78.3,482.89,-0.76,-411.46,-190.35,1.985,2.8,30.04,0.09,0.004,2.1616,12.17,44142.49,7.62,91.61,5.73,-0,-0.9998,121.86,123.6,121.26,24.98,Cornering,"Hoosier 43075 16x7.5-10 R20, 7 inch rim",8864
78.27,482.9,-0.94,-408.46,-187.14,1.992,3.39,29.9,0.09,0.005,2.1826,12.14,44159.96,7.62,91.65,5.767,-0,-0.9998,121.82,123.6,121.34,24.99,Cornering,"Hoosier 43075 16x7.5-10 R20, 7 inch rim",8865
78.3,482.91,-1.93,-407.72,-185.52,1.987,4.07,30.4,0.03,0.0104,2.1977,12.07,159421.98,7.62,91.64,5.807,-0,-1,121.84,123.78,121.36,25,Cornering,"Hoosier 43075 16x7.5-10 R20, 7 inch rim",8866
78.3,482.92,-3.37,-409.57,-185.69,1.986,4.98,31.16,0.16,0.0182,2.2056,12,25644.85,7.62,91.62,5.857,-0,-0.9997,121.95,123.87,121.36,25.01,Cornering,"Hoosier 43075 16x7.5-10 R20, 7 inch rim",8867
78.27,482.93,-4.58,-413.54,-187.65,1.982,5.54,32.17,0.09,0.0244,2.2038,11.97,44200.82,7.62,91.63,5.893,-0,-0.9998,122.12,123.98,121.38,25.02,Cornering,"Hoosier 43075 16x7.5-10 R20, 7 inch rim",8868
78.27,482.94,-5.55,-419.22,-190.39,1.987,5.07,32.88,0.03,0.0291,2.2019,12,159383.97,7.62,91.62,5.935,-0,-1,122.2,124,121.44,25,Cornering,"Hoosier 43075 16x7.5-10 R20, 7 inch rim",8869
78.3,482.95,-5.49,-425.65,-193.82,1.986,4.16,33.26,0.09,0.0283,2.1961,12.09,44144.25,7.62,91.62,5.957,-0,-0.9998,122.35,124.02,121.52,24.99,Cornering,"Hoosier 43075 16x7.5-10 R20, 7 inch rim",8870
78.29,482.96,-5.07,-431.03,-195.87,1.982,2.69,32.86,0.09,0.0259,2.2006,12.19,44139.43,7.62,91.64,6.015,-0,-0.9998,122.4,124.11,121.57,24.99,Cornering,"Hoosier 43075 16x7.5-10 R20, 7 inch rim",8871
78.26,482.97,-3.73,-433.95,-197.53,1.993,2.91,32.39,0.03,0.0189,2.1969,12.23,159127.05,7.61,91.66,6.051,-0,-1,122.44,124.2,121.57,24.97,Cornering,"Hoosier 43075 16x7.5-10 R20, 7 inch rim",8872
78.27,482.98,-2.5,-433.68,-196.75,1.999,2.6,31.22,0.09,0.0127,2.2042,12.19,44093.01,7.61,91.68,6.079,-0,-0.9998,122.48,124.26,121.61,24.97,Cornering,"Hoosier 43075 16x7.5-10 R20, 7 inch rim",8873
78.3,482.99,-0.62,-431.21,-194.91,1.99,3.34,30.63,0.03,0.0032,2.2124,12.14,158989.28,7.61,91.69,6.138,-0,-1,122.53,124.35,121.57,24.95,Cornering,"Hoosier 43075 16x7.5-10 R20, 7 inch rim",8874
78.27,483,-0.4,-427.25,-191.87,1.989,3.91,29.28,0.03,0.0021,2.2268,12.06,158905.62,7.61,91.66,6.169,-0,-1,122.53,124.44,121.59,24.94,Cornering,"Hoosier 43075 16x7.5-10 R20, 7 inch rim",8875
78.26,483.01,-0.12,-423.75,-188.81,1.986,4.81,29.21,0.09,0.0006,2.2443,12.03,44030.73,7.61,91.64,6.208,-0,-0.9998,122.5,124.42,121.61,24.94,Cornering,"Hoosier 43075 16x7.5-10 R20, 7 inch rim",8876
78.29,483.02,-0.94,-422.76,-186.55,1.998,4.76,29.28,0.16,0.0051,2.2661,12.03,25542.68,7.61,91.61,6.242,-0,-0.9997,122.53,124.46,121.65,24.93,Cornering,"Hoosier 43075 16x7.5-10 R20, 7 inch rim",8877
78.27,483.03,-1.77,-423.95,-186.61,1.983,6.27,30.52,0.09,0.0095,2.2719,12.12,43972.56,7.61,91.6,6.288,-0,-0.9998,122.68,124.61,121.63,24.91,Cornering,"Hoosier 43075 16x7.5-10 R20, 7 inch rim",8878
78.25,483.04,-3.79,-427.53,-187.63,1.996,5.98,31.02,0.16,0.0202,2.2787,12.22,25514.54,7.61,91.61,6.328,-0,-0.9997,122.85,124.72,121.69,24.9,Cornering,"Hoosier 43075 16x7.5-10 R20, 7 inch rim",8879
78.26,483.05,-4.77,-432.89,-190.27,1.992,5.79,31.99,0.16,0.025,2.2751,12.27,25512.85,7.61,91.65,6.361,-0,-0.9997,123.02,124.86,121.75,24.9,Cornering,"Hoosier 43075 16x7.5-10 R20, 7 inch rim",8880
78.28,483.06,-5.16,-439.02,-192.57,1.98,3.82,32.43,0.16,0.0268,2.2798,12.22,25539.94,7.61,91.66,6.411,-0,-0.9997,123.11,124.92,121.81,24.93,Cornering,"Hoosier 43075 16x7.5-10 R20, 7 inch rim",8881
78.26,483.07,-4.94,-444.09,-195.53,1.992,3.29,32.36,-0.04,0.0253,2.2713,12.16,-98770.61,7.61,91.69,6.444,-0,-1.0001,123.23,124.97,121.93,24.95,Cornering,"Hoosier 43075 16x7.5-10 R20, 7 inch rim",8882
78.24,483.08,-4.2,-447.25,-197.86,1.979,3.72,31.78,0.16,0.0212,2.2605,12.08,25547.54,7.61,91.72,6.493,-0,-0.9997,123.36,125.08,121.99,24.94,Cornering,"Hoosier 43075 16x7.5-10 R20, 7 inch rim",8883
78.27,483.09,-3.16,-447.46,-197.85,2.001,2.85,30.62,0.09,0.016,2.2616,12.01,44022.08,7.6,91.72,6.535,-0,-0.9998,123.38,125.16,122.01,24.95,Cornering,"Hoosier 43075 16x7.5-10 R20, 7 inch rim",8884
78.27,483.1,-1.96,-443.68,-197.2,1.979,4.79,29.3,0.09,0.01,2.2499,12,44029.42,7.6,91.72,6.566,-0,-0.9998,123.47,125.25,122.05,24.96,Cornering,"Hoosier 43075 16x7.5-10 R20, 7 inch rim",8885
78.23,483.11,-1.1,-439.61,-194.35,1.998,4.47,28.16,0.09,0.0056,2.2619,12.05,44056.14,7.6,91.72,6.609,-0,-0.9998,123.45,125.32,122.01,24.97,Cornering,"Hoosier 43075 16x7.5-10 R20, 7 inch rim",8886
78.24,483.12,-0.25,-435.48,-190.86,1.98,4.87,27.82,0.09,0.0013,2.2817,12.18,44093.32,7.6,91.75,6.649,-0,-0.9998,123.51,125.41,121.95,25,Cornering,"Hoosier 43075 16x7.5-10 R20, 7 inch rim",8887
78.27,483.13,-0.67,-433.85,-188.93,1.995,5.75,27.9,0.09,0.0035,2.2963,12.25,44119.98,7.6,91.73,6.692,-0,-0.9998,123.62,125.47,121.93,25.01,Cornering,"Hoosier 43075 16x7.5-10 R20, 7 inch rim",8888
78.24,483.14,-1.95,-435.27,-187.41,1.987,5.8,28.14,0.09,0.0104,2.3225,12.26,44116.48,7.6,91.7,6.729,-0,-0.9998,123.64,125.67,121.93,25.01,Cornering,"Hoosier 43075 16x7.5-10 R20, 7 inch rim",8889
78.23,483.15,-3.28,-438.97,-188.43,1.99,6.71,29.26,0.09,0.0174,2.3296,12.22,44103.15,7.6,91.66,6.762,-0,-0.9998,123.79,125.87,121.99,25.01,Cornering,"Hoosier 43075 16x7.5-10 R20, 7 inch rim",8890
78.25,483.16,-4.72,-444.37,-190.29,1.992,5.98,29.84,0.09,0.0248,2.3352,12.14,44037.2,7.6,91.67,6.811,-0,-0.9998,123.96,125.98,122.01,24.97,Cornering,"Hoosier 43075 16x7.5-10 R20, 7 inch rim",8891
78.27,483.17,-5.49,-450.21,-192.77,1.993,4.66,30.26,0.09,0.0285,2.3355,12.06,44002.03,7.6,91.67,6.858,-0,-0.9998,124.11,126,122.15,24.96,Cornering,"Hoosier 43075 16x7.5-10 R20, 7 inch rim",8892
78.23,483.18,-5.25,-455.06,-195.47,1.973,4.29,30.28,0.09,0.0268,2.328,12.01,43957.72,7.6,91.68,6.894,-0,-0.9998,124.2,126.07,122.21,24.93,Cornering,"Hoosier 43075 16x7.5-10 R20, 7 inch rim",8893
78.23,483.19,-4.62,-458.3,-197.43,1.986,3.85,29.55,0.03,0.0234,2.3214,12.04,158546.31,7.6,91.67,6.923,-0,-1,124.29,126.11,122.31,24.92,Cornering,"Hoosier 43075 16x7.5-10 R20, 7 inch rim",8894
78.26,483.2,-3.25,-457.96,-198.61,1.993,4.49,28.84,0.03,0.0164,2.3059,12.13,158562.67,7.6,91.7,6.981,-0,-1,124.37,126.2,122.41,24.93,Cornering,"Hoosier 43075 16x7.5-10 R20, 7 inch rim",8895
78.24,483.21,-1.65,-455.01,-198.25,1.99,5.21,27.88,0.09,0.0083,2.2951,12.24,43905.05,7.59,91.72,7.016,-0,-0.9998,124.48,126.24,122.43,24.91,Cornering,"Hoosier 43075 16x7.5-10 R20, 7 inch rim",8896
78.21,483.22,-0.86,-449.78,-195.68,1.985,5.42,26.51,0.03,0.0044,2.2985,12.28,158428.84,7.6,91.74,7.047,-0,-1,124.5,126.35,122.37,24.91,Cornering,"Hoosier 43075 16x7.5-10 R20, 7 inch rim",8897
78.24,483.23,-0.2,-445.35,-192.93,1.985,5.98,25.87,0.16,0.001,2.3083,12.27,25467.25,7.59,91.76,7.09,-0,-0.9997,124.59,126.38,122.29,24.9,Cornering,"Hoosier 43075 16x7.5-10 R20, 7 inch rim",8898
78.25,483.24,-0.37,-443.43,-190.26,1.993,5.94,26.07,-0.04,0.002,2.3307,12.21,-98465.05,7.59,91.76,7.127,-0,-1.0001,124.61,126.44,122.27,24.91,Cornering,"Hoosier 43075 16x7.5-10 R20, 7 inch rim",8899
78.22,483.25,-1.35,-444.39,-188.81,1.99,6.26,26.6,0.09,0.0071,2.3536,12.11,43900.43,7.59,91.75,7.166,-0,-0.9998,124.63,126.53,122.21,24.92,Cornering,"Hoosier 43075 16x7.5-10 R20, 7 inch rim",8900
78.22,483.26,-2.68,-447.94,-189.04,1.983,6.9,27.69,0.03,0.0142,2.3695,12.03,158514.2,7.59,91.77,7.22,-0,-1,124.74,126.73,122.21,24.93,Cornering,"Hoosier 43075 16x7.5-10 R20, 7 inch rim",8901
78.25,483.27,-4.1,-452.75,-190.38,1.998,6.8,28.85,0.03,0.0215,2.3781,12,158502.22,7.59,91.79,7.253,-0,-1,124.97,126.77,122.27,24.93,Cornering,"Hoosier 43075 16x7.5-10 R20, 7 inch rim",8902
78.23,483.28,-5.28,-458.42,-192.85,1.993,6.29,29.26,0.16,0.0274,2.377,12.04,25479.58,7.59,91.78,7.286,-0,-0.9997,125.16,126.82,122.37,24.92,Cornering,"Hoosier 43075 16x7.5-10 R20, 7 inch rim",8903
78.21,483.29,-5.61,-463.47,-195.31,1.987,5.53,29.53,0.16,0.0287,2.3729,12.12,25482.8,7.59,91.76,7.332,-0,-0.9997,125.23,126.79,122.54,24.93,Cornering,"Hoosier 43075 16x7.5-10 R20, 7 inch rim",8904
78.23,483.3,-5.28,-466.98,-197.59,1.986,4.6,28.99,0.16,0.0267,2.3634,12.22,25510.22,7.59,91.74,7.369,-0,-0.9997,125.38,126.9,122.64,24.96,Cornering,"Hoosier 43075 16x7.5-10 R20, 7 inch rim",8905
78.25,483.31,-3.93,-467.72,-198.85,1.989,4.67,28.35,0.09,0.0198,2.3521,12.28,44018.22,7.59,91.72,7.414,-0,-0.9998,125.53,126.93,122.7,25,Cornering,"Hoosier 43075 16x7.5-10 R20, 7 inch rim",8906
78.21,483.32,-2.48,-465.39,-199.56,2.002,5.87,27.33,0.09,0.0124,2.3321,12.28,44045.43,7.59,91.69,7.447,-0,-0.9998,125.64,126.97,122.72,25.01,Cornering,"Hoosier 43075 16x7.5-10 R20, 7 inch rim",8907
78.21,483.33,-1.33,-460.89,-198.44,1.992,6.67,25.82,0.09,0.0067,2.3225,12.21,44030,7.59,91.67,7.497,-0,-0.9998,125.68,127.04,122.66,25.01,Cornering,"Hoosier 43075 16x7.5-10 R20, 7 inch rim",8908
78.24,483.34,-0.47,-456.6,-195.45,1.979,6.03,24.86,0.09,0.0024,2.3362,12.1,44006.29,7.59,91.64,7.528,-0,-0.9998,125.74,127.15,122.54,25,Cornering,"Hoosier 43075 16x7.5-10 R20, 7 inch rim",8909
78.23,483.35,-0.24,-453.88,-192.85,1.982,6.29,24.69,0.03,0.0012,2.3535,12.03,158570.81,7.59,91.62,7.564,-0,-1,125.87,127.23,122.54,24.96,Cornering,"Hoosier 43075 16x7.5-10 R20, 7 inch rim",8910
78.2,483.36,-0.69,-453.76,-190.93,1.974,6.77,25.09,0.09,0.0036,2.3765,12.04,43946.83,7.59,91.59,7.608,-0,-0.9998,125.87,127.32,122.54,24.97,Cornering,"Hoosier 43075 16x7.5-10 R20, 7 inch rim",8911
78.22,483.37,-2.02,-456.59,-190.27,1.982,6.64,25.92,0.03,0.0106,2.3998,12.08,158687.47,7.59,91.54,7.644,-0,-1,126.02,127.52,122.49,24.98,Cornering,"Hoosier 43075 16x7.5-10 R20, 7 inch rim",8912
78.24,483.38,-3.29,-461.24,-190.95,1.983,6.43,27.17,0.09,0.0172,2.4154,12.16,43999.96,7.59,91.52,7.684,-0,-0.9998,126.22,127.74,122.54,25,Cornering,"Hoosier 43075 16x7.5-10 R20, 7 inch rim",8913
78.21,483.39,-4.41,-466.34,-192.99,1.995,6.31,28.07,0.09,0.0229,2.4163,12.25,44026.41,7.58,91.51,7.723,-0,-0.9998,126.39,127.85,122.6,25.02,Cornering,"Hoosier 43075 16x7.5-10 R20, 7 inch rim",8914
78.2,483.4,-5.21,-471.05,-195.32,1.979,5.96,27.87,0.09,0.0267,2.4116,12.28,44002.62,7.59,91.51,7.754,-0,-0.9998,126.58,127.87,122.76,25.01,Cornering,"Hoosier 43075 16x7.5-10 R20, 7 inch rim",8915
78.24,483.41,-4.73,-474.58,-197.61,1.986,5.33,27.82,0.09,0.0239,2.4015,12.24,43967.06,7.58,91.52,7.8,-0,-0.9998,126.67,127.96,122.92,24.99,Cornering,"Hoosier 43075 16x7.5-10 R20, 7 inch rim",8916
78.23,483.42,-3.79,-476.07,-199.48,1.985,5.31,27.21,0.09,0.019,2.3865,12.17,43941.69,7.58,91.5,7.846,-0,-0.9998,126.8,128.07,123.02,24.98,Cornering,"Hoosier 43075 16x7.5-10 R20, 7 inch rim",8917
78.2,483.43,-2.25,-474.17,-200.25,1.983,6.28,26.47,0.03,0.0112,2.3679,12.07,158410.31,7.58,91.54,7.883,-0,-1,126.88,128.2,123.16,24.96,Cornering,"Hoosier 43075 16x7.5-10 R20, 7 inch rim",8918
78.21,483.44,-0.72,-469.97,-199.59,1.974,6.49,25.34,0.09,0.0036,2.3547,12.02,43883.03,7.58,91.54,7.916,-0,-0.9998,126.97,128.27,123.14,24.95,Cornering,"Hoosier 43075 16x7.5-10 R20, 7 inch rim",8919
78.23,483.45,0.21,-464.77,-197.24,1.979,6.13,24.46,0.16,-0.0011,2.3563,12.02,25455.62,7.58,91.6,7.965,-0,-0.9997,127.03,128.44,123.1,24.94,Cornering,"Hoosier 43075 16x7.5-10 R20, 7 inch rim",8920
78.21,483.46,0.15,-460.5,-195.11,1.987,6.66,23.6,0.03,-0.0008,2.3602,12.08,158212.47,7.58,91.62,8.011,-0,-1,127.18,128.53,123.12,24.93,Cornering,"Hoosier 43075 16x7.5-10 R20, 7 inch rim",8921
78.2,483.47,-0.23,-459.64,-193.14,1.996,7,23.87,0.03,0.0012,2.3798,12.17,158193.47,7.58,91.61,8.058,-0,-1,127.37,128.6,123.06,24.93,Cornering,"Hoosier 43075 16x7.5-10 R20, 7 inch rim",8922
78.21,483.48,-1.46,-461.08,-191.44,1.995,7.01,24.57,0.03,0.0076,2.4085,12.25,158142.23,7.58,91.6,8.094,-0,-1,127.48,128.75,123.06,24.93,Cornering,"Hoosier 43075 16x7.5-10 R20, 7 inch rim",8923
78.23,483.49,-3.09,-465.26,-191.86,1.992,7.37,25.4,0.03,0.0161,2.425,12.23,158091.53,7.58,91.62,8.128,-0,-1,127.74,128.99,123.1,24.92,Cornering,"Hoosier 43075 16x7.5-10 R20, 7 inch rim",8924
78.2,483.5,-4.66,-470.06,-193.33,2.002,7.36,26.09,-0.04,0.0241,2.4314,12.17,-98307.59,7.58,91.59,8.173,-0,-1.0001,128.04,129.1,123.14,24.93,Cornering,"Hoosier 43075 16x7.5-10 R20, 7 inch rim",8925
78.2,483.51,-5.19,-474.48,-195.2,1.99,6.94,26.6,0.09,0.0266,2.4307,12.11,43830.8,7.58,91.59,8.201,-0,-0.9998,128.28,129.15,123.26,24.94,Cornering,"Hoosier 43075 16x7.5-10 R20, 7 inch rim",8926
78.23,483.52,-5.18,-478.16,-197.36,1.992,6.41,26.43,0.09,0.0262,2.4228,12.07,43847.26,7.58,91.62,8.236,-0,-0.9998,128.47,129.19,123.36,24.95,Cornering,"Hoosier 43075 16x7.5-10 R20, 7 inch rim",8927
78.22,483.53,-4.26,-480.73,-199.71,1.989,5.94,25.9,-0.04,0.0213,2.4072,12.1,-98326.56,7.58,91.62,8.277,-0,-1.0001,128.6,129.35,123.51,24.94,Cornering,"Hoosier 43075 16x7.5-10 R20, 7 inch rim",8928
78.19,483.54,-2.89,-480.05,-200.88,1.983,6.4,25.12,0.09,0.0144,2.3897,12.17,43858.1,7.58,91.63,8.319,-0,-0.9998,128.66,129.44,123.55,24.96,Cornering,"Hoosier 43075 16x7.5-10 R20, 7 inch rim",8929
78.22,483.55,-1.61,-477.09,-200.83,1.982,6.65,23.89,0.03,0.008,2.3756,12.2,158288.77,7.58,91.62,8.363,-0,-1,128.79,129.57,123.53,24.97,Cornering,"Hoosier 43075 16x7.5-10 R20, 7 inch rim",8930
78.23,483.56,-0.87,-472.34,-199.31,1.989,6.64,22.46,0.16,0.0044,2.3698,12.22,25455.65,7.58,91.62,8.413,-0,-0.9997,128.86,129.7,123.55,24.97,Cornering,"Hoosier 43075 16x7.5-10 R20, 7 inch rim",8931
78.2,483.57,-0.1,-467.45,-196.75,1.996,7,22.08,0.09,0.0005,2.3759,12.17,43843.13,7.57,91.61,8.447,-0,-0.9998,128.94,129.85,123.53,24.96,Cornering,"Hoosier 43075 16x7.5-10 R20, 7 inch rim",8932
78.2,483.58,-0.22,-464.7,-194.86,1.995,8.16,22.03,0.16,0.0011,2.3848,12.1,25438.78,7.57,91.6,8.488,-0,-0.9997,129.09,129.94,123.51,24.96,Cornering,"Hoosier 43075 16x7.5-10 R20, 7 inch rim",8933
78.23,483.59,-1,-465.67,-193.32,1.99,7.89,22.6,0.09,0.0052,2.4088,12.03,43822.17,7.57,91.63,8.539,-0,-0.9998,129.22,130.03,123.49,24.96,Cornering,"Hoosier 43075 16x7.5-10 R20, 7 inch rim",8934
78.22,483.6,-2.43,-468.66,-192.41,1.998,7.83,23.41,0.09,0.0126,2.4357,12.05,43808.27,7.57,91.65,8.571,-0,-0.9998,129.41,130.23,123.53,24.95,Cornering,"Hoosier 43075 16x7.5-10 R20, 7 inch rim",8935
78.19,483.61,-3.93,-473.58,-193.62,1.992,8.25,24.17,0.09,0.0203,2.446,12.09,43803.67,7.57,91.65,8.609,-0,-0.9998,129.63,130.47,123.63,24.95,Cornering,"Hoosier 43075 16x7.5-10 R20, 7 inch rim",8936
78.21,483.62,-4.59,-478.52,-195.03,1.992,7.28,25.11,0.16,0.0235,2.4536,12.19,25439.45,7.57,91.65,8.649,-0,-0.9997,129.95,130.56,123.73,24.97,Cornering,"Hoosier 43075 16x7.5-10 R20, 7 inch rim",8937
78.23,483.63,-4.96,-482.84,-197.31,2.004,6.85,25.23,0.03,0.0251,2.447,12.21,158261.64,7.57,91.61,8.685,-0,-1,130.19,130.6,123.89,24.98,Cornering,"Hoosier 43075 16x7.5-10 R20, 7 inch rim",8938
78.2,483.64,-4.48,-485.54,-199.24,1.986,6.67,24.76,0.09,0.0225,2.437,12.19,43841.32,7.57,91.58,8.719,-0,-0.9998,130.27,130.67,124.03,24.98,Cornering,"Hoosier 43075 16x7.5-10 R20, 7 inch rim",8939
78.19,483.65,-3.35,-486.12,-200.94,1.992,6.71,24.19,0.09,0.0167,2.4192,12.11,43784.39,7.57,91.54,8.77,-0,-0.9998,130.36,130.8,124.17,24.95,Cornering,"Hoosier 43075 16x7.5-10 R20, 7 inch rim",8940
78.22,483.66,-1.73,-483.31,-200.7,1.982,6.53,23.42,0.09,0.0086,2.4082,12.03,43740.93,7.57,91.52,8.793,-0,-0.9998,130.46,130.89,124.19,24.93,Cornering,"Hoosier 43075 16x7.5-10 R20, 7 inch rim",8941
78.22,483.67,-0.72,-478.52,-200.55,1.995,7.52,22.38,0.03,0.0036,2.3861,11.97,157745.31,7.57,91.46,8.858,-0,-1,130.53,131.02,124.23,24.92,Cornering,"Hoosier 43075 16x7.5-10 R20, 7 inch rim",8942
78.19,483.68,-0.07,-473.14,-198.07,1.987,7.5,21.39,0.09,0.0003,2.3888,11.98,43709.58,7.57,91.42,8.883,-0,-0.9998,130.64,131.2,124.19,24.92,Cornering,"Hoosier 43075 16x7.5-10 R20, 7 inch rim",8943
78.2,483.69,-0.04,-469.78,-196.29,1.995,8.04,21.19,0.09,0.0002,2.3933,12.06,43723.75,7.57,91.42,8.933,-0,-0.9998,130.76,131.33,124.17,24.93,Cornering,"Hoosier 43075 16x7.5-10 R20, 7 inch rim",8944
78.23,483.7,-0.89,-469.22,-193.97,1.992,7.46,21.3,0.09,0.0046,2.4191,12.14,43748.22,7.57,91.44,8.982,-0,-0.9998,131,131.48,124.19,24.94,Cornering,"Hoosier 43075 16x7.5-10 R20, 7 inch rim",8945
78.2,483.71,-2.23,-471.38,-193.42,1.98,8.36,21.73,0.09,0.0115,2.4371,12.25,43754.83,7.57,91.5,9.01,-0,-0.9998,131.28,131.64,124.17,24.95,Cornering,"Hoosier 43075 16x7.5-10 R20, 7 inch rim",8946
78.19,483.72,-3.12,-475.77,-193.41,1.995,7.83,23.11,0.16,0.0161,2.46,12.26,25405.06,7.57,91.57,9.05,-0,-0.9997,131.52,131.92,124.27,24.96,Cornering,"Hoosier 43075 16x7.5-10 R20, 7 inch rim",8947
78.22,483.73,-4.49,-480.23,-194.66,1.989,7.52,23.47,0.03,0.0231,2.467,12.22,157936.34,7.57,91.62,9.087,-0,-1,131.79,131.99,124.33,24.96,Cornering,"Hoosier 43075 16x7.5-10 R20, 7 inch rim",8948
78.22,483.74,-4.9,-484.68,-196.67,1.99,7.03,23.95,-0.04,0.0249,2.4645,12.15,-98189.34,7.57,91.66,9.123,-0,-1.0001,131.94,131.97,124.43,24.97,Cornering,"Hoosier 43075 16x7.5-10 R20, 7 inch rim",8949
78.19,483.75,-4.76,-488.03,-198.81,1.987,6.69,23.69,0.16,0.024,2.4547,12.06,25419.12,7.57,91.68,9.181,-0,-0.9997,132.01,131.92,124.64,24.98,Cornering,"Hoosier 43075 16x7.5-10 R20, 7 inch rim",8950
78.2,483.76,-3.91,-489.37,-200.86,1.989,6.96,23.04,0.16,0.0195,2.4364,12,25429.12,7.57,91.73,9.205,-0,-0.9997,132.12,132.08,124.74,25,Cornering,"Hoosier 43075 16x7.5-10 R20, 7 inch rim",8951
78.23,483.77,-2.72,-487.95,-201.77,1.99,6.95,22.14,0.23,0.0135,2.4183,12.03,17910.8,7.57,91.78,9.249,-0,-0.9996,132.27,132.23,124.78,25,Cornering,"Hoosier 43075 16x7.5-10 R20, 7 inch rim",8952
78.21,483.78,-1.27,-483.31,-201.27,1.996,7.37,21.27,0.09,0.0063,2.4013,12.1,43790.1,7.57,91.81,9.294,-0,-0.9998,132.33,132.36,124.72,24.99,Cornering,"Hoosier 43075 16x7.5-10 R20, 7 inch rim",8953
78.19,483.79,-0.24,-477.91,-199.41,1.987,7.1,20.34,0.09,0.0012,2.3967,12.19,43775.71,7.57,91.87,9.327,-0,-0.9998,132.48,132.58,124.7,24.98,Cornering,"Hoosier 43075 16x7.5-10 R20, 7 inch rim",8954
78.21,483.8,-0.21,-473.47,-197.9,2.001,7.8,19.51,0.09,0.001,2.3925,12.22,43790.09,7.56,91.9,9.372,-0,-0.9998,132.63,132.78,124.68,25,Cornering,"Hoosier 43075 16x7.5-10 R20, 7 inch rim",8955
78.23,483.81,-0.19,-471.8,-196.13,1.996,8.25,19.7,0.16,0.001,2.4056,12.2,25425.29,7.56,91.94,9.414,-0,-0.9997,132.85,132.93,124.64,25.01,Cornering,"Hoosier 43075 16x7.5-10 R20, 7 inch rim",8956
78.2,483.82,-1.01,-473.06,-194.65,1.985,8.1,20.34,0.16,0.0052,2.4304,12.14,25417.44,7.57,91.94,9.44,-0,-0.9997,133.04,133.11,124.64,25,Cornering,"Hoosier 43075 16x7.5-10 R20, 7 inch rim",8957
78.19,483.83,-2.8,-476.65,-194.83,1.995,8.73,20.78,0.09,0.0144,2.4465,12.06,43764.83,7.56,91.93,9.488,-0,-0.9998,133.23,133.4,124.7,24.99,Cornering,"Hoosier 43075 16x7.5-10 R20, 7 inch rim",8958
78.22,483.84,-4.12,-481.44,-195.33,1.985,8,21.54,0.16,0.0211,2.4647,12.03,25404.69,7.57,91.95,9.53,-0,-0.9997,133.34,133.64,124.8,25,Cornering,"Hoosier 43075 16x7.5-10 R20, 7 inch rim",8959
78.21,483.85,-4.72,-485.72,-197.35,1.983,8.2,22.29,0.09,0.0239,2.4612,12.05,43754.65,7.57,91.97,9.566,-0,-0.9998,133.47,133.66,125,24.99,Cornering,"Hoosier 43075 16x7.5-10 R20, 7 inch rim",8960
78.19,483.86,-4.96,-489.41,-199.37,1.987,7.59,22.29,0.09,0.0249,2.4548,12.11,43747.83,7.56,91.99,9.617,-0,-0.9998,133.53,133.62,125.2,24.99,Cornering,"Hoosier 43075 16x7.5-10 R20, 7 inch rim",8961
78.22,483.87,-4.05,-491.21,-201.2,1.985,7.32,22.07,0.16,0.0202,2.4414,12.17,25395.33,7.57,92.03,9.652,-0,-0.9997,133.47,133.64,125.38,25,Cornering,"Hoosier 43075 16x7.5-10 R20, 7 inch rim",8962
78.23,483.88,-2.88,-490.25,-202.54,1.99,7.76,21.28,0.23,0.0142,2.4205,12.18,17886.9,7.56,92.08,9.696,-0,-0.9996,133.53,133.75,125.57,25,Cornering,"Hoosier 43075 16x7.5-10 R20, 7 inch rim",8963
78.2,483.89,-1.73,-486.68,-202.12,1.985,7.42,20.1,0.03,0.0086,2.4079,12.12,157855.38,7.56,92.14,9.729,-0,-1,133.64,133.88,125.59,25,Cornering,"Hoosier 43075 16x7.5-10 R20, 7 inch rim",8964
78.19,483.9,-0.24,-481.73,-201.44,1.987,7.91,19.64,0.09,0.0012,2.3914,12.06,43697.68,7.56,92.16,9.765,-0,-0.9998,133.77,134.01,125.57,24.97,Cornering,"Hoosier 43075 16x7.5-10 R20, 7 inch rim",8965
78.22,483.91,0.51,-476.67,-199.37,1.989,7.81,19.01,0.09,-0.0025,2.3908,12,43670.82,7.56,92.18,9.813,-0,-0.9998,133.88,134.15,125.55,24.96,Cornering,"Hoosier 43075 16x7.5-10 R20, 7 inch rim",8966
78.21,483.92,0.3,-473.92,-197.7,1.993,8.14,18.65,0.09,-0.0015,2.3972,12.03,43656.8,7.56,92.17,9.842,-0,-0.9998,134.07,134.26,125.55,24.96,Cornering,"Hoosier 43075 16x7.5-10 R20, 7 inch rim",8967
78.19,483.93,-0.34,-473.82,-196.11,1.996,8.53,19.05,0.03,0.0017,2.4161,12.08,157413.3,7.56,92.14,9.885,-0,-1,134.37,134.41,125.55,24.94,Cornering,"Hoosier 43075 16x7.5-10 R20, 7 inch rim",8968
78.21,483.94,-1.68,-476.44,-195.61,1.982,8.66,19.79,0.16,0.0086,2.4357,12.17,25332.59,7.56,92.13,9.927,-0,-0.9997,134.69,134.67,125.53,24.96,Cornering,"Hoosier 43075 16x7.5-10 R20, 7 inch rim",8969
78.22,483.95,-3.44,-480.68,-195.77,2.002,8.5,20.48,0.16,0.0176,2.4554,12.2,25316.84,7.56,92.12,9.977,-0,-0.9997,134.95,134.96,125.57,24.94,Cornering,"Hoosier 43075 16x7.5-10 R20, 7 inch rim",8970
78.2,483.96,-4.6,-484.82,-196.84,1.989,8.17,21.05,0.09,0.0234,2.463,12.19,43614.62,7.56,92.11,10.002,-0,-0.9998,135.18,135.07,125.75,24.94,Cornering,"Hoosier 43075 16x7.5-10 R20, 7 inch rim",8971
78.19,483.97,-5.16,-488.63,-199.14,1.989,8.53,21.4,0.16,0.0259,2.4538,12.12,25311.11,7.56,92.14,10.048,-0,-0.9997,135.38,135.03,125.91,24.94,Cornering,"Hoosier 43075 16x7.5-10 R20, 7 inch rim",8972
78.22,483.98,-4.85,-491.38,-200.91,1.986,7.74,21.15,0.03,0.0241,2.4458,12.05,157350.45,7.56,92.15,10.085,-0,-1,135.44,135.05,126.07,24.94,Cornering,"Hoosier 43075 16x7.5-10 R20, 7 inch rim",8973
78.22,483.99,-3.51,-491.93,-202.48,1.979,7.83,20.79,0.16,0.0173,2.4295,11.98,25310.65,7.56,92.14,10.127,-0,-0.9997,135.46,135.18,126.25,24.95,Cornering,"Hoosier 43075 16x7.5-10 R20, 7 inch rim",8974
78.18,484,-1.88,-489.62,-203.14,1.993,7.7,20.12,0.16,0.0093,2.4103,12.02,25313.86,7.56,92.14,10.16,-0,-0.9997,135.64,135.36,126.29,24.96,Cornering,"Hoosier 43075 16x7.5-10 R20, 7 inch rim",8975
78.2,484.01,-0.44,-484.78,-203.13,1.985,8.1,19.18,0.09,0.0022,2.3865,12.08,43627.47,7.56,92.15,10.201,-0,-0.9998,135.94,135.51,126.29,24.97,Cornering,"Hoosier 43075 16x7.5-10 R20, 7 inch rim",8976
78.22,484.02,0.59,-479.42,-201.28,1.993,7.61,18.33,0.09,-0.0029,2.3818,12.18,43610.29,7.56,92.18,10.252,-0,-0.9998,136.17,135.73,126.29,24.96,Cornering,"Hoosier 43075 16x7.5-10 R20, 7 inch rim",8977
78.2,484.03,1.14,-474.99,-198.92,1.998,7.41,18.31,0.16,-0.0057,2.3879,12.22,25316.03,7.56,92.19,10.277,-0,-0.9997,136.45,135.95,126.31,24.97,Cornering,"Hoosier 43075 16x7.5-10 R20, 7 inch rim",8978
78.18,484.04,0.4,-473.28,-197.62,1.983,8.84,17.98,0.16,-0.002,2.3949,12.22,25306.5,7.56,92.24,10.322,-0,-0.9997,136.73,136.13,126.31,24.96,Cornering,"Hoosier 43075 16x7.5-10 R20, 7 inch rim",8979
78.22,484.05,-0.81,-474.74,-196.36,1.995,9.18,18.42,0.09,0.0041,2.4177,12.16,43615.72,7.56,92.27,10.356,-0,-0.9998,137.03,136.35,126.37,24.97,Cornering,"Hoosier 43075 16x7.5-10 R20, 7 inch rim",8980
78.22,484.06,-2.48,-478.61,-195.89,1.986,9.23,19.02,0.16,0.0127,2.4433,12.06,25293.16,7.56,92.28,10.412,-0,-0.9997,137.18,136.61,126.46,24.96,Cornering,"Hoosier 43075 16x7.5-10 R20, 7 inch rim",8981
78.2,484.07,-3.98,-482.64,-196.66,1.99,9.31,19.48,0.16,0.0203,2.4541,11.99,25296.65,7.56,92.32,10.441,-0,-0.9997,137.44,136.76,126.56,24.96,Cornering,"Hoosier 43075 16x7.5-10 R20, 7 inch rim",8982
78.2,484.08,-4.49,-486.79,-198.67,1.996,9.11,20.27,0.09,0.0226,2.4503,12,43565.85,7.56,92.31,10.492,-0,-0.9998,137.5,136.72,126.78,24.96,Cornering,"Hoosier 43075 16x7.5-10 R20, 7 inch rim",8983
78.23,484.09,-4.85,-490.48,-200.22,1.992,7.66,19.69,0.09,0.0242,2.4497,12.06,43549.94,7.56,92.26,10.532,-0,-0.9998,137.48,136.61,127,24.95,Cornering,"Hoosier 43075 16x7.5-10 R20, 7 inch rim",8984
78.2,484.1,-4.1,-492.12,-202.4,1.993,7.89,19.35,0.09,0.0203,2.4314,12.15,43554.25,7.56,92.24,10.572,-0,-0.9998,137.46,136.59,127.18,24.96,Cornering,"Hoosier 43075 16x7.5-10 R20, 7 inch rim",8985
78.19,484.11,-2.81,-491.15,-203.19,1.985,7.69,18.42,0.09,0.0138,2.4171,12.23,43547.78,7.56,92.25,10.617,-0,-0.9998,137.52,136.74,127.28,24.96,Cornering,"Hoosier 43075 16x7.5-10 R20, 7 inch rim",8986
78.21,484.12,-1.5,-487.28,-202.85,1.986,7.47,17.4,0.09,0.0074,2.4022,12.25,43564.25,7.56,92.28,10.642,-0,-0.9998,137.74,136.85,127.28,24.97,Cornering,"Hoosier 43075 16x7.5-10 R20, 7 inch rim",8987
78.22,484.13,-0.23,-481.7,-202.28,1.987,7.99,16.67,0.09,0.0011,2.3814,12.19,43547.63,7.56,92.29,10.687,-0,-0.9998,137.97,136.99,127.22,24.96,Cornering,"Hoosier 43075 16x7.5-10 R20, 7 inch rim",8988
78.19,484.14,0.22,-476.32,-200.64,1.99,7.94,15.98,0.09,-0.0011,2.374,12.12,43521.3,7.56,92.3,10.728,-0,-0.9998,138.3,137.21,127.24,24.95,Cornering,"Hoosier 43075 16x7.5-10 R20, 7 inch rim",8989
78.2,484.15,-0.16,-472.8,-199.07,1.995,8.54,15.77,0.16,0.0008,2.375,12.04,25240.19,7.56,92.33,10.761,-0,-0.9997,138.6,137.29,127.12,24.93,Cornering,"Hoosier 43075 16x7.5-10 R20, 7 inch rim",8990
78.23,484.16,-1.2,-472.68,-197.42,1.99,8.83,15.85,0.16,0.0061,2.3942,11.99,25223.78,7.56,92.35,10.816,-0,-0.9997,138.87,137.51,126.94,24.92,Cornering,"Hoosier 43075 16x7.5-10 R20, 7 inch rim",8991
78.21,484.17,-2.35,-475.65,-197.15,1.996,9.28,17.03,0.09,0.0119,2.4127,12.02,43442.2,7.56,92.37,10.853,-0,-0.9998,139.15,137.8,126.76,24.92,Cornering,"Hoosier 43075 16x7.5-10 R20, 7 inch rim",8992
78.18,484.18,-3.54,-480.12,-197.85,1.99,9.79,18.05,0.03,0.0179,2.4267,12.11,156751.98,7.56,92.41,10.886,-0,-1,139.35,138.04,126.68,24.92,Cornering,"Hoosier 43075 16x7.5-10 R20, 7 inch rim",8993
78.2,484.19,-4.58,-484.6,-198.76,1.99,8.81,18.61,0.09,0.023,2.4382,12.19,43480.54,7.56,92.42,10.935,-0,-0.9998,139.41,138.11,126.62,24.94,Cornering,"Hoosier 43075 16x7.5-10 R20, 7 inch rim",8994
78.22,484.2,-4.85,-488.43,-200.75,1.989,8.69,18.67,0.16,0.0242,2.433,12.25,25233.21,7.56,92.4,10.978,-0,-0.9997,139.35,138.06,126.64,24.94,Cornering,"Hoosier 43075 16x7.5-10 R20, 7 inch rim",8995
78.2,484.21,-4.53,-490.88,-202.14,1.986,7.33,18.12,0.09,0.0224,2.4283,12.22,43480.08,7.56,92.39,11.005,-0,-0.9998,139.37,137.98,126.7,24.95,Cornering,"Hoosier 43075 16x7.5-10 R20, 7 inch rim",8996
78.19,484.22,-3.27,-490.83,-203.76,1.989,7.32,17.66,0.09,0.016,2.4089,12.15,43462.61,7.56,92.38,11.053,-0,-0.9998,139.3,138.11,126.72,24.94,Cornering,"Hoosier 43075 16x7.5-10 R20, 7 inch rim",8997
78.21,484.23,-1.37,-488.18,-204.24,1.992,7.68,17.62,0.16,0.0067,2.3902,12.07,25229.51,7.56,92.36,11.086,-0,-0.9997,139.5,138.26,126.72,24.95,Cornering,"Hoosier 43075 16x7.5-10 R20, 7 inch rim",8998
78.21,484.24,-0.15,-483.85,-203.52,1.989,7.69,16.78,0.09,0.0007,2.3774,11.98,43460.29,7.56,92.34,11.135,-0,-0.9998,139.78,138.39,126.62,24.95,Cornering,"Hoosier 43075 16x7.5-10 R20, 7 inch rim",8999
78.19,484.25,0.78,-478.28,-201.92,1.982,8.01,16.16,0.23,-0.0039,2.3686,11.97,17779.89,7.56,92.32,11.167,-0,-0.9996,140.08,138.61,126.62,24.97,Cornering,"Hoosier 43075 16x7.5-10 R20, 7 inch rim",9000
78.2,484.26,0.64,-473.68,-200.03,1.985,8.38,15.78,0.16,-0.0032,2.3681,12.02,25235.78,7.56,92.37,11.214,-0,-0.9997,140.38,138.72,126.74,24.97,Cornering,"Hoosier 43075 16x7.5-10 R20, 7 inch rim",9001
78.22,484.27,-0.13,-471.71,-198.6,1.987,8.74,15.6,0.16,0.0007,2.3752,12.12,25231.93,7.56,92.38,11.257,-0,-0.9997,140.76,138.88,126.84,24.97,Cornering,"Hoosier 43075 16x7.5-10 R20, 7 inch rim",9002
78.19,484.28,-1.33,-472.19,-198.24,1.992,9.88,16.2,0.09,0.0067,2.3819,12.22,43486.97,7.56,92.35,11.29,-0,-0.9998,141.04,139.19,126.96,24.98,Cornering,"Hoosier 43075 16x7.5-10 R20, 7 inch rim",9003
78.18,484.29,-3.19,-475.59,-198.1,1.983,9.72,16.44,0.09,0.0161,2.4007,12.24,43490.62,7.56,92.34,11.331,-0,-0.9998,141.23,139.43,127.18,24.98,Cornering,"Hoosier 43075 16x7.5-10 R20, 7 inch rim",9004
78.22,484.3,-4.08,-479.78,-199.01,1.992,9.28,17.47,0.03,0.0205,2.4108,12.21,157035.91,7.56,92.33,11.363,-0,-1,141.39,139.6,127.45,25,Cornering,"Hoosier 43075 16x7.5-10 R20, 7 inch rim",9005
78.21,484.31,-4.7,-483.76,-200.69,1.985,8.5,17.65,0.09,0.0234,2.4105,12.13,43528.76,7.56,92.29,11.41,-0,-0.9998,141.41,139.56,127.81,25.01,Cornering,"Hoosier 43075 16x7.5-10 R20, 7 inch rim",9006
78.19,484.32,-4.76,-486.84,-202.06,1.987,7.71,17.37,0.16,0.0235,2.4094,12.04,25261.03,7.56,92.27,11.453,-0,-0.9997,141.32,139.43,128.17,25.01,Cornering,"Hoosier 43075 16x7.5-10 R20, 7 inch rim",9007
78.2,484.33,-3.42,-488.67,-203.86,1.992,7.21,17.38,0.16,0.0168,2.3971,12,25256.71,7.55,92.21,11.5,-0,-0.9997,141.23,139.41,128.44,25.01,Cornering,"Hoosier 43075 16x7.5-10 R20, 7 inch rim",9008
78.22,484.34,-2.18,-487.74,-204.62,2.006,7.02,16.74,0.03,0.0107,2.3836,12,157009.56,7.55,92.16,11.537,-0,-1,141.34,139.6,128.64,25.01,Cornering,"Hoosier 43075 16x7.5-10 R20, 7 inch rim",9009
78.2,484.35,-1.31,-483.82,-204.3,1.989,7.73,15.15,0.09,0.0064,2.3682,12.08,43533.24,7.55,92.19,11.573,-0,-0.9998,141.6,139.71,128.72,25.03,Cornering,"Hoosier 43075 16x7.5-10 R20, 7 inch rim",9010
78.19,484.36,-0.28,-478.73,-203.07,1.99,8.11,14.27,0.16,0.0014,2.3575,12.17,25258.78,7.56,92.18,11.605,-0,-0.9997,141.92,139.89,128.8,25.03,Cornering,"Hoosier 43075 16x7.5-10 R20, 7 inch rim",9011
78.21,484.37,-0.52,-473.93,-201.52,1.983,9.39,12.68,0.03,0.0026,2.3518,12.2,157024.77,7.56,92.17,11.638,-0,-1,142.24,140.07,128.92,25.03,Cornering,"Hoosier 43075 16x7.5-10 R20, 7 inch rim",9012
78.22,484.38,-1.95,-471.5,-199.63,1.985,9.62,10.58,0.03,0.0098,2.3619,12.18,157006.56,7.56,92.15,11.669,-0,-1,142.52,140.24,128.94,25.03,Cornering,"Hoosier 43075 16x7.5-10 R20, 7 inch rim",9013
78.19,484.39,-4.89,-471.35,-198.99,1.985,10.84,7.98,0.16,0.0246,2.3687,12.12,25250.67,7.55,92.15,11.692,-0,-0.9997,142.84,140.51,129,25.03,Cornering,"Hoosier 43075 16x7.5-10 R20, 7 inch rim",9014
78.2,484.4,-8.25,-474.46,-199.16,1.986,10.89,5.85,0.03,0.0414,2.3823,12.05,156905.64,7.55,92.17,11.718,-0,-1,143.08,140.75,129.08,25.01,Cornering,"Hoosier 43075 16x7.5-10 R20, 7 inch rim",9015
78.22,484.41,-10.84,-479.13,-199.25,1.987,9.1,5.03,0.09,0.0544,2.4047,11.99,43468.88,7.55,92.17,11.723,-0,-0.9998,143.21,141.01,129.16,25.01,Cornering,"Hoosier 43075 16x7.5-10 R20, 7 inch rim",9016
78.2,484.42,-10.87,-483.78,-200.01,1.985,6.92,6.19,0.09,0.0544,2.4188,12,43436.58,7.55,92.22,11.736,-0,-0.9998,143.27,141.1,129.41,24.99,Cornering,"Hoosier 43075 16x7.5-10 R20, 7 inch rim",9017
78.18,484.43,-9.74,-486.85,-202.1,1.99,6.47,7.74,0.09,0.0482,2.4089,12.08,43416.2,7.55,92.24,11.738,-0,-0.9998,143.14,140.97,129.67,24.98,Cornering,"Hoosier 43075 16x7.5-10 R20, 7 inch rim",9018
78.2,484.44,-9.27,-488.5,-203.33,1.985,6.36,7.3,0.16,0.0456,2.4025,12.14,25175.16,7.55,92.23,11.749,-0,-0.9997,142.97,140.86,129.95,24.96,Cornering,"Hoosier 43075 16x7.5-10 R20, 7 inch rim",9019
78.22,484.45,-9.82,-487.82,-204.94,1.983,7.6,4.77,0.09,0.0479,2.3803,12.19,43372.91,7.55,92.22,11.756,-0,-0.9998,142.95,140.95,130.13,24.96,Cornering,"Hoosier 43075 16x7.5-10 R20, 7 inch rim",9020
78.19,484.46,-10.65,-484.57,-204.76,1.989,8.09,1.45,0.09,0.052,2.3665,12.2,43343.61,7.55,92.23,11.751,-0,-0.9998,143.19,141.04,130.23,24.94,Cornering,"Hoosier 43075 16x7.5-10 R20, 7 inch rim",9021
78.22,484.48,-11.48,-475.92,-203.13,1.995,8.42,-2.98,0.16,0.0565,2.343,12.05,25127.85,7.55,92.27,12.294,-0,-0.9997,143.87,141.45,130.19,24.91,Cornering,"Hoosier 43075 16x7.5-10 R20, 7 inch rim",9022
78.2,484.49,-10.03,-472.72,-201.16,1.99,7.67,-1.48,0.09,0.0499,2.35,12.02,43301.7,7.55,92.25,12.3,-0,-0.9998,144.24,141.7,130.25,24.92,Cornering,"Hoosier 43075 16x7.5-10 R20, 7 inch rim",9023
78.18,484.5,-8.28,-472.09,-200.53,1.979,7.77,1.87,0.23,0.0413,2.3542,12.03,17709.42,7.55,92.27,12.29,-0,-0.9996,144.62,141.89,130.25,24.92,Cornering,"Hoosier 43075 16x7.5-10 R20, 7 inch rim",9024
78.2,484.51,-6.68,-473.85,-200.29,1.996,7.86,6.48,0.16,0.0333,2.3659,12.1,25169.44,7.55,92.28,12.287,-0,-0.9997,144.95,142.22,130.25,24.95,Cornering,"Hoosier 43075 16x7.5-10 R20, 7 inch rim",9025
78.22,484.52,-6.61,-476.98,-200.1,2.001,7.72,9.67,0.09,0.033,2.3837,12.16,43394.9,7.55,92.25,12.284,-0,-0.9998,145.2,142.51,130.32,24.97,Cornering,"Hoosier 43075 16x7.5-10 R20, 7 inch rim",9026
78.2,484.53,-6.57,-479.72,-201.2,1.987,8.41,12.58,0.23,0.0327,2.3843,12.2,17743.21,7.55,92.27,12.277,-0,-0.9996,145.29,142.64,130.5,24.97,Cornering,"Hoosier 43075 16x7.5-10 R20, 7 inch rim",9027
78.19,484.54,-5.42,-481.7,-202.22,1.983,8.72,15.75,0.16,0.0268,2.382,12.18,25182.88,7.55,92.28,12.268,-0,-0.9997,145.16,142.55,130.78,24.96,Cornering,"Hoosier 43075 16x7.5-10 R20, 7 inch rim",9028
78.22,484.55,-3.59,-483.86,-203.31,1.99,8.31,18.48,0.16,0.0176,2.3799,12.11,25178.49,7.55,92.31,12.252,-0,-0.9997,144.99,142.38,131.02,24.96,Cornering,"Hoosier 43075 16x7.5-10 R20, 7 inch rim",9029
78.2,484.56,-0.76,-484.92,-204.87,1.998,8.6,20.91,0.09,0.0037,2.367,12.03,43388.74,7.55,92.36,12.26,-0,-0.9998,144.8,142.36,131.25,24.96,Cornering,"Hoosier 43075 16x7.5-10 R20, 7 inch rim",9030
78.18,484.57,1.52,-484.57,-205.31,1.985,8.22,21.86,0.09,-0.0074,2.3602,12,43412.11,7.55,92.37,12.24,-0,-0.9998,144.77,142.51,131.37,24.97,Cornering,"Hoosier 43075 16x7.5-10 R20, 7 inch rim",9031
78.2,484.58,3.23,-482.56,-205.17,1.985,7.23,21.78,0.09,-0.0157,2.352,12.04,43451.26,7.55,92.38,12.247,-0,-0.9998,144.97,142.69,131.33,25,Cornering,"Hoosier 43075 16x7.5-10 R20, 7 inch rim",9032
78.22,484.59,4.73,-478.53,-204.93,1.985,7.51,21.63,0.09,-0.0231,2.335,12.12,43481.72,7.55,92.36,12.245,-0,-0.9998,145.31,142.88,131.29,25.01,Cornering,"Hoosier 43075 16x7.5-10 R20, 7 inch rim",9033
78.19,484.6,5.05,-474.7,-203.09,1.986,7.06,20.83,0.03,-0.0249,2.3374,12.22,156915.61,7.55,92.39,12.24,-0,-1,145.65,143.06,131.33,25.01,Cornering,"Hoosier 43075 16x7.5-10 R20, 7 inch rim",9034
78.18,484.61,4.47,-472.12,-201.19,1.987,6.54,20.05,0.03,-0.0222,2.3466,12.25,156770.16,7.55,92.44,12.24,-0,-1,146,143.24,131.37,24.99,Cornering,"Hoosier 43075 16x7.5-10 R20, 7 inch rim",9035
78.21,484.62,3.39,-471.21,-199.97,1.985,7.47,19.61,0.16,-0.017,2.3565,12.23,25180.36,7.55,92.49,12.232,-0,-0.9997,146.38,143.52,131.37,24.96,Cornering,"Hoosier 43075 16x7.5-10 R20, 7 inch rim",9036
78.21,484.63,0.27,-472.47,-199.7,1.993,8.57,17.63,0.09,-0.0014,2.366,12.17,43361.73,7.55,92.53,12.24,-0,-0.9998,146.64,143.81,131.39,24.94,Cornering,"Hoosier 43075 16x7.5-10 R20, 7 inch rim",9037
78.18,484.64,-3.49,-474.95,-199.72,1.992,8.9,14.87,0.16,0.0175,2.3781,12.06,25163.88,7.55,92.53,12.221,-0,-0.9997,146.79,144.01,131.47,24.94,Cornering,"Hoosier 43075 16x7.5-10 R20, 7 inch rim",9038
78.2,484.65,-7.8,-477.87,-200.92,1.996,8.93,11.07,0.16,0.0388,2.3785,12,25159.89,7.55,92.55,12.201,-0,-0.9997,146.77,144.05,131.61,24.93,Cornering,"Hoosier 43075 16x7.5-10 R20, 7 inch rim",9039
78.23,484.66,-11.22,-480.78,-202.58,1.999,8.72,7.34,0.09,0.0554,2.3733,12.01,43359.66,7.55,92.58,12.189,-0,-0.9998,146.6,143.85,131.91,24.94,Cornering,"Hoosier 43075 16x7.5-10 R20, 7 inch rim",9040
78.2,484.67,-12.25,-483.34,-204.35,1.986,8.59,4.8,0.03,0.0599,2.3652,12.05,156521.34,7.55,92.62,12.167,-0,-1,146.32,143.74,132.15,24.94,Cornering,"Hoosier 43075 16x7.5-10 R20, 7 inch rim",9041
78.18,484.68,-11.63,-484.22,-205.95,1.989,8.79,3.08,0.03,0.0565,2.3512,12.15,156504.7,7.55,92.69,12.132,-0,-1,146.19,143.81,132.32,24.94,Cornering,"Hoosier 43075 16x7.5-10 R20, 7 inch rim",9042
78.2,484.69,-11.69,-482.82,-206.48,1.995,8.98,0.25,0.03,0.0566,2.3383,12.19,156631.03,7.55,92.74,12.102,-0,-1,146.28,143.92,132.32,24.96,Cornering,"Hoosier 43075 16x7.5-10 R20, 7 inch rim",9043
78.22,484.7,-12.96,-480.21,-205.12,1.992,7.82,-3.83,0.09,0.0632,2.3411,12.18,43417.94,7.55,92.75,12.076,-0,-0.9998,146.58,144.03,132.26,24.96,Cornering,"Hoosier 43075 16x7.5-10 R20, 7 inch rim",9044
78.2,484.71,-14.66,-476.86,-202.69,1.987,6.83,-7.59,0.09,0.0723,2.3526,12.12,43433.9,7.55,92.75,12.039,-0,-0.9998,146.9,144.23,132.17,24.97,Cornering,"Hoosier 43075 16x7.5-10 R20, 7 inch rim",9045
78.2,484.72,-15.46,-474.44,-200.94,1.993,6.57,-8.59,-0.04,0.0769,2.361,12.02,-97355.96,7.55,92.75,12,-0,-1.0001,147.29,144.36,132.22,24.94,Cornering,"Hoosier 43075 16x7.5-10 R20, 7 inch rim",9046
78.22,484.73,-14.54,-473.23,-199.18,1.986,6.46,-6.35,0.09,0.073,2.3759,11.97,43429.24,7.55,92.74,11.94,-0,-0.9998,147.63,144.6,132.19,24.96,Cornering,"Hoosier 43075 16x7.5-10 R20, 7 inch rim",9047
78.21,484.74,-11.87,-473.57,-198.51,1.987,7.22,-0.85,0.23,0.0598,2.3856,11.98,17763.37,7.55,92.71,11.902,-0,-0.9996,147.97,144.91,132.19,24.96,Cornering,"Hoosier 43075 16x7.5-10 R20, 7 inch rim",9048
78.18,484.75,-9.32,-474.8,-198.64,1.983,8.56,5.33,0.09,0.0469,2.3902,12.03,43483.86,7.55,92.67,11.849,-0,-0.9998,148.21,145.17,132.28,24.98,Cornering,"Hoosier 43075 16x7.5-10 R20, 7 inch rim",9049
78.21,484.76,-7.29,-477.08,-199.75,1.974,8.79,10.66,0.03,0.0365,2.3884,12.14,156944.05,7.56,92.67,11.806,-0,-1,148.25,145.26,132.46,24.98,Cornering,"Hoosier 43075 16x7.5-10 R20, 7 inch rim",9050
78.23,484.77,-6.33,-478.93,-201.77,1.993,9.17,14.17,-0.04,0.0314,2.3737,12.24,-97554.52,7.55,92.67,11.756,-0,-1.0001,148.08,145.15,132.72,24.97,Cornering,"Hoosier 43075 16x7.5-10 R20, 7 inch rim",9051
78.19,484.78,-5.79,-480.58,-203.51,1.987,9.16,15.85,-0.04,0.0284,2.3614,12.24,-97504.34,7.55,92.68,11.704,-0,-1.0001,147.82,144.89,133,24.96,Cornering,"Hoosier 43075 16x7.5-10 R20, 7 inch rim",9052
78.19,484.79,-3.83,-482.08,-205.39,1.986,8.99,17.84,0.16,0.0186,2.3472,12.22,25222.01,7.55,92.69,11.644,-0,-0.9997,147.67,144.82,133.21,24.94,Cornering,"Hoosier 43075 16x7.5-10 R20, 7 inch rim",9053
78.22,484.8,-0.1,-482.56,-205.86,1.993,7.77,20.86,0.09,0.0005,2.3441,12.14,43459.35,7.55,92.73,11.614,-0,-0.9998,147.67,144.87,133.31,24.94,Cornering,"Hoosier 43075 16x7.5-10 R20, 7 inch rim",9054
78.21,484.81,2.97,-481.66,-204.81,1.987,6.27,22.73,0.09,-0.0145,2.3517,12.04,43484.98,7.55,92.74,11.578,-0,-0.9998,147.89,144.95,133.25,24.96,Cornering,"Hoosier 43075 16x7.5-10 R20, 7 inch rim",9055
78.18,484.82,5.35,-479.37,-203.63,1.992,5.96,23.96,0.16,-0.0263,2.3541,11.99,25261.65,7.55,92.76,11.527,-0,-0.9997,148.25,145.11,133.14,24.97,Cornering,"Hoosier 43075 16x7.5-10 R20, 7 inch rim",9056
78.21,484.83,5.55,-476.91,-202.3,1.986,5.98,23.54,0.16,-0.0274,2.3574,12.02,25294.6,7.55,92.74,11.485,-0,-0.9997,148.55,145.26,133.12,25,Cornering,"Hoosier 43075 16x7.5-10 R20, 7 inch rim",9057
78.22,484.84,4.85,-474.66,-199.26,1.983,5.84,22.84,0.09,-0.0243,2.3821,12.08,43604.14,7.55,92.76,11.458,-0,-0.9998,148.94,145.44,133.12,25.01,Cornering,"Hoosier 43075 16x7.5-10 R20, 7 inch rim",9058
78.19,484.85,3.31,-474.22,-198.46,1.989,7.16,22.64,0.09,-0.0167,2.3896,12.19,43609.3,7.55,92.77,11.423,-0,-0.9998,149.28,145.7,133.06,25.01,Cornering,"Hoosier 43075 16x7.5-10 R20, 7 inch rim",9059
78.19,484.86,1.92,-474.06,-198.03,1.985,8.84,23.17,0.09,-0.0097,2.3939,12.25,43595.72,7.55,92.82,11.379,-0,-0.9998,149.47,146.01,133.06,25,Cornering,"Hoosier 43075 16x7.5-10 R20, 7 inch rim",9060
78.22,484.87,0.8,-475.16,-198.47,1.999,9.76,24.15,0.03,-0.0041,2.3941,12.24,157339.84,7.55,92.83,11.349,-0,-1,149.58,146.25,133.12,25,Cornering,"Hoosier 43075 16x7.5-10 R20, 7 inch rim",9061
78.21,484.88,-0.32,-477.13,-199.55,1.99,9.74,24.51,0.23,0.0016,2.3911,12.19,17820.85,7.55,92.85,11.309,-0,-0.9996,149.54,146.27,133.27,24.99,Cornering,"Hoosier 43075 16x7.5-10 R20, 7 inch rim",9062
78.18,484.89,-1.38,-479.52,-201.74,1.974,9.45,23.5,0.09,0.0069,2.377,12.1,43580.06,7.56,92.9,11.28,-0,-0.9998,149.28,146.1,133.51,24.98,Cornering,"Hoosier 43075 16x7.5-10 R20, 7 inch rim",9063
78.2,484.9,-1.84,-482.12,-203.7,1.977,8.26,22.28,0.03,0.009,2.3668,12.02,157286.98,7.56,92.95,11.243,-0,-1,148.98,145.86,133.71,24.98,Cornering,"Hoosier 43075 16x7.5-10 R20, 7 inch rim",9064
78.23,484.91,-1.47,-484.15,-205.2,1.999,7.02,20.79,0.16,0.0072,2.3594,12,25312.46,7.55,93.01,11.21,-0,-0.9997,148.81,145.79,133.81,25,Cornering,"Hoosier 43075 16x7.5-10 R20, 7 inch rim",9065
78.2,484.92,-1.44,-483.65,-205.74,1.99,6.6,18.56,0.09,0.007,2.3508,12.03,43585.31,7.55,93.03,11.176,-0,-0.9998,148.85,145.88,133.79,24.98,Cornering,"Hoosier 43075 16x7.5-10 R20, 7 inch rim",9066
78.19,484.93,-1.17,-480.86,-204.52,1.98,6.46,16.46,0.03,0.0057,2.3512,12.11,157268.48,7.55,93.08,11.14,-0,-1,149.11,145.97,133.61,24.97,Cornering,"Hoosier 43075 16x7.5-10 R20, 7 inch rim",9067
78.22,484.94,-1.05,-477.37,-202.66,1.99,6.11,14.81,0.16,0.0052,2.3555,12.2,25303.59,7.55,93.12,11.107,-0,-0.9997,149.47,146.03,133.57,24.98,Cornering,"Hoosier 43075 16x7.5-10 R20, 7 inch rim",9068
78.21,484.95,-2.16,-473.55,-200.3,1.996,7.14,12.9,0.03,0.0108,2.3643,12.21,157376.8,7.55,93.13,11.073,-0,-1,149.77,146.08,133.51,24.98,Cornering,"Hoosier 43075 16x7.5-10 R20, 7 inch rim",9069
78.19,484.96,-3.54,-471.08,-198.51,1.985,8.82,11.82,0.09,0.0178,2.3731,12.17,43636.27,7.55,93.15,11.034,-0,-0.9998,150.12,146.23,133.45,25,Cornering,"Hoosier 43075 16x7.5-10 R20, 7 inch rim",9070
78.2,484.97,-5.39,-471.13,-197.15,1.989,8.87,11.34,0.09,0.0273,2.3897,12.1,43640.61,7.55,93.13,11.004,-0,-0.9998,150.42,146.41,133.39,25,Cornering,"Hoosier 43075 16x7.5-10 R20, 7 inch rim",9071
78.23,484.98,-7.02,-472.48,-198.4,1.989,10.56,11.74,0.16,0.0354,2.3815,12.03,25328.53,7.55,93.1,10.949,-0,-0.9997,150.59,146.63,133.39,24.99,Cornering,"Hoosier 43075 16x7.5-10 R20, 7 inch rim",9072
78.2,484.99,-7.96,-475.39,-199.92,1.987,9.79,12.49,0.09,0.0398,2.3779,12,43664.9,7.55,93.07,10.905,-0,-0.9998,150.61,146.65,133.55,25,Cornering,"Hoosier 43075 16x7.5-10 R20, 7 inch rim",9073
78.18,485,-8.81,-478.77,-202.17,1.993,9.19,12.77,0.09,0.0436,2.3681,12.05,43679.72,7.55,93.07,10.872,-0,-0.9998,150.33,146.41,133.81,25.01,Cornering,"Hoosier 43075 16x7.5-10 R20, 7 inch rim",9074
78.21,485.01,-8.51,-482.28,-204.45,1.99,8.16,13.16,0.03,0.0416,2.3589,12.11,157577.23,7.55,93.07,10.826,-0,-1,150.07,146.19,134.01,25,Cornering,"Hoosier 43075 16x7.5-10 R20, 7 inch rim",9075
78.22,485.02,-7.76,-484.56,-205.95,1.987,7.33,13.12,0.03,0.0377,2.3528,12.16,157523.17,7.55,93.09,10.789,-0,-1,149.8,146.1,134.16,24.98,Cornering,"Hoosier 43075 16x7.5-10 R20, 7 inch rim",9076
78.19,485.03,-6.43,-485.04,-206.29,1.995,6.68,13.12,0.16,0.0312,2.3512,12.15,25328.7,7.55,93.12,10.733,-0,-0.9997,149.73,146.14,134.13,24.97,Cornering,"Hoosier 43075 16x7.5-10 R20, 7 inch rim",9077
78.2,485.04,-4.47,-483.04,-205.27,1.992,6.82,13.83,0.09,0.0218,2.3532,12.11,43633.69,7.55,93.14,10.696,-0,-0.9998,149.88,146.27,134.01,24.97,Cornering,"Hoosier 43075 16x7.5-10 R20, 7 inch rim",9078
78.23,485.05,-2.02,-478.91,-202.57,1.986,6.64,15.34,0.09,0.01,2.3642,12.02,43669.08,7.55,93.1,10.66,-0,-0.9998,150.16,146.45,133.89,24.98,Cornering,"Hoosier 43075 16x7.5-10 R20, 7 inch rim",9079
78.21,485.06,-0.02,-475.08,-200.58,1.989,7.59,17.31,0.16,0.0001,2.3686,11.97,25367.73,7.55,93.08,10.614,-0,-0.9997,150.44,146.56,133.83,25,Cornering,"Hoosier 43075 16x7.5-10 R20, 7 inch rim",9080
78.18,485.07,0.46,-472.01,-198.66,1.983,8.88,18.41,0.16,-0.0023,2.376,11.99,25389.76,7.55,93.06,10.56,-0,-0.9997,150.78,146.71,133.79,25.02,Cornering,"Hoosier 43075 16x7.5-10 R20, 7 inch rim",9081
78.21,485.08,0.39,-471.28,-197.94,1.993,9.5,20.09,0.03,-0.002,2.381,12.06,157949.75,7.55,93.07,10.523,-0,-1,151.06,147,133.71,25.03,Cornering,"Hoosier 43075 16x7.5-10 R20, 7 inch rim",9082
78.22,485.09,-0.2,-472.37,-198.37,2.001,10.14,21.89,0.23,0.001,2.3812,12.16,17897.48,7.55,93.11,10.493,-0,-0.9996,151.25,147.26,133.71,25.03,Cornering,"Hoosier 43075 16x7.5-10 R20, 7 inch rim",9083
78.19,485.1,-0.93,-474.96,-199.8,1.993,9.83,23.49,0.16,0.0047,2.3772,12.2,25375.37,7.55,93.14,10.445,-0,-0.9997,151.25,147.31,133.75,25,Cornering,"Hoosier 43075 16x7.5-10 R20, 7 inch rim",9084
78.19,485.11,-1.31,-477.87,-201.05,1.987,8.45,24.65,0.09,0.0065,2.3769,12.18,43684.3,7.55,93.18,10.403,-0,-0.9998,151.13,147.22,133.99,24.97,Cornering,"Hoosier 43075 16x7.5-10 R20, 7 inch rim",9085
78.22,485.12,-1.43,-480.45,-203.22,1.983,7.66,25.05,0.03,0.007,2.3641,12.12,157551.11,7.55,93.25,10.367,-0,-1,150.8,146.93,134.28,24.96,Cornering,"Hoosier 43075 16x7.5-10 R20, 7 inch rim",9086
78.21,485.13,-1.05,-482.9,-205.02,1.989,6.56,24.64,0.03,0.0051,2.3554,12.03,157566.48,7.55,93.31,10.335,-0,-1,150.55,146.74,134.46,24.96,Cornering,"Hoosier 43075 16x7.5-10 R20, 7 inch rim",9087
78.18,485.14,-0.61,-483.02,-206.31,1.992,6.95,23.39,0.03,0.003,2.3412,11.97,157506.52,7.55,93.36,10.308,-0,-1,150.44,146.74,134.52,24.94,Cornering,"Hoosier 43075 16x7.5-10 R20, 7 inch rim",9088
78.2,485.15,-0.4,-481.49,-205.55,1.993,6.74,21.55,0.16,0.002,2.3425,11.96,25336.9,7.55,93.35,10.261,-0,-0.9997,150.5,146.89,134.42,24.94,Cornering,"Hoosier 43075 16x7.5-10 R20, 7 inch rim",9089
78.22,485.16,-0.08,-478.89,-204.01,1.995,7.31,19.92,0.16,0.0004,2.3473,12.04,25340.01,7.55,93.34,10.221,-0,-0.9997,150.78,146.96,134.24,24.94,Cornering,"Hoosier 43075 16x7.5-10 R20, 7 inch rim",9090
78.2,485.17,0.26,-475.53,-201.42,1.989,7.72,18.8,0.09,-0.0013,2.3609,12.14,43673,7.55,93.29,10.185,-0,-0.9998,151.08,147.07,134.16,24.95,Cornering,"Hoosier 43075 16x7.5-10 R20, 7 inch rim",9091
78.19,485.18,-0.25,-472.95,-199.41,1.995,8.69,17.87,0.16,0.0012,2.3717,12.19,25355.88,7.55,93.23,10.168,-0,-0.9997,151.4,147.15,134.13,24.96,Cornering,"Hoosier 43075 16x7.5-10 R20, 7 inch rim",9092
78.21,485.19,-1.45,-471.43,-197.46,1.987,8.84,17.16,0.09,0.0073,2.3874,12.17,43693.2,7.55,93.2,10.109,-0,-0.9998,151.66,147.29,134.18,24.96,Cornering,"Hoosier 43075 16x7.5-10 R20, 7 inch rim",9093
78.21,485.2,-4.1,-471.74,-197.47,1.987,9.27,16.06,0.09,0.0208,2.3889,12.14,43739.08,7.55,93.19,10.069,-0,-0.9998,151.94,147.51,134.05,24.98,Cornering,"Hoosier 43075 16x7.5-10 R20, 7 inch rim",9094
78.2,485.21,-6.36,-473.44,-198.3,1.99,9.3,15.91,-0.11,0.032,2.3874,12.04,-37419.95,7.55,93.22,10.047,-0,-1.0002,152.07,147.7,134.07,24.97,Cornering,"Hoosier 43075 16x7.5-10 R20, 7 inch rim",9095
78.2,485.22,-7.88,-476.17,-200.74,1.992,9.01,16.02,0.09,0.0393,2.3721,11.96,43738.68,7.55,93.23,9.994,-0,-0.9998,151.98,147.68,134.26,24.97,Cornering,"Hoosier 43075 16x7.5-10 R20, 7 inch rim",9096
78.23,485.23,-8.56,-479.23,-202.42,1.985,7.24,16.28,0.16,0.0423,2.3675,11.94,25396.04,7.56,93.24,9.95,-0,-0.9997,151.71,147.46,134.54,24.98,Cornering,"Hoosier 43075 16x7.5-10 R20, 7 inch rim",9097
78.2,485.24,-8.6,-481.05,-204.67,1.995,7.37,16.21,0.09,0.042,2.3503,11.99,43769.97,7.55,93.21,9.91,-0,-0.9998,151.36,147.15,134.66,24.98,Cornering,"Hoosier 43075 16x7.5-10 R20, 7 inch rim",9098
78.2,485.25,-6.84,-482.38,-206.53,1.987,7.28,16.99,0.09,0.0331,2.3356,12.08,43775.52,7.55,93.2,9.867,-0,-0.9998,151.08,147,134.76,24.98,Cornering,"Hoosier 43075 16x7.5-10 R20, 7 inch rim",9099
78.21,485.26,-5.12,-481.28,-205.88,1.976,7.31,17.2,0.16,0.0249,2.3377,12.14,25411.38,7.56,93.19,9.824,-0,-0.9997,151.06,147,134.7,24.98,Cornering,"Hoosier 43075 16x7.5-10 R20, 7 inch rim",9100
78.22,485.27,-3.54,-478.53,-204.84,1.986,7.83,17.24,0.09,0.0173,2.3361,12.2,43766.6,7.55,93.21,9.778,-0,-0.9998,151.21,147.07,134.54,24.97,Cornering,"Hoosier 43075 16x7.5-10 R20, 7 inch rim",9101
78.18,485.28,-1.72,-475.5,-202.61,1.993,7.77,18.04,0.09,0.0085,2.3469,12.17,43751.75,7.55,93.23,9.735,-0,-0.9998,151.45,147.15,134.42,24.96,Cornering,"Hoosier 43075 16x7.5-10 R20, 7 inch rim",9102
78.2,485.29,-0.38,-472.28,-200.22,1.982,8.55,18.99,0.09,0.0019,2.3588,12.1,43767.35,7.55,93.23,9.692,-0,-0.9998,151.71,147.2,134.34,24.97,Cornering,"Hoosier 43075 16x7.5-10 R20, 7 inch rim",9103
78.22,485.3,-0.51,-470.32,-198.58,1.987,9.07,19.6,0.09,0.0026,2.3685,12.02,43803.08,7.55,93.21,9.651,-0,-0.9998,151.96,147.26,134.3,24.98,Cornering,"Hoosier 43075 16x7.5-10 R20, 7 inch rim",9104
78.2,485.31,-0.89,-470.37,-197.58,1.996,8.51,21.01,0.03,0.0045,2.3807,12,158273.55,7.55,93.2,9.611,-0,-1,152.22,147.44,134.26,25.01,Cornering,"Hoosier 43075 16x7.5-10 R20, 7 inch rim",9105
78.19,485.32,-1.92,-471.59,-198.2,1.99,8.59,22.54,0.16,0.0097,2.3793,12.03,25460.02,7.55,93.23,9.563,-0,-0.9997,152.43,147.66,134.24,25.01,Cornering,"Hoosier 43075 16x7.5-10 R20, 7 inch rim",9106
78.22,485.33,-2.72,-474.02,-200.41,1.993,8.67,24.07,0.16,0.0135,2.3653,12.1,25456.61,7.55,93.21,9.529,-0,-0.9997,152.43,147.68,134.32,25.01,Cornering,"Hoosier 43075 16x7.5-10 R20, 7 inch rim",9107
78.22,485.34,-3.13,-476.46,-202.06,1.989,7.7,25.33,0.09,0.0155,2.3581,12.14,43863.25,7.55,93.17,9.495,-0,-0.9998,152.22,147.57,134.58,25.01,Cornering,"Hoosier 43075 16x7.5-10 R20, 7 inch rim",9108
78.19,485.35,-3.4,-478.73,-204.18,1.986,7.45,25.59,0.16,0.0167,2.3446,12.14,25450.06,7.55,93.14,9.456,-0,-0.9997,151.86,147.29,134.84,25,Cornering,"Hoosier 43075 16x7.5-10 R20, 7 inch rim",9109
78.2,485.36,-2.51,-480.39,-205.67,1.982,7.11,25.67,0.09,0.0122,2.3357,12.11,43831.78,7.55,93.12,9.42,-0,-0.9998,151.55,147.13,134.94,24.98,Cornering,"Hoosier 43075 16x7.5-10 R20, 7 inch rim",9110
78.23,485.37,-1.82,-480.23,-206.34,1.995,7.46,24.61,0.16,0.0088,2.3274,12.02,25437.47,7.55,93.11,9.384,-0,-0.9997,151.45,147.15,134.98,24.98,Cornering,"Hoosier 43075 16x7.5-10 R20, 7 inch rim",9111
78.21,485.38,-0.84,-478.21,-205.94,1.99,8.37,23.44,0.09,0.0041,2.3221,12.02,43831.25,7.55,93.16,9.342,-0,-0.9998,151.47,147.2,134.82,24.98,Cornering,"Hoosier 43075 16x7.5-10 R20, 7 inch rim",9112
78.19,485.39,-0.61,-475.32,-203.87,1.993,8.12,21.8,0.09,0.003,2.3315,12.06,43836.64,7.55,93.21,9.297,-0,-0.9998,151.66,147.4,134.62,24.98,Cornering,"Hoosier 43075 16x7.5-10 R20, 7 inch rim",9113
78.21,485.4,0.07,-472.58,-201.44,1.992,8.36,21.19,0.09,-0.0003,2.346,12.11,43830.11,7.55,93.25,9.267,-0,-0.9998,151.88,147.48,134.52,24.97,Cornering,"Hoosier 43075 16x7.5-10 R20, 7 inch rim",9114
78.22,485.41,-0.71,-470.8,-199.25,2.002,8.81,20.21,0.03,0.0036,2.3629,12.16,158111.66,7.55,93.25,9.231,-0,-1,152.18,147.55,134.44,24.96,Cornering,"Hoosier 43075 16x7.5-10 R20, 7 inch rim",9115
78.2,485.42,-1.48,-470.53,-197.95,2.001,8.63,20.36,0.23,0.0075,2.377,12.17,17903.62,7.55,93.23,9.191,-0,-0.9996,152.35,147.77,134.4,24.94,Cornering,"Hoosier 43075 16x7.5-10 R20, 7 inch rim",9116
78.19,485.43,-3.61,-470.95,-197.98,1.983,9.04,20.04,0.03,0.0183,2.3787,12.13,158034.92,7.55,93.23,9.154,-0,-1,152.63,148.03,134.34,24.94,Cornering,"Hoosier 43075 16x7.5-10 R20, 7 inch rim",9117
78.22,485.44,-5.65,-472.81,-198.98,1.989,8.33,20.15,0.09,0.0284,2.3761,12.05,43807.07,7.55,93.26,9.12,-0,-0.9998,152.73,148.12,134.38,24.95,Cornering,"Hoosier 43075 16x7.5-10 R20, 7 inch rim",9118
78.21,485.45,-7.75,-474.47,-201.38,1.995,8.4,19.83,0.16,0.0385,2.356,12,25441.06,7.55,93.32,9.079,-0,-0.9997,152.63,148.1,134.54,24.96,Cornering,"Hoosier 43075 16x7.5-10 R20, 7 inch rim",9119
78.19,485.46,-8.74,-476.57,-203.5,1.985,7.14,19.48,-0.04,0.043,2.3418,11.98,-98384.8,7.55,93.38,9.031,-0,-1.0001,152.35,147.9,134.78,24.97,Cornering,"Hoosier 43075 16x7.5-10 R20, 7 inch rim",9120
78.2,485.47,-8.32,-477.9,-205.5,1.982,7.43,19.46,0.09,0.0405,2.3256,12.03,43902.87,7.55,93.42,8.998,-0,-0.9998,152.07,147.59,134.96,25,Cornering,"Hoosier 43075 16x7.5-10 R20, 7 inch rim",9121
78.22,485.48,-6.93,-478.5,-207.03,1.992,7.5,19.6,0.16,0.0335,2.3113,12.11,25484.23,7.55,93.47,8.966,-0,-0.9997,151.92,147.55,135.04,25,Cornering,"Hoosier 43075 16x7.5-10 R20, 7 inch rim",9122
78.2,485.49,-5.08,-476.93,-206.9,1.986,8.41,19.75,0.09,0.0246,2.3051,12.19,43933.77,7.55,93.53,8.908,-0,-0.9998,151.81,147.59,134.96,25.01,Cornering,"Hoosier 43075 16x7.5-10 R20, 7 inch rim",9123
78.18,485.5,-3.13,-474.35,-205.15,1.992,8.36,20.17,0.16,0.0153,2.3121,12.2,25490.61,7.55,93.54,8.872,-0,-0.9997,151.94,147.75,134.84,25,Cornering,"Hoosier 43075 16x7.5-10 R20, 7 inch rim",9124
78.22,485.51,-1.53,-471.6,-203.12,1.99,8.48,20.7,0.09,0.0075,2.3217,12.17,43923,7.55,93.58,8.825,-0,-0.9998,152.18,147.79,134.68,25,Cornering,"Hoosier 43075 16x7.5-10 R20, 7 inch rim",9125
78.21,485.52,-0.8,-469.49,-201,1.989,8.5,21.14,0.03,0.004,2.3358,12.08,158449.61,7.55,93.62,8.78,-0,-1,152.33,147.92,134.66,24.98,Cornering,"Hoosier 43075 16x7.5-10 R20, 7 inch rim",9126
78.19,485.53,-1.08,-468.31,-198.83,1.987,7.85,21.9,0.16,0.0054,2.3553,11.99,25482.31,7.55,93.63,8.73,-0,-0.9997,152.54,147.97,134.6,24.98,Cornering,"Hoosier 43075 16x7.5-10 R20, 7 inch rim",9127
78.19,485.54,-2.17,-468.62,-199.01,1.989,8.43,22.72,0.16,0.0109,2.3547,11.95,25490.01,7.55,93.62,8.703,-0,-0.9997,152.78,148.17,134.48,24.98,Cornering,"Hoosier 43075 16x7.5-10 R20, 7 inch rim",9128
78.22,485.55,-3.32,-469.99,-199.88,1.985,8.18,24.03,0.09,0.0166,2.3513,12,43922.84,7.55,93.61,8.647,-0,-0.9998,152.84,148.3,134.48,24.98,Cornering,"Hoosier 43075 16x7.5-10 R20, 7 inch rim",9129
78.2,485.56,-4.23,-471.2,-201.61,1.993,8.24,25.53,0.16,0.021,2.3372,12.06,25501.46,7.55,93.58,8.618,-0,-0.9997,152.78,148.25,134.54,24.99,Cornering,"Hoosier 43075 16x7.5-10 R20, 7 inch rim",9130
78.18,485.57,-4.49,-472.84,-203.79,1.985,8.01,26.59,0.16,0.022,2.3202,12.14,25493.35,7.55,93.54,8.561,-0,-0.9997,152.52,148.01,134.78,24.98,Cornering,"Hoosier 43075 16x7.5-10 R20, 7 inch rim",9131
78.21,485.58,-4.12,-474.05,-205.59,1.995,7.94,27.35,0.03,0.02,2.3059,12.17,158400.38,7.55,93.54,8.54,-0,-1,152.24,147.73,134.94,24.96,Cornering,"Hoosier 43075 16x7.5-10 R20, 7 inch rim",9132
78.22,485.59,-3.6,-474.93,-207.29,1.993,8.25,27.04,0.09,0.0174,2.2911,12.14,43899.32,7.55,93.54,8.492,-0,-0.9998,152.03,147.48,135.06,24.96,Cornering,"Hoosier 43075 16x7.5-10 R20, 7 inch rim",9133
78.18,485.6,-2.28,-474.13,-207.25,1.982,7.9,26.65,0.03,0.011,2.2877,12.08,158286.34,7.56,93.52,8.457,-0,-1,151.94,147.48,135.08,24.94,Cornering,"Hoosier 43075 16x7.5-10 R20, 7 inch rim",9134
78.2,485.61,-1.03,-471.52,-206.43,1.99,8.22,25.88,0.09,0.005,2.2842,12,43866.72,7.55,93.5,8.418,-0,-0.9998,151.98,147.51,134.92,24.94,Cornering,"Hoosier 43075 16x7.5-10 R20, 7 inch rim",9135
78.22,485.62,-0.19,-469.11,-204.96,2.002,7.9,25.14,0.16,0.0009,2.2888,11.98,25468.93,7.55,93.54,8.388,-0,-0.9997,152.16,147.68,134.8,24.94,Cornering,"Hoosier 43075 16x7.5-10 R20, 7 inch rim",9136
78.2,485.63,-0.07,-466.49,-202.99,1.987,8,24.36,0.16,0.0004,2.2981,12.01,25471.72,7.55,93.58,8.344,-0,-0.9997,152.37,147.68,134.76,24.94,Cornering,"Hoosier 43075 16x7.5-10 R20, 7 inch rim",9137
78.18,485.64,-0.92,-465.44,-201.06,1.977,7.65,23.81,0.09,0.0046,2.315,12.07,43899.39,7.55,93.61,8.305,-0,-0.9998,152.54,147.68,134.72,24.95,Cornering,"Hoosier 43075 16x7.5-10 R20, 7 inch rim",9138
78.21,485.65,-2.47,-465.33,-200.52,1.995,8.03,23.65,0.23,0.0123,2.3206,12.14,17954.32,7.55,93.62,8.279,-0,-0.9996,152.71,147.88,134.64,24.96,Cornering,"Hoosier 43075 16x7.5-10 R20, 7 inch rim",9139
78.22,485.66,-4.05,-465.94,-201.06,1.995,8.44,24.15,0.23,0.0201,2.3175,12.14,17968.59,7.55,93.64,8.239,-0,-0.9996,152.8,148.03,134.6,24.97,Cornering,"Hoosier 43075 16x7.5-10 R20, 7 inch rim",9140
78.19,485.67,-5.84,-467.3,-202.21,1.992,8.78,24.39,0.09,0.0289,2.311,12.1,44003.32,7.55,93.64,8.192,-0,-0.9998,152.84,148.08,134.66,25,Cornering,"Hoosier 43075 16x7.5-10 R20, 7 inch rim",9141
78.2,485.68,-7.15,-469.12,-204.08,1.995,8.38,24.43,0.03,0.0351,2.2987,12.04,158956.7,7.55,93.65,8.153,-0,-1,152.69,147.97,134.84,25.03,Cornering,"Hoosier 43075 16x7.5-10 R20, 7 inch rim",9142
78.22,485.69,-7.31,-470.49,-205.67,2.001,8.2,24.64,0.09,0.0355,2.2876,12.03,44052.49,7.55,93.67,8.113,-0,-0.9998,152.33,147.68,135.06,25.03,Cornering,"Hoosier 43075 16x7.5-10 R20, 7 inch rim",9143
78.21,485.7,-7.31,-471.82,-207.31,1.993,8.11,23.79,0.09,0.0353,2.2759,12.05,44055.96,7.55,93.68,8.08,-0,-0.9998,152.07,147.57,135.19,25.03,Cornering,"Hoosier 43075 16x7.5-10 R20, 7 inch rim",9144
78.18,485.71,-6.41,-472.4,-208.17,1.985,7.96,23.22,0.16,0.0308,2.2693,12.13,25561.97,7.56,93.65,8.033,-0,-0.9997,151.83,147.55,135.25,25.01,Cornering,"Hoosier 43075 16x7.5-10 R20, 7 inch rim",9145
78.21,485.72,-5.03,-470.42,-207.35,1.995,7.8,22.71,0.23,0.0243,2.2687,12.17,18004.24,7.55,93.66,7.993,-0,-0.9996,151.75,147.53,135.17,25.01,Cornering,"Hoosier 43075 16x7.5-10 R20, 7 inch rim",9146
78.22,485.73,-3.57,-467.63,-206.4,1.982,7.92,22.42,0.16,0.0173,2.2656,12.18,25560.8,7.56,93.69,7.954,-0,-0.9997,151.81,147.59,135,25.01,Cornering,"Hoosier 43075 16x7.5-10 R20, 7 inch rim",9147
78.2,485.74,-2.26,-464.62,-203.61,1.987,6.86,22.9,0.16,0.0111,2.2819,12.12,25581.4,7.55,93.72,7.907,-0,-0.9997,151.92,147.53,134.88,25.03,Cornering,"Hoosier 43075 16x7.5-10 R20, 7 inch rim",9148
78.2,485.75,-1.67,-462.49,-202.03,1.987,7.06,23.74,0.16,0.0083,2.2892,12.05,25577.61,7.55,93.74,7.871,-0,-0.9997,151.98,147.55,134.82,25.02,Cornering,"Hoosier 43075 16x7.5-10 R20, 7 inch rim",9149
78.22,485.76,-2.23,-460.96,-201.12,1.987,7.9,24.44,0.03,0.0111,2.2919,11.96,159118.14,7.55,93.74,7.821,-0,-1,152.03,147.59,134.72,25.03,Cornering,"Hoosier 43075 16x7.5-10 R20, 7 inch rim",9150
78.21,485.77,-3.33,-460.98,-201.1,1.998,8.22,25.6,0.03,0.0166,2.2924,11.97,159059.12,7.55,93.77,7.781,-0,-1,152.16,147.84,134.66,25.02,Cornering,"Hoosier 43075 16x7.5-10 R20, 7 inch rim",9151
78.18,485.78,-5.02,-462.04,-201.84,1.989,7.83,26.35,0.16,0.0249,2.2891,12,25579.27,7.55,93.79,7.742,-0,-0.9997,152.2,147.95,134.62,25.01,Cornering,"Hoosier 43075 16x7.5-10 R20, 7 inch rim",9152
78.2,485.79,-5.79,-463.09,-203.58,1.992,7.79,27.45,0.09,0.0285,2.2747,12.09,44094.91,7.55,93.82,7.701,-0,-0.9998,152.09,147.88,134.8,25.03,Cornering,"Hoosier 43075 16x7.5-10 R20, 7 inch rim",9153
78.23,485.8,-5.99,-464.25,-206.29,1.99,8.37,28.33,0.09,0.0291,2.2505,12.17,44130.12,7.55,93.82,7.655,-0,-0.9998,151.79,147.66,135,25.04,Cornering,"Hoosier 43075 16x7.5-10 R20, 7 inch rim",9154
78.2,485.81,-5.36,-465.72,-208.5,1.983,8.32,28.87,0.16,0.0257,2.2337,12.18,25616.29,7.55,93.84,7.615,-0,-0.9997,151.45,147.44,135.17,25.04,Cornering,"Hoosier 43075 16x7.5-10 R20, 7 inch rim",9155
78.19,485.82,-4.22,-466.33,-209.16,1.986,7.64,28.82,0.09,0.0202,2.2296,12.14,44107.13,7.56,93.86,7.577,-0,-0.9998,151.25,147.42,135.23,25.03,Cornering,"Hoosier 43075 16x7.5-10 R20, 7 inch rim",9156
78.22,485.83,-2.62,-465.54,-210.01,1.992,8.26,28.87,0.03,0.0125,2.2167,12.06,159072.8,7.56,93.91,7.537,-0,-1,151.15,147.46,135.19,25.01,Cornering,"Hoosier 43075 16x7.5-10 R20, 7 inch rim",9157
78.22,485.84,-1.28,-463.56,-208.6,1.992,7.77,28.41,0.09,0.0061,2.2223,11.96,44063.47,7.55,93.93,7.502,-0,-0.9998,151.1,147.51,135.08,25,Cornering,"Hoosier 43075 16x7.5-10 R20, 7 inch rim",9158
78.19,485.85,-0.07,-461.15,-206.65,1.998,6.79,28.35,0.09,0.0004,2.2316,11.95,44056.86,7.55,93.9,7.464,-0,-0.9998,151.17,147.55,134.94,24.99,Cornering,"Hoosier 43075 16x7.5-10 R20, 7 inch rim",9159
78.2,485.86,0.03,-458.42,-204.05,1.996,6.8,27.93,0.03,-0.0002,2.2467,12,158925.05,7.56,93.88,7.433,-0,-1,151.19,147.55,134.86,24.98,Cornering,"Hoosier 43075 16x7.5-10 R20, 7 inch rim",9160
78.22,485.87,-0.49,-456.72,-202.39,1.977,7.01,28.14,-0.04,0.0024,2.2566,12.08,-98805.41,7.56,93.87,7.367,-0,-1.0001,151.25,147.55,134.82,24.98,Cornering,"Hoosier 43075 16x7.5-10 R20, 7 inch rim",9161
78.2,485.88,-2.3,-455.8,-201.99,1.98,7.8,28.08,0.03,0.0114,2.2566,12.19,158918.33,7.56,93.87,7.346,-0,-1,151.32,147.66,134.8,24.97,Cornering,"Hoosier 43075 16x7.5-10 R20, 7 inch rim",9162
78.2,485.89,-3.99,-455.64,-202.84,1.99,8.66,28.58,0.09,0.0197,2.2463,12.2,44030.38,7.56,93.84,7.314,-0,-0.9998,151.4,147.84,134.8,24.97,Cornering,"Hoosier 43075 16x7.5-10 R20, 7 inch rim",9163
78.21,485.9,-5.61,-456.09,-204.15,1.993,8.39,28.86,0.03,0.0275,2.234,12.17,158909.3,7.56,93.82,7.264,-0,-1,151.34,147.77,134.94,24.97,Cornering,"Hoosier 43075 16x7.5-10 R20, 7 inch rim",9164
78.22,485.91,-6.68,-456.97,-206.34,1.998,8.32,29.06,0.09,0.0324,2.2147,12.09,43998.37,7.56,93.82,7.22,-0,-0.9998,151.13,147.46,135.17,24.94,Cornering,"Hoosier 43075 16x7.5-10 R20, 7 inch rim",9165
78.18,485.92,-6.55,-458.15,-208.25,1.992,8.13,29.27,0.03,0.0315,2.2,11.99,158859.66,7.56,93.82,7.192,-0,-1,150.85,147.15,135.41,24.96,Cornering,"Hoosier 43075 16x7.5-10 R20, 7 inch rim",9166
78.2,485.93,-5.72,-459.48,-210.15,1.986,7.89,29.24,0.16,0.0272,2.1864,11.93,25558.95,7.56,93.86,7.152,-0,-0.9997,150.59,146.91,135.47,24.96,Cornering,"Hoosier 43075 16x7.5-10 R20, 7 inch rim",9167
78.23,485.94,-5.19,-459.63,-210.72,1.992,7.33,28.02,0.16,0.0247,2.1812,11.95,25560.63,7.56,93.9,7.121,-0,-0.9997,150.44,146.85,135.43,24.96,Cornering,"Hoosier 43075 16x7.5-10 R20, 7 inch rim",9168
78.2,485.95,-4.19,-457.91,-210.38,1.983,7.49,27.04,0.16,0.0199,2.1765,12.04,25580.88,7.56,93.91,7.075,-0,-0.9997,150.4,146.8,135.33,24.98,Cornering,"Hoosier 43075 16x7.5-10 R20, 7 inch rim",9169
78.18,485.96,-3.65,-454.89,-207.97,1.99,6.61,25.68,0.09,0.0176,2.1873,12.12,44077.14,7.56,93.92,7.031,-0,-0.9998,150.44,146.82,135.25,24.98,Cornering,"Hoosier 43075 16x7.5-10 R20, 7 inch rim",9170
78.21,485.97,-2.5,-451.72,-204.97,1.99,5.45,26.01,0.03,0.0122,2.2038,12.19,159072.22,7.56,93.92,6.996,-0,-1,150.53,146.76,135.17,24.98,Cornering,"Hoosier 43075 16x7.5-10 R20, 7 inch rim",9171
78.22,485.98,-2.84,-448.8,-203.48,1.989,6.59,26.01,0.16,0.014,2.2057,12.19,25587.37,7.56,93.92,6.952,-0,-0.9997,150.65,146.71,135.13,24.98,Cornering,"Hoosier 43075 16x7.5-10 R20, 7 inch rim",9172
78.19,485.99,-3.73,-446.65,-201.95,1.977,6.95,26.69,0.16,0.0185,2.2117,12.13,25589.67,7.56,93.92,6.907,-0,-0.9997,150.74,146.85,135.1,24.98,Cornering,"Hoosier 43075 16x7.5-10 R20, 7 inch rim",9173
78.2,486,-5.03,-445.87,-202.27,1.982,7.73,27.78,0.09,0.0249,2.2043,12.06,44091.29,7.56,93.88,6.873,-0,-0.9998,150.76,146.96,135.08,24.98,Cornering,"Hoosier 43075 16x7.5-10 R20, 7 inch rim",9174
78.22,486.01,-6.35,-446.15,-204.02,1.99,8.48,28.97,0.09,0.0311,2.1868,11.97,44115.93,7.56,93.88,6.826,-0,-0.9998,150.8,146.96,135.23,24.99,Cornering,"Hoosier 43075 16x7.5-10 R20, 7 inch rim",9175
78.2,486.02,-6.94,-447.04,-206.03,1.995,8.19,30.12,0.09,0.0337,2.1698,11.95,44118.58,7.56,93.85,6.796,-0,-0.9998,150.59,146.71,135.45,24.99,Cornering,"Hoosier 43075 16x7.5-10 R20, 7 inch rim",9176
78.18,486.03,-6.92,-448.55,-208.15,1.996,7.1,30.96,-0.04,0.0333,2.1549,12.01,-99047.96,7.56,93.85,6.743,-0,-1.0001,150.33,146.36,135.67,25.01,Cornering,"Hoosier 43075 16x7.5-10 R20, 7 inch rim",9177
78.2,486.04,-6.29,-449.72,-210.25,1.993,6.97,31.2,0.16,0.0299,2.139,12.1,25617.5,7.56,93.87,6.711,-0,-0.9997,150.01,146.25,135.83,25,Cornering,"Hoosier 43075 16x7.5-10 R20, 7 inch rim",9178
78.23,486.05,-4.81,-450.16,-211.66,1.999,6.75,31.33,0.09,0.0227,2.1268,12.22,44160.24,7.56,93.87,6.67,-0,-0.9998,149.84,146.14,135.81,25.01,Cornering,"Hoosier 43075 16x7.5-10 R20, 7 inch rim",9179
78.2,486.06,-3.42,-449.04,-211.88,1.987,7.27,30.74,0.16,0.0161,2.1193,12.26,25622.08,7.56,93.88,6.62,-0,-0.9997,149.69,146.14,135.77,25,Cornering,"Hoosier 43075 16x7.5-10 R20, 7 inch rim",9180
78.2,486.07,-2.15,-446,-210.15,1.996,6.77,30.18,0.09,0.0102,2.1222,12.24,44106.41,7.56,93.88,6.581,-0,-0.9998,149.65,146.14,135.61,24.97,Cornering,"Hoosier 43075 16x7.5-10 R20, 7 inch rim",9181
78.22,486.08,-0.74,-442.17,-207.14,1.983,6.67,30.3,0.23,0.0036,2.1347,12.16,18030.66,7.56,93.85,6.547,-0,-0.9996,149.6,146.08,135.51,24.97,Cornering,"Hoosier 43075 16x7.5-10 R20, 7 inch rim",9182
78.22,486.09,-0.62,-438.71,-204.63,1.998,6.54,30.45,0.09,0.003,2.1439,12.09,44071.98,7.56,93.8,6.504,-0,-0.9998,149.67,145.97,135.43,24.95,Cornering,"Hoosier 43075 16x7.5-10 R20, 7 inch rim",9183
78.18,486.1,-1.1,-436.08,-202.97,1.985,6.95,31.11,0.09,0.0054,2.1485,11.99,44075.33,7.57,93.76,6.464,-0,-0.9998,149.67,146.05,135.41,24.95,Cornering,"Hoosier 43075 16x7.5-10 R20, 7 inch rim",9184
78.2,486.11,-2.55,-434.67,-203.09,1.979,8.02,31.7,0.09,0.0126,2.1402,11.98,44079.36,7.57,93.73,6.415,-0,-0.9998,149.75,146.14,135.39,24.95,Cornering,"Hoosier 43075 16x7.5-10 R20, 7 inch rim",9185
78.23,486.12,-4.62,-434.85,-203.78,1.996,7.01,32.14,0.09,0.0227,2.134,12.03,44102.79,7.57,93.73,6.379,-0,-0.9998,149.71,146.25,135.43,24.96,Cornering,"Hoosier 43075 16x7.5-10 R20, 7 inch rim",9186
78.19,486.13,-6.09,-435.1,-206.08,1.996,7.57,32.54,0.16,0.0295,2.1113,12.09,25611.85,7.57,93.72,6.34,-0,-0.9997,149.58,146.14,135.61,24.97,Cornering,"Hoosier 43075 16x7.5-10 R20, 7 inch rim",9187
78.19,486.14,-6.32,-436.13,-207.96,1.99,6.69,33.2,0.09,0.0304,2.0972,12.18,44098.16,7.57,93.7,6.31,-0,-0.9998,149.28,145.83,135.79,24.96,Cornering,"Hoosier 43075 16x7.5-10 R20, 7 inch rim",9188
78.22,486.15,-6.25,-437.45,-210.63,1.99,6.66,33.01,0.09,0.0297,2.0768,12.2,44101.4,7.57,93.7,6.27,-0,-0.9998,149.04,145.55,135.93,24.96,Cornering,"Hoosier 43075 16x7.5-10 R20, 7 inch rim",9189
78.21,486.16,-5.27,-437.72,-211.94,1.987,6.65,32.79,0.16,0.0249,2.0653,12.18,25581.75,7.57,93.69,6.222,-0,-0.9997,148.79,145.42,135.93,24.94,Cornering,"Hoosier 43075 16x7.5-10 R20, 7 inch rim",9190
78.19,486.17,-4.13,-436.59,-212.79,1.985,7.18,32.08,0.09,0.0194,2.0517,12.09,44117.61,7.57,93.72,6.196,-0,-0.9998,148.64,145.33,135.83,24.96,Cornering,"Hoosier 43075 16x7.5-10 R20, 7 inch rim",9191
78.2,486.18,-2.82,-434.19,-210.68,1.993,6.17,31.43,0.03,0.0134,2.0609,12,159294.09,7.57,93.71,6.15,-0,-1,148.62,145.31,135.73,24.97,Cornering,"Hoosier 43075 16x7.5-10 R20, 7 inch rim",9192
78.22,486.19,-1.86,-430.68,-208.15,1.987,5.71,30.85,0.16,0.009,2.0691,11.95,25645.96,7.57,93.72,6.118,-0,-0.9997,148.57,145.28,135.59,25,Cornering,"Hoosier 43075 16x7.5-10 R20, 7 inch rim",9193
78.2,486.2,-1.7,-427.16,-206.15,1.987,6.37,30.54,0.16,0.0083,2.0721,11.97,25654.12,7.57,93.72,6.07,-0,-0.9997,148.64,145.24,135.49,25,Cornering,"Hoosier 43075 16x7.5-10 R20, 7 inch rim",9194
78.19,486.21,-2.84,-424.13,-203.87,1.993,6.12,30.18,0.16,0.0139,2.0804,12.05,25649.85,7.57,93.68,6.033,-0,-0.9997,148.66,145.17,135.47,25,Cornering,"Hoosier 43075 16x7.5-10 R20, 7 inch rim",9195
78.22,486.22,-4.26,-421.96,-203.42,1.989,7.1,30.68,0.16,0.021,2.0743,12.12,25645.51,7.57,93.66,5.997,-0,-0.9997,148.66,145.31,135.45,24.99,Cornering,"Hoosier 43075 16x7.5-10 R20, 7 inch rim",9196
78.21,486.23,-6.55,-421.64,-203.88,1.987,6.72,30.78,0.09,0.0321,2.0681,12.17,44197.98,7.57,93.65,5.954,-0,-0.9998,148.7,145.46,135.43,25,Cornering,"Hoosier 43075 16x7.5-10 R20, 7 inch rim",9197
78.2,486.24,-7.4,-421.89,-205.59,1.98,7.12,32.03,0.09,0.036,2.0521,12.16,44211.29,7.58,93.58,5.914,-0,-0.9998,148.66,145.37,135.57,25,Cornering,"Hoosier 43075 16x7.5-10 R20, 7 inch rim",9198
78.2,486.25,-8.24,-422.32,-207.6,1.985,6.5,32.68,0.03,0.0397,2.0343,12.1,159744.09,7.58,93.56,5.862,-0,-1,148.42,145.13,135.77,25.03,Cornering,"Hoosier 43075 16x7.5-10 R20, 7 inch rim",9199
78.22,486.26,-7.47,-423.32,-210.44,1.985,6.81,33.69,0.09,0.0355,2.0116,12.01,44289.09,7.57,93.53,5.834,-0,-0.9998,148.14,144.82,136.01,25.04,Cornering,"Hoosier 43075 16x7.5-10 R20, 7 inch rim",9200
78.21,486.27,-6.62,-424.07,-212.34,1.993,5.89,33.58,0.23,0.0312,1.9971,11.98,18114.16,7.57,93.53,5.781,-0,-0.9996,147.84,144.65,136.16,25.05,Cornering,"Hoosier 43075 16x7.5-10 R20, 7 inch rim",9201
78.19,486.28,-4.98,-423.59,-212.91,1.996,5.66,33.52,0.03,0.0234,1.9895,11.99,159959.53,7.58,93.58,5.749,-0,-1,147.67,144.54,136.2,25.06,Cornering,"Hoosier 43075 16x7.5-10 R20, 7 inch rim",9202
78.21,486.29,-3.73,-421.41,-212.65,1.992,6.04,32.71,0.09,0.0175,1.9817,12.05,44299.48,7.58,93.67,5.693,-0,-0.9998,147.52,144.47,136.07,25.04,Cornering,"Hoosier 43075 16x7.5-10 R20, 7 inch rim",9203
78.22,486.3,-2.06,-417.91,-209.83,1.987,5.16,32.7,0.03,0.0098,1.9916,12.11,159798.39,7.58,93.76,5.659,-0,-1,147.46,144.4,136.03,25.03,Cornering,"Hoosier 43075 16x7.5-10 R20, 7 inch rim",9204
78.19,486.31,-1.44,-413.96,-207.68,1.998,5.51,32.52,0.09,0.0069,1.9932,12.15,44262.32,7.58,93.81,5.64,-0,-0.9998,147.44,144.29,136.03,25.02,Cornering,"Hoosier 43075 16x7.5-10 R20, 7 inch rim",9205
78.19,486.32,-1.82,-410.61,-204.9,1.99,4.87,32.58,0.16,0.0089,2.0039,12.14,25686.8,7.58,93.84,5.592,-0,-0.9997,147.41,144.34,136.03,25.01,Cornering,"Hoosier 43075 16x7.5-10 R20, 7 inch rim",9206
78.23,486.33,-2.82,-407.86,-203.6,1.993,5.19,33.28,0.09,0.0138,2.0033,12.07,44248.59,7.58,93.83,5.546,-0,-0.9998,147.46,144.34,136.1,25.01,Cornering,"Hoosier 43075 16x7.5-10 R20, 7 inch rim",9207
78.2,486.34,-4.56,-406.42,-204.08,1.98,6.16,34.1,0.09,0.0224,1.9915,11.98,44251.52,7.58,93.83,5.504,-0,-0.9998,147.44,144.45,136.12,25.01,Cornering,"Hoosier 43075 16x7.5-10 R20, 7 inch rim",9208
78.18,486.35,-5.8,-406.24,-205.75,1.989,6.65,35.31,0.16,0.0282,1.9744,11.97,25686.14,7.58,93.84,5.463,-0,-0.9997,147.37,144.38,136.24,25.01,Cornering,"Hoosier 43075 16x7.5-10 R20, 7 inch rim",9209
78.2,486.36,-6.48,-407.26,-207.59,1.979,5.84,36.37,0.09,0.0312,1.9619,12,44226.26,7.58,93.86,5.425,-0,-0.9998,147.22,144.18,136.38,24.99,Cornering,"Hoosier 43075 16x7.5-10 R20, 7 inch rim",9210
78.23,486.37,-6.43,-408.28,-210.49,1.983,5.97,36.81,0.09,0.0305,1.9397,12.08,44218.38,7.58,93.91,5.391,-0,-0.9998,146.92,143.85,136.54,24.98,Cornering,"Hoosier 43075 16x7.5-10 R20, 7 inch rim",9211
78.19,486.38,-6.05,-408.66,-212.84,1.976,6.21,36.56,0.09,0.0284,1.92,12.16,44200.71,7.58,93.94,5.35,-0,-0.9998,146.6,143.59,136.68,24.97,Cornering,"Hoosier 43075 16x7.5-10 R20, 7 inch rim",9212
78.19,486.39,-5.13,-408.19,-213.69,1.985,5.78,35.94,0.16,0.024,1.9101,12.17,25662.5,7.58,93.96,5.309,-0,-0.9997,146.3,143.5,136.72,24.98,Cornering,"Hoosier 43075 16x7.5-10 R20, 7 inch rim",9213
78.22,486.4,-3.87,-406.34,-213.06,1.986,5.18,35.15,0.09,0.0182,1.9072,12.12,44175.36,7.59,93.98,5.269,-0,-0.9998,146.15,143.48,136.66,24.96,Cornering,"Hoosier 43075 16x7.5-10 R20, 7 inch rim",9214
78.21,486.41,-2.51,-403.16,-210.97,1.992,4.59,34.6,0.16,0.0119,1.9109,12.05,25635.68,7.58,94.03,5.234,-0,-0.9997,146.06,143.41,136.56,24.95,Cornering,"Hoosier 43075 16x7.5-10 R20, 7 inch rim",9215
78.18,486.42,-1.87,-399.18,-209,1.996,4.83,34.08,0.09,0.009,1.91,11.97,44200.66,7.58,94.03,5.198,-0,-0.9998,146,143.39,136.56,24.97,Cornering,"Hoosier 43075 16x7.5-10 R20, 7 inch rim",9216
78.2,486.43,-2.05,-395.08,-206.05,1.999,4.21,34.11,0.09,0.0099,1.9174,11.95,44214.32,7.58,94.05,5.146,-0,-0.9998,145.93,143.3,136.52,24.97,Cornering,"Hoosier 43075 16x7.5-10 R20, 7 inch rim",9217
78.23,486.44,-2.98,-392.32,-204.69,1.996,4.58,34.6,0.09,0.0145,1.9167,12,44216.75,7.59,94.06,5.109,-0,-0.9998,145.93,143.3,136.52,24.97,Cornering,"Hoosier 43075 16x7.5-10 R20, 7 inch rim",9218
78.2,486.45,-4.41,-390.46,-204.68,1.996,5.15,35.42,0.09,0.0215,1.9077,12.07,44249.67,7.59,94.11,5.076,-0,-0.9998,145.93,143.37,136.58,24.99,Cornering,"Hoosier 43075 16x7.5-10 R20, 7 inch rim",9219
78.19,486.46,-6.52,-389.01,-205.57,1.985,6.08,35.83,0.09,0.0317,1.8923,12.16,44232.82,7.59,94.14,5.019,-0,-0.9998,145.91,143.32,136.62,24.98,Cornering,"Hoosier 43075 16x7.5-10 R20, 7 inch rim",9220
78.22,486.47,-7.47,-388.97,-207.54,1.99,6.05,36.78,0.09,0.036,1.8742,12.18,44234.92,7.59,94.16,4.986,-0,-0.9998,145.8,143.15,136.76,24.98,Cornering,"Hoosier 43075 16x7.5-10 R20, 7 inch rim",9221
78.22,486.48,-7.92,-389.65,-210.4,1.983,6.21,37.18,0.03,0.0377,1.852,12.14,159603.09,7.59,94.14,4.943,-0,-1,145.65,142.93,137,24.97,Cornering,"Hoosier 43075 16x7.5-10 R20, 7 inch rim",9222
78.19,486.49,-7.4,-390.38,-212.8,1.989,5.49,37.41,0.09,0.0348,1.8345,12.05,44250.05,7.59,94.12,4.909,-0,-0.9998,145.4,142.66,137.13,24.98,Cornering,"Hoosier 43075 16x7.5-10 R20, 7 inch rim",9223
78.2,486.5,-6.32,-390.5,-214.39,1.996,5.53,37.25,0.16,0.0295,1.8215,11.97,25702.71,7.59,94.12,4.874,-0,-0.9997,145.12,142.58,137.17,25,Cornering,"Hoosier 43075 16x7.5-10 R20, 7 inch rim",9224
78.22,486.51,-5.09,-389.71,-213.77,1.976,4.18,36.48,-0.04,0.0238,1.823,11.9,-99413.12,7.59,94.1,4.827,-0,-1.0001,145.03,142.51,137.17,25.02,Cornering,"Hoosier 43075 16x7.5-10 R20, 7 inch rim",9225
78.2,486.52,-3.58,-387.44,-212.12,1.982,3.48,35.87,0.16,0.0169,1.8265,11.95,25711.98,7.59,94.11,4.781,-0,-0.9997,144.93,142.47,137.11,25.01,Cornering,"Hoosier 43075 16x7.5-10 R20, 7 inch rim",9226
78.18,486.53,-2.45,-383.82,-209,1.985,2.54,35.66,0.09,0.0117,1.8365,12.03,44279.63,7.59,94.08,4.761,-0,-0.9998,144.86,142.4,137.09,25,Cornering,"Hoosier 43075 16x7.5-10 R20, 7 inch rim",9227
78.21,486.54,-2.15,-379.37,-206.56,1.985,3.27,35.49,0.03,0.0104,1.8366,12.13,159651.91,7.59,94.05,4.722,-0,-1,144.82,142.38,137.09,24.97,Cornering,"Hoosier 43075 16x7.5-10 R20, 7 inch rim",9228
78.22,486.55,-2.79,-375.43,-204.37,1.998,3.67,35.77,0.09,0.0137,1.837,12.19,44223.67,7.59,94.08,4.667,-0,-0.9998,144.77,142.31,137.09,24.96,Cornering,"Hoosier 43075 16x7.5-10 R20, 7 inch rim",9229
78.18,486.56,-4.17,-372.17,-203.37,1.987,4.33,36.34,0.16,0.0205,1.8301,12.18,25657.15,7.6,94.11,4.644,-0,-0.9997,144.82,142.36,137.13,24.95,Cornering,"Hoosier 43075 16x7.5-10 R20, 7 inch rim",9230
78.2,486.57,-5.71,-369.82,-203.76,1.982,5.02,37.41,0.09,0.028,1.8149,12.12,44186.54,7.6,94.12,4.599,-0,-0.9998,144.84,142.4,137.17,24.94,Cornering,"Hoosier 43075 16x7.5-10 R20, 7 inch rim",9231
78.21,486.58,-6.95,-369.17,-205.65,1.992,5.02,38.31,0.09,0.0338,1.7951,12.03,44189.1,7.6,94.1,4.555,-0,-0.9998,144.73,142.31,137.27,24.94,Cornering,"Hoosier 43075 16x7.5-10 R20, 7 inch rim",9232
78.21,486.59,-7.64,-369.4,-208.81,1.993,5.31,39.09,0.16,0.0366,1.769,11.95,25649.03,7.6,94.11,4.531,-0,-0.9997,144.52,142.05,137.39,24.94,Cornering,"Hoosier 43075 16x7.5-10 R20, 7 inch rim",9233
78.19,486.6,-7.77,-370.23,-211.78,1.982,4.93,39.11,0.23,0.0367,1.7482,11.92,18061,7.6,94.11,4.472,-0,-0.9996,144.24,141.78,137.49,24.93,Cornering,"Hoosier 43075 16x7.5-10 R20, 7 inch rim",9234
78.21,486.61,-6.74,-370.77,-214.17,1.979,5,39.33,0.03,0.0315,1.7312,11.96,159416.94,7.6,94.1,4.427,-0,-1,144,141.63,137.55,24.93,Cornering,"Hoosier 43075 16x7.5-10 R20, 7 inch rim",9235
78.22,486.62,-5.91,-370.65,-214.47,1.996,3.58,38.42,0.09,0.0275,1.7282,12.06,44187,7.6,94.08,4.41,-0,-0.9998,143.79,141.54,137.53,24.93,Cornering,"Hoosier 43075 16x7.5-10 R20, 7 inch rim",9236
78.19,486.63,-4.49,-368.49,-213.33,1.989,3.47,37.74,0.09,0.0211,1.7273,12.14,44189.38,7.6,94.04,4.367,-0,-0.9998,143.68,141.41,137.43,24.93,Cornering,"Hoosier 43075 16x7.5-10 R20, 7 inch rim",9237
78.18,486.64,-3.57,-365,-210.34,1.986,2.59,36.94,0.03,0.017,1.7353,12.2,159552.56,7.6,94.02,4.304,-0,-1,143.64,141.39,137.37,24.94,Cornering,"Hoosier 43075 16x7.5-10 R20, 7 inch rim",9238
78.22,486.65,-3.1,-360.43,-207.16,1.983,2.46,36.57,0.09,0.015,1.7399,12.18,44214.13,7.6,94,4.29,-0,-0.9998,143.57,141.34,137.37,24.94,Cornering,"Hoosier 43075 16x7.5-10 R20, 7 inch rim",9239
78.21,486.66,-3.5,-355.86,-205.02,1.999,3.19,36.71,0.03,0.0171,1.7357,12.1,159672.42,7.6,93.97,4.26,-0,-1,143.57,141.26,137.35,24.96,Cornering,"Hoosier 43075 16x7.5-10 R20, 7 inch rim",9240
78.18,486.67,-4.82,-352,-204,1.998,3.87,37.1,0.09,0.0236,1.7255,12,44280.37,7.6,93.93,4.204,-0,-0.9998,143.62,141.34,137.31,24.98,Cornering,"Hoosier 43075 16x7.5-10 R20, 7 inch rim",9241
78.2,486.68,-7.02,-348.83,-204.33,1.97,4.92,37.32,0.03,0.0343,1.7072,11.96,159913.77,7.61,93.92,4.161,-0,-1,143.66,141.41,137.37,25,Cornering,"Hoosier 43075 16x7.5-10 R20, 7 inch rim",9242
78.22,486.69,-7.89,-347.92,-205.73,1.996,4.27,38.98,0.09,0.0384,1.6912,11.94,44305.34,7.61,93.93,4.12,-0,-0.9998,143.66,141.3,137.47,24.99,Cornering,"Hoosier 43075 16x7.5-10 R20, 7 inch rim",9243
78.19,486.7,-8.87,-347.54,-208.09,1.989,4.13,39.65,0.16,0.0426,1.6701,12,25711.01,7.61,93.93,4.077,-0,-0.9997,143.55,141.08,137.57,24.98,Cornering,"Hoosier 43075 16x7.5-10 R20, 7 inch rim",9244
78.19,486.71,-8.59,-348.1,-210.97,1.992,3.02,40.55,0.09,0.0407,1.65,12.08,44268.55,7.61,93.95,4.035,-0,-0.9998,143.32,140.82,137.63,24.97,Cornering,"Hoosier 43075 16x7.5-10 R20, 7 inch rim",9245
78.22,486.72,-7.99,-348.49,-213.65,1.992,2.9,40.56,0.09,0.0374,1.6311,12.16,44259.79,7.61,94.01,4.005,-0,-0.9998,143.1,140.64,137.69,24.96,Cornering,"Hoosier 43075 16x7.5-10 R20, 7 inch rim",9246
78.2,486.73,-6.96,-347.84,-214.55,1.987,2.05,40.13,0.09,0.0324,1.6212,12.17,44282.56,7.61,94.08,3.961,-0,-0.9998,142.93,140.57,137.69,24.97,Cornering,"Hoosier 43075 16x7.5-10 R20, 7 inch rim",9247
78.18,486.74,-5.51,-345.67,-213.61,1.982,1.98,39.35,0.09,0.0258,1.6183,12.11,44335.93,7.61,94.12,3.921,-0,-0.9998,142.84,140.51,137.63,25,Cornering,"Hoosier 43075 16x7.5-10 R20, 7 inch rim",9248
78.2,486.75,-3.93,-342.18,-211.87,1.999,2.09,39.09,0.23,0.0186,1.6151,12.03,18145.08,7.61,94.12,3.882,-0,-0.9996,142.8,140.51,137.59,25.03,Cornering,"Hoosier 43075 16x7.5-10 R20, 7 inch rim",9249
78.23,486.76,-2.96,-337.59,-208.81,1.987,2.11,38.69,0.09,0.0142,1.6167,11.97,44391.43,7.61,94.09,3.836,-0,-0.9998,142.76,140.46,137.57,25.03,Cornering,"Hoosier 43075 16x7.5-10 R20, 7 inch rim",9250
78.2,486.77,-2.98,-332.68,-206.12,1.983,2.5,38.52,0.16,0.0145,1.614,11.97,25754.63,7.61,94.07,3.803,-0,-0.9997,142.76,140.33,137.61,25.02,Cornering,"Hoosier 43075 16x7.5-10 R20, 7 inch rim",9251
78.18,486.78,-4.27,-327.92,-204.42,1.985,2.79,38.5,0.03,0.0209,1.6042,12,160097.34,7.61,94.03,3.757,-0,-1,142.74,140.37,137.59,25.01,Cornering,"Hoosier 43075 16x7.5-10 R20, 7 inch rim",9252
78.21,486.79,-5.75,-324.19,-204.15,1.977,3.24,39.04,0.03,0.0282,1.588,12.08,159958.55,7.62,93.96,3.7,-0,-1,142.76,140.37,137.65,24.99,Cornering,"Hoosier 43075 16x7.5-10 R20, 7 inch rim",9253
78.22,486.8,-7.51,-322.01,-205.03,1.98,2.81,39.57,-0.04,0.0366,1.5706,12.13,-99437.81,7.62,93.9,3.66,-0,-1.0001,142.74,140.31,137.67,24.99,Cornering,"Hoosier 43075 16x7.5-10 R20, 7 inch rim",9254
78.2,486.81,-8.41,-320.88,-207.66,1.996,2.66,40.65,0.03,0.0405,1.5453,12.11,159895.91,7.61,93.85,3.63,-0,-1,142.63,140.09,137.75,24.98,Cornering,"Hoosier 43075 16x7.5-10 R20, 7 inch rim",9255
78.19,486.82,-8.79,-320.36,-209.94,1.99,1.41,41.04,0.16,0.0419,1.526,12.07,25718.79,7.62,93.84,3.581,-0,-0.9997,142.41,139.82,137.81,24.98,Cornering,"Hoosier 43075 16x7.5-10 R20, 7 inch rim",9256
78.22,486.83,-8.43,-319.94,-213.53,1.992,2.15,41.1,0.03,0.0395,1.4983,11.97,159832.53,7.62,93.82,3.563,-0,-1,142.26,139.6,137.87,24.97,Cornering,"Hoosier 43075 16x7.5-10 R20, 7 inch rim",9257
78.2,486.84,-7.58,-319.13,-215.22,1.999,1.67,40.67,0.03,0.0352,1.4828,11.94,159804.7,7.62,93.82,3.504,-0,-1,142.11,139.43,137.95,24.96,Cornering,"Hoosier 43075 16x7.5-10 R20, 7 inch rim",9258
78.18,486.85,-6.14,-317.75,-214.57,1.995,0.7,40.21,0.23,0.0286,1.4809,11.97,18106.61,7.62,93.82,3.467,-0,-0.9996,141.96,139.34,137.89,24.96,Cornering,"Hoosier 43075 16x7.5-10 R20, 7 inch rim",9259
78.21,486.86,-4.89,-314.68,-212.83,1.986,0.6,39.37,0.09,0.023,1.4786,12.05,44276.75,7.62,93.81,3.415,-0,-0.9998,141.92,139.34,137.81,24.96,Cornering,"Hoosier 43075 16x7.5-10 R20, 7 inch rim",9260
78.22,486.87,-3.91,-310.55,-209.89,1.977,0.66,38.69,0.03,0.0186,1.4796,12.14,159749.61,7.62,93.83,3.379,-0,-1,141.86,139.27,137.75,24.95,Cornering,"Hoosier 43075 16x7.5-10 R20, 7 inch rim",9261
78.19,486.88,-3.99,-305.39,-206.53,1.99,0.4,38.14,0.09,0.0193,1.4787,12.17,44259.16,7.62,93.84,3.344,-0,-0.9998,141.75,139.23,137.81,24.94,Cornering,"Hoosier 43075 16x7.5-10 R20, 7 inch rim",9262
78.19,486.89,-4.65,-299.99,-204.28,1.977,0.8,38.3,0.16,0.0228,1.4686,12.14,25690.01,7.62,93.84,3.296,-0,-0.9997,141.69,139.16,137.83,24.94,Cornering,"Hoosier 43075 16x7.5-10 R20, 7 inch rim",9263
78.23,486.9,-6.47,-295.98,-203.8,1.982,0.98,38.39,0.03,0.0318,1.4523,12.06,159728.56,7.63,93.83,3.271,-0,-1,141.66,139.23,137.85,24.94,Cornering,"Hoosier 43075 16x7.5-10 R20, 7 inch rim",9264
78.2,486.91,-8,-292.72,-204.28,1.985,0.62,39.37,0.16,0.0391,1.4329,11.97,25703.64,7.63,93.8,3.223,-0,-0.9997,141.66,139.23,137.93,24.96,Cornering,"Hoosier 43075 16x7.5-10 R20, 7 inch rim",9265
78.19,486.92,-9.62,-290.93,-206.81,1.977,0.86,39.79,-0.04,0.0465,1.4067,11.93,-99437.45,7.63,93.78,3.177,-0,-1.0001,141.6,139.05,138.01,24.98,Cornering,"Hoosier 43075 16x7.5-10 R20, 7 inch rim",9266
78.21,486.93,-9.68,-289.8,-209.49,1.986,0.36,41.03,0.09,0.0462,1.3833,11.95,44379.75,7.63,93.73,3.157,-0,-0.9998,141.43,138.77,138.1,25.01,Cornering,"Hoosier 43075 16x7.5-10 R20, 7 inch rim",9267
78.23,486.94,-9.39,-289.08,-212.9,1.985,0.45,41.27,0.09,0.0441,1.3578,12.03,44401.86,7.63,93.74,3.117,-0,-0.9998,141.28,138.48,138.14,25.02,Cornering,"Hoosier 43075 16x7.5-10 R20, 7 inch rim",9268
78.2,486.95,-8.47,-287.78,-214.6,1.98,0.05,41.11,0.23,0.0395,1.341,12.11,18167.63,7.63,93.73,3.081,-0,-0.9996,141.13,138.31,138.16,25.04,Cornering,"Hoosier 43075 16x7.5-10 R20, 7 inch rim",9269
78.2,486.96,-7.06,-285.77,-214.89,1.986,-0.13,40.47,0.09,0.0328,1.3298,12.16,44414.37,7.63,93.73,3.059,-0,-0.9998,140.98,138.17,138.1,25.03,Cornering,"Hoosier 43075 16x7.5-10 R20, 7 inch rim",9270
78.23,486.97,-5.84,-282.7,-213.08,1.977,-0.72,39.41,0.03,0.0274,1.3267,12.12,160210.61,7.63,93.74,3.007,-0,-1,140.91,138.15,138.01,25.01,Cornering,"Hoosier 43075 16x7.5-10 R20, 7 inch rim",9271
78.22,486.98,-4.75,-279.25,-210.2,1.996,-1.64,38.54,0.09,0.0226,1.3284,12.05,44407.15,7.63,93.72,2.976,-0,-0.9998,140.91,138.15,137.97,25.02,Cornering,"Hoosier 43075 16x7.5-10 R20, 7 inch rim",9272
78.2,486.99,-4.81,-273.75,-206.95,1.999,-1.42,37.33,0.09,0.0233,1.3228,11.96,44450,7.63,93.68,2.928,-0,-0.9998,140.83,138.09,137.97,25.04,Cornering,"Hoosier 43075 16x7.5-10 R20, 7 inch rim",9273
78.22,487,-5.1,-268.51,-204.52,1.985,-1.19,37.26,0.09,0.0249,1.3129,11.89,44461.41,7.63,93.67,2.897,-0,-0.9998,140.78,138.15,137.95,25.05,Cornering,"Hoosier 43075 16x7.5-10 R20, 7 inch rim",9274
78.24,487.01,-6.85,-263.92,-203.32,1.998,-1.31,36.87,0.09,0.0337,1.2981,11.9,44452.82,7.63,93.68,2.848,-0,-0.9998,140.76,138.22,137.99,25.04,Cornering,"Hoosier 43075 16x7.5-10 R20, 7 inch rim",9275
78.21,487.02,-8.77,-259.97,-204.78,1.99,0.28,36.9,0.09,0.0428,1.2696,11.96,44423.34,7.63,93.68,2.808,-0,-0.9998,140.74,138.26,138.08,25.03,Cornering,"Hoosier 43075 16x7.5-10 R20, 7 inch rim",9276
78.21,487.03,-10.12,-257.16,-205.48,1.982,-0.71,37.34,0.03,0.0493,1.2515,12.04,160166.67,7.64,93.72,2.768,-0,-1,140.66,138.13,138.14,25,Cornering,"Hoosier 43075 16x7.5-10 R20, 7 inch rim",9277
78.24,487.04,-10.92,-255.39,-208.74,1.995,-0.69,37.8,0.03,0.0523,1.2235,12.14,159983.77,7.64,93.72,2.745,-0,-1,140.57,137.87,138.14,24.97,Cornering,"Hoosier 43075 16x7.5-10 R20, 7 inch rim",9278
78.24,487.05,-10.51,-253.14,-211.52,1.996,-0.79,38.47,-0.04,0.0497,1.1968,12.14,-99430.4,7.64,93.74,2.689,-0,-1.0001,140.36,137.6,138.14,24.97,Cornering,"Hoosier 43075 16x7.5-10 R20, 7 inch rim",9279
78.21,487.06,-9.78,-251.5,-213.99,1.987,-0.97,38.24,0.03,0.0457,1.1753,12.1,159997.48,7.64,93.74,2.628,-0,-1,140.16,137.4,138.16,24.97,Cornering,"Hoosier 43075 16x7.5-10 R20, 7 inch rim",9280
78.23,487.07,-8.6,-249.48,-214.47,1.987,-2.1,37.94,0.03,0.0401,1.1632,12,160001.38,7.64,93.75,2.593,-0,-1,140.03,137.27,138.06,24.97,Cornering,"Hoosier 43075 16x7.5-10 R20, 7 inch rim",9281
78.26,487.08,-7.27,-246.57,-213.9,1.999,-2.75,37.2,0.09,0.034,1.1528,11.92,44339.1,7.64,93.74,2.549,-0,-0.9998,139.93,137.18,137.97,24.97,Cornering,"Hoosier 43075 16x7.5-10 R20, 7 inch rim",9282
78.23,487.09,-6.34,-242.9,-211.06,1.983,-3.57,36.04,0.16,0.03,1.1508,11.89,25718.17,7.64,93.73,2.503,-0,-0.9997,139.88,137.12,137.83,24.96,Cornering,"Hoosier 43075 16x7.5-10 R20, 7 inch rim",9283
78.22,487.1,-5.29,-237.41,-208.52,2.002,-2.76,36.08,0.09,0.0254,1.1386,11.93,44290.38,7.64,93.75,2.457,-0,-0.9998,139.75,137.05,137.77,24.94,Cornering,"Hoosier 43075 16x7.5-10 R20, 7 inch rim",9284
78.25,487.11,-5.04,-231.91,-205.39,1.999,-3.26,36.26,0.09,0.0245,1.1291,12.01,44301.91,7.64,93.77,2.414,-0,-0.9998,139.73,137.12,137.77,24.95,Cornering,"Hoosier 43075 16x7.5-10 R20, 7 inch rim",9285
78.25,487.12,-5.96,-226.2,-203.72,1.996,-2.4,36.61,0.03,0.0293,1.1104,12.11,159949.5,7.64,93.83,2.384,-0,-1,139.65,137.16,137.73,24.96,Cornering,"Hoosier 43075 16x7.5-10 R20, 7 inch rim",9286
78.23,487.13,-7.27,-221.37,-203.81,1.989,-1.62,37.17,0.09,0.0357,1.0862,12.17,44324.75,7.64,93.9,2.334,-0,-0.9998,139.71,137.21,137.79,24.96,Cornering,"Hoosier 43075 16x7.5-10 R20, 7 inch rim",9287
78.24,487.14,-8.82,-217.61,-204.66,1.979,-1.69,37.56,0.09,0.0431,1.0633,12.16,44346.52,7.65,93.94,2.291,-0,-0.9998,139.69,137.16,137.81,24.97,Cornering,"Hoosier 43075 16x7.5-10 R20, 7 inch rim",9288
78.27,487.15,-9.7,-214.79,-206.68,1.989,-2.21,38.19,0.03,0.0469,1.0392,12.07,159923.58,7.65,93.98,2.271,-0,-1,139.6,137.01,137.83,24.96,Cornering,"Hoosier 43075 16x7.5-10 R20, 7 inch rim",9289
78.24,487.16,-9.45,-213.01,-209.23,1.982,-3.51,39,0.09,0.0452,1.0181,11.96,44328.2,7.65,93.97,2.205,-0,-0.9998,139.43,136.72,137.85,24.96,Cornering,"Hoosier 43075 16x7.5-10 R20, 7 inch rim",9290
78.23,487.17,-9.16,-210.9,-212.65,1.986,-3.05,38.62,0.03,0.0431,0.9918,11.92,159931.7,7.65,93.96,2.185,-0,-1,139.33,136.46,137.81,24.96,Cornering,"Hoosier 43075 16x7.5-10 R20, 7 inch rim",9291
78.26,487.18,-8.06,-208.71,-213.93,1.993,-4.12,38.53,0.03,0.0377,0.9756,11.89,160046.8,7.65,93.97,2.145,-0,-1,139.2,136.3,137.77,24.97,Cornering,"Hoosier 43075 16x7.5-10 R20, 7 inch rim",9292
78.27,487.19,-6.41,-205.91,-213.46,1.982,-4.78,37.97,0.03,0.03,0.9646,11.93,160012.73,7.65,93.96,2.111,-0,-1,139.05,136.19,137.73,24.97,Cornering,"Hoosier 43075 16x7.5-10 R20, 7 inch rim",9293
78.24,487.2,-5.3,-201.6,-211.64,1.98,-4.15,36.91,0.16,0.025,0.9526,12.03,25748.91,7.65,93.97,2.065,-0,-0.9997,138.96,136.19,137.65,24.98,Cornering,"Hoosier 43075 16x7.5-10 R20, 7 inch rim",9294
78.24,487.21,-4.85,-196.91,-208.26,1.993,-4.69,35.75,0.09,0.0233,0.9455,12.13,44322.45,7.65,93.94,2.021,-0,-0.9998,138.9,136.15,137.61,24.96,Cornering,"Hoosier 43075 16x7.5-10 R20, 7 inch rim",9295
78.27,487.22,-5.17,-191.25,-204.63,1.985,-4.53,34.65,0.03,0.0253,0.9346,12.17,160059.97,7.65,93.92,1.993,-0,-1,138.87,136.13,137.63,24.97,Cornering,"Hoosier 43075 16x7.5-10 R20, 7 inch rim",9296
78.26,487.23,-5.98,-185.87,-202.23,1.976,-4.16,34.38,0.03,0.0296,0.9191,12.15,160099.94,7.66,93.88,1.959,-0,-1,138.83,136.13,137.59,24.98,Cornering,"Hoosier 43075 16x7.5-10 R20, 7 inch rim",9297
78.24,487.24,-7.96,-180.64,-201.23,1.987,-3.89,33.72,0.09,0.0396,0.8977,12.06,44376.39,7.66,93.88,1.912,-0,-0.9998,138.83,136.19,137.63,24.98,Cornering,"Hoosier 43075 16x7.5-10 R20, 7 inch rim",9298
78.27,487.25,-9.81,-176.91,-201.26,1.982,-4.53,33.55,-0.04,0.0488,0.879,11.97,-99571.11,7.66,93.9,1.892,-0,-1.0001,138.83,136.17,137.63,24.99,Cornering,"Hoosier 43075 16x7.5-10 R20, 7 inch rim",9299
78.28,487.26,-11.41,-173.62,-203.24,1.993,-4.47,33.29,0.03,0.0561,0.8543,11.92,160145.88,7.65,93.94,1.847,-0,-1,138.77,135.97,137.61,24.98,Cornering,"Hoosier 43075 16x7.5-10 R20, 7 inch rim",9300
78.25,487.27,-12.38,-171.53,-206.07,1.993,-4.97,32.72,0.03,0.0601,0.8324,11.92,160112.16,7.65,93.96,1.801,-0,-1,138.64,135.6,137.53,24.98,Cornering,"Hoosier 43075 16x7.5-10 R20, 7 inch rim",9301
78.26,487.28,-12.29,-169.26,-209.18,1.985,-4.86,32.24,0.09,0.0588,0.8092,11.97,44348.56,7.66,93.98,1.766,-0,-0.9998,138.45,135.27,137.51,24.97,Cornering,"Hoosier 43075 16x7.5-10 R20, 7 inch rim",9302
78.28,487.29,-11.25,-166.75,-210.67,1.995,-5.66,31.73,0.03,0.0534,0.7915,12.06,159968.98,7.65,93.98,1.726,-0,-1,138.32,135.09,137.43,24.96,Cornering,"Hoosier 43075 16x7.5-10 R20, 7 inch rim",9303
78.27,487.3,-9.97,-163.77,-210.93,1.982,-5.98,30.76,0.16,0.0473,0.7764,12.17,25705.74,7.66,93.98,1.693,-0,-0.9997,138.23,134.94,137.35,24.93,Cornering,"Hoosier 43075 16x7.5-10 R20, 7 inch rim",9304
78.24,487.31,-8.54,-160.43,-208.54,1.985,-6.93,30,0.09,0.041,0.7693,12.2,44278.71,7.66,93.96,1.65,-0,-0.9998,138.12,134.87,137.25,24.93,Cornering,"Hoosier 43075 16x7.5-10 R20, 7 inch rim",9305
78.27,487.32,-7.42,-155.42,-205.27,1.993,-6.9,29.51,0.03,0.0361,0.7571,12.18,159866.05,7.66,93.92,1.598,-0,-1,138.12,134.85,137.23,24.94,Cornering,"Hoosier 43075 16x7.5-10 R20, 7 inch rim",9306
78.29,487.33,-7.36,-149.74,-202.04,1.986,-5.93,28.81,0.09,0.0364,0.7411,12.11,44290.63,7.66,93.89,1.558,-0,-0.9998,138.08,134.78,137.15,24.93,Cornering,"Hoosier 43075 16x7.5-10 R20, 7 inch rim",9307
78.27,487.34,-7.99,-144.05,-199.79,1.985,-5.03,28.6,0.03,0.04,0.721,11.99,159908.39,7.66,93.88,1.514,-0,-1,138,134.81,137.13,24.94,Cornering,"Hoosier 43075 16x7.5-10 R20, 7 inch rim",9308
78.27,487.35,-9.11,-138.68,-197.8,1.986,-5.51,29.24,0.09,0.0461,0.7011,11.92,44291.86,7.66,93.84,1.484,-0,-0.9998,138.04,134.92,137.13,24.93,Cornering,"Hoosier 43075 16x7.5-10 R20, 7 inch rim",9309
78.29,487.36,-10.51,-134.04,-198.38,1.998,-5.14,29.84,-0.04,0.053,0.6757,11.92,-99358.8,7.66,93.81,1.445,-0,-1.0001,138.08,134.96,137.09,24.93,Cornering,"Hoosier 43075 16x7.5-10 R20, 7 inch rim",9310
78.29,487.37,-11.35,-130.1,-199.83,1.987,-5.05,30.8,0.09,0.0568,0.651,11.97,44303.32,7.66,93.81,1.409,-0,-0.9998,138.04,134.83,137.04,24.94,Cornering,"Hoosier 43075 16x7.5-10 R20, 7 inch rim",9311
78.27,487.38,-11.67,-127.58,-201.76,1.986,-7.18,31.5,0.03,0.0578,0.6323,12.06,160029.17,7.66,93.82,1.346,-0,-1,137.89,134.56,136.94,24.96,Cornering,"Hoosier 43075 16x7.5-10 R20, 7 inch rim",9312
78.28,487.39,-11.32,-124.74,-204.82,1.999,-7.9,31.76,0.03,0.0553,0.609,12.13,160142.33,7.66,93.8,1.313,-0,-1,137.76,134.32,136.9,24.98,Cornering,"Hoosier 43075 16x7.5-10 R20, 7 inch rim",9313
78.3,487.4,-10.88,-121.87,-207.43,1.998,-8.36,31.17,0.03,0.0525,0.5875,12.15,160292.5,7.66,93.83,1.282,-0,-1,137.67,134.15,136.78,25,Cornering,"Hoosier 43075 16x7.5-10 R20, 7 inch rim",9314
78.28,487.41,-9.38,-118.15,-207.52,2.001,-9.69,30.71,0.03,0.0452,0.5694,12.11,160257.52,7.66,93.88,1.236,-0,-1,137.57,134.01,136.68,25,Cornering,"Hoosier 43075 16x7.5-10 R20, 7 inch rim",9315
78.26,487.42,-8.09,-113.17,-206.52,1.985,-8.75,29.62,0.03,0.0392,0.548,12.01,160296.73,7.66,93.9,1.19,-0,-1,137.52,133.99,136.62,25,Cornering,"Hoosier 43075 16x7.5-10 R20, 7 inch rim",9316
78.29,487.43,-6.62,-107.81,-203.98,1.989,-8.26,28.96,0.03,0.0324,0.5285,11.92,160261.36,7.66,93.93,1.149,-0,-1,137.39,133.95,136.64,25,Cornering,"Hoosier 43075 16x7.5-10 R20, 7 inch rim",9317
78.3,487.44,-5.85,-101.99,-201.05,1.987,-7.49,28.54,0.16,0.0291,0.5073,11.88,25800.47,7.66,93.95,1.11,-0,-0.9997,137.37,133.99,136.58,25.02,Cornering,"Hoosier 43075 16x7.5-10 R20, 7 inch rim",9318
78.27,487.45,-6.13,-96.01,-198.37,1.989,-6.94,28.21,0.09,0.0309,0.484,11.9,44452,7.66,93.97,1.054,-0,-0.9998,137.33,134.04,136.56,25.02,Cornering,"Hoosier 43075 16x7.5-10 R20, 7 inch rim",9319
78.28,487.46,-7.51,-90.49,-196.66,2.001,-6.79,27.88,0.16,0.0382,0.4602,11.99,25800.99,7.66,93.95,1.024,-0,-0.9997,137.33,134.12,136.54,25.02,Cornering,"Hoosier 43075 16x7.5-10 R20, 7 inch rim",9320
78.3,487.47,-9.4,-85.63,-196.55,1.971,-6.74,27.39,0.09,0.0478,0.4356,12.08,44442.33,7.67,93.93,0.991,-0,-0.9998,137.33,134.19,136.56,25.01,Cornering,"Hoosier 43075 16x7.5-10 R20, 7 inch rim",9321
78.28,487.48,-10.6,-81.78,-198,2.001,-7.35,27.79,0.03,0.0536,0.413,12.14,160343.28,7.66,93.94,0.942,-0,-1,137.24,134.12,136.52,25.01,Cornering,"Hoosier 43075 16x7.5-10 R20, 7 inch rim",9322
78.26,487.49,-11.58,-78.79,-199.34,1.989,-9.88,27.67,0.09,0.0581,0.3953,12.16,44432.81,7.67,93.91,0.904,-0,-0.9998,137.16,133.95,136.42,25.01,Cornering,"Hoosier 43075 16x7.5-10 R20, 7 inch rim",9323
78.29,487.5,-12,-75.6,-202.13,1.977,-10.94,27.15,-0.04,0.0594,0.374,12.1,-99604.96,7.67,93.89,0.866,-0,-1.0001,137.03,133.62,136.32,24.99,Cornering,"Hoosier 43075 16x7.5-10 R20, 7 inch rim",9324
78.31,487.51,-11.46,-71.49,-204.34,1.973,-11.18,26.75,0.03,0.0561,0.3499,12,160198.47,7.67,93.88,0.808,-0,-1,136.9,133.42,136.16,24.98,Cornering,"Hoosier 43075 16x7.5-10 R20, 7 inch rim",9325
78.28,487.52,-10.31,-67.44,-206.22,1.998,-10.77,26.2,0.03,0.05,0.3271,11.92,160050.41,7.66,93.9,0.783,-0,-1,136.77,133.22,136.03,24.96,Cornering,"Hoosier 43075 16x7.5-10 R20, 7 inch rim",9326
78.27,487.53,-9.23,-62.35,-204.51,1.987,-10.78,24.87,0.09,0.0451,0.3049,11.89,44330.96,7.67,93.92,0.746,-0,-0.9998,136.73,133.16,135.93,24.95,Cornering,"Hoosier 43075 16x7.5-10 R20, 7 inch rim",9327
78.3,487.54,-8.09,-57.3,-201.76,1.989,-10.48,23.72,0.09,0.0401,0.284,11.92,44331.1,7.67,93.95,0.723,-0,-0.9998,136.66,133.13,135.81,24.95,Cornering,"Hoosier 43075 16x7.5-10 R20, 7 inch rim",9328
78.29,487.55,-7.65,-51.77,-199.08,1.987,-9.35,22.5,0.09,0.0384,0.26,12,44321.09,7.67,93.99,0.669,-0,-0.9998,136.58,133.11,135.77,24.94,Cornering,"Hoosier 43075 16x7.5-10 R20, 7 inch rim",9329
78.27,487.56,-8,-46.23,-195.95,1.97,-8.82,21.47,-0.04,0.0408,0.2359,12.08,-99400.28,7.67,94.03,0.634,-0,-1.0001,136.58,133.13,135.65,24.94,Cornering,"Hoosier 43075 16x7.5-10 R20, 7 inch rim",9330
78.3,487.57,-9.55,-41.2,-194.04,1.987,-9.05,20.5,0.03,0.0492,0.2123,12.17,160016.89,7.67,94.06,0.596,-0,-1,136.6,133.24,135.65,24.96,Cornering,"Hoosier 43075 16x7.5-10 R20, 7 inch rim",9331
78.3,487.58,-11.12,-36.72,-193.68,1.989,-9.74,20.1,0.09,0.0574,0.1896,12.16,44342.18,7.67,94.1,0.556,-0,-0.9998,136.56,133.38,135.65,24.96,Cornering,"Hoosier 43075 16x7.5-10 R20, 7 inch rim",9332
78.27,487.59,-12.82,-32.96,-194.92,1.982,-10.45,19.74,0.09,0.0658,0.1691,12.08,44342.3,7.67,94.1,0.52,-0,-0.9998,136.58,133.42,135.61,24.96,Cornering,"Hoosier 43075 16x7.5-10 R20, 7 inch rim",9333
78.28,487.6,-13.52,-29.05,-196.77,1.987,-11.12,20.05,0.03,0.0687,0.1476,11.97,159981.06,7.67,94.13,0.486,-0,-1,136.45,133.22,135.55,24.95,Cornering,"Hoosier 43075 16x7.5-10 R20, 7 inch rim",9334
78.3,487.61,-13.77,-25.1,-199.31,1.986,-12.13,19.91,-0.04,0.0691,0.1259,11.9,-99470.98,7.67,94.17,0.45,-0,-1.0001,136.39,132.91,135.37,24.96,Cornering,"Hoosier 43075 16x7.5-10 R20, 7 inch rim",9335
78.29,487.62,-13.85,-20.7,-201.38,1.982,-13.2,18.93,0.03,0.0688,0.1028,11.89,160056.06,7.67,94.16,0.394,-0,-1,136.24,132.69,135.19,24.96,Cornering,"Hoosier 43075 16x7.5-10 R20, 7 inch rim",9336
78.27,487.63,-12.56,-15.71,-202.6,1.986,-13.43,18.74,-0.04,0.062,0.0775,11.94,-99563.71,7.67,94.09,0.362,-0,-1.0001,136.13,132.56,135.02,24.98,Cornering,"Hoosier 43075 16x7.5-10 R20, 7 inch rim",9337
78.29,487.64,-11.16,-9.98,-202.07,1.99,-13.01,17.94,0.09,0.0552,0.0494,12.03,44404.43,7.67,94.03,0.341,-0,-0.9998,136.06,132.47,134.82,24.99,Cornering,"Hoosier 43075 16x7.5-10 R20, 7 inch rim",9338
78.31,487.65,-9.81,-4.44,-200.28,1.996,-12.28,17.04,0.03,0.049,0.0222,12.12,160242.16,7.67,93.96,0.292,-0,-1,136.02,132.43,134.74,24.99,Cornering,"Hoosier 43075 16x7.5-10 R20, 7 inch rim",9339
78.28,487.66,-8.51,1.23,-197.23,1.993,-11.89,16.53,0.03,0.0431,-0.0062,12.17,160019.11,7.67,93.9,0.249,-0,-1,135.96,132.38,134.7,24.96,Cornering,"Hoosier 43075 16x7.5-10 R20, 7 inch rim",9340
78.27,487.67,-8.23,6.61,-195.14,1.995,-11,15.8,0.16,0.0422,-0.0339,12.15,25719.39,7.67,93.88,0.209,-0,-0.9997,135.87,132.45,134.58,24.94,Cornering,"Hoosier 43075 16x7.5-10 R20, 7 inch rim",9341
78.3,487.68,-8.73,11.82,-192.63,1.989,-11.74,15.49,0.09,0.0453,-0.0613,12.06,44311.65,7.67,93.86,0.161,-0,-0.9998,135.89,132.56,134.52,24.94,Cornering,"Hoosier 43075 16x7.5-10 R20, 7 inch rim",9342
78.3,487.69,-10.27,17.24,-192.47,1.989,-11.73,14.98,0.09,0.0534,-0.0896,11.97,44321.88,7.67,93.79,0.126,-0,-0.9998,135.89,132.74,134.5,24.94,Cornering,"Hoosier 43075 16x7.5-10 R20, 7 inch rim",9343
78.27,487.7,-11.54,21.91,-192.81,1.982,-12.72,14.79,0.16,0.0598,-0.1136,11.95,25737.18,7.67,93.75,0.08,-0,-0.9997,135.89,132.85,134.46,24.96,Cornering,"Hoosier 43075 16x7.5-10 R20, 7 inch rim",9344
78.29,487.71,-12.77,26.45,-194.93,1.986,-13.24,14.56,0.09,0.0655,-0.1357,11.99,44362.8,7.67,93.69,0.03,-0,-0.9998,135.79,132.76,134.32,24.97,Cornering,"Hoosier 43075 16x7.5-10 R20, 7 inch rim",9345
78.31,487.72,-13.07,31.15,-196.39,1.98,-14.81,14.48,-0.11,0.0665,-0.1586,12.05,-37977.45,7.67,93.65,0,-0,-1.0002,135.64,132.47,134.2,24.98,Cornering,"Hoosier 43075 16x7.5-10 R20, 7 inch rim",9346
78.28,487.73,-12.79,36.45,-198.67,1.995,-15.32,13.98,-0.04,0.0644,-0.1835,12.11,-99585.19,7.67,93.63,-0.044,-0,-1.0001,135.53,132.23,133.99,24.98,Cornering,"Hoosier 43075 16x7.5-10 R20, 7 inch rim",9347
78.26,487.74,-12.18,41.78,-200.21,1.99,-15.77,13.06,0.03,0.0609,-0.2087,12.13,160164.3,7.67,93.63,-0.09,-0,-1,135.44,132.05,133.83,24.98,Cornering,"Hoosier 43075 16x7.5-10 R20, 7 inch rim",9348
78.3,487.75,-10.63,47.71,-200.33,1.98,-15.37,12.34,0.09,0.0531,-0.2381,12.08,44320.8,7.67,93.6,-0.142,-0,-0.9998,135.36,131.99,133.67,24.94,Cornering,"Hoosier 43075 16x7.5-10 R20, 7 inch rim",9349
78.29,487.76,-9.26,53.72,-199.03,1.987,-14.76,11.33,-0.04,0.0465,-0.2699,12,-99421.88,7.67,93.58,-0.175,-0,-1.0001,135.29,131.99,133.55,24.94,Cornering,"Hoosier 43075 16x7.5-10 R20, 7 inch rim",9350
78.26,487.77,-7.7,59.57,-196.81,1.989,-13.65,10.67,0.03,0.0391,-0.3027,11.95,159863.59,7.67,93.56,-0.242,-0,-1,135.29,131.99,133.47,24.93,Cornering,"Hoosier 43075 16x7.5-10 R20, 7 inch rim",9351
78.27,487.78,-7.05,64.89,-193.45,1.99,-14.73,10.02,-0.04,0.0364,-0.3355,11.94,-99304.96,7.67,93.56,-0.266,-0,-1.0001,135.21,131.94,133.45,24.92,Cornering,"Hoosier 43075 16x7.5-10 R20, 7 inch rim",9352
78.29,487.79,-7.79,70.44,-191.57,1.987,-14.63,9.25,0.09,0.0407,-0.3677,12,44257.81,7.67,93.54,-0.313,-0,-0.9998,135.12,132.08,133.37,24.91,Cornering,"Hoosier 43075 16x7.5-10 R20, 7 inch rim",9353
78.27,487.8,-9.26,75.08,-191.05,1.982,-15.24,8.53,0.03,0.0485,-0.393,12.07,159674.34,7.67,93.5,-0.361,-0,-1,135.12,132.19,133.35,24.9,Cornering,"Hoosier 43075 16x7.5-10 R20, 7 inch rim",9354
78.25,487.81,-10.81,80.38,-191.89,1.983,-14.66,8.32,-0.04,0.0563,-0.4189,12.13,-99279.49,7.67,93.45,-0.392,-0,-1.0001,135.12,132.25,133.33,24.91,Cornering,"Hoosier 43075 16x7.5-10 R20, 7 inch rim",9355
78.27,487.82,-11.74,85.33,-192.41,1.99,-15.56,8.68,0.09,0.061,-0.4435,12.13,44267.05,7.67,93.42,-0.431,-0,-0.9998,135.06,132.16,133.27,24.92,Cornering,"Hoosier 43075 16x7.5-10 R20, 7 inch rim",9356
78.28,487.83,-12.41,90.18,-194.41,1.999,-16.17,8.58,0.03,0.0639,-0.4638,12.06,159744.67,7.67,93.41,-0.477,-0,-1,134.93,131.99,133.16,24.92,Cornering,"Hoosier 43075 16x7.5-10 R20, 7 inch rim",9357
78.25,487.84,-12.02,95.51,-196.29,1.993,-16.49,8.55,0.03,0.0612,-0.4866,11.97,159818.52,7.67,93.39,-0.49,-0,-1,134.76,131.79,132.98,24.93,Cornering,"Hoosier 43075 16x7.5-10 R20, 7 inch rim",9358
78.26,487.85,-11.14,101.13,-197.48,1.99,-17.66,8.01,-0.04,0.0564,-0.5121,11.91,-99391.52,7.67,93.36,-0.544,-0,-1.0001,134.63,131.57,132.76,24.94,Cornering,"Hoosier 43075 16x7.5-10 R20, 7 inch rim",9359
78.28,487.86,-9.86,106.46,-198.47,1.979,-17.24,6.91,0.03,0.0497,-0.5364,11.91,159963.59,7.67,93.38,-0.578,-0,-1,134.54,131.46,132.58,24.95,Cornering,"Hoosier 43075 16x7.5-10 R20, 7 inch rim",9360
78.27,487.87,-8.76,111.71,-197.74,1.987,-17.21,5.24,0.03,0.0443,-0.5649,11.97,160148.3,7.67,93.37,-0.604,-0,-1,134.52,131.42,132.46,24.98,Cornering,"Hoosier 43075 16x7.5-10 R20, 7 inch rim",9361
78.24,487.88,-7.36,116.46,-195.46,1.986,-17.49,3.91,0.03,0.0377,-0.5958,12.09,160295.8,7.67,93.35,-0.63,-0,-1,134.48,131.44,132.38,25,Cornering,"Hoosier 43075 16x7.5-10 R20, 7 inch rim",9362
78.26,487.89,-6.84,121.21,-192.95,1.99,-16.89,2.53,-0.04,0.0355,-0.6282,12.14,-99665.54,7.67,93.33,-0.661,-0,-1.0001,134.37,131.46,132.36,25.01,Cornering,"Hoosier 43075 16x7.5-10 R20, 7 inch rim",9363
78.27,487.9,-7.37,125.34,-191.09,1.993,-17.2,1.24,-0.04,0.0385,-0.6559,12.15,-99641.64,7.67,93.26,-0.689,-0,-1.0001,134.35,131.55,132.34,25,Cornering,"Hoosier 43075 16x7.5-10 R20, 7 inch rim",9364
78.24,487.91,-8.54,130.13,-190,1.989,-16.88,0.28,0.03,0.045,-0.6849,12.06,160216.5,7.67,93.25,-0.734,-0,-1,134.3,131.66,132.34,24.99,Cornering,"Hoosier 43075 16x7.5-10 R20, 7 inch rim",9365
78.24,487.92,-10.9,134.47,-189.94,1.99,-17.3,-1.34,0.09,0.0574,-0.7079,11.97,44386.48,7.67,93.24,-0.774,-0,-0.9998,134.28,131.81,132.3,24.98,Cornering,"Hoosier 43075 16x7.5-10 R20, 7 inch rim",9366
78.27,487.93,-12.74,138.98,-190.62,1.99,-17.49,-2.44,-0.04,0.0669,-0.7291,11.91,-99545.45,7.67,93.27,-0.809,-0,-1.0001,134.28,131.86,132.3,24.98,Cornering,"Hoosier 43075 16x7.5-10 R20, 7 inch rim",9367
78.25,487.94,-13.9,143.22,-192,1.983,-18.17,-3.21,0.16,0.0724,-0.7459,11.92,25756.2,7.67,93.31,-0.845,-0,-0.9997,134.2,131.7,132.24,24.98,Cornering,"Hoosier 43075 16x7.5-10 R20, 7 inch rim",9368
78.23,487.95,-14.08,147.59,-193.9,1.995,-18.79,-3.81,0.03,0.0726,-0.7611,11.95,160208.84,7.66,93.36,-0.878,-0,-1,134.11,131.57,132.09,24.99,Cornering,"Hoosier 43075 16x7.5-10 R20, 7 inch rim",9369
78.24,487.96,-13.9,152,-195.99,1.989,-18.97,-4.91,-0.04,0.0709,-0.7756,12.05,-99634.03,7.67,93.44,-0.918,-0,-1.0001,134.09,131.35,131.95,25,Cornering,"Hoosier 43075 16x7.5-10 R20, 7 inch rim",9370
78.26,487.97,-13.03,156.7,-197.16,1.986,-19.08,-5.97,0.03,0.0661,-0.7948,12.14,160276.84,7.67,93.51,-0.984,-0,-1,134.05,131.31,131.79,25,Cornering,"Hoosier 43075 16x7.5-10 R20, 7 inch rim",9371
78.23,487.98,-11.27,160.88,-196.98,1.993,-19.07,-6.55,-0.04,0.0572,-0.8167,12.17,-99561.2,7.67,93.57,-1.011,-0,-1.0001,133.98,131.28,131.73,24.98,Cornering,"Hoosier 43075 16x7.5-10 R20, 7 inch rim",9372
78.23,487.99,-9.81,165.06,-195.99,1.985,-18.52,-7.47,0.03,0.0501,-0.8422,12.13,160011.7,7.67,93.61,-1.062,-0,-1,134.03,131.26,131.67,24.96,Cornering,"Hoosier 43075 16x7.5-10 R20, 7 inch rim",9373
78.25,488,-8.62,169.32,-193.36,1.992,-18.83,-7.86,-0.04,0.0446,-0.8757,12.05,-99394.74,7.66,93.59,-1.127,-0,-1.0001,133.98,131.35,131.63,24.94,Cornering,"Hoosier 43075 16x7.5-10 R20, 7 inch rim",9374
78.25,488.01,-8.2,173.76,-191.3,1.993,-18.83,-7.81,0.03,0.0428,-0.9083,11.97,159893.69,7.66,93.56,-1.158,-0,-1,133.94,131.37,131.65,24.94,Cornering,"Hoosier 43075 16x7.5-10 R20, 7 inch rim",9375
78.21,488.02,-8.05,178.68,-190.06,1.999,-18.87,-7,0.03,0.0423,-0.9401,11.92,159852.53,7.66,93.56,-1.214,-0,-1,133.9,131.55,131.61,24.94,Cornering,"Hoosier 43075 16x7.5-10 R20, 7 inch rim",9376
78.23,488.03,-8.21,183.5,-189.73,1.985,-19.13,-5.7,0.09,0.0433,-0.9672,11.95,44305.89,7.66,93.55,-1.257,-0,-0.9998,133.85,131.68,131.63,24.94,Cornering,"Hoosier 43075 16x7.5-10 R20, 7 inch rim",9377
78.26,488.04,-8.8,188.13,-189.76,1.993,-19.92,-4.52,0.03,0.0464,-0.9914,12.02,159845.83,7.66,93.52,-1.303,-0,-1,133.85,131.77,131.65,24.94,Cornering,"Hoosier 43075 16x7.5-10 R20, 7 inch rim",9378
78.24,488.05,-8.9,192.84,-191.4,1.987,-19.81,-3.4,0.03,0.0465,-1.0075,12.14,159954.47,7.66,93.51,-1.339,-0,-1,133.81,131.7,131.63,24.96,Cornering,"Hoosier 43075 16x7.5-10 R20, 7 inch rim",9379
78.22,488.06,-8.41,197.22,-193.42,1.995,-20.16,-2.41,0.03,0.0435,-1.0197,12.19,159987.81,7.66,93.51,-1.386,-0,-1,133.68,131.53,131.55,24.96,Cornering,"Hoosier 43075 16x7.5-10 R20, 7 inch rim",9380
78.24,488.07,-7.08,201.36,-196.1,1.979,-20.36,-1.63,0.03,0.0361,-1.0268,12.2,160095.94,7.66,93.53,-1.426,-0,-1,133.62,131.31,131.41,24.98,Cornering,"Hoosier 43075 16x7.5-10 R20, 7 inch rim",9381
78.25,488.08,-5.78,205.87,-197.6,1.995,-20.92,-1.79,-0.04,0.0293,-1.0419,12.14,-99516.3,7.66,93.55,-1.479,-0,-1.0001,133.58,131.06,131.29,24.98,Cornering,"Hoosier 43075 16x7.5-10 R20, 7 inch rim",9382
78.23,488.09,-4.36,209.79,-198.83,1.996,-20.37,-2.58,-0.04,0.0219,-1.0552,12.05,-99515.14,7.66,93.58,-1.5,-0,-1.0001,133.51,131.02,131.14,24.98,Cornering,"Hoosier 43075 16x7.5-10 R20, 7 inch rim",9383
78.23,488.1,-2.5,213.37,-197.7,1.976,-21.08,-3.24,-0.04,0.0127,-1.0793,11.96,-99558.32,7.66,93.63,-1.555,-0,-1.0001,133.51,131.02,131.1,24.99,Cornering,"Hoosier 43075 16x7.5-10 R20, 7 inch rim",9384
78.26,488.11,-1.82,216.99,-195.37,1.996,-21.79,-4.41,0.09,0.0093,-1.1106,11.97,44401.43,7.66,93.65,-1.578,-0,-0.9998,133.47,131.06,131.02,25,Cornering,"Hoosier 43075 16x7.5-10 R20, 7 inch rim",9385
78.25,488.12,-2.24,221.12,-192.67,1.987,-22.34,-6.05,0.09,0.0116,-1.1476,12.01,44421.11,7.66,93.69,-1.614,-0,-0.9998,133.4,131.15,130.98,25.01,Cornering,"Hoosier 43075 16x7.5-10 R20, 7 inch rim",9386
78.22,488.13,-3.71,224.84,-191.63,1.976,-22.05,-7.6,-0.04,0.0194,-1.1733,12.08,-99668.09,7.66,93.71,-1.654,-0,-1.0001,133.32,131.28,130.96,25.02,Cornering,"Hoosier 43075 16x7.5-10 R20, 7 inch rim",9387
78.25,488.14,-5.14,228.81,-190.74,1.995,-22.21,-7.99,0.09,0.0269,-1.1996,12.19,44388.38,7.66,93.68,-1.684,-0,-0.9998,133.3,131.44,130.88,25,Cornering,"Hoosier 43075 16x7.5-10 R20, 7 inch rim",9388
78.26,488.15,-7.04,232.84,-190.38,1.99,-22.29,-8.9,0.09,0.037,-1.223,12.19,44325.59,7.66,93.68,-1.722,-0,-0.9998,133.3,131.57,130.92,24.96,Cornering,"Hoosier 43075 16x7.5-10 R20, 7 inch rim",9389
78.24,488.16,-8.31,236.01,-191.91,1.98,-21.95,-9.27,-0.04,0.0433,-1.2298,12.14,-99384.34,7.66,93.66,-1.764,-0,-1.0001,133.25,131.53,130.88,24.95,Cornering,"Hoosier 43075 16x7.5-10 R20, 7 inch rim",9390
78.24,488.17,-9.79,239.29,-193.91,1.999,-21.79,-10.41,0.09,0.0505,-1.234,12.06,44302.74,7.65,93.61,-1.804,-0,-0.9998,133.15,131.39,130.78,24.95,Cornering,"Hoosier 43075 16x7.5-10 R20, 7 inch rim",9391
78.26,488.18,-10.56,241.86,-196.7,1.989,-22.21,-11.92,0.03,0.0537,-1.2296,12.02,159982.53,7.65,93.62,-1.843,-0,-1,133,131.2,130.6,24.97,Cornering,"Hoosier 43075 16x7.5-10 R20, 7 inch rim",9392
78.25,488.19,-10.3,244.7,-198.51,1.989,-23.38,-13.18,0.03,0.0519,-1.2327,12.02,160165.38,7.65,93.63,-1.87,-0,-1,132.97,131.11,130.44,25,Cornering,"Hoosier 43075 16x7.5-10 R20, 7 inch rim",9393
78.23,488.2,-9.15,247.55,-200.16,1.987,-22.97,-14.34,0.09,0.0457,-1.2368,12.07,44392.33,7.65,93.65,-1.908,-0,-0.9998,132.91,131.04,130.32,25,Cornering,"Hoosier 43075 16x7.5-10 R20, 7 inch rim",9394
78.25,488.21,-7.18,250.18,-199.25,1.982,-23.22,-14.59,0.03,0.0361,-1.2556,12.14,160231.36,7.65,93.72,-1.947,-0,-1,132.93,131.06,130.25,25.01,Cornering,"Hoosier 43075 16x7.5-10 R20, 7 inch rim",9395
78.27,488.22,-6.12,252.78,-197.45,1.977,-23.13,-15.44,0.03,0.031,-1.2802,12.16,160114.41,7.65,93.75,-1.997,-0,-1,132.87,131.06,130.21,24.99,Cornering,"Hoosier 43075 16x7.5-10 R20, 7 inch rim",9396
78.25,488.23,-5.66,255.93,-194.84,1.996,-23.16,-15.92,0.09,0.0291,-1.3135,12.14,44357.56,7.65,93.73,-2.036,-0,-0.9998,132.82,131.11,130.25,24.98,Cornering,"Hoosier 43075 16x7.5-10 R20, 7 inch rim",9397
78.24,488.24,-6.2,259.13,-192.28,1.99,-23.54,-16.31,0.09,0.0322,-1.3476,12.06,44315.08,7.65,93.72,-2.077,-0,-0.9998,132.78,131.15,130.3,24.96,Cornering,"Hoosier 43075 16x7.5-10 R20, 7 inch rim",9398
78.27,488.25,-6.7,262.68,-191.06,1.977,-23.36,-15.36,0.09,0.0351,-1.3749,11.99,44313.6,7.65,93.7,-2.123,-0,-0.9998,132.78,131.35,130.36,24.96,Cornering,"Hoosier 43075 16x7.5-10 R20, 7 inch rim",9399
78.27,488.26,-8.06,266.36,-190.71,1.993,-23.69,-14.81,0.03,0.0423,-1.3967,11.97,159797.8,7.65,93.63,-2.166,-0,-1,132.72,131.48,130.5,24.94,Cornering,"Hoosier 43075 16x7.5-10 R20, 7 inch rim",9400
78.24,488.27,-8.29,269.37,-192,1.982,-23.26,-13.5,-0.04,0.0432,-1.403,12,-99423.52,7.65,93.61,-2.201,-0,-1.0001,132.78,131.44,130.58,24.97,Cornering,"Hoosier 43075 16x7.5-10 R20, 7 inch rim",9401
78.26,488.28,-8.64,272.65,-193.54,1.992,-23.42,-12.66,0.03,0.0446,-1.4087,12.11,159973.69,7.65,93.59,-2.246,-0,-1,132.76,131.35,130.6,24.97,Cornering,"Hoosier 43075 16x7.5-10 R20, 7 inch rim",9402
78.28,488.29,-8.26,275.2,-196.1,1.989,-23.96,-11.91,0.03,0.0421,-1.4034,12.17,160044.22,7.65,93.54,-2.276,-0,-1,132.63,131.31,130.52,24.98,Cornering,"Hoosier 43075 16x7.5-10 R20, 7 inch rim",9403
78.26,488.3,-7.8,278.2,-198.1,1.989,-24.22,-12.29,0.09,0.0393,-1.4043,12.18,44338.06,7.65,93.55,-2.312,-0,-0.9998,132.61,131.15,130.5,24.98,Cornering,"Hoosier 43075 16x7.5-10 R20, 7 inch rim",9404
78.24,488.31,-6.25,280.71,-199.63,1.998,-24.76,-12.49,0.03,0.0313,-1.4061,12.14,159959.02,7.65,93.53,-2.362,-0,-1,132.63,131.09,130.38,24.97,Cornering,"Hoosier 43075 16x7.5-10 R20, 7 inch rim",9405
78.28,488.32,-4.6,283.51,-199.22,1.989,-25.24,-13.03,-0.04,0.0231,-1.4231,12.08,-99454.16,7.65,93.53,-2.398,-0,-1.0001,132.67,131.09,130.34,24.98,Cornering,"Hoosier 43075 16x7.5-10 R20, 7 inch rim",9406
78.28,488.33,-3.26,286.43,-197.91,1.987,-24.56,-13.82,-0.04,0.0165,-1.4473,11.97,-99473.59,7.65,93.53,-2.443,-0,-1.0001,132.63,131.17,130.36,24.98,Cornering,"Hoosier 43075 16x7.5-10 R20, 7 inch rim",9407
78.24,488.34,-2.42,289.63,-195.4,1.987,-24.38,-14.29,0.09,0.0124,-1.4823,11.95,44362.73,7.65,93.53,-2.483,-0,-0.9998,132.52,131.22,130.38,25,Cornering,"Hoosier 43075 16x7.5-10 R20, 7 inch rim",9408
78.26,488.35,-2.36,292.64,-193.03,1.999,-24.6,-14.26,0.03,0.0122,-1.5161,11.97,160087.3,7.64,93.52,-2.514,-0,-1,132.48,131.24,130.38,25,Cornering,"Hoosier 43075 16x7.5-10 R20, 7 inch rim",9409
78.29,488.36,-3.32,295.9,-192.05,1.989,-24.12,-14.33,0.09,0.0173,-1.5407,12.04,44380.14,7.65,93.52,-2.566,-0,-0.9998,132.44,131.42,130.44,25.01,Cornering,"Hoosier 43075 16x7.5-10 R20, 7 inch rim",9410
78.27,488.37,-4.63,299.13,-190.95,1.985,-24.25,-13.95,-0.04,0.0243,-1.5665,12.13,-99575.78,7.65,93.57,-2.597,-0,-1.0001,132.55,131.53,130.5,25.01,Cornering,"Hoosier 43075 16x7.5-10 R20, 7 inch rim",9411
78.25,488.38,-5.57,301.92,-191.48,1.99,-23.75,-13.12,-0.04,0.0291,-1.5768,12.19,-99572.12,7.65,93.57,-2.639,-0,-1.0001,132.57,131.61,130.56,25.01,Cornering,"Hoosier 43075 16x7.5-10 R20, 7 inch rim",9412
78.29,488.39,-6.34,304.29,-192.88,1.99,-23.77,-12.81,0.03,0.0329,-1.5776,12.17,160064.72,7.65,93.58,-2.675,-0,-1,132.55,131.55,130.56,25,Cornering,"Hoosier 43075 16x7.5-10 R20, 7 inch rim",9413
78.3,488.4,-6.88,306.26,-195.14,1.963,-24.34,-13.3,0.09,0.0352,-1.5694,12.08,44312,7.65,93.56,-2.727,-0,-0.9998,132.5,131.44,130.58,24.97,Cornering,"Hoosier 43075 16x7.5-10 R20, 7 inch rim",9414
78.27,488.41,-7.03,308.57,-197.01,1.998,-25.75,-14.08,0.09,0.0357,-1.5662,12.03,44310.65,7.64,93.54,-2.76,-0,-0.9998,132.4,131.31,130.48,24.97,Cornering,"Hoosier 43075 16x7.5-10 R20, 7 inch rim",9415
78.27,488.42,-7.08,310.93,-198.41,2.001,-26.48,-16.11,0.03,0.0357,-1.5671,12,159898.09,7.64,93.53,-2.798,-0,-1,132.4,131.26,130.34,24.97,Cornering,"Hoosier 43075 16x7.5-10 R20, 7 inch rim",9416
78.29,488.43,-5.9,313.28,-198.91,1.995,-26.38,-17.06,-0.04,0.0296,-1.575,12.03,-99438.75,7.64,93.53,-2.835,-0,-1.0001,132.35,131.22,130.3,24.98,Cornering,"Hoosier 43075 16x7.5-10 R20, 7 inch rim",9417
78.27,488.44,-4.73,315.28,-197.8,1.99,-26.29,-18.19,0.16,0.0239,-1.594,12.09,25757.76,7.64,93.53,-2.875,-0,-0.9997,132.29,131.31,130.28,25.01,Cornering,"Hoosier 43075 16x7.5-10 R20, 7 inch rim",9418
78.26,488.45,-3.61,317.73,-195.82,1.985,-25.52,-18.29,-0.04,0.0184,-1.6226,12.13,-99546.52,7.64,93.5,-2.914,-0,-1.0001,132.31,131.42,130.28,25.01,Cornering,"Hoosier 43075 16x7.5-10 R20, 7 inch rim",9419
78.28,488.46,-3.04,320.12,-193.13,1.993,-25.62,-17.94,0.03,0.0157,-1.6576,12.12,160022.64,7.64,93.52,-2.952,-0,-1,132.22,131.42,130.36,25,Cornering,"Hoosier 43075 16x7.5-10 R20, 7 inch rim",9420
78.3,488.47,-3.67,323.02,-191.13,1.989,-25.41,-17.72,-0.04,0.0192,-1.6901,12.06,-99354.1,7.64,93.5,-2.994,-0,-1.0001,132.2,131.5,130.46,24.97,Cornering,"Hoosier 43075 16x7.5-10 R20, 7 inch rim",9421
78.27,488.48,-4.86,325.49,-190.25,1.985,-25.44,-17.08,0.09,0.0255,-1.7109,11.99,44257.81,7.64,93.48,-3.032,-0,-0.9998,132.18,131.64,130.56,24.95,Cornering,"Hoosier 43075 16x7.5-10 R20, 7 inch rim",9422
78.27,488.49,-6.16,328.28,-190.6,1.989,-24.94,-16.65,0.09,0.0323,-1.7224,11.97,44224.96,7.64,93.48,-3.077,-0,-0.9998,132.2,131.7,130.6,24.93,Cornering,"Hoosier 43075 16x7.5-10 R20, 7 inch rim",9423
78.3,488.5,-7.03,330.64,-191.67,1.985,-25.1,-16.08,-0.04,0.0367,-1.7251,12,-99225.27,7.64,93.44,-3.127,-0,-1.0001,132.22,131.64,130.62,24.94,Cornering,"Hoosier 43075 16x7.5-10 R20, 7 inch rim",9424
78.29,488.51,-7.33,332.56,-193.56,1.979,-25.65,-15.68,0.03,0.0379,-1.7181,12.06,159618,7.64,93.4,-3.158,-0,-1,132.18,131.57,130.64,24.94,Cornering,"Hoosier 43075 16x7.5-10 R20, 7 inch rim",9425
78.27,488.52,-7.27,334.27,-195.66,2.002,-27.42,-15.95,0.09,0.0371,-1.7085,12.15,44239.89,7.64,93.35,-3.199,-0,-0.9998,132.14,131.39,130.58,24.94,Cornering,"Hoosier 43075 16x7.5-10 R20, 7 inch rim",9426
78.29,488.53,-6.38,336.51,-197.59,1.992,-27.65,-16.36,0.09,0.0323,-1.7031,12.18,44238.61,7.64,93.27,-3.226,-0,-0.9998,132.14,131.35,130.48,24.94,Cornering,"Hoosier 43075 16x7.5-10 R20, 7 inch rim",9427
78.3,488.54,-5.07,338.87,-198.32,1.989,-27.78,-17.07,-0.04,0.0256,-1.7087,12.14,-99232.44,7.64,93.26,-3.277,-0,-1.0001,132.09,131.28,130.46,24.94,Cornering,"Hoosier 43075 16x7.5-10 R20, 7 inch rim",9428
78.27,488.55,-3.44,340.88,-197.4,1.983,-27.72,-17.49,0.09,0.0175,-1.7268,12.08,44213.44,7.64,93.24,-3.322,-0,-0.9998,132.12,131.39,130.44,24.93,Cornering,"Hoosier 43075 16x7.5-10 R20, 7 inch rim",9429
78.27,488.56,-2.04,343.15,-195.66,1.993,-27,-17.47,-0.04,0.0104,-1.7538,11.98,-99269,7.63,93.25,-3.365,-0,-1.0001,132.09,131.44,130.42,24.96,Cornering,"Hoosier 43075 16x7.5-10 R20, 7 inch rim",9430
78.3,488.57,-1.53,345.88,-193.06,1.993,-26.11,-17.27,0.09,0.0079,-1.7916,11.94,44281.79,7.63,93.29,-3.395,-0,-0.9998,132.07,131.48,130.44,24.97,Cornering,"Hoosier 43075 16x7.5-10 R20, 7 inch rim",9431
78.3,488.58,-2.04,348.47,-191.01,1.986,-25.75,-17.11,0.09,0.0107,-1.8244,11.95,44279.14,7.64,93.29,-3.448,-0,-0.9998,132.03,131.53,130.48,24.97,Cornering,"Hoosier 43075 16x7.5-10 R20, 7 inch rim",9432
78.27,488.59,-3.43,351.4,-190.03,1.986,-25.13,-17.03,0.03,0.018,-1.8492,12.02,159820.45,7.64,93.27,-3.484,-0,-1,132.05,131.68,130.56,24.98,Cornering,"Hoosier 43075 16x7.5-10 R20, 7 inch rim",9433
78.29,488.6,-4.67,353.73,-189.74,1.979,-25.14,-16.52,0.03,0.0246,-1.8642,12.11,159702.31,7.64,93.28,-3.521,-0,-1,132.05,131.79,130.66,24.96,Cornering,"Hoosier 43075 16x7.5-10 R20, 7 inch rim",9434
78.31,488.61,-5.94,355.28,-190.65,1.987,-25.78,-16.18,-0.04,0.0312,-1.8635,12.17,-99270.27,7.63,93.3,-3.557,-0,-1.0001,132.09,131.86,130.7,24.96,Cornering,"Hoosier 43075 16x7.5-10 R20, 7 inch rim",9435
78.28,488.62,-6.95,356.56,-192.15,1.985,-26.91,-16.34,-0.04,0.0362,-1.8557,12.19,-99286.59,7.63,93.33,-3.614,-0,-1.0001,132.09,131.72,130.74,24.97,Cornering,"Hoosier 43075 16x7.5-10 R20, 7 inch rim",9436
78.27,488.63,-6.94,358.18,-194.86,1.985,-27.28,-16.49,0.03,0.0356,-1.8382,12.15,159716.44,7.63,93.34,-3.642,-0,-1,132.07,131.61,130.66,24.97,Cornering,"Hoosier 43075 16x7.5-10 R20, 7 inch rim",9437
78.3,488.64,-6.5,360.39,-196.8,1.99,-28.18,-17.04,0.09,0.033,-1.8313,12.08,44256.94,7.63,93.33,-3.677,-0,-0.9998,132.05,131.48,130.6,24.97,Cornering,"Hoosier 43075 16x7.5-10 R20, 7 inch rim",9438
78.31,488.65,-5.56,362.27,-197.91,1.995,-28.97,-18.11,0.03,0.0281,-1.8305,12,159629.83,7.63,93.29,-3.707,-0,-1,132.09,131.48,130.54,24.96,Cornering,"Hoosier 43075 16x7.5-10 R20, 7 inch rim",9439
78.27,488.66,-4.21,364.47,-198.04,1.989,-28.2,-18.9,0.03,0.0212,-1.8404,11.97,159657.66,7.63,93.27,-3.754,-0,-1,132.14,131.46,130.48,24.96,Cornering,"Hoosier 43075 16x7.5-10 R20, 7 inch rim",9440
78.29,488.67,-3.08,366.6,-196.45,1.996,-27.33,-19.27,-0.04,0.0157,-1.8661,12,-99240.3,7.63,93.25,-3.806,-0,-1.0001,132.09,131.5,130.54,24.96,Cornering,"Hoosier 43075 16x7.5-10 R20, 7 inch rim",9441
78.31,488.68,-2.19,369.19,-193.39,1.977,-27.09,-19.06,0.03,0.0113,-1.909,12.06,159752.05,7.63,93.22,-3.839,-0,-1,132.09,131.55,130.52,24.98,Cornering,"Hoosier 43075 16x7.5-10 R20, 7 inch rim",9442
78.29,488.69,-2.22,371.29,-190.84,1.98,-27.07,-18.75,0.09,0.0116,-1.9455,12.12,44266.71,7.63,93.21,-3.873,-0,-0.9998,132.03,131.57,130.56,24.98,Cornering,"Hoosier 43075 16x7.5-10 R20, 7 inch rim",9443
78.27,488.7,-2.96,373.55,-189.54,1.992,-26.91,-17.84,0.16,0.0156,-1.9709,12.11,25697.39,7.63,93.19,-3.929,-0,-0.9997,132.05,131.7,130.6,24.98,Cornering,"Hoosier 43075 16x7.5-10 R20, 7 inch rim",9444
78.3,488.71,-4.69,375.4,-189.33,1.999,-26.56,-17.58,-0.04,0.0248,-1.9828,12.08,-99290.61,7.63,93.25,-3.955,-0,-1.0001,132.09,131.77,130.7,24.98,Cornering,"Hoosier 43075 16x7.5-10 R20, 7 inch rim",9445
78.31,488.72,-5.68,376.67,-190.39,1.993,-26.67,-16.91,0.09,0.0298,-1.9785,12.03,44239.06,7.63,93.27,-3.998,-0,-0.9998,132.22,131.81,130.74,24.97,Cornering,"Hoosier 43075 16x7.5-10 R20, 7 inch rim",9446
78.27,488.73,-6.44,377.78,-191.23,1.987,-28.38,-16.61,0.03,0.0337,-1.9755,11.97,159562.47,7.63,93.27,-4.039,-0,-1,132.18,131.7,130.8,24.96,Cornering,"Hoosier 43075 16x7.5-10 R20, 7 inch rim",9447
78.28,488.74,-6.73,379.42,-194.2,1.985,-28.11,-16.52,0.09,0.0346,-1.9538,11.96,44202.89,7.63,93.27,-4.089,-0,-0.9998,132.14,131.53,130.8,24.95,Cornering,"Hoosier 43075 16x7.5-10 R20, 7 inch rim",9448
78.32,488.75,-6.77,380.83,-196.13,1.999,-29.96,-17.36,0.09,0.0345,-1.9417,12.02,44190.41,7.62,93.24,-4.126,-0,-0.9998,132.12,131.44,130.74,24.94,Cornering,"Hoosier 43075 16x7.5-10 R20, 7 inch rim",9449
78.3,488.76,-5.82,383.07,-198.01,1.99,-29.93,-17.96,-0.04,0.0294,-1.9346,12.11,-99148.66,7.62,93.2,-4.158,-0,-1.0001,132.09,131.26,130.7,24.95,Cornering,"Hoosier 43075 16x7.5-10 R20, 7 inch rim",9450
78.27,488.77,-4.35,385.26,-198.75,1.999,-29.08,-18.46,0.09,0.0219,-1.9385,12.19,44185.77,7.62,93.21,-4.204,-0,-0.9998,132.14,131.35,130.62,24.94,Cornering,"Hoosier 43075 16x7.5-10 R20, 7 inch rim",9451
78.3,488.78,-2.47,386.78,-196.96,1.992,-28.89,-18.4,0.03,0.0125,-1.9637,12.21,159368.19,7.62,93.25,-4.252,-0,-1,132.14,131.33,130.64,24.93,Cornering,"Hoosier 43075 16x7.5-10 R20, 7 inch rim",9452
78.32,488.79,-1.66,388.93,-194.76,1.98,-27.17,-18.48,0.09,0.0085,-1.997,12.16,44160.07,7.62,93.3,-4.288,-0,-0.9998,132.12,131.46,130.66,24.93,Cornering,"Hoosier 43075 16x7.5-10 R20, 7 inch rim",9453
78.29,488.8,-1.36,390.72,-192.23,1.985,-26.71,-18.2,0.09,0.0071,-2.0325,12.09,44116.79,7.62,93.3,-4.324,-0,-0.9998,132.07,131.55,130.7,24.91,Cornering,"Hoosier 43075 16x7.5-10 R20, 7 inch rim",9454
78.29,488.81,-2.03,392.64,-190.07,2.002,-27.46,-17.45,0.09,0.0107,-2.0658,12.01,44125.27,7.62,93.31,-4.353,-0,-0.9998,132.12,131.64,130.76,24.92,Cornering,"Hoosier 43075 16x7.5-10 R20, 7 inch rim",9455
78.32,488.82,-3.36,394.82,-189.56,1.989,-27.22,-16.98,0.03,0.0177,-2.0828,11.97,159223.61,7.62,93.32,-4.401,-0,-1,132.25,131.75,130.84,24.92,Cornering,"Hoosier 43075 16x7.5-10 R20, 7 inch rim",9456
78.3,488.83,-5.15,395.6,-190.39,1.99,-27.93,-16.87,0.09,0.0271,-2.0778,12.02,44140.1,7.62,93.34,-4.443,-0,-0.9998,132.37,131.88,130.92,24.93,Cornering,"Hoosier 43075 16x7.5-10 R20, 7 inch rim",9457
78.28,488.84,-6.32,396.71,-191.45,1.987,-29.03,-16.54,-0.04,0.033,-2.0721,12.1,-98990.67,7.62,93.38,-4.466,-0,-1.0001,132.44,131.81,130.94,24.92,Cornering,"Hoosier 43075 16x7.5-10 R20, 7 inch rim",9458
78.3,488.85,-7.08,397.88,-193.95,1.98,-29.46,-16.56,-0.04,0.0365,-2.0515,12.18,-98983.01,7.62,93.39,-4.519,-0,-1.0001,132.44,131.7,131,24.92,Cornering,"Hoosier 43075 16x7.5-10 R20, 7 inch rim",9459
78.31,488.86,-7.2,399.15,-196.25,1.99,-30.43,-16.59,-0.11,0.0367,-2.0339,12.21,-37771.66,7.62,93.44,-4.56,-0,-1.0002,132.46,131.5,130.98,24.93,Cornering,"Hoosier 43075 16x7.5-10 R20, 7 inch rim",9460
78.29,488.87,-6.71,401.05,-197.93,1.996,-31.26,-17.23,-0.04,0.0339,-2.0262,12.17,-99110.22,7.62,93.44,-4.593,-0,-1.0001,132.42,131.42,130.94,24.96,Cornering,"Hoosier 43075 16x7.5-10 R20, 7 inch rim",9461
78.29,488.88,-5.75,403.44,-199.14,1.986,-29.84,-18.13,-0.11,0.0289,-2.026,12.11,-37829.08,7.62,93.45,-4.632,-0,-1.0002,132.46,131.39,130.94,24.97,Cornering,"Hoosier 43075 16x7.5-10 R20, 7 inch rim",9462
78.31,488.89,-4.08,405.14,-197.94,1.976,-29.44,-18.34,0.09,0.0206,-2.0468,12.03,44227.45,7.62,93.47,-4.676,-0,-0.9998,132.42,131.46,130.88,24.98,Cornering,"Hoosier 43075 16x7.5-10 R20, 7 inch rim",9463
78.31,488.9,-2.43,406.94,-195.57,1.986,-28.14,-17.83,0.03,0.0124,-2.0807,12,159668.39,7.62,93.43,-4.713,-0,-1,132.44,131.48,130.96,25,Cornering,"Hoosier 43075 16x7.5-10 R20, 7 inch rim",9464
78.28,488.91,-1.81,408.27,-193.16,1.989,-27.63,-17.58,0.03,0.0094,-2.1136,12.01,159691,7.61,93.4,-4.772,-0,-1,132.4,131.59,131.02,25,Cornering,"Hoosier 43075 16x7.5-10 R20, 7 inch rim",9465
78.3,488.92,-1.81,409.44,-191,1.99,-28.28,-16.74,0.09,0.0095,-2.1437,12.08,44260.51,7.61,93.4,-4.794,-0,-0.9998,132.42,131.7,131.08,25.01,Cornering,"Hoosier 43075 16x7.5-10 R20, 7 inch rim",9466
78.32,488.93,-2.97,410.5,-190.25,1.989,-28.43,-16.39,0.03,0.0156,-2.1577,12.17,159712.36,7.62,93.38,-4.835,-0,-1,132.5,131.83,131.12,25.01,Cornering,"Hoosier 43075 16x7.5-10 R20, 7 inch rim",9467
78.3,488.94,-4.17,411.42,-190.76,1.998,-28.72,-15.59,0.03,0.0219,-2.1567,12.22,159665.64,7.61,93.39,-4.874,-0,-1,132.61,131.92,131.2,25,Cornering,"Hoosier 43075 16x7.5-10 R20, 7 inch rim",9468
78.28,488.95,-5.36,411.94,-192.22,1.986,-29.25,-15.19,0.03,0.0279,-2.1431,12.21,159580.39,7.61,93.37,-4.918,-0,-1,132.65,131.94,131.29,24.99,Cornering,"Hoosier 43075 16x7.5-10 R20, 7 inch rim",9469
78.31,488.96,-6.3,413.04,-193.7,1.996,-30.2,-15.18,0.03,0.0325,-2.1324,12.17,159497.98,7.61,93.35,-4.951,-0,-1,132.65,131.81,131.31,24.98,Cornering,"Hoosier 43075 16x7.5-10 R20, 7 inch rim",9470
78.31,488.97,-6.43,414.36,-196.38,1.995,-30.64,-15.25,0.09,0.0327,-2.11,12.08,44164.52,7.61,93.34,-4.993,-0,-0.9998,132.63,131.68,131.33,24.96,Cornering,"Hoosier 43075 16x7.5-10 R20, 7 inch rim",9471
78.29,488.98,-6.08,416.9,-198.41,1.993,-30.55,-15.86,0.03,0.0306,-2.1012,12.01,159256.42,7.61,93.26,-5.027,-0,-1,132.59,131.57,131.35,24.94,Cornering,"Hoosier 43075 16x7.5-10 R20, 7 inch rim",9472
78.29,488.99,-4.99,418.8,-199.11,1.986,-30.72,-16.51,0.09,0.025,-2.1033,11.99,44127.48,7.61,93.24,-5.08,-0,-0.9998,132.59,131.5,131.29,24.94,Cornering,"Hoosier 43075 16x7.5-10 R20, 7 inch rim",9473
78.32,489,-3.63,420.18,-198.5,1.987,-30.31,-16.95,0.03,0.0183,-2.1167,12.03,159232.14,7.61,93.24,-5.12,-0,-1,132.63,131.55,131.31,24.94,Cornering,"Hoosier 43075 16x7.5-10 R20, 7 inch rim",9474
78.3,489.01,-2.34,420.92,-196.48,1.983,-29.82,-16.88,0.03,0.0119,-2.1423,12.11,159185.31,7.61,93.21,-5.157,-0,-1,132.63,131.59,131.33,24.94,Cornering,"Hoosier 43075 16x7.5-10 R20, 7 inch rim",9475
78.27,489.02,-1.56,421.77,-194.06,1.992,-29.1,-16.46,0.03,0.008,-2.1734,12.16,159212.41,7.61,93.21,-5.195,-0,-1,132.59,131.61,131.39,24.94,Cornering,"Hoosier 43075 16x7.5-10 R20, 7 inch rim",9476
78.3,489.03,-1.73,422.52,-192.09,1.98,-28.76,-16.02,0.09,0.009,-2.1996,12.17,44115.38,7.61,93.18,-5.245,-0,-0.9998,132.63,131.77,131.43,24.94,Cornering,"Hoosier 43075 16x7.5-10 R20, 7 inch rim",9477
78.32,489.04,-2.82,423.39,-190.7,1.986,-29.08,-15.51,0.03,0.0148,-2.2202,12.11,159151.16,7.61,93.18,-5.285,-0,-1,132.65,131.94,131.51,24.94,Cornering,"Hoosier 43075 16x7.5-10 R20, 7 inch rim",9478
78.28,489.05,-4.18,424.15,-190.25,1.983,-29.87,-14.89,-0.04,0.0219,-2.2295,12.06,-98971.73,7.61,93.17,-5.321,-0,-1.0001,132.82,132.05,131.63,24.95,Cornering,"Hoosier 43075 16x7.5-10 R20, 7 inch rim",9479
78.29,489.06,-5.07,425.11,-191.36,1.983,-29.89,-13.86,0.09,0.0265,-2.2215,11.98,44117.1,7.61,93.13,-5.358,-0,-0.9998,132.91,132.08,131.75,24.95,Cornering,"Hoosier 43075 16x7.5-10 R20, 7 inch rim",9480
78.32,489.07,-6.33,426.38,-193.04,1.993,-29.97,-13.8,0.03,0.0328,-2.2088,12,159230.72,7.61,93.21,-5.399,-0,-1,132.97,132.05,131.85,24.96,Cornering,"Hoosier 43075 16x7.5-10 R20, 7 inch rim",9481
78.31,489.08,-6.7,427.51,-194.78,1.987,-31.31,-13.74,-0.04,0.0344,-2.1948,12.05,-98995.84,7.61,93.22,-5.448,-0,-1.0001,132.91,131.88,131.93,24.96,Cornering,"Hoosier 43075 16x7.5-10 R20, 7 inch rim",9482
78.29,489.09,-6.51,429.59,-197.16,1.989,-31.52,-14.17,0.03,0.033,-2.1789,12.14,159205.55,7.61,93.24,-5.49,-0,-1,132.95,131.75,131.93,24.96,Cornering,"Hoosier 43075 16x7.5-10 R20, 7 inch rim",9483
78.31,489.1,-6.11,431.49,-198.6,1.992,-31.22,-15.14,-0.11,0.0308,-2.1726,12.19,-37747.76,7.61,93.23,-5.52,-0,-1.0002,132.97,131.68,131.97,24.96,Cornering,"Hoosier 43075 16x7.5-10 R20, 7 inch rim",9484
78.32,489.11,-4.58,433.38,-198.75,1.989,-30.14,-15.25,0.03,0.023,-2.1805,12.17,159222.66,7.6,93.22,-5.56,-0,-1,132.97,131.75,131.97,24.96,Cornering,"Hoosier 43075 16x7.5-10 R20, 7 inch rim",9485
78.29,489.12,-2.81,433.35,-197.24,1.985,-30,-15.08,-0.04,0.0142,-2.1971,12.12,-98990.58,7.61,93.22,-5.608,-0,-1.0001,133.06,131.79,131.99,24.97,Cornering,"Hoosier 43075 16x7.5-10 R20, 7 inch rim",9486
78.29,489.13,-1.79,433.6,-194.83,1.985,-29.46,-14.74,0.03,0.0092,-2.2256,12.03,159273.2,7.6,93.21,-5.641,-0,-1,133.04,131.79,132.07,24.97,Cornering,"Hoosier 43075 16x7.5-10 R20, 7 inch rim",9487
78.32,489.14,-1.89,434.28,-192.65,2.001,-29.43,-14.68,-0.04,0.0098,-2.2543,11.97,-99068.59,7.6,93.2,-5.686,-0,-1.0001,133.04,131.94,132.13,24.99,Cornering,"Hoosier 43075 16x7.5-10 R20, 7 inch rim",9488
78.31,489.15,-2.67,435.06,-191.56,1.983,-29.19,-14.3,-0.04,0.0139,-2.2712,11.97,-99039.12,7.6,93.19,-5.721,-0,-1.0001,133.08,132.05,132.17,24.98,Cornering,"Hoosier 43075 16x7.5-10 R20, 7 inch rim",9489
78.28,489.16,-3.74,436.4,-190.57,1.992,-30.2,-13.58,-0.04,0.0196,-2.29,12.02,-99029.44,7.6,93.19,-5.774,-0,-1.0001,133.15,132.12,132.3,24.98,Cornering,"Hoosier 43075 16x7.5-10 R20, 7 inch rim",9490
78.3,489.17,-5.16,437.36,-191.53,1.989,-30.25,-13.09,0.09,0.0269,-2.2835,12.09,44184.73,7.6,93.15,-5.797,-0,-0.9998,133.3,132.14,132.46,25.01,Cornering,"Hoosier 43075 16x7.5-10 R20, 7 inch rim",9491
78.32,489.18,-5.96,438.65,-193.15,1.986,-30.32,-12.37,0.09,0.0309,-2.271,12.15,44160.12,7.6,93.1,-5.847,-0,-0.9998,133.34,132.03,132.52,25,Cornering,"Hoosier 43075 16x7.5-10 R20, 7 inch rim",9492
78.29,489.19,-6.9,439.95,-194.92,1.979,-30.82,-12.75,0.09,0.0354,-2.257,12.19,44146.9,7.6,93.04,-5.883,-0,-0.9998,133.3,131.94,132.56,24.99,Cornering,"Hoosier 43075 16x7.5-10 R20, 7 inch rim",9493
78.28,489.2,-6.86,442,-196.99,1.99,-31.03,-12.94,0.09,0.0348,-2.2437,12.16,44133.67,7.6,93.04,-5.919,-0,-0.9998,133.32,131.79,132.58,24.98,Cornering,"Hoosier 43075 16x7.5-10 R20, 7 inch rim",9494
78.31,489.21,-6.06,443.47,-198.93,1.982,-31.06,-13.36,0.03,0.0305,-2.2293,12.08,159142.86,7.6,93.08,-5.956,-0,-1,133.36,131.72,132.58,24.97,Cornering,"Hoosier 43075 16x7.5-10 R20, 7 inch rim",9495
78.31,489.22,-4.96,444.39,-198.85,1.985,-31.66,-13.96,0.09,0.0249,-2.2348,12.01,44085.72,7.6,93.12,-6.002,-0,-0.9998,133.38,131.68,132.56,24.96,Cornering,"Hoosier 43075 16x7.5-10 R20, 7 inch rim",9496
78.29,489.23,-3.35,444.83,-197.84,1.986,-31.04,-13.9,-0.04,0.0169,-2.2484,11.96,-98864.92,7.6,93.14,-6.039,-0,-1.0001,133.4,131.7,132.56,24.96,Cornering,"Hoosier 43075 16x7.5-10 R20, 7 inch rim",9497
78.3,489.24,-2.45,444.64,-196.07,1.986,-30.27,-13.79,0.03,0.0125,-2.2677,11.98,159030.28,7.6,93.13,-6.082,-0,-1,133.43,131.72,132.6,24.96,Cornering,"Hoosier 43075 16x7.5-10 R20, 7 inch rim",9498
78.33,489.25,-1.88,444.59,-194.02,1.986,-29.75,-13.33,0.03,0.0097,-2.2915,12.04,159019.61,7.6,93.12,-6.117,-0,-1,133.43,131.75,132.68,24.96,Cornering,"Hoosier 43075 16x7.5-10 R20, 7 inch rim",9499
78.3,489.26,-2.68,445.14,-192.55,1.999,-29.53,-13.03,-0.04,0.0139,-2.3118,12.13,-98820.39,7.6,93.1,-6.151,-0,-1.0001,133.49,131.86,132.8,24.95,Cornering,"Hoosier 43075 16x7.5-10 R20, 7 inch rim",9500
78.29,489.27,-3.97,445.89,-191.24,1.99,-30.5,-12.63,-0.04,0.0207,-2.3316,12.17,-98787.92,7.6,93.1,-6.2,-0,-1.0001,133.58,131.92,132.9,24.94,Cornering,"Hoosier 43075 16x7.5-10 R20, 7 inch rim",9501
78.31,489.28,-5.17,447.44,-191.66,1.999,-29.94,-11.83,0.03,0.027,-2.3346,12.17,158834.08,7.59,93.11,-6.237,-0,-1,133.75,131.94,133.08,24.93,Cornering,"Hoosier 43075 16x7.5-10 R20, 7 inch rim",9502
78.31,489.29,-6.46,448.42,-192.63,1.983,-30.27,-11.47,0.03,0.0336,-2.3279,12.13,158821.33,7.6,93.12,-6.277,-0,-1,133.79,131.83,133.23,24.93,Cornering,"Hoosier 43075 16x7.5-10 R20, 7 inch rim",9503
78.28,489.3,-7.03,449.7,-194.44,1.983,-30.44,-11.11,0.09,0.0362,-2.3128,12.05,44038.24,7.6,93.12,-6.313,-0,-0.9998,133.79,131.68,133.33,24.95,Cornering,"Hoosier 43075 16x7.5-10 R20, 7 inch rim",9504
78.29,489.31,-7.31,450.95,-196.21,1.999,-31.87,-11.26,-0.04,0.0373,-2.2984,11.97,-98869.95,7.59,93.1,-6.364,-0,-1.0001,133.81,131.5,133.35,24.97,Cornering,"Hoosier 43075 16x7.5-10 R20, 7 inch rim",9505
78.32,489.32,-6.92,452.42,-198.27,1.989,-32.35,-11.97,-0.11,0.0349,-2.2819,12,-37720.38,7.59,93.07,-6.386,-0,-1.0002,133.77,131.42,133.41,24.98,Cornering,"Hoosier 43075 16x7.5-10 R20, 7 inch rim",9506
78.31,489.33,-5.88,453.41,-199.18,1.976,-32.26,-12.45,-0.04,0.0295,-2.2764,12.05,-98876.95,7.6,93.01,-6.443,-0,-1.0001,133.75,131.39,133.41,24.98,Cornering,"Hoosier 43075 16x7.5-10 R20, 7 inch rim",9507
78.29,489.34,-4.39,453.39,-198.78,1.983,-31.67,-12.6,0.16,0.0221,-2.2808,12.13,25569.48,7.59,92.96,-6.485,-0,-0.9997,133.77,131.39,133.47,24.97,Cornering,"Hoosier 43075 16x7.5-10 R20, 7 inch rim",9508
78.31,489.35,-2.96,453.33,-197,1.998,-30.5,-12.21,-0.04,0.015,-2.3012,12.17,-98792.58,7.59,92.93,-6.519,-0,-1.0001,133.83,131.44,133.53,24.96,Cornering,"Hoosier 43075 16x7.5-10 R20, 7 inch rim",9509
78.32,489.36,-2.2,452.96,-194.56,1.993,-30.01,-11.72,0.03,0.0113,-2.3282,12.14,158843.88,7.59,92.91,-6.548,-0,-1,133.88,131.5,133.63,24.95,Cornering,"Hoosier 43075 16x7.5-10 R20, 7 inch rim",9510
78.3,489.37,-2.36,453.54,-192.49,1.987,-29.67,-11.25,-0.11,0.0123,-2.3562,12.09,-37668,7.59,92.87,-6.608,-0,-1.0002,133.94,131.64,133.73,24.96,Cornering,"Hoosier 43075 16x7.5-10 R20, 7 inch rim",9511
78.29,489.38,-3.46,454.43,-191.33,1.989,-29.99,-10.75,0.09,0.0181,-2.3751,12.03,44028.26,7.59,92.81,-6.646,-0,-0.9998,134.09,131.77,133.87,24.96,Cornering,"Hoosier 43075 16x7.5-10 R20, 7 inch rim",9512
78.32,489.39,-4.63,455.65,-191.34,1.996,-30.37,-10.07,-0.04,0.0242,-2.3813,11.96,-98805.34,7.59,92.77,-6.678,-0,-1.0001,134.3,131.86,133.97,24.97,Cornering,"Hoosier 43075 16x7.5-10 R20, 7 inch rim",9513
78.31,489.4,-6.3,456.75,-191.83,1.99,-31.39,-9.75,-0.04,0.0329,-2.3811,11.97,-98776.36,7.59,92.74,-6.707,-0,-1.0001,134.41,131.86,134.09,24.97,Cornering,"Hoosier 43075 16x7.5-10 R20, 7 inch rim",9514
78.28,489.41,-7.16,457.91,-193.98,1.982,-31.13,-9.17,-0.04,0.0369,-2.3606,12.03,-98740.66,7.59,92.71,-6.767,-0,-1.0001,134.43,131.83,134.26,24.96,Cornering,"Hoosier 43075 16x7.5-10 R20, 7 inch rim",9515
78.31,489.42,-7.38,459.35,-195.71,1.983,-31.66,-8.93,-0.04,0.0377,-2.3471,12.11,-98688.37,7.59,92.67,-6.797,-0,-1.0001,134.45,131.75,134.3,24.95,Cornering,"Hoosier 43075 16x7.5-10 R20, 7 inch rim",9516
78.32,489.43,-7.28,460.61,-197.41,1.993,-32.65,-9.33,0.09,0.0369,-2.3333,12.15,43989.08,7.59,92.63,-6.844,-0,-0.9998,134.45,131.64,134.36,24.95,Cornering,"Hoosier 43075 16x7.5-10 R20, 7 inch rim",9517
78.29,489.44,-6.74,461.74,-198.61,1.99,-32.45,-10.07,0.09,0.034,-2.3249,12.14,43986.46,7.59,92.64,-6.871,-0,-0.9998,134.58,131.57,134.38,24.95,Cornering,"Hoosier 43075 16x7.5-10 R20, 7 inch rim",9518
78.29,489.45,-5.4,461.43,-198.52,1.992,-32.28,-10.39,0.03,0.0272,-2.3243,12.09,158716.25,7.59,92.59,-6.921,-0,-1,134.67,131.61,134.44,24.95,Cornering,"Hoosier 43075 16x7.5-10 R20, 7 inch rim",9519
78.31,489.46,-3.91,460.95,-197.52,1.995,-30.89,-10.23,-0.04,0.0198,-2.3336,12,-98676.55,7.59,92.58,-6.957,-0,-1.0001,134.71,131.59,134.54,24.96,Cornering,"Hoosier 43075 16x7.5-10 R20, 7 inch rim",9520
78.31,489.47,-2.67,460.26,-194.94,1.99,-30.94,-9.64,-0.04,0.0137,-2.3611,11.96,-98688.77,7.59,92.54,-7.006,-0,-1.0001,134.8,131.61,134.64,24.96,Cornering,"Hoosier 43075 16x7.5-10 R20, 7 inch rim",9521
78.28,489.48,-2.64,460.69,-192.95,1.983,-30.1,-9.43,0.03,0.0137,-2.3876,11.95,158750.02,7.59,92.51,-7.034,-0,-1,134.88,131.7,134.76,24.96,Cornering,"Hoosier 43075 16x7.5-10 R20, 7 inch rim",9522
78.3,489.49,-3.22,461.09,-191.46,1.99,-31.26,-8.91,-0.11,0.0168,-2.4082,12.01,-37646.13,7.59,92.49,-7.086,-0,-1.0002,134.99,131.83,134.92,24.97,Cornering,"Hoosier 43075 16x7.5-10 R20, 7 inch rim",9523
78.33,489.5,-4.67,462.5,-191.74,1.992,-30.72,-8.61,-0.04,0.0244,-2.4122,12.11,-98756.56,7.58,92.44,-7.113,-0,-1.0001,135.23,131.9,135.08,24.98,Cornering,"Hoosier 43075 16x7.5-10 R20, 7 inch rim",9524
78.3,489.51,-6.06,463.93,-192.56,1.985,-30.45,-8.23,-0.04,0.0315,-2.4092,12.19,-98770.46,7.58,92.42,-7.153,-0,-1.0001,135.4,131.9,135.25,24.99,Cornering,"Hoosier 43075 16x7.5-10 R20, 7 inch rim",9525
78.28,489.52,-6.6,464.52,-193.08,1.998,-32.02,-7.27,0.09,0.0342,-2.4058,12.19,44045.58,7.58,92.41,-7.203,-0,-0.9998,135.48,131.81,135.37,25,Cornering,"Hoosier 43075 16x7.5-10 R20, 7 inch rim",9526
78.31,489.53,-7.26,465.52,-194.72,1.982,-32.52,-7.29,0.03,0.0373,-2.3907,12.17,158749.25,7.59,92.43,-7.241,-0,-1,135.46,131.68,135.47,24.97,Cornering,"Hoosier 43075 16x7.5-10 R20, 7 inch rim",9527
78.32,489.54,-7.47,467.28,-196.98,1.99,-32.09,-7.66,-0.04,0.0379,-2.3723,12.08,-98696.7,7.58,92.43,-7.276,-0,-1.0001,135.44,131.53,135.51,24.98,Cornering,"Hoosier 43075 16x7.5-10 R20, 7 inch rim",9528
78.28,489.55,-6.42,468.26,-198.43,1.986,-32.23,-7.58,-0.04,0.0323,-2.3598,12.01,-98710.73,7.58,92.44,-7.315,-0,-1.0001,135.48,131.44,135.51,24.98,Cornering,"Hoosier 43075 16x7.5-10 R20, 7 inch rim",9529
78.3,489.56,-5.42,467.95,-198.62,1.99,-32.63,-8.07,-0.04,0.0273,-2.356,11.99,-98791.74,7.58,92.46,-7.361,-0,-1.0001,135.55,131.44,135.53,25.01,Cornering,"Hoosier 43075 16x7.5-10 R20, 7 inch rim",9530
78.32,489.57,-3.92,466.72,-198.11,1.98,-31.66,-7.95,0.03,0.0198,-2.3559,12.02,158835.06,7.58,92.47,-7.407,-0,-1,135.64,131.5,135.57,25,Cornering,"Hoosier 43075 16x7.5-10 R20, 7 inch rim",9531
78.3,489.58,-3.05,465.28,-196.62,1.986,-30.85,-7.7,0.03,0.0155,-2.3664,12.08,158786.41,7.58,92.45,-7.438,-0,-1,135.68,131.59,135.69,24.99,Cornering,"Hoosier 43075 16x7.5-10 R20, 7 inch rim",9532
78.28,489.59,-2.81,464.91,-194.26,1.982,-30.81,-7.75,-0.04,0.0145,-2.3933,12.14,-98578.19,7.58,92.45,-7.491,-0,-1.0001,135.76,131.64,135.87,24.96,Cornering,"Hoosier 43075 16x7.5-10 R20, 7 inch rim",9533
78.31,489.6,-3.2,465.3,-192.64,1.998,-31.03,-7.14,-0.11,0.0166,-2.4154,12.18,-37589.78,7.58,92.44,-7.53,-0,-1.0002,135.83,131.77,136.05,24.96,Cornering,"Hoosier 43075 16x7.5-10 R20, 7 inch rim",9534
78.32,489.61,-4.52,466.7,-192.35,1.993,-31.08,-6.94,-0.11,0.0235,-2.4263,12.14,-37586.29,7.58,92.45,-7.569,-0,-1.0002,136.02,131.92,136.18,24.96,Cornering,"Hoosier 43075 16x7.5-10 R20, 7 inch rim",9535
78.29,489.62,-6.03,467.81,-192.69,1.98,-31.14,-6.51,0.09,0.0313,-2.4277,12.09,43953.11,7.58,92.46,-7.603,-0,-0.9998,136.21,132.01,136.48,24.97,Cornering,"Hoosier 43075 16x7.5-10 R20, 7 inch rim",9536
78.29,489.63,-7.08,469.2,-193.19,1.989,-31.87,-5.9,0.03,0.0367,-2.4287,12.01,158745.73,7.58,92.49,-7.642,-0,-1,136.32,131.92,136.68,25,Cornering,"Hoosier 43075 16x7.5-10 R20, 7 inch rim",9537
78.32,489.64,-7.59,470.32,-194.85,1.989,-32.34,-5.41,0.03,0.039,-2.4138,11.99,158803.84,7.58,92.52,-7.682,-0,-1,136.32,131.75,136.82,25.01,Cornering,"Hoosier 43075 16x7.5-10 R20, 7 inch rim",9538
78.3,489.65,-7.87,471.95,-196.69,1.976,-32.54,-5.67,0.09,0.04,-2.3994,12.02,44012.22,7.58,92.56,-7.717,-0,-0.9998,136.28,131.66,136.84,25.01,Cornering,"Hoosier 43075 16x7.5-10 R20, 7 inch rim",9539
78.28,489.66,-7.22,472.76,-198.68,1.989,-32.72,-5.81,0.09,0.0363,-2.3795,12.08,43976.82,7.58,92.58,-7.762,-0,-0.9998,136.36,131.57,136.9,25,Cornering,"Hoosier 43075 16x7.5-10 R20, 7 inch rim",9540
78.31,489.67,-6.17,472.46,-199.46,1.993,-33.07,-6.19,0.03,0.0309,-2.3686,12.11,158648.66,7.58,92.57,-7.796,-0,-1,136.45,131.53,136.9,24.99,Cornering,"Hoosier 43075 16x7.5-10 R20, 7 inch rim",9541
78.32,489.68,-4.95,471.23,-199.12,1.983,-32.84,-6.46,0.03,0.0248,-2.3665,12.11,158558.7,7.58,92.55,-7.838,-0,-1,136.51,131.57,136.98,24.98,Cornering,"Hoosier 43075 16x7.5-10 R20, 7 inch rim",9542
78.29,489.69,-3.43,469.32,-197.79,1.995,-31.65,-5.94,-0.11,0.0174,-2.3729,12.06,-37556.66,7.57,92.51,-7.889,-0,-1.0002,136.62,131.61,137.02,24.96,Cornering,"Hoosier 43075 16x7.5-10 R20, 7 inch rim",9543
78.29,489.7,-2.5,468.36,-195.88,1.987,-31.34,-5.63,0.03,0.0128,-2.391,11.97,158372.86,7.58,92.5,-7.935,-0,-1,136.75,131.77,137.21,24.96,Cornering,"Hoosier 43075 16x7.5-10 R20, 7 inch rim",9544
78.32,489.71,-2.57,468.15,-193.96,1.987,-31.68,-5.11,0.03,0.0133,-2.4136,11.96,158326.33,7.57,92.53,-7.959,-0,-1,136.92,131.9,137.37,24.95,Cornering,"Hoosier 43075 16x7.5-10 R20, 7 inch rim",9545
78.3,489.72,-3.82,469.5,-193.14,1.998,-31.81,-5.05,0.03,0.0198,-2.4308,11.99,158417.11,7.57,92.58,-8.008,-0,-1,137.14,131.99,137.55,24.97,Cornering,"Hoosier 43075 16x7.5-10 R20, 7 inch rim",9546
78.28,489.73,-5.3,471.23,-192.85,1.979,-31.72,-4.73,-0.04,0.0275,-2.4435,12.05,-98352.58,7.57,92.58,-8.042,-0,-1.0001,137.35,132.12,137.81,24.94,Cornering,"Hoosier 43075 16x7.5-10 R20, 7 inch rim",9547
78.31,489.74,-6.82,472.67,-194.02,1.973,-31.24,-4.59,0.03,0.0351,-2.4362,12.15,158164.58,7.58,92.59,-8.087,-0,-1,137.5,132.12,138.03,24.93,Cornering,"Hoosier 43075 16x7.5-10 R20, 7 inch rim",9548
78.32,489.75,-7.95,473.71,-194.57,1.999,-32.47,-4.24,-0.04,0.0409,-2.4347,12.17,-98308.01,7.57,92.58,-8.128,-0,-1.0001,137.61,132.03,138.24,24.93,Cornering,"Hoosier 43075 16x7.5-10 R20, 7 inch rim",9549
78.3,489.76,-8.17,474.88,-196.52,1.979,-33.17,-4.09,0.03,0.0416,-2.4165,12.17,158060.66,7.57,92.57,-8.161,-0,-1,137.54,131.9,138.36,24.92,Cornering,"Hoosier 43075 16x7.5-10 R20, 7 inch rim",9550
78.29,489.77,-7.99,475.5,-197.85,1.99,-34.77,-4.35,0.03,0.0404,-2.4034,12.1,158149.14,7.57,92.56,-8.214,-0,-1,137.5,131.81,138.38,24.94,Cornering,"Hoosier 43075 16x7.5-10 R20, 7 inch rim",9551
78.31,489.78,-7.23,474.79,-200.1,1.989,-35.65,-4.81,-0.04,0.0361,-2.3727,12,-98371.21,7.57,92.54,-8.239,-0,-1.0001,137.57,131.75,138.36,24.96,Cornering,"Hoosier 43075 16x7.5-10 R20, 7 inch rim",9552
78.31,489.79,-5.89,474.32,-199.83,1.99,-35.63,-5.13,-0.04,0.0295,-2.3736,11.96,-98361.98,7.57,92.51,-8.274,-0,-1.0001,137.61,131.68,138.42,24.96,Cornering,"Hoosier 43075 16x7.5-10 R20, 7 inch rim",9553
78.29,489.8,-4.45,473.66,-198.74,2.002,-34.45,-5.05,-0.11,0.0224,-2.3834,11.97,-37548.84,7.57,92.48,-8.33,-0,-1.0002,137.76,131.79,138.5,24.98,Cornering,"Hoosier 43075 16x7.5-10 R20, 7 inch rim",9554
78.3,489.81,-3.36,473.31,-197.05,2.008,-32.74,-4.87,-0.04,0.017,-2.402,12.02,-98429.15,7.57,92.45,-8.368,-0,-1.0001,137.82,131.9,138.6,24.98,Cornering,"Hoosier 43075 16x7.5-10 R20, 7 inch rim",9555
78.33,489.82,-3.05,473.78,-196.16,2.001,-30.69,-4.28,0.09,0.0155,-2.4153,12.11,43883.38,7.57,92.42,-8.409,-0,-0.9998,137.93,131.99,138.76,24.98,Cornering,"Hoosier 43075 16x7.5-10 R20, 7 inch rim",9556
78.3,489.83,-3.48,474.67,-195.23,2.009,-30.68,-3.61,-0.11,0.0178,-2.4313,12.18,-37528.54,7.57,92.4,-8.446,-0,-1.0002,138.06,132.08,138.9,24.97,Cornering,"Hoosier 43075 16x7.5-10 R20, 7 inch rim",9557
78.29,489.84,-4.87,476.06,-195.15,2.008,-30.96,-3.21,0.09,0.025,-2.4394,12.17,43813.04,7.57,92.41,-8.488,-0,-0.9998,138.34,132.19,139.19,24.95,Cornering,"Hoosier 43075 16x7.5-10 R20, 7 inch rim",9558
78.31,489.85,-6.33,477.46,-195.06,1.996,-32.34,-2.99,-0.04,0.0324,-2.4477,12.13,-98295.1,7.57,92.42,-8.529,-0,-1.0001,138.6,132.25,139.41,24.96,Cornering,"Hoosier 43075 16x7.5-10 R20, 7 inch rim",9559
78.31,489.86,-6.91,479.79,-196.29,2.015,-31.79,-2.24,-0.04,0.0352,-2.4443,12.05,-98308.38,7.56,92.44,-8.565,-0,-1.0001,138.72,132.16,139.59,24.96,Cornering,"Hoosier 43075 16x7.5-10 R20, 7 inch rim",9560
78.28,489.87,-7.67,482.01,-197.62,2.006,-31.98,-2.27,0.09,0.0388,-2.4391,11.99,43859.45,7.57,92.44,-8.611,-0,-0.9998,138.72,132.08,139.67,24.98,Cornering,"Hoosier 43075 16x7.5-10 R20, 7 inch rim",9561
78.3,489.88,-7.08,483.59,-198.89,2.005,-32.7,-1.77,0.09,0.0356,-2.4315,11.98,43875.14,7.57,92.44,-8.65,-0,-0.9998,138.68,131.99,139.69,25,Cornering,"Hoosier 43075 16x7.5-10 R20, 7 inch rim",9562
78.32,489.89,-7.29,483.64,-200.4,2.004,-33.24,-2.97,-0.11,0.0364,-2.4133,12.03,-37521.4,7.57,92.42,-8.687,-0,-1.0002,138.7,131.86,139.75,24.98,Cornering,"Hoosier 43075 16x7.5-10 R20, 7 inch rim",9563
78.3,489.9,-5.94,482.08,-200.63,2.011,-34.1,-3.26,0.03,0.0296,-2.4028,12.08,158116.64,7.56,92.41,-8.723,-0,-1,138.85,131.88,139.77,24.97,Cornering,"Hoosier 43075 16x7.5-10 R20, 7 inch rim",9564
78.29,489.91,-4.44,479.12,-200.37,2.017,-33.89,-3.28,0.03,0.0222,-2.3911,12.1,157916.17,7.56,92.4,-8.761,-0,-1,138.92,131.83,139.79,24.94,Cornering,"Hoosier 43075 16x7.5-10 R20, 7 inch rim",9565
78.32,489.92,-3.73,476.78,-199.4,2.009,-32.8,-3.73,0.03,0.0187,-2.391,12.09,157790.95,7.56,92.4,-8.796,-0,-1,139.13,131.99,139.89,24.92,Cornering,"Hoosier 43075 16x7.5-10 R20, 7 inch rim",9566
78.32,489.93,-2.99,475.78,-197.26,2.014,-32.95,-3.09,0.09,0.0152,-2.4119,12.05,43699.79,7.56,92.38,-8.837,-0,-0.9998,139.3,132.05,139.97,24.91,Cornering,"Hoosier 43075 16x7.5-10 R20, 7 inch rim",9567
78.29,489.94,-3.66,476.54,-196.2,2.014,-31.92,-2.92,0.03,0.0187,-2.4289,11.97,157754.2,7.56,92.41,-8.879,-0,-1,139.54,132.19,140.18,24.92,Cornering,"Hoosier 43075 16x7.5-10 R20, 7 inch rim",9568
78.3,489.95,-4.92,478.23,-195.6,2.015,-31.61,-2.58,-0.04,0.0252,-2.445,11.97,-98051.54,7.56,92.41,-8.922,-0,-1.0001,139.84,132.3,140.4,24.92,Cornering,"Hoosier 43075 16x7.5-10 R20, 7 inch rim",9569
78.32,489.96,-6.41,480.56,-195.38,2.004,-31.68,-2.25,0.16,0.0328,-2.4596,12.01,25378.58,7.56,92.42,-8.966,-0,-0.9997,140.16,132.41,140.6,24.93,Cornering,"Hoosier 43075 16x7.5-10 R20, 7 inch rim",9570
78.3,489.97,-7.65,482.08,-195.34,2.017,-32.64,-1.98,0.03,0.0391,-2.4679,12.08,157807.22,7.56,92.44,-9.006,-0,-1,140.38,132.36,140.82,24.94,Cornering,"Hoosier 43075 16x7.5-10 R20, 7 inch rim",9571
78.28,489.98,-8.22,483.53,-197.55,2.024,-32.28,-1.59,-0.11,0.0416,-2.4476,12.15,-37423.68,7.56,92.48,-9.036,-0,-1.0002,140.44,132.3,140.99,24.94,Cornering,"Hoosier 43075 16x7.5-10 R20, 7 inch rim",9572
78.31,489.99,-8.3,484.19,-198.58,2.009,-33.8,-1.49,0.03,0.0418,-2.4382,12.15,157847.5,7.56,92.49,-9.079,-0,-1,140.4,132.14,141.03,24.95,Cornering,"Hoosier 43075 16x7.5-10 R20, 7 inch rim",9573
78.31,490,-7.96,484.26,-200.75,2.001,-34.32,-1.99,0.03,0.0396,-2.4122,12.09,157937.92,7.56,92.48,-9.122,-0,-1,140.42,132.03,141.05,24.97,Cornering,"Hoosier 43075 16x7.5-10 R20, 7 inch rim",9574
78.3,490.01,-6.83,482.88,-202.01,2.014,-34.64,-2.2,0.03,0.0338,-2.3904,12.03,157924.83,7.56,92.5,-9.151,-0,-1,140.51,131.99,141.09,24.97,Cornering,"Hoosier 43075 16x7.5-10 R20, 7 inch rim",9575
78.3,490.02,-5.32,480.85,-201.74,2.017,-34.35,-2.34,-0.04,0.0264,-2.3835,11.97,-98198.28,7.56,92.45,-9.209,-0,-1.0001,140.61,131.97,141.11,24.98,Cornering,"Hoosier 43075 16x7.5-10 R20, 7 inch rim",9576
78.33,490.03,-3.8,478.82,-200.63,2.014,-33.47,-2.18,0.03,0.0189,-2.3866,11.95,157920.59,7.56,92.41,-9.24,-0,-1,140.78,132.05,141.23,24.97,Cornering,"Hoosier 43075 16x7.5-10 R20, 7 inch rim",9577
78.31,490.04,-3.17,477.53,-198.65,2.015,-32.68,-2.11,0.09,0.016,-2.4038,11.99,43736.04,7.56,92.38,-9.277,-0,-0.9998,140.89,132.19,141.41,24.96,Cornering,"Hoosier 43075 16x7.5-10 R20, 7 inch rim",9578
78.28,490.05,-3.24,477.83,-197.23,2.002,-31.6,-1.63,-0.04,0.0164,-2.4228,12.08,-98095.65,7.56,92.36,-9.328,-0,-1.0001,141.04,132.32,141.59,24.96,Cornering,"Hoosier 43075 16x7.5-10 R20, 7 inch rim",9579
78.31,490.06,-3.68,478.83,-195.66,2.025,-31.96,-0.6,0.09,0.0188,-2.4473,12.17,43735.83,7.56,92.35,-9.357,-0,-0.9998,141.34,132.41,141.81,24.97,Cornering,"Hoosier 43075 16x7.5-10 R20, 7 inch rim",9580
78.32,490.07,-5.37,479.77,-195.74,2.015,-31.96,-0.5,-0.04,0.0275,-2.451,12.22,-98076.47,7.56,92.34,-9.394,-0,-1.0001,141.66,132.52,142.1,24.96,Cornering,"Hoosier 43075 16x7.5-10 R20, 7 inch rim",9581
78.3,490.08,-6.61,480.88,-195.91,1.999,-32.9,-0.03,0.03,0.0337,-2.4546,12.22,157638.98,7.56,92.35,-9.45,-0,-1,141.88,132.56,142.34,24.94,Cornering,"Hoosier 43075 16x7.5-10 R20, 7 inch rim",9582
78.29,490.09,-7.49,482.15,-197.14,2.001,-33.11,0.38,0.03,0.038,-2.4457,12.15,157549.48,7.56,92.35,-9.484,-0,-1,141.99,132.47,142.56,24.93,Cornering,"Hoosier 43075 16x7.5-10 R20, 7 inch rim",9583
78.32,490.1,-8.3,483.25,-198.46,2.011,-34.26,0,-0.04,0.0418,-2.435,12.08,-97946.25,7.56,92.38,-9.527,-0,-1.0001,141.92,132.43,142.66,24.94,Cornering,"Hoosier 43075 16x7.5-10 R20, 7 inch rim",9584
78.31,490.11,-8,484.06,-200.34,2.02,-34.57,-0.03,-0.04,0.0399,-2.4162,11.99,-97958.4,7.56,92.39,-9.563,-0,-1.0001,141.84,132.36,142.68,24.94,Cornering,"Hoosier 43075 16x7.5-10 R20, 7 inch rim",9585
78.29,490.12,-7.21,484.11,-201.8,2.015,-34.65,-0.3,-0.04,0.0357,-2.399,11.95,-98016.46,7.56,92.41,-9.597,-0,-1.0001,141.94,132.27,142.72,24.96,Cornering,"Hoosier 43075 16x7.5-10 R20, 7 inch rim",9586
78.3,490.13,-5.77,483.05,-201.9,2.001,-34.33,-0.65,0.03,0.0286,-2.3925,12,157765.06,7.56,92.39,-9.646,-0,-1,142.09,132.27,142.68,24.98,Cornering,"Hoosier 43075 16x7.5-10 R20, 7 inch rim",9587
78.32,490.14,-4.74,480.85,-201.18,2.012,-33.42,-1.06,0.09,0.0236,-2.3902,12.09,43711.89,7.56,92.4,-9.692,-0,-0.9998,142.2,132.36,142.74,24.98,Cornering,"Hoosier 43075 16x7.5-10 R20, 7 inch rim",9588
78.3,490.15,-3.54,479.11,-199.46,2.014,-32.57,-0.85,-0.11,0.0178,-2.402,12.17,-37407.35,7.56,92.4,-9.729,-0,-1.0002,142.39,132.54,142.84,24.98,Cornering,"Hoosier 43075 16x7.5-10 R20, 7 inch rim",9589
78.29,490.16,-3.31,478.46,-198.08,2.012,-31.22,-0.56,0.03,0.0167,-2.4155,12.24,157674.3,7.56,92.36,-9.758,-0,-1,142.54,132.58,143.07,24.97,Cornering,"Hoosier 43075 16x7.5-10 R20, 7 inch rim",9590
78.31,490.17,-3.95,478.56,-196.02,2.005,-31.99,-0.21,0.03,0.0201,-2.4414,12.2,157580.11,7.56,92.35,-9.801,-0,-1,142.76,132.69,143.21,24.96,Cornering,"Hoosier 43075 16x7.5-10 R20, 7 inch rim",9591
78.31,490.18,-4.89,479.33,-196.35,2.012,-31.59,0.44,0.03,0.0249,-2.4412,12.17,157521.75,7.56,92.35,-9.845,-0,-1,143.1,132.8,143.47,24.96,Cornering,"Hoosier 43075 16x7.5-10 R20, 7 inch rim",9592
78.28,490.19,-6.49,480.42,-196.21,2.004,-32.24,0.56,0.03,0.0331,-2.4485,12.08,157571.64,7.56,92.36,-9.892,-0,-1,143.4,132.89,143.69,24.97,Cornering,"Hoosier 43075 16x7.5-10 R20, 7 inch rim",9593
78.29,490.2,-7.41,481.17,-196.71,2.017,-33.73,1.12,-0.04,0.0376,-2.4461,11.98,-97916.2,7.56,92.38,-9.928,-0,-1.0001,143.59,132.85,143.96,24.96,Cornering,"Hoosier 43075 16x7.5-10 R20, 7 inch rim",9594
78.32,490.21,-8.06,482.62,-197.97,2.006,-34.2,1.11,0.03,0.0407,-2.4378,11.96,157461.58,7.56,92.4,-9.967,-0,-1,143.59,132.76,144.02,24.96,Cornering,"Hoosier 43075 16x7.5-10 R20, 7 inch rim",9595
78.3,490.22,-8.09,484.08,-200.1,2.005,-33.72,1.07,-0.04,0.0404,-2.4192,12,-97848.15,7.56,92.36,-10.001,-0,-1.0001,143.53,132.67,144.08,24.95,Cornering,"Hoosier 43075 16x7.5-10 R20, 7 inch rim",9596
78.28,490.23,-7.59,484.56,-201.07,2.009,-34.35,0.76,0.03,0.0377,-2.41,12.06,157314.73,7.56,92.31,-10.041,-0,-1,143.51,132.58,144.14,24.94,Cornering,"Hoosier 43075 16x7.5-10 R20, 7 inch rim",9597
78.31,490.24,-6.77,483.85,-202.53,2.004,-33.34,-0.11,-0.04,0.0334,-2.389,12.13,-97708.67,7.56,92.26,-10.084,-0,-1.0001,143.62,132.56,144.22,24.92,Cornering,"Hoosier 43075 16x7.5-10 R20, 7 inch rim",9598
78.31,490.25,-5.35,482.29,-201.91,2.005,-32.75,-0.28,0.03,0.0265,-2.3887,12.18,157164.06,7.56,92.2,-10.123,-0,-1,143.75,132.58,144.32,24.92,Cornering,"Hoosier 43075 16x7.5-10 R20, 7 inch rim",9599
78.28,490.26,-4.27,479.75,-200.57,2.02,-32.23,-0.25,-0.04,0.0213,-2.3919,12.17,-97706.27,7.55,92.15,-10.164,-0,-1.0001,143.9,132.74,144.54,24.93,Cornering,"Hoosier 43075 16x7.5-10 R20, 7 inch rim",9600
78.29,490.27,-3.73,478.02,-199.04,2.009,-31.46,-0.23,0.03,0.0187,-2.4017,12.09,157193.66,7.56,92.14,-10.209,-0,-1,144.05,132.87,144.8,24.93,Cornering,"Hoosier 43075 16x7.5-10 R20, 7 inch rim",9601
78.31,490.28,-3.73,477.34,-196.97,2.006,-32.2,0.41,-0.11,0.0189,-2.4234,12.01,-37267.54,7.56,92.15,-10.252,-0,-1.0002,144.26,133.02,144.99,24.93,Cornering,"Hoosier 43075 16x7.5-10 R20, 7 inch rim",9602
78.29,490.29,-4.6,477.16,-196.12,2.004,-32.78,1.15,-0.04,0.0234,-2.433,11.97,-97757.21,7.56,92.15,-10.29,-0,-1.0001,144.62,133.18,145.29,24.95,Cornering,"Hoosier 43075 16x7.5-10 R20, 7 inch rim",9603
78.27,490.3,-6.04,478.08,-196.28,2.008,-33.08,1.46,-0.11,0.0308,-2.4357,11.98,-37284.65,7.56,92.15,-10.325,-0,-1.0002,144.93,133.31,145.63,24.95,Cornering,"Hoosier 43075 16x7.5-10 R20, 7 inch rim",9604
78.29,490.31,-6.87,479.63,-196.8,2.018,-33.02,2.34,0.03,0.0349,-2.4372,12.04,157184.55,7.55,92.15,-10.369,-0,-1,145.2,133.35,145.88,24.94,Cornering,"Hoosier 43075 16x7.5-10 R20, 7 inch rim",9605
78.3,490.32,-7.57,480.91,-197.55,2.004,-33.78,2.72,0.03,0.0383,-2.4344,12.11,157240.56,7.56,92.14,-10.402,-0,-1,145.31,133.29,146.02,24.96,Cornering,"Hoosier 43075 16x7.5-10 R20, 7 inch rim",9606
78.27,490.33,-8.16,482.65,-199.02,2.005,-33.74,2.56,-0.04,0.041,-2.4251,12.11,-97706.18,7.56,92.08,-10.449,-0,-1.0001,145.35,133.18,146.08,24.95,Cornering,"Hoosier 43075 16x7.5-10 R20, 7 inch rim",9607
78.27,490.34,-7.66,484.23,-200.49,2.015,-33.45,2.79,-0.11,0.0382,-2.4153,12.1,-37264.41,7.55,92.02,-10.49,-0,-1.0002,145.35,133.13,146.1,24.95,Cornering,"Hoosier 43075 16x7.5-10 R20, 7 inch rim",9608
78.3,490.35,-7.63,483.8,-201.46,2.006,-34.11,1.51,0.03,0.0379,-2.4015,12.03,157177.89,7.56,91.97,-10.522,-0,-1,145.5,133.09,146.16,24.96,Cornering,"Hoosier 43075 16x7.5-10 R20, 7 inch rim",9609
78.29,490.36,-6.3,482.4,-201.67,2.015,-33.95,1.02,0.03,0.0313,-2.3921,11.95,157267.86,7.55,91.96,-10.56,-0,-1,145.61,133.11,146.24,24.97,Cornering,"Hoosier 43075 16x7.5-10 R20, 7 inch rim",9610
78.25,490.37,-4.71,479.75,-200.91,2.015,-33.52,0.69,-0.04,0.0234,-2.388,11.93,-97793.34,7.55,91.95,-10.6,-0,-1.0001,145.83,133.2,146.34,24.98,Cornering,"Hoosier 43075 16x7.5-10 R20, 7 inch rim",9611
78.28,490.38,-3.6,477.38,-199.15,2.015,-33.68,0.88,-0.04,0.0181,-2.397,11.95,-97777.32,7.55,91.94,-10.648,-0,-1.0001,145.98,133.4,146.54,24.98,Cornering,"Hoosier 43075 16x7.5-10 R20, 7 inch rim",9612
78.3,490.39,-3.02,476.45,-197.98,2.002,-32.09,1.61,0.03,0.0153,-2.4065,12.01,157206.52,7.56,91.95,-10.676,-0,-1,146.17,133.62,146.76,24.97,Cornering,"Hoosier 43075 16x7.5-10 R20, 7 inch rim",9613
78.26,490.4,-4.18,475.62,-197.05,2.012,-32.71,1.52,-0.04,0.0212,-2.4137,12.1,-97639.29,7.55,91.92,-10.723,-0,-1.0001,146.51,133.79,147.05,24.96,Cornering,"Hoosier 43075 16x7.5-10 R20, 7 inch rim",9614
78.26,490.41,-5.55,475.92,-196.44,2.004,-32.87,1.91,0.03,0.0283,-2.4227,12.11,156944.11,7.55,91.9,-10.757,-0,-1,146.88,133.97,147.35,24.94,Cornering,"Hoosier 43075 16x7.5-10 R20, 7 inch rim",9615
78.28,490.42,-6.84,477.31,-196.5,2.005,-33,2.34,-0.04,0.0348,-2.4291,12.09,-97432.18,7.56,91.86,-10.8,-0,-1.0001,147.07,133.99,147.63,24.91,Cornering,"Hoosier 43075 16x7.5-10 R20, 7 inch rim",9616
78.28,490.43,-7.64,478.73,-197.25,2.008,-32.87,3.1,0.03,0.0387,-2.427,12.03,156683.03,7.55,91.83,-10.836,-0,-1,147.22,133.95,147.82,24.9,Cornering,"Hoosier 43075 16x7.5-10 R20, 7 inch rim",9617
78.25,490.44,-8.12,480.13,-197.99,2.008,-34.05,3.48,0.03,0.041,-2.425,11.96,156662.2,7.56,91.78,-10.875,-0,-1,147.16,133.88,147.96,24.9,Cornering,"Hoosier 43075 16x7.5-10 R20, 7 inch rim",9618
78.26,490.45,-8.45,481.31,-200.67,2.005,-32.97,3.16,0.09,0.0421,-2.3985,11.95,43425.54,7.55,91.81,-10.922,-0,-0.9998,147.07,133.71,147.98,24.92,Cornering,"Hoosier 43075 16x7.5-10 R20, 7 inch rim",9619
78.28,490.46,-8.09,480.68,-201.4,2.017,-34.5,2.75,0.03,0.0402,-2.3867,11.99,156725.02,7.55,91.84,-10.961,-0,-1,147.2,133.73,147.98,24.92,Cornering,"Hoosier 43075 16x7.5-10 R20, 7 inch rim",9620
78.25,490.47,-6.96,479.19,-203.03,2.011,-34.04,2.47,0.03,0.0343,-2.3602,12.07,156776.84,7.55,91.88,-10.999,-0,-1,147.26,133.71,147.98,24.93,Cornering,"Hoosier 43075 16x7.5-10 R20, 7 inch rim",9621
78.24,490.48,-5.63,476.83,-202.36,2.018,-34.12,2,0.03,0.0278,-2.3563,12.16,156795.27,7.55,91.95,-11.032,-0,-1,147.44,133.75,148.04,24.94,Cornering,"Hoosier 43075 16x7.5-10 R20, 7 inch rim",9622
78.27,490.49,-4.1,473.86,-200.65,2.004,-34.16,2.12,-0.04,0.0204,-2.3617,12.17,-97520.62,7.55,92,-11.075,-0,-1.0001,147.69,133.93,148.28,24.96,Cornering,"Hoosier 43075 16x7.5-10 R20, 7 inch rim",9623
78.27,490.5,-3.97,472.45,-199.63,2.004,-32.59,1.88,-0.04,0.0199,-2.3667,12.12,-97528.54,7.55,92,-11.118,-0,-1.0001,147.84,134.17,148.52,24.96,Cornering,"Hoosier 43075 16x7.5-10 R20, 7 inch rim",9624
78.24,490.51,-3.79,472.23,-198.18,2.018,-32.24,2.94,0.03,0.0191,-2.3829,12.08,156947.58,7.55,92.03,-11.152,-0,-1,148.04,134.34,148.77,24.97,Cornering,"Hoosier 43075 16x7.5-10 R20, 7 inch rim",9625
78.24,490.52,-5.04,473,-197.16,2.002,-32.47,3.22,-0.04,0.0256,-2.3991,11.98,-97635.25,7.55,92.05,-11.203,-0,-1.0001,148.38,134.5,149.05,25,Cornering,"Hoosier 43075 16x7.5-10 R20, 7 inch rim",9626
78.27,490.53,-6.58,474.25,-197.64,2.005,-32.1,3.51,0.09,0.0333,-2.3996,11.95,43487.68,7.55,92.06,-11.243,-0,-0.9998,148.68,134.59,149.33,24.98,Cornering,"Hoosier 43075 16x7.5-10 R20, 7 inch rim",9627
78.25,490.54,-7.81,475.61,-197.69,2.021,-32.98,4.1,0.09,0.0395,-2.4059,11.96,43482.79,7.55,92.08,-11.274,-0,-0.9998,148.89,134.67,149.57,24.98,Cornering,"Hoosier 43075 16x7.5-10 R20, 7 inch rim",9628
78.23,490.55,-8.17,477.08,-199.18,1.998,-32.98,4.63,0.03,0.041,-2.3953,12.04,157002.05,7.55,92.08,-11.316,-0,-1,148.94,134.61,149.72,25,Cornering,"Hoosier 43075 16x7.5-10 R20, 7 inch rim",9629
78.25,490.56,-8.26,478.31,-200.19,2.018,-34,4.87,0.03,0.0413,-2.3893,12.14,157091.08,7.55,92.07,-11.351,-0,-1,148.87,134.59,149.78,25.01,Cornering,"Hoosier 43075 16x7.5-10 R20, 7 inch rim",9630
78.26,490.57,-8.17,478.69,-202.17,2.008,-34.16,4.21,0.03,0.0404,-2.3678,12.19,157060.27,7.55,92.06,-11.406,-0,-1,148.85,134.52,149.8,25.01,Cornering,"Hoosier 43075 16x7.5-10 R20, 7 inch rim",9631
78.22,490.58,-7.21,478.08,-202.46,2.008,-34.9,3.79,0.03,0.0356,-2.3614,12.2,157040.73,7.55,92.05,-11.44,-0,-1,148.94,134.52,149.82,25.01,Cornering,"Hoosier 43075 16x7.5-10 R20, 7 inch rim",9632
78.23,490.59,-5.88,476.22,-202.64,2.012,-34.81,3.3,0.03,0.029,-2.3501,12.13,156943.48,7.55,92.05,-11.483,-0,-1,149.11,134.54,149.9,25,Cornering,"Hoosier 43075 16x7.5-10 R20, 7 inch rim",9633
78.26,490.6,-4.38,473.73,-202.13,2.012,-33.65,3.26,0.03,0.0217,-2.3437,12.05,156923.83,7.55,92.09,-11.518,-0,-1,149.37,134.7,150.02,25,Cornering,"Hoosier 43075 16x7.5-10 R20, 7 inch rim",9634
78.24,490.61,-3.06,471.52,-200.53,2.012,-33.56,4.01,0.03,0.0153,-2.3514,11.96,156936.39,7.55,92.09,-11.559,-0,-1,149.52,134.89,150.28,25.01,Cornering,"Hoosier 43075 16x7.5-10 R20, 7 inch rim",9635
78.22,490.62,-2.26,470.89,-199.48,2.008,-31.96,5.54,-0.04,0.0113,-2.3606,11.98,-97518.1,7.55,92.1,-11.599,-0,-1.0001,149.71,135.11,150.5,25,Cornering,"Hoosier 43075 16x7.5-10 R20, 7 inch rim",9636
78.24,490.63,-1.61,471,-199.1,2.03,-31.45,8.18,0.03,0.0081,-2.3656,12.04,156755.45,7.55,92.13,-11.621,-0,-1,150.07,135.33,150.81,24.98,Cornering,"Hoosier 43075 16x7.5-10 R20, 7 inch rim",9637
78.26,490.64,-0.63,472.14,-199.75,2.008,-30.01,11.63,0.03,0.0031,-2.3637,12.14,156670.33,7.55,92.11,-11.642,-0,-1,150.4,135.47,151.07,24.97,Cornering,"Hoosier 43075 16x7.5-10 R20, 7 inch rim",9638
78.22,490.65,0.66,473.21,-200.02,2.017,-30.92,15.45,-0.04,-0.0033,-2.3658,12.22,-97314.65,7.55,92.11,-11.662,-0,-1.0001,150.65,135.49,151.35,24.96,Cornering,"Hoosier 43075 16x7.5-10 R20, 7 inch rim",9639
78.23,490.66,0.85,474.27,-200.21,2.021,-32.86,17.45,0.03,-0.0042,-2.3688,12.25,156504.17,7.55,92.08,-11.678,-0,-1,150.8,135.51,151.51,24.95,Cornering,"Hoosier 43075 16x7.5-10 R20, 7 inch rim",9640
78.25,490.67,-0.6,475.51,-200.9,2.021,-34.92,17.1,-0.04,0.003,-2.3669,12.21,-97281.22,7.55,92.05,-11.692,-0,-1.0001,150.8,135.44,151.61,24.95,Cornering,"Hoosier 43075 16x7.5-10 R20, 7 inch rim",9641
78.23,490.68,-1.34,477.11,-202.11,2.011,-35.82,16.44,-0.04,0.0066,-2.3607,12.14,-97280.7,7.55,91.99,-11.694,-0,-1.0001,150.78,135.36,151.61,24.95,Cornering,"Hoosier 43075 16x7.5-10 R20, 7 inch rim",9642
78.21,490.69,-1.29,478.2,-202.98,2.021,-36.64,15.95,0.03,0.0063,-2.3559,12.05,156381,7.55,91.99,-11.702,-0,-1,150.83,135.36,151.59,24.93,Cornering,"Hoosier 43075 16x7.5-10 R20, 7 inch rim",9643
78.23,490.7,1.62,478.55,-203.39,2.008,-35.73,17.46,0.03,-0.0079,-2.3529,11.98,156407.39,7.55,91.99,-11.719,-0,-1,150.89,135.31,151.59,24.94,Cornering,"Hoosier 43075 16x7.5-10 R20, 7 inch rim",9644
78.22,490.72,8.14,475.12,-201.79,2.001,-33.56,21.43,0.03,-0.0403,-2.3546,12.05,156295,7.55,92,-12.273,-0,-1,151.32,135.53,151.86,24.92,Cornering,"Hoosier 43075 16x7.5-10 R20, 7 inch rim",9645
78.21,490.73,8.28,473.7,-200.9,2.014,-31.52,20.93,0.03,-0.0412,-2.3579,12.15,156262.81,7.55,92.02,-12.266,-0,-1,151.45,135.66,152.06,24.92,Cornering,"Hoosier 43075 16x7.5-10 R20, 7 inch rim",9646
78.23,490.74,5.58,472.44,-199.98,2.011,-31.01,18.27,-0.04,-0.0279,-2.3624,12.24,-97178.95,7.55,92.03,-12.273,-0,-1.0001,151.68,135.84,152.3,24.93,Cornering,"Hoosier 43075 16x7.5-10 R20, 7 inch rim",9647
78.23,490.75,1.64,471.48,-199.27,2.009,-31.99,15.04,0.03,-0.0082,-2.366,12.25,156524.75,7.55,92.05,-12.253,-0,-1,152.05,136.02,152.56,24.96,Cornering,"Hoosier 43075 16x7.5-10 R20, 7 inch rim",9648
78.2,490.76,-2.29,471.8,-199.45,2.002,-32.99,11.95,0.09,0.0115,-2.3655,12.21,43375.71,7.55,92.06,-12.244,-0,-0.9998,152.28,136.13,152.83,24.96,Cornering,"Hoosier 43075 16x7.5-10 R20, 7 inch rim",9649
78.21,490.77,-5.04,473.36,-199.95,2.008,-33.38,9.57,-0.04,0.0252,-2.3674,12.12,-97374.72,7.55,92.07,-12.231,-0,-1.0001,152.43,136.19,153.09,24.97,Cornering,"Hoosier 43075 16x7.5-10 R20, 7 inch rim",9650
78.24,490.78,-7.33,475.1,-201.03,2.002,-33.8,7.25,0.03,0.0365,-2.3633,12.03,156581.86,7.55,92.09,-12.217,-0,-1,152.43,136.1,153.17,24.96,Cornering,"Hoosier 43075 16x7.5-10 R20, 7 inch rim",9651
78.22,490.79,-8.72,477.59,-201.9,2.014,-34.33,5.28,-0.04,0.0432,-2.3655,11.97,-97313.1,7.55,92.11,-12.214,-0,-1.0001,152.35,136.06,153.25,24.96,Cornering,"Hoosier 43075 16x7.5-10 R20, 7 inch rim",9652
78.2,490.8,-10.22,479.19,-203.22,2.011,-34.37,2.2,0.09,0.0503,-2.358,11.98,43370.69,7.55,92.14,-12.213,-0,-0.9998,152.24,135.95,153.27,24.95,Cornering,"Hoosier 43075 16x7.5-10 R20, 7 inch rim",9653
78.22,490.81,-10.68,479.69,-204.33,2.015,-33.79,-0.28,0.09,0.0523,-2.3477,12.05,43383.52,7.55,92.14,-12.196,-0,-0.9998,152.28,135.97,153.23,24.96,Cornering,"Hoosier 43075 16x7.5-10 R20, 7 inch rim",9654
78.23,490.82,-11.26,478.45,-204.47,2.017,-33.58,-3.51,0.16,0.0551,-2.34,12.13,25193.28,7.55,92.14,-12.186,-0,-0.9997,152.46,135.91,153.29,24.97,Cornering,"Hoosier 43075 16x7.5-10 R20, 7 inch rim",9655
78.2,490.83,-11.6,475.99,-204.03,2.009,-32.42,-6.16,-0.04,0.0569,-2.3329,12.2,-97478.53,7.55,92.15,-12.194,-0,-1.0001,152.63,136.02,153.43,25,Cornering,"Hoosier 43075 16x7.5-10 R20, 7 inch rim",9656
78.21,490.84,-11.11,473.46,-202.13,2.005,-32.63,-6.85,0.03,0.0549,-2.3423,12.19,156854.61,7.55,92.17,-12.186,-0,-1,152.82,136.17,153.66,25,Cornering,"Hoosier 43075 16x7.5-10 R20, 7 inch rim",9657
78.24,490.85,-10.68,471.7,-200.64,2.009,-32.85,-6.18,0.16,0.0532,-2.351,12.13,25244.45,7.55,92.17,-12.201,-0,-0.9997,153.06,136.41,153.88,25.02,Cornering,"Hoosier 43075 16x7.5-10 R20, 7 inch rim",9658
78.22,490.86,-9.99,471.03,-199.93,2.023,-32.83,-3.99,0.03,0.05,-2.356,12.04,156922.38,7.54,92.15,-12.194,-0,-1,153.36,136.59,154.12,25.01,Cornering,"Hoosier 43075 16x7.5-10 R20, 7 inch rim",9659
78.2,490.87,-9.55,471.51,-199.82,2.011,-33.16,-1.24,-0.04,0.0478,-2.3596,11.96,-97481.1,7.55,92.11,-12.187,-0,-1.0001,153.72,136.72,154.4,25,Cornering,"Hoosier 43075 16x7.5-10 R20, 7 inch rim",9660
78.23,490.88,-9.38,472.91,-199.99,2.005,-33.47,1.35,0.03,0.0469,-2.3647,11.93,156704.2,7.55,92.05,-12.194,-0,-1,153.96,136.76,154.65,24.98,Cornering,"Hoosier 43075 16x7.5-10 R20, 7 inch rim",9661
78.24,490.89,-9.05,474.43,-200.48,2.024,-33.79,4.18,-0.04,0.0451,-2.3665,11.97,-97322.36,7.55,92.03,-12.188,-0,-1.0001,154.04,136.79,154.83,24.96,Cornering,"Hoosier 43075 16x7.5-10 R20, 7 inch rim",9662
78.2,490.9,-6.53,476.49,-201.41,2.009,-33.84,8.7,0.03,0.0324,-2.3658,12.06,156416.61,7.55,92.03,-12.188,-0,-1,153.94,136.72,154.91,24.93,Cornering,"Hoosier 43075 16x7.5-10 R20, 7 inch rim",9663
78.2,490.91,-2.31,477.92,-203,2.017,-33.43,14.6,-0.04,0.0114,-2.3542,12.17,-97191.36,7.55,92,-12.176,-0,-1.0001,153.89,136.68,154.91,24.92,Cornering,"Hoosier 43075 16x7.5-10 R20, 7 inch rim",9664
78.23,490.92,2.3,478.43,-204.14,2.008,-33.31,19.93,-0.11,-0.0113,-2.3437,12.22,-37066.71,7.55,92.02,-12.158,-0,-1.0002,153.87,136.57,154.87,24.92,Cornering,"Hoosier 43075 16x7.5-10 R20, 7 inch rim",9665
78.22,490.93,7.2,477.36,-204.81,2.008,-32.9,24.86,-0.04,-0.0352,-2.3307,12.21,-97208.24,7.55,92.03,-12.128,-0,-1.0001,153.91,136.54,154.83,24.92,Cornering,"Hoosier 43075 16x7.5-10 R20, 7 inch rim",9666
78.2,490.94,11.67,474.87,-204.2,2.004,-33,29.08,0.03,-0.0571,-2.3255,12.13,156457.8,7.55,92.07,-12.117,-0,-1,154.07,136.57,154.89,24.93,Cornering,"Hoosier 43075 16x7.5-10 R20, 7 inch rim",9667
78.22,490.95,15.62,472.21,-203.2,2.005,-31.73,32.81,-0.11,-0.0768,-2.3238,12.06,-37122.29,7.55,92.1,-12.067,-0,-1.0002,154.32,136.72,155.05,24.94,Cornering,"Hoosier 43075 16x7.5-10 R20, 7 inch rim",9668
78.23,490.96,17.17,469.49,-201.31,2.018,-32.25,34.4,0.03,-0.0853,-2.3321,11.99,156581.27,7.55,92.12,-12.028,-0,-1,154.47,136.92,155.21,24.94,Cornering,"Hoosier 43075 16x7.5-10 R20, 7 inch rim",9669
78.2,490.97,15.27,467.93,-200.39,2.005,-32.2,32.61,-0.04,-0.0762,-2.3351,11.97,-97349.48,7.55,92.11,-11.985,-0,-1.0001,154.73,137.07,155.49,24.94,Cornering,"Hoosier 43075 16x7.5-10 R20, 7 inch rim",9670
78.19,490.98,10.94,467.43,-199.6,2.011,-32.8,28.48,0.03,-0.0548,-2.3418,12.05,156569.36,7.55,92.06,-11.921,-0,-1,155.03,137.21,155.7,24.93,Cornering,"Hoosier 43075 16x7.5-10 R20, 7 inch rim",9671
78.23,490.99,4.62,468.54,-199.9,2.006,-32.18,22.08,0.03,-0.0231,-2.3439,12.14,156707.58,7.55,92.01,-11.869,-0,-1,155.35,137.36,155.94,24.95,Cornering,"Hoosier 43075 16x7.5-10 R20, 7 inch rim",9672
78.22,491,-1.3,470.29,-200.48,1.999,-32.06,15.63,0.03,0.0065,-2.3458,12.18,156954.97,7.55,91.94,-11.818,-0,-1,155.5,137.36,156.1,24.98,Cornering,"Hoosier 43075 16x7.5-10 R20, 7 inch rim",9673
78.19,491.01,-6.29,472.29,-200.69,2.011,-32.63,9.77,0.03,0.0314,-2.3533,12.17,157055.02,7.55,91.85,-11.769,-0,-1,155.4,137.36,156.24,25,Cornering,"Hoosier 43075 16x7.5-10 R20, 7 inch rim",9674
78.21,491.02,-8.65,474.49,-201.36,2.004,-33.29,6.16,-0.04,0.043,-2.3565,12.11,-97622.02,7.55,91.83,-11.723,-0,-1.0001,155.27,137.32,156.26,24.99,Cornering,"Hoosier 43075 16x7.5-10 R20, 7 inch rim",9675
78.23,491.03,-9.9,475.8,-203.3,2.002,-32.89,2.94,0.03,0.0487,-2.3404,12.03,156971.34,7.55,91.81,-11.657,-0,-1,155.18,137.25,156.24,24.97,Cornering,"Hoosier 43075 16x7.5-10 R20, 7 inch rim",9676
78.2,491.04,-10.77,475.81,-204.24,2.017,-33.25,-0.63,-0.04,0.0528,-2.3297,11.99,-97529.91,7.55,91.81,-11.596,-0,-1.0001,155.18,137.23,156.22,24.96,Cornering,"Hoosier 43075 16x7.5-10 R20, 7 inch rim",9677
78.19,491.05,-12.11,474.12,-204.16,2.005,-33.54,-5.21,0.03,0.0593,-2.3223,12,156909.3,7.55,91.83,-11.571,-0,-1,155.29,137.27,156.18,24.96,Cornering,"Hoosier 43075 16x7.5-10 R20, 7 inch rim",9678
78.22,491.06,-13.13,471.45,-203.23,2.014,-33.56,-8.79,0.09,0.0646,-2.3198,12.07,43509.33,7.55,91.8,-11.517,-0,-0.9998,155.46,137.4,156.22,24.97,Cornering,"Hoosier 43075 16x7.5-10 R20, 7 inch rim",9679
78.22,491.07,-12.35,469.41,-202.04,2.017,-32.57,-9.39,-0.11,0.0611,-2.3234,12.16,-37268.84,7.55,91.8,-11.481,-0,-1.0002,155.67,137.6,156.32,24.99,Cornering,"Hoosier 43075 16x7.5-10 R20, 7 inch rim",9680
78.19,491.08,-10.81,467.82,-200.48,2.008,-32.62,-7.9,-0.04,0.0539,-2.3335,12.17,-97784.39,7.55,91.79,-11.447,-0,-1.0001,155.87,137.73,156.48,25.01,Cornering,"Hoosier 43075 16x7.5-10 R20, 7 inch rim",9681
78.21,491.09,-10.2,467.17,-199.47,2.006,-32.99,-6.1,0.09,0.0512,-2.342,12.14,43596.01,7.55,91.81,-11.411,-0,-0.9998,156.19,137.87,156.69,25.01,Cornering,"Hoosier 43075 16x7.5-10 R20, 7 inch rim",9682
78.23,491.1,-10.97,468.41,-199.52,2.006,-32.24,-5.13,0.16,0.055,-2.3478,12.08,25301.35,7.55,91.81,-11.374,-0,-0.9997,156.4,137.91,156.87,25,Cornering,"Hoosier 43075 16x7.5-10 R20, 7 inch rim",9683
78.2,491.11,-12.42,470.29,-199.64,1.998,-31.84,-4.88,0.09,0.0622,-2.3557,12.01,43554.69,7.55,91.8,-11.349,-0,-0.9998,156.58,137.93,157.07,24.98,Cornering,"Hoosier 43075 16x7.5-10 R20, 7 inch rim",9684
78.19,491.12,-13.75,472.77,-199.83,2.005,-32.01,-4.66,-0.04,0.0688,-2.3658,12,-97667.02,7.55,91.77,-11.324,-0,-1.0001,156.55,137.91,157.11,24.97,Cornering,"Hoosier 43075 16x7.5-10 R20, 7 inch rim",9685
78.21,491.13,-13.27,474.49,-200.91,2.011,-32.24,-3.22,-0.04,0.0661,-2.3617,12.05,-97634.06,7.55,91.79,-11.286,-0,-1.0001,156.4,137.8,157.09,24.96,Cornering,"Hoosier 43075 16x7.5-10 R20, 7 inch rim",9686
78.22,491.14,-11.79,476.09,-202.15,2.002,-32.6,-1.51,0.03,0.0583,-2.3551,12.12,157005.03,7.55,91.77,-11.259,-0,-1,156.3,137.71,157.07,24.94,Cornering,"Hoosier 43075 16x7.5-10 R20, 7 inch rim",9687
78.19,491.15,-9.96,475.8,-203.48,2.004,-33.49,-0.07,0.09,0.0489,-2.3383,12.2,43513.96,7.55,91.79,-11.215,-0,-0.9998,156.25,137.6,157.01,24.94,Cornering,"Hoosier 43075 16x7.5-10 R20, 7 inch rim",9688
78.2,491.16,-8.19,474.24,-203.63,2.008,-34.75,0.45,0.09,0.0402,-2.329,12.22,43528.7,7.55,91.81,-11.183,-0,-0.9998,156.3,137.56,156.93,24.95,Cornering,"Hoosier 43075 16x7.5-10 R20, 7 inch rim",9689
78.23,491.17,-6.57,471.6,-203.33,2.004,-34.39,0.61,-0.11,0.0323,-2.3194,12.16,-37258.8,7.55,91.82,-11.152,-0,-1.0002,156.36,137.6,156.97,24.96,Cornering,"Hoosier 43075 16x7.5-10 R20, 7 inch rim",9690
78.2,491.18,-4.32,469.24,-202.14,2.009,-33.99,2.22,0.03,0.0214,-2.3214,12.08,157078.56,7.55,91.8,-11.12,-0,-1,156.49,137.69,157.09,24.94,Cornering,"Hoosier 43075 16x7.5-10 R20, 7 inch rim",9691
78.19,491.19,-2.38,468.11,-200.53,2.011,-33.04,4.35,0.03,0.0119,-2.3344,12,157135.38,7.55,91.8,-11.082,-0,-1,156.6,137.8,157.19,24.95,Cornering,"Hoosier 43075 16x7.5-10 R20, 7 inch rim",9692
78.22,491.2,-1.07,468.23,-199.32,2.015,-32.21,7.05,0.09,0.0054,-2.3491,11.97,43557.39,7.55,91.75,-11.056,-0,-0.9998,156.77,137.95,157.35,24.96,Cornering,"Hoosier 43075 16x7.5-10 R20, 7 inch rim",9693
78.22,491.21,-0.45,469.61,-198.62,2.012,-31.44,9.88,0.09,0.0023,-2.3643,12.01,43542.75,7.55,91.68,-11.017,-0,-0.9998,157.03,138.11,157.54,24.94,Cornering,"Hoosier 43075 16x7.5-10 R20, 7 inch rim",9694
78.19,491.22,-1.05,471.77,-198.18,2.011,-31.28,11.48,0.03,0.0053,-2.3805,12.09,157298.73,7.55,91.66,-10.979,-0,-1,157.24,138.17,157.72,24.97,Cornering,"Hoosier 43075 16x7.5-10 R20, 7 inch rim",9695
78.2,491.23,-1.3,473.18,-199.01,2.014,-31.54,12.98,-0.04,0.0065,-2.3776,12.19,-97885.88,7.55,91.59,-10.933,-0,-1.0001,157.28,138.15,157.8,24.99,Cornering,"Hoosier 43075 16x7.5-10 R20, 7 inch rim",9696
78.22,491.24,-2.35,474.42,-199.34,2.011,-32.66,12.7,0.09,0.0118,-2.3799,12.25,43681.9,7.55,91.54,-10.894,-0,-0.9998,157.24,138.06,157.84,25.01,Cornering,"Hoosier 43075 16x7.5-10 R20, 7 inch rim",9697
78.21,491.25,-2.81,475.7,-201.44,2.023,-32.83,11.89,0.03,0.0139,-2.3616,12.24,157729.91,7.55,91.51,-10.851,-0,-1,157,137.93,157.74,25.03,Cornering,"Hoosier 43075 16x7.5-10 R20, 7 inch rim",9698
78.19,491.26,-3.28,475.6,-202.71,2.006,-34.14,9.93,0.09,0.0162,-2.3462,12.17,43714.41,7.55,91.49,-10.808,-0,-0.9998,156.92,137.87,157.68,25.03,Cornering,"Hoosier 43075 16x7.5-10 R20, 7 inch rim",9699
78.21,491.27,-3.7,474.85,-203.72,2.009,-34.88,7.35,-0.04,0.0181,-2.3309,12.06,-97989.84,7.55,91.5,-10.749,-0,-1.0001,156.85,137.73,157.58,25,Cornering,"Hoosier 43075 16x7.5-10 R20, 7 inch rim",9700
78.23,491.28,-3.18,473.15,-204.04,2.017,-34.46,5.13,-0.11,0.0156,-2.3189,12,-37357.61,7.55,91.53,-10.699,-0,-1.0002,156.96,137.71,157.54,24.98,Cornering,"Hoosier 43075 16x7.5-10 R20, 7 inch rim",9701
78.2,491.29,-2.57,471.14,-203.06,2.005,-33.69,3.48,-0.04,0.0127,-2.3202,11.97,-97878.81,7.55,91.57,-10.669,-0,-1.0001,157.07,137.76,157.64,24.97,Cornering,"Hoosier 43075 16x7.5-10 R20, 7 inch rim",9702
78.2,491.3,-2.71,470.46,-201,2.012,-32.27,1.96,0.03,0.0135,-2.3406,12.05,157453.09,7.55,91.6,-10.605,-0,-1,157.2,137.87,157.78,24.96,Cornering,"Hoosier 43075 16x7.5-10 R20, 7 inch rim",9703
78.22,491.31,-4.2,469.85,-199.67,1.992,-31.09,0.12,-0.04,0.021,-2.3531,12.14,-97957.81,7.55,91.6,-10.562,-0,-1.0001,157.3,138,157.92,24.98,Cornering,"Hoosier 43075 16x7.5-10 R20, 7 inch rim",9704
78.22,491.32,-6.01,470.07,-197.87,2.011,-31.59,-0.71,-0.04,0.0304,-2.3756,12.2,-98020.14,7.55,91.63,-10.507,-0,-1.0001,157.56,138.13,158.1,24.99,Cornering,"Hoosier 43075 16x7.5-10 R20, 7 inch rim",9705
78.19,491.33,-8.18,471.01,-198.06,2.011,-30.97,-1.51,0.03,0.0413,-2.3781,12.25,157810.67,7.55,91.62,-10.475,-0,-1,157.73,138.17,158.26,25.01,Cornering,"Hoosier 43075 16x7.5-10 R20, 7 inch rim",9706
78.2,491.34,-9.8,472.09,-198.48,2.017,-31.4,-1.86,-0.04,0.0494,-2.3785,12.19,-98070.23,7.55,91.6,-10.419,-0,-1.0001,157.88,138.2,158.36,25,Cornering,"Hoosier 43075 16x7.5-10 R20, 7 inch rim",9707
78.22,491.35,-11.45,472.93,-199.68,1.993,-32.35,-2.86,0.09,0.0573,-2.3685,12.1,43682.2,7.55,91.58,-10.384,-0,-0.9998,157.78,138.13,158.38,24.97,Cornering,"Hoosier 43075 16x7.5-10 R20, 7 inch rim",9708
78.2,491.36,-12.87,473.86,-200.82,2.009,-33.89,-4.08,-0.04,0.0641,-2.3596,12,-97982.31,7.55,91.6,-10.334,-0,-1.0001,157.54,138.06,158.28,24.97,Cornering,"Hoosier 43075 16x7.5-10 R20, 7 inch rim",9709
78.19,491.37,-13.62,475.18,-202.97,1.998,-34.02,-5.57,-0.04,0.0671,-2.3411,11.96,-97989.7,7.55,91.61,-10.31,-0,-1.0001,157.37,138.02,158.2,24.97,Cornering,"Hoosier 43075 16x7.5-10 R20, 7 inch rim",9710
78.22,491.38,-13.07,475.64,-203.9,2.011,-34.79,-6.57,-0.04,0.0641,-2.3328,11.98,-98004.86,7.55,91.62,-10.26,-0,-1.0001,157.3,137.93,158.08,24.97,Cornering,"Hoosier 43075 16x7.5-10 R20, 7 inch rim",9711
78.21,491.39,-10.55,474.72,-204.09,2.014,-34.7,-5.89,0.03,0.0517,-2.3261,12.06,157744.3,7.55,91.62,-10.237,-0,-1,157.26,137.87,157.96,24.98,Cornering,"Hoosier 43075 16x7.5-10 R20, 7 inch rim",9712
78.18,491.4,-8.19,473.47,-203.21,2.011,-33.38,-5.24,0.03,0.0403,-2.3299,12.16,157727.77,7.55,91.63,-10.195,-0,-1,157.37,137.89,158,24.97,Cornering,"Hoosier 43075 16x7.5-10 R20, 7 inch rim",9713
78.2,491.41,-5.85,471.72,-201.53,2.018,-32.02,-3.61,-0.04,0.029,-2.3406,12.22,-98051.71,7.55,91.64,-10.18,-0,-1.0001,157.5,138.04,158.14,24.97,Cornering,"Hoosier 43075 16x7.5-10 R20, 7 inch rim",9714
78.22,491.42,-5.55,470.29,-199.65,2.008,-31.25,-3.23,0.09,0.0278,-2.3555,12.2,43715.71,7.55,91.63,-10.135,-0,-0.9998,157.56,138.17,158.28,24.97,Cornering,"Hoosier 43075 16x7.5-10 R20, 7 inch rim",9715
78.2,491.43,-5.93,469.8,-198.68,2.006,-30.86,-2.37,-0.04,0.0299,-2.3646,12.16,-98095.41,7.55,91.59,-10.109,-0,-1.0001,157.69,138.26,158.4,24.98,Cornering,"Hoosier 43075 16x7.5-10 R20, 7 inch rim",9716
78.19,491.44,-6.35,469.93,-198.17,2.009,-31.34,-0.58,-0.04,0.0321,-2.3713,12.08,-98172.62,7.55,91.58,-10.079,-0,-1.0001,157.95,138.37,158.57,25,Cornering,"Hoosier 43075 16x7.5-10 R20, 7 inch rim",9717
78.22,491.45,-5.98,470.43,-199.17,1.998,-31.51,2.05,-0.11,0.03,-2.362,11.99,-37459.53,7.55,91.54,-10.048,-0,-1.0002,158.08,138.33,158.67,25,Cornering,"Hoosier 43075 16x7.5-10 R20, 7 inch rim",9718
78.22,491.46,-5.58,471.81,-199.95,2.017,-32.35,4.36,0.03,0.0279,-2.3597,11.95,157967.3,7.55,91.55,-10.001,-0,-1,158.1,138.31,158.77,25,Cornering,"Hoosier 43075 16x7.5-10 R20, 7 inch rim",9719
78.19,491.47,-5.3,473.22,-201.17,2.02,-33.32,6.07,0.03,0.0263,-2.3524,11.99,158127.38,7.55,91.53,-9.972,-0,-1,157.88,138.24,158.73,25.02,Cornering,"Hoosier 43075 16x7.5-10 R20, 7 inch rim",9720
78.2,491.48,-4.4,474.81,-202.58,2.017,-33.84,7.15,0.03,0.0217,-2.3439,12.09,158106.94,7.55,91.54,-9.938,-0,-1,157.65,138.11,158.53,25.01,Cornering,"Hoosier 43075 16x7.5-10 R20, 7 inch rim",9721
78.22,491.49,-3.04,475.48,-203.6,2.004,-34.51,7.79,-0.04,0.0149,-2.3354,12.17,-98342.46,7.55,91.54,-9.889,-0,-1.0001,157.58,137.95,158.36,25.03,Cornering,"Hoosier 43075 16x7.5-10 R20, 7 inch rim",9722
78.2,491.5,-1.27,475.66,-204.24,2.002,-33.63,7.96,0.03,0.0062,-2.329,12.22,158295.78,7.55,91.54,-9.847,-0,-1,157.5,137.87,158.24,25.04,Cornering,"Hoosier 43075 16x7.5-10 R20, 7 inch rim",9723
78.18,491.51,0.62,474.1,-203.8,2.005,-32.98,7.9,0.03,-0.003,-2.3263,12.19,158244.5,7.55,91.53,-9.8,-0,-1,157.52,137.8,158.18,25.03,Cornering,"Hoosier 43075 16x7.5-10 R20, 7 inch rim",9724
78.21,491.52,0.97,472.19,-202.22,2.018,-32.38,6.5,-0.04,-0.0048,-2.335,12.14,-98355.31,7.55,91.51,-9.766,-0,-1.0001,157.56,137.89,158.22,25.02,Cornering,"Hoosier 43075 16x7.5-10 R20, 7 inch rim",9725
78.23,491.53,0.53,470.3,-200.36,2.004,-31.73,4.94,-0.04,-0.0027,-2.3473,12.04,-98276.48,7.55,91.57,-9.723,-0,-1.0001,157.67,138,158.3,25,Cornering,"Hoosier 43075 16x7.5-10 R20, 7 inch rim",9726
78.2,491.54,-1.09,469.67,-199.7,2.006,-30.41,3.28,-0.04,0.0055,-2.3519,11.96,-98267.58,7.55,91.58,-9.674,-0,-1.0001,157.84,138.09,158.4,24.99,Cornering,"Hoosier 43075 16x7.5-10 R20, 7 inch rim",9727
78.2,491.55,-3.41,469.01,-198.69,2.006,-31.67,1.52,0.03,0.0172,-2.3606,11.95,158142.81,7.55,91.59,-9.623,-0,-1,158.12,138.24,158.53,25,Cornering,"Hoosier 43075 16x7.5-10 R20, 7 inch rim",9728
78.22,491.56,-5.46,469.17,-198.95,2.009,-32.03,0.68,-0.04,0.0274,-2.3582,12,-98433.13,7.55,91.63,-9.572,-0,-1.0001,158.29,138.26,158.67,25.03,Cornering,"Hoosier 43075 16x7.5-10 R20, 7 inch rim",9729
78.21,491.57,-6.97,469.81,-199.37,1.998,-32.84,-0.04,-0.04,0.035,-2.3565,12.09,-98487.99,7.55,91.63,-9.54,-0,-1.0001,158.33,138.22,158.75,25.04,Cornering,"Hoosier 43075 16x7.5-10 R20, 7 inch rim",9730
78.19,491.58,-8.58,471.05,-200.15,2.009,-33.29,-0.99,0.03,0.0429,-2.3535,12.18,158422.47,7.55,91.65,-9.491,-0,-1,158.12,138.17,158.77,25.03,Cornering,"Hoosier 43075 16x7.5-10 R20, 7 inch rim",9731
78.21,491.59,-9.78,472.64,-201.36,2.005,-33.61,-2.65,-0.04,0.0485,-2.3473,12.21,-98401.97,7.55,91.68,-9.439,-0,-1.0001,157.84,138.09,158.69,25.01,Cornering,"Hoosier 43075 16x7.5-10 R20, 7 inch rim",9732
78.23,491.6,-10.68,474.37,-202.68,2.011,-33.96,-4.53,0.03,0.0527,-2.3405,12.17,158209.14,7.55,91.74,-9.393,-0,-1,157.67,137.93,158.59,24.99,Cornering,"Hoosier 43075 16x7.5-10 R20, 7 inch rim",9733
78.2,491.61,-10.15,474.57,-203.77,2.005,-33.9,-5.8,0.09,0.0498,-2.329,12.12,43815.16,7.55,91.78,-9.356,-0,-0.9998,157.56,137.82,158.45,24.97,Cornering,"Hoosier 43075 16x7.5-10 R20, 7 inch rim",9734
78.2,491.62,-8.52,473.8,-203.84,2.012,-33.33,-6.33,0.09,0.0418,-2.3244,12.01,43789.37,7.55,91.8,-9.318,-0,-0.9998,157.46,137.73,158.3,24.96,Cornering,"Hoosier 43075 16x7.5-10 R20, 7 inch rim",9735
78.23,491.63,-7.42,471.59,-202.84,2.017,-33.47,-6.98,-0.04,0.0366,-2.325,11.99,-98216.38,7.55,91.86,-9.285,-0,-1.0001,157.48,137.78,158.28,24.95,Cornering,"Hoosier 43075 16x7.5-10 R20, 7 inch rim",9736
78.22,491.64,-6.75,469.87,-201.12,2.002,-32.54,-7.36,0.03,0.0336,-2.3362,12,158022.14,7.55,91.9,-9.235,-0,-1,157.58,137.8,158.3,24.95,Cornering,"Hoosier 43075 16x7.5-10 R20, 7 inch rim",9737
78.18,491.65,-6.91,468.42,-199.6,2.011,-32.59,-7.33,0.09,0.0346,-2.3467,12.09,43803.07,7.55,91.89,-9.204,-0,-0.9998,157.67,137.98,158.34,24.96,Cornering,"Hoosier 43075 16x7.5-10 R20, 7 inch rim",9738
78.2,491.66,-7.4,467.8,-199.25,2.005,-32.26,-6.5,0.03,0.0371,-2.3478,12.15,158091.17,7.55,91.88,-9.16,-0,-1,157.86,138.06,158.42,24.96,Cornering,"Hoosier 43075 16x7.5-10 R20, 7 inch rim",9739
78.22,491.67,-8.4,468.28,-199.56,2.001,-31.48,-5.7,0.03,0.0421,-2.3465,12.18,158027.62,7.55,91.88,-9.137,-0,-1,158.08,138.2,158.55,24.94,Cornering,"Hoosier 43075 16x7.5-10 R20, 7 inch rim",9740
78.2,491.68,-9.31,468.71,-199.55,2.015,-32.78,-4.81,0.03,0.0467,-2.3489,12.19,157968.34,7.55,91.85,-9.104,-0,-1,158.16,138.2,158.65,24.93,Cornering,"Hoosier 43075 16x7.5-10 R20, 7 inch rim",9741
78.19,491.69,-9.21,469.96,-200.67,2.023,-32.88,-3.12,0.09,0.0459,-2.342,12.11,43778.44,7.55,91.84,-9.07,-0,-0.9998,158.14,138.17,158.65,24.93,Cornering,"Hoosier 43075 16x7.5-10 R20, 7 inch rim",9742
78.21,491.7,-8.64,471.39,-201.87,2.018,-33.4,-1.68,0.03,0.0428,-2.3351,12.04,158069.34,7.55,91.85,-9.04,-0,-1,157.88,138.04,158.53,24.94,Cornering,"Hoosier 43075 16x7.5-10 R20, 7 inch rim",9743
78.22,491.71,-7.62,473.46,-203.37,2.009,-33.53,-0.71,0.09,0.0375,-2.3281,12.01,43836.77,7.55,91.81,-9.007,-0,-0.9998,157.65,137.91,158.42,24.96,Cornering,"Hoosier 43075 16x7.5-10 R20, 7 inch rim",9744
78.19,491.72,-6.16,473.77,-203.92,2.012,-34.9,0.01,0.03,0.0302,-2.3233,12.03,158286.47,7.55,91.79,-8.961,-0,-1,157.52,137.78,158.28,24.97,Cornering,"Hoosier 43075 16x7.5-10 R20, 7 inch rim",9745
78.2,491.73,-4.15,473.81,-204.69,2.012,-33.98,0.66,-0.04,0.0203,-2.3148,12.09,-98403.3,7.55,91.78,-8.927,-0,-1.0001,157.39,137.71,158.1,24.97,Cornering,"Hoosier 43075 16x7.5-10 R20, 7 inch rim",9746
78.23,491.74,-1.92,472.08,-203.87,2.015,-33.49,1.4,-0.18,0.0094,-2.3156,12.16,-23198.53,7.55,91.73,-8.885,-0,-1.0003,157.37,137.73,158.06,24.98,Cornering,"Hoosier 43075 16x7.5-10 R20, 7 inch rim",9747
78.2,491.75,0.43,469.91,-202.97,2.002,-32.37,2.64,0.03,-0.0021,-2.3152,12.19,158367.16,7.55,91.72,-8.857,-0,-1,157.41,137.87,158.04,24.98,Cornering,"Hoosier 43075 16x7.5-10 R20, 7 inch rim",9748
78.18,491.76,1.14,468.44,-200.62,2.011,-32.2,3.07,-0.04,-0.0057,-2.335,12.14,-98479.91,7.55,91.69,-8.808,-0,-1.0001,157.41,137.95,158.06,24.98,Cornering,"Hoosier 43075 16x7.5-10 R20, 7 inch rim",9749
78.21,491.77,0.78,467.48,-199.51,2.009,-32.35,3.33,0.03,-0.0039,-2.3431,12.07,158367.91,7.55,91.66,-8.766,-0,-1,157.48,138.06,158.14,24.97,Cornering,"Hoosier 43075 16x7.5-10 R20, 7 inch rim",9750
78.21,491.78,-0.73,467.31,-199.26,2.009,-32.34,3,0.03,0.0037,-2.3452,11.97,158345.33,7.55,91.57,-8.732,-0,-1,157.63,138.2,158.24,24.97,Cornering,"Hoosier 43075 16x7.5-10 R20, 7 inch rim",9751
78.19,491.79,-2.69,467.65,-199.68,1.995,-32.38,2.41,0.09,0.0135,-2.342,11.98,43885.34,7.55,91.52,-8.675,-0,-0.9998,157.76,138.2,158.34,24.97,Cornering,"Hoosier 43075 16x7.5-10 R20, 7 inch rim",9752
78.2,491.8,-4.77,468.72,-200.34,2.014,-32.89,1.38,0.03,0.0238,-2.3397,12.03,158462.23,7.55,91.51,-8.626,-0,-1,157.69,138.09,158.4,24.98,Cornering,"Hoosier 43075 16x7.5-10 R20, 7 inch rim",9753
78.22,491.81,-6.15,470,-201.49,2.006,-33.2,0.29,0.03,0.0305,-2.3326,12.11,158551.47,7.55,91.51,-8.587,-0,-1,157.37,137.91,158.32,24.99,Cornering,"Hoosier 43075 16x7.5-10 R20, 7 inch rim",9754
78.2,491.82,-7.13,470.98,-203.54,2.014,-33.16,-1.06,-0.11,0.035,-2.3139,12.18,-37599.61,7.55,91.46,-8.536,-0,-1.0002,156.98,137.78,158.22,24.99,Cornering,"Hoosier 43075 16x7.5-10 R20, 7 inch rim",9755
78.18,491.83,-7.27,471.83,-204.55,1.987,-33.78,-2.58,0.03,0.0355,-2.3067,12.18,158514.27,7.55,91.39,-8.497,-0,-1,156.7,137.69,158.06,24.98,Cornering,"Hoosier 43075 16x7.5-10 R20, 7 inch rim",9756
78.21,491.84,-7.63,471.5,-205.14,2.008,-34.08,-4.97,0.03,0.0372,-2.2984,12.14,158533.72,7.55,91.37,-8.448,-0,-1,156.51,137.54,157.9,24.98,Cornering,"Hoosier 43075 16x7.5-10 R20, 7 inch rim",9757
78.23,491.85,-6.65,470.11,-204.97,2.008,-33.48,-6.5,0.03,0.0325,-2.2935,12.05,158401.34,7.55,91.4,-8.411,-0,-1,156.43,137.51,157.76,24.96,Cornering,"Hoosier 43075 16x7.5-10 R20, 7 inch rim",9758
78.19,491.86,-5.93,468.06,-203.53,2.012,-33.22,-7.84,0.09,0.0291,-2.2996,11.97,43890.26,7.55,91.41,-8.355,-0,-0.9998,156.32,137.62,157.74,24.95,Cornering,"Hoosier 43075 16x7.5-10 R20, 7 inch rim",9759
78.19,491.87,-5.62,466.35,-202.18,1.993,-31.92,-8.65,0.09,0.0278,-2.3066,11.95,43882.56,7.55,91.48,-8.332,-0,-0.9998,156.25,137.73,157.72,24.94,Cornering,"Hoosier 43075 16x7.5-10 R20, 7 inch rim",9760
78.22,491.88,-5.85,465.39,-201.13,2.002,-31.14,-8.73,-0.04,0.0291,-2.3138,12,-98450.04,7.55,91.52,-8.288,-0,-1.0001,156.32,137.84,157.74,24.94,Cornering,"Hoosier 43075 16x7.5-10 R20, 7 inch rim",9761
78.21,491.89,-6.67,464.56,-200.36,2.015,-31.73,-8.32,0.09,0.0333,-2.3187,12.07,43902.81,7.55,91.53,-8.239,-0,-0.9998,156.49,137.95,157.84,24.95,Cornering,"Hoosier 43075 16x7.5-10 R20, 7 inch rim",9762
78.18,491.9,-8.28,464.56,-200.47,2.012,-32.19,-8.37,-0.04,0.0413,-2.3174,12.14,-98470.07,7.55,91.56,-8.205,-0,-1.0001,156.66,137.95,157.9,24.94,Cornering,"Hoosier 43075 16x7.5-10 R20, 7 inch rim",9763
78.21,491.91,-9.84,464.9,-201.38,2.006,-32.32,-8.33,0.03,0.0489,-2.3086,12.15,158461.17,7.55,91.57,-8.164,-0,-1,156.77,138.04,157.94,24.95,Cornering,"Hoosier 43075 16x7.5-10 R20, 7 inch rim",9764
78.23,491.92,-10.69,465.85,-202.27,2.005,-32.87,-8.03,0.03,0.0528,-2.3032,12.13,158507.33,7.55,91.55,-8.139,-0,-1,156.73,138,157.86,24.96,Cornering,"Hoosier 43075 16x7.5-10 R20, 7 inch rim",9765
78.2,491.93,-11.09,467.12,-203.37,2.001,-33.92,-8.17,0.03,0.0545,-2.2969,12.06,158634.19,7.55,91.53,-8.096,-0,-1,156.45,137.98,157.74,24.97,Cornering,"Hoosier 43075 16x7.5-10 R20, 7 inch rim",9766
78.19,491.94,-10.73,468.05,-204.52,2.02,-34.83,-8.04,0.03,0.0525,-2.2885,11.95,158905.55,7.55,91.53,-8.06,-0,-1,156.23,137.89,157.54,25.01,Cornering,"Hoosier 43075 16x7.5-10 R20, 7 inch rim",9767
78.22,491.95,-8.52,468.87,-205.48,2.005,-34.96,-7.23,0.03,0.0415,-2.2819,11.93,158987.36,7.55,91.53,-8.039,-0,-1,156.15,137.78,157.35,25.03,Cornering,"Hoosier 43075 16x7.5-10 R20, 7 inch rim",9768
78.21,491.96,-6.18,468.43,-205.94,2.005,-33.85,-6.6,0.09,0.03,-2.2747,11.95,44060.94,7.55,91.47,-7.999,-0,-0.9998,156.06,137.76,157.17,25.03,Cornering,"Hoosier 43075 16x7.5-10 R20, 7 inch rim",9769
78.19,491.97,-3.78,466.69,-204.69,2.011,-33.39,-5.49,0.03,0.0185,-2.28,12.02,158981.31,7.55,91.49,-7.957,-0,-1,155.97,137.82,157.13,25.02,Cornering,"Hoosier 43075 16x7.5-10 R20, 7 inch rim",9770
78.2,491.98,-1.68,464.46,-202.89,2.018,-32.78,-4.02,-0.04,0.0083,-2.2893,12.11,-98857.45,7.55,91.48,-7.922,-0,-1.0001,155.91,137.93,157.13,25.03,Cornering,"Hoosier 43075 16x7.5-10 R20, 7 inch rim",9771
78.23,491.99,-0.67,463.06,-201.52,2.004,-31.53,-2.78,0.09,0.0033,-2.2978,12.14,44061,7.55,91.47,-7.9,-0,-0.9998,155.93,138.15,157.17,25.02,Cornering,"Hoosier 43075 16x7.5-10 R20, 7 inch rim",9772
78.2,492,-0.99,461.77,-200.14,2.004,-32.56,-1.78,-0.04,0.0049,-2.3072,12.11,-98829.18,7.55,91.43,-7.846,-0,-1.0001,156.1,138.22,157.25,25.01,Cornering,"Hoosier 43075 16x7.5-10 R20, 7 inch rim",9773
78.18,492.01,-1.67,461.93,-200.79,2.012,-31.63,-0.65,0.03,0.0083,-2.3006,12.06,159036.11,7.55,91.4,-7.81,-0,-1,156.19,138.33,157.39,25.02,Cornering,"Hoosier 43075 16x7.5-10 R20, 7 inch rim",9774
78.21,492.02,-2.68,461.78,-201.2,2.008,-32.55,0.15,-0.11,0.0133,-2.2952,11.97,-37705.21,7.55,91.38,-7.76,-0,-1.0002,156.28,138.35,157.5,25.01,Cornering,"Hoosier 43075 16x7.5-10 R20, 7 inch rim",9775
78.22,492.03,-3.73,462.11,-201.81,1.999,-33.77,0.17,0.03,0.0185,-2.2898,11.94,159032.78,7.55,91.35,-7.718,-0,-1,156.19,138.31,157.5,25.01,Cornering,"Hoosier 43075 16x7.5-10 R20, 7 inch rim",9776
78.18,492.04,-4.2,463.53,-203.65,2.014,-33.73,-0,0.03,0.0206,-2.2762,11.96,159043.17,7.55,91.35,-7.69,-0,-1,155.95,138.17,157.37,25.01,Cornering,"Hoosier 43075 16x7.5-10 R20, 7 inch rim",9777
78.2,492.05,-4.73,464.55,-205.58,1.996,-33.69,-1.27,-0.04,0.023,-2.2597,12.04,-98919.82,7.55,91.36,-7.648,-0,-1.0001,155.65,138.09,157.21,25.03,Cornering,"Hoosier 43075 16x7.5-10 R20, 7 inch rim",9778
78.22,492.06,-4.61,465.3,-206.26,2.02,-34.46,-2.73,-0.04,0.0224,-2.2559,12.12,-98977.47,7.55,91.32,-7.595,-0,-1.0001,155.44,137.95,157.07,25.04,Cornering,"Hoosier 43075 16x7.5-10 R20, 7 inch rim",9779
78.2,492.07,-4,465.03,-206.74,2.011,-33.67,-4.5,-0.04,0.0193,-2.2493,12.17,-99010.55,7.55,91.31,-7.549,-0,-1.0001,155.31,137.84,156.89,25.04,Cornering,"Hoosier 43075 16x7.5-10 R20, 7 inch rim",9780
78.18,492.08,-3.4,463.46,-205.22,2.002,-33.67,-6.13,-0.04,0.0166,-2.2584,12.16,-98929.92,7.55,91.3,-7.499,-0,-1.0001,155.2,137.87,156.77,25.02,Cornering,"Hoosier 43075 16x7.5-10 R20, 7 inch rim",9781
78.21,492.09,-2.92,461.28,-204.4,2.005,-31.98,-7.32,-0.18,0.0143,-2.2567,12.09,-23311.51,7.55,91.3,-7.456,-0,-1.0003,155.12,138,156.71,25.01,Cornering,"Hoosier 43075 16x7.5-10 R20, 7 inch rim",9782
78.23,492.1,-3.4,458.77,-202.99,1.996,-31.64,-8.45,0.03,0.0167,-2.2601,12.02,158992.39,7.55,91.29,-7.418,-0,-1,155.01,138.15,156.67,24.99,Cornering,"Hoosier 43075 16x7.5-10 R20, 7 inch rim",9783
78.19,492.11,-4.19,457.64,-202.04,2.006,-31.42,-8.97,0.09,0.0207,-2.2651,11.97,44060.89,7.55,91.27,-7.389,-0,-0.9998,155.1,138.24,156.65,24.99,Cornering,"Hoosier 43075 16x7.5-10 R20, 7 inch rim",9784
78.2,492.12,-6.58,456.85,-202,2.015,-31.64,-10.17,-0.04,0.0326,-2.2616,11.97,-98784.37,7.55,91.26,-7.324,-0,-1.0001,155.18,138.31,156.61,24.97,Cornering,"Hoosier 43075 16x7.5-10 R20, 7 inch rim",9785
78.22,492.13,-7.88,456.24,-201.96,1.999,-32.89,-10,-0.04,0.039,-2.2591,12.05,-98836.64,7.55,91.27,-7.294,-0,-1.0001,155.35,138.39,156.67,24.98,Cornering,"Hoosier 43075 16x7.5-10 R20, 7 inch rim",9786
78.2,492.14,-9.3,455.94,-203.29,2.014,-32.94,-10.26,0.16,0.0457,-2.2428,12.13,25580.94,7.55,91.29,-7.26,-0,-0.9997,155.29,138.35,156.63,24.99,Cornering,"Hoosier 43075 16x7.5-10 R20, 7 inch rim",9787
78.18,492.15,-10.04,456.41,-203.79,2.011,-34.63,-10.25,-0.11,0.0493,-2.2397,12.17,-37698.07,7.55,91.32,-7.217,-0,-1.0002,155.1,138.31,156.44,24.98,Cornering,"Hoosier 43075 16x7.5-10 R20, 7 inch rim",9788
78.2,492.16,-9.89,457.08,-205.91,2.017,-34.29,-10.42,0.03,0.048,-2.2198,12.14,158924.38,7.55,91.4,-7.186,-0,-1,154.86,138.13,156.22,24.97,Cornering,"Hoosier 43075 16x7.5-10 R20, 7 inch rim",9789
78.22,492.17,-9.43,458.4,-207.28,1.993,-33.85,-11.07,-0.04,0.0455,-2.2115,12.08,-98753.34,7.56,91.45,-7.146,-0,-1.0001,154.62,138.02,155.96,24.96,Cornering,"Hoosier 43075 16x7.5-10 R20, 7 inch rim",9790
78.19,492.18,-7.78,458.56,-207.95,2.006,-33.69,-11.07,-0.04,0.0374,-2.2051,12.02,-98806.95,7.55,91.5,-7.108,-0,-1.0001,154.54,137.93,155.72,24.97,Cornering,"Hoosier 43075 16x7.5-10 R20, 7 inch rim",9791
78.2,492.19,-5.66,457.46,-207.19,2.004,-33.57,-10.7,0.09,0.0273,-2.2079,11.94,44070.75,7.55,91.54,-7.067,-0,-0.9998,154.41,137.87,155.47,24.98,Cornering,"Hoosier 43075 16x7.5-10 R20, 7 inch rim",9792
78.22,492.2,-3.71,455.57,-206.04,2.011,-32.88,-9.99,-0.04,0.018,-2.211,11.96,-98913.76,7.55,91.53,-7.035,-0,-1.0001,154.34,137.95,155.39,24.99,Cornering,"Hoosier 43075 16x7.5-10 R20, 7 inch rim",9793
78.2,492.21,-2.46,453.2,-204.65,2.014,-32.31,-9.04,0.03,0.012,-2.2145,12.02,159058.69,7.55,91.54,-7.004,-0,-1,154.24,138.02,155.29,24.98,Cornering,"Hoosier 43075 16x7.5-10 R20, 7 inch rim",9794
78.18,492.22,-2.07,451.32,-203.38,2.004,-32.08,-8.02,0.09,0.0102,-2.2191,12.11,44080.92,7.55,91.51,-6.955,-0,-0.9998,154.22,138.2,155.27,24.98,Cornering,"Hoosier 43075 16x7.5-10 R20, 7 inch rim",9795
78.21,492.23,-2.49,450.51,-202.48,2.005,-32.38,-7.05,0.03,0.0123,-2.2249,12.17,158971.33,7.55,91.47,-6.932,-0,-1,154.37,138.24,155.31,24.96,Cornering,"Hoosier 43075 16x7.5-10 R20, 7 inch rim",9796
78.22,492.24,-3.2,449.59,-202.66,1.996,-32.77,-5.88,0.03,0.0158,-2.2184,12.17,158876.78,7.56,91.45,-6.882,-0,-1,154.45,138.37,155.41,24.94,Cornering,"Hoosier 43075 16x7.5-10 R20, 7 inch rim",9797
78.2,492.25,-3.76,449.74,-203.13,2.005,-32.7,-4.83,0.03,0.0185,-2.214,12.14,158890.58,7.56,91.4,-6.839,-0,-1,154.43,138.39,155.49,24.94,Cornering,"Hoosier 43075 16x7.5-10 R20, 7 inch rim",9798
78.19,492.26,-4.41,449.93,-204.66,2.008,-32.69,-4.45,-0.04,0.0215,-2.1985,12.08,-98821.98,7.55,91.37,-6.808,-0,-1.0001,154.28,138.33,155.49,24.96,Cornering,"Hoosier 43075 16x7.5-10 R20, 7 inch rim",9799
78.22,492.27,-4.9,450.57,-206.18,2.018,-33.35,-4.54,-0.04,0.0238,-2.1854,12,-98898.48,7.55,91.36,-6.769,-0,-1.0001,154,138.26,155.41,24.97,Cornering,"Hoosier 43075 16x7.5-10 R20, 7 inch rim",9800
78.22,492.28,-4.71,451.42,-207.99,2.005,-33.17,-5.21,-0.04,0.0226,-2.1704,12,-98952.55,7.56,91.36,-6.727,-0,-1.0001,153.76,138.15,155.29,24.98,Cornering,"Hoosier 43075 16x7.5-10 R20, 7 inch rim",9801
78.18,492.29,-4.09,451.31,-209.15,1.999,-33.65,-6.14,-0.04,0.0196,-2.1578,12.03,-99008.23,7.56,91.37,-6.677,-0,-1.0001,153.59,138.09,155.19,25,Cornering,"Hoosier 43075 16x7.5-10 R20, 7 inch rim",9802
78.2,492.3,-3.32,450.07,-209.21,2.004,-33.24,-7.39,-0.04,0.0159,-2.1513,12.08,-98992.21,7.56,91.39,-6.641,-0,-1.0001,153.49,138.09,155.05,24.99,Cornering,"Hoosier 43075 16x7.5-10 R20, 7 inch rim",9803
78.22,492.31,-2.53,447.52,-207.82,2.021,-33.33,-8.56,-0.04,0.0122,-2.1534,12.09,-99002.41,7.55,91.39,-6.589,-0,-1.0001,153.4,138.17,154.97,24.99,Cornering,"Hoosier 43075 16x7.5-10 R20, 7 inch rim",9804
78.2,492.32,-2.45,444.55,-206.21,2.015,-32.63,-9.76,-0.04,0.0119,-2.1558,12.09,-99008.98,7.56,91.42,-6.554,-0,-1.0001,153.31,138.28,154.95,24.99,Cornering,"Hoosier 43075 16x7.5-10 R20, 7 inch rim",9805
78.18,492.33,-2.69,442.5,-204.76,2.015,-32.13,-10.39,-0.04,0.0131,-2.161,12.04,-98949.34,7.56,91.43,-6.505,-0,-1.0001,153.23,138.46,154.91,24.97,Cornering,"Hoosier 43075 16x7.5-10 R20, 7 inch rim",9806
78.21,492.34,-3.55,440.93,-204.02,2.011,-31.73,-10.46,0.09,0.0174,-2.1612,11.99,44081.76,7.56,91.42,-6.475,-0,-0.9998,153.38,138.59,154.95,24.96,Cornering,"Hoosier 43075 16x7.5-10 R20, 7 inch rim",9807
78.22,492.35,-4.74,440.12,-203.38,2.018,-32.5,-10.48,-0.11,0.0233,-2.164,11.97,-37705.5,7.56,91.47,-6.425,-0,-1.0002,153.44,138.64,155.03,24.94,Cornering,"Hoosier 43075 16x7.5-10 R20, 7 inch rim",9808
78.19,492.36,-5.88,440.13,-203.69,2.011,-32.82,-10.45,0.03,0.0289,-2.1608,11.99,159032.53,7.56,91.46,-6.379,-0,-1,153.44,138.68,155.15,24.94,Cornering,"Hoosier 43075 16x7.5-10 R20, 7 inch rim",9809
78.2,492.37,-7.36,440.15,-204.56,2.009,-33.15,-10.9,-0.11,0.036,-2.1518,12.06,-37719.63,7.56,91.48,-6.349,-0,-1.0002,153.27,138.61,155.17,24.95,Cornering,"Hoosier 43075 16x7.5-10 R20, 7 inch rim",9810
78.22,492.38,-7.9,440.64,-206.07,2.021,-33.12,-11.4,-0.04,0.0383,-2.1383,12.08,-98940.95,7.56,91.51,-6.304,-0,-1.0001,153.01,138.53,155.05,24.96,Cornering,"Hoosier 43075 16x7.5-10 R20, 7 inch rim",9811
78.2,492.39,-8.3,440.72,-207.83,1.998,-33.73,-12.44,-0.04,0.0399,-2.1206,12.07,-98970.72,7.56,91.51,-6.266,-0,-1.0001,152.73,138.42,154.87,24.97,Cornering,"Hoosier 43075 16x7.5-10 R20, 7 inch rim",9812
78.18,492.4,-7.43,440.58,-209.2,2.015,-33.75,-12.8,-0.04,0.0355,-2.1061,12,-98978.76,7.56,91.5,-6.222,-0,-1.0001,152.54,138.31,154.71,24.97,Cornering,"Hoosier 43075 16x7.5-10 R20, 7 inch rim",9813
78.21,492.41,-5.89,439.05,-209.49,2.008,-34.11,-13.11,0.09,0.0281,-2.0958,11.96,44105.1,7.56,91.53,-6.19,-0,-0.9998,152.39,138.26,154.46,24.96,Cornering,"Hoosier 43075 16x7.5-10 R20, 7 inch rim",9814
78.22,492.42,-4.37,437,-208.15,2.006,-33.94,-13.26,-0.04,0.021,-2.0994,11.93,-98945.38,7.56,91.53,-6.152,-0,-1.0001,152.24,138.26,154.34,24.96,Cornering,"Hoosier 43075 16x7.5-10 R20, 7 inch rim",9815
78.18,492.43,-3.1,434.66,-206.87,2.004,-32.63,-12.94,-0.04,0.015,-2.1011,11.99,-98999.74,7.56,91.53,-6.105,-0,-1.0001,152.16,138.39,154.26,24.97,Cornering,"Hoosier 43075 16x7.5-10 R20, 7 inch rim",9816
78.2,492.44,-2.56,432.45,-205.57,2.008,-31.59,-12.55,-0.04,0.0125,-2.1036,12.06,-99119.71,7.56,91.56,-6.076,-0,-1.0001,152.05,138.53,154.2,25,Cornering,"Hoosier 43075 16x7.5-10 R20, 7 inch rim",9817
78.23,492.45,-2.96,431.15,-203.76,2.012,-31.69,-12.17,-0.04,0.0145,-2.116,12.13,-99218.2,7.56,91.58,-6.039,-0,-1.0001,152.01,138.64,154.18,25.02,Cornering,"Hoosier 43075 16x7.5-10 R20, 7 inch rim",9818
78.2,492.46,-3.74,430.06,-203.36,2.005,-31.49,-11.62,0.09,0.0184,-2.1147,12.13,44222.45,7.56,91.61,-6.001,-0,-0.9998,152.09,138.7,154.16,25.01,Cornering,"Hoosier 43075 16x7.5-10 R20, 7 inch rim",9819
78.18,492.47,-5.17,429.76,-203.63,1.998,-31.82,-11.34,0.03,0.0254,-2.1105,12.09,159559.19,7.57,91.62,-5.963,-0,-1,152.05,138.79,154.2,25.01,Cornering,"Hoosier 43075 16x7.5-10 R20, 7 inch rim",9820
78.21,492.48,-5.79,429.46,-204.49,2.004,-31.93,-10.72,0.03,0.0283,-2.1001,12,159425.14,7.57,91.63,-5.913,-0,-1,151.96,138.81,154.18,24.98,Cornering,"Hoosier 43075 16x7.5-10 R20, 7 inch rim",9821
78.23,492.49,-6.11,429.33,-206.1,2.012,-32.74,-10.36,-0.04,0.0297,-2.0831,11.94,-99133.16,7.56,91.62,-5.865,-0,-1.0001,151.79,138.81,154.04,24.99,Cornering,"Hoosier 43075 16x7.5-10 R20, 7 inch rim",9822
78.19,492.5,-5.97,429.24,-208.1,2.004,-33.51,-10.28,0.09,0.0287,-2.0627,11.93,44214.55,7.57,91.61,-5.837,-0,-0.9998,151.51,138.7,153.84,25,Cornering,"Hoosier 43075 16x7.5-10 R20, 7 inch rim",9823
78.19,492.51,-4.9,429.46,-209.81,1.993,-33.48,-10.52,0.03,0.0233,-2.0469,11.95,159677.94,7.57,91.61,-5.8,-0,-1,151.34,138.64,153.7,25.02,Cornering,"Hoosier 43075 16x7.5-10 R20, 7 inch rim",9824
78.22,492.52,-3.74,428.69,-210.84,2.009,-33.29,-11.13,-0.04,0.0177,-2.0333,12.03,-99312.7,7.56,91.62,-5.755,-0,-1.0001,151.15,138.59,153.47,25.03,Cornering,"Hoosier 43075 16x7.5-10 R20, 7 inch rim",9825
78.2,492.53,-2.15,426.95,-209.86,2.017,-33.17,-11.46,-0.04,0.0103,-2.0344,12.11,-99364.16,7.56,91.61,-5.722,-0,-1.0001,151.04,138.57,153.25,25.04,Cornering,"Hoosier 43075 16x7.5-10 R20, 7 inch rim",9826
78.18,492.54,-0.9,424.43,-207.86,2.011,-32.84,-11.67,-0.04,0.0044,-2.0419,12.11,-99350.14,7.57,91.61,-5.668,-0,-1.0001,150.91,138.64,153.17,25.04,Cornering,"Hoosier 43075 16x7.5-10 R20, 7 inch rim",9827
78.2,492.55,-0.54,422.07,-206.31,2.011,-31.34,-11.95,0.03,0.0026,-2.0458,12.08,159724.06,7.57,91.63,-5.626,-0,-1,150.78,138.77,153.11,25.02,Cornering,"Hoosier 43075 16x7.5-10 R20, 7 inch rim",9828
78.23,492.56,-1.35,420.01,-204.6,2.009,-31.4,-12.4,-0.04,0.0066,-2.0528,11.98,-99245.42,7.57,91.64,-5.605,-0,-1.0001,150.68,138.92,153.03,25.01,Cornering,"Hoosier 43075 16x7.5-10 R20, 7 inch rim",9829
78.2,492.57,-2.69,418.75,-203.59,1.996,-31.73,-12.62,0.03,0.0132,-2.0569,11.92,159592.45,7.57,91.67,-5.563,-0,-1,150.72,139.05,153.05,25,Cornering,"Hoosier 43075 16x7.5-10 R20, 7 inch rim",9830
78.19,492.58,-4.53,418.12,-203.69,2.006,-31.63,-13.08,-0.04,0.0222,-2.0527,11.9,-99169.27,7.57,91.68,-5.506,-0,-1.0001,150.76,139.08,153.07,24.98,Cornering,"Hoosier 43075 16x7.5-10 R20, 7 inch rim",9831
78.22,492.59,-5.5,417.23,-204.96,1.998,-31.68,-12.91,0.09,0.0269,-2.0357,11.95,44199.76,7.57,91.68,-5.477,-0,-0.9998,150.7,139.19,153.07,24.98,Cornering,"Hoosier 43075 16x7.5-10 R20, 7 inch rim",9832
78.21,492.6,-6.29,416.77,-205.66,2.002,-32.8,-12.97,0.03,0.0306,-2.0264,12.03,159478.41,7.57,91.65,-5.43,-0,-1,150.5,139.14,152.97,24.97,Cornering,"Hoosier 43075 16x7.5-10 R20, 7 inch rim",9833
78.18,492.61,-6.55,416.49,-207.59,2.011,-33.28,-13.11,0.03,0.0315,-2.0063,12.12,159487.77,7.57,91.63,-5.393,-0,-1,150.25,139.08,152.83,24.97,Cornering,"Hoosier 43075 16x7.5-10 R20, 7 inch rim",9834
78.2,492.62,-5.97,415.9,-209.18,2.017,-34.1,-13.59,-0.04,0.0285,-1.9883,12.18,-99124.68,7.57,91.61,-5.35,-0,-1.0001,150.05,138.99,152.69,24.97,Cornering,"Hoosier 43075 16x7.5-10 R20, 7 inch rim",9835
78.22,492.63,-5.31,415.2,-210.76,2.002,-33.25,-14.65,-0.04,0.0252,-1.9701,12.16,-99084.81,7.57,91.57,-5.31,-0,-1.0001,149.92,138.97,152.48,24.96,Cornering,"Hoosier 43075 16x7.5-10 R20, 7 inch rim",9836
78.2,492.64,-3.92,413.65,-210.31,1.999,-33.1,-15.06,0.03,0.0186,-1.9669,12.09,159332.38,7.57,91.55,-5.273,-0,-1,149.8,138.97,152.24,24.94,Cornering,"Hoosier 43075 16x7.5-10 R20, 7 inch rim",9837
78.19,492.65,-2.73,411.58,-209.03,2.017,-31.65,-15.31,0.03,0.0131,-1.969,12.01,159344.55,7.57,91.55,-5.223,-0,-1,149.71,139.1,152.1,24.94,Cornering,"Hoosier 43075 16x7.5-10 R20, 7 inch rim",9838
78.21,492.66,-1.97,409.04,-206.64,2.011,-31.44,-15,0.09,0.0095,-1.9795,11.94,44158.3,7.57,91.55,-5.184,-0,-0.9998,149.56,139.12,152,24.94,Cornering,"Hoosier 43075 16x7.5-10 R20, 7 inch rim",9839
78.21,492.67,-2,407.15,-205.34,2.011,-30.7,-14.76,-0.04,0.0098,-1.9828,11.92,-99109.37,7.57,91.55,-5.147,-0,-1.0001,149.45,139.25,151.92,24.96,Cornering,"Hoosier 43075 16x7.5-10 R20, 7 inch rim",9840
78.19,492.68,-3.08,405.57,-204.13,2.004,-30.68,-14.79,-0.04,0.0151,-1.9869,11.97,-99159.63,7.57,91.56,-5.118,-0,-1.0001,149.54,139.41,151.88,24.97,Cornering,"Hoosier 43075 16x7.5-10 R20, 7 inch rim",9841
78.2,492.69,-4.28,404.46,-203.46,2.005,-31.35,-14.51,0.03,0.021,-1.9879,12.06,159711.28,7.58,91.57,-5.082,-0,-1,149.58,139.49,151.86,25,Cornering,"Hoosier 43075 16x7.5-10 R20, 7 inch rim",9842
78.22,492.7,-5.44,403.35,-203.63,2.011,-32.48,-14.32,-0.04,0.0267,-1.9809,12.17,-99332.5,7.57,91.58,-5.038,-0,-1.0001,149.6,139.54,151.9,25.01,Cornering,"Hoosier 43075 16x7.5-10 R20, 7 inch rim",9843
78.2,492.71,-6.04,402.92,-205.23,2.02,-31.89,-14,-0.04,0.0294,-1.9632,12.17,-99245.99,7.57,91.59,-4.999,-0,-1.0001,149.43,139.56,151.84,24.98,Cornering,"Hoosier 43075 16x7.5-10 R20, 7 inch rim",9844
78.18,492.72,-5.91,401.76,-207.29,2.002,-32.6,-13.85,-0.04,0.0285,-1.9382,12.14,-99228.7,7.58,91.58,-4.959,-0,-1.0001,149.24,139.52,151.76,24.98,Cornering,"Hoosier 43075 16x7.5-10 R20, 7 inch rim",9845
78.21,492.73,-5.4,401.66,-209.35,2.006,-32.48,-14.14,0.03,0.0258,-1.9186,12.05,159491.38,7.58,91.57,-4.912,-0,-1,149.04,139.41,151.61,24.96,Cornering,"Hoosier 43075 16x7.5-10 R20, 7 inch rim",9846
78.22,492.74,-4.26,401.39,-210.78,2.008,-32.1,-14.51,-0.04,0.0202,-1.9043,11.96,-99170.94,7.58,91.55,-4.879,-0,-1.0001,148.89,139.36,151.45,24.96,Cornering,"Hoosier 43075 16x7.5-10 R20, 7 inch rim",9847
78.2,492.75,-2.93,400.13,-210.32,2.012,-32.89,-15.03,0.09,0.014,-1.9024,11.92,44242.38,7.58,91.51,-4.833,-0,-0.9998,148.7,139.36,151.25,24.98,Cornering,"Hoosier 43075 16x7.5-10 R20, 7 inch rim",9848
78.2,492.76,-1.54,398.72,-209.23,2.011,-31.62,-15.41,-0.04,0.0074,-1.9056,11.92,-99344.65,7.58,91.47,-4.789,-0,-1.0001,148.59,139.38,151.09,25,Cornering,"Hoosier 43075 16x7.5-10 R20, 7 inch rim",9849
78.22,492.77,-0.61,396.33,-207.08,2.012,-31,-15.26,0.03,0.003,-1.9139,12,159896.67,7.58,91.47,-4.756,-0,-1,148.47,139.38,150.99,25.01,Cornering,"Hoosier 43075 16x7.5-10 R20, 7 inch rim",9850
78.2,492.78,-0.48,393.79,-205.23,2.021,-30.43,-14.83,-0.04,0.0024,-1.9188,12.11,-99354.8,7.58,91.47,-4.714,-0,-1.0001,148.32,139.47,150.87,25,Cornering,"Hoosier 43075 16x7.5-10 R20, 7 inch rim",9851
78.18,492.79,-1.56,391.76,-203.91,2.006,-30.06,-14.87,0.03,0.0076,-1.9212,12.22,159727.3,7.58,91.47,-4.683,-0,-1,148.29,139.6,150.77,24.98,Cornering,"Hoosier 43075 16x7.5-10 R20, 7 inch rim",9852
78.2,492.8,-3.24,389.71,-203.11,2.004,-30.75,-14.9,0.09,0.0159,-1.9187,12.22,44233.87,7.58,91.47,-4.634,-0,-0.9998,148.34,139.71,150.79,24.97,Cornering,"Hoosier 43075 16x7.5-10 R20, 7 inch rim",9853
78.22,492.81,-5.07,388.16,-203.55,2.011,-30.97,-15.36,0.03,0.0249,-1.9069,12.2,159635.98,7.58,91.45,-4.59,-0,-1,148.42,139.78,150.77,24.97,Cornering,"Hoosier 43075 16x7.5-10 R20, 7 inch rim",9854
78.19,492.82,-6.13,387.25,-204.54,2.014,-31.18,-15.47,-0.04,0.03,-1.8932,12.12,-99261.46,7.58,91.41,-4.55,-0,-1.0001,148.36,139.76,150.79,24.97,Cornering,"Hoosier 43075 16x7.5-10 R20, 7 inch rim",9855
78.2,492.83,-6.48,386.85,-206.42,2.005,-30.9,-15.7,0.03,0.0314,-1.874,12.01,159723.91,7.58,91.37,-4.524,-0,-1,148.16,139.74,150.64,24.98,Cornering,"Hoosier 43075 16x7.5-10 R20, 7 inch rim",9856
78.22,492.84,-6.15,386.41,-208.01,2.014,-31.74,-16.03,0.03,0.0296,-1.8576,11.95,159696.33,7.58,91.32,-4.478,-0,-1,148.01,139.67,150.44,24.97,Cornering,"Hoosier 43075 16x7.5-10 R20, 7 inch rim",9857
78.2,492.85,-5.41,386.14,-209.54,2.015,-31.81,-16.7,0.03,0.0258,-1.8428,11.94,159705.7,7.58,91.31,-4.432,-0,-1,147.91,139.56,150.28,24.97,Cornering,"Hoosier 43075 16x7.5-10 R20, 7 inch rim",9858
78.18,492.86,-4.46,384.63,-210.34,2.008,-31.92,-17.65,0.09,0.0212,-1.8286,11.99,44267.6,7.58,91.3,-4.405,-0,-0.9998,147.74,139.52,150.06,24.98,Cornering,"Hoosier 43075 16x7.5-10 R20, 7 inch rim",9859
78.2,492.87,-3.06,382.9,-209.32,2.009,-31.32,-18.03,0.03,0.0146,-1.8292,12.09,159684.5,7.58,91.3,-4.353,-0,-1,147.61,139.47,149.8,24.97,Cornering,"Hoosier 43075 16x7.5-10 R20, 7 inch rim",9860
78.22,492.88,-2.13,380.05,-207.47,2.014,-30.71,-18.17,0.09,0.0103,-1.8318,12.17,44252.52,7.58,91.29,-4.306,-0,-0.9998,147.52,139.52,149.63,24.97,Cornering,"Hoosier 43075 16x7.5-10 R20, 7 inch rim",9861
78.2,492.89,-1.56,377.2,-205.23,2.011,-30.71,-17.58,-0.04,0.0076,-1.838,12.17,-99296.24,7.58,91.25,-4.273,-0,-1.0001,147.37,139.63,149.51,24.97,Cornering,"Hoosier 43075 16x7.5-10 R20, 7 inch rim",9862
78.19,492.9,-2.41,374.69,-204.02,2.006,-29.94,-17.32,0.03,0.0118,-1.8366,12.14,159779.81,7.58,91.27,-4.246,-0,-1,147.26,139.78,149.47,24.98,Cornering,"Hoosier 43075 16x7.5-10 R20, 7 inch rim",9863
78.22,492.91,-2.91,372.8,-203.13,2.011,-29.61,-16.02,0.09,0.0143,-1.8353,12.05,44279.47,7.58,91.25,-4.187,-0,-0.9998,147.24,139.91,149.45,24.98,Cornering,"Hoosier 43075 16x7.5-10 R20, 7 inch rim",9864
78.22,492.92,-4.63,371.28,-203.56,2.001,-29.12,-16,-0.11,0.0227,-1.8239,11.98,-37915.9,7.59,91.23,-4.167,-0,-1.0002,147.31,140.02,149.55,25,Cornering,"Hoosier 43075 16x7.5-10 R20, 7 inch rim",9865
78.18,492.93,-5.92,369.89,-204.32,2.004,-29.64,-15.73,0.03,0.0289,-1.8103,11.95,159989.86,7.59,91.26,-4.117,-0,-1,147.24,140.04,149.55,25.01,Cornering,"Hoosier 43075 16x7.5-10 R20, 7 inch rim",9866
78.2,492.94,-6.32,368.52,-205.74,2.008,-30.31,-15.39,0.09,0.0307,-1.7912,11.98,44346.97,7.59,91.28,-4.076,-0,-0.9998,147.01,140.07,149.53,25.01,Cornering,"Hoosier 43075 16x7.5-10 R20, 7 inch rim",9867
78.22,492.95,-6.35,367.47,-207.46,2.011,-31.22,-15.6,-0.04,0.0306,-1.7712,12.05,-99486.33,7.59,91.29,-4.03,-0,-1.0001,146.83,140,149.39,25.01,Cornering,"Hoosier 43075 16x7.5-10 R20, 7 inch rim",9868
78.2,492.96,-5.85,366.78,-209.54,1.995,-30.88,-16.19,0.09,0.0279,-1.7504,12.11,44309.82,7.59,91.27,-3.998,-0,-0.9998,146.66,139.91,149.23,24.99,Cornering,"Hoosier 43075 16x7.5-10 R20, 7 inch rim",9869
78.18,492.97,-4.71,364.91,-210.12,2.004,-31.68,-17.03,0.09,0.0224,-1.7367,12.11,44311.84,7.59,91.29,-3.958,-0,-0.9998,146.6,139.82,149.07,24.99,Cornering,"Hoosier 43075 16x7.5-10 R20, 7 inch rim",9870
78.22,492.98,-3.38,363.4,-210.51,1.999,-30.17,-17.55,-0.04,0.016,-1.7263,12.05,-99383.49,7.59,91.31,-3.92,-0,-1.0001,146.43,139.82,148.85,24.98,Cornering,"Hoosier 43075 16x7.5-10 R20, 7 inch rim",9871
78.22,492.99,-1.63,360.23,-208.75,2.009,-30.37,-17.07,0.09,0.0078,-1.7257,11.99,44336.36,7.59,91.34,-3.878,-0,-0.9998,146.34,139.89,148.73,25,Cornering,"Hoosier 43075 16x7.5-10 R20, 7 inch rim",9872
78.19,493,-1.33,357.67,-206.03,2.011,-30,-17.14,0.03,0.0065,-1.736,11.97,160115.52,7.59,91.35,-3.834,-0,-1,146.23,139.98,148.56,25.02,Cornering,"Hoosier 43075 16x7.5-10 R20, 7 inch rim",9873
78.19,493.01,-1.83,355.29,-204.2,2.011,-29.92,-16.99,0.03,0.009,-1.7399,12,160307.7,7.59,91.31,-3.795,-0,-1,146.13,140.07,148.5,25.05,Cornering,"Hoosier 43075 16x7.5-10 R20, 7 inch rim",9874
78.22,493.02,-2.83,353.4,-203.3,2.014,-29.44,-16.32,-0.04,0.0139,-1.7383,12.08,-99586.91,7.59,91.28,-3.745,-0,-1.0001,146.11,140.24,148.48,25.03,Cornering,"Hoosier 43075 16x7.5-10 R20, 7 inch rim",9875
78.2,493.03,-4.45,351.37,-203.09,2.014,-29.44,-16.23,0.03,0.0219,-1.7301,12.17,160173.75,7.59,91.24,-3.711,-0,-1,146.17,140.33,148.46,25.03,Cornering,"Hoosier 43075 16x7.5-10 R20, 7 inch rim",9876
78.18,493.04,-5.55,349.52,-203.76,2.017,-29.86,-15.61,0.03,0.0272,-1.7153,12.17,159994.5,7.59,91.2,-3.673,-0,-1,146.19,140.37,148.48,25,Cornering,"Hoosier 43075 16x7.5-10 R20, 7 inch rim",9877
78.21,493.05,-6.23,347.74,-205.73,2.002,-29.35,-15.38,-0.04,0.0303,-1.6902,12.11,-99413.76,7.59,91.18,-3.636,-0,-1.0001,146.13,140.33,148.46,24.98,Cornering,"Hoosier 43075 16x7.5-10 R20, 7 inch rim",9878
78.22,493.06,-6.83,345.76,-207.67,2.005,-30.27,-15.91,0.09,0.0329,-1.665,12.03,44287.69,7.59,91.18,-3.602,-0,-0.9998,145.96,140.26,148.34,24.97,Cornering,"Hoosier 43075 16x7.5-10 R20, 7 inch rim",9879
78.19,493.07,-6.44,344.57,-209.71,2.011,-30.11,-16.11,0.03,0.0307,-1.6431,11.95,159792.03,7.59,91.19,-3.55,-0,-1,145.8,140.22,148.2,24.96,Cornering,"Hoosier 43075 16x7.5-10 R20, 7 inch rim",9880
78.2,493.08,-5.64,342.74,-210.81,2.011,-30.41,-16.86,0.09,0.0268,-1.6258,11.94,44281.24,7.59,91.22,-3.516,-0,-0.9998,145.74,140.09,148.08,24.96,Cornering,"Hoosier 43075 16x7.5-10 R20, 7 inch rim",9881
78.22,493.09,-4.19,340.59,-210.73,1.999,-30.41,-17.18,-0.04,0.0199,-1.6162,11.97,-99314.04,7.59,91.24,-3.48,-0,-1.0001,145.57,140.02,147.94,24.96,Cornering,"Hoosier 43075 16x7.5-10 R20, 7 inch rim",9882
78.2,493.1,-3.07,337.92,-209.53,1.999,-29.8,-17.29,0.03,0.0146,-1.6128,12.05,159772.98,7.59,91.29,-3.436,-0,-1,145.44,140.09,147.71,24.96,Cornering,"Hoosier 43075 16x7.5-10 R20, 7 inch rim",9883
78.18,493.11,-2.27,335.37,-207.5,2.008,-29.26,-17.02,-0.04,0.0109,-1.6163,12.11,-99276.58,7.59,91.3,-3.39,-0,-1.0001,145.25,140.07,147.57,24.94,Cornering,"Hoosier 43075 16x7.5-10 R20, 7 inch rim",9884
78.21,493.12,-2.45,332.22,-205.64,2.008,-28.82,-16.59,-0.04,0.0119,-1.6156,12.13,-99279.02,7.59,91.31,-3.364,-0,-1.0001,145.16,140.13,147.43,24.94,Cornering,"Hoosier 43075 16x7.5-10 R20, 7 inch rim",9885
78.22,493.13,-3.56,330.49,-204.31,2.004,-27.81,-16.18,-0.04,0.0174,-1.6176,12.08,-99236.76,7.59,91.33,-3.322,-0,-1.0001,145.12,140.22,147.39,24.93,Cornering,"Hoosier 43075 16x7.5-10 R20, 7 inch rim",9886
78.19,493.14,-4.93,328.14,-203.87,2.008,-28.08,-15.58,-0.04,0.0242,-1.6095,12,-99310.58,7.6,91.34,-3.272,-0,-1.0001,145.14,140.31,147.35,24.95,Cornering,"Hoosier 43075 16x7.5-10 R20, 7 inch rim",9887
78.19,493.15,-5.97,325.98,-204.55,2.009,-27.94,-14.53,0.03,0.0292,-1.5936,11.9,159802.62,7.6,91.32,-3.238,-0,-1,145.2,140.35,147.33,24.96,Cornering,"Hoosier 43075 16x7.5-10 R20, 7 inch rim",9888
78.22,493.16,-6.84,323.8,-205.25,2.015,-28.9,-14.26,0.03,0.0333,-1.5776,11.88,159918.33,7.59,91.36,-3.208,-0,-1,145.16,140.26,147.35,24.97,Cornering,"Hoosier 43075 16x7.5-10 R20, 7 inch rim",9889
78.21,493.17,-7.11,321.56,-207.53,2.002,-29.19,-14.04,-0.04,0.0343,-1.5494,11.92,-99459.66,7.6,91.36,-3.154,-0,-1.0001,145.1,140.18,147.29,24.98,Cornering,"Hoosier 43075 16x7.5-10 R20, 7 inch rim",9890
78.18,493.18,-6.93,318.96,-209.75,2.008,-30.21,-14.18,0.09,0.033,-1.5207,11.99,44359.35,7.6,91.37,-3.119,-0,-0.9998,144.93,140.07,147.17,25,Cornering,"Hoosier 43075 16x7.5-10 R20, 7 inch rim",9891
78.21,493.19,-6.26,316.99,-211.49,2.011,-30.08,-14.83,0.03,0.0296,-1.4989,12.08,160084.75,7.6,91.38,-3.08,-0,-1,144.88,139.96,147.03,25,Cornering,"Hoosier 43075 16x7.5-10 R20, 7 inch rim",9892
78.22,493.2,-5.17,314.99,-211.51,2.004,-29.73,-15.53,0.09,0.0245,-1.4893,12.12,44341.78,7.6,91.37,-3.04,-0,-0.9998,144.73,139.87,146.87,24.98,Cornering,"Hoosier 43075 16x7.5-10 R20, 7 inch rim",9893
78.2,493.21,-3.52,312.02,-210.5,2.005,-29.41,-15.42,0.03,0.0167,-1.4823,12.14,159947.92,7.6,91.35,-2.995,-0,-1,144.58,139.93,146.7,24.97,Cornering,"Hoosier 43075 16x7.5-10 R20, 7 inch rim",9894
78.19,493.22,-2.34,309.49,-208.37,2.008,-28.14,-15.09,0.03,0.0112,-1.4852,12.04,159915.91,7.6,91.35,-2.956,-0,-1,144.41,139.96,146.56,24.97,Cornering,"Hoosier 43075 16x7.5-10 R20, 7 inch rim",9895
78.21,493.23,-2.06,306.8,-206.21,2.004,-27.55,-14.56,0.09,0.01,-1.4878,11.95,44304.8,7.6,91.38,-2.927,-0,-0.9998,144.24,139.96,146.42,24.96,Cornering,"Hoosier 43075 16x7.5-10 R20, 7 inch rim",9896
78.21,493.24,-3.31,304.43,-204.6,2.005,-26.85,-14.58,0.09,0.0162,-1.4879,11.9,44306.54,7.6,91.37,-2.879,-0,-0.9998,144.13,140,146.3,24.96,Cornering,"Hoosier 43075 16x7.5-10 R20, 7 inch rim",9897
78.18,493.25,-4.83,301.71,-203.2,2.02,-27.79,-14.07,0.03,0.0238,-1.4848,11.92,160043.5,7.6,91.38,-2.83,-0,-1,144.05,140.04,146.26,24.98,Cornering,"Hoosier 43075 16x7.5-10 R20, 7 inch rim",9898
78.2,493.26,-5.96,298.79,-203.94,2.015,-27.5,-13.05,-0.04,0.0292,-1.4651,11.99,-99488.83,7.6,91.42,-2.8,-0,-1.0001,144.07,140.07,146.26,24.98,Cornering,"Hoosier 43075 16x7.5-10 R20, 7 inch rim",9899
78.23,493.27,-7.2,296.07,-205.46,1.995,-27.4,-12.64,0.03,0.035,-1.441,12.07,159978.44,7.6,91.49,-2.755,-0,-1,144.07,139.98,146.26,24.97,Cornering,"Hoosier 43075 16x7.5-10 R20, 7 inch rim",9900
78.2,493.28,-7.78,292.97,-207.16,2.012,-28.68,-12.25,-0.04,0.0375,-1.4142,12.12,-99380.14,7.6,91.51,-2.711,-0,-1.0001,144,139.89,146.26,24.96,Cornering,"Hoosier 43075 16x7.5-10 R20, 7 inch rim",9901
78.19,493.29,-7.94,290.24,-209.47,2.012,-29.1,-12.27,-0.04,0.0379,-1.3856,12.11,-99359.28,7.6,91.53,-2.681,-0,-1.0001,143.87,139.8,146.14,24.95,Cornering,"Hoosier 43075 16x7.5-10 R20, 7 inch rim",9902
78.21,493.3,-8.03,288.14,-211.54,2.006,-28.7,-13.13,-0.04,0.0379,-1.3621,12.04,-99338.91,7.6,91.54,-2.644,-0,-1.0001,143.9,139.69,146.06,24.94,Cornering,"Hoosier 43075 16x7.5-10 R20, 7 inch rim",9903
78.22,493.31,-6.48,285.71,-212.85,2.002,-27.73,-13.08,0.03,0.0304,-1.3423,11.97,159809.7,7.6,91.57,-2.612,-0,-1,143.83,139.6,145.88,24.94,Cornering,"Hoosier 43075 16x7.5-10 R20, 7 inch rim",9904
78.19,493.32,-5.26,283.05,-211.93,2.005,-27.53,-13.49,0.03,0.0248,-1.3356,11.95,159962.97,7.61,91.54,-2.571,-0,-1,143.75,139.6,145.69,24.97,Cornering,"Hoosier 43075 16x7.5-10 R20, 7 inch rim",9905
78.2,493.33,-3.86,280.06,-210.36,2.011,-26.62,-13.2,0.09,0.0183,-1.3314,11.99,44369.89,7.6,91.51,-2.518,-0,-0.9998,143.55,139.74,145.53,24.99,Cornering,"Hoosier 43075 16x7.5-10 R20, 7 inch rim",9906
78.22,493.34,-3.22,277.37,-207.94,2.002,-26.44,-12.83,0.09,0.0155,-1.3339,12.06,44360.47,7.61,91.47,-2.489,-0,-0.9998,143.4,139.78,145.37,24.98,Cornering,"Hoosier 43075 16x7.5-10 R20, 7 inch rim",9907
78.21,493.35,-3.29,274.7,-206.79,2.002,-25.37,-11.85,0.03,0.0159,-1.3284,12.11,160088.83,7.61,91.42,-2.439,-0,-1,143.32,139.87,145.27,24.98,Cornering,"Hoosier 43075 16x7.5-10 R20, 7 inch rim",9908
78.19,493.36,-4.68,271.68,-205.2,2.011,-26.37,-11.45,0.03,0.0228,-1.324,12.14,160054.72,7.61,91.41,-2.41,-0,-1,143.23,140,145.19,24.98,Cornering,"Hoosier 43075 16x7.5-10 R20, 7 inch rim",9909
78.21,493.37,-5.84,268.71,-205.02,2.017,-26.64,-10.28,-0.04,0.0285,-1.3107,12.09,-99543.61,7.61,91.39,-2.349,-0,-1.0001,143.21,140.09,145.11,24.99,Cornering,"Hoosier 43075 16x7.5-10 R20, 7 inch rim",9910
