AmbientRoomTemperature,ElapsedTime,LongitudinalForce,LateralForce,NormalForce,InclinationAngle,OverturningMoment,AligningTorque,WheelRotationalSpeed,NormalizedLongitudinalForce(FX/FZ),NormalizedLateralForce(FY/FZ),TirePressure,EffectiveRadius,LoadedRadius,RoadSurfaceTemperature,SlipAngle,SlipRatioTextbook,SlipRatioBasedOnRL,TireSurfaceTemperature-Center,TireSurfaceTemperature-Inboard,TireSurfaceTemperature-Outboard,RoadSpeed,testid,tireid,Index
78.4,751.974,-13.26,17.02,-263.28,3.988,-26.57,42.33,0.09,0.0504,-0.0646,11.95,44410.96,7.58,91.61,0.469,-0,-0.9998,116.54,115.06,120.27,25,Cornering,"Hoosier 43075 16x7.5-10 R20, 7 inch rim",18696
78.42,751.984,-12.4,10.85,-264.1,3.996,-25.82,42.57,-0.04,0.0469,-0.0411,12.03,-99600.68,7.58,91.63,0.504,-0,-1.0001,116.52,115.06,120.27,24.99,Cornering,"Hoosier 43075 16x7.5-10 R20, 7 inch rim",18697
78.4,751.994,-10.93,4.84,-262.35,3.993,-26.25,42.81,-0.04,0.0416,-0.0184,12.14,-99576.39,7.59,91.66,0.552,-0,-1.0001,116.56,115.13,120.27,24.98,Cornering,"Hoosier 43075 16x7.5-10 R20, 7 inch rim",18698
78.39,752.004,-10.23,-0.69,-260.62,3.985,-24.87,42.62,0.09,0.0393,0.0027,12.17,44399.31,7.59,91.68,0.592,-0,-0.9998,116.52,115.19,120.23,24.99,Cornering,"Hoosier 43075 16x7.5-10 R20, 7 inch rim",18699
78.41,752.014,-10.61,-6.2,-257.23,3.991,-25.48,42.07,0.03,0.0413,0.0241,12.15,160333.02,7.59,91.68,0.64,-0,-1,116.54,115.22,120.15,25.01,Cornering,"Hoosier 43075 16x7.5-10 R20, 7 inch rim",18700
78.41,752.024,-11.58,-11.16,-255.04,3.994,-25.24,41.95,0.03,0.0454,0.0437,12.06,160330.97,7.59,91.69,0.684,-0,-1,116.54,115.17,120.09,25.01,Cornering,"Hoosier 43075 16x7.5-10 R20, 7 inch rim",18701
78.38,752.034,-13.05,-16.28,-254.86,3.985,-23.76,42.09,0.09,0.0512,0.0639,11.97,44397.81,7.59,91.69,0.711,-0,-0.9998,116.54,115.3,120.09,24.99,Cornering,"Hoosier 43075 16x7.5-10 R20, 7 inch rim",18702
78.4,752.044,-14.2,-21.59,-254.64,4.003,-23.23,43.12,0.03,0.0558,0.0848,11.92,160104.81,7.59,91.66,0.75,-0,-1,116.56,115.37,120.13,24.97,Cornering,"Hoosier 43075 16x7.5-10 R20, 7 inch rim",18703
78.43,752.054,-14.94,-27.6,-255.39,3.993,-23.02,44.34,0.03,0.0585,0.1081,11.92,159991.27,7.59,91.68,0.79,-0,-1,116.63,115.35,120.17,24.96,Cornering,"Hoosier 43075 16x7.5-10 R20, 7 inch rim",18704
78.4,752.064,-15.06,-33.85,-257.54,4.003,-22.46,45.88,0.09,0.0585,0.1314,11.97,44303.37,7.59,91.65,0.836,-0,-0.9998,116.6,115.35,120.17,24.94,Cornering,"Hoosier 43075 16x7.5-10 R20, 7 inch rim",18705
78.38,752.074,-14.73,-39.96,-259.1,3.991,-23.26,47.23,-0.04,0.0568,0.1542,12.06,-99405.34,7.59,91.66,0.864,-0,-1.0001,116.54,115.35,120.21,24.94,Cornering,"Hoosier 43075 16x7.5-10 R20, 7 inch rim",18706
78.41,752.084,-13.67,-46.17,-261.67,3.994,-22.69,48.61,-0.04,0.0522,0.1765,12.14,-99426.87,7.59,91.65,0.909,-0,-1.0001,116.56,115.37,120.23,24.95,Cornering,"Hoosier 43075 16x7.5-10 R20, 7 inch rim",18707
78.41,752.094,-12.57,-52.07,-261.89,3.997,-23.29,49.29,-0.04,0.048,0.1988,12.14,-99425.45,7.59,91.68,0.947,-0,-1.0001,116.56,115.35,120.23,24.95,Cornering,"Hoosier 43075 16x7.5-10 R20, 7 inch rim",18708
78.39,752.104,-10.99,-57.4,-261,3.993,-22.88,49.75,0.03,0.0421,0.2199,12.09,159942.77,7.59,91.69,0.989,-0,-1,116.58,115.41,120.15,24.95,Cornering,"Hoosier 43075 16x7.5-10 R20, 7 inch rim",18709
78.4,752.114,-9.87,-61.9,-258.69,3.997,-22.42,49.79,0.03,0.0382,0.2393,11.98,159940.8,7.59,91.7,1.02,-0,-1,116.56,115.41,120.19,24.95,Cornering,"Hoosier 43075 16x7.5-10 R20, 7 inch rim",18710
78.44,752.124,-9.09,-65.99,-255.35,3.998,-22.36,50.16,0.09,0.0356,0.2584,11.91,44351.22,7.59,91.73,1.055,-0,-0.9998,116.52,115.5,120.11,24.97,Cornering,"Hoosier 43075 16x7.5-10 R20, 7 inch rim",18711
78.41,752.134,-8.48,-70.17,-253.08,3.988,-22.04,51.26,0.09,0.0335,0.2772,11.88,44370.98,7.6,91.76,1.101,-0,-0.9998,116.52,115.52,120.07,24.98,Cornering,"Hoosier 43075 16x7.5-10 R20, 7 inch rim",18712
78.39,752.144,-8.51,-73.83,-251.74,3.998,-21.26,52.81,0.09,0.0338,0.2933,11.91,44380.65,7.6,91.74,1.134,-0,-0.9998,116.54,115.57,120.09,24.98,Cornering,"Hoosier 43075 16x7.5-10 R20, 7 inch rim",18713
78.42,752.154,-9.21,-78.18,-251.57,3.991,-20.28,54.13,0.09,0.0366,0.3108,11.99,44380.12,7.6,91.75,1.161,-0,-0.9998,116.52,115.59,120.13,24.98,Cornering,"Hoosier 43075 16x7.5-10 R20, 7 inch rim",18714
78.43,752.164,-9.96,-83.42,-252.35,3.991,-19.76,55.38,0.16,0.0395,0.3306,12.06,25734.85,7.6,91.76,1.191,-0,-0.9997,116.5,115.57,120.17,24.96,Cornering,"Hoosier 43075 16x7.5-10 R20, 7 inch rim",18715
78.4,752.174,-11.46,-88.94,-253.8,4.006,-19.76,55.38,0.16,0.0452,0.3505,12.06,25752.02,7.6,91.78,1.255,-0,-0.9997,116.52,115.5,120.19,24.98,Cornering,"Hoosier 43075 16x7.5-10 R20, 7 inch rim",18716
78.4,752.184,-11.58,-94.24,-255.77,3.991,-19.38,56.19,0.03,0.0453,0.3685,12.04,160182.27,7.6,91.82,1.287,-0,-1,116.45,115.44,120.23,24.99,Cornering,"Hoosier 43075 16x7.5-10 R20, 7 inch rim",18717
78.44,752.194,-11.29,-100.21,-257.51,3.998,-19.98,56.57,0.09,0.0439,0.3891,11.96,44407.65,7.6,91.83,1.324,-0,-0.9998,116.5,115.41,120.19,25,Cornering,"Hoosier 43075 16x7.5-10 R20, 7 inch rim",18718
78.43,752.204,-10.41,-105.6,-258.13,3.988,-20.37,56.62,0.03,0.0403,0.4091,11.88,160287.2,7.6,91.87,1.37,-0,-1,116.5,115.37,120.21,25.01,Cornering,"Hoosier 43075 16x7.5-10 R20, 7 inch rim",18719
78.4,752.214,-9.47,-110.48,-257.22,4,-20.33,56.04,0.03,0.0368,0.4295,11.88,160171.88,7.6,91.92,1.417,-0,-1,116.58,115.37,120.23,24.99,Cornering,"Hoosier 43075 16x7.5-10 R20, 7 inch rim",18720
78.43,752.224,-8.44,-114.69,-254.47,3.994,-20.3,55.4,0.23,0.0332,0.4507,11.9,18126.25,7.6,91.99,1.444,-0,-0.9996,116.54,115.37,120.19,24.96,Cornering,"Hoosier 43075 16x7.5-10 R20, 7 inch rim",18721
78.45,752.234,-7.88,-118.89,-251.77,3.991,-19.67,54.67,0.09,0.0313,0.4722,11.98,44321.54,7.6,92.02,1.489,-0,-0.9998,116.56,115.3,120.17,24.96,Cornering,"Hoosier 43075 16x7.5-10 R20, 7 inch rim",18722
78.42,752.244,-7.97,-122.14,-249.26,3.993,-18.51,54.31,0.03,0.032,0.49,12.07,160014.12,7.6,92.06,1.524,-0,-1,116.48,115.37,120.13,24.97,Cornering,"Hoosier 43075 16x7.5-10 R20, 7 inch rim",18723
78.42,752.254,-8.77,-125.48,-247.85,3.988,-17.23,54.48,0.09,0.0354,0.5063,12.1,44401.79,7.6,92.06,1.575,-0,-0.9998,116.5,115.33,120.13,25,Cornering,"Hoosier 43075 16x7.5-10 R20, 7 inch rim",18724
78.45,752.264,-9.8,-130.04,-247.16,3.993,-17.38,55.07,0.03,0.0396,0.5261,12.07,160415.39,7.6,92.07,1.606,-0,-1,116.5,115.37,120.15,25.03,Cornering,"Hoosier 43075 16x7.5-10 R20, 7 inch rim",18725
78.44,752.274,-11.19,-135.02,-247.12,3.994,-17.27,55.54,0.09,0.0453,0.5464,12,44441.09,7.6,92.09,1.648,-0,-0.9998,116.5,115.48,120.13,25.03,Cornering,"Hoosier 43075 16x7.5-10 R20, 7 inch rim",18726
78.42,752.284,-12.32,-141.12,-248.95,3.993,-16.88,55.85,0.16,0.0495,0.5669,11.93,25782.05,7.6,92.09,1.679,-0,-0.9997,116.5,115.44,120.11,25.01,Cornering,"Hoosier 43075 16x7.5-10 R20, 7 inch rim",18727
78.44,752.294,-12.16,-147.08,-250.88,4.001,-17.52,57.14,0.03,0.0485,0.5863,11.93,160255.78,7.6,92.04,1.722,-0,-1,116.48,115.44,120.11,25.01,Cornering,"Hoosier 43075 16x7.5-10 R20, 7 inch rim",18728
78.46,752.304,-11.63,-153.02,-252.67,3.988,-17.64,57.91,0.03,0.046,0.6056,12,160029.12,7.6,92.02,1.761,-0,-1,116.45,115.52,120.13,24.97,Cornering,"Hoosier 43075 16x7.5-10 R20, 7 inch rim",18729
78.44,752.314,-10.28,-158.37,-253.98,3.985,-17.63,58.71,0.09,0.0405,0.6236,12.07,44313.39,7.61,92,1.802,-0,-0.9998,116.48,115.55,120.11,24.96,Cornering,"Hoosier 43075 16x7.5-10 R20, 7 inch rim",18730
78.43,752.324,-8.85,-163.36,-253.71,3.99,-17.12,58.72,0.09,0.0349,0.6439,12.17,44312,7.6,92.01,1.851,-0,-0.9998,116.45,115.66,120.07,24.96,Cornering,"Hoosier 43075 16x7.5-10 R20, 7 inch rim",18731
78.46,752.334,-7.94,-167.55,-251.17,3.985,-17.19,57.85,0.16,0.0316,0.6671,12.21,25706.86,7.61,92.02,1.895,-0,-0.9997,116.5,115.7,120.07,24.94,Cornering,"Hoosier 43075 16x7.5-10 R20, 7 inch rim",18732
78.46,752.344,-7.03,-170.57,-247.81,3.997,-16.97,57.56,0.09,0.0284,0.6883,12.18,44288.94,7.6,92.05,1.935,-0,-0.9998,116.41,115.79,120.11,24.94,Cornering,"Hoosier 43075 16x7.5-10 R20, 7 inch rim",18733
78.44,752.354,-6.28,-173.32,-245.57,3.99,-15.02,57.66,0.09,0.0256,0.7058,12.11,44277.18,7.61,92.04,1.984,-0,-0.9998,116.41,115.79,120.11,24.94,Cornering,"Hoosier 43075 16x7.5-10 R20, 7 inch rim",18734
78.44,752.364,-7.26,-176.52,-244.08,3.99,-14.11,57.18,0.09,0.0297,0.7232,12.02,44255.58,7.61,92.08,2.017,-0,-0.9998,116.43,115.9,120.13,24.93,Cornering,"Hoosier 43075 16x7.5-10 R20, 7 inch rim",18735
78.48,752.374,-8.44,-180.48,-242.94,3.988,-14.41,57.57,0.09,0.0348,0.7429,11.96,44254.2,7.61,92.09,2.061,-0,-0.9998,116.45,115.96,120.17,24.93,Cornering,"Hoosier 43075 16x7.5-10 R20, 7 inch rim",18736
78.45,752.384,-10.25,-185.26,-243.79,3.997,-13.83,57.79,0.09,0.042,0.7599,11.98,44272.9,7.6,92.12,2.12,-0,-0.9998,116.48,116.01,120.19,24.94,Cornering,"Hoosier 43075 16x7.5-10 R20, 7 inch rim",18737
78.43,752.394,-11.76,-191.26,-244.88,4.001,-14.31,58.03,0.03,0.048,0.781,12.06,159874.08,7.6,92.12,2.16,-0,-1,116.48,116.05,120.19,24.96,Cornering,"Hoosier 43075 16x7.5-10 R20, 7 inch rim",18738
78.47,752.404,-12.18,-197.22,-246.25,3.979,-15.33,58.56,0.03,0.0495,0.8009,12.13,159943.72,7.61,92.08,2.199,-0,-1,116.48,116.03,120.19,24.97,Cornering,"Hoosier 43075 16x7.5-10 R20, 7 inch rim",18739
78.47,752.414,-11.74,-202.74,-247.8,3.991,-15.51,59.07,0.16,0.0474,0.8182,12.14,25736.43,7.61,92.05,2.236,-0,-0.9997,116.48,116.01,120.23,24.98,Cornering,"Hoosier 43075 16x7.5-10 R20, 7 inch rim",18740
78.44,752.424,-10.95,-207.63,-248.86,3.982,-15.01,59.1,0.09,0.044,0.8343,12.1,44370.71,7.61,92.02,2.272,-0,-0.9998,116.5,116.14,120.29,25,Cornering,"Hoosier 43075 16x7.5-10 R20, 7 inch rim",18741
78.45,752.434,-9.56,-212.01,-248.61,4,-14.82,58.96,0.09,0.0385,0.8528,12.03,44389.8,7.6,92.03,2.315,-0,-0.9998,116.58,116.14,120.25,25.01,Cornering,"Hoosier 43075 16x7.5-10 R20, 7 inch rim",18742
78.48,752.444,-8.62,-215.44,-245.88,3.994,-15.24,57.66,0.09,0.0351,0.8762,11.94,44388.48,7.61,92.04,2.352,-0,-0.9998,116.6,116.23,120.21,25.01,Cornering,"Hoosier 43075 16x7.5-10 R20, 7 inch rim",18743
78.47,752.454,-7.91,-218.23,-243.41,3.998,-14.58,56.44,0.09,0.0325,0.8966,11.89,44397.59,7.6,92.03,2.385,-0,-0.9998,116.6,116.29,120.19,25.01,Cornering,"Hoosier 43075 16x7.5-10 R20, 7 inch rim",18744
78.45,752.464,-7.47,-220.37,-241.06,3.984,-13.49,55.93,0.09,0.031,0.9142,11.89,44355.34,7.61,92.06,2.415,-0,-0.9998,116.56,116.32,120.17,24.99,Cornering,"Hoosier 43075 16x7.5-10 R20, 7 inch rim",18745
78.47,752.474,-7.5,-222.32,-239.53,3.981,-12.42,56.16,0.09,0.0313,0.9281,11.97,44333.09,7.61,92.05,2.461,-0,-0.9998,116.58,116.38,120.17,24.98,Cornering,"Hoosier 43075 16x7.5-10 R20, 7 inch rim",18746
78.48,752.484,-8.11,-225.33,-238.98,3.997,-11.91,56.96,0.09,0.0339,0.9429,12.03,44321.47,7.6,92.04,2.497,-0,-0.9998,116.58,116.38,120.27,24.97,Cornering,"Hoosier 43075 16x7.5-10 R20, 7 inch rim",18747
78.46,752.494,-9.28,-229.01,-239.52,3.993,-11.15,57.86,0.09,0.0387,0.9561,12.06,44351.08,7.61,92.02,2.53,-0,-0.9998,116.65,116.38,120.31,24.99,Cornering,"Hoosier 43075 16x7.5-10 R20, 7 inch rim",18748
78.47,752.504,-9.73,-234.25,-240.37,3.99,-11.82,59.66,0.16,0.0405,0.9745,12.04,25753.58,7.61,92,2.557,-0,-0.9997,116.67,116.43,120.39,25,Cornering,"Hoosier 43075 16x7.5-10 R20, 7 inch rim",18749
78.48,752.514,-9.66,-239.93,-242.06,4.001,-12.79,61.24,0.03,0.0399,0.9912,12,160151.19,7.6,91.95,2.6,-0,-1,116.71,116.43,120.43,25.01,Cornering,"Hoosier 43075 16x7.5-10 R20, 7 inch rim",18750
78.47,752.524,-8.94,-244.82,-243.09,3.991,-13.2,62.58,0.03,0.0368,1.0071,11.89,160146.73,7.61,91.91,2.631,-0,-1,116.71,116.43,120.47,25.01,Cornering,"Hoosier 43075 16x7.5-10 R20, 7 inch rim",18751
78.46,752.534,-7.92,-249.39,-244.63,3.996,-12.77,63.43,0.09,0.0324,1.0195,11.84,44314.99,7.6,91.93,2.664,-0,-0.9998,116.73,116.4,120.47,24.97,Cornering,"Hoosier 43075 16x7.5-10 R20, 7 inch rim",18752
78.47,752.544,-6.91,-253.28,-244.3,3.988,-12.3,63.07,0.03,0.0283,1.0368,11.84,159800.72,7.61,91.93,2.714,-0,-1,116.78,116.47,120.51,24.96,Cornering,"Hoosier 43075 16x7.5-10 R20, 7 inch rim",18753
78.5,752.554,-5.67,-256.18,-242.78,3.997,-11.53,62.42,0.09,0.0234,1.0552,11.9,44270.27,7.6,91.92,2.753,-0,-0.9998,116.86,116.56,120.53,24.95,Cornering,"Hoosier 43075 16x7.5-10 R20, 7 inch rim",18754
78.47,752.564,-4.16,-258.69,-239.97,3.998,-11.7,61.8,0.16,0.0173,1.078,12,25688.09,7.6,91.92,2.806,-0,-0.9997,116.93,116.65,120.51,24.94,Cornering,"Hoosier 43075 16x7.5-10 R20, 7 inch rim",18755
78.47,752.574,-4.03,-260.22,-237.3,3.984,-10.52,60.38,0.03,0.017,1.0966,12.04,159780.86,7.61,91.93,2.847,-0,-1,116.9,116.69,120.45,24.96,Cornering,"Hoosier 43075 16x7.5-10 R20, 7 inch rim",18756
78.49,752.584,-4.04,-262.55,-234.95,3.987,-11.05,60.01,0.23,0.0172,1.1175,12.05,18085.74,7.61,91.91,2.888,-0,-0.9996,116.88,116.8,120.49,24.93,Cornering,"Hoosier 43075 16x7.5-10 R20, 7 inch rim",18757
78.48,752.594,-5.63,-264.92,-234.07,3.984,-9.76,59.18,0.23,0.024,1.1318,11.99,18084.93,7.61,91.89,2.933,-0,-0.9996,116.86,116.78,120.43,24.93,Cornering,"Hoosier 43075 16x7.5-10 R20, 7 inch rim",18758
78.47,752.604,-7.4,-268.77,-234.72,3.988,-9.34,58.95,0.03,0.0315,1.1451,11.89,159538.88,7.61,91.88,2.972,-0,-1,116.9,116.82,120.51,24.92,Cornering,"Hoosier 43075 16x7.5-10 R20, 7 inch rim",18759
78.48,752.614,-9.32,-273.69,-235.69,3.991,-9.33,58.59,-0.04,0.0396,1.1612,11.87,-99190.62,7.6,91.87,3.025,-0,-1.0001,116.99,116.76,120.56,24.93,Cornering,"Hoosier 43075 16x7.5-10 R20, 7 inch rim",18760
78.5,752.624,-10.83,-279.13,-236.04,3.998,-10.22,58.25,0.09,0.0459,1.1825,11.87,44226.06,7.6,91.84,3.064,-0,-0.9998,116.99,116.82,120.6,24.93,Cornering,"Hoosier 43075 16x7.5-10 R20, 7 inch rim",18761
78.47,752.634,-10.87,-284.16,-237.46,3.994,-9.79,58.59,0.09,0.0458,1.1967,11.92,44244.86,7.6,91.86,3.102,-0,-0.9998,117.01,116.73,120.66,24.94,Cornering,"Hoosier 43075 16x7.5-10 R20, 7 inch rim",18762
78.47,752.644,-10.55,-288.9,-238.7,3.997,-9.02,58.55,0.09,0.0442,1.2103,12.02,44252.57,7.6,91.87,3.158,-0,-0.9998,117.01,116.8,120.74,24.95,Cornering,"Hoosier 43075 16x7.5-10 R20, 7 inch rim",18763
78.49,752.654,-9.84,-292.9,-239.36,4.01,-7.5,58.02,0.16,0.0411,1.2237,12.12,25684.21,7.6,91.91,3.19,-0,-0.9997,117.08,116.82,120.78,24.95,Cornering,"Hoosier 43075 16x7.5-10 R20, 7 inch rim",18764
78.5,752.664,-8.42,-295.77,-237.64,3.991,-7.12,57.3,0.09,0.0354,1.2446,12.19,44228.86,7.6,91.89,3.225,-0,-0.9998,117.1,116.82,120.84,24.94,Cornering,"Hoosier 43075 16x7.5-10 R20, 7 inch rim",18765
78.46,752.674,-7.56,-298.23,-235.58,3.993,-7.16,55.89,0.09,0.0321,1.266,12.17,44216.2,7.6,91.88,3.276,-0,-0.9998,117.1,116.82,120.88,24.93,Cornering,"Hoosier 43075 16x7.5-10 R20, 7 inch rim",18766
78.48,752.684,-6.87,-299.92,-233.27,3.988,-7.45,54.92,0.03,0.0295,1.2857,12.1,159557.83,7.6,91.86,3.304,-0,-1,117.1,116.84,120.88,24.93,Cornering,"Hoosier 43075 16x7.5-10 R20, 7 inch rim",18767
78.5,752.694,-6.24,-301.64,-230.95,3.993,-8.41,55.02,0.09,0.027,1.3061,12,44233.71,7.6,91.82,3.339,-0,-0.9998,117.05,116.84,120.94,24.94,Cornering,"Hoosier 43075 16x7.5-10 R20, 7 inch rim",18768
78.48,752.704,-7.35,-303.67,-230.57,3.985,-8.29,54.74,0.23,0.0319,1.317,11.95,18080.72,7.6,91.82,3.377,-0,-0.9996,117.01,116.93,121.02,24.94,Cornering,"Hoosier 43075 16x7.5-10 R20, 7 inch rim",18769
78.47,752.714,-8.93,-306.64,-230.57,3.99,-8.63,55.07,-0.04,0.0387,1.3299,11.97,-99171.02,7.59,91.79,3.427,-0,-1.0001,117.05,116.98,121.1,24.93,Cornering,"Hoosier 43075 16x7.5-10 R20, 7 inch rim",18770
78.49,752.724,-10.13,-310.65,-231.05,3.99,-8.46,56.08,0.16,0.0438,1.3445,12.03,25658.68,7.59,91.76,3.46,-0,-0.9997,117.08,117.04,121.16,24.93,Cornering,"Hoosier 43075 16x7.5-10 R20, 7 inch rim",18771
78.5,752.734,-10.95,-314.44,-232.46,3.985,-7.31,57.16,0.09,0.0471,1.3526,12.1,44235.76,7.59,91.74,3.503,-0,-0.9998,117.08,117.02,121.22,24.95,Cornering,"Hoosier 43075 16x7.5-10 R20, 7 inch rim",18772
78.47,752.744,-10.46,-318.84,-234.39,3.996,-6.67,58.94,0.03,0.0446,1.3603,12.14,159777.77,7.59,91.72,3.525,-0,-1,117.08,117.02,121.28,24.97,Cornering,"Hoosier 43075 16x7.5-10 R20, 7 inch rim",18773
78.48,752.754,-9.11,-323.18,-236.66,3.988,-5.32,60.52,0.16,0.0385,1.3656,12.09,25715.08,7.59,91.75,3.569,-0,-0.9997,117.12,116.98,121.32,24.99,Cornering,"Hoosier 43075 16x7.5-10 R20, 7 inch rim",18774
78.5,752.764,-7.62,-327.3,-237.89,3.99,-4.96,61.13,0.03,0.032,1.3758,12.02,159909.16,7.59,91.78,3.615,-0,-1,117.14,117.06,121.46,25,Cornering,"Hoosier 43075 16x7.5-10 R20, 7 inch rim",18775
78.49,752.773,-6.41,-331.67,-237.75,3.994,-6.08,60.56,0.09,0.027,1.3951,11.95,44289.89,7.58,91.84,3.648,-0,-0.9998,117.16,117.06,121.57,24.98,Cornering,"Hoosier 43075 16x7.5-10 R20, 7 inch rim",18776
78.47,752.784,-5.12,-334.57,-236.09,3.988,-7.42,59.63,0.09,0.0217,1.4171,11.91,44308.91,7.58,91.84,3.677,-0,-0.9998,117.18,117.17,121.61,25,Cornering,"Hoosier 43075 16x7.5-10 R20, 7 inch rim",18777
78.5,752.794,-4.22,-336.78,-233.22,3.984,-9.73,58.62,0.09,0.0181,1.4441,11.91,44274.93,7.58,91.87,3.735,-0,-0.9998,117.14,117.17,121.67,24.98,Cornering,"Hoosier 43075 16x7.5-10 R20, 7 inch rim",18778
78.51,752.804,-4.15,-337.53,-231.47,3.991,-9.91,57.96,0.03,0.0179,1.4582,11.96,159695.53,7.58,91.92,3.761,-0,-1,117.1,117.26,121.69,24.97,Cornering,"Hoosier 43075 16x7.5-10 R20, 7 inch rim",18779
78.47,752.814,-4.27,-338.11,-229.61,3.988,-9.85,58.34,0.16,0.0186,1.4725,12.03,25672.23,7.58,91.92,3.797,-0,-0.9997,117.12,117.35,121.67,24.96,Cornering,"Hoosier 43075 16x7.5-10 R20, 7 inch rim",18780
78.48,752.824,-5.34,-338.88,-229.62,3.996,-7.78,58.87,0.09,0.0232,1.4759,12.07,44237.97,7.58,91.95,3.847,-0,-0.9998,117.14,117.46,121.77,24.96,Cornering,"Hoosier 43075 16x7.5-10 R20, 7 inch rim",18781
78.51,752.833,-7.17,-341.57,-230.98,3.993,-5.72,59,0.16,0.031,1.4788,12.05,25675.52,7.58,91.98,3.88,-0,-0.9997,117.29,117.46,121.81,24.96,Cornering,"Hoosier 43075 16x7.5-10 R20, 7 inch rim",18782
78.5,752.844,-8.82,-345.48,-232.7,3.984,-4.42,58.96,0.03,0.0379,1.4847,11.99,159549.78,7.58,92,3.933,-0,-1,117.29,117.46,121.91,24.95,Cornering,"Hoosier 43075 16x7.5-10 R20, 7 inch rim",18783
78.47,752.854,-9.52,-350.63,-235.1,3.99,-3.84,59.19,0.09,0.0405,1.4914,11.92,44200.85,7.57,92.01,3.959,-0,-0.9998,117.36,117.48,121.95,24.94,Cornering,"Hoosier 43075 16x7.5-10 R20, 7 inch rim",18784
78.5,752.864,-9.48,-356.67,-237.84,3.988,-3.85,59.37,0.16,0.0399,1.4996,11.89,25647.36,7.57,91.99,4.01,-0,-0.9997,117.46,117.46,121.99,24.94,Cornering,"Hoosier 43075 16x7.5-10 R20, 7 inch rim",18785
78.51,752.874,-8.88,-361.86,-239.7,4,-4.02,59.1,0.09,0.037,1.5096,11.94,44195.55,7.57,91.97,4.05,-0,-0.9998,117.51,117.46,122.07,24.94,Cornering,"Hoosier 43075 16x7.5-10 R20, 7 inch rim",18786
78.49,752.884,-8.32,-366.19,-239.91,3.993,-4.52,58.03,0.03,0.0347,1.5263,12.02,159516.27,7.57,91.98,4.093,-0,-1,117.61,117.59,122.17,24.95,Cornering,"Hoosier 43075 16x7.5-10 R20, 7 inch rim",18787
78.48,752.893,-7.58,-369.12,-238.02,3.997,-6.31,56.38,0.03,0.0318,1.5508,12.12,159619.47,7.57,91.97,4.13,-0,-1,117.63,117.66,122.21,24.97,Cornering,"Hoosier 43075 16x7.5-10 R20, 7 inch rim",18788
78.5,752.904,-5.97,-370.21,-235.6,3.996,-7.23,55.94,0.03,0.0253,1.5714,12.19,159721.05,7.57,91.96,4.175,-0,-1,117.72,117.77,122.29,24.98,Cornering,"Hoosier 43075 16x7.5-10 R20, 7 inch rim",18789
78.5,752.914,-5.1,-369.79,-232.2,3.987,-8.2,55.48,-0.04,0.022,1.5926,12.17,-99327.07,7.57,91.89,4.212,-0,-1.0001,117.7,117.81,122.33,25,Cornering,"Hoosier 43075 16x7.5-10 R20, 7 inch rim",18790
78.47,752.924,-5.19,-369.45,-230.35,3.996,-7.24,55.5,0.09,0.0225,1.6039,12.13,44276.5,7.56,91.86,4.242,-0,-0.9998,117.74,117.9,122.43,25,Cornering,"Hoosier 43075 16x7.5-10 R20, 7 inch rim",18791
78.5,752.934,-6.45,-369.46,-229.7,3.987,-5.63,55.59,0.16,0.0281,1.6085,12.04,25697.42,7.57,91.83,4.285,-0,-0.9997,117.74,117.97,122.56,25,Cornering,"Hoosier 43075 16x7.5-10 R20, 7 inch rim",18792
78.53,752.944,-7.6,-371.4,-230.83,3.99,-3.48,56.42,0.16,0.0329,1.609,12.02,25707.74,7.56,91.84,4.329,-0,-0.9997,117.87,118.06,122.62,25.01,Cornering,"Hoosier 43075 16x7.5-10 R20, 7 inch rim",18793
78.49,752.953,-9.23,-375.47,-232.81,3.991,-2.32,56.61,0.09,0.0396,1.6128,12.02,44268.51,7.56,91.83,4.371,-0,-0.9998,117.93,118.03,122.74,25,Cornering,"Hoosier 43075 16x7.5-10 R20, 7 inch rim",18794
78.47,752.964,-9.16,-380.88,-236.02,4,-1.23,57.86,0.16,0.0388,1.6137,12.09,25698.86,7.56,91.85,4.41,-0,-0.9997,118,118.08,122.82,25,Cornering,"Hoosier 43075 16x7.5-10 R20, 7 inch rim",18795
78.5,752.974,-8.98,-386.64,-238.51,4.004,-1.46,58.52,0.09,0.0376,1.621,12.17,44242.63,7.55,91.89,4.455,-0,-0.9998,118.04,118.14,122.92,24.98,Cornering,"Hoosier 43075 16x7.5-10 R20, 7 inch rim",18796
78.5,752.984,-8.46,-392.83,-240.86,3.981,-2.04,58.4,0.03,0.0351,1.6309,12.2,159758.66,7.56,91.91,4.501,-0,-1,118.11,118.17,123.04,25,Cornering,"Hoosier 43075 16x7.5-10 R20, 7 inch rim",18797
78.48,752.994,-7.35,-397.35,-240.92,3.985,-3.33,57.81,0.09,0.0305,1.6493,12.17,44268.89,7.55,91.93,4.526,-0,-0.9998,118.21,118.28,123.16,25,Cornering,"Hoosier 43075 16x7.5-10 R20, 7 inch rim",18798
78.49,753.004,-6.64,-400.11,-239.41,3.994,-4.74,56.29,0.09,0.0278,1.6713,12.08,44265.06,7.55,91.92,4.584,-0,-0.9998,118.23,118.39,123.22,25,Cornering,"Hoosier 43075 16x7.5-10 R20, 7 inch rim",18799
78.51,753.013,-5.13,-400.93,-236.28,3.991,-6.69,55.51,0.09,0.0217,1.6968,11.99,44262.89,7.55,91.92,4.617,-0,-0.9998,118.32,118.47,123.32,25,Cornering,"Hoosier 43075 16x7.5-10 R20, 7 inch rim",18800
78.49,753.023,-4.42,-399.74,-233.09,3.994,-6.92,54.95,0.03,0.019,1.7149,11.96,159607.14,7.55,91.93,4.672,-0,-1,118.32,118.52,123.36,24.98,Cornering,"Hoosier 43075 16x7.5-10 R20, 7 inch rim",18801
78.48,753.034,-4.74,-398,-230.91,3.994,-5.46,54.36,0.09,0.0205,1.7236,11.95,44195.69,7.55,91.95,4.702,-0,-0.9998,118.34,118.54,123.46,24.97,Cornering,"Hoosier 43075 16x7.5-10 R20, 7 inch rim",18802
78.5,753.044,-5.78,-397.14,-229.6,3.998,-3.38,54.45,0.09,0.0252,1.7297,12.02,44182.04,7.55,91.94,4.752,-0,-0.9998,118.41,118.65,123.57,24.96,Cornering,"Hoosier 43075 16x7.5-10 R20, 7 inch rim",18803
78.51,753.054,-7.46,-398.52,-231.33,3.979,0.01,54.64,0.09,0.0323,1.7227,12.08,44169.83,7.55,91.96,4.78,-0,-0.9998,118.51,118.69,123.67,24.96,Cornering,"Hoosier 43075 16x7.5-10 R20, 7 inch rim",18804
78.48,753.064,-8.94,-401.93,-231.96,3.996,0.4,55.04,0.09,0.0385,1.7327,12.11,44176.65,7.54,91.94,4.831,-0,-0.9998,118.64,118.74,123.73,24.96,Cornering,"Hoosier 43075 16x7.5-10 R20, 7 inch rim",18805
78.48,753.073,-9.8,-407.52,-234.55,3.99,0.4,55.4,0.09,0.0418,1.7374,12.1,44194.79,7.54,91.93,4.865,-0,-0.9998,118.77,118.72,123.81,24.97,Cornering,"Hoosier 43075 16x7.5-10 R20, 7 inch rim",18806
78.51,753.083,-9.86,-414.18,-237.62,3.994,-0.4,55.89,0.16,0.0415,1.743,12.05,25649.84,7.54,91.95,4.906,-0,-0.9997,118.75,118.72,123.83,24.97,Cornering,"Hoosier 43075 16x7.5-10 R20, 7 inch rim",18807
78.49,753.094,-9.13,-420.88,-240.02,3.997,-1.72,56.13,0.09,0.038,1.7535,11.97,44199.03,7.54,91.98,4.951,-0,-0.9998,118.86,118.76,123.89,24.98,Cornering,"Hoosier 43075 16x7.5-10 R20, 7 inch rim",18808
78.48,753.104,-7.96,-425.62,-241.35,3.996,-2.08,55.95,0.09,0.033,1.7635,11.95,44207.06,7.54,91.98,4.982,-0,-0.9998,118.9,118.8,123.91,24.98,Cornering,"Hoosier 43075 16x7.5-10 R20, 7 inch rim",18809
78.5,753.114,-6.88,-428.65,-240.38,3.998,-3.78,54.8,0.16,0.0286,1.7832,11.97,25662.87,7.53,91.99,5.024,-0,-0.9997,118.94,118.87,123.97,24.99,Cornering,"Hoosier 43075 16x7.5-10 R20, 7 inch rim",18810
78.51,753.124,-5.59,-428.49,-237.59,3.988,-4.25,53.72,0.16,0.0235,1.8035,12.05,25667.33,7.54,92.01,5.06,-0,-0.9997,118.99,118.89,124.05,25,Cornering,"Hoosier 43075 16x7.5-10 R20, 7 inch rim",18811
78.49,753.134,-4.63,-426.54,-234.29,3.997,-4.12,53.03,0.09,0.0198,1.8205,12.15,44229.48,7.53,92.03,5.098,-0,-0.9998,119.07,118.94,124.15,25,Cornering,"Hoosier 43075 16x7.5-10 R20, 7 inch rim",18812
78.48,753.143,-4.4,-423.91,-231.5,4,-2.68,52.88,-0.04,0.019,1.8311,12.24,-99212.58,7.53,92.05,5.128,-0,-1.0001,119.07,119,124.21,25,Cornering,"Hoosier 43075 16x7.5-10 R20, 7 inch rim",18813
78.51,753.154,-5.17,-422.12,-229.92,3.997,-0.64,53,0.03,0.0225,1.8359,12.25,159551.42,7.53,92.09,5.183,-0,-1,119.16,119.11,124.35,25,Cornering,"Hoosier 43075 16x7.5-10 R20, 7 inch rim",18814
78.5,753.164,-6.64,-423.15,-230.35,3.988,1.41,53.47,0.03,0.0288,1.837,12.19,159506.78,7.53,92.13,5.211,-0,-1,119.2,119.2,124.54,24.99,Cornering,"Hoosier 43075 16x7.5-10 R20, 7 inch rim",18815
78.48,753.174,-7.75,-426.91,-232.41,3.99,2.38,54.51,0.23,0.0334,1.8368,12.12,18062.33,7.53,92.16,5.26,-0,-0.9996,119.35,119.22,124.7,24.98,Cornering,"Hoosier 43075 16x7.5-10 R20, 7 inch rim",18816
78.5,753.184,-8.62,-432.98,-234.97,3.99,1.5,55.2,0.09,0.0367,1.8427,12.05,44163.39,7.53,92.18,5.299,-0,-0.9998,119.41,119.31,124.84,24.97,Cornering,"Hoosier 43075 16x7.5-10 R20, 7 inch rim",18817
78.51,753.194,-8.74,-440.24,-238.54,3.998,0.77,55.9,0.16,0.0366,1.8455,12.02,25649.58,7.52,92.23,5.335,-0,-0.9997,119.54,119.35,124.92,24.99,Cornering,"Hoosier 43075 16x7.5-10 R20, 7 inch rim",18818
78.48,753.203,-8.53,-447.7,-241.2,3.998,-1.29,55.92,0.16,0.0354,1.8562,12.07,25647.62,7.52,92.21,5.379,-0,-0.9997,119.61,119.46,125.06,24.99,Cornering,"Hoosier 43075 16x7.5-10 R20, 7 inch rim",18819
78.48,753.214,-7.34,-452.28,-242.49,3.996,-1.49,55.94,0.03,0.0303,1.8651,12.13,159452.16,7.52,92.22,5.412,-0,-1,119.63,119.49,125.16,24.99,Cornering,"Hoosier 43075 16x7.5-10 R20, 7 inch rim",18820
78.51,753.224,-6.09,-454.65,-241.68,3.985,-2.13,55.07,0.16,0.0252,1.8812,12.18,25649.79,7.52,92.18,5.463,-0,-0.9997,119.69,119.49,125.22,25,Cornering,"Hoosier 43075 16x7.5-10 R20, 7 inch rim",18821
78.5,753.234,-5.32,-453.87,-239.37,3.993,-2.1,53.51,0.09,0.0222,1.8961,12.16,44219.98,7.52,92.17,5.496,-0,-0.9998,119.69,119.6,125.3,25.01,Cornering,"Hoosier 43075 16x7.5-10 R20, 7 inch rim",18822
78.48,753.244,-4.63,-450.99,-235.59,3.991,-2.11,52.29,0.09,0.0196,1.9143,12.09,44195.45,7.52,92.19,5.548,-0,-0.9998,119.69,119.66,125.36,25,Cornering,"Hoosier 43075 16x7.5-10 R20, 7 inch rim",18823
78.5,753.254,-4.22,-447.92,-232.19,3.987,-1.28,51.62,0.09,0.0182,1.9291,12.03,44193.07,7.52,92.2,5.578,-0,-0.9998,119.69,119.73,125.51,25,Cornering,"Hoosier 43075 16x7.5-10 R20, 7 inch rim",18824
78.51,753.263,-5.05,-445.68,-230.72,3.994,0.89,51.35,0.16,0.0219,1.9317,11.95,25631.04,7.52,92.22,5.614,-0,-0.9997,119.72,119.75,125.65,24.98,Cornering,"Hoosier 43075 16x7.5-10 R20, 7 inch rim",18825
78.49,753.273,-6.06,-446.42,-230.95,3.99,2.52,51.95,0.09,0.0263,1.933,11.95,44135.24,7.52,92.16,5.661,-0,-0.9998,119.72,119.88,125.81,24.97,Cornering,"Hoosier 43075 16x7.5-10 R20, 7 inch rim",18826
78.48,753.284,-7.94,-450,-233.27,3.988,4.11,51.96,0.09,0.034,1.9291,12.02,44121.54,7.52,92.14,5.704,-0,-0.9998,119.84,119.93,125.97,24.97,Cornering,"Hoosier 43075 16x7.5-10 R20, 7 inch rim",18827
78.51,753.294,-9.24,-455.93,-235.67,3.994,3.34,52.15,0.09,0.0392,1.9346,12.08,44108.63,7.51,92.1,5.737,-0,-0.9998,119.97,120.04,126.03,24.96,Cornering,"Hoosier 43075 16x7.5-10 R20, 7 inch rim",18828
78.51,753.304,-9.46,-463.35,-238.71,3.984,1.65,52.76,0.23,0.0396,1.9411,12.17,18029.09,7.51,92.08,5.776,-0,-0.9996,120.1,120.08,126.11,24.96,Cornering,"Hoosier 43075 16x7.5-10 R20, 7 inch rim",18829
78.48,753.314,-9.13,-470.02,-241.85,3.996,0.93,53.06,0.09,0.0378,1.9435,12.17,44070.66,7.51,92.08,5.826,-0,-0.9998,120.12,120.15,126.21,24.94,Cornering,"Hoosier 43075 16x7.5-10 R20, 7 inch rim",18830
78.5,753.323,-8.13,-475.09,-242.94,3.996,-0.3,53.04,0.23,0.0334,1.9556,12.13,18013.88,7.51,92.09,5.854,-0,-0.9996,120.27,120.26,126.31,24.94,Cornering,"Hoosier 43075 16x7.5-10 R20, 7 inch rim",18831
78.51,753.333,-7.03,-477.43,-242.35,3.975,-0.7,52.3,0.09,0.029,1.97,12.06,44044.02,7.51,92.08,5.9,-0,-0.9998,120.36,120.34,126.4,24.93,Cornering,"Hoosier 43075 16x7.5-10 R20, 7 inch rim",18832
78.5,753.344,-6.13,-475.75,-239.69,3.988,-0.69,50.89,0.09,0.0256,1.9849,11.97,44040.43,7.5,92.09,5.943,-0,-0.9998,120.47,120.48,126.48,24.93,Cornering,"Hoosier 43075 16x7.5-10 R20, 7 inch rim",18833
78.47,753.354,-5.07,-472.54,-236.39,3.993,-0.67,50.08,0.03,0.0214,1.999,11.97,158847.66,7.5,92.07,5.966,-0,-1,120.51,120.52,126.54,24.92,Cornering,"Hoosier 43075 16x7.5-10 R20, 7 inch rim",18834
78.5,753.364,-4.43,-468.32,-233.81,3.991,1.51,49.88,0.09,0.019,2.003,12.02,44023.43,7.5,92.1,6.023,-0,-0.9998,120.49,120.5,126.66,24.93,Cornering,"Hoosier 43075 16x7.5-10 R20, 7 inch rim",18835
78.5,753.374,-5.14,-466.12,-231.8,3.997,2.61,49.52,0.16,0.0222,2.0108,12.11,25573.98,7.5,92.11,6.061,-0,-0.9997,120.55,120.61,126.8,24.95,Cornering,"Hoosier 43075 16x7.5-10 R20, 7 inch rim",18836
78.49,753.383,-6.33,-466.41,-231.93,3.994,4.19,49.76,0.09,0.0273,2.011,12.22,44078.61,7.5,92.08,6.096,-0,-0.9998,120.62,120.65,126.96,24.96,Cornering,"Hoosier 43075 16x7.5-10 R20, 7 inch rim",18837
78.49,753.393,-7.85,-469.78,-232.74,3.996,4.31,50.19,0.16,0.0337,2.0185,12.25,25617.79,7.5,92.05,6.135,-0,-0.9997,120.7,120.78,127.12,25,Cornering,"Hoosier 43075 16x7.5-10 R20, 7 inch rim",18838
78.52,753.404,-8.86,-475.93,-236.25,3.991,4.86,50.73,0.03,0.0375,2.0145,12.25,159261.91,7.5,92.03,6.179,-0,-1,120.85,120.83,127.28,25,Cornering,"Hoosier 43075 16x7.5-10 R20, 7 inch rim",18839
78.5,753.414,-9.06,-483.1,-238.53,3.987,2.69,51.57,0.09,0.038,2.0253,12.19,44109.6,7.5,92.01,6.211,-0,-0.9998,120.92,120.85,127.43,24.98,Cornering,"Hoosier 43075 16x7.5-10 R20, 7 inch rim",18840
78.48,753.424,-8.76,-490.22,-241.75,3.991,1.84,51.93,0.09,0.0362,2.0278,12.11,44075,7.5,92.01,6.255,-0,-0.9998,121.02,120.89,127.57,24.97,Cornering,"Hoosier 43075 16x7.5-10 R20, 7 inch rim",18841
78.5,753.434,-7.6,-495.73,-243.51,3.997,0.98,52.39,0.09,0.0312,2.0357,12.06,44041.14,7.49,92.04,6.291,-0,-0.9998,121.15,120.94,127.67,24.95,Cornering,"Hoosier 43075 16x7.5-10 R20, 7 inch rim",18842
78.51,753.443,-6.36,-497.25,-243.46,3.984,1.55,51.84,0.03,0.0261,2.0425,12.06,158881.78,7.49,92.07,6.33,-0,-1,121.28,120.98,127.79,24.94,Cornering,"Hoosier 43075 16x7.5-10 R20, 7 inch rim",18843
78.49,753.453,-5.67,-496.14,-241.51,3.993,1.27,50.17,0.09,0.0235,2.0543,12.1,44053.69,7.49,92.07,6.38,-0,-0.9998,121.41,121.14,127.87,24.96,Cornering,"Hoosier 43075 16x7.5-10 R20, 7 inch rim",18844
78.48,753.464,-4.74,-491.98,-238.33,3.99,1.96,49.09,0.09,0.0199,2.0643,12.17,44081.55,7.49,92.07,6.411,-0,-0.9998,121.5,121.2,127.95,24.98,Cornering,"Hoosier 43075 16x7.5-10 R20, 7 inch rim",18845
78.51,753.474,-4.16,-488.44,-235.4,4,2.43,48.51,0.16,0.0177,2.0749,12.21,25589.47,7.49,92.05,6.454,-0,-0.9997,121.54,121.27,128.03,24.98,Cornering,"Hoosier 43075 16x7.5-10 R20, 7 inch rim",18846
78.5,753.484,-4.34,-485.42,-233.49,3.991,3.97,48.31,0.09,0.0186,2.079,12.18,44094.59,7.49,92.01,6.493,-0,-0.9998,121.6,121.31,128.15,24.99,Cornering,"Hoosier 43075 16x7.5-10 R20, 7 inch rim",18847
78.48,753.494,-5.53,-485.33,-232.55,3.996,4.89,48.27,0.03,0.0238,2.087,12.14,159034.5,7.49,91.99,6.54,-0,-1,121.67,121.4,128.29,24.98,Cornering,"Hoosier 43075 16x7.5-10 R20, 7 inch rim",18848
78.5,753.503,-7.23,-488.84,-233.62,3.993,5.2,48.64,0.16,0.031,2.0924,12.03,25558.95,7.49,91.97,6.582,-0,-0.9997,121.84,121.51,128.42,24.96,Cornering,"Hoosier 43075 16x7.5-10 R20, 7 inch rim",18849
78.52,753.513,-8.66,-494.45,-235.99,3.997,4.78,48.9,0.09,0.0367,2.0952,11.99,44011.12,7.48,91.96,6.622,-0,-0.9998,122.05,121.6,128.56,24.95,Cornering,"Hoosier 43075 16x7.5-10 R20, 7 inch rim",18850
78.49,753.523,-9.26,-501.43,-238.88,3.991,3.29,49.43,0.03,0.0388,2.0991,11.97,158811.69,7.48,91.93,6.655,-0,-1,122.2,121.64,128.72,24.95,Cornering,"Hoosier 43075 16x7.5-10 R20, 7 inch rim",18851
78.49,753.534,-9.13,-507.94,-241.5,3.984,2.52,49.92,0.16,0.0378,2.1033,12.03,25546.66,7.48,91.92,6.699,-0,-0.9997,122.38,121.71,128.84,24.96,Cornering,"Hoosier 43075 16x7.5-10 R20, 7 inch rim",18852
78.51,753.544,-8.69,-513.12,-243.35,3.985,2.13,49.78,0.16,0.0357,2.1085,12.08,25544.7,7.48,91.94,6.735,-0,-0.9997,122.46,121.78,128.96,24.96,Cornering,"Hoosier 43075 16x7.5-10 R20, 7 inch rim",18853
78.5,753.554,-7.66,-514.75,-244.49,3.99,3.1,49.03,0.16,0.0314,2.1054,12.13,25548.35,7.48,91.94,6.776,-0,-0.9997,122.59,121.91,129.1,24.96,Cornering,"Hoosier 43075 16x7.5-10 R20, 7 inch rim",18854
78.48,753.563,-6.24,-512.65,-243,3.981,3.28,48.05,0.03,0.0257,2.1097,12.15,158906.02,7.48,91.93,6.811,-0,-1,122.61,122,129.16,24.97,Cornering,"Hoosier 43075 16x7.5-10 R20, 7 inch rim",18855
78.49,753.573,-5.09,-508.02,-240.27,3.991,2.94,46.66,0.16,0.0212,2.1144,12.09,25572.91,7.48,91.96,6.868,-0,-0.9997,122.63,122.17,129.18,24.99,Cornering,"Hoosier 43075 16x7.5-10 R20, 7 inch rim",18856
78.52,753.583,-4.28,-503.05,-237.72,3.996,3.31,45.87,0.16,0.018,2.1162,12.03,25576.92,7.48,92,6.902,-0,-0.9997,122.7,122.3,129.31,25,Cornering,"Hoosier 43075 16x7.5-10 R20, 7 inch rim",18857
78.49,753.594,-4.27,-499.43,-235.69,3.99,4.26,45.39,0.03,0.0181,2.1189,11.96,158936.41,7.48,92.05,6.935,-0,-1,122.76,122.35,129.41,24.98,Cornering,"Hoosier 43075 16x7.5-10 R20, 7 inch rim",18858
78.48,753.604,-4.69,-499.14,-235.36,4,6.2,46.08,0.16,0.0199,2.1208,11.95,25542.98,7.47,92.04,6.978,-0,-0.9997,122.78,122.46,129.51,24.97,Cornering,"Hoosier 43075 16x7.5-10 R20, 7 inch rim",18859
78.51,753.614,-6.27,-502.4,-235.44,3.994,5.94,46.36,0.16,0.0266,2.1338,12,25540.61,7.47,92.06,7.02,-0,-0.9997,122.89,122.63,129.69,24.97,Cornering,"Hoosier 43075 16x7.5-10 R20, 7 inch rim",18860
78.51,753.623,-7.73,-508.33,-237.54,3.994,6.24,47.02,0.03,0.0325,2.14,12.07,158966.52,7.47,92.12,7.059,-0,-1,123.06,122.77,129.83,25,Cornering,"Hoosier 43075 16x7.5-10 R20, 7 inch rim",18861
78.47,753.633,-8.86,-514.53,-240.23,3.991,6.15,47.35,0.16,0.0369,2.1418,12.13,25583.6,7.47,92.14,7.097,-0,-0.9997,123.26,122.85,129.95,25.01,Cornering,"Hoosier 43075 16x7.5-10 R20, 7 inch rim",18862
78.5,753.643,-8.55,-521.88,-242.32,3.991,4.05,48.21,0.09,0.0353,2.1537,12.14,44084.26,7.47,92.16,7.134,-0,-0.9998,123.38,122.88,130.17,25.02,Cornering,"Hoosier 43075 16x7.5-10 R20, 7 inch rim",18863
78.52,753.654,-7.9,-527.05,-244.24,3.991,3.26,48.62,0.09,0.0323,2.1579,12.11,44029.03,7.47,92.16,7.176,-0,-0.9998,123.53,122.94,130.3,24.99,Cornering,"Hoosier 43075 16x7.5-10 R20, 7 inch rim",18864
78.49,753.664,-6.82,-529.17,-245.14,3.993,3.2,48.29,0.16,0.0278,2.1586,12.05,25505.05,7.47,92.17,7.225,-0,-0.9997,123.64,123.1,130.46,24.94,Cornering,"Hoosier 43075 16x7.5-10 R20, 7 inch rim",18865
78.47,753.674,-6.04,-526.82,-245.45,4,4.75,46.61,0.09,0.0246,2.1463,11.99,43939.68,7.46,92.17,7.252,-0,-0.9998,123.81,123.25,130.6,24.94,Cornering,"Hoosier 43075 16x7.5-10 R20, 7 inch rim",18866
78.51,753.683,-4.87,-521.33,-243.61,3.997,4.77,45.04,0.16,0.02,2.14,11.96,25500.83,7.46,92.17,7.296,-0,-0.9997,123.88,123.4,130.64,24.94,Cornering,"Hoosier 43075 16x7.5-10 R20, 7 inch rim",18867
78.51,753.693,-4.12,-515.2,-242.06,4.001,5.71,43.8,0.03,0.017,2.1284,12,158714.33,7.46,92.19,7.346,-0,-1,123.94,123.47,130.7,24.97,Cornering,"Hoosier 43075 16x7.5-10 R20, 7 inch rim",18868
78.48,753.703,-3.6,-510.82,-239.72,3.988,5.85,43.5,0.09,0.015,2.1309,12.08,44029.16,7.46,92.22,7.375,-0,-0.9998,123.96,123.58,130.76,25,Cornering,"Hoosier 43075 16x7.5-10 R20, 7 inch rim",18869
78.49,753.714,-4.18,-509.65,-238.32,3.984,6.54,43.67,0.09,0.0176,2.1385,12.19,44024.72,7.47,92.27,7.418,-0,-0.9998,124.13,123.71,130.9,25,Cornering,"Hoosier 43075 16x7.5-10 R20, 7 inch rim",18870
78.52,753.724,-5.26,-512.76,-238.32,3.985,6.97,44.29,0.03,0.0221,2.1516,12.25,158895.19,7.46,92.33,7.454,-0,-1,124.26,123.84,131,25.01,Cornering,"Hoosier 43075 16x7.5-10 R20, 7 inch rim",18871
78.49,753.734,-6.85,-518.65,-239.24,4.003,6.36,45.09,0.16,0.0286,2.1679,12.25,25542.2,7.46,92.34,7.495,-0,-0.9997,124.48,124.04,131.12,25,Cornering,"Hoosier 43075 16x7.5-10 R20, 7 inch rim",18872
78.48,753.744,-8.19,-525.72,-240.69,4.003,5.47,45.5,0.09,0.034,2.1842,12.19,43971.32,7.46,92.34,7.538,-0,-0.9998,124.74,124.15,131.27,24.98,Cornering,"Hoosier 43075 16x7.5-10 R20, 7 inch rim",18873
78.5,753.753,-8.88,-532.57,-242.93,3.991,4.19,45.67,0.09,0.0365,2.1923,12.11,43916.68,7.46,92.31,7.573,-0,-0.9998,124.95,124.24,131.43,24.95,Cornering,"Hoosier 43075 16x7.5-10 R20, 7 inch rim",18874
78.52,753.763,-8.32,-537.54,-245.42,3.991,4.33,46.07,0.03,0.0339,2.1902,12.06,158462.73,7.46,92.27,7.623,-0,-1,125.08,124.31,131.55,24.95,Cornering,"Hoosier 43075 16x7.5-10 R20, 7 inch rim",18875
78.49,753.773,-7.56,-538.99,-246.82,3.987,4.81,45.42,0.16,0.0306,2.1837,12.05,25497.17,7.46,92.24,7.65,-0,-0.9997,125.19,124.37,131.73,24.96,Cornering,"Hoosier 43075 16x7.5-10 R20, 7 inch rim",18876
78.49,753.784,-5.9,-536.9,-247.99,3.997,5.92,44.98,0.16,0.0238,2.165,12.11,25494.15,7.45,92.25,7.699,-0,-0.9997,125.25,124.55,131.81,24.96,Cornering,"Hoosier 43075 16x7.5-10 R20, 7 inch rim",18877
78.52,753.794,-5.04,-531.02,-247.26,3.99,6.91,43.11,0.09,0.0204,2.1476,12.17,43920.88,7.46,92.27,7.724,-0,-0.9998,125.38,124.66,131.89,24.96,Cornering,"Hoosier 43075 16x7.5-10 R20, 7 inch rim",18878
78.5,753.804,-4.3,-524.45,-245.14,3.985,7.12,41.52,0.16,0.0175,2.1394,12.23,25489.12,7.45,92.3,7.779,-0,-0.9997,125.51,124.75,131.89,24.96,Cornering,"Hoosier 43075 16x7.5-10 R20, 7 inch rim",18879
78.47,753.813,-3.8,-520.25,-242.86,3.987,6.45,41.08,0.09,0.0157,2.1422,12.22,43911.1,7.46,92.3,7.815,-0,-0.9998,125.64,124.81,132.01,24.96,Cornering,"Hoosier 43075 16x7.5-10 R20, 7 inch rim",18880
78.5,753.823,-3.33,-518.95,-241.29,3.988,6.62,42.02,0.23,0.0138,2.1507,12.19,17948.22,7.46,92.31,7.846,-0,-0.9996,125.66,124.86,132.13,24.96,Cornering,"Hoosier 43075 16x7.5-10 R20, 7 inch rim",18881
78.52,753.833,-4.56,-521.91,-241.21,3.991,7.62,42.51,0.09,0.0189,2.1637,12.13,43914.08,7.45,92.29,7.88,-0,-0.9998,125.83,125.08,132.28,24.97,Cornering,"Hoosier 43075 16x7.5-10 R20, 7 inch rim",18882
78.49,753.844,-5.77,-527.82,-241.35,3.991,7.12,43.65,0.03,0.0239,2.1869,12.06,158376.2,7.45,92.3,7.938,-0,-1,126.04,125.19,132.44,24.96,Cornering,"Hoosier 43075 16x7.5-10 R20, 7 inch rim",18883
78.48,753.854,-7.46,-534.77,-242.14,3.988,6.5,43.86,0.16,0.0308,2.2085,11.99,25470.33,7.45,92.31,7.981,-0,-0.9997,126.26,125.34,132.6,24.96,Cornering,"Hoosier 43075 16x7.5-10 R20, 7 inch rim",18884
78.5,753.864,-8.12,-541.39,-243.53,3.996,5.56,44.33,0.16,0.0333,2.2231,12.02,25479.57,7.45,92.32,8.021,-0,-0.9997,126.43,125.36,132.78,24.97,Cornering,"Hoosier 43075 16x7.5-10 R20, 7 inch rim",18885
78.5,753.873,-7.53,-546.4,-245.31,3.991,5.39,44.93,0.16,0.0307,2.2274,12.08,25488.51,7.45,92.38,8.065,-0,-0.9997,126.6,125.41,132.92,24.98,Cornering,"Hoosier 43075 16x7.5-10 R20, 7 inch rim",18886
78.48,753.883,-6.83,-548.62,-246.88,3.99,6.4,44.5,0.16,0.0277,2.2222,12.13,25486.64,7.45,92.39,8.094,-0,-0.9997,126.75,125.54,133.06,24.98,Cornering,"Hoosier 43075 16x7.5-10 R20, 7 inch rim",18887
78.5,753.893,-6.03,-546.7,-247.79,4,7.63,43.06,0.09,0.0243,2.2063,12.15,43905.2,7.45,92.41,8.142,-0,-0.9998,126.88,125.65,133.19,24.98,Cornering,"Hoosier 43075 16x7.5-10 R20, 7 inch rim",18888
78.51,753.904,-4.74,-541.43,-247.39,3.997,7.82,41.71,0.09,0.0191,2.1885,12.12,43870.25,7.45,92.43,8.181,-0,-0.9998,127.03,125.8,133.25,24.96,Cornering,"Hoosier 43075 16x7.5-10 R20, 7 inch rim",18889
78.5,753.914,-4.02,-534.96,-246.02,3.988,7.73,39.88,0.16,0.0163,2.1745,12.08,25443.04,7.45,92.45,8.217,-0,-0.9997,127.2,125.87,133.33,24.94,Cornering,"Hoosier 43075 16x7.5-10 R20, 7 inch rim",18890
78.48,753.924,-3.6,-529.16,-244.71,4,7.79,39.02,0.03,0.0147,2.1624,12,158207.14,7.45,92.5,8.263,-0,-1,127.37,125.96,133.45,24.95,Cornering,"Hoosier 43075 16x7.5-10 R20, 7 inch rim",18891
78.5,753.933,-3.66,-527.06,-243.06,3.982,7.3,39.01,0.09,0.015,2.1684,11.92,43857.11,7.45,92.52,8.296,-0,-0.9998,127.44,126,133.57,24.96,Cornering,"Hoosier 43075 16x7.5-10 R20, 7 inch rim",18892
78.5,753.943,-4.5,-528.34,-242.86,3.996,7.83,39.52,0.03,0.0185,2.1755,11.95,158394.22,7.44,92.56,8.343,-0,-1,127.5,126.18,133.71,24.98,Cornering,"Hoosier 43075 16x7.5-10 R20, 7 inch rim",18893
78.48,753.953,-6.01,-532.88,-242.48,3.996,7.19,40.28,0.09,0.0248,2.1976,12,43928.43,7.44,92.58,8.383,-0,-0.9998,127.63,126.38,133.89,25.01,Cornering,"Hoosier 43075 16x7.5-10 R20, 7 inch rim",18894
78.49,753.964,-7.21,-538.88,-243.46,3.994,7.15,41.1,0.16,0.0296,2.2134,12.1,25488.29,7.44,92.62,8.423,-0,-0.9997,127.85,126.51,134.05,25,Cornering,"Hoosier 43075 16x7.5-10 R20, 7 inch rim",18895
78.52,753.974,-8.13,-544.23,-244.88,3.991,7.36,41.37,0.09,0.0332,2.2224,12.15,43888.65,7.44,92.66,8.462,-0,-0.9998,128.02,126.6,134.28,24.99,Cornering,"Hoosier 43075 16x7.5-10 R20, 7 inch rim",18896
78.5,753.984,-8.36,-549.77,-246,3.994,6.54,41.71,0.09,0.034,2.2348,12.15,43833.37,7.44,92.71,8.499,-0,-0.9998,128.17,126.62,134.42,24.96,Cornering,"Hoosier 43075 16x7.5-10 R20, 7 inch rim",18897
78.47,753.993,-7.64,-553.21,-247.75,3.988,7.4,41.57,0.09,0.0309,2.233,12.1,43830.15,7.44,92.75,8.526,-0,-0.9998,128.34,126.73,134.54,24.96,Cornering,"Hoosier 43075 16x7.5-10 R20, 7 inch rim",18898
78.51,754.003,-6.25,-553.19,-248.29,3.996,8.03,41.43,0.16,0.0252,2.228,12.01,25430.61,7.44,92.8,8.575,-0,-0.9997,128.47,126.95,134.62,24.96,Cornering,"Hoosier 43075 16x7.5-10 R20, 7 inch rim",18899
78.51,754.013,-4.9,-550.4,-247.86,3.985,7.31,40.32,0.09,0.0198,2.2206,11.94,43809.91,7.44,92.83,8.611,-0,-0.9998,128.62,127.17,134.7,24.96,Cornering,"Hoosier 43075 16x7.5-10 R20, 7 inch rim",18900
78.49,754.023,-3.84,-544.49,-247.72,3.987,7.72,39.02,-0.04,0.0155,2.198,11.91,-98286.02,7.44,92.84,8.659,-0,-1.0001,128.75,127.32,134.72,24.96,Cornering,"Hoosier 43075 16x7.5-10 R20, 7 inch rim",18901
78.48,754.034,-3.04,-538.79,-246.87,3.985,7.79,38.2,0.09,0.0123,2.1825,11.94,43799.41,7.44,92.85,8.698,-0,-0.9998,128.88,127.41,134.76,24.96,Cornering,"Hoosier 43075 16x7.5-10 R20, 7 inch rim",18902
78.52,754.044,-3.04,-535.48,-245.31,3.991,7.02,37.77,0.09,0.0124,2.1829,12.01,43774.22,7.44,92.83,8.738,-0,-0.9998,128.98,127.5,134.86,24.94,Cornering,"Hoosier 43075 16x7.5-10 R20, 7 inch rim",18903
78.5,754.053,-3.43,-535.37,-244.65,3.996,7.57,38.34,0.09,0.014,2.1883,12.08,43800.38,7.44,92.81,8.774,-0,-0.9998,129.16,127.65,134.94,24.96,Cornering,"Hoosier 43075 16x7.5-10 R20, 7 inch rim",18904
78.47,754.063,-4.61,-538.84,-244.17,4.001,7.52,39.27,0.16,0.0189,2.2068,12.1,25431.46,7.44,92.82,8.815,-0,-0.9997,129.24,127.89,135.13,24.97,Cornering,"Hoosier 43075 16x7.5-10 R20, 7 inch rim",18905
78.5,754.073,-6.03,-543.96,-244.15,3.993,7.91,39.81,0.09,0.0247,2.228,12.06,43830.02,7.44,92.82,8.864,-0,-0.9998,129.5,128.05,135.31,24.98,Cornering,"Hoosier 43075 16x7.5-10 R20, 7 inch rim",18906
78.51,754.083,-7.05,-549.34,-244.71,3.979,8,40.32,0.16,0.0288,2.2449,12,25425.64,7.44,92.79,8.897,-0,-0.9997,129.69,128.09,135.45,24.97,Cornering,"Hoosier 43075 16x7.5-10 R20, 7 inch rim",18907
78.49,754.094,-7.52,-554.9,-245.63,3.987,7.4,40.53,0.09,0.0306,2.2591,11.92,43770.16,7.44,92.8,8.937,-0,-0.9998,129.88,128.07,135.63,24.96,Cornering,"Hoosier 43075 16x7.5-10 R20, 7 inch rim",18908
78.48,754.104,-7.28,-558.64,-247.89,3.988,8.67,40.33,0.16,0.0294,2.2536,11.92,25407.86,7.44,92.8,8.98,-0,-0.9997,130.01,128.18,135.79,24.96,Cornering,"Hoosier 43075 16x7.5-10 R20, 7 inch rim",18909
78.51,754.113,-6,-559.69,-248.7,3.996,8.25,40.24,0.09,0.0241,2.2505,11.95,43750.9,7.43,92.82,9.01,-0,-0.9998,130.19,128.25,135.93,24.95,Cornering,"Hoosier 43075 16x7.5-10 R20, 7 inch rim",18910
78.5,754.123,-4.94,-556.67,-249.65,3.997,8.84,39.11,0.09,0.0198,2.2298,12.04,43764.59,7.43,92.84,9.063,-0,-0.9998,130.29,128.36,135.97,24.96,Cornering,"Hoosier 43075 16x7.5-10 R20, 7 inch rim",18911
78.47,754.133,-3.95,-550.27,-249.67,3.984,8.28,37.62,0.23,0.0158,2.204,12.11,17904.59,7.44,92.83,9.097,-0,-0.9996,130.42,128.58,136.03,24.98,Cornering,"Hoosier 43075 16x7.5-10 R20, 7 inch rim",18912
78.5,754.143,-3.45,-542.7,-248.9,3.979,7.39,36.06,0.09,0.0139,2.1804,12.16,43784.95,7.44,92.83,9.143,-0,-0.9998,130.59,128.64,136.03,24.98,Cornering,"Hoosier 43075 16x7.5-10 R20, 7 inch rim",18913
78.52,754.154,-3.13,-536.85,-248.21,3.991,7.27,35.47,0.03,0.0126,2.1629,12.16,157957.44,7.43,92.8,9.17,-0,-1,130.74,128.75,136.14,24.97,Cornering,"Hoosier 43075 16x7.5-10 R20, 7 inch rim",18914
78.5,754.164,-3.52,-534.27,-247.22,3.988,7.24,35.56,0.16,0.0142,2.1611,12.1,25401.82,7.43,92.76,9.223,-0,-0.9997,130.87,128.84,136.24,24.97,Cornering,"Hoosier 43075 16x7.5-10 R20, 7 inch rim",18915
78.48,754.173,-4.3,-535.71,-246.86,4.001,8.33,36.5,0.09,0.0174,2.1701,12.04,43790.65,7.43,92.73,9.258,-0,-0.9998,131.04,129.1,136.36,24.99,Cornering,"Hoosier 43075 16x7.5-10 R20, 7 inch rim",18916
78.51,754.183,-5.59,-540.7,-246.12,3.982,8.21,37.45,0.16,0.0227,2.1969,12.01,25425.21,7.43,92.71,9.305,-0,-0.9997,131.24,129.3,136.54,25,Cornering,"Hoosier 43075 16x7.5-10 R20, 7 inch rim",18917
78.51,754.193,-6.94,-546.58,-246.67,3.988,8.76,37.85,0.09,0.0281,2.2159,12.02,43800.25,7.43,92.68,9.341,-0,-0.9998,131.45,129.37,136.72,25,Cornering,"Hoosier 43075 16x7.5-10 R20, 7 inch rim",18918
78.47,754.203,-7.49,-553.19,-247.8,3.984,9.29,38.32,0.03,0.0302,2.2324,12.1,158041.62,7.43,92.65,9.384,-0,-1,131.64,129.28,136.96,25,Cornering,"Hoosier 43075 16x7.5-10 R20, 7 inch rim",18919
78.5,754.214,-7.23,-559.24,-248.34,3.996,8.56,38.51,0.09,0.0291,2.2519,12.18,43778.35,7.43,92.67,9.431,-0,-0.9998,131.77,129.17,137.13,25,Cornering,"Hoosier 43075 16x7.5-10 R20, 7 inch rim",18920
78.52,754.224,-6.42,-562.45,-249.09,3.99,8.17,38.1,0.23,0.0258,2.2581,12.22,17877.85,7.43,92.66,9.448,-0,-0.9996,131.88,129.3,137.35,24.97,Cornering,"Hoosier 43075 16x7.5-10 R20, 7 inch rim",18921
78.49,754.233,-4.75,-561.46,-249.88,3.987,7.82,37.61,0.09,0.019,2.2469,12.2,43687.01,7.43,92.66,9.508,-0,-0.9998,131.99,129.41,137.45,24.95,Cornering,"Hoosier 43075 16x7.5-10 R20, 7 inch rim",18922
78.49,754.243,-3.72,-555.99,-250.51,3.996,7.6,36.14,0.03,0.0148,2.2195,12.16,157526.25,7.43,92.66,9.544,-0,-1,132.12,129.55,137.55,24.93,Cornering,"Hoosier 43075 16x7.5-10 R20, 7 inch rim",18923
78.51,754.253,-3.2,-547.28,-250.39,3.988,6.98,34.45,0.03,0.0128,2.1858,12.08,157432.52,7.43,92.63,9.587,-0,-1,132.22,129.77,137.61,24.92,Cornering,"Hoosier 43075 16x7.5-10 R20, 7 inch rim",18924
78.52,754.263,-2.34,-538.42,-250.37,3.99,7.12,34.42,0.23,0.0093,2.1505,12.06,17844.08,7.43,92.65,9.613,-0,-0.9996,132.44,129.88,137.65,24.93,Cornering,"Hoosier 43075 16x7.5-10 R20, 7 inch rim",18925
78.48,754.273,-3.1,-532.7,-249.65,3.985,7.93,34.25,0.09,0.0124,2.1338,12.08,43657.32,7.43,92.67,9.656,-0,-0.9998,132.63,130.07,137.73,24.94,Cornering,"Hoosier 43075 16x7.5-10 R20, 7 inch rim",18926
78.49,754.284,-3.85,-531.96,-249.14,3.988,8.88,35.22,0.09,0.0155,2.1352,12.15,43672.44,7.43,92.68,9.695,-0,-0.9998,132.82,130.23,137.83,24.96,Cornering,"Hoosier 43075 16x7.5-10 R20, 7 inch rim",18927
78.53,754.293,-5,-534.9,-249.36,3.99,10.14,36.37,0.23,0.0201,2.1451,12.21,17858.01,7.43,92.68,9.738,-0,-0.9996,132.97,130.54,137.99,24.96,Cornering,"Hoosier 43075 16x7.5-10 R20, 7 inch rim",18928
78.5,754.303,-6.59,-539.26,-249.37,3.991,9.67,36.48,0.16,0.0264,2.1625,12.22,25348.41,7.43,92.67,9.769,-0,-0.9997,133.15,130.71,138.14,24.96,Cornering,"Hoosier 43075 16x7.5-10 R20, 7 inch rim",18929
78.47,754.313,-7.43,-543.98,-250.99,3.991,9.54,36.75,0.16,0.0296,2.1673,12.19,25338.81,7.43,92.66,9.816,-0,-0.9997,133.34,130.73,138.36,24.96,Cornering,"Hoosier 43075 16x7.5-10 R20, 7 inch rim",18930
78.5,754.323,-7.53,-549.35,-252.31,3.998,9.03,37.05,0.16,0.0298,2.1773,12.13,25341.2,7.43,92.64,9.861,-0,-0.9997,133.4,130.71,138.58,24.96,Cornering,"Hoosier 43075 16x7.5-10 R20, 7 inch rim",18931
78.52,754.333,-7.19,-554.91,-252.73,3.988,8.23,36.64,0.03,0.0285,2.1957,12.04,157576.48,7.43,92.62,9.894,-0,-1,133.47,130.76,138.8,24.97,Cornering,"Hoosier 43075 16x7.5-10 R20, 7 inch rim",18932
78.49,754.344,-5.85,-557.52,-253.38,3.994,8.29,36.17,0.09,0.0231,2.2004,11.98,43669.62,7.43,92.59,9.939,-0,-0.9998,133.53,130.89,138.9,24.97,Cornering,"Hoosier 43075 16x7.5-10 R20, 7 inch rim",18933
78.49,754.353,-4.49,-555.64,-253.34,3.982,7.63,34.76,0.09,0.0177,2.1932,11.98,43664.7,7.43,92.58,9.975,-0,-0.9998,133.64,131.04,138.94,24.97,Cornering,"Hoosier 43075 16x7.5-10 R20, 7 inch rim",18934
78.51,754.363,-3.25,-548.87,-252.36,3.988,7.56,33.52,0.16,0.0129,2.1749,12.03,25347.44,7.43,92.58,10.004,-0,-0.9997,133.77,131.24,139,24.98,Cornering,"Hoosier 43075 16x7.5-10 R20, 7 inch rim",18935
78.5,754.373,-2.85,-540.66,-252.1,4.001,8.08,32.02,0.03,0.0113,2.1446,12.11,157539.02,7.42,92.58,10.042,-0,-1,133.9,131.35,139.03,24.97,Cornering,"Hoosier 43075 16x7.5-10 R20, 7 inch rim",18936
78.47,754.383,-2.11,-534.04,-250.58,3.988,8.34,32.17,0.16,0.0084,2.1313,12.15,25328.17,7.43,92.59,10.097,-0,-0.9997,134.07,131.48,139.11,24.97,Cornering,"Hoosier 43075 16x7.5-10 R20, 7 inch rim",18937
78.5,754.393,-2.74,-532.09,-249.43,3.99,9.58,32.74,0.09,0.011,2.1332,12.15,43642.22,7.43,92.6,10.137,-0,-0.9998,134.26,131.66,139.23,24.97,Cornering,"Hoosier 43075 16x7.5-10 R20, 7 inch rim",18938
78.52,754.404,-3.85,-535.45,-247.88,3.991,9.87,33.79,0.16,0.0155,2.1602,12.09,25321.77,7.43,92.62,10.176,-0,-0.9997,134.5,131.92,139.35,24.97,Cornering,"Hoosier 43075 16x7.5-10 R20, 7 inch rim",18939
78.49,754.414,-5.46,-541.38,-247.66,3.991,10.14,34.32,0.09,0.022,2.1859,12.03,43622.64,7.43,92.62,10.204,-0,-0.9998,134.65,132.16,139.51,24.97,Cornering,"Hoosier 43075 16x7.5-10 R20, 7 inch rim",18940
78.48,754.423,-6.37,-547.19,-249.38,4,10.85,34.96,0.16,0.0256,2.1942,11.97,25315.33,7.42,92.6,10.254,-0,-0.9997,134.82,132.19,139.67,24.97,Cornering,"Hoosier 43075 16x7.5-10 R20, 7 inch rim",18941
78.52,754.433,-7.1,-552.72,-250.35,3.993,9.41,34.94,0.09,0.0284,2.2078,11.97,43630.53,7.43,92.58,10.292,-0,-0.9998,134.86,132.1,139.93,24.98,Cornering,"Hoosier 43075 16x7.5-10 R20, 7 inch rim",18942
78.5,754.443,-6.71,-557.14,-251.89,3.99,8.86,35.16,0.16,0.0266,2.2118,12.03,25308.36,7.43,92.58,10.339,-0,-0.9997,134.95,131.97,140.14,24.97,Cornering,"Hoosier 43075 16x7.5-10 R20, 7 inch rim",18943
78.48,754.453,-6.04,-558.66,-252.51,3.991,7.87,34.5,0.16,0.0239,2.2124,12.09,25305.27,7.43,92.59,10.376,-0,-0.9997,134.97,132.01,140.24,24.97,Cornering,"Hoosier 43075 16x7.5-10 R20, 7 inch rim",18944
78.49,754.464,-4.83,-555.51,-253.29,3.997,7.83,33.53,0.16,0.0191,2.1932,12.14,25289.94,7.43,92.65,10.419,-0,-0.9997,135.12,132.14,140.34,24.96,Cornering,"Hoosier 43075 16x7.5-10 R20, 7 inch rim",18945
78.51,754.474,-3.57,-548.65,-253.26,3.988,7.95,32.43,0.03,0.0141,2.1663,12.14,157179.39,7.43,92.65,10.461,-0,-1,135.27,132.27,140.32,24.95,Cornering,"Hoosier 43075 16x7.5-10 R20, 7 inch rim",18946
78.49,754.483,-2.8,-540.13,-252.71,3.993,8.72,31.27,0.03,0.0111,2.1373,12.08,157158.48,7.43,92.69,10.501,-0,-1,135.42,132.38,140.32,24.95,Cornering,"Hoosier 43075 16x7.5-10 R20, 7 inch rim",18947
78.49,754.493,-2.44,-533.08,-251.06,3.991,8.81,30.76,-0.04,0.0097,2.1233,12.02,-97681.01,7.43,92.7,10.538,-0,-1.0001,135.61,132.41,140.34,24.95,Cornering,"Hoosier 43075 16x7.5-10 R20, 7 inch rim",18948
78.51,754.503,-2.68,-529.24,-250.04,3.985,9.63,30.94,0.09,0.0107,2.1166,11.96,43537.67,7.43,92.74,10.585,-0,-0.9998,135.89,132.6,140.42,24.95,Cornering,"Hoosier 43075 16x7.5-10 R20, 7 inch rim",18949
78.51,754.513,-3.3,-529.38,-250.2,3.987,10.41,32.16,0.16,0.0132,2.1158,11.97,25261.58,7.43,92.79,10.617,-0,-0.9997,136.09,132.89,140.52,24.94,Cornering,"Hoosier 43075 16x7.5-10 R20, 7 inch rim",18950
78.48,754.523,-4.89,-532.17,-250.65,3.996,10.22,32.79,0.23,0.0195,2.1232,12.03,17793.04,7.42,92.88,10.651,-0,-0.9996,136.32,133.11,140.68,24.94,Cornering,"Hoosier 43075 16x7.5-10 R20, 7 inch rim",18951
78.49,754.534,-6.63,-535.72,-251.27,3.99,9.02,33.24,0.09,0.0264,2.132,12.13,43490.12,7.43,92.91,10.703,-0,-0.9998,136.47,133.22,140.9,24.93,Cornering,"Hoosier 43075 16x7.5-10 R20, 7 inch rim",18952
78.52,754.543,-7.61,-539.66,-253.08,3.991,7.72,33.57,0.16,0.0301,2.1324,12.21,25250.7,7.43,92.92,10.744,-0,-0.9997,136.56,133.16,141.25,24.94,Cornering,"Hoosier 43075 16x7.5-10 R20, 7 inch rim",18953
78.5,754.553,-7.57,-543.9,-254.88,3.988,7.16,33.93,0.03,0.0297,2.134,12.21,157007.72,7.42,92.95,10.786,-0,-1,136.58,132.98,141.53,24.95,Cornering,"Hoosier 43075 16x7.5-10 R20, 7 inch rim",18954
78.47,754.563,-7.08,-546.76,-256.47,3.996,7.86,33.28,0.09,0.0276,2.1319,12.17,43523.48,7.43,92.96,10.819,-0,-0.9998,136.56,132.91,141.75,24.96,Cornering,"Hoosier 43075 16x7.5-10 R20, 7 inch rim",18955
78.5,754.573,-5.6,-547.07,-256.31,3.991,7.53,32.58,0.09,0.0219,2.1344,12.11,43528.46,7.42,92.99,10.853,-0,-0.9998,136.58,133.05,141.89,24.97,Cornering,"Hoosier 43075 16x7.5-10 R20, 7 inch rim",18956
78.51,754.583,-4.08,-542.77,-255.54,4.003,8.45,31.57,0.09,0.016,2.124,12.06,43491.07,7.42,92.99,10.9,-0,-0.9998,136.64,133.18,141.87,24.95,Cornering,"Hoosier 43075 16x7.5-10 R20, 7 inch rim",18957
78.48,754.594,-2.87,-536.78,-254.09,3.994,8.42,30.72,0.03,0.0113,2.1126,12.01,156924.28,7.42,93,10.94,-0,-1,136.73,133.29,141.89,24.95,Cornering,"Hoosier 43075 16x7.5-10 R20, 7 inch rim",18958
78.49,754.603,-2.01,-529.86,-253.01,4.001,8.79,30.55,0.16,0.0079,2.0942,12.06,25223.96,7.42,93.01,10.985,-0,-0.9997,136.86,133.38,141.79,24.94,Cornering,"Hoosier 43075 16x7.5-10 R20, 7 inch rim",18959
78.52,754.613,-2.35,-525.25,-252.01,3.997,9.23,30.71,0.09,0.0093,2.0843,12.16,43462.18,7.42,93.03,11.025,-0,-0.9998,137.05,133.53,141.75,24.94,Cornering,"Hoosier 43075 16x7.5-10 R20, 7 inch rim",18960
78.5,754.623,-2.91,-525.15,-251,3.99,9.07,31.72,0.16,0.0116,2.0922,12.22,25234.23,7.43,93.04,11.068,-0,-0.9997,137.24,133.77,141.77,24.96,Cornering,"Hoosier 43075 16x7.5-10 R20, 7 inch rim",18961
78.48,754.633,-4.77,-528.76,-250.77,4,9.59,32.29,0.09,0.019,2.1085,12.2,43471.26,7.42,93.06,11.098,-0,-0.9998,137.37,133.95,141.94,24.96,Cornering,"Hoosier 43075 16x7.5-10 R20, 7 inch rim",18962
78.5,754.643,-6.39,-534.01,-251.19,3.99,9.68,32.78,0.09,0.0254,2.1259,12.17,43493.66,7.43,93.08,11.149,-0,-0.9998,137.46,134.15,142.06,24.97,Cornering,"Hoosier 43075 16x7.5-10 R20, 7 inch rim",18963
78.51,754.654,-7.43,-537.66,-252.93,4.004,8.69,33.05,0.09,0.0294,2.1257,12.1,43488.16,7.42,93.11,11.185,-0,-0.9998,137.59,134.04,142.3,24.97,Cornering,"Hoosier 43075 16x7.5-10 R20, 7 inch rim",18964
78.48,754.663,-7.49,-539.2,-255.22,3.987,8.63,33.49,0.09,0.0293,2.1127,12.01,43514.46,7.42,93.11,11.211,-0,-0.9998,137.59,133.84,142.6,24.99,Cornering,"Hoosier 43075 16x7.5-10 R20, 7 inch rim",18965
78.49,754.673,-7.26,-539.88,-257.11,3.994,7.75,33.16,0.09,0.0282,2.0998,11.97,43535.87,7.43,93.1,11.268,-0,-0.9998,137.61,133.77,142.84,25.01,Cornering,"Hoosier 43075 16x7.5-10 R20, 7 inch rim",18966
78.51,754.683,-6.08,-538.4,-257.84,3.975,7.55,32.81,0.09,0.0236,2.0882,11.98,43511.91,7.43,93.09,11.292,-0,-0.9998,137.59,133.82,142.97,25,Cornering,"Hoosier 43075 16x7.5-10 R20, 7 inch rim",18967
78.5,754.693,-4.29,-534.33,-258.28,3.985,8.78,32.5,0.03,0.0166,2.0688,12.02,157028.64,7.43,93.1,11.344,-0,-1,137.63,133.97,143.03,25,Cornering,"Hoosier 43075 16x7.5-10 R20, 7 inch rim",18968
78.47,754.703,-3.22,-528.79,-257.64,4.003,9.36,31.31,0.09,0.0125,2.0524,12.07,43485.72,7.42,93.12,11.396,-0,-0.9998,137.78,134.08,143.03,24.99,Cornering,"Hoosier 43075 16x7.5-10 R20, 7 inch rim",18969
78.5,754.714,-2.6,-524.1,-255.1,3.978,8.35,30.36,0.23,0.0102,2.0545,12.11,17774.83,7.43,93.17,11.41,-0,-0.9996,137.84,134.23,143.09,24.98,Cornering,"Hoosier 43075 16x7.5-10 R20, 7 inch rim",18970
78.5,754.723,-1.92,-520.84,-253.21,3.998,7.8,30.67,0.23,0.0076,2.0569,12.08,17755.12,7.42,93.22,11.46,-0,-0.9996,137.93,134.41,143.11,24.96,Cornering,"Hoosier 43075 16x7.5-10 R20, 7 inch rim",18971
78.48,754.733,-2.22,-519.8,-252.18,3.996,8.61,31.21,0.09,0.0088,2.0612,12.03,43400.04,7.42,93.3,11.492,-0,-0.9998,138.08,134.56,143.21,24.95,Cornering,"Hoosier 43075 16x7.5-10 R20, 7 inch rim",18972
78.48,754.743,-3.35,-521.07,-251.79,3.99,8.32,31.57,0.09,0.0133,2.0695,11.95,43403.32,7.43,93.34,11.534,-0,-0.9998,138.25,134.83,143.31,24.96,Cornering,"Hoosier 43075 16x7.5-10 R20, 7 inch rim",18973
78.5,754.753,-5.13,-522.53,-253.4,3.996,8.83,31.51,-0.04,0.0203,2.062,11.88,-97346.88,7.42,93.38,11.583,-0,-1.0001,138.38,135.09,143.45,24.96,Cornering,"Hoosier 43075 16x7.5-10 R20, 7 inch rim",18974
78.49,754.763,-7.01,-524.34,-254.29,3.988,7.64,31.06,0.16,0.0276,2.062,11.92,25190.86,7.42,93.43,11.612,-0,-0.9997,138.49,135.05,143.59,24.96,Cornering,"Hoosier 43075 16x7.5-10 R20, 7 inch rim",18975
78.46,754.773,-8.88,-526.23,-256.78,4.006,7.9,29.58,0.16,0.0346,2.0493,11.99,25182.88,7.42,93.43,11.635,-0,-0.9997,138.57,134.85,143.83,24.96,Cornering,"Hoosier 43075 16x7.5-10 R20, 7 inch rim",18976
78.48,754.783,-11,-529.09,-257.97,3.996,8.07,26.73,0.16,0.0426,2.0509,12.1,25162.55,7.42,93.47,11.665,-0,-0.9997,138.55,134.67,144.16,24.94,Cornering,"Hoosier 43075 16x7.5-10 R20, 7 inch rim",18977
78.5,754.793,-13.4,-531.56,-257.77,3.979,7.63,22.33,0.09,0.052,2.0621,12.13,43319.36,7.43,93.48,11.682,-0,-0.9998,138.53,134.65,144.34,24.92,Cornering,"Hoosier 43075 16x7.5-10 R20, 7 inch rim",18978
78.47,754.803,-13.8,-532.03,-257.61,3.985,8.39,19.51,0.23,0.0536,2.0653,12.12,17706.71,7.43,93.52,11.698,-0,-0.9996,138.66,134.74,144.5,24.92,Cornering,"Hoosier 43075 16x7.5-10 R20, 7 inch rim",18979
78.45,754.813,-12.04,-529.61,-256.51,3.988,8.37,18.77,0.16,0.0469,2.0647,12.06,25146.86,7.43,93.55,11.708,-0,-0.9997,138.79,134.89,144.46,24.93,Cornering,"Hoosier 43075 16x7.5-10 R20, 7 inch rim",18980
78.49,754.823,-9.03,-525.34,-255.32,3.99,8.12,20.14,0.09,0.0354,2.0576,12.01,43355.52,7.43,93.57,11.708,-0,-0.9998,138.94,134.98,144.36,24.94,Cornering,"Hoosier 43075 16x7.5-10 R20, 7 inch rim",18981
78.48,754.833,-7.52,-521.44,-253.55,4.004,7.35,21.22,0.09,0.0296,2.0566,11.97,43375.45,7.42,93.58,11.709,-0,-0.9998,139.02,135.09,144.36,24.96,Cornering,"Hoosier 43075 16x7.5-10 R20, 7 inch rim",18982
78.45,754.843,-8.48,-519.32,-252.19,3.987,7.14,20.59,0.09,0.0336,2.0592,12.03,43363.07,7.43,93.56,11.723,-0,-0.9998,139.22,135.27,144.34,24.95,Cornering,"Hoosier 43075 16x7.5-10 R20, 7 inch rim",18983
78.45,754.853,-11.48,-518.91,-251.61,3.998,7.01,18.73,0.09,0.0456,2.0624,12.07,43362.61,7.42,93.56,11.726,-0,-0.9998,139.45,135.58,144.42,24.95,Cornering,"Hoosier 43075 16x7.5-10 R20, 7 inch rim",18984
78.46,754.873,-16.15,-521.58,-253.54,3.994,8.17,17.07,0.09,0.0637,2.0572,12.19,43362.61,7.42,93.54,12.29,-0,-0.9998,139.71,135.95,144.8,24.95,Cornering,"Hoosier 43075 16x7.5-10 R20, 7 inch rim",18985
78.45,754.883,-16.17,-524.76,-254.68,3.985,8.13,18.4,0.16,0.0635,2.0605,12.17,25186.32,7.43,93.52,12.287,-0,-0.9997,139.75,135.93,144.97,24.97,Cornering,"Hoosier 43075 16x7.5-10 R20, 7 inch rim",18986
78.47,754.893,-13.81,-529.54,-255.68,4,7.93,21.85,0.16,0.054,2.0711,12.14,25192.16,7.42,93.55,12.287,-0,-0.9997,139.75,135.75,145.27,24.97,Cornering,"Hoosier 43075 16x7.5-10 R20, 7 inch rim",18987
78.47,754.903,-10.9,-534.47,-256.08,3.982,8.14,24.76,0.09,0.0426,2.0871,12.06,43426.05,7.43,93.59,12.271,-0,-0.9998,139.8,135.62,145.51,24.98,Cornering,"Hoosier 43075 16x7.5-10 R20, 7 inch rim",18988
78.44,754.913,-8.74,-537.12,-256.18,3.994,8.1,26.09,0.03,0.0341,2.0966,11.98,156708.06,7.43,93.58,12.277,-0,-1,139.8,135.73,145.69,24.98,Cornering,"Hoosier 43075 16x7.5-10 R20, 7 inch rim",18989
78.45,754.923,-6.88,-535.93,-255.05,3.984,7.61,26.76,0.16,0.027,2.1013,11.99,25183.81,7.43,93.56,12.251,-0,-0.9997,139.88,135.82,145.82,24.96,Cornering,"Hoosier 43075 16x7.5-10 R20, 7 inch rim",18990
78.47,754.933,-4.31,-531.05,-253.85,3.993,7.25,28.25,0.09,0.017,2.092,12.04,43359.66,7.43,93.57,12.245,-0,-0.9998,140.05,135.91,145.86,24.94,Cornering,"Hoosier 43075 16x7.5-10 R20, 7 inch rim",18991
78.45,754.943,-1.79,-524.74,-252.73,3.988,6.89,30.6,0.16,0.0071,2.0763,12.14,25155.1,7.43,93.56,12.245,-0,-0.9997,140.18,135.97,145.9,24.93,Cornering,"Hoosier 43075 16x7.5-10 R20, 7 inch rim",18992
78.43,754.953,0.67,-520.02,-251.27,3.987,6.2,33.47,-0.04,-0.0027,2.0696,12.17,-97154.3,7.43,93.56,12.242,-0,-1.0001,140.33,136.17,146.02,24.92,Cornering,"Hoosier 43075 16x7.5-10 R20, 7 inch rim",18993
78.45,754.963,1.78,-517.1,-250.74,3.988,6.96,35.96,0.09,-0.0071,2.0623,12.17,43301.5,7.43,93.54,12.231,-0,-0.9998,140.48,136.39,146.04,24.91,Cornering,"Hoosier 43075 16x7.5-10 R20, 7 inch rim",18994
78.46,754.973,1.1,-517.73,-250.73,3.988,7.23,37.37,0.16,-0.0044,2.0649,12.12,25138.36,7.43,93.52,12.237,-0,-0.9997,140.7,136.72,146.18,24.92,Cornering,"Hoosier 43075 16x7.5-10 R20, 7 inch rim",18995
78.43,754.983,-0.67,-519.36,-251.77,3.985,8.06,38.12,0.09,0.0026,2.0628,12.03,43319.59,7.43,93.54,12.244,-0,-0.9998,140.85,136.99,146.36,24.92,Cornering,"Hoosier 43075 16x7.5-10 R20, 7 inch rim",18996
78.43,754.993,-2.59,-520.84,-253.22,3.991,8.39,38.45,0.03,0.0102,2.0569,11.97,156294.17,7.43,93.59,12.238,-0,-1,140.98,136.99,146.52,24.92,Cornering,"Hoosier 43075 16x7.5-10 R20, 7 inch rim",18997
78.47,755.003,-3.41,-524.18,-254.73,3.997,8.28,38.93,0.09,0.0134,2.0578,11.96,43341.58,7.43,93.57,12.232,-0,-0.9998,140.98,136.76,146.74,24.93,Cornering,"Hoosier 43075 16x7.5-10 R20, 7 inch rim",18998
78.45,755.013,-4.34,-528.62,-255.81,3.997,8.17,37.75,0.03,0.017,2.0665,11.99,156518.12,7.43,93.55,12.228,-0,-1,140.96,136.61,146.95,24.95,Cornering,"Hoosier 43075 16x7.5-10 R20, 7 inch rim",18999
78.42,755.023,-4.74,-532.84,-255.36,3.991,7.33,35.33,0.09,0.0186,2.0866,12.08,43403.41,7.43,93.57,12.224,-0,-0.9998,140.93,136.52,147.09,24.97,Cornering,"Hoosier 43075 16x7.5-10 R20, 7 inch rim",19000
78.44,755.033,-6.56,-532.85,-254.99,3.991,7.41,30.39,0.16,0.0257,2.0897,12.14,25193.52,7.43,93.58,12.209,-0,-0.9997,140.96,136.61,147.03,24.97,Cornering,"Hoosier 43075 16x7.5-10 R20, 7 inch rim",19001
78.45,755.043,-8.29,-529.02,-253.87,3.987,7.28,25.29,0.09,0.0327,2.0838,12.15,43397.68,7.43,93.62,12.196,-0,-0.9998,141.02,136.65,147.07,24.96,Cornering,"Hoosier 43075 16x7.5-10 R20, 7 inch rim",19002
78.43,755.053,-9.67,-523.49,-252.59,3.985,7.46,21.1,0.09,0.0383,2.0725,12.12,43421.73,7.43,93.64,12.172,-0,-0.9998,141.06,136.74,146.99,24.97,Cornering,"Hoosier 43075 16x7.5-10 R20, 7 inch rim",19003
78.42,755.063,-10.21,-518.26,-251.5,3.981,7.93,18.63,0.16,0.0406,2.0607,12.04,25227.94,7.43,93.63,12.154,-0,-0.9997,141.11,136.79,146.97,25,Cornering,"Hoosier 43075 16x7.5-10 R20, 7 inch rim",19004
78.45,755.073,-11.29,-515.25,-250,3.985,7.45,16.93,0.09,0.0452,2.061,11.99,43521.11,7.43,93.6,12.118,-0,-0.9998,141.26,136.94,146.97,25.03,Cornering,"Hoosier 43075 16x7.5-10 R20, 7 inch rim",19005
78.44,755.083,-13.24,-513.71,-249.77,3.99,7.96,15.46,0.16,0.053,2.0568,11.99,25262.88,7.43,93.59,12.092,-0,-0.9997,141.49,137.18,146.99,25.03,Cornering,"Hoosier 43075 16x7.5-10 R20, 7 inch rim",19006
78.41,755.093,-16.96,-515.04,-250.82,3.984,8.06,13.06,0.09,0.0676,2.0535,12.06,43499.73,7.43,93.59,12.062,-0,-0.9998,141.6,137.43,147.05,25.01,Cornering,"Hoosier 43075 16x7.5-10 R20, 7 inch rim",19007
78.43,755.103,-20.67,-516.68,-252.27,3.997,7.8,11.24,0.16,0.0819,2.0482,12.14,25229.54,7.43,93.6,12.009,-0,-0.9997,141.77,137.43,147.17,24.98,Cornering,"Hoosier 43075 16x7.5-10 R20, 7 inch rim",19008
78.44,755.113,-22.12,-519.38,-253.99,3.994,6.63,11.95,0.09,0.0871,2.0449,12.21,43451.64,7.43,93.62,11.983,-0,-0.9998,141.86,137.27,147.31,24.97,Cornering,"Hoosier 43075 16x7.5-10 R20, 7 inch rim",19009
78.42,755.123,-20.85,-522.7,-255.56,3.985,5.63,14.82,0.09,0.0816,2.0453,12.22,43469.59,7.43,93.64,11.933,-0,-0.9998,141.88,137.01,147.49,24.98,Cornering,"Hoosier 43075 16x7.5-10 R20, 7 inch rim",19010
78.4,755.133,-17.33,-526.21,-256.56,3.979,6.17,19.17,0.03,0.0675,2.051,12.18,156965.52,7.43,93.67,11.89,-0,-1,141.81,136.85,147.67,24.99,Cornering,"Hoosier 43075 16x7.5-10 R20, 7 inch rim",19011
78.44,755.143,-11.87,-528.09,-256.63,3.996,6.96,24.44,0.16,0.0463,2.0577,12.12,25280.01,7.43,93.73,11.84,-0,-0.9997,141.77,136.83,147.73,25.02,Cornering,"Hoosier 43075 16x7.5-10 R20, 7 inch rim",19012
78.44,755.153,-7.46,-527.07,-255.33,3.987,7.05,27.78,0.16,0.0292,2.0643,12.03,25307.57,7.43,93.77,11.794,-0,-0.9997,141.81,136.9,147.65,25.04,Cornering,"Hoosier 43075 16x7.5-10 R20, 7 inch rim",19013
78.41,755.163,-4.42,-523.62,-253.63,4,7.31,30.04,0.09,0.0174,2.0645,12.02,43599.62,7.43,93.79,11.745,-0,-0.9998,141.81,136.99,147.63,25.04,Cornering,"Hoosier 43075 16x7.5-10 R20, 7 inch rim",19014
78.42,755.173,-3.16,-519.34,-252.03,3.988,8.21,30.87,0.23,0.0125,2.0606,12.08,17817.85,7.43,93.81,11.685,-0,-0.9996,141.79,136.99,147.51,25.02,Cornering,"Hoosier 43075 16x7.5-10 R20, 7 inch rim",19015
78.44,755.183,-1.48,-516.5,-250.28,3.987,7.52,33.18,0.03,0.0059,2.0637,12.15,157136.7,7.43,93.8,11.648,-0,-1,141.88,137.18,147.53,25,Cornering,"Hoosier 43075 16x7.5-10 R20, 7 inch rim",19016
78.42,755.193,-0.18,-516.8,-248.51,4,6.2,36.24,0.16,0.0007,2.0796,12.21,25271.3,7.43,93.79,11.609,-0,-0.9997,142.03,137.38,147.63,24.99,Cornering,"Hoosier 43075 16x7.5-10 R20, 7 inch rim",19017
78.4,755.203,0.86,-519.14,-248.25,3.997,7.22,39.49,0.16,-0.0035,2.0912,12.22,25263.24,7.43,93.75,11.568,-0,-0.9997,142.2,137.65,147.71,24.98,Cornering,"Hoosier 43075 16x7.5-10 R20, 7 inch rim",19018
78.44,755.213,0.68,-523.6,-249.1,3.997,7.99,41.68,0.03,-0.0027,2.102,12.18,156987.06,7.43,93.75,11.522,-0,-1,142.41,137.84,147.94,24.96,Cornering,"Hoosier 43075 16x7.5-10 R20, 7 inch rim",19019
78.43,755.223,-1.12,-528.25,-249.36,3.994,7.67,41.53,0.09,0.0045,2.1184,12.09,43497.09,7.43,93.74,11.491,-0,-0.9998,142.54,137.82,148.18,24.96,Cornering,"Hoosier 43075 16x7.5-10 R20, 7 inch rim",19020
78.4,755.233,-2.43,-533.94,-250.26,3.987,6.51,40.86,0.09,0.0097,2.1335,12.01,43463.12,7.43,93.74,11.448,-0,-0.9998,142.69,137.58,148.56,24.93,Cornering,"Hoosier 43075 16x7.5-10 R20, 7 inch rim",19021
78.4,755.243,-2.96,-537.45,-251.58,4.003,7.49,40.04,0.09,0.0118,2.1363,11.98,43448.04,7.43,93.76,11.413,-0,-0.9998,142.65,137.49,148.85,24.92,Cornering,"Hoosier 43075 16x7.5-10 R20, 7 inch rim",19022
78.44,755.253,-2.4,-538.35,-251.94,3.998,7.71,39.32,0.09,0.0095,2.1368,11.99,43483.48,7.43,93.76,11.379,-0,-0.9998,142.63,137.51,149.03,24.94,Cornering,"Hoosier 43075 16x7.5-10 R20, 7 inch rim",19023
78.41,755.263,-1.17,-535.98,-252.38,4.003,8.49,38.66,0.09,0.0047,2.1237,12.04,43498.7,7.43,93.73,11.345,-0,-0.9998,142.65,137.62,149.17,24.94,Cornering,"Hoosier 43075 16x7.5-10 R20, 7 inch rim",19024
78.39,755.273,0.36,-531.69,-251.12,3.987,7.87,38.07,0.03,-0.0014,2.1173,12.12,157002.62,7.43,93.73,11.29,-0,-1,142.69,137.73,149.21,24.94,Cornering,"Hoosier 43075 16x7.5-10 R20, 7 inch rim",19025
78.42,755.283,0.69,-527.8,-248.91,3.993,7.03,36.71,0.16,-0.0028,2.1204,12.16,25247.53,7.43,93.73,11.276,-0,-0.9997,142.72,137.8,149.21,24.94,Cornering,"Hoosier 43075 16x7.5-10 R20, 7 inch rim",19026
78.43,755.293,0.3,-524.34,-246.94,3.99,6.9,35.33,0.09,-0.0012,2.1234,12.15,43505.08,7.43,93.75,11.233,-0,-0.9998,142.84,137.89,149.17,24.94,Cornering,"Hoosier 43075 16x7.5-10 R20, 7 inch rim",19027
78.4,755.303,-1.27,-522.57,-245.53,3.997,6.93,33.98,0.16,0.0052,2.1283,12.09,25259.87,7.43,93.75,11.2,-0,-0.9997,142.99,138.2,149.21,24.94,Cornering,"Hoosier 43075 16x7.5-10 R20, 7 inch rim",19028
78.4,755.313,-3.49,-523.03,-245.38,3.988,7.66,33.03,0.23,0.0142,2.1315,12,17812.15,7.43,93.75,11.171,-0,-0.9996,143.21,138.55,149.33,24.97,Cornering,"Hoosier 43075 16x7.5-10 R20, 7 inch rim",19029
78.43,755.323,-5.5,-525.68,-245.66,4.001,7.7,32.57,0.16,0.0224,2.1399,11.93,25283.68,7.43,93.78,11.127,-0,-0.9997,143.32,138.72,149.47,24.96,Cornering,"Hoosier 43075 16x7.5-10 R20, 7 inch rim",19030
78.42,755.333,-7.34,-529.05,-246.47,4,7.7,31.88,0.09,0.0298,2.1465,11.89,43585.22,7.43,93.79,11.1,-0,-0.9998,143.49,138.92,149.67,24.97,Cornering,"Hoosier 43075 16x7.5-10 R20, 7 inch rim",19031
78.39,755.343,-9.03,-532.97,-248.14,3.996,8.49,30.8,0.16,0.0364,2.1479,11.97,25299.77,7.43,93.79,11.075,-0,-0.9997,143.59,138.79,149.94,24.97,Cornering,"Hoosier 43075 16x7.5-10 R20, 7 inch rim",19032
78.41,755.353,-10.27,-537.43,-248.75,3.985,7.53,29.3,0.16,0.0413,2.1605,12.03,25298.1,7.43,93.78,11.025,-0,-0.9997,143.62,138.61,150.16,24.97,Cornering,"Hoosier 43075 16x7.5-10 R20, 7 inch rim",19033
78.43,755.363,-10.71,-540.17,-249.71,3.993,7.79,27.82,0.09,0.0429,2.1632,12.09,43571.01,7.43,93.82,10.988,-0,-0.9998,143.62,138.57,150.28,24.96,Cornering,"Hoosier 43075 16x7.5-10 R20, 7 inch rim",19034
78.4,755.373,-9.65,-540.17,-249.45,3.985,7.94,27.12,0.16,0.0387,2.1655,12.09,25304.91,7.43,93.83,10.944,-0,-0.9997,143.55,138.66,150.34,24.97,Cornering,"Hoosier 43075 16x7.5-10 R20, 7 inch rim",19035
78.4,755.383,-8.21,-537.83,-249.49,3.987,8.67,26.71,0.09,0.0329,2.1557,12.05,43623.39,7.43,93.86,10.905,-0,-0.9998,143.62,138.81,150.3,24.98,Cornering,"Hoosier 43075 16x7.5-10 R20, 7 inch rim",19036
78.42,755.393,-7.17,-534.2,-248.17,3.998,8.15,26.24,0.16,0.0289,2.1526,11.98,25346.34,7.43,93.87,10.869,-0,-0.9997,143.66,138.92,150.26,25,Cornering,"Hoosier 43075 16x7.5-10 R20, 7 inch rim",19037
78.41,755.403,-6.2,-531.54,-245.96,3.994,7.61,26.52,0.03,0.0252,2.1611,11.93,157685.39,7.43,93.87,10.822,-0,-1,143.77,139.05,150.2,25.01,Cornering,"Hoosier 43075 16x7.5-10 R20, 7 inch rim",19038
78.39,755.413,-6.58,-530.57,-244,3.988,7.36,26.41,0.09,0.027,2.1745,11.95,43671.45,7.43,93.84,10.78,-0,-0.9998,143.96,139.25,150.18,25,Cornering,"Hoosier 43075 16x7.5-10 R20, 7 inch rim",19039
78.41,755.423,-6.7,-531.27,-242.92,3.996,7.58,27.99,0.23,0.0276,2.187,11.97,17850.01,7.43,93.85,10.737,-0,-0.9996,144.17,139.58,150.22,24.98,Cornering,"Hoosier 43075 16x7.5-10 R20, 7 inch rim",19040
78.43,755.433,-6.94,-533.76,-242.78,3.99,7.85,30.21,0.16,0.0286,2.1985,12.07,25343.37,7.43,93.86,10.69,-0,-0.9997,144.41,139.87,150.32,24.98,Cornering,"Hoosier 43075 16x7.5-10 R20, 7 inch rim",19041
78.4,755.443,-6.7,-537.02,-243.26,3.998,7.99,32.92,0.16,0.0275,2.2076,12.14,25341.21,7.43,93.88,10.644,-0,-0.9997,144.58,140,150.48,24.98,Cornering,"Hoosier 43075 16x7.5-10 R20, 7 inch rim",19042
78.39,755.453,-6.45,-540.49,-244.87,3.998,8.64,34.99,0.09,0.0263,2.2073,12.16,43675.86,7.43,93.89,10.604,-0,-0.9998,144.67,139.85,150.77,24.98,Cornering,"Hoosier 43075 16x7.5-10 R20, 7 inch rim",19043
78.42,755.463,-5.5,-543.85,-245.73,3.993,8.33,36.78,0.03,0.0224,2.2132,12.13,157669.47,7.43,93.89,10.564,-0,-1,144.75,139.69,151.01,24.99,Cornering,"Hoosier 43075 16x7.5-10 R20, 7 inch rim",19044
78.42,755.473,-4.35,-546.37,-247.49,3.988,8.95,37.69,0.09,0.0176,2.2077,12.06,43699.24,7.43,93.92,10.508,-0,-0.9998,144.73,139.56,151.21,24.99,Cornering,"Hoosier 43075 16x7.5-10 R20, 7 inch rim",19045
78.39,755.483,-2.9,-546.89,-248.99,3.985,9.6,38.22,0.09,0.0117,2.1964,11.97,43663.03,7.43,93.92,10.477,-0,-0.9998,144.8,139.63,151.33,24.97,Cornering,"Hoosier 43075 16x7.5-10 R20, 7 inch rim",19046
78.4,755.493,-1.5,-544.86,-249.32,3.991,9.06,37.92,0.09,0.006,2.1854,11.96,43646.67,7.43,93.99,10.448,-0,-0.9998,144.84,139.67,151.29,24.96,Cornering,"Hoosier 43075 16x7.5-10 R20, 7 inch rim",19047
78.43,755.503,0.05,-540.71,-248.29,3.979,7.6,37.86,0.16,-0.0002,2.1777,12,25331.24,7.43,94.04,10.401,-0,-0.9997,144.99,139.82,151.19,24.95,Cornering,"Hoosier 43075 16x7.5-10 R20, 7 inch rim",19048
78.41,755.513,0.59,-535.36,-247.48,3.994,6.14,36.95,0.03,-0.0024,2.1632,12.06,157622.2,7.42,94.12,10.364,-0,-1,145.1,139.89,151.17,24.97,Cornering,"Hoosier 43075 16x7.5-10 R20, 7 inch rim",19049
78.39,755.523,-0.28,-529.61,-247.23,3.99,6.65,35.93,0.03,0.0011,2.1422,12.14,157709.38,7.43,94.11,10.335,-0,-1,145.25,140.02,151.09,24.98,Cornering,"Hoosier 43075 16x7.5-10 R20, 7 inch rim",19050
78.4,755.533,-2.19,-527.21,-245.97,3.994,6.31,35.17,0.09,0.0089,2.1434,12.18,43728.87,7.42,94.1,10.291,-0,-0.9998,145.53,140.29,151.05,24.99,Cornering,"Hoosier 43075 16x7.5-10 R20, 7 inch rim",19051
78.42,755.543,-4.38,-528.16,-245.39,3.988,7.7,35.1,0.16,0.0179,2.1523,12.14,25384,7.43,94.09,10.253,-0,-0.9997,145.74,140.55,151.11,24.99,Cornering,"Hoosier 43075 16x7.5-10 R20, 7 inch rim",19052
78.39,755.553,-6.7,-531.88,-245.48,3.987,8.88,34.93,0.23,0.0273,2.1667,12.08,17903.96,7.43,94.11,10.219,-0,-0.9996,146,140.77,151.23,25.02,Cornering,"Hoosier 43075 16x7.5-10 R20, 7 inch rim",19053
78.4,755.563,-7.29,-536.32,-246.74,3.997,10.11,35.74,0.16,0.0295,2.1736,12.02,25424.78,7.42,94.14,10.183,-0,-0.9997,146.13,140.73,151.43,25.03,Cornering,"Hoosier 43075 16x7.5-10 R20, 7 inch rim",19054
78.42,755.573,-7.83,-541.06,-247.75,3.982,9.53,35.72,-0.04,0.0316,2.1839,11.97,-98252.96,7.42,94.2,10.142,-0,-1.0001,146.17,140.55,151.72,25.02,Cornering,"Hoosier 43075 16x7.5-10 R20, 7 inch rim",19055
78.41,755.583,-8.11,-545.35,-249.11,3.993,8.76,35.03,0.09,0.0326,2.1891,12.02,43784.72,7.42,94.26,10.1,-0,-0.9998,146.06,140.35,151.92,25.01,Cornering,"Hoosier 43075 16x7.5-10 R20, 7 inch rim",19056
78.38,755.593,-7.9,-548.2,-250.39,3.982,8.62,33.95,0.09,0.0315,2.1894,12.06,43749.41,7.42,94.33,10.06,-0,-0.9998,146.02,140.29,152.04,24.98,Cornering,"Hoosier 43075 16x7.5-10 R20, 7 inch rim",19057
78.41,755.603,-7.8,-548.02,-251,3.991,8.31,32.25,0.16,0.0311,2.1833,12.11,25383.64,7.42,94.41,10.029,-0,-0.9997,146.02,140.37,152,24.97,Cornering,"Hoosier 43075 16x7.5-10 R20, 7 inch rim",19058
78.42,755.613,-6.93,-545.88,-250.56,3.994,7.73,31.41,0.09,0.0276,2.1786,12.14,43749.02,7.42,94.47,9.986,-0,-0.9998,146.02,140.48,151.84,24.98,Cornering,"Hoosier 43075 16x7.5-10 R20, 7 inch rim",19059
78.39,755.623,-5.92,-542.73,-248.75,3.991,6.75,31.29,0.16,0.0238,2.1818,12.11,25414.58,7.42,94.51,9.931,-0,-0.9997,146.02,140.53,151.76,25,Cornering,"Hoosier 43075 16x7.5-10 R20, 7 inch rim",19060
78.39,755.633,-5.39,-539.86,-247.29,3.994,7.57,31.71,0.16,0.0218,2.1832,12.05,25452.1,7.42,94.55,9.903,-0,-0.9997,146.15,140.64,151.66,25.03,Cornering,"Hoosier 43075 16x7.5-10 R20, 7 inch rim",19061
78.41,755.643,-5.09,-537.93,-245.5,3.984,8.57,32.76,0.09,0.0207,2.1911,11.96,43866.55,7.42,94.55,9.863,-0,-0.9998,146.3,140.86,151.53,25.04,Cornering,"Hoosier 43075 16x7.5-10 R20, 7 inch rim",19062
78.41,755.653,-6.02,-538.03,-244.16,3.99,8.58,33.71,0.09,0.0246,2.2036,11.92,43842.17,7.42,94.53,9.815,-0,-0.9998,146.49,141.17,151.55,25.02,Cornering,"Hoosier 43075 16x7.5-10 R20, 7 inch rim",19063
78.38,755.663,-6.63,-539.53,-245.4,4.006,10.38,35.33,0.09,0.027,2.1986,11.93,43817.2,7.42,94.49,9.772,-0,-0.9998,146.64,141.45,151.61,25,Cornering,"Hoosier 43075 16x7.5-10 R20, 7 inch rim",19064
78.4,755.673,-7.51,-542.1,-246.54,4.006,10.23,36.5,0.09,0.0305,2.1988,11.99,43791.84,7.42,94.49,9.732,-0,-0.9998,146.79,141.52,151.72,24.98,Cornering,"Hoosier 43075 16x7.5-10 R20, 7 inch rim",19065
78.42,755.683,-8.12,-545.37,-248.58,3.991,10.15,37.16,0.16,0.0327,2.1939,12.07,25415.86,7.42,94.51,9.676,-0,-0.9997,146.83,141.32,151.88,24.98,Cornering,"Hoosier 43075 16x7.5-10 R20, 7 inch rim",19066
78.39,755.693,-7.76,-548.83,-250.53,3.987,9.39,38,0.16,0.031,2.1906,12.11,25412.16,7.42,94.52,9.646,-0,-0.9997,146.81,141.19,152.06,24.97,Cornering,"Hoosier 43075 16x7.5-10 R20, 7 inch rim",19067
78.39,755.703,-6.74,-550.77,-252.13,3.998,9.26,38.71,0.03,0.0267,2.1844,12.11,157901.61,7.42,94.56,9.615,-0,-1,146.79,141.06,152.16,24.96,Cornering,"Hoosier 43075 16x7.5-10 R20, 7 inch rim",19068
78.42,755.713,-5.73,-551.4,-252.12,3.998,8.23,38.75,0.09,0.0227,2.1871,12.07,43773.55,7.42,94.58,9.555,-0,-0.9998,146.79,141.08,152.12,24.96,Cornering,"Hoosier 43075 16x7.5-10 R20, 7 inch rim",19069
78.41,755.723,-4.69,-549.98,-251.96,3.984,8.43,38.3,0.23,0.0186,2.1828,12,17899.24,7.42,94.61,9.522,-0,-0.9996,146.81,141.23,152.02,24.96,Cornering,"Hoosier 43075 16x7.5-10 R20, 7 inch rim",19070
78.39,755.733,-3.37,-547.15,-250.11,3.99,7.88,38.5,0.09,0.0135,2.1876,11.95,43772.46,7.42,94.63,9.482,-0,-0.9998,146.83,141.3,151.88,24.96,Cornering,"Hoosier 43075 16x7.5-10 R20, 7 inch rim",19071
78.4,755.743,-2.68,-543.85,-248.23,3.994,8.37,38.43,0.03,0.0108,2.1909,11.97,157978.08,7.42,94.64,9.444,-0,-1,146.94,141.45,151.8,24.96,Cornering,"Hoosier 43075 16x7.5-10 R20, 7 inch rim",19072
78.42,755.753,-2.28,-541.8,-246.2,3.991,8.34,39.25,0.16,0.0092,2.2006,12.03,25405.41,7.42,94.62,9.413,-0,-0.9997,147.14,141.61,151.8,24.95,Cornering,"Hoosier 43075 16x7.5-10 R20, 7 inch rim",19073
78.4,755.763,-3.64,-540.57,-245.61,3.982,9.62,38.98,0.23,0.0148,2.2009,12.11,17902.87,7.42,94.56,9.367,-0,-0.9996,147.35,142,151.76,24.96,Cornering,"Hoosier 43075 16x7.5-10 R20, 7 inch rim",19074
78.39,755.773,-5.19,-541.49,-246.05,3.988,9.65,39.4,0.16,0.0211,2.2007,12.15,25417.2,7.42,94.5,9.33,-0,-0.9997,147.56,142.22,151.76,24.96,Cornering,"Hoosier 43075 16x7.5-10 R20, 7 inch rim",19075
78.41,755.783,-6.64,-542.81,-247.26,3.987,10.02,39.78,0.16,0.0268,2.1953,12.14,25419.42,7.42,94.49,9.298,-0,-0.9997,147.67,142.31,151.86,24.96,Cornering,"Hoosier 43075 16x7.5-10 R20, 7 inch rim",19076
78.42,755.793,-7.79,-545.33,-249.34,3.99,9.5,39.96,0.09,0.0312,2.1871,12.08,43800.62,7.42,94.48,9.251,-0,-0.9998,147.71,142.2,152,24.96,Cornering,"Hoosier 43075 16x7.5-10 R20, 7 inch rim",19077
78.38,755.803,-8.83,-547.86,-251.17,3.985,8.89,39.52,0.16,0.0351,2.1812,12.03,25436.85,7.42,94.48,9.218,-0,-0.9997,147.69,141.94,152.18,24.97,Cornering,"Hoosier 43075 16x7.5-10 R20, 7 inch rim",19078
78.4,755.813,-8.64,-550.06,-253.45,3.993,8.79,39.41,0.23,0.0341,2.1703,11.98,17928.79,7.42,94.47,9.18,-0,-0.9996,147.63,141.85,152.34,24.98,Cornering,"Hoosier 43075 16x7.5-10 R20, 7 inch rim",19079
78.42,755.823,-7.51,-550.31,-254.38,3.99,8.75,39.37,0.23,0.0295,2.1633,11.99,17939.07,7.42,94.4,9.139,-0,-0.9996,147.63,141.83,152.36,24.99,Cornering,"Hoosier 43075 16x7.5-10 R20, 7 inch rim",19080
78.4,755.833,-6.91,-548.46,-253.89,3.984,8.62,38.41,0.16,0.0272,2.1602,12.04,25457.21,7.42,94.39,9.095,-0,-0.9997,147.63,141.85,152.28,24.98,Cornering,"Hoosier 43075 16x7.5-10 R20, 7 inch rim",19081
78.38,755.843,-5.98,-545.58,-252.93,3.991,8.41,37.7,0.09,0.0236,2.157,12.13,43863.73,7.42,94.4,9.064,-0,-0.9998,147.65,141.96,152.16,24.98,Cornering,"Hoosier 43075 16x7.5-10 R20, 7 inch rim",19082
78.41,755.853,-5.13,-542.27,-251.08,3.991,8.67,37.48,0.16,0.0204,2.1598,12.22,25461.82,7.42,94.43,9.028,-0,-0.9997,147.69,142.03,152.04,24.98,Cornering,"Hoosier 43075 16x7.5-10 R20, 7 inch rim",19083
78.42,755.863,-5.49,-539.94,-248.95,4.006,8.36,37.03,0.09,0.0221,2.1688,12.2,43893.7,7.41,94.44,8.982,-0,-0.9998,147.82,142.11,151.98,24.99,Cornering,"Hoosier 43075 16x7.5-10 R20, 7 inch rim",19084
78.38,755.873,-5.96,-538.56,-248.14,3.994,9.78,37.4,0.23,0.024,2.1704,12.17,17965.12,7.41,94.45,8.945,-0,-0.9996,147.95,142.36,151.98,25.01,Cornering,"Hoosier 43075 16x7.5-10 R20, 7 inch rim",19085
78.39,755.883,-7.29,-538.92,-247.53,3.996,9.61,38.05,0.09,0.0295,2.1772,12.08,43943.45,7.41,94.46,8.905,-0,-0.9998,148.12,142.62,152.02,25.01,Cornering,"Hoosier 43075 16x7.5-10 R20, 7 inch rim",19086
78.41,755.893,-8.53,-540.39,-249.08,4.001,10.35,39.04,0.16,0.0342,2.1695,12.01,25496.81,7.41,94.45,8.86,-0,-0.9997,148.25,142.8,152.12,25,Cornering,"Hoosier 43075 16x7.5-10 R20, 7 inch rim",19087
78.4,755.903,-9.69,-543.1,-250.86,4.009,9.45,39.86,0.09,0.0386,2.165,11.99,43912.16,7.41,94.46,8.823,-0,-0.9998,148.29,142.77,152.28,24.99,Cornering,"Hoosier 43075 16x7.5-10 R20, 7 inch rim",19088
78.38,755.913,-9.5,-545.44,-252.64,3.987,9.17,41.07,0.09,0.0376,2.159,12.03,43866.49,7.42,94.47,8.777,-0,-0.9998,148.25,142.62,152.44,24.96,Cornering,"Hoosier 43075 16x7.5-10 R20, 7 inch rim",19089
78.4,755.923,-8.9,-548.12,-254.79,3.994,8.44,41.8,0.09,0.0349,2.1513,12.11,43861.2,7.41,94.49,8.734,-0,-0.9998,148.12,142.51,152.56,24.96,Cornering,"Hoosier 43075 16x7.5-10 R20, 7 inch rim",19090
78.42,755.933,-8.23,-548.51,-255.85,3.985,8.34,41.61,0.09,0.0322,2.1438,12.14,43855.07,7.41,94.48,8.698,-0,-0.9998,148.06,142.49,152.65,24.95,Cornering,"Hoosier 43075 16x7.5-10 R20, 7 inch rim",19091
78.38,755.943,-6.73,-546.8,-255.8,3.987,8.14,41.63,0.16,0.0263,2.1376,12.12,25468.43,7.42,94.48,8.664,-0,-0.9997,148.08,142.55,152.61,24.96,Cornering,"Hoosier 43075 16x7.5-10 R20, 7 inch rim",19092
78.39,755.953,-5.62,-543.27,-254.88,3.979,8.46,40.9,0.09,0.0221,2.1315,12.07,43884.65,7.42,94.5,8.617,-0,-0.9998,148.1,142.64,152.5,24.96,Cornering,"Hoosier 43075 16x7.5-10 R20, 7 inch rim",19093
78.41,755.963,-4.72,-539.02,-253.44,3.994,8.95,40.82,0.03,0.0186,2.1268,12,158350.95,7.41,94.52,8.564,-0,-1,148.16,142.62,152.36,24.96,Cornering,"Hoosier 43075 16x7.5-10 R20, 7 inch rim",19094
78.4,755.973,-4.41,-536.02,-251.27,3.979,8.81,40.91,-0.04,0.0176,2.1332,11.95,-98372.58,7.42,94.55,8.537,-0,-1.0001,148.25,142.71,152.26,24.94,Cornering,"Hoosier 43075 16x7.5-10 R20, 7 inch rim",19095
78.39,755.983,-4.33,-534.4,-250.19,3.993,9.28,42.12,0.16,0.0173,2.136,11.92,25456.36,7.41,94.58,8.485,-0,-0.9997,148.4,142.91,152.22,24.94,Cornering,"Hoosier 43075 16x7.5-10 R20, 7 inch rim",19096
78.4,755.993,-5.08,-534.59,-249.64,3.987,9.47,43.38,0.09,0.0203,2.1415,11.96,43862.95,7.41,94.6,8.445,-0,-0.9998,148.57,143.13,152.26,24.94,Cornering,"Hoosier 43075 16x7.5-10 R20, 7 inch rim",19097
78.42,756.003,-6.72,-536.44,-250.32,3.998,8.95,44.09,0.09,0.0268,2.143,12.03,43897.46,7.41,94.57,8.409,-0,-0.9998,148.72,143.32,152.32,24.96,Cornering,"Hoosier 43075 16x7.5-10 R20, 7 inch rim",19098
78.4,756.013,-7.7,-538.5,-251.99,3.991,9.07,45.19,0.23,0.0306,2.137,12.09,17950.08,7.41,94.56,8.368,-0,-0.9996,148.83,143.32,152.5,24.96,Cornering,"Hoosier 43075 16x7.5-10 R20, 7 inch rim",19099
78.38,756.023,-8.48,-540.68,-254.46,3.99,9.28,45.76,0.09,0.0333,2.1248,12.1,43905.72,7.42,94.55,8.333,-0,-0.9998,148.81,143.08,152.65,24.96,Cornering,"Hoosier 43075 16x7.5-10 R20, 7 inch rim",19100
78.43,756.033,-8.44,-542.59,-256.26,3.988,8.66,45.99,0.16,0.0329,2.1174,12.07,25487.06,7.41,94.52,8.28,-0,-0.9997,148.7,142.86,152.81,24.96,Cornering,"Hoosier 43075 16x7.5-10 R20, 7 inch rim",19101
78.41,756.043,-8.21,-543.14,-257.55,3.997,8.94,45.68,0.09,0.0319,2.1089,11.98,43944.82,7.41,94.5,8.255,-0,-0.9998,148.55,142.71,152.87,24.97,Cornering,"Hoosier 43075 16x7.5-10 R20, 7 inch rim",19102
78.38,756.053,-7.26,-542.33,-257.96,3.997,8.71,44.97,0.09,0.0281,2.1024,11.92,43959.31,7.41,94.47,8.215,-0,-0.9998,148.51,142.71,152.83,24.98,Cornering,"Hoosier 43075 16x7.5-10 R20, 7 inch rim",19103
78.4,756.063,-6.48,-539.28,-256.75,3.985,8.8,44.04,0.16,0.0253,2.1004,11.9,25516.8,7.42,94.45,8.183,-0,-0.9997,148.59,142.75,152.71,24.98,Cornering,"Hoosier 43075 16x7.5-10 R20, 7 inch rim",19104
78.42,756.073,-5.56,-535.81,-255.11,3.991,8.56,43.32,0.09,0.0218,2.1004,11.97,43986.73,7.41,94.45,8.149,-0,-0.9998,148.57,142.77,152.52,24.99,Cornering,"Hoosier 43075 16x7.5-10 R20, 7 inch rim",19105
78.4,756.083,-5.59,-532.5,-253.17,3.982,8.8,42.61,0.03,0.0221,2.1034,12.06,158792.28,7.42,94.47,8.094,-0,-1,148.59,142.82,152.48,25,Cornering,"Hoosier 43075 16x7.5-10 R20, 7 inch rim",19106
78.38,756.093,-5.99,-531.19,-251.92,3.99,8.67,42.88,0.09,0.0238,2.1085,12.18,43995.94,7.41,94.52,8.061,-0,-0.9998,148.64,142.95,152.46,24.99,Cornering,"Hoosier 43075 16x7.5-10 R20, 7 inch rim",19107
78.41,756.103,-6.64,-530.61,-251.55,4,9.25,43.91,0.09,0.0264,2.1094,12.19,44029.1,7.41,94.58,8.037,-0,-0.9998,148.77,143.24,152.48,25.01,Cornering,"Hoosier 43075 16x7.5-10 R20, 7 inch rim",19108
78.41,756.113,-8.32,-531.48,-252.13,3.987,9.7,44.3,0.09,0.033,2.108,12.19,44044.39,7.41,94.63,7.988,-0,-0.9998,148.89,143.41,152.52,25.01,Cornering,"Hoosier 43075 16x7.5-10 R20, 7 inch rim",19109
78.38,756.123,-10.16,-533.41,-253.69,3.987,9.8,44.41,0.16,0.0401,2.1026,12.11,25572.3,7.41,94.65,7.952,-0,-0.9997,148.98,143.41,152.58,25.02,Cornering,"Hoosier 43075 16x7.5-10 R20, 7 inch rim",19110
78.4,756.133,-11.38,-535.62,-255.85,3.994,9.29,44.48,0.16,0.0445,2.0935,12.06,25599.35,7.41,94.7,7.897,-0,-0.9997,148.98,143.32,152.73,25.04,Cornering,"Hoosier 43075 16x7.5-10 R20, 7 inch rim",19111
78.42,756.143,-11.41,-537.1,-257.36,4,8.73,44.94,0.03,0.0443,2.087,12,159172.3,7.41,94.74,7.867,-0,-1,148.87,143.08,152.89,25.04,Cornering,"Hoosier 43075 16x7.5-10 R20, 7 inch rim",19112
78.4,756.153,-10.66,-537.76,-258.96,3.991,8.6,45.09,0.23,0.0411,2.0766,12.03,18027.99,7.41,94.78,7.818,-0,-0.9996,148.74,142.99,152.97,25.03,Cornering,"Hoosier 43075 16x7.5-10 R20, 7 inch rim",19113
78.39,756.163,-9.53,-536.61,-259.6,3.982,8.77,44.99,0.03,0.0367,2.067,12.08,159019.14,7.41,94.81,7.782,-0,-1,148.66,143.02,152.93,25.01,Cornering,"Hoosier 43075 16x7.5-10 R20, 7 inch rim",19114
78.41,756.173,-8.2,-533.85,-259.15,3.985,8.55,44.55,0.16,0.0316,2.06,12.15,25555.23,7.42,94.86,7.741,-0,-0.9997,148.64,142.99,152.81,24.99,Cornering,"Hoosier 43075 16x7.5-10 R20, 7 inch rim",19115
78.41,756.183,-6.76,-530.21,-257.68,3.985,8.22,44.63,0.09,0.0262,2.0576,12.15,44013.34,7.41,94.85,7.692,-0,-0.9998,148.57,143.02,152.75,24.98,Cornering,"Hoosier 43075 16x7.5-10 R20, 7 inch rim",19116
78.38,756.193,-5.86,-526.42,-256.39,3.997,8.51,44.85,0.16,0.0229,2.0532,12.14,25536.5,7.41,94.85,7.655,-0,-0.9997,148.51,142.99,152.65,24.97,Cornering,"Hoosier 43075 16x7.5-10 R20, 7 inch rim",19117
78.4,756.203,-5.71,-524.15,-255.24,3.993,8.85,45.47,0.16,0.0224,2.0535,12.06,25526.71,7.41,94.88,7.619,-0,-0.9997,148.51,143.02,152.63,24.96,Cornering,"Hoosier 43075 16x7.5-10 R20, 7 inch rim",19118
78.42,756.213,-6.75,-523.26,-254.71,4,9.45,46.09,-0.04,0.0265,2.0543,11.99,-98688.41,7.41,94.88,7.582,-0,-1.0001,148.47,143.08,152.65,24.96,Cornering,"Hoosier 43075 16x7.5-10 R20, 7 inch rim",19119
78.4,756.223,-7.75,-523.91,-254.24,3.994,8.99,47.49,0.09,0.0305,2.0607,11.96,43978.8,7.41,94.87,7.524,-0,-0.9998,148.53,143.28,152.71,24.95,Cornering,"Hoosier 43075 16x7.5-10 R20, 7 inch rim",19120
78.38,756.233,-8.78,-525.52,-255.8,3.991,9.2,49,0.16,0.0343,2.0544,12.01,25516.48,7.41,94.83,7.486,-0,-0.9997,148.59,143.32,152.77,24.94,Cornering,"Hoosier 43075 16x7.5-10 R20, 7 inch rim",19121
78.4,756.243,-9.49,-527.15,-256.98,3.982,8.34,50.17,0.09,0.0369,2.0513,12.06,43975.67,7.42,94.78,7.451,-0,-0.9998,148.59,143.21,152.85,24.94,Cornering,"Hoosier 43075 16x7.5-10 R20, 7 inch rim",19122
78.43,756.253,-9.57,-528.58,-259.24,3.99,8.74,51.32,0.03,0.0369,2.039,12.12,158779.52,7.41,94.75,7.42,-0,-1,148.49,142.99,152.95,24.96,Cornering,"Hoosier 43075 16x7.5-10 R20, 7 inch rim",19123
78.39,756.263,-9.13,-529.87,-260.83,3.982,8.18,51.82,0.23,0.035,2.0314,12.12,18004.3,7.42,94.75,7.37,-0,-0.9996,148.25,142.84,152.97,24.97,Cornering,"Hoosier 43075 16x7.5-10 R20, 7 inch rim",19124
78.39,756.273,-8.37,-529.34,-261.84,3.982,8.44,51.68,0.09,0.032,2.0216,12.08,44048.11,7.42,94.74,7.335,-0,-0.9998,148.19,142.86,152.97,24.98,Cornering,"Hoosier 43075 16x7.5-10 R20, 7 inch rim",19125
78.41,756.283,-7.28,-527.47,-262.03,3.99,8.46,51.11,0.03,0.0278,2.013,12,159045.16,7.41,94.79,7.291,-0,-1,148.16,142.88,152.85,24.99,Cornering,"Hoosier 43075 16x7.5-10 R20, 7 inch rim",19126
78.4,756.293,-6.33,-523.51,-260.6,3.987,8.08,50.24,0.16,0.0243,2.0088,11.9,25570.55,7.41,94.78,7.259,-0,-0.9997,148.12,142.95,152.67,24.98,Cornering,"Hoosier 43075 16x7.5-10 R20, 7 inch rim",19127
78.39,756.303,-5.73,-519.55,-259.37,3.991,7.82,49.54,0.16,0.0221,2.0031,11.88,25578.9,7.42,94.81,7.215,-0,-0.9997,148.1,142.95,152.54,24.98,Cornering,"Hoosier 43075 16x7.5-10 R20, 7 inch rim",19128
78.4,756.313,-5.92,-516.07,-257.78,3.99,7.72,49.03,0.09,0.023,2.002,11.92,44073.14,7.42,94.79,7.178,-0,-0.9998,148.08,142.93,152.48,24.98,Cornering,"Hoosier 43075 16x7.5-10 R20, 7 inch rim",19129
78.42,756.323,-6.56,-514.28,-256.83,3.997,7.43,49.33,0.23,0.0255,2.0024,11.98,18025.75,7.42,94.83,7.138,-0,-0.9996,148.12,143.13,152.5,24.99,Cornering,"Hoosier 43075 16x7.5-10 R20, 7 inch rim",19130
78.39,756.333,-8.03,-513.47,-257,3.985,8.31,49.65,0.09,0.0312,1.998,12.08,44101.53,7.42,94.85,7.092,-0,-0.9998,148.19,143.3,152.48,25,Cornering,"Hoosier 43075 16x7.5-10 R20, 7 inch rim",19131
78.39,756.343,-9.3,-514.08,-257.6,4,8.14,50.46,0.16,0.0361,1.9957,12.12,25610.18,7.42,94.89,7.075,-0,-0.9997,148.25,143.41,152.56,25.01,Cornering,"Hoosier 43075 16x7.5-10 R20, 7 inch rim",19132
78.41,756.353,-10.35,-515.22,-259.06,3.987,7.92,51.1,0.09,0.04,1.9888,12.11,44128.93,7.42,94.91,7.016,-0,-0.9998,148.29,143.28,152.63,25.01,Cornering,"Hoosier 43075 16x7.5-10 R20, 7 inch rim",19133
78.41,756.363,-11.27,-516.24,-260.38,3.988,7.36,51.11,0.09,0.0433,1.9826,12.06,44111.58,7.42,94.95,6.982,-0,-0.9998,148.21,143.02,152.73,25,Cornering,"Hoosier 43075 16x7.5-10 R20, 7 inch rim",19134
78.39,756.373,-11.2,-517.19,-262.74,4.003,7.93,51.32,0.03,0.0426,1.9685,11.98,159123.11,7.42,94.98,6.946,-0,-1,148.08,142.82,152.73,24.98,Cornering,"Hoosier 43075 16x7.5-10 R20, 7 inch rim",19135
78.39,756.383,-11,-516.98,-263.26,3.988,7.83,50.68,0.03,0.0418,1.9638,11.97,159026.23,7.42,95,6.903,-0,-1,147.93,142.69,152.75,24.97,Cornering,"Hoosier 43075 16x7.5-10 R20, 7 inch rim",19136
78.42,756.393,-10.16,-515.23,-263.45,3.975,8.51,50.2,0.09,0.0386,1.9557,12,44050.11,7.42,95.02,6.869,-0,-0.9998,147.8,142.58,152.65,24.96,Cornering,"Hoosier 43075 16x7.5-10 R20, 7 inch rim",19137
78.39,756.403,-9.14,-512.38,-262.29,3.994,7.87,49.54,0.09,0.0348,1.9535,12.08,44042.79,7.42,95.01,6.836,-0,-0.9998,147.82,142.64,152.54,24.95,Cornering,"Hoosier 43075 16x7.5-10 R20, 7 inch rim",19138
78.39,756.413,-7.98,-508.6,-260.44,3.988,7.32,49.54,0.09,0.0307,1.9529,12.16,44047.45,7.42,95.05,6.783,-0,-0.9998,147.71,142.55,152.5,24.95,Cornering,"Hoosier 43075 16x7.5-10 R20, 7 inch rim",19139
78.4,756.423,-7.62,-504.87,-258.09,3.988,6.61,49.47,0.09,0.0295,1.9562,12.21,44051.07,7.42,95.1,6.741,-0,-0.9998,147.63,142.53,152.48,24.95,Cornering,"Hoosier 43075 16x7.5-10 R20, 7 inch rim",19140
78.42,756.433,-8.04,-502.17,-256.7,3.993,6.11,49.98,0.09,0.0313,1.9563,12.2,44065.53,7.42,95.14,6.692,-0,-0.9998,147.63,142.6,152.5,24.96,Cornering,"Hoosier 43075 16x7.5-10 R20, 7 inch rim",19141
78.38,756.443,-9.06,-500.59,-257.2,4,6.78,50.8,0.16,0.0352,1.9463,12.14,25584.3,7.42,95.18,6.655,-0,-0.9997,147.63,142.73,152.52,24.96,Cornering,"Hoosier 43075 16x7.5-10 R20, 7 inch rim",19142
78.39,756.453,-9.86,-499.61,-257.97,4,7.21,52.13,0.09,0.0382,1.9367,12.05,44113,7.42,95.24,6.617,-0,-0.9998,147.67,142.86,152.58,24.98,Cornering,"Hoosier 43075 16x7.5-10 R20, 7 inch rim",19143
78.42,756.463,-11.03,-498.89,-259.46,3.993,7.38,52.76,0.16,0.0425,1.9228,12,25623.99,7.43,95.24,6.574,-0,-0.9997,147.67,142.86,152.65,25,Cornering,"Hoosier 43075 16x7.5-10 R20, 7 inch rim",19144
78.4,756.473,-11.35,-498.93,-261.29,3.99,7.53,53.91,0.09,0.0434,1.9095,12,44150.03,7.43,95.25,6.542,-0,-0.9998,147.52,142.6,152.73,25,Cornering,"Hoosier 43075 16x7.5-10 R20, 7 inch rim",19145
78.37,756.483,-11.24,-499.08,-263.87,3.996,8.13,54.47,0.09,0.0426,1.8914,12.08,44153.53,7.43,95.27,6.501,-0,-0.9998,147.41,142.38,152.77,25,Cornering,"Hoosier 43075 16x7.5-10 R20, 7 inch rim",19146
78.41,756.493,-10.62,-498.85,-265.41,4.009,7.99,54.77,0.09,0.04,1.8796,12.14,44157.24,7.43,95.24,6.456,-0,-0.9998,147.14,142.31,152.71,25,Cornering,"Hoosier 43075 16x7.5-10 R20, 7 inch rim",19147
78.41,756.503,-9.59,-497.69,-265.87,3.984,8.39,54.61,0.16,0.0361,1.8719,12.17,25655.16,7.43,95.24,6.422,-0,-0.9997,146.98,142.18,152.67,25.02,Cornering,"Hoosier 43075 16x7.5-10 R20, 7 inch rim",19148
78.38,756.513,-8.19,-495.43,-264.75,3.984,7.25,54.28,0.09,0.0309,1.8713,12.14,44244.98,7.43,95.26,6.386,-0,-0.9998,146.88,142.14,152.54,25.04,Cornering,"Hoosier 43075 16x7.5-10 R20, 7 inch rim",19149
78.39,756.523,-7.06,-491.68,-262.94,3.994,6.39,53.82,0.16,0.0269,1.8699,12.08,25689.13,7.43,95.25,6.333,-0,-0.9997,146.77,142.18,152.42,25.05,Cornering,"Hoosier 43075 16x7.5-10 R20, 7 inch rim",19150
78.42,756.533,-5.85,-487.92,-260.75,3.987,5.49,54.24,0.16,0.0224,1.8713,11.98,25666.91,7.43,95.25,6.3,-0,-0.9997,146.66,142.07,152.36,25.03,Cornering,"Hoosier 43075 16x7.5-10 R20, 7 inch rim",19151
78.4,756.543,-6.43,-484.63,-258.93,3.99,4.76,53.99,0.16,0.0248,1.8716,11.93,25662.92,7.43,95.25,6.259,-0,-0.9997,146.6,142.09,152.38,25.02,Cornering,"Hoosier 43075 16x7.5-10 R20, 7 inch rim",19152
78.38,756.553,-7.51,-482.04,-258.11,3.991,4.88,54.35,0.03,0.0291,1.8676,11.92,159418.92,7.44,95.24,6.223,-0,-1,146.56,142.27,152.42,25,Cornering,"Hoosier 43075 16x7.5-10 R20, 7 inch rim",19153
78.4,756.563,-8.97,-480.12,-258.87,3.991,5.93,54.91,0.03,0.0347,1.8547,11.97,159321.64,7.44,95.23,6.176,-0,-1,146.6,142.36,152.44,24.98,Cornering,"Hoosier 43075 16x7.5-10 R20, 7 inch rim",19154
78.42,756.573,-10.45,-479.1,-260.39,3.997,6.74,55.31,0.03,0.0401,1.8399,12.03,159364.77,7.44,95.24,6.154,-0,-1,146.58,142.33,152.44,24.98,Cornering,"Hoosier 43075 16x7.5-10 R20, 7 inch rim",19155
78.39,756.583,-11.05,-478.55,-261.64,3.993,6.48,56.09,0.03,0.0422,1.829,12.1,159489.95,7.44,95.24,6.104,-0,-1,146.49,142.14,152.42,25,Cornering,"Hoosier 43075 16x7.5-10 R20, 7 inch rim",19156
78.38,756.593,-11.69,-478.35,-264.58,3.988,7.72,56.12,0.16,0.0442,1.8079,12.09,25683.73,7.44,95.21,6.065,-0,-0.9997,146.32,141.85,152.4,25.03,Cornering,"Hoosier 43075 16x7.5-10 R20, 7 inch rim",19157
78.41,756.603,-11.17,-477.93,-266.45,3.99,7.5,56.33,0.03,0.0419,1.7937,12.04,159732.42,7.44,95.16,6.031,-0,-1,146.08,141.65,152.36,25.04,Cornering,"Hoosier 43075 16x7.5-10 R20, 7 inch rim",19158
78.41,756.613,-10.4,-476.94,-267.44,3.994,7.45,56.11,-0.04,0.0389,1.7834,11.96,-99302.57,7.44,95.16,5.977,-0,-1.0001,145.91,141.56,152.24,25.04,Cornering,"Hoosier 43075 16x7.5-10 R20, 7 inch rim",19159
78.38,756.623,-9.06,-474.99,-266.12,3.984,5.78,55.62,0.09,0.034,1.7849,11.89,44229.27,7.44,95.17,5.939,-0,-0.9998,145.76,141.48,152.08,25.01,Cornering,"Hoosier 43075 16x7.5-10 R20, 7 inch rim",19160
78.4,756.633,-8.25,-471.71,-264.27,3.993,4.65,54.68,0.23,0.0312,1.7849,11.89,18063.7,7.44,95.16,5.915,-0,-0.9996,145.59,141.37,151.96,24.98,Cornering,"Hoosier 43075 16x7.5-10 R20, 7 inch rim",19161
78.42,756.643,-7.44,-467.94,-262.63,4.004,3.93,54.26,0.09,0.0283,1.7818,11.96,44174.08,7.44,95.13,5.856,-0,-0.9998,145.44,141.23,151.84,24.98,Cornering,"Hoosier 43075 16x7.5-10 R20, 7 inch rim",19162
78.4,756.653,-7.64,-463.74,-260.06,3.993,3.06,54.01,0.09,0.0294,1.7832,12.06,44176.12,7.45,95.1,5.829,-0,-0.9998,145.4,141.17,151.8,24.98,Cornering,"Hoosier 43075 16x7.5-10 R20, 7 inch rim",19163
78.38,756.663,-8.4,-459.75,-259.03,3.987,3.93,54.49,0.16,0.0324,1.7749,12.17,25630.52,7.45,95.05,5.789,-0,-0.9997,145.29,141.23,151.84,24.97,Cornering,"Hoosier 43075 16x7.5-10 R20, 7 inch rim",19164
78.42,756.673,-9.68,-457.14,-258.6,3.987,4.04,55.11,0.09,0.0374,1.7678,12.22,44161.79,7.45,95.01,5.746,-0,-0.9998,145.27,141.34,151.86,24.97,Cornering,"Hoosier 43075 16x7.5-10 R20, 7 inch rim",19165
78.42,756.683,-10.87,-455.05,-259.78,3.994,5.29,56.07,0.09,0.0418,1.7517,12.19,44143.8,7.45,94.97,5.712,-0,-0.9998,145.23,141.3,151.84,24.96,Cornering,"Hoosier 43075 16x7.5-10 R20, 7 inch rim",19166
78.39,756.693,-12.1,-453.82,-261.98,3.996,6.43,56.61,0.09,0.0462,1.7322,12.14,44137.1,7.45,94.92,5.663,-0,-0.9998,145.1,141.12,151.82,24.95,Cornering,"Hoosier 43075 16x7.5-10 R20, 7 inch rim",19167
78.4,756.703,-12.01,-453.52,-264.11,3.987,6.2,57.71,0.09,0.0455,1.7172,12.06,44130.46,7.45,94.89,5.613,-0,-0.9998,144.97,140.84,151.78,24.94,Cornering,"Hoosier 43075 16x7.5-10 R20, 7 inch rim",19168
78.42,756.713,-11.71,-453.51,-266.84,3.988,6.16,57.99,0.03,0.0439,1.6996,12.01,159300.39,7.45,94.91,5.574,-0,-1,144.71,140.66,151.68,24.95,Cornering,"Hoosier 43075 16x7.5-10 R20, 7 inch rim",19169
78.4,756.723,-10.93,-453.27,-268.21,3.987,5.33,58.06,0.23,0.0408,1.69,12,18041.59,7.45,94.92,5.534,-0,-0.9996,144.54,140.51,151.59,24.94,Cornering,"Hoosier 43075 16x7.5-10 R20, 7 inch rim",19170
78.38,756.733,-9.41,-451.59,-268.08,3.997,4.16,58.03,0.09,0.0351,1.6845,12.08,44158.61,7.45,94.94,5.505,-0,-0.9998,144.37,140.51,151.41,24.96,Cornering,"Hoosier 43075 16x7.5-10 R20, 7 inch rim",19171
78.41,756.743,-8.42,-448.88,-266.57,3.99,3.13,57.06,0.03,0.0316,1.6839,12.14,159401.8,7.46,94.92,5.467,-0,-1,144.17,140.48,151.25,24.96,Cornering,"Hoosier 43075 16x7.5-10 R20, 7 inch rim",19172
78.41,756.753,-7.39,-444.53,-264.13,3.988,2.31,56.84,0.16,0.028,1.683,12.16,25646.09,7.46,94.92,5.415,-0,-0.9997,143.98,140.33,151.15,24.97,Cornering,"Hoosier 43075 16x7.5-10 R20, 7 inch rim",19173
78.39,756.763,-7.19,-440.01,-261.77,3.987,2.05,56.62,0.09,0.0275,1.6809,12.14,44208.52,7.46,94.9,5.378,-0,-0.9998,143.81,140.24,151.09,24.98,Cornering,"Hoosier 43075 16x7.5-10 R20, 7 inch rim",19174
78.4,756.773,-7.82,-435.63,-259.71,3.987,2.03,57.06,0.03,0.0301,1.6774,12.06,159616.91,7.46,94.88,5.347,-0,-1,143.7,140.24,151.09,24.99,Cornering,"Hoosier 43075 16x7.5-10 R20, 7 inch rim",19175
78.42,756.783,-9.45,-431.91,-259.3,3.984,3.4,57.46,0.09,0.0364,1.6657,11.96,44204.11,7.46,94.87,5.292,-0,-0.9998,143.68,140.35,151.11,24.97,Cornering,"Hoosier 43075 16x7.5-10 R20, 7 inch rim",19176
78.4,756.793,-10.93,-429.38,-260.27,3.993,4.23,58.37,0.03,0.042,1.6497,11.92,159525.47,7.46,94.9,5.266,-0,-1,143.7,140.31,151.05,24.97,Cornering,"Hoosier 43075 16x7.5-10 R20, 7 inch rim",19177
78.38,756.803,-11.92,-428.03,-261.82,3.99,4.8,59.36,0.03,0.0455,1.6348,11.93,159536.88,7.47,94.89,5.219,-0,-1,143.66,140.13,151.01,24.97,Cornering,"Hoosier 43075 16x7.5-10 R20, 7 inch rim",19178
78.4,756.813,-12.02,-427.55,-264.55,3.991,4.91,60.45,0.23,0.0455,1.6162,11.97,18076.85,7.47,94.9,5.173,-0,-0.9996,143.62,139.87,150.93,24.97,Cornering,"Hoosier 43075 16x7.5-10 R20, 7 inch rim",19179
78.42,756.823,-11.67,-427.56,-266.89,3.988,4.61,61.15,0.09,0.0437,1.602,12.07,44285.59,7.47,94.89,5.147,-0,-0.9998,143.47,139.56,150.85,25.01,Cornering,"Hoosier 43075 16x7.5-10 R20, 7 inch rim",19180
78.39,756.833,-10.96,-427.63,-268.59,3.998,3.5,61.15,0.09,0.0408,1.5921,12.11,44309.11,7.47,94.85,5.102,-0,-0.9998,143.38,139.47,150.75,25.03,Cornering,"Hoosier 43075 16x7.5-10 R20, 7 inch rim",19181
78.38,756.843,-10.11,-426.67,-268.98,3.99,2.23,60.35,0.09,0.0376,1.5862,12.11,44322.16,7.47,94.83,5.059,-0,-0.9998,143.25,139.41,150.64,25.03,Cornering,"Hoosier 43075 16x7.5-10 R20, 7 inch rim",19182
78.42,756.853,-8.55,-423.95,-267.95,3.998,1.32,59.9,0.09,0.0319,1.5822,12.03,44314.84,7.47,94.84,5.013,-0,-0.9998,143.14,139.34,150.5,25.03,Cornering,"Hoosier 43075 16x7.5-10 R20, 7 inch rim",19183
78.4,756.863,-7.73,-419.95,-264.74,3.988,0.12,59.07,0.09,0.0292,1.5862,11.95,44276.52,7.47,94.86,4.97,-0,-0.9998,143.08,139.19,150.4,25,Cornering,"Hoosier 43075 16x7.5-10 R20, 7 inch rim",19184
78.38,756.873,-7.46,-414.82,-262.32,3.998,0.01,58.73,0.16,0.0285,1.5814,11.87,25688.2,7.48,94.82,4.938,-0,-0.9997,142.99,139.1,150.28,24.99,Cornering,"Hoosier 43075 16x7.5-10 R20, 7 inch rim",19185
78.4,756.883,-7.79,-409.33,-260.26,3.982,1.18,59.04,0.03,0.0299,1.5728,11.87,159614.72,7.48,94.82,4.884,-0,-1,142.93,139.08,150.26,24.97,Cornering,"Hoosier 43075 16x7.5-10 R20, 7 inch rim",19186
78.42,756.893,-9.05,-405.08,-258.96,3.996,1.36,59.57,0.09,0.035,1.5642,11.92,44231.92,7.48,94.83,4.863,-0,-0.9998,142.91,139.1,150.22,24.97,Cornering,"Hoosier 43075 16x7.5-10 R20, 7 inch rim",19187
78.39,756.903,-10.44,-401.94,-259.31,3.994,2.45,60.47,0.09,0.0403,1.55,12.01,44245.53,7.48,94.84,4.808,-0,-0.9998,142.89,139.12,150.14,24.98,Cornering,"Hoosier 43075 16x7.5-10 R20, 7 inch rim",19188
78.38,756.913,-11.66,-400.46,-260.56,3.994,2.82,61.51,0.16,0.0447,1.5369,12.09,25687.79,7.48,94.84,4.784,-0,-0.9997,142.84,138.97,150.08,24.98,Cornering,"Hoosier 43075 16x7.5-10 R20, 7 inch rim",19189
78.42,756.923,-12.01,-400.29,-263.42,4,3.13,62.79,0.09,0.0456,1.5196,12.1,44239.17,7.48,94.9,4.744,-0,-0.9998,142.76,138.66,149.94,24.97,Cornering,"Hoosier 43075 16x7.5-10 R20, 7 inch rim",19190
78.4,756.933,-11.94,-400.43,-266.19,3.998,2.63,63.41,0.03,0.0449,1.5043,12.07,159766.77,7.48,94.9,4.698,-0,-1,142.59,138.33,149.82,24.99,Cornering,"Hoosier 43075 16x7.5-10 R20, 7 inch rim",19191
78.38,756.943,-11.33,-400.27,-268.62,3.993,2.08,63.64,-0.04,0.0422,1.4901,11.99,-99296.03,7.48,94.89,4.664,-0,-1.0001,142.41,138.15,149.65,24.98,Cornering,"Hoosier 43075 16x7.5-10 R20, 7 inch rim",19192
78.4,756.953,-10.7,-399.43,-269.47,3.979,1.15,62.89,0.03,0.0397,1.4823,11.9,159819.41,7.49,94.88,4.625,-0,-1,142.33,138.04,149.49,25,Cornering,"Hoosier 43075 16x7.5-10 R20, 7 inch rim",19193
78.42,756.963,-9.39,-397.41,-267.59,3.994,-1.26,62.31,0.03,0.0351,1.4852,11.87,159864.33,7.48,94.89,4.588,-0,-1,142.18,137.95,149.37,25,Cornering,"Hoosier 43075 16x7.5-10 R20, 7 inch rim",19194
78.4,756.973,-8.25,-393.3,-265.92,3.99,-0.63,61.48,0.03,0.031,1.479,11.89,159872.7,7.49,94.9,4.548,-0,-1,142.05,137.93,149.21,25,Cornering,"Hoosier 43075 16x7.5-10 R20, 7 inch rim",19195
78.39,756.983,-8.01,-388.19,-263.21,3.998,-0.35,60.91,0.09,0.0304,1.4748,11.97,44314.81,7.49,94.92,4.505,-0,-0.9998,141.99,137.78,149.07,25.01,Cornering,"Hoosier 43075 16x7.5-10 R20, 7 inch rim",19196
78.41,756.993,-8.45,-382.48,-259.88,3.987,-0.17,60.72,0.03,0.0325,1.4717,12.06,159961.61,7.49,94.93,4.476,-0,-1,141.9,137.73,149.05,25.01,Cornering,"Hoosier 43075 16x7.5-10 R20, 7 inch rim",19197
78.4,757.003,-9.72,-377.45,-258.48,4,0.27,60.94,0.16,0.0376,1.4603,12.11,25753.39,7.49,94.93,4.432,-0,-0.9997,141.86,137.82,149.01,25.04,Cornering,"Hoosier 43075 16x7.5-10 R20, 7 inch rim",19198
78.38,757.013,-10.93,-373.42,-258.23,3.998,1.29,61.85,0.09,0.0423,1.4461,12.11,44361.64,7.49,94.96,4.403,-0,-0.9998,141.86,137.82,148.93,25.03,Cornering,"Hoosier 43075 16x7.5-10 R20, 7 inch rim",19199
78.4,757.023,-12.55,-371.63,-259.45,3.996,0.98,62.26,0.16,0.0484,1.4324,12.04,25738.1,7.5,94.99,4.351,-0,-0.9997,141.84,137.65,148.89,25.02,Cornering,"Hoosier 43075 16x7.5-10 R20, 7 inch rim",19200
78.43,757.033,-12.89,-370.87,-261.48,3.979,0.46,63.66,0.03,0.0493,1.4184,11.95,159884.55,7.5,95.04,4.306,-0,-1,141.75,137.43,148.73,25,Cornering,"Hoosier 43075 16x7.5-10 R20, 7 inch rim",19201
78.4,757.043,-12.89,-370.97,-265.07,3.985,0.01,64.5,0.09,0.0486,1.3995,11.94,44286.52,7.5,95.05,4.274,-0,-0.9998,141.6,137.05,148.6,24.98,Cornering,"Hoosier 43075 16x7.5-10 R20, 7 inch rim",19202
78.38,757.053,-12.41,-371,-267.33,3.993,-1.25,65.17,0.09,0.0464,1.3878,11.95,44329.84,7.5,95.05,4.233,-0,-0.9998,141.49,136.83,148.42,25.01,Cornering,"Hoosier 43075 16x7.5-10 R20, 7 inch rim",19203
78.41,757.063,-11.35,-369.96,-269.03,3.987,-1.35,64.94,-0.04,0.0422,1.3751,12.05,-99540.45,7.5,95.05,4.185,-0,-1.0001,141.34,136.72,148.28,25.03,Cornering,"Hoosier 43075 16x7.5-10 R20, 7 inch rim",19204
78.41,757.073,-10.11,-367.68,-268.27,3.988,-2.26,64.5,0.09,0.0377,1.3705,12.14,44395.36,7.5,95.07,4.16,-0,-0.9998,141.21,136.61,148.08,25.04,Cornering,"Hoosier 43075 16x7.5-10 R20, 7 inch rim",19205
78.38,757.083,-8.88,-363.62,-266.08,3.993,-2.38,63.73,0.03,0.0334,1.3666,12.16,160256.66,7.5,95.11,4.105,-0,-1,141.11,136.59,147.92,25.05,Cornering,"Hoosier 43075 16x7.5-10 R20, 7 inch rim",19206
78.4,757.093,-8.69,-358.41,-262.59,3.998,-2.85,62.71,0.03,0.0331,1.3649,12.14,160187.81,7.5,95.14,4.076,-0,-1,140.98,136.43,147.78,25.04,Cornering,"Hoosier 43075 16x7.5-10 R20, 7 inch rim",19207
78.42,757.103,-8.39,-352.34,-260,3.996,-2,63.02,0.03,0.0323,1.3552,12.04,160045.81,7.51,95.13,4.042,-0,-1,140.89,136.39,147.61,25.01,Cornering,"Hoosier 43075 16x7.5-10 R20, 7 inch rim",19208
78.4,757.113,-9.41,-346.58,-257.47,3.982,-1.93,62.99,0.03,0.0365,1.3461,11.94,159905.81,7.51,95.16,3.996,-0,-1,140.87,136.43,147.55,24.99,Cornering,"Hoosier 43075 16x7.5-10 R20, 7 inch rim",19209
78.38,757.123,-10.68,-342.39,-257.63,3.997,-1.33,63.82,0.09,0.0415,1.329,11.89,44314.1,7.51,95.14,3.939,-0,-0.9998,140.87,136.43,147.49,24.99,Cornering,"Hoosier 43075 16x7.5-10 R20, 7 inch rim",19210
78.4,757.133,-11.97,-339.65,-258.84,3.984,-1.14,64.68,0.03,0.0463,1.3122,11.88,159885.38,7.51,95.14,3.903,-0,-1,140.89,136.37,147.43,24.98,Cornering,"Hoosier 43075 16x7.5-10 R20, 7 inch rim",19211
78.42,757.143,-12.51,-338.11,-261.45,3.991,-1.35,65.8,0.09,0.0478,1.2932,11.95,44296.98,7.51,95.08,3.869,-0,-0.9998,140.81,136.1,147.33,24.98,Cornering,"Hoosier 43075 16x7.5-10 R20, 7 inch rim",19212
78.38,757.153,-12.8,-336.98,-264.53,3.985,-1.65,66.5,0.03,0.0484,1.2739,12.03,159861.78,7.51,95.05,3.826,-0,-1,140.68,135.84,147.17,24.98,Cornering,"Hoosier 43075 16x7.5-10 R20, 7 inch rim",19213
78.38,757.163,-12.55,-336.04,-267.19,3.985,-2.6,66.86,0.03,0.047,1.2577,12.08,159868.19,7.52,95.04,3.789,-0,-1,140.63,135.58,147.03,24.98,Cornering,"Hoosier 43075 16x7.5-10 R20, 7 inch rim",19214
78.42,757.173,-11.85,-334.69,-269.16,3.996,-3.2,66.82,0.09,0.044,1.2435,12.08,44302.98,7.51,95.05,3.743,-0,-0.9998,140.48,135.44,146.93,24.98,Cornering,"Hoosier 43075 16x7.5-10 R20, 7 inch rim",19215
78.4,757.183,-10.93,-332.11,-268.34,3.996,-4.54,66.08,-0.04,0.0407,1.2376,12.03,-99385.65,7.52,95.08,3.711,-0,-1.0001,140.33,135.33,146.85,24.98,Cornering,"Hoosier 43075 16x7.5-10 R20, 7 inch rim",19216
78.38,757.193,-9.41,-328.33,-266.46,3.991,-4.81,65.65,0.16,0.0353,1.2322,11.93,25728.4,7.52,95.09,3.663,-0,-0.9997,140.25,135.25,146.64,24.99,Cornering,"Hoosier 43075 16x7.5-10 R20, 7 inch rim",19217
78.41,757.203,-8.89,-323.1,-263.11,3.991,-5.13,64.78,0.09,0.0338,1.228,11.84,44328.48,7.52,95.13,3.635,-0,-0.9998,140.12,135.07,146.52,24.99,Cornering,"Hoosier 43075 16x7.5-10 R20, 7 inch rim",19218
78.42,757.213,-8.82,-317.1,-259.86,4.004,-5.23,64.37,0.09,0.0339,1.2203,11.83,44331.18,7.52,95.18,3.575,-0,-0.9998,140.03,135.09,146.42,24.99,Cornering,"Hoosier 43075 16x7.5-10 R20, 7 inch rim",19219
78.39,757.223,-9.68,-311.19,-257.36,3.997,-4.92,64.19,0.09,0.0376,1.2091,11.88,44342.98,7.52,95.23,3.541,-0,-0.9998,140.03,135.11,146.36,25,Cornering,"Hoosier 43075 16x7.5-10 R20, 7 inch rim",19220
78.38,757.233,-10.88,-306.54,-256.9,3.993,-4.36,64.44,0.03,0.0423,1.1932,11.97,160175.55,7.53,95.27,3.498,-0,-1,140.05,135.14,146.3,25.02,Cornering,"Hoosier 43075 16x7.5-10 R20, 7 inch rim",19221
78.41,757.243,-11.8,-302.97,-257.1,4.001,-4.46,65.45,0.03,0.0459,1.1784,12.06,160218.7,7.52,95.34,3.459,-0,-1,140.05,135.22,146.26,25.03,Cornering,"Hoosier 43075 16x7.5-10 R20, 7 inch rim",19222
78.4,757.253,-12.81,-300.33,-259.58,4.001,-3.67,66.11,0.09,0.0493,1.157,12.08,44430.15,7.53,95.37,3.428,-0,-0.9998,139.99,134.92,146.08,25.04,Cornering,"Hoosier 43075 16x7.5-10 R20, 7 inch rim",19223
78.38,757.263,-12.96,-298.9,-262.38,3.99,-4.32,66.93,0.03,0.0494,1.1392,12.06,160231.62,7.53,95.4,3.375,-0,-1,139.9,134.59,145.94,25.03,Cornering,"Hoosier 43075 16x7.5-10 R20, 7 inch rim",19224
78.4,757.273,-12.65,-297.27,-265.91,3.984,-4.44,67.35,0.16,0.0476,1.118,11.99,25754.75,7.53,95.38,3.328,-0,-0.9997,139.75,134.37,145.75,25.01,Cornering,"Hoosier 43075 16x7.5-10 R20, 7 inch rim",19225
78.42,757.283,-12.12,-295.76,-268.02,3.994,-5.63,67.18,0.09,0.0452,1.1035,11.93,44332.68,7.53,95.39,3.299,-0,-0.9998,139.58,134.15,145.67,24.98,Cornering,"Hoosier 43075 16x7.5-10 R20, 7 inch rim",19226
78.39,757.293,-11.19,-293.09,-268.39,3.988,-6.29,66.4,0.03,0.0417,1.0921,11.92,159913.11,7.53,95.4,3.27,-0,-1,139.48,134.1,145.51,24.97,Cornering,"Hoosier 43075 16x7.5-10 R20, 7 inch rim",19227
78.39,757.303,-9.99,-289.13,-267.08,3.99,-6.23,65.71,0.16,0.0374,1.0826,11.97,25733.5,7.53,95.39,3.216,-0,-0.9997,139.3,133.97,145.43,24.98,Cornering,"Hoosier 43075 16x7.5-10 R20, 7 inch rim",19228
78.41,757.313,-8.98,-284.53,-263.75,3.993,-7.02,64.98,0.03,0.0341,1.0788,12.05,160223,7.53,95.36,3.18,-0,-1,139.2,134.01,145.27,25.02,Cornering,"Hoosier 43075 16x7.5-10 R20, 7 inch rim",19229
78.41,757.323,-8.94,-278.69,-260.07,3.987,-7.34,64.27,0.09,0.0344,1.0716,12.13,44410.16,7.54,95.33,3.162,-0,-0.9998,139.07,133.95,145.13,25.03,Cornering,"Hoosier 43075 16x7.5-10 R20, 7 inch rim",19230
78.38,757.333,-9.27,-272.27,-258.1,3.985,-5.58,64.33,0.03,0.0359,1.0549,12.15,160233.39,7.54,95.27,3.106,-0,-1,138.98,133.9,145.09,25.02,Cornering,"Hoosier 43075 16x7.5-10 R20, 7 inch rim",19231
78.39,757.343,-10.62,-267.38,-256.83,3.982,-6.22,64.13,0.03,0.0414,1.0411,12.1,160126.94,7.54,95.23,3.07,-0,-1,138.94,133.99,145.13,25,Cornering,"Hoosier 43075 16x7.5-10 R20, 7 inch rim",19232
78.42,757.353,-11.95,-263.23,-256.44,3.996,-6.74,64.55,0.09,0.0466,1.0265,12.03,44332.29,7.54,95.19,3.046,-0,-0.9998,138.92,133.93,145.03,24.98,Cornering,"Hoosier 43075 16x7.5-10 R20, 7 inch rim",19233
78.39,757.363,-13.46,-260.34,-257.9,3.993,-7.17,64.54,0.16,0.0522,1.0094,11.93,25708.55,7.54,95.13,2.994,-0,-0.9997,138.92,133.71,144.87,24.96,Cornering,"Hoosier 43075 16x7.5-10 R20, 7 inch rim",19234
78.38,757.373,-13.61,-258.43,-261.28,4.003,-7.07,65.44,0.03,0.0521,0.9891,11.91,159769.06,7.54,95.08,2.97,-0,-1,138.87,133.33,144.68,24.94,Cornering,"Hoosier 43075 16x7.5-10 R20, 7 inch rim",19235
78.41,757.383,-13.62,-256.52,-264.28,3.985,-7.45,65.53,0.09,0.0515,0.9706,11.93,44285.6,7.54,95.05,2.915,-0,-0.9998,138.79,132.98,144.48,24.95,Cornering,"Hoosier 43075 16x7.5-10 R20, 7 inch rim",19236
78.41,757.393,-13.2,-254.51,-266.69,3.991,-8.02,65.1,0.16,0.0495,0.9543,11.99,25698.73,7.54,95.05,2.892,-0,-0.9997,138.64,132.71,144.3,24.94,Cornering,"Hoosier 43075 16x7.5-10 R20, 7 inch rim",19237
78.39,757.403,-12.53,-251.88,-266.71,3.997,-9.49,64.18,0.09,0.047,0.9444,12.07,44277.87,7.54,95.05,2.842,-0,-0.9998,138.51,132.6,144.14,24.94,Cornering,"Hoosier 43075 16x7.5-10 R20, 7 inch rim",19238
78.39,757.413,-11.6,-248.07,-265.57,4,-9.41,63.14,0.03,0.0437,0.9341,12.11,159714.11,7.54,95.05,2.818,-0,-1,138.4,132.56,143.94,24.93,Cornering,"Hoosier 43075 16x7.5-10 R20, 7 inch rim",19239
78.42,757.423,-10.78,-243.58,-262.52,3.988,-10.03,62,0.16,0.0411,0.9279,12.1,25683.21,7.55,95.03,2.772,-0,-0.9997,138.27,132.52,143.83,24.93,Cornering,"Hoosier 43075 16x7.5-10 R20, 7 inch rim",19240
78.4,757.433,-10.26,-237.71,-259.2,3.977,-9.41,61.38,0.16,0.0396,0.9171,12.03,25708.01,7.55,95.03,2.725,-0,-0.9997,138.12,132.54,143.73,24.95,Cornering,"Hoosier 43075 16x7.5-10 R20, 7 inch rim",19241
78.38,757.443,-10.61,-231.56,-255.85,3.987,-9.98,60.96,0.16,0.0415,0.9051,11.93,25720.72,7.55,95.01,2.685,-0,-0.9997,138.08,132.63,143.63,24.96,Cornering,"Hoosier 43075 16x7.5-10 R20, 7 inch rim",19242
78.4,757.453,-11.63,-225.89,-254.58,3.991,-9.14,60.99,0.16,0.0457,0.8873,11.87,25721.87,7.55,95,2.623,-0,-0.9997,138.06,132.65,143.53,24.96,Cornering,"Hoosier 43075 16x7.5-10 R20, 7 inch rim",19243
78.41,757.463,-13.02,-220.91,-254.59,3.993,-8.48,61.22,0.03,0.0512,0.8677,11.85,160000.58,7.55,94.97,2.593,-0,-1,138.08,132.65,143.49,24.97,Cornering,"Hoosier 43075 16x7.5-10 R20, 7 inch rim",19244
78.39,757.473,-14,-217.42,-255.9,3.997,-8.6,61.78,0.09,0.0547,0.8496,11.92,44298.02,7.55,94.97,2.539,-0,-0.9998,138.08,132.43,143.33,24.95,Cornering,"Hoosier 43075 16x7.5-10 R20, 7 inch rim",19245
78.39,757.483,-14.63,-214.76,-258.57,3.987,-8.68,62.46,0.16,0.0566,0.8306,11.98,25718.14,7.56,94.96,2.497,-0,-0.9997,138,132.14,143.23,24.96,Cornering,"Hoosier 43075 16x7.5-10 R20, 7 inch rim",19246
78.42,757.493,-14.23,-212.41,-261.64,3.994,-9.48,63.47,0.09,0.0544,0.8118,12.03,44321,7.55,94.94,2.458,-0,-0.9998,137.89,131.75,143.01,24.96,Cornering,"Hoosier 43075 16x7.5-10 R20, 7 inch rim",19247
78.4,757.503,-13.59,-209.92,-264.24,3.99,-10.8,63.75,0.03,0.0514,0.7944,12.01,160020.69,7.56,94.9,2.407,-0,-1,137.78,131.48,142.86,24.97,Cornering,"Hoosier 43075 16x7.5-10 R20, 7 inch rim",19248
78.38,757.513,-12.52,-206.93,-265.04,3.993,-12.09,63.43,0.03,0.0473,0.7807,11.94,160211.38,7.56,94.9,2.358,-0,-1,137.74,131.35,142.76,25,Cornering,"Hoosier 43075 16x7.5-10 R20, 7 inch rim",19249
78.4,757.523,-11.33,-202.96,-263.89,3.994,-12.7,62.75,0.16,0.0429,0.7691,11.86,25780.88,7.56,94.89,2.317,-0,-0.9997,137.61,131.26,142.62,25.01,Cornering,"Hoosier 43075 16x7.5-10 R20, 7 inch rim",19250
78.42,757.533,-10.04,-198.14,-261.38,3.996,-12.67,62.07,0.03,0.0384,0.7581,11.84,160330.36,7.56,94.87,2.282,-0,-1,137.52,131.17,142.5,25.02,Cornering,"Hoosier 43075 16x7.5-10 R20, 7 inch rim",19251
78.38,757.543,-8.99,-192.26,-258.13,3.977,-12.4,61.66,-0.11,0.0348,0.7448,11.86,-38034.95,7.56,94.86,2.245,-0,-1.0002,137.39,131.13,142.36,25.03,Cornering,"Hoosier 43075 16x7.5-10 R20, 7 inch rim",19252
78.38,757.553,-8.9,-185.88,-255.79,3.99,-11.31,61.45,0.09,0.0348,0.7267,11.93,44451.72,7.56,94.88,2.198,-0,-0.9998,137.35,131.22,142.24,25.03,Cornering,"Hoosier 43075 16x7.5-10 R20, 7 inch rim",19253
78.42,757.563,-9.42,-179.81,-253.69,4.003,-11.46,61.84,0.09,0.0371,0.7088,12.02,44473.04,7.56,94.92,2.169,-0,-0.9998,137.31,131.33,142.16,25.04,Cornering,"Hoosier 43075 16x7.5-10 R20, 7 inch rim",19254
78.41,757.573,-10.41,-174.53,-253.35,3.985,-11,61.97,0.23,0.0411,0.6889,12.11,18179.81,7.57,94.94,2.125,-0,-0.9996,137.37,131.31,142.04,25.04,Cornering,"Hoosier 43075 16x7.5-10 R20, 7 inch rim",19255
78.37,757.583,-12.26,-170.45,-254.23,3.996,-11.31,61.51,0.09,0.0482,0.6704,12.14,44454.29,7.56,94.96,2.096,-0,-0.9998,137.37,131.2,141.89,25.03,Cornering,"Hoosier 43075 16x7.5-10 R20, 7 inch rim",19256
78.39,757.593,-13.05,-167.83,-256.44,3.993,-12.54,61.8,0.09,0.0509,0.6545,12.1,44413.67,7.57,94.92,2.073,-0,-0.9998,137.29,130.98,141.69,25.01,Cornering,"Hoosier 43075 16x7.5-10 R20, 7 inch rim",19257
78.42,757.603,-13.75,-165.31,-259.47,3.993,-13.2,61.28,0.09,0.053,0.6371,12.02,44414.66,7.57,94.87,2.032,-0,-0.9998,137.22,130.58,141.45,25.01,Cornering,"Hoosier 43075 16x7.5-10 R20, 7 inch rim",19258
78.39,757.613,-13.35,-162.95,-262.6,3.997,-14.24,61.11,0.03,0.0508,0.6205,11.95,160207.72,7.57,94.81,1.996,-0,-1,137.05,130.27,141.23,25,Cornering,"Hoosier 43075 16x7.5-10 R20, 7 inch rim",19259
78.39,757.623,-12.53,-159.27,-264.19,3.994,-14.43,60.31,0.09,0.0474,0.6029,11.95,44385.31,7.57,94.79,1.966,-0,-0.9998,136.97,130.14,141.01,24.99,Cornering,"Hoosier 43075 16x7.5-10 R20, 7 inch rim",19260
78.41,757.633,-11.4,-155.56,-263.73,3.982,-14.92,59.45,-0.04,0.0432,0.5898,12,-99546.97,7.57,94.74,1.906,-0,-1.0001,136.86,130.07,140.86,24.98,Cornering,"Hoosier 43075 16x7.5-10 R20, 7 inch rim",19261
78.41,757.643,-11,-150.6,-261.14,3.994,-15.17,57.58,-0.04,0.0421,0.5767,12.08,-99525.2,7.57,94.69,1.879,-0,-1.0001,136.77,130.1,140.72,24.98,Cornering,"Hoosier 43075 16x7.5-10 R20, 7 inch rim",19262
78.38,757.653,-11.49,-145.05,-257.69,3.988,-14.88,55.23,0.09,0.0446,0.5629,12.16,44336.62,7.57,94.67,1.839,-0,-0.9998,136.64,130.07,140.58,24.96,Cornering,"Hoosier 43075 16x7.5-10 R20, 7 inch rim",19263
78.4,757.663,-11.5,-139.34,-254.49,3.985,-14.76,54.4,0.09,0.0452,0.5475,12.17,44327.16,7.57,94.67,1.798,-0,-0.9998,136.56,130.07,140.48,24.96,Cornering,"Hoosier 43075 16x7.5-10 R20, 7 inch rim",19264
78.44,757.673,-12.75,-133.39,-252.69,3.991,-13.93,53.67,0.09,0.0505,0.5279,12.13,44327.97,7.57,94.65,1.758,-0,-0.9998,136.58,130.21,140.4,24.96,Cornering,"Hoosier 43075 16x7.5-10 R20, 7 inch rim",19265
78.41,757.683,-14.2,-128.35,-251.6,4.003,-14.32,53.53,0.09,0.0565,0.5101,12.04,44328.53,7.57,94.62,1.73,-0,-0.9998,136.54,130.27,140.3,24.96,Cornering,"Hoosier 43075 16x7.5-10 R20, 7 inch rim",19266
78.4,757.693,-15.37,-124.4,-252.75,4.009,-14.23,53.73,0.16,0.0608,0.4922,11.97,25729.8,7.57,94.62,1.671,-0,-0.9997,136.56,130.23,140.18,24.96,Cornering,"Hoosier 43075 16x7.5-10 R20, 7 inch rim",19267
78.43,757.703,-15.86,-121.19,-254.4,4,-15.26,54.54,0.03,0.0623,0.4764,11.95,160011.22,7.57,94.61,1.644,-0,-1,136.49,129.99,140.04,24.96,Cornering,"Hoosier 43075 16x7.5-10 R20, 7 inch rim",19268
78.43,757.713,-15.77,-117.9,-257.36,4,-15.91,55.22,0.09,0.0613,0.4581,11.97,44331.21,7.57,94.63,1.585,-0,-0.9998,136.39,129.61,139.85,24.96,Cornering,"Hoosier 43075 16x7.5-10 R20, 7 inch rim",19269
78.4,757.723,-15.05,-114.64,-260.04,4.006,-16.96,55.86,0.09,0.0579,0.4409,12.04,44352.48,7.57,94.57,1.546,-0,-0.9998,136.26,129.33,139.63,24.97,Cornering,"Hoosier 43075 16x7.5-10 R20, 7 inch rim",19270
78.4,757.733,-13.98,-110.78,-261.8,3.99,-17.05,55.97,0.03,0.0534,0.4232,12.14,160094.27,7.58,94.56,1.505,-0,-1,136.13,129.15,139.47,24.97,Cornering,"Hoosier 43075 16x7.5-10 R20, 7 inch rim",19271
78.44,757.743,-12.82,-106.47,-261.19,3.985,-18.11,55.33,0.03,0.0491,0.4076,12.17,160171.19,7.58,94.56,1.461,-0,-1,135.96,129.06,139.29,24.98,Cornering,"Hoosier 43075 16x7.5-10 R20, 7 inch rim",19272
78.43,757.753,-11.51,-101.33,-258.96,3.99,-18.24,54.56,-0.04,0.0444,0.3913,12.15,-99613.12,7.58,94.56,1.43,-0,-1.0001,135.91,129.06,139.19,25,Cornering,"Hoosier 43075 16x7.5-10 R20, 7 inch rim",19273
78.41,757.763,-10.3,-95.28,-256.06,3.99,-17.41,54.07,0.09,0.0402,0.3721,12.04,44416.87,7.58,94.62,1.383,-0,-0.9998,135.85,129.08,139,25,Cornering,"Hoosier 43075 16x7.5-10 R20, 7 inch rim",19274
78.43,757.773,-10.31,-89.24,-253.03,3.982,-16.95,52.93,0.09,0.0407,0.3527,11.94,44438.09,7.58,94.62,1.34,-0,-0.9998,135.79,129.08,138.94,25.01,Cornering,"Hoosier 43075 16x7.5-10 R20, 7 inch rim",19275
78.44,757.783,-10.63,-82.99,-251.13,3.993,-16.3,52.72,0.09,0.0423,0.3305,11.89,44449.07,7.58,94.63,1.292,-0,-0.9998,135.76,129.24,138.84,25.02,Cornering,"Hoosier 43075 16x7.5-10 R20, 7 inch rim",19276
78.42,757.793,-11.86,-77.92,-250.3,3.993,-16.95,52.46,0.09,0.0474,0.3113,11.9,44459.86,7.58,94.65,1.254,-0,-0.9998,135.72,129.33,138.78,25.03,Cornering,"Hoosier 43075 16x7.5-10 R20, 7 inch rim",19277
78.41,757.803,-13.09,-73.44,-250.16,3.997,-17.64,52.22,0.16,0.0523,0.2936,11.95,25811.51,7.58,94.68,1.234,-0,-0.9997,135.7,129.28,138.68,25.03,Cornering,"Hoosier 43075 16x7.5-10 R20, 7 inch rim",19278
78.44,757.813,-13.82,-69.47,-251.35,3.984,-18.54,52.55,-0.04,0.055,0.2764,12.02,-99713.41,7.58,94.74,1.176,-0,-1.0001,135.64,129.13,138.56,25.02,Cornering,"Hoosier 43075 16x7.5-10 R20, 7 inch rim",19279
78.44,757.823,-14.31,-66.05,-254.08,3.988,-18.96,52.28,0.16,0.0563,0.2599,12.06,25806.28,7.58,94.79,1.128,-0,-0.9997,135.53,128.73,138.36,25.03,Cornering,"Hoosier 43075 16x7.5-10 R20, 7 inch rim",19280
78.42,757.833,-14.15,-62.18,-256.38,3.987,-19.65,52.15,0.09,0.0552,0.2425,12.03,44420.53,7.58,94.83,1.101,-0,-0.9998,135.42,128.42,138.1,25,Cornering,"Hoosier 43075 16x7.5-10 R20, 7 inch rim",19281
78.44,757.843,-13.37,-57.55,-258.35,3.991,-20.03,51.95,0.16,0.0517,0.2228,11.95,25770.86,7.58,94.82,1.058,-0,-0.9997,135.36,128.18,137.87,24.99,Cornering,"Hoosier 43075 16x7.5-10 R20, 7 inch rim",19282
78.47,757.853,-12.24,-52.84,-258.87,3.982,-19.86,51.08,-0.04,0.0473,0.2041,11.87,-99532.53,7.59,94.82,1.017,-0,-1.0001,135.23,128.09,137.67,24.97,Cornering,"Hoosier 43075 16x7.5-10 R20, 7 inch rim",19283
78.44,757.863,-11.26,-47.71,-256.68,3.998,-20.17,49.87,-0.04,0.0439,0.1859,11.84,-99463.88,7.58,94.83,0.987,-0,-1.0001,135.14,128.05,137.51,24.96,Cornering,"Hoosier 43075 16x7.5-10 R20, 7 inch rim",19284
78.43,757.873,-10.19,-42.72,-254.15,3.988,-19.92,48.88,-0.04,0.0401,0.1681,11.86,-99488.02,7.58,94.87,0.936,-0,-1.0001,135.03,128.05,137.37,24.96,Cornering,"Hoosier 43075 16x7.5-10 R20, 7 inch rim",19285
78.46,757.883,-10.11,-37.01,-250.96,3.993,-19.84,47.81,0.09,0.0403,0.1475,11.94,44350.41,7.58,94.9,0.898,-0,-0.9998,134.93,128.11,137.27,24.96,Cornering,"Hoosier 43075 16x7.5-10 R20, 7 inch rim",19286
78.46,757.893,-10.5,-31.36,-249.28,3.991,-18.85,47.24,0.09,0.0421,0.1258,12,44350.73,7.59,94.93,0.858,-0,-0.9998,134.86,128.25,137.17,24.96,Cornering,"Hoosier 43075 16x7.5-10 R20, 7 inch rim",19287
78.44,757.903,-11.73,-26.34,-247.75,3.991,-19.81,46.66,0.03,0.0473,0.1063,12.04,160086.58,7.59,94.91,0.816,-0,-1,134.91,128.36,137.07,24.97,Cornering,"Hoosier 43075 16x7.5-10 R20, 7 inch rim",19288
78.44,757.913,-12.95,-21.7,-247.38,3.988,-20.21,46.39,0.09,0.0524,0.0877,12.02,44341.01,7.59,94.92,0.778,-0,-0.9998,134.88,128.44,137.02,24.96,Cornering,"Hoosier 43075 16x7.5-10 R20, 7 inch rim",19289
78.47,757.923,-14.42,-17.76,-248.33,3.991,-20.98,45.69,0.03,0.0581,0.0715,11.96,160014.27,7.59,94.92,0.732,-0,-1,134.86,128.29,136.88,24.96,Cornering,"Hoosier 43075 16x7.5-10 R20, 7 inch rim",19290
78.45,757.933,-15.2,-13.92,-250.28,3.993,-21.88,45.33,0.09,0.0607,0.0556,11.86,44362.08,7.59,94.94,0.7,-0,-0.9998,134.76,127.96,136.7,24.97,Cornering,"Hoosier 43075 16x7.5-10 R20, 7 inch rim",19291
78.44,757.943,-15.57,-9.87,-252.81,3.981,-22.58,44.6,-0.04,0.0616,0.039,11.83,-99492.36,7.59,94.97,0.657,-0,-1.0001,134.67,127.7,136.46,24.96,Cornering,"Hoosier 43075 16x7.5-10 R20, 7 inch rim",19292
78.47,757.953,-14.91,-5.07,-255.11,3.985,-22.65,44.49,0.03,0.0584,0.0199,11.84,160127.75,7.59,94.98,0.629,-0,-1,134.54,127.48,136.22,24.97,Cornering,"Hoosier 43075 16x7.5-10 R20, 7 inch rim",19293
78.47,757.963,-14.14,-0.08,-255.25,3.985,-23.12,43.48,0.09,0.0554,0.0003,11.87,44362.65,7.59,94.98,0.583,-0,-0.9998,134.43,127.37,136.05,24.97,Cornering,"Hoosier 43075 16x7.5-10 R20, 7 inch rim",19294
78.44,757.973,-12.85,5.27,-253.95,3.994,-23.01,42.5,-0.04,0.0506,-0.0208,11.99,-99493.45,7.59,95,0.544,-0,-1.0001,134.35,127.28,135.87,24.96,Cornering,"Hoosier 43075 16x7.5-10 R20, 7 inch rim",19295
78.45,757.983,-11.66,10.42,-251.47,3.979,-22.8,41.43,0.03,0.0464,-0.0414,12.04,160055.05,7.59,95.01,0.513,-0,-1,134.24,127.23,135.77,24.96,Cornering,"Hoosier 43075 16x7.5-10 R20, 7 inch rim",19296
78.48,757.993,-11.52,15.69,-248.91,4,-22.46,40.03,0.09,0.0463,-0.063,12.04,44352.71,7.59,94.99,0.477,-0,-0.9998,134.2,127.19,135.65,24.96,Cornering,"Hoosier 43075 16x7.5-10 R20, 7 inch rim",19297
78.45,758.003,-11.85,20.69,-246.66,3.988,-22.68,39.22,0.03,0.048,-0.0839,11.95,160018.62,7.59,94.96,0.431,-0,-1,134.13,127.3,135.57,24.96,Cornering,"Hoosier 43075 16x7.5-10 R20, 7 inch rim",19298
78.44,758.013,-12.54,25.78,-246.02,3.982,-22.38,38.86,-0.11,0.051,-0.1048,11.86,-37960.24,7.59,94.98,0.394,-0,-1.0002,134.13,127.5,135.53,24.97,Cornering,"Hoosier 43075 16x7.5-10 R20, 7 inch rim",19299
78.47,758.023,-13.79,30.4,-245.7,3.994,-23.11,38.44,0.09,0.0561,-0.1237,11.86,44363.2,7.59,94.99,0.372,-0,-0.9998,134.11,127.65,135.47,24.97,Cornering,"Hoosier 43075 16x7.5-10 R20, 7 inch rim",19300
78.49,758.033,-15.05,35.24,-246.03,3.99,-23.85,37.94,0.03,0.0612,-0.1432,11.88,160242.09,7.59,95,0.328,-0,-1,134.2,127.54,135.43,24.99,Cornering,"Hoosier 43075 16x7.5-10 R20, 7 inch rim",19301
78.46,758.043,-15.59,39.66,-247.15,3.982,-24.92,37.7,0.03,0.0631,-0.1605,11.96,160279.31,7.59,95.03,0.294,-0,-1,134.13,127.3,135.27,25,Cornering,"Hoosier 43075 16x7.5-10 R20, 7 inch rim",19302
78.45,758.053,-15.22,44.57,-248.99,4.001,-25.63,37.86,0.03,0.0611,-0.179,12.06,160353.62,7.59,95.08,0.249,-0,-1,134.03,127.01,135.08,25.01,Cornering,"Hoosier 43075 16x7.5-10 R20, 7 inch rim",19303
78.49,758.063,-14.79,49.86,-251.22,3.982,-25.69,37.39,0.09,0.0589,-0.1985,12.14,44425.01,7.59,95.08,0.205,-0,-0.9998,133.92,126.79,134.84,25,Cornering,"Hoosier 43075 16x7.5-10 R20, 7 inch rim",19304
78.47,758.073,-14.17,55.16,-251.75,3.997,-26.17,36.27,0.09,0.0563,-0.2191,12.19,44394.06,7.59,95.08,0.165,-0,-0.9998,133.83,126.6,134.64,24.98,Cornering,"Hoosier 43075 16x7.5-10 R20, 7 inch rim",19305
78.45,758.083,-12.49,60.9,-251.38,3.996,-25.57,35.56,0.09,0.0497,-0.2423,12.17,44373.37,7.59,95.07,0.116,-0,-0.9998,133.66,126.53,134.5,24.97,Cornering,"Hoosier 43075 16x7.5-10 R20, 7 inch rim",19306
78.47,758.093,-11.54,66.39,-249.53,3.994,-25.43,34.04,-0.04,0.0462,-0.2661,12.09,-99470.77,7.59,95.09,0.085,-0,-1.0001,133.55,126.55,134.4,24.96,Cornering,"Hoosier 43075 16x7.5-10 R20, 7 inch rim",19307
78.49,758.103,-11.19,71.69,-247.13,3.984,-25.46,32.46,0.03,0.0453,-0.2901,12,159980.48,7.59,95.1,0.034,-0,-1,133.4,126.55,134.26,24.95,Cornering,"Hoosier 43075 16x7.5-10 R20, 7 inch rim",19308
78.46,758.113,-10.95,77.15,-245.23,3.998,-25.48,31.88,0.09,0.0447,-0.3146,11.96,44321.46,7.59,95.07,-0.016,-0,-0.9998,133.34,126.57,134.13,24.94,Cornering,"Hoosier 43075 16x7.5-10 R20, 7 inch rim",19309
78.46,758.123,-11.58,82.7,-244.45,4.003,-25.18,31.35,0.03,0.0474,-0.3383,11.98,159979.14,7.59,95.06,-0.059,-0,-1,133.3,126.79,134.07,24.95,Cornering,"Hoosier 43075 16x7.5-10 R20, 7 inch rim",19310
78.49,758.133,-12.87,88.27,-243.88,3.99,-25.57,30.6,0.09,0.0528,-0.3619,12.07,44351.93,7.59,95.01,-0.106,-0,-0.9998,133.3,126.95,134.05,24.96,Cornering,"Hoosier 43075 16x7.5-10 R20, 7 inch rim",19311
78.48,758.143,-13.98,93.53,-243.88,4,-26.52,30.3,0.03,0.0573,-0.3835,12.15,159977.53,7.59,94.98,-0.145,-0,-1,133.27,126.9,133.93,24.95,Cornering,"Hoosier 43075 16x7.5-10 R20, 7 inch rim",19312
78.45,758.153,-14.36,98.59,-244.99,3.982,-26.91,30.12,0.16,0.0586,-0.4024,12.19,25730.48,7.59,95.01,-0.193,-0,-0.9997,133.17,126.66,133.79,24.95,Cornering,"Hoosier 43075 16x7.5-10 R20, 7 inch rim",19313
78.47,758.163,-14.13,103.79,-246.39,3.991,-28.02,30.32,0.03,0.0573,-0.4212,12.15,159938.25,7.59,95.01,-0.236,-0,-1,133.12,126.42,133.61,24.94,Cornering,"Hoosier 43075 16x7.5-10 R20, 7 inch rim",19314
78.5,758.173,-13.85,109.37,-248.47,3.981,-28.1,29.73,0.03,0.0558,-0.4402,12.08,159974.12,7.59,95,-0.285,-0,-1,133.04,126.2,133.39,24.95,Cornering,"Hoosier 43075 16x7.5-10 R20, 7 inch rim",19315
78.47,758.183,-13,114.86,-249.51,3.988,-28.92,29.05,0.09,0.0521,-0.4603,11.99,44370.91,7.59,94.97,-0.342,-0,-0.9998,132.97,125.98,133.19,24.97,Cornering,"Hoosier 43075 16x7.5-10 R20, 7 inch rim",19316
78.46,758.193,-11.57,120.43,-249.14,3.991,-29.38,28.17,0.09,0.0464,-0.4834,11.93,44401.61,7.59,94.97,-0.365,-0,-0.9998,132.95,125.91,133.06,24.99,Cornering,"Hoosier 43075 16x7.5-10 R20, 7 inch rim",19317
78.5,758.203,-9.73,126.09,-247.61,3.998,-28.98,27.63,0.16,0.0393,-0.5092,11.92,25783.29,7.59,94.98,-0.408,-0,-0.9997,132.89,125.89,133.02,25,Cornering,"Hoosier 43075 16x7.5-10 R20, 7 inch rim",19318
78.5,758.213,-8.57,131.39,-245.17,3.99,-28.77,26.66,-0.04,0.0349,-0.5359,11.96,-99648.01,7.59,94.98,-0.451,-0,-1.0001,132.85,125.91,132.9,25,Cornering,"Hoosier 43075 16x7.5-10 R20, 7 inch rim",19319
78.47,758.223,-8.35,136.57,-243.52,3.994,-28.25,25.83,0.03,0.0343,-0.5608,12.08,160153.73,7.59,94.98,-0.477,-0,-1,132.72,125.85,132.84,24.98,Cornering,"Hoosier 43075 16x7.5-10 R20, 7 inch rim",19320
78.49,758.233,-8.78,141.58,-241.84,4.003,-28.68,25.39,0.03,0.0363,-0.5854,12.14,160115.2,7.59,94.96,-0.513,-0,-1,132.67,126.02,132.82,24.97,Cornering,"Hoosier 43075 16x7.5-10 R20, 7 inch rim",19321
78.5,758.243,-9.93,146.5,-240.91,4.001,-28.98,24.62,0.09,0.0412,-0.6081,12.16,44368.98,7.59,94.93,-0.54,-0,-0.9998,132.65,126.18,132.84,24.97,Cornering,"Hoosier 43075 16x7.5-10 R20, 7 inch rim",19322
78.48,758.253,-10.66,151.66,-241.1,3.984,-28.57,24.29,0.03,0.0442,-0.629,12.11,160186.75,7.59,94.86,-0.581,-0,-1,132.65,126.22,132.82,24.98,Cornering,"Hoosier 43075 16x7.5-10 R20, 7 inch rim",19323
78.47,758.263,-12.12,155.71,-241.64,3.996,-30.17,23,0.03,0.0501,-0.6444,12,160371.45,7.59,94.84,-0.607,-0,-1,132.59,126.05,132.72,25.01,Cornering,"Hoosier 43075 16x7.5-10 R20, 7 inch rim",19324
78.5,758.273,-12.79,160.32,-243.23,3.99,-30.57,22,0.09,0.0526,-0.6591,11.95,44439.93,7.59,94.83,-0.636,-0,-0.9998,132.46,125.83,132.64,25.01,Cornering,"Hoosier 43075 16x7.5-10 R20, 7 inch rim",19325
78.5,758.283,-12.9,164.67,-245.58,3.984,-30.95,20.85,0.09,0.0525,-0.6705,11.9,44439.46,7.59,94.81,-0.673,-0,-0.9998,132.33,125.69,132.46,25.01,Cornering,"Hoosier 43075 16x7.5-10 R20, 7 inch rim",19326
78.47,758.293,-12.81,169.56,-246.89,3.998,-31.09,19.2,0.09,0.0519,-0.6868,11.93,44387.54,7.59,94.81,-0.706,-0,-0.9998,132.25,125.52,132.36,24.98,Cornering,"Hoosier 43075 16x7.5-10 R20, 7 inch rim",19327
78.48,758.303,-12.35,174.07,-246.83,3.987,-31.58,17.03,0.03,0.05,-0.7052,12,160105.03,7.59,94.82,-0.742,-0,-1,132.18,125.45,132.19,24.97,Cornering,"Hoosier 43075 16x7.5-10 R20, 7 inch rim",19328
78.5,758.313,-11.79,178.49,-245.53,4.001,-31.46,15.03,0.09,0.048,-0.727,12.04,44324.96,7.59,94.78,-0.763,-0,-0.9998,132.05,125.5,132.11,24.95,Cornering,"Hoosier 43075 16x7.5-10 R20, 7 inch rim",19329
78.49,758.323,-11.17,183.06,-243.78,3.994,-30.59,13.33,-0.04,0.0458,-0.7509,12.06,-99453.24,7.59,94.75,-0.81,-0,-1.0001,132.01,125.5,132.03,24.96,Cornering,"Hoosier 43075 16x7.5-10 R20, 7 inch rim",19330
78.47,758.333,-11.06,187.76,-241.54,3.982,-29.96,11.9,-0.04,0.0458,-0.7773,12.02,-99498.19,7.59,94.74,-0.848,-0,-1.0001,131.84,125.54,131.99,24.97,Cornering,"Hoosier 43075 16x7.5-10 R20, 7 inch rim",19331
78.49,758.343,-11.69,191.86,-240.18,3.993,-29.94,10.93,0.03,0.0487,-0.7988,11.94,160059.64,7.59,94.67,-0.895,-0,-1,131.82,125.63,131.97,24.97,Cornering,"Hoosier 43075 16x7.5-10 R20, 7 inch rim",19332
78.5,758.353,-12.68,196.3,-238.97,3.984,-30.76,10.28,0.09,0.0531,-0.8214,11.89,44342.84,7.59,94.59,-0.941,-0,-0.9998,131.79,125.83,131.97,24.96,Cornering,"Hoosier 43075 16x7.5-10 R20, 7 inch rim",19333
78.48,758.363,-13.83,200.17,-239.06,3.991,-31.32,9.88,0.09,0.0579,-0.8373,11.88,44331.87,7.59,94.53,-0.981,-0,-0.9998,131.84,125.85,131.95,24.96,Cornering,"Hoosier 43075 16x7.5-10 R20, 7 inch rim",19334
78.49,758.373,-14.43,204.27,-239.93,3.988,-31.56,9.88,0.03,0.0601,-0.8514,11.95,160014.41,7.59,94.46,-1.028,-0,-1,131.75,125.83,131.87,24.96,Cornering,"Hoosier 43075 16x7.5-10 R20, 7 inch rim",19335
78.5,758.383,-14.83,208.23,-241.15,3.985,-32.48,9.58,0.03,0.0615,-0.8635,12.05,160085.06,7.59,94.4,-1.084,-0,-1,131.64,125.61,131.77,24.97,Cornering,"Hoosier 43075 16x7.5-10 R20, 7 inch rim",19336
78.49,758.393,-14.64,212.54,-243.23,3.991,-32.98,9.37,0.03,0.0602,-0.8738,12.12,160268.31,7.58,94.34,-1.121,-0,-1,131.56,125.41,131.63,25,Cornering,"Hoosier 43075 16x7.5-10 R20, 7 inch rim",19337
78.47,758.403,-13.45,217.5,-245.44,3.998,-32.71,9.49,-0.04,0.0548,-0.8862,12.12,-99600.92,7.58,94.31,-1.173,-0,-1.0001,131.47,125.25,131.59,25,Cornering,"Hoosier 43075 16x7.5-10 R20, 7 inch rim",19338
78.49,758.413,-11.43,222.52,-246.03,3.988,-32.43,9.83,0.09,0.0465,-0.9044,12.08,44399.46,7.58,94.28,-1.22,-0,-0.9998,131.41,125.14,131.49,25,Cornering,"Hoosier 43075 16x7.5-10 R20, 7 inch rim",19339
78.51,758.423,-9.47,227.02,-245.75,3.985,-32.2,9.79,0.03,0.0385,-0.9238,12.01,160219.97,7.58,94.3,-1.276,-0,-1,131.3,125.14,131.39,25,Cornering,"Hoosier 43075 16x7.5-10 R20, 7 inch rim",19340
78.48,758.433,-7.32,231.91,-244.36,3.998,-31.52,10.2,0.09,0.0299,-0.949,11.93,44428.68,7.58,94.27,-1.3,-0,-0.9998,131.26,125.12,131.33,25.01,Cornering,"Hoosier 43075 16x7.5-10 R20, 7 inch rim",19341
78.47,758.443,-5.71,236.45,-242.36,3.988,-32.04,10.88,0.09,0.0236,-0.9756,11.95,44478.71,7.58,94.24,-1.366,-0,-0.9998,131.15,125.16,131.29,25.04,Cornering,"Hoosier 43075 16x7.5-10 R20, 7 inch rim",19342
78.51,758.453,-5.43,241.34,-241.04,3.987,-32.26,10.95,0.09,0.0225,-1.0013,12,44508.88,7.58,94.18,-1.397,-0,-0.9998,131.07,125.23,131.27,25.06,Cornering,"Hoosier 43075 16x7.5-10 R20, 7 inch rim",19343
78.49,758.463,-5.32,245.4,-239.29,3.993,-34.73,11.87,0.09,0.0222,-1.0255,12.08,44477.07,7.58,94.18,-1.438,-0,-0.9998,131,125.34,131.31,25.04,Cornering,"Hoosier 43075 16x7.5-10 R20, 7 inch rim",19344
78.47,758.473,-6.2,249.89,-239.03,3.982,-35.43,11.74,0.09,0.0259,-1.0455,12.18,44445.04,7.58,94.19,-1.486,-0,-0.9998,130.96,125.47,131.31,25.03,Cornering,"Hoosier 43075 16x7.5-10 R20, 7 inch rim",19345
78.49,758.483,-7.2,253.93,-239.26,3.991,-36.58,11.48,0.03,0.0301,-1.0613,12.2,160237.91,7.58,94.19,-1.511,-0,-1,130.87,125.41,131.31,25,Cornering,"Hoosier 43075 16x7.5-10 R20, 7 inch rim",19346
78.51,758.493,-7.36,258.39,-240.89,3.985,-36.37,11.34,0.03,0.0305,-1.0726,12.16,160270.98,7.58,94.19,-1.556,-0,-1,130.85,125.32,131.18,25.01,Cornering,"Hoosier 43075 16x7.5-10 R20, 7 inch rim",19347
78.49,758.503,-7.62,262.87,-243.05,3.994,-36.36,10.42,-0.04,0.0314,-1.0815,12.08,-99695.09,7.57,94.16,-1.594,-0,-1.0001,130.74,125.08,131.08,25.03,Cornering,"Hoosier 43075 16x7.5-10 R20, 7 inch rim",19348
78.48,758.513,-7.66,267.55,-245.65,4.001,-35.5,9.14,0.03,0.0312,-1.0891,11.98,160524.44,7.57,94.15,-1.628,-0,-1,130.66,124.92,131.04,25.05,Cornering,"Hoosier 43075 16x7.5-10 R20, 7 inch rim",19349
78.5,758.523,-7.14,271.52,-246.97,3.994,-35.76,7.42,0.03,0.0289,-1.0994,11.98,160594.95,7.57,94.12,-1.668,-0,-1,130.59,124.75,130.9,25.06,Cornering,"Hoosier 43075 16x7.5-10 R20, 7 inch rim",19350
78.5,758.533,-6.12,275.5,-247.95,3.984,-34.41,6.01,0.09,0.0247,-1.1111,12.02,44470.26,7.57,94.14,-1.708,-0,-0.9998,130.53,124.7,130.88,25.04,Cornering,"Hoosier 43075 16x7.5-10 R20, 7 inch rim",19351
78.47,758.543,-5.43,279.11,-246.16,3.987,-35.05,4.19,0.09,0.0221,-1.1339,12.1,44438.21,7.57,94.15,-1.751,-0,-0.9998,130.49,124.72,130.82,25.03,Cornering,"Hoosier 43075 16x7.5-10 R20, 7 inch rim",19352
78.49,758.553,-5.49,282.06,-243.83,3.997,-36.56,2.54,-0.11,0.0225,-1.1568,12.2,-37988.75,7.57,94.18,-1.771,-0,-1.0002,130.34,124.68,130.8,25,Cornering,"Hoosier 43075 16x7.5-10 R20, 7 inch rim",19353
78.51,758.563,-6.04,285.45,-243.11,3.984,-35.77,1.27,-0.04,0.0249,-1.1742,12.24,-99519.62,7.57,94.17,-1.823,-0,-1.0001,130.27,124.75,130.8,24.98,Cornering,"Hoosier 43075 16x7.5-10 R20, 7 inch rim",19354
78.49,758.573,-7.67,288.45,-241.65,3.997,-37.13,-0.01,0.03,0.0317,-1.1936,12.21,159982.83,7.57,94.15,-1.847,-0,-1,130.25,124.83,130.8,24.97,Cornering,"Hoosier 43075 16x7.5-10 R20, 7 inch rim",19355
78.47,758.583,-8.54,292.3,-241.22,3.998,-36.96,-0.04,0.03,0.0354,-1.2118,12.17,160016.22,7.57,94.13,-1.883,-0,-1,130.31,124.88,130.82,24.97,Cornering,"Hoosier 43075 16x7.5-10 R20, 7 inch rim",19356
78.5,758.593,-10.09,295.56,-241.17,3.991,-37.82,-0.79,0.03,0.0418,-1.2255,12.08,159900.69,7.57,94.14,-1.922,-0,-1,130.34,124.88,130.82,24.96,Cornering,"Hoosier 43075 16x7.5-10 R20, 7 inch rim",19357
78.51,758.603,-10.67,299.24,-242.83,3.997,-37,-1.08,0.09,0.0439,-1.2323,12.04,44298.25,7.57,94.13,-1.964,-0,-0.9998,130.31,124.7,130.8,24.95,Cornering,"Hoosier 43075 16x7.5-10 R20, 7 inch rim",19358
78.48,758.613,-11.21,302.49,-244.95,3.988,-37.07,-1.82,0.03,0.0458,-1.2349,12.05,159744.02,7.57,94.11,-1.996,-0,-1,130.27,124.44,130.76,24.93,Cornering,"Hoosier 43075 16x7.5-10 R20, 7 inch rim",19359
78.49,758.623,-10.59,305.9,-247.35,3.997,-37.15,-2,-0.04,0.0428,-1.2367,12.13,-99274.16,7.56,94.11,-2.04,-0,-1.0001,130.23,124.22,130.66,24.93,Cornering,"Hoosier 43075 16x7.5-10 R20, 7 inch rim",19360
78.51,758.633,-9.65,308.94,-248.84,3.994,-38.02,-2.58,-0.04,0.0388,-1.2415,12.21,-99178.56,7.56,94.14,-2.086,-0,-1.0001,130.19,124.2,130.6,24.9,Cornering,"Hoosier 43075 16x7.5-10 R20, 7 inch rim",19361
78.5,758.643,-8.03,311.62,-249.42,4,-38.03,-2.94,0.03,0.0322,-1.2494,12.25,159581.27,7.56,94.18,-2.121,-0,-1,130.16,124.09,130.58,24.91,Cornering,"Hoosier 43075 16x7.5-10 R20, 7 inch rim",19362
78.47,758.653,-6.71,315.12,-248.1,3.994,-38.06,-3.41,-0.04,0.027,-1.2701,12.21,-99195.49,7.56,94.23,-2.171,-0,-1.0001,130.1,124.06,130.54,24.91,Cornering,"Hoosier 43075 16x7.5-10 R20, 7 inch rim",19363
78.5,758.663,-5.66,317.81,-246.3,3.993,-38.37,-3.63,0.03,0.023,-1.2903,12.14,159606.27,7.56,94.3,-2.222,-0,-1,129.99,124.02,130.54,24.92,Cornering,"Hoosier 43075 16x7.5-10 R20, 7 inch rim",19364
78.51,758.673,-5.27,321.38,-243.89,3.994,-38.97,-3.16,0.09,0.0216,-1.3177,12.07,44238.05,7.56,94.31,-2.237,-0,-0.9998,129.88,124.09,130.46,24.92,Cornering,"Hoosier 43075 16x7.5-10 R20, 7 inch rim",19365
78.48,758.683,-5.36,325.31,-242.22,3.997,-39.31,-2.5,0.03,0.0221,-1.343,12.01,159784.84,7.56,94.35,-2.279,-0,-1,129.86,124.17,130.46,24.94,Cornering,"Hoosier 43075 16x7.5-10 R20, 7 inch rim",19366
78.47,758.693,-5.9,329.17,-241.79,3.991,-38.99,-1.76,0.03,0.0244,-1.3614,12,159890.64,7.56,94.38,-2.324,-0,-1,129.86,124.2,130.5,24.96,Cornering,"Hoosier 43075 16x7.5-10 R20, 7 inch rim",19367
78.51,758.703,-6.93,332.9,-241.63,3.991,-38.47,-1.66,0.09,0.0287,-1.3777,12.05,44325.89,7.56,94.39,-2.373,-0,-0.9998,129.8,124.17,130.52,24.97,Cornering,"Hoosier 43075 16x7.5-10 R20, 7 inch rim",19368
78.5,758.713,-7.39,336.28,-243.43,3.99,-37.45,-1.4,-0.04,0.0304,-1.3814,12.11,-99384.46,7.56,94.38,-2.411,-0,-1.0001,129.76,123.91,130.48,24.96,Cornering,"Hoosier 43075 16x7.5-10 R20, 7 inch rim",19369
78.48,758.723,-7.96,339.15,-244.61,3.99,-38.13,-1.99,0.03,0.0325,-1.3865,12.17,159800.56,7.56,94.4,-2.446,-0,-1,129.65,123.76,130.44,24.95,Cornering,"Hoosier 43075 16x7.5-10 R20, 7 inch rim",19370
78.5,758.733,-7.53,341.94,-247.03,3.996,-38.65,-2.24,0.09,0.0305,-1.3842,12.15,44290.72,7.56,94.41,-2.49,-0,-0.9998,129.54,123.51,130.38,24.96,Cornering,"Hoosier 43075 16x7.5-10 R20, 7 inch rim",19371
78.51,758.743,-6.83,344.67,-248.57,3.997,-39.38,-2.95,0.09,0.0275,-1.3866,12.08,44309.95,7.55,94.39,-2.526,-0,-0.9998,129.41,123.4,130.3,24.97,Cornering,"Hoosier 43075 16x7.5-10 R20, 7 inch rim",19372
78.49,758.753,-5.58,347.19,-249.08,3.993,-39.58,-3.74,0.03,0.0224,-1.3939,12,160005.55,7.55,94.37,-2.576,-0,-1,129.37,123.38,130.3,24.98,Cornering,"Hoosier 43075 16x7.5-10 R20, 7 inch rim",19373
78.48,758.763,-4.52,350.38,-247.73,3.994,-39.89,-4.86,0.09,0.0183,-1.4143,11.93,44358.01,7.55,94.41,-2.613,-0,-0.9998,129.24,123.29,130.3,25,Cornering,"Hoosier 43075 16x7.5-10 R20, 7 inch rim",19374
78.51,758.773,-3.93,352.92,-246.05,3.991,-39.95,-5.79,0.03,0.016,-1.4343,11.94,160069.67,7.55,94.43,-2.647,-0,-1,129.22,123.34,130.32,25,Cornering,"Hoosier 43075 16x7.5-10 R20, 7 inch rim",19375
78.5,758.783,-4.04,356.03,-243.47,3.979,-40.4,-6.52,0.03,0.0166,-1.4623,11.98,159951.92,7.55,94.45,-2.692,-0,-1,129.09,123.38,130.28,24.98,Cornering,"Hoosier 43075 16x7.5-10 R20, 7 inch rim",19376
78.47,758.793,-4.53,359.38,-242.57,3.996,-39.93,-6.37,0.03,0.0187,-1.4816,12.06,159798.23,7.55,94.46,-2.728,-0,-1,129.05,123.47,130.3,24.96,Cornering,"Hoosier 43075 16x7.5-10 R20, 7 inch rim",19377
78.5,758.803,-5.43,362.82,-240.54,3.993,-40.55,-6.33,0.03,0.0226,-1.5084,12.12,159755.62,7.55,94.49,-2.765,-0,-1,129.16,123.58,130.34,24.95,Cornering,"Hoosier 43075 16x7.5-10 R20, 7 inch rim",19378
78.51,758.813,-6.66,365.98,-241.16,3.998,-38.99,-6.41,-0.04,0.0276,-1.5176,12.11,-99303.83,7.55,94.5,-2.805,-0,-1.0001,129.22,123.58,130.32,24.95,Cornering,"Hoosier 43075 16x7.5-10 R20, 7 inch rim",19379
78.49,758.823,-7.67,368.5,-241.67,3.993,-39.44,-6.61,0.09,0.0318,-1.5248,12.08,44266.23,7.55,94.52,-2.846,-0,-0.9998,129.22,123.54,130.32,24.95,Cornering,"Hoosier 43075 16x7.5-10 R20, 7 inch rim",19380
78.48,758.833,-8.03,370.96,-243.72,3.994,-39.26,-6.63,0.09,0.0329,-1.5221,12.01,44274.93,7.55,94.52,-2.884,-0,-0.9998,129.24,123.38,130.3,24.96,Cornering,"Hoosier 43075 16x7.5-10 R20, 7 inch rim",19381
78.51,758.843,-7.91,373.23,-245.44,3.998,-40.45,-6.85,0.03,0.0322,-1.5206,11.97,159769.86,7.55,94.52,-2.915,-0,-1,129.2,123.18,130.21,24.96,Cornering,"Hoosier 43075 16x7.5-10 R20, 7 inch rim",19382
78.5,758.853,-7.39,375.42,-248.1,3.984,-40.69,-7.67,0.03,0.0298,-1.5132,11.99,159651.14,7.55,94.52,-2.962,-0,-1,129.13,123.05,130.17,24.94,Cornering,"Hoosier 43075 16x7.5-10 R20, 7 inch rim",19383
78.48,758.863,-5.84,377.79,-248.7,3.985,-41.65,-7.85,0.03,0.0235,-1.5191,12.03,159644.98,7.55,94.54,-3.001,-0,-1,129.07,122.94,130.15,24.94,Cornering,"Hoosier 43075 16x7.5-10 R20, 7 inch rim",19384
78.49,758.873,-4.75,380.25,-248.32,3.99,-41.77,-8.74,0.03,0.0191,-1.5313,12.12,159712.5,7.54,94.56,-3.043,-0,-1,129.09,122.94,130.13,24.95,Cornering,"Hoosier 43075 16x7.5-10 R20, 7 inch rim",19385
78.52,758.883,-3.79,382.89,-245.77,3.991,-42.34,-9.25,-0.04,0.0154,-1.5579,12.19,-99345.59,7.54,94.56,-3.086,-0,-1.0001,129.07,122.92,130.11,24.97,Cornering,"Hoosier 43075 16x7.5-10 R20, 7 inch rim",19386
78.49,758.893,-3.28,385.68,-243.15,3.993,-42.5,-9.35,0.03,0.0135,-1.5862,12.19,159809.72,7.54,94.57,-3.129,-0,-1,129.01,122.9,130.09,24.97,Cornering,"Hoosier 43075 16x7.5-10 R20, 7 inch rim",19387
78.47,758.903,-3.79,389.28,-241.06,3.988,-41.79,-9.21,-0.04,0.0157,-1.6149,12.14,-99359.02,7.54,94.56,-3.179,-0,-1.0001,128.96,123.01,130.05,24.97,Cornering,"Hoosier 43075 16x7.5-10 R20, 7 inch rim",19388
78.5,758.913,-4.13,392.98,-240.41,3.991,-40.17,-8.39,-0.11,0.0172,-1.6346,12.08,-37872.18,7.54,94.56,-3.21,-0,-1.0002,129.03,123.1,130.07,24.96,Cornering,"Hoosier 43075 16x7.5-10 R20, 7 inch rim",19389
78.51,758.923,-5.69,396.02,-239.46,3.998,-40.39,-8.45,0.09,0.0238,-1.6538,12.02,44268.56,7.54,94.54,-3.252,-0,-0.9998,129.09,123.07,130.09,24.96,Cornering,"Hoosier 43075 16x7.5-10 R20, 7 inch rim",19390
78.48,758.933,-6.61,398.6,-240.72,3.985,-39.52,-8.34,-0.04,0.0275,-1.6558,12.04,-99301.15,7.54,94.55,-3.289,-0,-1.0001,129.07,122.92,130.05,24.96,Cornering,"Hoosier 43075 16x7.5-10 R20, 7 inch rim",19391
78.49,758.943,-7.28,400.68,-241.91,3.997,-40.52,-8.3,0.09,0.0301,-1.6563,12.11,44285.11,7.54,94.51,-3.335,-0,-0.9998,129.01,122.7,130.03,24.97,Cornering,"Hoosier 43075 16x7.5-10 R20, 7 inch rim",19392
78.52,758.953,-7.12,401.9,-244.24,3.991,-42.11,-8.33,-0.04,0.0291,-1.6456,12.18,-99407.97,7.54,94.5,-3.366,-0,-1.0001,128.94,122.46,130.01,24.99,Cornering,"Hoosier 43075 16x7.5-10 R20, 7 inch rim",19393
78.5,758.963,-6.82,403.45,-246.71,3.987,-43.22,-9.05,0.03,0.0277,-1.6353,12.24,159946.31,7.54,94.51,-3.411,-0,-1,128.92,122.28,129.97,25,Cornering,"Hoosier 43075 16x7.5-10 R20, 7 inch rim",19394
78.48,758.973,-5.8,405.41,-248.16,3.982,-43.74,-9.79,0.03,0.0234,-1.6337,12.24,159939.83,7.54,94.54,-3.446,-0,-1,128.9,122.19,129.95,25,Cornering,"Hoosier 43075 16x7.5-10 R20, 7 inch rim",19395
78.5,758.983,-4.39,407.57,-247.97,4.004,-43.97,-10.32,0.09,0.0177,-1.6436,12.19,44307.93,7.53,94.62,-3.495,-0,-0.9998,128.88,122.11,129.89,24.99,Cornering,"Hoosier 43075 16x7.5-10 R20, 7 inch rim",19396
78.52,758.993,-3.36,410.62,-246.74,3.991,-42.66,-11.09,0.16,0.0136,-1.6642,12.11,25739.85,7.53,94.66,-3.535,-0,-0.9997,128.9,122.11,129.85,25.01,Cornering,"Hoosier 43075 16x7.5-10 R20, 7 inch rim",19397
78.48,759.003,-2.73,413.85,-243.73,4.001,-42.91,-11.22,0.09,0.0112,-1.698,12.03,44356.21,7.53,94.67,-3.555,-0,-0.9998,128.88,122.08,129.83,25.02,Cornering,"Hoosier 43075 16x7.5-10 R20, 7 inch rim",19398
78.49,759.013,-3.05,417.73,-241.13,3.994,-42.17,-11.36,-0.04,0.0126,-1.7324,12.02,-99518.27,7.53,94.67,-3.611,-0,-1.0001,128.86,122.13,129.73,25.03,Cornering,"Hoosier 43075 16x7.5-10 R20, 7 inch rim",19399
78.51,759.023,-3.55,421.41,-240.11,3.994,-41.33,-10.68,0.03,0.0148,-1.7551,12.07,160015.25,7.53,94.67,-3.638,-0,-1,128.94,122.24,129.71,25.01,Cornering,"Hoosier 43075 16x7.5-10 R20, 7 inch rim",19400
78.5,759.033,-4.64,424.16,-239.58,3.996,-41.56,-10.34,-0.04,0.0194,-1.7705,12.14,-99393.45,7.53,94.68,-3.691,-0,-1.0001,129.03,122.24,129.63,25,Cornering,"Hoosier 43075 16x7.5-10 R20, 7 inch rim",19401
78.47,759.043,-5.77,426.04,-239.76,3.993,-41.94,-10.43,0.03,0.0241,-1.7769,12.18,159776.73,7.53,94.68,-3.721,-0,-1,129.03,122.13,129.57,24.98,Cornering,"Hoosier 43075 16x7.5-10 R20, 7 inch rim",19402
78.5,759.053,-6.58,427.1,-241.73,3.987,-42.07,-10.57,-0.04,0.0272,-1.7668,12.18,-99245.95,7.53,94.71,-3.767,-0,-1.0001,129.01,121.91,129.51,24.96,Cornering,"Hoosier 43075 16x7.5-10 R20, 7 inch rim",19403
78.52,759.063,-6.91,427.83,-243.81,3.997,-43.56,-10.83,0.03,0.0283,-1.7548,12.14,159612.36,7.53,94.72,-3.803,-0,-1,128.92,121.67,129.41,24.96,Cornering,"Hoosier 43075 16x7.5-10 R20, 7 inch rim",19404
78.49,759.073,-6.4,429.06,-246.19,3.993,-44.54,-10.99,-0.04,0.026,-1.7428,12.06,-99236.38,7.53,94.7,-3.844,-0,-1.0001,128.86,121.42,129.28,24.96,Cornering,"Hoosier 43075 16x7.5-10 R20, 7 inch rim",19405
78.49,759.083,-5.31,430.59,-248.25,3.993,-44.87,-11.28,0.03,0.0214,-1.7345,12,159593.91,7.52,94.69,-3.895,-0,-1,128.83,121.29,129.16,24.96,Cornering,"Hoosier 43075 16x7.5-10 R20, 7 inch rim",19406
78.51,759.093,-4.32,433.37,-247.82,3.99,-45.13,-12.24,-0.04,0.0174,-1.7487,11.98,-99179.08,7.52,94.64,-3.933,-0,-1.0001,128.77,121.27,129.04,24.95,Cornering,"Hoosier 43075 16x7.5-10 R20, 7 inch rim",19407
78.5,759.103,-3.1,435.92,-246.24,3.982,-44.48,-12.63,0.03,0.0126,-1.7703,12,159431.56,7.52,94.64,-3.963,-0,-1,128.81,121.22,128.92,24.93,Cornering,"Hoosier 43075 16x7.5-10 R20, 7 inch rim",19408
78.47,759.113,-2.25,439.37,-243.98,3.979,-43.08,-12.57,0.03,0.0092,-1.8009,12.07,159346.42,7.53,94.62,-4.016,-0,-1,128.83,121.25,128.88,24.92,Cornering,"Hoosier 43075 16x7.5-10 R20, 7 inch rim",19409
78.49,759.123,-2.07,442.47,-241.33,3.985,-42.49,-11.99,-0.11,0.0086,-1.8334,12.14,-37764.25,7.52,94.61,-4.044,-0,-1.0002,128.81,121.27,128.88,24.91,Cornering,"Hoosier 43075 16x7.5-10 R20, 7 inch rim",19410
78.52,759.133,-3.22,445.32,-239.69,3.993,-42.28,-11.73,0.03,0.0134,-1.8579,12.12,159369.3,7.52,94.57,-4.084,-0,-1,128.88,121.4,128.98,24.93,Cornering,"Hoosier 43075 16x7.5-10 R20, 7 inch rim",19411
78.5,759.143,-4.36,446.94,-238.6,3.994,-43.43,-11.2,0.03,0.0183,-1.8732,12.09,159546.33,7.52,94.51,-4.122,-0,-1,128.96,121.47,129.14,24.96,Cornering,"Hoosier 43075 16x7.5-10 R20, 7 inch rim",19412
78.48,759.153,-5.62,448.84,-239.22,4.003,-42.88,-10.85,0.09,0.0235,-1.8762,12,44229.69,7.52,94.45,-4.164,-0,-0.9998,129.05,121.42,129.28,24.97,Cornering,"Hoosier 43075 16x7.5-10 R20, 7 inch rim",19413
78.5,759.163,-6.37,449.57,-240.97,3.998,-43.14,-10.86,-0.04,0.0264,-1.8657,11.93,-99283.38,7.52,94.41,-4.191,-0,-1.0001,129.05,121.27,129.39,24.98,Cornering,"Hoosier 43075 16x7.5-10 R20, 7 inch rim",19414
78.51,759.173,-6.67,449.99,-242.85,3.997,-44.39,-10.96,-0.04,0.0275,-1.853,11.92,-99299.77,7.52,94.39,-4.24,-0,-1.0001,128.96,121.05,129.49,24.99,Cornering,"Hoosier 43075 16x7.5-10 R20, 7 inch rim",19415
78.48,759.183,-6.46,450.76,-245.19,3.991,-45.44,-11.38,-0.04,0.0263,-1.8384,11.99,-99361.95,7.51,94.39,-4.29,-0,-1.0001,128.92,120.85,129.53,25.01,Cornering,"Hoosier 43075 16x7.5-10 R20, 7 inch rim",19416
78.49,759.193,-5.84,452.39,-246.66,4.004,-46.23,-12.04,-0.04,0.0237,-1.8341,12.05,-99403.02,7.51,94.38,-4.326,-0,-1.0001,128.92,120.67,129.55,25.02,Cornering,"Hoosier 43075 16x7.5-10 R20, 7 inch rim",19417
78.52,759.203,-4.32,454.76,-247.04,3.994,-45.72,-12.48,-0.04,0.0175,-1.8408,12.1,-99352.14,7.51,94.34,-4.36,-0,-1.0001,128.86,120.59,129.61,25.01,Cornering,"Hoosier 43075 16x7.5-10 R20, 7 inch rim",19418
78.5,759.213,-3.15,457.19,-245.75,3.985,-44.7,-13.31,0.03,0.0128,-1.8604,12.1,159890.03,7.51,94.31,-4.41,-0,-1,128.83,120.59,129.65,25.02,Cornering,"Hoosier 43075 16x7.5-10 R20, 7 inch rim",19419
78.48,759.223,-2.5,460.12,-243.05,4.001,-44.38,-13.71,-0.04,0.0103,-1.8931,12.06,-99364.6,7.51,94.27,-4.434,-0,-1.0001,128.86,120.65,129.65,25.01,Cornering,"Hoosier 43075 16x7.5-10 R20, 7 inch rim",19420
78.5,759.233,-2.23,462.63,-240.71,3.993,-43.87,-13.18,0.09,0.0092,-1.9219,12,44291.66,7.51,94.26,-4.487,-0,-0.9998,128.81,120.7,129.69,25.01,Cornering,"Hoosier 43075 16x7.5-10 R20, 7 inch rim",19421
78.52,759.243,-2.47,465.31,-239,4.003,-43.6,-12.27,0.03,0.0103,-1.9469,11.94,159866.14,7.51,94.23,-4.513,-0,-1,128.79,120.76,129.71,25.02,Cornering,"Hoosier 43075 16x7.5-10 R20, 7 inch rim",19422
78.49,759.253,-3.76,467.33,-238.88,3.994,-43.23,-11.92,0.09,0.0157,-1.9563,11.92,44276.28,7.51,94.19,-4.566,-0,-0.9998,128.86,120.85,129.75,25.01,Cornering,"Hoosier 43075 16x7.5-10 R20, 7 inch rim",19423
78.49,759.263,-4.74,468.7,-238.64,3.998,-44.09,-11.53,0.03,0.0199,-1.9641,11.95,159731.69,7.51,94.13,-4.612,-0,-1,128.86,120.78,129.83,25,Cornering,"Hoosier 43075 16x7.5-10 R20, 7 inch rim",19424
78.51,759.273,-5.83,469.54,-239.59,3.997,-44.29,-11.69,0.09,0.0243,-1.9598,12.06,44250.45,7.51,94.06,-4.646,-0,-0.9998,128.86,120.61,129.91,25,Cornering,"Hoosier 43075 16x7.5-10 R20, 7 inch rim",19425
78.5,759.283,-6.07,470.1,-241.25,4,-44.71,-11.35,-0.04,0.0252,-1.9486,12.16,-99165.59,7.51,93.99,-4.692,-0,-1.0001,128.77,120.37,129.97,24.97,Cornering,"Hoosier 43075 16x7.5-10 R20, 7 inch rim",19426
78.48,759.293,-5.96,470.56,-243.6,3.982,-45.44,-11.53,0.03,0.0245,-1.9317,12.2,159407.47,7.51,93.93,-4.728,-0,-1,128.66,120.12,130.05,24.96,Cornering,"Hoosier 43075 16x7.5-10 R20, 7 inch rim",19427
78.5,759.303,-5.47,471.58,-245.02,3.988,-46.19,-11.83,-0.04,0.0223,-1.9247,12.19,-99061.36,7.5,93.88,-4.772,-0,-1.0001,128.66,119.99,130.05,24.95,Cornering,"Hoosier 43075 16x7.5-10 R20, 7 inch rim",19428
78.51,759.313,-4.25,473.33,-245.6,3.982,-46.37,-12.2,0.03,0.0173,-1.9272,12.13,159278.83,7.5,93.87,-4.8,-0,-1,128.66,119.9,130.05,24.94,Cornering,"Hoosier 43075 16x7.5-10 R20, 7 inch rim",19429
78.49,759.323,-2.97,475.94,-244.83,3.981,-45.35,-12.76,0.03,0.0121,-1.9439,12.06,159301.95,7.5,93.83,-4.855,-0,-1,128.68,119.88,130.09,24.94,Cornering,"Hoosier 43075 16x7.5-10 R20, 7 inch rim",19430
78.48,759.333,-2.08,478.3,-242.73,3.985,-44.9,-12.73,-0.04,0.0086,-1.9705,12.04,-99021.52,7.5,93.81,-4.881,-0,-1.0001,128.7,119.86,130.05,24.94,Cornering,"Hoosier 43075 16x7.5-10 R20, 7 inch rim",19431
78.51,759.343,-2.3,481.55,-240.07,3.991,-44.05,-12.78,0.03,0.0096,-2.0059,12.05,159286.47,7.5,93.77,-4.917,-0,-1,128.66,119.86,130.05,24.94,Cornering,"Hoosier 43075 16x7.5-10 R20, 7 inch rim",19432
78.5,759.353,-3.03,483.77,-238.21,3.987,-44.57,-12.27,0.03,0.0127,-2.0308,12.13,159419.94,7.5,93.72,-4.974,-0,-1,128.73,119.99,130.07,24.97,Cornering,"Hoosier 43075 16x7.5-10 R20, 7 inch rim",19433
78.48,759.363,-4.12,485.75,-237.65,3.991,-44.51,-11.57,0.03,0.0173,-2.044,12.19,159520.66,7.5,93.7,-5.014,-0,-1,128.83,120.04,130.11,24.98,Cornering,"Hoosier 43075 16x7.5-10 R20, 7 inch rim",19434
78.5,759.373,-5.12,486.99,-237.76,3.998,-44.61,-11.06,-0.04,0.0216,-2.0483,12.23,-99270.74,7.5,93.67,-5.05,-0,-1.0001,128.98,119.95,130.17,25.01,Cornering,"Hoosier 43075 16x7.5-10 R20, 7 inch rim",19435
78.53,759.383,-5.5,488.11,-238.25,3.985,-44.68,-10.71,0.03,0.0231,-2.0488,12.21,159758.81,7.49,93.67,-5.094,-0,-1,128.98,119.77,130.23,25.03,Cornering,"Hoosier 43075 16x7.5-10 R20, 7 inch rim",19436
78.49,759.393,-6.38,488.06,-240.03,4.001,-44.98,-11.05,-0.11,0.0266,-2.0333,12.16,-37914.26,7.49,93.69,-5.123,-0,-1.0002,128.98,119.6,130.3,25.05,Cornering,"Hoosier 43075 16x7.5-10 R20, 7 inch rim",19437
78.48,759.403,-5.87,488.65,-242.1,4.006,-45.48,-10.53,0.03,0.0242,-2.0184,12.08,159848.22,7.49,93.7,-5.176,-0,-1,128.9,119.38,130.28,25.04,Cornering,"Hoosier 43075 16x7.5-10 R20, 7 inch rim",19438
78.51,759.413,-5.94,489.57,-244.29,3.985,-45.82,-11.39,0.09,0.0243,-2.0041,12,44272.03,7.49,93.76,-5.213,-0,-0.9998,128.92,119.13,130.3,25.03,Cornering,"Hoosier 43075 16x7.5-10 R20, 7 inch rim",19439
78.51,759.423,-4.6,491.31,-244.85,4,-46.13,-11.44,0.09,0.0188,-2.0066,12,44259,7.49,93.78,-5.251,-0,-0.9998,128.94,119.07,130.28,25.03,Cornering,"Hoosier 43075 16x7.5-10 R20, 7 inch rim",19440
78.48,759.433,-3.19,492.84,-244.32,3.991,-46.43,-11.77,0.09,0.0131,-2.0172,12.05,44245.85,7.49,93.73,-5.289,-0,-0.9998,128.98,118.98,130.28,25.02,Cornering,"Hoosier 43075 16x7.5-10 R20, 7 inch rim",19441
78.5,759.443,-2.2,495.06,-242.49,4.001,-45.89,-12.02,-0.04,0.0091,-2.0415,12.14,-99247.64,7.48,93.72,-5.328,-0,-1.0001,129.03,119.02,130.3,25.02,Cornering,"Hoosier 43075 16x7.5-10 R20, 7 inch rim",19442
78.52,759.453,-1.66,496.93,-240.11,4,-45.96,-11.6,0.03,0.0069,-2.0696,12.21,159609.27,7.48,93.72,-5.375,-0,-1,129.07,119.05,130.34,25.01,Cornering,"Hoosier 43075 16x7.5-10 R20, 7 inch rim",19443
78.5,759.463,-2.16,499.17,-238.36,3.981,-45.22,-11.19,-0.04,0.0091,-2.0942,12.22,-99232.91,7.49,93.73,-5.414,-0,-1.0001,129.16,119.09,130.38,25.02,Cornering,"Hoosier 43075 16x7.5-10 R20, 7 inch rim",19444
78.47,759.473,-3.46,501.61,-237.61,3.988,-44.27,-10.74,-0.11,0.0146,-2.111,12.2,-37822.96,7.48,93.8,-5.451,-0,-1.0002,129.22,119.24,130.4,25,Cornering,"Hoosier 43075 16x7.5-10 R20, 7 inch rim",19445
78.51,759.483,-4.35,503.14,-237.42,4.003,-44.15,-9.96,0.03,0.0183,-2.1192,12.14,159576.92,7.48,93.86,-5.491,-0,-1,129.33,119.29,130.48,25.01,Cornering,"Hoosier 43075 16x7.5-10 R20, 7 inch rim",19446
78.5,759.493,-5.26,503.81,-238.28,3.994,-44.65,-9.82,0.03,0.0221,-2.1144,12.06,159528.62,7.48,93.9,-5.531,-0,-1,129.41,119.16,130.52,25.01,Cornering,"Hoosier 43075 16x7.5-10 R20, 7 inch rim",19447
78.48,759.503,-5.99,504,-238.97,3.994,-45.9,-9.81,0.09,0.0251,-2.1091,12.01,44183.53,7.48,93.89,-5.566,-0,-0.9998,129.43,119,130.62,25,Cornering,"Hoosier 43075 16x7.5-10 R20, 7 inch rim",19448
78.5,759.513,-6.07,504.13,-241.26,4.003,-46.28,-9.61,-0.04,0.0252,-2.0896,12.02,-99105.48,7.48,93.87,-5.616,-0,-1.0001,129.37,118.76,130.66,25,Cornering,"Hoosier 43075 16x7.5-10 R20, 7 inch rim",19449
78.52,759.523,-5.49,504.44,-243.66,3.994,-46.96,-9.33,0.09,0.0225,-2.0702,12.08,44146.08,7.48,93.86,-5.65,-0,-0.9998,129.37,118.61,130.7,24.98,Cornering,"Hoosier 43075 16x7.5-10 R20, 7 inch rim",19450
78.5,759.533,-4.84,505.56,-244.15,3.985,-47.81,-9.85,0.09,0.0198,-2.0707,12.13,44120.87,7.48,93.84,-5.709,-0,-0.9998,129.41,118.47,130.76,24.97,Cornering,"Hoosier 43075 16x7.5-10 R20, 7 inch rim",19451
78.48,759.543,-3.56,506.98,-244.36,3.981,-47.48,-10.1,0.03,0.0146,-2.0747,12.15,159176.8,7.48,93.86,-5.726,-0,-1,129.52,118.43,130.8,24.96,Cornering,"Hoosier 43075 16x7.5-10 R20, 7 inch rim",19452
78.5,759.553,-2.93,509.38,-242.76,3.991,-46.17,-10.74,-0.04,0.0121,-2.0983,12.11,-98940.69,7.47,93.87,-5.765,-0,-1.0001,129.52,118.5,130.84,24.96,Cornering,"Hoosier 43075 16x7.5-10 R20, 7 inch rim",19453
78.51,759.563,-2.49,511.53,-239.95,3.997,-46.14,-10.3,0.03,0.0104,-2.1318,12.04,159150.64,7.47,93.87,-5.815,-0,-1,129.56,118.56,130.82,24.96,Cornering,"Hoosier 43075 16x7.5-10 R20, 7 inch rim",19454
78.48,759.573,-2.52,513.63,-238.57,3.991,-45.38,-9.74,0.03,0.0106,-2.1529,11.99,159176.94,7.47,93.86,-5.85,-0,-1,129.58,118.69,130.84,24.97,Cornering,"Hoosier 43075 16x7.5-10 R20, 7 inch rim",19455
78.48,759.583,-3.44,516,-236.8,3.994,-45.59,-9.23,0.03,0.0145,-2.179,11.89,159167.52,7.47,93.88,-5.882,-0,-1,129.69,118.74,130.88,24.97,Cornering,"Hoosier 43075 16x7.5-10 R20, 7 inch rim",19456
78.51,759.593,-4.49,517.55,-236.76,3.994,-45.38,-8.67,0.03,0.0189,-2.186,11.89,159190.66,7.47,93.88,-5.928,-0,-1,129.82,118.78,130.98,24.97,Cornering,"Hoosier 43075 16x7.5-10 R20, 7 inch rim",19457
78.5,759.603,-5.12,518.69,-237.42,3.981,-45.25,-8.17,0.03,0.0216,-2.1847,11.93,159140.69,7.47,93.88,-5.971,-0,-1,129.93,118.74,131.06,24.97,Cornering,"Hoosier 43075 16x7.5-10 R20, 7 inch rim",19458
78.48,759.613,-6.04,518.75,-238.66,3.998,-45.71,-8.42,-0.11,0.0253,-2.1736,12,-37731.48,7.47,93.88,-6.011,-0,-1.0002,129.97,118.54,131.16,24.97,Cornering,"Hoosier 43075 16x7.5-10 R20, 7 inch rim",19459
78.5,759.623,-6.7,518.68,-240.28,4.004,-46.6,-8.56,0.03,0.0279,-2.1586,12.1,159152.61,7.46,93.89,-6.052,-0,-1,129.88,118.34,131.27,24.97,Cornering,"Hoosier 43075 16x7.5-10 R20, 7 inch rim",19460
78.52,759.633,-6.52,518.55,-242.91,3.979,-46.75,-8.65,-0.04,0.0269,-2.1347,12.14,-98971.75,7.47,93.9,-6.088,-0,-1.0001,129.88,118.17,131.27,24.98,Cornering,"Hoosier 43075 16x7.5-10 R20, 7 inch rim",19461
78.49,759.643,-5.71,519.1,-244.34,3.993,-47.51,-8.64,-0.04,0.0234,-2.1245,12.14,-99032.3,7.46,93.93,-6.131,-0,-1.0001,129.91,118.06,131.35,25,Cornering,"Hoosier 43075 16x7.5-10 R20, 7 inch rim",19462
78.49,759.653,-4.46,520.47,-243.95,4.004,-47.96,-9.01,-0.04,0.0183,-2.1335,12.08,-99070.69,7.46,93.94,-6.17,-0,-1.0001,129.95,118.01,131.41,25.01,Cornering,"Hoosier 43075 16x7.5-10 R20, 7 inch rim",19463
78.51,759.663,-3.64,522.43,-242.78,3.984,-47.14,-9.77,-0.04,0.015,-2.1519,12.02,-99016.34,7.46,93.91,-6.213,-0,-1.0001,130.01,118.01,131.51,25,Cornering,"Hoosier 43075 16x7.5-10 R20, 7 inch rim",19464
78.5,759.673,-2.82,524.8,-240.75,3.991,-46.35,-9.24,0.09,0.0117,-2.1799,11.97,44116.2,7.46,93.94,-6.249,-0,-0.9998,130.01,118.08,131.51,24.99,Cornering,"Hoosier 43075 16x7.5-10 R20, 7 inch rim",19465
78.48,759.683,-3.01,527.29,-238.25,3.979,-45.76,-9.12,0.03,0.0126,-2.2132,12.03,159115.33,7.46,93.9,-6.289,-0,-1,130.04,118.17,131.57,24.98,Cornering,"Hoosier 43075 16x7.5-10 R20, 7 inch rim",19466
78.5,759.693,-3.74,529.53,-236.81,3.994,-45.66,-8.52,-0.04,0.0158,-2.2361,12.08,-98923.91,7.46,93.87,-6.332,-0,-1.0001,130.12,118.25,131.61,24.98,Cornering,"Hoosier 43075 16x7.5-10 R20, 7 inch rim",19467
78.51,759.703,-4.82,531.06,-236.55,3.994,-45.43,-7.84,-0.04,0.0204,-2.2451,12.16,-98962.32,7.46,93.85,-6.369,-0,-1.0001,130.25,118.3,131.73,25,Cornering,"Hoosier 43075 16x7.5-10 R20, 7 inch rim",19468
78.49,759.713,-6,531.88,-237.33,4.001,-45.44,-7.69,-0.04,0.0253,-2.2411,12.18,-99071.27,7.45,93.86,-6.397,-0,-1.0001,130.38,118.23,131.83,25.03,Cornering,"Hoosier 43075 16x7.5-10 R20, 7 inch rim",19469
78.48,759.723,-6.59,532.06,-237.86,4.006,-46.34,-7.18,-0.04,0.0277,-2.2368,12.18,-99132.25,7.45,93.84,-6.436,-0,-1.0001,130.4,118.03,131.95,25.04,Cornering,"Hoosier 43075 16x7.5-10 R20, 7 inch rim",19470
78.51,759.733,-7.1,531.72,-239.88,3.99,-47.07,-7.3,0.03,0.0296,-2.2166,12.14,159457.12,7.45,93.88,-6.486,-0,-1,130.42,117.84,131.97,25.04,Cornering,"Hoosier 43075 16x7.5-10 R20, 7 inch rim",19471
78.5,759.743,-6.87,531.56,-242.34,3.994,-47.31,-6.81,0.09,0.0283,-2.1934,12.06,44163.18,7.45,93.88,-6.522,-0,-0.9998,130.36,117.64,132.03,25.03,Cornering,"Hoosier 43075 16x7.5-10 R20, 7 inch rim",19472
78.47,759.753,-6.18,531.92,-243.23,3.982,-48.59,-6.83,-0.04,0.0254,-2.1869,12.02,-98991.63,7.45,93.84,-6.562,-0,-1.0001,130.38,117.48,132.03,25.01,Cornering,"Hoosier 43075 16x7.5-10 R20, 7 inch rim",19473
78.49,759.763,-5.18,533.52,-243.75,3.993,-47.88,-7.38,-0.04,0.0212,-2.1888,12.02,-98890.65,7.45,93.8,-6.607,-0,-1.0001,130.44,117.37,132.03,24.99,Cornering,"Hoosier 43075 16x7.5-10 R20, 7 inch rim",19474
78.51,759.773,-3.59,535.32,-242.63,3.99,-47.44,-7.36,-0.04,0.0148,-2.2064,12.09,-98928.73,7.44,93.8,-6.644,-0,-1.0001,130.53,117.37,132.07,25,Cornering,"Hoosier 43075 16x7.5-10 R20, 7 inch rim",19475
78.5,759.783,-2.78,537.22,-240.69,3.993,-47.07,-7.37,0.03,0.0116,-2.232,12.2,159095.28,7.44,93.79,-6.685,-0,-1,130.59,117.35,132.11,25,Cornering,"Hoosier 43075 16x7.5-10 R20, 7 inch rim",19476
78.48,759.793,-2.63,540.17,-238.04,3.994,-46.34,-7.04,0.03,0.011,-2.2693,12.25,158970.48,7.44,93.78,-6.727,-0,-1,130.64,117.39,132.07,24.98,Cornering,"Hoosier 43075 16x7.5-10 R20, 7 inch rim",19477
78.51,759.803,-2.83,542.3,-237.32,3.998,-45.59,-5.95,-0.04,0.0119,-2.2851,12.24,-98834.81,7.44,93.76,-6.763,-0,-1.0001,130.72,117.42,132.13,24.98,Cornering,"Hoosier 43075 16x7.5-10 R20, 7 inch rim",19478
78.51,759.813,-4.07,543.67,-236.73,3.987,-45.77,-5.48,-0.04,0.0172,-2.2966,12.19,-98778.23,7.44,93.74,-6.813,-0,-1.0001,130.85,117.42,132.3,24.97,Cornering,"Hoosier 43075 16x7.5-10 R20, 7 inch rim",19479
78.48,759.823,-5.01,544.45,-237.05,4.009,-46.42,-4.78,0.03,0.0211,-2.2968,12.11,158930.59,7.44,93.74,-6.843,-0,-1,131.02,117.39,132.48,24.98,Cornering,"Hoosier 43075 16x7.5-10 R20, 7 inch rim",19480
78.49,759.833,-6,544.52,-238.32,4.004,-46.71,-4.63,-0.11,0.0252,-2.2848,12.06,-37681.27,7.44,93.73,-6.883,-0,-1.0002,131.13,117.17,132.64,24.98,Cornering,"Hoosier 43075 16x7.5-10 R20, 7 inch rim",19481
78.51,759.843,-6.43,544.46,-239.92,3.998,-47.68,-4.38,0.09,0.0268,-2.2693,12.01,44032.98,7.44,93.72,-6.926,-0,-0.9998,131.11,117.02,132.72,24.98,Cornering,"Hoosier 43075 16x7.5-10 R20, 7 inch rim",19482
78.5,759.853,-6.76,544.7,-241.3,3.987,-48.73,-4.42,-0.04,0.028,-2.2574,12.03,-98746.26,7.44,93.7,-6.96,-0,-1.0001,131.07,116.82,132.86,24.97,Cornering,"Hoosier 43075 16x7.5-10 R20, 7 inch rim",19483
78.47,759.863,-6.38,545.12,-243.12,3.99,-48.96,-4.66,0.09,0.0263,-2.2422,12.08,43994.64,7.44,93.64,-7.005,-0,-0.9998,131.11,116.69,132.9,24.96,Cornering,"Hoosier 43075 16x7.5-10 R20, 7 inch rim",19484
78.5,759.873,-5.19,546.12,-244.06,3.994,-48.52,-4.88,0.03,0.0213,-2.2377,12.14,158859.08,7.43,93.63,-7.046,-0,-1,131.28,116.62,132.96,24.98,Cornering,"Hoosier 43075 16x7.5-10 R20, 7 inch rim",19485
78.51,759.883,-4.06,547.5,-243.53,3.979,-47.74,-5.31,-0.04,0.0167,-2.2482,12.17,-98809.42,7.43,93.61,-7.089,-0,-1.0001,131.34,116.58,133.04,25,Cornering,"Hoosier 43075 16x7.5-10 R20, 7 inch rim",19486
78.49,759.893,-3.31,549.26,-241.78,3.99,-47.09,-5.4,0.03,0.0137,-2.2718,12.14,158831.36,7.43,93.61,-7.123,-0,-1,131.45,116.62,133.08,24.98,Cornering,"Hoosier 43075 16x7.5-10 R20, 7 inch rim",19487
78.49,759.903,-2.81,551.3,-239.42,3.993,-46.66,-4.86,0.03,0.0117,-2.3026,12.06,158703.2,7.43,93.63,-7.172,-0,-1,131.52,116.76,133.16,24.96,Cornering,"Hoosier 43075 16x7.5-10 R20, 7 inch rim",19488
78.52,759.913,-3.56,552.92,-238.08,3.99,-46.35,-4.54,-0.04,0.0149,-2.3224,11.98,-98554.61,7.43,93.66,-7.204,-0,-1.0001,131.69,116.84,133.19,24.94,Cornering,"Hoosier 43075 16x7.5-10 R20, 7 inch rim",19489
78.5,759.923,-4.11,553.93,-237.13,4.007,-47.68,-3.26,-0.04,0.0173,-2.336,11.92,-98429.7,7.42,93.68,-7.249,-0,-1.0001,131.94,116.98,133.29,24.91,Cornering,"Hoosier 43075 16x7.5-10 R20, 7 inch rim",19490
78.48,759.933,-5.61,554.89,-237.56,3.996,-47.69,-3.16,-0.04,0.0236,-2.3358,11.9,-98442.81,7.42,93.7,-7.292,-0,-1.0001,132.09,117,133.45,24.92,Cornering,"Hoosier 43075 16x7.5-10 R20, 7 inch rim",19491
78.5,759.943,-6.45,555.28,-238.79,3.994,-47.79,-2.86,-0.04,0.027,-2.3254,11.95,-98459.82,7.42,93.74,-7.318,-0,-1.0001,132.25,117,133.63,24.92,Cornering,"Hoosier 43075 16x7.5-10 R20, 7 inch rim",19492
78.52,759.953,-7.12,555.2,-240.24,4.003,-48.09,-2.69,-0.04,0.0297,-2.3111,12.03,-98606.91,7.42,93.75,-7.375,-0,-1.0001,132.25,116.84,133.75,24.96,Cornering,"Hoosier 43075 16x7.5-10 R20, 7 inch rim",19493
78.49,759.963,-7.39,555.28,-241.43,3.997,-48.75,-2.58,-0.04,0.0306,-2.3,12.09,-98597.94,7.42,93.75,-7.414,-0,-1.0001,132.2,116.65,133.85,24.96,Cornering,"Hoosier 43075 16x7.5-10 R20, 7 inch rim",19494
78.48,759.973,-6.93,555.68,-243,4.003,-49.05,-2.14,0.03,0.0285,-2.2867,12.14,158712.75,7.42,93.71,-7.446,-0,-1,132.29,116.51,133.91,24.98,Cornering,"Hoosier 43075 16x7.5-10 R20, 7 inch rim",19495
78.51,759.983,-5.81,556.21,-243.95,3.996,-48.96,-2.23,0.03,0.0238,-2.28,12.11,158659.73,7.42,93.68,-7.489,-0,-1,132.35,116.47,134.01,24.97,Cornering,"Hoosier 43075 16x7.5-10 R20, 7 inch rim",19496
78.5,759.993,-4.67,557.17,-244,3.985,-47.99,-2.64,-0.04,0.0191,-2.2834,12.06,-98546.52,7.42,93.62,-7.536,-0,-1.0001,132.5,116.4,134.07,24.96,Cornering,"Hoosier 43075 16x7.5-10 R20, 7 inch rim",19497
78.48,760.003,-3.88,557.98,-242.2,3.991,-48.24,-2.84,0.03,0.016,-2.3038,11.98,158443,7.42,93.58,-7.574,-0,-1,132.65,116.45,134.2,24.94,Cornering,"Hoosier 43075 16x7.5-10 R20, 7 inch rim",19498
78.5,760.013,-3.42,559.5,-241.33,3.997,-46.43,-2.38,0.03,0.0142,-2.3184,11.91,158355.69,7.41,93.52,-7.61,-0,-1,132.72,116.49,134.34,24.93,Cornering,"Hoosier 43075 16x7.5-10 R20, 7 inch rim",19499
78.52,760.023,-3.64,560.92,-239.35,3.998,-47.02,-1.82,0.09,0.0152,-2.3435,11.89,43897.98,7.41,93.49,-7.649,-0,-0.9998,132.85,116.58,134.48,24.94,Cornering,"Hoosier 43075 16x7.5-10 R20, 7 inch rim",19500
78.5,760.033,-4.96,561.99,-239.16,3.997,-47.3,-1.63,0.03,0.0207,-2.3498,11.95,158322.03,7.41,93.46,-7.698,-0,-1,133.06,116.67,134.66,24.93,Cornering,"Hoosier 43075 16x7.5-10 R20, 7 inch rim",19501
78.48,760.043,-5.85,563.21,-238.79,3.984,-47.69,-0.99,-0.04,0.0245,-2.3586,12.05,-98499.27,7.41,93.48,-7.733,-0,-1.0001,133.27,116.73,134.82,24.96,Cornering,"Hoosier 43075 16x7.5-10 R20, 7 inch rim",19502
78.51,760.053,-6.91,564.16,-239.16,3.988,-48.17,-0.92,-0.04,0.0289,-2.3589,12.11,-98467.7,7.41,93.49,-7.769,-0,-1.0001,133.45,116.73,135.06,24.95,Cornering,"Hoosier 43075 16x7.5-10 R20, 7 inch rim",19503
78.5,760.063,-7.45,564.38,-240.21,3.987,-48.48,-0.86,0.09,0.031,-2.3495,12.12,43879.75,7.41,93.46,-7.818,-0,-0.9998,133.51,116.56,135.27,24.94,Cornering,"Hoosier 43075 16x7.5-10 R20, 7 inch rim",19504
78.47,760.073,-7.53,564.76,-241.37,3.985,-49.07,-0.7,-0.11,0.0312,-2.3398,12.11,-37551.7,7.41,93.44,-7.857,-0,-1.0002,133.49,116.4,135.41,24.95,Cornering,"Hoosier 43075 16x7.5-10 R20, 7 inch rim",19505
78.5,760.083,-7.39,565.14,-242.56,3.987,-49.86,-0.57,0.03,0.0305,-2.3299,12.06,158396.23,7.41,93.43,-7.884,-0,-1,133.51,116.27,135.47,24.96,Cornering,"Hoosier 43075 16x7.5-10 R20, 7 inch rim",19506
78.52,760.093,-6.11,566.01,-243.95,3.994,-49.09,-0.14,0.09,0.0251,-2.3201,11.99,43867.81,7.4,93.4,-7.927,-0,-0.9998,133.58,116.21,135.53,24.94,Cornering,"Hoosier 43075 16x7.5-10 R20, 7 inch rim",19507
78.5,760.103,-5.07,566.34,-244.23,3.994,-49.2,-0.51,0.09,0.0208,-2.3189,11.95,43862.26,7.4,93.4,-7.977,-0,-0.9998,133.64,116.25,135.57,24.94,Cornering,"Hoosier 43075 16x7.5-10 R20, 7 inch rim",19508
78.48,760.113,-3.87,567.07,-243.38,3.998,-48.63,-0.42,-0.04,0.0159,-2.3299,11.98,-98432.29,7.4,93.42,-8.005,-0,-1.0001,133.81,116.23,135.67,24.96,Cornering,"Hoosier 43075 16x7.5-10 R20, 7 inch rim",19509
78.5,760.123,-3.9,567.46,-242.1,3.996,-48.46,-0.63,-0.04,0.0161,-2.3439,12.05,-98400.09,7.4,93.41,-8.043,-0,-1.0001,133.96,116.29,135.79,24.95,Cornering,"Hoosier 43075 16x7.5-10 R20, 7 inch rim",19510
78.51,760.133,-3.65,568.33,-240.87,3.981,-47.68,0.3,-0.04,0.0151,-2.3594,12.16,-98412.12,7.4,93.41,-8.086,-0,-1.0001,134.05,116.36,135.89,24.96,Cornering,"Hoosier 43075 16x7.5-10 R20, 7 inch rim",19511
78.48,760.143,-4.37,569.22,-240.35,3.996,-47.52,0.93,0.09,0.0182,-2.3683,12.19,43846.04,7.4,93.37,-8.121,-0,-0.9998,134.28,116.51,136.03,24.94,Cornering,"Hoosier 43075 16x7.5-10 R20, 7 inch rim",19512
78.49,760.153,-5.37,570.12,-239.95,3.998,-48,1.41,-0.11,0.0224,-2.376,12.19,-37521.61,7.4,93.32,-8.172,-0,-1.0002,134.48,116.58,136.28,24.95,Cornering,"Hoosier 43075 16x7.5-10 R20, 7 inch rim",19513
78.51,760.163,-6.77,571.06,-240.19,3.997,-48.49,1.27,0.03,0.0282,-2.3776,12.13,158117.7,7.4,93.32,-8.209,-0,-1,134.78,116.54,136.52,24.93,Cornering,"Hoosier 43075 16x7.5-10 R20, 7 inch rim",19514
78.5,760.173,-7.2,571.72,-240.78,3.99,-48.63,1.53,-0.11,0.0299,-2.3745,12.08,-37460.77,7.4,93.29,-8.259,-0,-1.0002,134.86,116.36,136.76,24.92,Cornering,"Hoosier 43075 16x7.5-10 R20, 7 inch rim",19515
78.47,760.183,-7.91,572.22,-241.44,3.993,-49.74,1.45,-0.04,0.0328,-2.37,12.03,-98245.91,7.4,93.29,-8.289,-0,-1.0001,134.93,116.27,136.98,24.93,Cornering,"Hoosier 43075 16x7.5-10 R20, 7 inch rim",19516
78.5,760.193,-8.3,572.5,-243.52,3.997,-49.75,1.36,0.03,0.0341,-2.351,12.02,158138.88,7.39,93.24,-8.335,-0,-1,134.93,116.05,137.09,24.94,Cornering,"Hoosier 43075 16x7.5-10 R20, 7 inch rim",19517
78.51,760.203,-7.86,572.41,-244.63,3.996,-50.37,1.25,-0.11,0.0321,-2.3399,12.08,-37537.28,7.39,93.22,-8.366,-0,-1.0002,135.06,115.99,137.11,24.97,Cornering,"Hoosier 43075 16x7.5-10 R20, 7 inch rim",19518
78.48,760.213,-6.69,572.64,-245.7,3.994,-49.75,1.09,-0.04,0.0272,-2.3306,12.16,-98468.06,7.39,93.14,-8.401,-0,-1.0001,135.16,115.94,137.23,24.99,Cornering,"Hoosier 43075 16x7.5-10 R20, 7 inch rim",19519
78.48,760.223,-5.73,573.08,-245.08,3.996,-49.32,0.73,0.09,0.0234,-2.3383,12.21,43870.34,7.39,93.06,-8.441,-0,-0.9998,135.33,115.99,137.31,24.98,Cornering,"Hoosier 43075 16x7.5-10 R20, 7 inch rim",19520
78.51,760.233,-4.58,573.64,-243.99,3.996,-48.36,1.52,0.03,0.0188,-2.3511,12.22,158149.52,7.39,93.03,-8.484,-0,-1,135.44,116.1,137.47,24.96,Cornering,"Hoosier 43075 16x7.5-10 R20, 7 inch rim",19521
78.52,760.243,-5.14,574.46,-242.2,3.993,-48.3,1.07,-0.04,0.0212,-2.3719,12.17,-98298.91,7.39,93.01,-8.522,-0,-1.0001,135.61,116.21,137.63,24.96,Cornering,"Hoosier 43075 16x7.5-10 R20, 7 inch rim",19522
78.48,760.253,-4.79,575.92,-240.76,4.001,-48.43,2.63,-0.04,0.0199,-2.3921,12.09,-98328.91,7.39,93.01,-8.581,-0,-1.0001,135.76,116.4,137.73,24.97,Cornering,"Hoosier 43075 16x7.5-10 R20, 7 inch rim",19523
78.5,760.263,-5.51,576.85,-240.72,3.987,-48.65,3.41,0.09,0.0229,-2.3963,12.06,43839.27,7.39,93.01,-8.617,-0,-0.9998,136.04,116.47,137.95,24.97,Cornering,"Hoosier 43075 16x7.5-10 R20, 7 inch rim",19524
78.51,760.273,-6.52,578.27,-241.17,3.996,-48.62,3.62,-0.11,0.027,-2.3977,12.05,-37517.42,7.38,93.02,-8.648,-0,-1.0002,136.39,116.49,138.18,24.98,Cornering,"Hoosier 43075 16x7.5-10 R20, 7 inch rim",19525
78.49,760.283,-7.42,579.24,-241.8,4.001,-48.65,3.52,0.03,0.0307,-2.3956,12.09,158208.83,7.38,93.04,-8.687,-0,-1,136.64,116.4,138.46,24.98,Cornering,"Hoosier 43075 16x7.5-10 R20, 7 inch rim",19526
78.48,760.293,-7.78,579.91,-242.62,3.996,-49.04,3.6,-0.04,0.0321,-2.3902,12.15,-98266.3,7.38,93.01,-8.728,-0,-1.0001,136.73,116.29,138.66,24.96,Cornering,"Hoosier 43075 16x7.5-10 R20, 7 inch rim",19527
78.52,760.303,-8.1,580.17,-244.12,3.988,-49.09,3.28,0.03,0.0332,-2.3766,12.17,158060.45,7.38,93,-8.774,-0,-1,136.75,116.14,138.78,24.96,Cornering,"Hoosier 43075 16x7.5-10 R20, 7 inch rim",19528
78.5,760.313,-7.82,579.76,-245.2,3.99,-49.94,3.33,-0.11,0.0319,-2.3645,12.15,-37482.77,7.38,93.05,-8.814,-0,-1.0002,136.94,116.1,138.86,24.97,Cornering,"Hoosier 43075 16x7.5-10 R20, 7 inch rim",19529
78.48,760.323,-6.95,579.06,-246.41,3.988,-49.74,3.23,-0.04,0.0282,-2.35,12.1,-98323.82,7.38,93.11,-8.852,-0,-1.0001,137.09,116.07,138.92,24.98,Cornering,"Hoosier 43075 16x7.5-10 R20, 7 inch rim",19530
78.5,760.333,-5.68,578.57,-246,3.994,-50.21,3.16,-0.11,0.0231,-2.3519,12.03,-37492.49,7.38,93.15,-8.887,-0,-1.0002,137.29,116.03,139.09,24.98,Cornering,"Hoosier 43075 16x7.5-10 R20, 7 inch rim",19531
78.52,760.343,-4.58,578.1,-245.84,3.997,-49.14,3.56,0.16,0.0186,-2.3515,11.99,25435.61,7.38,93.22,-8.919,-0,-0.9997,137.5,116.18,139.23,24.98,Cornering,"Hoosier 43075 16x7.5-10 R20, 7 inch rim",19532
78.49,760.353,-4.83,578.67,-244.68,3.977,-48.48,3.31,0.03,0.0197,-2.365,11.96,157972.62,7.38,93.24,-8.972,-0,-1,137.61,116.36,139.39,24.96,Cornering,"Hoosier 43075 16x7.5-10 R20, 7 inch rim",19533
78.48,760.363,-5.04,579.54,-243.73,3.981,-48.3,3.92,0.03,0.0207,-2.3778,11.97,157992.55,7.38,93.26,-9.009,-0,-1,137.82,116.47,139.55,24.97,Cornering,"Hoosier 43075 16x7.5-10 R20, 7 inch rim",19534
78.51,760.373,-5.8,581.21,-243.23,3.985,-47.89,4.56,0.03,0.0238,-2.3896,12.04,157973.12,7.38,93.29,-9.052,-0,-1,138.04,116.69,139.75,24.97,Cornering,"Hoosier 43075 16x7.5-10 R20, 7 inch rim",19535
78.5,760.383,-6.78,583.04,-242.74,3.991,-48.42,4.96,0.09,0.0279,-2.4019,12.11,43780.44,7.38,93.33,-9.095,-0,-0.9998,138.32,116.73,140,24.97,Cornering,"Hoosier 43075 16x7.5-10 R20, 7 inch rim",19536
78.48,760.393,-7.81,584.25,-242.28,3.993,-49.16,4.92,0.03,0.0322,-2.4114,12.13,157941.86,7.38,93.34,-9.121,-0,-1,138.49,116.71,140.26,24.97,Cornering,"Hoosier 43075 16x7.5-10 R20, 7 inch rim",19537
78.49,760.403,-8.33,584.6,-243.04,3.993,-49.79,5.19,0.09,0.0343,-2.4054,12.1,43760.12,7.37,93.33,-9.175,-0,-0.9998,138.57,116.58,140.42,24.97,Cornering,"Hoosier 43075 16x7.5-10 R20, 7 inch rim",19538
78.52,760.413,-8.78,584.82,-244.25,3.997,-50.29,5.3,0.03,0.036,-2.3944,12.04,157755.81,7.37,93.33,-9.207,-0,-1,138.55,116.49,140.56,24.94,Cornering,"Hoosier 43075 16x7.5-10 R20, 7 inch rim",19539
78.49,760.423,-8.6,584.57,-245.2,3.991,-50.87,5.3,0.03,0.0351,-2.3841,11.96,157843.97,7.37,93.33,-9.254,-0,-1,138.6,116.4,140.68,24.96,Cornering,"Hoosier 43075 16x7.5-10 R20, 7 inch rim",19540
78.48,760.433,-7.71,584.17,-246.33,4.003,-50.91,5.46,0.09,0.0313,-2.3715,11.95,43766.13,7.37,93.33,-9.287,-0,-0.9998,138.68,116.27,140.74,24.98,Cornering,"Hoosier 43075 16x7.5-10 R20, 7 inch rim",19541
78.51,760.443,-5.84,583.17,-247.43,3.987,-50.2,5.64,-0.04,0.0236,-2.3569,11.97,-98251.34,7.37,93.32,-9.348,-0,-1.0001,138.83,116.29,140.82,25,Cornering,"Hoosier 43075 16x7.5-10 R20, 7 inch rim",19542
78.51,760.453,-4.85,582.7,-247.26,3.991,-49.19,5.51,-0.04,0.0196,-2.3566,12.04,-98291.9,7.37,93.31,-9.366,-0,-1.0001,139,116.36,141.03,25.01,Cornering,"Hoosier 43075 16x7.5-10 R20, 7 inch rim",19543
78.48,760.463,-4.83,582.83,-246.63,3.988,-47.92,4.89,-0.04,0.0196,-2.3632,12.11,-98232.95,7.37,93.29,-9.411,-0,-1.0001,139.15,116.47,141.19,25,Cornering,"Hoosier 43075 16x7.5-10 R20, 7 inch rim",19544
78.49,760.473,-4.6,583.18,-245.03,3.997,-48.75,5.73,-0.11,0.0188,-2.3801,12.13,-37440.72,7.37,93.27,-9.443,-0,-1.0002,139.33,116.54,141.37,24.98,Cornering,"Hoosier 43075 16x7.5-10 R20, 7 inch rim",19545
78.52,760.483,-5.6,584.05,-244.2,4.004,-49.35,6.23,0.03,0.0229,-2.3917,12.14,157700.05,7.37,93.25,-9.483,-0,-1,139.56,116.71,141.57,24.96,Cornering,"Hoosier 43075 16x7.5-10 R20, 7 inch rim",19546
78.5,760.493,-6.43,585.44,-243.87,3.987,-49.49,6.98,0.03,0.0264,-2.4006,12.09,157600.95,7.37,93.25,-9.537,-0,-1,139.93,116.82,141.81,24.94,Cornering,"Hoosier 43075 16x7.5-10 R20, 7 inch rim",19547
78.48,760.503,-7.49,586.4,-244.41,3.987,-49.66,7.02,-0.04,0.0306,-2.3992,12.03,-97979.46,7.37,93.23,-9.576,-0,-1.0001,140.14,116.84,142.06,24.95,Cornering,"Hoosier 43075 16x7.5-10 R20, 7 inch rim",19548
78.5,760.513,-8.32,587.04,-244.89,3.991,-50.01,7.04,-0.04,0.034,-2.3972,11.99,-98014.32,7.36,93.2,-9.612,-0,-1.0001,140.23,116.8,142.28,24.96,Cornering,"Hoosier 43075 16x7.5-10 R20, 7 inch rim",19549
78.52,760.523,-8.56,587.7,-245.56,3.987,-50.62,7.36,0.09,0.0349,-2.3933,12,43676.69,7.37,93.19,-9.659,-0,-0.9998,140.25,116.71,142.4,24.96,Cornering,"Hoosier 43075 16x7.5-10 R20, 7 inch rim",19550
78.49,760.533,-9.03,587.93,-246.68,3.993,-50.66,6.94,0.03,0.0366,-2.3834,12.08,157787.14,7.36,93.2,-9.684,-0,-1,140.31,116.67,142.44,24.98,Cornering,"Hoosier 43075 16x7.5-10 R20, 7 inch rim",19551
78.49,760.543,-8.27,588.01,-247.85,3.987,-50.37,6.78,0.03,0.0334,-2.3724,12.17,157799.42,7.36,93.19,-9.734,-0,-1,140.42,116.56,142.48,24.99,Cornering,"Hoosier 43075 16x7.5-10 R20, 7 inch rim",19552
78.51,760.553,-6.44,587.28,-248.64,4.001,-49.96,7.2,-0.04,0.0259,-2.362,12.22,-97992.3,7.36,93.18,-9.761,-0,-1.0001,140.59,116.58,142.54,24.97,Cornering,"Hoosier 43075 16x7.5-10 R20, 7 inch rim",19553
78.5,760.563,-5.28,586.44,-247.59,3.993,-50.42,6.84,-0.11,0.0213,-2.3686,12.19,-37363.53,7.36,93.19,-9.815,-0,-1.0002,140.78,116.56,142.74,24.96,Cornering,"Hoosier 43075 16x7.5-10 R20, 7 inch rim",19554
78.48,760.573,-4.64,585.8,-247.08,3.994,-49.54,6.83,-0.04,0.0188,-2.3709,12.15,-97918.49,7.36,93.18,-9.854,-0,-1.0001,141.02,116.67,142.95,24.96,Cornering,"Hoosier 43075 16x7.5-10 R20, 7 inch rim",19555
78.5,760.583,-4.43,586.36,-246.09,3.991,-48.94,7.39,0.09,0.018,-2.3827,12.11,43675.55,7.36,93.2,-9.893,-0,-0.9998,141.13,116.78,143.09,24.97,Cornering,"Hoosier 43075 16x7.5-10 R20, 7 inch rim",19556
78.52,760.593,-5.36,587.07,-245.1,3.993,-49.31,7.71,0.03,0.0219,-2.3953,12.03,157592.64,7.36,93.23,-9.931,-0,-1,141.41,116.95,143.29,24.97,Cornering,"Hoosier 43075 16x7.5-10 R20, 7 inch rim",19557
78.49,760.603,-6.31,588.3,-244.88,3.991,-49.29,8.27,0.09,0.0258,-2.4024,12.04,43665.12,7.36,93.26,-9.968,-0,-0.9998,141.66,117.11,143.55,24.97,Cornering,"Hoosier 43075 16x7.5-10 R20, 7 inch rim",19558
78.49,760.613,-6.98,589.37,-244.79,3.994,-50.2,8.94,0.03,0.0285,-2.4076,12.11,157552.73,7.36,93.27,-10.011,-0,-1,141.94,117.17,143.81,24.97,Cornering,"Hoosier 43075 16x7.5-10 R20, 7 inch rim",19559
78.51,760.623,-7.5,590.17,-245.27,3.997,-50.31,9.22,-0.04,0.0306,-2.4062,12.17,-97923.94,7.36,93.32,-10.057,-0,-1.0001,142.09,117.13,144.02,24.97,Cornering,"Hoosier 43075 16x7.5-10 R20, 7 inch rim",19560
78.51,760.633,-8.73,590.69,-246.02,3.991,-50.51,8.59,-0.11,0.0355,-2.401,12.24,-37340.52,7.36,93.32,-10.084,-0,-1.0002,142.16,117.09,144.24,24.97,Cornering,"Hoosier 43075 16x7.5-10 R20, 7 inch rim",19561
78.48,760.643,-9.11,591.05,-246.86,3.988,-50.47,8.48,-0.04,0.0369,-2.3943,12.22,-97898.38,7.36,93.33,-10.139,-0,-1.0001,142.14,117,144.3,24.97,Cornering,"Hoosier 43075 16x7.5-10 R20, 7 inch rim",19562
78.5,760.653,-8.79,590.68,-248.34,3.991,-49.79,8.47,-0.04,0.0354,-2.3785,12.18,-97845.28,7.36,93.36,-10.163,-0,-1.0001,142.24,116.95,144.4,24.96,Cornering,"Hoosier 43075 16x7.5-10 R20, 7 inch rim",19563
78.52,760.663,-7.24,589.48,-249.05,3.996,-50.51,8.76,0.03,0.0291,-2.3669,12.1,157418.75,7.35,93.4,-10.205,-0,-1,142.33,116.93,144.46,24.97,Cornering,"Hoosier 43075 16x7.5-10 R20, 7 inch rim",19564
78.5,760.673,-6.02,588.41,-249.25,3.996,-50.26,8.56,0.09,0.0242,-2.3607,12.04,43624.5,7.35,93.37,-10.259,-0,-0.9998,142.54,116.98,144.62,24.97,Cornering,"Hoosier 43075 16x7.5-10 R20, 7 inch rim",19565
78.47,760.683,-4.94,587.59,-248.5,3.988,-50.36,8.7,-0.04,0.0199,-2.3645,11.99,-97873.96,7.35,93.33,-10.288,-0,-1.0001,142.76,117.09,144.82,24.98,Cornering,"Hoosier 43075 16x7.5-10 R20, 7 inch rim",19566
78.51,760.693,-5.24,587.44,-248.49,3.997,-49.34,8.48,-0.04,0.0211,-2.364,12.02,-97861.16,7.35,93.32,-10.328,-0,-1.0001,142.95,117.28,145.03,24.98,Cornering,"Hoosier 43075 16x7.5-10 R20, 7 inch rim",19567
78.51,760.703,-5.79,587.66,-247.33,4.01,-50.11,8.93,0.03,0.0234,-2.376,12.09,157368.66,7.35,93.33,-10.374,-0,-1,143.23,117.5,145.17,24.97,Cornering,"Hoosier 43075 16x7.5-10 R20, 7 inch rim",19568
78.48,760.713,-6.39,588.45,-247.4,3.991,-49.69,9.95,-0.04,0.0258,-2.3785,12.17,-97791.38,7.35,93.32,-10.404,-0,-1.0001,143.57,117.68,145.45,24.97,Cornering,"Hoosier 43075 16x7.5-10 R20, 7 inch rim",19569
78.5,760.723,-7.31,589.52,-247.12,3.997,-49.93,10.46,0.09,0.0296,-2.3855,12.22,43586.54,7.35,93.31,-10.454,-0,-0.9998,143.83,117.81,145.69,24.97,Cornering,"Hoosier 43075 16x7.5-10 R20, 7 inch rim",19570
78.52,760.733,-7.77,590.57,-246.6,3.996,-50.37,10.86,0.03,0.0315,-2.3949,12.22,157198.86,7.35,93.3,-10.49,-0,-1,144,117.79,146.02,24.96,Cornering,"Hoosier 43075 16x7.5-10 R20, 7 inch rim",19571
78.5,760.743,-7.96,591.67,-246.84,3.988,-50.31,11.27,-0.04,0.0322,-2.397,12.14,-97729.27,7.35,93.25,-10.525,-0,-1.0001,144.05,117.7,146.22,24.96,Cornering,"Hoosier 43075 16x7.5-10 R20, 7 inch rim",19572
78.48,760.753,-8.59,592.05,-247.89,3.988,-50.5,11.01,-0.04,0.0347,-2.3883,12.07,-97740.75,7.35,93.21,-10.56,-0,-1.0001,144.05,117.68,146.34,24.97,Cornering,"Hoosier 43075 16x7.5-10 R20, 7 inch rim",19573
78.5,760.763,-8.65,592.24,-248.62,3.988,-50.98,10.57,0.03,0.0348,-2.3821,12,157210.22,7.35,93.19,-10.607,-0,-1,144.15,117.59,146.42,24.97,Cornering,"Hoosier 43075 16x7.5-10 R20, 7 inch rim",19574
78.52,760.773,-7.51,591.55,-249.89,3.987,-50.9,10.54,0.03,0.03,-2.3672,11.97,157112.25,7.35,93.19,-10.654,-0,-1,144.32,117.57,146.46,24.96,Cornering,"Hoosier 43075 16x7.5-10 R20, 7 inch rim",19575
78.48,760.783,-6.28,590.19,-250.53,3.998,-51.06,10.07,-0.11,0.0251,-2.3558,12.04,-37258.47,7.35,93.14,-10.683,-0,-1.0002,144.52,117.59,146.56,24.96,Cornering,"Hoosier 43075 16x7.5-10 R20, 7 inch rim",19576
78.49,760.793,-5.09,589.1,-250.41,3.99,-50.62,9.91,0.03,0.0203,-2.3525,12.11,157071.89,7.35,93.09,-10.73,-0,-1,144.75,117.79,146.81,24.96,Cornering,"Hoosier 43075 16x7.5-10 R20, 7 inch rim",19577
78.51,760.803,-5.01,587.95,-249.32,3.988,-50.67,9.75,-0.04,0.0201,-2.3582,12.14,-97651.98,7.35,93.03,-10.76,-0,-1.0001,145.05,117.97,147.05,24.96,Cornering,"Hoosier 43075 16x7.5-10 R20, 7 inch rim",19578
78.5,760.813,-5.55,587.92,-248.72,3.99,-50,10.16,0.03,0.0223,-2.3638,12.13,157107.28,7.35,93.03,-10.8,-0,-1,145.29,118.14,147.23,24.97,Cornering,"Hoosier 43075 16x7.5-10 R20, 7 inch rim",19579
78.48,760.823,-6.54,588.35,-248.17,3.988,-49.83,10.65,-0.11,0.0264,-2.3707,12.08,-37254.68,7.35,92.99,-10.849,-0,-1.0002,145.5,118.32,147.43,24.97,Cornering,"Hoosier 43075 16x7.5-10 R20, 7 inch rim",19580
78.5,760.833,-7.83,589.12,-248.14,3.997,-49.9,11.11,-0.11,0.0315,-2.3741,12.02,-37258.92,7.34,92.95,-10.883,-0,-1.0002,145.85,118.39,147.76,24.98,Cornering,"Hoosier 43075 16x7.5-10 R20, 7 inch rim",19581
78.51,760.843,-8.45,590.03,-247.92,3.998,-50.14,11.67,0.03,0.0341,-2.3799,11.96,157000.44,7.35,92.94,-10.931,-0,-1,146.04,118.45,148.02,24.96,Cornering,"Hoosier 43075 16x7.5-10 R20, 7 inch rim",19582
78.48,760.853,-8.79,590.85,-248.54,3.985,-49.88,11.92,0.03,0.0354,-2.3773,11.96,157017.41,7.35,92.94,-10.966,-0,-1,146.21,118.32,148.26,24.97,Cornering,"Hoosier 43075 16x7.5-10 R20, 7 inch rim",19583
78.49,760.863,-9.06,591.64,-248.87,3.99,-50.38,12.08,-0.11,0.0364,-2.3773,12,-37235.87,7.34,92.91,-10.995,-0,-1.0002,146.17,118.25,148.36,24.97,Cornering,"Hoosier 43075 16x7.5-10 R20, 7 inch rim",19584
78.51,760.873,-9.24,591.84,-249.65,3.994,-50.65,11.72,-0.04,0.037,-2.3707,12.08,-97624.44,7.34,92.91,-11.044,-0,-1.0001,146.21,118.19,148.42,24.98,Cornering,"Hoosier 43075 16x7.5-10 R20, 7 inch rim",19585
78.51,760.883,-8.47,590.83,-250.81,3.991,-51.04,11.57,0.03,0.0338,-2.3556,12.15,157104.34,7.34,92.89,-11.074,-0,-1,146.36,118.08,148.48,24.99,Cornering,"Hoosier 43075 16x7.5-10 R20, 7 inch rim",19586
78.47,760.893,-7.28,589.01,-251.57,3.985,-51.62,11.44,0.16,0.029,-2.3414,12.19,25264.08,7.35,92.91,-11.124,-0,-0.9997,146.56,118.14,148.54,24.99,Cornering,"Hoosier 43075 16x7.5-10 R20, 7 inch rim",19587
78.5,760.903,-6.03,587.76,-251.38,3.994,-51.29,11.49,0.03,0.024,-2.3381,12.17,156945.98,7.34,92.87,-11.163,-0,-1,146.77,118.19,148.7,24.97,Cornering,"Hoosier 43075 16x7.5-10 R20, 7 inch rim",19588
78.51,760.913,-5.45,586.92,-250.31,3.991,-51.18,11.64,0.03,0.0218,-2.3447,12.11,156926.11,7.34,92.88,-11.198,-0,-1,146.98,118.34,148.93,24.97,Cornering,"Hoosier 43075 16x7.5-10 R20, 7 inch rim",19589
78.48,760.923,-5.39,587.05,-249.87,4.003,-49.92,12.14,0.03,0.0216,-2.3494,12.05,157078.64,7.34,92.9,-11.251,-0,-1,147.18,118.54,149.19,25,Cornering,"Hoosier 43075 16x7.5-10 R20, 7 inch rim",19590
78.47,760.933,-5.86,587.64,-249.38,3.996,-49.51,12.83,0.09,0.0235,-2.3564,12.02,43542.66,7.34,92.91,-11.286,-0,-0.9998,147.39,118.72,149.41,25.01,Cornering,"Hoosier 43075 16x7.5-10 R20, 7 inch rim",19591
78.52,760.943,-6.77,588.9,-249.49,3.988,-48.91,13.3,-0.04,0.0271,-2.3605,12.06,-97641.63,7.34,92.91,-11.322,-0,-1.0001,147.67,118.87,149.67,25.01,Cornering,"Hoosier 43075 16x7.5-10 R20, 7 inch rim",19592
78.5,760.953,-7.18,589.91,-248.61,4.01,-49.99,14.2,0.09,0.0289,-2.3728,12.13,43518.93,7.34,92.89,-11.373,-0,-0.9998,147.97,118.98,149.92,25.01,Cornering,"Hoosier 43075 16x7.5-10 R20, 7 inch rim",19593
78.48,760.963,-7.98,590.25,-249.05,3.997,-50.11,14.07,-0.11,0.032,-2.3701,12.21,-37198.72,7.34,92.84,-11.407,-0,-1.0002,148.16,118.94,150.22,24.98,Cornering,"Hoosier 43075 16x7.5-10 R20, 7 inch rim",19594
78.49,760.973,-8.52,590.12,-249.54,4.007,-50.48,14.18,0.03,0.0342,-2.3649,12.22,156711.61,7.34,92.82,-11.45,-0,-1,148.23,118.91,150.34,24.96,Cornering,"Hoosier 43075 16x7.5-10 R20, 7 inch rim",19595
78.52,760.983,-8.84,589.52,-249.97,3.985,-51.52,14.1,0.03,0.0353,-2.3584,12.19,156614.39,7.34,92.78,-11.493,-0,-1,148.27,118.89,150.48,24.95,Cornering,"Hoosier 43075 16x7.5-10 R20, 7 inch rim",19596
78.49,760.993,-8.51,588.66,-251.23,4.003,-51.88,14.16,-0.11,0.0339,-2.3431,12.12,-37105.62,7.34,92.73,-11.522,-0,-1.0002,148.32,118.85,150.5,24.93,Cornering,"Hoosier 43075 16x7.5-10 R20, 7 inch rim",19597
78.49,761.003,-7.2,587.39,-252.98,3.99,-51.15,14.21,0.03,0.0285,-2.3219,12.04,156429.62,7.34,92.71,-11.562,-0,-1,148.51,118.87,150.58,24.93,Cornering,"Hoosier 43075 16x7.5-10 R20, 7 inch rim",19598
78.51,761.013,-5.22,586.82,-253.62,3.987,-50,15.29,0.09,0.0206,-2.3137,11.98,43330.61,7.34,92.71,-11.608,-0,-0.9998,148.74,118.94,150.67,24.92,Cornering,"Hoosier 43075 16x7.5-10 R20, 7 inch rim",19599
78.51,761.023,-3.29,586.36,-253.62,3.987,-48.61,17.11,0.09,0.013,-2.312,11.97,43327.18,7.34,92.72,-11.629,-0,-0.9998,148.94,119.07,150.87,24.92,Cornering,"Hoosier 43075 16x7.5-10 R20, 7 inch rim",19600
78.49,761.033,-1.19,586.34,-253.23,3.994,-47.5,19.91,-0.04,0.0047,-2.3155,12.04,-97162.09,7.33,92.74,-11.654,-0,-1.0001,149.15,119.24,150.97,24.92,Cornering,"Hoosier 43075 16x7.5-10 R20, 7 inch rim",19601
78.49,761.043,-0.05,586.92,-252.52,3.994,-47.52,22.42,0.03,0.0002,-2.3243,12.13,156252.98,7.33,92.73,-11.68,-0,-1,149.28,119.4,151.19,24.91,Cornering,"Hoosier 43075 16x7.5-10 R20, 7 inch rim",19602
78.52,761.053,-0.05,587.44,-251.25,3.987,-49.77,24.34,0.09,0.0002,-2.338,12.18,43308.18,7.33,92.69,-11.685,-0,-0.9998,149.52,119.62,151.39,24.92,Cornering,"Hoosier 43075 16x7.5-10 R20, 7 inch rim",19603
78.5,761.063,-1.09,588.27,-249.99,3.996,-51.84,24.94,-0.04,0.0044,-2.3531,12.17,-97216.52,7.33,92.65,-11.691,-0,-1.0001,149.75,119.75,151.66,24.93,Cornering,"Hoosier 43075 16x7.5-10 R20, 7 inch rim",19604
78.48,761.073,-2.07,589.28,-248.93,3.991,-53.06,25.29,0.09,0.0083,-2.3672,12.12,43344.8,7.33,92.61,-11.708,-0,-0.9998,149.97,119.82,151.92,24.94,Cornering,"Hoosier 43075 16x7.5-10 R20, 7 inch rim",19605
78.5,761.083,-1.77,590.48,-248.41,3.997,-53.83,26.72,0.03,0.0071,-2.3771,12.06,156484.25,7.33,92.54,-11.72,-0,-1,150.01,119.88,152.02,24.95,Cornering,"Hoosier 43075 16x7.5-10 R20, 7 inch rim",19606
78.52,761.093,-0.75,591.94,-249.26,3.994,-52.34,28.98,0.03,0.003,-2.3748,11.99,156522.27,7.33,92.52,-11.717,-0,-1,150.01,119.82,152.04,24.96,Cornering,"Hoosier 43075 16x7.5-10 R20, 7 inch rim",19607
78.48,761.103,1.52,592.35,-250.78,3.997,-51.45,31.78,0.09,-0.0061,-2.362,11.95,43373.41,7.33,92.51,-11.718,-0,-0.9998,149.99,119.84,152.08,24.96,Cornering,"Hoosier 43075 16x7.5-10 R20, 7 inch rim",19608
78.49,761.113,3.46,591.53,-252.51,3.993,-50.79,32.94,0.03,-0.0137,-2.3426,11.95,156556.95,7.33,92.52,-11.72,-0,-1,150.1,119.79,152.12,24.96,Cornering,"Hoosier 43075 16x7.5-10 R20, 7 inch rim",19609
78.51,761.123,4.68,590.06,-253.66,3.996,-50.08,31.92,0.03,-0.0184,-2.3262,12.03,156591.64,7.33,92.5,-11.722,-0,-1,150.27,119.82,152.22,24.97,Cornering,"Hoosier 43075 16x7.5-10 R20, 7 inch rim",19610
78.48,761.143,1.25,586.44,-252.78,3.987,-50.26,24.48,0.03,-0.0049,-2.32,12.15,156706.53,7.33,92.56,-12.282,-0,-1,150.68,120.12,152.73,24.98,Cornering,"Hoosier 43075 16x7.5-10 R20, 7 inch rim",19611
78.51,761.153,-1.26,585.64,-252.24,4,-49.91,21.31,0.03,0.005,-2.3217,12.14,156856.11,7.33,92.59,-12.275,-0,-1,150.83,120.3,152.99,25.01,Cornering,"Hoosier 43075 16x7.5-10 R20, 7 inch rim",19612
78.52,761.163,-4.14,586.05,-251.48,4.013,-49.63,18.55,0.09,0.0165,-2.3304,12.08,43448.3,7.33,92.62,-12.261,-0,-0.9998,151.1,120.52,153.25,25,Cornering,"Hoosier 43075 16x7.5-10 R20, 7 inch rim",19613
78.48,761.173,-6.39,586.66,-251.14,4.003,-49.78,16.74,0.09,0.0254,-2.336,12.01,43440.76,7.33,92.65,-12.245,-0,-0.9998,151.4,120.7,153.49,24.99,Cornering,"Hoosier 43075 16x7.5-10 R20, 7 inch rim",19614
78.49,761.183,-8.91,587.75,-251.08,3.996,-49.23,14.25,-0.04,0.0355,-2.3409,12,-97404.03,7.33,92.66,-12.242,-0,-1.0001,151.64,120.78,153.76,24.98,Cornering,"Hoosier 43075 16x7.5-10 R20, 7 inch rim",19615
78.51,761.193,-10.61,587.95,-251.81,3.997,-48.97,12.42,0.03,0.0421,-2.3349,12.03,156514.94,7.33,92.7,-12.237,-0,-1,151.77,120.78,154.04,24.95,Cornering,"Hoosier 43075 16x7.5-10 R20, 7 inch rim",19616
78.5,761.203,-12.86,588.01,-252.63,3.984,-49.28,9.75,0.03,0.0509,-2.3276,12.1,156485.2,7.33,92.74,-12.225,-0,-1,151.79,120.72,154.18,24.94,Cornering,"Hoosier 43075 16x7.5-10 R20, 7 inch rim",19617
78.48,761.213,-14.77,587.71,-252.98,3.993,-50.59,7.38,-0.04,0.0584,-2.3232,12.18,-97248.39,7.33,92.75,-12.235,-0,-1.0001,151.75,120.67,154.22,24.94,Cornering,"Hoosier 43075 16x7.5-10 R20, 7 inch rim",19618
78.5,761.223,-15.89,587.12,-253.58,3.99,-51.65,5.04,-0.11,0.0627,-2.3153,12.22,-37104.54,7.33,92.79,-12.226,-0,-1.0002,151.81,120.7,154.28,24.94,Cornering,"Hoosier 43075 16x7.5-10 R20, 7 inch rim",19619
78.51,761.233,-15.19,586.21,-253.86,3.981,-52.02,3.93,-0.11,0.0598,-2.3091,12.2,-37113.36,7.33,92.78,-12.225,-0,-1.0002,152.01,120.7,154.3,24.95,Cornering,"Hoosier 43075 16x7.5-10 R20, 7 inch rim",19620
78.49,761.243,-12.88,585.1,-253.61,4.004,-52.05,4.81,-0.04,0.0508,-2.3071,12.14,-97319.28,7.33,92.83,-12.226,-0,-1.0001,152.18,120.78,154.48,24.96,Cornering,"Hoosier 43075 16x7.5-10 R20, 7 inch rim",19621
78.48,761.253,-10.51,584.88,-252.49,3.991,-51.56,6.45,-0.04,0.0416,-2.3165,12.07,-97407.63,7.33,92.85,-12.232,-0,-1.0001,152.41,120.96,154.73,24.98,Cornering,"Hoosier 43075 16x7.5-10 R20, 7 inch rim",19622
78.51,761.263,-9.19,585.29,-251.42,3.998,-50.44,8.55,0.03,0.0366,-2.3279,12.02,156704.2,7.33,92.84,-12.224,-0,-1,152.58,121.18,154.89,24.98,Cornering,"Hoosier 43075 16x7.5-10 R20, 7 inch rim",19623
78.51,761.273,-8.46,586.36,-251.14,4,-48.8,11.1,-0.04,0.0337,-2.3348,12.05,-97434.36,7.33,92.8,-12.221,-0,-1.0001,152.84,121.38,155.07,24.98,Cornering,"Hoosier 43075 16x7.5-10 R20, 7 inch rim",19624
78.48,761.283,-7.82,586.87,-251.66,3.99,-47.86,14.4,0.16,0.0311,-2.332,12.13,25197.39,7.33,92.84,-12.234,-0,-0.9997,153.12,121.58,155.27,24.97,Cornering,"Hoosier 43075 16x7.5-10 R20, 7 inch rim",19625
78.5,761.293,-6.02,587.03,-251.97,3.99,-48.41,18.82,-0.04,0.0239,-2.3297,12.21,-97411.75,7.33,92.87,-12.221,-0,-1.0001,153.38,121.69,155.49,24.98,Cornering,"Hoosier 43075 16x7.5-10 R20, 7 inch rim",19626
78.51,761.303,-2.7,586.58,-252.51,3.996,-49.15,24.45,-0.11,0.0107,-2.323,12.25,-37133.74,7.33,92.85,-12.202,-0,-1.0002,153.51,121.75,155.7,24.96,Cornering,"Hoosier 43075 16x7.5-10 R20, 7 inch rim",19627
78.49,761.313,0.78,585.79,-252.61,3.994,-50.95,30.19,0.03,-0.0031,-2.3189,12.22,156723.22,7.33,92.86,-12.191,-0,-1,153.46,121.6,155.8,24.98,Cornering,"Hoosier 43075 16x7.5-10 R20, 7 inch rim",19628
78.48,761.323,3.75,585.5,-253.16,3.981,-52.04,34.71,0.03,-0.0148,-2.3128,12.17,156808.33,7.33,92.84,-12.169,-0,-1,153.4,121.56,155.82,24.99,Cornering,"Hoosier 43075 16x7.5-10 R20, 7 inch rim",19629
78.5,761.333,6.76,585.99,-253.61,3.996,-52.13,38.64,-0.04,-0.0266,-2.3106,12.08,-97489.77,7.33,92.81,-12.129,-0,-1.0001,153.4,121.44,155.82,24.99,Cornering,"Hoosier 43075 16x7.5-10 R20, 7 inch rim",19630
78.51,761.343,10.13,586.31,-253.79,4.01,-51.86,41.85,-0.04,-0.0399,-2.3102,12.02,-97437.23,7.33,92.77,-12.086,-0,-1.0001,153.53,121.38,155.86,24.97,Cornering,"Hoosier 43075 16x7.5-10 R20, 7 inch rim",19631
78.47,761.353,12.86,586.31,-253.67,3.981,-51.14,42.97,-0.04,-0.0507,-2.3113,12.02,-97397.59,7.33,92.77,-12.07,-0,-1.0001,153.68,121.38,155.98,24.96,Cornering,"Hoosier 43075 16x7.5-10 R20, 7 inch rim",19632
78.49,761.363,12.6,586.14,-253.2,3.996,-49.98,40.95,-0.04,-0.0498,-2.315,12.06,-97395.23,7.33,92.77,-12.013,-0,-1.0001,153.89,121.51,156.14,24.96,Cornering,"Hoosier 43075 16x7.5-10 R20, 7 inch rim",19633
78.51,761.373,9.33,585.66,-252.77,3.994,-49.08,36.08,0.03,-0.0369,-2.317,12.13,156745.69,7.33,92.77,-11.96,-0,-1,154.07,121.75,156.3,24.96,Cornering,"Hoosier 43075 16x7.5-10 R20, 7 inch rim",19634
78.49,761.383,4.13,585.63,-252.09,3.978,-48.47,29.67,-0.04,-0.0164,-2.3231,12.19,-97498.34,7.33,92.77,-11.913,-0,-1.0001,154.22,121.97,156.51,24.97,Cornering,"Hoosier 43075 16x7.5-10 R20, 7 inch rim",19635
78.47,761.393,-1.55,585.44,-251.52,3.998,-48.94,23.63,0.03,0.0062,-2.3276,12.18,157103.02,7.33,92.75,-11.843,-0,-1,154.45,122.24,156.71,25.01,Cornering,"Hoosier 43075 16x7.5-10 R20, 7 inch rim",19636
78.5,761.403,-6,585.48,-252.02,3.984,-48.54,18.82,-0.11,0.0238,-2.3231,12.13,-37292.23,7.33,92.76,-11.794,-0,-1.0002,154.71,122.3,156.91,25.03,Cornering,"Hoosier 43075 16x7.5-10 R20, 7 inch rim",19637
78.5,761.413,-8.58,585.6,-251.59,3.993,-49.54,15.47,-0.04,0.0341,-2.3276,12.05,-97783.99,7.33,92.77,-11.743,-0,-1.0001,154.88,122.28,157.11,25.03,Cornering,"Hoosier 43075 16x7.5-10 R20, 7 inch rim",19638
78.47,761.423,-10.52,586.24,-251.88,3.993,-49.58,12.53,-0.04,0.0418,-2.3275,11.95,-97800.8,7.33,92.78,-11.694,-0,-1.0001,154.92,122.28,157.25,25.03,Cornering,"Hoosier 43075 16x7.5-10 R20, 7 inch rim",19639
78.47,761.433,-12.39,587.03,-252.06,3.996,-49.94,9.42,-0.04,0.0492,-2.3289,11.92,-97727.9,7.33,92.79,-11.642,-0,-1.0001,154.86,122.24,157.29,25.01,Cornering,"Hoosier 43075 16x7.5-10 R20, 7 inch rim",19640
78.5,761.443,-15.83,587.54,-252.63,3.984,-50.46,4.32,-0.04,0.0627,-2.3257,11.93,-97674.62,7.33,92.86,-11.599,-0,-1.0001,154.79,122.19,157.27,24.99,Cornering,"Hoosier 43075 16x7.5-10 R20, 7 inch rim",19641
78.48,761.453,-16.96,586.95,-253.19,3.997,-51.37,1.22,0.09,0.067,-2.3182,12,43528.02,7.33,92.96,-11.556,-0,-0.9998,154.92,122.17,157.25,24.98,Cornering,"Hoosier 43075 16x7.5-10 R20, 7 inch rim",19642
78.45,761.463,-15.54,586.07,-254.03,3.994,-51.13,0.43,0.03,0.0612,-2.3071,12.08,157028.33,7.33,92.99,-11.516,-0,-1,155.03,122.15,157.27,24.97,Cornering,"Hoosier 43075 16x7.5-10 R20, 7 inch rim",19643
78.48,761.473,-12.94,584.34,-253.71,3.994,-51.55,1.25,0.03,0.051,-2.3032,12.1,157011.31,7.33,93.01,-11.481,-0,-1,155.2,122.24,157.39,24.96,Cornering,"Hoosier 43075 16x7.5-10 R20, 7 inch rim",19644
78.48,761.483,-10.75,583.35,-252.73,3.991,-51.11,2.92,0.03,0.0425,-2.3082,12.09,156956.22,7.33,93.02,-11.448,-0,-1,155.44,122.39,157.5,24.95,Cornering,"Hoosier 43075 16x7.5-10 R20, 7 inch rim",19645
78.45,761.493,-10.6,583.62,-251.89,3.998,-50.23,3.42,0.03,0.0421,-2.3169,12.02,156867.69,7.33,93.04,-11.409,-0,-1,155.52,122.59,157.58,24.93,Cornering,"Hoosier 43075 16x7.5-10 R20, 7 inch rim",19646
78.46,761.503,-11.66,584.69,-251.45,3.993,-49.11,3.75,0.03,0.0464,-2.3253,11.95,156881.55,7.33,93.02,-11.383,-0,-1,155.7,122.72,157.78,24.93,Cornering,"Hoosier 43075 16x7.5-10 R20, 7 inch rim",19647
78.48,761.513,-12.36,585.76,-251.2,3.984,-48.62,4.79,0.03,0.0492,-2.3318,11.91,156757.12,7.33,93,-11.343,-0,-1,155.97,122.88,157.92,24.91,Cornering,"Hoosier 43075 16x7.5-10 R20, 7 inch rim",19648
78.47,761.523,-12.34,586.52,-251.09,4.003,-48.86,6.51,-0.04,0.0491,-2.3359,11.93,-97500.38,7.33,93,-11.309,-0,-1.0001,156.1,122.92,158.1,24.92,Cornering,"Hoosier 43075 16x7.5-10 R20, 7 inch rim",19649
78.44,761.533,-11.47,586.54,-251.5,3.988,-49.1,8.6,0.03,0.0456,-2.3322,11.99,156933.59,7.33,93.02,-11.286,-0,-1,156.12,122.92,158.22,24.93,Cornering,"Hoosier 43075 16x7.5-10 R20, 7 inch rim",19650
78.46,761.543,-11.39,585.67,-252.55,3.988,-50.05,9.52,0.09,0.0451,-2.319,12.06,43502.59,7.33,93,-11.253,-0,-0.9998,155.97,122.9,158.26,24.94,Cornering,"Hoosier 43075 16x7.5-10 R20, 7 inch rim",19651
78.47,761.553,-11.02,584.47,-253.59,3.993,-51.41,10.25,0.03,0.0435,-2.3048,12.14,157190.55,7.33,93,-11.214,-0,-1,155.82,122.81,158.22,24.97,Cornering,"Hoosier 43075 16x7.5-10 R20, 7 inch rim",19652
78.45,761.563,-9.95,584.03,-254.07,3.991,-52.01,10.69,0.03,0.0392,-2.2987,12.13,157278.69,7.33,93.02,-11.186,-0,-1,155.74,122.77,158.14,24.98,Cornering,"Hoosier 43075 16x7.5-10 R20, 7 inch rim",19653
78.44,761.573,-7.66,583.61,-254.62,3.984,-51.61,11.7,-0.04,0.0301,-2.292,12.1,-97842.47,7.33,93.07,-11.165,-0,-1.0001,155.82,122.7,158.14,25,Cornering,"Hoosier 43075 16x7.5-10 R20, 7 inch rim",19654
78.47,761.583,-4.35,583.12,-254.2,3.99,-51.23,13.96,0.03,0.0171,-2.2939,12.03,157454.12,7.33,93.12,-11.13,-0,-1,156.02,122.79,158.18,25,Cornering,"Hoosier 43075 16x7.5-10 R20, 7 inch rim",19655
78.46,761.593,-2.04,583.68,-253.08,3.997,-49.85,15.86,0.03,0.0081,-2.3063,12,157405.17,7.32,93.12,-11.084,-0,-1,156.19,122.9,158.3,24.99,Cornering,"Hoosier 43075 16x7.5-10 R20, 7 inch rim",19656
78.44,761.603,-0.51,584.76,-252.62,3.991,-47.62,17.86,-0.04,0.002,-2.3148,11.99,-97812.71,7.33,93.11,-11.048,-0,-1.0001,156.28,123.12,158.32,24.98,Cornering,"Hoosier 43075 16x7.5-10 R20, 7 inch rim",19657
78.44,761.613,0.23,585.16,-251.62,3.997,-47.65,19.82,0.03,-0.0009,-2.3255,12.06,157374,7.33,93.11,-11.004,-0,-1,156.47,123.32,158.47,24.98,Cornering,"Hoosier 43075 16x7.5-10 R20, 7 inch rim",19658
78.47,761.623,-0.48,585.58,-250.93,3.987,-48.03,20.31,0.03,0.0019,-2.3337,12.12,157426.88,7.33,93.13,-10.972,-0,-1,156.6,123.51,158.65,24.98,Cornering,"Hoosier 43075 16x7.5-10 R20, 7 inch rim",19659
78.44,761.633,-1.27,584.95,-251.14,3.996,-49.1,20.58,0.03,0.0051,-2.3292,12.18,157527.33,7.33,93.11,-10.919,-0,-1,156.79,123.62,158.81,25,Cornering,"Hoosier 43075 16x7.5-10 R20, 7 inch rim",19660
78.43,761.643,-3.06,584.04,-251.62,3.994,-50.11,19.01,0.03,0.0122,-2.3211,12.18,157657.58,7.32,93.06,-10.879,-0,-1,156.83,123.6,158.91,25.01,Cornering,"Hoosier 43075 16x7.5-10 R20, 7 inch rim",19661
78.45,761.653,-4.58,583.12,-251.99,3.997,-51.57,17.55,0.09,0.0182,-2.3141,12.13,43685.25,7.33,93.01,-10.829,-0,-0.9998,156.73,123.51,158.93,25.01,Cornering,"Hoosier 43075 16x7.5-10 R20, 7 inch rim",19662
78.46,761.663,-5.96,582.72,-252.92,3.987,-51.83,15.62,0.03,0.0236,-2.304,12.07,157557.62,7.33,92.94,-10.789,-0,-1,156.55,123.45,158.87,24.99,Cornering,"Hoosier 43075 16x7.5-10 R20, 7 inch rim",19663
78.42,761.673,-7.42,582.95,-254.06,3.996,-51.33,13.15,-0.04,0.0292,-2.2945,12.02,-97846.63,7.33,92.87,-10.729,-0,-1.0001,156.36,123.32,158.77,24.96,Cornering,"Hoosier 43075 16x7.5-10 R20, 7 inch rim",19664
78.44,761.683,-7.07,583.11,-254.13,3.998,-51.57,11.6,0.09,0.0278,-2.2946,12.02,43604.13,7.32,92.79,-10.686,-0,-0.9998,156.36,123.32,158.67,24.95,Cornering,"Hoosier 43075 16x7.5-10 R20, 7 inch rim",19665
78.46,761.693,-6.77,583.15,-254.44,3.985,-50.33,9.54,-0.04,0.0266,-2.2919,12.08,-97830.34,7.33,92.71,-10.636,-0,-1.0001,156.49,123.21,158.67,24.95,Cornering,"Hoosier 43075 16x7.5-10 R20, 7 inch rim",19666
78.44,761.703,-7.13,583.56,-253.36,3.984,-49.37,7.39,-0.11,0.0281,-2.3033,12.17,-37339.34,7.33,92.63,-10.591,-0,-1.0002,156.6,123.32,158.77,24.96,Cornering,"Hoosier 43075 16x7.5-10 R20, 7 inch rim",19667
78.41,761.713,-7.78,583.51,-252.44,3.99,-48.17,5.85,0.03,0.0308,-2.3115,12.22,157604.31,7.33,92.58,-10.551,-0,-1,156.68,123.49,158.89,24.98,Cornering,"Hoosier 43075 16x7.5-10 R20, 7 inch rim",19668
78.44,761.723,-8.16,583.76,-251.37,4,-48.19,5.51,0.03,0.0324,-2.3223,12.23,157624.95,7.32,92.56,-10.51,-0,-1,156.85,123.65,158.99,24.98,Cornering,"Hoosier 43075 16x7.5-10 R20, 7 inch rim",19669
78.45,761.733,-9.37,583.64,-251.82,3.982,-47.55,4.85,-0.04,0.0372,-2.3176,12.17,-98023,7.33,92.54,-10.454,-0,-1.0001,157.05,123.87,159.13,24.98,Cornering,"Hoosier 43075 16x7.5-10 R20, 7 inch rim",19670
78.42,761.743,-10.59,582.99,-251.6,3.987,-48.98,4.28,0.03,0.0421,-2.3171,12.11,157670.22,7.33,92.52,-10.418,-0,-1,157.24,124,159.27,24.98,Cornering,"Hoosier 43075 16x7.5-10 R20, 7 inch rim",19671
78.42,761.753,-12.15,582.99,-251.82,3.994,-49.59,3.21,0.03,0.0483,-2.3151,12.03,157760.95,7.32,92.53,-10.382,-0,-1,157.35,124.02,159.39,24.99,Cornering,"Hoosier 43075 16x7.5-10 R20, 7 inch rim",19672
78.44,761.763,-13.46,582.82,-251.72,3.998,-51.16,2,0.03,0.0535,-2.3154,12.02,157817.17,7.32,92.54,-10.342,-0,-1,157.28,123.95,159.39,25,Cornering,"Hoosier 43075 16x7.5-10 R20, 7 inch rim",19673
78.43,761.773,-13.78,583.26,-251.48,4.01,-52.23,2.06,0.09,0.0548,-2.3193,12.05,43737.3,7.32,92.56,-10.306,-0,-0.9998,157.13,123.89,159.33,25,Cornering,"Hoosier 43075 16x7.5-10 R20, 7 inch rim",19674
78.41,761.783,-12.83,583.98,-252.88,3.985,-51.35,2.66,0.03,0.0507,-2.3093,12.12,157854.8,7.33,92.58,-10.265,-0,-1,156.92,123.84,159.19,25,Cornering,"Hoosier 43075 16x7.5-10 R20, 7 inch rim",19675
78.42,761.793,-10.7,583.85,-253.38,3.994,-51.4,3.89,0.03,0.0422,-2.3043,12.19,157793.38,7.33,92.6,-10.241,-0,-1,156.9,123.76,159.09,24.98,Cornering,"Hoosier 43075 16x7.5-10 R20, 7 inch rim",19676
78.44,761.803,-9.14,583.88,-253.63,3.994,-50.02,3.87,-0.04,0.036,-2.3021,12.18,-98076.18,7.32,92.59,-10.203,-0,-1.0001,156.94,123.67,158.97,24.98,Cornering,"Hoosier 43075 16x7.5-10 R20, 7 inch rim",19677
78.41,761.813,-7.59,583.09,-253.19,3.993,-49.31,4.43,0.03,0.03,-2.303,12.15,157861.7,7.33,92.59,-10.175,-0,-1,157.05,123.76,158.99,24.99,Cornering,"Hoosier 43075 16x7.5-10 R20, 7 inch rim",19678
78.41,761.823,-6.7,582.32,-253.04,3.982,-47.73,5.12,0.03,0.0265,-2.3013,12.05,157910,7.33,92.6,-10.15,-0,-1,157.13,123.98,159.03,25,Cornering,"Hoosier 43075 16x7.5-10 R20, 7 inch rim",19679
78.44,761.833,-5.72,581.96,-252.39,3.994,-47.59,7.08,0.09,0.0227,-2.3058,11.97,43743.59,7.32,92.59,-10.107,-0,-0.9998,157.2,124.11,159.13,24.98,Cornering,"Hoosier 43075 16x7.5-10 R20, 7 inch rim",19680
78.43,761.843,-5.38,581.28,-251.61,3.991,-48.69,9,0.03,0.0214,-2.3103,11.94,157766.52,7.33,92.6,-10.067,-0,-1,157.33,124.26,159.19,24.97,Cornering,"Hoosier 43075 16x7.5-10 R20, 7 inch rim",19681
78.4,761.853,-4.71,581.12,-251.79,3.996,-49.19,11.43,0.09,0.0187,-2.3079,11.95,43712.61,7.32,92.62,-10.034,-0,-0.9998,157.41,124.37,159.33,24.96,Cornering,"Hoosier 43075 16x7.5-10 R20, 7 inch rim",19682
78.41,761.863,-4.46,580.8,-251.78,3.982,-50.26,12.96,0.03,0.0177,-2.3068,12.04,157797.67,7.33,92.65,-10.001,-0,-1,157.5,124.37,159.44,24.97,Cornering,"Hoosier 43075 16x7.5-10 R20, 7 inch rim",19683
78.44,761.873,-4.2,580.67,-252.24,3.993,-50.55,13.98,-0.04,0.0166,-2.302,12.1,-98192.85,7.33,92.65,-9.963,-0,-1.0001,157.5,124.31,159.44,24.99,Cornering,"Hoosier 43075 16x7.5-10 R20, 7 inch rim",19684
78.41,761.883,-3.81,581.01,-252.77,3.985,-50.66,14.83,-0.04,0.0151,-2.2986,12.14,-98273.29,7.32,92.65,-9.921,-0,-1.0001,157.26,124.24,159.35,25.01,Cornering,"Hoosier 43075 16x7.5-10 R20, 7 inch rim",19685
78.4,761.893,-4.13,582.12,-253.15,3.994,-50.32,14.27,0.09,0.0163,-2.2995,12.08,43834.63,7.33,92.64,-9.877,-0,-0.9998,157,124.13,159.21,25.02,Cornering,"Hoosier 43075 16x7.5-10 R20, 7 inch rim",19686
78.43,761.903,-3.58,582.45,-253.37,3.982,-50.37,13.5,0.03,0.0141,-2.2988,12.03,158169.86,7.33,92.64,-9.832,-0,-1,156.96,124.02,159.07,25.01,Cornering,"Hoosier 43075 16x7.5-10 R20, 7 inch rim",19687
78.43,761.913,-3.16,582.59,-253.05,3.987,-50.62,11.76,-0.04,0.0125,-2.3023,11.97,-98262.94,7.33,92.62,-9.8,-0,-1.0001,156.98,123.91,158.95,25,Cornering,"Hoosier 43075 16x7.5-10 R20, 7 inch rim",19688
78.4,761.923,-2.92,582.31,-253.29,3.985,-49.15,9.99,0.16,0.0115,-2.299,11.92,25399.34,7.33,92.57,-9.744,-0,-0.9997,157.09,123.93,158.99,24.97,Cornering,"Hoosier 43075 16x7.5-10 R20, 7 inch rim",19689
78.4,761.933,-3.06,581.34,-252.59,3.996,-48.86,8.49,-0.11,0.0121,-2.3015,11.95,-37441.12,7.32,92.58,-9.694,-0,-1.0002,157.13,124.11,159.03,24.96,Cornering,"Hoosier 43075 16x7.5-10 R20, 7 inch rim",19690
78.44,761.943,-3.75,580.85,-252.06,3.993,-48.31,7.3,-0.04,0.0149,-2.3044,12.03,-98102.27,7.33,92.57,-9.643,-0,-1.0001,157.18,124.26,159.07,24.94,Cornering,"Hoosier 43075 16x7.5-10 R20, 7 inch rim",19691
78.41,761.953,-5.39,580.03,-251.48,3.994,-49.01,5.9,0.03,0.0214,-2.3065,12.11,157871.52,7.32,92.58,-9.603,-0,-1,157.28,124.44,159.15,24.95,Cornering,"Hoosier 43075 16x7.5-10 R20, 7 inch rim",19692
78.39,761.963,-6.48,579.38,-251.26,3.99,-49.92,5.52,-0.04,0.0258,-2.3059,12.16,-98102.8,7.32,92.57,-9.56,-0,-1.0001,157.39,124.57,159.23,24.94,Cornering,"Hoosier 43075 16x7.5-10 R20, 7 inch rim",19693
78.42,761.973,-8.54,579.28,-252.01,3.996,-49.46,4.15,-0.04,0.0339,-2.2987,12.13,-98048.75,7.32,92.58,-9.509,-0,-1.0001,157.5,124.55,159.31,24.92,Cornering,"Hoosier 43075 16x7.5-10 R20, 7 inch rim",19694
78.43,761.983,-10.21,578.94,-251.71,3.993,-50.78,2.8,0.03,0.0406,-2.3,12.08,157711.16,7.32,92.59,-9.47,-0,-1,157.43,124.48,159.35,24.92,Cornering,"Hoosier 43075 16x7.5-10 R20, 7 inch rim",19695
78.39,761.993,-11.77,579.28,-252.17,3.99,-50.72,1.37,-0.04,0.0467,-2.2972,12.02,-98070.54,7.32,92.63,-9.43,-0,-1.0001,157.33,124.39,159.33,24.92,Cornering,"Hoosier 43075 16x7.5-10 R20, 7 inch rim",19696
78.4,762.003,-12.11,579.78,-252.66,3.988,-50.88,0.85,-0.04,0.0479,-2.2946,11.97,-98080.38,7.32,92.68,-9.394,-0,-1.0001,157.05,124.26,159.15,24.92,Cornering,"Hoosier 43075 16x7.5-10 R20, 7 inch rim",19697
78.44,762.013,-11.41,580.16,-253.84,3.998,-50.38,0.61,-0.04,0.045,-2.2855,12.03,-98159.02,7.32,92.7,-9.357,-0,-1.0001,156.88,124.15,159.01,24.94,Cornering,"Hoosier 43075 16x7.5-10 R20, 7 inch rim",19698
78.41,762.023,-10.11,580.34,-254.05,3.997,-50.15,0.09,0.03,0.0398,-2.2843,12.1,158004.64,7.32,92.7,-9.304,-0,-1,156.88,124.06,158.81,24.95,Cornering,"Hoosier 43075 16x7.5-10 R20, 7 inch rim",19699
78.39,762.033,-8.75,579.58,-254.19,3.991,-49.93,-0.52,0.09,0.0344,-2.2801,12.18,43787.89,7.32,92.67,-9.275,-0,-0.9998,156.92,124.02,158.75,24.95,Cornering,"Hoosier 43075 16x7.5-10 R20, 7 inch rim",19700
78.42,762.043,-7.68,578.3,-253.63,3.99,-49.8,-0.9,-0.04,0.0303,-2.2801,12.19,-98259.01,7.32,92.63,-9.241,-0,-1.0001,156.96,124.17,158.79,24.96,Cornering,"Hoosier 43075 16x7.5-10 R20, 7 inch rim",19701
78.43,762.053,-7.13,577.23,-253.72,3.988,-49.15,-0.63,0.03,0.0281,-2.2751,12.17,158120.45,7.32,92.58,-9.207,-0,-1,157,124.31,158.77,24.96,Cornering,"Hoosier 43075 16x7.5-10 R20, 7 inch rim",19702
78.4,762.063,-7.76,576.84,-252.6,3.988,-49.5,-0.58,0.09,0.0307,-2.2836,12.11,43842.01,7.33,92.55,-9.164,-0,-0.9998,157,124.44,158.81,24.97,Cornering,"Hoosier 43075 16x7.5-10 R20, 7 inch rim",19703
78.4,762.073,-7.98,576.65,-252.27,4.003,-50.08,0.97,0.03,0.0316,-2.2858,12.03,158260.91,7.32,92.5,-9.137,-0,-1,157.13,124.57,158.85,24.98,Cornering,"Hoosier 43075 16x7.5-10 R20, 7 inch rim",19704
78.43,762.083,-8.27,576.65,-252.41,3.998,-50.52,2.32,-0.11,0.0328,-2.2846,11.99,-37503.45,7.32,92.49,-9.099,-0,-1.0002,157.26,124.66,158.97,24.96,Cornering,"Hoosier 43075 16x7.5-10 R20, 7 inch rim",19705
78.41,762.093,-7.81,577.31,-252.84,3.987,-49.74,4.11,0.03,0.0309,-2.2833,12,158218.11,7.32,92.48,-9.065,-0,-1,157.26,124.66,158.99,24.97,Cornering,"Hoosier 43075 16x7.5-10 R20, 7 inch rim",19706
78.39,762.103,-7.31,578.06,-252.62,4.001,-50.08,5.59,0.03,0.0289,-2.2882,12.06,158308.03,7.32,92.48,-9.026,-0,-1,157.07,124.55,158.99,24.98,Cornering,"Hoosier 43075 16x7.5-10 R20, 7 inch rim",19707
78.4,762.113,-7.02,578.27,-253.39,3.988,-50.06,6.42,-0.04,0.0277,-2.2821,12.14,-98508.09,7.32,92.44,-8.992,-0,-1.0001,156.81,124.44,158.87,25,Cornering,"Hoosier 43075 16x7.5-10 R20, 7 inch rim",19708
78.43,762.123,-6.02,578.48,-254.27,3.996,-50.03,7.06,-0.04,0.0237,-2.275,12.17,-98563.93,7.32,92.43,-8.953,-0,-1.0001,156.6,124.37,158.67,25.01,Cornering,"Hoosier 43075 16x7.5-10 R20, 7 inch rim",19709
78.4,762.133,-4.56,577.45,-255.29,4,-50.2,7.01,0.03,0.0178,-2.262,12.17,158681.06,7.32,92.45,-8.926,-0,-1,156.51,124.28,158.51,25.03,Cornering,"Hoosier 43075 16x7.5-10 R20, 7 inch rim",19710
78.39,762.143,-2.3,576.38,-255.52,4,-50.14,7.34,0.03,0.009,-2.2557,12.09,158738.22,7.32,92.46,-8.877,-0,-1,156.53,124.2,158.42,25.04,Cornering,"Hoosier 43075 16x7.5-10 R20, 7 inch rim",19711
78.42,762.153,-1.42,574.97,-255.26,3.997,-50.39,6.63,-0.04,0.0055,-2.2525,12,-98596.73,7.32,92.47,-8.827,-0,-1.0001,156.58,124.31,158.38,25.01,Cornering,"Hoosier 43075 16x7.5-10 R20, 7 inch rim",19712
78.41,762.163,-0.98,573.87,-254.89,3.985,-49.61,6.28,-0.04,0.0038,-2.2514,11.95,-98560.27,7.32,92.46,-8.792,-0,-1.0001,156.58,124.48,158.38,25,Cornering,"Hoosier 43075 16x7.5-10 R20, 7 inch rim",19713
78.39,762.173,-1.96,573.21,-254.33,3.997,-49.99,5.4,0.03,0.0077,-2.2538,11.93,158460.33,7.32,92.45,-8.75,-0,-1,156.53,124.64,158.34,24.98,Cornering,"Hoosier 43075 16x7.5-10 R20, 7 inch rim",19714
78.4,762.183,-2.94,573.31,-253.51,3.988,-50.05,5.23,-0.18,0.0116,-2.2615,11.98,-23216.95,7.32,92.43,-8.7,-0,-1.0003,156.62,124.83,158.4,24.98,Cornering,"Hoosier 43075 16x7.5-10 R20, 7 inch rim",19715
78.43,762.193,-4.84,573.19,-254.1,3.993,-49.68,4.3,0.03,0.0191,-2.2558,12.06,158536.92,7.32,92.39,-8.653,-0,-1,156.73,124.88,158.47,24.99,Cornering,"Hoosier 43075 16x7.5-10 R20, 7 inch rim",19716
78.4,762.203,-6.28,573.53,-254.33,3.984,-49.15,3.08,0.03,0.0247,-2.2551,12.09,158472.7,7.33,92.41,-8.63,-0,-1,156.7,124.86,158.55,24.98,Cornering,"Hoosier 43075 16x7.5-10 R20, 7 inch rim",19717
78.39,762.213,-7.66,573.7,-254.65,3.985,-48.9,1.52,0.03,0.0301,-2.2529,12.08,158494.7,7.32,92.42,-8.575,-0,-1,156.62,124.77,158.55,24.98,Cornering,"Hoosier 43075 16x7.5-10 R20, 7 inch rim",19718
78.42,762.223,-8.83,573.55,-254.87,3.997,-49.76,-0.07,-0.04,0.0346,-2.2504,12.03,-98490.16,7.32,92.41,-8.527,-0,-1.0001,156.34,124.68,158.42,24.97,Cornering,"Hoosier 43075 16x7.5-10 R20, 7 inch rim",19719
78.42,762.233,-9.58,573.15,-255.83,3.974,-50.23,-1.8,-0.04,0.0375,-2.2404,11.97,-98498.7,7.33,92.42,-8.492,-0,-1.0001,156.12,124.59,158.22,24.97,Cornering,"Hoosier 43075 16x7.5-10 R20, 7 inch rim",19720
78.38,762.243,-9.76,572.88,-256.5,3.985,-50.62,-3.54,0.09,0.0381,-2.2334,11.9,43915.05,7.32,92.41,-8.438,-0,-0.9998,156,124.5,158.02,24.97,Cornering,"Hoosier 43075 16x7.5-10 R20, 7 inch rim",19721
78.4,762.253,-8.96,571.36,-257.04,3.979,-50.89,-4.92,-0.04,0.0349,-2.2228,11.92,-98544.52,7.33,92.41,-8.399,-0,-1.0001,155.85,124.53,157.86,24.97,Cornering,"Hoosier 43075 16x7.5-10 R20, 7 inch rim",19722
78.42,762.263,-7.52,570.37,-256.15,3.991,-51.57,-5.13,0.03,0.0293,-2.2267,11.98,158692.22,7.32,92.43,-8.356,-0,-1,155.91,124.57,157.78,25,Cornering,"Hoosier 43075 16x7.5-10 R20, 7 inch rim",19723
78.4,762.273,-6.81,569.26,-255.71,3.987,-50.87,-5.06,0.03,0.0266,-2.2262,12.07,158669.44,7.32,92.46,-8.32,-0,-1,155.82,124.77,157.78,24.99,Cornering,"Hoosier 43075 16x7.5-10 R20, 7 inch rim",19724
78.38,762.283,-7.2,569.24,-255.29,3.994,-49.61,-5.31,0.09,0.0282,-2.2298,12.14,43932.64,7.32,92.48,-8.276,-0,-0.9998,155.74,124.94,157.72,24.97,Cornering,"Hoosier 43075 16x7.5-10 R20, 7 inch rim",19725
78.41,762.293,-8.15,569.22,-254.92,3.997,-49.08,-5.22,0.03,0.032,-2.2329,12.16,158516.03,7.32,92.49,-8.242,-0,-1,155.76,125.16,157.68,24.96,Cornering,"Hoosier 43075 16x7.5-10 R20, 7 inch rim",19726
78.42,762.303,-9.04,569.38,-254.92,3.991,-48.71,-4.72,-0.04,0.0355,-2.2335,12.11,-98592.38,7.32,92.49,-8.202,-0,-1.0001,155.87,125.34,157.78,24.97,Cornering,"Hoosier 43075 16x7.5-10 R20, 7 inch rim",19727
78.38,762.313,-9.68,569.08,-255.25,3.994,-48.94,-4.35,0.03,0.0379,-2.2295,12.05,158686.45,7.32,92.48,-8.182,-0,-1,155.87,125.41,157.8,24.98,Cornering,"Hoosier 43075 16x7.5-10 R20, 7 inch rim",19728
78.39,762.323,-9.66,568.47,-255.43,3.988,-49.81,-3.88,-0.04,0.0378,-2.2256,12,-98746.41,7.32,92.51,-8.131,-0,-1.0001,155.67,125.43,157.82,25.01,Cornering,"Hoosier 43075 16x7.5-10 R20, 7 inch rim",19729
78.42,762.333,-9.23,568.1,-256.95,3.984,-49.77,-3.09,-0.04,0.0359,-2.2109,11.98,-98823.55,7.32,92.54,-8.096,-0,-1.0001,155.48,125.34,157.7,25.03,Cornering,"Hoosier 43075 16x7.5-10 R20, 7 inch rim",19730
78.4,762.343,-8.7,567.52,-257.9,3.996,-50.81,-2.53,0.03,0.0337,-2.2005,12.02,158958.12,7.32,92.58,-8.048,-0,-1,155.18,125.25,157.56,25.02,Cornering,"Hoosier 43075 16x7.5-10 R20, 7 inch rim",19731
78.38,762.353,-7.59,566.33,-258.88,3.988,-51.97,-2.22,0.03,0.0293,-2.1876,12.11,158964.61,7.32,92.58,-8.031,-0,-1,154.99,125.19,157.39,25.02,Cornering,"Hoosier 43075 16x7.5-10 R20, 7 inch rim",19732
78.41,762.363,-5.33,565.89,-259.29,3.993,-51.73,-1.36,-0.04,0.0206,-2.1825,12.15,-98824.22,7.32,92.58,-7.995,-0,-1.0001,154.92,125.14,157.21,25.02,Cornering,"Hoosier 43075 16x7.5-10 R20, 7 inch rim",19733
78.42,762.373,-3.12,564.95,-259.07,3.993,-51.21,-0.32,-0.04,0.0121,-2.1807,12.16,-98901.57,7.32,92.56,-7.958,-0,-1.0001,154.88,125.14,157.09,25.04,Cornering,"Hoosier 43075 16x7.5-10 R20, 7 inch rim",19734
78.39,762.383,-1.91,564.27,-258.1,3.994,-50.83,0.08,-0.18,0.0074,-2.1863,12.1,-23331.63,7.32,92.59,-7.921,-0,-1.0003,154.94,125.32,157.07,25.06,Cornering,"Hoosier 43075 16x7.5-10 R20, 7 inch rim",19735
78.39,762.393,-1.33,564.29,-258.08,3.99,-48.81,1.05,-0.11,0.0052,-2.1865,12.04,-37768.36,7.32,92.61,-7.867,-0,-1.0002,154.86,125.56,157.05,25.06,Cornering,"Hoosier 43075 16x7.5-10 R20, 7 inch rim",19736
78.42,762.403,-1.86,564.22,-256.98,4.001,-48.98,1.18,-0.04,0.0073,-2.1956,11.96,-98977.09,7.32,92.63,-7.829,-0,-1.0001,154.86,125.78,157.05,25.05,Cornering,"Hoosier 43075 16x7.5-10 R20, 7 inch rim",19737
78.4,762.413,-3.06,563.73,-256.79,4.003,-49.49,1.1,-0.04,0.0119,-2.1953,11.96,-98940.1,7.32,92.65,-7.791,-0,-1.0001,154.94,125.83,157.09,25.04,Cornering,"Hoosier 43075 16x7.5-10 R20, 7 inch rim",19738
78.38,762.423,-3.96,563.02,-257.75,3.991,-49.35,0.72,0.03,0.0154,-2.1843,12.01,159031.75,7.32,92.67,-7.751,-0,-1,154.97,125.87,157.15,25.01,Cornering,"Hoosier 43075 16x7.5-10 R20, 7 inch rim",19739
78.41,762.433,-4.33,561.96,-258.4,3.988,-50.21,0.64,0.03,0.0168,-2.1748,12.08,158940.89,7.32,92.64,-7.696,-0,-1,154.9,125.91,157.15,25,Cornering,"Hoosier 43075 16x7.5-10 R20, 7 inch rim",19740
78.43,762.443,-5.33,561.09,-259.36,3.988,-50.67,-0.84,-0.04,0.0206,-2.1634,12.11,-98809.42,7.32,92.64,-7.659,-0,-1.0001,154.64,125.8,157.09,25,Cornering,"Hoosier 43075 16x7.5-10 R20, 7 inch rim",19741
78.4,762.453,-6.89,560.22,-260.51,3.988,-51.16,-3.08,0.09,0.0264,-2.1505,12.12,44030.7,7.32,92.61,-7.623,-0,-0.9998,154.37,125.74,156.93,24.98,Cornering,"Hoosier 43075 16x7.5-10 R20, 7 inch rim",19742
78.39,762.463,-6.98,559.51,-261.51,3.987,-51.64,-4.55,-0.04,0.0267,-2.1395,12.06,-98760.05,7.32,92.63,-7.572,-0,-1.0001,154.13,125.67,156.73,24.98,Cornering,"Hoosier 43075 16x7.5-10 R20, 7 inch rim",19743
78.42,762.473,-7.23,559.09,-262.15,3.984,-51.08,-7,0.09,0.0276,-2.1327,11.97,43989.04,7.32,92.64,-7.527,-0,-0.9998,153.96,125.61,156.53,24.96,Cornering,"Hoosier 43075 16x7.5-10 R20, 7 inch rim",19744
78.42,762.483,-5.91,558.57,-261.27,3.996,-51.38,-7.76,0.03,0.0226,-2.1379,11.89,158646.03,7.32,92.59,-7.489,-0,-1,153.96,125.67,156.32,24.94,Cornering,"Hoosier 43075 16x7.5-10 R20, 7 inch rim",19745
78.39,762.493,-5.78,558.61,-261.5,3.979,-48.88,-9.03,-0.04,0.0221,-2.1362,11.87,-98602.65,7.33,92.58,-7.453,-0,-1.0001,153.91,125.78,156.28,24.93,Cornering,"Hoosier 43075 16x7.5-10 R20, 7 inch rim",19746
78.41,762.503,-5.84,557.92,-260.4,3.981,-48.8,-9.62,0.03,0.0224,-2.1426,11.89,158640.02,7.32,92.5,-7.4,-0,-1,153.85,126.02,156.26,24.93,Cornering,"Hoosier 43075 16x7.5-10 R20, 7 inch rim",19747
78.43,762.513,-6.74,557.1,-259.75,3.991,-48.72,-9.87,-0.11,0.026,-2.1447,11.95,-37635.62,7.32,92.44,-7.37,-0,-1.0002,153.83,126.24,156.2,24.94,Cornering,"Hoosier 43075 16x7.5-10 R20, 7 inch rim",19748
78.41,762.523,-8.02,555.83,-259.47,3.997,-49.63,-9.92,0.03,0.0309,-2.1422,12.04,158740.36,7.32,92.37,-7.322,-0,-1,153.83,126.4,156.24,24.94,Cornering,"Hoosier 43075 16x7.5-10 R20, 7 inch rim",19749
78.4,762.533,-8.74,554.46,-259.97,3.998,-50.3,-9.58,0.03,0.0336,-2.1328,12.08,158715.69,7.32,92.28,-7.287,-0,-1,153.87,126.4,156.28,24.94,Cornering,"Hoosier 43075 16x7.5-10 R20, 7 inch rim",19750
78.44,762.543,-9.21,552.8,-260.98,3.985,-50.9,-9.43,-0.04,0.0353,-2.1182,12.08,-98667.75,7.32,92.23,-7.255,-0,-1.0001,153.87,126.33,156.28,24.94,Cornering,"Hoosier 43075 16x7.5-10 R20, 7 inch rim",19751
78.44,762.553,-9.45,551.61,-261.9,3.985,-51.52,-9.29,0.03,0.0361,-2.1062,12.03,158701.56,7.32,92.2,-7.219,-0,-1,153.66,126.27,156.22,24.93,Cornering,"Hoosier 43075 16x7.5-10 R20, 7 inch rim",19752
78.41,762.563,-9.51,550.76,-263.27,3.994,-51.82,-9.07,0.03,0.0361,-2.092,11.95,158787.38,7.32,92.21,-7.184,-0,-1,153.44,126.16,156.04,24.94,Cornering,"Hoosier 43075 16x7.5-10 R20, 7 inch rim",19753
78.42,762.573,-8.97,550.69,-264.52,3.991,-51.28,-8.86,0.03,0.0339,-2.0819,11.92,158911.48,7.32,92.18,-7.143,-0,-1,153.27,126.02,155.84,24.96,Cornering,"Hoosier 43075 16x7.5-10 R20, 7 inch rim",19754
78.45,762.583,-7.58,550.23,-264.72,3.984,-51.94,-8.79,0.03,0.0286,-2.0786,11.96,159106.95,7.33,92.16,-7.111,-0,-1,153.14,126.05,155.62,24.99,Cornering,"Hoosier 43075 16x7.5-10 R20, 7 inch rim",19755
78.43,762.593,-5.41,550.52,-264.32,3.994,-51.31,-8.22,0.09,0.0205,-2.0828,12.02,44104.18,7.32,92.18,-7.066,-0,-0.9998,153.06,126.11,155.45,25,Cornering,"Hoosier 43075 16x7.5-10 R20, 7 inch rim",19756
78.41,762.603,-3.43,550.14,-263.13,3.993,-51.16,-7.44,0.03,0.013,-2.0908,12.14,159317.52,7.33,92.2,-7.032,-0,-1,152.97,126.27,155.37,25.02,Cornering,"Hoosier 43075 16x7.5-10 R20, 7 inch rim",19757
78.44,762.613,-2.17,549.82,-262.74,3.987,-49.34,-6.33,-0.04,0.0083,-2.0927,12.18,-99020.73,7.33,92.2,-6.99,-0,-1.0001,152.84,126.49,155.31,25.01,Cornering,"Hoosier 43075 16x7.5-10 R20, 7 inch rim",19758
78.45,762.623,-2.05,548.96,-261.44,3.997,-49.91,-5.71,-0.04,0.0078,-2.0997,12.17,-98984.11,7.33,92.18,-6.944,-0,-1.0001,152.71,126.71,155.27,25,Cornering,"Hoosier 43075 16x7.5-10 R20, 7 inch rim",19759
78.42,762.633,-2.68,547.59,-261.92,3.984,-49.61,-5.08,-0.04,0.0102,-2.0907,12.12,-98942.54,7.33,92.21,-6.923,-0,-1.0001,152.76,126.9,155.23,24.99,Cornering,"Hoosier 43075 16x7.5-10 R20, 7 inch rim",19760
78.43,762.643,-3.64,546.04,-262.15,3.985,-50.13,-4.87,-0.11,0.0139,-2.0829,12.03,-37727.72,7.33,92.22,-6.867,-0,-1.0002,152.73,126.99,155.21,24.98,Cornering,"Hoosier 43075 16x7.5-10 R20, 7 inch rim",19761
78.46,762.653,-4.16,544.03,-262.61,3.997,-51.48,-4.72,-0.04,0.0159,-2.0717,11.98,-98890.84,7.33,92.23,-6.837,-0,-1.0001,152.69,126.99,155.23,24.97,Cornering,"Hoosier 43075 16x7.5-10 R20, 7 inch rim",19762
78.45,762.663,-4.86,542.69,-263.5,4.003,-51.54,-5.26,0.03,0.0185,-2.0595,12,158990.39,7.33,92.26,-6.787,-0,-1,152.5,127.01,155.13,24.96,Cornering,"Hoosier 43075 16x7.5-10 R20, 7 inch rim",19763
78.43,762.673,-6.08,540.94,-265.39,3.984,-51.48,-6.77,-0.11,0.0229,-2.0383,12.07,-37684.66,7.33,92.27,-6.741,-0,-1.0002,152.18,126.99,155.03,24.94,Cornering,"Hoosier 43075 16x7.5-10 R20, 7 inch rim",19764
78.45,762.683,-6.92,540.38,-266.34,3.991,-51.24,-8.37,0.09,0.026,-2.0289,12.15,44055.81,7.33,92.27,-6.69,-0,-0.9998,151.9,126.9,154.75,24.95,Cornering,"Hoosier 43075 16x7.5-10 R20, 7 inch rim",19765
78.46,762.693,-6.99,539.18,-266.89,3.99,-51.63,-10.13,0.03,0.0262,-2.0202,12.24,158996.89,7.33,92.27,-6.648,-0,-1,151.68,126.88,154.61,24.95,Cornering,"Hoosier 43075 16x7.5-10 R20, 7 inch rim",19766
78.44,762.703,-5.48,538.59,-267.18,3.982,-50.22,-10.63,0.03,0.0205,-2.0158,12.25,159076.53,7.33,92.27,-6.629,-0,-1,151.49,126.9,154.34,24.96,Cornering,"Hoosier 43075 16x7.5-10 R20, 7 inch rim",19767
78.44,762.713,-4.44,537.61,-266.37,3.982,-49.64,-11.17,0.03,0.0167,-2.0183,12.2,159167.14,7.34,92.25,-6.575,-0,-1,151.38,127.01,154.24,24.97,Cornering,"Hoosier 43075 16x7.5-10 R20, 7 inch rim",19768
78.47,762.723,-3.78,536.49,-265.68,3.994,-48.81,-11.14,-0.11,0.0142,-2.0193,12.14,-37717.18,7.33,92.23,-6.536,-0,-1.0002,151.32,127.19,154.18,24.96,Cornering,"Hoosier 43075 16x7.5-10 R20, 7 inch rim",19769
78.45,762.733,-4.14,535.17,-264.45,3.977,-49.08,-11.28,0.03,0.0157,-2.0237,12.06,159118.5,7.34,92.19,-6.492,-0,-1,151.13,127.39,154.06,24.96,Cornering,"Hoosier 43075 16x7.5-10 R20, 7 inch rim",19770
78.44,762.743,-5.54,534.05,-264.02,3.982,-49.21,-11.58,-0.04,0.021,-2.0228,12.03,-98963.87,7.34,92.18,-6.458,-0,-1.0001,151.04,127.65,154.02,24.97,Cornering,"Hoosier 43075 16x7.5-10 R20, 7 inch rim",19771
78.46,762.753,-6.67,532.64,-264.03,3.993,-49.9,-11.45,-0.04,0.0253,-2.0174,12.05,-99015.95,7.34,92.21,-6.425,-0,-1.0001,151.06,127.78,154,24.98,Cornering,"Hoosier 43075 16x7.5-10 R20, 7 inch rim",19772
78.48,762.763,-7.91,531.1,-264.38,3.985,-50.34,-11.67,-0.04,0.0299,-2.0089,12.11,-99115.79,7.34,92.2,-6.382,-0,-1.0001,150.98,127.81,154.02,25.01,Cornering,"Hoosier 43075 16x7.5-10 R20, 7 inch rim",19773
78.45,762.773,-8.24,529.59,-265.08,4,-50.2,-11.44,0.03,0.0311,-1.9978,12.16,159608.55,7.34,92.19,-6.336,-0,-1,150.78,127.85,153.98,25.03,Cornering,"Hoosier 43075 16x7.5-10 R20, 7 inch rim",19774
78.45,762.783,-8.5,527.81,-266.44,3.994,-50.24,-11.54,-0.04,0.0319,-1.981,12.14,-99222.41,7.34,92.19,-6.302,-0,-1.0001,150.5,127.81,153.82,25.03,Cornering,"Hoosier 43075 16x7.5-10 R20, 7 inch rim",19775
78.47,762.793,-8.41,526.51,-267.96,3.991,-49.96,-12.05,0.03,0.0314,-1.9648,12.08,159481.69,7.34,92.16,-6.264,-0,-1,150.25,127.74,153.62,25.01,Cornering,"Hoosier 43075 16x7.5-10 R20, 7 inch rim",19776
78.47,762.803,-7.47,524.86,-269.08,4.001,-50.44,-12.29,0.09,0.0278,-1.9506,11.99,44197.64,7.34,92.19,-6.216,-0,-0.9998,150.05,127.65,153.41,25.01,Cornering,"Hoosier 43075 16x7.5-10 R20, 7 inch rim",19777
78.44,762.813,-5.96,523.49,-269.41,3.99,-50.28,-12.81,0.03,0.0221,-1.9431,11.9,159466.7,7.34,92.23,-6.188,-0,-1,150.01,127.7,153.19,25,Cornering,"Hoosier 43075 16x7.5-10 R20, 7 inch rim",19778
78.47,762.823,-4.55,522.38,-268.81,3.985,-49.68,-12.98,-0.04,0.0169,-1.9433,11.89,-99158.08,7.35,92.28,-6.148,-0,-1.0001,149.92,127.76,153.07,25.01,Cornering,"Hoosier 43075 16x7.5-10 R20, 7 inch rim",19779
78.48,762.833,-3.42,520.55,-267.13,3.991,-50.39,-12.54,0.09,0.0128,-1.9487,11.94,44227.11,7.35,92.29,-6.102,-0,-0.9998,149.9,127.94,152.97,25.02,Cornering,"Hoosier 43075 16x7.5-10 R20, 7 inch rim",19780
78.46,762.843,-3.68,519.58,-266.28,3.996,-49.22,-12.56,-0.11,0.0138,-1.9512,12.02,-37890.05,7.35,92.29,-6.067,-0,-1.0002,149.82,128.14,152.89,25.05,Cornering,"Hoosier 43075 16x7.5-10 R20, 7 inch rim",19781
78.45,762.853,-3.79,518.27,-265.25,3.985,-49.23,-11.37,0.03,0.0143,-1.9539,12.09,159846.23,7.35,92.31,-6.024,-0,-1,149.75,128.4,152.83,25.05,Cornering,"Hoosier 43075 16x7.5-10 R20, 7 inch rim",19782
78.48,762.863,-4.55,517.15,-264.93,3.991,-49.76,-10.58,0.09,0.0172,-1.952,12.1,44277.79,7.35,92.3,-5.978,-0,-0.9998,149.71,128.58,152.75,25.04,Cornering,"Hoosier 43075 16x7.5-10 R20, 7 inch rim",19783
78.49,762.873,-4.99,515.8,-265.66,3.978,-48.92,-9.91,0.03,0.0188,-1.9415,12.07,159719.03,7.36,92.29,-5.949,-0,-1,149.75,128.69,152.69,25.03,Cornering,"Hoosier 43075 16x7.5-10 R20, 7 inch rim",19784
78.46,762.883,-5.23,514.25,-265.91,3.994,-49.35,-9.67,0.03,0.0197,-1.934,11.98,159579.77,7.35,92.27,-5.918,-0,-1,149.6,128.71,152.71,25.01,Cornering,"Hoosier 43075 16x7.5-10 R20, 7 inch rim",19785
78.47,762.893,-6.01,512.18,-267.53,3.994,-49.44,-10.26,0.03,0.0225,-1.9145,11.9,159558.81,7.35,92.3,-5.859,-0,-1,149.37,128.6,152.63,25,Cornering,"Hoosier 43075 16x7.5-10 R20, 7 inch rim",19786
78.49,762.903,-6.48,510.42,-269.18,3.984,-49.56,-11.25,-0.04,0.0241,-1.8962,11.87,-99144.28,7.36,92.28,-5.829,-0,-1.0001,149.09,128.51,152.46,24.99,Cornering,"Hoosier 43075 16x7.5-10 R20, 7 inch rim",19787
78.47,762.913,-5.91,508.61,-270.13,3.996,-50.34,-11.87,0.03,0.0219,-1.8828,11.9,159433.23,7.36,92.27,-5.776,-0,-1,148.92,128.47,152.28,24.98,Cornering,"Hoosier 43075 16x7.5-10 R20, 7 inch rim",19788
78.45,762.923,-4.8,507.08,-270.53,3.996,-50.33,-12.61,0.09,0.0177,-1.8744,11.98,44172.48,7.36,92.24,-5.743,-0,-0.9998,148.81,128.47,152.1,24.97,Cornering,"Hoosier 43075 16x7.5-10 R20, 7 inch rim",19789
78.48,762.933,-3.46,505.38,-270.45,3.985,-49.57,-13.15,-0.04,0.0128,-1.8686,12.08,-99028.84,7.36,92.22,-5.693,-0,-1.0001,148.72,128.58,151.94,24.96,Cornering,"Hoosier 43075 16x7.5-10 R20, 7 inch rim",19790
78.49,762.943,-2.62,504.04,-268.94,3.99,-48.94,-13.1,0.09,0.0097,-1.8742,12.09,44168.19,7.36,92.2,-5.661,-0,-0.9998,148.64,128.77,151.76,24.97,Cornering,"Hoosier 43075 16x7.5-10 R20, 7 inch rim",19791
78.46,762.953,-3.18,502.39,-267.41,3.985,-48.94,-13.74,0.03,0.0119,-1.8788,12.07,159326.73,7.36,92.21,-5.619,-0,-1,148.53,128.97,151.55,24.96,Cornering,"Hoosier 43075 16x7.5-10 R20, 7 inch rim",19792
78.47,762.963,-3.87,501.55,-266.44,3.997,-48.46,-13.1,-0.04,0.0145,-1.8824,11.99,-99022.55,7.36,92.21,-5.59,-0,-1.0001,148.44,129.17,151.43,24.95,Cornering,"Hoosier 43075 16x7.5-10 R20, 7 inch rim",19793
78.5,762.973,-5.16,500.28,-265.96,3.979,-48.83,-12.94,0.09,0.0194,-1.881,11.95,44166.96,7.37,92.22,-5.535,-0,-0.9998,148.44,129.39,151.35,24.96,Cornering,"Hoosier 43075 16x7.5-10 R20, 7 inch rim",19794
78.48,762.983,-5.6,499.38,-266.49,3.979,-48.43,-12.22,-0.04,0.021,-1.8739,11.97,-99037.12,7.37,92.2,-5.498,-0,-1.0001,148.4,129.44,151.29,24.95,Cornering,"Hoosier 43075 16x7.5-10 R20, 7 inch rim",19795
78.46,762.993,-6.4,497.69,-266.94,3.996,-48.88,-12.42,0.09,0.024,-1.8644,12.02,44172.9,7.37,92.19,-5.451,-0,-0.9998,148.25,129.39,151.25,24.96,Cornering,"Hoosier 43075 16x7.5-10 R20, 7 inch rim",19796
78.48,763.003,-6.99,495.73,-268.05,3.994,-49.08,-12.97,0.03,0.0261,-1.8494,12.09,159562.88,7.37,92.19,-5.418,-0,-1,147.99,129.37,151.09,24.98,Cornering,"Hoosier 43075 16x7.5-10 R20, 7 inch rim",19797
78.51,763.013,-7.09,493.64,-269.47,3.994,-49.81,-13.49,0.03,0.0263,-1.8319,12.19,159723.77,7.37,92.17,-5.367,-0,-1,147.71,129.37,150.73,25.01,Cornering,"Hoosier 43075 16x7.5-10 R20, 7 inch rim",19798
78.47,763.023,-6.73,491.14,-271.68,3.988,-49.77,-14.16,-0.04,0.0248,-1.8078,12.28,-99314.51,7.37,92.12,-5.342,-0,-1.0001,147.54,129.33,150.32,25.01,Cornering,"Hoosier 43075 16x7.5-10 R20, 7 inch rim",19799
78.47,763.033,-5.52,489.29,-272,3.984,-50.23,-14.92,-0.04,0.0203,-1.7989,12.25,-99252.89,7.37,92.12,-5.294,-0,-1.0001,147.39,129.26,149.98,25,Cornering,"Hoosier 43075 16x7.5-10 R20, 7 inch rim",19800
78.5,763.043,-3.97,487.88,-271.69,3.982,-49.54,-15.15,0.03,0.0146,-1.7957,12.18,159488.14,7.38,92.15,-5.271,-0,-1,147.29,129.33,149.61,24.97,Cornering,"Hoosier 43075 16x7.5-10 R20, 7 inch rim",19801
78.49,763.053,-3.08,486.21,-269.81,3.998,-49.86,-15.45,-0.04,0.0114,-1.8021,12.08,-99080.18,7.37,92.17,-5.218,-0,-1.0001,147.24,129.44,149.29,24.95,Cornering,"Hoosier 43075 16x7.5-10 R20, 7 inch rim",19802
78.46,763.063,-2.97,485.66,-268.22,3.988,-48.54,-15.44,-0.04,0.0111,-1.8107,12.02,-99108.73,7.38,92.2,-5.18,-0,-1.0001,147.14,129.68,148.99,24.96,Cornering,"Hoosier 43075 16x7.5-10 R20, 7 inch rim",19803
78.49,763.073,-3.35,484.5,-267.09,3.985,-48.45,-14.9,-0.04,0.0125,-1.814,12.03,-99136.2,7.38,92.28,-5.15,-0,-1.0001,147.07,129.88,148.73,24.96,Cornering,"Hoosier 43075 16x7.5-10 R20, 7 inch rim",19804
78.5,763.083,-4.48,483.82,-266.3,3.991,-48.3,-14.49,0.03,0.0168,-1.8168,12.07,159601.53,7.38,92.36,-5.106,-0,-1,147.01,130.1,148.52,24.98,Cornering,"Hoosier 43075 16x7.5-10 R20, 7 inch rim",19805
78.48,763.093,-5.09,482.75,-266.54,3.997,-47.93,-13.57,-0.11,0.0191,-1.8111,12.16,-37872.55,7.38,92.45,-5.06,-0,-1.0002,146.98,130.27,148.46,25,Cornering,"Hoosier 43075 16x7.5-10 R20, 7 inch rim",19806
78.48,763.103,-5.52,480.87,-266.49,3.988,-48.49,-13.18,-0.04,0.0207,-1.8045,12.22,-99245.78,7.38,92.49,-5.03,-0,-1.0001,146.94,130.27,148.46,24.98,Cornering,"Hoosier 43075 16x7.5-10 R20, 7 inch rim",19807
78.5,763.113,-5.59,478.78,-267.81,3.991,-48.17,-12.86,0.03,0.0209,-1.7878,12.22,159590.42,7.38,92.5,-4.994,-0,-1,146.68,130.21,148.52,24.97,Cornering,"Hoosier 43075 16x7.5-10 R20, 7 inch rim",19808
78.5,763.123,-6.52,476.24,-269.52,3.997,-48.37,-13.85,-0.04,0.0242,-1.767,12.18,-99119.45,7.38,92.53,-4.947,-0,-1.0001,146.38,130.14,148.5,24.95,Cornering,"Hoosier 43075 16x7.5-10 R20, 7 inch rim",19809
78.47,763.133,-6.78,473.88,-271.5,3.988,-48.79,-15.08,-0.04,0.025,-1.7454,12.09,-99149.51,7.39,92.55,-4.897,-0,-1.0001,146.21,130.12,148.48,24.96,Cornering,"Hoosier 43075 16x7.5-10 R20, 7 inch rim",19810
78.48,763.143,-5.83,471.59,-272.2,3.981,-49.38,-15.7,0.09,0.0214,-1.7325,12,44169.89,7.39,92.57,-4.873,-0,-0.9998,146.06,130.1,148.46,24.94,Cornering,"Hoosier 43075 16x7.5-10 R20, 7 inch rim",19811
78.51,763.153,-3.81,469.74,-272.44,3.985,-49.14,-15.49,0.03,0.014,-1.7242,11.98,159368.83,7.39,92.6,-4.827,-0,-1,145.96,130.12,148.44,24.93,Cornering,"Hoosier 43075 16x7.5-10 R20, 7 inch rim",19812
78.48,763.163,-2.71,468.73,-271.02,4.003,-48.51,-15.83,0.09,0.01,-1.7295,12,44185.07,7.39,92.6,-4.792,-0,-0.9998,145.93,130.34,148.46,24.94,Cornering,"Hoosier 43075 16x7.5-10 R20, 7 inch rim",19813
78.47,763.173,-2.52,467.36,-269.04,3.985,-48.2,-16.05,-0.04,0.0094,-1.7372,12.05,-99147.89,7.39,92.62,-4.741,-0,-1.0001,145.8,130.49,148.44,24.95,Cornering,"Hoosier 43075 16x7.5-10 R20, 7 inch rim",19814
78.5,763.183,-3.13,466.15,-267.14,3.997,-48,-15.89,-0.04,0.0117,-1.745,12.1,-99199.15,7.39,92.61,-4.702,-0,-1.0001,145.74,130.73,148.38,24.96,Cornering,"Hoosier 43075 16x7.5-10 R20, 7 inch rim",19815
78.5,763.193,-4.18,465.19,-266.64,4,-47.5,-15.15,0.09,0.0157,-1.7446,12.12,44244.14,7.39,92.62,-4.663,-0,-0.9998,145.65,130.87,148.46,24.97,Cornering,"Hoosier 43075 16x7.5-10 R20, 7 inch rim",19816
78.47,763.203,-5.34,464.08,-266.28,3.997,-47.43,-14.7,0.03,0.0201,-1.7428,12.07,159745.05,7.4,92.62,-4.629,-0,-1,145.57,131.02,148.52,24.98,Cornering,"Hoosier 43075 16x7.5-10 R20, 7 inch rim",19817
78.48,763.213,-6.4,462.56,-266.83,3.99,-47.14,-14.54,0.09,0.024,-1.7336,11.97,44289.33,7.4,92.64,-4.593,-0,-0.9998,145.5,131.04,148.62,25,Cornering,"Hoosier 43075 16x7.5-10 R20, 7 inch rim",19818
78.51,763.223,-6.6,459.99,-268.2,3.997,-47.59,-14.12,-0.04,0.0246,-1.7151,11.9,-99405.07,7.4,92.65,-4.537,-0,-1.0001,145.33,131.04,148.66,25.01,Cornering,"Hoosier 43075 16x7.5-10 R20, 7 inch rim",19819
78.49,763.233,-6.88,457.44,-269.58,3.985,-47.97,-14.43,-0.04,0.0255,-1.6969,11.89,-99410.58,7.4,92.64,-4.495,-0,-1.0001,145.05,130.98,148.62,25.01,Cornering,"Hoosier 43075 16x7.5-10 R20, 7 inch rim",19820
78.48,763.243,-7.52,454.61,-271.71,3.997,-48.61,-15.64,0.09,0.0277,-1.6732,11.92,44348.16,7.4,92.64,-4.463,-0,-0.9998,144.88,130.98,148.58,25.03,Cornering,"Hoosier 43075 16x7.5-10 R20, 7 inch rim",19821
78.5,763.253,-6.9,452.04,-272.95,4.004,-49.19,-16.37,0.03,0.0253,-1.6561,12,160158.64,7.4,92.63,-4.422,-0,-1,144.8,130.93,148.44,25.04,Cornering,"Hoosier 43075 16x7.5-10 R20, 7 inch rim",19822
78.51,763.263,-5.11,450.21,-273.39,4.001,-48.63,-16.45,0.03,0.0187,-1.6468,12.09,160165.27,7.4,92.58,-4.389,-0,-1,144.77,130.89,148.26,25.04,Cornering,"Hoosier 43075 16x7.5-10 R20, 7 inch rim",19823
78.49,763.273,-3.87,448.61,-272.35,3.997,-47.3,-16.66,0.03,0.0142,-1.6472,12.13,160098.84,7.4,92.59,-4.35,-0,-1,144.75,131.04,148.22,25.03,Cornering,"Hoosier 43075 16x7.5-10 R20, 7 inch rim",19824
78.48,763.283,-3,447.03,-269.54,3.997,-47.65,-16.4,0.03,0.0111,-1.6585,12.09,160036.27,7.41,92.6,-4.291,-0,-1,144.6,131.2,148.08,25.02,Cornering,"Hoosier 43075 16x7.5-10 R20, 7 inch rim",19825
78.51,763.293,-3.44,446,-267.83,3.99,-46.48,-16.51,0.09,0.0129,-1.6652,12.03,44328.24,7.41,92.61,-4.265,-0,-0.9998,144.56,131.37,148,25.01,Cornering,"Hoosier 43075 16x7.5-10 R20, 7 inch rim",19826
78.5,763.303,-4.51,444.66,-266.4,3.988,-46.95,-16.02,-0.04,0.0169,-1.6691,11.94,-99444.02,7.41,92.59,-4.224,-0,-1.0001,144.52,131.55,147.94,25.01,Cornering,"Hoosier 43075 16x7.5-10 R20, 7 inch rim",19827
78.47,763.313,-5.43,443.36,-265.65,3.996,-47.42,-15.04,0.03,0.0204,-1.669,11.92,160130.05,7.41,92.58,-4.19,-0,-1,144.52,131.66,147.92,25.03,Cornering,"Hoosier 43075 16x7.5-10 R20, 7 inch rim",19828
78.5,763.323,-6.22,442.03,-266.62,3.991,-46.48,-14.49,-0.04,0.0233,-1.6579,11.96,-99614.18,7.41,92.53,-4.149,-0,-1.0001,144.39,131.7,147.96,25.05,Cornering,"Hoosier 43075 16x7.5-10 R20, 7 inch rim",19829
78.52,763.333,-6.45,439.63,-268,3.985,-46.29,-14.03,-0.04,0.0241,-1.6404,12.04,-99711.91,7.42,92.53,-4.102,-0,-1.0001,144.3,131.7,147.92,25.07,Cornering,"Hoosier 43075 16x7.5-10 R20, 7 inch rim",19830
78.48,763.343,-6.73,436.61,-269.58,3.988,-46.81,-13.94,-0.04,0.025,-1.6196,12.11,-99577.39,7.42,92.54,-4.069,-0,-1.0001,144.07,131.7,147.88,25.04,Cornering,"Hoosier 43075 16x7.5-10 R20, 7 inch rim",19831
78.48,763.353,-7.07,433.92,-271.31,3.991,-47.02,-14.61,0.03,0.026,-1.5993,12.15,160124.22,7.42,92.53,-4.022,-0,-1,143.87,131.66,147.73,25.03,Cornering,"Hoosier 43075 16x7.5-10 R20, 7 inch rim",19832
78.5,763.363,-6.86,430.91,-272.96,3.991,-47.68,-15.37,-0.04,0.0251,-1.5786,12.14,-99471.07,7.42,92.52,-3.991,-0,-1.0001,143.68,131.7,147.55,25.01,Cornering,"Hoosier 43075 16x7.5-10 R20, 7 inch rim",19833
78.5,763.373,-5.71,428.43,-273.12,3.988,-47.97,-15.88,0.09,0.0209,-1.5687,12.06,44303.98,7.42,92.52,-3.939,-0,-0.9998,143.59,131.68,147.41,24.98,Cornering,"Hoosier 43075 16x7.5-10 R20, 7 inch rim",19834
78.47,763.383,-4.1,426.34,-271.83,3.985,-47.66,-15.7,-0.04,0.0151,-1.5684,11.97,-99318.43,7.42,92.48,-3.912,-0,-1.0001,143.55,131.79,147.29,24.97,Cornering,"Hoosier 43075 16x7.5-10 R20, 7 inch rim",19835
78.5,763.393,-3.12,424.23,-270.36,3.991,-46.98,-15.38,-0.04,0.0116,-1.5691,11.94,-99300.53,7.42,92.45,-3.865,-0,-1.0001,143.47,131.94,147.21,24.96,Cornering,"Hoosier 43075 16x7.5-10 R20, 7 inch rim",19836
78.5,763.403,-3.3,423.17,-268.28,3.991,-46.11,-15.08,-0.04,0.0123,-1.5774,11.99,-99327.14,7.42,92.4,-3.832,-0,-1.0001,143.36,132.12,147.11,24.97,Cornering,"Hoosier 43075 16x7.5-10 R20, 7 inch rim",19837
78.49,763.413,-4.51,421.69,-267.03,3.994,-46.01,-14.69,0.09,0.0169,-1.5792,12.05,44269.93,7.43,92.32,-3.793,-0,-0.9998,143.32,132.3,147.01,24.96,Cornering,"Hoosier 43075 16x7.5-10 R20, 7 inch rim",19838
78.48,763.423,-6.09,420.58,-266.65,3.982,-45.51,-14.25,0.03,0.0228,-1.5773,12.12,159728.33,7.43,92.24,-3.741,-0,-1,143.29,132.34,146.97,24.96,Cornering,"Hoosier 43075 16x7.5-10 R20, 7 inch rim",19839
78.5,763.433,-6.76,419.18,-266.69,3.994,-45.45,-13.09,0.03,0.0253,-1.5718,12.19,159697.7,7.43,92.2,-3.703,-0,-1,143.21,132.41,147.03,24.95,Cornering,"Hoosier 43075 16x7.5-10 R20, 7 inch rim",19840
78.51,763.443,-7.47,416.73,-267.38,3.99,-45.74,-12.73,-0.04,0.0279,-1.5586,12.15,-99275.66,7.43,92.15,-3.663,-0,-1.0001,143.12,132.36,147.05,24.95,Cornering,"Hoosier 43075 16x7.5-10 R20, 7 inch rim",19841
78.48,763.453,-7.66,413.88,-269.03,3.991,-45.72,-12.34,0.09,0.0285,-1.5384,12.08,44266.93,7.43,92.11,-3.635,-0,-0.9998,142.97,132.34,146.97,24.96,Cornering,"Hoosier 43075 16x7.5-10 R20, 7 inch rim",19842
78.49,763.463,-8.15,410.44,-271.27,3.998,-46.2,-12.8,-0.04,0.03,-1.513,11.97,-99307.26,7.43,92.13,-3.578,-0,-1.0001,142.72,132.23,146.83,24.96,Cornering,"Hoosier 43075 16x7.5-10 R20, 7 inch rim",19843
78.51,763.473,-7.83,407.43,-272.95,3.994,-46.83,-13.02,0.03,0.0287,-1.4927,11.92,159834.39,7.43,92.15,-3.547,-0,-1,142.61,132.25,146.76,24.97,Cornering,"Hoosier 43075 16x7.5-10 R20, 7 inch rim",19844
78.5,763.483,-7.05,404.57,-274.27,3.99,-46.54,-13.64,-0.04,0.0257,-1.4751,11.93,-99361.15,7.44,92.18,-3.499,-0,-1.0001,142.54,132.3,146.62,24.97,Cornering,"Hoosier 43075 16x7.5-10 R20, 7 inch rim",19845
78.47,763.493,-5.62,401.99,-272.83,3.994,-47.04,-13.77,0.03,0.0206,-1.4734,11.97,159922.53,7.44,92.24,-3.458,-0,-1,142.52,132.38,146.48,24.98,Cornering,"Hoosier 43075 16x7.5-10 R20, 7 inch rim",19846
78.5,763.503,-4.2,399.86,-270.99,4,-46.38,-13.26,0.03,0.0155,-1.4755,12.06,160039.8,7.44,92.26,-3.419,-0,-1,142.37,132.54,146.36,25,Cornering,"Hoosier 43075 16x7.5-10 R20, 7 inch rim",19847
78.51,763.513,-4.05,398.15,-268.51,3.994,-45.65,-13,-0.04,0.0151,-1.4828,12.11,-99510.92,7.44,92.27,-3.381,-0,-1.0001,142.24,132.71,146.24,25,Cornering,"Hoosier 43075 16x7.5-10 R20, 7 inch rim",19848
78.49,763.523,-4.61,396.66,-266.99,3.998,-45.24,-12.13,0.03,0.0173,-1.4857,12.11,159978.11,7.44,92.28,-3.336,-0,-1,142.2,132.89,146.1,24.98,Cornering,"Hoosier 43075 16x7.5-10 R20, 7 inch rim",19849
78.49,763.533,-5.94,395.65,-265.76,3.985,-44.26,-11.54,0.09,0.0223,-1.4888,12.03,44312,7.45,92.27,-3.305,-0,-0.9998,142.2,132.96,146.06,24.97,Cornering,"Hoosier 43075 16x7.5-10 R20, 7 inch rim",19850
78.51,763.543,-7.25,393.96,-266.01,3.981,-43.91,-10.91,0.03,0.0273,-1.481,11.94,159802.84,7.45,92.24,-3.266,-0,-1,142.16,132.98,146.04,24.96,Cornering,"Hoosier 43075 16x7.5-10 R20, 7 inch rim",19851
78.49,763.553,-7.85,391.62,-265.92,3.982,-44.3,-9.97,0.09,0.0295,-1.4727,11.89,44294.71,7.45,92.23,-3.223,-0,-0.9998,142.01,133.05,146.06,24.96,Cornering,"Hoosier 43075 16x7.5-10 R20, 7 inch rim",19852
78.48,763.563,-8.07,388.32,-267.98,3.981,-44.52,-9.5,-0.04,0.0301,-1.4491,11.88,-99435.96,7.45,92.16,-3.19,-0,-1.0001,141.86,132.98,146.04,24.98,Cornering,"Hoosier 43075 16x7.5-10 R20, 7 inch rim",19853
78.5,763.573,-8.41,384.74,-270.45,3.998,-44.86,-9.45,0.03,0.0311,-1.4226,11.94,160042.86,7.45,92.1,-3.144,-0,-1,141.77,132.93,145.96,24.99,Cornering,"Hoosier 43075 16x7.5-10 R20, 7 inch rim",19854
78.51,763.583,-8.43,380.87,-273.16,3.987,-45.23,-9.89,0.03,0.0309,-1.3943,12,160160.17,7.45,92.1,-3.101,-0,-1,141.62,132.96,145.96,25.01,Cornering,"Hoosier 43075 16x7.5-10 R20, 7 inch rim",19855
78.47,763.593,-7.29,377.2,-274.31,3.991,-45.92,-9.74,0.09,0.0266,-1.3751,12.09,44331.44,7.45,92.1,-3.071,-0,-0.9998,141.54,132.96,145.82,24.98,Cornering,"Hoosier 43075 16x7.5-10 R20, 7 inch rim",19856
78.49,763.603,-6.1,374.2,-273.51,3.993,-46.05,-9.73,-0.04,0.0223,-1.3681,12.13,-99381.41,7.45,92.05,-3.018,-0,-1.0001,141.47,133.05,145.67,24.96,Cornering,"Hoosier 43075 16x7.5-10 R20, 7 inch rim",19857
78.51,763.613,-4.61,371.65,-272.3,3.993,-44.87,-9.43,-0.04,0.0169,-1.3648,12.06,-99269.08,7.45,92.01,-2.981,-0,-1.0001,141.39,133.11,145.53,24.93,Cornering,"Hoosier 43075 16x7.5-10 R20, 7 inch rim",19858
78.5,763.623,-4.51,369.62,-269.61,3.981,-43.99,-9.29,0.09,0.0167,-1.371,11.96,44243.23,7.46,91.99,-2.952,-0,-0.9998,141.21,133.31,145.43,24.93,Cornering,"Hoosier 43075 16x7.5-10 R20, 7 inch rim",19859
78.48,763.633,-4.95,368.54,-267.22,3.99,-43,-8.48,0.16,0.0185,-1.3792,11.87,25668.58,7.46,91.97,-2.909,-0,-0.9997,141.04,133.4,145.33,24.92,Cornering,"Hoosier 43075 16x7.5-10 R20, 7 inch rim",19860
78.5,763.643,-6.42,366.41,-265.62,3.996,-43.64,-7.93,0.09,0.0242,-1.3795,11.84,44256.41,7.46,91.96,-2.871,-0,-0.9998,140.96,133.51,145.23,24.93,Cornering,"Hoosier 43075 16x7.5-10 R20, 7 inch rim",19861
78.51,763.653,-7.24,364.37,-265.27,3.996,-43.53,-6.62,-0.11,0.0273,-1.3736,11.89,-37861.18,7.46,92.02,-2.834,-0,-1.0002,140.96,133.53,145.25,24.93,Cornering,"Hoosier 43075 16x7.5-10 R20, 7 inch rim",19862
78.49,763.663,-8.27,361.87,-265.25,3.991,-44.15,-5.93,0.09,0.0312,-1.3642,11.97,44248.43,7.47,92.03,-2.804,-0,-0.9998,140.81,133.6,145.27,24.93,Cornering,"Hoosier 43075 16x7.5-10 R20, 7 inch rim",19863
78.48,763.673,-9.17,358.14,-267.64,3.979,-43.23,-5.84,0.09,0.0343,-1.3382,12.06,44250.26,7.47,92.06,-2.749,-0,-0.9998,140.74,133.57,145.23,24.93,Cornering,"Hoosier 43075 16x7.5-10 R20, 7 inch rim",19864
78.52,763.683,-9.61,354.06,-269.68,3.985,-44.12,-5.55,-0.04,0.0356,-1.3129,12.11,-99290.67,7.47,92.09,-2.702,-0,-1.0001,140.61,133.55,145.17,24.93,Cornering,"Hoosier 43075 16x7.5-10 R20, 7 inch rim",19865
78.51,763.693,-9.51,349.88,-272.51,3.998,-44.56,-5.32,-0.04,0.0349,-1.2839,12.1,-99384.87,7.46,92.12,-2.676,-0,-1.0001,140.53,133.51,145.09,24.96,Cornering,"Hoosier 43075 16x7.5-10 R20, 7 inch rim",19866
78.48,763.703,-8.89,345.91,-273.73,3.996,-45.52,-5.45,0.03,0.0325,-1.2637,12.05,159996.2,7.47,92.18,-2.635,-0,-1,140.46,133.62,144.99,24.97,Cornering,"Hoosier 43075 16x7.5-10 R20, 7 inch rim",19867
78.5,763.713,-7.34,342.8,-273.57,3.996,-45.01,-5.04,0.03,0.0268,-1.2531,11.95,160150.27,7.47,92.25,-2.586,-0,-1,140.36,133.64,144.87,25,Cornering,"Hoosier 43075 16x7.5-10 R20, 7 inch rim",19868
78.52,763.723,-6.19,339.61,-272.27,3.987,-44.41,-4.92,0.03,0.0227,-1.2473,11.92,160153.77,7.47,92.27,-2.554,-0,-1,140.36,133.71,144.7,25,Cornering,"Hoosier 43075 16x7.5-10 R20, 7 inch rim",19869
78.49,763.733,-5.43,337.46,-269.99,3.997,-42.91,-4.22,0.03,0.0201,-1.2499,11.91,160083.75,7.47,92.27,-2.516,-0,-1,140.23,133.82,144.58,24.98,Cornering,"Hoosier 43075 16x7.5-10 R20, 7 inch rim",19870
78.48,763.743,-5.97,335.1,-267.03,3.985,-42.86,-4.04,0.16,0.0223,-1.2549,11.98,25742.58,7.48,92.26,-2.468,-0,-0.9997,140.1,133.93,144.46,24.98,Cornering,"Hoosier 43075 16x7.5-10 R20, 7 inch rim",19871
78.51,763.753,-6.99,332.86,-265.94,3.997,-41.82,-3.23,0.09,0.0263,-1.2516,12.08,44383.8,7.48,92.26,-2.426,-0,-0.9998,140.08,134.1,144.36,25,Cornering,"Hoosier 43075 16x7.5-10 R20, 7 inch rim",19872
78.51,763.763,-8.05,330.6,-264.62,3.993,-41.63,-2.13,0.09,0.0304,-1.2493,12.19,44426,7.48,92.22,-2.39,-0,-0.9998,140.05,134.1,144.3,25.02,Cornering,"Hoosier 43075 16x7.5-10 R20, 7 inch rim",19873
78.47,763.773,-8.8,327.45,-264.27,4.003,-42.6,-0.95,0.03,0.0333,-1.2391,12.2,160361.28,7.48,92.21,-2.348,-0,-1,140.01,134.19,144.26,25.03,Cornering,"Hoosier 43075 16x7.5-10 R20, 7 inch rim",19874
78.5,763.783,-9.92,323.22,-266.09,3.981,-42.56,-0.87,-0.04,0.0373,-1.2147,12.15,-99732.61,7.48,92.2,-2.31,-0,-1.0001,139.9,134.21,144.3,25.04,Cornering,"Hoosier 43075 16x7.5-10 R20, 7 inch rim",19875
78.52,763.793,-10.2,318.67,-268.17,3.996,-43.38,-0.4,-0.04,0.038,-1.1883,12.05,-99688.27,7.48,92.21,-2.279,-0,-1.0001,139.86,134.19,144.24,25.03,Cornering,"Hoosier 43075 16x7.5-10 R20, 7 inch rim",19876
78.5,763.803,-10.43,314.19,-271.13,3.998,-43.41,-0.39,0.09,0.0385,-1.1588,11.94,44430.46,7.48,92.24,-2.227,-0,-0.9998,139.78,134.12,144.1,25.02,Cornering,"Hoosier 43075 16x7.5-10 R20, 7 inch rim",19877
78.48,763.813,-9.41,310.03,-274.02,3.987,-42.31,0.06,-0.04,0.0344,-1.1314,11.89,-99716.28,7.49,92.26,-2.196,-0,-1.0001,139.73,134.15,144.06,25.03,Cornering,"Hoosier 43075 16x7.5-10 R20, 7 inch rim",19878
78.51,763.823,-8.2,306.16,-274.26,3.988,-42.47,0.33,0.09,0.0299,-1.1163,11.89,44442.71,7.49,92.22,-2.151,-0,-0.9998,139.69,134.26,143.92,25.03,Cornering,"Hoosier 43075 16x7.5-10 R20, 7 inch rim",19879
78.51,763.833,-7.17,302.48,-272.56,3.99,-42.41,0.24,0.16,0.0263,-1.1098,11.95,25796.11,7.49,92.23,-2.103,-0,-0.9997,139.6,134.3,143.81,25.03,Cornering,"Hoosier 43075 16x7.5-10 R20, 7 inch rim",19880
78.49,763.843,-6.24,299.66,-269.59,3.991,-41.38,0.74,0.09,0.0231,-1.1115,12,44424.31,7.49,92.19,-2.062,-0,-0.9998,139.52,134.43,143.71,25.01,Cornering,"Hoosier 43075 16x7.5-10 R20, 7 inch rim",19881
78.49,763.853,-6.61,297.01,-266.74,3.982,-40.45,1.09,-0.04,0.0248,-1.1135,12.06,-99540.84,7.49,92.16,-2.029,-0,-1.0001,139.37,134.54,143.59,24.98,Cornering,"Hoosier 43075 16x7.5-10 R20, 7 inch rim",19882
78.52,763.863,-7.44,294.07,-264.68,3.99,-40.43,1.93,0.09,0.0281,-1.1111,12.03,44333.71,7.49,92.15,-1.974,-0,-0.9998,139.24,134.67,143.51,24.96,Cornering,"Hoosier 43075 16x7.5-10 R20, 7 inch rim",19883
78.5,763.873,-8.96,291.17,-263.1,3.991,-40.68,2.67,0.03,0.0341,-1.1067,11.97,160026,7.5,92.17,-1.95,-0,-1,139.2,134.72,143.43,24.97,Cornering,"Hoosier 43075 16x7.5-10 R20, 7 inch rim",19884
78.48,763.883,-10.35,287.89,-262.94,3.991,-40.54,3.32,0.03,0.0394,-1.0949,11.87,159880.16,7.5,92.17,-1.916,-0,-1,139.18,134.7,143.41,24.94,Cornering,"Hoosier 43075 16x7.5-10 R20, 7 inch rim",19885
78.51,763.893,-10.65,283.92,-264.07,3.987,-40.49,4.63,-0.04,0.0403,-1.0752,11.82,-99410.63,7.5,92.21,-1.863,-0,-1.0001,139.11,134.72,143.43,24.95,Cornering,"Hoosier 43075 16x7.5-10 R20, 7 inch rim",19886
78.51,763.903,-11.4,279.86,-266.2,3.99,-40.04,4.93,0.03,0.0428,-1.0513,11.84,159887.44,7.5,92.22,-1.821,-0,-1,139.07,134.7,143.35,24.94,Cornering,"Hoosier 43075 16x7.5-10 R20, 7 inch rim",19887
78.48,763.913,-11.44,275.06,-269,3.985,-40.14,5.25,-0.04,0.0425,-1.0225,11.92,-99321.73,7.5,92.25,-1.788,-0,-1.0001,139.05,134.67,143.27,24.93,Cornering,"Hoosier 43075 16x7.5-10 R20, 7 inch rim",19888
78.49,763.923,-11.14,270.52,-271.08,4.003,-40.13,5.58,-0.04,0.0411,-0.9979,12.01,-99301.25,7.5,92.26,-1.73,-0,-1.0001,139.09,134.59,143.19,24.92,Cornering,"Hoosier 43075 16x7.5-10 R20, 7 inch rim",19889
78.51,763.933,-10.24,266.23,-271.83,3.982,-39.62,5.78,0.03,0.0377,-0.9794,12.08,159747.47,7.5,92.23,-1.701,-0,-1,139.02,134.65,143.09,24.92,Cornering,"Hoosier 43075 16x7.5-10 R20, 7 inch rim",19890
78.5,763.943,-9.09,262.09,-270.34,3.985,-40.03,6.22,-0.04,0.0336,-0.9695,12.12,-99419.53,7.5,92.24,-1.664,-0,-1.0001,138.98,134.63,142.97,24.95,Cornering,"Hoosier 43075 16x7.5-10 R20, 7 inch rim",19891
78.48,763.953,-8,258.51,-267.83,3.998,-39.36,6.94,-0.04,0.0299,-0.9652,12.1,-99514.09,7.5,92.2,-1.611,-0,-1.0001,138.85,134.74,142.88,24.97,Cornering,"Hoosier 43075 16x7.5-10 R20, 7 inch rim",19892
78.5,763.963,-8.64,255.37,-264.85,4.001,-39.43,6.66,-0.04,0.0326,-0.9642,12.01,-99585.08,7.5,92.2,-1.568,-0,-1.0001,138.75,134.76,142.72,24.99,Cornering,"Hoosier 43075 16x7.5-10 R20, 7 inch rim",19893
78.51,763.973,-9.03,252.96,-263.37,3.987,-37.57,7.59,-0.04,0.0343,-0.9605,11.92,-99609.44,7.51,92.21,-1.535,-0,-1.0001,138.62,134.83,142.66,25,Cornering,"Hoosier 43075 16x7.5-10 R20, 7 inch rim",19894
78.49,763.983,-10.02,249.7,-261.19,3.997,-39,8.59,-0.04,0.0383,-0.956,11.89,-99610.73,7.51,92.22,-1.501,-0,-1.0001,138.62,134.94,142.58,25,Cornering,"Hoosier 43075 16x7.5-10 R20, 7 inch rim",19895
78.48,763.993,-11.04,246.59,-261.16,3.994,-38.42,9.63,0.03,0.0423,-0.9442,11.92,160282.91,7.51,92.26,-1.459,-0,-1,138.66,134.96,142.5,25,Cornering,"Hoosier 43075 16x7.5-10 R20, 7 inch rim",19896
78.51,764.003,-11.74,242.48,-262.53,3.991,-37.92,10.65,-0.04,0.0447,-0.9236,11.98,-99636.78,7.51,92.27,-1.418,-0,-1.0001,138.66,134.92,142.46,25,Cornering,"Hoosier 43075 16x7.5-10 R20, 7 inch rim",19897
78.5,764.013,-12.15,238.22,-264.02,3.991,-38.05,11.42,0.03,0.046,-0.9023,12.08,160361.59,7.51,92.26,-1.38,-0,-1,138.6,134.85,142.42,25.01,Cornering,"Hoosier 43075 16x7.5-10 R20, 7 inch rim",19898
78.48,764.023,-12.47,233.11,-266.94,3.994,-38.29,11.72,-0.04,0.0467,-0.8733,12.12,-99685.31,7.51,92.28,-1.347,-0,-1.0001,138.55,134.83,142.32,25.01,Cornering,"Hoosier 43075 16x7.5-10 R20, 7 inch rim",19899
78.5,764.033,-12.15,228.78,-269.67,3.994,-37.87,12.16,-0.04,0.0451,-0.8484,12.09,-99663.3,7.51,92.31,-1.313,-0,-1.0001,138.53,134.78,142.28,25.01,Cornering,"Hoosier 43075 16x7.5-10 R20, 7 inch rim",19900
78.52,764.043,-10.82,224,-270.41,3.991,-38.24,12.94,-0.04,0.04,-0.8284,12.03,-99664.35,7.52,92.3,-1.279,-0,-1.0001,138.53,134.81,142.16,25.01,Cornering,"Hoosier 43075 16x7.5-10 R20, 7 inch rim",19901
78.49,764.053,-9.78,219.6,-269.58,3.99,-38.25,13.15,0.09,0.0363,-0.8146,11.94,44408.51,7.52,92.3,-1.247,-0,-0.9998,138.47,134.83,142.12,25,Cornering,"Hoosier 43075 16x7.5-10 R20, 7 inch rim",19902
78.48,764.063,-8.69,215.3,-267.8,4,-37.67,13.87,0.03,0.0324,-0.8039,11.92,160258.56,7.52,92.32,-1.208,-0,-1,138.42,134.83,142.02,25,Cornering,"Hoosier 43075 16x7.5-10 R20, 7 inch rim",19903
78.51,764.073,-8.05,212.14,-264.56,3.998,-37.38,14.89,-0.04,0.0304,-0.8019,11.94,-99551.95,7.52,92.33,-1.17,-0,-1.0001,138.21,134.85,141.91,24.98,Cornering,"Hoosier 43075 16x7.5-10 R20, 7 inch rim",19904
78.51,764.083,-8.65,208.92,-262.54,3.988,-36.42,15.61,0.03,0.0329,-0.7957,11.99,160075.98,7.52,92.33,-1.134,-0,-1,138.1,134.96,141.87,24.97,Cornering,"Hoosier 43075 16x7.5-10 R20, 7 inch rim",19905
78.48,764.093,-10.14,206.18,-261.1,3.991,-35.52,16.26,0.09,0.0388,-0.7897,12.08,44358.93,7.52,92.33,-1.087,-0,-0.9998,138.04,135,141.79,24.97,Cornering,"Hoosier 43075 16x7.5-10 R20, 7 inch rim",19906
78.5,764.103,-10.69,202.38,-260.16,4,-35.94,18.08,0.03,0.0411,-0.7779,12.11,160004.7,7.52,92.35,-1.057,-0,-1,138.06,135,141.75,24.96,Cornering,"Hoosier 43075 16x7.5-10 R20, 7 inch rim",19907
78.52,764.113,-11.5,198.54,-260.71,3.984,-35.59,19.33,-0.04,0.0441,-0.7615,12.08,-99417.03,7.53,92.32,-1.019,-0,-1.0001,138.06,134.89,141.81,24.94,Cornering,"Hoosier 43075 16x7.5-10 R20, 7 inch rim",19908
78.5,764.123,-12.25,193.95,-262.03,3.996,-35.55,20.31,-0.04,0.0467,-0.7402,12,-99418.02,7.53,92.31,-0.974,-0,-1.0001,137.97,134.85,141.77,24.94,Cornering,"Hoosier 43075 16x7.5-10 R20, 7 inch rim",19909
78.49,764.133,-12.86,188.83,-264.79,3.993,-35.76,20.53,0.03,0.0486,-0.7131,11.89,160046.34,7.53,92.29,-0.926,-0,-1,137.93,134.76,141.73,24.96,Cornering,"Hoosier 43075 16x7.5-10 R20, 7 inch rim",19910
78.5,764.143,-12.5,183.29,-268.1,3.994,-35.45,21.52,-0.04,0.0466,-0.6837,11.83,-99604.42,7.53,92.27,-0.892,-0,-1.0001,137.87,134.7,141.65,24.99,Cornering,"Hoosier 43075 16x7.5-10 R20, 7 inch rim",19911
78.52,764.153,-11.66,178.07,-269.14,3.99,-35.7,21.98,0.09,0.0433,-0.6616,11.81,44412.58,7.53,92.3,-0.853,-0,-0.9998,137.89,134.61,141.53,25,Cornering,"Hoosier 43075 16x7.5-10 R20, 7 inch rim",19912
78.49,764.163,-10.5,172.92,-268.77,3.996,-35.88,22.46,0.03,0.0391,-0.6434,11.84,160310.03,7.53,92.3,-0.8,-0,-1,137.8,134.65,141.43,25,Cornering,"Hoosier 43075 16x7.5-10 R20, 7 inch rim",19913
78.49,764.173,-9.45,168.14,-266.88,3.985,-35.5,22.66,0.16,0.0354,-0.63,11.92,25790.29,7.53,92.29,-0.753,-0,-0.9997,137.72,134.72,141.35,25.01,Cornering,"Hoosier 43075 16x7.5-10 R20, 7 inch rim",19914
78.52,764.183,-9.04,163.95,-264.33,3.987,-34.73,22.96,0.09,0.0342,-0.6202,12,44444.44,7.53,92.28,-0.709,-0,-0.9998,137.54,134.72,141.19,25.01,Cornering,"Hoosier 43075 16x7.5-10 R20, 7 inch rim",19915
78.5,764.193,-9.86,159.91,-261.88,3.985,-34.28,22.95,0.03,0.0377,-0.6106,11.99,160536.09,7.53,92.24,-0.659,-0,-1,137.44,134.7,141.07,25.04,Cornering,"Hoosier 43075 16x7.5-10 R20, 7 inch rim",19916
78.48,764.203,-11.18,156.39,-260.1,3.987,-33.21,23.46,0.03,0.043,-0.6013,11.93,160574.03,7.54,92.2,-0.613,-0,-1,137.35,134.85,140.99,25.04,Cornering,"Hoosier 43075 16x7.5-10 R20, 7 inch rim",19917
78.5,764.213,-12.96,151.94,-258.7,3.99,-33.62,23.85,0.03,0.0501,-0.5873,11.86,160574.81,7.54,92.17,-0.56,-0,-1,137.39,134.87,140.9,25.04,Cornering,"Hoosier 43075 16x7.5-10 R20, 7 inch rim",19918
78.51,764.223,-14,147.43,-258.8,4,-33.2,25.07,0.03,0.0541,-0.5697,11.83,160500.97,7.54,92.15,-0.521,-0,-1,137.37,134.85,140.86,25.03,Cornering,"Hoosier 43075 16x7.5-10 R20, 7 inch rim",19919
78.49,764.233,-14.8,142.25,-260.51,4.009,-32.59,25.94,0.03,0.0568,-0.546,11.84,160315.66,7.53,92.13,-0.471,-0,-1,137.37,134.81,140.84,25,Cornering,"Hoosier 43075 16x7.5-10 R20, 7 inch rim",19920
78.49,764.243,-15.38,136.45,-262.24,3.987,-33.52,26.29,0.03,0.0586,-0.5203,11.89,160278.67,7.54,92.15,-0.448,-0,-1,137.33,134.74,140.78,25,Cornering,"Hoosier 43075 16x7.5-10 R20, 7 inch rim",19921
78.51,764.253,-15.45,130.74,-265.46,3.998,-33.07,26.82,0.03,0.0582,-0.4925,11.98,160279.02,7.54,92.16,-0.397,-0,-1,137.33,134.67,140.76,25,Cornering,"Hoosier 43075 16x7.5-10 R20, 7 inch rim",19922
