AmbientRoomTemperature,ElapsedTime,LongitudinalForce,LateralForce,NormalForce,InclinationAngle,OverturningMoment,AligningTorque,WheelRotationalSpeed,NormalizedLongitudinalForce(FX/FZ),NormalizedLateralForce(FY/FZ),TirePressure,EffectiveRadius,LoadedRadius,RoadSurfaceTemperature,SlipAngle,SlipRatioTextbook,SlipRatioBasedOnRL,TireSurfaceTemperature-Center,TireSurfaceTemperature-Inboard,TireSurfaceTemperature-Outboard,RoadSpeed,testid,tireid,Index
78.42,684.355,-7.06,-8.97,-154.71,3.988,-20.25,28.8,0.03,0.0456,0.058,11.98,160269,7.78,91.58,0.434,-0,-1,122.68,122.35,122.86,25,Cornering,"Hoosier 43075 16x7.5-10 R20, 7 inch rim",16205
78.39,684.365,-6.06,-13.07,-153.86,3.996,-19.24,28,-0.04,0.0394,0.0849,12.03,-99625.41,7.78,91.59,0.495,-0,-1.0001,122.63,122.3,122.82,25,Cornering,"Hoosier 43075 16x7.5-10 R20, 7 inch rim",16206
78.4,684.375,-5.73,-17.36,-151.69,3.982,-19.29,27.29,-0.04,0.0378,0.1145,12.11,-99555.31,7.78,91.56,0.531,-0,-1.0001,122.5,122.35,122.78,24.98,Cornering,"Hoosier 43075 16x7.5-10 R20, 7 inch rim",16207
78.42,684.385,-6.25,-21.67,-150.02,3.987,-19.18,26.74,0.09,0.0417,0.1445,12.19,44369.41,7.78,91.55,0.567,-0,-0.9998,122.44,122.33,122.76,24.97,Cornering,"Hoosier 43075 16x7.5-10 R20, 7 inch rim",16208
78.4,684.395,-7.92,-25.76,-149.15,3.985,-18.3,26.21,0.09,0.0531,0.1727,12.21,44409.99,7.78,91.56,0.623,-0,-0.9998,122.44,122.37,122.74,25,Cornering,"Hoosier 43075 16x7.5-10 R20, 7 inch rim",16209
78.38,684.405,-9.63,-30.34,-148.35,3.991,-18.91,26.42,0.09,0.0649,0.2045,12.17,44419.84,7.78,91.55,0.661,-0,-0.9998,122.44,122.37,122.78,25,Cornering,"Hoosier 43075 16x7.5-10 R20, 7 inch rim",16210
78.41,684.415,-11.04,-34.65,-149.22,3.996,-18.29,27.22,0.03,0.074,0.2322,12.09,160369.98,7.78,91.55,0.707,-0,-1,122.46,122.44,122.84,25.01,Cornering,"Hoosier 43075 16x7.5-10 R20, 7 inch rim",16211
78.42,684.425,-12.36,-39.11,-150.45,4.003,-18.41,27.73,0.09,0.0822,0.2599,12.03,44449.81,7.78,91.57,0.736,-0,-0.9998,122.46,122.44,122.9,25.02,Cornering,"Hoosier 43075 16x7.5-10 R20, 7 inch rim",16212
78.39,684.435,-12.23,-43.66,-151.74,3.988,-19.61,28.68,0.09,0.0806,0.2877,11.97,44480.21,7.79,91.58,0.773,-0,-0.9998,122.44,122.44,122.88,25.04,Cornering,"Hoosier 43075 16x7.5-10 R20, 7 inch rim",16213
78.4,684.445,-11.33,-47.54,-154.29,3.988,-19.13,29.77,0.23,0.0734,0.3081,12,18186.27,7.78,91.56,0.812,-0,-0.9996,122.35,122.3,122.94,25.04,Cornering,"Hoosier 43075 16x7.5-10 R20, 7 inch rim",16214
78.42,684.455,-9.53,-51.22,-154.95,3.988,-19.42,30.64,0.09,0.0615,0.3306,12.06,44489.49,7.78,91.56,0.846,-0,-0.9998,122.35,122.35,122.92,25.04,Cornering,"Hoosier 43075 16x7.5-10 R20, 7 inch rim",16215
78.41,684.465,-7.54,-54.68,-155.16,4.007,-19.21,31.33,-0.11,0.0486,0.3524,12.14,-38067.73,7.78,91.57,0.893,-0,-1.0002,122.33,122.33,122.9,25.04,Cornering,"Hoosier 43075 16x7.5-10 R20, 7 inch rim",16216
78.38,684.475,-6,-58.32,-153.77,4,-19.67,31.19,0.09,0.039,0.3793,12.19,44467.59,7.78,91.58,0.934,-0,-0.9998,122.31,122.37,122.9,25.03,Cornering,"Hoosier 43075 16x7.5-10 R20, 7 inch rim",16217
78.4,684.485,-4.54,-61.05,-152.54,4.006,-18.67,31.61,0.09,0.0297,0.4002,12.14,44456.7,7.78,91.59,0.971,-0,-0.9998,122.27,122.39,122.86,25.03,Cornering,"Hoosier 43075 16x7.5-10 R20, 7 inch rim",16218
78.42,684.495,-3.44,-63.72,-150.93,3.984,-17.7,32.68,-0.04,0.0228,0.4222,12.06,-99656.86,7.79,91.59,0.999,-0,-1.0001,122.14,122.44,122.8,25.01,Cornering,"Hoosier 43075 16x7.5-10 R20, 7 inch rim",16219
78.39,684.505,-3.39,-66.69,-149.59,4.015,-18.16,33.96,0.16,0.0227,0.4458,11.96,25767.02,7.78,91.63,1.039,-0,-0.9997,122.08,122.41,122.82,24.99,Cornering,"Hoosier 43075 16x7.5-10 R20, 7 inch rim",16220
78.39,684.515,-3.64,-69.61,-149,3.987,-17.74,35.6,0.09,0.0244,0.4672,11.89,44383.05,7.78,91.65,1.065,-0,-0.9998,122.08,122.46,122.86,24.98,Cornering,"Hoosier 43075 16x7.5-10 R20, 7 inch rim",16221
78.42,684.525,-4.57,-73.51,-149.34,3.997,-17.87,37.01,0.03,0.0306,0.4922,11.91,160161.44,7.78,91.67,1.12,-0,-1,122.08,122.55,122.88,24.98,Cornering,"Hoosier 43075 16x7.5-10 R20, 7 inch rim",16222
78.41,684.535,-5.8,-77.35,-150.11,3.997,-18.1,37.81,-0.04,0.0386,0.5153,11.95,-99512.27,7.78,91.65,1.153,-0,-1.0001,122.05,122.59,122.9,24.97,Cornering,"Hoosier 43075 16x7.5-10 R20, 7 inch rim",16223
78.38,684.545,-6.71,-81.31,-151.33,3.994,-18.67,37.94,0.16,0.0443,0.5373,12.02,25735.38,7.78,91.64,1.207,-0,-0.9997,122.03,122.61,122.96,24.96,Cornering,"Hoosier 43075 16x7.5-10 R20, 7 inch rim",16224
78.4,684.555,-6.6,-85.4,-153.1,3.996,-19.06,38.12,0.03,0.0431,0.5578,12.06,159931.12,7.78,91.6,1.228,-0,-1,121.97,122.7,122.9,24.95,Cornering,"Hoosier 43075 16x7.5-10 R20, 7 inch rim",16225
78.42,684.565,-6.17,-88.84,-154.68,3.985,-18.17,37.63,0.09,0.0399,0.5744,12.03,44307.29,7.79,91.59,1.263,-0,-0.9998,121.97,122.61,122.9,24.94,Cornering,"Hoosier 43075 16x7.5-10 R20, 7 inch rim",16226
78.39,684.575,-5.18,-92.39,-155.07,3.987,-17.97,36.79,-0.04,0.0334,0.5958,11.98,-99389.55,7.79,91.58,1.317,-0,-1.0001,121.99,122.7,122.86,24.94,Cornering,"Hoosier 43075 16x7.5-10 R20, 7 inch rim",16227
78.38,684.585,-4.72,-95.56,-154.06,3.99,-18.11,35.09,0.03,0.0306,0.6203,11.91,159958.8,7.79,91.59,1.357,-0,-1,121.97,122.72,122.82,24.96,Cornering,"Hoosier 43075 16x7.5-10 R20, 7 inch rim",16228
78.4,684.595,-4.05,-98.45,-152.98,3.998,-17.74,33.99,0.09,0.0265,0.6435,11.86,44386.87,7.78,91.57,1.396,-0,-0.9998,121.99,122.74,122.78,24.99,Cornering,"Hoosier 43075 16x7.5-10 R20, 7 inch rim",16229
78.41,684.605,-4.01,-100.69,-151.33,3.987,-17.08,32.88,0.09,0.0265,0.6653,11.9,44396.34,7.79,91.54,1.433,-0,-0.9998,121.95,122.79,122.74,25,Cornering,"Hoosier 43075 16x7.5-10 R20, 7 inch rim",16230
78.38,684.615,-4.35,-103.2,-150.38,3.977,-16.44,32.82,0.09,0.0289,0.6862,11.97,44395.14,7.79,91.51,1.486,-0,-0.9998,121.86,122.74,122.74,25,Cornering,"Hoosier 43075 16x7.5-10 R20, 7 inch rim",16231
78.4,684.625,-5.21,-106.28,-149.58,4.003,-16.71,33.48,0.03,0.0348,0.7105,12.08,160056.72,7.78,91.5,1.525,-0,-1,121.9,122.77,122.76,24.97,Cornering,"Hoosier 43075 16x7.5-10 R20, 7 inch rim",16232
78.42,684.635,-6.44,-109.57,-149.34,4.006,-16.37,34.29,0.03,0.0431,0.7337,12.13,159979.72,7.78,91.48,1.556,-0,-1,121.95,122.77,122.78,24.96,Cornering,"Hoosier 43075 16x7.5-10 R20, 7 inch rim",16233
78.4,684.645,-7.87,-113.43,-149.73,4.004,-16.66,35.05,-0.04,0.0525,0.7576,12.14,-99421.35,7.78,91.5,1.601,-0,-1.0001,121.95,122.77,122.76,24.96,Cornering,"Hoosier 43075 16x7.5-10 R20, 7 inch rim",16234
78.38,684.655,-8.93,-117.65,-151.04,3.985,-17.09,35.3,0.03,0.0591,0.779,12.08,159972.89,7.79,91.52,1.634,-0,-1,121.95,122.72,122.8,24.96,Cornering,"Hoosier 43075 16x7.5-10 R20, 7 inch rim",16235
78.41,684.665,-8.67,-121.75,-152.97,3.993,-17.37,35.95,0.03,0.0567,0.7959,11.99,160116.64,7.79,91.52,1.687,-0,-1,121.95,122.72,122.82,24.98,Cornering,"Hoosier 43075 16x7.5-10 R20, 7 inch rim",16236
78.41,684.675,-8.09,-125.7,-154.91,4.001,-17.48,35.95,0.09,0.0522,0.8114,11.95,44410.4,7.78,91.54,1.704,-0,-0.9998,122.05,122.72,122.78,25.01,Cornering,"Hoosier 43075 16x7.5-10 R20, 7 inch rim",16237
78.39,684.685,-6.99,-129.33,-155.85,3.988,-17.31,35.61,0.03,0.0449,0.8298,11.96,160260.08,7.79,91.53,1.741,-0,-1,122.01,122.74,122.82,25.01,Cornering,"Hoosier 43075 16x7.5-10 R20, 7 inch rim",16238
78.39,684.695,-5.2,-132.35,-155.37,4.003,-17.89,35.39,0.03,0.0335,0.8518,12.02,160181.36,7.78,91.55,1.787,-0,-1,122.08,122.74,122.82,25,Cornering,"Hoosier 43075 16x7.5-10 R20, 7 inch rim",16239
78.41,684.705,-3.74,-134.59,-154.03,3.996,-17.71,35.13,0.09,0.0243,0.8737,12.12,44365.65,7.79,91.56,1.837,-0,-0.9998,122.08,122.72,122.78,24.98,Cornering,"Hoosier 43075 16x7.5-10 R20, 7 inch rim",16240
78.4,684.715,-2.45,-136.25,-152.31,3.997,-17.15,35.35,0.03,0.0161,0.8945,12.19,159950.23,7.79,91.56,1.87,-0,-1,121.95,122.61,122.8,24.96,Cornering,"Hoosier 43075 16x7.5-10 R20, 7 inch rim",16241
78.38,684.725,-1.93,-137.89,-150.61,3.994,-16.82,36.01,0.09,0.0128,0.9155,12.22,44302.04,7.79,91.56,1.903,-0,-0.9998,121.95,122.61,122.78,24.95,Cornering,"Hoosier 43075 16x7.5-10 R20, 7 inch rim",16242
78.41,684.735,-2.29,-139.7,-149.43,4.001,-16.27,36.92,0.03,0.0153,0.9349,12.17,159792.91,7.79,91.57,1.954,-0,-1,121.95,122.61,122.82,24.94,Cornering,"Hoosier 43075 16x7.5-10 R20, 7 inch rim",16243
78.42,684.745,-3.29,-142.28,-149.66,3.987,-15.18,38.12,0.23,0.022,0.9507,12.08,18091.56,7.79,91.56,1.99,-0,-0.9996,121.95,122.68,122.84,24.92,Cornering,"Hoosier 43075 16x7.5-10 R20, 7 inch rim",16244
78.38,684.755,-4.62,-146.02,-149.69,3.988,-15.5,38.91,0.03,0.0309,0.9754,11.97,159597.33,7.79,91.57,2.046,-0,-1,121.95,122.68,122.88,24.91,Cornering,"Hoosier 43075 16x7.5-10 R20, 7 inch rim",16245
78.39,684.765,-5.56,-150.51,-150.4,3.994,-16.65,39.48,0.03,0.037,1.0008,11.95,159594.16,7.79,91.61,2.075,-0,-1,121.99,122.66,122.9,24.91,Cornering,"Hoosier 43075 16x7.5-10 R20, 7 inch rim",16246
78.42,684.775,-6.23,-154.91,-152.37,4,-16.5,39.31,0.09,0.0409,1.0167,11.99,44233.25,7.79,91.68,2.136,-0,-0.9998,121.93,122.74,122.88,24.92,Cornering,"Hoosier 43075 16x7.5-10 R20, 7 inch rim",16247
78.41,684.785,-6.54,-158.83,-154.06,3.994,-16.47,38.34,0.03,0.0425,1.0309,12.06,159656.52,7.79,91.69,2.179,-0,-1,121.95,122.77,122.86,24.92,Cornering,"Hoosier 43075 16x7.5-10 R20, 7 inch rim",16248
78.38,684.795,-6,-162.51,-154.7,3.994,-16.61,37.3,0.09,0.0388,1.0505,12.13,44281.92,7.79,91.69,2.222,-0,-0.9998,121.95,122.79,122.9,24.94,Cornering,"Hoosier 43075 16x7.5-10 R20, 7 inch rim",16249
78.4,684.805,-5.04,-164.73,-154.28,4.004,-16.04,35.95,0.09,0.0327,1.0678,12.09,44219,7.79,91.66,2.258,-0,-0.9998,121.9,122.83,122.84,24.91,Cornering,"Hoosier 43075 16x7.5-10 R20, 7 inch rim",16250
78.42,684.815,-3.98,-166.31,-152.8,3.981,-15.79,34.7,0.03,0.026,1.0884,12.06,159567.88,7.79,91.57,2.299,-0,-1,121.88,122.88,122.8,24.91,Cornering,"Hoosier 43075 16x7.5-10 R20, 7 inch rim",16251
78.39,684.825,-3.09,-167.09,-150.25,3.984,-15.99,34.01,0.09,0.0206,1.1121,11.98,44226.72,7.79,91.53,2.334,-0,-0.9998,121.86,122.88,122.82,24.92,Cornering,"Hoosier 43075 16x7.5-10 R20, 7 inch rim",16252
78.39,684.835,-2.75,-167.42,-148.17,3.998,-15.37,33.74,0.03,0.0186,1.1299,11.92,159781.22,7.79,91.49,2.375,-0,-1,121.77,122.85,122.82,24.94,Cornering,"Hoosier 43075 16x7.5-10 R20, 7 inch rim",16253
78.41,684.845,-3.83,-168.56,-147.17,3.998,-14.37,33.43,0.03,0.026,1.1454,11.94,159887.5,7.79,91.49,2.415,-0,-1,121.73,122.9,122.86,24.96,Cornering,"Hoosier 43075 16x7.5-10 R20, 7 inch rim",16254
78.41,684.855,-5.32,-170.8,-146.21,4,-14.4,33.75,0.03,0.0364,1.1682,11.99,159956.94,7.79,91.48,2.453,-0,-1,121.8,123.01,122.9,24.97,Cornering,"Hoosier 43075 16x7.5-10 R20, 7 inch rim",16255
78.38,684.865,-6.84,-173.75,-146.11,3.994,-14.54,34.45,0.03,0.0468,1.1892,12.08,159878.19,7.79,91.44,2.487,-0,-1,121.8,123.05,122.94,24.96,Cornering,"Hoosier 43075 16x7.5-10 R20, 7 inch rim",16256
78.4,684.875,-7.73,-177.69,-147.64,3.991,-13.98,35.4,-0.04,0.0524,1.2036,12.14,-99380.79,7.79,91.44,2.523,-0,-1.0001,121.84,123.03,123.02,24.96,Cornering,"Hoosier 43075 16x7.5-10 R20, 7 inch rim",16257
78.42,684.885,-8.32,-181.93,-148.27,4.015,-15.25,35.91,0.09,0.0561,1.227,12.17,44270.3,7.79,91.46,2.553,-0,-0.9998,121.82,123.03,123.1,24.94,Cornering,"Hoosier 43075 16x7.5-10 R20, 7 inch rim",16258
78.39,684.895,-7.97,-185.63,-150.19,3.996,-14.62,36.19,0.03,0.053,1.2359,12.11,159790.5,7.79,91.48,2.587,-0,-1,121.84,123.07,123.12,24.95,Cornering,"Hoosier 43075 16x7.5-10 R20, 7 inch rim",16259
78.38,684.905,-7.25,-189,-150.62,3.985,-15.47,35.74,0.03,0.0481,1.2548,12.03,159934.06,7.79,91.49,2.623,-0,-1,121.88,123.1,123.14,24.97,Cornering,"Hoosier 43075 16x7.5-10 R20, 7 inch rim",16260
78.41,684.915,-5.11,-190.92,-150.35,4,-15.28,36.21,0.16,0.034,1.2698,11.96,25758.55,7.79,91.49,2.665,-0,-0.9997,121.9,123.05,123.2,25.01,Cornering,"Hoosier 43075 16x7.5-10 R20, 7 inch rim",16261
78.41,684.925,-2.48,-192.04,-149.14,3.99,-14.98,36.91,0.09,0.0166,1.2877,11.97,44408.53,7.79,91.49,2.703,-0,-0.9998,121.93,123.18,123.24,25.03,Cornering,"Hoosier 43075 16x7.5-10 R20, 7 inch rim",16262
78.38,684.935,-0.49,-192.48,-147.61,3.998,-15.11,37.41,0.09,0.0033,1.3039,12.04,44417.33,7.79,91.52,2.741,-0,-0.9998,121.9,123.18,123.26,25.03,Cornering,"Hoosier 43075 16x7.5-10 R20, 7 inch rim",16263
78.39,684.945,0.52,-191.67,-145.56,4.001,-13.99,37.75,0.09,-0.0036,1.3168,12.11,44405.78,7.79,91.53,2.772,-0,-0.9998,121.86,123.14,123.28,25.03,Cornering,"Hoosier 43075 16x7.5-10 R20, 7 inch rim",16264
78.42,684.955,0.55,-192.18,-144.07,3.984,-13.96,38.23,0.03,-0.0038,1.3339,12.17,160203.52,7.79,91.55,2.815,-0,-1,121.84,123.14,123.3,25.02,Cornering,"Hoosier 43075 16x7.5-10 R20, 7 inch rim",16265
78.4,684.965,-0.61,-193.36,-143.33,4,-13.16,38.77,0.03,0.0043,1.349,12.17,160049.08,7.79,91.53,2.855,-0,-1,121.86,123.21,123.42,25,Cornering,"Hoosier 43075 16x7.5-10 R20, 7 inch rim",16266
78.38,684.975,-1.7,-195.79,-143.47,3.987,-12.4,39.64,0.03,0.0119,1.3647,12.11,159970.55,7.79,91.51,2.884,-0,-1,121.93,123.21,123.44,24.98,Cornering,"Hoosier 43075 16x7.5-10 R20, 7 inch rim",16267
78.4,684.985,-2.96,-199.69,-143.49,3.985,-13.6,40.22,0.09,0.0206,1.3917,12.06,44326.52,7.79,91.53,2.947,-0,-0.9998,122.01,123.16,123.49,24.98,Cornering,"Hoosier 43075 16x7.5-10 R20, 7 inch rim",16268
78.42,684.995,-3.65,-203.82,-144.87,3.99,-14.07,40.63,0.03,0.0252,1.4069,12,159880.7,7.79,91.54,2.985,-0,-1,122.01,123.21,123.53,24.97,Cornering,"Hoosier 43075 16x7.5-10 R20, 7 inch rim",16269
78.38,685.005,-3.94,-207.94,-146.1,3.991,-14.68,40.2,0.09,0.027,1.4233,12.02,44302.61,7.79,91.56,3.024,-0,-0.9998,121.95,123.25,123.59,24.97,Cornering,"Hoosier 43075 16x7.5-10 R20, 7 inch rim",16270
78.39,685.015,-4.33,-211.33,-147.02,4,-14.89,38.64,0.16,0.0295,1.4375,12.08,25706.96,7.79,91.57,3.07,-0,-0.9997,121.9,123.21,123.61,24.97,Cornering,"Hoosier 43075 16x7.5-10 R20, 7 inch rim",16271
78.42,685.025,-4.2,-213.6,-146.87,3.977,-15.12,36.57,-0.04,0.0286,1.4543,12.16,-99348.48,7.79,91.6,3.124,-0,-1.0001,121.88,123.25,123.61,24.97,Cornering,"Hoosier 43075 16x7.5-10 R20, 7 inch rim",16272
78.4,685.035,-4,-214.28,-146.43,3.993,-14.16,34.11,0.03,0.0273,1.4634,12.22,159775.89,7.79,91.65,3.176,-0,-1,121.82,123.27,123.65,24.96,Cornering,"Hoosier 43075 16x7.5-10 R20, 7 inch rim",16273
78.38,685.045,-3.1,-214.34,-144.82,3.981,-13.86,32.73,0.09,0.0214,1.4801,12.23,44273.6,7.79,91.71,3.212,-0,-0.9998,121.77,123.29,123.69,24.96,Cornering,"Hoosier 43075 16x7.5-10 R20, 7 inch rim",16274
78.41,685.055,-2.67,-213.52,-143.03,3.987,-12.95,31.83,0.09,0.0187,1.4929,12.17,44271.73,7.79,91.75,3.252,-0,-0.9998,121.73,123.34,123.67,24.96,Cornering,"Hoosier 43075 16x7.5-10 R20, 7 inch rim",16275
78.42,685.065,-3.01,-213.17,-141.42,3.991,-12.35,31.37,0.23,0.0213,1.5073,12.08,18100.51,7.79,91.79,3.29,-0,-0.9996,121.65,123.32,123.67,24.96,Cornering,"Hoosier 43075 16x7.5-10 R20, 7 inch rim",16276
78.39,685.075,-4.43,-214.14,-140.21,3.979,-12.16,30.83,0.09,0.0316,1.5273,12,44277.73,7.79,91.79,3.342,-0,-0.9998,121.65,123.32,123.77,24.97,Cornering,"Hoosier 43075 16x7.5-10 R20, 7 inch rim",16277
78.39,685.085,-6.27,-216.7,-140.1,4,-12.43,31.02,0.16,0.0447,1.5468,11.97,25716.92,7.79,91.77,3.365,-0,-0.9997,121.67,123.43,123.89,24.98,Cornering,"Hoosier 43075 16x7.5-10 R20, 7 inch rim",16278
78.41,685.095,-7.22,-220.18,-140.81,3.982,-12.42,31.82,0.09,0.0513,1.5637,12,44294.61,7.79,91.72,3.418,-0,-0.9998,121.69,123.38,123.95,24.98,Cornering,"Hoosier 43075 16x7.5-10 R20, 7 inch rim",16279
78.41,685.105,-7.89,-224.19,-141.87,3.99,-13.04,32.77,0.09,0.0556,1.5803,12.08,44282.49,7.79,91.72,3.455,-0,-0.9998,121.82,123.43,124.05,24.97,Cornering,"Hoosier 43075 16x7.5-10 R20, 7 inch rim",16280
78.38,685.115,-7.98,-228.14,-143.08,3.985,-13.61,33.19,0.09,0.0557,1.5945,12.15,44259.72,7.79,91.72,3.499,-0,-0.9998,121.86,123.45,124.09,24.96,Cornering,"Hoosier 43075 16x7.5-10 R20, 7 inch rim",16281
78.4,685.125,-6.91,-231.19,-144.1,3.987,-13.4,33.78,0.09,0.0479,1.6044,12.17,44227.59,7.79,91.71,3.525,-0,-0.9998,121.9,123.43,124.09,24.94,Cornering,"Hoosier 43075 16x7.5-10 R20, 7 inch rim",16282
78.42,685.135,-5.83,-232.91,-143.79,3.982,-13.97,33.43,0.03,0.0406,1.6198,12.15,159596.58,7.79,91.7,3.565,-0,-1,121.95,123.54,124.11,24.94,Cornering,"Hoosier 43075 16x7.5-10 R20, 7 inch rim",16283
78.4,685.145,-4.09,-233.15,-143.01,3.997,-13.77,33.47,0.03,0.0286,1.6303,12.06,159739.62,7.79,91.7,3.594,-0,-1,121.99,123.51,124.17,24.97,Cornering,"Hoosier 43075 16x7.5-10 R20, 7 inch rim",16284
78.39,685.155,-2.19,-232.55,-142.08,3.985,-13.55,33.56,0.03,0.0154,1.6368,11.98,159809.25,7.79,91.7,3.618,-0,-1,122.03,123.51,124.21,24.98,Cornering,"Hoosier 43075 16x7.5-10 R20, 7 inch rim",16285
78.41,685.165,-0.14,-231.3,-140.37,3.998,-13.39,34.67,0.03,0.001,1.6477,11.92,159948.69,7.79,91.72,3.665,-0,-1,122.14,123.54,124.23,25,Cornering,"Hoosier 43075 16x7.5-10 R20, 7 inch rim",16286
78.4,685.175,1.19,-230.5,-140.1,3.993,-11.75,36.09,0.16,-0.0085,1.6453,11.92,25712.95,7.79,91.71,3.703,-0,-0.9997,122.12,123.58,124.21,24.99,Cornering,"Hoosier 43075 16x7.5-10 R20, 7 inch rim",16287
78.38,685.185,1.02,-230.75,-138.87,3.997,-11.64,36.91,0.16,-0.0073,1.6616,12,25705.79,7.79,91.7,3.741,-0,-0.9997,122.12,123.6,124.31,24.98,Cornering,"Hoosier 43075 16x7.5-10 R20, 7 inch rim",16288
78.4,685.195,-0.24,-232.18,-138.37,3.997,-11.4,37.68,0.09,0.0018,1.678,12.08,44244.34,7.79,91.72,3.794,-0,-0.9998,122.12,123.6,124.37,24.96,Cornering,"Hoosier 43075 16x7.5-10 R20, 7 inch rim",16289
78.42,685.205,-1.76,-235.42,-138.78,3.994,-11.44,38.07,0.03,0.0127,1.6963,12.1,159547.5,7.79,91.72,3.823,-0,-1,122.27,123.65,124.46,24.94,Cornering,"Hoosier 43075 16x7.5-10 R20, 7 inch rim",16290
78.4,685.215,-2.77,-239.1,-138.92,3.978,-12.37,38.77,0.16,0.02,1.7211,12.08,25672.05,7.79,91.72,3.866,-0,-0.9997,122.38,123.58,124.54,24.96,Cornering,"Hoosier 43075 16x7.5-10 R20, 7 inch rim",16291
78.38,685.225,-3.27,-242.65,-140.04,3.991,-12.79,38.93,0.09,0.0234,1.7327,12.01,44218.06,7.79,91.69,3.899,-0,-0.9998,122.42,123.56,124.58,24.95,Cornering,"Hoosier 43075 16x7.5-10 R20, 7 inch rim",16292
78.42,685.235,-3.25,-246.08,-142.04,3.987,-12.12,38.45,0.16,0.0229,1.7325,11.95,25657.58,7.79,91.69,3.945,-0,-0.9997,122.48,123.6,124.58,24.94,Cornering,"Hoosier 43075 16x7.5-10 R20, 7 inch rim",16293
78.42,685.245,-2.99,-248.7,-142.39,3.985,-12.83,36.98,-0.11,0.021,1.7466,11.91,-37814.44,7.79,91.69,3.983,-0,-1.0002,122.55,123.6,124.6,24.94,Cornering,"Hoosier 43075 16x7.5-10 R20, 7 inch rim",16294
78.38,685.255,-2.31,-249.63,-142.82,3.997,-12.42,35.45,0.09,0.0162,1.7478,11.94,44190.75,7.78,91.69,4.019,-0,-0.9998,122.59,123.6,124.64,24.94,Cornering,"Hoosier 43075 16x7.5-10 R20, 7 inch rim",16295
78.4,685.265,-1.99,-248.87,-142.45,3.998,-11.79,33.35,0.09,0.0139,1.7471,12.01,44208.24,7.78,91.71,4.072,-0,-0.9998,122.57,123.65,124.68,24.95,Cornering,"Hoosier 43075 16x7.5-10 R20, 7 inch rim",16296
78.42,685.275,-1.89,-247.97,-141.41,3.991,-11.64,31.6,0.09,0.0134,1.7536,12.09,44226.53,7.78,91.68,4.111,-0,-0.9998,122.59,123.71,124.7,24.96,Cornering,"Hoosier 43075 16x7.5-10 R20, 7 inch rim",16297
78.4,685.285,-1.72,-247.13,-139.77,3.984,-12.35,30.76,0.09,0.0123,1.7681,12.16,44213.82,7.78,91.69,4.152,-0,-0.9998,122.59,123.71,124.78,24.96,Cornering,"Hoosier 43075 16x7.5-10 R20, 7 inch rim",16298
78.38,685.295,-2.32,-247.51,-138.87,3.991,-11.91,30.78,0.03,0.0167,1.7824,12.14,159546.28,7.78,91.7,4.19,-0,-1,122.59,123.67,124.78,24.96,Cornering,"Hoosier 43075 16x7.5-10 R20, 7 inch rim",16299
78.4,685.305,-3.41,-248.96,-138.17,3.991,-11.69,31.37,0.16,0.0247,1.8018,12.08,25665.51,7.78,91.69,4.24,-0,-0.9997,122.65,123.76,124.92,24.96,Cornering,"Hoosier 43075 16x7.5-10 R20, 7 inch rim",16300
78.42,685.315,-4.41,-251.92,-137.92,3.988,-11.96,32.61,0.16,0.032,1.8266,12,25663.96,7.78,91.65,4.284,-0,-0.9997,122.74,123.82,124.96,24.96,Cornering,"Hoosier 43075 16x7.5-10 R20, 7 inch rim",16301
78.38,685.325,-5.81,-255.32,-138.54,3.993,-12.01,33.27,0.23,0.0419,1.8429,11.97,18094.63,7.78,91.62,4.313,-0,-0.9996,122.85,123.78,124.86,24.98,Cornering,"Hoosier 43075 16x7.5-10 R20, 7 inch rim",16302
78.4,685.335,-6.25,-259.47,-139.92,4.001,-12.38,34.18,0.16,0.0447,1.8544,12,25709.03,7.78,91.59,4.357,-0,-0.9997,122.95,123.76,124.72,25.01,Cornering,"Hoosier 43075 16x7.5-10 R20, 7 inch rim",16303
78.42,685.345,-6.14,-263.41,-141.97,4.01,-12.1,34.38,0.09,0.0433,1.8553,12.07,44312.09,7.77,91.6,4.394,-0,-0.9998,123.02,123.65,124.6,25.02,Cornering,"Hoosier 43075 16x7.5-10 R20, 7 inch rim",16304
78.41,685.355,-5.25,-266.51,-143.14,3.985,-12.12,34.23,0.16,0.0367,1.8619,12.14,25700.58,7.78,91.63,4.426,-0,-0.9997,123.11,123.71,124.43,25,Cornering,"Hoosier 43075 16x7.5-10 R20, 7 inch rim",16305
78.38,685.365,-3.24,-268.17,-144.01,3.987,-11.77,34.41,0.09,0.0225,1.8622,12.17,44235.19,7.77,91.68,4.474,-0,-0.9998,123.13,123.71,124.27,24.98,Cornering,"Hoosier 43075 16x7.5-10 R20, 7 inch rim",16306
78.4,685.375,-1.92,-268.2,-143.23,3.981,-12.56,33.55,0.09,0.0134,1.8726,12.12,44191.49,7.78,91.73,4.516,-0,-0.9998,123.15,123.73,124.11,24.96,Cornering,"Hoosier 43075 16x7.5-10 R20, 7 inch rim",16307
78.41,685.385,-0.1,-266.69,-142.59,3.984,-11.92,33.55,0.09,0.0007,1.8703,12.06,44219.99,7.77,91.78,4.552,-0,-0.9998,123.17,123.76,124.01,24.97,Cornering,"Hoosier 43075 16x7.5-10 R20, 7 inch rim",16308
78.39,685.395,0.31,-265.56,-141.37,3.997,-12.21,32.95,0.09,-0.0022,1.8785,11.99,44268.52,7.77,91.85,4.595,-0,-0.9998,123.15,123.8,123.95,25,Cornering,"Hoosier 43075 16x7.5-10 R20, 7 inch rim",16309
78.39,685.405,-0.16,-264.91,-139.54,3.998,-12.13,32.56,0.16,0.0011,1.8984,11.96,25716.46,7.77,91.86,4.639,-0,-0.9997,123.23,123.78,123.91,25.03,Cornering,"Hoosier 43075 16x7.5-10 R20, 7 inch rim",16310
78.42,685.415,-1,-265.7,-138.65,3.987,-11.66,32.96,0.03,0.0072,1.9163,12,159952.78,7.77,91.88,4.684,-0,-1,123.28,123.82,123.93,25.04,Cornering,"Hoosier 43075 16x7.5-10 R20, 7 inch rim",16311
78.41,685.425,-2.47,-267.81,-137.8,3.996,-11.89,33.51,0.09,0.0179,1.9434,12.1,44301.07,7.77,91.85,4.724,-0,-0.9998,123.36,123.89,124.13,25.03,Cornering,"Hoosier 43075 16x7.5-10 R20, 7 inch rim",16312
78.38,685.435,-3.62,-271.14,-139.02,3.994,-11.21,34.32,0.16,0.026,1.9504,12.18,25687.77,7.77,91.83,4.765,-0,-0.9997,123.49,123.95,124.31,25,Cornering,"Hoosier 43075 16x7.5-10 R20, 7 inch rim",16313
78.4,685.445,-4.63,-274.75,-140.32,3.981,-11.28,34.71,0.09,0.033,1.9581,12.22,44223.57,7.77,91.81,4.808,-0,-0.9998,123.6,123.89,124.5,24.98,Cornering,"Hoosier 43075 16x7.5-10 R20, 7 inch rim",16314
78.42,685.455,-5.23,-278.87,-142.4,3.998,-11.06,34.37,0.09,0.0367,1.9584,12.19,44220.93,7.77,91.79,4.847,-0,-0.9998,123.6,123.91,124.72,24.98,Cornering,"Hoosier 43075 16x7.5-10 R20, 7 inch rim",16315
78.4,685.465,-4.98,-282.62,-144.48,3.996,-10.92,33.83,0.16,0.0345,1.9561,12.13,25647.18,7.77,91.78,4.888,-0,-0.9997,123.6,123.95,124.94,24.97,Cornering,"Hoosier 43075 16x7.5-10 R20, 7 inch rim",16316
78.39,685.475,-4.37,-284.63,-144.78,3.997,-11.76,32.76,0.09,0.0302,1.966,12.03,44173.98,7.77,91.79,4.933,-0,-0.9998,123.66,124,125.14,24.96,Cornering,"Hoosier 43075 16x7.5-10 R20, 7 inch rim",16317
78.41,685.485,-2.8,-284.76,-144.74,3.993,-11.59,32.07,0.16,0.0193,1.9674,12,25644.3,7.77,91.75,4.96,-0,-0.9997,123.71,123.98,125.26,24.97,Cornering,"Hoosier 43075 16x7.5-10 R20, 7 inch rim",16318
78.41,685.495,-1.84,-283.83,-144.17,3.982,-11.85,31,0.16,0.0127,1.9688,12.01,25642.43,7.77,91.72,5.006,-0,-0.9997,123.77,124.04,125.47,24.97,Cornering,"Hoosier 43075 16x7.5-10 R20, 7 inch rim",16319
78.38,685.505,-1.11,-282.33,-143.24,3.982,-11.75,30.33,0.09,0.0077,1.971,12.08,44145.93,7.77,91.72,5.04,-0,-0.9998,123.73,124.15,125.61,24.95,Cornering,"Hoosier 43075 16x7.5-10 R20, 7 inch rim",16320
78.39,685.515,-0.89,-281.41,-141.36,3.997,-11.81,30.31,0.09,0.0063,1.9908,12.17,44142.05,7.76,91.71,5.094,-0,-0.9998,123.75,124.2,125.75,24.95,Cornering,"Hoosier 43075 16x7.5-10 R20, 7 inch rim",16321
78.42,685.525,-1.5,-281.33,-140.09,3.997,-11.34,30.61,0.03,0.0107,2.0082,12.25,159211.94,7.76,91.7,5.13,-0,-1,123.77,124.17,125.83,24.94,Cornering,"Hoosier 43075 16x7.5-10 R20, 7 inch rim",16322
78.4,685.535,-2.57,-282.41,-139.62,3.985,-10.34,31.38,0.09,0.0184,2.0227,12.25,44116.9,7.76,91.72,5.159,-0,-0.9998,123.92,124.2,125.99,24.94,Cornering,"Hoosier 43075 16x7.5-10 R20, 7 inch rim",16323
78.38,685.545,-3.54,-284.92,-139.77,3.994,-10.18,32.57,0.09,0.0253,2.0385,12.2,44123.19,7.76,91.74,5.213,-0,-0.9998,124.07,124.26,126.13,24.94,Cornering,"Hoosier 43075 16x7.5-10 R20, 7 inch rim",16324
78.41,685.555,-4.34,-288.58,-141.13,3.997,-10.32,33.56,0.03,0.0307,2.0448,12.11,159293.58,7.76,91.73,5.242,-0,-1,124.24,124.22,126.27,24.96,Cornering,"Hoosier 43075 16x7.5-10 R20, 7 inch rim",16325
78.41,685.565,-4.84,-292.71,-142.43,3.998,-11.24,34.02,0.09,0.034,2.055,12.04,44127.21,7.76,91.72,5.298,-0,-0.9998,124.26,124.13,126.35,24.95,Cornering,"Hoosier 43075 16x7.5-10 R20, 7 inch rim",16326
78.39,685.575,-4.73,-296.73,-144.7,3.99,-11.38,33.86,0.09,0.0327,2.0507,12.04,44136.61,7.76,91.73,5.309,-0,-0.9998,124.33,124.11,126.44,24.96,Cornering,"Hoosier 43075 16x7.5-10 R20, 7 inch rim",16327
78.4,685.585,-3.5,-299.34,-145.74,4,-11.51,34,0.09,0.024,2.0539,12.06,44112.46,7.76,91.73,5.358,-0,-0.9998,124.31,124.17,126.6,24.94,Cornering,"Hoosier 43075 16x7.5-10 R20, 7 inch rim",16328
78.42,685.595,-2.73,-299.85,-146.58,3.985,-10.71,32.67,0.03,0.0186,2.0456,12.14,159212.97,7.76,91.73,5.404,-0,-1,124.41,124.15,126.68,24.95,Cornering,"Hoosier 43075 16x7.5-10 R20, 7 inch rim",16329
78.4,685.605,-1.15,-298.72,-145.16,3.99,-11.81,32.21,0.03,0.0079,2.0579,12.18,159169.7,7.76,91.73,5.427,-0,-1,124.46,124.17,126.78,24.94,Cornering,"Hoosier 43075 16x7.5-10 R20, 7 inch rim",16330
78.38,685.615,-0.4,-296.57,-144.4,3.987,-11.22,31.43,0.16,0.0028,2.0538,12.17,25627.99,7.76,91.72,5.482,-0,-0.9997,124.5,124.2,126.88,24.97,Cornering,"Hoosier 43075 16x7.5-10 R20, 7 inch rim",16331
78.41,685.625,0.09,-294.72,-142.31,3.998,-11.41,31.14,0.09,-0.0007,2.071,12.13,44130.65,7.76,91.75,5.523,-0,-0.9998,124.48,124.22,126.92,24.96,Cornering,"Hoosier 43075 16x7.5-10 R20, 7 inch rim",16332
78.42,685.635,-0.41,-294.18,-140.96,3.997,-11.08,30.83,0.03,0.0029,2.0869,12.05,159353.39,7.76,91.76,5.564,-0,-1,124.61,124.24,127,24.98,Cornering,"Hoosier 43075 16x7.5-10 R20, 7 inch rim",16333
78.39,685.645,-1.35,-294.5,-140.67,4,-9.28,31.27,0.03,0.0096,2.0936,11.96,159304.69,7.76,91.73,5.606,-0,-1,124.63,124.28,127.1,24.97,Cornering,"Hoosier 43075 16x7.5-10 R20, 7 inch rim",16334
78.39,685.655,-2.82,-296.74,-139.55,3.994,-10.38,31.75,0.16,0.0202,2.1265,11.95,25638.63,7.76,91.72,5.641,-0,-0.9997,124.78,124.35,127.24,24.99,Cornering,"Hoosier 43075 16x7.5-10 R20, 7 inch rim",16335
78.42,685.665,-3.84,-299.96,-141.08,4.009,-9.78,32.54,0.09,0.0272,2.1262,11.98,44159.16,7.75,91.72,5.682,-0,-0.9998,124.86,124.33,127.39,24.98,Cornering,"Hoosier 43075 16x7.5-10 R20, 7 inch rim",16336
78.41,685.675,-4.58,-304.16,-142.75,3.993,-10.28,32.77,0.03,0.0321,2.1307,12.08,159231.19,7.75,91.69,5.733,-0,-1,124.93,124.28,127.45,24.97,Cornering,"Hoosier 43075 16x7.5-10 R20, 7 inch rim",16337
78.38,685.685,-4.85,-307.46,-144.64,3.993,-9.86,32.56,0.03,0.0336,2.1256,12.13,159183.83,7.75,91.66,5.769,-0,-1,125.01,124.24,127.51,24.96,Cornering,"Hoosier 43075 16x7.5-10 R20, 7 inch rim",16338
78.4,685.695,-4.77,-310.67,-145.59,3.994,-11.01,31.58,0.03,0.0327,2.1339,12.14,159064.58,7.75,91.61,5.797,-0,-1,125.04,124.26,127.63,24.94,Cornering,"Hoosier 43075 16x7.5-10 R20, 7 inch rim",16339
78.42,685.705,-3.29,-311.72,-146.08,3.991,-11.21,31.19,0.03,0.0225,2.134,12.11,159015.45,7.75,91.59,5.839,-0,-1,125.1,124.26,127.71,24.94,Cornering,"Hoosier 43075 16x7.5-10 R20, 7 inch rim",16340
78.39,685.715,-1.86,-310.76,-145.9,3.982,-10.73,30.56,0.16,0.0128,2.1299,12.03,25568.06,7.75,91.58,5.879,-0,-0.9997,125.08,124.33,127.79,24.93,Cornering,"Hoosier 43075 16x7.5-10 R20, 7 inch rim",16341
78.39,685.725,-1,-309.16,-144.81,3.996,-11.09,29.53,0.09,0.0069,2.135,11.95,44037.22,7.75,91.57,5.922,-0,-0.9998,125.16,124.33,127.85,24.93,Cornering,"Hoosier 43075 16x7.5-10 R20, 7 inch rim",16342
78.41,685.735,-0.54,-306.89,-143.27,3.985,-10.48,28.98,0.09,0.0038,2.1421,11.92,44014.25,7.75,91.59,5.952,-0,-0.9998,125.19,124.37,127.95,24.92,Cornering,"Hoosier 43075 16x7.5-10 R20, 7 inch rim",16343
78.41,685.745,-0.49,-305.74,-141.96,3.991,-9.84,29.1,0.03,0.0034,2.1536,11.95,158856.77,7.75,91.6,5.999,-0,-1,125.25,124.42,127.99,24.92,Cornering,"Hoosier 43075 16x7.5-10 R20, 7 inch rim",16344
78.38,685.755,-1.22,-305.84,-140.51,3.994,-9.42,29.49,0.16,0.0087,2.1767,12.01,25536.69,7.75,91.58,6.037,-0,-0.9997,125.29,124.5,128.11,24.91,Cornering,"Hoosier 43075 16x7.5-10 R20, 7 inch rim",16345
78.4,685.765,-2.54,-307.06,-140.4,3.987,-8.45,30.1,0.16,0.0181,2.187,12.07,25552.41,7.75,91.58,6.08,-0,-0.9997,125.47,124.61,128.25,24.93,Cornering,"Hoosier 43075 16x7.5-10 R20, 7 inch rim",16346
78.42,685.775,-3.88,-309.89,-140.68,3.998,-8.95,30.89,0.03,0.0276,2.2028,12.07,158931.36,7.75,91.58,6.118,-0,-1,125.59,124.64,128.48,24.94,Cornering,"Hoosier 43075 16x7.5-10 R20, 7 inch rim",16347
78.4,685.785,-4.58,-313.37,-141.74,3.99,-9.49,31.57,0.16,0.0323,2.2109,12.06,25565.83,7.75,91.56,6.168,-0,-0.9997,125.7,124.66,128.56,24.94,Cornering,"Hoosier 43075 16x7.5-10 R20, 7 inch rim",16348
78.39,685.795,-4.7,-317.33,-143.8,4.003,-9.95,32.14,0.16,0.0327,2.2068,11.97,25564.76,7.75,91.55,6.19,-0,-0.9997,125.79,124.57,128.66,24.94,Cornering,"Hoosier 43075 16x7.5-10 R20, 7 inch rim",16349
78.41,685.805,-4.53,-320.76,-144.89,3.975,-10.92,31.7,0.09,0.0313,2.2137,11.89,44041.21,7.75,91.57,6.237,-0,-0.9998,125.89,124.55,128.8,24.94,Cornering,"Hoosier 43075 16x7.5-10 R20, 7 inch rim",16350
78.41,685.815,-3.58,-322.61,-145.72,3.987,-11.24,31.15,0.16,0.0246,2.2139,11.86,25566.37,7.75,91.6,6.276,-0,-0.9997,125.98,124.61,128.92,24.95,Cornering,"Hoosier 43075 16x7.5-10 R20, 7 inch rim",16351
78.38,685.825,-2.05,-322.28,-146.31,3.996,-10.64,30.6,0.09,0.014,2.2027,11.89,44044.05,7.74,91.63,6.322,-0,-0.9998,126.07,124.59,129,24.95,Cornering,"Hoosier 43075 16x7.5-10 R20, 7 inch rim",16352
78.39,685.835,-0.85,-320.15,-145.47,3.997,-10.42,29.72,0.03,0.0059,2.2008,11.97,159038.66,7.74,91.66,6.364,-0,-1,126.13,124.59,129.06,24.97,Cornering,"Hoosier 43075 16x7.5-10 R20, 7 inch rim",16353
78.42,685.845,0.01,-317.31,-143.82,4,-10.36,29.18,0.03,-0.0001,2.2063,12.03,159024.86,7.74,91.65,6.407,-0,-1,126.17,124.68,129.12,24.97,Cornering,"Hoosier 43075 16x7.5-10 R20, 7 inch rim",16354
78.39,685.855,0.13,-315.18,-142.32,3.988,-9.33,28.73,0.09,-0.0009,2.2146,12.04,44044.11,7.75,91.66,6.436,-0,-0.9998,126.19,124.72,129.22,24.96,Cornering,"Hoosier 43075 16x7.5-10 R20, 7 inch rim",16355
78.38,685.865,-0.41,-314.83,-140.5,3.987,-9.53,28.82,0.03,0.0029,2.2408,12.01,158892.78,7.74,91.66,6.473,-0,-1,126.26,124.79,129.31,24.95,Cornering,"Hoosier 43075 16x7.5-10 R20, 7 inch rim",16356
78.41,685.875,-1.67,-315.67,-139.79,3.993,-8.78,29.28,0.16,0.0119,2.2581,11.96,25553.47,7.74,91.67,6.525,-0,-0.9997,126.43,124.81,129.41,24.95,Cornering,"Hoosier 43075 16x7.5-10 R20, 7 inch rim",16357
78.41,685.885,-3.01,-318.25,-140.33,3.985,-8.18,30.02,0.16,0.0214,2.2679,11.9,25569.47,7.75,91.69,6.559,-0,-0.9997,126.62,124.92,129.53,24.97,Cornering,"Hoosier 43075 16x7.5-10 R20, 7 inch rim",16358
78.38,685.895,-4.19,-321.63,-141.01,3.982,-9.34,30.6,0.09,0.0297,2.281,11.89,44080.55,7.74,91.69,6.598,-0,-0.9998,126.84,124.97,129.61,24.98,Cornering,"Hoosier 43075 16x7.5-10 R20, 7 inch rim",16359
78.39,685.905,-4.75,-325.72,-143.21,3.991,-9.82,30.95,0.16,0.0332,2.2745,11.93,25594.71,7.74,91.72,6.642,-0,-0.9997,126.97,125.01,129.67,25,Cornering,"Hoosier 43075 16x7.5-10 R20, 7 inch rim",16360
78.42,685.915,-5.13,-329.52,-144.8,3.991,-10.86,30.18,0.09,0.0354,2.2758,12.02,44083.23,7.74,91.71,6.68,-0,-0.9998,127.05,124.92,129.79,24.99,Cornering,"Hoosier 43075 16x7.5-10 R20, 7 inch rim",16361
78.4,685.925,-4.31,-331.43,-146.79,3.998,-10.5,29.69,0.09,0.0293,2.2578,12.08,44058.78,7.74,91.72,6.722,-0,-0.9998,127.12,124.92,129.91,24.98,Cornering,"Hoosier 43075 16x7.5-10 R20, 7 inch rim",16362
78.39,685.935,-3.1,-330.31,-146.96,3.994,-10.41,28.79,0.09,0.0211,2.2476,12.08,44054.61,7.74,91.74,6.767,-0,-0.9998,127.14,124.97,129.97,24.98,Cornering,"Hoosier 43075 16x7.5-10 R20, 7 inch rim",16363
78.41,685.945,-1.23,-327.37,-146.52,3.988,-10.67,28.22,0.09,0.0084,2.2342,12.04,44041.28,7.74,91.79,6.8,-0,-0.9998,127.2,124.97,129.99,24.97,Cornering,"Hoosier 43075 16x7.5-10 R20, 7 inch rim",16364
78.41,685.955,-0.38,-322.94,-145.35,3.993,-9.92,27.35,0.03,0.0026,2.2217,11.98,158770.3,7.74,91.82,6.84,-0,-1,127.31,125.01,130.07,24.95,Cornering,"Hoosier 43075 16x7.5-10 R20, 7 inch rim",16365
78.38,685.965,0.04,-319.87,-144.2,3.987,-8.75,26.89,0.09,-0.0003,2.2182,11.93,44013.07,7.74,91.89,6.881,-0,-0.9998,127.31,125.1,130.21,24.96,Cornering,"Hoosier 43075 16x7.5-10 R20, 7 inch rim",16366
78.39,685.975,-0.22,-318.89,-142.37,3.985,-8.5,27.03,0.16,0.0015,2.2399,11.96,25537.96,7.74,91.94,6.92,-0,-0.9997,127.37,125.12,130.32,24.96,Cornering,"Hoosier 43075 16x7.5-10 R20, 7 inch rim",16367
78.42,685.985,-1.46,-320.71,-141.21,3.994,-8.76,27.21,0.09,0.0103,2.2711,12.01,44005.22,7.73,91.99,6.963,-0,-0.9998,127.55,125.19,130.42,24.96,Cornering,"Hoosier 43075 16x7.5-10 R20, 7 inch rim",16368
78.4,685.995,-2.58,-323.94,-141.25,3.987,-8.13,28.23,-0.04,0.0182,2.2935,12.1,-98614.64,7.74,92.02,7,-0,-1.0001,127.8,125.21,130.58,24.94,Cornering,"Hoosier 43075 16x7.5-10 R20, 7 inch rim",16369
78.38,686.005,-3.86,-328.27,-142.14,3.996,-8.2,28.93,0.09,0.0272,2.3094,12.17,43925.48,7.74,92.03,7.047,-0,-0.9998,127.98,125.25,130.7,24.92,Cornering,"Hoosier 43075 16x7.5-10 R20, 7 inch rim",16370
78.4,686.015,-4.64,-332.57,-143.42,4,-9.06,29.33,0.03,0.0324,2.3189,12.21,158499.03,7.73,92.01,7.089,-0,-1,128.08,125.23,130.82,24.92,Cornering,"Hoosier 43075 16x7.5-10 R20, 7 inch rim",16371
78.42,686.025,-4.64,-336.18,-144.93,3.99,-9.94,29.44,-0.04,0.032,2.3196,12.19,-98542.38,7.74,92,7.121,-0,-1.0001,128.13,125.14,130.92,24.93,Cornering,"Hoosier 43075 16x7.5-10 R20, 7 inch rim",16372
78.39,686.035,-4.19,-338.37,-147.15,3.991,-10.12,28.85,0.16,0.0285,2.2995,12.08,25506.45,7.74,92.01,7.162,-0,-0.9997,128.23,125.08,131.02,24.94,Cornering,"Hoosier 43075 16x7.5-10 R20, 7 inch rim",16373
78.38,686.045,-2.9,-337.55,-147.97,3.991,-10.36,28.3,-0.04,0.0196,2.2812,12.01,-98592.93,7.73,92.01,7.202,-0,-1.0001,128.25,125.1,131.16,24.94,Cornering,"Hoosier 43075 16x7.5-10 R20, 7 inch rim",16374
78.42,686.055,-1.35,-334.29,-148.23,4.001,-9.83,27.81,0.03,0.0091,2.2551,11.99,158624.22,7.73,92.03,7.254,-0,-1,128.3,125.12,131.25,24.95,Cornering,"Hoosier 43075 16x7.5-10 R20, 7 inch rim",16375
78.41,686.065,-0.21,-329.95,-147.21,3.987,-9.36,26.94,0.16,0.0014,2.2413,12.02,25493.54,7.73,92.02,7.282,-0,-0.9997,128.34,125.14,131.35,24.93,Cornering,"Hoosier 43075 16x7.5-10 R20, 7 inch rim",16376
78.38,686.075,0.17,-326.35,-145.34,3.993,-9.41,26.3,0.09,-0.0012,2.2454,12.09,43908.04,7.73,92,7.325,-0,-0.9998,128.45,125.16,131.47,24.93,Cornering,"Hoosier 43075 16x7.5-10 R20, 7 inch rim",16377
78.39,686.085,0.01,-324.68,-144.46,3.993,-7.82,26.14,0.09,-0,2.2475,12.17,43882.37,7.73,91.98,7.377,-0,-0.9998,128.49,125.21,131.51,24.92,Cornering,"Hoosier 43075 16x7.5-10 R20, 7 inch rim",16378
78.42,686.095,-0.81,-325.26,-142.76,3.994,-7.57,26.49,0.16,0.0057,2.2784,12.17,25474.75,7.73,91.93,7.4,-0,-0.9997,128.62,125.25,131.63,24.92,Cornering,"Hoosier 43075 16x7.5-10 R20, 7 inch rim",16379
78.39,686.105,-2.2,-328.4,-142.4,3.996,-7.37,27.16,0.03,0.0155,2.3061,12.12,158446.38,7.73,91.87,7.437,-0,-1,128.77,125.34,131.71,24.93,Cornering,"Hoosier 43075 16x7.5-10 R20, 7 inch rim",16380
78.39,686.115,-3.52,-332.89,-142.62,3.991,-8.3,27.93,0.03,0.0247,2.334,12.05,158576.62,7.73,91.86,7.483,-0,-1,129.01,125.32,131.91,24.96,Cornering,"Hoosier 43075 16x7.5-10 R20, 7 inch rim",16381
78.41,686.125,-4.31,-337.17,-143.62,3.987,-9.02,28.6,0.09,0.03,2.3476,11.99,43958.42,7.73,91.82,7.53,-0,-0.9998,129.11,125.36,132.05,24.97,Cornering,"Hoosier 43075 16x7.5-10 R20, 7 inch rim",16382
78.42,686.135,-4.93,-341.26,-145.67,3.99,-9.72,28.52,0.09,0.0338,2.3428,11.97,43954.82,7.73,91.78,7.564,-0,-0.9998,129.22,125.32,132.11,24.97,Cornering,"Hoosier 43075 16x7.5-10 R20, 7 inch rim",16383
78.38,686.145,-4.45,-344.4,-147.76,3.991,-10,28.46,0.09,0.0301,2.3308,12.01,43940.86,7.73,91.78,7.6,-0,-0.9998,129.31,125.25,132.24,24.96,Cornering,"Hoosier 43075 16x7.5-10 R20, 7 inch rim",16384
78.4,686.155,-3.52,-344.16,-148.89,3.99,-9.65,27.85,0.16,0.0237,2.3115,12.08,25495.23,7.73,91.77,7.649,-0,-0.9997,129.39,125.23,132.32,24.96,Cornering,"Hoosier 43075 16x7.5-10 R20, 7 inch rim",16385
78.42,686.165,-2.24,-341.48,-149.24,3.987,-9.26,26.95,0.16,0.015,2.2882,12.15,25481.54,7.73,91.79,7.679,-0,-0.9997,129.48,125.3,132.42,24.94,Cornering,"Hoosier 43075 16x7.5-10 R20, 7 inch rim",16386
78.4,686.175,-0.96,-336.58,-148.42,3.996,-8.74,26.28,0.03,0.0064,2.2678,12.17,158412.7,7.73,91.84,7.72,-0,-1,129.56,125.36,132.48,24.94,Cornering,"Hoosier 43075 16x7.5-10 R20, 7 inch rim",16387
78.38,686.185,-0.11,-332,-146.79,3.993,-8.55,25.68,0.09,0.0008,2.2618,12.14,43873.57,7.73,91.84,7.753,-0,-0.9998,129.71,125.43,132.52,24.93,Cornering,"Hoosier 43075 16x7.5-10 R20, 7 inch rim",16388
78.41,686.195,0.39,-329.47,-145.12,3.993,-8.7,25.6,0.03,-0.0027,2.2703,12.05,158271.23,7.73,91.85,7.801,-0,-1,129.78,125.43,132.62,24.93,Cornering,"Hoosier 43075 16x7.5-10 R20, 7 inch rim",16389
78.42,686.205,-0.35,-329.36,-144.23,3.994,-7.31,25.44,0.16,0.0024,2.2835,11.97,25465.63,7.73,91.9,7.839,-0,-0.9997,129.86,125.45,132.72,24.94,Cornering,"Hoosier 43075 16x7.5-10 R20, 7 inch rim",16390
78.39,686.215,-1.13,-331.8,-142.71,3.996,-8.24,26.35,0.09,0.0079,2.325,11.92,43879.26,7.73,91.94,7.889,-0,-0.9998,130.08,125.63,132.82,24.94,Cornering,"Hoosier 43075 16x7.5-10 R20, 7 inch rim",16391
78.39,686.225,-2.05,-335.5,-143,3.99,-8.15,27.4,0.23,0.0143,2.3462,11.93,17947.9,7.73,91.92,7.917,-0,-0.9996,130.19,125.72,132.96,24.96,Cornering,"Hoosier 43075 16x7.5-10 R20, 7 inch rim",16392
78.42,686.235,-3.06,-339.99,-143.79,3.996,-8.73,28.17,0.09,0.0212,2.3644,12,43892.75,7.73,91.88,7.952,-0,-0.9998,130.25,125.74,133.08,24.96,Cornering,"Hoosier 43075 16x7.5-10 R20, 7 inch rim",16393
78.4,686.245,-3.93,-343.93,-145.09,3.988,-9.72,28.19,0.16,0.0271,2.3705,12.08,25461.54,7.73,91.86,7.997,-0,-0.9997,130.34,125.67,133.23,24.94,Cornering,"Hoosier 43075 16x7.5-10 R20, 7 inch rim",16394
78.38,686.255,-3.68,-346.62,-147.5,4.001,-9.13,28.54,0.09,0.025,2.3499,12.14,43852.68,7.72,91.85,8.038,-0,-0.9998,130.38,125.58,133.33,24.94,Cornering,"Hoosier 43075 16x7.5-10 R20, 7 inch rim",16395
78.4,686.265,-3.18,-347.29,-148.7,3.993,-9.11,27.7,0.16,0.0214,2.3354,12.13,25462.29,7.73,91.83,8.077,-0,-0.9997,130.42,125.52,133.45,24.95,Cornering,"Hoosier 43075 16x7.5-10 R20, 7 inch rim",16396
78.42,686.275,-2.49,-344.87,-149.13,3.978,-8.72,26.43,0.09,0.0167,2.3125,12.09,43873.98,7.73,91.86,8.121,-0,-0.9998,130.53,125.58,133.59,24.96,Cornering,"Hoosier 43075 16x7.5-10 R20, 7 inch rim",16397
78.39,686.285,-1.23,-340.4,-148.97,3.987,-8.8,25.55,0.09,0.0083,2.285,12.01,43900.2,7.73,91.89,8.16,-0,-0.9998,130.64,125.63,133.69,24.97,Cornering,"Hoosier 43075 16x7.5-10 R20, 7 inch rim",16398
78.39,686.295,-0.22,-334.69,-148.43,3.993,-8.24,25.01,0.09,0.0015,2.2549,11.96,43915.07,7.73,91.89,8.209,-0,-0.9998,130.81,125.72,133.77,24.98,Cornering,"Hoosier 43075 16x7.5-10 R20, 7 inch rim",16399
78.42,686.305,0.28,-330.58,-147.17,3.993,-8.23,24.56,0.16,-0.0019,2.2462,11.99,25481.46,7.72,91.9,8.236,-0,-0.9997,131,125.74,133.89,24.98,Cornering,"Hoosier 43075 16x7.5-10 R20, 7 inch rim",16400
78.41,686.315,0.01,-328.62,-145.79,3.987,-7.74,24.35,0.09,-0,2.2541,12.06,43866.32,7.73,91.93,8.279,-0,-0.9998,131.07,125.8,133.99,24.96,Cornering,"Hoosier 43075 16x7.5-10 R20, 7 inch rim",16401
78.38,686.325,-0.65,-330.1,-145.36,4.003,-7.4,24.92,0.09,0.0044,2.2709,12.15,43839.38,7.72,91.95,8.336,-0,-0.9998,131.24,125.91,134.11,24.95,Cornering,"Hoosier 43075 16x7.5-10 R20, 7 inch rim",16402
78.4,686.335,-2.07,-333.39,-144.89,4.001,-7.78,25.36,0.03,0.0143,2.3009,12.21,158232.59,7.72,91.95,8.353,-0,-1,131.34,125.98,134.24,24.96,Cornering,"Hoosier 43075 16x7.5-10 R20, 7 inch rim",16403
78.42,686.345,-3.05,-337.53,-145.38,3.99,-8.03,26.29,0.09,0.021,2.3218,12.17,43882.02,7.72,91.93,8.408,-0,-0.9998,131.47,125.98,134.42,24.98,Cornering,"Hoosier 43075 16x7.5-10 R20, 7 inch rim",16404
78.39,686.355,-4.39,-341.34,-146.75,3.991,-8.3,26.24,0.09,0.0299,2.3259,12.12,43899.05,7.72,91.89,8.436,-0,-0.9998,131.47,125.94,134.56,24.99,Cornering,"Hoosier 43075 16x7.5-10 R20, 7 inch rim",16405
78.39,686.365,-4.23,-345.28,-148.55,3.996,-8.63,26.85,0.09,0.0285,2.3243,12.06,43933.92,7.72,91.84,8.486,-0,-0.9998,131.52,125.85,134.66,25.01,Cornering,"Hoosier 43075 16x7.5-10 R20, 7 inch rim",16406
78.41,686.375,-4.07,-347.55,-149.88,4,-9.09,26.51,0.09,0.0272,2.3189,12,43888.65,7.72,91.8,8.525,-0,-0.9998,131.49,125.8,134.78,24.99,Cornering,"Hoosier 43075 16x7.5-10 R20, 7 inch rim",16407
78.41,686.385,-3.42,-347.5,-150.44,3.997,-8.94,25.52,0.03,0.0227,2.3099,12.01,158219.84,7.72,91.8,8.558,-0,-1,131.54,125.74,134.94,24.97,Cornering,"Hoosier 43075 16x7.5-10 R20, 7 inch rim",16408
78.38,686.395,-1.77,-344.69,-150.72,4.001,-8.81,25.04,0.09,0.0117,2.287,12.07,43808.77,7.72,91.83,8.598,-0,-0.9998,131.54,125.83,135.02,24.95,Cornering,"Hoosier 43075 16x7.5-10 R20, 7 inch rim",16409
78.4,686.405,-0.86,-340.05,-150.11,3.997,-8.91,23.92,0.16,0.0057,2.2653,12.14,25418.8,7.72,91.83,8.638,-0,-0.9997,131.69,125.87,135.06,24.94,Cornering,"Hoosier 43075 16x7.5-10 R20, 7 inch rim",16410
78.42,686.415,-0.05,-335.09,-149.07,3.984,-7.95,23.39,0.16,0.0003,2.2478,12.17,25403.81,7.72,91.83,8.684,-0,-0.9997,131.82,125.89,135.17,24.93,Cornering,"Hoosier 43075 16x7.5-10 R20, 7 inch rim",16411
78.4,686.425,0.46,-332.6,-147.77,4.007,-7.53,23.68,0.09,-0.0031,2.2508,12.14,43774.59,7.72,91.79,8.714,-0,-0.9998,131.97,125.91,135.21,24.94,Cornering,"Hoosier 43075 16x7.5-10 R20, 7 inch rim",16412
78.39,686.435,0.11,-333.01,-145.91,4.001,-7.41,24.13,0.09,-0.0007,2.2822,12.08,43778.55,7.72,91.76,8.766,-0,-0.9998,132.07,126,135.35,24.94,Cornering,"Hoosier 43075 16x7.5-10 R20, 7 inch rim",16413
78.41,686.445,-1.01,-335.73,-144.5,3.997,-7.56,24.81,0.23,0.007,2.3234,12,17906.51,7.72,91.73,8.794,-0,-0.9996,132.27,126.09,135.51,24.96,Cornering,"Hoosier 43075 16x7.5-10 R20, 7 inch rim",16414
78.41,686.455,-2.38,-339.68,-145.41,3.988,-7.04,25.16,0.09,0.0164,2.336,11.92,43769.7,7.72,91.72,8.839,-0,-0.9998,132.44,126.02,135.71,24.94,Cornering,"Hoosier 43075 16x7.5-10 R20, 7 inch rim",16415
78.38,686.465,-3.53,-342.89,-146.25,3.982,-8.1,25.62,0.09,0.0241,2.3445,11.92,43776.55,7.72,91.72,8.866,-0,-0.9998,132.52,125.96,135.85,24.95,Cornering,"Hoosier 43075 16x7.5-10 R20, 7 inch rim",16416
78.39,686.475,-4.51,-345.5,-147.5,3.993,-9.24,25.65,0.09,0.0306,2.3423,11.96,43779.88,7.72,91.69,8.922,-0,-0.9998,132.59,125.85,135.99,24.96,Cornering,"Hoosier 43075 16x7.5-10 R20, 7 inch rim",16417
78.42,686.485,-4.39,-348.28,-150.06,3.991,-8.87,25.72,0.03,0.0292,2.3209,12.06,157937.56,7.72,91.66,8.953,-0,-1,132.57,125.76,136.12,24.95,Cornering,"Hoosier 43075 16x7.5-10 R20, 7 inch rim",16418
78.4,686.495,-3.61,-348.83,-151.05,3.99,-8.45,25.29,0.16,0.0239,2.3093,12.13,25405.57,7.72,91.59,8.993,-0,-0.9997,132.67,125.69,136.3,24.96,Cornering,"Hoosier 43075 16x7.5-10 R20, 7 inch rim",16419
78.39,686.505,-2.2,-346.79,-150.86,3.979,-8.87,24.59,0.23,0.0146,2.2988,12.15,17898.51,7.72,91.54,9.036,-0,-0.9996,132.82,125.72,136.44,24.96,Cornering,"Hoosier 43075 16x7.5-10 R20, 7 inch rim",16420
78.4,686.515,-0.99,-341.72,-150.95,4.003,-8.49,23.85,0.16,0.0065,2.2638,12.09,25399.05,7.72,91.51,9.084,-0,-0.9997,132.93,125.69,136.6,24.96,Cornering,"Hoosier 43075 16x7.5-10 R20, 7 inch rim",16421
78.41,686.525,0.05,-335.02,-150.35,3.988,-8.24,23.13,-0.04,-0.0003,2.2283,12.03,-98200.25,7.72,91.52,9.116,-0,-1.0001,133.04,125.76,136.68,24.97,Cornering,"Hoosier 43075 16x7.5-10 R20, 7 inch rim",16422
78.39,686.535,0.79,-329.05,-149.39,3.997,-8.13,23.05,0.09,-0.0053,2.2026,11.98,43781.13,7.72,91.52,9.157,-0,-0.9998,133.15,125.83,136.86,24.97,Cornering,"Hoosier 43075 16x7.5-10 R20, 7 inch rim",16423
78.39,686.545,0.25,-325.99,-148.33,3.993,-8.25,22.98,0.16,-0.0017,2.1978,12,25420.6,7.72,91.57,9.192,-0,-0.9997,133.34,125.98,136.86,24.98,Cornering,"Hoosier 43075 16x7.5-10 R20, 7 inch rim",16424
78.42,686.555,-0.37,-325.86,-147.83,3.991,-7.81,23.87,0.03,0.0025,2.2043,12.05,157992.78,7.72,91.62,9.237,-0,-1,133.51,126.05,137,24.98,Cornering,"Hoosier 43075 16x7.5-10 R20, 7 inch rim",16425
78.41,686.565,-1.81,-328.06,-147.97,4.001,-7.31,24.66,0.03,0.0123,2.2171,12.14,157824.41,7.72,91.63,9.284,-0,-1,133.66,126.16,137.17,24.96,Cornering,"Hoosier 43075 16x7.5-10 R20, 7 inch rim",16426
78.38,686.575,-3.06,-331.07,-149.05,3.99,-6.93,25.39,0.09,0.0205,2.2212,12.18,43700.34,7.72,91.67,9.313,-0,-0.9998,133.73,126.16,137.27,24.94,Cornering,"Hoosier 43075 16x7.5-10 R20, 7 inch rim",16427
78.41,686.585,-4.08,-333.79,-150.25,3.987,-7.51,25.79,0.16,0.0271,2.2215,12.17,25379.23,7.72,91.68,9.353,-0,-0.9997,133.75,126.07,137.41,24.96,Cornering,"Hoosier 43075 16x7.5-10 R20, 7 inch rim",16428
78.42,686.595,-4.56,-336.33,-152.06,3.99,-7.79,25.84,0.09,0.03,2.2118,12.11,43729.17,7.72,91.69,9.404,-0,-0.9998,133.68,125.94,137.47,24.96,Cornering,"Hoosier 43075 16x7.5-10 R20, 7 inch rim",16429
78.39,686.605,-4.74,-338.62,-152.99,3.991,-9.09,24.99,0.16,0.031,2.2133,12.06,25413.93,7.72,91.7,9.44,-0,-0.9997,133.64,125.91,137.55,25,Cornering,"Hoosier 43075 16x7.5-10 R20, 7 inch rim",16430
78.39,686.615,-3.35,-338.22,-154.28,3.991,-8.51,24.79,0.16,0.0217,2.1922,11.98,25417.12,7.72,91.71,9.476,-0,-0.9997,133.6,125.91,137.69,25,Cornering,"Hoosier 43075 16x7.5-10 R20, 7 inch rim",16431
78.42,686.625,-2.32,-334.98,-154.7,4.012,-8.29,23.5,0.03,0.015,2.1654,11.98,157931.91,7.72,91.69,9.525,-0,-1,133.6,125.94,137.73,24.99,Cornering,"Hoosier 43075 16x7.5-10 R20, 7 inch rim",16432
78.41,686.635,-0.89,-329.38,-153.94,3.994,-8.18,22.87,0.03,0.0058,2.1397,12.03,157770.48,7.72,91.66,9.556,-0,-1,133.68,126,137.73,24.97,Cornering,"Hoosier 43075 16x7.5-10 R20, 7 inch rim",16433
78.38,686.645,-0.43,-324.48,-152.69,3.996,-7.68,22.2,0.09,0.0028,2.1251,12.11,43682.29,7.72,91.64,9.608,-0,-0.9998,133.83,126.09,137.77,24.95,Cornering,"Hoosier 43075 16x7.5-10 R20, 7 inch rim",16434
78.4,686.655,-0.35,-320.84,-150.84,3.988,-7.42,22.06,0.09,0.0023,2.127,12.17,43647.31,7.72,91.63,9.642,-0,-0.9998,133.92,126.11,137.79,24.93,Cornering,"Hoosier 43075 16x7.5-10 R20, 7 inch rim",16435
78.42,686.665,-0.74,-320,-149.68,3.997,-6.6,22.62,0.09,0.005,2.1379,12.16,43663.42,7.72,91.65,9.673,-0,-0.9998,134.07,126.2,137.85,24.94,Cornering,"Hoosier 43075 16x7.5-10 R20, 7 inch rim",16436
78.39,686.675,-1.86,-322.05,-149.05,3.991,-6.44,23.3,0.16,0.0125,2.1607,12.11,25339.46,7.72,91.67,9.721,-0,-0.9997,134.26,126.35,137.97,24.94,Cornering,"Hoosier 43075 16x7.5-10 R20, 7 inch rim",16437
78.39,686.685,-2.79,-325.61,-149.22,3.99,-6.41,24.39,0.16,0.0187,2.1821,12.04,25342.01,7.72,91.73,9.764,-0,-0.9997,134.37,126.4,138.08,24.95,Cornering,"Hoosier 43075 16x7.5-10 R20, 7 inch rim",16438
78.42,686.695,-3.85,-330.39,-150.52,4.001,-6.79,25.05,0.03,0.0256,2.1949,11.97,157543.81,7.72,91.72,9.799,-0,-1,134.41,126.33,138.24,24.95,Cornering,"Hoosier 43075 16x7.5-10 R20, 7 inch rim",16439
78.41,686.705,-4.41,-334.46,-152.42,3.998,-7.02,25.37,0.16,0.0289,2.1944,11.97,25330.98,7.72,91.74,9.83,-0,-0.9997,134.41,126.27,138.34,24.94,Cornering,"Hoosier 43075 16x7.5-10 R20, 7 inch rim",16440
78.38,686.715,-4.53,-337.51,-152.8,3.981,-8.67,25.22,0.09,0.0297,2.2087,12.03,43627.55,7.72,91.78,9.865,-0,-0.9998,134.37,126.2,138.46,24.94,Cornering,"Hoosier 43075 16x7.5-10 R20, 7 inch rim",16441
78.4,686.725,-3.97,-338.21,-153.91,3.979,-8.91,24.51,0.09,0.0258,2.1974,12.08,43641.02,7.72,91.78,9.915,-0,-0.9998,134.43,126.16,138.58,24.95,Cornering,"Hoosier 43075 16x7.5-10 R20, 7 inch rim",16442
78.42,686.735,-2.59,-334.96,-154.16,3.99,-9.07,24.2,0.16,0.0168,2.1728,12.11,25356.01,7.72,91.82,9.96,-0,-0.9997,134.43,126.2,138.66,24.98,Cornering,"Hoosier 43075 16x7.5-10 R20, 7 inch rim",16443
78.4,686.745,-1.51,-329.23,-153.62,3.99,-8.57,23.46,-0.04,0.0098,2.1432,12.09,-98007.95,7.72,91.79,10,-0,-1.0001,134.56,126.22,138.76,24.98,Cornering,"Hoosier 43075 16x7.5-10 R20, 7 inch rim",16444
78.38,686.755,-0.91,-322.13,-152.62,3.988,-7.72,22.58,0.16,0.006,2.1107,12.03,25349.62,7.72,91.77,10.04,-0,-0.9997,134.69,126.33,138.76,24.98,Cornering,"Hoosier 43075 16x7.5-10 R20, 7 inch rim",16445
78.4,686.765,-0.13,-317.07,-151.6,3.99,-7.26,22.71,0.03,0.0008,2.0915,11.96,157736.17,7.72,91.76,10.077,-0,-1,134.8,126.33,138.8,25,Cornering,"Hoosier 43075 16x7.5-10 R20, 7 inch rim",16446
78.42,686.775,-0.51,-314.34,-150.2,3.985,-7,22.78,0.09,0.0034,2.0928,11.92,43745.39,7.72,91.71,10.114,-0,-0.9998,134.84,126.49,138.82,25.03,Cornering,"Hoosier 43075 16x7.5-10 R20, 7 inch rim",16447
78.38,686.785,-1.31,-314.07,-150.18,3.998,-6.53,23.37,-0.04,0.0088,2.0913,11.92,-98121.7,7.72,91.72,10.146,-0,-1.0001,135.03,126.6,138.9,25.03,Cornering,"Hoosier 43075 16x7.5-10 R20, 7 inch rim",16448
78.39,686.795,-2.32,-316.09,-149.82,3.985,-7.57,24.26,0.09,0.0155,2.1098,12,43705.2,7.72,91.76,10.185,-0,-0.9998,135.21,126.68,139,25.01,Cornering,"Hoosier 43075 16x7.5-10 R20, 7 inch rim",16449
78.41,686.805,-3.09,-318.07,-151.25,4.001,-7.42,25.4,0.09,0.0204,2.1029,12.06,43678.11,7.72,91.82,10.233,-0,-0.9998,135.29,126.68,139.09,25,Cornering,"Hoosier 43075 16x7.5-10 R20, 7 inch rim",16450
78.4,686.815,-3.69,-321.25,-152.7,4.001,-8.35,25.81,0.09,0.0242,2.1038,12.11,43651.4,7.72,91.85,10.279,-0,-0.9998,135.31,126.6,139.19,24.98,Cornering,"Hoosier 43075 16x7.5-10 R20, 7 inch rim",16451
78.38,686.825,-4.06,-324.84,-154.35,3.988,-8.32,25.82,0.09,0.0263,2.1046,12.11,43657.48,7.72,91.86,10.308,-0,-0.9998,135.25,126.49,139.23,24.99,Cornering,"Hoosier 43075 16x7.5-10 R20, 7 inch rim",16452
78.4,686.835,-4.04,-328.06,-154.94,3.985,-8.8,25.05,0.03,0.0261,2.1173,12.08,157559.62,7.72,91.84,10.354,-0,-1,135.18,126.4,139.33,25,Cornering,"Hoosier 43075 16x7.5-10 R20, 7 inch rim",16453
78.41,686.845,-3.15,-329.48,-155.12,3.998,-8.46,24.39,-0.04,0.0203,2.124,12,-97995.49,7.72,91.84,10.401,-0,-1.0001,135.18,126.38,139.37,25.01,Cornering,"Hoosier 43075 16x7.5-10 R20, 7 inch rim",16454
78.39,686.855,-1.6,-327.63,-154.78,3.998,-8.11,23.69,0.09,0.0103,2.1168,11.96,43700.27,7.72,91.89,10.434,-0,-0.9998,135.16,126.46,139.37,25.03,Cornering,"Hoosier 43075 16x7.5-10 R20, 7 inch rim",16455
78.39,686.865,-0.87,-323.36,-152.77,3.985,-8.42,22.52,0.09,0.0057,2.1167,12,43663.73,7.72,91.86,10.477,-0,-0.9998,135.21,126.51,139.35,25.01,Cornering,"Hoosier 43075 16x7.5-10 R20, 7 inch rim",16456
78.42,686.875,-0.22,-319.26,-151.91,3.998,-8.21,22.25,0.09,0.0014,2.1017,12.06,43617.07,7.72,91.85,10.52,-0,-0.9998,135.25,126.51,139.33,24.98,Cornering,"Hoosier 43075 16x7.5-10 R20, 7 inch rim",16457
78.4,686.885,-0.23,-315.1,-150.87,3.993,-7.71,22.07,0.09,0.0015,2.0886,12.17,43602.6,7.72,91.84,10.55,-0,-0.9998,135.27,126.53,139.29,24.98,Cornering,"Hoosier 43075 16x7.5-10 R20, 7 inch rim",16458
78.38,686.895,-0.65,-313.26,-150.37,3.99,-6.93,22.58,0.16,0.0043,2.0832,12.22,25292.08,7.72,91.83,10.597,-0,-0.9997,135.36,126.66,139.41,24.97,Cornering,"Hoosier 43075 16x7.5-10 R20, 7 inch rim",16459
78.4,686.905,-1.67,-313.46,-149.6,3.988,-7.17,23.17,0.16,0.0112,2.0953,12.24,25276.35,7.72,91.82,10.644,-0,-0.9997,135.55,126.86,139.51,24.96,Cornering,"Hoosier 43075 16x7.5-10 R20, 7 inch rim",16460
78.42,686.915,-2.83,-315.35,-150.04,4.001,-7.75,24,-0.04,0.0189,2.1018,12.17,-97612.71,7.72,91.81,10.671,-0,-1.0001,135.68,126.95,139.63,24.94,Cornering,"Hoosier 43075 16x7.5-10 R20, 7 inch rim",16461
78.39,686.925,-3.86,-318.34,-151.61,3.994,-7.65,24.7,0.09,0.0254,2.0997,12.09,43516.87,7.72,91.78,10.722,-0,-0.9998,135.68,126.93,139.73,24.94,Cornering,"Hoosier 43075 16x7.5-10 R20, 7 inch rim",16462
78.39,686.935,-4.74,-321.81,-153.08,3.99,-8.18,24.73,0.03,0.0309,2.1023,12.02,157092.36,7.72,91.79,10.759,-0,-1,135.61,126.88,139.81,24.96,Cornering,"Hoosier 43075 16x7.5-10 R20, 7 inch rim",16463
78.42,686.945,-5.07,-325.64,-154.86,4.006,-8.89,24.45,0.09,0.0327,2.1028,12.02,43526.12,7.72,91.74,10.796,-0,-0.9998,135.53,126.84,139.91,24.96,Cornering,"Hoosier 43075 16x7.5-10 R20, 7 inch rim",16464
78.41,686.955,-4.26,-326.53,-155.17,3.996,-9.36,24.19,0.03,0.0274,2.1043,12.06,157043.44,7.72,91.74,10.85,-0,-1,135.57,126.82,140.12,24.96,Cornering,"Hoosier 43075 16x7.5-10 R20, 7 inch rim",16465
78.38,686.965,-3.38,-324.34,-154.9,3.988,-9.3,23.31,0.03,0.0218,2.0938,12.14,157096.39,7.72,91.72,10.888,-0,-1,135.53,126.84,140.16,24.97,Cornering,"Hoosier 43075 16x7.5-10 R20, 7 inch rim",16466
78.4,686.975,-1.81,-320.78,-154.98,3.997,-8.57,23.03,0.16,0.0117,2.0698,12.19,25270.51,7.72,91.75,10.918,-0,-0.9997,135.51,126.93,140.22,24.97,Cornering,"Hoosier 43075 16x7.5-10 R20, 7 inch rim",16467
78.42,686.985,-0.62,-316.06,-153.42,3.998,-8.47,22.63,0.16,0.0041,2.06,12.18,25266.78,7.72,91.81,10.961,-0,-0.9997,135.55,126.99,140.24,24.97,Cornering,"Hoosier 43075 16x7.5-10 R20, 7 inch rim",16468
78.39,686.995,0.07,-312.9,-151.58,3.994,-8.43,22.53,0.03,-0.0005,2.0642,12.12,157109.69,7.72,91.88,10.998,-0,-1,135.53,127.06,140.28,24.98,Cornering,"Hoosier 43075 16x7.5-10 R20, 7 inch rim",16469
78.38,687.005,-0.32,-311.58,-150.23,3.997,-7.48,22.46,0.03,0.0021,2.0741,12.03,157156.83,7.72,91.92,11.045,-0,-1,135.53,127.08,140.22,24.99,Cornering,"Hoosier 43075 16x7.5-10 R20, 7 inch rim",16470
78.41,687.015,-0.64,-312.68,-149.43,3.984,-7.66,23.39,0.23,0.0043,2.0925,11.95,17803.28,7.72,91.97,11.088,-0,-0.9996,135.59,127.21,140.38,24.99,Cornering,"Hoosier 43075 16x7.5-10 R20, 7 inch rim",16471
78.41,687.025,-1.91,-315.21,-149.6,4,-7.36,24.01,0.03,0.0128,2.1071,11.93,157188.92,7.72,92.02,11.12,-0,-1,135.72,127.26,140.56,25,Cornering,"Hoosier 43075 16x7.5-10 R20, 7 inch rim",16472
78.38,687.035,-3.28,-317.78,-150.5,3.994,-7.4,24.23,0.03,0.0218,2.1115,11.97,157164.45,7.72,92.05,11.164,-0,-1,135.7,127.26,140.68,25,Cornering,"Hoosier 43075 16x7.5-10 R20, 7 inch rim",16473
78.4,687.045,-3.82,-320.92,-152.27,3.99,-7.39,24.75,0.03,0.0251,2.1076,12.02,157032.2,7.72,92.05,11.206,-0,-1,135.64,127.15,140.72,24.98,Cornering,"Hoosier 43075 16x7.5-10 R20, 7 inch rim",16474
78.41,687.055,-4.41,-324.05,-153,4.007,-8.1,24.6,0.03,0.0288,2.118,12.08,156940.3,7.72,92.06,11.24,-0,-1,135.53,127.04,140.74,24.97,Cornering,"Hoosier 43075 16x7.5-10 R20, 7 inch rim",16475
78.4,687.065,-4,-326.94,-153.43,3.994,-8.83,24.39,0.03,0.0261,2.1309,12.09,156921.19,7.72,92.03,11.274,-0,-1,135.51,126.93,140.78,24.97,Cornering,"Hoosier 43075 16x7.5-10 R20, 7 inch rim",16476
78.37,687.075,-3.46,-328.01,-153.56,3.993,-9.25,23.47,-0.04,0.0225,2.136,12.05,-97532.21,7.72,92.02,11.313,-0,-1.0001,135.57,126.88,140.78,24.97,Cornering,"Hoosier 43075 16x7.5-10 R20, 7 inch rim",16477
78.41,687.085,-2.02,-325.5,-153.42,3.984,-8.72,23.02,0.09,0.0132,2.1216,11.97,43500.04,7.72,92.03,11.367,-0,-0.9998,135.53,126.9,140.76,24.99,Cornering,"Hoosier 43075 16x7.5-10 R20, 7 inch rim",16478
78.41,687.095,-0.8,-320.86,-152.86,3.982,-8.04,22.51,0.09,0.0053,2.099,11.92,43524.05,7.72,92.09,11.407,-0,-0.9998,135.64,126.88,140.82,25.01,Cornering,"Hoosier 43075 16x7.5-10 R20, 7 inch rim",16479
78.39,687.105,0.25,-316.57,-151.88,3.984,-8.29,22.19,0.09,-0.0017,2.0844,11.89,43518.45,7.72,92.11,11.443,-0,-0.9998,135.79,126.9,140.84,25.01,Cornering,"Hoosier 43075 16x7.5-10 R20, 7 inch rim",16480
78.39,687.115,0.31,-312.52,-150.31,3.998,-8.35,21.89,0.03,-0.002,2.0792,11.96,156981.66,7.72,92.08,11.49,-0,-1,135.85,126.99,140.86,25,Cornering,"Hoosier 43075 16x7.5-10 R20, 7 inch rim",16481
78.42,687.125,0.05,-310.38,-149.33,3.99,-7.95,22.21,0.09,-0.0003,2.0784,12.03,43444.44,7.72,92.12,11.529,-0,-0.9998,136,127.19,140.97,24.97,Cornering,"Hoosier 43075 16x7.5-10 R20, 7 inch rim",16482
78.4,687.135,-0.47,-310.37,-149.3,3.988,-7.06,23.13,0.03,0.0032,2.0788,12.11,156645.75,7.72,92.1,11.569,-0,-1,136.26,127.41,141.03,24.96,Cornering,"Hoosier 43075 16x7.5-10 R20, 7 inch rim",16483
78.37,687.145,-1.93,-312.54,-149.76,3.996,-7.16,23.35,0.09,0.0129,2.087,12.12,43371.5,7.72,92.1,11.608,-0,-0.9998,136.41,127.52,141.11,24.94,Cornering,"Hoosier 43075 16x7.5-10 R20, 7 inch rim",16484
78.41,687.155,-3.59,-315.91,-150.66,3.994,-7.65,23.01,0.09,0.0239,2.0968,12.06,43377.71,7.72,92.11,11.632,-0,-0.9998,136.47,127.45,141.27,24.94,Cornering,"Hoosier 43075 16x7.5-10 R20, 7 inch rim",16485
78.41,687.165,-5.06,-318.48,-151.55,3.988,-8.45,22.05,0.09,0.0334,2.1015,12.03,43373.61,7.72,92.15,11.658,-0,-0.9998,136.49,127.43,141.39,24.94,Cornering,"Hoosier 43075 16x7.5-10 R20, 7 inch rim",16486
78.39,687.175,-6.32,-321.67,-152.99,3.993,-9.21,20.28,0.16,0.0413,2.1026,11.99,25164.68,7.72,92.17,11.705,-0,-0.9997,136.47,127.23,141.43,24.94,Cornering,"Hoosier 43075 16x7.5-10 R20, 7 inch rim",16487
78.39,687.185,-7.76,-322.92,-153.34,4,-10.35,17.22,0.09,0.0506,2.106,12,43342.04,7.72,92.22,11.73,-0,-0.9998,136.43,127.21,141.51,24.93,Cornering,"Hoosier 43075 16x7.5-10 R20, 7 inch rim",16488
78.42,687.195,-9.67,-322.09,-153.59,3.988,-10.24,13.02,0.09,0.0629,2.097,12.06,43320.28,7.72,92.26,11.74,-0,-0.9998,136.43,127.17,141.63,24.92,Cornering,"Hoosier 43075 16x7.5-10 R20, 7 inch rim",16489
78.4,687.205,-9.62,-318.68,-153,3.985,-9.46,10.71,0.16,0.0629,2.0829,12.15,25153.9,7.72,92.28,11.758,-0,-0.9997,136.45,127.26,141.59,24.93,Cornering,"Hoosier 43075 16x7.5-10 R20, 7 inch rim",16490
78.37,687.215,-8.19,-313.55,-152.16,3.975,-7.53,10.44,0.16,0.0538,2.0607,12.22,25164.53,7.73,92.26,11.77,-0,-0.9997,136.47,127.26,141.61,24.94,Cornering,"Hoosier 43075 16x7.5-10 R20, 7 inch rim",16491
78.41,687.225,-6.35,-310.28,-150.6,3.991,-7.28,11.5,0.23,0.0422,2.0603,12.22,17734.6,7.72,92.28,11.775,-0,-0.9996,136.54,127.32,141.63,24.96,Cornering,"Hoosier 43075 16x7.5-10 R20, 7 inch rim",16492
78.43,687.235,-5.39,-307.58,-149.27,4,-6.17,12.47,0.16,0.0361,2.0606,12.17,25181.27,7.72,92.26,11.778,-0,-0.9997,136.58,127.34,141.67,24.96,Cornering,"Hoosier 43075 16x7.5-10 R20, 7 inch rim",16493
78.39,687.245,-7.55,-308.55,-149.02,4.003,-6.57,10.86,0.03,0.0507,2.0705,12.09,156560.98,7.72,92.24,11.78,-0,-1,136.73,127.59,141.81,24.96,Cornering,"Hoosier 43075 16x7.5-10 R20, 7 inch rim",16494
78.39,687.255,-10.33,-311.38,-148.15,3.994,-7.49,9.32,0.09,0.0697,2.1018,12,43372.68,7.72,92.25,11.79,-0,-0.9998,136.84,127.74,141.98,24.96,Cornering,"Hoosier 43075 16x7.5-10 R20, 7 inch rim",16495
78.41,687.275,-15.18,-319.51,-149.61,3.985,-8.84,7.23,0.09,0.1015,2.1357,12.05,43394.67,7.72,92.26,12.248,-0,-0.9998,137.03,127.74,142.18,24.97,Cornering,"Hoosier 43075 16x7.5-10 R20, 7 inch rim",16496
78.38,687.285,-14.57,-322.83,-151.13,3.984,-8.64,8.86,0.09,0.0964,2.1362,12.14,43413.67,7.73,92.28,12.255,-0,-0.9998,136.99,127.63,142.24,24.98,Cornering,"Hoosier 43075 16x7.5-10 R20, 7 inch rim",16497
78.4,687.295,-11.62,-324.96,-151.91,3.982,-9.32,12.13,0.16,0.0765,2.1392,12.2,25203.86,7.72,92.29,12.256,-0,-0.9997,137.01,127.45,142.34,24.98,Cornering,"Hoosier 43075 16x7.5-10 R20, 7 inch rim",16498
78.42,687.305,-7.97,-324,-152.45,3.982,-9.34,15.32,0.09,0.0523,2.1253,12.2,43426.97,7.73,92.28,12.235,-0,-0.9998,137.09,127.39,142.38,24.98,Cornering,"Hoosier 43075 16x7.5-10 R20, 7 inch rim",16499
78.39,687.315,-5.56,-319.64,-153.05,3.996,-7.76,17,0.16,0.0363,2.0885,12.18,25194.44,7.72,92.23,12.232,-0,-0.9997,137.18,127.39,142.38,24.97,Cornering,"Hoosier 43075 16x7.5-10 R20, 7 inch rim",16500
78.39,687.325,-3.51,-314.73,-151.68,3.985,-8.75,18.4,0.23,0.0231,2.0749,12.08,17764.75,7.72,92.22,12.225,-0,-0.9996,137.24,127.39,142.44,25,Cornering,"Hoosier 43075 16x7.5-10 R20, 7 inch rim",16501
78.41,687.335,-0.97,-309.32,-150.95,3.985,-7.75,20.77,0.09,0.0065,2.0492,12,43450.57,7.72,92.17,12.213,-0,-0.9998,137.44,127.48,142.34,25,Cornering,"Hoosier 43075 16x7.5-10 R20, 7 inch rim",16502
78.41,687.345,1.54,-306.36,-149.13,3.991,-8.6,23.91,0.09,-0.0103,2.0543,11.99,43460.18,7.72,92.13,12.216,-0,-0.9998,137.52,127.48,142.36,25,Cornering,"Hoosier 43075 16x7.5-10 R20, 7 inch rim",16503
78.38,687.355,3.32,-304.89,-148.53,4.007,-8.09,27.26,0.09,-0.0223,2.0528,12.02,43451.49,7.72,92.06,12.208,-0,-0.9998,137.67,127.65,142.44,25,Cornering,"Hoosier 43075 16x7.5-10 R20, 7 inch rim",16504
78.4,687.365,3.32,-305.78,-148.45,3.991,-8.03,29.27,0.03,-0.0223,2.0599,12.11,156771.81,7.72,92.01,12.199,-0,-1,137.84,127.81,142.52,24.99,Cornering,"Hoosier 43075 16x7.5-10 R20, 7 inch rim",16505
78.41,687.375,2.47,-308.59,-148.53,3.993,-8.73,30.67,0.09,-0.0166,2.0776,12.19,43421.72,7.72,91.95,12.205,-0,-0.9998,137.97,127.85,142.66,24.98,Cornering,"Hoosier 43075 16x7.5-10 R20, 7 inch rim",16506
78.4,687.385,1.07,-311.15,-149.48,3.984,-9,30.96,0.16,-0.0071,2.0816,12.22,25185.01,7.72,91.94,12.208,-0,-0.9997,138.06,127.83,142.68,24.96,Cornering,"Hoosier 43075 16x7.5-10 R20, 7 inch rim",16507
78.38,687.395,0.07,-314.65,-151.47,3.998,-8.94,30.82,0.16,-0.0005,2.0773,12.19,25184.48,7.72,91.96,12.213,-0,-0.9997,138,127.74,142.78,24.96,Cornering,"Hoosier 43075 16x7.5-10 R20, 7 inch rim",16508
78.41,687.405,-0.26,-317.96,-152.67,3.988,-9.05,30.15,0.16,0.0017,2.0826,12.12,25173.98,7.72,91.97,12.2,-0,-0.9997,137.95,127.63,142.86,24.95,Cornering,"Hoosier 43075 16x7.5-10 R20, 7 inch rim",16509
78.41,687.415,-0.69,-320.15,-152.61,3.991,-9.23,28.35,0.09,0.0045,2.0979,12.02,43391.73,7.72,91.98,12.203,-0,-0.9998,137.91,127.54,142.91,24.96,Cornering,"Hoosier 43075 16x7.5-10 R20, 7 inch rim",16510
78.39,687.425,-1.27,-321.39,-152.53,3.991,-9.6,25.14,0.16,0.0083,2.107,11.95,25191.52,7.72,92.01,12.2,-0,-0.9997,137.82,127.43,143.01,24.97,Cornering,"Hoosier 43075 16x7.5-10 R20, 7 inch rim",16511
78.4,687.435,-2.43,-319.03,-152.19,3.981,-8.23,20.8,0.03,0.016,2.0962,11.96,156562.75,7.73,91.99,12.183,-0,-1,137.84,127.5,142.95,24.96,Cornering,"Hoosier 43075 16x7.5-10 R20, 7 inch rim",16512
78.42,687.445,-4.74,-315.27,-150.55,3.991,-8.14,15.95,0.03,0.0315,2.0941,12,156528.86,7.72,92,12.179,-0,-1,137.84,127.5,143.03,24.95,Cornering,"Hoosier 43075 16x7.5-10 R20, 7 inch rim",16513
78.4,687.455,-7.1,-311.33,-149.07,3.997,-7.99,11.78,0.16,0.0476,2.0885,12.07,25167.46,7.72,92.01,12.145,-0,-0.9997,137.93,127.5,143.07,24.94,Cornering,"Hoosier 43075 16x7.5-10 R20, 7 inch rim",16514
78.38,687.465,-8.35,-308.26,-148.06,3.991,-7.49,9.69,0.03,0.0564,2.082,12.11,156522.17,7.73,92.02,12.127,-0,-1,137.91,127.56,143.07,24.94,Cornering,"Hoosier 43075 16x7.5-10 R20, 7 inch rim",16515
78.4,687.475,-9.45,-307.7,-147.24,3.993,-7.72,8.72,0.09,0.0641,2.0897,12.07,43410.23,7.73,92.03,12.087,-0,-0.9998,138.08,127.74,143.21,24.96,Cornering,"Hoosier 43075 16x7.5-10 R20, 7 inch rim",16516
78.42,687.485,-12.01,-309.23,-147.34,3.988,-7.65,6.81,0.03,0.0815,2.0987,12.01,156740.98,7.73,92.03,12.063,-0,-1,138.23,127.94,143.31,24.97,Cornering,"Hoosier 43075 16x7.5-10 R20, 7 inch rim",16517
78.39,687.495,-15.7,-312.46,-147.65,3.982,-7.96,4.13,0.09,0.1064,2.1162,11.95,43450.68,7.72,92.02,12.023,-0,-0.9998,138.32,128.03,143.39,24.98,Cornering,"Hoosier 43075 16x7.5-10 R20, 7 inch rim",16518
78.39,687.505,-19.02,-316.77,-148.62,3.985,-9.29,1.9,0.03,0.128,2.1315,11.89,156670.2,7.73,92,11.996,-0,-1,138.42,127.96,143.57,24.96,Cornering,"Hoosier 43075 16x7.5-10 R20, 7 inch rim",16519
78.41,687.515,-19.69,-320.12,-150.27,3.991,-10.24,2.23,0.09,0.131,2.1302,11.92,43429.23,7.72,91.97,11.967,-0,-0.9998,138.38,127.81,143.65,24.96,Cornering,"Hoosier 43075 16x7.5-10 R20, 7 inch rim",16520
78.4,687.525,-17.69,-322.49,-152.18,3.991,-10.12,4.75,0.03,0.1163,2.1191,11.99,156686.5,7.72,91.99,11.903,-0,-1,138.34,127.7,143.79,24.95,Cornering,"Hoosier 43075 16x7.5-10 R20, 7 inch rim",16521
78.38,687.535,-13.07,-321.37,-153.23,4.004,-9.46,9.55,0.03,0.0853,2.0974,12.06,156746.28,7.72,92.03,11.861,-0,-1,138.36,127.65,143.9,24.96,Cornering,"Hoosier 43075 16x7.5-10 R20, 7 inch rim",16522
78.41,687.545,-7.22,-318.27,-152.54,3.99,-9.71,15.03,0.09,0.0474,2.0864,12.1,43441.5,7.72,92.06,11.824,-0,-0.9998,138.36,127.67,143.96,24.96,Cornering,"Hoosier 43075 16x7.5-10 R20, 7 inch rim",16523
78.42,687.555,-3.43,-314.26,-151.66,3.985,-9.14,18.5,0.16,0.0226,2.0721,12.08,25225.31,7.72,92.06,11.767,-0,-0.9997,138.42,127.7,144.06,24.96,Cornering,"Hoosier 43075 16x7.5-10 R20, 7 inch rim",16524
78.39,687.565,-1.44,-309.71,-150.06,3.99,-9.05,20.46,-0.04,0.0096,2.0639,12.03,-97534.84,7.72,92.08,11.709,-0,-1.0001,138.45,127.78,144.14,24.97,Cornering,"Hoosier 43075 16x7.5-10 R20, 7 inch rim",16525
78.39,687.575,-0.57,-306.37,-148.85,3.99,-8.27,22.19,0.09,0.0038,2.0582,11.96,43496.07,7.72,92.05,11.666,-0,-0.9998,138.55,127.85,144.22,24.97,Cornering,"Hoosier 43075 16x7.5-10 R20, 7 inch rim",16526
78.42,687.585,0.44,-305.83,-147.78,3.991,-9.16,24.78,0.16,-0.003,2.0695,11.93,25239.08,7.72,92.02,11.612,-0,-0.9997,138.64,128.03,144.26,24.96,Cornering,"Hoosier 43075 16x7.5-10 R20, 7 inch rim",16527
78.42,687.595,1.72,-305.88,-147.47,4,-8.68,28.41,0.23,-0.0117,2.0742,11.96,17777.71,7.72,92.02,11.57,-0,-0.9996,138.83,128.2,144.38,24.96,Cornering,"Hoosier 43075 16x7.5-10 R20, 7 inch rim",16528
78.38,687.605,2.63,-308.56,-148.43,3.979,-8.59,31.68,0.09,-0.0177,2.0788,12.03,43485.63,7.73,92.02,11.536,-0,-0.9998,138.94,128.29,144.52,24.96,Cornering,"Hoosier 43075 16x7.5-10 R20, 7 inch rim",16529
78.4,687.615,2.16,-311.51,-148.96,3.985,-9.56,33.17,0.16,-0.0145,2.0913,12.17,25237.69,7.73,92.03,11.494,-0,-0.9997,139.05,128.25,144.66,24.95,Cornering,"Hoosier 43075 16x7.5-10 R20, 7 inch rim",16530
78.41,687.625,1.27,-314.91,-150.36,4.006,-10.01,33.62,0.03,-0.0085,2.0944,12.19,156894.05,7.72,92.06,11.462,-0,-1,139.07,128.11,144.76,24.94,Cornering,"Hoosier 43075 16x7.5-10 R20, 7 inch rim",16531
78.4,687.635,-0.02,-318.34,-151.61,3.985,-9.88,32.46,0.09,0.0001,2.0998,12.18,43462.48,7.72,92.1,11.421,-0,-0.9998,139,128.03,144.87,24.93,Cornering,"Hoosier 43075 16x7.5-10 R20, 7 inch rim",16532
78.38,687.645,0.19,-321.26,-152.54,3.994,-9.74,31.76,0.09,-0.0013,2.1061,12.12,43459.64,7.72,92.15,11.373,-0,-0.9998,139.02,127.96,144.87,24.93,Cornering,"Hoosier 43075 16x7.5-10 R20, 7 inch rim",16533
78.41,687.655,1.06,-322.63,-152.62,3.99,-9.4,30.85,0.09,-0.0069,2.1139,12.03,43464.34,7.72,92.16,11.341,-0,-0.9998,138.94,127.94,144.87,24.93,Cornering,"Hoosier 43075 16x7.5-10 R20, 7 inch rim",16534
78.41,687.665,2.29,-320.76,-152.17,3.981,-8.78,29.85,0.03,-0.0151,2.1078,12,156899.84,7.73,92.18,11.315,-0,-1,138.96,128,144.85,24.93,Cornering,"Hoosier 43075 16x7.5-10 R20, 7 inch rim",16535
78.38,687.675,3.37,-317.13,-151.01,3.991,-8.42,29.26,0.23,-0.0223,2.1001,12.03,17795.44,7.72,92.2,11.281,-0,-0.9996,138.94,128.03,144.82,24.96,Cornering,"Hoosier 43075 16x7.5-10 R20, 7 inch rim",16536
78.39,687.685,2.99,-313.96,-149.71,3.997,-8.76,27.61,0.03,-0.02,2.0971,12.1,156973.02,7.72,92.22,11.247,-0,-1,139.02,128.05,144.74,24.94,Cornering,"Hoosier 43075 16x7.5-10 R20, 7 inch rim",16537
78.43,687.695,1.93,-310.44,-148.48,3.99,-8.66,26.06,0.09,-0.013,2.0908,12.18,43514.77,7.72,92.23,11.205,-0,-0.9998,139.05,128.09,144.7,24.94,Cornering,"Hoosier 43075 16x7.5-10 R20, 7 inch rim",16538
78.4,687.705,0.14,-309.23,-148.06,3.993,-8.48,24.75,0.09,-0.001,2.0886,12.23,43518.55,7.72,92.25,11.179,-0,-0.9998,139.15,128.2,144.8,24.94,Cornering,"Hoosier 43075 16x7.5-10 R20, 7 inch rim",16539
78.38,687.715,-1.76,-308.93,-147.89,3.994,-7.6,23.81,0.09,0.0119,2.0889,12.26,43545.27,7.72,92.26,11.135,-0,-0.9998,139.39,128.31,144.87,24.96,Cornering,"Hoosier 43075 16x7.5-10 R20, 7 inch rim",16540
78.41,687.725,-3.72,-310.92,-148.57,3.998,-7.69,23.1,0.09,0.025,2.0927,12.2,43569.68,7.72,92.25,11.106,-0,-0.9998,139.56,128.4,144.93,24.97,Cornering,"Hoosier 43075 16x7.5-10 R20, 7 inch rim",16541
78.42,687.735,-5.63,-313.31,-149.49,3.985,-7.83,22.23,0.09,0.0377,2.0959,12.1,43614.94,7.72,92.23,11.074,-0,-0.9998,139.63,128.38,144.99,24.99,Cornering,"Hoosier 43075 16x7.5-10 R20, 7 inch rim",16542
78.38,687.745,-7.1,-315.57,-150.96,3.991,-8.14,21,0.09,0.047,2.0904,12.03,43591.24,7.72,92.22,11.028,-0,-0.9998,139.6,128.2,145.01,24.97,Cornering,"Hoosier 43075 16x7.5-10 R20, 7 inch rim",16543
78.39,687.755,-7.9,-318.27,-152.14,3.978,-9.55,19.89,0.09,0.0519,2.0919,12,43564.2,7.73,92.28,11.005,-0,-0.9998,139.56,128.03,145.17,24.96,Cornering,"Hoosier 43075 16x7.5-10 R20, 7 inch rim",16544
78.42,687.765,-7.56,-318.51,-153.27,3.979,-9.4,18.92,0.03,0.0493,2.0781,12.08,157160.72,7.73,92.33,10.959,-0,-1,139.58,127.96,145.23,24.94,Cornering,"Hoosier 43075 16x7.5-10 R20, 7 inch rim",16545
78.4,687.775,-6.34,-317.24,-153.78,3.985,-8.81,18.6,0.03,0.0412,2.063,12.12,157071.91,7.72,92.34,10.919,-0,-1,139.52,127.94,145.25,24.93,Cornering,"Hoosier 43075 16x7.5-10 R20, 7 inch rim",16546
78.38,687.785,-5.33,-315.3,-152.84,3.993,-9.02,18.01,0.09,0.0349,2.0629,12.19,43551.11,7.72,92.33,10.885,-0,-0.9998,139.54,128.03,145.29,24.94,Cornering,"Hoosier 43075 16x7.5-10 R20, 7 inch rim",16547
78.4,687.795,-4.32,-312.15,-151.42,4,-9.6,17.6,0.16,0.0285,2.0615,12.17,25293.81,7.72,92.34,10.834,-0,-0.9997,139.63,128.07,145.33,24.95,Cornering,"Hoosier 43075 16x7.5-10 R20, 7 inch rim",16548
78.41,687.805,-3.58,-308.91,-149.94,3.979,-8.97,17.87,0.09,0.0239,2.0602,12.11,43614.75,7.73,92.35,10.793,-0,-0.9998,139.73,128.11,145.41,24.97,Cornering,"Hoosier 43075 16x7.5-10 R20, 7 inch rim",16549
78.39,687.815,-3.98,-307.34,-148.28,3.99,-8.84,18.43,0.16,0.0269,2.0727,12.05,25348.35,7.72,92.33,10.743,-0,-0.9997,139.82,128.25,145.45,25,Cornering,"Hoosier 43075 16x7.5-10 R20, 7 inch rim",16550
78.39,687.825,-4.39,-307.62,-148.19,3.979,-8.23,19.86,0.09,0.0296,2.0758,11.96,43678.91,7.73,92.33,10.697,-0,-0.9998,139.97,128.47,145.51,25,Cornering,"Hoosier 43075 16x7.5-10 R20, 7 inch rim",16551
78.41,687.835,-4.57,-309.51,-148.77,3.997,-7.63,22.27,0.09,0.0307,2.0804,11.93,43684.14,7.72,92.35,10.66,-0,-0.9998,140.12,128.62,145.65,25,Cornering,"Hoosier 43075 16x7.5-10 R20, 7 inch rim",16552
78.41,687.845,-4.24,-312.53,-149.76,3.988,-7.68,24.92,0.09,0.0283,2.0869,11.97,43671.68,7.72,92.39,10.604,-0,-0.9998,140.21,128.6,145.73,24.98,Cornering,"Hoosier 43075 16x7.5-10 R20, 7 inch rim",16553
78.38,687.855,-3.77,-316.24,-150.46,3.99,-9.09,26.93,0.03,0.0251,2.1018,12.04,157584.19,7.72,92.46,10.558,-0,-1,140.23,128.44,145.84,24.98,Cornering,"Hoosier 43075 16x7.5-10 R20, 7 inch rim",16554
78.4,687.865,-2.91,-319.9,-151.89,3.996,-9.29,28.44,0.03,0.0192,2.1061,12.12,157599.91,7.72,92.48,10.527,-0,-1,140.18,128.25,145.94,24.98,Cornering,"Hoosier 43075 16x7.5-10 R20, 7 inch rim",16555
78.42,687.875,-1.41,-323.07,-153.23,3.994,-8.93,29.55,0.03,0.0092,2.1084,12.11,157617.02,7.72,92.49,10.492,-0,-1,140.05,128.18,145.94,24.98,Cornering,"Hoosier 43075 16x7.5-10 R20, 7 inch rim",16556
78.39,687.885,0.26,-324.96,-152.74,3.991,-9.7,29.83,0.16,-0.0017,2.1276,12.08,25354.99,7.72,92.51,10.442,-0,-0.9997,140.01,128.11,146.02,24.98,Cornering,"Hoosier 43075 16x7.5-10 R20, 7 inch rim",16557
78.38,687.895,1.22,-324.07,-152.12,3.994,-9.61,28.81,-0.04,-0.008,2.1304,11.99,-97980.95,7.72,92.56,10.409,-0,-1.0001,140.01,128.18,145.92,24.97,Cornering,"Hoosier 43075 16x7.5-10 R20, 7 inch rim",16558
78.42,687.905,2.79,-320.27,-150.54,3.991,-9.35,28.8,0.09,-0.0185,2.1275,11.91,43684.3,7.72,92.55,10.365,-0,-0.9998,140.01,128.2,145.86,24.97,Cornering,"Hoosier 43075 16x7.5-10 R20, 7 inch rim",16559
78.4,687.915,3.17,-316.6,-149.7,3.994,-8.94,28.14,0.09,-0.0212,2.1148,11.89,43688.39,7.72,92.51,10.335,-0,-0.9998,140.1,128.25,145.88,24.97,Cornering,"Hoosier 43075 16x7.5-10 R20, 7 inch rim",16560
78.38,687.925,2.7,-313.3,-148.18,4.001,-9.05,27.31,0.16,-0.0182,2.1143,11.92,25342.64,7.72,92.51,10.3,-0,-0.9997,140.14,128.38,145.86,24.96,Cornering,"Hoosier 43075 16x7.5-10 R20, 7 inch rim",16561
78.4,687.935,1.01,-312.5,-147.73,3.988,-8.54,26.26,0.03,-0.0068,2.1154,12,157583.89,7.72,92.49,10.262,-0,-1,140.27,128.53,145.94,24.96,Cornering,"Hoosier 43075 16x7.5-10 R20, 7 inch rim",16562
78.42,687.945,-1.04,-313.45,-147.93,3.998,-7.47,25.54,0.03,0.0071,2.119,12.11,157563.23,7.72,92.47,10.229,-0,-1,140.48,128.73,146.1,24.95,Cornering,"Hoosier 43075 16x7.5-10 R20, 7 inch rim",16563
78.39,687.955,-3.2,-316.4,-148.19,4.001,-7.27,24.88,0.09,0.0216,2.135,12.14,43677.99,7.72,92.45,10.186,-0,-0.9998,140.59,128.75,146.16,24.96,Cornering,"Hoosier 43075 16x7.5-10 R20, 7 inch rim",16564
78.38,687.965,-4.42,-320.07,-148.71,3.993,-8.07,24.74,0.09,0.0297,2.1524,12.13,43732.92,7.72,92.44,10.154,-0,-0.9998,140.63,128.69,146.22,24.98,Cornering,"Hoosier 43075 16x7.5-10 R20, 7 inch rim",16565
78.41,687.975,-5.62,-323.21,-150.3,3.985,-8.18,23.64,0.16,0.0374,2.1504,12.07,25404.1,7.73,92.45,10.116,-0,-0.9997,140.61,128.51,146.28,25,Cornering,"Hoosier 43075 16x7.5-10 R20, 7 inch rim",16566
78.41,687.985,-6.16,-326.26,-151.89,3.998,-8.36,22.48,0.09,0.0406,2.1481,12,43762.15,7.72,92.44,10.087,-0,-0.9998,140.53,128.31,146.36,25,Cornering,"Hoosier 43075 16x7.5-10 R20, 7 inch rim",16567
78.39,687.995,-6.65,-327.61,-152.42,3.991,-9.13,20.7,0.03,0.0436,2.1494,11.97,157877.64,7.72,92.43,10.031,-0,-1,140.44,128.31,146.42,24.98,Cornering,"Hoosier 43075 16x7.5-10 R20, 7 inch rim",16568
78.4,688.005,-5.98,-326.17,-152.29,3.977,-8.66,19.55,0.23,0.0392,2.1417,12.01,17880.85,7.73,92.46,10.002,-0,-0.9996,140.44,128.38,146.46,24.97,Cornering,"Hoosier 43075 16x7.5-10 R20, 7 inch rim",16569
78.42,688.015,-5.07,-323.94,-151.25,3.991,-8.84,18.97,0.09,0.0335,2.1418,12.09,43707.11,7.72,92.45,9.965,-0,-0.9998,140.48,128.4,146.5,24.96,Cornering,"Hoosier 43075 16x7.5-10 R20, 7 inch rim",16570
78.4,688.025,-3.84,-320.6,-149.85,3.987,-8.94,18.77,-0.04,0.0256,2.1394,12.17,-98084.76,7.73,92.41,9.909,-0,-1.0001,140.57,128.55,146.52,24.96,Cornering,"Hoosier 43075 16x7.5-10 R20, 7 inch rim",16571
78.38,688.035,-2.83,-317.45,-148.64,4,-8.68,19.56,0.16,0.019,2.1357,12.19,25387.48,7.72,92.39,9.869,-0,-0.9997,140.68,128.69,146.56,24.97,Cornering,"Hoosier 43075 16x7.5-10 R20, 7 inch rim",16572
78.41,688.045,-2.36,-315.93,-147.47,3.99,-7.92,20.74,-0.04,0.016,2.1424,12.17,-98220.68,7.72,92.36,9.834,-0,-1.0001,140.78,128.82,146.56,24.99,Cornering,"Hoosier 43075 16x7.5-10 R20, 7 inch rim",16573
78.41,688.055,-2.21,-316.29,-146.99,3.996,-7.7,22.67,0.09,0.015,2.1519,12.09,43791.38,7.72,92.35,9.785,-0,-0.9998,141,129.06,146.6,24.99,Cornering,"Hoosier 43075 16x7.5-10 R20, 7 inch rim",16574
78.39,688.065,-3.77,-318.33,-147,4,-7.55,23.17,0.16,0.0256,2.1655,12.03,25402.88,7.72,92.32,9.742,-0,-0.9997,141.11,129.19,146.72,24.97,Cornering,"Hoosier 43075 16x7.5-10 R20, 7 inch rim",16575
78.39,688.075,-4,-321.35,-148.25,3.994,-7.81,25.1,0.09,0.027,2.1675,12,43773.52,7.72,92.3,9.686,-0,-0.9998,141.23,129.17,146.76,24.97,Cornering,"Hoosier 43075 16x7.5-10 R20, 7 inch rim",16576
78.42,688.085,-4.33,-324.67,-149.71,3.991,-8.16,26.17,0.03,0.0289,2.1686,12.02,157833.05,7.72,92.28,9.655,-0,-1,141.21,129.02,146.89,24.95,Cornering,"Hoosier 43075 16x7.5-10 R20, 7 inch rim",16577
78.4,688.095,-3.77,-328.62,-151.47,3.994,-8.4,27.39,0.09,0.0249,2.1695,12.09,43731.95,7.72,92.25,9.613,-0,-0.9998,141.13,128.93,146.97,24.94,Cornering,"Hoosier 43075 16x7.5-10 R20, 7 inch rim",16578
78.38,688.105,-2.87,-332.2,-151.81,4.003,-8.74,27.67,0.09,0.0189,2.1882,12.17,43718.27,7.72,92.27,9.56,-0,-0.9998,141.06,128.84,147.01,24.93,Cornering,"Hoosier 43075 16x7.5-10 R20, 7 inch rim",16579
78.4,688.115,-0.83,-334.32,-152.03,3.994,-7.92,28.37,0.09,0.0055,2.1991,12.21,43732.54,7.72,92.32,9.527,-0,-0.9998,140.98,128.86,147.03,24.94,Cornering,"Hoosier 43075 16x7.5-10 R20, 7 inch rim",16580
78.41,688.125,0.42,-334.29,-150.09,3.993,-8.55,27.71,0.16,-0.0028,2.2273,12.19,25380.32,7.72,92.37,9.486,-0,-0.9997,140.91,128.88,146.99,24.93,Cornering,"Hoosier 43075 16x7.5-10 R20, 7 inch rim",16581
78.39,688.135,1.24,-333.16,-148.51,3.997,-9.12,27.07,0.03,-0.0084,2.2433,12.11,157846.95,7.72,92.39,9.461,-0,-1,140.89,128.97,146.97,24.94,Cornering,"Hoosier 43075 16x7.5-10 R20, 7 inch rim",16582
78.39,688.145,1.7,-330.26,-147.16,3.991,-8.1,26.53,0.09,-0.0116,2.2442,12.02,43746.38,7.73,92.39,9.415,-0,-0.9998,140.89,128.99,146.99,24.94,Cornering,"Hoosier 43075 16x7.5-10 R20, 7 inch rim",16583
78.41,688.155,1.49,-328.18,-145.67,3.99,-8.52,26.15,0.16,-0.0102,2.2529,11.95,25411.92,7.72,92.39,9.374,-0,-0.9997,140.96,129.1,146.95,24.96,Cornering,"Hoosier 43075 16x7.5-10 R20, 7 inch rim",16584
78.4,688.165,0.14,-326.97,-144.95,3.99,-8.02,25.31,0.16,-0.001,2.2557,11.94,25426.27,7.72,92.37,9.338,-0,-0.9997,141.08,129.26,146.99,24.97,Cornering,"Hoosier 43075 16x7.5-10 R20, 7 inch rim",16585
78.38,688.175,-1.46,-327.13,-144.83,3.988,-7.74,24.94,0.16,0.0101,2.2588,12,25451.51,7.73,92.39,9.315,-0,-0.9997,141.32,129.48,147.11,24.99,Cornering,"Hoosier 43075 16x7.5-10 R20, 7 inch rim",16586
78.4,688.185,-3.25,-328.18,-145.71,3.993,-7.26,24.87,0.16,0.0223,2.2523,12.08,25442.74,7.72,92.37,9.272,-0,-0.9997,141.49,129.48,147.19,24.98,Cornering,"Hoosier 43075 16x7.5-10 R20, 7 inch rim",16587
78.42,688.195,-4.4,-330.25,-147.12,3.985,-7.5,25.02,0.16,0.0299,2.2448,12.11,25445.66,7.72,92.37,9.231,-0,-0.9997,141.51,129.39,147.31,24.98,Cornering,"Hoosier 43075 16x7.5-10 R20, 7 inch rim",16588
78.39,688.205,-5.01,-332.39,-148.39,3.998,-8.25,24.85,0.03,0.0338,2.2399,12.1,158257.28,7.72,92.35,9.196,-0,-1,141.51,129.17,147.47,24.98,Cornering,"Hoosier 43075 16x7.5-10 R20, 7 inch rim",16589
78.39,688.215,-5.32,-334.76,-149.67,3.984,-9.05,24.02,0.09,0.0355,2.2366,12.03,43900.8,7.72,92.35,9.149,-0,-0.9998,141.51,128.97,147.57,25.01,Cornering,"Hoosier 43075 16x7.5-10 R20, 7 inch rim",16590
78.41,688.225,-5,-335.01,-150.6,3.984,-9.01,22.85,0.03,0.0332,2.2245,11.95,158437.62,7.73,92.35,9.119,-0,-1,141.47,128.95,147.71,25.01,Cornering,"Hoosier 43075 16x7.5-10 R20, 7 inch rim",16591
78.4,688.235,-4.49,-333.62,-150.64,3.987,-9.65,21.64,0.03,0.0298,2.2147,11.91,158344.7,7.72,92.33,9.079,-0,-1,141.49,128.95,147.69,24.99,Cornering,"Hoosier 43075 16x7.5-10 R20, 7 inch rim",16592
78.38,688.245,-3.81,-331,-150.32,3.993,-8.81,20.74,0.03,0.0253,2.2019,11.93,158178.22,7.72,92.33,9.039,-0,-1,141.54,128.99,147.67,24.96,Cornering,"Hoosier 43075 16x7.5-10 R20, 7 inch rim",16593
78.4,688.255,-3.38,-328.13,-148.86,3.99,-8.84,19.98,0.09,0.0227,2.2042,12,43796.03,7.72,92.31,9.003,-0,-0.9998,141.69,129.04,147.63,24.94,Cornering,"Hoosier 43075 16x7.5-10 R20, 7 inch rim",16594
78.42,688.265,-2.41,-326.08,-147.11,3.994,-8.84,20.62,0.09,0.0164,2.2166,12.07,43801.07,7.72,92.3,8.96,-0,-0.9998,141.75,129.06,147.65,24.94,Cornering,"Hoosier 43075 16x7.5-10 R20, 7 inch rim",16595
78.4,688.275,-2.21,-325.05,-145.82,3.991,-7.74,21.51,0.16,0.0152,2.2292,12.15,25437.44,7.72,92.29,8.921,-0,-0.9997,141.9,129.22,147.69,24.95,Cornering,"Hoosier 43075 16x7.5-10 R20, 7 inch rim",16596
78.38,688.285,-2.52,-325.41,-145.5,4,-6.53,23.03,0.03,0.0173,2.2364,12.17,158359.27,7.72,92.28,8.871,-0,-1,142.18,129.44,147.78,24.98,Cornering,"Hoosier 43075 16x7.5-10 R20, 7 inch rim",16597
78.41,688.295,-3.62,-327.72,-145.11,3.985,-6.96,24.18,0.09,0.025,2.2584,12.13,43928.07,7.73,92.26,8.831,-0,-0.9998,142.39,129.57,147.84,25,Cornering,"Hoosier 43075 16x7.5-10 R20, 7 inch rim",16598
78.42,688.305,-4.48,-331.61,-145.63,3.993,-7.63,25.39,0.09,0.0308,2.2771,12.05,43904.44,7.73,92.3,8.771,-0,-0.9998,142.52,129.57,147.92,24.98,Cornering,"Hoosier 43075 16x7.5-10 R20, 7 inch rim",16599
78.38,688.315,-4.65,-336.04,-146.98,3.993,-8.19,26.64,0.09,0.0316,2.2862,11.98,43867.96,7.72,92.37,8.734,-0,-0.9998,142.57,129.39,148.04,24.96,Cornering,"Hoosier 43075 16x7.5-10 R20, 7 inch rim",16600
78.39,688.325,-4.61,-340.18,-148.22,3.997,-8.78,27.34,0.3,0.0311,2.295,11.97,13839.07,7.72,92.41,8.7,-0,-0.9994,142.52,129.26,148.12,24.95,Cornering,"Hoosier 43075 16x7.5-10 R20, 7 inch rim",16601
78.42,688.335,-3.89,-342.76,-149.25,3.998,-9.09,27.44,0.09,0.0261,2.2965,12.03,43865.75,7.72,92.41,8.664,-0,-0.9998,142.44,129.13,148.2,24.96,Cornering,"Hoosier 43075 16x7.5-10 R20, 7 inch rim",16602
78.4,688.345,-2.69,-343.05,-149.25,3.993,-9.36,27.49,0.09,0.018,2.2985,12.11,43870.6,7.72,92.44,8.621,-0,-0.9998,142.41,129.15,148.22,24.96,Cornering,"Hoosier 43075 16x7.5-10 R20, 7 inch rim",16603
78.38,688.355,-1.31,-341.26,-148.34,3.997,-9.77,27.27,0.09,0.0088,2.3005,12.19,43905.52,7.72,92.42,8.582,-0,-0.9998,142.46,129.13,148.12,24.97,Cornering,"Hoosier 43075 16x7.5-10 R20, 7 inch rim",16604
78.4,688.365,0.19,-337.91,-147.23,3.998,-9.2,27.49,0.03,-0.0013,2.2952,12.18,158529.08,7.72,92.35,8.548,-0,-1,142.57,129.17,148.06,24.98,Cornering,"Hoosier 43075 16x7.5-10 R20, 7 inch rim",16605
78.41,688.375,0.8,-334.46,-145.41,4.003,-8.86,27.1,0.09,-0.0055,2.3002,12.16,43976.1,7.72,92.31,8.498,-0,-0.9998,142.63,129.24,148.04,25.01,Cornering,"Hoosier 43075 16x7.5-10 R20, 7 inch rim",16606
78.39,688.385,0.81,-332.31,-144.31,3.993,-7.9,26.96,0.16,-0.0056,2.3027,12.06,25526.44,7.72,92.29,8.469,-0,-0.9997,142.76,129.39,148.02,25.01,Cornering,"Hoosier 43075 16x7.5-10 R20, 7 inch rim",16607
78.4,688.395,0.1,-331.56,-143.64,3.991,-7.11,27.2,-0.04,-0.0007,2.3082,11.98,-98693.63,7.72,92.23,8.41,-0,-1.0001,143.02,129.61,148.04,25.01,Cornering,"Hoosier 43075 16x7.5-10 R20, 7 inch rim",16608
78.42,688.405,-1.13,-332.53,-143.68,4,-7.02,27.59,0.16,0.0079,2.3143,11.95,25537.49,7.72,92.23,8.389,-0,-0.9997,143.27,129.77,148.1,25.01,Cornering,"Hoosier 43075 16x7.5-10 R20, 7 inch rim",16609
78.41,688.415,-2.94,-334.31,-144.5,3.99,-7.18,27.55,0.09,0.0204,2.3135,11.97,44003.8,7.72,92.24,8.339,-0,-0.9998,143.44,129.79,148.18,25.01,Cornering,"Hoosier 43075 16x7.5-10 R20, 7 inch rim",16610
78.38,688.425,-4.4,-336.82,-146.44,3.985,-7.45,27.45,0.16,0.03,2.3,12.07,25531,7.72,92.22,8.304,-0,-0.9997,143.53,129.66,148.26,25,Cornering,"Hoosier 43075 16x7.5-10 R20, 7 inch rim",16611
78.4,688.435,-5.1,-339.25,-147.92,3.993,-8.62,27.23,0.16,0.0345,2.2935,12.13,25526.97,7.72,92.2,8.274,-0,-0.9997,143.51,129.37,148.3,25,Cornering,"Hoosier 43075 16x7.5-10 R20, 7 inch rim",16612
78.42,688.445,-5.26,-340.7,-149.5,3.99,-8.98,26.57,0.09,0.0352,2.2789,12.13,43995.35,7.72,92.19,8.228,-0,-0.9998,143.42,129.22,148.34,25,Cornering,"Hoosier 43075 16x7.5-10 R20, 7 inch rim",16613
78.39,688.455,-4.33,-340.76,-150.42,3.981,-8.94,25.92,0.16,0.0288,2.2654,12.1,25549.84,7.72,92.2,8.193,-0,-0.9997,143.36,129.1,148.38,25.01,Cornering,"Hoosier 43075 16x7.5-10 R20, 7 inch rim",16614
78.38,688.465,-3.58,-338.79,-150.22,3.993,-8.8,24.88,0.09,0.0238,2.2553,12.01,44054.64,7.72,92.21,8.151,-0,-0.9998,143.27,129.08,148.3,25.03,Cornering,"Hoosier 43075 16x7.5-10 R20, 7 inch rim",16615
78.41,688.475,-3.04,-336.03,-149.29,3.99,-8.66,23.52,0.09,0.0204,2.2509,11.96,44068.34,7.72,92.26,8.118,-0,-0.9998,143.34,129.06,148.24,25.04,Cornering,"Hoosier 43075 16x7.5-10 R20, 7 inch rim",16616
78.41,688.485,-2.68,-332.9,-147.43,3.997,-8.24,22.68,0.09,0.0182,2.258,11.93,44032.84,7.72,92.26,8.068,-0,-0.9998,143.4,129.15,148.2,25.01,Cornering,"Hoosier 43075 16x7.5-10 R20, 7 inch rim",16617
78.38,688.495,-2.26,-331.3,-146,4.001,-8.3,22.89,0.03,0.0155,2.2691,11.98,158802.06,7.72,92.23,8.038,-0,-1,143.44,129.24,148.14,25,Cornering,"Hoosier 43075 16x7.5-10 R20, 7 inch rim",16618
78.41,688.505,-2.78,-330.53,-145.26,3.991,-7.4,23.16,0.09,0.0191,2.2755,12.06,43990.38,7.72,92.24,7.986,-0,-0.9998,143.66,129.41,148.06,24.98,Cornering,"Hoosier 43075 16x7.5-10 R20, 7 inch rim",16619
78.43,688.515,-3.51,-331.37,-144.97,4.003,-7.41,24.17,0.09,0.0242,2.2857,12.16,44013.91,7.72,92.22,7.956,-0,-0.9998,143.87,129.61,148.12,25,Cornering,"Hoosier 43075 16x7.5-10 R20, 7 inch rim",16620
78.4,688.525,-4,-333.34,-145.25,3.99,-7.91,25.89,0.09,0.0276,2.295,12.19,44038.48,7.72,92.21,7.916,-0,-0.9998,144.02,129.68,148.16,25.01,Cornering,"Hoosier 43075 16x7.5-10 R20, 7 inch rim",16621
78.4,688.535,-4.89,-335.44,-146.68,3.993,-8.11,27.06,0.09,0.0333,2.2869,12.18,44074.87,7.72,92.21,7.86,-0,-0.9998,144.11,129.61,148.22,25.03,Cornering,"Hoosier 43075 16x7.5-10 R20, 7 inch rim",16622
78.43,688.545,-5.29,-337.69,-148.46,4.001,-8.83,27.72,0.09,0.0357,2.2746,12.13,44088.75,7.72,92.21,7.825,-0,-0.9998,144.09,129.41,148.3,25.03,Cornering,"Hoosier 43075 16x7.5-10 R20, 7 inch rim",16623
78.43,688.555,-4.97,-339.57,-150.45,3.996,-8.84,28.02,0.09,0.033,2.257,12.05,44063.07,7.72,92.22,7.776,-0,-0.9998,144,129.24,148.32,25.01,Cornering,"Hoosier 43075 16x7.5-10 R20, 7 inch rim",16624
78.4,688.565,-4.02,-339.93,-151.47,3.982,-8.71,28.2,0.09,0.0266,2.2442,12.01,44026.43,7.72,92.21,7.734,-0,-0.9998,143.87,129.15,148.32,24.99,Cornering,"Hoosier 43075 16x7.5-10 R20, 7 inch rim",16625
78.42,688.575,-3.11,-338.53,-151.92,3.994,-8.52,27.61,0.16,0.0205,2.2283,12.04,25520,7.72,92.21,7.704,-0,-0.9997,143.77,129.22,148.28,24.96,Cornering,"Hoosier 43075 16x7.5-10 R20, 7 inch rim",16626
78.44,688.585,-2,-335.78,-151.22,3.994,-8.56,27.2,0.03,0.0132,2.2205,12.13,158684.88,7.72,92.27,7.657,-0,-1,143.83,129.3,148.22,24.96,Cornering,"Hoosier 43075 16x7.5-10 R20, 7 inch rim",16627
78.41,688.595,-0.65,-332.29,-149.79,3.994,-8.22,27.28,0.09,0.0043,2.2184,12.21,43985.98,7.72,92.31,7.628,-0,-0.9998,143.96,129.35,148.14,24.96,Cornering,"Hoosier 43075 16x7.5-10 R20, 7 inch rim",16628
78.4,688.605,0.1,-329.44,-148.09,3.994,-8.08,27.63,0.16,-0.0007,2.2246,12.24,25515.42,7.72,92.33,7.578,-0,-0.9997,144,129.41,148.14,24.94,Cornering,"Hoosier 43075 16x7.5-10 R20, 7 inch rim",16629
78.44,688.615,-0.05,-328.08,-146.84,3.981,-7.87,27.96,0.03,0.0003,2.2342,12.19,158692.47,7.72,92.36,7.533,-0,-1,144.2,129.57,148,24.95,Cornering,"Hoosier 43075 16x7.5-10 R20, 7 inch rim",16630
78.44,688.625,-0.45,-328.33,-146.24,3.996,-8.57,29.17,0.09,0.0031,2.2451,12.14,43968.17,7.72,92.39,7.498,-0,-0.9998,144.41,129.79,148.04,24.94,Cornering,"Hoosier 43075 16x7.5-10 R20, 7 inch rim",16631
78.41,688.635,-2.15,-329.36,-147.06,3.994,-8.01,29.39,0.16,0.0146,2.2396,12.05,25510.47,7.72,92.43,7.457,-0,-0.9997,144.58,129.92,148.06,24.93,Cornering,"Hoosier 43075 16x7.5-10 R20, 7 inch rim",16632
78.43,688.645,-3.51,-331.3,-148.35,3.993,-8.38,30.13,0.16,0.0236,2.2333,12.01,25530.27,7.72,92.44,7.421,-0,-0.9997,144.62,129.9,148.04,24.95,Cornering,"Hoosier 43075 16x7.5-10 R20, 7 inch rim",16633
78.45,688.655,-4.72,-333.34,-150.14,3.982,-8.71,30.15,0.03,0.0314,2.2201,12.06,158856.75,7.72,92.43,7.379,-0,-1,144.62,129.72,148.1,24.97,Cornering,"Hoosier 43075 16x7.5-10 R20, 7 inch rim",16634
78.44,688.665,-5.24,-335.26,-152.17,3.993,-8.49,29.99,0.03,0.0344,2.2032,12.12,159053.03,7.72,92.39,7.345,-0,-1,144.56,129.5,148.12,25,Cornering,"Hoosier 43075 16x7.5-10 R20, 7 inch rim",16635
78.42,688.675,-4.74,-336.44,-153.09,3.991,-9.09,29.49,0.09,0.031,2.1976,12.18,44068.54,7.72,92.37,7.305,-0,-0.9998,144.47,129.39,148.12,24.99,Cornering,"Hoosier 43075 16x7.5-10 R20, 7 inch rim",16636
78.45,688.685,-3.82,-335.27,-153.92,3.985,-7.79,28.86,0.09,0.0248,2.1782,12.19,44061.72,7.72,92.4,7.269,-0,-0.9998,144.41,129.39,148.14,24.98,Cornering,"Hoosier 43075 16x7.5-10 R20, 7 inch rim",16637
78.46,688.695,-2.48,-333.46,-153,3.984,-8.31,28.41,0.09,0.0162,2.1794,12.15,44054.88,7.72,92.38,7.233,-0,-0.9998,144.39,129.35,148.04,24.98,Cornering,"Hoosier 43075 16x7.5-10 R20, 7 inch rim",16638
78.43,688.705,-2.01,-330.6,-151.79,3.991,-8.38,27.27,0.16,0.0132,2.178,12.08,25572.19,7.72,92.41,7.199,-0,-0.9997,144.45,129.5,147.92,24.98,Cornering,"Hoosier 43075 16x7.5-10 R20, 7 inch rim",16639
78.44,688.715,-1.4,-328.03,-150.42,3.987,-8.23,26.87,0.09,0.0093,2.1807,11.98,44082.83,7.72,92.42,7.153,-0,-0.9998,144.43,129.57,147.86,24.99,Cornering,"Hoosier 43075 16x7.5-10 R20, 7 inch rim",16640
78.46,688.725,-1.66,-326.43,-148.77,3.99,-8.22,26.41,0.16,0.0112,2.1942,11.93,25582.46,7.72,92.41,7.119,-0,-0.9997,144.52,129.61,147.82,24.98,Cornering,"Hoosier 43075 16x7.5-10 R20, 7 inch rim",16641
78.45,688.735,-2.89,-325.89,-148.14,4.003,-8.25,26.16,0.03,0.0195,2.1999,11.94,159105.92,7.72,92.41,7.08,-0,-1,144.71,129.9,147.82,24.99,Cornering,"Hoosier 43075 16x7.5-10 R20, 7 inch rim",16642
78.43,688.745,-4.32,-326.01,-147.86,3.982,-8.48,26.39,0.23,0.0292,2.2049,12,18020.19,7.72,92.43,7.033,-0,-0.9996,144.82,130.03,147.86,24.98,Cornering,"Hoosier 43075 16x7.5-10 R20, 7 inch rim",16643
78.46,688.755,-5.53,-327.06,-148.98,3.993,-8.15,27.28,0.23,0.0371,2.1953,12.09,18013.38,7.72,92.44,6.991,-0,-0.9996,144.86,130.07,147.86,24.97,Cornering,"Hoosier 43075 16x7.5-10 R20, 7 inch rim",16644
78.47,688.765,-6.77,-328.26,-150.07,3.998,-8.68,27.96,0.03,0.0451,2.1873,12.11,159111,7.72,92.46,6.953,-0,-1,144.84,129.94,147.88,24.98,Cornering,"Hoosier 43075 16x7.5-10 R20, 7 inch rim",16645
78.44,688.775,-6.62,-329.84,-152.36,4.003,-8.73,29.05,0.09,0.0435,2.1649,12.1,44104.2,7.72,92.47,6.92,-0,-0.9998,144.73,129.72,147.88,24.99,Cornering,"Hoosier 43075 16x7.5-10 R20, 7 inch rim",16646
78.44,688.785,-6.21,-330.8,-153.97,3.994,-8.3,29.32,0.03,0.0403,2.1484,12,159246.36,7.72,92.49,6.877,-0,-1,144.6,129.55,147.88,25,Cornering,"Hoosier 43075 16x7.5-10 R20, 7 inch rim",16647
78.47,688.795,-5.35,-331.07,-154.58,3.996,-8.47,29.21,0.09,0.0346,2.1417,11.94,44132.85,7.72,92.54,6.828,-0,-0.9998,144.47,129.48,147.86,25,Cornering,"Hoosier 43075 16x7.5-10 R20, 7 inch rim",16648
78.47,688.805,-4,-330.08,-155.03,3.987,-8.22,29.06,0.16,0.0258,2.1292,11.91,25611.98,7.72,92.55,6.782,-0,-0.9997,144.41,129.5,147.8,25,Cornering,"Hoosier 43075 16x7.5-10 R20, 7 inch rim",16649
78.44,688.815,-2.27,-327.04,-154,3.99,-8.17,29.24,0.09,0.0147,2.1237,11.92,44119.71,7.72,92.6,6.745,-0,-0.9998,144.45,129.52,147.65,24.99,Cornering,"Hoosier 43075 16x7.5-10 R20, 7 inch rim",16650
78.46,688.825,-1.38,-324.68,-152.34,3.993,-9.19,28.9,0.03,0.0091,2.1313,12,159190.31,7.72,92.64,6.705,-0,-1,144.47,129.61,147.53,24.98,Cornering,"Hoosier 43075 16x7.5-10 R20, 7 inch rim",16651
78.49,688.835,-1.25,-322.41,-151.34,3.994,-9.13,28.71,0.16,0.0082,2.1304,12.06,25599.83,7.72,92.66,6.671,-0,-0.9997,144.5,129.61,147.49,24.98,Cornering,"Hoosier 43075 16x7.5-10 R20, 7 inch rim",16652
78.45,688.845,-1.68,-320.6,-150.43,3.997,-8.16,29.02,0.09,0.0112,2.1312,12.11,44118.93,7.72,92.62,6.636,-0,-0.9998,144.58,129.66,147.45,24.98,Cornering,"Hoosier 43075 16x7.5-10 R20, 7 inch rim",16653
78.44,688.855,-2.1,-319.67,-150.1,3.99,-8,30.13,0.09,0.014,2.1297,12.11,44123.23,7.72,92.62,6.586,-0,-0.9998,144.67,129.85,147.45,24.98,Cornering,"Hoosier 43075 16x7.5-10 R20, 7 inch rim",16654
78.48,688.865,-2.94,-320.27,-150.78,3.993,-8.07,31.41,0.09,0.0195,2.1241,12.03,44146.75,7.72,92.6,6.55,-0,-0.9998,144.8,129.94,147.39,25,Cornering,"Hoosier 43075 16x7.5-10 R20, 7 inch rim",16655
78.48,688.875,-4.4,-321.09,-152.05,3.982,-7.9,31.76,0.03,0.0289,2.1117,11.97,159288.38,7.72,92.6,6.507,-0,-1,144.82,129.77,147.49,24.99,Cornering,"Hoosier 43075 16x7.5-10 R20, 7 inch rim",16656
78.44,688.885,-4.75,-322.55,-153.88,3.988,-8.38,32.55,0.16,0.0309,2.0962,11.95,25597.93,7.72,92.61,6.469,-0,-0.9997,144.77,129.57,147.51,24.97,Cornering,"Hoosier 43075 16x7.5-10 R20, 7 inch rim",16657
78.46,688.895,-4.87,-324.34,-155.53,3.996,-9.03,32.66,0.23,0.0313,2.0854,11.97,18037.84,7.72,92.62,6.421,-0,-0.9996,144.62,129.39,147.49,24.97,Cornering,"Hoosier 43075 16x7.5-10 R20, 7 inch rim",16658
78.49,688.905,-4.56,-324.84,-157.18,3.993,-8.19,32.12,0.16,0.029,2.0667,12.06,25595.86,7.72,92.61,6.389,-0,-0.9997,144.45,129.26,147.47,24.96,Cornering,"Hoosier 43075 16x7.5-10 R20, 7 inch rim",16659
78.47,688.915,-3.83,-324.39,-157.13,3.994,-9.17,31.46,0.09,0.0244,2.0645,12.13,44121.86,7.72,92.61,6.358,-0,-0.9998,144.32,129.19,147.43,24.97,Cornering,"Hoosier 43075 16x7.5-10 R20, 7 inch rim",16660
78.45,688.925,-2.71,-322.26,-156.46,3.996,-9.6,30.77,0.16,0.0173,2.0598,12.2,25617.25,7.72,92.6,6.314,-0,-0.9997,144.28,129.26,147.27,24.98,Cornering,"Hoosier 43075 16x7.5-10 R20, 7 inch rim",16661
78.48,688.935,-2.16,-319.21,-155.19,3.991,-9.64,29.91,0.16,0.0139,2.0569,12.19,25631.17,7.72,92.58,6.271,-0,-0.9997,144.24,129.3,147.15,24.99,Cornering,"Hoosier 43075 16x7.5-10 R20, 7 inch rim",16662
78.49,688.945,-1.68,-316.2,-153.7,3.991,-9.46,29.59,0.16,0.0109,2.0572,12.13,25626.64,7.72,92.51,6.241,-0,-0.9997,144.28,129.33,147.11,24.98,Cornering,"Hoosier 43075 16x7.5-10 R20, 7 inch rim",16663
78.46,688.955,-1.89,-314.13,-152.34,4,-9.46,29.58,0.16,0.0124,2.062,12.06,25628.98,7.72,92.44,6.191,-0,-0.9997,144.3,129.5,147.07,24.98,Cornering,"Hoosier 43075 16x7.5-10 R20, 7 inch rim",16664
78.47,688.965,-3.17,-312.75,-152.16,4.001,-8.62,29.38,0.09,0.0208,2.0554,12.03,44158.36,7.72,92.42,6.161,-0,-0.9998,144.41,129.68,147.03,24.98,Cornering,"Hoosier 43075 16x7.5-10 R20, 7 inch rim",16665
78.5,688.975,-4.85,-312.54,-152.93,4.001,-7.79,29.51,0.09,0.0317,2.0437,12.03,44192.28,7.72,92.42,6.121,-0,-0.9998,144.54,129.77,147.05,25,Cornering,"Hoosier 43075 16x7.5-10 R20, 7 inch rim",16666
78.47,688.985,-6.21,-313.24,-153.95,3.996,-7.96,29.9,0.23,0.0404,2.0346,12.11,18065.96,7.72,92.42,6.078,-0,-0.9996,144.52,129.74,147.07,25,Cornering,"Hoosier 43075 16x7.5-10 R20, 7 inch rim",16667
78.46,688.995,-7.14,-314.09,-155.39,3.998,-8.1,30.53,0.09,0.0459,2.0214,12.17,44177.88,7.72,92.41,6.043,-0,-0.9998,144.41,129.52,147.03,24.99,Cornering,"Hoosier 43075 16x7.5-10 R20, 7 inch rim",16668
78.48,689.005,-7.1,-316.13,-157.68,3.997,-8.63,31.07,0.16,0.045,2.0048,12.22,25655.35,7.72,92.44,6.005,-0,-0.9997,144.26,129.35,147.07,25,Cornering,"Hoosier 43075 16x7.5-10 R20, 7 inch rim",16669
78.5,689.015,-6.46,-317.62,-158.8,3.997,-9.4,31.34,0.16,0.0407,2.0001,12.19,25645.7,7.72,92.44,5.955,-0,-0.9997,144.09,129.24,146.99,24.99,Cornering,"Hoosier 43075 16x7.5-10 R20, 7 inch rim",16670
78.47,689.025,-5.42,-317.9,-158.99,3.99,-10.47,31.25,0.09,0.0341,1.9995,12.12,44197.76,7.72,92.43,5.919,-0,-0.9998,143.92,129.22,146.97,25,Cornering,"Hoosier 43075 16x7.5-10 R20, 7 inch rim",16671
78.47,689.035,-3.96,-315.75,-158.85,3.997,-9.82,31.08,0.03,0.0249,1.9877,12.05,159543.89,7.72,92.45,5.88,-0,-1,143.83,129.3,146.85,25,Cornering,"Hoosier 43075 16x7.5-10 R20, 7 inch rim",16672
78.5,689.045,-2.63,-313.16,-157.65,3.988,-10.53,30.9,0.09,0.0167,1.9863,11.97,44184.22,7.72,92.45,5.827,-0,-0.9998,143.79,129.37,146.79,24.98,Cornering,"Hoosier 43075 16x7.5-10 R20, 7 inch rim",16673
78.49,689.055,-1.87,-309.47,-156.32,3.979,-9.92,30.59,0.09,0.012,1.9798,11.97,44156.26,7.73,92.48,5.79,-0,-0.9998,143.79,129.41,146.79,24.97,Cornering,"Hoosier 43075 16x7.5-10 R20, 7 inch rim",16674
78.46,689.065,-1.42,-306.36,-154.62,3.994,-10.15,31.23,0.09,0.0092,1.9814,12.03,44129.44,7.72,92.47,5.737,-0,-0.9998,143.68,129.5,146.72,24.95,Cornering,"Hoosier 43075 16x7.5-10 R20, 7 inch rim",16675
78.49,689.075,-2.02,-304.36,-154.13,3.991,-9.3,31.7,0.09,0.0131,1.9747,12.11,44111.05,7.72,92.45,5.708,-0,-0.9998,143.75,129.7,146.72,24.94,Cornering,"Hoosier 43075 16x7.5-10 R20, 7 inch rim",16676
78.5,689.085,-3.07,-303.15,-153.44,3.987,-9.1,32.57,0.09,0.02,1.9757,12.17,44113.88,7.73,92.47,5.67,-0,-0.9998,143.81,129.74,146.76,24.94,Cornering,"Hoosier 43075 16x7.5-10 R20, 7 inch rim",16677
78.47,689.095,-4.38,-303.56,-154.3,3.985,-9.15,33.39,0.16,0.0284,1.9674,12.15,25618.28,7.73,92.47,5.627,-0,-0.9997,143.87,129.7,146.79,24.95,Cornering,"Hoosier 43075 16x7.5-10 R20, 7 inch rim",16678
78.47,689.105,-5.09,-304.39,-155.52,3.974,-9.53,34.53,0.16,0.0328,1.9573,12.09,25626.03,7.73,92.47,5.584,-0,-0.9997,143.85,129.55,146.74,24.96,Cornering,"Hoosier 43075 16x7.5-10 R20, 7 inch rim",16679
78.5,689.115,-5.57,-305.7,-157.68,3.99,-9.49,35.12,0.09,0.0353,1.9388,12,44163.48,7.73,92.46,5.551,-0,-0.9998,143.68,129.28,146.7,24.96,Cornering,"Hoosier 43075 16x7.5-10 R20, 7 inch rim",16680
78.49,689.125,-5.25,-306.98,-159.5,3.984,-9.99,35.38,0.03,0.0329,1.9246,11.94,159421.72,7.73,92.46,5.504,-0,-1,143.53,129.04,146.68,24.97,Cornering,"Hoosier 43075 16x7.5-10 R20, 7 inch rim",16681
78.47,689.135,-4.77,-306.94,-160.51,3.994,-9.89,34.92,0.09,0.0297,1.9123,11.92,44169.07,7.73,92.47,5.472,-0,-0.9998,143.4,128.93,146.64,24.96,Cornering,"Hoosier 43075 16x7.5-10 R20, 7 inch rim",16682
78.49,689.145,-3.73,-305.52,-160.34,3.985,-9.98,34.18,0.03,0.0233,1.9054,11.95,159476.55,7.73,92.47,5.433,-0,-1,143.29,128.95,146.56,24.97,Cornering,"Hoosier 43075 16x7.5-10 R20, 7 inch rim",16683
78.51,689.155,-2.77,-302.45,-159.57,3.985,-9.41,33.34,0.03,0.0173,1.8955,12.04,159602.33,7.73,92.49,5.375,-0,-1,143.23,128.99,146.44,24.99,Cornering,"Hoosier 43075 16x7.5-10 R20, 7 inch rim",16684
78.49,689.165,-2.19,-299.03,-157.83,3.998,-10.08,32.44,0.09,0.0139,1.8946,12.13,44248.46,7.73,92.46,5.363,-0,-0.9998,143.23,129.08,146.36,25,Cornering,"Hoosier 43075 16x7.5-10 R20, 7 inch rim",16685
78.47,689.175,-1.69,-295.08,-156.1,3.996,-9.12,32.32,0.09,0.0108,1.8903,12.11,44251.8,7.73,92.41,5.315,-0,-0.9998,143.17,129.15,146.32,25,Cornering,"Hoosier 43075 16x7.5-10 R20, 7 inch rim",16686
78.5,689.185,-1.89,-292.88,-154.14,3.996,-10.05,32.75,0.09,0.0123,1.9001,12.08,44274.96,7.73,92.35,5.276,-0,-0.9998,143.25,129.28,146.24,25.01,Cornering,"Hoosier 43075 16x7.5-10 R20, 7 inch rim",16687
78.5,689.195,-2.9,-291.48,-153.42,3.982,-9.7,33.19,0.09,0.0189,1.8999,12,44246.6,7.73,92.32,5.24,-0,-0.9998,143.25,129.48,146.26,25,Cornering,"Hoosier 43075 16x7.5-10 R20, 7 inch rim",16688
78.47,689.205,-4.5,-290.81,-154.19,3.984,-8.59,33.65,0.16,0.0292,1.8861,11.97,25671.64,7.73,92.32,5.19,-0,-0.9997,143.36,129.52,146.28,24.98,Cornering,"Hoosier 43075 16x7.5-10 R20, 7 inch rim",16689
78.48,689.215,-5.83,-291.41,-154.87,3.985,-9.53,33.98,0.16,0.0376,1.8816,12,25667.06,7.73,92.31,5.154,-0,-0.9997,143.34,129.44,146.28,24.98,Cornering,"Hoosier 43075 16x7.5-10 R20, 7 inch rim",16690
78.52,689.225,-6.99,-292.11,-156.55,3.996,-9.67,33.84,0.09,0.0447,1.8659,12.06,44233.99,7.73,92.29,5.121,-0,-0.9998,143.23,129.22,146.26,24.98,Cornering,"Hoosier 43075 16x7.5-10 R20, 7 inch rim",16691
78.48,689.235,-6.96,-293.08,-158.38,3.994,-9.91,34.08,0.03,0.044,1.8505,12.15,159638.17,7.73,92.29,5.074,-0,-1,143.08,129.04,146.22,24.98,Cornering,"Hoosier 43075 16x7.5-10 R20, 7 inch rim",16692
78.47,689.245,-6.45,-293.03,-159.38,3.998,-9.9,33.78,0.09,0.0405,1.8385,12.22,44240.33,7.73,92.31,5.024,-0,-0.9998,142.93,128.91,146.18,24.98,Cornering,"Hoosier 43075 16x7.5-10 R20, 7 inch rim",16693
78.5,689.255,-5.63,-292.04,-160.2,3.998,-9.34,33.14,0.09,0.0351,1.823,12.21,44273.79,7.73,92.33,4.982,-0,-0.9998,142.76,128.82,146.1,25,Cornering,"Hoosier 43075 16x7.5-10 R20, 7 inch rim",16694
78.51,689.265,-4.3,-289.28,-159.18,3.988,-9.82,32.64,0.09,0.027,1.8172,12.16,44265.8,7.74,92.29,4.947,-0,-0.9998,142.67,128.86,146.04,25,Cornering,"Hoosier 43075 16x7.5-10 R20, 7 inch rim",16695
78.47,689.275,-2.98,-285.63,-157.97,3.991,-9.47,32.51,0.09,0.0188,1.8081,12.08,44258.79,7.74,92.25,4.895,-0,-0.9998,142.59,128.93,145.92,24.99,Cornering,"Hoosier 43075 16x7.5-10 R20, 7 inch rim",16696
78.48,689.285,-2.35,-282.22,-155.88,4,-10.41,32.33,0.16,0.0151,1.8104,12,25683.49,7.74,92.24,4.874,-0,-0.9997,142.5,128.91,145.88,24.98,Cornering,"Hoosier 43075 16x7.5-10 R20, 7 inch rim",16697
78.52,689.295,-2.37,-278.83,-154.41,3.982,-9.65,32.75,0.09,0.0154,1.8058,11.98,44232.09,7.74,92.27,4.829,-0,-0.9998,142.39,128.97,145.77,24.97,Cornering,"Hoosier 43075 16x7.5-10 R20, 7 inch rim",16698
78.49,689.305,-2.98,-276.91,-153.36,3.993,-9.56,33.56,0.09,0.0194,1.8056,12.03,44213.59,7.74,92.29,4.796,-0,-0.9998,142.37,129.15,145.63,24.96,Cornering,"Hoosier 43075 16x7.5-10 R20, 7 inch rim",16699
78.48,689.315,-3.88,-275.72,-152.46,3.988,-10.11,34.87,0.03,0.0255,1.8085,12.14,159489.67,7.74,92.29,4.749,-0,-1,142.35,129.24,145.47,24.95,Cornering,"Hoosier 43075 16x7.5-10 R20, 7 inch rim",16700
78.5,689.325,-5.25,-275.66,-153.79,3.998,-9.15,35.62,0.09,0.0342,1.7925,12.19,44187.4,7.74,92.32,4.72,-0,-0.9998,142.31,129.13,145.27,24.94,Cornering,"Hoosier 43075 16x7.5-10 R20, 7 inch rim",16701
78.51,689.335,-5.87,-276.62,-155.41,3.987,-9.65,36.48,0.09,0.0378,1.7799,12.18,44190.48,7.74,92.34,4.669,-0,-0.9998,142.18,128.93,145.05,24.94,Cornering,"Hoosier 43075 16x7.5-10 R20, 7 inch rim",16702
78.48,689.345,-6.25,-277.43,-157.05,3.979,-10,36.67,-0.04,0.0398,1.7665,12.14,-99136.66,7.74,92.31,4.619,-0,-1.0001,141.99,128.77,144.82,24.94,Cornering,"Hoosier 43075 16x7.5-10 R20, 7 inch rim",16703
78.48,689.355,-6.09,-278.58,-158.93,3.987,-10.38,36.54,0.23,0.0383,1.7528,12.04,18069.69,7.74,92.31,4.6,-0,-0.9996,141.88,128.69,144.6,24.94,Cornering,"Hoosier 43075 16x7.5-10 R20, 7 inch rim",16704
78.5,689.365,-5.17,-277.92,-159.78,3.994,-10.06,36.25,0.09,0.0324,1.7394,11.95,44186.79,7.74,92.35,4.557,-0,-0.9998,141.73,128.62,144.32,24.94,Cornering,"Hoosier 43075 16x7.5-10 R20, 7 inch rim",16705
78.5,689.375,-4.04,-276.08,-159.35,3.993,-10.23,35.55,0.09,0.0254,1.7325,11.92,44168.73,7.74,92.42,4.514,-0,-0.9998,141.62,128.64,144.1,24.93,Cornering,"Hoosier 43075 16x7.5-10 R20, 7 inch rim",16706
78.47,689.385,-2.9,-272.73,-158.32,3.996,-9.99,35.06,0.09,0.0183,1.7226,11.97,44171.1,7.74,92.48,4.473,-0,-0.9998,141.58,128.73,143.85,24.93,Cornering,"Hoosier 43075 16x7.5-10 R20, 7 inch rim",16707
78.5,689.395,-2.27,-269.26,-156.48,3.993,-10.49,34.55,0.09,0.0145,1.7208,12.05,44173.05,7.74,92.53,4.438,-0,-0.9998,141.49,128.75,143.67,24.93,Cornering,"Hoosier 43075 16x7.5-10 R20, 7 inch rim",16708
78.51,689.405,-2.34,-265.35,-154.05,3.985,-10.81,34.24,0.16,0.0152,1.7225,12.09,25675.89,7.75,92.58,4.401,-0,-0.9997,141.43,128.8,143.57,24.96,Cornering,"Hoosier 43075 16x7.5-10 R20, 7 inch rim",16709
78.48,689.415,-3.79,-262.46,-153.31,3.994,-9.75,33.92,0.16,0.0247,1.712,12.1,25688.97,7.74,92.61,4.365,-0,-0.9997,141.45,128.91,143.63,24.97,Cornering,"Hoosier 43075 16x7.5-10 R20, 7 inch rim",16710
78.49,689.425,-5.12,-260.82,-152.48,3.996,-10.19,34.42,0.09,0.0336,1.7105,12.06,44292.58,7.75,92.67,4.321,-0,-0.9998,141.45,129.08,143.71,24.99,Cornering,"Hoosier 43075 16x7.5-10 R20, 7 inch rim",16711
78.51,689.435,-6.23,-260.2,-152.61,3.996,-10.45,35.5,0.16,0.0408,1.705,11.97,25721.3,7.75,92.7,4.287,-0,-0.9997,141.49,129.06,143.81,25,Cornering,"Hoosier 43075 16x7.5-10 R20, 7 inch rim",16712
78.5,689.445,-7.84,-260.24,-154.34,3.994,-9.82,35.43,0.03,0.0508,1.6861,11.89,159889.88,7.75,92.74,4.248,-0,-1,141.47,128.91,143.96,25,Cornering,"Hoosier 43075 16x7.5-10 R20, 7 inch rim",16713
78.48,689.455,-7.89,-260.71,-156.35,3.988,-9.84,36.12,0.09,0.0505,1.6675,11.86,44288.52,7.75,92.72,4.206,-0,-0.9998,141.3,128.66,144.04,24.98,Cornering,"Hoosier 43075 16x7.5-10 R20, 7 inch rim",16714
78.49,689.465,-7.71,-261.11,-158.15,4.001,-10.11,36.21,-0.04,0.0487,1.6511,11.92,-99446.04,7.75,92.71,4.173,-0,-1.0001,141.15,128.51,144.08,25.01,Cornering,"Hoosier 43075 16x7.5-10 R20, 7 inch rim",16715
78.52,689.475,-7.14,-260.73,-159.04,3.997,-10.4,35.71,0.16,0.0449,1.6394,11.98,25738.2,7.75,92.71,4.126,-0,-0.9997,141,128.38,144.16,25.01,Cornering,"Hoosier 43075 16x7.5-10 R20, 7 inch rim",16716
78.49,689.485,-5.42,-259.47,-159.19,3.994,-10.94,35.65,0.09,0.034,1.6299,12.08,44377.57,7.75,92.74,4.076,-0,-0.9998,140.89,128.31,144.16,25.03,Cornering,"Hoosier 43075 16x7.5-10 R20, 7 inch rim",16717
78.48,689.495,-4.14,-256.89,-158.42,4,-11.47,35.11,0.16,0.0261,1.6216,12.13,25752.5,7.75,92.79,4.047,-0,-0.9997,140.83,128.27,144.14,25.03,Cornering,"Hoosier 43075 16x7.5-10 R20, 7 inch rim",16718
78.5,689.505,-2.92,-253.28,-156.08,3.99,-12.33,34.9,0.03,0.0187,1.6228,12.09,159971.91,7.75,92.78,4.01,-0,-1,140.78,128.31,144.12,25,Cornering,"Hoosier 43075 16x7.5-10 R20, 7 inch rim",16719
78.52,689.515,-2.83,-249.35,-154.31,3.991,-11.97,34.46,0.03,0.0183,1.6159,12.05,159832.69,7.75,92.81,3.96,-0,-1,140.63,128.31,144.12,24.98,Cornering,"Hoosier 43075 16x7.5-10 R20, 7 inch rim",16720
78.48,689.525,-3.29,-245.67,-153.25,3.985,-10.88,34.7,0.09,0.0214,1.6031,11.96,44272.92,7.75,92.79,3.91,-0,-0.9998,140.68,128.42,144.16,24.97,Cornering,"Hoosier 43075 16x7.5-10 R20, 7 inch rim",16721
78.49,689.535,-4.34,-243.07,-152.54,3.985,-10.34,35.27,0.03,0.0285,1.5935,11.95,159736.25,7.75,92.78,3.877,-0,-1,140.72,128.55,144.18,24.96,Cornering,"Hoosier 43075 16x7.5-10 R20, 7 inch rim",16722
78.51,689.545,-5.13,-241.22,-152.66,3.993,-9.68,36.84,0.16,0.0336,1.5801,11.97,25693.26,7.75,92.77,3.827,-0,-0.9997,140.76,128.62,144.22,24.96,Cornering,"Hoosier 43075 16x7.5-10 R20, 7 inch rim",16723
78.49,689.555,-5.95,-240.87,-153.32,3.994,-9.96,37.99,0.09,0.0388,1.571,12.06,44257.73,7.75,92.76,3.8,-0,-0.9998,140.81,128.51,144.18,24.96,Cornering,"Hoosier 43075 16x7.5-10 R20, 7 inch rim",16724
78.47,689.565,-7.04,-240.89,-155.02,3.981,-10.13,38.09,0.16,0.0454,1.5539,12.14,25683.19,7.76,92.79,3.76,-0,-0.9997,140.7,128.29,144.22,24.95,Cornering,"Hoosier 43075 16x7.5-10 R20, 7 inch rim",16725
78.51,689.575,-6.9,-241.02,-156.37,3.998,-10.82,38.59,0.09,0.0441,1.5413,12.14,44210.72,7.76,92.78,3.707,-0,-0.9998,140.59,128.14,144.16,24.93,Cornering,"Hoosier 43075 16x7.5-10 R20, 7 inch rim",16726
78.51,689.585,-6.64,-241.31,-158.52,3.985,-11.3,38.07,0.09,0.0419,1.5222,12.12,44233.07,7.76,92.79,3.668,-0,-0.9998,140.46,128.05,144.1,24.94,Cornering,"Hoosier 43075 16x7.5-10 R20, 7 inch rim",16727
78.48,689.595,-5.51,-240.08,-158.53,3.987,-11.98,37.7,0.03,0.0348,1.5144,12.06,159666.02,7.76,92.81,3.637,-0,-1,140.36,128,144.06,24.94,Cornering,"Hoosier 43075 16x7.5-10 R20, 7 inch rim",16728
78.48,689.605,-4.51,-237.59,-158.65,3.991,-11.46,36.77,0.09,0.0284,1.4976,11.97,44256.84,7.76,92.8,3.598,-0,-0.9998,140.18,128,143.98,24.95,Cornering,"Hoosier 43075 16x7.5-10 R20, 7 inch rim",16729
78.52,689.615,-3.43,-234.42,-157.02,3.988,-12.2,36.14,0.03,0.0219,1.4929,11.92,159791.77,7.76,92.8,3.548,-0,-1,140.12,128.09,143.9,24.96,Cornering,"Hoosier 43075 16x7.5-10 R20, 7 inch rim",16730
78.5,689.625,-3.22,-230.03,-155.29,3.993,-11.63,35.65,0.09,0.0207,1.4812,11.97,44260.79,7.76,92.81,3.509,-0,-0.9998,140.01,128.16,143.81,24.95,Cornering,"Hoosier 43075 16x7.5-10 R20, 7 inch rim",16731
78.47,689.635,-3.67,-226.11,-153.73,4.001,-11.29,35.31,0.03,0.0239,1.4708,12.04,159730.7,7.75,92.86,3.465,-0,-1,139.95,128.2,143.77,24.95,Cornering,"Hoosier 43075 16x7.5-10 R20, 7 inch rim",16732
78.5,689.645,-4.36,-222.11,-152.49,3.993,-10.19,35.92,0.03,0.0286,1.4565,12.11,159848.27,7.76,92.89,3.425,-0,-1,139.93,128.33,143.79,24.97,Cornering,"Hoosier 43075 16x7.5-10 R20, 7 inch rim",16733
78.51,689.655,-5.98,-219.97,-152.06,3.993,-10.33,36.34,0.09,0.0393,1.4466,12.11,44327.38,7.76,92.89,3.396,-0,-0.9998,139.95,128.4,143.81,24.98,Cornering,"Hoosier 43075 16x7.5-10 R20, 7 inch rim",16734
78.49,689.665,-7.47,-218.85,-152.62,3.994,-10.45,36.99,0.03,0.0489,1.434,12.1,160082.75,7.76,92.88,3.347,-0,-1,139.93,128.31,143.75,25,Cornering,"Hoosier 43075 16x7.5-10 R20, 7 inch rim",16735
78.49,689.675,-7.94,-218.61,-154.48,4.001,-10.86,38.02,0.09,0.0514,1.4151,12.02,44382.57,7.76,92.86,3.306,-0,-0.9998,139.84,128.11,143.73,25.01,Cornering,"Hoosier 43075 16x7.5-10 R20, 7 inch rim",16736
78.52,689.685,-8.43,-218.92,-156.46,3.988,-11.52,38.17,0.09,0.0539,1.3992,11.93,44343.02,7.76,92.84,3.267,-0,-0.9998,139.73,127.85,143.69,24.99,Cornering,"Hoosier 43075 16x7.5-10 R20, 7 inch rim",16737
78.5,689.695,-8,-218.94,-158.38,3.982,-12.36,38.03,0.03,0.0505,1.3824,11.89,159914.56,7.76,92.83,3.23,-0,-1,139.58,127.65,143.59,24.97,Cornering,"Hoosier 43075 16x7.5-10 R20, 7 inch rim",16738
78.48,689.705,-6.96,-218.12,-159.78,3.997,-12.57,37.67,0.16,0.0436,1.3651,11.92,25739.37,7.76,92.86,3.19,-0,-0.9997,139.41,127.56,143.51,24.99,Cornering,"Hoosier 43075 16x7.5-10 R20, 7 inch rim",16739
78.5,689.715,-5.74,-216.13,-159.09,3.991,-13.15,36.96,0.09,0.0361,1.3586,11.99,44348.11,7.76,92.89,3.14,-0,-0.9998,139.28,127.45,143.43,24.99,Cornering,"Hoosier 43075 16x7.5-10 R20, 7 inch rim",16740
78.51,689.725,-4.47,-212.61,-158.15,3.994,-12.44,36.41,0.09,0.0283,1.3443,12.08,44410.55,7.76,92.94,3.121,-0,-0.9998,139.18,127.5,143.35,25.03,Cornering,"Hoosier 43075 16x7.5-10 R20, 7 inch rim",16741
78.49,689.735,-3.56,-208.55,-156.28,4.001,-12.18,35.98,0.16,0.0228,1.3345,12.13,25795.56,7.76,92.96,3.081,-0,-0.9997,139.11,127.54,143.25,25.04,Cornering,"Hoosier 43075 16x7.5-10 R20, 7 inch rim",16742
78.48,689.745,-3.61,-203.32,-154.44,3.985,-10.94,35.55,0.09,0.0234,1.3165,12.14,44433.97,7.76,92.98,3.047,-0,-0.9998,139.02,127.54,143.15,25.04,Cornering,"Hoosier 43075 16x7.5-10 R20, 7 inch rim",16743
78.51,689.755,-4.17,-199.58,-152.61,3.994,-11.28,35.81,0.23,0.0273,1.3078,12.07,18159.66,7.76,92.94,3.015,-0,-0.9996,138.98,127.63,143.07,25.03,Cornering,"Hoosier 43075 16x7.5-10 R20, 7 inch rim",16744
78.5,689.765,-5.63,-196.5,-152.17,3.994,-10.77,36.05,0.03,0.037,1.2913,11.99,160173.3,7.76,92.89,2.971,-0,-1,139,127.76,143.11,25.01,Cornering,"Hoosier 43075 16x7.5-10 R20, 7 inch rim",16745
78.48,689.775,-7.06,-195.02,-153.11,3.987,-10.75,36.49,0.16,0.0461,1.2737,11.97,25745.16,7.77,92.86,2.926,-0,-0.9997,139.07,127.74,143.05,24.99,Cornering,"Hoosier 43075 16x7.5-10 R20, 7 inch rim",16746
78.5,689.785,-7.95,-194.4,-154.11,4.001,-12.06,37.25,0.09,0.0516,1.2614,11.99,44346.87,7.76,92.82,2.898,-0,-0.9998,139,127.61,142.99,24.98,Cornering,"Hoosier 43075 16x7.5-10 R20, 7 inch rim",16747
78.52,689.795,-8.91,-194.12,-156.05,3.998,-12.89,36.97,0.16,0.0571,1.2439,12.07,25728.73,7.77,92.78,2.855,-0,-0.9997,138.85,127.37,142.88,24.97,Cornering,"Hoosier 43075 16x7.5-10 R20, 7 inch rim",16748
78.49,689.805,-8.8,-193.35,-157.79,3.985,-13.34,36.84,0.09,0.0558,1.2254,12.14,44329.16,7.77,92.75,2.816,-0,-0.9998,138.66,127.15,142.82,24.97,Cornering,"Hoosier 43075 16x7.5-10 R20, 7 inch rim",16749
78.48,689.815,-8.08,-192.17,-159.36,3.987,-13.38,36.46,0.16,0.0507,1.2059,12.16,25718.29,7.77,92.71,2.78,-0,-0.9997,138.55,127.08,142.7,24.96,Cornering,"Hoosier 43075 16x7.5-10 R20, 7 inch rim",16750
78.51,689.825,-7.17,-189.99,-159.35,3.987,-13.42,35.51,0.03,0.045,1.1923,12.11,159868.75,7.77,92.66,2.737,-0,-1,138.38,127.06,142.58,24.96,Cornering,"Hoosier 43075 16x7.5-10 R20, 7 inch rim",16751
78.51,689.835,-5.93,-186.92,-158.64,3.988,-13.08,34.74,-0.04,0.0374,1.1783,12.06,-99334.7,7.77,92.64,2.697,-0,-1.0001,138.3,127.01,142.52,24.94,Cornering,"Hoosier 43075 16x7.5-10 R20, 7 inch rim",16752
78.48,689.845,-5.51,-182.85,-156.57,3.988,-12.97,33.65,0.09,0.0352,1.1678,11.99,44283.23,7.77,92.59,2.651,-0,-0.9998,138.21,127.06,142.46,24.94,Cornering,"Hoosier 43075 16x7.5-10 R20, 7 inch rim",16753
78.5,689.855,-4.87,-178.33,-154.56,3.994,-12.78,33.65,-0.04,0.0315,1.1538,11.95,-99364.55,7.77,92.52,2.604,-0,-1.0001,138.15,127.1,142.36,24.95,Cornering,"Hoosier 43075 16x7.5-10 R20, 7 inch rim",16754
78.52,689.865,-5.46,-173.89,-153.28,3.993,-11.79,33.69,0.09,0.0356,1.1344,11.97,44276.12,7.77,92.47,2.551,-0,-0.9998,138.12,127.19,142.3,24.94,Cornering,"Hoosier 43075 16x7.5-10 R20, 7 inch rim",16755
78.5,689.875,-6.43,-170.54,-152.02,3.985,-12.61,34.2,0.03,0.0423,1.1218,12.03,159708.11,7.77,92.47,2.521,-0,-1,138.15,127.26,142.3,24.93,Cornering,"Hoosier 43075 16x7.5-10 R20, 7 inch rim",16756
78.47,689.885,-7.63,-167.77,-151.88,3.991,-12.76,35.13,0.09,0.0502,1.1046,12.11,44289.07,7.77,92.46,2.464,-0,-0.9998,138.12,127.34,142.32,24.94,Cornering,"Hoosier 43075 16x7.5-10 R20, 7 inch rim",16757
78.51,689.895,-8.32,-165.97,-153.39,3.99,-12.38,36.37,0.09,0.0542,1.082,12.17,44300.54,7.77,92.45,2.424,-0,-0.9998,138.08,127.23,142.24,24.95,Cornering,"Hoosier 43075 16x7.5-10 R20, 7 inch rim",16758
78.51,689.905,-8.65,-164.64,-155.15,3.994,-13.3,37.2,0.03,0.0558,1.0612,12.13,160019.2,7.77,92.4,2.391,-0,-1,137.97,126.93,142.14,24.97,Cornering,"Hoosier 43075 16x7.5-10 R20, 7 inch rim",16759
78.48,689.915,-8.83,-163.73,-156.99,3.985,-14.09,37.29,0.09,0.0563,1.0429,12.03,44323.72,7.77,92.38,2.334,-0,-0.9998,137.84,126.71,142.04,24.96,Cornering,"Hoosier 43075 16x7.5-10 R20, 7 inch rim",16760
78.49,689.925,-7.99,-162.07,-159.15,3.997,-13.79,37.71,0.09,0.0502,1.0184,11.94,44324.99,7.77,92.35,2.288,-0,-0.9998,137.72,126.57,141.98,24.96,Cornering,"Hoosier 43075 16x7.5-10 R20, 7 inch rim",16761
78.52,689.935,-6.97,-160.04,-159.6,4.004,-14.19,37.33,0.03,0.0436,1.0028,11.88,159846.66,7.77,92.37,2.261,-0,-1,137.61,126.49,141.79,24.94,Cornering,"Hoosier 43075 16x7.5-10 R20, 7 inch rim",16762
78.5,689.945,-5.44,-156.95,-158.45,3.988,-13.85,36.85,0.03,0.0343,0.9905,11.9,159850.81,7.78,92.36,2.218,-0,-1,137.48,126.44,141.69,24.94,Cornering,"Hoosier 43075 16x7.5-10 R20, 7 inch rim",16763
78.47,689.955,-3.87,-153.33,-156.61,3.987,-14.13,36.85,0.03,0.0247,0.9791,11.95,159892.56,7.78,92.34,2.169,-0,-1,137.42,126.42,141.65,24.95,Cornering,"Hoosier 43075 16x7.5-10 R20, 7 inch rim",16764
78.5,689.965,-3.31,-148.78,-154.83,3.991,-13.31,36.53,0.03,0.0214,0.9609,12.04,160043.8,7.78,92.34,2.14,-0,-1,137.31,126.49,141.55,24.97,Cornering,"Hoosier 43075 16x7.5-10 R20, 7 inch rim",16765
78.52,689.975,-2.9,-144.76,-152.39,3.994,-14.11,36.88,0.03,0.019,0.9499,12.09,160120.7,7.77,92.32,2.112,-0,-1,137.29,126.57,141.43,24.98,Cornering,"Hoosier 43075 16x7.5-10 R20, 7 inch rim",16766
78.49,689.985,-4.05,-140.75,-151.46,3.987,-13.41,36.75,0.03,0.0267,0.9293,12.06,160198.97,7.78,92.34,2.067,-0,-1,137.29,126.66,141.35,25,Cornering,"Hoosier 43075 16x7.5-10 R20, 7 inch rim",16767
78.48,689.995,-5.46,-137.96,-151.4,3.987,-13.87,37.12,-0.04,0.0361,0.9112,12.01,-99492.42,7.78,92.34,2.037,-0,-1.0001,137.33,126.79,141.43,24.97,Cornering,"Hoosier 43075 16x7.5-10 R20, 7 inch rim",16768
78.51,690.005,-7.23,-136.07,-151.93,3.985,-14.18,37.07,0.09,0.0476,0.8956,11.94,44322.12,7.78,92.38,1.997,-0,-0.9998,137.29,126.79,141.37,24.96,Cornering,"Hoosier 43075 16x7.5-10 R20, 7 inch rim",16769
78.5,690.015,-8.83,-134.26,-153.9,3.996,-14.04,36.59,0.09,0.0574,0.8724,11.9,44302.46,7.78,92.39,1.957,-0,-0.9998,137.2,126.57,141.25,24.94,Cornering,"Hoosier 43075 16x7.5-10 R20, 7 inch rim",16770
78.48,690.025,-9.65,-132.16,-155.28,3.994,-14.42,36.16,0.09,0.0621,0.8511,11.93,44292.89,7.78,92.42,1.925,-0,-0.9998,137.01,126.35,141.15,24.94,Cornering,"Hoosier 43075 16x7.5-10 R20, 7 inch rim",16771
78.49,690.035,-9.54,-130.14,-157.31,3.985,-14.33,35.37,0.16,0.0606,0.8273,11.98,25714.93,7.78,92.46,1.887,-0,-0.9997,136.88,126.22,141.09,24.94,Cornering,"Hoosier 43075 16x7.5-10 R20, 7 inch rim",16772
78.52,690.045,-9.17,-127.95,-158,3.997,-14.81,34.24,0.09,0.058,0.8098,12.07,44346.04,7.78,92.5,1.85,-0,-0.9998,136.75,126.16,140.97,24.97,Cornering,"Hoosier 43075 16x7.5-10 R20, 7 inch rim",16773
78.49,690.055,-8.57,-125.27,-157.78,3.982,-14.41,32.64,0.23,0.0543,0.794,12.14,18136.25,7.78,92.51,1.802,-0,-0.9996,136.62,126.11,140.86,24.97,Cornering,"Hoosier 43075 16x7.5-10 R20, 7 inch rim",16774
78.48,690.065,-7.44,-122.15,-156.08,3.996,-14.73,31.68,0.09,0.0477,0.7826,12.13,44337.16,7.78,92.51,1.782,-0,-0.9998,136.62,125.98,140.8,24.96,Cornering,"Hoosier 43075 16x7.5-10 R20, 7 inch rim",16775
78.51,690.075,-7.14,-118.76,-153.5,4.001,-15.32,30.38,0.09,0.0465,0.7736,12.08,44327.59,7.78,92.52,1.746,-0,-0.9998,136.54,126.02,140.74,24.96,Cornering,"Hoosier 43075 16x7.5-10 R20, 7 inch rim",16776
78.51,690.085,-7.42,-114.61,-151.82,3.985,-14.49,29.49,0.16,0.0488,0.7549,12,25735.22,7.78,92.54,1.691,-0,-0.9997,136.47,126.09,140.62,24.96,Cornering,"Hoosier 43075 16x7.5-10 R20, 7 inch rim",16777
78.48,690.095,-7.94,-110.87,-150.07,3.996,-15.19,29.64,0.03,0.0529,0.7388,11.94,160157.05,7.78,92.52,1.655,-0,-1,136.51,126.2,140.56,24.98,Cornering,"Hoosier 43075 16x7.5-10 R20, 7 inch rim",16778
78.49,690.105,-9.2,-107.31,-150.03,4,-14.4,30.15,-0.04,0.0613,0.7152,11.93,-99605.59,7.78,92.51,1.599,-0,-1.0001,136.56,126.22,140.6,25,Cornering,"Hoosier 43075 16x7.5-10 R20, 7 inch rim",16779
78.52,690.115,-9.84,-104.35,-149.94,3.993,-14.67,31.48,-0.04,0.0656,0.6959,11.99,-99629.97,7.78,92.53,1.568,-0,-1.0001,136.56,126.24,140.58,25,Cornering,"Hoosier 43075 16x7.5-10 R20, 7 inch rim",16780
78.49,690.125,-10.69,-101.5,-150.9,3.996,-14.52,32.26,0.16,0.0708,0.6726,12.1,25784.92,7.78,92.58,1.512,-0,-0.9997,136.49,126.05,140.5,25.01,Cornering,"Hoosier 43075 16x7.5-10 R20, 7 inch rim",16781
78.49,690.135,-10.41,-99.11,-152.18,4.001,-15.14,33.33,0.09,0.0684,0.6513,12.19,44414.74,7.78,92.64,1.487,-0,-0.9998,136.36,125.8,140.36,25,Cornering,"Hoosier 43075 16x7.5-10 R20, 7 inch rim",16782
78.5,690.145,-9.33,-96.36,-153.81,3.996,-15.33,34.12,0.16,0.0606,0.6264,12.19,25785.61,7.78,92.69,1.44,-0,-0.9997,136.26,125.61,140.24,25.01,Cornering,"Hoosier 43075 16x7.5-10 R20, 7 inch rim",16783
78.51,690.155,-8.48,-93.46,-155.04,3.99,-15.29,33.83,0.16,0.0547,0.6028,12.18,25803.92,7.79,92.72,1.399,-0,-0.9997,136.15,125.54,140.08,25.03,Cornering,"Hoosier 43075 16x7.5-10 R20, 7 inch rim",16784
78.48,690.165,-7.03,-90.39,-154.18,3.984,-16.05,33.56,0.03,0.0456,0.5863,12.1,160399.58,7.79,92.77,1.331,-0,-1,136.02,125.52,139.95,25.02,Cornering,"Hoosier 43075 16x7.5-10 R20, 7 inch rim",16785
78.49,690.175,-5.89,-86.7,-153.95,3.997,-14.86,32.8,0.03,0.0382,0.5632,11.98,160437.48,7.78,92.82,1.317,-0,-1,135.94,125.56,139.83,25.03,Cornering,"Hoosier 43075 16x7.5-10 R20, 7 inch rim",16786
78.51,690.185,-4.81,-83.81,-151.06,4.004,-16.92,32.52,0.16,0.0319,0.5548,11.92,25792.95,7.78,92.86,1.284,-0,-0.9997,135.85,125.58,139.75,25.01,Cornering,"Hoosier 43075 16x7.5-10 R20, 7 inch rim",16787
78.49,690.195,-4.23,-79.1,-149.04,4,-15.79,32.36,0.23,0.0284,0.5307,11.93,18157.13,7.78,92.87,1.221,-0,-0.9996,135.72,125.69,139.65,25,Cornering,"Hoosier 43075 16x7.5-10 R20, 7 inch rim",16788
78.48,690.205,-4.57,-74.94,-147.85,3.99,-15.41,32.5,0.03,0.0309,0.5069,11.98,160295.39,7.79,92.88,1.182,-0,-1,135.7,125.83,139.57,25,Cornering,"Hoosier 43075 16x7.5-10 R20, 7 inch rim",16789
78.5,690.215,-5.67,-70.92,-147.38,3.985,-14.88,32.81,0.09,0.0385,0.4812,12.06,44430.02,7.79,92.88,1.141,-0,-0.9998,135.76,125.91,139.61,25.01,Cornering,"Hoosier 43075 16x7.5-10 R20, 7 inch rim",16790
78.51,690.225,-6.68,-67.2,-147.33,3.987,-14.77,33.44,0.09,0.0454,0.4561,12.08,44440.67,7.79,92.84,1.111,-0,-0.9998,135.74,125.91,139.57,25.01,Cornering,"Hoosier 43075 16x7.5-10 R20, 7 inch rim",16791
78.49,690.235,-8.73,-64.05,-147.72,3.979,-15.29,32.64,0.03,0.0591,0.4336,12.04,160300.78,7.79,92.83,1.055,-0,-1,135.61,125.83,139.47,25,Cornering,"Hoosier 43075 16x7.5-10 R20, 7 inch rim",16792
78.48,690.245,-9.2,-61.18,-149.21,3.984,-15.67,32.94,-0.04,0.0616,0.41,11.98,-99624.12,7.79,92.83,1.022,-0,-1.0001,135.55,125.67,139.33,25,Cornering,"Hoosier 43075 16x7.5-10 R20, 7 inch rim",16793
78.52,690.255,-9.55,-58.43,-151.15,3.987,-16.37,32.28,0.16,0.0632,0.3865,11.9,25771.15,7.79,92.81,0.978,-0,-0.9997,135.42,125.43,139.13,24.99,Cornering,"Hoosier 43075 16x7.5-10 R20, 7 inch rim",16794
78.5,690.265,-9.2,-55.86,-152.58,3.987,-17.37,31.68,-0.04,0.0603,0.3661,11.86,-99533.25,7.79,92.82,0.953,-0,-1.0001,135.33,125.25,138.94,24.97,Cornering,"Hoosier 43075 16x7.5-10 R20, 7 inch rim",16795
78.47,690.275,-8.06,-52.41,-153.05,3.99,-16.96,31.18,0.09,0.0527,0.3424,11.9,44339.77,7.79,92.8,0.907,-0,-0.9998,135.21,125.16,138.74,24.96,Cornering,"Hoosier 43075 16x7.5-10 R20, 7 inch rim",16796
78.5,690.285,-6.73,-49.34,-152.09,3.981,-17.2,30.39,0.09,0.0442,0.3244,11.97,44340.1,7.79,92.82,0.869,-0,-0.9998,135.18,125.1,138.6,24.96,Cornering,"Hoosier 43075 16x7.5-10 R20, 7 inch rim",16797
78.51,690.295,-5.98,-46.2,-150.48,3.993,-17.15,29.3,0.03,0.0397,0.307,12.08,159973.88,7.79,92.83,0.83,-0,-1,135.08,125.05,138.46,24.95,Cornering,"Hoosier 43075 16x7.5-10 R20, 7 inch rim",16798
78.49,690.305,-6.18,-42.32,-148.32,4.003,-16.75,28.02,0.09,0.0417,0.2853,12.14,44330.34,7.78,92.84,0.8,-0,-0.9998,134.99,125.1,138.4,24.95,Cornering,"Hoosier 43075 16x7.5-10 R20, 7 inch rim",16799
78.48,690.315,-7.13,-38.38,-146.92,4.01,-16.4,27.05,0.16,0.0485,0.2613,12.18,25730.38,7.78,92.81,0.756,-0,-0.9997,134.91,125.23,138.34,24.95,Cornering,"Hoosier 43075 16x7.5-10 R20, 7 inch rim",16800
78.5,690.325,-8.25,-34.31,-146.71,3.997,-15.28,26.8,-0.04,0.0562,0.2339,12.13,-99375.77,7.78,92.78,0.713,-0,-1.0001,134.93,125.32,138.34,24.93,Cornering,"Hoosier 43075 16x7.5-10 R20, 7 inch rim",16801
78.5,690.335,-9.65,-30.88,-146.13,3.978,-15.55,26.75,0.09,0.066,0.2113,12.07,44289.99,7.79,92.73,0.67,-0,-0.9998,134.95,125.36,138.34,24.93,Cornering,"Hoosier 43075 16x7.5-10 R20, 7 inch rim",16802
78.47,690.345,-10.47,-27.8,-146.6,3.993,-16.44,27.47,0.03,0.0714,0.1896,11.99,159718.3,7.79,92.71,0.634,-0,-1,134.88,125.27,138.28,24.91,Cornering,"Hoosier 43075 16x7.5-10 R20, 7 inch rim",16803
78.49,690.355,-11.26,-24.58,-148.3,3.991,-16.7,27.73,0.09,0.0759,0.1658,11.99,44280.09,7.79,92.67,0.591,-0,-0.9998,134.78,125.1,138.16,24.92,Cornering,"Hoosier 43075 16x7.5-10 R20, 7 inch rim",16804
78.51,690.365,-11.57,-21.19,-150.11,3.982,-17.22,27.76,0.09,0.077,0.1411,12.02,44300.86,7.79,92.68,0.552,-0,-0.9998,134.67,124.83,137.93,24.93,Cornering,"Hoosier 43075 16x7.5-10 R20, 7 inch rim",16805
78.49,690.375,-10.87,-17.77,-151.21,4.006,-18.84,27.93,0.03,0.0719,0.1176,12.1,159905.75,7.78,92.73,0.534,-0,-1,134.65,124.72,137.79,24.94,Cornering,"Hoosier 43075 16x7.5-10 R20, 7 inch rim",16806
78.47,690.385,-9.59,-14.11,-152.23,3.998,-19,27.82,0.09,0.063,0.0927,12.17,44311.43,7.78,92.8,0.475,-0,-0.9998,134.56,124.61,137.63,24.94,Cornering,"Hoosier 43075 16x7.5-10 R20, 7 inch rim",16807
78.5,690.395,-7.84,-10.07,-151.96,3.996,-18.27,27.84,-0.04,0.0516,0.0663,12.18,-99447.73,7.79,92.84,0.442,-0,-1.0001,134.52,124.57,137.49,24.95,Cornering,"Hoosier 43075 16x7.5-10 R20, 7 inch rim",16808
78.49,690.405,-6.92,-6.62,-150.1,3.997,-18.61,27.06,0.03,0.0461,0.0441,12.14,160018.58,7.79,92.84,0.408,-0,-1,134.45,124.48,137.41,24.96,Cornering,"Hoosier 43075 16x7.5-10 R20, 7 inch rim",16809
78.47,690.415,-6.5,-2.68,-148.57,4.001,-17.62,26.29,0.03,0.0437,0.018,12.05,160018.89,7.78,92.78,0.359,-0,-1,134.37,124.44,137.33,24.96,Cornering,"Hoosier 43075 16x7.5-10 R20, 7 inch rim",16810
78.47,690.425,-6.91,1.6,-146.64,3.987,-17.12,25.48,0.03,0.0471,-0.0109,11.96,160056.17,7.79,92.8,0.332,-0,-1,134.3,124.46,137.19,24.96,Cornering,"Hoosier 43075 16x7.5-10 R20, 7 inch rim",16811
78.5,690.435,-7.59,5.76,-146.06,3.988,-16.84,25.48,0.09,0.052,-0.0394,11.95,44342.65,7.79,92.82,0.28,-0,-0.9998,134.26,124.48,137.13,24.96,Cornering,"Hoosier 43075 16x7.5-10 R20, 7 inch rim",16812
78.47,690.445,-8.87,9.97,-146.39,3.991,-16.35,25.11,0.03,0.0606,-0.0681,11.98,160205,7.79,92.82,0.249,-0,-1,134.26,124.48,137.07,24.98,Cornering,"Hoosier 43075 16x7.5-10 R20, 7 inch rim",16813
78.46,690.455,-9.64,13.54,-146.44,3.988,-17.57,25.57,0.03,0.0658,-0.0925,12.03,160353.62,7.79,92.8,0.216,-0,-1,134.22,124.37,137.02,25.01,Cornering,"Hoosier 43075 16x7.5-10 R20, 7 inch rim",16814
78.49,690.465,-10.79,17.34,-147.73,3.991,-18.14,25.14,0.09,0.073,-0.1174,12.06,44445.61,7.79,92.77,0.176,-0,-0.9998,134.11,124.2,136.88,25.01,Cornering,"Hoosier 43075 16x7.5-10 R20, 7 inch rim",16815
78.48,690.475,-11.1,21,-149.4,3.993,-19.53,24.87,0.03,0.0743,-0.1406,12.06,160464.8,7.79,92.72,0.131,-0,-1,134,123.84,136.68,25.03,Cornering,"Hoosier 43075 16x7.5-10 R20, 7 inch rim",16816
78.45,690.485,-11.36,24.8,-151.14,4.006,-20.33,23.96,0.03,0.0752,-0.1641,12.02,160353.03,7.78,92.66,0.093,-0,-1,133.9,123.47,136.5,25.01,Cornering,"Hoosier 43075 16x7.5-10 R20, 7 inch rim",16817
78.46,690.495,-10.75,29.47,-153.05,3.994,-19.42,23.05,0.16,0.0702,-0.1925,11.95,25785.01,7.79,92.61,0.053,-0,-0.9997,133.83,123.23,136.38,25,Cornering,"Hoosier 43075 16x7.5-10 R20, 7 inch rim",16818
78.49,690.505,-9.46,33.54,-153.2,3.985,-19.57,22.32,0.09,0.0617,-0.219,11.88,44404.04,7.79,92.58,0.007,-0,-0.9998,133.7,123.07,136.22,24.99,Cornering,"Hoosier 43075 16x7.5-10 R20, 7 inch rim",16819
78.46,690.515,-8.23,38.26,-151.64,3.99,-19.51,21.51,0.03,0.0543,-0.2523,11.89,160128.52,7.79,92.54,-0.043,-0,-1,133.7,123.03,136.1,24.97,Cornering,"Hoosier 43075 16x7.5-10 R20, 7 inch rim",16820
78.44,690.525,-7.29,42.54,-150.23,3.987,-18.75,20.94,-0.04,0.0485,-0.2831,11.92,-99469.64,7.79,92.52,-0.085,-0,-1.0001,133.6,122.99,136.01,24.96,Cornering,"Hoosier 43075 16x7.5-10 R20, 7 inch rim",16821
78.47,690.535,-6.95,46.92,-148.69,3.998,-18.35,20.67,-0.04,0.0468,-0.3156,12,-99492.24,7.79,92.53,-0.131,-0,-1.0001,133.47,123.12,135.87,24.96,Cornering,"Hoosier 43075 16x7.5-10 R20, 7 inch rim",16822
78.47,690.545,-7.54,51.51,-147.09,3.99,-18.27,20.35,-0.11,0.0513,-0.3502,12.12,-37959.28,7.79,92.57,-0.171,-0,-1.0002,133.36,123.29,135.77,24.97,Cornering,"Hoosier 43075 16x7.5-10 R20, 7 inch rim",16823
78.45,690.555,-7.96,55.67,-146.98,3.998,-18.49,21.03,-0.04,0.0541,-0.3787,12.16,-99514.18,7.79,92.58,-0.221,-0,-1.0001,133.36,123.47,135.75,24.97,Cornering,"Hoosier 43075 16x7.5-10 R20, 7 inch rim",16824
78.44,690.565,-8.7,59.86,-146.99,3.996,-19.11,21.69,0.09,0.0592,-0.4073,12.13,44351.11,7.79,92.6,-0.271,-0,-0.9998,133.38,123.49,135.73,24.96,Cornering,"Hoosier 43075 16x7.5-10 R20, 7 inch rim",16825
78.47,690.575,-9.7,63.33,-148.06,3.996,-20.61,21.68,0.03,0.0655,-0.4278,12.06,160048.3,7.78,92.67,-0.321,-0,-1,133.23,123.45,135.67,24.96,Cornering,"Hoosier 43075 16x7.5-10 R20, 7 inch rim",16826
78.46,690.585,-9.81,67.78,-149.6,3.996,-21,21.98,0.16,0.0656,-0.453,11.97,25747.87,7.79,92.72,-0.353,-0,-0.9997,133.1,123.29,135.51,24.97,Cornering,"Hoosier 43075 16x7.5-10 R20, 7 inch rim",16827
78.43,690.595,-9.69,72.39,-151.58,4,-21.44,21.93,-0.04,0.0639,-0.4776,11.97,-99580.57,7.78,92.76,-0.393,-0,-1.0001,133,123.14,135.35,24.98,Cornering,"Hoosier 43075 16x7.5-10 R20, 7 inch rim",16828
78.45,690.605,-8.72,77.6,-152.93,4.003,-21.2,21.77,-0.04,0.057,-0.5074,11.99,-99579.79,7.78,92.73,-0.431,-0,-1.0001,133.02,122.99,135.17,24.98,Cornering,"Hoosier 43075 16x7.5-10 R20, 7 inch rim",16829
78.46,690.615,-6.98,82.79,-153.56,3.998,-20.25,21.75,0.09,0.0455,-0.5392,12.05,44390.65,7.78,92.73,-0.467,-0,-0.9998,133,122.92,134.98,24.98,Cornering,"Hoosier 43075 16x7.5-10 R20, 7 inch rim",16830
78.44,690.625,-5.28,86.78,-152.52,3.994,-20.32,21.33,-0.04,0.0346,-0.569,12.13,-99554.83,7.79,92.76,-0.516,-0,-1.0001,132.97,122.88,134.84,24.98,Cornering,"Hoosier 43075 16x7.5-10 R20, 7 inch rim",16831
78.43,690.635,-3.86,90.74,-151.02,3.996,-19.43,20.92,-0.04,0.0256,-0.6008,12.14,-99554.18,7.79,92.79,-0.543,-0,-1.0001,132.93,122.85,134.68,24.98,Cornering,"Hoosier 43075 16x7.5-10 R20, 7 inch rim",16832
78.46,690.645,-3.67,94.22,-149.46,3.994,-19.35,20.17,0.03,0.0245,-0.6304,12.09,160150.83,7.79,92.81,-0.582,-0,-1,132.82,122.81,134.56,24.98,Cornering,"Hoosier 43075 16x7.5-10 R20, 7 inch rim",16833
78.45,690.655,-4.7,97.99,-147.69,3.996,-20.01,18.85,-0.04,0.0318,-0.6635,12.02,-99575.44,7.79,92.8,-0.616,-0,-1.0001,132.74,122.99,134.44,24.98,Cornering,"Hoosier 43075 16x7.5-10 R20, 7 inch rim",16834
78.41,690.665,-5.86,101.06,-147.26,3.998,-20.32,18.23,0.09,0.0398,-0.6862,11.95,44409.32,7.79,92.76,-0.643,-0,-0.9998,132.74,123.1,134.42,25,Cornering,"Hoosier 43075 16x7.5-10 R20, 7 inch rim",16835
78.44,690.675,-7.47,104.16,-147.22,3.994,-21.38,17.36,0.03,0.0507,-0.7075,11.92,160221.2,7.79,92.71,-0.673,-0,-1,132.78,123.1,134.36,24.99,Cornering,"Hoosier 43075 16x7.5-10 R20, 7 inch rim",16836
78.45,690.685,-8.87,108,-148.31,3.982,-20.9,16.72,0.09,0.0598,-0.7282,11.95,44408.56,7.79,92.67,-0.703,-0,-0.9998,132.78,123.01,134.32,25,Cornering,"Hoosier 43075 16x7.5-10 R20, 7 inch rim",16837
78.43,690.695,-10.35,111.45,-149.49,3.996,-21.38,15.53,0.09,0.0692,-0.7455,12,44418.58,7.79,92.66,-0.725,-0,-0.9998,132.72,122.88,134.24,25,Cornering,"Hoosier 43075 16x7.5-10 R20, 7 inch rim",16838
78.42,690.705,-11.42,115.32,-151.32,3.987,-21.52,13.94,0.03,0.0755,-0.7621,12.08,160328.12,7.79,92.67,-0.769,-0,-1,132.61,122.7,134.05,25.01,Cornering,"Hoosier 43075 16x7.5-10 R20, 7 inch rim",16839
78.44,690.715,-11.92,119.56,-152.4,3.994,-21.67,12.23,-0.04,0.0782,-0.7845,12.09,-99708.96,7.79,92.64,-0.791,-0,-1.0001,132.48,122.5,133.87,25.02,Cornering,"Hoosier 43075 16x7.5-10 R20, 7 inch rim",16840
78.45,690.725,-10.69,123.4,-153.68,3.988,-21.02,11.41,0.03,0.0695,-0.803,12.06,160361.59,7.79,92.58,-0.841,-0,-1,132.42,122.39,133.75,25.01,Cornering,"Hoosier 43075 16x7.5-10 R20, 7 inch rim",16841
78.41,690.735,-9.44,126.43,-152.79,3.997,-21.76,10.34,-0.04,0.0618,-0.8275,11.99,-99682.68,7.78,92.54,-0.887,-0,-1.0001,132.33,122.35,133.57,25.01,Cornering,"Hoosier 43075 16x7.5-10 R20, 7 inch rim",16842
78.44,690.745,-8.63,129.66,-151.56,3.982,-21.32,8.99,0.03,0.0569,-0.8555,11.93,160282.5,7.79,92.49,-0.927,-0,-1,132.22,122.33,133.49,25,Cornering,"Hoosier 43075 16x7.5-10 R20, 7 inch rim",16843
78.46,690.755,-8.75,132.47,-149.61,3.99,-21.84,7.51,0.03,0.0585,-0.8854,11.91,160279.98,7.79,92.46,-0.97,-0,-1,132.18,122.33,133.39,25,Cornering,"Hoosier 43075 16x7.5-10 R20, 7 inch rim",16844
78.42,690.765,-8.68,135.32,-148.44,4.003,-21.74,7.21,-0.04,0.0585,-0.9116,11.96,-99585.91,7.78,92.45,-1.007,-0,-1.0001,132.05,122.41,133.33,24.99,Cornering,"Hoosier 43075 16x7.5-10 R20, 7 inch rim",16845
78.41,690.775,-8.99,138.7,-147.53,3.994,-22.07,7.57,0.09,0.0609,-0.9401,12.04,44372.23,7.79,92.45,-1.058,-0,-0.9998,132.05,122.57,133.29,24.98,Cornering,"Hoosier 43075 16x7.5-10 R20, 7 inch rim",16846
78.43,690.785,-9.62,142.1,-147.62,4.001,-22.06,8.32,0.03,0.0652,-0.9626,12.14,160197.47,7.79,92.46,-1.1,-0,-1,132.07,122.61,133.31,24.99,Cornering,"Hoosier 43075 16x7.5-10 R20, 7 inch rim",16847
78.44,690.795,-10.31,145.4,-147.98,3.993,-22.15,8.87,-0.04,0.0697,-0.9826,12.19,-99533.57,7.79,92.46,-1.159,-0,-1.0001,132.07,122.48,133.25,24.98,Cornering,"Hoosier 43075 16x7.5-10 R20, 7 inch rim",16848
78.4,690.805,-10.42,148.72,-149.05,3.996,-22.99,9.82,0.03,0.0699,-0.9978,12.16,160078.34,7.79,92.47,-1.212,-0,-1,131.97,122.37,133.16,24.97,Cornering,"Hoosier 43075 16x7.5-10 R20, 7 inch rim",16849
78.42,690.815,-9.99,152.56,-150.8,3.994,-22.98,10.67,-0.04,0.0662,-1.0117,12.08,-99460.03,7.79,92.53,-1.255,-0,-1.0001,131.84,122.08,133.06,24.96,Cornering,"Hoosier 43075 16x7.5-10 R20, 7 inch rim",16850
78.44,690.825,-9.05,156.56,-152.75,3.997,-22.94,11.23,0.09,0.0592,-1.0249,12,44326.51,7.79,92.54,-1.293,-0,-0.9998,131.82,121.91,132.86,24.96,Cornering,"Hoosier 43075 16x7.5-10 R20, 7 inch rim",16851
78.42,690.835,-6.95,160.64,-153.47,3.998,-23.23,12.25,0.09,0.0453,-1.0467,11.96,44335.5,7.78,92.56,-1.355,-0,-0.9998,131.77,121.71,132.7,24.96,Cornering,"Hoosier 43075 16x7.5-10 R20, 7 inch rim",16852
78.4,690.845,-4.3,164.52,-153.5,4.003,-23.16,13.23,0.03,0.028,-1.0718,11.97,160064.31,7.78,92.59,-1.396,-0,-1,131.73,121.67,132.6,24.97,Cornering,"Hoosier 43075 16x7.5-10 R20, 7 inch rim",16853
78.43,690.855,-1.93,167.72,-152.46,4.004,-23.09,14.13,-0.04,0.0126,-1.1001,12.05,-99566.47,7.78,92.62,-1.441,-0,-1.0001,131.67,121.67,132.48,24.99,Cornering,"Hoosier 43075 16x7.5-10 R20, 7 inch rim",16854
78.43,690.865,-0.11,170.7,-150.64,4.009,-23.21,14.95,-0.04,0.0008,-1.1332,12.11,-99587.77,7.78,92.64,-1.475,-0,-1.0001,131.6,121.67,132.34,25,Cornering,"Hoosier 43075 16x7.5-10 R20, 7 inch rim",16855
78.4,690.875,0.29,173.43,-148.92,3.991,-23.52,15.05,0.03,-0.002,-1.1646,12.14,160129.2,7.79,92.63,-1.51,-0,-1,131.52,121.69,132.28,24.98,Cornering,"Hoosier 43075 16x7.5-10 R20, 7 inch rim",16856
78.41,690.885,-0.34,176.51,-148.26,3.988,-22.74,14.94,0.03,0.0023,-1.1906,12.11,160050.92,7.79,92.65,-1.555,-0,-1,131.52,121.82,132.24,24.97,Cornering,"Hoosier 43075 16x7.5-10 R20, 7 inch rim",16857
78.43,690.895,-0.95,179.11,-147.92,3.994,-23.05,15.4,0.03,0.0065,-1.2109,12.05,159861.34,7.79,92.67,-1.598,-0,-1,131.54,121.93,132.24,24.94,Cornering,"Hoosier 43075 16x7.5-10 R20, 7 inch rim",16858
78.42,690.905,-2.4,181.82,-148.59,3.985,-22.35,14.98,0.03,0.0162,-1.2237,11.96,159857.81,7.79,92.71,-1.637,-0,-1,131.56,121.95,132.17,24.94,Cornering,"Hoosier 43075 16x7.5-10 R20, 7 inch rim",16859
78.39,690.915,-3.42,184.33,-149.14,3.988,-23.16,14.81,-0.04,0.0229,-1.2359,11.93,-99392.94,7.79,92.69,-1.658,-0,-1.0001,131.54,121.8,132.13,24.95,Cornering,"Hoosier 43075 16x7.5-10 R20, 7 inch rim",16860
78.41,690.925,-5.43,186.89,-150.61,3.996,-23.76,12.56,-0.04,0.0361,-1.2409,11.97,-99437.45,7.79,92.65,-1.687,-0,-1.0001,131.47,121.62,132.07,24.96,Cornering,"Hoosier 43075 16x7.5-10 R20, 7 inch rim",16861
78.43,690.935,-6.02,189.64,-152.35,3.993,-24.29,11.12,0.03,0.0395,-1.2448,12.06,160183.61,7.79,92.61,-1.727,-0,-1,131.43,121.44,131.91,25,Cornering,"Hoosier 43075 16x7.5-10 R20, 7 inch rim",16862
78.4,690.945,-6.65,192.69,-153.56,3.987,-24.65,8.63,-0.11,0.0433,-1.2548,12.12,-38006.94,7.79,92.62,-1.777,-0,-1.0002,131.39,121.27,131.81,25.01,Cornering,"Hoosier 43075 16x7.5-10 R20, 7 inch rim",16863
78.4,690.955,-6.38,195.04,-153.82,3.985,-24.83,6.59,0.03,0.0415,-1.268,12.14,160138.98,7.79,92.57,-1.803,-0,-1,131.34,121.05,131.75,24.99,Cornering,"Hoosier 43075 16x7.5-10 R20, 7 inch rim",16864
78.43,690.965,-5.74,196.99,-152.75,3.991,-24.67,4.99,0.09,0.0376,-1.2896,12.11,44354.64,7.79,92.58,-1.826,-0,-0.9998,131.24,121.07,131.69,24.98,Cornering,"Hoosier 43075 16x7.5-10 R20, 7 inch rim",16865
78.42,690.975,-5.34,198.96,-151.7,3.988,-23.59,3.51,0.09,0.0352,-1.3115,12.05,44312.05,7.79,92.59,-1.876,-0,-0.9998,131.15,121.07,131.69,24.96,Cornering,"Hoosier 43075 16x7.5-10 R20, 7 inch rim",16866
78.39,690.985,-5.9,200.87,-149.71,3.984,-23.51,2.11,0.09,0.0394,-1.3418,12,44280.22,7.79,92.6,-1.909,-0,-0.9998,130.98,120.98,131.61,24.94,Cornering,"Hoosier 43075 16x7.5-10 R20, 7 inch rim",16867
78.41,690.995,-7.16,202.68,-148.5,3.978,-23.6,0.94,0.03,0.0482,-1.3648,12,159753.67,7.79,92.58,-1.938,-0,-1,130.83,121.07,131.63,24.93,Cornering,"Hoosier 43075 16x7.5-10 R20, 7 inch rim",16868
78.43,691.005,-8.2,204.8,-148.26,3.993,-23.2,0.94,0.03,0.0553,-1.3814,12.04,159787.11,7.79,92.59,-1.972,-0,-1,130.72,121.2,131.65,24.94,Cornering,"Hoosier 43075 16x7.5-10 R20, 7 inch rim",16869
78.4,691.015,-9.71,206.79,-148.09,3.998,-23.87,0.77,0.03,0.0656,-1.3963,12.11,159707.83,7.79,92.58,-2.018,-0,-1,130.66,121.22,131.69,24.93,Cornering,"Hoosier 43075 16x7.5-10 R20, 7 inch rim",16870
78.4,691.025,-9.92,208.84,-148.77,4.001,-23.91,1.82,0.03,0.0667,-1.4038,12.17,159703.19,7.79,92.57,-2.059,-0,-1,130.57,121.07,131.71,24.93,Cornering,"Hoosier 43075 16x7.5-10 R20, 7 inch rim",16871
78.42,691.035,-9.56,210.52,-150.5,3.993,-24.3,2.95,-0.04,0.0636,-1.3988,12.19,-99340.55,7.79,92.58,-2.111,-0,-1.0001,130.38,120.92,131.69,24.94,Cornering,"Hoosier 43075 16x7.5-10 R20, 7 inch rim",16872
78.43,691.045,-9.02,212.9,-151.59,3.994,-25.76,3.53,0.09,0.0595,-1.4044,12.14,44293.81,7.79,92.6,-2.137,-0,-0.9998,130.16,120.72,131.67,24.95,Cornering,"Hoosier 43075 16x7.5-10 R20, 7 inch rim",16873
78.39,691.055,-8.12,215.81,-153.44,3.997,-25.93,3.7,0.16,0.0529,-1.4065,12.07,25702.07,7.79,92.62,-2.187,-0,-0.9997,130.04,120.54,131.55,24.94,Cornering,"Hoosier 43075 16x7.5-10 R20, 7 inch rim",16874
78.4,691.065,-6.73,218.61,-153.86,4.006,-25.99,3.67,0.03,0.0438,-1.4209,11.97,159682.61,7.78,92.63,-2.235,-0,-1,129.97,120.41,131.53,24.93,Cornering,"Hoosier 43075 16x7.5-10 R20, 7 inch rim",16875
78.42,691.075,-4.53,221.24,-153.15,3.996,-25.77,4.21,0.03,0.0296,-1.4446,11.9,159640.41,7.79,92.67,-2.277,-0,-1,129.91,120.39,131.49,24.92,Cornering,"Hoosier 43075 16x7.5-10 R20, 7 inch rim",16876
78.4,691.085,-2.71,223.47,-151.47,3.997,-25.25,5.03,0.09,0.0179,-1.4754,11.92,44276.78,7.79,92.68,-2.337,-0,-0.9998,129.86,120.41,131.47,24.94,Cornering,"Hoosier 43075 16x7.5-10 R20, 7 inch rim",16877
78.39,691.095,-1.43,226.13,-149.61,4.009,-24.04,5.96,-0.04,0.0095,-1.5114,12,-99366.7,7.78,92.68,-2.376,-0,-1.0001,129.88,120.52,131.47,24.96,Cornering,"Hoosier 43075 16x7.5-10 R20, 7 inch rim",16878
78.42,691.105,-0.78,228.24,-148.44,4.006,-23.36,7.21,0.03,0.0053,-1.5376,12.08,159921.52,7.78,92.66,-2.403,-0,-1,129.93,120.56,131.47,24.97,Cornering,"Hoosier 43075 16x7.5-10 R20, 7 inch rim",16879
78.42,691.115,-1.08,230.05,-147.35,3.997,-23.93,8.2,-0.04,0.0073,-1.5613,12.14,-99382.94,7.79,92.65,-2.46,-0,-1.0001,130.04,120.7,131.53,24.96,Cornering,"Hoosier 43075 16x7.5-10 R20, 7 inch rim",16880
78.39,691.125,-1.6,231.98,-148.21,3.994,-23.08,9.29,0.03,0.0108,-1.5653,12.14,159725.75,7.79,92.67,-2.48,-0,-1,130.14,120.78,131.59,24.94,Cornering,"Hoosier 43075 16x7.5-10 R20, 7 inch rim",16881
78.4,691.135,-2.15,233.23,-148.24,3.985,-24.71,10.12,-0.04,0.0145,-1.5734,12.08,-99191.52,7.79,92.68,-2.542,-0,-1.0001,130.29,120.67,131.61,24.92,Cornering,"Hoosier 43075 16x7.5-10 R20, 7 inch rim",16882
78.43,691.145,-2.36,234.72,-149.99,3.994,-24.9,10.89,-0.04,0.0157,-1.5649,11.99,-99142.82,7.79,92.69,-2.572,-0,-1.0001,130.29,120.5,131.61,24.9,Cornering,"Hoosier 43075 16x7.5-10 R20, 7 inch rim",16883
78.4,691.155,-3.5,236.82,-151.36,3.99,-25.95,9.61,-0.04,0.0231,-1.5646,11.97,-99209.59,7.79,92.74,-2.601,-0,-1.0001,130.25,120.3,131.57,24.92,Cornering,"Hoosier 43075 16x7.5-10 R20, 7 inch rim",16884
78.39,691.165,-3.78,239.85,-152.51,3.99,-26.31,8.46,0.03,0.0248,-1.5727,12.03,159664.44,7.79,92.76,-2.656,-0,-1,130.27,120.21,131.51,24.93,Cornering,"Hoosier 43075 16x7.5-10 R20, 7 inch rim",16885
78.41,691.175,-3.78,242.72,-153.52,3.987,-26.04,6.85,0.03,0.0246,-1.581,12.07,159883.47,7.79,92.77,-2.682,-0,-1,130.31,120.06,131.43,24.97,Cornering,"Hoosier 43075 16x7.5-10 R20, 7 inch rim",16886
78.43,691.185,-3.11,244.86,-152.85,3.99,-25.81,5.44,-0.04,0.0204,-1.6019,12.15,-99430.87,7.79,92.75,-2.708,-0,-1.0001,130.31,119.99,131.35,24.98,Cornering,"Hoosier 43075 16x7.5-10 R20, 7 inch rim",16887
78.39,691.195,-2.7,247.26,-151.02,3.981,-25.02,4.15,0.03,0.0179,-1.6373,12.17,160058.03,7.79,92.76,-2.758,-0,-1,130.31,119.95,131.33,25,Cornering,"Hoosier 43075 16x7.5-10 R20, 7 inch rim",16888
78.39,691.205,-2.68,248.69,-149.11,3.988,-24.27,2.95,-0.04,0.018,-1.6678,12.16,-99516.64,7.79,92.77,-2.78,-0,-1.0001,130.25,119.97,131.31,25,Cornering,"Hoosier 43075 16x7.5-10 R20, 7 inch rim",16889
78.43,691.215,-3.7,249.56,-147.99,3.985,-23.69,1.46,0.03,0.025,-1.6864,12.1,160084.3,7.79,92.79,-2.831,-0,-1,130.21,119.99,131.31,25,Cornering,"Hoosier 43075 16x7.5-10 R20, 7 inch rim",16890
78.41,691.225,-4.56,250.58,-147.33,3.996,-23.77,1.28,0.03,0.031,-1.7009,12,160004,7.79,92.79,-2.871,-0,-1,130.25,120.08,131.35,24.99,Cornering,"Hoosier 43075 16x7.5-10 R20, 7 inch rim",16891
78.38,691.235,-5.49,251.62,-146.97,4.003,-24.31,1.27,0.03,0.0374,-1.7121,11.95,159961.19,7.78,92.82,-2.908,-0,-1,130.31,120.17,131.43,24.98,Cornering,"Hoosier 43075 16x7.5-10 R20, 7 inch rim",16892
78.41,691.245,-6.43,252.43,-147.16,3.99,-25.14,1.5,0.09,0.0437,-1.7154,11.98,44325.43,7.79,92.82,-2.936,-0,-0.9998,130.36,120.23,131.45,24.98,Cornering,"Hoosier 43075 16x7.5-10 R20, 7 inch rim",16893
78.42,691.255,-7.52,253.43,-148.14,3.985,-26.14,1.3,0.03,0.0508,-1.7108,12.03,159950.02,7.79,92.8,-2.98,-0,-1,130.42,120.08,131.49,24.98,Cornering,"Hoosier 43075 16x7.5-10 R20, 7 inch rim",16894
78.4,691.265,-7.72,255.39,-149.67,3.984,-26.39,1.41,0.09,0.0516,-1.7064,12.06,44300.79,7.79,92.81,-3.029,-0,-0.9998,130.31,119.88,131.45,24.97,Cornering,"Hoosier 43075 16x7.5-10 R20, 7 inch rim",16895
78.39,691.275,-7.47,258.1,-151.2,3.996,-26.5,1.15,0.03,0.0494,-1.707,12.1,159862.55,7.79,92.79,-3.063,-0,-1,130.31,119.79,131.39,24.97,Cornering,"Hoosier 43075 16x7.5-10 R20, 7 inch rim",16896
78.42,691.285,-6.95,260.94,-151.67,3.988,-27.11,0.35,-0.04,0.0459,-1.7205,12.09,-99345.59,7.79,92.8,-3.116,-0,-1.0001,130.34,119.66,131.25,24.97,Cornering,"Hoosier 43075 16x7.5-10 R20, 7 inch rim",16897
78.4,691.295,-5.53,263.64,-152.49,3.993,-25.51,0.26,-0.04,0.0363,-1.7289,12.02,-99342.21,7.79,92.77,-3.149,-0,-1.0001,130.34,119.55,131.12,24.97,Cornering,"Hoosier 43075 16x7.5-10 R20, 7 inch rim",16898
78.38,691.305,-4.15,265.38,-150.82,4.003,-25.69,0.06,0.03,0.0275,-1.7595,11.97,159729.05,7.78,92.75,-3.198,-0,-1,130.29,119.53,131,24.96,Cornering,"Hoosier 43075 16x7.5-10 R20, 7 inch rim",16899
78.4,691.315,-2.54,266.74,-149.61,3.994,-24.21,0.91,0.16,0.017,-1.7828,11.96,25671.74,7.79,92.7,-3.236,-0,-0.9997,130.25,119.57,130.76,24.94,Cornering,"Hoosier 43075 16x7.5-10 R20, 7 inch rim",16900
78.42,691.325,-1.96,267.58,-148.17,3.994,-24.09,1.55,0.09,0.0132,-1.8058,12.03,44227.04,7.79,92.7,-3.291,-0,-0.9998,130.19,119.55,130.56,24.94,Cornering,"Hoosier 43075 16x7.5-10 R20, 7 inch rim",16901
78.4,691.335,-1.56,268.84,-146.68,4.009,-24.78,3.02,0.09,0.0106,-1.8328,12.08,44256.29,7.78,92.68,-3.324,-0,-0.9998,130.16,119.64,130.36,24.96,Cornering,"Hoosier 43075 16x7.5-10 R20, 7 inch rim",16902
78.39,691.345,-2.14,269.78,-146.13,3.985,-26.16,3.91,-0.04,0.0146,-1.8462,12.14,-99248.95,7.79,92.63,-3.375,-0,-1.0001,130.19,119.68,130.28,24.95,Cornering,"Hoosier 43075 16x7.5-10 R20, 7 inch rim",16903
78.42,691.355,-2.23,271.35,-146.56,3.988,-26.33,5.51,-0.04,0.0152,-1.8514,12.16,-99266.62,7.79,92.6,-3.424,-0,-1.0001,130.25,119.73,130.17,24.96,Cornering,"Hoosier 43075 16x7.5-10 R20, 7 inch rim",16904
78.41,691.365,-2.97,273.37,-147.01,3.998,-26.5,6.37,0.03,0.0202,-1.8596,12.08,159538.59,7.78,92.58,-3.44,-0,-1,130.27,119.62,130.11,24.93,Cornering,"Hoosier 43075 16x7.5-10 R20, 7 inch rim",16905
78.38,691.375,-3.2,275.22,-148.77,3.984,-26.66,6.83,-0.04,0.0215,-1.85,12.02,-99096.88,7.79,92.54,-3.498,-0,-1.0001,130.25,119.31,129.97,24.92,Cornering,"Hoosier 43075 16x7.5-10 R20, 7 inch rim",16906
78.4,691.385,-3.21,278.3,-150.77,3.985,-25.79,6.67,0.03,0.0213,-1.8458,11.95,159299.67,7.79,92.54,-3.53,-0,-1,130.19,119.16,129.95,24.9,Cornering,"Hoosier 43075 16x7.5-10 R20, 7 inch rim",16907
78.42,691.395,-2.77,281,-151.7,3.985,-26.24,6.1,-0.04,0.0182,-1.8524,11.94,-99042.08,7.79,92.51,-3.574,-0,-1.0001,130.16,118.98,129.93,24.9,Cornering,"Hoosier 43075 16x7.5-10 R20, 7 inch rim",16908
78.4,691.405,-1.71,283.36,-152.37,3.991,-25.93,5.61,0.03,0.0112,-1.8597,11.95,159396.83,7.78,92.5,-3.606,-0,-1,130.25,118.85,129.93,24.92,Cornering,"Hoosier 43075 16x7.5-10 R20, 7 inch rim",16909
78.38,691.415,-1.01,285,-151.4,4,-25.82,4.44,0.03,0.0067,-1.8824,12.03,159503.77,7.78,92.5,-3.629,-0,-1,130.25,118.76,130.01,24.93,Cornering,"Hoosier 43075 16x7.5-10 R20, 7 inch rim",16910
78.41,691.425,-0.52,285.72,-149.96,3.99,-25.34,3.61,0.03,0.0035,-1.9052,12.11,159643.09,7.78,92.52,-3.676,-0,-1,130.25,118.83,130.13,24.96,Cornering,"Hoosier 43075 16x7.5-10 R20, 7 inch rim",16911
78.42,691.435,-0.54,285.42,-147.97,3.994,-26.14,3.1,0.03,0.0036,-1.9289,12.16,159485.7,7.78,92.49,-3.723,-0,-1,130.16,118.89,130.23,24.93,Cornering,"Hoosier 43075 16x7.5-10 R20, 7 inch rim",16912
78.39,691.445,-1.69,286.02,-147.46,3.994,-25.24,2.32,-0.04,0.0115,-1.9397,12.14,-99113.6,7.78,92.48,-3.749,-0,-1.0001,130.14,118.96,130.3,24.93,Cornering,"Hoosier 43075 16x7.5-10 R20, 7 inch rim",16913
78.39,691.455,-2.87,286.75,-146.54,3.988,-25.62,2.12,0.09,0.0196,-1.9568,12.08,44159.98,7.78,92.45,-3.798,-0,-0.9998,130.29,119.02,130.42,24.92,Cornering,"Hoosier 43075 16x7.5-10 R20, 7 inch rim",16914
78.42,691.465,-4.95,287.66,-146.68,3.997,-26.04,1.33,-0.04,0.0337,-1.9611,12,-99034.67,7.78,92.39,-3.829,-0,-1.0001,130.4,119.11,130.58,24.91,Cornering,"Hoosier 43075 16x7.5-10 R20, 7 inch rim",16915
78.4,691.475,-6.27,288.95,-147.25,3.99,-26.65,1.16,0.03,0.0426,-1.9623,11.97,159455.2,7.78,92.36,-3.878,-0,-1,130.44,119.05,130.7,24.93,Cornering,"Hoosier 43075 16x7.5-10 R20, 7 inch rim",16916
78.37,691.485,-7.22,291.18,-148.15,3.991,-26.61,1.12,0.03,0.0487,-1.9655,12,159521.81,7.78,92.31,-3.915,-0,-1,130.49,118.91,130.76,24.94,Cornering,"Hoosier 43075 16x7.5-10 R20, 7 inch rim",16917
78.41,691.495,-7.53,293.47,-149.88,3.988,-26.64,0.66,-0.04,0.0502,-1.958,12.06,-99249.84,7.78,92.25,-3.951,-0,-1.0001,130.38,118.76,130.86,24.97,Cornering,"Hoosier 43075 16x7.5-10 R20, 7 inch rim",16918
78.41,691.505,-7.12,296.14,-151.25,4.012,-27.29,0.27,0.03,0.0471,-1.958,12.15,159654.23,7.78,92.22,-3.992,-0,-1,130.34,118.58,130.92,24.97,Cornering,"Hoosier 43075 16x7.5-10 R20, 7 inch rim",16919
78.4,691.515,-5.97,298.58,-152.54,4.003,-26.66,-0.26,0.03,0.0392,-1.9574,12.17,159683.86,7.78,92.19,-4.028,-0,-1,130.36,118.47,130.92,24.97,Cornering,"Hoosier 43075 16x7.5-10 R20, 7 inch rim",16920
78.39,691.525,-4.5,299.48,-151.9,4,-27.26,-0.47,0.09,0.0296,-1.9716,12.15,44268.04,7.78,92.19,-4.067,-0,-0.9998,130.31,118.41,130.94,24.98,Cornering,"Hoosier 43075 16x7.5-10 R20, 7 inch rim",16921
78.42,691.535,-3.05,299.92,-150.96,3.99,-26.64,-0.27,0.09,0.0202,-1.9867,12.08,44295.99,7.78,92.2,-4.115,-0,-0.9998,130.25,118.39,131,25,Cornering,"Hoosier 43075 16x7.5-10 R20, 7 inch rim",16922
78.41,691.545,-1.92,299.8,-149.51,4.001,-26.57,0.36,0.03,0.0128,-2.0053,12.03,159809.09,7.78,92.21,-4.137,-0,-1,130.16,118.43,131.08,25,Cornering,"Hoosier 43075 16x7.5-10 R20, 7 inch rim",16923
78.38,691.555,-1.65,300.56,-148.56,3.984,-25.64,0.97,-0.04,0.0111,-2.0232,12.03,-99309.51,7.78,92.25,-4.199,-0,-1.0001,130.12,118.52,131.1,24.99,Cornering,"Hoosier 43075 16x7.5-10 R20, 7 inch rim",16924
78.4,691.565,-1.99,301.11,-147.6,3.988,-26.32,1.94,0.16,0.0135,-2.04,12.08,25676.08,7.78,92.28,-4.241,-0,-0.9997,130.12,118.63,131.12,24.97,Cornering,"Hoosier 43075 16x7.5-10 R20, 7 inch rim",16925
78.42,691.575,-2.61,302.78,-147.25,3.993,-26.49,2.99,0.03,0.0177,-2.0562,12.13,159666.8,7.78,92.3,-4.28,-0,-1,130.23,118.69,131.29,24.98,Cornering,"Hoosier 43075 16x7.5-10 R20, 7 inch rim",16926
78.39,691.585,-3.25,304.51,-147.63,3.993,-26.24,3.85,-0.04,0.022,-2.0626,12.16,-99293.26,7.78,92.29,-4.317,-0,-1.0001,130.31,118.74,131.33,24.99,Cornering,"Hoosier 43075 16x7.5-10 R20, 7 inch rim",16927
78.38,691.595,-3.68,306.73,-148.25,3.988,-26.51,4.61,0.03,0.0248,-2.0689,12.14,159723.33,7.78,92.25,-4.359,-0,-1,130.38,118.67,131.43,24.99,Cornering,"Hoosier 43075 16x7.5-10 R20, 7 inch rim",16928
78.42,691.605,-4.16,308.69,-149.97,3.993,-26.95,4.66,0.03,0.0277,-2.0583,12.07,159750.34,7.78,92.21,-4.403,-0,-1,130.42,118.52,131.49,25,Cornering,"Hoosier 43075 16x7.5-10 R20, 7 inch rim",16929
78.41,691.615,-4.1,311.26,-151.26,3.991,-27.39,4.31,0.09,0.0271,-2.0578,12,44214.41,7.78,92.21,-4.442,-0,-0.9998,130.44,118.43,131.53,24.97,Cornering,"Hoosier 43075 16x7.5-10 R20, 7 inch rim",16930
78.38,691.625,-3.43,313.33,-152.11,3.991,-27.97,4.01,-0.04,0.0225,-2.0598,11.95,-99131.07,7.78,92.21,-4.488,-0,-1.0001,130.46,118.34,131.51,24.96,Cornering,"Hoosier 43075 16x7.5-10 R20, 7 inch rim",16931
78.4,691.635,-2.42,314.15,-152.69,3.99,-28.06,3.39,-0.04,0.0158,-2.0575,11.97,-99126.95,7.78,92.21,-4.516,-0,-1.0001,130.46,118.28,131.47,24.96,Cornering,"Hoosier 43075 16x7.5-10 R20, 7 inch rim",16932
78.42,691.645,-1.15,314.57,-151.81,3.99,-27.21,3.28,0.03,0.0076,-2.0722,12.03,159602.2,7.78,92.17,-4.564,-0,-1,130.46,118.23,131.51,24.98,Cornering,"Hoosier 43075 16x7.5-10 R20, 7 inch rim",16933
78.39,691.655,-0.38,314.33,-150.3,3.987,-26.53,3.47,-0.04,0.0026,-2.0914,12.08,-99299.86,7.78,92.16,-4.594,-0,-1.0001,130.44,118.23,131.51,25,Cornering,"Hoosier 43075 16x7.5-10 R20, 7 inch rim",16934
78.39,691.665,-0.53,313.91,-148.93,3.998,-26.29,3.38,-0.04,0.0036,-2.1078,12.15,-99407.34,7.77,92.15,-4.645,-0,-1.0001,130.42,118.3,131.53,25.03,Cornering,"Hoosier 43075 16x7.5-10 R20, 7 inch rim",16935
78.41,691.675,-1.47,314.3,-147.69,3.996,-26.47,3.15,-0.11,0.01,-2.1281,12.15,-37916.64,7.77,92.15,-4.674,-0,-1.0002,130.44,118.34,131.55,25.03,Cornering,"Hoosier 43075 16x7.5-10 R20, 7 inch rim",16936
78.42,691.685,-2.85,315.81,-147.22,4.001,-26.17,2.95,-0.04,0.0194,-2.1452,12.1,-99374.25,7.77,92.15,-4.713,-0,-1.0001,130.57,118.39,131.61,25.03,Cornering,"Hoosier 43075 16x7.5-10 R20, 7 inch rim",16937
78.38,691.695,-4.29,317.2,-146.88,3.996,-26.99,2.55,0.09,0.0292,-2.1596,12.03,44285.91,7.77,92.12,-4.76,-0,-0.9998,130.68,118.43,131.77,25.02,Cornering,"Hoosier 43075 16x7.5-10 R20, 7 inch rim",16938
78.4,691.705,-5.53,318.55,-148.27,3.987,-26.87,2.22,0.09,0.0373,-2.1485,12.01,44263.64,7.77,92.09,-4.786,-0,-0.9998,130.7,118.34,131.85,25.01,Cornering,"Hoosier 43075 16x7.5-10 R20, 7 inch rim",16939
78.42,691.715,-5.86,320.62,-149.42,3.993,-27.36,2.41,0.03,0.0392,-2.1457,12.01,159685.69,7.77,92.08,-4.831,-0,-1,130.68,118.23,131.91,25,Cornering,"Hoosier 43075 16x7.5-10 R20, 7 inch rim",16940
78.4,691.725,-6.69,322.54,-150.84,4.003,-28.36,1.18,0.09,0.0443,-2.1383,12.04,44237.52,7.77,92.08,-4.867,-0,-0.9998,130.72,118.1,131.95,25,Cornering,"Hoosier 43075 16x7.5-10 R20, 7 inch rim",16941
78.38,691.735,-5.86,324.68,-152.39,3.996,-28.32,0.99,-0.04,0.0385,-2.1306,12.13,-99273.51,7.77,92.05,-4.919,-0,-1.0001,130.72,117.99,131.97,25.01,Cornering,"Hoosier 43075 16x7.5-10 R20, 7 inch rim",16942
78.41,691.745,-4.71,325.78,-152.26,3.987,-29.09,0.79,0.09,0.0309,-2.1396,12.15,44242.09,7.77,92.05,-4.949,-0,-0.9998,130.72,117.9,131.95,25,Cornering,"Hoosier 43075 16x7.5-10 R20, 7 inch rim",16943
78.42,691.755,-3.16,325.59,-151.85,3.991,-28.29,1.08,-0.04,0.0208,-2.1441,12.13,-99192.95,7.77,92.04,-4.992,-0,-1.0001,130.68,117.84,131.95,24.99,Cornering,"Hoosier 43075 16x7.5-10 R20, 7 inch rim",16944
78.38,691.765,-2.04,324.89,-150.55,3.996,-27.44,1.48,0.09,0.0136,-2.158,12.05,44194.06,7.77,91.99,-5.048,-0,-0.9998,130.66,117.84,132.01,24.98,Cornering,"Hoosier 43075 16x7.5-10 R20, 7 inch rim",16945
78.4,691.775,-1.38,323.99,-148.72,3.998,-27.75,2.29,0.03,0.0093,-2.1784,11.98,159440.34,7.77,91.97,-5.069,-0,-1,130.57,117.86,132.07,24.97,Cornering,"Hoosier 43075 16x7.5-10 R20, 7 inch rim",16946
78.42,691.785,-1.55,324.12,-147.67,3.981,-27.53,2.7,-0.04,0.0105,-2.1948,11.91,-99057.69,7.77,91.94,-5.118,-0,-1.0001,130.55,117.95,132.11,24.96,Cornering,"Hoosier 43075 16x7.5-10 R20, 7 inch rim",16947
78.41,691.795,-2.21,325.37,-147.87,3.988,-26.3,3.39,0.03,0.0149,-2.2004,11.92,159380.14,7.77,91.93,-5.158,-0,-1,130.64,118.01,132.19,24.97,Cornering,"Hoosier 43075 16x7.5-10 R20, 7 inch rim",16948
78.38,691.805,-3.25,326.62,-147.72,3.975,-26.93,3.89,-0.04,0.022,-2.2111,11.97,-99067.79,7.77,91.94,-5.197,-0,-1.0001,130.79,118.06,132.36,24.97,Cornering,"Hoosier 43075 16x7.5-10 R20, 7 inch rim",16949
78.41,691.815,-3.27,328.15,-147.97,3.99,-27.63,5.34,0.03,0.0221,-2.2176,12.05,159397,7.77,91.97,-5.234,-0,-1,130.83,118.1,132.42,24.97,Cornering,"Hoosier 43075 16x7.5-10 R20, 7 inch rim",16950
78.42,691.825,-4.41,329.89,-149,4.001,-28.03,5.29,0.09,0.0296,-2.214,12.14,44167.49,7.77,91.98,-5.271,-0,-0.9998,130.87,117.99,132.5,24.97,Cornering,"Hoosier 43075 16x7.5-10 R20, 7 inch rim",16951
78.39,691.835,-4.29,331.88,-150.64,3.99,-28.42,5.64,-0.04,0.0285,-2.2031,12.15,-99093.48,7.77,91.99,-5.318,-0,-1.0001,130.83,117.86,132.56,24.98,Cornering,"Hoosier 43075 16x7.5-10 R20, 7 inch rim",16952
78.39,691.845,-3.82,333.86,-152.38,3.988,-28.68,5.58,-0.04,0.0251,-2.191,12.12,-99086.21,7.77,92.01,-5.361,-0,-1.0001,130.83,117.7,132.6,24.98,Cornering,"Hoosier 43075 16x7.5-10 R20, 7 inch rim",16953
78.42,691.855,-3.51,335.26,-152.94,4,-28.8,4.64,-0.04,0.0229,-2.1922,12.04,-99033.63,7.77,92.05,-5.4,-0,-1.0001,130.83,117.61,132.6,24.97,Cornering,"Hoosier 43075 16x7.5-10 R20, 7 inch rim",16954
78.41,691.865,-2.18,335.45,-152.87,3.99,-27.9,4.62,0.03,0.0142,-2.1944,11.99,159303.09,7.77,92.09,-5.443,-0,-1,130.81,117.59,132.58,24.97,Cornering,"Hoosier 43075 16x7.5-10 R20, 7 inch rim",16955
78.38,691.875,-1.67,334.26,-151.31,3.993,-27.85,4.17,0.03,0.011,-2.2091,12.01,159219.17,7.77,92.14,-5.479,-0,-1,130.79,117.61,132.6,24.96,Cornering,"Hoosier 43075 16x7.5-10 R20, 7 inch rim",16956
78.4,691.885,-1.65,333.4,-150.13,4,-26.91,3.91,-0.04,0.011,-2.2207,12.06,-99057.55,7.77,92.19,-5.527,-0,-1.0001,130.72,117.68,132.7,24.98,Cornering,"Hoosier 43075 16x7.5-10 R20, 7 inch rim",16957
78.42,691.895,-1.52,333.07,-149.11,3.984,-26.27,4.42,0.09,0.0102,-2.2337,12.15,44196.37,7.77,92.22,-5.563,-0,-0.9998,130.68,117.73,132.8,25,Cornering,"Hoosier 43075 16x7.5-10 R20, 7 inch rim",16958
78.39,691.905,-2.5,333.46,-148.31,3.993,-26.31,4.34,0.03,0.0169,-2.2484,12.19,159588.7,7.77,92.26,-5.61,-0,-1,130.7,117.84,132.9,25.02,Cornering,"Hoosier 43075 16x7.5-10 R20, 7 inch rim",16959
78.39,691.915,-3.66,334.21,-147.92,3.99,-27.41,4.36,0.03,0.0247,-2.2594,12.2,159580.08,7.77,92.22,-5.64,-0,-1,130.83,117.84,133.04,25.02,Cornering,"Hoosier 43075 16x7.5-10 R20, 7 inch rim",16960
78.42,691.925,-4.54,335.31,-148.22,3.988,-28.02,4.72,-0.04,0.0306,-2.2623,12.14,-99166.72,7.77,92.19,-5.689,-0,-1.0001,130.94,117.84,133.23,25.01,Cornering,"Hoosier 43075 16x7.5-10 R20, 7 inch rim",16961
78.41,691.935,-5.08,336.89,-148.78,3.99,-28.68,4.99,0.03,0.0341,-2.2643,12.07,159411.09,7.77,92.18,-5.713,-0,-1,130.94,117.75,133.31,25,Cornering,"Hoosier 43075 16x7.5-10 R20, 7 inch rim",16962
78.39,691.945,-5.62,339,-150.32,3.99,-28.91,4.93,0.03,0.0374,-2.2552,12,159321.3,7.77,92.2,-5.768,-0,-1,130.98,117.59,133.39,24.98,Cornering,"Hoosier 43075 16x7.5-10 R20, 7 inch rim",16963
78.4,691.955,-5.36,341.76,-152.04,3.99,-28.68,4.62,0.09,0.0353,-2.2478,12,44136.46,7.77,92.19,-5.799,-0,-0.9998,131,117.44,133.37,24.98,Cornering,"Hoosier 43075 16x7.5-10 R20, 7 inch rim",16964
78.41,691.965,-4.85,343.68,-153.06,3.996,-28.57,4.2,-0.04,0.0317,-2.2454,12.03,-99003.04,7.77,92.2,-5.831,-0,-1.0001,131.11,117.33,133.37,24.98,Cornering,"Hoosier 43075 16x7.5-10 R20, 7 inch rim",16965
78.4,691.975,-3.52,343.72,-153.3,3.985,-28.31,4.16,-0.04,0.023,-2.2421,12.09,-98970.01,7.77,92.21,-5.885,-0,-1.0001,131.15,117.33,133.33,24.97,Cornering,"Hoosier 43075 16x7.5-10 R20, 7 inch rim",16966
78.39,691.985,-2.14,342.54,-151.99,3.993,-27.74,4.45,0.09,0.0141,-2.2537,12.18,44106.78,7.77,92.22,-5.911,-0,-0.9998,131.22,117.35,133.37,24.97,Cornering,"Hoosier 43075 16x7.5-10 R20, 7 inch rim",16967
78.41,691.995,-1.36,340.73,-150.72,4.003,-27.15,4.7,0.03,0.009,-2.2607,12.17,159040.7,7.76,92.17,-5.965,-0,-1,131.19,117.35,133.39,24.95,Cornering,"Hoosier 43075 16x7.5-10 R20, 7 inch rim",16968
78.41,692.005,-1.34,339.28,-149.13,3.982,-27.18,4.99,0.03,0.009,-2.2751,12.14,159030.28,7.77,92.19,-6,-0,-1,131.19,117.39,133.43,24.95,Cornering,"Hoosier 43075 16x7.5-10 R20, 7 inch rim",16969
78.38,692.015,-1.95,339.05,-148.3,3.991,-27.41,5.3,0.03,0.0131,-2.2863,12.06,159051.48,7.77,92.22,-6.051,-0,-1,131.22,117.53,133.49,24.96,Cornering,"Hoosier 43075 16x7.5-10 R20, 7 inch rim",16970
78.39,692.025,-2.66,339.2,-148.53,3.996,-27.88,5.84,-0.04,0.0179,-2.2837,11.98,-98934.08,7.76,92.25,-6.076,-0,-1.0001,131.34,117.55,133.57,24.97,Cornering,"Hoosier 43075 16x7.5-10 R20, 7 inch rim",16971
78.42,692.035,-3.46,340.75,-148.2,3.988,-28.48,6.53,0.03,0.0233,-2.2993,11.93,159030.73,7.76,92.28,-6.119,-0,-1,131.52,117.57,133.75,24.96,Cornering,"Hoosier 43075 16x7.5-10 R20, 7 inch rim",16972
78.4,692.045,-4.62,342.3,-148.76,4.001,-28.76,6.58,0.03,0.0311,-2.3011,11.94,159015.59,7.76,92.31,-6.167,-0,-1,131.56,117.55,133.83,24.96,Cornering,"Hoosier 43075 16x7.5-10 R20, 7 inch rim",16973
78.38,692.055,-5.17,344.73,-150.04,3.994,-28.28,6.8,0.09,0.0344,-2.2976,12.03,44031.5,7.76,92.32,-6.195,-0,-0.9998,131.6,117.39,133.93,24.94,Cornering,"Hoosier 43075 16x7.5-10 R20, 7 inch rim",16974
78.41,692.065,-5.45,347.15,-151.55,3.996,-28.28,6.27,0.09,0.0359,-2.2906,12.12,44028.13,7.76,92.35,-6.233,-0,-0.9998,131.56,117.26,133.95,24.94,Cornering,"Hoosier 43075 16x7.5-10 R20, 7 inch rim",16975
78.42,692.075,-5.15,348.75,-152.46,4,-28.72,5.91,0.03,0.0338,-2.2874,12.17,158835.89,7.76,92.34,-6.269,-0,-1,131.6,117.13,133.97,24.93,Cornering,"Hoosier 43075 16x7.5-10 R20, 7 inch rim",16976
78.39,692.085,-4.05,349.25,-152.69,3.996,-28.3,5.94,-0.04,0.0265,-2.2873,12.15,-98842.09,7.76,92.33,-6.312,-0,-1.0001,131.58,117.06,133.97,24.96,Cornering,"Hoosier 43075 16x7.5-10 R20, 7 inch rim",16977
78.38,692.095,-3.1,347.99,-152.18,3.993,-27.58,5.67,-0.04,0.0204,-2.2867,12.08,-98857.34,7.76,92.31,-6.351,-0,-1.0001,131.56,117.15,133.99,24.97,Cornering,"Hoosier 43075 16x7.5-10 R20, 7 inch rim",16978
78.42,692.105,-2.59,345.58,-150.98,3.994,-27.38,5.53,0.03,0.0171,-2.2889,12,159017.53,7.76,92.34,-6.394,-0,-1,131.56,117.15,133.99,24.97,Cornering,"Hoosier 43075 16x7.5-10 R20, 7 inch rim",16979
78.4,692.115,-2.43,343.82,-149.85,3.99,-26.81,5.49,0.09,0.0162,-2.2944,11.97,44039.62,7.76,92.34,-6.449,-0,-0.9998,131.49,117.17,134.07,24.96,Cornering,"Hoosier 43075 16x7.5-10 R20, 7 inch rim",16980
78.39,692.125,-2.5,343.1,-148.42,3.988,-27.78,6,0.03,0.0168,-2.3117,12.03,158953.59,7.76,92.38,-6.477,-0,-1,131.49,117.28,134.13,24.96,Cornering,"Hoosier 43075 16x7.5-10 R20, 7 inch rim",16981
78.4,692.135,-3.49,343.84,-148.1,3.994,-27.88,6.19,-0.04,0.0236,-2.3217,12.09,-98845.81,7.76,92.39,-6.521,-0,-1.0001,131.6,117.33,134.26,24.97,Cornering,"Hoosier 43075 16x7.5-10 R20, 7 inch rim",16982
78.42,692.145,-4.25,345.11,-148.32,3.99,-27.94,6.79,-0.04,0.0287,-2.3267,12.15,-98885.23,7.76,92.35,-6.552,-0,-1.0001,131.82,117.37,134.46,24.98,Cornering,"Hoosier 43075 16x7.5-10 R20, 7 inch rim",16983
78.39,692.155,-4.67,346.85,-148.86,3.991,-27.55,7.62,0.09,0.0314,-2.33,12.17,44077.81,7.76,92.33,-6.591,-0,-0.9998,131.99,117.35,134.6,24.98,Cornering,"Hoosier 43075 16x7.5-10 R20, 7 inch rim",16984
78.39,692.165,-5.28,348.89,-149.31,3.991,-28.22,8.04,-0.04,0.0354,-2.3366,12.11,-98845.68,7.76,92.31,-6.633,-0,-1.0001,132.01,117.26,134.76,24.98,Cornering,"Hoosier 43075 16x7.5-10 R20, 7 inch rim",16985
78.42,692.175,-5.91,351.45,-150.62,3.993,-28.02,7.64,0.03,0.0393,-2.3334,12.05,158887.97,7.76,92.3,-6.674,-0,-1,131.99,117.15,134.82,24.96,Cornering,"Hoosier 43075 16x7.5-10 R20, 7 inch rim",16986
78.4,692.185,-5.56,353.49,-151.35,4,-29.24,7.4,0.03,0.0368,-2.3356,11.99,158836.56,7.76,92.31,-6.717,-0,-1,132.01,117.06,134.86,24.96,Cornering,"Hoosier 43075 16x7.5-10 R20, 7 inch rim",16987
78.38,692.195,-4.38,354.56,-152.83,3.985,-28.43,7.4,-0.04,0.0287,-2.32,11.96,-98660.5,7.76,92.31,-6.75,-0,-1.0001,131.99,116.98,134.88,24.94,Cornering,"Hoosier 43075 16x7.5-10 R20, 7 inch rim",16988
78.4,692.205,-3.38,353.16,-152.92,3.993,-28.29,7.27,0.09,0.0221,-2.3095,12,43956,7.76,92.31,-6.8,-0,-0.9998,131.99,117.02,134.94,24.93,Cornering,"Hoosier 43075 16x7.5-10 R20, 7 inch rim",16989
78.42,692.215,-2.61,351.06,-151.23,3.979,-28.47,6.92,0.03,0.0173,-2.3214,12.07,158646.94,7.76,92.31,-6.84,-0,-1,132.03,116.98,135.02,24.93,Cornering,"Hoosier 43075 16x7.5-10 R20, 7 inch rim",16990
78.4,692.225,-1.83,349.12,-150.12,3.987,-27.74,7.48,0.03,0.0122,-2.3256,12.13,158631.59,7.76,92.28,-6.885,-0,-1,132.05,117.04,135.13,24.93,Cornering,"Hoosier 43075 16x7.5-10 R20, 7 inch rim",16991
78.38,692.235,-2.28,347.65,-148.98,3.984,-27.88,7.4,0.09,0.0153,-2.3335,12.16,43955.26,7.76,92.25,-6.915,-0,-0.9998,132.03,117.15,135.15,24.93,Cornering,"Hoosier 43075 16x7.5-10 R20, 7 inch rim",16992
78.41,692.245,-3.18,348.07,-148.48,3.991,-27.53,7.63,-0.11,0.0214,-2.3442,12.11,-37607.53,7.76,92.25,-6.959,-0,-1.0002,132.16,117.24,135.33,24.93,Cornering,"Hoosier 43075 16x7.5-10 R20, 7 inch rim",16993
78.42,692.255,-4.03,349.11,-148.14,3.997,-28.14,8.24,-0.04,0.0272,-2.3566,12.06,-98561.66,7.76,92.21,-6.996,-0,-1.0001,132.46,117.31,135.53,24.93,Cornering,"Hoosier 43075 16x7.5-10 R20, 7 inch rim",16994
78.38,692.265,-4.79,350.7,-148.46,3.988,-28.22,8.83,0.03,0.0323,-2.3623,12,158577.41,7.76,92.19,-7.039,-0,-1,132.61,117.26,135.75,24.93,Cornering,"Hoosier 43075 16x7.5-10 R20, 7 inch rim",16995
78.39,692.275,-5.18,352.58,-148.9,3.996,-28.35,9.56,-0.04,0.0348,-2.3679,11.98,-98636.3,7.76,92.18,-7.074,-0,-1.0001,132.7,117.2,135.91,24.95,Cornering,"Hoosier 43075 16x7.5-10 R20, 7 inch rim",16996
78.41,692.285,-6.03,355.05,-150.62,3.984,-27.95,8.87,-0.04,0.04,-2.3572,12.03,-98695.51,7.76,92.19,-7.117,-0,-1.0001,132.74,117.11,136.01,24.97,Cornering,"Hoosier 43075 16x7.5-10 R20, 7 inch rim",16997
78.4,692.295,-6.27,357.58,-151.65,3.99,-28.38,8.26,0.03,0.0414,-2.358,12.12,158790.89,7.76,92.19,-7.164,-0,-1,132.85,116.93,136.07,24.97,Cornering,"Hoosier 43075 16x7.5-10 R20, 7 inch rim",16998
78.38,692.305,-5.49,358.33,-153.35,3.981,-28.16,7.97,0.03,0.0358,-2.3367,12.2,158848.53,7.76,92.16,-7.208,-0,-1,132.87,116.82,136.14,24.98,Cornering,"Hoosier 43075 16x7.5-10 R20, 7 inch rim",16999
78.41,692.315,-4.19,357.23,-153.39,3.988,-28.43,8.12,0.03,0.0273,-2.3289,12.22,158763.89,7.76,92.2,-7.238,-0,-1,132.91,116.82,136.22,24.97,Cornering,"Hoosier 43075 16x7.5-10 R20, 7 inch rim",17000
78.41,692.325,-3.13,354.49,-152.33,4.003,-28.6,7.95,0.03,0.0205,-2.3271,12.19,158639.23,7.76,92.16,-7.277,-0,-1,132.87,116.82,136.28,24.96,Cornering,"Hoosier 43075 16x7.5-10 R20, 7 inch rim",17001
78.38,692.335,-2.12,351.81,-151.13,3.991,-28.06,8.42,0.03,0.014,-2.3279,12.12,158514.53,7.76,92.09,-7.316,-0,-1,132.85,116.89,136.34,24.94,Cornering,"Hoosier 43075 16x7.5-10 R20, 7 inch rim",17002
78.39,692.345,-2.1,350.46,-149.92,4.006,-27.66,8.51,-0.04,0.014,-2.3376,12.03,-98529.18,7.75,92.03,-7.346,-0,-1.0001,132.78,116.95,136.4,24.94,Cornering,"Hoosier 43075 16x7.5-10 R20, 7 inch rim",17003
78.42,692.355,-2.76,350.54,-148.59,3.997,-28.2,8.63,0.03,0.0186,-2.3592,11.96,158486.5,7.76,92.02,-7.392,-0,-1,132.85,117.06,136.54,24.94,Cornering,"Hoosier 43075 16x7.5-10 R20, 7 inch rim",17004
78.4,692.365,-3.58,351.78,-148.63,4,-27.78,9.16,-0.04,0.0241,-2.3668,11.98,-98506.03,7.75,91.99,-7.446,-0,-1.0001,133.02,117.2,136.78,24.94,Cornering,"Hoosier 43075 16x7.5-10 R20, 7 inch rim",17005
78.39,692.375,-4.23,353.79,-148.33,3.994,-28.34,10.01,0.03,0.0285,-2.3851,12.04,158489.09,7.76,92,-7.483,-0,-1,133.19,117.17,137.02,24.94,Cornering,"Hoosier 43075 16x7.5-10 R20, 7 inch rim",17006
78.41,692.385,-5.15,355.52,-149.09,4.003,-28.39,10.19,-0.04,0.0345,-2.3846,12.09,-98557.31,7.75,92,-7.52,-0,-1.0001,133.25,117.13,137.25,24.96,Cornering,"Hoosier 43075 16x7.5-10 R20, 7 inch rim",17007
78.41,692.395,-5.93,357.76,-149.66,3.988,-28.85,9.92,0.09,0.0396,-2.3905,12.14,43911.93,7.76,91.97,-7.548,-0,-0.9998,133.23,117.02,137.45,24.94,Cornering,"Hoosier 43075 16x7.5-10 R20, 7 inch rim",17008
78.39,692.405,-6.09,359.44,-151.84,3.994,-29.04,9.96,-0.04,0.0401,-2.3672,12.11,-98468.71,7.76,91.96,-7.605,-0,-1.0001,133.19,116.87,137.55,24.94,Cornering,"Hoosier 43075 16x7.5-10 R20, 7 inch rim",17009
78.39,692.415,-5.89,361.04,-152.95,4.004,-28.93,9.61,-0.04,0.0385,-2.3605,12.06,-98370.03,7.75,91.93,-7.635,-0,-1.0001,133.25,116.67,137.63,24.92,Cornering,"Hoosier 43075 16x7.5-10 R20, 7 inch rim",17010
78.42,692.425,-5.14,360.33,-153.58,3.993,-29.17,9.23,0.03,0.0335,-2.3462,11.97,158304.58,7.75,91.93,-7.678,-0,-1,133.3,116.6,137.69,24.93,Cornering,"Hoosier 43075 16x7.5-10 R20, 7 inch rim",17011
78.4,692.435,-3.97,357.96,-152.89,3.993,-29.33,9.22,-0.04,0.026,-2.3413,11.95,-98395.93,7.75,91.93,-7.718,-0,-1.0001,133.34,116.49,137.73,24.93,Cornering,"Hoosier 43075 16x7.5-10 R20, 7 inch rim",17012
78.38,692.445,-3.02,355.72,-151.74,3.993,-28.31,9.31,-0.04,0.0199,-2.3443,11.99,-98363.39,7.75,91.9,-7.758,-0,-1.0001,133.34,116.49,137.81,24.92,Cornering,"Hoosier 43075 16x7.5-10 R20, 7 inch rim",17013
78.41,692.455,-2.55,353.8,-150.8,3.997,-27.41,9.59,-0.04,0.0169,-2.3461,12.06,-98400.82,7.75,91.85,-7.792,-0,-1.0001,133.27,116.43,137.93,24.93,Cornering,"Hoosier 43075 16x7.5-10 R20, 7 inch rim",17014
78.41,692.465,-3.26,353.53,-149.23,4,-27.55,9.34,0.03,0.0219,-2.3691,12.14,158279.03,7.75,91.78,-7.838,-0,-1,133.25,116.43,138.08,24.93,Cornering,"Hoosier 43075 16x7.5-10 R20, 7 inch rim",17015
78.4,692.475,-3.7,354.26,-148.58,4.003,-27.76,9.96,0.03,0.0249,-2.3843,12.17,158451.16,7.75,91.72,-7.868,-0,-1,133.4,116.51,138.24,24.96,Cornering,"Hoosier 43075 16x7.5-10 R20, 7 inch rim",17016
78.38,692.485,-4.21,355.68,-148.86,3.997,-27.93,10.73,-0.04,0.0283,-2.3894,12.14,-98505.44,7.75,91.68,-7.926,-0,-1.0001,133.58,116.51,138.46,24.97,Cornering,"Hoosier 43075 16x7.5-10 R20, 7 inch rim",17017
78.42,692.495,-5.16,357.25,-149.34,4.001,-28.36,11.01,0.09,0.0345,-2.3923,12.08,43920.2,7.75,91.63,-7.944,-0,-0.9998,133.73,116.47,138.7,24.97,Cornering,"Hoosier 43075 16x7.5-10 R20, 7 inch rim",17018
78.41,692.505,-5.64,359.18,-149.84,3.987,-28.72,11.33,0.03,0.0376,-2.397,12.01,158433.23,7.75,91.6,-8.006,-0,-1,133.77,116.34,138.88,24.97,Cornering,"Hoosier 43075 16x7.5-10 R20, 7 inch rim",17019
78.39,692.515,-6.08,361.25,-151.19,4,-29.54,11.01,0.03,0.0402,-2.3893,11.97,158384.94,7.75,91.61,-8.034,-0,-1,133.73,116.29,138.98,24.96,Cornering,"Hoosier 43075 16x7.5-10 R20, 7 inch rim",17020
78.4,692.525,-6.38,363.41,-153.01,3.991,-28.89,10.26,0.09,0.0417,-2.3751,12,43904.74,7.75,91.6,-8.083,-0,-0.9998,133.77,116.18,139.03,24.97,Cornering,"Hoosier 43075 16x7.5-10 R20, 7 inch rim",17021
78.42,692.535,-5.25,364.04,-153.48,3.998,-29.06,10.23,0.09,0.0342,-2.3719,12.04,43942.11,7.75,91.63,-8.113,-0,-0.9998,133.83,116.21,139.09,25,Cornering,"Hoosier 43075 16x7.5-10 R20, 7 inch rim",17022
78.4,692.545,-4.09,362.52,-153.85,4,-28.34,10.22,0.16,0.0266,-2.3563,12.11,25519.41,7.75,91.61,-8.162,-0,-0.9997,133.83,116.21,139.13,25.01,Cornering,"Hoosier 43075 16x7.5-10 R20, 7 inch rim",17023
78.38,692.555,-3.18,359.54,-153.14,3.996,-27.84,9.84,0.03,0.0208,-2.3478,12.14,158574.14,7.75,91.62,-8.202,-0,-1,133.85,116.34,139.21,25,Cornering,"Hoosier 43075 16x7.5-10 R20, 7 inch rim",17024
78.41,692.565,-2.58,357.28,-151.34,3.984,-27.76,10,-0.04,0.0171,-2.3607,12.11,-98517.88,7.75,91.66,-8.239,-0,-1.0001,133.92,116.45,139.33,24.99,Cornering,"Hoosier 43075 16x7.5-10 R20, 7 inch rim",17025
78.41,692.575,-2.96,355.92,-149.75,3.991,-27.96,9.74,0.03,0.0198,-2.3767,12.06,158392.8,7.75,91.7,-8.285,-0,-1,133.98,116.54,139.45,24.98,Cornering,"Hoosier 43075 16x7.5-10 R20, 7 inch rim",17026
78.38,692.585,-3.72,355.87,-149.44,4,-27.87,9.91,0.03,0.0249,-2.3813,11.99,158373.73,7.75,91.72,-8.331,-0,-1,134.15,116.69,139.63,24.98,Cornering,"Hoosier 43075 16x7.5-10 R20, 7 inch rim",17027
78.4,692.595,-4.48,356.79,-149.27,3.998,-28.23,10.54,-0.04,0.03,-2.3903,11.93,-98463.95,7.75,91.75,-8.359,-0,-1.0001,134.43,116.82,139.91,24.98,Cornering,"Hoosier 43075 16x7.5-10 R20, 7 inch rim",17028
78.42,692.605,-4.84,358.65,-148.82,3.988,-28.86,11.41,-0.04,0.0325,-2.4099,11.95,-98521.62,7.75,91.77,-8.401,-0,-1.0001,134.65,116.84,140.16,25,Cornering,"Hoosier 43075 16x7.5-10 R20, 7 inch rim",17029
78.4,692.615,-5.58,360.72,-149.57,3.984,-28.94,11.9,0.03,0.0373,-2.4117,12.01,158435.22,7.75,91.76,-8.447,-0,-1,134.76,116.82,140.34,25,Cornering,"Hoosier 43075 16x7.5-10 R20, 7 inch rim",17030
78.38,692.625,-6.08,362.84,-150.99,3.979,-28.61,11.72,0.03,0.0403,-2.403,12.13,158453.12,7.75,91.75,-8.491,-0,-1,134.78,116.71,140.46,25,Cornering,"Hoosier 43075 16x7.5-10 R20, 7 inch rim",17031
78.41,692.635,-5.72,365.22,-152.41,3.997,-28.74,12.03,0.03,0.0375,-2.3963,12.22,158334.41,7.75,91.75,-8.511,-0,-1,134.8,116.6,140.5,24.98,Cornering,"Hoosier 43075 16x7.5-10 R20, 7 inch rim",17032
78.41,692.645,-5.59,365.75,-153.34,3.996,-29.01,11.31,0.09,0.0364,-2.3851,12.26,43829.66,7.75,91.83,-8.557,-0,-0.9998,134.84,116.58,140.56,24.96,Cornering,"Hoosier 43075 16x7.5-10 R20, 7 inch rim",17033
78.38,692.655,-4.64,364.2,-153.66,4.003,-29.12,11.05,0.03,0.0302,-2.3702,12.22,158147.03,7.75,91.84,-8.606,-0,-1,134.86,116.49,140.6,24.96,Cornering,"Hoosier 43075 16x7.5-10 R20, 7 inch rim",17034
78.39,692.665,-3.43,361.52,-152.83,3.997,-28.66,10.96,-0.04,0.0225,-2.3655,12.11,-98276.35,7.75,91.86,-8.637,-0,-1.0001,134.91,116.49,140.68,24.96,Cornering,"Hoosier 43075 16x7.5-10 R20, 7 inch rim",17035
78.43,692.675,-3.09,358.54,-151.79,3.985,-28.16,10.43,0.03,0.0204,-2.3621,12.06,158043.92,7.75,91.88,-8.674,-0,-1,134.97,116.56,140.8,24.95,Cornering,"Hoosier 43075 16x7.5-10 R20, 7 inch rim",17036
78.4,692.685,-2.53,356.55,-150.29,3.998,-28.52,11.05,-0.04,0.0169,-2.3725,12.06,-98232.31,7.75,91.88,-8.716,-0,-1.0001,134.97,116.65,140.94,24.95,Cornering,"Hoosier 43075 16x7.5-10 R20, 7 inch rim",17037
78.38,692.695,-3.48,356.51,-149.43,3.988,-28.66,10.8,0.03,0.0233,-2.3859,12.11,158011.53,7.75,91.87,-8.749,-0,-1,135.1,116.76,141.09,24.95,Cornering,"Hoosier 43075 16x7.5-10 R20, 7 inch rim",17038
78.4,692.705,-3.95,357.57,-149.28,3.997,-28.61,11.53,0.03,0.0265,-2.3952,12.19,157991.45,7.75,91.86,-8.795,-0,-1,135.33,116.82,141.29,24.95,Cornering,"Hoosier 43075 16x7.5-10 R20, 7 inch rim",17039
78.42,692.715,-4.74,359.44,-149.15,3.988,-29.02,11.89,0.09,0.0318,-2.4099,12.21,43764.66,7.75,91.84,-8.843,-0,-0.9998,135.66,116.87,141.53,24.94,Cornering,"Hoosier 43075 16x7.5-10 R20, 7 inch rim",17040
78.38,692.725,-5.45,361.46,-149.48,3.994,-29.37,12.33,0.03,0.0364,-2.4181,12.19,157990.25,7.75,91.86,-8.881,-0,-1,135.79,116.84,141.73,24.96,Cornering,"Hoosier 43075 16x7.5-10 R20, 7 inch rim",17041
78.39,692.735,-5.9,363.87,-150.33,3.988,-28.74,12.57,-0.04,0.0392,-2.4205,12.14,-98200.27,7.75,91.9,-8.916,-0,-1.0001,135.87,116.73,141.91,24.96,Cornering,"Hoosier 43075 16x7.5-10 R20, 7 inch rim",17042
78.41,692.745,-6.33,365.79,-151.62,3.994,-29.15,12.22,-0.04,0.0418,-2.4125,12.06,-98144.34,7.75,91.93,-8.954,-0,-1.0001,135.89,116.62,142.04,24.94,Cornering,"Hoosier 43075 16x7.5-10 R20, 7 inch rim",17043
78.41,692.755,-6.22,366.97,-153.22,4,-28.74,11.84,0.03,0.0406,-2.3951,11.97,157827.19,7.75,91.91,-9,-0,-1,135.98,116.49,142.06,24.94,Cornering,"Hoosier 43075 16x7.5-10 R20, 7 inch rim",17044
78.38,692.765,-5.29,366.29,-154.31,3.993,-28.55,11.51,-0.04,0.0343,-2.3738,11.95,-98075.59,7.75,91.85,-9.037,-0,-1.0001,136,116.47,142.16,24.93,Cornering,"Hoosier 43075 16x7.5-10 R20, 7 inch rim",17045
78.4,692.775,-3.99,363.78,-153.86,3.99,-28.95,11.44,-0.04,0.0259,-2.3643,12.02,-98107.11,7.75,91.82,-9.087,-0,-1.0001,136.04,116.47,142.18,24.94,Cornering,"Hoosier 43075 16x7.5-10 R20, 7 inch rim",17046
78.42,692.785,-3.02,360.78,-152.97,3.988,-28.64,11.19,0.03,0.0197,-2.3585,12.08,157882.22,7.75,91.82,-9.121,-0,-1,136.09,116.51,142.3,24.96,Cornering,"Hoosier 43075 16x7.5-10 R20, 7 inch rim",17047
78.39,692.795,-2.57,358.21,-151.67,3.987,-28.81,11.23,-0.04,0.017,-2.3619,12.12,-98178.04,7.75,91.83,-9.158,-0,-1.0001,136.13,116.6,142.42,24.97,Cornering,"Hoosier 43075 16x7.5-10 R20, 7 inch rim",17048
78.39,692.805,-2.72,357.23,-151.07,3.996,-28.08,11.46,0.03,0.018,-2.3647,12.13,157848.22,7.75,91.83,-9.196,-0,-1,136.11,116.62,142.54,24.96,Cornering,"Hoosier 43075 16x7.5-10 R20, 7 inch rim",17049
78.41,692.815,-3.58,357.65,-150.16,3.988,-28.62,11.53,0.03,0.0238,-2.3818,12.09,157680.53,7.75,91.79,-9.241,-0,-1,136.32,116.76,142.72,24.93,Cornering,"Hoosier 43075 16x7.5-10 R20, 7 inch rim",17050
78.4,692.825,-4.34,359.47,-149.73,3.994,-28.45,12.18,0.09,0.029,-2.4007,12.03,43638.52,7.75,91.78,-9.283,-0,-0.9998,136.62,116.84,142.93,24.9,Cornering,"Hoosier 43075 16x7.5-10 R20, 7 inch rim",17051
78.38,692.835,-5.18,361.99,-150.16,3.993,-27.75,12.68,0.03,0.0345,-2.4107,11.99,157350.95,7.75,91.79,-9.32,-0,-1,136.86,116.93,143.19,24.89,Cornering,"Hoosier 43075 16x7.5-10 R20, 7 inch rim",17052
78.4,692.845,-5.85,364,-150.1,3.993,-28.71,12.98,-0.04,0.0389,-2.425,12,-97913.01,7.75,91.81,-9.367,-0,-1.0001,136.92,116.82,143.35,24.92,Cornering,"Hoosier 43075 16x7.5-10 R20, 7 inch rim",17053
78.42,692.855,-6.54,366.07,-151.36,4.001,-28.99,12.8,0.09,0.0432,-2.4185,12.07,43684.51,7.75,91.83,-9.399,-0,-0.9998,136.9,116.73,143.51,24.94,Cornering,"Hoosier 43075 16x7.5-10 R20, 7 inch rim",17054
78.39,692.865,-6.94,367.83,-152.29,4.004,-29.45,12.37,0.09,0.0456,-2.4154,12.16,43699.97,7.74,91.86,-9.436,-0,-0.9998,136.84,116.65,143.55,24.95,Cornering,"Hoosier 43075 16x7.5-10 R20, 7 inch rim",17055
78.39,692.875,-6,367.49,-153.79,3.991,-29.76,12.53,0.03,0.039,-2.3895,12.2,157573.83,7.75,91.91,-9.471,-0,-1,136.88,116.6,143.61,24.93,Cornering,"Hoosier 43075 16x7.5-10 R20, 7 inch rim",17056
78.41,692.885,-5.17,365.33,-154.34,4.001,-29.74,12.06,0.03,0.0335,-2.3669,12.19,157588.81,7.75,91.99,-9.516,-0,-1,136.9,116.6,143.65,24.94,Cornering,"Hoosier 43075 16x7.5-10 R20, 7 inch rim",17057
78.4,692.895,-3.89,362.21,-153.67,3.99,-29.17,12.07,0.03,0.0253,-2.3571,12.13,157529.77,7.75,92.07,-9.564,-0,-1,136.9,116.62,143.71,24.93,Cornering,"Hoosier 43075 16x7.5-10 R20, 7 inch rim",17058
78.38,692.905,-2.99,359.16,-152.37,3.997,-29.18,12.05,-0.04,0.0196,-2.3572,12.06,-97890.97,7.75,92.11,-9.598,-0,-1.0001,136.92,116.73,143.83,24.93,Cornering,"Hoosier 43075 16x7.5-10 R20, 7 inch rim",17059
78.39,692.915,-2.77,357.69,-150.93,3.991,-28.74,12.12,0.03,0.0184,-2.3699,11.97,157461.03,7.75,92.15,-9.631,-0,-1,136.88,116.76,144,24.93,Cornering,"Hoosier 43075 16x7.5-10 R20, 7 inch rim",17060
78.42,692.925,-3.21,357.79,-150.06,3.993,-28.34,12.22,0.03,0.0214,-2.3843,11.95,157513.64,7.75,92.16,-9.674,-0,-1,137.05,116.91,144.16,24.94,Cornering,"Hoosier 43075 16x7.5-10 R20, 7 inch rim",17061
78.39,692.935,-4.03,359.16,-149.87,4.001,-27.82,12.78,0.03,0.0269,-2.3965,11.97,157492.23,7.75,92.16,-9.718,-0,-1,137.22,116.93,144.46,24.94,Cornering,"Hoosier 43075 16x7.5-10 R20, 7 inch rim",17062
78.39,692.945,-4.65,361.53,-149.72,3.981,-27.42,13.45,0.03,0.031,-2.4147,12.07,157325.72,7.75,92.15,-9.76,-0,-1,137.46,117.04,144.68,24.92,Cornering,"Hoosier 43075 16x7.5-10 R20, 7 inch rim",17063
78.41,692.955,-5.72,363.37,-150.11,4,-27.82,13.56,-0.04,0.0381,-2.4206,12.11,-97762.22,7.75,92.15,-9.8,-0,-1.0001,137.57,117.02,144.91,24.91,Cornering,"Hoosier 43075 16x7.5-10 R20, 7 inch rim",17064
78.41,692.965,-6.32,364.98,-151.03,3.996,-28.12,13.66,0.03,0.0418,-2.4167,12.14,157248,7.75,92.15,-9.844,-0,-1,137.52,116.91,145.07,24.91,Cornering,"Hoosier 43075 16x7.5-10 R20, 7 inch rim",17065
78.38,692.975,-6.59,366.17,-152.41,3.988,-28.91,13.42,0.03,0.0432,-2.4025,12.1,157375.42,7.75,92.18,-9.883,-0,-1,137.46,116.84,145.09,24.93,Cornering,"Hoosier 43075 16x7.5-10 R20, 7 inch rim",17066
78.4,692.985,-6.41,366.55,-153.56,3.988,-29.4,13.15,0.03,0.0417,-2.387,12,157394.39,7.75,92.23,-9.919,-0,-1,137.46,116.8,145.15,24.94,Cornering,"Hoosier 43075 16x7.5-10 R20, 7 inch rim",17067
78.42,692.995,-5.72,365.15,-154.18,4.001,-30.12,12.74,0.03,0.0371,-2.3683,11.96,157378.84,7.74,92.23,-9.95,-0,-1,137.48,116.73,145.17,24.94,Cornering,"Hoosier 43075 16x7.5-10 R20, 7 inch rim",17068
78.4,693.005,-4.45,362.87,-154.5,3.994,-29.34,12.74,0.09,0.0288,-2.3486,11.99,43644.27,7.74,92.22,-10.003,-0,-0.9998,137.44,116.71,145.19,24.96,Cornering,"Hoosier 43075 16x7.5-10 R20, 7 inch rim",17069
78.38,693.015,-3.92,360.27,-153.05,4.004,-29.25,12.03,-0.04,0.0256,-2.354,12.03,-97962.7,7.74,92.23,-10.036,-0,-1.0001,137.5,116.78,145.27,24.98,Cornering,"Hoosier 43075 16x7.5-10 R20, 7 inch rim",17070
78.4,693.025,-3.39,358.53,-151.95,3.991,-28.48,12.05,0.09,0.0223,-2.3595,12.14,43683.43,7.74,92.2,-10.086,-0,-0.9998,137.52,116.8,145.39,24.99,Cornering,"Hoosier 43075 16x7.5-10 R20, 7 inch rim",17071
78.42,693.035,-3.64,358.44,-150.61,3.997,-27.95,12.24,-0.04,0.0242,-2.3799,12.19,-98094.1,7.75,92.18,-10.125,-0,-1.0001,137.69,116.87,145.51,25.02,Cornering,"Hoosier 43075 16x7.5-10 R20, 7 inch rim",17072
78.39,693.045,-4.44,359.02,-150.1,3.997,-27.96,12.45,-0.04,0.0296,-2.3919,12.18,-98013.34,7.74,92.15,-10.165,-0,-1.0001,137.95,117.02,145.77,25,Cornering,"Hoosier 43075 16x7.5-10 R20, 7 inch rim",17073
78.39,693.055,-5.04,360.31,-150.04,3.978,-27.91,13.16,0.09,0.0336,-2.4014,12.12,43677.34,7.75,92.14,-10.202,-0,-0.9998,138.32,117.09,146.08,25,Cornering,"Hoosier 43075 16x7.5-10 R20, 7 inch rim",17074
78.42,693.065,-5.83,361.84,-150.28,3.99,-28.48,13.6,0.03,0.0388,-2.4077,12.04,157524.02,7.74,92.09,-10.244,-0,-1,138.62,117.06,146.32,24.98,Cornering,"Hoosier 43075 16x7.5-10 R20, 7 inch rim",17075
78.4,693.075,-6.25,363.28,-151.05,3.99,-29.15,14.08,0.09,0.0414,-2.405,11.99,43645.16,7.75,92.07,-10.287,-0,-0.9998,138.79,116.95,146.54,24.98,Cornering,"Hoosier 43075 16x7.5-10 R20, 7 inch rim",17076
78.38,693.085,-6.66,365.06,-152.24,3.99,-29.76,13.95,-0.04,0.0437,-2.398,11.99,-97964.34,7.75,92.04,-10.32,-0,-1.0001,138.83,116.84,146.72,25,Cornering,"Hoosier 43075 16x7.5-10 R20, 7 inch rim",17077
78.4,693.095,-6.37,366.59,-154,3.982,-29.43,13.86,0.03,0.0413,-2.3804,12.04,157719.58,7.75,92,-10.361,-0,-1,138.92,116.82,146.74,25.03,Cornering,"Hoosier 43075 16x7.5-10 R20, 7 inch rim",17078
78.42,693.105,-5.67,366.77,-154.83,3.993,-29.88,13.64,0.03,0.0366,-2.3688,12.11,157777.09,7.74,91.92,-10.391,-0,-1,139,116.71,146.81,25.04,Cornering,"Hoosier 43075 16x7.5-10 R20, 7 inch rim",17079
78.39,693.115,-4.44,365.23,-154.88,3.99,-29.32,13.42,0.03,0.0287,-2.3581,12.14,157716.08,7.74,91.89,-10.439,-0,-1,139.07,116.73,146.81,25.03,Cornering,"Hoosier 43075 16x7.5-10 R20, 7 inch rim",17080
78.39,693.125,-2.97,362.24,-154.16,3.988,-28.81,13.5,0.03,0.0193,-2.3498,12.13,157618.44,7.75,91.88,-10.486,-0,-1,139.2,116.8,146.93,25.02,Cornering,"Hoosier 43075 16x7.5-10 R20, 7 inch rim",17081
78.42,693.135,-2.36,359.22,-152.94,3.99,-28.12,13.4,0.03,0.0154,-2.3487,12.07,157414.17,7.74,91.89,-10.527,-0,-1,139.24,116.82,147.07,24.99,Cornering,"Hoosier 43075 16x7.5-10 R20, 7 inch rim",17082
78.41,693.145,-2.64,357.84,-151.15,4,-28.35,13.19,0.09,0.0175,-2.3675,12,43585.46,7.74,91.94,-10.562,-0,-0.9998,139.3,116.89,147.23,24.97,Cornering,"Hoosier 43075 16x7.5-10 R20, 7 inch rim",17083
78.38,693.155,-3.36,357.22,-150.84,3.99,-27.92,13.21,0.09,0.0223,-2.3682,11.95,43580.88,7.74,91.93,-10.593,-0,-0.9998,139.54,117.06,147.43,24.97,Cornering,"Hoosier 43075 16x7.5-10 R20, 7 inch rim",17084
78.4,693.165,-4.01,357.48,-150.53,4,-28.53,13.94,0.03,0.0267,-2.3749,11.95,157177.5,7.74,91.97,-10.63,-0,-1,139.88,117.13,147.73,24.96,Cornering,"Hoosier 43075 16x7.5-10 R20, 7 inch rim",17085
78.43,693.175,-4.84,359.04,-150.36,3.991,-29.02,14.38,-0.11,0.0322,-2.3879,12.01,-37261.71,7.74,91.99,-10.688,-0,-1.0002,140.23,117.2,147.92,24.96,Cornering,"Hoosier 43075 16x7.5-10 R20, 7 inch rim",17086
78.4,693.185,-5.63,360.77,-151.07,4.003,-28.98,14.85,0.03,0.0373,-2.388,12.11,157094.77,7.74,92,-10.718,-0,-1,140.42,117.17,148.12,24.96,Cornering,"Hoosier 43075 16x7.5-10 R20, 7 inch rim",17087
78.39,693.195,-6.17,362.56,-151.95,3.988,-29.34,14.73,0.03,0.0406,-2.3861,12.2,157036.94,7.74,92,-10.758,-0,-1,140.46,117.02,148.26,24.95,Cornering,"Hoosier 43075 16x7.5-10 R20, 7 inch rim",17088
78.4,693.205,-6.9,364.59,-152.69,4,-29.96,13.82,0.03,0.0452,-2.3879,12.22,156942.58,7.74,92,-10.798,-0,-1,140.44,116.89,148.36,24.94,Cornering,"Hoosier 43075 16x7.5-10 R20, 7 inch rim",17089
78.41,693.215,-6.53,365.17,-154.31,4,-29.91,13.6,-0.04,0.0423,-2.3664,12.18,-97547.45,7.74,92.01,-10.832,-0,-1.0001,140.51,116.87,148.42,24.94,Cornering,"Hoosier 43075 16x7.5-10 R20, 7 inch rim",17090
78.39,693.225,-5.48,364.33,-155.09,3.979,-29.62,13.47,-0.04,0.0353,-2.3492,12.11,-97510.91,7.75,91.98,-10.874,-0,-1.0001,140.55,116.78,148.44,24.93,Cornering,"Hoosier 43075 16x7.5-10 R20, 7 inch rim",17091
78.4,693.235,-4.7,362.29,-155.02,3.991,-28.56,12.9,0.03,0.0303,-2.3371,12.03,156877.11,7.74,91.97,-10.92,-0,-1,140.55,116.76,148.5,24.94,Cornering,"Hoosier 43075 16x7.5-10 R20, 7 inch rim",17092
78.42,693.245,-3.75,359.43,-154.04,3.997,-28.05,12.98,0.16,0.0243,-2.3334,11.99,25235.48,7.74,91.94,-10.947,-0,-0.9997,140.57,116.73,148.66,24.94,Cornering,"Hoosier 43075 16x7.5-10 R20, 7 inch rim",17093
78.4,693.255,-3.39,356.84,-152.49,3.998,-28.19,13.03,0.09,0.0222,-2.3401,12.04,43490.21,7.74,91.92,-11,-0,-0.9998,140.61,116.82,148.89,24.96,Cornering,"Hoosier 43075 16x7.5-10 R20, 7 inch rim",17094
78.38,693.265,-3.9,355.69,-151.32,3.99,-28.54,12.78,0.03,0.0258,-2.3506,12.11,156998.64,7.74,91.91,-11.031,-0,-1,140.68,116.95,149.01,24.97,Cornering,"Hoosier 43075 16x7.5-10 R20, 7 inch rim",17095
78.41,693.275,-4.21,355.81,-150.78,3.991,-28.76,13.64,0.09,0.0279,-2.3598,12.18,43517.8,7.74,91.87,-11.084,-0,-0.9998,140.91,116.98,149.25,24.98,Cornering,"Hoosier 43075 16x7.5-10 R20, 7 inch rim",17096
78.41,693.285,-4.93,356.74,-150.94,3.993,-28.96,14.19,-0.11,0.0327,-2.3635,12.2,-37259.06,7.74,91.84,-11.113,-0,-1.0002,141.23,117.09,149.53,25,Cornering,"Hoosier 43075 16x7.5-10 R20, 7 inch rim",17097
78.38,693.295,-5.35,358.49,-151.38,3.987,-28.78,14.96,-0.04,0.0354,-2.3681,12.15,-97664.91,7.74,91.83,-11.154,-0,-1.0001,141.43,117.09,149.72,25,Cornering,"Hoosier 43075 16x7.5-10 R20, 7 inch rim",17098
78.39,693.305,-6.14,360.21,-151.43,3.982,-29.37,15.04,-0.04,0.0406,-2.3787,12.11,-97604.83,7.74,91.84,-11.197,-0,-1.0001,141.49,116.98,149.86,24.98,Cornering,"Hoosier 43075 16x7.5-10 R20, 7 inch rim",17099
78.43,693.315,-6.24,362.44,-152.65,3.993,-29.37,15.22,0.03,0.0409,-2.3743,12.01,156809.67,7.74,91.82,-11.242,-0,-1,141.43,116.87,149.96,24.96,Cornering,"Hoosier 43075 16x7.5-10 R20, 7 inch rim",17100
78.4,693.325,-6.53,363.91,-154.12,4.001,-29.27,14.53,-0.04,0.0424,-2.3612,11.95,-97488.5,7.74,91.83,-11.272,-0,-1.0001,141.47,116.71,150.02,24.96,Cornering,"Hoosier 43075 16x7.5-10 R20, 7 inch rim",17101
78.38,693.335,-6.15,364.16,-155.3,3.994,-28.84,13.95,0.09,0.0396,-2.3448,11.97,43481.45,7.74,91.83,-11.321,-0,-0.9998,141.54,116.67,150.06,24.98,Cornering,"Hoosier 43075 16x7.5-10 R20, 7 inch rim",17102
78.4,693.345,-4.74,362.12,-155.3,4.003,-29.59,14.14,0.03,0.0305,-2.3318,12.02,156970.47,7.74,91.82,-11.345,-0,-1,141.54,116.67,150,24.99,Cornering,"Hoosier 43075 16x7.5-10 R20, 7 inch rim",17103
78.43,693.355,-3.83,359.26,-153.99,3.994,-29.58,13.75,0.03,0.0249,-2.3331,12.1,156980.25,7.74,91.84,-11.392,-0,-1,141.62,116.71,150.06,25,Cornering,"Hoosier 43075 16x7.5-10 R20, 7 inch rim",17104
78.39,693.365,-3.33,356.13,-153.55,3.994,-28.88,13.41,-0.04,0.0217,-2.3194,12.13,-97545.09,7.74,91.84,-11.434,-0,-1.0001,141.66,116.78,150.18,24.99,Cornering,"Hoosier 43075 16x7.5-10 R20, 7 inch rim",17105
78.39,693.375,-3.21,354.19,-152.27,3.993,-28.83,13.48,0.09,0.0211,-2.326,12.09,43457.49,7.74,91.85,-11.474,-0,-0.9998,141.71,116.93,150.28,24.98,Cornering,"Hoosier 43075 16x7.5-10 R20, 7 inch rim",17106
78.41,693.385,-3.53,353.78,-151.05,4,-29.12,14.17,0.09,0.0234,-2.3421,12.05,43411.06,7.74,91.85,-11.512,-0,-0.9998,141.94,117.04,150.5,24.96,Cornering,"Hoosier 43075 16x7.5-10 R20, 7 inch rim",17107
78.4,693.395,-4.07,354.71,-151.04,4.001,-28.62,15.06,0.09,0.0269,-2.3485,11.97,43375.16,7.74,91.85,-11.548,-0,-0.9998,142.26,117.15,150.83,24.94,Cornering,"Hoosier 43075 16x7.5-10 R20, 7 inch rim",17108
78.38,693.405,-4.59,356.46,-151.15,3.988,-28.38,16.12,0.09,0.0304,-2.3582,11.97,43376.16,7.74,91.84,-11.605,-0,-0.9998,142.54,117.26,151.11,24.94,Cornering,"Hoosier 43075 16x7.5-10 R20, 7 inch rim",17109
78.4,693.415,-5.15,358.34,-151.51,3.99,-28.06,17.29,-0.04,0.034,-2.3652,12.03,-97358.83,7.74,91.83,-11.64,-0,-1.0001,142.67,117.22,151.35,24.96,Cornering,"Hoosier 43075 16x7.5-10 R20, 7 inch rim",17110
78.42,693.425,-4.65,360.39,-152.5,4.001,-28.18,19.27,-0.11,0.0305,-2.3633,12.09,-37134.91,7.74,91.84,-11.654,-0,-1.0002,142.76,117.09,151.55,24.96,Cornering,"Hoosier 43075 16x7.5-10 R20, 7 inch rim",17111
78.39,693.435,-2.57,362.4,-154.28,3.987,-27.45,22.42,0.03,0.0167,-2.3489,12.2,156595.94,7.74,91.84,-11.683,-0,-1,142.72,116.91,151.64,24.96,Cornering,"Hoosier 43075 16x7.5-10 R20, 7 inch rim",17112
78.39,693.445,0.54,362.96,-156.02,3.993,-27.33,25.72,-0.04,-0.0035,-2.3264,12.22,-97357.79,7.74,91.82,-11.706,-0,-1.0001,142.78,116.82,151.76,24.97,Cornering,"Hoosier 43075 16x7.5-10 R20, 7 inch rim",17113
78.42,693.455,3.01,361.9,-156.55,3.991,-28.54,27.43,-0.04,-0.0192,-2.3117,12.19,-97377.3,7.74,91.82,-11.714,-0,-1.0001,142.8,116.8,151.76,24.97,Cornering,"Hoosier 43075 16x7.5-10 R20, 7 inch rim",17114
78.41,693.465,4,358.75,-156.08,3.991,-30.2,27.06,-0.04,-0.0256,-2.2985,12.13,-97463.57,7.74,91.85,-11.726,-0,-1.0001,142.82,116.8,151.88,25,Cornering,"Hoosier 43075 16x7.5-10 R20, 7 inch rim",17115
78.37,693.475,3.6,355.7,-154.71,3.996,-31.36,25.48,0.03,-0.0233,-2.2992,12.04,156855.28,7.74,91.85,-11.737,-0,-1,142.87,116.8,152.1,25.01,Cornering,"Hoosier 43075 16x7.5-10 R20, 7 inch rim",17116
78.4,693.485,3.26,354.03,-152.9,3.996,-31.31,24.83,-0.04,-0.0213,-2.3155,11.98,-97568.29,7.74,91.88,-11.749,-0,-1.0001,142.91,116.93,152.18,25.03,Cornering,"Hoosier 43075 16x7.5-10 R20, 7 inch rim",17117
78.4,693.505,6.18,355.83,-151.27,3.988,-28.75,29.81,-0.04,-0.0409,-2.3523,12.03,-97476.85,7.74,91.96,-12.202,-0,-1.0001,143.36,117.04,152.61,25,Cornering,"Hoosier 43075 16x7.5-10 R20, 7 inch rim",17118
78.39,693.515,6.59,357.99,-151.36,4.001,-27.52,31.78,-0.11,-0.0435,-2.3651,12.1,-37173.47,7.74,91.94,-12.201,-0,-1.0002,143.66,117.15,152.93,25,Cornering,"Hoosier 43075 16x7.5-10 R20, 7 inch rim",17119
78.41,693.525,5.56,359.55,-151.73,4.006,-27.44,31.74,-0.04,-0.0366,-2.3697,12.15,-97479.96,7.74,91.92,-12.194,-0,-1.0001,143.85,117.22,153.15,25,Cornering,"Hoosier 43075 16x7.5-10 R20, 7 inch rim",17120
78.41,693.535,2.68,360.87,-152.77,4.003,-27.67,29.07,0.03,-0.0176,-2.3622,12.14,156846.11,7.74,91.9,-12.204,-0,-1,143.98,117.15,153.39,25.01,Cornering,"Hoosier 43075 16x7.5-10 R20, 7 inch rim",17121
78.38,693.545,-0.51,361.58,-154.13,3.997,-28.61,25.32,0.09,0.0033,-2.3459,12.08,43465.69,7.74,91.91,-12.189,-0,-0.9998,143.96,117.04,153.45,25.01,Cornering,"Hoosier 43075 16x7.5-10 R20, 7 inch rim",17122
78.39,693.555,-3.07,361.88,-156.15,3.988,-29.22,21.49,-0.04,0.0196,-2.3176,11.98,-97462.02,7.74,91.89,-12.181,-0,-1.0001,143.9,116.95,153.51,25,Cornering,"Hoosier 43075 16x7.5-10 R20, 7 inch rim",17123
78.42,693.565,-4.23,360.97,-156.79,3.991,-30.87,18.43,0.03,0.027,-2.3023,11.93,156790.05,7.74,91.88,-12.175,-0,-1,143.94,116.87,153.6,25,Cornering,"Hoosier 43075 16x7.5-10 R20, 7 inch rim",17124
78.4,693.575,-4.13,359.46,-157.12,3.985,-30.44,16.2,0.03,0.0263,-2.2878,11.94,156760.33,7.74,91.86,-12.164,-0,-1,144.02,116.84,153.6,24.99,Cornering,"Hoosier 43075 16x7.5-10 R20, 7 inch rim",17125
78.38,693.585,-4.01,357.07,-156.12,3.988,-30.17,14.02,0.09,0.0257,-2.2871,12,43460.22,7.74,91.82,-12.161,-0,-0.9998,144.07,116.87,153.68,25,Cornering,"Hoosier 43075 16x7.5-10 R20, 7 inch rim",17126
78.41,693.595,-5.08,355.74,-154.49,3.991,-28.19,11.14,0.09,0.0329,-2.3027,12.09,43482.45,7.74,91.82,-12.148,-0,-0.9998,144.13,116.91,153.84,25.01,Cornering,"Hoosier 43075 16x7.5-10 R20, 7 inch rim",17127
78.42,693.605,-6.81,354.87,-152.92,3.996,-27.14,8.63,0.03,0.0445,-2.3206,12.12,156881.03,7.74,91.82,-12.144,-0,-1,144.24,117,154.04,25.01,Cornering,"Hoosier 43075 16x7.5-10 R20, 7 inch rim",17128
78.38,693.615,-8.41,354.49,-151.91,3.997,-27.17,7.16,-0.11,0.0554,-2.3335,12.12,-37198.79,7.74,91.82,-12.142,-0,-1.0002,144.45,117.06,154.32,25.01,Cornering,"Hoosier 43075 16x7.5-10 R20, 7 inch rim",17129
78.39,693.625,-10.66,354.78,-151.97,4.004,-27.6,5.74,-0.04,0.0702,-2.3346,12.08,-97479.56,7.74,91.8,-12.132,-0,-1.0001,144.77,117.2,154.61,25,Cornering,"Hoosier 43075 16x7.5-10 R20, 7 inch rim",17130
78.42,693.635,-12,355.49,-152.56,3.979,-27.99,5.63,-0.04,0.0787,-2.3302,12.01,-97412.78,7.74,91.81,-12.129,-0,-1.0001,145.05,117.17,154.85,24.98,Cornering,"Hoosier 43075 16x7.5-10 R20, 7 inch rim",17131
78.4,693.645,-12.72,355.97,-153.33,3.991,-29.09,6.19,0.03,0.083,-2.3216,12,156557.09,7.74,91.83,-12.138,-0,-1,145.23,117.13,155.09,24.96,Cornering,"Hoosier 43075 16x7.5-10 R20, 7 inch rim",17132
78.38,693.655,-11.57,357.37,-153.68,3.994,-30.64,8.6,0.03,0.0753,-2.3254,12.01,156534.78,7.74,91.83,-12.114,-0,-1,145.27,117.06,155.17,24.95,Cornering,"Hoosier 43075 16x7.5-10 R20, 7 inch rim",17133
78.41,693.665,-10.22,358.63,-155.83,3.978,-30.2,10.66,0.03,0.0656,-2.3014,12.08,156629,7.74,91.81,-12.139,-0,-1,145.18,116.95,155.17,24.97,Cornering,"Hoosier 43075 16x7.5-10 R20, 7 inch rim",17134
78.42,693.675,-9.06,359.69,-156.1,3.993,-31.22,11.97,-0.04,0.0581,-2.3042,12.16,-97346.51,7.74,91.82,-12.125,-0,-1.0001,145.2,116.89,155.19,24.96,Cornering,"Hoosier 43075 16x7.5-10 R20, 7 inch rim",17135
78.39,693.685,-6.31,360.09,-157.05,3.984,-29.71,14.54,0.03,0.0402,-2.2929,12.2,156590.97,7.74,91.85,-12.142,-0,-1,145.29,116.87,155.15,24.96,Cornering,"Hoosier 43075 16x7.5-10 R20, 7 inch rim",17136
78.39,693.695,-2.32,358.76,-156.09,3.994,-29.36,18.39,-0.04,0.0149,-2.2985,12.21,-97298.22,7.74,91.84,-12.134,-0,-1.0001,145.27,116.91,155.17,24.95,Cornering,"Hoosier 43075 16x7.5-10 R20, 7 inch rim",17137
78.42,693.705,2.99,356.52,-155.07,4,-28.37,24.32,-0.04,-0.0193,-2.299,12.16,-97239.13,7.74,91.87,-12.109,-0,-1.0001,145.31,116.98,155.31,24.93,Cornering,"Hoosier 43075 16x7.5-10 R20, 7 inch rim",17138
78.4,693.715,7.83,354.87,-153.47,3.996,-27.54,30.38,0.09,-0.051,-2.3123,12.07,43339.31,7.74,91.91,-12.098,-0,-0.9998,145.29,117.11,155.47,24.93,Cornering,"Hoosier 43075 16x7.5-10 R20, 7 inch rim",17139
78.38,693.725,10.9,353.26,-152.75,3.998,-27.45,35.67,0.03,-0.0713,-2.3127,11.97,156480.19,7.74,91.95,-12.082,-0,-1,145.35,117.22,155.66,24.94,Cornering,"Hoosier 43075 16x7.5-10 R20, 7 inch rim",17140
78.4,693.735,13.63,353.07,-152.46,4.003,-27.46,40.94,0.03,-0.0894,-2.3159,11.96,156645.41,7.74,92,-12.048,-0,-1,145.63,117.39,155.92,24.96,Cornering,"Hoosier 43075 16x7.5-10 R20, 7 inch rim",17141
78.42,693.745,14.74,353.84,-152.57,4.006,-27.67,44.38,0.03,-0.0966,-2.3192,11.99,156779.95,7.74,92,-12.003,-0,-1,145.93,117.46,156.18,24.98,Cornering,"Hoosier 43075 16x7.5-10 R20, 7 inch rim",17142
78.39,693.755,14.26,354.61,-152.7,4.006,-28.63,45.37,0.03,-0.0934,-2.3223,12.08,156809.38,7.74,92.02,-11.952,-0,-1,146.17,117.5,156.38,24.98,Cornering,"Hoosier 43075 16x7.5-10 R20, 7 inch rim",17143
78.39,693.765,11.27,356.07,-152.89,3.984,-29.36,42.41,0.03,-0.0737,-2.329,12.16,156904.12,7.74,92.03,-11.913,-0,-1,146.21,117.44,156.53,24.99,Cornering,"Hoosier 43075 16x7.5-10 R20, 7 inch rim",17144
78.41,693.775,6.56,357.85,-154,3.985,-29.59,36.57,0.03,-0.0426,-2.3237,12.17,156961.62,7.74,92.07,-11.876,-0,-1,146.19,117.33,156.55,25,Cornering,"Hoosier 43075 16x7.5-10 R20, 7 inch rim",17145
78.41,693.785,1.91,359.45,-155.24,4.003,-29.38,29.77,-0.04,-0.0123,-2.3154,12.12,-97593.87,7.74,92.07,-11.81,-0,-1.0001,146.13,117.15,156.57,25,Cornering,"Hoosier 43075 16x7.5-10 R20, 7 inch rim",17146
78.38,693.795,-1.9,359.88,-156.45,3.99,-28.61,22.87,-0.04,0.0121,-2.3003,12.06,-97633.01,7.74,92.08,-11.763,-0,-1.0001,146.15,117.11,156.51,25,Cornering,"Hoosier 43075 16x7.5-10 R20, 7 inch rim",17147
78.4,693.805,-3.64,359.12,-156.43,3.99,-27.95,17.77,-0.04,0.0232,-2.2957,11.99,-97679.05,7.74,92.06,-11.696,-0,-1.0001,146.19,117.09,156.44,25.01,Cornering,"Hoosier 43075 16x7.5-10 R20, 7 inch rim",17148
78.43,693.815,-4.77,356.93,-155.96,3.99,-27.2,13.62,0.09,0.0306,-2.2886,12,43579.48,7.74,92.04,-11.66,-0,-0.9998,146.26,117.09,156.53,25.03,Cornering,"Hoosier 43075 16x7.5-10 R20, 7 inch rim",17149
78.4,693.825,-5.06,354.34,-154.42,3.994,-27.25,11.18,0.03,0.0328,-2.2946,12.05,157233.5,7.74,91.98,-11.585,-0,-1,146.34,117.13,156.69,25.01,Cornering,"Hoosier 43075 16x7.5-10 R20, 7 inch rim",17150
78.38,693.835,-7.26,352.73,-153.22,3.988,-27.08,7.67,0.03,0.0474,-2.3021,12.12,157257.2,7.74,91.92,-11.542,-0,-1,146.38,117.22,156.79,25.01,Cornering,"Hoosier 43075 16x7.5-10 R20, 7 inch rim",17151
78.41,693.845,-10.06,351.54,-152.2,4,-27.98,4.72,0.09,0.0661,-2.3097,12.18,43554.84,7.74,91.89,-11.491,-0,-0.9998,146.71,117.31,157.01,25,Cornering,"Hoosier 43075 16x7.5-10 R20, 7 inch rim",17152
78.42,693.855,-12.59,351.85,-152.1,4,-28.19,2.9,0.09,0.0828,-2.3133,12.22,43548,7.74,91.9,-11.469,-0,-0.9998,147.03,117.42,157.25,24.99,Cornering,"Hoosier 43075 16x7.5-10 R20, 7 inch rim",17153
78.37,693.865,-13.12,352.67,-152.5,3.987,-29,3.43,0.03,0.086,-2.3126,12.19,157133.02,7.74,91.86,-11.436,-0,-1,147.33,117.44,157.54,24.98,Cornering,"Hoosier 43075 16x7.5-10 R20, 7 inch rim",17154
78.4,693.875,-12.45,354.08,-153.1,3.994,-29.34,5.21,-0.04,0.0813,-2.3128,12.11,-97645.02,7.74,91.89,-11.398,-0,-1.0001,147.48,117.42,157.74,24.97,Cornering,"Hoosier 43075 16x7.5-10 R20, 7 inch rim",17155
78.42,693.885,-12.01,356.33,-153.85,3.984,-29.11,6.39,0.03,0.0781,-2.3161,12.03,156992.69,7.74,91.91,-11.359,-0,-1,147.44,117.31,157.82,24.96,Cornering,"Hoosier 43075 16x7.5-10 R20, 7 inch rim",17156
78.4,693.895,-12.01,358.35,-154.68,4.003,-29.47,6.61,0.03,0.0777,-2.3168,11.98,157015.86,7.74,91.92,-11.316,-0,-1,147.33,117.22,157.78,24.96,Cornering,"Hoosier 43075 16x7.5-10 R20, 7 inch rim",17157
78.38,693.905,-11.84,359.9,-156.15,3.985,-28.32,6.26,0.03,0.0758,-2.3048,11.99,157032.03,7.74,91.95,-11.286,-0,-1,147.33,117.11,157.84,24.96,Cornering,"Hoosier 43075 16x7.5-10 R20, 7 inch rim",17158
78.4,693.915,-10.83,360.01,-155.97,3.998,-28.71,6.33,0.03,0.0694,-2.3083,12.05,157049.7,7.74,91.93,-11.253,-0,-1,147.22,117.11,157.8,24.96,Cornering,"Hoosier 43075 16x7.5-10 R20, 7 inch rim",17159
78.42,693.925,-8.67,358.51,-156.3,3.988,-27.36,7.24,-0.04,0.0555,-2.2938,12.15,-97706.84,7.74,91.9,-11.213,-0,-1.0001,147.14,117.04,157.82,24.97,Cornering,"Hoosier 43075 16x7.5-10 R20, 7 inch rim",17160
78.38,693.935,-6.14,355.78,-154.84,3.987,-27.82,9.19,0.09,0.0397,-2.2977,12.17,43560.51,7.74,91.87,-11.183,-0,-0.9998,147.2,117.09,157.9,24.97,Cornering,"Hoosier 43075 16x7.5-10 R20, 7 inch rim",17161
78.39,693.945,-4.96,353.4,-153.97,3.985,-27.26,10.33,0.03,0.0322,-2.2952,12.15,157208.03,7.74,91.85,-11.161,-0,-1,147.26,117.17,157.94,24.97,Cornering,"Hoosier 43075 16x7.5-10 R20, 7 inch rim",17162
78.42,693.955,-4.77,351.89,-152.27,3.984,-28.36,11.33,0.03,0.0313,-2.311,12.08,157190.55,7.74,91.85,-11.126,-0,-1,147.37,117.24,158.08,24.97,Cornering,"Hoosier 43075 16x7.5-10 R20, 7 inch rim",17163
78.4,693.965,-4.83,351.26,-152.2,3.981,-28.51,12.64,0.03,0.0317,-2.3079,12,157278.69,7.74,91.86,-11.097,-0,-1,147.67,117.33,158.3,24.98,Cornering,"Hoosier 43075 16x7.5-10 R20, 7 inch rim",17164
78.39,693.975,-4.66,351.85,-152.28,3.993,-28.99,14.76,0.03,0.0306,-2.3105,11.92,157324.25,7.74,91.88,-11.08,-0,-1,147.89,117.39,158.49,24.98,Cornering,"Hoosier 43075 16x7.5-10 R20, 7 inch rim",17165
78.4,693.985,-4.17,353.92,-152.79,3.988,-28.18,16.97,-0.04,0.0273,-2.3163,11.92,-97877.36,7.74,91.88,-11.04,-0,-1.0001,148.01,117.35,158.61,25,Cornering,"Hoosier 43075 16x7.5-10 R20, 7 inch rim",17166
78.42,693.995,-3.05,355.62,-153.01,3.997,-28.38,19.51,-0.11,0.0199,-2.3241,11.97,-37314.22,7.74,91.9,-10.995,-0,-1.0002,148.01,117.28,158.69,24.98,Cornering,"Hoosier 43075 16x7.5-10 R20, 7 inch rim",17167
78.39,694.005,-1.68,357.99,-153.61,3.993,-28.44,21.81,0.03,0.0109,-2.3306,12.05,157353.88,7.74,91.9,-10.954,-0,-1,147.91,117.17,158.71,24.98,Cornering,"Hoosier 43075 16x7.5-10 R20, 7 inch rim",17168
78.39,694.015,-0.53,359.75,-154.76,4.001,-28.39,23.11,0.09,0.0034,-2.3246,12.11,43568.98,7.74,91.86,-10.917,-0,-0.9998,147.78,117.13,158.67,24.96,Cornering,"Hoosier 43075 16x7.5-10 R20, 7 inch rim",17169
78.42,694.025,-0.17,359.87,-156.05,3.985,-28.3,22.59,-0.04,0.0011,-2.3061,12.14,-97656.09,7.74,91.84,-10.882,-0,-1.0001,147.69,117.04,158.61,24.93,Cornering,"Hoosier 43075 16x7.5-10 R20, 7 inch rim",17170
78.4,694.035,0.68,358.63,-156.32,3.994,-28,22.03,0.03,-0.0043,-2.2943,12.08,157159.84,7.74,91.8,-10.835,-0,-1,147.56,117.06,158.49,24.94,Cornering,"Hoosier 43075 16x7.5-10 R20, 7 inch rim",17171
78.38,694.045,0.97,355.82,-155.95,3.99,-28.02,20.79,-0.04,-0.0062,-2.2816,12.01,-97776.73,7.74,91.78,-10.789,-0,-1.0001,147.59,117.06,158.49,24.96,Cornering,"Hoosier 43075 16x7.5-10 R20, 7 inch rim",17172
78.41,694.055,0.45,352.75,-154.29,3.996,-28.89,18.99,-0.04,-0.0029,-2.2862,11.97,-97862.19,7.74,91.73,-10.735,-0,-1.0001,147.59,117.13,158.53,24.97,Cornering,"Hoosier 43075 16x7.5-10 R20, 7 inch rim",17173
78.42,694.065,-0.29,351.5,-153.37,3.977,-28.27,17.64,0.03,0.0019,-2.2919,12,157664.34,7.74,91.69,-10.706,-0,-1,147.61,117.2,158.55,25.01,Cornering,"Hoosier 43075 16x7.5-10 R20, 7 inch rim",17174
78.39,694.075,-1.8,350.98,-153.11,3.993,-28.09,16.24,0.03,0.0118,-2.2924,12.04,157802.42,7.74,91.66,-10.65,-0,-1,147.8,117.33,158.69,25.03,Cornering,"Hoosier 43075 16x7.5-10 R20, 7 inch rim",17175
78.38,694.085,-3.31,352.14,-151.82,3.994,-28.52,15.26,0.03,0.0218,-2.3194,12.17,157753.27,7.74,91.65,-10.603,-0,-1,148.12,117.39,158.83,25.01,Cornering,"Hoosier 43075 16x7.5-10 R20, 7 inch rim",17176
78.41,694.095,-5.08,353.89,-152.19,3.988,-27.93,14.1,-0.04,0.0334,-2.3252,12.17,-97965.81,7.74,91.61,-10.55,-0,-1.0001,148.29,117.44,158.95,24.98,Cornering,"Hoosier 43075 16x7.5-10 R20, 7 inch rim",17177
78.41,694.105,-6.97,356.06,-152.36,3.994,-27.45,12.72,0.09,0.0458,-2.337,12.16,43668.34,7.74,91.59,-10.5,-0,-0.9998,148.38,117.35,159.07,24.98,Cornering,"Hoosier 43075 16x7.5-10 R20, 7 inch rim",17178
78.38,694.115,-8.52,357.81,-152.9,3.993,-27.76,11.21,0.03,0.0557,-2.3401,12.08,157460.16,7.74,91.58,-10.458,-0,-1,148.27,117.28,159.05,24.96,Cornering,"Hoosier 43075 16x7.5-10 R20, 7 inch rim",17179
78.4,694.125,-9.13,359.73,-153.9,3.993,-28.23,10.18,0.03,0.0593,-2.3375,12,157518.77,7.74,91.57,-10.414,-0,-1,148.19,117.2,159.03,24.96,Cornering,"Hoosier 43075 16x7.5-10 R20, 7 inch rim",17180
78.42,694.135,-9.12,360.51,-156.15,3.993,-27.46,9.23,0.09,0.0584,-2.3087,11.96,43646.31,7.74,91.56,-10.365,-0,-0.9998,148.04,117.06,159.01,24.96,Cornering,"Hoosier 43075 16x7.5-10 R20, 7 inch rim",17181
78.39,694.145,-8.58,359.27,-156.34,3.99,-28.83,8.33,0.09,0.0549,-2.2981,11.95,43632.28,7.74,91.55,-10.32,-0,-0.9998,147.97,117.06,158.95,24.94,Cornering,"Hoosier 43075 16x7.5-10 R20, 7 inch rim",17182
78.38,694.155,-8.8,357.41,-156.35,3.993,-28.5,6.45,-0.04,0.0563,-2.286,12.01,-97909.28,7.74,91.58,-10.291,-0,-1.0001,147.95,117.09,158.89,24.95,Cornering,"Hoosier 43075 16x7.5-10 R20, 7 inch rim",17183
78.4,694.165,-9.04,353.94,-155.44,3.987,-29.04,5.01,0.03,0.0581,-2.277,12.06,157637,7.74,91.56,-10.248,-0,-1,147.95,117.15,158.95,24.97,Cornering,"Hoosier 43075 16x7.5-10 R20, 7 inch rim",17184
78.41,694.175,-8.44,352.25,-153.52,3.996,-28.86,5.21,0.09,0.055,-2.2945,12.11,43697.32,7.74,91.57,-10.214,-0,-0.9998,147.93,117.26,158.99,24.97,Cornering,"Hoosier 43075 16x7.5-10 R20, 7 inch rim",17185
78.38,694.185,-7.57,351.59,-152.43,3.984,-28.41,6.52,-0.04,0.0496,-2.3065,12.11,-98101.48,7.74,91.56,-10.182,-0,-1.0001,148.06,117.35,159.11,24.99,Cornering,"Hoosier 43075 16x7.5-10 R20, 7 inch rim",17186
78.39,694.195,-6.82,352.15,-152.02,4.001,-27.8,8.5,0.09,0.0449,-2.3164,12.06,43717.27,7.74,91.55,-10.141,-0,-0.9998,148.27,117.5,159.19,24.98,Cornering,"Hoosier 43075 16x7.5-10 R20, 7 inch rim",17187
78.42,694.205,-6.91,353.88,-152.17,3.996,-27.13,9.78,-0.04,0.0454,-2.3256,11.97,-98075.75,7.74,91.55,-10.116,-0,-1.0001,148.49,117.53,159.33,24.98,Cornering,"Hoosier 43075 16x7.5-10 R20, 7 inch rim",17188
78.4,694.215,-7.33,355.38,-151.74,4.003,-27.93,10.91,0.03,0.0483,-2.342,11.9,157896.27,7.74,91.54,-10.09,-0,-1,148.64,117.53,159.44,25,Cornering,"Hoosier 43075 16x7.5-10 R20, 7 inch rim",17189
78.38,694.225,-7.88,357.48,-152.88,4.003,-27.45,11.48,-0.04,0.0516,-2.3382,11.92,-98211.77,7.74,91.55,-10.042,-0,-1.0001,148.64,117.48,159.52,25.01,Cornering,"Hoosier 43075 16x7.5-10 R20, 7 inch rim",17190
78.41,694.235,-7.03,359.1,-153.67,3.991,-28.51,12.92,0.09,0.0457,-2.3369,11.99,43803.53,7.74,91.53,-10.026,-0,-0.9998,148.47,117.33,159.44,25.02,Cornering,"Hoosier 43075 16x7.5-10 R20, 7 inch rim",17191
78.42,694.245,-5.54,360.1,-155.33,4.004,-28.88,14.72,0.03,0.0356,-2.3183,12.08,158095.47,7.74,91.53,-9.98,-0,-1,148.4,117.17,159.42,25.02,Cornering,"Hoosier 43075 16x7.5-10 R20, 7 inch rim",17192
78.39,694.255,-3.67,359.86,-155.97,3.988,-29.52,16,0.09,0.0235,-2.3072,12.17,43784.22,7.74,91.5,-9.941,-0,-0.9998,148.34,117.06,159.35,25,Cornering,"Hoosier 43075 16x7.5-10 R20, 7 inch rim",17193
78.39,694.265,-1.05,357.85,-156.4,3.994,-29.55,17.68,0.09,0.0067,-2.288,12.2,43737.96,7.74,91.49,-9.907,-0,-0.9998,148.25,117.02,159.25,24.97,Cornering,"Hoosier 43075 16x7.5-10 R20, 7 inch rim",17194
78.42,694.275,0.52,355.42,-154.88,3.996,-29.58,18.3,0.03,-0.0034,-2.2948,12.13,157815.86,7.74,91.49,-9.874,-0,-1,148.12,117.06,159.23,24.97,Cornering,"Hoosier 43075 16x7.5-10 R20, 7 inch rim",17195
78.4,694.285,1.99,353.87,-154.26,3.987,-27.51,19.18,0.03,-0.0129,-2.294,12.07,157842.69,7.74,91.51,-9.817,-0,-1,148.1,117.06,159.21,24.97,Cornering,"Hoosier 43075 16x7.5-10 R20, 7 inch rim",17196
78.38,694.295,2.28,353.46,-152.79,3.994,-26.79,19.6,-0.04,-0.0149,-2.3133,12.03,-98174.36,7.74,91.55,-9.781,-0,-1.0001,148.06,117.2,159.19,24.98,Cornering,"Hoosier 43075 16x7.5-10 R20, 7 inch rim",17197
78.4,694.305,1.37,353.22,-151.93,4.003,-26.93,19.33,0.09,-0.009,-2.325,12.03,43810.81,7.74,91.58,-9.737,-0,-0.9998,148.25,117.28,159.29,25,Cornering,"Hoosier 43075 16x7.5-10 R20, 7 inch rim",17198
78.42,694.315,-0.21,353.71,-151.77,3.987,-27.03,18.8,0.03,0.0014,-2.3306,12.09,158185.78,7.74,91.62,-9.71,-0,-1,148.51,117.39,159.42,25.01,Cornering,"Hoosier 43075 16x7.5-10 R20, 7 inch rim",17199
78.39,694.325,-2.19,354.49,-151.95,3.991,-27.55,17.73,-0.04,0.0144,-2.3329,12.16,-98326.97,7.74,91.62,-9.647,-0,-1.0001,148.7,117.39,159.58,25.01,Cornering,"Hoosier 43075 16x7.5-10 R20, 7 inch rim",17200
78.39,694.335,-4.48,355.45,-152.39,3.988,-27.88,16.04,0.16,0.0294,-2.3325,12.18,25426.51,7.74,91.63,-9.606,-0,-0.9997,148.72,117.39,159.68,24.99,Cornering,"Hoosier 43075 16x7.5-10 R20, 7 inch rim",17201
78.42,694.345,-5.88,356.47,-153.85,3.988,-28.48,14.44,0.03,0.0382,-2.317,12.17,158034.77,7.74,91.61,-9.559,-0,-1,148.59,117.26,159.64,24.98,Cornering,"Hoosier 43075 16x7.5-10 R20, 7 inch rim",17202
78.41,694.355,-6.58,358.08,-154.89,3.988,-29.37,13.09,-0.04,0.0425,-2.3118,12.08,-98249.13,7.74,91.62,-9.519,-0,-1.0001,148.47,117.13,159.62,24.98,Cornering,"Hoosier 43075 16x7.5-10 R20, 7 inch rim",17203
78.38,694.365,-6.63,359.22,-155.86,3.994,-29.56,11.74,-0.04,0.0426,-2.3048,12,-98287.61,7.74,91.64,-9.463,-0,-1.0001,148.38,117.06,159.56,24.98,Cornering,"Hoosier 43075 16x7.5-10 R20, 7 inch rim",17204
78.4,694.375,-6.4,358.81,-156.27,3.985,-29.49,9.92,0.03,0.0409,-2.2961,11.93,158091.67,7.74,91.63,-9.433,-0,-1,148.25,117.06,159.46,24.98,Cornering,"Hoosier 43075 16x7.5-10 R20, 7 inch rim",17205
78.41,694.385,-6.28,357.82,-155.62,3.997,-28.51,8.28,0.03,0.0403,-2.2993,11.94,158078.05,7.74,91.63,-9.382,-0,-1,148.16,117.09,159.44,24.97,Cornering,"Hoosier 43075 16x7.5-10 R20, 7 inch rim",17206
78.39,694.395,-6.3,355.29,-154.18,3.979,-28.19,6.71,0.03,0.0408,-2.3043,12,158059.83,7.74,91.63,-9.34,-0,-1,148.19,117.13,159.44,24.97,Cornering,"Hoosier 43075 16x7.5-10 R20, 7 inch rim",17207
78.39,694.405,-5.45,353.37,-153.52,3.988,-26.95,7.07,0.03,0.0355,-2.3018,12.05,158148.45,7.74,91.64,-9.306,-0,-1,148.1,117.15,159.35,24.98,Cornering,"Hoosier 43075 16x7.5-10 R20, 7 inch rim",17208
78.42,694.415,-5.91,352.66,-152.34,3.997,-26.82,7.03,0.03,0.0388,-2.315,12.1,158097.17,7.74,91.67,-9.256,-0,-1,148.16,117.28,159.44,24.97,Cornering,"Hoosier 43075 16x7.5-10 R20, 7 inch rim",17209
78.41,694.425,-6.79,352.32,-151.71,3.987,-27.36,7.2,-0.04,0.0448,-2.3224,12.09,-98304.12,7.74,91.72,-9.238,-0,-1.0001,148.38,117.39,159.6,24.97,Cornering,"Hoosier 43075 16x7.5-10 R20, 7 inch rim",17210
78.38,694.435,-7.76,352.76,-151.47,3.991,-27.98,7.58,0.03,0.0512,-2.3288,12.03,158198.83,7.74,91.72,-9.191,-0,-1,148.59,117.46,159.66,24.98,Cornering,"Hoosier 43075 16x7.5-10 R20, 7 inch rim",17211
78.4,694.445,-8.94,353.31,-152.72,3.987,-27.95,7.69,-0.04,0.0585,-2.3134,11.96,-98374.66,7.74,91.7,-9.147,-0,-1.0001,148.7,117.48,159.78,24.98,Cornering,"Hoosier 43075 16x7.5-10 R20, 7 inch rim",17212
78.43,694.455,-9.79,354.55,-153.14,3.993,-29.2,8,-0.11,0.064,-2.3153,11.9,-37553.71,7.74,91.68,-9.115,-0,-1.0002,148.62,117.42,159.8,25,Cornering,"Hoosier 43075 16x7.5-10 R20, 7 inch rim",17213
78.4,694.465,-9.52,356.68,-154.64,3.985,-29.04,8.49,-0.04,0.0616,-2.3066,11.92,-98550.65,7.74,91.7,-9.087,-0,-1.0001,148.42,117.28,159.68,25.03,Cornering,"Hoosier 43075 16x7.5-10 R20, 7 inch rim",17214
78.38,694.475,-8.8,358.15,-155.94,3.988,-29.6,8.95,-0.04,0.0564,-2.2967,11.99,-98629.89,7.74,91.73,-9.047,-0,-1.0001,148.32,117.15,159.58,25.04,Cornering,"Hoosier 43075 16x7.5-10 R20, 7 inch rim",17215
78.41,694.485,-6.72,358.78,-156.34,3.997,-29.51,10.26,-0.04,0.043,-2.2949,12.09,-98594.95,7.74,91.73,-9.007,-0,-1.0001,148.25,117.04,159.48,25.03,Cornering,"Hoosier 43075 16x7.5-10 R20, 7 inch rim",17216
78.42,694.495,-4.04,357.85,-156.1,3.991,-28.78,11.68,0.03,0.0259,-2.2925,12.17,158472.77,7.74,91.73,-8.982,-0,-1,148.21,117.04,159.31,25.01,Cornering,"Hoosier 43075 16x7.5-10 R20, 7 inch rim",17217
78.38,694.505,-1.88,355.31,-155.2,3.994,-28.29,12.99,0.03,0.0121,-2.2894,12.19,158417,7.74,91.72,-8.941,-0,-1,148.19,117.02,159.29,25,Cornering,"Hoosier 43075 16x7.5-10 R20, 7 inch rim",17218
78.39,694.515,-0.63,353.04,-153.58,3.994,-27.82,13.93,0.09,0.0041,-2.2987,12.14,43870.68,7.74,91.71,-8.919,-0,-0.9998,148.1,117.04,159.23,24.98,Cornering,"Hoosier 43075 16x7.5-10 R20, 7 inch rim",17219
78.42,694.525,-0.03,351.56,-152.77,4.007,-27.51,14.96,0.09,0.0002,-2.3012,12.07,43896.91,7.74,91.68,-8.869,-0,-0.9998,148.01,117.13,159.23,24.99,Cornering,"Hoosier 43075 16x7.5-10 R20, 7 inch rim",17220
78.4,694.535,0.32,351.39,-152.25,3.996,-27.5,16.55,-0.04,-0.0021,-2.308,11.98,-98572.17,7.74,91.68,-8.833,-0,-1.0001,148.12,117.22,159.35,25.01,Cornering,"Hoosier 43075 16x7.5-10 R20, 7 inch rim",17221
78.38,694.545,-0.43,351.71,-152.22,3.99,-27.91,17.17,0.03,0.0028,-2.3105,11.93,158737.03,7.74,91.7,-8.792,-0,-1,148.34,117.35,159.42,25.04,Cornering,"Hoosier 43075 16x7.5-10 R20, 7 inch rim",17222
78.4,694.555,-1.02,352.81,-152.39,3.988,-27.94,17.62,0.03,0.0067,-2.3152,11.96,158717.62,7.74,91.73,-8.75,-0,-1,148.4,117.35,159.52,25.03,Cornering,"Hoosier 43075 16x7.5-10 R20, 7 inch rim",17223
78.41,694.565,-2.08,353.92,-152.91,3.988,-28.61,17.35,0.09,0.0136,-2.3147,12.04,43967.23,7.74,91.76,-8.702,-0,-0.9998,148.34,117.33,159.56,25.02,Cornering,"Hoosier 43075 16x7.5-10 R20, 7 inch rim",17224
78.38,694.575,-3.22,355.22,-154.11,3.994,-29.01,16.44,0.16,0.0209,-2.305,12.11,25510.56,7.74,91.77,-8.657,-0,-0.9997,148.16,117.22,159.54,25.01,Cornering,"Hoosier 43075 16x7.5-10 R20, 7 inch rim",17225
78.39,694.585,-3.72,356.54,-155.21,3.993,-29.45,15.16,-0.04,0.024,-2.2971,12.15,-98489.02,7.74,91.73,-8.624,-0,-1.0001,148.01,117.11,159.44,24.98,Cornering,"Hoosier 43075 16x7.5-10 R20, 7 inch rim",17226
78.42,694.595,-4.11,357.42,-156.61,3.988,-28.82,13.3,0.03,0.0262,-2.2823,12.12,158421.97,7.74,91.69,-8.576,-0,-1,147.97,117,159.31,24.97,Cornering,"Hoosier 43075 16x7.5-10 R20, 7 inch rim",17227
78.41,694.605,-3.93,356.66,-156.83,3.99,-28.54,11.71,0.16,0.0251,-2.2742,12.06,25472.64,7.74,91.68,-8.514,-0,-0.9997,147.93,117.02,159.15,24.96,Cornering,"Hoosier 43075 16x7.5-10 R20, 7 inch rim",17228
78.38,694.615,-3.74,354.4,-155.46,3.99,-29.04,10.15,-0.04,0.0241,-2.2797,12.01,-98503.38,7.74,91.68,-8.477,-0,-1.0001,147.89,117.04,159.05,24.97,Cornering,"Hoosier 43075 16x7.5-10 R20, 7 inch rim",17229
78.4,694.625,-3.79,352.05,-154.56,3.978,-27.83,8.7,0.09,0.0245,-2.2778,12.01,43925.48,7.74,91.71,-8.439,-0,-0.9998,147.86,117.06,159.03,24.98,Cornering,"Hoosier 43075 16x7.5-10 R20, 7 inch rim",17230
78.42,694.635,-4.41,350.23,-153.16,3.991,-27.62,7.74,0.03,0.0288,-2.2866,12.08,158535.42,7.74,91.73,-8.385,-0,-1,147.76,117.09,159.03,24.98,Cornering,"Hoosier 43075 16x7.5-10 R20, 7 inch rim",17231
78.39,694.645,-5.45,349.57,-152.42,3.99,-27.36,6.98,0.16,0.0358,-2.2934,12.15,25513.37,7.74,91.75,-8.341,-0,-0.9997,147.86,117.2,159.13,24.99,Cornering,"Hoosier 43075 16x7.5-10 R20, 7 inch rim",17232
78.39,694.655,-6.8,349.72,-152.4,3.99,-27.23,6.45,-0.04,0.0446,-2.2948,12.21,-98612.08,7.74,91.74,-8.315,-0,-1.0001,148.16,117.31,159.25,24.99,Cornering,"Hoosier 43075 16x7.5-10 R20, 7 inch rim",17233
78.42,694.665,-7.7,350.02,-152.5,3.994,-27.73,6.67,0.03,0.0505,-2.2952,12.21,158582.95,7.74,91.75,-8.265,-0,-1,148.25,117.33,159.33,24.98,Cornering,"Hoosier 43075 16x7.5-10 R20, 7 inch rim",17234
78.41,694.675,-8.26,350.65,-152.93,4,-28.62,7.04,-0.04,0.054,-2.2928,12.14,-98610.53,7.74,91.76,-8.228,-0,-1.0001,148.27,117.33,159.44,24.98,Cornering,"Hoosier 43075 16x7.5-10 R20, 7 inch rim",17235
78.38,694.685,-8.78,351.96,-153.98,3.996,-28.79,6.98,0.09,0.057,-2.2858,12.08,43942.38,7.74,91.81,-8.192,-0,-0.9998,148.08,117.24,159.39,24.97,Cornering,"Hoosier 43075 16x7.5-10 R20, 7 inch rim",17236
78.4,694.695,-9.15,353.78,-155.72,3.994,-29.18,6.44,-0.04,0.0588,-2.2719,12,-98583.45,7.74,91.79,-8.15,-0,-1.0001,147.86,117.15,159.25,24.97,Cornering,"Hoosier 43075 16x7.5-10 R20, 7 inch rim",17237
78.42,694.705,-8.79,355.44,-156.89,3.982,-29.33,6.13,0.03,0.056,-2.2656,11.98,158711.69,7.74,91.79,-8.123,-0,-1,147.76,117.04,159.15,24.99,Cornering,"Hoosier 43075 16x7.5-10 R20, 7 inch rim",17238
78.4,694.715,-7.56,355.73,-157.08,3.994,-29.47,6.14,0.03,0.0482,-2.2647,12.01,158688.11,7.74,91.75,-8.089,-0,-1,147.61,117.02,159.03,24.98,Cornering,"Hoosier 43075 16x7.5-10 R20, 7 inch rim",17239
78.39,694.725,-5.88,354.48,-156.82,3.996,-29.11,6.66,0.03,0.0375,-2.2605,12.08,158741.36,7.74,91.72,-8.046,-0,-1,147.48,117.06,158.83,24.99,Cornering,"Hoosier 43075 16x7.5-10 R20, 7 inch rim",17240
78.41,694.735,-4.02,351.65,-155.79,3.982,-28.54,7.61,0.03,0.0258,-2.2572,12.11,158647.27,7.74,91.71,-8.003,-0,-1,147.41,117.09,158.83,24.97,Cornering,"Hoosier 43075 16x7.5-10 R20, 7 inch rim",17241
78.41,694.745,-2.63,349.35,-154.16,3.993,-28.47,9.04,0.03,0.017,-2.2661,12.1,158508.64,7.74,91.72,-7.98,-0,-1,147.29,117.13,158.75,24.95,Cornering,"Hoosier 43075 16x7.5-10 R20, 7 inch rim",17242
78.38,694.755,-1.82,348.35,-153.07,3.994,-27.83,10.6,0.03,0.0119,-2.2758,12.06,158486.39,7.74,91.72,-7.941,-0,-1,147.29,117.13,158.75,24.94,Cornering,"Hoosier 43075 16x7.5-10 R20, 7 inch rim",17243
78.4,694.765,-1.87,348,-152.97,4.006,-27.35,11.98,0.03,0.0122,-2.275,11.97,158427.78,7.74,91.69,-7.901,-0,-1,147.41,117.26,158.87,24.93,Cornering,"Hoosier 43075 16x7.5-10 R20, 7 inch rim",17244
78.42,694.775,-2.07,348.87,-153.76,3.991,-26.43,13.31,0.03,0.0135,-2.2689,11.9,158625.84,7.74,91.69,-7.864,-0,-1,147.59,117.39,158.91,24.96,Cornering,"Hoosier 43075 16x7.5-10 R20, 7 inch rim",17245
78.39,694.785,-2.64,349.12,-153.32,3.997,-28.01,14.32,0.16,0.0172,-2.2771,11.91,25545.87,7.74,91.66,-7.814,-0,-0.9997,147.63,117.42,158.97,24.99,Cornering,"Hoosier 43075 16x7.5-10 R20, 7 inch rim",17246
78.38,694.795,-2.4,349.77,-154.28,4.007,-28.85,15.61,0.09,0.0155,-2.267,11.94,44026.05,7.74,91.63,-7.784,-0,-0.9998,147.56,117.33,158.95,25,Cornering,"Hoosier 43075 16x7.5-10 R20, 7 inch rim",17247
78.41,694.805,-3.11,351.15,-155.93,3.994,-28.8,15.15,0.09,0.0199,-2.252,12.03,44039.91,7.74,91.62,-7.748,-0,-0.9998,147.37,117.24,158.75,25,Cornering,"Hoosier 43075 16x7.5-10 R20, 7 inch rim",17248
78.41,694.815,-3.36,352.46,-157.19,3.996,-29.22,14.34,0.03,0.0214,-2.2422,12.14,158833.94,7.74,91.65,-7.699,-0,-1,147.18,117.2,158.65,24.98,Cornering,"Hoosier 43075 16x7.5-10 R20, 7 inch rim",17249
78.39,694.825,-2.82,352.84,-158.42,4.006,-28.75,13.67,-0.04,0.0178,-2.2273,12.19,-98742.39,7.74,91.69,-7.665,-0,-1.0001,147.03,117.11,158.49,24.98,Cornering,"Hoosier 43075 16x7.5-10 R20, 7 inch rim",17250
78.39,694.835,-1.87,351.73,-157.73,3.994,-29.23,12.75,-0.04,0.0118,-2.23,12.15,-98685.27,7.74,91.7,-7.613,-0,-1.0001,146.83,117.06,158.3,24.97,Cornering,"Hoosier 43075 16x7.5-10 R20, 7 inch rim",17251
78.42,694.845,-1.17,349.36,-156.8,3.993,-28.27,11.52,-0.04,0.0074,-2.228,12.09,-98743.24,7.74,91.69,-7.559,-0,-1.0001,146.73,117.13,158.18,24.98,Cornering,"Hoosier 43075 16x7.5-10 R20, 7 inch rim",17252
78.4,694.855,-1.29,347.26,-155.22,3.988,-27.61,10.29,0.03,0.0083,-2.2372,12,158783.83,7.74,91.64,-7.532,-0,-1,146.64,117.2,158.12,24.97,Cornering,"Hoosier 43075 16x7.5-10 R20, 7 inch rim",17253
78.38,694.865,-2.22,345.49,-154.15,3.987,-27.41,8.99,0.03,0.0144,-2.2412,11.97,158835.45,7.74,91.61,-7.49,-0,-1,146.53,117.26,158.02,24.97,Cornering,"Hoosier 43075 16x7.5-10 R20, 7 inch rim",17254
78.4,694.875,-3.27,344.94,-153.28,3.997,-27.8,8.29,0.03,0.0213,-2.2504,12,158781.45,7.74,91.54,-7.434,-0,-1,146.62,117.39,158.08,24.96,Cornering,"Hoosier 43075 16x7.5-10 R20, 7 inch rim",17255
78.42,694.885,-4.62,345.11,-153.48,3.996,-27.72,7.76,0.16,0.0301,-2.2485,12.08,25534.93,7.74,91.52,-7.389,-0,-0.9997,146.83,117.5,158.16,24.96,Cornering,"Hoosier 43075 16x7.5-10 R20, 7 inch rim",17256
78.39,694.895,-5.97,345.44,-153.93,3.997,-27.86,7.23,0.03,0.0388,-2.2442,12.14,158771.64,7.74,91.48,-7.357,-0,-1,146.96,117.61,158.22,24.96,Cornering,"Hoosier 43075 16x7.5-10 R20, 7 inch rim",17257
78.39,694.905,-7.57,345.48,-154.31,3.984,-29.04,6.19,0.09,0.0491,-2.2389,12.13,44021.67,7.74,91.47,-7.313,-0,-0.9998,147.03,117.5,158.22,24.97,Cornering,"Hoosier 43075 16x7.5-10 R20, 7 inch rim",17258
78.42,694.915,-8.59,346.65,-155.93,3.993,-28.98,5.54,0.09,0.0551,-2.2232,12.07,44024.96,7.74,91.47,-7.278,-0,-0.9998,146.88,117.35,158.1,24.97,Cornering,"Hoosier 43075 16x7.5-10 R20, 7 inch rim",17259
78.4,694.925,-8.6,347.83,-157.21,3.99,-29.39,5.19,-0.04,0.0547,-2.2125,12.03,-98768.16,7.74,91.46,-7.234,-0,-1.0001,146.75,117.24,157.96,24.97,Cornering,"Hoosier 43075 16x7.5-10 R20, 7 inch rim",17260
78.38,694.935,-7.92,349.13,-158.32,3.994,-29.28,4.93,-0.04,0.05,-2.2052,11.95,-98774.24,7.74,91.47,-7.205,-0,-1.0001,146.62,117.11,157.88,24.97,Cornering,"Hoosier 43075 16x7.5-10 R20, 7 inch rim",17261
78.4,694.945,-6.49,348.65,-158.43,4.003,-29.4,4.99,0.03,0.041,-2.2007,11.92,158801.61,7.74,91.46,-7.162,-0,-1,146.47,117.06,157.64,24.95,Cornering,"Hoosier 43075 16x7.5-10 R20, 7 inch rim",17262
78.42,694.955,-5.08,347.41,-157.88,3.993,-28.27,5.11,0.03,0.0322,-2.2005,11.93,158775.83,7.74,91.46,-7.129,-0,-1,146.28,117.06,157.45,24.94,Cornering,"Hoosier 43075 16x7.5-10 R20, 7 inch rim",17263
78.4,694.965,-3.73,344.94,-155.92,4,-28.32,5.81,0.09,0.0239,-2.2124,12,44021.11,7.74,91.5,-7.102,-0,-0.9998,146.15,117.17,157.37,24.96,Cornering,"Hoosier 43075 16x7.5-10 R20, 7 inch rim",17264
78.39,694.975,-2.98,342.9,-155.03,3.988,-27.14,6.71,-0.04,0.0192,-2.2119,12.06,-98828.4,7.74,91.55,-7.056,-0,-1.0001,145.98,117.2,157.25,24.97,Cornering,"Hoosier 43075 16x7.5-10 R20, 7 inch rim",17265
78.42,694.985,-2.98,341.46,-154.26,3.985,-27.22,7.66,0.03,0.0193,-2.2136,12.06,158997.67,7.74,91.58,-7.018,-0,-1,146,117.31,157.25,24.97,Cornering,"Hoosier 43075 16x7.5-10 R20, 7 inch rim",17266
78.41,694.995,-3.65,340.62,-153.83,3.996,-28.06,8.48,-0.04,0.0237,-2.2143,12.01,-98823.16,7.74,91.58,-6.97,-0,-1.0001,146.13,117.5,157.35,24.97,Cornering,"Hoosier 43075 16x7.5-10 R20, 7 inch rim",17267
78.38,695.005,-3.72,340.65,-154.08,3.985,-28.09,10.07,0.03,0.0242,-2.2108,11.94,159096.55,7.74,91.59,-6.942,-0,-1,146.23,117.57,157.41,24.98,Cornering,"Hoosier 43075 16x7.5-10 R20, 7 inch rim",17268
78.4,695.015,-4.07,340.96,-154.36,3.988,-29.3,11.01,0.03,0.0264,-2.2089,11.87,159218.52,7.74,91.59,-6.907,-0,-1,146.28,117.59,157.45,25,Cornering,"Hoosier 43075 16x7.5-10 R20, 7 inch rim",17269
78.42,695.025,-4.04,341.93,-155.22,3.996,-29.34,11.75,0.03,0.026,-2.2029,11.86,159343.27,7.74,91.59,-6.864,-0,-1,146.15,117.53,157.35,25.02,Cornering,"Hoosier 43075 16x7.5-10 R20, 7 inch rim",17270
78.39,695.035,-4.06,343.45,-157.24,3.998,-28.8,11.72,0.03,0.0258,-2.1843,11.92,159465.16,7.74,91.57,-6.83,-0,-1,145.91,117.39,157.23,25.04,Cornering,"Hoosier 43075 16x7.5-10 R20, 7 inch rim",17271
78.38,695.045,-3.17,344.76,-157.91,3.988,-29.55,11.66,0.03,0.02,-2.1832,12.03,159444.86,7.74,91.54,-6.779,-0,-1,145.8,117.26,157.03,25.03,Cornering,"Hoosier 43075 16x7.5-10 R20, 7 inch rim",17272
78.41,695.055,-1.96,344.96,-158.86,3.997,-28.73,11.46,0.03,0.0123,-2.1715,12.11,159458.14,7.74,91.5,-6.737,-0,-1,145.68,117.28,156.85,25.03,Cornering,"Hoosier 43075 16x7.5-10 R20, 7 inch rim",17273
78.41,695.065,-1.56,343.56,-158.14,3.982,-28.42,10.09,0.03,0.0099,-2.1725,12.14,159396.59,7.74,91.46,-6.698,-0,-1,145.55,117.2,156.61,25.02,Cornering,"Hoosier 43075 16x7.5-10 R20, 7 inch rim",17274
78.38,695.075,-0.47,340.8,-156.8,3.998,-28.3,9.82,0.09,0.003,-2.1735,12.09,44143.45,7.74,91.44,-6.653,-0,-0.9998,145.5,117.31,156.51,25,Cornering,"Hoosier 43075 16x7.5-10 R20, 7 inch rim",17275
78.4,695.085,-0.81,338.13,-155.98,3.994,-27.14,8.66,-0.04,0.0052,-2.1678,12.03,-98988.34,7.74,91.43,-6.602,-0,-1.0001,145.35,117.37,156.36,24.99,Cornering,"Hoosier 43075 16x7.5-10 R20, 7 inch rim",17276
78.41,695.095,-1.52,336.01,-154.44,3.994,-27.72,7.92,0.03,0.0098,-2.1756,11.95,159251.45,7.74,91.42,-6.572,-0,-1,145.35,117.46,156.28,24.99,Cornering,"Hoosier 43075 16x7.5-10 R20, 7 inch rim",17277
78.4,695.105,-2.76,334.94,-154.28,3.978,-28.08,7.38,0.03,0.0179,-2.1711,11.95,159259.44,7.75,91.43,-6.547,-0,-1,145.59,117.59,156.32,24.99,Cornering,"Hoosier 43075 16x7.5-10 R20, 7 inch rim",17278
78.38,695.115,-3.99,334.88,-153.89,3.991,-28.64,7.15,-0.04,0.0259,-2.1761,11.98,-98987.94,7.74,91.39,-6.485,-0,-1.0001,145.83,117.68,156.3,24.98,Cornering,"Hoosier 43075 16x7.5-10 R20, 7 inch rim",17279
78.4,695.125,-4.94,335.09,-154.53,3.984,-28.57,7.21,0.03,0.032,-2.1684,12.05,159211.52,7.75,91.39,-6.462,-0,-1,145.93,117.68,156.34,24.98,Cornering,"Hoosier 43075 16x7.5-10 R20, 7 inch rim",17280
78.41,695.135,-5.92,335.56,-155.05,3.996,-29.27,6.79,0.03,0.0382,-2.1642,12.1,159157.17,7.74,91.4,-6.398,-0,-1,145.87,117.61,156.34,24.97,Cornering,"Hoosier 43075 16x7.5-10 R20, 7 inch rim",17281
78.38,695.145,-6.87,336.76,-156.69,3.993,-28.83,5.93,0.16,0.0439,-2.1492,12.08,25606.59,7.74,91.39,-6.358,-0,-0.9997,145.74,117.53,156.22,24.97,Cornering,"Hoosier 43075 16x7.5-10 R20, 7 inch rim",17282
78.39,695.155,-7.1,338.08,-157.89,3.993,-28.89,5.02,0.03,0.0449,-2.1413,12.06,159178.22,7.75,91.42,-6.328,-0,-1,145.57,117.39,156.06,24.97,Cornering,"Hoosier 43075 16x7.5-10 R20, 7 inch rim",17283
78.41,695.165,-6.2,338.44,-158.74,3.994,-29,4.5,-0.04,0.0391,-2.1321,11.99,-98956.56,7.74,91.47,-6.285,-0,-1.0001,145.55,117.37,155.88,24.97,Cornering,"Hoosier 43075 16x7.5-10 R20, 7 inch rim",17284
78.4,695.175,-4.98,337.18,-158.5,3.996,-28.71,4.29,-0.11,0.0314,-2.1273,11.92,-37766.36,7.75,91.52,-6.249,-0,-1.0002,145.4,117.35,155.68,24.98,Cornering,"Hoosier 43075 16x7.5-10 R20, 7 inch rim",17285
78.38,695.185,-3.92,334.52,-158.01,3.996,-28.31,4.07,0.03,0.0248,-2.117,11.92,159253.23,7.75,91.56,-6.199,-0,-1,145.29,117.39,155.58,24.97,Cornering,"Hoosier 43075 16x7.5-10 R20, 7 inch rim",17286
78.41,695.195,-2.76,331.65,-156.53,3.987,-28.46,4.66,-0.04,0.0176,-2.1187,11.97,-98953.71,7.75,91.59,-6.174,-0,-1.0001,145.2,117.42,155.47,24.96,Cornering,"Hoosier 43075 16x7.5-10 R20, 7 inch rim",17287
78.41,695.205,-2.26,329.39,-155.47,3.993,-28.15,5.47,0.03,0.0145,-2.1187,12.08,159310.58,7.75,91.65,-6.129,-0,-1,145.12,117.48,155.35,24.98,Cornering,"Hoosier 43075 16x7.5-10 R20, 7 inch rim",17288
78.39,695.215,-2.82,328.1,-154.8,3.991,-28.6,5.67,-0.04,0.0182,-2.1196,12.11,-98990.84,7.75,91.65,-6.096,-0,-1.0001,145.27,117.57,155.33,24.97,Cornering,"Hoosier 43075 16x7.5-10 R20, 7 inch rim",17289
78.38,695.225,-3.5,328.21,-154.45,4.003,-28.37,6.48,0.03,0.0226,-2.125,12.12,159221.44,7.75,91.67,-6.053,-0,-1,145.33,117.7,155.35,24.96,Cornering,"Hoosier 43075 16x7.5-10 R20, 7 inch rim",17290
78.42,695.235,-4.46,328.56,-154.96,4.001,-27.93,6.86,-0.04,0.0288,-2.1203,12.08,-99027.28,7.74,91.71,-6.02,-0,-1.0001,145.4,117.75,155.39,24.97,Cornering,"Hoosier 43075 16x7.5-10 R20, 7 inch rim",17291
78.4,695.245,-5.05,329.08,-155.38,3.987,-28.11,7.27,-0.04,0.0325,-2.1179,12,-99035.57,7.75,91.67,-5.972,-0,-1.0001,145.42,117.64,155.35,24.97,Cornering,"Hoosier 43075 16x7.5-10 R20, 7 inch rim",17292
78.38,695.255,-5.2,330.23,-156.28,3.985,-27.87,7.61,0.09,0.0333,-2.1131,11.96,44171.55,7.75,91.67,-5.938,-0,-0.9998,145.25,117.57,155.23,24.98,Cornering,"Hoosier 43075 16x7.5-10 R20, 7 inch rim",17293
78.4,695.265,-4.72,331.2,-157.29,3.991,-28.45,7.9,0.03,0.03,-2.1056,11.97,159484.83,7.75,91.65,-5.905,-0,-1,145.1,117.53,155.07,25,Cornering,"Hoosier 43075 16x7.5-10 R20, 7 inch rim",17294
78.42,695.275,-3.44,331.32,-158.94,3.985,-28.52,8.28,0.03,0.0216,-2.0846,12.02,159532.53,7.75,91.66,-5.866,-0,-1,145.03,117.48,154.91,25,Cornering,"Hoosier 43075 16x7.5-10 R20, 7 inch rim",17295
78.39,695.285,-2.06,330.11,-159.42,3.984,-28.81,8.2,0.09,0.0129,-2.0706,12.09,44211.09,7.75,91.66,-5.824,-0,-0.9998,144.86,117.5,154.63,25,Cornering,"Hoosier 43075 16x7.5-10 R20, 7 inch rim",17296
78.39,695.295,-0.75,327.55,-158.79,4,-29.01,7.88,0.16,0.0047,-2.0628,12.17,25650.97,7.75,91.69,-5.781,-0,-0.9997,144.82,117.53,154.42,24.99,Cornering,"Hoosier 43075 16x7.5-10 R20, 7 inch rim",17297
78.42,695.305,-0.5,324.55,-157.45,3.987,-28.87,7.02,0.09,0.0032,-2.0613,12.14,44176.35,7.75,91.72,-5.74,-0,-0.9998,144.69,117.55,154.3,24.98,Cornering,"Hoosier 43075 16x7.5-10 R20, 7 inch rim",17298
78.41,695.315,-0.61,322.13,-156.17,3.991,-28.43,6.66,0.03,0.0039,-2.0626,12.09,159321.09,7.75,91.72,-5.692,-0,-1,144.56,117.61,154.14,24.96,Cornering,"Hoosier 43075 16x7.5-10 R20, 7 inch rim",17299
78.38,695.325,-0.97,321.02,-155.44,3.984,-27.49,6.57,0.03,0.0062,-2.0653,12,159292.88,7.75,91.73,-5.659,-0,-1,144.6,117.75,153.98,24.96,Cornering,"Hoosier 43075 16x7.5-10 R20, 7 inch rim",17300
78.4,695.335,-2.12,320.35,-154.81,3.985,-27.84,6.43,0.03,0.0137,-2.0693,11.92,159305.39,7.75,91.71,-5.612,-0,-1,144.69,117.81,153.96,24.96,Cornering,"Hoosier 43075 16x7.5-10 R20, 7 inch rim",17301
78.43,695.345,-3.56,320.65,-154.83,3.993,-27.26,5.9,-0.04,0.023,-2.0709,11.87,-99010.52,7.75,91.72,-5.576,-0,-1.0001,144.8,117.88,153.94,24.95,Cornering,"Hoosier 43075 16x7.5-10 R20, 7 inch rim",17302
78.4,695.355,-4.64,320.93,-154.83,4.003,-28.29,5.79,-0.11,0.03,-2.0728,11.9,-37778.59,7.75,91.73,-5.529,-0,-1.0002,144.8,117.88,153.9,24.96,Cornering,"Hoosier 43075 16x7.5-10 R20, 7 inch rim",17303
78.38,695.365,-5.31,321.52,-156.27,3.99,-27.88,5.55,-0.04,0.034,-2.0574,11.97,-99023.92,7.75,91.76,-5.493,-0,-1.0001,144.71,117.79,153.82,24.95,Cornering,"Hoosier 43075 16x7.5-10 R20, 7 inch rim",17304
78.41,695.375,-5.57,321.76,-157.66,3.987,-28.6,5.06,0.03,0.0353,-2.0408,12.08,159273,7.75,91.78,-5.451,-0,-1,144.6,117.61,153.64,24.94,Cornering,"Hoosier 43075 16x7.5-10 R20, 7 inch rim",17305
78.41,695.385,-5.37,322.13,-158.81,3.991,-29.26,4.47,0.03,0.0338,-2.0283,12.11,159283.2,7.75,91.8,-5.411,-0,-1,144.5,117.57,153.53,24.94,Cornering,"Hoosier 43075 16x7.5-10 R20, 7 inch rim",17306
78.38,695.395,-3.85,321.35,-159.18,4.003,-30,4.58,0.03,0.0242,-2.0188,12.09,159295.86,7.75,91.85,-5.361,-0,-1,144.41,117.53,153.35,24.94,Cornering,"Hoosier 43075 16x7.5-10 R20, 7 inch rim",17307
78.38,695.405,-3.2,319.64,-158.66,3.993,-29.27,3.68,0.03,0.0202,-2.0146,12.02,159416.59,7.75,91.84,-5.322,-0,-1,144.26,117.5,153.21,24.96,Cornering,"Hoosier 43075 16x7.5-10 R20, 7 inch rim",17308
78.42,695.415,-2.86,316.8,-157.63,3.984,-28.85,2.86,-0.04,0.0181,-2.0097,11.95,-99125.34,7.75,91.88,-5.287,-0,-1.0001,144.17,117.57,153.11,24.97,Cornering,"Hoosier 43075 16x7.5-10 R20, 7 inch rim",17309
78.39,695.425,-2.35,314.42,-156.71,3.987,-27.39,3.05,0.03,0.015,-2.0064,11.93,159544.33,7.75,91.91,-5.255,-0,-1,144.02,117.68,152.91,24.98,Cornering,"Hoosier 43075 16x7.5-10 R20, 7 inch rim",17310
78.38,695.435,-2.6,312.6,-155.14,3.991,-27.01,3.34,-0.04,0.0168,-2.015,11.97,-99205.56,7.75,91.91,-5.214,-0,-1.0001,143.96,117.86,152.85,24.98,Cornering,"Hoosier 43075 16x7.5-10 R20, 7 inch rim",17311
78.41,695.445,-3.08,312.05,-153.96,3.994,-27.45,3.86,-0.11,0.02,-2.0269,12.04,-37843.36,7.75,91.89,-5.178,-0,-1.0002,144.07,117.92,152.87,24.98,Cornering,"Hoosier 43075 16x7.5-10 R20, 7 inch rim",17312
78.41,695.455,-3.47,311.64,-154.26,3.979,-26.95,4.65,0.03,0.0225,-2.0202,12.11,159720,7.75,91.84,-5.142,-0,-1,144.15,118.08,152.85,25,Cornering,"Hoosier 43075 16x7.5-10 R20, 7 inch rim",17313
78.39,695.465,-4.67,311.3,-154.34,3.987,-27.87,4.6,0.03,0.0303,-2.017,12.14,159803,7.75,91.79,-5.105,-0,-1,144.22,118.08,152.91,25.01,Cornering,"Hoosier 43075 16x7.5-10 R20, 7 inch rim",17314
78.39,695.475,-5.4,311.21,-155.66,3.993,-28.01,4.66,0.09,0.0347,-1.9994,12.12,44296.24,7.75,91.76,-5.056,-0,-0.9998,144.22,118.03,152.89,25.02,Cornering,"Hoosier 43075 16x7.5-10 R20, 7 inch rim",17315
78.42,695.485,-5.5,311.31,-157.31,3.993,-28.45,4.61,-0.04,0.035,-1.979,12.03,-99372.08,7.75,91.76,-5.023,-0,-1.0001,144.09,117.88,152.77,25.02,Cornering,"Hoosier 43075 16x7.5-10 R20, 7 inch rim",17316
78.4,695.495,-5.01,312.02,-158.52,3.987,-28.83,4.59,-0.04,0.0316,-1.9684,11.96,-99333.33,7.75,91.76,-4.973,-0,-1.0001,143.98,117.81,152.71,25.01,Cornering,"Hoosier 43075 16x7.5-10 R20, 7 inch rim",17317
78.38,695.505,-3.29,311.89,-158.92,3.984,-29.59,5.15,0.03,0.0207,-1.9626,11.9,159913.53,7.75,91.77,-4.95,-0,-1,143.87,117.77,152.58,25.03,Cornering,"Hoosier 43075 16x7.5-10 R20, 7 inch rim",17318
78.41,695.515,-1.11,310.65,-159.31,3.998,-29.18,6.04,0.09,0.007,-1.95,11.92,44326.86,7.75,91.76,-4.9,-0,-0.9998,143.75,117.81,152.38,25.03,Cornering,"Hoosier 43075 16x7.5-10 R20, 7 inch rim",17319
78.42,695.525,-0.31,308.86,-157.8,3.996,-28.66,5.64,0.03,0.002,-1.9572,11.97,159931,7.75,91.76,-4.874,-0,-1,143.64,117.81,152.28,25.03,Cornering,"Hoosier 43075 16x7.5-10 R20, 7 inch rim",17320
78.39,695.535,0.27,306.49,-156.55,3.981,-27.67,5.57,-0.04,-0.0017,-1.9577,12.03,-99423.45,7.76,91.74,-4.826,-0,-1.0001,143.49,117.86,152.16,25.03,Cornering,"Hoosier 43075 16x7.5-10 R20, 7 inch rim",17321
78.39,695.545,0.46,304.49,-154.64,3.988,-27.62,5.79,-0.04,-0.003,-1.9691,12.07,-99336.73,7.75,91.74,-4.787,-0,-1.0001,143.36,117.97,151.98,25,Cornering,"Hoosier 43075 16x7.5-10 R20, 7 inch rim",17322
78.41,695.555,-0.37,303.07,-154.36,3.993,-26.78,5.64,-0.04,0.0024,-1.9634,12.04,-99297.21,7.75,91.75,-4.74,-0,-1.0001,143.44,118.12,151.92,24.99,Cornering,"Hoosier 43075 16x7.5-10 R20, 7 inch rim",17323
78.4,695.565,-1.61,301.78,-153.87,3.996,-27.39,5.49,0.03,0.0105,-1.9612,11.99,159673.42,7.75,91.74,-4.701,-0,-1,143.53,118.23,151.92,24.98,Cornering,"Hoosier 43075 16x7.5-10 R20, 7 inch rim",17324
78.38,695.575,-2.77,301.32,-154.28,4.003,-27.27,5.36,0.09,0.018,-1.953,11.89,44239.18,7.75,91.74,-4.658,-0,-0.9998,143.59,118.25,151.96,24.97,Cornering,"Hoosier 43075 16x7.5-10 R20, 7 inch rim",17325
78.4,695.585,-4.24,300.45,-155.27,4,-27.95,4.61,0.03,0.0273,-1.935,11.86,159618.28,7.75,91.72,-4.614,-0,-1,143.57,118.25,151.94,24.97,Cornering,"Hoosier 43075 16x7.5-10 R20, 7 inch rim",17326
78.41,695.595,-5.3,300.39,-156.19,3.982,-28.89,3.76,0.03,0.0339,-1.9232,11.89,159588.59,7.76,91.72,-4.579,-0,-1,143.49,118.14,151.86,24.96,Cornering,"Hoosier 43075 16x7.5-10 R20, 7 inch rim",17327
78.39,695.605,-5.33,300.78,-157.78,3.99,-29.06,3.26,0.03,0.0338,-1.9063,12,159525.41,7.76,91.69,-4.528,-0,-1,143.38,118.08,151.76,24.95,Cornering,"Hoosier 43075 16x7.5-10 R20, 7 inch rim",17328
78.38,695.615,-4.78,300.85,-158.69,3.984,-29.35,2.52,0.03,0.0301,-1.8958,12.08,159493.47,7.76,91.66,-4.503,-0,-1,143.34,117.95,151.68,24.94,Cornering,"Hoosier 43075 16x7.5-10 R20, 7 inch rim",17329
78.41,695.625,-3.57,300.24,-158.99,3.99,-28.59,2.33,-0.04,0.0224,-1.8884,12.17,-99104.63,7.76,91.62,-4.456,-0,-1.0001,143.19,117.99,151.51,24.93,Cornering,"Hoosier 43075 16x7.5-10 R20, 7 inch rim",17330
78.41,695.635,-2.32,298.19,-158.04,3.982,-28.02,2.12,0.16,0.0147,-1.8868,12.18,25638.02,7.76,91.63,-4.41,-0,-0.9997,143.1,117.99,151.35,24.93,Cornering,"Hoosier 43075 16x7.5-10 R20, 7 inch rim",17331
78.38,695.645,-1.46,295.75,-156.54,3.994,-26.86,2.22,0.03,0.0093,-1.8893,12.12,159520.36,7.76,91.64,-4.373,-0,-1,142.93,118.06,151.25,24.94,Cornering,"Hoosier 43075 16x7.5-10 R20, 7 inch rim",17332
78.4,695.655,-1.63,292.98,-154.62,3.996,-27.17,2.02,0.03,0.0106,-1.8948,12.05,159564.67,7.76,91.62,-4.337,-0,-1,142.78,118.14,151.13,24.95,Cornering,"Hoosier 43075 16x7.5-10 R20, 7 inch rim",17333
78.42,695.665,-1.93,291.26,-153.92,3.984,-26.59,2.37,-0.04,0.0125,-1.8922,11.97,-99264.23,7.76,91.58,-4.287,-0,-1.0001,142.76,118.3,151.05,24.97,Cornering,"Hoosier 43075 16x7.5-10 R20, 7 inch rim",17334
78.4,695.675,-2.87,289.83,-153.64,3.985,-26.49,2.81,-0.11,0.0187,-1.8865,11.96,-37874.08,7.76,91.55,-4.253,-0,-1.0002,142.87,118.43,151.07,24.97,Cornering,"Hoosier 43075 16x7.5-10 R20, 7 inch rim",17335
78.39,695.685,-4.03,288.57,-153.85,3.998,-27.12,3.01,-0.04,0.0262,-1.8756,12.02,-99273.54,7.76,91.5,-4.211,-0,-1.0001,142.93,118.52,151.07,24.97,Cornering,"Hoosier 43075 16x7.5-10 R20, 7 inch rim",17336
78.42,695.695,-5.03,287.37,-154.25,3.982,-28.37,3.23,0.16,0.0326,-1.8631,12.08,25687.19,7.76,91.46,-4.178,-0,-0.9997,142.89,118.52,151.01,24.97,Cornering,"Hoosier 43075 16x7.5-10 R20, 7 inch rim",17337
78.41,695.705,-5.79,286.78,-155.48,4.001,-28.96,3.11,-0.04,0.0372,-1.8445,12.15,-99235.55,7.75,91.44,-4.144,-0,-1.0001,142.78,118.39,150.91,24.96,Cornering,"Hoosier 43075 16x7.5-10 R20, 7 inch rim",17338
78.39,695.715,-5.73,286.76,-156.96,3.982,-28.93,3.16,-0.04,0.0365,-1.8269,12.13,-99333.03,7.76,91.45,-4.1,-0,-1.0001,142.67,118.28,150.75,24.98,Cornering,"Hoosier 43075 16x7.5-10 R20, 7 inch rim",17339
78.39,695.725,-4.98,287.46,-158.66,3.997,-27.9,3.06,-0.11,0.0314,-1.8118,12.08,-37909.81,7.76,91.48,-4.048,-0,-1.0002,142.57,118.19,150.6,24.99,Cornering,"Hoosier 43075 16x7.5-10 R20, 7 inch rim",17340
78.42,695.735,-3.86,287.15,-158.66,4,-28.08,2.83,0.09,0.0243,-1.8099,11.97,44336.48,7.76,91.51,-4.021,-0,-0.9998,142.48,118.14,150.42,25.01,Cornering,"Hoosier 43075 16x7.5-10 R20, 7 inch rim",17341
78.4,695.745,-2.26,285.9,-158.28,3.997,-27.1,3.03,0.09,0.0143,-1.8063,11.9,44348.96,7.76,91.57,-3.978,-0,-0.9998,142.39,118.14,150.22,25.01,Cornering,"Hoosier 43075 16x7.5-10 R20, 7 inch rim",17342
78.38,695.755,-1.06,283.64,-157.03,4.001,-26.61,3.25,-0.04,0.0067,-1.8063,11.91,-99444.79,7.76,91.59,-3.931,-0,-1.0001,142.29,118.23,150.04,25,Cornering,"Hoosier 43075 16x7.5-10 R20, 7 inch rim",17343
78.41,695.765,-0.09,280.89,-155.27,4,-26.62,4.16,0.09,0.0006,-1.809,11.96,44291.71,7.76,91.64,-3.891,-0,-0.9998,142.16,118.23,149.9,24.98,Cornering,"Hoosier 43075 16x7.5-10 R20, 7 inch rim",17344
78.43,695.775,-0.43,278.34,-153.96,3.991,-26.61,4.41,0.09,0.0028,-1.8079,12.05,44252.52,7.76,91.66,-3.852,-0,-0.9998,142.11,118.41,149.76,24.96,Cornering,"Hoosier 43075 16x7.5-10 R20, 7 inch rim",17345
78.39,695.785,-0.87,276.28,-153.33,3.99,-26.97,5.16,-0.04,0.0057,-1.8019,12.09,-99273.1,7.76,91.67,-3.816,-0,-1.0001,142.2,118.58,149.78,24.96,Cornering,"Hoosier 43075 16x7.5-10 R20, 7 inch rim",17346
78.39,695.795,-2.42,274.42,-153.44,3.988,-27.12,5.03,-0.04,0.0158,-1.7885,12.08,-99277.94,7.76,91.67,-3.772,-0,-1.0001,142.26,118.69,149.78,24.96,Cornering,"Hoosier 43075 16x7.5-10 R20, 7 inch rim",17347
78.42,695.805,-3.48,273.06,-153.89,3.982,-27.43,5.19,-0.04,0.0226,-1.7743,12.04,-99304.39,7.76,91.64,-3.74,-0,-1.0001,142.31,118.69,149.76,24.96,Cornering,"Hoosier 43075 16x7.5-10 R20, 7 inch rim",17348
78.4,695.815,-4.67,272.45,-154.52,3.993,-27.57,4.85,0.09,0.0302,-1.7632,11.95,44260.25,7.76,91.57,-3.692,-0,-0.9998,142.24,118.67,149.76,24.96,Cornering,"Hoosier 43075 16x7.5-10 R20, 7 inch rim",17349
78.37,695.825,-5.29,272.22,-156.12,4,-27.37,4.31,0.09,0.0339,-1.7437,11.91,44262.13,7.76,91.52,-3.651,-0,-0.9998,142.09,118.61,149.65,24.96,Cornering,"Hoosier 43075 16x7.5-10 R20, 7 inch rim",17350
78.4,695.835,-5.56,272.33,-157.39,3.99,-27.48,3.27,0.03,0.0353,-1.7302,11.92,159769.98,7.76,91.46,-3.626,-0,-1,141.99,118.58,149.51,24.96,Cornering,"Hoosier 43075 16x7.5-10 R20, 7 inch rim",17351
78.41,695.845,-4.81,272.04,-157.89,3.994,-27.35,2.63,0.03,0.0305,-1.723,11.97,159852.27,7.76,91.42,-3.577,-0,-1,141.9,118.58,149.33,24.97,Cornering,"Hoosier 43075 16x7.5-10 R20, 7 inch rim",17352
78.39,695.855,-3.3,270.47,-157.66,3.996,-27.3,2.5,-0.04,0.0209,-1.7155,12.09,-99441.19,7.76,91.44,-3.534,-0,-1.0001,141.77,118.58,149.15,24.99,Cornering,"Hoosier 43075 16x7.5-10 R20, 7 inch rim",17353
78.39,695.865,-2.56,268.27,-156.97,3.993,-26.45,1.99,0.03,0.0163,-1.7091,12.17,159976.86,7.76,91.42,-3.495,-0,-1,141.69,118.72,149.01,24.99,Cornering,"Hoosier 43075 16x7.5-10 R20, 7 inch rim",17354
78.42,695.875,-2.01,265.18,-154.84,3.993,-26.8,2.07,-0.04,0.013,-1.7126,12.19,-99402.51,7.76,91.4,-3.46,-0,-1.0001,141.58,118.8,148.85,24.98,Cornering,"Hoosier 43075 16x7.5-10 R20, 7 inch rim",17355
78.4,695.885,-2.13,262.03,-153.82,3.984,-26.74,2.29,0.03,0.0138,-1.7035,12.15,159915.84,7.76,91.35,-3.412,-0,-1,141.54,118.96,148.75,24.98,Cornering,"Hoosier 43075 16x7.5-10 R20, 7 inch rim",17356
78.38,695.895,-2.76,259.65,-153.26,3.991,-26.27,2.81,0.09,0.018,-1.6941,12.06,44336.32,7.76,91.32,-3.372,-0,-0.9998,141.64,119.24,148.68,24.99,Cornering,"Hoosier 43075 16x7.5-10 R20, 7 inch rim",17357
78.4,695.905,-3.52,257.9,-152.4,3.982,-26.92,3.57,0.03,0.0231,-1.6922,11.96,160001.59,7.76,91.34,-3.338,-0,-1,141.75,119.31,148.64,24.99,Cornering,"Hoosier 43075 16x7.5-10 R20, 7 inch rim",17358
78.41,695.915,-4.8,256.22,-153.13,3.99,-26.55,3.83,0.09,0.0313,-1.6731,11.93,44359.93,7.76,91.31,-3.301,-0,-0.9998,141.81,119.29,148.66,25,Cornering,"Hoosier 43075 16x7.5-10 R20, 7 inch rim",17359
78.4,695.925,-5.34,255.01,-153.74,3.99,-26.72,4.54,-0.04,0.0347,-1.6587,11.94,-99536.53,7.76,91.34,-3.265,-0,-1.0001,141.75,119.31,148.68,25.01,Cornering,"Hoosier 43075 16x7.5-10 R20, 7 inch rim",17360
78.39,695.935,-5.74,254.12,-154.99,4,-27.25,4.59,0.09,0.037,-1.6396,12.02,44311.89,7.76,91.38,-3.219,-0,-0.9998,141.64,119.16,148.6,24.97,Cornering,"Hoosier 43075 16x7.5-10 R20, 7 inch rim",17361
78.42,695.945,-5.64,253.65,-156.85,3.985,-26.87,4.56,0.03,0.036,-1.6172,12.09,159764.89,7.76,91.38,-3.183,-0,-1,141.62,119.05,148.52,24.95,Cornering,"Hoosier 43075 16x7.5-10 R20, 7 inch rim",17362
78.41,695.955,-4.56,252.5,-158.33,3.985,-27.29,4.73,0.03,0.0288,-1.5948,12.1,159809.44,7.76,91.37,-3.132,-0,-1,141.58,118.94,148.38,24.96,Cornering,"Hoosier 43075 16x7.5-10 R20, 7 inch rim",17363
78.37,695.965,-3.37,251.09,-158.29,3.993,-27.35,4.63,0.03,0.0213,-1.5862,12.05,159815.73,7.76,91.36,-3.087,-0,-1,141.49,118.94,148.22,24.96,Cornering,"Hoosier 43075 16x7.5-10 R20, 7 inch rim",17364
78.4,695.975,-2.01,249.03,-157.33,3.987,-26.84,4.67,0.09,0.0128,-1.5828,11.97,44328.66,7.76,91.4,-3.056,-0,-0.9998,141.39,119,148.12,24.98,Cornering,"Hoosier 43075 16x7.5-10 R20, 7 inch rim",17365
78.42,695.985,-1.39,246.13,-155.68,3.988,-26.62,4.57,-0.11,0.009,-1.581,11.89,-37949.34,7.76,91.46,-3.024,-0,-1.0002,141.3,119.13,148.04,24.99,Cornering,"Hoosier 43075 16x7.5-10 R20, 7 inch rim",17366
78.4,695.995,-1.48,243.37,-154.01,3.994,-26.45,4.73,0.03,0.0096,-1.5802,11.9,160053.69,7.76,91.48,-2.977,-0,-1,141.15,119.22,147.9,24.99,Cornering,"Hoosier 43075 16x7.5-10 R20, 7 inch rim",17367
78.38,696.005,-2.09,240.83,-153.17,3.993,-26.21,5.16,-0.04,0.0136,-1.5723,11.95,-99518.55,7.76,91.5,-2.946,-0,-1.0001,141.15,119.42,147.86,25,Cornering,"Hoosier 43075 16x7.5-10 R20, 7 inch rim",17368
78.42,696.015,-3.05,238.9,-152.6,4.004,-26.32,5.73,0.03,0.02,-1.5655,12.04,159879.92,7.76,91.47,-2.888,-0,-1,141.3,119.57,147.84,24.96,Cornering,"Hoosier 43075 16x7.5-10 R20, 7 inch rim",17369
78.42,696.025,-4.36,237.24,-152.71,3.987,-25.9,6.01,-0.04,0.0286,-1.5535,12.11,-99363.95,7.76,91.47,-2.861,-0,-1.0001,141.34,119.66,147.82,24.96,Cornering,"Hoosier 43075 16x7.5-10 R20, 7 inch rim",17370
78.38,696.035,-5.54,235.26,-153.42,3.987,-26.25,6.27,0.03,0.0361,-1.5334,12.13,159814,7.76,91.51,-2.824,-0,-1,141.32,119.66,147.82,24.95,Cornering,"Hoosier 43075 16x7.5-10 R20, 7 inch rim",17371
78.4,696.045,-6.38,233.8,-155.21,3.991,-26.02,6.1,0.03,0.0411,-1.5063,12.1,159932.28,7.76,91.53,-2.769,-0,-1,141.19,119.57,147.76,24.97,Cornering,"Hoosier 43075 16x7.5-10 R20, 7 inch rim",17372
78.42,696.055,-6.53,232.47,-156.54,3.994,-26.89,6,0.03,0.0417,-1.485,12.03,159862.3,7.76,91.57,-2.735,-0,-1,141.06,119.44,147.61,24.96,Cornering,"Hoosier 43075 16x7.5-10 R20, 7 inch rim",17373
78.4,696.065,-6,231.5,-158.19,3.988,-26.96,5.68,0.09,0.038,-1.4635,11.96,44320.94,7.76,91.62,-2.701,-0,-0.9998,141,119.31,147.47,24.97,Cornering,"Hoosier 43075 16x7.5-10 R20, 7 inch rim",17374
78.38,696.075,-5.09,229.79,-158.4,3.994,-27.41,5.21,0.03,0.0321,-1.4507,11.94,159907.81,7.76,91.67,-2.666,-0,-1,140.87,119.29,147.31,24.96,Cornering,"Hoosier 43075 16x7.5-10 R20, 7 inch rim",17375
78.4,696.085,-3.7,227.88,-157.79,4,-26.91,5.2,0.03,0.0234,-1.4442,11.97,159913.95,7.76,91.68,-2.615,-0,-1,140.76,119.33,147.15,24.96,Cornering,"Hoosier 43075 16x7.5-10 R20, 7 inch rim",17376
78.42,696.095,-2.76,224.73,-156.66,3.991,-26.36,5.03,0.09,0.0176,-1.4345,12.05,44304.14,7.76,91.7,-2.586,-0,-0.9998,140.63,119.42,147.01,24.96,Cornering,"Hoosier 43075 16x7.5-10 R20, 7 inch rim",17377
78.38,696.105,-2.5,222,-154.96,3.987,-25.75,5.34,0.03,0.0161,-1.4326,12.14,159847.66,7.76,91.66,-2.546,-0,-1,140.48,119.49,146.85,24.95,Cornering,"Hoosier 43075 16x7.5-10 R20, 7 inch rim",17378
78.4,696.115,-2.97,219.34,-153.11,4.007,-25.94,5.77,-0.04,0.0194,-1.4326,12.14,-99391.18,7.76,91.64,-2.499,-0,-1.0001,140.36,119.62,146.72,24.96,Cornering,"Hoosier 43075 16x7.5-10 R20, 7 inch rim",17379
78.42,696.125,-3.59,216.87,-152.46,3.984,-25.96,6.73,0.03,0.0236,-1.4225,12.11,159931.11,7.77,91.63,-2.464,-0,-1,140.36,119.84,146.7,24.96,Cornering,"Hoosier 43075 16x7.5-10 R20, 7 inch rim",17380
78.4,696.135,-4.35,214.99,-152.84,4,-25.25,7.87,-0.04,0.0285,-1.4067,12.02,-99442.45,7.76,91.61,-2.424,-0,-1.0001,140.42,119.9,146.68,24.97,Cornering,"Hoosier 43075 16x7.5-10 R20, 7 inch rim",17381
78.38,696.145,-5.62,212.65,-153.19,4.007,-26.16,8.15,0.03,0.0367,-1.3882,11.92,160126.27,7.76,91.62,-2.377,-0,-1,140.4,119.95,146.66,24.99,Cornering,"Hoosier 43075 16x7.5-10 R20, 7 inch rim",17382
78.41,696.155,-6.49,210.6,-154.72,3.994,-26.41,8.35,0.03,0.042,-1.3612,11.88,160204.33,7.76,91.67,-2.341,-0,-1,140.36,119.9,146.66,25,Cornering,"Hoosier 43075 16x7.5-10 R20, 7 inch rim",17383
78.42,696.165,-6.8,209.03,-156.66,3.987,-26.57,8.36,0.03,0.0434,-1.3343,11.9,160244.3,7.77,91.69,-2.314,-0,-1,140.29,119.84,146.54,25.01,Cornering,"Hoosier 43075 16x7.5-10 R20, 7 inch rim",17384
78.39,696.175,-6.37,207.71,-158.07,3.991,-26.97,8.39,0.03,0.0403,-1.314,11.97,160249.84,7.76,91.71,-2.26,-0,-1,140.27,119.77,146.44,25.01,Cornering,"Hoosier 43075 16x7.5-10 R20, 7 inch rim",17385
78.39,696.185,-5.31,205.9,-158.85,3.985,-27.15,8.34,-0.04,0.0334,-1.2962,12.05,-99571.16,7.77,91.69,-2.218,-0,-1.0001,140.25,119.77,146.38,25,Cornering,"Hoosier 43075 16x7.5-10 R20, 7 inch rim",17386
78.41,696.195,-3.76,203.56,-158.56,3.987,-26.55,8.44,0.03,0.0237,-1.2838,12.14,160147.02,7.77,91.69,-2.172,-0,-1,140.1,119.79,146.24,24.99,Cornering,"Hoosier 43075 16x7.5-10 R20, 7 inch rim",17387
78.41,696.205,-3.04,200.83,-157.07,3.987,-26.03,8.07,0.09,0.0194,-1.2786,12.14,44389.33,7.77,91.68,-2.137,-0,-0.9998,140.03,119.86,146.08,25,Cornering,"Hoosier 43075 16x7.5-10 R20, 7 inch rim",17388
78.38,696.215,-2.77,198.09,-155.45,3.99,-25.09,7.77,-0.11,0.0178,-1.2743,12.09,-37992.2,7.76,91.72,-2.102,-0,-1.0002,139.93,119.97,145.88,25,Cornering,"Hoosier 43075 16x7.5-10 R20, 7 inch rim",17389
78.4,696.225,-3.02,195.62,-153.44,3.996,-24.91,8.11,0.03,0.0197,-1.2749,12.02,160380.09,7.76,91.7,-2.063,-0,-1,139.75,120.1,145.71,25.03,Cornering,"Hoosier 43075 16x7.5-10 R20, 7 inch rim",17390
78.42,696.235,-3.69,192.8,-152.8,3.987,-24.74,8.7,0.03,0.0241,-1.2618,12,160421.12,7.77,91.71,-2.021,-0,-1,139.8,120.34,145.65,25.03,Cornering,"Hoosier 43075 16x7.5-10 R20, 7 inch rim",17391
78.39,696.245,-4.55,190.43,-152.79,4.001,-24.3,9.62,-0.04,0.0298,-1.2464,11.99,-99677.79,7.76,91.71,-1.97,-0,-1.0001,139.88,120.48,145.61,25.02,Cornering,"Hoosier 43075 16x7.5-10 R20, 7 inch rim",17392
78.38,696.255,-6.19,187.62,-152.45,3.993,-25.46,9.45,0.09,0.0406,-1.2307,12.06,44384.12,7.77,91.7,-1.932,-0,-0.9998,139.97,120.5,145.61,24.99,Cornering,"Hoosier 43075 16x7.5-10 R20, 7 inch rim",17393
78.41,696.265,-7.34,184.76,-153.85,3.991,-26,9.65,0.09,0.0477,-1.2008,12.14,44333.48,7.77,91.68,-1.896,-0,-0.9998,139.93,120.43,145.61,24.96,Cornering,"Hoosier 43075 16x7.5-10 R20, 7 inch rim",17394
78.41,696.275,-7.95,182.82,-155.17,3.99,-26.36,9.72,-0.04,0.0512,-1.1782,12.21,-99475.91,7.77,91.62,-1.856,-0,-1.0001,139.8,120.3,145.57,24.97,Cornering,"Hoosier 43075 16x7.5-10 R20, 7 inch rim",17395
78.38,696.285,-7.62,180.91,-157.13,3.993,-26.19,10.04,0.09,0.0485,-1.1514,12.19,44324.89,7.77,91.63,-1.82,-0,-0.9998,139.69,120.21,145.53,24.96,Cornering,"Hoosier 43075 16x7.5-10 R20, 7 inch rim",17396
78.4,696.295,-6.69,179.1,-158.01,3.994,-26.21,10.09,0.09,0.0423,-1.1335,12.13,44357.01,7.77,91.62,-1.763,-0,-0.9998,139.65,120.15,145.43,24.97,Cornering,"Hoosier 43075 16x7.5-10 R20, 7 inch rim",17397
78.42,696.305,-5.27,176.97,-158.35,3.987,-25.52,10.22,0.09,0.0333,-1.1176,12.02,44337.07,7.77,91.62,-1.731,-0,-0.9998,139.54,120.17,145.29,24.96,Cornering,"Hoosier 43075 16x7.5-10 R20, 7 inch rim",17398
78.4,696.315,-4.24,174.22,-156.77,3.993,-25.55,10.13,0.03,0.0271,-1.1113,11.95,159964.81,7.77,91.63,-1.691,-0,-1,139.52,120.3,145.17,24.96,Cornering,"Hoosier 43075 16x7.5-10 R20, 7 inch rim",17399
78.38,696.325,-4.24,171.16,-155.17,3.997,-24.92,9.48,-0.04,0.0273,-1.1031,11.97,-99416.47,7.77,91.64,-1.647,-0,-1.0001,139.45,120.39,145.01,24.95,Cornering,"Hoosier 43075 16x7.5-10 R20, 7 inch rim",17400
78.4,696.335,-4.05,168.48,-154.08,3.991,-23.6,9.99,-0.04,0.0263,-1.0935,12,-99395.11,7.77,91.64,-1.607,-0,-1.0001,139.37,120.5,144.87,24.94,Cornering,"Hoosier 43075 16x7.5-10 R20, 7 inch rim",17401
78.41,696.345,-4.5,165.45,-152.92,3.988,-23.97,10.85,0.16,0.0294,-1.082,12.07,25747.9,7.77,91.64,-1.57,-0,-0.9997,139.43,120.72,144.74,24.97,Cornering,"Hoosier 43075 16x7.5-10 R20, 7 inch rim",17402
78.39,696.355,-5.64,162.43,-152.16,3.993,-24.61,11.38,0.03,0.0371,-1.0675,12.13,160162.2,7.77,91.65,-1.522,-0,-1,139.5,120.94,144.7,24.98,Cornering,"Hoosier 43075 16x7.5-10 R20, 7 inch rim",17403
78.39,696.365,-6.45,159.8,-152.47,3.994,-24.54,12.37,0.09,0.0423,-1.0481,12.12,44383.13,7.77,91.61,-1.475,-0,-0.9998,139.6,121,144.66,24.98,Cornering,"Hoosier 43075 16x7.5-10 R20, 7 inch rim",17404
78.42,696.375,-7.47,157.08,-153.73,3.996,-24.5,12.8,0.09,0.0486,-1.0218,12.08,44373.49,7.77,91.59,-1.436,-0,-0.9998,139.6,121.03,144.66,24.98,Cornering,"Hoosier 43075 16x7.5-10 R20, 7 inch rim",17405
78.4,696.385,-8.42,154.67,-154.58,3.981,-25.4,12.65,-0.04,0.0545,-1.0006,11.97,-99518.45,7.77,91.56,-1.409,-0,-1.0001,139.48,120.96,144.64,24.97,Cornering,"Hoosier 43075 16x7.5-10 R20, 7 inch rim",17406
78.38,696.395,-8.47,152.6,-156.65,3.994,-25.22,12.94,0.09,0.054,-0.9741,11.9,44374.63,7.77,91.53,-1.366,-0,-0.9998,139.39,120.94,144.46,24.98,Cornering,"Hoosier 43075 16x7.5-10 R20, 7 inch rim",17407
78.4,696.405,-8.06,150.96,-157.72,3.991,-25.01,12.72,0.03,0.0511,-0.9571,11.86,160247.77,7.77,91.57,-1.335,-0,-1,139.37,120.85,144.38,25,Cornering,"Hoosier 43075 16x7.5-10 R20, 7 inch rim",17408
78.41,696.415,-6.46,148.5,-158.06,3.993,-24.72,13.25,0.03,0.0409,-0.9395,11.92,160249.58,7.77,91.58,-1.302,-0,-1,139.24,120.89,144.26,25,Cornering,"Hoosier 43075 16x7.5-10 R20, 7 inch rim",17409
78.39,696.425,-5.59,145.35,-157.2,3.99,-24.68,12.99,0.03,0.0355,-0.9246,12,160251.84,7.77,91.59,-1.259,-0,-1,139.15,120.98,144.08,25,Cornering,"Hoosier 43075 16x7.5-10 R20, 7 inch rim",17410
78.39,696.435,-4.72,142.29,-155.73,3.998,-23.82,13.08,-0.11,0.0303,-0.9137,12.06,-37971.91,7.77,91.56,-1.219,-0,-1.0002,139.07,121.05,143.94,24.98,Cornering,"Hoosier 43075 16x7.5-10 R20, 7 inch rim",17411
78.41,696.445,-4.51,138.45,-154.01,3.997,-23.92,13.31,-0.04,0.0293,-0.899,12.08,-99525.89,7.77,91.56,-1.186,-0,-1.0001,138.94,121.16,143.75,24.97,Cornering,"Hoosier 43075 16x7.5-10 R20, 7 inch rim",17412
78.4,696.455,-5.16,135.29,-152.28,3.977,-24.13,13.55,0.09,0.0339,-0.8884,12.05,44398.3,7.77,91.53,-1.151,-0,-0.9998,138.9,121.31,143.63,24.99,Cornering,"Hoosier 43075 16x7.5-10 R20, 7 inch rim",17413
78.37,696.465,-5.34,132.23,-151.64,3.998,-23.92,15.2,0.03,0.0352,-0.872,11.95,160258.89,7.77,91.49,-1.113,-0,-1,138.92,121.56,143.57,25,Cornering,"Hoosier 43075 16x7.5-10 R20, 7 inch rim",17414
78.4,696.475,-6.49,129.2,-152.2,3.982,-23.29,15.94,0.03,0.0426,-0.8489,11.92,160297.5,7.77,91.45,-1.08,-0,-1,138.94,121.64,143.51,25,Cornering,"Hoosier 43075 16x7.5-10 R20, 7 inch rim",17415
78.42,696.485,-7.45,126.54,-152.39,3.993,-23.68,16.83,0.03,0.0489,-0.8304,11.92,160336.05,7.77,91.46,-1.047,-0,-1,138.9,121.69,143.49,25.01,Cornering,"Hoosier 43075 16x7.5-10 R20, 7 inch rim",17416
78.4,696.495,-8.04,123.93,-153.21,3.998,-24.19,17.48,0.03,0.0525,-0.8089,11.96,160337.61,7.77,91.44,-1.008,-0,-1,138.87,121.62,143.49,25.01,Cornering,"Hoosier 43075 16x7.5-10 R20, 7 inch rim",17417
78.38,696.505,-8.24,121.27,-155.38,3.997,-23.75,17.87,-0.04,0.053,-0.7805,12.07,-99601.22,7.77,91.43,-0.958,-0,-1.0001,138.77,121.51,143.47,24.99,Cornering,"Hoosier 43075 16x7.5-10 R20, 7 inch rim",17418
78.42,696.515,-7.87,118.69,-156.45,3.997,-24.25,18.1,-0.04,0.0503,-0.7587,12.16,-99555.86,7.77,91.44,-0.921,-0,-1.0001,138.81,121.4,143.39,24.98,Cornering,"Hoosier 43075 16x7.5-10 R20, 7 inch rim",17419
