AmbientRoomTemperature,ElapsedTime,LongitudinalForce,LateralForce,NormalForce,InclinationAngle,OverturningMoment,AligningTorque,WheelRotationalSpeed,NormalizedLongitudinalForce(FX/FZ),NormalizedLateralForce(FY/FZ),TirePressure,EffectiveRadius,LoadedRadius,RoadSurfaceTemperature,SlipAngle,SlipRatioTextbook,SlipRatioBasedOnRL,TireSurfaceTemperature-Center,TireSurfaceTemperature-Inboard,TireSurfaceTemperature-Outboard,RoadSpeed,testid,tireid,Index
78.31,582.988,-12.17,-27.97,-253.51,1.996,-12.52,24.94,0.16,0.048,0.1103,12.12,25788.69,7.58,91.93,0.531,-0,-0.9997,116.88,117.31,118.47,25.01,Cornering,"Hoosier 43075 16x7.5-10 R20, 7 inch rim",12470
78.32,582.998,-13.23,-34.33,-254.03,1.998,-12.57,26.27,0.16,0.0521,0.1351,12.12,25788.48,7.58,91.94,0.563,-0,-0.9997,116.93,117.31,118.49,25.01,Cornering,"Hoosier 43075 16x7.5-10 R20, 7 inch rim",12471
78.29,583.008,-14.08,-41.58,-255.86,1.999,-13.11,27.34,0.09,0.055,0.1625,12.08,44378.73,7.58,91.92,0.61,-0,-0.9998,116.95,117.28,118.49,24.98,Cornering,"Hoosier 43075 16x7.5-10 R20, 7 inch rim",12472
78.29,583.018,-14.15,-48.65,-258.53,1.999,-12.88,28.45,0.03,0.0547,0.1882,11.99,160109.86,7.58,91.91,0.663,-0,-1,116.84,117.24,118.51,24.97,Cornering,"Hoosier 43075 16x7.5-10 R20, 7 inch rim",12473
78.32,583.028,-13.77,-55.87,-261.14,1.998,-13.27,29.15,0.03,0.0527,0.2139,11.92,160145.84,7.58,91.87,0.689,-0,-1,116.86,117.26,118.49,24.98,Cornering,"Hoosier 43075 16x7.5-10 R20, 7 inch rim",12474
78.3,583.038,-13.09,-62.32,-262.9,1.98,-12.65,29.23,0.09,0.0498,0.237,11.89,44356.59,7.58,91.85,0.733,-0,-0.9998,116.86,117.17,118.47,24.97,Cornering,"Hoosier 43075 16x7.5-10 R20, 7 inch rim",12475
78.29,583.048,-12.02,-68.71,-262.47,2.004,-13.36,28.92,-0.04,0.0458,0.2618,11.96,-99501.51,7.58,91.83,0.769,-0,-1.0001,116.88,117.17,118.45,24.97,Cornering,"Hoosier 43075 16x7.5-10 R20, 7 inch rim",12476
78.31,583.058,-10.65,-73.57,-260.39,2.001,-12.39,28.79,0.16,0.0409,0.2825,12.03,25732.86,7.58,91.79,0.809,-0,-0.9997,116.88,117.17,118.43,24.96,Cornering,"Hoosier 43075 16x7.5-10 R20, 7 inch rim",12477
78.32,583.068,-9.54,-78.16,-256.77,1.992,-12.16,29.1,0.03,0.0371,0.3044,12.08,159989.38,7.58,91.8,0.845,-0,-1,116.86,117.11,118.41,24.96,Cornering,"Hoosier 43075 16x7.5-10 R20, 7 inch rim",12478
78.29,583.078,-9.87,-82.26,-253.82,1.986,-11.16,28.89,0.09,0.0389,0.3241,12.09,44323.34,7.58,91.78,0.895,-0,-0.9998,116.82,117.13,118.35,24.95,Cornering,"Hoosier 43075 16x7.5-10 R20, 7 inch rim",12479
78.3,583.088,-10.18,-86.34,-252.19,1.989,-10.08,30.06,0.03,0.0404,0.3423,12.03,159836.27,7.58,91.78,0.925,-0,-1,116.78,117.13,118.33,24.93,Cornering,"Hoosier 43075 16x7.5-10 R20, 7 inch rim",12480
78.31,583.098,-11.21,-91.02,-251.35,1.99,-9.63,31.28,0.09,0.0446,0.3621,11.94,44342.83,7.58,91.79,0.964,-0,-0.9998,116.75,117.13,118.31,24.96,Cornering,"Hoosier 43075 16x7.5-10 R20, 7 inch rim",12481
78.31,583.108,-12.37,-96.29,-251.62,1.993,-9.43,32.57,0.03,0.0492,0.3827,11.89,160129,7.59,91.83,1.001,-0,-1,116.73,117.2,118.31,24.98,Cornering,"Hoosier 43075 16x7.5-10 R20, 7 inch rim",12482
78.28,583.118,-13.19,-102.3,-253.17,1.986,-9.49,34.01,0.09,0.0521,0.4041,11.88,44372.65,7.59,91.84,1.027,-0,-0.9998,116.8,117.15,118.27,24.98,Cornering,"Hoosier 43075 16x7.5-10 R20, 7 inch rim",12483
78.3,583.128,-13.27,-108.31,-255.51,2.006,-9.48,35.5,0.03,0.0519,0.4239,11.93,160124.09,7.58,91.83,1.078,-0,-1,116.82,117.09,118.27,24.98,Cornering,"Hoosier 43075 16x7.5-10 R20, 7 inch rim",12484
78.32,583.138,-12.38,-115.06,-258.05,1.99,-10.09,36.97,0.09,0.048,0.4459,12,44350.62,7.59,91.82,1.107,-0,-0.9998,116.8,117.06,118.27,24.97,Cornering,"Hoosier 43075 16x7.5-10 R20, 7 inch rim",12485
78.29,583.148,-10.98,-120.43,-259.78,1.986,-9.37,38.17,0.09,0.0423,0.4636,12.12,44329.39,7.59,91.8,1.141,-0,-0.9998,116.84,117.13,118.31,24.96,Cornering,"Hoosier 43075 16x7.5-10 R20, 7 inch rim",12486
78.28,583.158,-8.93,-125.87,-259.74,1.995,-9.3,39.05,0.09,0.0344,0.4846,12.18,44328.53,7.59,91.74,1.186,-0,-0.9998,116.88,117.2,118.33,24.96,Cornering,"Hoosier 43075 16x7.5-10 R20, 7 inch rim",12487
78.31,583.168,-6.3,-130.27,-257.82,1.998,-9.47,40.24,0.16,0.0244,0.5053,12.18,25740.71,7.59,91.71,1.22,-0,-0.9997,116.86,117.22,118.27,24.97,Cornering,"Hoosier 43075 16x7.5-10 R20, 7 inch rim",12488
78.32,583.178,-5.1,-133.91,-254.79,1.996,-8.53,40.26,0.09,0.02,0.5256,12.11,44378.4,7.59,91.7,1.266,-0,-0.9998,116.78,117.26,118.25,24.98,Cornering,"Hoosier 43075 16x7.5-10 R20, 7 inch rim",12489
78.29,583.188,-4.56,-137.71,-251.81,1.992,-8,40.44,0.03,0.0181,0.5469,12,160145.55,7.59,91.72,1.3,-0,-1,116.71,117.28,118.19,24.98,Cornering,"Hoosier 43075 16x7.5-10 R20, 7 inch rim",12490
78.3,583.198,-5.02,-141.03,-249.61,1.998,-7.1,40.86,0.03,0.0201,0.565,11.96,160104.41,7.59,91.74,1.352,-0,-1,116.67,117.28,118.17,24.98,Cornering,"Hoosier 43075 16x7.5-10 R20, 7 inch rim",12491
78.32,583.208,-5.98,-145.22,-248.92,1.986,-6.12,41.51,0.09,0.024,0.5834,11.94,44334.67,7.59,91.77,1.385,-0,-0.9998,116.69,117.28,118.15,24.96,Cornering,"Hoosier 43075 16x7.5-10 R20, 7 inch rim",12492
78.3,583.218,-7.88,-150.05,-248.76,1.992,-6.12,41.72,0.03,0.0317,0.6032,12.02,159800.98,7.59,91.81,1.429,-0,-1,116.67,117.33,118.17,24.93,Cornering,"Hoosier 43075 16x7.5-10 R20, 7 inch rim",12493
78.29,583.228,-9.99,-155.76,-249.95,1.989,-6.09,41.64,0.03,0.04,0.6231,12.08,159797.77,7.59,91.86,1.468,-0,-1,116.67,117.28,118.17,24.93,Cornering,"Hoosier 43075 16x7.5-10 R20, 7 inch rim",12494
78.32,583.238,-10.72,-162.1,-251.28,1.999,-6.92,42.33,0.09,0.0427,0.6451,12.14,44280.36,7.59,91.91,1.508,-0,-0.9998,116.63,117.24,118.21,24.93,Cornering,"Hoosier 43075 16x7.5-10 R20, 7 inch rim",12495
78.32,583.248,-11.22,-168.23,-253.77,1.992,-6.86,42.28,0.09,0.0442,0.6629,12.11,44279.57,7.59,91.95,1.541,-0,-0.9998,116.63,117.2,118.23,24.93,Cornering,"Hoosier 43075 16x7.5-10 R20, 7 inch rim",12496
78.28,583.258,-10.24,-174.1,-254.94,1.99,-7.42,42.67,0.09,0.0402,0.6829,12.03,44268.33,7.59,91.98,1.579,-0,-0.9998,116.6,117.22,118.21,24.93,Cornering,"Hoosier 43075 16x7.5-10 R20, 7 inch rim",12497
78.3,583.268,-8.93,-179.5,-255.56,1.99,-6.82,42.42,0.09,0.035,0.7024,11.95,44246.44,7.59,91.98,1.631,-0,-0.9998,116.63,117.26,118.17,24.92,Cornering,"Hoosier 43075 16x7.5-10 R20, 7 inch rim",12498
78.33,583.278,-7.98,-184.02,-254.6,1.992,-5.46,41.46,0.09,0.0314,0.7228,11.89,44235.38,7.59,92.01,1.661,-0,-0.9998,116.56,117.24,118.15,24.91,Cornering,"Hoosier 43075 16x7.5-10 R20, 7 inch rim",12499
78.3,583.288,-6.87,-187.81,-251.3,1.982,-5.14,40.82,0.16,0.0273,0.7474,11.92,25692.35,7.59,92.02,1.704,-0,-0.9997,116.52,117.22,118.09,24.93,Cornering,"Hoosier 43075 16x7.5-10 R20, 7 inch rim",12500
78.28,583.298,-6.13,-191.81,-248,2.001,-5.59,40.51,0.03,0.0247,0.7734,11.98,159808.81,7.59,92.05,1.754,-0,-1,116.45,117.24,118.07,24.94,Cornering,"Hoosier 43075 16x7.5-10 R20, 7 inch rim",12501
78.31,583.308,-6.07,-195.12,-245.38,1.992,-4.71,40.86,0.09,0.0248,0.7952,12.06,44314.42,7.59,92.07,1.784,-0,-0.9998,116.48,117.22,118.03,24.96,Cornering,"Hoosier 43075 16x7.5-10 R20, 7 inch rim",12502
78.32,583.318,-7.04,-198.71,-244.05,1.98,-3.78,41.21,0.09,0.0288,0.8142,12.11,44302.97,7.59,92.08,1.826,-0,-0.9998,116.45,117.28,118.01,24.95,Cornering,"Hoosier 43075 16x7.5-10 R20, 7 inch rim",12503
78.29,583.328,-8.07,-203.37,-243.95,1.985,-3.16,42.43,0.09,0.0331,0.8337,12.09,44270.88,7.6,92.04,1.869,-0,-0.9998,116.5,117.28,118.03,24.93,Cornering,"Hoosier 43075 16x7.5-10 R20, 7 inch rim",12504
78.29,583.338,-9.45,-208.65,-244.9,2.001,-3.1,43.51,0.16,0.0386,0.852,12.06,25694.84,7.59,92.03,1.919,-0,-0.9997,116.5,117.26,118.05,24.93,Cornering,"Hoosier 43075 16x7.5-10 R20, 7 inch rim",12505
78.33,583.348,-10.38,-214.2,-246.28,1.995,-3.75,44.4,0.09,0.0422,0.8698,11.97,44309.65,7.59,92,1.95,-0,-0.9998,116.48,117.26,118.13,24.96,Cornering,"Hoosier 43075 16x7.5-10 R20, 7 inch rim",12506
78.3,583.358,-9.77,-220.5,-248.59,1.992,-3.92,45.85,0.09,0.0393,0.887,11.95,44359.86,7.59,91.97,1.992,-0,-0.9998,116.43,117.17,118.17,24.98,Cornering,"Hoosier 43075 16x7.5-10 R20, 7 inch rim",12507
78.28,583.368,-8.9,-225.88,-250.52,1.999,-3.95,46.56,0.16,0.0355,0.9017,11.97,25752.35,7.59,91.95,2.045,-0,-0.9997,116.45,117.17,118.21,24.99,Cornering,"Hoosier 43075 16x7.5-10 R20, 7 inch rim",12508
78.31,583.378,-7.3,-231.14,-250.78,1.99,-4.33,46.85,0.16,0.0291,0.9217,12.02,25733.76,7.59,91.95,2.082,-0,-0.9997,116.5,117.26,118.25,24.97,Cornering,"Hoosier 43075 16x7.5-10 R20, 7 inch rim",12509
78.32,583.388,-6.08,-235.04,-249.57,1.985,-3.94,46.23,0.09,0.0244,0.9418,12.08,44303.86,7.6,91.97,2.136,-0,-0.9998,116.5,117.22,118.21,24.96,Cornering,"Hoosier 43075 16x7.5-10 R20, 7 inch rim",12510
78.29,583.398,-5.05,-238.86,-246.63,1.993,-4.14,45.32,0.09,0.0205,0.9685,12.11,44271.26,7.59,91.96,2.189,-0,-0.9998,116.54,117.24,118.21,24.94,Cornering,"Hoosier 43075 16x7.5-10 R20, 7 inch rim",12511
78.29,583.408,-4.94,-241.55,-243.93,1.992,-2.98,44.05,-0.04,0.0202,0.9903,12.06,-99355.12,7.59,91.99,2.22,-0,-1.0001,116.48,117.31,118.15,24.95,Cornering,"Hoosier 43075 16x7.5-10 R20, 7 inch rim",12512
78.32,583.418,-5.16,-244.24,-241.45,1.982,-2.19,43.4,0.03,0.0214,1.0116,11.99,160014.14,7.6,92.03,2.25,-0,-1,116.43,117.35,118.11,24.98,Cornering,"Hoosier 43075 16x7.5-10 R20, 7 inch rim",12513
78.31,583.428,-6.4,-246.92,-239.97,1.989,-1.32,43.11,0.16,0.0267,1.029,11.93,25777.75,7.6,92.05,2.28,-0,-0.9997,116.48,117.35,118.05,25.02,Cornering,"Hoosier 43075 16x7.5-10 R20, 7 inch rim",12514
78.28,583.438,-7.75,-250.65,-240.25,1.996,-0.52,43.42,0.16,0.0322,1.0433,11.89,25794.83,7.59,92.06,2.321,-0,-0.9997,116.5,117.37,118.11,25.04,Cornering,"Hoosier 43075 16x7.5-10 R20, 7 inch rim",12515
78.3,583.448,-9.22,-255.45,-240.59,1.99,-1.16,44.08,0.16,0.0383,1.0618,11.95,25782.1,7.59,92.11,2.36,-0,-0.9997,116.48,117.44,118.17,25.03,Cornering,"Hoosier 43075 16x7.5-10 R20, 7 inch rim",12516
78.32,583.458,-10.22,-260.84,-242.3,1.99,-1.38,44.88,0.16,0.0422,1.0765,12.03,25775.29,7.59,92.12,2.4,-0,-0.9997,116.48,117.44,118.21,25.02,Cornering,"Hoosier 43075 16x7.5-10 R20, 7 inch rim",12517
78.29,583.468,-10.27,-266.4,-243.79,1.995,-2.25,45.9,0.09,0.0421,1.0927,12.08,44376.02,7.59,92.15,2.431,-0,-0.9998,116.48,117.33,118.23,25,Cornering,"Hoosier 43075 16x7.5-10 R20, 7 inch rim",12518
78.3,583.478,-9.74,-271.94,-245.36,1.993,-2.69,46.39,0.03,0.0397,1.1083,12.12,160021.75,7.59,92.16,2.48,-0,-1,116.5,117.33,118.29,24.98,Cornering,"Hoosier 43075 16x7.5-10 R20, 7 inch rim",12519
78.32,583.488,-8.52,-276.11,-246.2,1.998,-2.02,46.64,0.09,0.0346,1.1215,12.08,44322.22,7.59,92.17,2.496,-0,-0.9998,116.43,117.37,118.33,24.97,Cornering,"Hoosier 43075 16x7.5-10 R20, 7 inch rim",12520
78.31,583.498,-6.95,-279.86,-244.97,1.993,-2.23,46.4,0.03,0.0284,1.1424,12.01,159901.47,7.59,92.21,2.546,-0,-1,116.43,117.37,118.35,24.97,Cornering,"Hoosier 43075 16x7.5-10 R20, 7 inch rim",12521
78.28,583.508,-4.87,-282.71,-242.41,1.992,-1.78,46.5,0.03,0.0201,1.1663,11.98,159859.42,7.59,92.2,2.582,-0,-1,116.45,117.44,118.33,24.96,Cornering,"Hoosier 43075 16x7.5-10 R20, 7 inch rim",12522
78.3,583.518,-3.15,-284.97,-239.73,2.004,-0.94,46.76,0.16,0.0132,1.1887,11.95,25692.81,7.59,92.22,2.623,-0,-0.9997,116.43,117.44,118.35,24.94,Cornering,"Hoosier 43075 16x7.5-10 R20, 7 inch rim",12523
78.33,583.528,-2.33,-286.88,-237.05,1.986,-0.47,46.81,0.16,0.0098,1.2102,11.98,25704.3,7.59,92.21,2.643,-0,-0.9997,116.45,117.48,118.33,24.96,Cornering,"Hoosier 43075 16x7.5-10 R20, 7 inch rim",12524
78.3,583.538,-2.21,-288.93,-235.46,1.983,0.37,47.82,0.09,0.0094,1.2271,12.06,44242.83,7.6,92.25,2.688,-0,-0.9998,116.54,117.46,118.31,24.93,Cornering,"Hoosier 43075 16x7.5-10 R20, 7 inch rim",12525
78.28,583.548,-3.54,-291.58,-234.64,1.977,0.63,48.28,0.09,0.0151,1.2427,12.12,44251.16,7.6,92.25,2.736,-0,-0.9998,116.6,117.48,118.31,24.94,Cornering,"Hoosier 43075 16x7.5-10 R20, 7 inch rim",12526
78.32,583.558,-5.21,-295.6,-235.89,1.993,1.28,48.98,-0.04,0.0221,1.2531,12.14,-99261.66,7.59,92.23,2.785,-0,-1.0001,116.69,117.48,118.33,24.94,Cornering,"Hoosier 43075 16x7.5-10 R20, 7 inch rim",12527
78.32,583.568,-6.5,-300.56,-236.77,1.995,0.11,49.7,0.09,0.0274,1.2694,12.08,44247.75,7.59,92.22,2.819,-0,-0.9998,116.75,117.46,118.33,24.94,Cornering,"Hoosier 43075 16x7.5-10 R20, 7 inch rim",12528
78.29,583.578,-6.71,-305.77,-238.97,1.99,0.38,50.84,0.16,0.0281,1.2795,12.03,25693.4,7.59,92.24,2.852,-0,-0.9997,116.8,117.46,118.39,24.95,Cornering,"Hoosier 43075 16x7.5-10 R20, 7 inch rim",12529
78.3,583.588,-6.69,-310.55,-240.56,1.998,0.67,51.05,0.16,0.0278,1.2909,11.94,25692.21,7.59,92.23,2.901,-0,-0.9997,116.82,117.44,118.41,24.95,Cornering,"Hoosier 43075 16x7.5-10 R20, 7 inch rim",12530
78.32,583.598,-5.87,-314.86,-241.06,1.987,0.71,50.62,0.09,0.0243,1.3062,11.89,44304.23,7.59,92.26,2.943,-0,-0.9998,116.82,117.42,118.45,24.97,Cornering,"Hoosier 43075 16x7.5-10 R20, 7 inch rim",12531
78.3,583.608,-5.12,-318.26,-240.95,1.989,1.95,49.3,0.03,0.0213,1.3209,11.92,160022.38,7.59,92.26,2.984,-0,-1,116.86,117.46,118.47,25,Cornering,"Hoosier 43075 16x7.5-10 R20, 7 inch rim",12532
78.28,583.618,-4.77,-321.09,-239.7,1.993,2.84,47.06,0.16,0.0199,1.3395,12,25742.44,7.59,92.26,3.039,-0,-0.9997,116.88,117.44,118.43,25,Cornering,"Hoosier 43075 16x7.5-10 R20, 7 inch rim",12533
78.31,583.628,-4.31,-323.01,-236.57,1.983,3.04,44.98,0.09,0.0182,1.3654,12.09,44328.68,7.59,92.24,3.087,-0,-0.9998,116.9,117.44,118.45,24.99,Cornering,"Hoosier 43075 16x7.5-10 R20, 7 inch rim",12534
78.32,583.638,-4.33,-324.79,-234.32,1.99,3.2,43.48,0.16,0.0185,1.3861,12.19,25710.39,7.59,92.21,3.123,-0,-0.9997,116.93,117.48,118.45,24.97,Cornering,"Hoosier 43075 16x7.5-10 R20, 7 inch rim",12535
78.28,583.648,-4.73,-327.01,-232.41,1.986,2.79,43,0.09,0.0203,1.407,12.18,44273.47,7.59,92.18,3.17,-0,-0.9998,116.88,117.48,118.43,24.96,Cornering,"Hoosier 43075 16x7.5-10 R20, 7 inch rim",12536
78.29,583.658,-5.8,-329.68,-231.75,1.992,2.73,43.35,-0.04,0.025,1.4226,12.14,-99382.21,7.59,92.15,3.2,-0,-1.0001,116.97,117.53,118.47,24.98,Cornering,"Hoosier 43075 16x7.5-10 R20, 7 inch rim",12537
78.32,583.668,-7.17,-333.39,-232.23,1.989,2.48,44.25,0.09,0.0309,1.4356,12.05,44321.38,7.59,92.14,3.245,-0,-0.9998,117.01,117.57,118.53,24.99,Cornering,"Hoosier 43075 16x7.5-10 R20, 7 inch rim",12538
78.31,583.678,-8.43,-337.72,-233.74,2.004,2.72,45.23,0.09,0.0361,1.4449,11.97,44349.82,7.58,92.15,3.295,-0,-0.9998,117.05,117.66,118.59,25.01,Cornering,"Hoosier 43075 16x7.5-10 R20, 7 inch rim",12539
78.28,583.688,-9.31,-342.33,-235.03,1.993,2.29,45.91,0.16,0.0396,1.4566,11.96,25740.42,7.58,92.12,3.333,-0,-0.9997,117.08,117.68,118.66,25.01,Cornering,"Hoosier 43075 16x7.5-10 R20, 7 inch rim",12540
78.31,583.698,-9.2,-346.91,-237.58,1.996,3.52,46.41,0.09,0.0387,1.4602,12.02,44315.3,7.58,92.11,3.371,-0,-0.9998,117.08,117.66,118.72,24.99,Cornering,"Hoosier 43075 16x7.5-10 R20, 7 inch rim",12541
78.32,583.708,-8.3,-351.34,-239.94,1.996,4.92,46.68,0.09,0.0346,1.4643,12.08,44261.79,7.58,92.07,3.414,-0,-0.9998,117.05,117.66,118.8,24.96,Cornering,"Hoosier 43075 16x7.5-10 R20, 7 inch rim",12542
78.29,583.718,-7.29,-355.17,-240.62,1.983,5.35,45.97,0.09,0.0303,1.4761,12.15,44218.97,7.58,92,3.448,-0,-0.9998,117.05,117.77,118.86,24.94,Cornering,"Hoosier 43075 16x7.5-10 R20, 7 inch rim",12543
78.28,583.728,-5.68,-358.33,-239.33,1.995,4.7,45.37,0.09,0.0237,1.4972,12.14,44206.68,7.57,91.96,3.488,-0,-0.9998,117.1,117.81,118.82,24.93,Cornering,"Hoosier 43075 16x7.5-10 R20, 7 inch rim",12544
78.32,583.738,-4.63,-361.05,-237.11,2.006,3.35,44.32,0.16,0.0195,1.5227,12.06,25663.38,7.57,91.95,3.522,-0,-0.9997,117.12,117.88,118.76,24.94,Cornering,"Hoosier 43075 16x7.5-10 R20, 7 inch rim",12545
78.32,583.748,-3.53,-362.83,-233.81,1.986,1.55,44.1,0.03,0.0151,1.5518,11.98,159518.19,7.57,91.92,3.544,-0,-1,117.12,117.86,118.57,24.93,Cornering,"Hoosier 43075 16x7.5-10 R20, 7 inch rim",12546
78.29,583.758,-3.39,-363.69,-231.84,2.001,1.37,44.42,0.03,0.0146,1.5687,11.95,159473.64,7.57,91.93,3.584,-0,-1,117.1,117.92,118.41,24.93,Cornering,"Hoosier 43075 16x7.5-10 R20, 7 inch rim",12547
78.3,583.768,-3.77,-364.95,-230.83,1.998,2.01,45.6,0.03,0.0163,1.581,12,159390.31,7.57,91.93,3.633,-0,-1,117.12,117.86,118.25,24.92,Cornering,"Hoosier 43075 16x7.5-10 R20, 7 inch rim",12548
78.33,583.778,-4.19,-367.27,-231.18,1.995,2.62,47.83,0.03,0.0181,1.5887,12.08,159346.16,7.57,91.98,3.67,-0,-1,117.2,117.86,118.11,24.91,Cornering,"Hoosier 43075 16x7.5-10 R20, 7 inch rim",12549
78.3,583.788,-5.6,-370,-233.04,1.993,4.61,49.12,0.03,0.0241,1.5877,12.15,159449.12,7.57,91.97,3.713,-0,-1,117.27,117.88,117.99,24.93,Cornering,"Hoosier 43075 16x7.5-10 R20, 7 inch rim",12550
78.29,583.798,-6.4,-374.4,-235.86,1.983,6.03,50.43,0.16,0.0271,1.5873,12.2,25650.51,7.57,91.96,3.749,-0,-0.9997,117.33,117.92,117.91,24.93,Cornering,"Hoosier 43075 16x7.5-10 R20, 7 inch rim",12551
78.31,583.808,-6.73,-379.92,-238.35,1.987,6.01,51.06,0.09,0.0282,1.594,12.17,44232.2,7.56,91.94,3.785,-0,-0.9998,117.36,117.92,117.83,24.96,Cornering,"Hoosier 43075 16x7.5-10 R20, 7 inch rim",12552
78.32,583.818,-6.27,-384.83,-240.82,1.995,6.71,51.46,0.09,0.026,1.598,12.12,44250.38,7.56,91.9,3.827,-0,-0.9998,117.38,117.92,117.73,24.97,Cornering,"Hoosier 43075 16x7.5-10 R20, 7 inch rim",12553
78.28,583.828,-5.16,-389.43,-242.64,1.996,6.97,51.14,-0.04,0.0213,1.605,12.05,-99306.2,7.56,91.89,3.862,-0,-1.0001,117.44,117.99,117.69,24.98,Cornering,"Hoosier 43075 16x7.5-10 R20, 7 inch rim",12554
78.3,583.838,-4.35,-393.34,-241.66,1.996,5.75,49.6,0.16,0.018,1.6277,12.01,25693.36,7.56,91.91,3.9,-0,-0.9997,117.44,117.99,117.69,24.98,Cornering,"Hoosier 43075 16x7.5-10 R20, 7 inch rim",12555
78.32,583.848,-2.59,-395.41,-239.72,1.995,5.11,48.76,0.09,0.0108,1.6495,12.03,44315.79,7.56,91.89,3.943,-0,-0.9998,117.42,118.01,117.79,25.01,Cornering,"Hoosier 43075 16x7.5-10 R20, 7 inch rim",12556
78.3,583.858,-1.82,-396.45,-236.32,1.999,3.3,47.51,0.03,0.0077,1.6776,12.08,159950.7,7.56,91.88,3.985,-0,-1,117.44,118.01,117.93,25.01,Cornering,"Hoosier 43075 16x7.5-10 R20, 7 inch rim",12557
78.28,583.868,-1.69,-396.85,-233.3,1.996,2.69,46.6,0.16,0.0072,1.701,12.11,25736.87,7.56,91.87,4.026,-0,-0.9997,117.42,118.01,118.13,25.03,Cornering,"Hoosier 43075 16x7.5-10 R20, 7 inch rim",12558
78.31,583.878,-2.71,-397.03,-231.84,1.995,3.74,46.08,0.03,0.0117,1.7125,12.12,159860.11,7.55,91.85,4.064,-0,-1,117.46,118.06,118.27,25,Cornering,"Hoosier 43075 16x7.5-10 R20, 7 inch rim",12559
78.32,583.888,-4.49,-398.42,-231.73,1.993,5.41,46.35,0.09,0.0194,1.7193,12.05,44295.72,7.55,91.87,4.112,-0,-0.9998,117.57,118.08,118.47,25,Cornering,"Hoosier 43075 16x7.5-10 R20, 7 inch rim",12560
78.28,583.898,-6.54,-400.98,-233.29,1.983,7.81,46.54,0.03,0.028,1.7188,12,159804.75,7.55,91.87,4.15,-0,-1,117.61,118.12,118.66,25,Cornering,"Hoosier 43075 16x7.5-10 R20, 7 inch rim",12561
78.3,583.908,-8.1,-405.61,-235.69,2.005,8.51,46.97,0.16,0.0344,1.7209,11.96,25713.14,7.55,91.89,4.197,-0,-0.9997,117.66,118.14,118.88,25.01,Cornering,"Hoosier 43075 16x7.5-10 R20, 7 inch rim",12562
78.32,583.918,-8.28,-411.11,-238.62,2.002,8.92,47.72,0.16,0.0347,1.7228,11.97,25711.78,7.55,91.92,4.236,-0,-0.9997,117.68,118.14,119.06,25.01,Cornering,"Hoosier 43075 16x7.5-10 R20, 7 inch rim",12563
78.29,583.928,-7.96,-416.74,-241.6,1.99,9.54,47.92,0.09,0.033,1.7249,12.04,44295.89,7.55,91.94,4.28,-0,-0.9998,117.68,118.12,119.18,25.01,Cornering,"Hoosier 43075 16x7.5-10 R20, 7 inch rim",12564
78.29,583.938,-6.8,-421.86,-242.49,1.998,7.81,47.73,0.09,0.028,1.7397,12.11,44273.86,7.54,91.93,4.304,-0,-0.9998,117.68,118.21,119.36,25,Cornering,"Hoosier 43075 16x7.5-10 R20, 7 inch rim",12565
78.31,583.948,-5.4,-425.4,-242.6,1.976,7.32,46.75,0.09,0.0223,1.7535,12.13,44240.14,7.55,91.92,4.352,-0,-0.9998,117.68,118.28,119.48,24.98,Cornering,"Hoosier 43075 16x7.5-10 R20, 7 inch rim",12566
78.32,583.958,-3.96,-427.67,-240.54,1.999,5.37,45.72,0.09,0.0165,1.778,12.09,44217.1,7.54,91.92,4.392,-0,-0.9998,117.68,118.39,119.52,24.97,Cornering,"Hoosier 43075 16x7.5-10 R20, 7 inch rim",12567
78.29,583.968,-2.88,-427.76,-237.43,1.996,4.55,44.7,0.16,0.0121,1.8016,12.03,25651.14,7.54,91.94,4.43,-0,-0.9997,117.68,118.43,119.65,24.96,Cornering,"Hoosier 43075 16x7.5-10 R20, 7 inch rim",12568
78.29,583.978,-2.12,-426.6,-233.98,1.99,4.41,44.54,0.03,0.0091,1.8233,11.98,159436.61,7.54,91.95,4.472,-0,-1,117.74,118.47,119.73,24.95,Cornering,"Hoosier 43075 16x7.5-10 R20, 7 inch rim",12569
78.32,583.988,-2.87,-425.73,-232.15,1.999,5.67,44.42,0.16,0.0124,1.8338,11.95,25642.32,7.54,91.95,4.508,-0,-0.9997,117.68,118.56,119.89,24.95,Cornering,"Hoosier 43075 16x7.5-10 R20, 7 inch rim",12570
78.31,583.998,-4.3,-425.72,-231.4,1.987,7.55,45.01,0.09,0.0186,1.8397,11.98,44206.76,7.54,91.96,4.553,-0,-0.9998,117.78,118.65,120.01,24.97,Cornering,"Hoosier 43075 16x7.5-10 R20, 7 inch rim",12571
78.28,584.008,-5.99,-427.82,-233.57,1.99,10.61,45.96,0.23,0.0256,1.8316,12.04,18073.5,7.54,91.96,4.598,-0,-0.9996,117.89,118.67,120.11,24.97,Cornering,"Hoosier 43075 16x7.5-10 R20, 7 inch rim",12572
78.3,584.018,-7.26,-431.64,-235.57,1.993,11.37,46.89,0.09,0.0308,1.8323,12.1,44211.39,7.54,91.96,4.639,-0,-0.9998,118,118.69,120.23,24.97,Cornering,"Hoosier 43075 16x7.5-10 R20, 7 inch rim",12573
78.32,584.028,-7.44,-437.01,-238.13,1.996,11.12,47.96,0.03,0.0313,1.8352,12.11,159535.5,7.53,91.95,4.681,-0,-1,118.06,118.76,120.29,24.97,Cornering,"Hoosier 43075 16x7.5-10 R20, 7 inch rim",12574
78.29,584.038,-7.18,-443.91,-241.4,1.995,9.89,48.09,0.09,0.0298,1.8389,12.1,44195.3,7.53,91.99,4.727,-0,-0.9998,118.21,118.72,120.35,24.97,Cornering,"Hoosier 43075 16x7.5-10 R20, 7 inch rim",12575
78.28,584.048,-6.35,-449.43,-243.97,1.998,9.65,47.71,0.09,0.026,1.8422,12.04,44213.21,7.53,92.02,4.765,-0,-0.9998,118.32,118.72,120.49,24.98,Cornering,"Hoosier 43075 16x7.5-10 R20, 7 inch rim",12576
78.31,584.058,-5.39,-453.49,-243.32,1.99,7.46,46.27,0.09,0.0222,1.8637,11.97,44210.38,7.53,92.04,4.807,-0,-0.9998,118.36,118.8,120.6,24.98,Cornering,"Hoosier 43075 16x7.5-10 R20, 7 inch rim",12577
78.31,584.068,-3.95,-455.38,-242.55,1.995,7.19,45.18,0.16,0.0163,1.8774,11.96,25665.16,7.53,92.1,4.841,-0,-0.9997,118.41,118.89,120.72,24.98,Cornering,"Hoosier 43075 16x7.5-10 R20, 7 inch rim",12578
78.28,584.078,-2.78,-455.34,-239,2.002,5.43,43.9,0.09,0.0116,1.9052,12.01,44216.1,7.53,92.15,4.873,-0,-0.9998,118.49,118.98,120.78,24.98,Cornering,"Hoosier 43075 16x7.5-10 R20, 7 inch rim",12579
78.3,584.088,-2.26,-453.24,-235.73,1.993,5.92,42.93,0.09,0.0096,1.9227,12.08,44212.71,7.53,92.15,4.921,-0,-0.9998,118.49,119,120.88,24.98,Cornering,"Hoosier 43075 16x7.5-10 R20, 7 inch rim",12580
78.32,584.098,-2.36,-451.28,-233.39,1.995,7.68,42.92,0.03,0.0101,1.9336,12.19,159539.69,7.52,92.17,4.963,-0,-1,118.49,118.98,120.96,24.98,Cornering,"Hoosier 43075 16x7.5-10 R20, 7 inch rim",12581
78.3,584.108,-3.84,-449.89,-232.04,1.987,10.06,42.78,0.09,0.0166,1.9388,12.22,44197.41,7.53,92.18,4.993,-0,-0.9998,118.54,119,121,24.98,Cornering,"Hoosier 43075 16x7.5-10 R20, 7 inch rim",12582
78.29,584.118,-5.51,-451.09,-232.65,1.983,11.97,43.58,0.03,0.0237,1.939,12.23,159482.86,7.53,92.19,5.04,-0,-1,118.62,119.09,121.06,24.98,Cornering,"Hoosier 43075 16x7.5-10 R20, 7 inch rim",12583
78.32,584.128,-7.01,-455.09,-234.67,1.992,12.77,44.59,0.09,0.0299,1.9393,12.17,44161.02,7.52,92.21,5.072,-0,-0.9998,118.71,119.2,121.08,24.96,Cornering,"Hoosier 43075 16x7.5-10 R20, 7 inch rim",12584
78.31,584.138,-7.81,-461.05,-238.07,1.993,12.49,45.42,0.03,0.0328,1.9366,12.08,159388.36,7.52,92.24,5.119,-0,-1,118.81,119.22,121.16,24.97,Cornering,"Hoosier 43075 16x7.5-10 R20, 7 inch rim",12585
78.28,584.148,-7.57,-467.79,-241.79,1.996,12.06,46.18,0.23,0.0313,1.9347,12.01,18065.97,7.52,92.23,5.159,-0,-0.9996,118.86,119.27,121.22,24.98,Cornering,"Hoosier 43075 16x7.5-10 R20, 7 inch rim",12586
78.3,584.158,-6.65,-474.55,-244.38,1.987,10.22,46.42,0.09,0.0272,1.9418,12,44202.47,7.52,92.19,5.206,-0,-0.9998,118.94,119.29,121.28,24.99,Cornering,"Hoosier 43075 16x7.5-10 R20, 7 inch rim",12587
78.32,584.168,-5.39,-478.87,-245.8,1.996,9.53,45.93,0.03,0.0219,1.9482,12.05,159541.86,7.51,92.15,5.238,-0,-1,118.96,119.29,121.32,25,Cornering,"Hoosier 43075 16x7.5-10 R20, 7 inch rim",12588
78.3,584.178,-3.95,-480.16,-244.17,1.992,8.08,44.79,0.09,0.0162,1.9665,12.1,44196.4,7.51,92.1,5.288,-0,-0.9998,119.03,119.4,121.4,24.99,Cornering,"Hoosier 43075 16x7.5-10 R20, 7 inch rim",12589
78.28,584.188,-2.85,-479.3,-241.38,1.992,7.66,43.35,-0.04,0.0118,1.9856,12.17,-99093.2,7.51,92.07,5.312,-0,-1.0001,119.07,119.42,121.42,24.98,Cornering,"Hoosier 43075 16x7.5-10 R20, 7 inch rim",12590
78.31,584.198,-1.9,-476.29,-237.34,1.98,7.94,42.56,0.09,0.008,2.0068,12.17,44160.69,7.52,92.04,5.354,-0,-0.9998,119.09,119.46,121.46,24.97,Cornering,"Hoosier 43075 16x7.5-10 R20, 7 inch rim",12591
78.32,584.208,-1.45,-472.97,-234.39,1.998,9.79,42.71,0.16,0.0062,2.0178,12.13,25617.56,7.51,92.04,5.405,-0,-0.9997,119.11,119.42,121.52,24.96,Cornering,"Hoosier 43075 16x7.5-10 R20, 7 inch rim",12592
78.29,584.218,-2.44,-471.12,-232.78,1.99,12.04,42.88,0.16,0.0105,2.0239,12.06,25591.98,7.51,92.05,5.445,-0,-0.9997,119.16,119.53,121.59,24.94,Cornering,"Hoosier 43075 16x7.5-10 R20, 7 inch rim",12593
78.3,584.228,-4.3,-472.2,-233.18,2.001,13.76,43.38,0.09,0.0184,2.025,12.02,44090.44,7.51,92.03,5.468,-0,-0.9998,119.22,119.6,121.65,24.94,Cornering,"Hoosier 43075 16x7.5-10 R20, 7 inch rim",12594
78.32,584.238,-6.19,-476.64,-234.94,1.987,13.73,44.01,0.23,0.0263,2.0288,12.06,18025.45,7.51,92.03,5.521,-0,-0.9996,119.29,119.66,121.67,24.94,Cornering,"Hoosier 43075 16x7.5-10 R20, 7 inch rim",12595
78.3,584.248,-6.9,-482.92,-238.49,1.998,13.68,45.22,0.09,0.0289,2.0249,12.12,44104.02,7.51,92.05,5.557,-0,-0.9998,119.37,119.71,121.73,24.95,Cornering,"Hoosier 43075 16x7.5-10 R20, 7 inch rim",12596
78.29,584.258,-7.21,-490.14,-241.57,1.995,12.17,45.52,0.03,0.0299,2.029,12.22,159183.58,7.5,92.09,5.597,-0,-1,119.48,119.75,121.81,24.96,Cornering,"Hoosier 43075 16x7.5-10 R20, 7 inch rim",12597
78.31,584.268,-6.89,-497.19,-244.8,1.987,10.75,45.43,-0.04,0.0281,2.0311,12.24,-98965.77,7.5,92.12,5.649,-0,-1.0001,119.48,119.79,121.91,24.96,Cornering,"Hoosier 43075 16x7.5-10 R20, 7 inch rim",12598
78.33,584.278,-5.81,-501.65,-246.04,1.982,10.05,44.87,0.09,0.0236,2.0389,12.23,44104.39,7.5,92.15,5.682,-0,-0.9998,119.65,119.9,121.99,24.96,Cornering,"Hoosier 43075 16x7.5-10 R20, 7 inch rim",12599
78.29,584.288,-4.68,-503.07,-245.3,1.985,10,43.47,0.16,0.0191,2.0508,12.18,25609.21,7.5,92.15,5.719,-0,-0.9997,119.72,119.95,122.05,24.97,Cornering,"Hoosier 43075 16x7.5-10 R20, 7 inch rim",12600
78.29,584.298,-3.51,-501.46,-242.14,1.993,9.55,41.87,0.16,0.0145,2.071,12.1,25618.95,7.5,92.14,5.765,-0,-0.9997,119.76,119.99,122.05,24.98,Cornering,"Hoosier 43075 16x7.5-10 R20, 7 inch rim",12601
78.32,584.308,-2.44,-497.99,-238.19,1.99,10.2,40.72,0.09,0.0103,2.0908,12.03,44157.04,7.5,92.12,5.791,-0,-0.9998,119.78,120.06,122.09,24.99,Cornering,"Hoosier 43075 16x7.5-10 R20, 7 inch rim",12602
78.31,584.318,-2.33,-494.06,-234.48,1.998,11.41,40.01,0.03,0.0099,2.1071,12.05,159404.14,7.5,92.09,5.855,-0,-1,119.87,120.04,122.17,25,Cornering,"Hoosier 43075 16x7.5-10 R20, 7 inch rim",12603
78.28,584.328,-2.61,-492.08,-232.16,1.986,12.4,40.42,0.09,0.0112,2.1196,12.11,44150.69,7.5,92.11,5.868,-0,-0.9998,119.82,120.12,122.25,24.99,Cornering,"Hoosier 43075 16x7.5-10 R20, 7 inch rim",12604
78.3,584.338,-4.39,-492.98,-232.87,1.989,14.4,40.7,0.09,0.0189,2.1169,12.19,44127,7.5,92.12,5.906,-0,-0.9998,119.87,120.26,122.35,24.98,Cornering,"Hoosier 43075 16x7.5-10 R20, 7 inch rim",12605
78.33,584.348,-5.89,-496.99,-234.68,1.999,14.54,41.71,0.09,0.0251,2.1178,12.25,44092.46,7.5,92.17,5.952,-0,-0.9998,120.02,120.34,122.41,24.96,Cornering,"Hoosier 43075 16x7.5-10 R20, 7 inch rim",12606
78.29,584.358,-7.1,-503.55,-237.85,1.982,14.11,42.49,0.16,0.0298,2.1171,12.26,25596.25,7.5,92.18,5.99,-0,-0.9997,120.12,120.48,122.47,24.97,Cornering,"Hoosier 43075 16x7.5-10 R20, 7 inch rim",12607
78.29,584.368,-7.6,-510.63,-241.36,1.998,13.09,43.14,0.09,0.0315,2.1156,12.2,44095.08,7.49,92.17,6.043,-0,-0.9998,120.17,120.61,122.56,24.97,Cornering,"Hoosier 43075 16x7.5-10 R20, 7 inch rim",12608
78.32,584.378,-7.12,-517.69,-244.17,1.986,11.65,43.48,0.16,0.0292,2.1202,12.11,25597.82,7.49,92.18,6.078,-0,-0.9997,120.21,120.67,122.68,24.97,Cornering,"Hoosier 43075 16x7.5-10 R20, 7 inch rim",12609
78.32,584.388,-6.28,-522.28,-246.63,1.99,11.88,43.31,0.09,0.0254,2.1177,12.03,44099.07,7.49,92.16,6.116,-0,-0.9998,120.27,120.74,122.76,24.97,Cornering,"Hoosier 43075 16x7.5-10 R20, 7 inch rim",12610
78.28,584.398,-4.72,-524.15,-246.26,1.99,11.26,42.74,0.16,0.0192,2.1285,11.99,25611.78,7.49,92.15,6.156,-0,-0.9997,120.32,120.81,122.82,24.99,Cornering,"Hoosier 43075 16x7.5-10 R20, 7 inch rim",12611
78.3,584.408,-3.62,-522.36,-243.75,1.998,11.5,41.32,0.16,0.0149,2.1431,12.02,25603.75,7.49,92.15,6.197,-0,-0.9997,120.34,120.81,122.88,24.98,Cornering,"Hoosier 43075 16x7.5-10 R20, 7 inch rim",12612
78.32,584.418,-2.61,-518.88,-239.87,1.987,11.62,40.01,0.09,0.0109,2.1632,12.11,44129.44,7.49,92.14,6.237,-0,-0.9998,120.32,120.87,122.84,25,Cornering,"Hoosier 43075 16x7.5-10 R20, 7 inch rim",12613
78.29,584.428,-2.41,-514.65,-235.94,1.992,12.18,39,0.16,0.0102,2.1812,12.22,25617.41,7.48,92.15,6.279,-0,-0.9997,120.4,120.89,122.8,25,Cornering,"Hoosier 43075 16x7.5-10 R20, 7 inch rim",12614
78.29,584.438,-2.22,-511.85,-234.55,1.982,14.93,39.51,0.09,0.0095,2.1822,12.25,44122.36,7.49,92.15,6.317,-0,-0.9998,120.4,120.94,122.82,25,Cornering,"Hoosier 43075 16x7.5-10 R20, 7 inch rim",12615
78.31,584.448,-3.54,-512.36,-233.68,1.995,15.34,39.91,0.16,0.0151,2.1926,12.24,25589.75,7.48,92.15,6.355,-0,-0.9997,120.53,121.03,122.84,24.98,Cornering,"Hoosier 43075 16x7.5-10 R20, 7 inch rim",12616
78.32,584.458,-5,-515.88,-235.54,1.995,16.08,40.78,0.09,0.0212,2.1902,12.19,44084.51,7.48,92.13,6.398,-0,-0.9998,120.68,121.16,122.86,24.98,Cornering,"Hoosier 43075 16x7.5-10 R20, 7 inch rim",12617
78.28,584.468,-6.47,-521.53,-238.52,1.987,15.84,41.43,0.09,0.0271,2.1866,12.12,44050.86,7.48,92.15,6.431,-0,-0.9998,120.81,121.29,122.94,24.96,Cornering,"Hoosier 43075 16x7.5-10 R20, 7 inch rim",12618
78.3,584.478,-7.32,-528.94,-241.53,1.999,14.18,41.88,-0.04,0.0303,2.19,12.06,-98785.12,7.48,92.15,6.474,-0,-1.0001,120.94,121.4,122.98,24.96,Cornering,"Hoosier 43075 16x7.5-10 R20, 7 inch rim",12619
78.32,584.488,-6.81,-535.83,-244.86,1.996,13.42,42.47,0.09,0.0278,2.1883,12.06,44011.72,7.48,92.12,6.524,-0,-0.9998,121.02,121.6,123.06,24.94,Cornering,"Hoosier 43075 16x7.5-10 R20, 7 inch rim",12620
78.3,584.498,-5.94,-540.58,-247.2,1.995,12.97,42.5,0.03,0.024,2.1868,12.11,158812.12,7.47,92.1,6.562,-0,-1,121.09,121.71,123.14,24.94,Cornering,"Hoosier 43075 16x7.5-10 R20, 7 inch rim",12621
78.28,584.508,-4.88,-541.65,-247.33,1.995,13.42,41.28,0.09,0.0197,2.19,12.17,43994.26,7.47,92.09,6.602,-0,-0.9998,121.13,121.75,123.16,24.94,Cornering,"Hoosier 43075 16x7.5-10 R20, 7 inch rim",12622
78.31,584.518,-3.98,-539.67,-245.11,1.977,13.16,39.41,0.16,0.0162,2.2017,12.19,25533.44,7.48,92.06,6.634,-0,-0.9997,121.17,121.86,123.16,24.94,Cornering,"Hoosier 43075 16x7.5-10 R20, 7 inch rim",12623
78.32,584.528,-2.91,-535.3,-241.29,1.993,12.32,37.98,0.09,0.0121,2.2185,12.16,43987.48,7.47,92.05,6.675,-0,-0.9998,121.22,121.95,123.12,24.94,Cornering,"Hoosier 43075 16x7.5-10 R20, 7 inch rim",12624
78.29,584.538,-2.3,-530.39,-238.15,1.985,13.7,36.9,-0.04,0.0097,2.2272,12.09,-98687.61,7.47,92.08,6.723,-0,-1.0001,121.28,121.97,123.06,24.94,Cornering,"Hoosier 43075 16x7.5-10 R20, 7 inch rim",12625
78.29,584.548,-2.61,-527.04,-235.61,1.989,14.96,36.51,0.16,0.0111,2.2369,12.03,25545.01,7.47,92.08,6.748,-0,-0.9997,121.35,122.02,123.04,24.96,Cornering,"Hoosier 43075 16x7.5-10 R20, 7 inch rim",12626
78.33,584.558,-3.46,-527.06,-234.83,1.992,15.85,36.98,0.09,0.0148,2.2444,11.97,44048.11,7.47,92.09,6.791,-0,-0.9998,121.37,122.11,123.02,24.98,Cornering,"Hoosier 43075 16x7.5-10 R20, 7 inch rim",12627
78.31,584.568,-5.33,-530.11,-236.21,1.983,16.96,37.51,0.09,0.0226,2.2442,12.02,44054.91,7.47,92.07,6.827,-0,-0.9998,121.47,122.3,123.02,24.98,Cornering,"Hoosier 43075 16x7.5-10 R20, 7 inch rim",12628
78.29,584.578,-6.65,-536.12,-238.49,1.99,16.72,38.69,0.03,0.0279,2.248,12.07,158964.41,7.47,92.07,6.874,-0,-1,121.69,122.48,123.06,24.98,Cornering,"Hoosier 43075 16x7.5-10 R20, 7 inch rim",12629
78.32,584.588,-7.72,-543.04,-241.42,1.992,15.27,39.15,0.16,0.032,2.2494,12.14,25535.16,7.47,92.09,6.926,-0,-0.9997,121.84,122.57,123.1,24.96,Cornering,"Hoosier 43075 16x7.5-10 R20, 7 inch rim",12630
78.33,584.598,-7.41,-549.65,-244.4,1.996,14.07,39.72,0.09,0.0303,2.249,12.16,43939.61,7.46,92.09,6.963,-0,-0.9998,122.01,122.72,123.18,24.93,Cornering,"Hoosier 43075 16x7.5-10 R20, 7 inch rim",12631
78.3,584.608,-6.38,-554.38,-246.85,1.986,13.55,39.85,0.16,0.0259,2.2459,12.16,25495.29,7.47,92.11,7.002,-0,-0.9997,122.12,122.88,123.26,24.92,Cornering,"Hoosier 43075 16x7.5-10 R20, 7 inch rim",12632
78.3,584.618,-5.24,-555.91,-247.8,1.993,13.8,39,0.03,0.0211,2.2434,12.08,158536.91,7.46,92.11,7.042,-0,-1,122.27,123.01,123.34,24.93,Cornering,"Hoosier 43075 16x7.5-10 R20, 7 inch rim",12633
78.34,584.628,-4.06,-553.45,-246.83,1.993,14.34,37.56,0.16,0.0165,2.2423,12.04,25526.29,7.46,92.1,7.082,-0,-0.9997,122.38,123.1,123.38,24.96,Cornering,"Hoosier 43075 16x7.5-10 R20, 7 inch rim",12634
78.33,584.638,-2.91,-548.87,-244.29,2.001,14.42,36.11,0.03,0.0119,2.2468,12,158764.78,7.46,92.09,7.126,-0,-1,122.46,123.18,123.38,24.97,Cornering,"Hoosier 43075 16x7.5-10 R20, 7 inch rim",12635
78.3,584.648,-2,-543.5,-241.18,1.993,15.27,35.29,0.09,0.0083,2.2535,12.02,44012.34,7.46,92.09,7.158,-0,-0.9998,122.46,123.18,123.38,24.98,Cornering,"Hoosier 43075 16x7.5-10 R20, 7 inch rim",12636
78.32,584.658,-2.05,-540.14,-238.44,1.985,16.04,35.01,0.16,0.0086,2.2653,12.06,25519.33,7.46,92.1,7.202,-0,-0.9997,122.59,123.25,123.42,24.96,Cornering,"Hoosier 43075 16x7.5-10 R20, 7 inch rim",12637
78.34,584.668,-2.33,-539.74,-237.14,2.005,16.95,36.19,0.09,0.0098,2.2761,12.13,43922.45,7.46,92.14,7.24,-0,-0.9998,122.63,123.34,123.42,24.93,Cornering,"Hoosier 43075 16x7.5-10 R20, 7 inch rim",12638
78.32,584.678,-4.37,-543.44,-236.96,1.986,17.12,36.35,0.16,0.0184,2.2934,12.19,25491.77,7.46,92.17,7.268,-0,-0.9997,122.78,123.45,123.42,24.93,Cornering,"Hoosier 43075 16x7.5-10 R20, 7 inch rim",12639
78.31,584.688,-6.03,-548.84,-238.65,1.993,17.32,37.33,0.16,0.0253,2.2998,12.19,25494.91,7.46,92.21,7.315,-0,-0.9997,122.87,123.71,123.44,24.94,Cornering,"Hoosier 43075 16x7.5-10 R20, 7 inch rim",12640
78.34,584.698,-7.01,-555.92,-241.43,1.992,16.23,38.13,0.09,0.029,2.3026,12.17,43920.27,7.46,92.26,7.361,-0,-0.9998,123,123.87,123.49,24.94,Cornering,"Hoosier 43075 16x7.5-10 R20, 7 inch rim",12641
78.34,584.708,-6.86,-562.53,-244,1.992,14.98,38.85,0.16,0.0281,2.3055,12.09,25477.78,7.45,92.31,7.404,-0,-0.9997,123.11,124.02,123.59,24.93,Cornering,"Hoosier 43075 16x7.5-10 R20, 7 inch rim",12642
78.31,584.718,-6.46,-567.29,-246.33,1.998,14.05,38.48,0.16,0.0262,2.303,12,25469.96,7.45,92.34,7.436,-0,-0.9997,123.23,124.22,123.65,24.92,Cornering,"Hoosier 43075 16x7.5-10 R20, 7 inch rim",12643
78.34,584.728,-5.59,-568.77,-248.51,1.999,15.38,37.54,0.23,0.0225,2.2888,11.97,17940.25,7.45,92.35,7.474,-0,-0.9996,123.3,124.44,123.65,24.92,Cornering,"Hoosier 43075 16x7.5-10 R20, 7 inch rim",12644
78.36,584.738,-4.44,-566.77,-247.92,2.002,14.93,35.9,0.03,0.0179,2.2861,11.99,158400.8,7.45,92.34,7.514,-0,-1,123.43,124.57,123.69,24.93,Cornering,"Hoosier 43075 16x7.5-10 R20, 7 inch rim",12645
78.33,584.748,-3.05,-561.21,-246.22,1.996,15.72,34.55,0.16,0.0124,2.2793,12.07,25485.93,7.45,92.36,7.563,-0,-0.9997,123.56,124.7,123.61,24.94,Cornering,"Hoosier 43075 16x7.5-10 R20, 7 inch rim",12646
78.33,584.758,-2.45,-555.68,-243.67,1.992,16.05,33.14,0.03,0.0101,2.2804,12.17,158440.17,7.45,92.35,7.605,-0,-1,123.58,124.79,123.63,24.94,Cornering,"Hoosier 43075 16x7.5-10 R20, 7 inch rim",12647
78.36,584.768,-2.11,-551.56,-240.76,1.986,16.73,32.84,0.03,0.0087,2.2909,12.21,158353.41,7.45,92.35,7.639,-0,-1,123.68,124.9,123.59,24.93,Cornering,"Hoosier 43075 16x7.5-10 R20, 7 inch rim",12648
78.36,584.778,-2.41,-550.67,-238.86,1.983,17.05,33.4,0.16,0.0101,2.3055,12.19,25467.04,7.45,92.39,7.678,-0,-0.9997,123.75,124.99,123.65,24.93,Cornering,"Hoosier 43075 16x7.5-10 R20, 7 inch rim",12649
78.32,584.788,-3.96,-553.15,-239.04,1.985,18.46,33.94,0.09,0.0166,2.314,12.13,43902.63,7.45,92.4,7.724,-0,-0.9998,123.88,125.16,123.67,24.95,Cornering,"Hoosier 43075 16x7.5-10 R20, 7 inch rim",12650
78.34,584.798,-5.53,-558.42,-239.88,1.99,18.15,34.95,0.09,0.023,2.3279,12.05,43950.08,7.45,92.39,7.756,-0,-0.9998,124.03,125.36,123.73,24.98,Cornering,"Hoosier 43075 16x7.5-10 R20, 7 inch rim",12651
78.36,584.808,-6.95,-565.22,-241.48,1.993,16.76,35.55,0.16,0.0288,2.3407,12,25542.84,7.44,92.4,7.791,-0,-0.9997,124.26,125.56,123.79,25.01,Cornering,"Hoosier 43075 16x7.5-10 R20, 7 inch rim",12652
78.35,584.818,-7.27,-571.68,-244.35,1.996,15.99,36.19,0.03,0.0298,2.3395,12.01,158645.75,7.44,92.41,7.834,-0,-1,124.44,125.69,123.91,24.99,Cornering,"Hoosier 43075 16x7.5-10 R20, 7 inch rim",12653
78.33,584.828,-6.71,-576.75,-246.46,1.995,14.57,36.24,0.16,0.0272,2.3401,12.06,25478.49,7.44,92.4,7.872,-0,-0.9997,124.59,125.8,124.03,24.96,Cornering,"Hoosier 43075 16x7.5-10 R20, 7 inch rim",12654
78.36,584.838,-5.27,-578.53,-249.03,1.996,15.73,36.27,0.16,0.0212,2.3231,12.12,25439.8,7.44,92.38,7.923,-0,-0.9997,124.76,125.98,124.11,24.92,Cornering,"Hoosier 43075 16x7.5-10 R20, 7 inch rim",12655
78.37,584.848,-3.97,-576.95,-249.31,1.986,16.34,35.04,0.16,0.0159,2.3142,12.14,25425.67,7.44,92.32,7.958,-0,-0.9997,124.89,126.07,124.15,24.91,Cornering,"Hoosier 43075 16x7.5-10 R20, 7 inch rim",12656
78.34,584.858,-2.78,-572.47,-248.42,1.995,16.85,33.5,0.16,0.0112,2.3044,12.13,25428.74,7.44,92.29,8.003,-0,-0.9997,124.97,126.24,124.07,24.92,Cornering,"Hoosier 43075 16x7.5-10 R20, 7 inch rim",12657
78.35,584.868,-2.3,-566.79,-245.87,1.99,17.3,31.85,0.16,0.0094,2.3052,12.06,25444.73,7.44,92.26,8.03,-0,-0.9997,125.04,126.31,124.07,24.93,Cornering,"Hoosier 43075 16x7.5-10 R20, 7 inch rim",12658
78.37,584.878,-1.61,-562.65,-243.14,1.977,17.69,31.4,0.16,0.0066,2.3141,12.01,25465.69,7.44,92.26,8.071,-0,-0.9997,125.14,126.4,124.03,24.96,Cornering,"Hoosier 43075 16x7.5-10 R20, 7 inch rim",12659
78.37,584.888,-1.69,-561.5,-240.53,1.989,17.96,31.94,0.16,0.007,2.3345,11.97,25457.25,7.44,92.24,8.11,-0,-0.9997,125.21,126.53,124.03,24.95,Cornering,"Hoosier 43075 16x7.5-10 R20, 7 inch rim",12660
78.34,584.898,-3.22,-563.36,-240.11,1.987,18.78,32.38,0.16,0.0134,2.3463,12.01,25454.16,7.44,92.27,8.157,-0,-0.9997,125.38,126.68,124.05,24.95,Cornering,"Hoosier 43075 16x7.5-10 R20, 7 inch rim",12661
78.37,584.908,-4.81,-568.49,-240.67,1.996,18.41,33.17,0.23,0.02,2.3621,12.06,17924.53,7.44,92.33,8.202,-0,-0.9996,125.57,126.9,124.09,24.94,Cornering,"Hoosier 43075 16x7.5-10 R20, 7 inch rim",12662
78.38,584.918,-6.47,-573.88,-241.82,1.983,17.57,33.76,0.16,0.0268,2.3732,12.13,25425.4,7.44,92.36,8.235,-0,-0.9997,125.74,127.06,124.15,24.93,Cornering,"Hoosier 43075 16x7.5-10 R20, 7 inch rim",12663
78.35,584.928,-7.21,-579.43,-244.34,1.995,17,34.13,0.09,0.0295,2.3714,12.15,43790.11,7.43,92.39,8.278,-0,-0.9998,125.98,127.21,124.27,24.92,Cornering,"Hoosier 43075 16x7.5-10 R20, 7 inch rim",12664
78.35,584.938,-7.06,-584,-246.95,1.982,16.59,34.15,0.09,0.0286,2.3648,12.14,43776.14,7.44,92.37,8.311,-0,-0.9998,126.17,127.3,124.39,24.92,Cornering,"Hoosier 43075 16x7.5-10 R20, 7 inch rim",12665
78.38,584.948,-6.12,-586.28,-249.04,1.995,16.53,33.91,0.16,0.0246,2.3542,12.08,25410.98,7.43,92.36,8.362,-0,-0.9997,126.26,127.5,124.52,24.92,Cornering,"Hoosier 43075 16x7.5-10 R20, 7 inch rim",12666
78.37,584.958,-4.82,-585.16,-250.08,1.998,17.42,33.05,0.16,0.0193,2.3399,12.03,25390.84,7.43,92.35,8.398,-0,-0.9997,126.39,127.72,124.58,24.9,Cornering,"Hoosier 43075 16x7.5-10 R20, 7 inch rim",12667
78.34,584.968,-4.12,-581.43,-250.13,2.004,18.14,31.18,0.09,0.0165,2.3245,11.98,43760.68,7.43,92.37,8.444,-0,-0.9998,126.5,127.87,124.58,24.92,Cornering,"Hoosier 43075 16x7.5-10 R20, 7 inch rim",12668
78.37,584.978,-3.15,-575.88,-248.14,1.995,18.42,29.84,0.16,0.0127,2.3208,11.97,25385.01,7.43,92.39,8.484,-0,-0.9997,126.6,127.96,124.56,24.9,Cornering,"Hoosier 43075 16x7.5-10 R20, 7 inch rim",12669
78.37,584.988,-2.31,-570.82,-245.54,1.989,18.51,29.22,0.09,0.0094,2.3248,12.02,43752.79,7.43,92.41,8.511,-0,-0.9998,126.69,128.18,124.56,24.92,Cornering,"Hoosier 43075 16x7.5-10 R20, 7 inch rim",12670
78.36,584.998,-2.17,-568.57,-243.4,2.002,18.44,29.38,0.09,0.0089,2.3359,12.06,43736.34,7.43,92.41,8.564,-0,-0.9998,126.8,128.25,124.56,24.91,Cornering,"Hoosier 43075 16x7.5-10 R20, 7 inch rim",12671
78.34,585.008,-2.74,-569.52,-242.26,1.998,18.96,30.21,0.23,0.0113,2.3509,12.1,17893.3,7.43,92.4,8.595,-0,-0.9996,126.95,128.42,124.58,24.93,Cornering,"Hoosier 43075 16x7.5-10 R20, 7 inch rim",12672
78.37,585.018,-4.38,-573.1,-242.15,1.998,18.94,30.74,0.16,0.0181,2.3667,12.1,25403.91,7.43,92.41,8.638,-0,-0.9997,127.16,128.66,124.56,24.93,Cornering,"Hoosier 43075 16x7.5-10 R20, 7 inch rim",12673
78.37,585.028,-6.19,-578.67,-242.99,1.992,17.92,31.22,0.23,0.0255,2.3814,12.06,17902.14,7.43,92.4,8.67,-0,-0.9996,127.52,128.88,124.64,24.94,Cornering,"Hoosier 43075 16x7.5-10 R20, 7 inch rim",12674
78.34,585.038,-7,-584.04,-245.25,1.986,17.81,32.02,0.03,0.0285,2.3814,12,158061.25,7.43,92.4,8.711,-0,-1,127.83,129.02,124.74,24.96,Cornering,"Hoosier 43075 16x7.5-10 R20, 7 inch rim",12675
78.36,585.048,-7.08,-588.65,-247.46,1.996,17.5,32.51,0.16,0.0286,2.3787,11.96,25431.03,7.43,92.38,8.757,-0,-0.9997,128.04,129.1,124.9,24.97,Cornering,"Hoosier 43075 16x7.5-10 R20, 7 inch rim",12676
78.37,585.058,-6.82,-591.87,-249.08,1.996,17.24,32.18,0.16,0.0274,2.3762,11.94,25428.3,7.43,92.38,8.796,-0,-0.9997,128.21,129.22,125,24.97,Cornering,"Hoosier 43075 16x7.5-10 R20, 7 inch rim",12677
78.35,585.068,-5.88,-592.1,-250.65,1.983,18.21,31.18,0.03,0.0234,2.3623,11.99,158081.28,7.43,92.4,8.833,-0,-1,128.4,129.41,125.1,24.97,Cornering,"Hoosier 43075 16x7.5-10 R20, 7 inch rim",12678
78.34,585.078,-4.23,-588.85,-250.41,1.987,18.05,30.36,0.09,0.0169,2.3515,12.07,43790.93,7.43,92.4,8.87,-0,-0.9998,128.55,129.63,125.1,24.96,Cornering,"Hoosier 43075 16x7.5-10 R20, 7 inch rim",12679
78.36,585.088,-2.77,-583.42,-249.62,1.985,19.2,29.14,0.16,0.0111,2.3373,12.16,25419.94,7.43,92.38,8.913,-0,-0.9997,128.77,129.77,125.1,24.97,Cornering,"Hoosier 43075 16x7.5-10 R20, 7 inch rim",12680
78.36,585.098,-1.99,-578.07,-247.39,1.998,18.87,28.15,0.03,0.0081,2.3367,12.19,158100.56,7.42,92.39,8.955,-0,-1,128.88,129.96,125.12,24.98,Cornering,"Hoosier 43075 16x7.5-10 R20, 7 inch rim",12681
78.33,585.108,-1.71,-574.86,-244.98,1.985,18.72,27.72,0.16,0.007,2.3465,12.17,25449.68,7.42,92.45,8.992,-0,-0.9997,129.03,130.1,125.14,25,Cornering,"Hoosier 43075 16x7.5-10 R20, 7 inch rim",12682
78.34,585.118,-1.97,-574.61,-243.59,1.999,18.91,28.24,0.09,0.0081,2.3589,12.1,43861.99,7.42,92.49,9.035,-0,-0.9998,129.13,130.34,125.12,25.01,Cornering,"Hoosier 43075 16x7.5-10 R20, 7 inch rim",12683
78.37,585.128,-3.12,-577.09,-242.94,1.986,18.97,29.02,0.16,0.0128,2.3754,12.04,25455.54,7.42,92.55,9.074,-0,-0.9997,129.37,130.62,125.12,25.01,Cornering,"Hoosier 43075 16x7.5-10 R20, 7 inch rim",12684
78.34,585.138,-4.94,-581.44,-243.73,1.995,19.07,29.55,0.16,0.0203,2.3856,11.96,25435.02,7.42,92.58,9.112,-0,-0.9997,129.69,130.93,125.16,25,Cornering,"Hoosier 43075 16x7.5-10 R20, 7 inch rim",12685
78.32,585.148,-6.03,-586.37,-244.96,1.989,18.61,30.29,0.16,0.0246,2.3937,11.96,25402.06,7.42,92.58,9.16,-0,-0.9997,129.97,131.06,125.26,24.97,Cornering,"Hoosier 43075 16x7.5-10 R20, 7 inch rim",12686
78.35,585.158,-6.4,-591.43,-247.19,1.989,18.25,30.68,0.16,0.0259,2.3926,12,25381.84,7.42,92.58,9.194,-0,-0.9997,130.23,131.15,125.4,24.95,Cornering,"Hoosier 43075 16x7.5-10 R20, 7 inch rim",12687
78.36,585.168,-6.44,-595.11,-249.15,1.996,18.17,30.43,0.16,0.0259,2.3886,12.08,25355.19,7.42,92.6,9.236,-0,-0.9997,130.42,131.22,125.53,24.93,Cornering,"Hoosier 43075 16x7.5-10 R20, 7 inch rim",12688
78.33,585.178,-5.53,-596.45,-250.68,1.99,18.7,29.88,0.03,0.0221,2.3794,12.15,157700.58,7.42,92.62,9.27,-0,-1,130.55,131.42,125.67,24.94,Cornering,"Hoosier 43075 16x7.5-10 R20, 7 inch rim",12689
78.34,585.188,-4.58,-594.41,-251.62,1.999,19.37,28.52,0.09,0.0182,2.3623,12.17,43704.62,7.42,92.63,9.314,-0,-0.9998,130.66,131.64,125.69,24.94,Cornering,"Hoosier 43075 16x7.5-10 R20, 7 inch rim",12690
78.36,585.198,-3.56,-589.3,-250.55,1.992,19.57,27.09,0.16,0.0142,2.3521,12.13,25369.7,7.42,92.65,9.357,-0,-0.9997,130.85,131.79,125.71,24.95,Cornering,"Hoosier 43075 16x7.5-10 R20, 7 inch rim",12691
78.34,585.208,-2.4,-584.37,-248.78,1.985,19.24,26.1,0.09,0.0097,2.3489,12.06,43704.04,7.42,92.67,9.397,-0,-0.9998,131,131.99,125.67,24.95,Cornering,"Hoosier 43075 16x7.5-10 R20, 7 inch rim",12692
78.32,585.218,-2.09,-580.4,-246.35,1.982,18.69,25.59,0.09,0.0085,2.356,12,43699.2,7.42,92.68,9.435,-0,-0.9998,131.15,132.1,125.67,24.95,Cornering,"Hoosier 43075 16x7.5-10 R20, 7 inch rim",12693
78.34,585.228,-2.04,-579.7,-244.56,1.992,18.12,26.06,0.09,0.0083,2.3704,12,43733.82,7.42,92.72,9.48,-0,-0.9998,131.37,132.34,125.69,24.97,Cornering,"Hoosier 43075 16x7.5-10 R20, 7 inch rim",12694
78.36,585.238,-2.98,-581.43,-243.99,2.002,18.83,26.86,0.03,0.0122,2.383,12.06,157872.2,7.41,92.71,9.529,-0,-1,131.58,132.63,125.73,24.98,Cornering,"Hoosier 43075 16x7.5-10 R20, 7 inch rim",12695
78.32,585.248,-4.52,-585.61,-243.94,1.987,18.99,27.68,0.09,0.0185,2.4007,12.14,43743.94,7.42,92.74,9.558,-0,-0.9998,131.92,133,125.75,24.98,Cornering,"Hoosier 43075 16x7.5-10 R20, 7 inch rim",12696
78.31,585.258,-6.06,-590.4,-245.08,1.995,18.89,28.26,0.09,0.0247,2.409,12.19,43707.05,7.41,92.74,9.606,-0,-0.9998,132.16,133.2,125.85,24.97,Cornering,"Hoosier 43075 16x7.5-10 R20, 7 inch rim",12697
78.35,585.268,-6.58,-594.85,-247.42,2.001,19.67,28.84,0.16,0.0266,2.4042,12.18,25359.67,7.41,92.73,9.644,-0,-0.9997,132.37,133.35,126.05,24.96,Cornering,"Hoosier 43075 16x7.5-10 R20, 7 inch rim",12698
78.34,585.278,-6.63,-598.67,-249.3,1.996,19.12,28.85,-0.04,0.0266,2.4014,12.15,-98002.27,7.41,92.74,9.675,-0,-1.0001,132.5,133.38,126.23,24.96,Cornering,"Hoosier 43075 16x7.5-10 R20, 7 inch rim",12699
78.31,585.288,-5.73,-600.18,-250.65,1.992,18.67,28.62,0.03,0.0229,2.3945,12.07,157709.66,7.41,92.75,9.715,-0,-1,132.59,133.51,126.42,24.97,Cornering,"Hoosier 43075 16x7.5-10 R20, 7 inch rim",12700
78.33,585.298,-4.4,-598.57,-252.36,1.99,19.39,27.62,0.23,0.0175,2.3718,12,17874.75,7.41,92.73,9.754,-0,-0.9996,132.78,133.68,126.48,24.98,Cornering,"Hoosier 43075 16x7.5-10 R20, 7 inch rim",12701
78.35,585.308,-3.33,-594.38,-252.29,1.995,19.32,26.35,0.16,0.0132,2.356,12,25360.07,7.41,92.73,9.79,-0,-0.9997,132.95,133.86,126.48,24.97,Cornering,"Hoosier 43075 16x7.5-10 R20, 7 inch rim",12702
78.32,585.318,-2.28,-589.15,-251,2.004,18.81,24.87,0.09,0.0091,2.3472,12.06,43665.78,7.41,92.71,9.838,-0,-0.9998,133.15,133.97,126.42,24.96,Cornering,"Hoosier 43075 16x7.5-10 R20, 7 inch rim",12703
78.31,585.328,-1.63,-584.84,-249.14,1.989,18.82,24.18,0.09,0.0065,2.3474,12.11,43640.44,7.41,92.67,9.876,-0,-0.9998,133.38,134.12,126.44,24.95,Cornering,"Hoosier 43075 16x7.5-10 R20, 7 inch rim",12704
78.34,585.338,-1.65,-582.73,-247.14,1.998,18.75,24.19,0.09,0.0067,2.3579,12.15,43625.42,7.41,92.7,9.911,-0,-0.9998,133.6,134.28,126.5,24.94,Cornering,"Hoosier 43075 16x7.5-10 R20, 7 inch rim",12705
78.34,585.348,-2.5,-582.75,-246.07,1.99,19.51,24.61,0.09,0.0102,2.3682,12.14,43649.95,7.41,92.7,9.954,-0,-0.9998,133.88,134.5,126.54,24.96,Cornering,"Hoosier 43075 16x7.5-10 R20, 7 inch rim",12706
78.3,585.358,-3.97,-585.56,-245.31,1.987,19.46,25.46,0.09,0.0162,2.387,12.08,43705.83,7.41,92.68,9.99,-0,-0.9998,134.2,134.76,126.64,25,Cornering,"Hoosier 43075 16x7.5-10 R20, 7 inch rim",12707
78.32,585.368,-5.97,-589.56,-246.29,1.983,20.76,25.91,0.16,0.0242,2.3938,12.05,25375.58,7.41,92.68,10.039,-0,-0.9997,134.41,135.05,126.7,25.01,Cornering,"Hoosier 43075 16x7.5-10 R20, 7 inch rim",12708
78.34,585.378,-7.1,-594.19,-247.87,1.993,20.6,26.48,0.03,0.0286,2.3972,12.02,157825.78,7.41,92.67,10.073,-0,-1,134.63,135.14,126.9,25.02,Cornering,"Hoosier 43075 16x7.5-10 R20, 7 inch rim",12709
78.31,585.388,-6.91,-598.34,-249.41,1.989,19.67,26.97,0.16,0.0277,2.399,12.03,25370.38,7.41,92.67,10.103,-0,-0.9997,134.78,135.2,127.12,25.01,Cornering,"Hoosier 43075 16x7.5-10 R20, 7 inch rim",12710
78.3,585.398,-6.39,-601.24,-251.54,1.996,19.5,26.51,0.09,0.0254,2.3902,12.07,43683.73,7.41,92.64,10.149,-0,-0.9998,134.91,135.25,127.22,25,Cornering,"Hoosier 43075 16x7.5-10 R20, 7 inch rim",12711
78.33,585.408,-4.59,-600.9,-252.66,1.996,19.28,26.25,0.23,0.0182,2.3783,12.11,17845.62,7.41,92.62,10.198,-0,-0.9996,135.01,135.42,127.37,24.98,Cornering,"Hoosier 43075 16x7.5-10 R20, 7 inch rim",12712
78.33,585.418,-3.1,-597.92,-253.64,2.002,19.63,25.3,0.16,0.0122,2.3574,12.12,25324.61,7.4,92.6,10.232,-0,-0.9997,135.16,135.58,127.34,24.97,Cornering,"Hoosier 43075 16x7.5-10 R20, 7 inch rim",12713
78.3,585.428,-1.84,-592.5,-252.48,1.989,19.29,23.99,0.09,0.0073,2.3468,12.1,43607.05,7.41,92.62,10.262,-0,-0.9998,135.38,135.77,127.3,24.96,Cornering,"Hoosier 43075 16x7.5-10 R20, 7 inch rim",12714
78.31,585.438,-0.88,-587.31,-249.99,1.996,18.04,23.32,0.16,0.0035,2.3494,12.05,25312.14,7.4,92.67,10.312,-0,-0.9997,135.55,135.97,127.26,24.97,Cornering,"Hoosier 43075 16x7.5-10 R20, 7 inch rim",12715
78.34,585.448,-0.78,-583.75,-248.91,1.989,19.32,22.86,0.16,0.0031,2.3452,11.99,25315.3,7.41,92.73,10.345,-0,-0.9997,135.72,136.13,127.3,24.97,Cornering,"Hoosier 43075 16x7.5-10 R20, 7 inch rim",12716
78.31,585.458,-1.55,-582.39,-247.39,1.986,20.08,23,0.09,0.0063,2.3541,11.97,43579.63,7.41,92.78,10.384,-0,-0.9998,136,136.39,127.37,24.96,Cornering,"Hoosier 43075 16x7.5-10 R20, 7 inch rim",12717
78.3,585.468,-3.05,-584.29,-246.5,1.998,20.23,23.68,0.16,0.0124,2.3703,11.98,25278.44,7.4,92.78,10.435,-0,-0.9997,136.3,136.65,127.37,24.94,Cornering,"Hoosier 43075 16x7.5-10 R20, 7 inch rim",12718
78.32,585.478,-5,-588.15,-247.11,1.996,21.02,24.24,0.09,0.0203,2.3801,12.05,43555.94,7.4,92.82,10.478,-0,-0.9998,136.49,136.96,127.49,24.95,Cornering,"Hoosier 43075 16x7.5-10 R20, 7 inch rim",12719
78.34,585.488,-6.1,-592.78,-248.16,1.992,20.81,24.98,0.03,0.0246,2.3887,12.09,157123.47,7.4,92.84,10.517,-0,-1,136.62,137.12,127.61,24.94,Cornering,"Hoosier 43075 16x7.5-10 R20, 7 inch rim",12720
78.3,585.498,-6.59,-597.53,-250.17,1.987,20.6,25.11,0.16,0.0263,2.3885,12.13,25274.47,7.41,92.84,10.553,-0,-0.9997,136.79,137.14,127.79,24.95,Cornering,"Hoosier 43075 16x7.5-10 R20, 7 inch rim",12721
78.31,585.508,-6.38,-601.06,-251.89,1.987,19.7,24.67,0.16,0.0253,2.3862,12.11,25282.95,7.4,92.84,10.591,-0,-0.9997,136.86,137.14,128.03,24.96,Cornering,"Hoosier 43075 16x7.5-10 R20, 7 inch rim",12722
78.33,585.518,-5.17,-601.81,-252.92,1.99,19.04,24.1,0.16,0.0204,2.3795,12.06,25297.65,7.4,92.83,10.626,-0,-0.9997,136.94,137.29,128.17,24.98,Cornering,"Hoosier 43075 16x7.5-10 R20, 7 inch rim",12723
78.32,585.528,-3.63,-599.62,-253.89,1.996,18.77,23.37,0.16,0.0143,2.3617,12,25280.91,7.4,92.82,10.685,-0,-0.9997,137.09,137.49,128.23,24.97,Cornering,"Hoosier 43075 16x7.5-10 R20, 7 inch rim",12724
78.3,585.538,-3.06,-594.19,-253.61,1.999,19.61,21.46,0.16,0.0121,2.3429,11.94,25278.34,7.4,92.82,10.715,-0,-0.9997,137.37,137.71,128.13,24.97,Cornering,"Hoosier 43075 16x7.5-10 R20, 7 inch rim",12725
78.31,585.548,-2.37,-588.76,-252.46,1.987,20.16,20.35,0.09,0.0094,2.3321,11.95,43525.28,7.4,92.86,10.758,-0,-0.9998,137.61,137.89,128.15,24.96,Cornering,"Hoosier 43075 16x7.5-10 R20, 7 inch rim",12726
78.34,585.558,-1.57,-585.11,-250.25,1.996,19.72,20.52,0.09,0.0063,2.3381,11.98,43527.53,7.4,92.87,10.811,-0,-0.9998,137.89,138.06,128.13,24.96,Cornering,"Hoosier 43075 16x7.5-10 R20, 7 inch rim",12727
78.3,585.568,-1.91,-582.99,-248.23,1.99,19.81,20.83,0.09,0.0077,2.3486,12.06,43522.2,7.4,92.91,10.846,-0,-0.9998,138.17,138.28,128.19,24.96,Cornering,"Hoosier 43075 16x7.5-10 R20, 7 inch rim",12728
78.3,585.578,-2.83,-583.32,-247.5,1.993,20.98,21.49,0.09,0.0114,2.3568,12.11,43507.39,7.4,92.91,10.878,-0,-0.9998,138.53,138.55,128.21,24.96,Cornering,"Hoosier 43075 16x7.5-10 R20, 7 inch rim",12729
78.33,585.588,-4.63,-586.43,-247.51,1.99,20.65,21.85,0.16,0.0187,2.3693,12.11,25260.66,7.4,92.94,10.919,-0,-0.9997,138.85,138.88,128.27,24.97,Cornering,"Hoosier 43075 16x7.5-10 R20, 7 inch rim",12730
78.31,585.598,-5.98,-590.42,-248.91,1.986,21.16,22.42,0.16,0.024,2.372,12.06,25268.64,7.4,92.98,10.962,-0,-0.9997,139.11,139.1,128.42,24.98,Cornering,"Hoosier 43075 16x7.5-10 R20, 7 inch rim",12731
78.29,585.608,-6.36,-594.89,-250.65,1.995,20.45,23.15,0.03,0.0254,2.3734,12,157122.73,7.4,92.98,10.997,-0,-1,139.24,139.14,128.6,24.98,Cornering,"Hoosier 43075 16x7.5-10 R20, 7 inch rim",12732
78.31,585.618,-6.23,-598.27,-251.74,1.987,19.43,23.18,0.16,0.0247,2.3766,11.95,25250.63,7.4,92.98,11.034,-0,-0.9997,139.37,139.19,128.8,24.97,Cornering,"Hoosier 43075 16x7.5-10 R20, 7 inch rim",12733
78.33,585.628,-5.07,-600.09,-253.66,1.99,19.14,23.14,0.09,0.02,2.3657,11.93,43476.72,7.4,92.95,11.081,-0,-0.9998,139.41,139.23,128.98,24.96,Cornering,"Hoosier 43075 16x7.5-10 R20, 7 inch rim",12734
78.3,585.638,-3.66,-598.81,-254.73,1.993,19.24,22.5,0.09,0.0143,2.3508,11.97,43441.85,7.4,92.95,11.111,-0,-0.9998,139.54,139.43,129.06,24.94,Cornering,"Hoosier 43075 16x7.5-10 R20, 7 inch rim",12735
78.3,585.648,-2.63,-595.23,-254.29,1.98,19.28,21.37,0.16,0.0104,2.3408,12.09,25192.99,7.4,92.95,11.156,-0,-0.9997,139.75,139.63,129.04,24.92,Cornering,"Hoosier 43075 16x7.5-10 R20, 7 inch rim",12736
78.32,585.658,-2.04,-590.33,-252.86,2.001,19.59,20.37,0.09,0.0081,2.3346,12.17,43417.95,7.4,92.95,11.201,-0,-0.9998,140.01,139.85,128.98,24.93,Cornering,"Hoosier 43075 16x7.5-10 R20, 7 inch rim",12737
78.33,585.668,-1.52,-587.12,-250.28,1.987,19.36,19.88,0.09,0.0061,2.3458,12.22,43401.9,7.4,92.93,11.24,-0,-0.9998,140.23,140,129,24.93,Cornering,"Hoosier 43075 16x7.5-10 R20, 7 inch rim",12738
78.29,585.678,-1.39,-585,-248.6,1.992,20.13,20.02,0.09,0.0056,2.3531,12.19,43426.2,7.4,92.93,11.279,-0,-0.9998,140.53,140.18,129.04,24.94,Cornering,"Hoosier 43075 16x7.5-10 R20, 7 inch rim",12739
78.3,585.688,-2.33,-584.73,-247.08,1.993,20.26,20.14,0.09,0.0094,2.3665,12.14,43418.88,7.4,92.92,11.326,-0,-0.9998,140.81,140.51,129.08,24.94,Cornering,"Hoosier 43075 16x7.5-10 R20, 7 inch rim",12740
78.33,585.698,-3.68,-586.42,-247.44,1.987,21.02,20.58,0.09,0.0149,2.3699,12.05,43424.51,7.4,92.94,11.355,-0,-0.9998,141.04,140.84,129.12,24.95,Cornering,"Hoosier 43075 16x7.5-10 R20, 7 inch rim",12741
78.3,585.708,-4.82,-590,-247.77,1.992,20.23,21.43,0.03,0.0195,2.3812,11.96,156640.41,7.4,92.97,11.406,-0,-1,141.3,141.06,129.26,24.94,Cornering,"Hoosier 43075 16x7.5-10 R20, 7 inch rim",12742
78.28,585.718,-5.59,-593.5,-249.76,1.985,20.09,22,0.09,0.0224,2.3763,11.99,43422.29,7.4,93.04,11.433,-0,-0.9998,141.45,141.19,129.47,24.96,Cornering,"Hoosier 43075 16x7.5-10 R20, 7 inch rim",12743
78.32,585.728,-5.9,-596.57,-252.22,2.004,19.69,21.92,0.16,0.0234,2.3653,12.03,25198.31,7.4,93.06,11.486,-0,-0.9997,141.54,141.17,129.59,24.96,Cornering,"Hoosier 43075 16x7.5-10 R20, 7 inch rim",12744
78.32,585.738,-4.97,-597.9,-254.19,1.993,19.75,21.88,0.16,0.0196,2.3522,12.12,25194.9,7.4,93.08,11.524,-0,-0.9997,141.6,141.15,129.71,24.96,Cornering,"Hoosier 43075 16x7.5-10 R20, 7 inch rim",12745
78.29,585.748,-4.3,-597.38,-255.43,1.985,19.59,20.73,0.09,0.0168,2.3387,12.17,43382.94,7.4,93.12,11.555,-0,-0.9998,141.69,141.28,129.73,24.94,Cornering,"Hoosier 43075 16x7.5-10 R20, 7 inch rim",12746
78.3,585.758,-3.58,-593.65,-255.92,1.993,20.21,19.09,0.03,0.014,2.3196,12.16,156494.86,7.4,93.16,11.598,-0,-1,141.79,141.43,129.65,24.94,Cornering,"Hoosier 43075 16x7.5-10 R20, 7 inch rim",12747
78.33,585.768,-3.65,-588.68,-255.33,1.993,21.05,16.73,0.09,0.0143,2.3056,12.11,43380.5,7.39,93.17,11.634,-0,-0.9998,142.01,141.63,129.47,24.95,Cornering,"Hoosier 43075 16x7.5-10 R20, 7 inch rim",12748
78.3,585.778,-4.13,-584.05,-253.96,1.99,21.52,14.37,0.03,0.0163,2.2997,12.03,156613.16,7.39,93.16,11.645,-0,-1,142.24,141.74,129.41,24.96,Cornering,"Hoosier 43075 16x7.5-10 R20, 7 inch rim",12749
78.28,585.788,-5.74,-581.57,-253.18,1.986,22.59,11.59,0.09,0.0227,2.2971,11.97,43444.4,7.39,93.19,11.675,-0,-0.9998,142.57,141.85,129.35,24.99,Cornering,"Hoosier 43075 16x7.5-10 R20, 7 inch rim",12750
78.32,585.798,-7.71,-581.96,-251.09,1.992,21.55,9.75,0.23,0.0307,2.3177,12.02,17761.85,7.39,93.24,11.693,-0,-0.9996,142.8,142.16,129.28,24.99,Cornering,"Hoosier 43075 16x7.5-10 R20, 7 inch rim",12751
78.33,585.808,-9.13,-585.11,-249.66,1.986,19.88,9.55,0.09,0.0366,2.3436,12.07,43420.57,7.39,93.29,11.698,-0,-0.9998,143.14,142.49,129.16,24.98,Cornering,"Hoosier 43075 16x7.5-10 R20, 7 inch rim",12752
78.29,585.818,-10.25,-589.32,-249.73,1.995,19,10.12,0.16,0.0411,2.3599,12.14,25194.04,7.39,93.32,11.723,-0,-0.9997,143.36,142.8,129.2,24.97,Cornering,"Hoosier 43075 16x7.5-10 R20, 7 inch rim",12753
78.3,585.828,-10.83,-592.73,-250.07,1.987,17.78,10.74,0.23,0.0433,2.3702,12.17,17743.59,7.39,93.31,11.72,-0,-0.9996,143.49,143.02,129.35,24.97,Cornering,"Hoosier 43075 16x7.5-10 R20, 7 inch rim",12754
78.32,585.838,-12.27,-594.69,-252.24,1.993,18.85,9.74,0.03,0.0486,2.3577,12.13,156630.36,7.39,93.3,11.741,-0,-1,143.49,142.93,129.63,24.97,Cornering,"Hoosier 43075 16x7.5-10 R20, 7 inch rim",12755
78.31,585.848,-14.06,-596.34,-254.18,1.998,19.39,7.1,0.09,0.0553,2.3462,12.07,43412.75,7.39,93.29,11.747,-0,-0.9998,143.51,142.86,129.87,24.98,Cornering,"Hoosier 43075 16x7.5-10 R20, 7 inch rim",12756
78.28,585.858,-15.6,-596.43,-255.98,1.998,19.91,3.95,0.09,0.061,2.33,11.99,43390.98,7.39,93.29,11.757,-0,-0.9998,143.44,142.93,130.05,24.97,Cornering,"Hoosier 43075 16x7.5-10 R20, 7 inch rim",12757
78.33,585.878,-16.17,-592.38,-256.47,1.996,18.85,-0.52,0.09,0.063,2.3097,11.94,43372.45,7.39,93.25,12.294,-0,-0.9998,143.81,143.26,130.28,24.96,Cornering,"Hoosier 43075 16x7.5-10 R20, 7 inch rim",12758
78.3,585.888,-13.84,-588.99,-255.54,1.99,18.71,0.76,0.09,0.0542,2.3049,11.99,43382.06,7.39,93.27,12.297,-0,-0.9998,144.07,143.46,130.32,24.96,Cornering,"Hoosier 43075 16x7.5-10 R20, 7 inch rim",12759
78.29,585.898,-9.88,-586.25,-253.8,2.001,18.86,4.76,0.16,0.0389,2.3099,12.09,25173.55,7.39,93.29,12.302,-0,-0.9997,144.39,143.7,130.46,24.96,Cornering,"Hoosier 43075 16x7.5-10 R20, 7 inch rim",12760
78.32,585.908,-6.76,-585.21,-252.06,1.993,18.42,9.15,0.16,0.0268,2.3218,12.14,25169.44,7.39,93.36,12.283,-0,-0.9997,144.75,144.01,130.58,24.95,Cornering,"Hoosier 43075 16x7.5-10 R20, 7 inch rim",12761
78.31,585.918,-5.22,-584.45,-251.19,1.992,20.02,12.92,0.16,0.0208,2.3267,12.14,25171.31,7.39,93.39,12.263,-0,-0.9997,145.14,144.36,130.7,24.95,Cornering,"Hoosier 43075 16x7.5-10 R20, 7 inch rim",12762
78.28,585.928,-5.12,-585.26,-250.47,1.995,20.72,16.21,0.16,0.0204,2.3366,12.08,25165.87,7.39,93.43,12.259,-0,-0.9997,145.46,144.73,130.84,24.94,Cornering,"Hoosier 43075 16x7.5-10 R20, 7 inch rim",12763
78.3,585.938,-5.34,-587.4,-251.13,1.986,21.31,18.98,0.09,0.0213,2.339,12.03,43368.59,7.39,93.44,12.256,-0,-0.9998,145.63,144.98,131,24.95,Cornering,"Hoosier 43075 16x7.5-10 R20, 7 inch rim",12764
78.33,585.948,-4.78,-590.33,-252.59,1.999,21.41,22.2,0.09,0.0189,2.3371,11.96,43348.67,7.39,93.46,12.254,-0,-0.9998,145.68,145.02,131.27,24.94,Cornering,"Hoosier 43075 16x7.5-10 R20, 7 inch rim",12765
78.3,585.958,-3.16,-593.07,-254.38,1.99,21.06,24.94,0.03,0.0124,2.3314,11.92,156403.25,7.39,93.46,12.241,-0,-1,145.7,144.93,131.59,24.93,Cornering,"Hoosier 43075 16x7.5-10 R20, 7 inch rim",12766
78.29,585.968,-1.38,-595.36,-256.07,1.989,20.31,26.59,0.09,0.0054,2.325,11.94,43350.74,7.39,93.47,12.241,-0,-0.9998,145.61,144.91,131.83,24.94,Cornering,"Hoosier 43075 16x7.5-10 R20, 7 inch rim",12767
78.32,585.978,0,-595.32,-257.37,1.987,19.76,26.66,0.16,-0,2.3131,12.01,25179.03,7.39,93.49,12.243,-0,-0.9997,145.72,145.02,132.01,24.96,Cornering,"Hoosier 43075 16x7.5-10 R20, 7 inch rim",12768
78.32,585.988,0.98,-593.16,-257.5,2.001,19.19,25.54,0.23,-0.0038,2.3035,12.09,17749.21,7.39,93.55,12.244,-0,-0.9996,145.96,145.24,132.01,24.97,Cornering,"Hoosier 43075 16x7.5-10 R20, 7 inch rim",12769
78.29,585.998,1.96,-589.17,-255.92,1.995,18.2,24.21,0.03,-0.0077,2.3021,12.12,156767.67,7.39,93.6,12.24,-0,-1,146.28,145.42,131.95,24.99,Cornering,"Hoosier 43075 16x7.5-10 R20, 7 inch rim",12770
78.3,586.008,2.72,-584.55,-254.02,1.985,18.03,23.25,-0.04,-0.0107,2.3012,12.11,-97473.81,7.39,93.66,12.237,-0,-1.0001,146.58,145.59,131.95,25,Cornering,"Hoosier 43075 16x7.5-10 R20, 7 inch rim",12771
78.33,586.018,2.51,-581.04,-252.13,1.995,18.71,22.27,0.09,-0.01,2.3045,12.06,43453.33,7.39,93.7,12.23,-0,-0.9998,146.86,145.79,132.03,25,Cornering,"Hoosier 43075 16x7.5-10 R20, 7 inch rim",12772
78.3,586.028,0.86,-579.5,-250.85,1.989,20.13,20.85,0.03,-0.0034,2.3101,11.97,156699.11,7.39,93.74,12.233,-0,-1,147.18,146.08,132.13,24.98,Cornering,"Hoosier 43075 16x7.5-10 R20, 7 inch rim",12773
78.29,586.038,-3.01,-580.6,-250.42,1.996,21.38,18.09,0.23,0.012,2.3185,11.95,17747.81,7.39,93.78,12.203,-0,-0.9996,147.48,146.38,132.19,24.97,Cornering,"Hoosier 43075 16x7.5-10 R20, 7 inch rim",12774
78.32,586.048,-7.52,-583.2,-250.83,1.985,21.9,14.82,0.09,0.03,2.3251,12.01,43387.61,7.39,93.8,12.2,-0,-0.9998,147.69,146.65,132.28,24.96,Cornering,"Hoosier 43075 16x7.5-10 R20, 7 inch rim",12775
78.32,586.058,-11.8,-586.77,-252.14,2.004,21.71,11.6,0.16,0.0468,2.3271,12.09,25196.84,7.39,93.81,12.177,-0,-0.9997,147.76,146.74,132.54,24.97,Cornering,"Hoosier 43075 16x7.5-10 R20, 7 inch rim",12776
78.3,586.068,-14.18,-589.81,-254.02,1.998,21.85,9.22,0.16,0.0558,2.3219,12.19,25204.54,7.39,93.81,12.157,-0,-0.9997,147.69,146.63,132.8,24.97,Cornering,"Hoosier 43075 16x7.5-10 R20, 7 inch rim",12777
78.31,586.078,-14.04,-592.71,-255.91,1.998,20.56,8.33,0.03,0.0549,2.3161,12.25,156835.34,7.39,93.87,12.123,-0,-1,147.54,146.56,133.04,24.99,Cornering,"Hoosier 43075 16x7.5-10 R20, 7 inch rim",12778
78.33,586.088,-13.34,-593.44,-257.62,1.998,20.36,6.91,0.16,0.0518,2.3036,12.22,25233.62,7.39,93.89,12.095,-0,-0.9997,147.5,146.56,133.19,25,Cornering,"Hoosier 43075 16x7.5-10 R20, 7 inch rim",12779
78.32,586.098,-14.05,-591.74,-257.08,1.993,18.96,3.27,0.09,0.0546,2.3018,12.15,43480.02,7.39,93.94,12.063,-0,-0.9998,147.59,146.71,133.29,25,Cornering,"Hoosier 43075 16x7.5-10 R20, 7 inch rim",12780
78.3,586.108,-15.64,-588.66,-256.55,2.002,18.54,-1.04,0.23,0.061,2.2945,12.07,17775.36,7.39,93.98,12.032,-0,-0.9996,147.82,146.91,133.19,24.99,Cornering,"Hoosier 43075 16x7.5-10 R20, 7 inch rim",12781
78.33,586.118,-17.25,-585.46,-254.69,2.009,17.96,-4.42,0.03,0.0677,2.2988,12,156727.73,7.39,94.01,11.992,-0,-1,148.1,147.13,133.14,24.96,Cornering,"Hoosier 43075 16x7.5-10 R20, 7 inch rim",12782
78.34,586.128,-16.5,-582.72,-252.6,2.001,17.89,-4.1,0.09,0.0653,2.3069,11.97,43426.55,7.39,93.99,11.954,-0,-0.9998,148.38,147.26,133.27,24.96,Cornering,"Hoosier 43075 16x7.5-10 R20, 7 inch rim",12783
78.31,586.138,-14.31,-581.34,-251.35,1.993,18.86,-0.53,0.16,0.0569,2.3129,11.99,25192.99,7.39,93.99,11.899,-0,-0.9997,148.72,147.46,133.29,24.94,Cornering,"Hoosier 43075 16x7.5-10 R20, 7 inch rim",12784
78.31,586.148,-11.09,-581.19,-250.81,1.99,20.11,5.68,0.03,0.0442,2.3173,12.08,156623.94,7.39,94,11.853,-0,-1,149.04,147.81,133.35,24.93,Cornering,"Hoosier 43075 16x7.5-10 R20, 7 inch rim",12785
78.34,586.158,-8.86,-582.3,-250.59,1.993,20.77,11.62,0.23,0.0353,2.3237,12.15,17744.52,7.39,94.04,11.805,-0,-0.9996,149.3,148.12,133.41,24.93,Cornering,"Hoosier 43075 16x7.5-10 R20, 7 inch rim",12786
78.33,586.168,-7.85,-584.76,-251.24,1.987,20.56,16.12,0.16,0.0313,2.3275,12.14,25205.72,7.39,94.06,11.758,-0,-0.9997,149.43,148.37,133.63,24.94,Cornering,"Hoosier 43075 16x7.5-10 R20, 7 inch rim",12787
78.31,586.178,-7.67,-587.07,-252.8,1.996,20.57,18.91,0.03,0.0303,2.3222,12.12,156815.2,7.39,94.1,11.706,-0,-1,149.37,148.25,133.93,24.95,Cornering,"Hoosier 43075 16x7.5-10 R20, 7 inch rim",12788
78.34,586.188,-6.95,-589.65,-254.9,1.996,20.29,20.76,0.23,0.0273,2.3133,12.06,17770.73,7.39,94.13,11.65,-0,-0.9996,149.17,148.08,134.22,24.95,Cornering,"Hoosier 43075 16x7.5-10 R20, 7 inch rim",12789
78.35,586.198,-4.25,-591.17,-256.7,2.001,19.9,23.55,0.16,0.0166,2.303,12,25230.52,7.39,94.13,11.61,-0,-0.9997,149.04,147.97,134.38,24.95,Cornering,"Hoosier 43075 16x7.5-10 R20, 7 inch rim",12790
78.33,586.208,-0.59,-591.46,-257.23,1.992,18.67,26.39,0.16,0.0023,2.2993,11.99,25221.82,7.39,94.14,11.576,-0,-0.9997,149.09,148.1,134.4,24.94,Cornering,"Hoosier 43075 16x7.5-10 R20, 7 inch rim",12791
78.33,586.218,2.51,-589.13,-257.01,1.986,18.81,27.85,0.09,-0.0098,2.2922,12.03,43472.35,7.39,94.12,11.524,-0,-0.9998,149.34,148.17,134.32,24.94,Cornering,"Hoosier 43075 16x7.5-10 R20, 7 inch rim",12792
78.35,586.228,3.86,-586.21,-255.9,1.985,18.5,27.89,0.16,-0.0151,2.2908,12.1,25247.94,7.39,94.09,11.478,-0,-0.9997,149.65,148.37,134.13,24.96,Cornering,"Hoosier 43075 16x7.5-10 R20, 7 inch rim",12793
78.34,586.238,3.37,-582.72,-253.29,1.992,17.94,26.84,0.23,-0.0133,2.3006,12.15,17803.77,7.39,94.03,11.45,-0,-0.9996,149.86,148.41,134.16,24.98,Cornering,"Hoosier 43075 16x7.5-10 R20, 7 inch rim",12794
78.33,586.248,2.6,-580.29,-251.31,1.992,18.31,26.34,0.09,-0.0103,2.309,12.15,43569.3,7.39,93.98,11.417,-0,-0.9998,150.22,148.54,134.24,24.99,Cornering,"Hoosier 43075 16x7.5-10 R20, 7 inch rim",12795
78.34,586.258,1.04,-578.45,-250.13,1.993,19.75,26.1,0.09,-0.0042,2.3126,12.12,43604.33,7.39,93.95,11.385,-0,-0.9998,150.57,148.78,134.3,25.01,Cornering,"Hoosier 43075 16x7.5-10 R20, 7 inch rim",12796
78.37,586.268,-0.05,-578.28,-250.3,1.99,21.37,27.21,0.16,0.0002,2.3103,12.03,25295.17,7.39,93.97,11.339,-0,-0.9997,150.89,149,134.34,24.99,Cornering,"Hoosier 43075 16x7.5-10 R20, 7 inch rim",12797
78.35,586.278,-1.44,-579.82,-250.88,1.99,21.56,28.08,0.23,0.0057,2.3111,12,17812.15,7.39,94.01,11.312,-0,-0.9996,151.06,149.22,134.44,24.98,Cornering,"Hoosier 43075 16x7.5-10 R20, 7 inch rim",12798
78.33,586.288,-2.7,-583.21,-252.2,1.993,20.84,28.06,0.16,0.0107,2.3125,12.01,25301.45,7.39,94.06,11.266,-0,-0.9997,151.06,149.16,134.66,24.99,Cornering,"Hoosier 43075 16x7.5-10 R20, 7 inch rim",12799
78.37,586.298,-3.32,-586.71,-254.62,1.992,20.95,27.64,0.23,0.013,2.3043,12.08,17837.66,7.39,94.09,11.232,-0,-0.9996,150.91,149.07,134.98,25.01,Cornering,"Hoosier 43075 16x7.5-10 R20, 7 inch rim",12800
78.37,586.308,-3.7,-589.92,-256.46,1.987,19.59,26.21,0.09,0.0144,2.3003,12.17,43631.89,7.39,94.13,11.199,-0,-0.9998,150.63,148.85,135.13,25.01,Cornering,"Hoosier 43075 16x7.5-10 R20, 7 inch rim",12801
78.34,586.318,-3.75,-591.44,-257.81,1.99,18.61,24.34,0.16,0.0145,2.2941,12.21,25339.96,7.39,94.15,11.159,-0,-0.9997,150.48,148.85,135.19,25.02,Cornering,"Hoosier 43075 16x7.5-10 R20, 7 inch rim",12802
78.35,586.328,-3.13,-589.75,-257.38,1.992,17.92,22.48,0.09,0.0122,2.2914,12.18,43662.18,7.39,94.19,11.13,-0,-0.9998,150.53,148.94,135.15,25.02,Cornering,"Hoosier 43075 16x7.5-10 R20, 7 inch rim",12803
78.37,586.338,-2.78,-586.18,-256.59,1.989,19.19,20.43,0.16,0.0108,2.2846,12.12,25316.29,7.39,94.23,11.092,-0,-0.9997,150.7,149.16,134.98,24.99,Cornering,"Hoosier 43075 16x7.5-10 R20, 7 inch rim",12804
78.35,586.348,-3,-582.37,-254.09,1.992,19.07,18.59,0.16,0.0118,2.292,12.05,25306.96,7.39,94.23,11.063,-0,-0.9997,150.98,149.27,134.96,24.98,Cornering,"Hoosier 43075 16x7.5-10 R20, 7 inch rim",12805
78.34,586.358,-4.22,-579.16,-251.91,1.995,20.34,16.75,0.09,0.0168,2.2991,12,43596.41,7.39,94.25,11.026,-0,-0.9998,151.25,149.42,134.94,24.97,Cornering,"Hoosier 43075 16x7.5-10 R20, 7 inch rim",12806
78.37,586.368,-5.95,-577.5,-250.09,1.992,21.03,15.53,0.16,0.0238,2.3092,12.01,25301.69,7.39,94.23,10.986,-0,-0.9997,151.6,149.62,134.94,24.97,Cornering,"Hoosier 43075 16x7.5-10 R20, 7 inch rim",12807
78.38,586.378,-7.53,-577.82,-249.15,1.98,20.81,15.67,0.23,0.0302,2.3192,12.07,17817.6,7.39,94.21,10.943,-0,-0.9996,151.88,149.97,135,24.96,Cornering,"Hoosier 43075 16x7.5-10 R20, 7 inch rim",12808
78.35,586.388,-8.92,-579.19,-250.56,1.989,22.15,16.58,0.03,0.0356,2.3115,12.13,157241.62,7.39,94.18,10.907,-0,-1,152.03,150.21,135.1,24.95,Cornering,"Hoosier 43075 16x7.5-10 R20, 7 inch rim",12809
78.37,586.398,-10.13,-582.26,-252.32,1.998,21.57,17.31,0.09,0.0401,2.3077,12.14,43565.92,7.39,94.12,10.886,-0,-0.9998,152.05,150.24,135.29,24.94,Cornering,"Hoosier 43075 16x7.5-10 R20, 7 inch rim",12810
78.39,586.408,-10.53,-585.62,-254.39,1.992,20.5,17.96,0.09,0.0414,2.3021,12.1,43554.4,7.39,94.06,10.824,-0,-0.9998,151.83,150.1,135.53,24.93,Cornering,"Hoosier 43075 16x7.5-10 R20, 7 inch rim",12811
78.37,586.418,-10.53,-588.82,-256.69,1.985,19.43,18.06,0.09,0.041,2.2939,12.03,43549.53,7.39,94.04,10.787,-0,-0.9998,151.53,149.91,135.75,24.93,Cornering,"Hoosier 43075 16x7.5-10 R20, 7 inch rim",12812
78.35,586.428,-9.8,-589.9,-257.41,1.992,18.42,18.04,0.23,0.0381,2.2917,11.99,17808.85,7.39,94.01,10.737,-0,-0.9996,151.21,149.88,135.89,24.93,Cornering,"Hoosier 43075 16x7.5-10 R20, 7 inch rim",12813
78.37,586.438,-8.02,-589.27,-257.94,1.993,18.38,18.74,0.16,0.0311,2.2845,12,25296.22,7.39,94,10.695,-0,-0.9997,151.19,149.99,135.83,24.94,Cornering,"Hoosier 43075 16x7.5-10 R20, 7 inch rim",12814
78.38,586.448,-5.71,-586.03,-256.54,1.993,19.54,19.83,0.09,0.0222,2.2843,12.05,43587.64,7.39,94.01,10.659,-0,-0.9998,151.3,150.1,135.67,24.94,Cornering,"Hoosier 43075 16x7.5-10 R20, 7 inch rim",12815
78.37,586.458,-3.19,-582.69,-254.12,1.995,19.51,21.51,0.09,0.0125,2.293,12.12,43614.66,7.39,94.03,10.611,-0,-0.9998,151.49,150.21,135.55,24.95,Cornering,"Hoosier 43075 16x7.5-10 R20, 7 inch rim",12816
78.36,586.468,-1.73,-579.65,-251.67,1.992,19.81,22.73,0.09,0.0069,2.3032,12.18,43641.07,7.39,94.07,10.566,-0,-0.9998,151.75,150.35,135.53,24.96,Cornering,"Hoosier 43075 16x7.5-10 R20, 7 inch rim",12817
78.4,586.478,-1.39,-577.52,-249.58,1.987,20.26,23.71,0.16,0.0056,2.314,12.18,25351.11,7.39,94.08,10.525,-0,-0.9997,152.11,150.46,135.55,24.98,Cornering,"Hoosier 43075 16x7.5-10 R20, 7 inch rim",12818
78.37,586.488,-1.49,-577.37,-249.35,1.987,21.24,25.47,0.09,0.006,2.3155,12.14,43712.92,7.39,94.12,10.486,-0,-0.9998,152.39,150.72,135.55,25,Cornering,"Hoosier 43075 16x7.5-10 R20, 7 inch rim",12819
78.36,586.498,-2.18,-579.07,-249.79,1.986,21.04,27.53,-0.04,0.0087,2.3182,12.07,-98095.98,7.39,94.18,10.439,-0,-1.0001,152.61,151.03,135.59,25,Cornering,"Hoosier 43075 16x7.5-10 R20, 7 inch rim",12820
78.37,586.508,-2.75,-581.98,-251.61,1.989,20.85,29.31,0.16,0.0109,2.3131,12.02,25361,7.39,94.2,10.4,-0,-0.9997,152.73,151.12,135.67,24.98,Cornering,"Hoosier 43075 16x7.5-10 R20, 7 inch rim",12821
78.39,586.518,-3.59,-585.35,-253.42,1.98,19.86,30.07,0.16,0.0142,2.3098,12,25358.38,7.39,94.21,10.359,-0,-0.9997,152.67,151.03,135.87,24.97,Cornering,"Hoosier 43075 16x7.5-10 R20, 7 inch rim",12822
78.37,586.528,-3.64,-588.43,-255.14,1.99,18.9,30.64,0.09,0.0143,2.3063,12.02,43663.97,7.39,94.26,10.324,-0,-0.9998,152.37,150.79,136.05,24.96,Cornering,"Hoosier 43075 16x7.5-10 R20, 7 inch rim",12823
78.37,586.538,-3.58,-589.93,-257.3,2.001,18.91,29.98,0.16,0.0139,2.2928,12.08,25356.76,7.39,94.26,10.304,-0,-0.9997,152.11,150.59,136.18,24.97,Cornering,"Hoosier 43075 16x7.5-10 R20, 7 inch rim",12824
78.39,586.548,-3.28,-589.29,-257.11,1.982,18.67,28.71,0.16,0.0128,2.292,12.11,25384.44,7.39,94.29,10.251,-0,-0.9997,152.05,150.59,136.16,24.99,Cornering,"Hoosier 43075 16x7.5-10 R20, 7 inch rim",12825
78.39,586.558,-3.05,-586.67,-256.56,1.996,18.9,26.81,0.09,0.0119,2.2867,12.12,43779.44,7.39,94.31,10.22,-0,-0.9998,152.11,150.63,136.03,25.01,Cornering,"Hoosier 43075 16x7.5-10 R20, 7 inch rim",12826
78.36,586.568,-2.24,-583,-254.73,2.006,19.51,25.54,0.16,0.0088,2.2887,12.11,25437.33,7.39,94.34,10.177,-0,-0.9997,152.35,150.79,135.89,25.04,Cornering,"Hoosier 43075 16x7.5-10 R20, 7 inch rim",12827
78.38,586.578,-2.15,-579.97,-251.8,2.002,19.4,24.27,0.23,0.0085,2.3033,12.04,17916.32,7.39,94.37,10.148,-0,-0.9996,152.48,150.79,135.85,25.03,Cornering,"Hoosier 43075 16x7.5-10 R20, 7 inch rim",12828
78.4,586.588,-2.65,-577.83,-250.25,2.002,20.35,23.32,0.16,0.0106,2.309,11.99,25406.08,7.39,94.37,10.124,-0,-0.9997,152.82,150.85,135.91,25,Cornering,"Hoosier 43075 16x7.5-10 R20, 7 inch rim",12829
78.37,586.598,-3.7,-576.73,-249.63,1.986,21.4,23.02,0.09,0.0148,2.3103,11.97,43779.11,7.39,94.39,10.069,-0,-0.9998,153.1,151.07,135.95,25,Cornering,"Hoosier 43075 16x7.5-10 R20, 7 inch rim",12830
78.37,586.608,-6.29,-577.69,-249.62,1.995,20.93,22.09,0.09,0.0252,2.3143,12,43742.84,7.39,94.42,10.036,-0,-0.9998,153.34,151.29,136.03,24.98,Cornering,"Hoosier 43075 16x7.5-10 R20, 7 inch rim",12831
78.39,586.618,-8.42,-579.82,-251.03,1.993,20.54,22.16,0.09,0.0335,2.3098,12.04,43748.46,7.39,94.45,9.993,-0,-0.9998,153.46,151.51,136.14,24.98,Cornering,"Hoosier 43075 16x7.5-10 R20, 7 inch rim",12832
78.4,586.628,-9.67,-582.4,-253.47,1.993,20.33,22.64,0.09,0.0381,2.2977,12.08,43744.46,7.39,94.47,9.946,-0,-0.9998,153.42,151.45,136.34,24.97,Cornering,"Hoosier 43075 16x7.5-10 R20, 7 inch rim",12833
78.37,586.638,-10.56,-585,-255.11,1.993,19.47,22.67,0.03,0.0414,2.2931,12.07,157879.22,7.39,94.53,9.906,-0,-1,153.14,151.18,136.56,24.97,Cornering,"Hoosier 43075 16x7.5-10 R20, 7 inch rim",12834
78.38,586.648,-10.2,-586.97,-257.17,1.998,19.24,22.89,0.09,0.0397,2.2824,12.03,43755.03,7.39,94.54,9.865,-0,-0.9998,152.8,151.03,136.72,24.97,Cornering,"Hoosier 43075 16x7.5-10 R20, 7 inch rim",12835
78.4,586.658,-8.86,-586.62,-258.06,1.989,19.54,23.35,0.16,0.0343,2.2732,11.99,25400.12,7.39,94.57,9.813,-0,-0.9997,152.54,150.98,136.8,24.97,Cornering,"Hoosier 43075 16x7.5-10 R20, 7 inch rim",12836
78.39,586.668,-6.85,-584.46,-257.71,1.992,19.61,23.87,0.16,0.0266,2.2678,12,25420.68,7.39,94.55,9.774,-0,-0.9997,152.5,151.01,136.66,24.99,Cornering,"Hoosier 43075 16x7.5-10 R20, 7 inch rim",12837
78.37,586.678,-4.59,-580.94,-256.12,1.998,19.72,24.56,0.03,0.0179,2.2682,12.03,158137.45,7.39,94.51,9.744,-0,-1,152.52,151.12,136.54,25,Cornering,"Hoosier 43075 16x7.5-10 R20, 7 inch rim",12838
78.4,586.688,-2.97,-577.59,-253.78,1.999,19.33,24.99,0.16,0.0117,2.276,12.09,25444.39,7.39,94.52,9.693,-0,-0.9997,152.73,151.23,136.44,25.01,Cornering,"Hoosier 43075 16x7.5-10 R20, 7 inch rim",12839
78.4,586.698,-2.43,-575,-251.54,1.992,19.81,25.38,0.03,0.0097,2.2859,12.15,158255.98,7.39,94.5,9.646,-0,-1,152.89,151.27,136.42,25.01,Cornering,"Hoosier 43075 16x7.5-10 R20, 7 inch rim",12840
78.37,586.708,-2.27,-574.41,-250.21,1.986,19.85,26.65,0.09,0.0091,2.2957,12.14,43868.56,7.39,94.5,9.611,-0,-0.9998,153.14,151.38,136.48,25.02,Cornering,"Hoosier 43075 16x7.5-10 R20, 7 inch rim",12841
78.38,586.718,-3.15,-574.55,-250.82,1.992,21.4,28.05,0.09,0.0126,2.2906,12.08,43863.78,7.39,94.45,9.568,-0,-0.9998,153.31,151.67,136.44,25.01,Cornering,"Hoosier 43075 16x7.5-10 R20, 7 inch rim",12842
78.4,586.728,-4.21,-576.56,-251.3,1.99,20.79,29.7,0.23,0.0167,2.2943,12.01,17944.96,7.39,94.46,9.525,-0,-0.9996,153.46,151.89,136.5,25.03,Cornering,"Hoosier 43075 16x7.5-10 R20, 7 inch rim",12843
78.4,586.738,-5,-579.3,-253.27,1.987,20.65,31.22,0.09,0.0198,2.2873,11.95,43884.11,7.39,94.45,9.487,-0,-0.9998,153.44,151.89,136.64,25.02,Cornering,"Hoosier 43075 16x7.5-10 R20, 7 inch rim",12844
78.37,586.748,-5.16,-582.06,-255.36,1.996,19.82,32.39,0.16,0.0202,2.2794,11.92,25450.17,7.39,94.46,9.451,-0,-0.9997,153.25,151.73,136.84,25,Cornering,"Hoosier 43075 16x7.5-10 R20, 7 inch rim",12845
78.4,586.758,-4.81,-584.49,-257.22,1.99,18.74,32.87,0.16,0.0187,2.2723,11.96,25429.22,7.39,94.48,9.414,-0,-0.9997,152.93,151.49,137.04,24.97,Cornering,"Hoosier 43075 16x7.5-10 R20, 7 inch rim",12846
78.4,586.768,-4.32,-584.62,-258.35,1.993,19.08,32.36,0.16,0.0167,2.2629,12,25420.57,7.39,94.53,9.369,-0,-0.9997,152.67,151.45,137.13,24.96,Cornering,"Hoosier 43075 16x7.5-10 R20, 7 inch rim",12847
78.38,586.778,-3.5,-583.05,-258.54,1.993,19.53,31.37,0.03,0.0135,2.2552,12.05,158066.02,7.39,94.58,9.332,-0,-1,152.63,151.42,137.04,24.96,Cornering,"Hoosier 43075 16x7.5-10 R20, 7 inch rim",12848
78.38,586.788,-2.9,-579.96,-257.44,1.987,20.03,29.79,0.16,0.0113,2.2528,12.08,25449.45,7.39,94.61,9.295,-0,-0.9997,152.65,151.45,136.88,24.98,Cornering,"Hoosier 43075 16x7.5-10 R20, 7 inch rim",12849
78.41,586.798,-2.19,-576,-254.73,1.989,19.95,28.76,0.09,0.0086,2.2612,12.08,43901.84,7.39,94.67,9.259,-0,-0.9998,152.8,151.49,136.74,25.01,Cornering,"Hoosier 43075 16x7.5-10 R20, 7 inch rim",12850
78.4,586.808,-2.29,-573.13,-252.43,2.002,20.38,27.82,0.16,0.0091,2.2705,12.04,25484.5,7.39,94.7,9.216,-0,-0.9997,152.95,151.53,136.7,25.01,Cornering,"Hoosier 43075 16x7.5-10 R20, 7 inch rim",12851
78.37,586.818,-2.62,-571.93,-250.53,1.998,20.17,27.84,0.09,0.0105,2.2829,12,43891.14,7.39,94.74,9.179,-0,-0.9998,153.14,151.67,136.76,25,Cornering,"Hoosier 43075 16x7.5-10 R20, 7 inch rim",12852
78.39,586.828,-4.51,-572.1,-249.87,1.992,19.96,27.41,0.09,0.018,2.2896,11.95,43874.21,7.39,94.76,9.15,-0,-0.9998,153.29,151.84,136.78,24.99,Cornering,"Hoosier 43075 16x7.5-10 R20, 7 inch rim",12853
78.42,586.838,-6.86,-573.47,-251.09,1.993,20.2,27.23,0.23,0.0273,2.284,11.96,17932.56,7.39,94.79,9.106,-0,-0.9996,153.4,152.04,136.8,24.98,Cornering,"Hoosier 43075 16x7.5-10 R20, 7 inch rim",12854
78.38,586.848,-8.65,-574.95,-253.27,1.983,20.62,27.44,0.09,0.0342,2.2701,12,43864.41,7.39,94.79,9.061,-0,-0.9998,153.36,152.11,136.94,24.98,Cornering,"Hoosier 43075 16x7.5-10 R20, 7 inch rim",12855
78.37,586.858,-10.15,-576.9,-255.48,1.977,20.05,27.1,0.09,0.0397,2.2581,12.06,43836.41,7.39,94.79,9.04,-0,-0.9998,153.16,151.86,137.15,24.96,Cornering,"Hoosier 43075 16x7.5-10 R20, 7 inch rim",12856
78.41,586.868,-10.24,-578.89,-257.58,1.99,19.29,27.46,0.09,0.0397,2.2474,12.08,43851.64,7.39,94.8,8.997,-0,-0.9998,152.84,151.53,137.39,24.97,Cornering,"Hoosier 43075 16x7.5-10 R20, 7 inch rim",12857
78.4,586.878,-9.66,-579.31,-259,1.987,19.37,27.26,0.16,0.0373,2.2367,12.06,25443.83,7.39,94.8,8.948,-0,-0.9997,152.52,151.4,137.51,24.96,Cornering,"Hoosier 43075 16x7.5-10 R20, 7 inch rim",12858
78.37,586.888,-8.31,-578.34,-259.8,1.987,20.18,27.12,0.16,0.032,2.2261,12.02,25446.73,7.39,94.83,8.905,-0,-0.9997,152.41,151.34,137.47,24.96,Cornering,"Hoosier 43075 16x7.5-10 R20, 7 inch rim",12859
78.39,586.898,-6.36,-575.41,-258.98,1.987,20.4,27.21,0.16,0.0246,2.2219,11.97,25437.31,7.39,94.83,8.869,-0,-0.9997,152.46,151.25,137.37,24.94,Cornering,"Hoosier 43075 16x7.5-10 R20, 7 inch rim",12860
78.42,586.908,-4.75,-572.53,-256.83,1.99,19.64,27.43,0.16,0.0185,2.2292,11.92,25452.39,7.39,94.82,8.821,-0,-0.9997,152.5,151.23,137.25,24.96,Cornering,"Hoosier 43075 16x7.5-10 R20, 7 inch rim",12861
78.39,586.918,-3.29,-569.8,-254.63,1.995,19.85,28.37,0.16,0.0129,2.2377,11.95,25448.57,7.39,94.81,8.789,-0,-0.9997,152.58,151.27,137.21,24.95,Cornering,"Hoosier 43075 16x7.5-10 R20, 7 inch rim",12862
78.38,586.928,-3.4,-568.78,-252.39,1.993,19.37,28.96,0.16,0.0135,2.2536,12.05,25457.62,7.39,94.76,8.742,-0,-0.9997,152.71,151.29,137.17,24.96,Cornering,"Hoosier 43075 16x7.5-10 R20, 7 inch rim",12863
78.41,586.938,-4.12,-568.81,-251.83,2.005,19.68,30.22,0.03,0.0164,2.2587,12.13,158299.3,7.39,94.74,8.695,-0,-1,152.84,151.38,137.21,24.96,Cornering,"Hoosier 43075 16x7.5-10 R20, 7 inch rim",12864
78.41,586.948,-5.86,-570.04,-252.47,2.001,19.75,30.88,0.03,0.0232,2.2578,12.22,158389.77,7.39,94.75,8.653,-0,-1,153.01,151.58,137.21,24.97,Cornering,"Hoosier 43075 16x7.5-10 R20, 7 inch rim",12865
78.38,586.958,-7.05,-571.54,-253.91,1.992,20.03,32.27,0.16,0.0278,2.2509,12.22,25495.82,7.39,94.74,8.61,-0,-0.9997,153.04,151.71,137.29,24.98,Cornering,"Hoosier 43075 16x7.5-10 R20, 7 inch rim",12866
78.39,586.968,-7.04,-573.19,-256.33,1.995,20.06,34.07,0.09,0.0275,2.2362,12.16,43950.93,7.39,94.7,8.575,-0,-0.9998,152.95,151.56,137.49,25,Cornering,"Hoosier 43075 16x7.5-10 R20, 7 inch rim",12867
78.42,586.978,-6.77,-574.38,-258.01,1.987,19.73,35.03,0.03,0.0262,2.2261,12.08,158771.06,7.39,94.67,8.529,-0,-1,152.69,151.29,137.71,25.02,Cornering,"Hoosier 43075 16x7.5-10 R20, 7 inch rim",12868
78.4,586.988,-6.18,-575.1,-260.03,1.995,20.02,35.4,0.09,0.0237,2.2117,11.98,44011.13,7.39,94.68,8.491,-0,-0.9998,152.46,151.12,137.85,25.03,Cornering,"Hoosier 43075 16x7.5-10 R20, 7 inch rim",12869
78.38,586.998,-5.08,-574.45,-261.07,1.993,20.29,35.1,0.16,0.0194,2.2003,11.94,25529.92,7.39,94.69,8.449,-0,-0.9997,152.24,151.07,137.95,25.01,Cornering,"Hoosier 43075 16x7.5-10 R20, 7 inch rim",12870
78.41,587.008,-3.55,-572.11,-260.83,1.987,20.56,34.66,0.23,0.0136,2.1934,11.97,17973.04,7.39,94.72,8.417,-0,-0.9996,152.18,151.07,137.85,24.99,Cornering,"Hoosier 43075 16x7.5-10 R20, 7 inch rim",12871
78.41,587.018,-2.61,-569.06,-259.24,1.995,20.31,33.6,0.03,0.0101,2.1951,12.03,158461.78,7.39,94.74,8.381,-0,-1,152.28,151.14,137.75,24.96,Cornering,"Hoosier 43075 16x7.5-10 R20, 7 inch rim",12872
78.39,587.028,-1.81,-566.5,-256.8,2.002,19.22,33.26,0.16,0.0071,2.206,12.12,25483.83,7.39,94.74,8.335,-0,-0.9997,152.37,151.14,137.69,24.96,Cornering,"Hoosier 43075 16x7.5-10 R20, 7 inch rim",12873
78.39,587.038,-2.17,-564.85,-254.36,1.989,18.79,32.7,0.09,0.0085,2.2207,12.17,43950.39,7.39,94.75,8.301,-0,-0.9998,152.46,151.16,137.67,24.98,Cornering,"Hoosier 43075 16x7.5-10 R20, 7 inch rim",12874
78.42,587.048,-3.43,-564.43,-253.01,1.992,18.27,32.54,0.09,0.0136,2.2309,12.17,43986.07,7.39,94.73,8.254,-0,-0.9998,152.63,151.29,137.71,25,Cornering,"Hoosier 43075 16x7.5-10 R20, 7 inch rim",12875
78.4,587.058,-5.36,-564.58,-253.48,1.999,19.61,32.89,0.09,0.0211,2.2273,12.1,43978.64,7.39,94.71,8.228,-0,-0.9998,152.63,151.51,137.69,24.99,Cornering,"Hoosier 43075 16x7.5-10 R20, 7 inch rim",12876
78.38,587.068,-7.48,-565.19,-254.14,1.999,19.38,33.16,0.16,0.0294,2.2239,12.01,25534.56,7.39,94.68,8.187,-0,-0.9997,152.67,151.67,137.77,25,Cornering,"Hoosier 43075 16x7.5-10 R20, 7 inch rim",12877
78.4,587.078,-8.56,-566.52,-256.16,1.993,19.32,33.94,0.16,0.0334,2.2116,12,25519.09,7.39,94.71,8.149,-0,-0.9997,152.63,151.62,137.87,24.98,Cornering,"Hoosier 43075 16x7.5-10 R20, 7 inch rim",12878
78.42,587.088,-9.57,-567.39,-258.6,1.995,19.75,33.94,0.03,0.037,2.1941,12.01,158674.2,7.39,94.68,8.118,-0,-1,152.37,151.42,138.1,24.98,Cornering,"Hoosier 43075 16x7.5-10 R20, 7 inch rim",12879
78.39,587.098,-9.78,-568.41,-260.68,1.987,19.67,33.36,0.16,0.0375,2.1805,12.06,25529.57,7.39,94.71,8.075,-0,-0.9997,152.01,151.18,138.26,24.98,Cornering,"Hoosier 43075 16x7.5-10 R20, 7 inch rim",12880
78.39,587.108,-9.07,-568.21,-262.07,1.99,19.91,32.78,0.03,0.0346,2.1682,12.14,158852.42,7.39,94.73,8.036,-0,-1,151.77,151.09,138.32,25,Cornering,"Hoosier 43075 16x7.5-10 R20, 7 inch rim",12881
78.41,587.118,-7.81,-566.8,-262.06,1.986,20.21,31.98,0.09,0.0298,2.1628,12.17,44034.92,7.39,94.74,7.985,-0,-0.9998,151.68,151.09,138.22,25.01,Cornering,"Hoosier 43075 16x7.5-10 R20, 7 inch rim",12882
78.4,587.128,-6.74,-564.2,-261.05,1.998,19.84,30.87,0.03,0.0258,2.1613,12.14,158882.52,7.39,94.75,7.956,-0,-1,151.68,151.03,138.14,25,Cornering,"Hoosier 43075 16x7.5-10 R20, 7 inch rim",12883
78.37,587.138,-5.08,-561.01,-258.53,1.993,18.97,31.19,0.09,0.0197,2.1701,12.07,43992.02,7.39,94.74,7.906,-0,-0.9998,151.68,151.07,138.06,24.98,Cornering,"Hoosier 43075 16x7.5-10 R20, 7 inch rim",12884
78.4,587.148,-4.42,-558.9,-256.46,1.996,18.8,31.53,0.16,0.0172,2.1793,12,25536.22,7.39,94.78,7.866,-0,-0.9997,151.71,151.05,138.06,24.98,Cornering,"Hoosier 43075 16x7.5-10 R20, 7 inch rim",12885
78.41,587.158,-4.79,-557.86,-254.69,1.987,18.45,32.25,0.09,0.0188,2.1904,11.96,43990.15,7.4,94.75,7.824,-0,-0.9998,151.81,151.16,138.03,24.97,Cornering,"Hoosier 43075 16x7.5-10 R20, 7 inch rim",12886
78.38,587.168,-5.79,-557.57,-254.24,1.993,18.99,33.41,0.09,0.0228,2.1931,11.99,44024.7,7.4,94.72,7.786,-0,-0.9998,151.83,151.29,138.03,24.99,Cornering,"Hoosier 43075 16x7.5-10 R20, 7 inch rim",12887
78.37,587.178,-6.81,-557.85,-254.87,1.986,19.73,35.15,0.16,0.0267,2.1888,12.06,25556.15,7.4,94.7,7.728,-0,-0.9997,151.83,151.47,138.08,24.99,Cornering,"Hoosier 43075 16x7.5-10 R20, 7 inch rim",12888
78.41,587.188,-7.94,-558.76,-256.5,1.998,19.87,36.41,0.23,0.0309,2.1784,12.15,18008.07,7.39,94.72,7.697,-0,-0.9996,151.71,151.47,138.24,25,Cornering,"Hoosier 43075 16x7.5-10 R20, 7 inch rim",12889
78.4,587.198,-8.86,-559.62,-258.46,1.985,19.93,36.99,0.03,0.0343,2.1652,12.19,158882.03,7.4,94.71,7.655,-0,-1,151.49,151.27,138.38,24.98,Cornering,"Hoosier 43075 16x7.5-10 R20, 7 inch rim",12890
78.37,587.208,-8.47,-560.66,-260.47,1.99,19.92,37.94,0.03,0.0325,2.1525,12.17,158895.36,7.4,94.7,7.618,-0,-1,151.17,151.03,138.58,24.98,Cornering,"Hoosier 43075 16x7.5-10 R20, 7 inch rim",12891
78.38,587.218,-7.96,-561.06,-262.46,1.99,20.23,37.95,0.3,0.0303,2.1377,12.11,13897.17,7.4,94.7,7.574,-0,-0.9995,150.87,150.92,138.66,24.98,Cornering,"Hoosier 43075 16x7.5-10 R20, 7 inch rim",12892
78.4,587.228,-6.31,-559.96,-263.14,1.995,20.13,38.09,0.09,0.024,2.128,12.02,44059.56,7.4,94.74,7.538,-0,-0.9998,150.8,150.92,138.6,25,Cornering,"Hoosier 43075 16x7.5-10 R20, 7 inch rim",12893
78.37,587.238,-4.6,-557.51,-262.19,1.993,19.6,38.01,0.03,0.0175,2.1264,11.95,159015.17,7.4,94.75,7.488,-0,-1,150.74,150.87,138.42,25,Cornering,"Hoosier 43075 16x7.5-10 R20, 7 inch rim",12894
78.36,587.248,-2.93,-554.46,-260.3,1.995,18.7,38.02,0.09,0.0113,2.1301,11.97,44078.41,7.4,94.79,7.449,-0,-0.9998,150.78,150.85,138.38,25,Cornering,"Hoosier 43075 16x7.5-10 R20, 7 inch rim",12895
78.39,587.258,-2.7,-551.75,-257.58,1.992,17.39,37.51,0.09,0.0105,2.142,12.02,44081.04,7.4,94.8,7.422,-0,-0.9998,150.78,150.79,138.38,25,Cornering,"Hoosier 43075 16x7.5-10 R20, 7 inch rim",12896
78.4,587.268,-2.92,-549.33,-255.65,2.005,17.32,37.8,0.03,0.0114,2.1488,12.13,159090.91,7.4,94.83,7.376,-0,-1,150.85,150.74,138.4,25,Cornering,"Hoosier 43075 16x7.5-10 R20, 7 inch rim",12897
78.37,587.278,-4.05,-547.95,-255.01,2.002,18.35,38.37,0.03,0.0159,2.1487,12.17,159213.41,7.4,94.84,7.342,-0,-1,150.91,150.79,138.48,25.02,Cornering,"Hoosier 43075 16x7.5-10 R20, 7 inch rim",12898
78.37,587.288,-5.77,-547.61,-255.5,1.996,19.39,38.91,0.16,0.0226,2.1433,12.17,25621.99,7.4,94.86,7.299,-0,-0.9997,150.87,150.87,138.52,25.03,Cornering,"Hoosier 43075 16x7.5-10 R20, 7 inch rim",12899
78.39,587.298,-7.4,-547.86,-256.8,1.976,19.99,39.42,0.16,0.0288,2.1334,12.1,25636.37,7.41,94.89,7.253,-0,-0.9997,150.85,150.94,138.66,25.04,Cornering,"Hoosier 43075 16x7.5-10 R20, 7 inch rim",12900
78.37,587.308,-8.42,-548.29,-258.25,1.977,20.11,39.72,0.09,0.0326,2.1231,12.01,44161.41,7.4,94.91,7.221,-0,-0.9998,150.63,150.7,138.88,25.04,Cornering,"Hoosier 43075 16x7.5-10 R20, 7 inch rim",12901
78.34,587.318,-8.86,-549.64,-260.64,1.993,19.38,39.9,-0.04,0.034,2.1089,11.93,-99027.03,7.4,94.94,7.183,-0,-1.0001,150.35,150.46,138.98,25.03,Cornering,"Hoosier 43075 16x7.5-10 R20, 7 inch rim",12902
78.38,587.328,-8.63,-550.05,-262.65,1.992,19.61,39.52,0.16,0.0329,2.0942,11.94,25606.12,7.4,94.95,7.154,-0,-0.9997,150.01,150.26,139.13,25.01,Cornering,"Hoosier 43075 16x7.5-10 R20, 7 inch rim",12903
78.38,587.338,-7.31,-549.7,-263.63,1.986,19.68,39.47,0.09,0.0277,2.0851,11.98,44070.2,7.4,94.97,7.103,-0,-0.9998,149.75,150.17,139.15,24.98,Cornering,"Hoosier 43075 16x7.5-10 R20, 7 inch rim",12904
78.35,587.348,-6.05,-548.31,-263.45,1.992,19.42,38.7,0.3,0.023,2.0812,12.11,13902.75,7.4,94.97,7.064,-0,-0.9995,149.69,150.08,138.98,24.97,Cornering,"Hoosier 43075 16x7.5-10 R20, 7 inch rim",12905
78.35,587.358,-4.86,-545.73,-261.56,1.99,18,37.78,0.09,0.0186,2.0865,12.14,44045.28,7.41,95.02,7.04,-0,-0.9998,149.69,149.93,138.84,24.96,Cornering,"Hoosier 43075 16x7.5-10 R20, 7 inch rim",12906
78.37,587.368,-4.87,-542.1,-258.73,1.999,17.66,36.52,0.09,0.0188,2.0952,12.17,44028.46,7.4,95.07,7,-0,-0.9998,149.67,149.88,138.84,24.95,Cornering,"Hoosier 43075 16x7.5-10 R20, 7 inch rim",12907
78.36,587.378,-4.97,-539.2,-256.4,1.99,17.13,36.33,0.09,0.0194,2.103,12.14,44033.88,7.41,95.16,6.939,-0,-0.9998,149.65,149.73,138.84,24.95,Cornering,"Hoosier 43075 16x7.5-10 R20, 7 inch rim",12908
78.34,587.388,-6.2,-536.74,-255.23,1.986,17.87,36.56,0.16,0.0243,2.1029,12.06,25541.8,7.41,95.21,6.911,-0,-0.9997,149.67,149.75,138.88,24.93,Cornering,"Hoosier 43075 16x7.5-10 R20, 7 inch rim",12909
78.36,587.398,-7.6,-534.88,-255.14,1.983,18.7,37.58,0.16,0.0298,2.0964,11.97,25532.06,7.41,95.25,6.869,-0,-0.9997,149.67,149.75,138.94,24.92,Cornering,"Hoosier 43075 16x7.5-10 R20, 7 inch rim",12910
78.37,587.408,-9.34,-534.08,-256.6,1.995,19.07,38.47,0.23,0.0364,2.0814,11.92,17991.17,7.41,95.27,6.832,-0,-0.9996,149.54,149.82,139.05,24.93,Cornering,"Hoosier 43075 16x7.5-10 R20, 7 inch rim",12911
78.34,587.418,-10.29,-534.31,-259.27,1.993,19.79,39.71,0.09,0.0397,2.0609,11.93,44026.86,7.41,95.29,6.788,-0,-0.9998,149.3,149.58,139.21,24.94,Cornering,"Hoosier 43075 16x7.5-10 R20, 7 inch rim",12912
78.34,587.428,-10.25,-535.03,-261.57,1.995,19.25,40.75,0.16,0.0392,2.0455,12,25573.76,7.41,95.33,6.75,-0,-0.9997,149.02,149.33,139.43,24.96,Cornering,"Hoosier 43075 16x7.5-10 R20, 7 inch rim",12913
78.36,587.438,-9.24,-535.74,-263.78,1.987,18.91,41.89,0.23,0.035,2.0311,12.1,18033.28,7.41,95.34,6.707,-0,-0.9996,148.64,149.11,139.53,24.98,Cornering,"Hoosier 43075 16x7.5-10 R20, 7 inch rim",12914
78.36,587.448,-8.32,-535.7,-265.43,1.995,18.83,41.58,0.09,0.0314,2.0183,12.15,44139.64,7.41,95.3,6.667,-0,-0.9998,148.36,149.05,139.51,25,Cornering,"Hoosier 43075 16x7.5-10 R20, 7 inch rim",12915
78.32,587.458,-6.73,-534.48,-264.78,1.992,17.67,41.28,0.09,0.0254,2.0186,12.19,44143.95,7.41,95.27,6.617,-0,-0.9998,148.19,149,139.45,25,Cornering,"Hoosier 43075 16x7.5-10 R20, 7 inch rim",12916
78.35,587.468,-5.01,-531.89,-262.86,1.983,16.89,40.85,0.03,0.0191,2.0234,12.13,159275.69,7.41,95.24,6.583,-0,-1,148.12,148.89,139.29,24.99,Cornering,"Hoosier 43075 16x7.5-10 R20, 7 inch rim",12917
78.37,587.478,-4.15,-528.7,-260.79,1.995,16.48,40.32,0.09,0.0159,2.0273,12.03,44160.51,7.41,95.23,6.543,-0,-0.9998,148.14,148.81,139.23,25,Cornering,"Hoosier 43075 16x7.5-10 R20, 7 inch rim",12918
78.33,587.488,-3.53,-524.88,-258.24,1.986,16.75,40.7,0.09,0.0137,2.0325,11.96,44154.49,7.41,95.24,6.493,-0,-0.9998,148.08,148.7,139.29,25,Cornering,"Hoosier 43075 16x7.5-10 R20, 7 inch rim",12919
78.32,587.498,-4.18,-521.97,-256.77,1.987,17.02,41.27,0.03,0.0163,2.0329,11.92,159353.91,7.41,95.24,6.447,-0,-1,148.06,148.65,139.37,25,Cornering,"Hoosier 43075 16x7.5-10 R20, 7 inch rim",12920
78.34,587.508,-5.65,-519.5,-256.62,1.999,18.09,42.22,0.23,0.022,2.0244,11.94,18055.85,7.42,95.21,6.418,-0,-0.9996,148.01,148.65,139.43,25,Cornering,"Hoosier 43075 16x7.5-10 R20, 7 inch rim",12921
78.34,587.518,-7.05,-518.7,-257.37,1.992,17.54,43.22,0.09,0.0274,2.0154,12.02,44143.64,7.42,95.21,6.377,-0,-0.9998,148.08,148.74,139.53,24.98,Cornering,"Hoosier 43075 16x7.5-10 R20, 7 inch rim",12922
78.31,587.528,-8.22,-518.17,-259.95,1.995,18.48,44.2,0.16,0.0316,1.9934,12.08,25623.81,7.42,95.17,6.335,-0,-0.9997,147.89,148.61,139.63,24.98,Cornering,"Hoosier 43075 16x7.5-10 R20, 7 inch rim",12923
78.34,587.538,-8.65,-518.55,-262.7,1.987,18.49,44.8,0.09,0.0329,1.974,12.11,44129.58,7.42,95.16,6.298,-0,-0.9998,147.71,148.41,139.81,24.97,Cornering,"Hoosier 43075 16x7.5-10 R20, 7 inch rim",12924
78.36,587.548,-8.64,-518.98,-264.48,1.99,17.27,45.02,0.03,0.0327,1.9623,12.08,159260.67,7.42,95.17,6.262,-0,-1,147.44,148.1,139.91,24.97,Cornering,"Hoosier 43075 16x7.5-10 R20, 7 inch rim",12925
78.32,587.558,-8.04,-519.09,-266.18,1.993,16.71,44.73,0.09,0.0302,1.9502,11.99,44084.59,7.42,95.18,6.221,-0,-0.9998,147.14,148.03,139.97,24.94,Cornering,"Hoosier 43075 16x7.5-10 R20, 7 inch rim",12926
78.32,587.568,-7.21,-517.98,-267.15,2.001,17.21,43.78,0.16,0.027,1.9389,11.94,25589.15,7.42,95.17,6.186,-0,-0.9997,146.98,147.92,139.93,24.94,Cornering,"Hoosier 43075 16x7.5-10 R20, 7 inch rim",12927
78.34,587.578,-5.58,-515.98,-265.99,1.983,16.49,43.31,0.16,0.021,1.9398,11.95,25573.49,7.42,95.17,6.139,-0,-0.9997,146.9,147.92,139.83,24.93,Cornering,"Hoosier 43075 16x7.5-10 R20, 7 inch rim",12928
78.34,587.588,-4.38,-512.51,-262.74,1.992,15.34,42.94,0.16,0.0167,1.9506,12,25569.17,7.42,95.17,6.103,-0,-0.9997,146.79,147.84,139.77,24.92,Cornering,"Hoosier 43075 16x7.5-10 R20, 7 inch rim",12929
78.32,587.598,-4.23,-508.54,-260.18,1.99,15.35,42.62,0.23,0.0163,1.9546,12.1,18017.02,7.42,95.18,6.07,-0,-0.9996,146.75,147.73,139.79,24.93,Cornering,"Hoosier 43075 16x7.5-10 R20, 7 inch rim",12930
78.32,587.608,-4.99,-504.88,-258.09,1.992,15.48,42.63,0.03,0.0194,1.9562,12.18,159068,7.42,95.18,6.03,-0,-1,146.64,147.68,139.87,24.93,Cornering,"Hoosier 43075 16x7.5-10 R20, 7 inch rim",12931
78.34,587.618,-6.06,-501.62,-257.5,1.986,16.9,43.49,0.09,0.0235,1.948,12.18,44144,7.43,95.2,5.986,-0,-0.9998,146.71,147.75,139.91,24.97,Cornering,"Hoosier 43075 16x7.5-10 R20, 7 inch rim",12932
78.32,587.628,-7.9,-499.57,-258.51,1.986,18.15,44.01,0.03,0.0306,1.9325,12.13,159350.31,7.43,95.21,5.946,-0,-1,146.66,147.77,140.04,24.97,Cornering,"Hoosier 43075 16x7.5-10 R20, 7 inch rim",12933
78.31,587.638,-9.08,-498.94,-259.23,1.986,17,44.98,0.16,0.035,1.9247,12.07,25637.43,7.43,95.22,5.907,-0,-0.9997,146.51,147.73,140.14,24.98,Cornering,"Hoosier 43075 16x7.5-10 R20, 7 inch rim",12934
78.33,587.648,-10.29,-498.22,-262.58,1.99,18.2,44.92,-0.04,0.0392,1.8974,11.98,-99069.24,7.43,95.24,5.865,-0,-1.0001,146.3,147.46,140.32,24.97,Cornering,"Hoosier 43075 16x7.5-10 R20, 7 inch rim",12935
78.34,587.658,-9.91,-498.79,-265.14,1.995,16.9,45.53,0.09,0.0374,1.8812,11.96,44186.8,7.43,95.28,5.827,-0,-0.9998,146.06,147.2,140.42,24.98,Cornering,"Hoosier 43075 16x7.5-10 R20, 7 inch rim",12936
78.3,587.668,-9.44,-498.89,-267.36,1.996,16.59,45.31,0.09,0.0353,1.866,11.98,44190.32,7.43,95.31,5.78,-0,-0.9998,145.74,147.02,140.44,24.98,Cornering,"Hoosier 43075 16x7.5-10 R20, 7 inch rim",12937
78.31,587.678,-8.02,-498.08,-268.31,1.99,16.29,44.95,0.09,0.0299,1.8563,12.05,44244.54,7.43,95.32,5.739,-0,-0.9998,145.53,146.91,140.42,25.01,Cornering,"Hoosier 43075 16x7.5-10 R20, 7 inch rim",12938
78.34,587.688,-7.04,-495.91,-267.72,1.989,16.54,43.78,-0.04,0.0263,1.8524,12.1,-99257.64,7.43,95.36,5.701,-0,-1.0001,145.46,146.78,140.28,25.01,Cornering,"Hoosier 43075 16x7.5-10 R20, 7 inch rim",12939
78.33,587.698,-5.29,-492.58,-265.29,1.995,14.99,43.83,0.23,0.0199,1.8567,12.11,18092.23,7.43,95.36,5.669,-0,-0.9996,145.35,146.67,140.24,25.01,Cornering,"Hoosier 43075 16x7.5-10 R20, 7 inch rim",12940
78.3,587.708,-4.14,-488.62,-262.41,1.993,14.69,44.14,0.16,0.0158,1.8621,12.06,25661.2,7.43,95.38,5.631,-0,-0.9997,145.38,146.49,140.26,24.99,Cornering,"Hoosier 43075 16x7.5-10 R20, 7 inch rim",12941
78.32,587.718,-4.29,-484.37,-259.49,1.996,13.98,44.39,0.03,0.0165,1.8666,12,159407.36,7.43,95.37,5.593,-0,-1,145.31,146.38,140.3,24.97,Cornering,"Hoosier 43075 16x7.5-10 R20, 7 inch rim",12942
78.34,587.728,-5.79,-480.82,-258.46,1.993,15.07,44.74,0.03,0.0224,1.8603,11.97,159344.77,7.44,95.36,5.549,-0,-1,145.31,146.34,140.28,24.96,Cornering,"Hoosier 43075 16x7.5-10 R20, 7 inch rim",12943
78.31,587.738,-7.35,-478.63,-258.9,1.99,15.45,45.61,0.16,0.0284,1.8487,12,25636.42,7.44,95.34,5.51,-0,-0.9997,145.33,146.32,140.32,24.96,Cornering,"Hoosier 43075 16x7.5-10 R20, 7 inch rim",12944
78.3,587.748,-8.85,-477.19,-260.1,1.982,15.8,46.58,0.09,0.034,1.8346,12.06,44192.1,7.44,95.34,5.47,-0,-0.9998,145.27,146.23,140.42,24.97,Cornering,"Hoosier 43075 16x7.5-10 R20, 7 inch rim",12945
78.33,587.758,-9.71,-476.33,-263.38,1.995,16.92,47.57,0.16,0.0369,1.8085,12.13,25675.45,7.44,95.35,5.429,-0,-0.9997,145.08,146.03,140.56,25,Cornering,"Hoosier 43075 16x7.5-10 R20, 7 inch rim",12946
78.32,587.768,-9.56,-476.25,-266.42,1.99,17,48.5,0.16,0.0359,1.7876,12.15,25701.17,7.44,95.36,5.382,-0,-0.9997,144.84,145.75,140.62,25.02,Cornering,"Hoosier 43075 16x7.5-10 R20, 7 inch rim",12947
78.3,587.778,-8.85,-476.66,-268.74,1.999,16.27,48.79,0.09,0.0329,1.7737,12.09,44283.07,7.44,95.35,5.341,-0,-0.9998,144.62,145.53,140.66,25.02,Cornering,"Hoosier 43075 16x7.5-10 R20, 7 inch rim",12948
78.31,587.788,-7.9,-476,-269.95,1.987,15.37,48.3,0.16,0.0293,1.7633,12.03,25680.19,7.44,95.33,5.31,-0,-0.9997,144.41,145.33,140.64,25,Cornering,"Hoosier 43075 16x7.5-10 R20, 7 inch rim",12949
78.33,587.798,-6.58,-474.79,-269.18,1.989,14.07,47.63,0.03,0.0245,1.7639,11.94,159598.83,7.44,95.32,5.273,-0,-1,144.22,145.24,140.5,24.98,Cornering,"Hoosier 43075 16x7.5-10 R20, 7 inch rim",12950
78.31,587.808,-5.21,-472.06,-267.32,2.004,13.18,47.12,0.16,0.0195,1.7659,11.93,25671.64,7.44,95.34,5.224,-0,-0.9997,144.22,145.13,140.46,24.98,Cornering,"Hoosier 43075 16x7.5-10 R20, 7 inch rim",12951
78.29,587.818,-4.74,-467.64,-264.05,1.986,12.71,46.38,0.03,0.018,1.771,11.95,159546.14,7.45,95.35,5.184,-0,-1,144.15,144.95,140.48,24.97,Cornering,"Hoosier 43075 16x7.5-10 R20, 7 inch rim",12952
78.33,587.828,-4.98,-462.91,-261.44,1.996,13.02,46.32,0.23,0.0191,1.7706,12.01,18069.34,7.45,95.35,5.144,-0,-0.9996,144.11,144.89,140.64,24.96,Cornering,"Hoosier 43075 16x7.5-10 R20, 7 inch rim",12953
78.33,587.838,-5.92,-458.91,-259.83,1.992,13.64,46.79,0.09,0.0228,1.7662,12.11,44217.21,7.45,95.36,5.098,-0,-0.9998,144.09,144.82,140.76,24.97,Cornering,"Hoosier 43075 16x7.5-10 R20, 7 inch rim",12954
78.29,587.848,-7.59,-455.35,-259.35,1.99,14.1,47.31,0.16,0.0293,1.7557,12.17,25659.98,7.45,95.39,5.061,-0,-0.9997,144.09,144.82,140.88,24.97,Cornering,"Hoosier 43075 16x7.5-10 R20, 7 inch rim",12955
78.31,587.858,-8.85,-452.69,-260.04,1.986,14.54,48.45,0.09,0.034,1.7408,12.14,44232.27,7.45,95.39,5.024,-0,-0.9998,144.02,144.8,141.05,24.98,Cornering,"Hoosier 43075 16x7.5-10 R20, 7 inch rim",12956
78.34,587.868,-9.75,-451.54,-262.44,1.992,15.21,49.49,0.09,0.0372,1.7206,12.08,44235.46,7.45,95.39,4.973,-0,-0.9998,143.92,144.62,141.23,24.98,Cornering,"Hoosier 43075 16x7.5-10 R20, 7 inch rim",12957
78.3,587.878,-9.64,-451.3,-265.32,1.982,15.09,50.51,-0.04,0.0363,1.7009,12,-99235.37,7.45,95.44,4.942,-0,-1.0001,143.75,144.29,141.39,24.98,Cornering,"Hoosier 43075 16x7.5-10 R20, 7 inch rim",12958
78.29,587.888,-9.24,-451.52,-268.25,1.973,14.51,50.75,0.03,0.0345,1.6832,11.95,159648.23,7.46,95.43,4.903,-0,-1,143.47,144.03,141.45,24.98,Cornering,"Hoosier 43075 16x7.5-10 R20, 7 inch rim",12959
78.32,587.898,-8.18,-451.16,-270.62,1.987,14.39,50.61,0.09,0.0302,1.6671,11.97,44222.18,7.46,95.38,4.857,-0,-0.9998,143.32,143.9,141.45,24.97,Cornering,"Hoosier 43075 16x7.5-10 R20, 7 inch rim",12960
78.32,587.908,-6.64,-450.25,-270.3,1.993,12.65,50.2,0.09,0.0246,1.6658,12.01,44224.03,7.46,95.37,4.827,-0,-0.9998,143.17,143.76,141.49,24.97,Cornering,"Hoosier 43075 16x7.5-10 R20, 7 inch rim",12961
78.3,587.918,-5.55,-447.52,-268.38,1.993,11.59,49.27,0.16,0.0207,1.6675,12.1,25675.67,7.46,95.35,4.793,-0,-0.9997,143.08,143.63,141.41,24.97,Cornering,"Hoosier 43075 16x7.5-10 R20, 7 inch rim",12962
78.3,587.928,-4.44,-443.73,-265.28,1.996,10.59,48.84,0.09,0.0168,1.6727,12.11,44260.48,7.46,95.31,4.734,-0,-0.9998,143.04,143.48,141.39,24.98,Cornering,"Hoosier 43075 16x7.5-10 R20, 7 inch rim",12963
78.33,587.938,-4.43,-438.53,-261.6,1.979,10.76,48.52,0.09,0.0169,1.6763,12.08,44293.6,7.46,95.28,4.696,-0,-0.9998,143.02,143.37,141.45,25,Cornering,"Hoosier 43075 16x7.5-10 R20, 7 inch rim",12964
78.31,587.948,-5.37,-433.31,-260.01,2.001,12.35,48.77,0.09,0.0207,1.6665,12.03,44274.76,7.46,95.25,4.667,-0,-0.9998,142.95,143.32,141.53,24.99,Cornering,"Hoosier 43075 16x7.5-10 R20, 7 inch rim",12965
78.28,587.958,-6.89,-429.31,-258.47,1.987,12.37,49.38,0.03,0.0267,1.661,11.96,159745,7.46,95.26,4.63,-0,-1,142.95,143.28,141.59,24.98,Cornering,"Hoosier 43075 16x7.5-10 R20, 7 inch rim",12966
78.31,587.968,-8.78,-426.48,-259.59,1.985,13.66,50.28,0.09,0.0338,1.6429,11.94,44249.23,7.47,95.26,4.577,-0,-0.9998,142.89,143.26,141.67,24.97,Cornering,"Hoosier 43075 16x7.5-10 R20, 7 inch rim",12967
78.33,587.978,-10.34,-424.88,-261.59,1.995,13.95,50.88,0.09,0.0395,1.6242,11.98,44250.81,7.47,95.24,4.55,-0,-0.9998,142.84,143.1,141.79,24.97,Cornering,"Hoosier 43075 16x7.5-10 R20, 7 inch rim",12968
78.3,587.988,-10.73,-424.65,-264.61,1.999,13.7,51.94,0.03,0.0405,1.6048,12.05,159733.94,7.47,95.24,4.505,-0,-1,142.63,142.86,141.89,24.98,Cornering,"Hoosier 43075 16x7.5-10 R20, 7 inch rim",12969
78.29,587.998,-10.35,-424.72,-267.62,1.992,12.97,52.5,0.09,0.0387,1.587,12.14,44306.98,7.47,95.22,4.465,-0,-0.9998,142.35,142.69,141.94,25,Cornering,"Hoosier 43075 16x7.5-10 R20, 7 inch rim",12970
78.32,588.008,-9.29,-424.49,-270.19,1.983,12.69,52.57,0.09,0.0344,1.571,12.16,44329.38,7.47,95.18,4.432,-0,-0.9998,142.14,142.53,141.94,25.01,Cornering,"Hoosier 43075 16x7.5-10 R20, 7 inch rim",12971
78.31,588.018,-8.37,-423.72,-270.35,1.987,11.26,51.62,0.16,0.031,1.5673,12.12,25730.94,7.47,95.15,4.392,-0,-0.9997,141.99,142.44,141.89,25.01,Cornering,"Hoosier 43075 16x7.5-10 R20, 7 inch rim",12972
78.29,588.028,-6.87,-421.59,-268.83,1.992,10.6,51,0.09,0.0255,1.5682,12.03,44323.55,7.47,95.15,4.352,-0,-0.9998,141.86,142.31,141.81,25.01,Cornering,"Hoosier 43075 16x7.5-10 R20, 7 inch rim",12973
78.31,588.038,-5.85,-417.66,-265.44,1.999,9.51,50.27,0.09,0.022,1.5735,11.96,44284.58,7.47,95.15,4.313,-0,-0.9998,141.84,142.25,141.81,24.98,Cornering,"Hoosier 43075 16x7.5-10 R20, 7 inch rim",12974
78.32,588.048,-5.67,-412.6,-262.57,1.987,10.49,49.8,0.03,0.0216,1.5714,11.94,159743.25,7.47,95.13,4.273,-0,-1,141.71,142.05,141.85,24.97,Cornering,"Hoosier 43075 16x7.5-10 R20, 7 inch rim",12975
78.3,588.058,-5.99,-407.1,-259.27,1.986,10.59,50.19,0.16,0.0231,1.5702,11.95,25688.25,7.48,95.1,4.233,-0,-0.9997,141.66,142,141.91,24.97,Cornering,"Hoosier 43075 16x7.5-10 R20, 7 inch rim",12976
78.29,588.068,-7.57,-402.48,-257.88,1.982,10.81,50.39,0.03,0.0294,1.5607,12.02,159686.95,7.48,95.04,4.18,-0,-1,141.62,141.92,141.94,24.96,Cornering,"Hoosier 43075 16x7.5-10 R20, 7 inch rim",12977
78.32,588.078,-9.19,-398.76,-258.62,2.008,12.03,51.46,0.09,0.0355,1.5419,12.1,44261.86,7.47,95.01,4.162,-0,-0.9998,141.62,141.98,142.02,24.97,Cornering,"Hoosier 43075 16x7.5-10 R20, 7 inch rim",12978
78.31,588.088,-10.42,-396.53,-260.06,1.992,11.91,52.43,0.09,0.0401,1.5248,12.15,44264.61,7.48,94.99,4.109,-0,-0.9998,141.56,141.85,142.12,24.97,Cornering,"Hoosier 43075 16x7.5-10 R20, 7 inch rim",12979
78.29,588.098,-10.85,-395.22,-263.22,1.999,11.96,53.59,0.09,0.0412,1.5015,12.13,44276.8,7.48,95.01,4.071,-0,-0.9998,141.36,141.67,142.22,24.97,Cornering,"Hoosier 43075 16x7.5-10 R20, 7 inch rim",12980
78.3,588.108,-10.82,-394.96,-266.62,1.99,11.42,53.94,0.16,0.0406,1.4814,12.07,25700.18,7.48,94.99,4.036,-0,-0.9997,141.17,141.48,142.26,24.97,Cornering,"Hoosier 43075 16x7.5-10 R20, 7 inch rim",12981
78.32,588.118,-10.12,-394.59,-269.33,1.998,10.39,54.2,0.09,0.0376,1.4651,11.99,44311.25,7.48,95,4,-0,-0.9998,141.02,141.39,142.24,24.99,Cornering,"Hoosier 43075 16x7.5-10 R20, 7 inch rim",12982
78.3,588.128,-8.53,-393.47,-270.56,1.992,9.25,54.18,0.09,0.0315,1.4543,11.92,44333.81,7.48,95.02,3.96,-0,-0.9998,140.89,141.21,142.16,25,Cornering,"Hoosier 43075 16x7.5-10 R20, 7 inch rim",12983
78.29,588.138,-7.01,-391.2,-268.85,1.992,7.75,53.75,0.16,0.0261,1.4551,11.89,25727.8,7.48,95.03,3.905,-0,-0.9997,140.83,141.12,142.08,25,Cornering,"Hoosier 43075 16x7.5-10 R20, 7 inch rim",12984
78.32,588.148,-6.14,-387.06,-266.62,1.99,8.17,52.54,0.09,0.023,1.4517,11.94,44316.91,7.49,95.04,3.885,-0,-0.9998,140.74,141.01,142.02,24.99,Cornering,"Hoosier 43075 16x7.5-10 R20, 7 inch rim",12985
78.33,588.158,-5.58,-382.03,-263.09,1.985,8.14,51.86,0.09,0.0212,1.4521,12,44360.72,7.49,95.04,3.829,-0,-0.9998,140.63,140.93,142.02,25.01,Cornering,"Hoosier 43075 16x7.5-10 R20, 7 inch rim",12986
78.29,588.168,-5.93,-375.6,-259.81,1.987,9.05,51.73,0.09,0.0228,1.4456,12.1,44373.25,7.49,95.03,3.782,-0,-0.9998,140.55,140.79,142.08,25.02,Cornering,"Hoosier 43075 16x7.5-10 R20, 7 inch rim",12987
78.3,588.178,-7.23,-369.89,-258.27,1.986,10,51.99,0.09,0.028,1.4322,12.11,44385.55,7.49,95,3.739,-0,-0.9998,140.46,140.75,142.14,25.03,Cornering,"Hoosier 43075 16x7.5-10 R20, 7 inch rim",12988
78.32,588.188,-8.6,-365.57,-257.57,1.99,9.73,52.81,0.09,0.0334,1.4193,12.07,44365.99,7.49,94.98,3.718,-0,-0.9998,140.42,140.75,142.16,25.01,Cornering,"Hoosier 43075 16x7.5-10 R20, 7 inch rim",12989
78.3,588.198,-10.3,-362.74,-259.45,1.993,9.61,53.44,0.09,0.0397,1.3981,11.99,44306.55,7.49,94.99,3.669,-0,-0.9998,140.46,140.66,142.18,24.98,Cornering,"Hoosier 43075 16x7.5-10 R20, 7 inch rim",12990
78.28,588.208,-10.96,-360.8,-261.92,1.98,9.27,54.24,0.03,0.0418,1.3775,11.91,159747.25,7.5,95.04,3.628,-0,-1,140.36,140.42,142.22,24.96,Cornering,"Hoosier 43075 16x7.5-10 R20, 7 inch rim",12991
78.31,588.218,-11.25,-360.23,-266.23,1.996,9.14,54.72,0.03,0.0423,1.3531,11.89,159753.5,7.49,95.05,3.589,-0,-1,140.21,140.15,142.22,24.96,Cornering,"Hoosier 43075 16x7.5-10 R20, 7 inch rim",12992
78.32,588.228,-10.87,-359.06,-269.47,1.999,8.72,54.67,0.09,0.0403,1.3325,11.92,44311.95,7.49,95.06,3.549,-0,-0.9998,140.03,139.96,142.1,24.98,Cornering,"Hoosier 43075 16x7.5-10 R20, 7 inch rim",12993
78.29,588.238,-9.63,-357.79,-270.68,1.995,7.03,54.47,0.09,0.0356,1.3218,12.01,44365.49,7.5,95.05,3.5,-0,-0.9998,139.93,139.8,142.06,25.01,Cornering,"Hoosier 43075 16x7.5-10 R20, 7 inch rim",12994
78.3,588.248,-8.76,-355.33,-270.19,2.002,6.39,53.3,0.09,0.0324,1.3151,12.09,44428.92,7.5,95.05,3.46,-0,-0.9998,139.78,139.69,141.96,25.04,Cornering,"Hoosier 43075 16x7.5-10 R20, 7 inch rim",12995
78.33,588.258,-7.03,-351.37,-267.59,2.008,6.09,53.13,0.16,0.0263,1.3131,12.13,25782.48,7.5,95.04,3.418,-0,-0.9997,139.73,139.58,141.91,25.04,Cornering,"Hoosier 43075 16x7.5-10 R20, 7 inch rim",12996
78.31,588.268,-6.24,-345.87,-263.87,1.992,6.1,52.35,0.03,0.0237,1.3107,12.11,160195.17,7.5,95.08,3.374,-0,-1,139.73,139.45,141.91,25.02,Cornering,"Hoosier 43075 16x7.5-10 R20, 7 inch rim",12997
78.28,588.278,-6.52,-339.75,-260.3,1.986,6.26,51.68,0.09,0.025,1.3052,12.03,44382.69,7.5,95.11,3.337,-0,-0.9998,139.65,139.32,141.94,25.01,Cornering,"Hoosier 43075 16x7.5-10 R20, 7 inch rim",12998
78.31,588.288,-7.47,-334.08,-258.06,1.993,6.25,51.86,0.03,0.029,1.2946,11.92,160020.67,7.5,95.16,3.3,-0,-1,139.69,139.27,142,24.99,Cornering,"Hoosier 43075 16x7.5-10 R20, 7 inch rim",12999
78.32,588.298,-9.24,-329.12,-257.98,1.996,7.15,52.04,0.03,0.0358,1.2758,11.86,160025.91,7.51,95.17,3.264,-0,-1,139.71,139.27,142,24.99,Cornering,"Hoosier 43075 16x7.5-10 R20, 7 inch rim",13000
78.28,588.308,-10.73,-325.51,-258.88,1.979,7.27,52.53,0.03,0.0415,1.2574,11.88,159957.47,7.51,95.17,3.224,-0,-1,139.71,139.25,142.04,24.98,Cornering,"Hoosier 43075 16x7.5-10 R20, 7 inch rim",13001
78.3,588.318,-11.28,-322.99,-261.34,2.005,6.64,53.7,0.09,0.0431,1.2359,11.93,44337.38,7.51,95.15,3.185,-0,-0.9998,139.63,139.01,142,24.98,Cornering,"Hoosier 43075 16x7.5-10 R20, 7 inch rim",13002
78.32,588.328,-11.79,-321.33,-265.31,2.004,6.69,53.85,0.23,0.0444,1.2111,12.02,18124.5,7.51,95.13,3.146,-0,-0.9996,139.45,138.75,141.98,24.98,Cornering,"Hoosier 43075 16x7.5-10 R20, 7 inch rim",13003
78.31,588.338,-11.33,-319.7,-268.19,1.996,5.46,53.77,0.09,0.0422,1.1921,12.13,44319.73,7.51,95.12,3.109,-0,-0.9998,139.3,138.53,141.91,24.97,Cornering,"Hoosier 43075 16x7.5-10 R20, 7 inch rim",13004
78.29,588.348,-10.1,-317.76,-270.57,1.987,5.03,53.55,0.09,0.0373,1.1744,12.14,44310.8,7.51,95.13,3.073,-0,-0.9998,139.09,138.39,141.77,24.97,Cornering,"Hoosier 43075 16x7.5-10 R20, 7 inch rim",13005
78.3,588.358,-9.29,-314.98,-270.39,1.989,4.1,52.22,0.16,0.0343,1.1649,12.09,25719.51,7.51,95.11,3.043,-0,-0.9997,138.96,138.28,141.67,24.97,Cornering,"Hoosier 43075 16x7.5-10 R20, 7 inch rim",13006
78.32,588.368,-7.49,-311.01,-268.06,1.989,3.28,51.83,0.03,0.0279,1.1602,12.01,159950.36,7.51,95.11,3.006,-0,-1,138.79,138.2,141.57,24.97,Cornering,"Hoosier 43075 16x7.5-10 R20, 7 inch rim",13007
78.3,588.378,-7.23,-305.36,-264.9,2.005,3.45,50.32,0.23,0.0273,1.1528,11.92,18110.46,7.51,95.1,2.965,-0,-0.9996,138.68,138.13,141.51,24.96,Cornering,"Hoosier 43075 16x7.5-10 R20, 7 inch rim",13008
78.29,588.388,-7.06,-299.7,-261.45,1.989,3.34,49.81,0.16,0.027,1.1463,11.88,25698.02,7.52,95.09,2.93,-0,-0.9997,138.66,138.06,141.51,24.94,Cornering,"Hoosier 43075 16x7.5-10 R20, 7 inch rim",13009
78.32,588.398,-8.2,-293.43,-258.39,1.996,3.25,49.32,0.03,0.0317,1.1356,11.9,159852.75,7.52,95.14,2.9,-0,-1,138.6,138.02,141.53,24.96,Cornering,"Hoosier 43075 16x7.5-10 R20, 7 inch rim",13010
78.31,588.408,-9.91,-287.39,-257.59,1.993,4.65,49.28,0.09,0.0385,1.1157,11.95,44298.45,7.52,95.13,2.846,-0,-0.9998,138.62,138,141.53,24.96,Cornering,"Hoosier 43075 16x7.5-10 R20, 7 inch rim",13011
78.28,588.418,-12.05,-283.37,-257.71,1.998,3.95,49.07,-0.04,0.0468,1.0995,12.04,-99467.6,7.52,95.13,2.806,-0,-1.0001,138.62,138.02,141.51,24.98,Cornering,"Hoosier 43075 16x7.5-10 R20, 7 inch rim",13012
78.3,588.428,-13.25,-280.5,-260.07,1.989,4.09,49.65,0.09,0.0509,1.0785,12.09,44383.25,7.53,95.12,2.773,-0,-0.9998,138.64,137.87,141.43,25,Cornering,"Hoosier 43075 16x7.5-10 R20, 7 inch rim",13013
78.32,588.438,-13.43,-278.27,-263,2.005,3.57,50.36,0.09,0.0511,1.0581,12.05,44374.44,7.52,95.13,2.728,-0,-0.9998,138.49,137.62,141.35,25,Cornering,"Hoosier 43075 16x7.5-10 R20, 7 inch rim",13014
78.3,588.448,-12.88,-275.85,-265.98,1.996,3.39,50.59,0.09,0.0484,1.0371,11.97,44365.69,7.53,95.15,2.681,-0,-0.9998,138.32,137.43,141.29,24.99,Cornering,"Hoosier 43075 16x7.5-10 R20, 7 inch rim",13015
78.29,588.458,-12.12,-274.06,-268.95,1.998,2.99,49.99,0.09,0.0451,1.019,11.9,44366.93,7.53,95.18,2.642,-0,-0.9998,138.19,137.25,141.17,24.99,Cornering,"Hoosier 43075 16x7.5-10 R20, 7 inch rim",13016
78.32,588.468,-10.78,-271.42,-269.18,1.992,1.69,49.16,0.09,0.0401,1.0083,11.91,44358.27,7.53,95.26,2.591,-0,-0.9998,138.12,137.12,141.05,24.98,Cornering,"Hoosier 43075 16x7.5-10 R20, 7 inch rim",13017
78.31,588.478,-9.39,-267.44,-267,1.989,1.07,48.16,0.23,0.0352,1.0017,11.95,18162.33,7.53,95.27,2.555,-0,-0.9996,138.02,136.96,140.94,25.02,Cornering,"Hoosier 43075 16x7.5-10 R20, 7 inch rim",13018
78.28,588.488,-8.35,-262.26,-263.43,1.99,0.7,47.29,0.16,0.0317,0.9956,12.02,25807.74,7.53,95.3,2.501,-0,-0.9997,138,136.85,140.88,25.04,Cornering,"Hoosier 43075 16x7.5-10 R20, 7 inch rim",13019
78.29,588.498,-7.8,-256.16,-259.66,1.992,1.05,46.93,0.09,0.03,0.9865,12.1,44475.54,7.53,95.3,2.456,-0,-0.9998,137.91,136.79,140.84,25.05,Cornering,"Hoosier 43075 16x7.5-10 R20, 7 inch rim",13020
78.32,588.508,-7.98,-249.27,-256.26,1.996,1.14,47.14,0.03,0.0311,0.9727,12.08,160428.33,7.54,95.3,2.419,-0,-1,137.91,136.68,140.84,25.04,Cornering,"Hoosier 43075 16x7.5-10 R20, 7 inch rim",13021
78.3,588.518,-9.23,-242.8,-254.62,1.993,1.63,47.19,0.09,0.0362,0.9536,12.03,44405.81,7.54,95.29,2.376,-0,-0.9998,137.93,136.7,140.9,25.01,Cornering,"Hoosier 43075 16x7.5-10 R20, 7 inch rim",13022
78.28,588.528,-10.75,-237.98,-254.71,1.99,1.59,47.5,0.16,0.0422,0.9343,11.91,25762.78,7.54,95.29,2.332,-0,-0.9997,137.91,136.7,140.92,25,Cornering,"Hoosier 43075 16x7.5-10 R20, 7 inch rim",13023
78.31,588.538,-12.02,-234.05,-256.76,1.99,1.64,47.99,0.23,0.0468,0.9116,11.86,18131.83,7.54,95.3,2.287,-0,-0.9996,137.84,136.57,140.88,24.97,Cornering,"Hoosier 43075 16x7.5-10 R20, 7 inch rim",13024
78.32,588.548,-12.46,-231.36,-259.22,1.999,0.78,48.49,-0.04,0.0481,0.8925,11.84,-99504.66,7.54,95.31,2.262,-0,-1.0001,137.74,136.26,140.82,24.98,Cornering,"Hoosier 43075 16x7.5-10 R20, 7 inch rim",13025
78.29,588.558,-12.08,-228.91,-263.31,1.992,0.86,48.9,0.09,0.0459,0.8693,11.9,44358.67,7.54,95.32,2.217,-0,-0.9998,137.54,136.08,140.74,24.98,Cornering,"Hoosier 43075 16x7.5-10 R20, 7 inch rim",13026
78.29,588.568,-11.08,-226.49,-266.4,1.985,0.4,48.71,0.09,0.0416,0.8502,11.99,44349.6,7.54,95.32,2.17,-0,-0.9998,137.37,135.93,140.64,24.97,Cornering,"Hoosier 43075 16x7.5-10 R20, 7 inch rim",13027
78.32,588.578,-9.78,-223.88,-266.34,1.993,-1.94,48.03,0.03,0.0367,0.8406,12.06,160010.56,7.54,95.34,2.131,-0,-1,137.24,135.8,140.52,24.97,Cornering,"Hoosier 43075 16x7.5-10 R20, 7 inch rim",13028
78.3,588.588,-7.74,-219.86,-265.72,1.996,-1.66,47.81,0.03,0.0291,0.8274,12.06,159938.94,7.54,95.37,2.101,-0,-1,137.14,135.8,140.42,24.96,Cornering,"Hoosier 43075 16x7.5-10 R20, 7 inch rim",13029
78.29,588.598,-6.98,-214.68,-262.24,2.001,-2.36,46.58,0.09,0.0266,0.8186,12,44321.4,7.54,95.39,2.061,-0,-0.9998,137.12,135.75,140.36,24.96,Cornering,"Hoosier 43075 16x7.5-10 R20, 7 inch rim",13030
78.3,588.608,-6.58,-208.86,-258.72,1.987,-1.84,45.71,0.09,0.0254,0.8073,11.94,44342.77,7.55,95.39,2.028,-0,-0.9998,137.01,135.62,140.34,24.97,Cornering,"Hoosier 43075 16x7.5-10 R20, 7 inch rim",13031
78.33,588.618,-7.46,-201.8,-255.51,1.986,-0.75,44.72,0.16,0.0292,0.7898,11.89,25755.8,7.55,95.36,1.994,-0,-0.9997,136.94,135.51,140.32,24.98,Cornering,"Hoosier 43075 16x7.5-10 R20, 7 inch rim",13032
78.29,588.628,-9.06,-195.81,-253.34,1.979,-0.9,44.05,-0.04,0.0358,0.7729,11.92,-99545.12,7.55,95.33,1.947,-0,-1.0001,137.01,135.51,140.36,24.98,Cornering,"Hoosier 43075 16x7.5-10 R20, 7 inch rim",13033
78.29,588.638,-10.83,-190.69,-253.21,1.983,-0.46,43.93,0.09,0.0428,0.7531,11.93,44375.98,7.55,95.3,1.926,-0,-0.9998,136.99,135.53,140.4,24.98,Cornering,"Hoosier 43075 16x7.5-10 R20, 7 inch rim",13034
78.32,588.648,-12.56,-186.97,-254.15,1.999,-1.45,43.75,0.16,0.0494,0.7357,12.01,25739.5,7.55,95.28,1.868,-0,-0.9997,136.99,135.38,140.38,24.97,Cornering,"Hoosier 43075 16x7.5-10 R20, 7 inch rim",13035
78.31,588.658,-13.65,-184.1,-257.05,1.996,-1.71,43.44,0.09,0.0531,0.7162,12.07,44336.65,7.55,95.26,1.841,-0,-0.9998,136.94,135.2,140.26,24.96,Cornering,"Hoosier 43075 16x7.5-10 R20, 7 inch rim",13036
78.29,588.668,-14.07,-181.53,-260.39,1.996,-2.33,42.97,0.09,0.054,0.6971,12.03,44347.69,7.55,95.24,1.805,-0,-0.9998,136.79,134.94,140.14,24.97,Cornering,"Hoosier 43075 16x7.5-10 R20, 7 inch rim",13037
78.31,588.678,-13.91,-179.12,-263.48,1.995,-3.55,42,0.03,0.0528,0.6798,11.96,160115.08,7.55,95.24,1.758,-0,-1,136.69,134.76,140.02,24.98,Cornering,"Hoosier 43075 16x7.5-10 R20, 7 inch rim",13038
78.33,588.688,-12.9,-175.96,-265.1,1.983,-3.82,41.17,0.09,0.0487,0.6637,11.9,44369.94,7.55,95.22,1.722,-0,-0.9998,136.6,134.7,139.85,24.98,Cornering,"Hoosier 43075 16x7.5-10 R20, 7 inch rim",13039
78.3,588.698,-12.18,-172.72,-264.8,2.002,-4.51,39.58,0.16,0.046,0.6523,11.87,25765.52,7.55,95.22,1.687,-0,-0.9997,136.51,134.61,139.71,24.99,Cornering,"Hoosier 43075 16x7.5-10 R20, 7 inch rim",13040
78.29,588.708,-11.13,-167.85,-261.61,2.001,-5.1,38.39,0.03,0.0425,0.6416,11.9,160160.22,7.55,95.19,1.642,-0,-1,136.41,134.54,139.67,24.98,Cornering,"Hoosier 43075 16x7.5-10 R20, 7 inch rim",13041
78.32,588.718,-10.61,-161.58,-257.77,1.999,-4.32,37.5,0.03,0.0411,0.6268,11.97,160236.95,7.55,95.17,1.604,-0,-1,136.41,134.52,139.61,25,Cornering,"Hoosier 43075 16x7.5-10 R20, 7 inch rim",13042
78.31,588.728,-10.51,-155.11,-255.13,1.99,-2.82,37.21,0.09,0.0412,0.608,12.04,44424.23,7.56,95.17,1.569,-0,-0.9998,136.3,134.5,139.57,25.01,Cornering,"Hoosier 43075 16x7.5-10 R20, 7 inch rim",13043
78.29,588.738,-11.37,-148.99,-252.29,1.995,-3.22,37.06,-0.04,0.0451,0.5906,12.11,-99725.73,7.56,95.16,1.514,-0,-1.0001,136.3,134.56,139.57,25.03,Cornering,"Hoosier 43075 16x7.5-10 R20, 7 inch rim",13044
78.3,588.748,-12.52,-143.43,-251.41,1.987,-3.42,37.44,-0.04,0.0498,0.5705,12.08,-99726.79,7.56,95.13,1.485,-0,-1.0001,136.36,134.61,139.63,25.03,Cornering,"Hoosier 43075 16x7.5-10 R20, 7 inch rim",13045
78.32,588.758,-13.52,-138.78,-252.01,2.001,-3.93,38.02,0.03,0.0536,0.5507,12.01,160396.16,7.56,95.11,1.428,-0,-1,136.32,134.52,139.53,25.02,Cornering,"Hoosier 43075 16x7.5-10 R20, 7 inch rim",13046
78.3,588.768,-14.19,-135.16,-254.04,1.996,-4.87,38.51,0.03,0.0559,0.532,11.91,160287.27,7.56,95.07,1.381,-0,-1,136.28,134.34,139.41,25,Cornering,"Hoosier 43075 16x7.5-10 R20, 7 inch rim",13047
78.28,588.778,-14,-132.44,-257.03,1.987,-6.44,38.86,0.09,0.0545,0.5153,11.86,44376.16,7.56,95.03,1.354,-0,-0.9998,136.17,134.08,139.23,24.98,Cornering,"Hoosier 43075 16x7.5-10 R20, 7 inch rim",13048
78.3,588.788,-13.36,-129.1,-260.45,1.995,-6.66,38.85,0.03,0.0513,0.4957,11.86,160179.27,7.56,94.99,1.314,-0,-1,136.04,133.86,139.07,24.98,Cornering,"Hoosier 43075 16x7.5-10 R20, 7 inch rim",13049
78.32,588.798,-12.39,-125.62,-262.62,1.996,-7.19,38.16,0.09,0.0472,0.4784,11.93,44367.04,7.56,94.94,1.269,-0,-0.9998,135.91,133.75,138.88,24.97,Cornering,"Hoosier 43075 16x7.5-10 R20, 7 inch rim",13050
78.28,588.808,-11.26,-120.8,-262.52,1.992,-6.88,36.96,0.03,0.0429,0.4602,12,160183.53,7.56,94.96,1.225,-0,-1,135.85,133.68,138.72,24.98,Cornering,"Hoosier 43075 16x7.5-10 R20, 7 inch rim",13051
78.3,588.818,-10.01,-115.13,-259.94,1.998,-6.9,36.04,0.09,0.0385,0.4429,12.08,44368.25,7.56,94.96,1.173,-0,-0.9998,135.81,133.62,138.62,24.97,Cornering,"Hoosier 43075 16x7.5-10 R20, 7 inch rim",13052
78.32,588.828,-8.98,-109.04,-255.76,1.992,-7.23,35.13,0.03,0.0351,0.4263,12.1,160150.11,7.56,94.94,1.139,-0,-1,135.76,133.57,138.56,24.98,Cornering,"Hoosier 43075 16x7.5-10 R20, 7 inch rim",13053
78.3,588.838,-8.82,-102.15,-251.92,1.989,-6.8,34.66,0.16,0.035,0.4055,12.05,25746.78,7.57,94.9,1.089,-0,-0.9997,135.72,133.55,138.52,24.97,Cornering,"Hoosier 43075 16x7.5-10 R20, 7 inch rim",13054
78.28,588.848,-9.58,-95.39,-249.71,2.002,-6.05,34.25,0.09,0.0384,0.382,11.97,44359.29,7.56,94.85,1.053,-0,-0.9998,135.72,133.55,138.48,24.97,Cornering,"Hoosier 43075 16x7.5-10 R20, 7 inch rim",13055
78.3,588.858,-10.89,-89.53,-248.48,1.995,-6.09,34.17,0.03,0.0438,0.3603,11.89,160080.33,7.57,94.8,1.022,-0,-1,135.66,133.62,138.48,24.97,Cornering,"Hoosier 43075 16x7.5-10 R20, 7 inch rim",13056
78.32,588.868,-12.74,-84.71,-248.76,1.986,-6.88,33.65,0.09,0.0512,0.3405,11.88,44370.34,7.57,94.75,0.977,-0,-0.9998,135.64,133.55,138.38,24.97,Cornering,"Hoosier 43075 16x7.5-10 R20, 7 inch rim",13057
78.29,588.878,-14.09,-80.98,-250.23,2.002,-8.57,33.22,0.03,0.0563,0.3236,11.92,160120.34,7.57,94.72,0.937,-0,-1,135.55,133.35,138.26,24.97,Cornering,"Hoosier 43075 16x7.5-10 R20, 7 inch rim",13058
78.29,588.888,-14.59,-77.3,-253.59,1.989,-8.4,32.88,-0.04,0.0575,0.3048,12,-99558.2,7.57,94.71,0.894,-0,-1.0001,135.48,133.13,138.08,24.98,Cornering,"Hoosier 43075 16x7.5-10 R20, 7 inch rim",13059
78.33,588.898,-14.08,-73.67,-256.1,1.99,-9.49,32.6,0.03,0.055,0.2877,12.09,160159.78,7.57,94.7,0.861,-0,-1,135.42,132.89,137.83,24.98,Cornering,"Hoosier 43075 16x7.5-10 R20, 7 inch rim",13060
78.3,588.908,-13.18,-69.42,-258.3,2.001,-9.58,31.82,0.09,0.051,0.2688,12.14,44392.18,7.57,94.69,0.827,-0,-0.9998,135.31,132.71,137.65,24.98,Cornering,"Hoosier 43075 16x7.5-10 R20, 7 inch rim",13061
78.28,588.918,-12.08,-64.93,-257.84,1.992,-10.44,30.71,0.03,0.0468,0.2518,12.09,160199.14,7.57,94.65,0.777,-0,-1,135.23,132.67,137.47,24.98,Cornering,"Hoosier 43075 16x7.5-10 R20, 7 inch rim",13062
78.31,588.928,-10.56,-59.72,-255.36,1.995,-10.37,29.63,0.03,0.0414,0.2339,12.03,160162.86,7.57,94.59,0.738,-0,-1,135.18,132.67,137.33,24.98,Cornering,"Hoosier 43075 16x7.5-10 R20, 7 inch rim",13063
78.32,588.938,-9.77,-53.89,-252.41,1.992,-9.51,28.27,-0.04,0.0387,0.2135,11.92,-99491.73,7.57,94.58,0.712,-0,-1.0001,135.16,132.63,137.19,24.96,Cornering,"Hoosier 43075 16x7.5-10 R20, 7 inch rim",13064
78.29,588.948,-9.96,-47.6,-249.31,1.986,-8.56,26.78,0.03,0.04,0.1909,11.86,160053,7.57,94.59,0.656,-0,-1,135.03,132.63,137.09,24.96,Cornering,"Hoosier 43075 16x7.5-10 R20, 7 inch rim",13065
78.29,588.958,-10.96,-41.48,-246.72,2.002,-8.36,25.92,0.03,0.0444,0.1681,11.87,160016.3,7.57,94.62,0.629,-0,-1,135.06,132.82,136.96,24.96,Cornering,"Hoosier 43075 16x7.5-10 R20, 7 inch rim",13066
78.32,588.968,-12.65,-36.04,-246.12,1.986,-8.09,24.9,0.03,0.0514,0.1464,11.94,160054.22,7.57,94.63,0.581,-0,-1,135.1,132.91,136.9,24.96,Cornering,"Hoosier 43075 16x7.5-10 R20, 7 inch rim",13067
78.3,588.978,-14.65,-31.72,-246.2,1.998,-9.22,24.01,0.09,0.0595,0.1288,12.01,44362.75,7.57,94.62,0.562,-0,-0.9998,135.06,133.02,136.9,24.97,Cornering,"Hoosier 43075 16x7.5-10 R20, 7 inch rim",13068
78.28,588.988,-15.75,-27.18,-247.62,1.986,-10,23.64,0.03,0.0636,0.1097,12.08,160092.12,7.57,94.62,0.523,-0,-1,134.97,132.91,136.78,24.97,Cornering,"Hoosier 43075 16x7.5-10 R20, 7 inch rim",13069
78.3,588.998,-16.25,-23.43,-249.39,1.995,-12.09,23.37,0.03,0.0652,0.094,12.06,159981.05,7.57,94.58,0.483,-0,-1,134.91,132.69,136.58,24.95,Cornering,"Hoosier 43075 16x7.5-10 R20, 7 inch rim",13070
78.32,589.008,-16.03,-19.18,-251.84,1.989,-13.29,22.99,0.09,0.0637,0.0761,12.01,44321.9,7.57,94.52,0.44,-0,-0.9998,134.82,132.41,136.32,24.94,Cornering,"Hoosier 43075 16x7.5-10 R20, 7 inch rim",13071
78.3,589.018,-15.03,-14.15,-254.14,1.996,-13.21,22.74,0.09,0.0591,0.0557,11.92,44291.08,7.57,94.51,0.402,-0,-0.9998,134.78,132.27,136.07,24.93,Cornering,"Hoosier 43075 16x7.5-10 R20, 7 inch rim",13072
78.28,589.028,-14.06,-8.7,-254.49,1.995,-13.46,21.4,0.03,0.0553,0.0342,11.86,159758.83,7.57,94.52,0.372,-0,-1,134.69,132.21,135.89,24.92,Cornering,"Hoosier 43075 16x7.5-10 R20, 7 inch rim",13073
78.31,589.038,-12.28,-2.84,-252.83,1.989,-12.99,20.65,0.16,0.0486,0.0112,11.89,25689.52,7.57,94.62,0.323,-0,-0.9997,134.65,132.19,135.73,24.91,Cornering,"Hoosier 43075 16x7.5-10 R20, 7 inch rim",13074
78.31,589.048,-11.68,3.13,-249.95,1.998,-12.4,18.97,-0.04,0.0467,-0.0125,11.94,-99332.76,7.57,94.67,0.293,-0,-1.0001,134.63,132.14,135.63,24.92,Cornering,"Hoosier 43075 16x7.5-10 R20, 7 inch rim",13075
78.28,589.058,-10.84,9.41,-246.42,1.992,-11.99,18.33,0.03,0.044,-0.0382,12.03,159870.45,7.57,94.67,0.244,-0,-1,134.52,132.16,135.53,24.93,Cornering,"Hoosier 43075 16x7.5-10 R20, 7 inch rim",13076
78.3,589.068,-11.36,15.1,-244.15,1.987,-11.82,17.5,0.09,0.0465,-0.0618,12.05,44311.73,7.57,94.65,0.211,-0,-0.9998,134.43,132.19,135.43,24.94,Cornering,"Hoosier 43075 16x7.5-10 R20, 7 inch rim",13077
78.32,589.078,-12.78,20.96,-243.06,1.993,-11.67,16.92,0.03,0.0526,-0.0862,12.02,159944.5,7.57,94.62,0.172,-0,-1,134.45,132.27,135.39,24.94,Cornering,"Hoosier 43075 16x7.5-10 R20, 7 inch rim",13078
78.3,589.088,-14.26,26.08,-243.22,1.987,-12.41,16.48,-0.04,0.0586,-0.1072,11.95,-99447.86,7.57,94.62,0.122,-0,-1.0001,134.48,132.27,135.29,24.95,Cornering,"Hoosier 43075 16x7.5-10 R20, 7 inch rim",13079
78.28,589.098,-15.44,30.59,-244.37,1.993,-13.83,16.37,-0.04,0.0632,-0.1252,11.87,-99516.97,7.57,94.58,0.087,-0,-1.0001,134.37,132.23,135.1,24.97,Cornering,"Hoosier 43075 16x7.5-10 R20, 7 inch rim",13080
78.31,589.108,-16.07,35.45,-246.65,1.999,-14.79,15.84,0.09,0.0651,-0.1437,11.86,44414.34,7.57,94.61,0.039,-0,-0.9998,134.3,132.05,134.9,25,Cornering,"Hoosier 43075 16x7.5-10 R20, 7 inch rim",13081
78.31,589.118,-16.07,40.46,-248.49,1.993,-16.03,15.2,0.03,0.0647,-0.1628,11.89,160314.38,7.57,94.63,-0.007,-0,-1,134.18,131.9,134.6,25,Cornering,"Hoosier 43075 16x7.5-10 R20, 7 inch rim",13082
78.28,589.128,-15.41,46.12,-250.72,1.987,-15.88,14.39,0.03,0.0615,-0.184,11.95,160425.34,7.57,94.65,-0.042,-0,-1,134.11,131.68,134.36,25.02,Cornering,"Hoosier 43075 16x7.5-10 R20, 7 inch rim",13083
78.29,589.138,-13.55,51.9,-251.67,1.983,-15.85,13.96,-0.04,0.0539,-0.2062,12.03,-99746.33,7.57,94.65,-0.101,-0,-1.0001,134.03,131.57,134.16,25.03,Cornering,"Hoosier 43075 16x7.5-10 R20, 7 inch rim",13084
78.32,589.148,-11.87,58.07,-250.46,1.996,-15.66,12.93,0.03,0.0474,-0.2318,12.1,160386.55,7.57,94.63,-0.131,-0,-1,134,131.59,133.97,25.01,Cornering,"Hoosier 43075 16x7.5-10 R20, 7 inch rim",13085
78.3,589.158,-10.24,64.04,-247.42,1.992,-15.83,12.06,0.09,0.0414,-0.2588,12.09,44444.14,7.57,94.6,-0.185,-0,-0.9998,134,131.57,133.91,25.01,Cornering,"Hoosier 43075 16x7.5-10 R20, 7 inch rim",13086
78.28,589.168,-9.74,70.04,-244.8,1.987,-15.37,10.62,0.03,0.0398,-0.2861,12.01,160346.95,7.57,94.58,-0.237,-0,-1,133.96,131.57,133.83,25.01,Cornering,"Hoosier 43075 16x7.5-10 R20, 7 inch rim",13087
78.3,589.178,-10.1,76.31,-241.91,1.999,-15.51,9.66,-0.04,0.0418,-0.3154,11.95,-99697.48,7.57,94.58,-0.283,-0,-1.0001,133.88,131.59,133.77,25.01,Cornering,"Hoosier 43075 16x7.5-10 R20, 7 inch rim",13088
78.32,589.188,-11.01,81.89,-241.02,1.983,-15.34,9.01,0.09,0.0457,-0.3398,11.9,44443.19,7.57,94.56,-0.316,-0,-0.9998,133.88,131.72,133.73,25.01,Cornering,"Hoosier 43075 16x7.5-10 R20, 7 inch rim",13089
78.28,589.198,-12.3,87.32,-241.75,2.002,-15.3,8.71,-0.04,0.0509,-0.3612,11.89,-99696.05,7.57,94.55,-0.36,-0,-1.0001,133.88,131.72,133.69,25.01,Cornering,"Hoosier 43075 16x7.5-10 R20, 7 inch rim",13090
78.3,589.208,-13.29,92.44,-241.72,1.987,-16.71,8.56,0.09,0.055,-0.3824,11.95,44452.77,7.57,94.59,-0.399,-0,-0.9998,133.83,131.68,133.61,25.02,Cornering,"Hoosier 43075 16x7.5-10 R20, 7 inch rim",13091
78.32,589.218,-13.37,97.44,-243.49,1.989,-17.79,8.75,0.03,0.0549,-0.4002,12.02,160452.33,7.57,94.62,-0.437,-0,-1,133.77,131.55,133.49,25.03,Cornering,"Hoosier 43075 16x7.5-10 R20, 7 inch rim",13092
78.3,589.228,-13.29,102.77,-245.63,1.99,-18.52,8.47,-0.04,0.0541,-0.4184,12.11,-99693.59,7.57,94.66,-0.475,-0,-1.0001,133.66,131.31,133.25,25.01,Cornering,"Hoosier 43075 16x7.5-10 R20, 7 inch rim",13093
78.28,589.238,-12.57,108.56,-247.09,1.982,-19.01,7.77,-0.04,0.0509,-0.4394,12.11,-99646.85,7.58,94.68,-0.498,-0,-1.0001,133.55,131.2,133.02,25,Cornering,"Hoosier 43075 16x7.5-10 R20, 7 inch rim",13094
78.3,589.248,-11.4,114.14,-247.67,1.998,-19.6,7.05,0.16,0.046,-0.4609,12.07,25764.55,7.57,94.7,-0.541,-0,-0.9997,133.53,131.09,132.84,24.98,Cornering,"Hoosier 43075 16x7.5-10 R20, 7 inch rim",13095
78.32,589.258,-10.13,119.42,-247.24,1.998,-19.14,5.49,0.03,0.041,-0.483,11.97,160112.67,7.57,94.72,-0.572,-0,-1,133.47,131.06,132.6,24.97,Cornering,"Hoosier 43075 16x7.5-10 R20, 7 inch rim",13096
78.29,589.268,-9.21,125.09,-244.41,1.99,-19.57,3.71,0.09,0.0377,-0.5118,11.91,44337.36,7.57,94.73,-0.599,-0,-0.9998,133.45,131.04,132.56,24.96,Cornering,"Hoosier 43075 16x7.5-10 R20, 7 inch rim",13097
78.3,589.278,-8.26,130.49,-242.7,1.999,-17.85,2.54,-0.18,0.034,-0.5377,11.89,-23439.26,7.57,94.74,-0.635,-0,-1.0003,133.43,131.04,132.48,24.96,Cornering,"Hoosier 43075 16x7.5-10 R20, 7 inch rim",13098
78.31,589.288,-8.6,135.86,-240.08,1.986,-17.79,0.9,-0.04,0.0358,-0.5659,11.94,-99387.97,7.57,94.78,-0.678,-0,-1.0001,133.32,131.06,132.44,24.94,Cornering,"Hoosier 43075 16x7.5-10 R20, 7 inch rim",13099
78.31,589.298,-10.11,140.45,-238.23,1.993,-18.7,-0.82,0.03,0.0424,-0.5896,12,159846.61,7.57,94.84,-0.704,-0,-1,133.32,131.13,132.44,24.93,Cornering,"Hoosier 43075 16x7.5-10 R20, 7 inch rim",13100
78.29,589.308,-12.5,145.69,-237.03,1.993,-19.37,-2.67,0.03,0.0528,-0.6146,12.11,159808.05,7.57,94.9,-0.732,-0,-1,133.27,131.26,132.48,24.93,Cornering,"Hoosier 43075 16x7.5-10 R20, 7 inch rim",13101
78.3,589.318,-14.1,150.5,-237.16,1.995,-19.49,-3.61,0.09,0.0594,-0.6346,12.14,44262.84,7.57,94.94,-0.784,-0,-0.9998,133.3,131.31,132.44,24.92,Cornering,"Hoosier 43075 16x7.5-10 R20, 7 inch rim",13102
78.32,589.328,-15.68,154.53,-237.89,2.001,-21.18,-4.84,0.03,0.0659,-0.6496,12.09,159729.58,7.57,94.98,-0.813,-0,-1,133.19,131.22,132.4,24.92,Cornering,"Hoosier 43075 16x7.5-10 R20, 7 inch rim",13103
78.29,589.338,-16.39,159.27,-240.35,1.99,-21,-6.06,0.03,0.0682,-0.6627,12,159652.92,7.57,95.03,-0.856,-0,-1,133.12,131.13,132.26,24.9,Cornering,"Hoosier 43075 16x7.5-10 R20, 7 inch rim",13104
78.29,589.348,-16.19,164.13,-242.31,1.995,-21.38,-6.91,0.03,0.0668,-0.6773,11.89,159762.78,7.57,95,-0.884,-0,-1,133.06,130.95,132.05,24.92,Cornering,"Hoosier 43075 16x7.5-10 R20, 7 inch rim",13105
78.31,589.358,-15.72,169,-244.33,1.999,-21.11,-8.23,0.03,0.0644,-0.6917,11.83,159908.23,7.57,94.95,-0.939,-0,-1,133.02,130.89,131.87,24.94,Cornering,"Hoosier 43075 16x7.5-10 R20, 7 inch rim",13106
78.31,589.368,-14.53,173.99,-244.83,2.001,-20.74,-9.61,0.09,0.0593,-0.7106,11.85,44352.34,7.57,94.91,-0.984,-0,-0.9998,132.93,130.84,131.75,24.97,Cornering,"Hoosier 43075 16x7.5-10 R20, 7 inch rim",13107
78.28,589.378,-12.95,178.79,-243.77,1.99,-20.22,-10.61,-0.04,0.0531,-0.7334,11.91,-99514.84,7.57,94.94,-1.019,-0,-1.0001,132.89,130.87,131.71,24.97,Cornering,"Hoosier 43075 16x7.5-10 R20, 7 inch rim",13108
78.3,589.388,-11.23,184.15,-241.34,2.001,-19.76,-10.78,-0.11,0.0465,-0.763,12.03,-37976.07,7.57,94.92,-1.072,-0,-1.0002,132.78,130.87,131.63,24.98,Cornering,"Hoosier 43075 16x7.5-10 R20, 7 inch rim",13109
78.32,589.398,-10.64,188.74,-238.72,1.992,-20.37,-11.26,0.03,0.0446,-0.7906,12.1,160120.09,7.57,94.89,-1.112,-0,-1,132.67,130.91,131.63,24.98,Cornering,"Hoosier 43075 16x7.5-10 R20, 7 inch rim",13110
78.3,589.408,-11.04,193.52,-237.43,1.985,-20.8,-11.55,0.09,0.0465,-0.815,12.14,44338.61,7.57,94.86,-1.171,-0,-0.9998,132.52,130.95,131.61,24.96,Cornering,"Hoosier 43075 16x7.5-10 R20, 7 inch rim",13111
78.28,589.418,-11.16,198.9,-236.42,1.992,-21.51,-10.59,-0.11,0.0472,-0.8413,12.08,-37964.89,7.57,94.87,-1.215,-0,-1.0002,132.44,131.09,131.65,24.98,Cornering,"Hoosier 43075 16x7.5-10 R20, 7 inch rim",13112
78.32,589.428,-11.2,203.7,-236.62,1.992,-22.72,-9.33,-0.11,0.0473,-0.8609,12.03,-37981.55,7.57,94.88,-1.269,-0,-1.0002,132.35,131.09,131.63,24.99,Cornering,"Hoosier 43075 16x7.5-10 R20, 7 inch rim",13113
78.31,589.438,-11.17,209.15,-237.65,1.999,-23.09,-8.24,0.03,0.047,-0.8801,11.95,160254.27,7.56,94.92,-1.309,-0,-1,132.29,131.06,131.55,25,Cornering,"Hoosier 43075 16x7.5-10 R20, 7 inch rim",13114
78.29,589.448,-11.13,214.5,-239.87,1.99,-23.12,-7.83,0.09,0.0464,-0.8942,11.93,44427.27,7.56,94.94,-1.361,-0,-0.9998,132.16,130.98,131.45,25.01,Cornering,"Hoosier 43075 16x7.5-10 R20, 7 inch rim",13115
78.3,589.458,-9.78,219.85,-242.19,1.979,-23.5,-7.17,-0.04,0.0404,-0.9077,11.97,-99566.98,7.56,94.93,-1.397,-0,-1.0001,132.03,130.82,131.31,24.99,Cornering,"Hoosier 43075 16x7.5-10 R20, 7 inch rim",13116
78.31,589.468,-8.15,225.35,-244.64,1.985,-22.95,-6.88,0.09,0.0333,-0.9211,12.04,44332.95,7.56,94.93,-1.434,-0,-0.9998,131.97,130.69,131.18,24.96,Cornering,"Hoosier 43075 16x7.5-10 R20, 7 inch rim",13117
78.3,589.478,-6.63,230.18,-245.7,1.999,-23.06,-7.4,0.09,0.027,-0.9368,12.11,44291.14,7.56,94.93,-1.461,-0,-0.9998,131.86,130.67,131.02,24.94,Cornering,"Hoosier 43075 16x7.5-10 R20, 7 inch rim",13118
78.28,589.488,-5.33,234.19,-244.58,1.983,-24.38,-8.8,-0.04,0.0218,-0.9575,12.11,-99353.03,7.56,94.89,-1.513,-0,-1.0001,131.79,130.69,130.98,24.94,Cornering,"Hoosier 43075 16x7.5-10 R20, 7 inch rim",13119
78.31,589.498,-4.34,238.77,-242.58,2.002,-24.93,-10.03,0.09,0.0179,-0.9843,12.09,44288.71,7.55,94.85,-1.561,-0,-0.9998,131.77,130.69,130.94,24.94,Cornering,"Hoosier 43075 16x7.5-10 R20, 7 inch rim",13120
78.32,589.508,-4.05,242.73,-240.18,2.002,-26.3,-11.38,0.03,0.0168,-1.0106,12.02,159859.27,7.55,94.8,-1.587,-0,-1,131.77,130.67,130.94,24.94,Cornering,"Hoosier 43075 16x7.5-10 R20, 7 inch rim",13121
78.3,589.518,-4.87,247.49,-238.14,1.998,-26.84,-12.46,0.16,0.0205,-1.0392,11.96,25705.26,7.56,94.75,-1.614,-0,-0.9997,131.71,130.78,130.96,24.94,Cornering,"Hoosier 43075 16x7.5-10 R20, 7 inch rim",13122
78.29,589.528,-6.78,253.06,-237.09,1.986,-26.75,-13.73,0.03,0.0286,-1.0674,11.96,159814.66,7.56,94.71,-1.667,-0,-1,131.71,130.93,131,24.94,Cornering,"Hoosier 43075 16x7.5-10 R20, 7 inch rim",13123
78.32,589.538,-8.88,258.48,-236.96,1.992,-26.26,-14.64,0.03,0.0375,-1.0908,12.01,159775.31,7.55,94.73,-1.69,-0,-1,131.82,131.04,131.04,24.93,Cornering,"Hoosier 43075 16x7.5-10 R20, 7 inch rim",13124
78.31,589.548,-10.23,263.17,-237.77,1.986,-25.89,-15.14,0.03,0.043,-1.1068,12.08,159956.98,7.55,94.74,-1.732,-0,-1,131.82,131.04,131.04,24.96,Cornering,"Hoosier 43075 16x7.5-10 R20, 7 inch rim",13125
78.28,589.558,-11.03,267.27,-240.15,1.986,-25.39,-15.7,-0.04,0.0459,-1.1129,12.15,-99499.78,7.55,94.73,-1.768,-0,-1.0001,131.73,130.93,130.96,24.98,Cornering,"Hoosier 43075 16x7.5-10 R20, 7 inch rim",13126
78.3,589.568,-11.51,271.04,-242.41,2.001,-25.79,-16.87,-0.04,0.0475,-1.1181,12.13,-99589.42,7.55,94.72,-1.811,-0,-1.0001,131.64,130.84,130.78,25,Cornering,"Hoosier 43075 16x7.5-10 R20, 7 inch rim",13127
78.32,589.578,-11.56,274.1,-245.46,1.982,-25.82,-18.48,0.03,0.0471,-1.1167,12.07,160131.83,7.55,94.69,-1.839,-0,-1,131.6,130.78,130.64,24.99,Cornering,"Hoosier 43075 16x7.5-10 R20, 7 inch rim",13128
78.29,589.588,-10.78,276.94,-247.44,1.992,-26.34,-19.99,0.09,0.0436,-1.1192,11.97,44382.67,7.55,94.63,-1.891,-0,-0.9998,131.6,130.73,130.48,25,Cornering,"Hoosier 43075 16x7.5-10 R20, 7 inch rim",13129
78.29,589.598,-9.56,279.73,-247.26,1.987,-27.14,-21.35,-0.04,0.0387,-1.1313,11.92,-99628.39,7.55,94.58,-1.921,-0,-1.0001,131.58,130.8,130.38,25.01,Cornering,"Hoosier 43075 16x7.5-10 R20, 7 inch rim",13130
78.31,589.608,-7.98,283.24,-245.37,1.998,-27.17,-21.94,0.03,0.0325,-1.1544,11.93,160378.97,7.55,94.55,-1.96,-0,-1,131.54,130.82,130.36,25.03,Cornering,"Hoosier 43075 16x7.5-10 R20, 7 inch rim",13131
78.3,589.618,-7.27,286.73,-242.57,1.998,-28.09,-22.66,0.09,0.03,-1.182,11.99,44461.58,7.55,94.51,-2.004,-0,-0.9998,131.47,130.82,130.32,25.04,Cornering,"Hoosier 43075 16x7.5-10 R20, 7 inch rim",13132
78.29,589.628,-7.23,290.97,-239.24,1.996,-29.43,-22.72,-0.04,0.0302,-1.2162,12.08,-99736.03,7.55,94.46,-2.034,-0,-1.0001,131.39,130.87,130.34,25.04,Cornering,"Hoosier 43075 16x7.5-10 R20, 7 inch rim",13133
78.3,589.638,-7.89,295.73,-237.4,1.998,-29.47,-22.5,-0.18,0.0332,-1.2457,12.13,-23471.24,7.54,94.45,-2.081,-0,-1.0003,131.41,130.98,130.38,25.01,Cornering,"Hoosier 43075 16x7.5-10 R20, 7 inch rim",13134
78.32,589.648,-8.62,300.23,-237.18,1.987,-28.84,-21.82,0.03,0.0364,-1.2659,12.12,160137.59,7.55,94.46,-2.123,-0,-1,131.39,131.06,130.44,25,Cornering,"Hoosier 43075 16x7.5-10 R20, 7 inch rim",13135
78.3,589.658,-9.76,304.45,-238.1,1.989,-27.96,-21.4,0.03,0.041,-1.2787,12.04,160132.83,7.54,94.44,-2.163,-0,-1,131.43,131.09,130.44,25,Cornering,"Hoosier 43075 16x7.5-10 R20, 7 inch rim",13136
78.29,589.668,-10.54,307.9,-239.56,1.992,-28.28,-21.42,-0.04,0.044,-1.2853,11.97,-99585.09,7.54,94.43,-2.204,-0,-1.0001,131.41,130.95,130.42,25.01,Cornering,"Hoosier 43075 16x7.5-10 R20, 7 inch rim",13137
78.31,589.678,-10.37,311.24,-242.26,1.989,-27.97,-21.25,0.03,0.0428,-1.2847,11.95,160272.33,7.54,94.42,-2.237,-0,-1,131.32,130.84,130.34,25.02,Cornering,"Hoosier 43075 16x7.5-10 R20, 7 inch rim",13138
78.31,589.688,-9.63,313.95,-244.83,1.979,-28.87,-21.61,0.03,0.0393,-1.2823,12,160377.45,7.54,94.43,-2.287,-0,-1,131.3,130.76,130.19,25.04,Cornering,"Hoosier 43075 16x7.5-10 R20, 7 inch rim",13139
78.29,589.698,-8.4,316.78,-246.59,1.992,-29.5,-22.08,0.09,0.0341,-1.2847,12.08,44451.28,7.54,94.42,-2.315,-0,-0.9998,131.24,130.71,130.11,25.04,Cornering,"Hoosier 43075 16x7.5-10 R20, 7 inch rim",13140
78.3,589.708,-6.81,319.42,-246.71,1.99,-30.18,-22.72,-0.04,0.0276,-1.2947,12.15,-99663.96,7.54,94.4,-2.376,-0,-1.0001,131.19,130.71,129.99,25.03,Cornering,"Hoosier 43075 16x7.5-10 R20, 7 inch rim",13141
78.33,589.718,-5.38,322.65,-245.24,1.989,-30.28,-23.5,0.03,0.0219,-1.3156,12.14,160176.16,7.54,94.39,-2.409,-0,-1,131.17,130.73,130.03,25.01,Cornering,"Hoosier 43075 16x7.5-10 R20, 7 inch rim",13142
78.3,589.728,-4.15,326.43,-242.06,2.002,-30.59,-23.64,0.09,0.0171,-1.3485,12.1,44343.6,7.54,94.41,-2.448,-0,-0.9998,131.13,130.73,130.01,24.98,Cornering,"Hoosier 43075 16x7.5-10 R20, 7 inch rim",13143
78.28,589.738,-3.69,330.4,-239.42,1.989,-30.58,-23.41,-0.04,0.0154,-1.38,12.02,-99401.14,7.54,94.45,-2.485,-0,-1.0001,131.17,130.69,129.97,24.97,Cornering,"Hoosier 43075 16x7.5-10 R20, 7 inch rim",13144
78.31,589.748,-4.62,334.68,-237.4,1.999,-30.55,-23.53,0.03,0.0195,-1.4097,11.97,159825.09,7.54,94.46,-2.535,-0,-1,131.09,130.78,129.93,24.96,Cornering,"Hoosier 43075 16x7.5-10 R20, 7 inch rim",13145
78.32,589.758,-5.82,339.48,-236.63,1.987,-29.7,-23.26,-0.04,0.0246,-1.4347,11.99,-99348.4,7.54,94.47,-2.562,-0,-1.0001,131.15,130.82,129.95,24.96,Cornering,"Hoosier 43075 16x7.5-10 R20, 7 inch rim",13146
78.28,589.768,-7.39,343.65,-236.21,1.996,-29.94,-23.32,0.03,0.0313,-1.4548,12.07,159778.61,7.54,94.45,-2.602,-0,-1,131.13,130.8,129.97,24.95,Cornering,"Hoosier 43075 16x7.5-10 R20, 7 inch rim",13147
78.29,589.778,-8.49,347.45,-238.34,1.987,-28.38,-23.34,0.09,0.0356,-1.4578,12.15,44263.75,7.54,94.38,-2.653,-0,-0.9998,131.17,130.71,129.93,24.94,Cornering,"Hoosier 43075 16x7.5-10 R20, 7 inch rim",13148
78.33,589.788,-8.82,349.97,-240.23,1.99,-29.59,-23.46,0.03,0.0367,-1.4569,12.21,159581.59,7.53,94.33,-2.683,-0,-1,131.09,130.56,129.83,24.92,Cornering,"Hoosier 43075 16x7.5-10 R20, 7 inch rim",13149
78.3,589.798,-8.81,352.05,-242.4,1.982,-31.1,-24.28,0.03,0.0363,-1.4524,12.19,159426.67,7.53,94.34,-2.727,-0,-1,131.04,130.4,129.71,24.9,Cornering,"Hoosier 43075 16x7.5-10 R20, 7 inch rim",13150
78.28,589.808,-8.11,354.3,-245.44,1.993,-31.07,-24.96,-0.04,0.033,-1.4435,12.12,-99168.88,7.53,94.32,-2.764,-0,-1.0001,131.07,130.36,129.55,24.92,Cornering,"Hoosier 43075 16x7.5-10 R20, 7 inch rim",13151
78.31,589.818,-6.92,356.47,-245.74,1.996,-32.24,-25.88,0.03,0.0282,-1.4506,12.02,159527.83,7.53,94.33,-2.796,-0,-1,131.04,130.29,129.49,24.92,Cornering,"Hoosier 43075 16x7.5-10 R20, 7 inch rim",13152
78.31,589.828,-5.42,358.93,-244.7,1.987,-32.8,-26.56,-0.04,0.0222,-1.4668,12,-99230.18,7.53,94.32,-2.849,-0,-1.0001,131.07,130.32,129.47,24.93,Cornering,"Hoosier 43075 16x7.5-10 R20, 7 inch rim",13153
78.29,589.838,-4.68,362.14,-242.68,1.99,-32.41,-27.35,0.03,0.0193,-1.4923,12,159662.77,7.53,94.31,-2.885,-0,-1,131.07,130.38,129.47,24.94,Cornering,"Hoosier 43075 16x7.5-10 R20, 7 inch rim",13154
78.29,589.848,-4.34,366.24,-239.47,1.999,-32.26,-27.28,0.03,0.0181,-1.5294,12.05,159729.62,7.53,94.31,-2.932,-0,-1,130.98,130.4,129.53,24.95,Cornering,"Hoosier 43075 16x7.5-10 R20, 7 inch rim",13155
78.32,589.858,-4.37,370.69,-237.27,1.99,-31.44,-26.84,0.03,0.0184,-1.5623,12.14,159873.55,7.53,94.33,-2.96,-0,-1,130.98,130.47,129.57,24.97,Cornering,"Hoosier 43075 16x7.5-10 R20, 7 inch rim",13156
78.31,589.868,-5.53,374.98,-235.75,1.999,-31.13,-26.59,-0.04,0.0234,-1.5906,12.16,-99422.3,7.52,94.38,-3.008,-0,-1.0001,130.98,130.58,129.65,24.98,Cornering,"Hoosier 43075 16x7.5-10 R20, 7 inch rim",13157
78.28,589.878,-6.85,378.86,-235.6,1.996,-30.73,-26.21,0.09,0.0291,-1.6081,12.14,44288.46,7.52,94.42,-3.041,-0,-0.9998,131.04,130.62,129.71,24.97,Cornering,"Hoosier 43075 16x7.5-10 R20, 7 inch rim",13158
78.3,589.888,-8.37,381.85,-236.84,1.993,-30.28,-26.39,0.09,0.0354,-1.6123,12.08,44276.37,7.52,94.46,-3.081,-0,-0.9998,131.11,130.47,129.69,24.96,Cornering,"Hoosier 43075 16x7.5-10 R20, 7 inch rim",13159
78.32,589.898,-8.67,384.08,-238.92,1.99,-30.75,-26.31,-0.04,0.0363,-1.6076,12.01,-99273.02,7.52,94.47,-3.115,-0,-1.0001,131.11,130.29,129.69,24.95,Cornering,"Hoosier 43075 16x7.5-10 R20, 7 inch rim",13160
78.29,589.908,-8.51,385.55,-241.59,1.98,-32.28,-26.68,-0.04,0.0352,-1.5959,12,-99291.63,7.52,94.46,-3.158,-0,-1.0001,131.02,130.12,129.65,24.96,Cornering,"Hoosier 43075 16x7.5-10 R20, 7 inch rim",13161
78.29,589.918,-7.99,386.99,-244.38,2.001,-33.89,-27.38,-0.11,0.0327,-1.5836,12.06,-37898.28,7.52,94.47,-3.214,-0,-1.0002,130.91,130.05,129.57,24.97,Cornering,"Hoosier 43075 16x7.5-10 R20, 7 inch rim",13162
78.31,589.928,-6.56,388.89,-245.31,1.987,-34.89,-27.89,-0.11,0.0267,-1.5853,12.1,-37905.97,7.52,94.47,-3.241,-0,-1.0002,130.89,129.99,129.55,24.98,Cornering,"Hoosier 43075 16x7.5-10 R20, 7 inch rim",13163
78.31,589.938,-5.18,391.05,-244.96,1.995,-35.2,-28.74,-0.04,0.0211,-1.5964,12.17,-99439.34,7.51,94.48,-3.287,-0,-1.0001,130.91,129.99,129.53,25,Cornering,"Hoosier 43075 16x7.5-10 R20, 7 inch rim",13164
78.29,589.948,-3.87,394.11,-243.03,1.996,-34.34,-29.09,0.03,0.0159,-1.6216,12.17,159886.69,7.52,94.48,-3.326,-0,-1,130.85,130.03,129.53,24.98,Cornering,"Hoosier 43075 16x7.5-10 R20, 7 inch rim",13165
78.3,589.958,-3.34,397.9,-239.65,1.995,-34.22,-29.01,0.03,0.0139,-1.6603,12.12,159731.72,7.51,94.48,-3.363,-0,-1,130.7,130.12,129.53,24.96,Cornering,"Hoosier 43075 16x7.5-10 R20, 7 inch rim",13166
78.32,589.968,-3.55,402.35,-237.31,1.99,-32.89,-28.91,-0.04,0.0149,-1.6954,12.04,-99266.14,7.52,94.47,-3.394,-0,-1.0001,130.68,130.21,129.57,24.96,Cornering,"Hoosier 43075 16x7.5-10 R20, 7 inch rim",13167
78.29,589.978,-4.68,406.81,-235.64,1.986,-32.11,-28.48,-0.04,0.0199,-1.7264,11.98,-99237.79,7.51,94.43,-3.441,-0,-1.0001,130.64,130.29,129.59,24.95,Cornering,"Hoosier 43075 16x7.5-10 R20, 7 inch rim",13168
78.28,589.988,-5.88,410.35,-235.12,1.998,-31.86,-27.81,-0.04,0.025,-1.7453,11.98,-99280,7.51,94.42,-3.476,-0,-1.0001,130.7,130.29,129.67,24.96,Cornering,"Hoosier 43075 16x7.5-10 R20, 7 inch rim",13169
78.31,589.998,-7.37,413.17,-235.69,1.99,-31.84,-27.79,0.03,0.0313,-1.753,12.03,159740.47,7.51,94.4,-3.519,-0,-1,130.72,130.27,129.71,24.97,Cornering,"Hoosier 43075 16x7.5-10 R20, 7 inch rim",13170
78.31,590.008,-7.82,414.45,-238,1.998,-32.83,-27.49,-0.11,0.0328,-1.7414,12.11,-37892.16,7.51,94.39,-3.565,-0,-1.0002,130.72,130.14,129.71,24.98,Cornering,"Hoosier 43075 16x7.5-10 R20, 7 inch rim",13171
78.28,590.018,-8.22,415.32,-241.34,1.993,-33.78,-27.95,0.03,0.034,-1.7209,12.19,159797.97,7.51,94.35,-3.608,-0,-1,130.66,129.96,129.61,24.98,Cornering,"Hoosier 43075 16x7.5-10 R20, 7 inch rim",13172
78.29,590.028,-8.09,415.84,-243.9,1.993,-36.04,-29,0.09,0.0332,-1.7049,12.19,44247.81,7.51,94.33,-3.659,-0,-0.9998,130.59,129.9,129.59,24.96,Cornering,"Hoosier 43075 16x7.5-10 R20, 7 inch rim",13173
78.32,590.038,-6.81,417.31,-246.25,1.985,-36.12,-29.63,0.03,0.0277,-1.6947,12.15,159780.92,7.51,94.35,-3.696,-0,-1,130.59,129.85,129.55,24.98,Cornering,"Hoosier 43075 16x7.5-10 R20, 7 inch rim",13174
78.3,590.048,-5.26,419.61,-245.55,2.001,-36.85,-30.09,-0.04,0.0214,-1.7088,12.08,-99320.51,7.5,94.36,-3.719,-0,-1.0001,130.57,129.88,129.51,24.98,Cornering,"Hoosier 43075 16x7.5-10 R20, 7 inch rim",13175
78.29,590.058,-4.01,422.66,-243.37,1.996,-36.39,-30.58,0.03,0.0165,-1.7367,12.02,159915.47,7.5,94.37,-3.767,-0,-1,130.57,130.01,129.53,25,Cornering,"Hoosier 43075 16x7.5-10 R20, 7 inch rim",13176
78.31,590.068,-2.91,426.19,-241.08,1.989,-34.97,-30.4,0.09,0.0121,-1.7678,11.99,44322.15,7.51,94.39,-3.804,-0,-0.9998,130.57,130.07,129.55,25.01,Cornering,"Hoosier 43075 16x7.5-10 R20, 7 inch rim",13177
78.32,590.078,-3.02,430.31,-238.45,1.992,-33.89,-30.24,0.09,0.0126,-1.8046,12.03,44310.12,7.5,94.4,-3.835,-0,-0.9998,130.49,130.07,129.59,25,Cornering,"Hoosier 43075 16x7.5-10 R20, 7 inch rim",13178
78.29,590.088,-3.61,434.11,-235.57,1.99,-34.31,-29.58,-0.04,0.0153,-1.8428,12.08,-99344.37,7.5,94.41,-3.898,-0,-1.0001,130.55,130.18,129.65,24.99,Cornering,"Hoosier 43075 16x7.5-10 R20, 7 inch rim",13179
78.29,590.098,-4.96,437.51,-235.13,1.995,-33.39,-29.06,0.03,0.0211,-1.8607,12.14,159845.17,7.5,94.44,-3.931,-0,-1,130.61,130.23,129.75,25,Cornering,"Hoosier 43075 16x7.5-10 R20, 7 inch rim",13180
78.33,590.108,-6.63,439.72,-236.24,1.99,-33.02,-29.05,-0.04,0.0281,-1.8613,12.14,-99381.66,7.5,94.45,-3.967,-0,-1.0001,130.68,130.23,129.81,25,Cornering,"Hoosier 43075 16x7.5-10 R20, 7 inch rim",13181
78.3,590.118,-7.51,440.84,-237.85,1.99,-34.11,-28.98,0.03,0.0316,-1.8534,12.08,159794.45,7.5,94.41,-3.997,-0,-1,130.72,130.05,129.79,24.99,Cornering,"Hoosier 43075 16x7.5-10 R20, 7 inch rim",13182
78.28,590.128,-7.78,441.35,-240.26,1.996,-36.05,-29.15,-0.04,0.0324,-1.837,12.03,-99302.67,7.5,94.39,-4.043,-0,-1.0001,130.7,129.92,129.79,24.98,Cornering,"Hoosier 43075 16x7.5-10 R20, 7 inch rim",13183
78.3,590.138,-7.4,441.72,-243.11,1.993,-37.84,-29.22,-0.04,0.0304,-1.817,11.97,-99249.98,7.5,94.42,-4.093,-0,-1.0001,130.59,129.81,129.75,24.97,Cornering,"Hoosier 43075 16x7.5-10 R20, 7 inch rim",13184
78.32,590.148,-6.71,442.71,-245.35,1.996,-38.43,-30.14,0.03,0.0273,-1.8044,11.96,159581.23,7.5,94.4,-4.129,-0,-1,130.57,129.77,129.71,24.96,Cornering,"Hoosier 43075 16x7.5-10 R20, 7 inch rim",13185
78.29,590.158,-5.39,444.58,-245.55,1.998,-38.66,-30.81,0.03,0.022,-1.8105,12,159684.67,7.49,94.41,-4.165,-0,-1,130.55,129.77,129.67,24.98,Cornering,"Hoosier 43075 16x7.5-10 R20, 7 inch rim",13186
78.29,590.168,-4.27,447.97,-243.97,1.995,-37.24,-31.53,0.03,0.0175,-1.8362,12.11,159715.8,7.49,94.4,-4.192,-0,-1,130.55,129.72,129.67,24.98,Cornering,"Hoosier 43075 16x7.5-10 R20, 7 inch rim",13187
78.32,590.178,-2.88,451,-241,2.001,-36.42,-30.92,0.09,0.012,-1.8714,12.2,44286.87,7.49,94.44,-4.233,-0,-0.9998,130.53,129.77,129.65,25,Cornering,"Hoosier 43075 16x7.5-10 R20, 7 inch rim",13188
78.31,590.188,-2.89,454.81,-237.93,1.989,-35.44,-30.79,0.03,0.0122,-1.9115,12.25,159880.5,7.49,94.46,-4.285,-0,-1,130.4,129.9,129.71,25.01,Cornering,"Hoosier 43075 16x7.5-10 R20, 7 inch rim",13189
78.28,590.198,-3.7,458.32,-235.7,1.992,-34.99,-30.36,0.03,0.0157,-1.9445,12.22,159797.09,7.49,94.46,-4.326,-0,-1,130.49,129.96,129.75,25,Cornering,"Hoosier 43075 16x7.5-10 R20, 7 inch rim",13190
78.3,590.208,-4.42,461.4,-234.71,1.986,-34.82,-29.33,-0.18,0.0188,-1.9658,12.17,-23391.73,7.49,94.48,-4.379,-0,-1.0003,130.64,130.05,129.85,24.98,Cornering,"Hoosier 43075 16x7.5-10 R20, 7 inch rim",13191
78.32,590.218,-6.31,463.29,-235.74,1.986,-34.47,-29.56,0.03,0.0268,-1.9653,12.08,159630.73,7.49,94.5,-4.407,-0,-1,130.61,130.07,129.91,24.98,Cornering,"Hoosier 43075 16x7.5-10 R20, 7 inch rim",13192
78.29,590.228,-7.26,463.91,-236.91,2.002,-36.54,-29.21,0.03,0.0306,-1.9581,12,159550.09,7.49,94.51,-4.435,-0,-1,130.61,130.01,129.89,24.97,Cornering,"Hoosier 43075 16x7.5-10 R20, 7 inch rim",13193
78.29,590.238,-7.76,464.45,-239.88,2.004,-37.42,-29.04,0.09,0.0323,-1.9361,12,44209.74,7.49,94.53,-4.481,-0,-0.9998,130.53,129.85,129.89,24.97,Cornering,"Hoosier 43075 16x7.5-10 R20, 7 inch rim",13194
78.32,590.248,-7.45,464.87,-243.58,1.989,-38.1,-29.49,0.09,0.0306,-1.9085,12.03,44217.23,7.49,94.54,-4.524,-0,-0.9998,130.51,129.77,129.91,24.97,Cornering,"Hoosier 43075 16x7.5-10 R20, 7 inch rim",13195
78.32,590.258,-6.52,466.01,-245.83,1.99,-39.38,-29.95,-0.04,0.0265,-1.8956,12.13,-99160.9,7.49,94.57,-4.565,-0,-1.0001,130.46,129.7,129.89,24.97,Cornering,"Hoosier 43075 16x7.5-10 R20, 7 inch rim",13196
78.28,590.268,-5.83,468.19,-246.17,1.996,-39.3,-31.16,0.03,0.0237,-1.9019,12.19,159401.14,7.48,94.59,-4.597,-0,-1,130.38,129.7,129.91,24.95,Cornering,"Hoosier 43075 16x7.5-10 R20, 7 inch rim",13197
78.3,590.278,-3.78,470.98,-245.33,1.989,-37.96,-31.07,0.03,0.0154,-1.9198,12.2,159279.12,7.48,94.54,-4.643,-0,-1,130.34,129.77,129.93,24.93,Cornering,"Hoosier 43075 16x7.5-10 R20, 7 inch rim",13198
78.32,590.288,-2.63,473.7,-242.15,1.986,-37.74,-31.26,0.03,0.0108,-1.9562,12.16,159232.78,7.48,94.5,-4.681,-0,-1,130.36,129.81,129.99,24.93,Cornering,"Hoosier 43075 16x7.5-10 R20, 7 inch rim",13199
78.3,590.298,-2.19,477.33,-238.81,1.996,-36.79,-30.83,-0.04,0.0092,-1.9988,12.07,-98951.96,7.48,94.47,-4.732,-0,-1.0001,130.31,129.85,130.01,24.92,Cornering,"Hoosier 43075 16x7.5-10 R20, 7 inch rim",13200
78.29,590.308,-2.43,480.36,-236.29,1.993,-36.82,-29.98,0.03,0.0103,-2.0329,12,159212.55,7.48,94.45,-4.765,-0,-1,130.36,130.05,130.03,24.93,Cornering,"Hoosier 43075 16x7.5-10 R20, 7 inch rim",13201
78.31,590.318,-3.71,483.12,-235.21,2.002,-36.4,-29.32,0.03,0.0158,-2.054,12,159203.02,7.48,94.44,-4.803,-0,-1,130.46,130.18,130.11,24.93,Cornering,"Hoosier 43075 16x7.5-10 R20, 7 inch rim",13202
78.32,590.328,-5.29,484.84,-235.77,1.993,-36.32,-28.99,0.03,0.0225,-2.0564,12.03,159230.08,7.48,94.44,-4.843,-0,-1,130.49,130.23,130.15,24.93,Cornering,"Hoosier 43075 16x7.5-10 R20, 7 inch rim",13203
78.29,590.338,-6.8,485.63,-236.68,1.996,-37.42,-28.81,0.03,0.0287,-2.0518,12.11,159257.05,7.48,94.4,-4.883,-0,-1,130.64,130.14,130.25,24.94,Cornering,"Hoosier 43075 16x7.5-10 R20, 7 inch rim",13204
78.3,590.348,-7.61,485.86,-239.57,1.992,-37.94,-28.62,-0.04,0.0318,-2.0281,12.17,-99037.12,7.48,94.39,-4.925,-0,-1.0001,130.59,129.96,130.25,24.95,Cornering,"Hoosier 43075 16x7.5-10 R20, 7 inch rim",13205
78.33,590.358,-7.44,485.78,-242.49,1.993,-38.99,-28.29,0.03,0.0307,-2.0033,12.17,159349.94,7.48,94.35,-4.955,-0,-1,130.59,129.83,130.23,24.96,Cornering,"Hoosier 43075 16x7.5-10 R20, 7 inch rim",13206
78.3,590.368,-7.47,486.16,-244.97,1.989,-39.93,-29.18,-0.04,0.0305,-1.9846,12.15,-99093.4,7.48,94.31,-5.005,-0,-1.0001,130.57,129.72,130.25,24.97,Cornering,"Hoosier 43075 16x7.5-10 R20, 7 inch rim",13207
78.28,590.378,-6.26,488.04,-245.66,1.983,-40.16,-29.59,0.03,0.0255,-1.9866,12.08,159475.88,7.48,94.25,-5.041,-0,-1,130.64,129.7,130.28,24.98,Cornering,"Hoosier 43075 16x7.5-10 R20, 7 inch rim",13208
78.31,590.388,-4.7,490.52,-245.14,1.993,-38.89,-30.06,0.03,0.0192,-2.001,12.02,159430.3,7.47,94.23,-5.074,-0,-1,130.61,129.77,130.23,24.97,Cornering,"Hoosier 43075 16x7.5-10 R20, 7 inch rim",13209
78.32,590.398,-3.63,493.27,-242.97,1.989,-37.92,-30.59,-0.11,0.015,-2.0302,12,-37826.35,7.47,94.22,-5.122,-0,-1.0002,130.64,129.79,130.3,24.99,Cornering,"Hoosier 43075 16x7.5-10 R20, 7 inch rim",13210
78.29,590.408,-2.32,496.11,-239.52,2.001,-38.01,-29.75,-0.04,0.0097,-2.0713,12.05,-99206.02,7.47,94.16,-5.161,-0,-1.0001,130.66,129.88,130.32,25,Cornering,"Hoosier 43075 16x7.5-10 R20, 7 inch rim",13211
78.29,590.418,-2.43,498.69,-236.85,1.986,-37.91,-29.01,0.03,0.0102,-2.1055,12.12,159652.91,7.47,94.11,-5.211,-0,-1,130.64,129.96,130.36,25.01,Cornering,"Hoosier 43075 16x7.5-10 R20, 7 inch rim",13212
78.32,590.428,-3.66,500.8,-235.35,1.999,-38.05,-28.73,0.03,0.0155,-2.1279,12.17,159644.44,7.47,94.09,-5.243,-0,-1,130.72,130.01,130.48,25.01,Cornering,"Hoosier 43075 16x7.5-10 R20, 7 inch rim",13213
78.3,590.438,-4.86,502.34,-235.05,2.001,-38.3,-27.97,0.09,0.0207,-2.1371,12.18,44214.66,7.47,94.09,-5.291,-0,-0.9998,130.81,130.07,130.58,25,Cornering,"Hoosier 43075 16x7.5-10 R20, 7 inch rim",13214
78.29,590.448,-6.12,503.33,-236.55,1.99,-37.79,-27.67,0.03,0.0259,-2.1278,12.16,159400.33,7.47,94.07,-5.324,-0,-1,130.83,130.03,130.64,24.98,Cornering,"Hoosier 43075 16x7.5-10 R20, 7 inch rim",13215
78.3,590.458,-6.87,503.2,-238.04,1.99,-39.42,-27.33,0.03,0.0288,-2.1139,12.1,159314.17,7.47,94.07,-5.369,-0,-1,130.81,129.81,130.62,24.97,Cornering,"Hoosier 43075 16x7.5-10 R20, 7 inch rim",13216
78.32,590.468,-6.85,503.1,-240.73,1.993,-40.43,-27.14,-0.04,0.0285,-2.0899,12.02,-98956.05,7.46,94.09,-5.416,-0,-1.0001,130.79,129.7,130.64,24.95,Cornering,"Hoosier 43075 16x7.5-10 R20, 7 inch rim",13217
78.29,590.478,-6.8,503.96,-243.57,1.998,-40.44,-27.65,0.16,0.0279,-2.0691,11.97,25590.84,7.46,94.07,-5.445,-0,-0.9997,130.72,129.63,130.64,24.94,Cornering,"Hoosier 43075 16x7.5-10 R20, 7 inch rim",13218
78.29,590.488,-5.77,505.23,-244.73,1.999,-41.14,-28.08,-0.04,0.0236,-2.0644,12,-98899.16,7.46,94.01,-5.479,-0,-1.0001,130.72,129.61,130.58,24.94,Cornering,"Hoosier 43075 16x7.5-10 R20, 7 inch rim",13219
78.31,590.498,-4.52,507.42,-244.88,2.001,-40.06,-28.55,0.09,0.0185,-2.0721,12.07,44073.3,7.46,93.95,-5.531,-0,-0.9998,130.72,129.63,130.58,24.93,Cornering,"Hoosier 43075 16x7.5-10 R20, 7 inch rim",13220
78.31,590.508,-2.96,509.68,-242.39,1.998,-39.85,-28.44,0.03,0.0122,-2.1027,12.14,158999.2,7.46,93.9,-5.569,-0,-1,130.79,129.72,130.58,24.93,Cornering,"Hoosier 43075 16x7.5-10 R20, 7 inch rim",13221
78.29,590.518,-1.96,512.41,-239.64,1.995,-38.92,-27.93,0.03,0.0082,-2.1383,12.15,158991.03,7.46,93.83,-5.598,-0,-1,130.83,129.74,130.62,24.93,Cornering,"Hoosier 43075 16x7.5-10 R20, 7 inch rim",13222
78.3,590.528,-2.14,514.38,-237.43,1.989,-38.45,-27.48,0.03,0.009,-2.1665,12.14,158974.16,7.46,93.79,-5.657,-0,-1,130.87,129.83,130.66,24.93,Cornering,"Hoosier 43075 16x7.5-10 R20, 7 inch rim",13223
78.32,590.538,-3.19,516.66,-235.56,1.979,-38.21,-26.94,0.09,0.0135,-2.1933,12.08,44050.55,7.46,93.75,-5.688,-0,-0.9998,130.94,129.9,130.76,24.93,Cornering,"Hoosier 43075 16x7.5-10 R20, 7 inch rim",13224
78.3,590.548,-4.74,518.2,-235.35,1.985,-38.21,-26.33,-0.18,0.0201,-2.2018,11.98,-23297.3,7.46,93.71,-5.721,-0,-1.0003,131.04,129.96,130.88,24.94,Cornering,"Hoosier 43075 16x7.5-10 R20, 7 inch rim",13225
78.29,590.558,-6.19,519.14,-236.09,1.987,-38.42,-26.02,0.09,0.0262,-2.1989,11.94,44064.19,7.46,93.71,-5.773,-0,-0.9998,131.13,129.94,131,24.94,Cornering,"Hoosier 43075 16x7.5-10 R20, 7 inch rim",13226
78.32,590.568,-7.09,519.32,-237.45,1.987,-39.33,-25.51,-0.04,0.0299,-2.1871,11.93,-98840.91,7.46,93.72,-5.804,-0,-1.0001,131.19,129.81,131.08,24.94,Cornering,"Hoosier 43075 16x7.5-10 R20, 7 inch rim",13227
78.32,590.578,-7.34,519.84,-239.85,1.995,-39.69,-25.14,0.03,0.0306,-2.1674,12.02,159067.78,7.45,93.73,-5.841,-0,-1,131.17,129.66,131.16,24.95,Cornering,"Hoosier 43075 16x7.5-10 R20, 7 inch rim",13228
78.28,590.588,-7.75,519.89,-241.74,1.993,-41.13,-25.79,0.09,0.032,-2.1506,12.13,44085.11,7.45,93.76,-5.891,-0,-0.9998,131.13,129.57,131.14,24.96,Cornering,"Hoosier 43075 16x7.5-10 R20, 7 inch rim",13229
78.3,590.598,-6.73,520.87,-243.54,1.993,-41.35,-25.89,-0.04,0.0276,-2.1387,12.24,-98910.69,7.45,93.75,-5.923,-0,-1.0001,131.17,129.52,131.18,24.96,Cornering,"Hoosier 43075 16x7.5-10 R20, 7 inch rim",13230
78.32,590.608,-5.65,522.13,-244.12,1.993,-41.12,-26.72,0.03,0.0232,-2.1388,12.26,159215.88,7.45,93.75,-5.963,-0,-1,131.13,129.55,131.16,24.98,Cornering,"Hoosier 43075 16x7.5-10 R20, 7 inch rim",13231
78.3,590.618,-4.02,523.97,-242.66,1.987,-40.41,-26.81,-0.11,0.0166,-2.1593,12.22,-37775.39,7.45,93.73,-6.006,-0,-1.0002,131.24,129.61,131.25,25,Cornering,"Hoosier 43075 16x7.5-10 R20, 7 inch rim",13232
78.28,590.628,-3.18,525.76,-240.02,1.993,-40.36,-26.92,-0.04,0.0133,-2.1905,12.14,-98978.63,7.45,93.76,-6.049,-0,-1.0001,131.26,129.77,131.33,24.98,Cornering,"Hoosier 43075 16x7.5-10 R20, 7 inch rim",13233
78.31,590.638,-2.62,527.86,-237.41,2.001,-39.6,-25.94,-0.04,0.011,-2.2234,12.08,-98949.34,7.44,93.76,-6.082,-0,-1.0001,131.3,129.9,131.43,24.98,Cornering,"Hoosier 43075 16x7.5-10 R20, 7 inch rim",13234
78.31,590.648,-3.2,529.99,-235.99,1.999,-39.31,-25.25,-0.04,0.0135,-2.2458,12,-98918.07,7.44,93.77,-6.125,-0,-1.0001,131.39,130.03,131.51,24.97,Cornering,"Hoosier 43075 16x7.5-10 R20, 7 inch rim",13235
78.29,590.658,-4.25,532.01,-235.71,1.993,-38.94,-24.37,0.03,0.018,-2.257,12.01,159117.88,7.44,93.75,-6.161,-0,-1,131.54,130.18,131.61,24.97,Cornering,"Hoosier 43075 16x7.5-10 R20, 7 inch rim",13236
78.3,590.668,-5.79,533.25,-235.8,1.992,-39.25,-24.11,-0.11,0.0246,-2.2614,12.06,-37742.96,7.44,93.71,-6.208,-0,-1.0002,131.71,130.16,131.73,24.98,Cornering,"Hoosier 43075 16x7.5-10 R20, 7 inch rim",13237
78.32,590.678,-7.23,533.57,-236.87,1.999,-39.95,-24.09,-0.04,0.0305,-2.2525,12.14,-98872.13,7.44,93.64,-6.242,-0,-1.0001,131.77,130.03,131.89,24.97,Cornering,"Hoosier 43075 16x7.5-10 R20, 7 inch rim",13238
78.3,590.688,-7.59,533.31,-238.47,1.98,-41.09,-23.74,0.09,0.0318,-2.2364,12.19,44051.4,7.44,93.6,-6.284,-0,-0.9998,131.71,129.88,131.95,24.96,Cornering,"Hoosier 43075 16x7.5-10 R20, 7 inch rim",13239
78.28,590.698,-7.41,533.36,-240.66,1.986,-41.73,-23.71,-0.04,0.0308,-2.2162,12.22,-98718.79,7.44,93.55,-6.321,-0,-1.0001,131.73,129.74,131.99,24.93,Cornering,"Hoosier 43075 16x7.5-10 R20, 7 inch rim",13240
78.31,590.708,-6.85,533.57,-242.76,1.996,-41.96,-23.87,-0.04,0.0282,-2.1979,12.18,-98664.58,7.44,93.54,-6.362,-0,-1.0001,131.71,129.68,132.03,24.92,Cornering,"Hoosier 43075 16x7.5-10 R20, 7 inch rim",13241
78.32,590.718,-5.78,534.53,-243.62,1.99,-42.02,-24.41,0.03,0.0237,-2.1941,12.12,158599.41,7.44,93.54,-6.397,-0,-1,131.75,129.63,132.05,24.9,Cornering,"Hoosier 43075 16x7.5-10 R20, 7 inch rim",13242
78.29,590.728,-4.77,535.92,-242.98,1.993,-41.56,-25.03,-0.04,0.0196,-2.2056,12.07,-98554.28,7.43,93.58,-6.454,-0,-1.0001,131.86,129.66,132.03,24.9,Cornering,"Hoosier 43075 16x7.5-10 R20, 7 inch rim",13243
78.29,590.738,-3.47,537.73,-240.74,1.987,-40.94,-24.45,0.03,0.0144,-2.2336,12.06,158569.95,7.43,93.62,-6.487,-0,-1,131.97,129.7,132.07,24.9,Cornering,"Hoosier 43075 16x7.5-10 R20, 7 inch rim",13244
78.33,590.748,-3.1,540.29,-238.02,1.998,-40.28,-23.82,-0.04,0.013,-2.27,12.14,-98539.95,7.43,93.66,-6.524,-0,-1.0001,132.05,129.77,132.15,24.9,Cornering,"Hoosier 43075 16x7.5-10 R20, 7 inch rim",13245
78.3,590.758,-4.17,542.44,-236.83,1.993,-39.17,-23.46,-0.04,0.0176,-2.2904,12.22,-98511.41,7.43,93.68,-6.551,-0,-1.0001,132.14,129.94,132.24,24.89,Cornering,"Hoosier 43075 16x7.5-10 R20, 7 inch rim",13246
78.28,590.768,-5.26,544.56,-235.25,1.99,-39.95,-22.48,0.03,0.0223,-2.3148,12.23,158494.59,7.43,93.72,-6.603,-0,-1,132.22,130.05,132.3,24.9,Cornering,"Hoosier 43075 16x7.5-10 R20, 7 inch rim",13247
78.31,590.778,-6.7,545.81,-235.63,1.993,-40.01,-22.18,0.03,0.0285,-2.3164,12.21,158627.78,7.43,93.72,-6.646,-0,-1,132.37,130.05,132.5,24.92,Cornering,"Hoosier 43075 16x7.5-10 R20, 7 inch rim",13248
78.32,590.788,-7.65,546.92,-236.76,1.99,-39.85,-21.58,-0.04,0.0323,-2.31,12.14,-98689.47,7.43,93.73,-6.687,-0,-1.0001,132.42,129.99,132.62,24.94,Cornering,"Hoosier 43075 16x7.5-10 R20, 7 inch rim",13249
78.3,590.798,-7.83,546.35,-238.36,1.982,-40.97,-21.14,0.09,0.0328,-2.2921,12.05,44021.12,7.43,93.73,-6.726,-0,-0.9998,132.4,129.81,132.7,24.96,Cornering,"Hoosier 43075 16x7.5-10 R20, 7 inch rim",13250
78.29,590.808,-8.09,546.21,-240.13,2.001,-42.26,-21.25,0.03,0.0337,-2.2746,12,158955.78,7.43,93.73,-6.766,-0,-1,132.4,129.63,132.74,24.98,Cornering,"Hoosier 43075 16x7.5-10 R20, 7 inch rim",13251
78.32,590.818,-7.37,546.41,-241.86,2.005,-43.14,-21.3,-0.04,0.0305,-2.2592,12,-98847.62,7.42,93.73,-6.806,-0,-1.0001,132.44,129.57,132.72,24.99,Cornering,"Hoosier 43075 16x7.5-10 R20, 7 inch rim",13252
78.31,590.828,-6.46,547.24,-243.27,1.993,-42.83,-21.99,-0.04,0.0265,-2.2495,12.08,-98815.77,7.42,93.74,-6.848,-0,-1.0001,132.46,129.46,132.76,24.98,Cornering,"Hoosier 43075 16x7.5-10 R20, 7 inch rim",13253
78.28,590.838,-5.25,548.49,-242.99,1.986,-41.78,-22.59,-0.04,0.0216,-2.2572,12.17,-98739.87,7.42,93.76,-6.881,-0,-1.0001,132.55,129.48,132.78,24.97,Cornering,"Hoosier 43075 16x7.5-10 R20, 7 inch rim",13254
78.3,590.848,-3.82,549.69,-241.33,1.99,-41.4,-22.05,0.03,0.0158,-2.2777,12.17,158641.02,7.42,93.78,-6.929,-0,-1,132.7,129.55,132.88,24.94,Cornering,"Hoosier 43075 16x7.5-10 R20, 7 inch rim",13255
78.33,590.858,-3.14,551.36,-239.51,1.993,-39.91,-21.68,0.03,0.0131,-2.302,12.15,158629.95,7.42,93.83,-6.961,-0,-1,132.8,129.61,132.98,24.94,Cornering,"Hoosier 43075 16x7.5-10 R20, 7 inch rim",13256
78.3,590.868,-3.65,553.46,-237.31,1.998,-40,-21.16,-0.04,0.0154,-2.3322,12.1,-98621.92,7.42,93.82,-7.001,-0,-1.0001,132.89,129.77,133.08,24.94,Cornering,"Hoosier 43075 16x7.5-10 R20, 7 inch rim",13257
78.29,590.878,-4.54,555.46,-236.21,1.986,-39.75,-20.48,-0.04,0.0192,-2.3516,12.04,-98681.81,7.42,93.78,-7.041,-0,-1.0001,132.97,129.88,133.19,24.96,Cornering,"Hoosier 43075 16x7.5-10 R20, 7 inch rim",13258
78.32,590.888,-6.02,557.16,-236.35,1.996,-39.88,-20.06,-0.11,0.0255,-2.3573,12.02,-37655.48,7.42,93.72,-7.083,-0,-1.0002,133.21,129.94,133.39,24.97,Cornering,"Hoosier 43075 16x7.5-10 R20, 7 inch rim",13259
78.31,590.898,-7.53,557.64,-237.11,1.996,-40.31,-19.88,-0.18,0.0317,-2.3518,12.06,-23279.62,7.42,93.64,-7.11,-0,-1.0003,133.25,129.88,133.53,24.99,Cornering,"Hoosier 43075 16x7.5-10 R20, 7 inch rim",13260
78.29,590.908,-7.94,557.81,-238.28,1.996,-41.2,-19.04,0.03,0.0333,-2.341,12.11,158890.58,7.42,93.6,-7.16,-0,-1,133.34,129.77,133.63,24.99,Cornering,"Hoosier 43075 16x7.5-10 R20, 7 inch rim",13261
78.3,590.918,-7.89,557.4,-240.23,1.987,-41.96,-18.66,-0.18,0.0328,-2.3203,12.14,-23263.35,7.42,93.54,-7.213,-0,-1.0003,133.34,129.68,133.69,24.98,Cornering,"Hoosier 43075 16x7.5-10 R20, 7 inch rim",13262
78.32,590.928,-7.89,557.43,-241.75,1.993,-43.05,-18.97,-0.11,0.0326,-2.3058,12.11,-37606.63,7.41,93.51,-7.244,-0,-1.0002,133.38,129.55,133.75,24.95,Cornering,"Hoosier 43075 16x7.5-10 R20, 7 inch rim",13263
78.3,590.938,-6.89,557.77,-242.94,2.002,-43.35,-19.24,0.09,0.0283,-2.2959,12.08,43946.28,7.41,93.5,-7.28,-0,-0.9998,133.49,129.5,133.75,24.95,Cornering,"Hoosier 43075 16x7.5-10 R20, 7 inch rim",13264
78.28,590.948,-5.74,558.58,-243.31,1.989,-42.59,-19.99,-0.04,0.0236,-2.2957,12.03,-98479.43,7.41,93.46,-7.329,-0,-1.0001,133.53,129.52,133.79,24.93,Cornering,"Hoosier 43075 16x7.5-10 R20, 7 inch rim",13265
78.31,590.958,-4.33,559.79,-242.08,1.996,-41.73,-19.96,0.03,0.0179,-2.3124,11.99,158410.69,7.41,93.46,-7.363,-0,-1,133.73,129.61,133.85,24.93,Cornering,"Hoosier 43075 16x7.5-10 R20, 7 inch rim",13266
78.31,590.968,-3.52,561.12,-239.84,2.004,-41.42,-19.65,-0.11,0.0147,-2.3396,12.01,-37549.66,7.41,93.49,-7.396,-0,-1.0002,133.83,129.79,133.97,24.92,Cornering,"Hoosier 43075 16x7.5-10 R20, 7 inch rim",13267
78.29,590.978,-3.61,562.94,-237.89,1.999,-40.6,-19.17,0.03,0.0152,-2.3664,12.07,158343.94,7.41,93.49,-7.443,-0,-1,133.92,129.94,134.11,24.92,Cornering,"Hoosier 43075 16x7.5-10 R20, 7 inch rim",13268
78.3,590.988,-4.09,564.6,-236.48,2.001,-40.93,-18.13,0.03,0.0173,-2.3875,12.12,158329.94,7.41,93.5,-7.481,-0,-1,134.03,130.14,134.28,24.92,Cornering,"Hoosier 43075 16x7.5-10 R20, 7 inch rim",13269
78.32,590.998,-5.51,566.16,-236.35,1.993,-40.5,-17.65,-0.04,0.0233,-2.3955,12.16,-98458.35,7.41,93.54,-7.518,-0,-1.0001,134.26,130.27,134.46,24.93,Cornering,"Hoosier 43075 16x7.5-10 R20, 7 inch rim",13270
78.3,591.008,-7.05,566.61,-236.55,1.996,-41.36,-17.37,-0.04,0.0298,-2.3953,12.11,-98447.87,7.41,93.56,-7.562,-0,-1.0001,134.43,130.32,134.66,24.93,Cornering,"Hoosier 43075 16x7.5-10 R20, 7 inch rim",13271
78.28,591.018,-7.95,566.79,-237.51,1.993,-41.97,-16.86,0.03,0.0335,-2.3864,12.07,158354.59,7.4,93.54,-7.61,-0,-1,134.52,130.18,134.88,24.93,Cornering,"Hoosier 43075 16x7.5-10 R20, 7 inch rim",13272
78.31,591.028,-8.81,566.51,-239.12,2.004,-43.14,-17.01,0.03,0.0368,-2.3691,12.01,158303.47,7.4,93.53,-7.647,-0,-1,134.52,130.1,135,24.93,Cornering,"Hoosier 43075 16x7.5-10 R20, 7 inch rim",13273
78.32,591.038,-8.42,566.44,-241.93,1.987,-42.82,-16.49,-0.04,0.0348,-2.3413,11.97,-98485.73,7.4,93.46,-7.691,-0,-1.0001,134.54,129.99,135.02,24.95,Cornering,"Hoosier 43075 16x7.5-10 R20, 7 inch rim",13274
78.29,591.048,-7.82,566.8,-243.38,1.989,-43.02,-16.78,0.03,0.0321,-2.3288,12,158496.59,7.4,93.42,-7.718,-0,-1,134.58,129.92,135.08,24.96,Cornering,"Hoosier 43075 16x7.5-10 R20, 7 inch rim",13275
78.29,591.058,-6.62,567.11,-243.62,1.996,-43.33,-17.01,0.09,0.0272,-2.3278,12.07,43967.71,7.4,93.43,-7.756,-0,-0.9998,134.73,129.94,135.1,24.99,Cornering,"Hoosier 43075 16x7.5-10 R20, 7 inch rim",13276
78.32,591.068,-5.14,567.87,-242.72,1.995,-42.73,-17.22,-0.04,0.0212,-2.3396,12.13,-98594.48,7.4,93.44,-7.809,-0,-1.0001,134.91,130.03,135.27,24.98,Cornering,"Hoosier 43075 16x7.5-10 R20, 7 inch rim",13277
78.3,591.078,-4.14,568.96,-241.98,1.989,-40.94,-16.91,-0.04,0.0171,-2.3512,12.14,-98492.09,7.4,93.49,-7.853,-0,-1.0001,134.99,130.21,135.39,24.96,Cornering,"Hoosier 43075 16x7.5-10 R20, 7 inch rim",13278
78.28,591.088,-3.96,569.79,-239.13,1.999,-41.9,-16.52,-0.04,0.0166,-2.3828,12.11,-98461.11,7.4,93.51,-7.886,-0,-1.0001,135.12,130.34,135.55,24.96,Cornering,"Hoosier 43075 16x7.5-10 R20, 7 inch rim",13279
78.31,591.098,-4.28,571.3,-237.67,2.001,-42.22,-15.65,0.09,0.018,-2.4037,12.06,43887.88,7.39,93.51,-7.926,-0,-0.9998,135.25,130.54,135.69,24.96,Cornering,"Hoosier 43075 16x7.5-10 R20, 7 inch rim",13280
78.32,591.108,-5.42,573.03,-237.84,1.985,-41.63,-15.16,0.09,0.0228,-2.4093,12.01,43884.07,7.39,93.51,-7.96,-0,-0.9998,135.46,130.69,135.89,24.96,Cornering,"Hoosier 43075 16x7.5-10 R20, 7 inch rim",13281
78.29,591.118,-6.72,574.4,-237.75,2.001,-42.06,-14.66,-0.04,0.0283,-2.416,12.02,-98475.5,7.39,93.52,-8.012,-0,-1.0001,135.59,130.76,136.14,24.97,Cornering,"Hoosier 43075 16x7.5-10 R20, 7 inch rim",13282
78.29,591.128,-7.9,574.88,-238.33,1.989,-42.79,-14.57,0.03,0.0332,-2.4122,12.06,158438.25,7.39,93.56,-8.051,-0,-1,135.76,130.67,136.34,24.97,Cornering,"Hoosier 43075 16x7.5-10 R20, 7 inch rim",13283
78.32,591.138,-8.63,574.47,-240.36,1.989,-42.74,-14.52,0.03,0.0359,-2.39,12.12,158532.27,7.39,93.56,-8.091,-0,-1,135.74,130.56,136.48,24.99,Cornering,"Hoosier 43075 16x7.5-10 R20, 7 inch rim",13284
78.31,591.148,-8.74,574.51,-241.89,1.99,-43.56,-14.25,0.03,0.0361,-2.3751,12.15,158552.66,7.39,93.55,-8.131,-0,-1,135.74,130.49,136.54,25,Cornering,"Hoosier 43075 16x7.5-10 R20, 7 inch rim",13285
78.28,591.158,-8.37,574.87,-243.39,1.983,-43.63,-14.52,0.03,0.0344,-2.3619,12.13,158390.34,7.39,93.53,-8.168,-0,-1,135.85,130.43,136.58,24.97,Cornering,"Hoosier 43075 16x7.5-10 R20, 7 inch rim",13286
78.3,591.168,-7.38,574.91,-244.76,1.986,-42.89,-15.03,0.09,0.0302,-2.3489,12.07,43877.03,7.39,93.5,-8.204,-0,-0.9998,135.94,130.47,136.62,24.97,Cornering,"Hoosier 43075 16x7.5-10 R20, 7 inch rim",13287
78.32,591.178,-5.95,574.87,-243.8,1.998,-43.58,-15.29,-0.04,0.0244,-2.3579,12.01,-98350.2,7.38,93.51,-8.235,-0,-1.0001,136.13,130.58,136.72,24.95,Cornering,"Hoosier 43075 16x7.5-10 R20, 7 inch rim",13288
78.3,591.188,-4.63,575.02,-243.1,1.993,-42.54,-15,0.03,0.019,-2.3654,11.96,158192.36,7.39,93.48,-8.291,-0,-1,136.3,130.76,136.86,24.95,Cornering,"Hoosier 43075 16x7.5-10 R20, 7 inch rim",13289
78.29,591.198,-4.04,576.08,-241.62,1.996,-41.4,-14.64,-0.04,0.0167,-2.3842,11.97,-98303.3,7.38,93.49,-8.328,-0,-1.0001,136.45,130.98,137.04,24.94,Cornering,"Hoosier 43075 16x7.5-10 R20, 7 inch rim",13290
78.32,591.208,-4.26,576.97,-240.47,1.995,-41.58,-13.76,0.03,0.0177,-2.3994,12.05,158049.2,7.38,93.48,-8.37,-0,-1,136.58,131.13,137.25,24.93,Cornering,"Hoosier 43075 16x7.5-10 R20, 7 inch rim",13291
78.31,591.218,-5.51,578.33,-239.3,1.992,-42.17,-13.44,0.03,0.023,-2.4168,12.11,157922.11,7.38,93.45,-8.41,-0,-1,136.88,131.28,137.47,24.92,Cornering,"Hoosier 43075 16x7.5-10 R20, 7 inch rim",13292
78.28,591.228,-6.5,579.55,-238.93,1.996,-42.43,-12.4,-0.04,0.0272,-2.4257,12.15,-98135.18,7.38,93.44,-8.447,-0,-1.0001,137.18,131.35,137.75,24.91,Cornering,"Hoosier 43075 16x7.5-10 R20, 7 inch rim",13293
78.3,591.238,-7.5,580.22,-240.16,1.987,-41.94,-11.94,0.16,0.0312,-2.4159,12.15,25382.78,7.38,93.44,-8.49,-0,-0.9997,137.39,131.33,137.97,24.9,Cornering,"Hoosier 43075 16x7.5-10 R20, 7 inch rim",13294
78.32,591.248,-8.24,580.21,-240.6,1.992,-43.3,-11.89,0.03,0.0343,-2.4115,12.11,157683.75,7.38,93.43,-8.539,-0,-1,137.48,131.22,138.18,24.89,Cornering,"Hoosier 43075 16x7.5-10 R20, 7 inch rim",13295
78.3,591.258,-8.69,580.25,-242.11,1.998,-43.49,-11.77,0.03,0.0359,-2.3967,12.03,157710.67,7.38,93.38,-8.562,-0,-1,137.42,131.11,138.26,24.89,Cornering,"Hoosier 43075 16x7.5-10 R20, 7 inch rim",13296
78.28,591.268,-8.54,580.28,-243.61,1.999,-44.21,-11.95,-0.04,0.035,-2.382,12,-98002.07,7.38,93.33,-8.605,-0,-1.0001,137.42,131.09,138.28,24.89,Cornering,"Hoosier 43075 16x7.5-10 R20, 7 inch rim",13297
78.31,591.278,-8.12,580.34,-245.3,1.996,-43.73,-12.61,-0.04,0.0331,-2.3658,11.97,-98059.4,7.38,93.31,-8.646,-0,-1.0001,137.44,131,138.34,24.9,Cornering,"Hoosier 43075 16x7.5-10 R20, 7 inch rim",13298
78.31,591.288,-7,580.04,-245.46,1.992,-43.49,-13.2,0.03,0.0285,-2.3631,11.99,157913.89,7.38,93.26,-8.686,-0,-1,137.61,131.06,138.46,24.93,Cornering,"Hoosier 43075 16x7.5-10 R20, 7 inch rim",13299
78.28,591.298,-5.54,579.57,-244.53,1.98,-43.28,-13.02,0.03,0.0226,-2.3701,12.03,158042.59,7.38,93.21,-8.728,-0,-1,137.76,131.15,138.6,24.96,Cornering,"Hoosier 43075 16x7.5-10 R20, 7 inch rim",13300
78.3,591.308,-4.87,579.69,-243.47,1.989,-42.48,-12.82,0.03,0.02,-2.381,12.09,158175.61,7.38,93.17,-8.759,-0,-1,137.97,131.31,138.82,24.98,Cornering,"Hoosier 43075 16x7.5-10 R20, 7 inch rim",13301
78.32,591.318,-4.76,580.73,-241.86,1.999,-41.97,-12.23,-0.04,0.0197,-2.4011,12.09,-98268.77,7.37,93.15,-8.799,-0,-1.0001,138.08,131.48,138.94,24.97,Cornering,"Hoosier 43075 16x7.5-10 R20, 7 inch rim",13302
78.3,591.328,-5.68,582.42,-241,1.989,-41.5,-11.75,0.03,0.0236,-2.4167,12.07,157956.09,7.38,93.16,-8.841,-0,-1,138.38,131.66,139.17,24.95,Cornering,"Hoosier 43075 16x7.5-10 R20, 7 inch rim",13303
78.28,591.338,-6.64,583.94,-240.11,1.99,-42.54,-10.84,0.03,0.0276,-2.4319,12.03,157862.38,7.37,93.12,-8.887,-0,-1,138.66,131.75,139.43,24.94,Cornering,"Hoosier 43075 16x7.5-10 R20, 7 inch rim",13304
78.3,591.348,-7.86,585.51,-240.76,1.993,-42.02,-10.59,0.03,0.0327,-2.4319,12.01,157841.94,7.37,93.14,-8.933,-0,-1,138.87,131.7,139.67,24.94,Cornering,"Hoosier 43075 16x7.5-10 R20, 7 inch rim",13305
78.32,591.358,-8.52,586.14,-241.33,1.989,-42.93,-10.24,-0.04,0.0353,-2.4288,12,-98202,7.37,93.13,-8.958,-0,-1.0001,139,131.64,139.85,24.96,Cornering,"Hoosier 43075 16x7.5-10 R20, 7 inch rim",13306
78.29,591.368,-9.12,586.01,-242.6,1.989,-43.59,-10.28,-0.04,0.0376,-2.4156,12.03,-98279.59,7.37,93.11,-9.007,-0,-1.0001,139.07,131.53,139.93,24.98,Cornering,"Hoosier 43075 16x7.5-10 R20, 7 inch rim",13307
78.3,591.378,-9.03,585.87,-243.6,2.001,-44.62,-10.23,0.09,0.0371,-2.4051,12.06,43836.66,7.37,93.13,-9.049,-0,-0.9998,139.11,131.48,139.95,25,Cornering,"Hoosier 43075 16x7.5-10 R20, 7 inch rim",13308
78.32,591.388,-8.24,585.3,-245.28,1.998,-44.57,-10.49,0.03,0.0336,-2.3862,12.11,158099.62,7.37,93.13,-9.093,-0,-1,139.2,131.48,139.97,24.99,Cornering,"Hoosier 43075 16x7.5-10 R20, 7 inch rim",13309
78.3,591.398,-6.9,584.55,-246.13,2.004,-44.06,-10.78,0.03,0.028,-2.3749,12.11,157977.86,7.36,93.13,-9.119,-0,-1,139.28,131.53,140.02,24.97,Cornering,"Hoosier 43075 16x7.5-10 R20, 7 inch rim",13310
78.28,591.408,-5.55,583.8,-245.99,1.977,-43.15,-11.19,0.03,0.0226,-2.3733,12.08,157810.23,7.37,93.11,-9.165,-0,-1,139.43,131.66,140.16,24.95,Cornering,"Hoosier 43075 16x7.5-10 R20, 7 inch rim",13311
78.31,591.418,-4.84,583.62,-244.86,1.986,-42.32,-11.4,0.09,0.0198,-2.3835,12.02,43714.01,7.37,93.08,-9.215,-0,-0.9998,139.58,131.83,140.36,24.94,Cornering,"Hoosier 43075 16x7.5-10 R20, 7 inch rim",13312
78.32,591.428,-4.57,584.35,-243.21,1.986,-42.15,-10.71,0.03,0.0188,-2.4027,11.97,157732.03,7.37,93.08,-9.255,-0,-1,139.75,132.03,140.54,24.94,Cornering,"Hoosier 43075 16x7.5-10 R20, 7 inch rim",13313
78.29,591.438,-5.02,586.01,-242.22,2.004,-41.95,-9.71,0.03,0.0207,-2.4194,11.93,157754.75,7.36,93.09,-9.285,-0,-1,139.86,132.23,140.76,24.95,Cornering,"Hoosier 43075 16x7.5-10 R20, 7 inch rim",13314
78.28,591.448,-6.48,587.7,-241.46,1.989,-42.44,-9.17,0.03,0.0268,-2.434,11.96,157696.77,7.37,93.03,-9.331,-0,-1,140.1,132.41,141.07,24.94,Cornering,"Hoosier 43075 16x7.5-10 R20, 7 inch rim",13315
78.31,591.458,-7.69,589.85,-240.91,1.992,-42.91,-8.72,0.09,0.0319,-2.4484,12.03,43694.66,7.36,93.01,-9.365,-0,-0.9998,140.38,132.49,141.31,24.94,Cornering,"Hoosier 43075 16x7.5-10 R20, 7 inch rim",13316
78.31,591.468,-8.47,590.8,-241.39,1.986,-43.16,-8.3,0.03,0.0351,-2.4474,12.13,157771.16,7.36,93,-9.407,-0,-1,140.48,132.47,141.55,24.96,Cornering,"Hoosier 43075 16x7.5-10 R20, 7 inch rim",13317
78.28,591.478,-9.11,591.3,-242.7,1.99,-42.91,-8.23,-0.11,0.0376,-2.4363,12.19,-37413.86,7.36,92.97,-9.447,-0,-1.0002,140.55,132.41,141.67,24.97,Cornering,"Hoosier 43075 16x7.5-10 R20, 7 inch rim",13318
78.3,591.488,-9.12,590.85,-243.45,1.987,-43.86,-8.25,0.16,0.0374,-2.4269,12.19,25399.36,7.36,93,-9.484,-0,-0.9997,140.55,132.3,141.75,24.99,Cornering,"Hoosier 43075 16x7.5-10 R20, 7 inch rim",13319
78.32,591.497,-8.48,590.11,-244.89,1.986,-44.62,-8.32,-0.04,0.0346,-2.4097,12.14,-98220.27,7.36,93.01,-9.528,-0,-1.0001,140.68,132.25,141.77,25.01,Cornering,"Hoosier 43075 16x7.5-10 R20, 7 inch rim",13320
78.29,591.508,-7.26,589.04,-245.89,1.999,-44.7,-8.83,-0.04,0.0295,-2.3955,12.07,-98183.89,7.36,93.03,-9.574,-0,-1.0001,140.85,132.23,141.89,25,Cornering,"Hoosier 43075 16x7.5-10 R20, 7 inch rim",13321
78.29,591.518,-5.81,587.67,-246.29,1.99,-44.39,-9.14,-0.11,0.0236,-2.3861,12,-37411.81,7.36,92.99,-9.618,-0,-1.0002,141.02,132.41,142.02,24.98,Cornering,"Hoosier 43075 16x7.5-10 R20, 7 inch rim",13322
78.31,591.528,-4.97,587.52,-246.17,1.998,-42.68,-9.43,0.09,0.0202,-2.3866,11.98,43687.41,7.36,92.96,-9.651,-0,-0.9998,141.19,132.63,142.24,24.96,Cornering,"Hoosier 43075 16x7.5-10 R20, 7 inch rim",13323
78.31,591.538,-4.73,588.11,-244.7,1.992,-42.26,-9.28,0.03,0.0193,-2.4034,12.03,157710.47,7.36,92.97,-9.687,-0,-1,141.39,132.85,142.38,24.97,Cornering,"Hoosier 43075 16x7.5-10 R20, 7 inch rim",13324
78.29,591.548,-5.04,589.31,-243.32,1.998,-42.5,-8.4,-0.04,0.0207,-2.422,12.1,-98094.56,7.35,93.02,-9.72,-0,-1.0001,141.64,133.02,142.58,24.99,Cornering,"Hoosier 43075 16x7.5-10 R20, 7 inch rim",13325
78.3,591.557,-6.19,590.98,-242.31,1.993,-42.56,-7.54,0.03,0.0255,-2.4389,12.15,157741.19,7.35,93.05,-9.775,-0,-1,141.94,133.22,142.8,24.98,Cornering,"Hoosier 43075 16x7.5-10 R20, 7 inch rim",13326
78.32,591.568,-7.24,592.2,-241.83,1.998,-43.21,-6.62,-0.11,0.0299,-2.4488,12.15,-37381.05,7.35,93.07,-9.81,-0,-1.0002,142.22,133.24,143.05,24.97,Cornering,"Hoosier 43075 16x7.5-10 R20, 7 inch rim",13327
78.3,591.578,-8.54,593.13,-241.96,1.992,-43.67,-6.74,0.09,0.0353,-2.4514,12.11,43650.61,7.35,93.04,-9.849,-0,-0.9998,142.48,133.29,143.27,24.96,Cornering,"Hoosier 43075 16x7.5-10 R20, 7 inch rim",13328
78.28,591.588,-9.28,593.31,-242.97,1.995,-44.05,-6.68,0.09,0.0382,-2.4419,12.03,43625.45,7.35,93.07,-9.885,-0,-0.9998,142.59,133.24,143.45,24.94,Cornering,"Hoosier 43075 16x7.5-10 R20, 7 inch rim",13329
78.31,591.598,-9.2,593.35,-244.28,1.99,-44.43,-6.38,-0.04,0.0377,-2.4289,11.98,-97848.86,7.35,93.08,-9.929,-0,-1.0001,142.61,133.18,143.51,24.94,Cornering,"Hoosier 43075 16x7.5-10 R20, 7 inch rim",13330
78.32,591.608,-8.85,592.93,-246.14,1.99,-44.39,-6.52,-0.04,0.036,-2.4089,11.97,-97973.35,7.35,93.09,-9.968,-0,-1.0001,142.67,133.2,143.55,24.98,Cornering,"Hoosier 43075 16x7.5-10 R20, 7 inch rim",13331
78.29,591.617,-7.95,591.89,-247.51,1.982,-44.64,-7.08,-0.04,0.0321,-2.3914,12.03,-98030,7.35,93.06,-10.005,-0,-1.0001,142.8,133.31,143.59,25,Cornering,"Hoosier 43075 16x7.5-10 R20, 7 inch rim",13332
78.29,591.628,-6.63,590.98,-248.07,1.989,-43.98,-7.58,0.03,0.0267,-2.3823,12.09,157645.95,7.35,93.03,-10.041,-0,-1,142.99,133.35,143.67,24.99,Cornering,"Hoosier 43075 16x7.5-10 R20, 7 inch rim",13333
78.31,591.638,-5.43,589.74,-247.75,1.989,-43.5,-7.7,0.03,0.0219,-2.3804,12.17,157512.53,7.35,93.01,-10.088,-0,-1,143.19,133.55,143.83,24.97,Cornering,"Hoosier 43075 16x7.5-10 R20, 7 inch rim",13334
78.31,591.648,-5.42,589.84,-245.93,1.992,-43.33,-7.99,-0.04,0.022,-2.3984,12.17,-97878.36,7.35,93.01,-10.127,-0,-1.0001,143.34,133.79,144.04,24.97,Cornering,"Hoosier 43075 16x7.5-10 R20, 7 inch rim",13335
78.29,591.658,-5.87,590.12,-244.73,1.993,-43.02,-7.55,0.03,0.024,-2.4113,12.13,157364.55,7.35,93,-10.164,-0,-1,143.4,134.06,144.26,24.96,Cornering,"Hoosier 43075 16x7.5-10 R20, 7 inch rim",13336
78.31,591.668,-6.45,591.48,-243.87,2.001,-42.91,-6.51,0.09,0.0264,-2.4255,12.06,43612.34,7.35,92.99,-10.198,-0,-0.9998,143.75,134.26,144.5,24.96,Cornering,"Hoosier 43075 16x7.5-10 R20, 7 inch rim",13337
78.32,591.677,-7.13,592.71,-243.46,1.995,-43.39,-5.23,0.09,0.0293,-2.4345,12,43584,7.35,92.96,-10.256,-0,-0.9998,143.96,134.41,144.82,24.95,Cornering,"Hoosier 43075 16x7.5-10 R20, 7 inch rim",13338
78.29,591.688,-8.16,593.47,-243.36,1.999,-44.38,-4.94,-0.04,0.0335,-2.4387,11.97,-97804.91,7.35,92.97,-10.287,-0,-1.0001,144.17,134.43,145.05,24.96,Cornering,"Hoosier 43075 16x7.5-10 R20, 7 inch rim",13339
78.3,591.698,-8.84,594.58,-244.23,1.999,-43.94,-4.79,0.03,0.0362,-2.4345,12,157278.27,7.35,92.94,-10.333,-0,-1,144.28,134.41,145.25,24.96,Cornering,"Hoosier 43075 16x7.5-10 R20, 7 inch rim",13340
78.32,591.708,-9.39,594.61,-245.45,2.001,-44.39,-4.7,-0.04,0.0382,-2.4225,12.09,-97687.08,7.34,92.94,-10.372,-0,-1.0001,144.26,134.41,145.27,24.94,Cornering,"Hoosier 43075 16x7.5-10 R20, 7 inch rim",13341
78.3,591.718,-8.95,594.49,-246.95,2.005,-44.57,-4.5,-0.04,0.0363,-2.4073,12.16,-97675.11,7.34,92.96,-10.409,-0,-1.0001,144.28,134.39,145.25,24.94,Cornering,"Hoosier 43075 16x7.5-10 R20, 7 inch rim",13342
78.28,591.728,-8.31,593.74,-247.67,1.998,-45.25,-4.9,0.03,0.0335,-2.3973,12.18,156998.42,7.34,92.93,-10.45,-0,-1,144.37,134.45,145.23,24.92,Cornering,"Hoosier 43075 16x7.5-10 R20, 7 inch rim",13343
78.3,591.737,-6.81,592.86,-248.98,1.99,-44.4,-5.1,0.09,0.0273,-2.3812,12.14,43500.63,7.34,92.91,-10.485,-0,-0.9998,144.54,134.52,145.31,24.92,Cornering,"Hoosier 43075 16x7.5-10 R20, 7 inch rim",13344
78.33,591.747,-5.64,591.31,-248.76,1.985,-44.24,-5.47,0.03,0.0227,-2.3771,12.08,156957.36,7.34,92.86,-10.529,-0,-1,144.71,134.72,145.41,24.92,Cornering,"Hoosier 43075 16x7.5-10 R20, 7 inch rim",13345
78.29,591.758,-5.02,590.64,-247.24,1.993,-44.55,-5.69,-0.04,0.0203,-2.3889,12,-97651.39,7.34,92.87,-10.552,-0,-1.0001,144.86,134.96,145.55,24.94,Cornering,"Hoosier 43075 16x7.5-10 R20, 7 inch rim",13346
78.29,591.768,-5.18,590.66,-247.05,1.982,-42.99,-5.55,0.09,0.021,-2.3908,12.03,43523.61,7.35,92.89,-10.605,-0,-0.9998,145.01,135.25,145.69,24.94,Cornering,"Hoosier 43075 16x7.5-10 R20, 7 inch rim",13347
78.31,591.778,-5.53,591.85,-245.84,1.999,-43.09,-4.51,0.09,0.0225,-2.4074,12.08,43518.59,7.34,92.9,-10.639,-0,-0.9998,145.27,135.53,145.86,24.94,Cornering,"Hoosier 43075 16x7.5-10 R20, 7 inch rim",13348
78.31,591.788,-6.66,592.76,-245.1,1.993,-43.95,-3.96,0.03,0.0272,-2.4184,12.13,157025.59,7.34,92.93,-10.677,-0,-1,145.55,135.69,146.08,24.94,Cornering,"Hoosier 43075 16x7.5-10 R20, 7 inch rim",13349
78.28,591.797,-7.76,593.99,-244.89,1.995,-43.91,-3.48,0.09,0.0317,-2.4255,12.14,43507,7.34,92.91,-10.718,-0,-0.9998,145.85,135.82,146.3,24.94,Cornering,"Hoosier 43075 16x7.5-10 R20, 7 inch rim",13350
78.3,591.807,-8.7,594.45,-245.02,1.996,-44.3,-3.16,-0.04,0.0355,-2.4262,12.1,-97582.99,7.34,92.95,-10.76,-0,-1.0001,145.98,135.8,146.52,24.94,Cornering,"Hoosier 43075 16x7.5-10 R20, 7 inch rim",13351
78.32,591.818,-9.71,594.91,-245.34,2.002,-44.9,-3.47,-0.04,0.0396,-2.4249,12.03,-97591.84,7.34,92.98,-10.801,-0,-1.0001,146.11,135.75,146.66,24.95,Cornering,"Hoosier 43075 16x7.5-10 R20, 7 inch rim",13352
78.3,591.828,-10.03,594.98,-247.14,1.986,-44.24,-3.51,0.03,0.0406,-2.4074,11.96,157011.23,7.34,93.01,-10.84,-0,-1,146.13,135.75,146.72,24.96,Cornering,"Hoosier 43075 16x7.5-10 R20, 7 inch rim",13353
78.29,591.838,-9.24,594.39,-248.4,1.993,-44.56,-3.41,-0.04,0.0372,-2.3929,11.95,-97589.57,7.34,93.04,-10.876,-0,-1.0001,146.23,135.75,146.83,24.96,Cornering,"Hoosier 43075 16x7.5-10 R20, 7 inch rim",13354
78.31,591.848,-8.12,593.32,-249.23,1.996,-45.01,-3.67,0.09,0.0326,-2.3806,11.99,43527,7.34,93.05,-10.923,-0,-0.9998,146.38,135.82,146.91,24.97,Cornering,"Hoosier 43075 16x7.5-10 R20, 7 inch rim",13355
78.32,591.858,-6.98,591.96,-249.84,1.986,-44.61,-4.58,0.03,0.0279,-2.3693,12.07,157091.09,7.34,93.06,-10.962,-0,-1,146.64,135.99,147.09,24.98,Cornering,"Hoosier 43075 16x7.5-10 R20, 7 inch rim",13356
78.28,591.867,-5.44,591.01,-248.97,1.989,-44.19,-4.52,-0.04,0.0219,-2.3738,12.15,-97659.29,7.34,93.08,-11.004,-0,-1.0001,146.83,136.24,147.33,24.98,Cornering,"Hoosier 43075 16x7.5-10 R20, 7 inch rim",13357
78.3,591.878,-4.68,590.36,-247.85,1.987,-43.94,-4.02,0.03,0.0189,-2.382,12.21,157005.27,7.34,93.1,-11.052,-0,-1,147.05,136.52,147.53,24.97,Cornering,"Hoosier 43075 16x7.5-10 R20, 7 inch rim",13358
78.32,591.888,-5.22,590.34,-246.99,1.985,-43.54,-3.62,0.09,0.0212,-2.3901,12.2,43493.02,7.34,93.11,-11.08,-0,-0.9998,147.26,136.83,147.8,24.97,Cornering,"Hoosier 43075 16x7.5-10 R20, 7 inch rim",13359
78.3,591.898,-6.04,591.41,-246.39,1.98,-43.36,-2.77,0.03,0.0245,-2.4003,12.16,156785.23,7.34,93.11,-11.12,-0,-1,147.59,137.07,148.08,24.94,Cornering,"Hoosier 43075 16x7.5-10 R20, 7 inch rim",13360
78.28,591.908,-7.12,592.16,-245.83,1.986,-44.11,-1.74,0.09,0.029,-2.4088,12.08,43411.62,7.34,93.13,-11.151,-0,-0.9998,147.82,137.21,148.38,24.93,Cornering,"Hoosier 43075 16x7.5-10 R20, 7 inch rim",13361
78.31,591.918,-8.25,593.1,-246.33,1.987,-44.03,-1.48,0.09,0.0335,-2.4077,12.04,43372.54,7.34,93.16,-11.208,-0,-0.9998,148.06,137.23,148.64,24.91,Cornering,"Hoosier 43075 16x7.5-10 R20, 7 inch rim",13362
78.32,591.927,-9.18,593.72,-246.97,1.996,-44.4,-1.45,0.03,0.0372,-2.4041,12.03,156502.38,7.34,93.18,-11.236,-0,-1,148.1,137.23,148.85,24.91,Cornering,"Hoosier 43075 16x7.5-10 R20, 7 inch rim",13363
78.29,591.938,-9.72,593.75,-248.08,1.995,-45.02,-1.38,0.03,0.0392,-2.3933,12.06,156553.64,7.34,93.18,-11.275,-0,-1,148.04,137.18,148.91,24.92,Cornering,"Hoosier 43075 16x7.5-10 R20, 7 inch rim",13364
78.29,591.948,-9.63,593.49,-249.7,1.986,-44.95,-1.41,0.03,0.0386,-2.3768,12.11,156561.97,7.34,93.2,-11.325,-0,-1,148.12,137.29,148.99,24.93,Cornering,"Hoosier 43075 16x7.5-10 R20, 7 inch rim",13365
78.32,591.958,-9.26,592.75,-250.94,1.99,-45.28,-2.14,0.09,0.0369,-2.3621,12.17,43417.84,7.34,93.21,-11.371,-0,-0.9998,148.25,137.27,149.11,24.95,Cornering,"Hoosier 43075 16x7.5-10 R20, 7 inch rim",13366
78.3,591.968,-7.84,591.34,-250.88,1.998,-45.55,-2.61,-0.04,0.0313,-2.3571,12.15,-97453.09,7.34,93.18,-11.404,-0,-1.0001,148.47,137.38,149.25,24.97,Cornering,"Hoosier 43075 16x7.5-10 R20, 7 inch rim",13367
78.29,591.978,-6.33,589.49,-250.85,2.001,-45.25,-2.75,0.03,0.0252,-2.35,12.12,156932.38,7.33,93.19,-11.443,-0,-1,148.7,137.58,149.43,25,Cornering,"Hoosier 43075 16x7.5-10 R20, 7 inch rim",13368
78.3,591.987,-5.37,589.01,-250.01,1.992,-44.06,-2.54,0.03,0.0215,-2.356,12.03,157087.38,7.33,93.19,-11.49,-0,-1,148.87,137.82,149.67,25.03,Cornering,"Hoosier 43075 16x7.5-10 R20, 7 inch rim",13369
78.33,591.997,-5.23,588.97,-248.76,1.998,-44.1,-1.75,0.03,0.021,-2.3677,11.97,157108.19,7.33,93.18,-11.517,-0,-1,149.09,138.02,149.92,25.03,Cornering,"Hoosier 43075 16x7.5-10 R20, 7 inch rim",13370
78.3,592.008,-5.67,590.04,-247.92,1.992,-43.61,-0.52,-0.04,0.0229,-2.38,11.96,-97624.94,7.33,93.16,-11.557,-0,-1.0001,149.37,138.28,150.12,25.03,Cornering,"Hoosier 43075 16x7.5-10 R20, 7 inch rim",13371
78.29,592.018,-6.08,591.61,-248.33,1.989,-42.49,1.45,-0.04,0.0245,-2.3824,12,-97496.52,7.33,93.15,-11.6,-0,-1.0001,149.6,138.35,150.34,25,Cornering,"Hoosier 43075 16x7.5-10 R20, 7 inch rim",13372
78.31,592.028,-5.37,592.88,-249.08,1.99,-41.72,4.31,-0.04,0.0216,-2.3803,12.09,-97443.61,7.33,93.1,-11.622,-0,-1.0001,149.8,138.42,150.64,24.98,Cornering,"Hoosier 43075 16x7.5-10 R20, 7 inch rim",13373
78.31,592.038,-4.39,593.36,-250.11,1.996,-41.23,7.03,0.03,0.0176,-2.3724,12.18,156743.88,7.33,93.06,-11.645,-0,-1,149.88,138.39,150.77,24.98,Cornering,"Hoosier 43075 16x7.5-10 R20, 7 inch rim",13374
78.28,592.047,-2.75,592.89,-250.51,2.002,-43.06,9.9,-0.04,0.011,-2.3667,12.21,-97449.74,7.33,93.03,-11.667,-0,-1.0001,149.84,138.42,150.87,24.99,Cornering,"Hoosier 43075 16x7.5-10 R20, 7 inch rim",13375
78.31,592.057,-1.58,591.66,-251.36,1.99,-45.31,11.46,-0.04,0.0063,-2.3538,12.19,-97446.13,7.33,93,-11.677,-0,-1.0001,149.86,138.46,150.95,24.99,Cornering,"Hoosier 43075 16x7.5-10 R20, 7 inch rim",13376
78.32,592.068,-1.38,590.56,-251.71,1.989,-47.48,10.87,0.03,0.0055,-2.3462,12.11,156677.66,7.33,92.94,-11.696,-0,-1,149.9,138.53,150.97,24.98,Cornering,"Hoosier 43075 16x7.5-10 R20, 7 inch rim",13377
78.3,592.078,-0.75,589.78,-251.55,1.983,-48.61,9.95,-0.04,0.003,-2.3446,12.03,-97323.32,7.33,92.91,-11.705,-0,-1.0001,150.05,138.59,151.11,24.96,Cornering,"Hoosier 43075 16x7.5-10 R20, 7 inch rim",13378
78.28,592.088,1.14,589.8,-251.7,1.99,-47.08,10.41,0.03,-0.0045,-2.3432,11.96,156518.94,7.33,92.92,-11.719,-0,-1,150.31,138.75,151.27,24.96,Cornering,"Hoosier 43075 16x7.5-10 R20, 7 inch rim",13379
78.31,592.098,4,590.57,-250.82,1.989,-45.12,12.7,-0.04,-0.016,-2.3545,11.97,-97295.55,7.33,92.89,-11.719,-0,-1.0001,150.48,139.01,151.49,24.96,Cornering,"Hoosier 43075 16x7.5-10 R20, 7 inch rim",13380
78.28,592.117,7.17,592.38,-248.64,1.999,-42.59,17.94,-0.04,-0.0288,-2.3825,12.16,-97295.55,7.33,92.84,-12.282,-0,-1.0001,150.89,139.6,151.94,24.96,Cornering,"Hoosier 43075 16x7.5-10 R20, 7 inch rim",13381
78.3,592.128,5.06,592.56,-249.42,1.996,-41.53,17.57,0.09,-0.0203,-2.3758,12.23,43362.18,7.33,92.81,-12.285,-0,-0.9998,151.13,139.82,152.16,24.95,Cornering,"Hoosier 43075 16x7.5-10 R20, 7 inch rim",13382
78.33,592.138,1.76,591.46,-249.56,1.996,-43.16,15.4,0.03,-0.0071,-2.37,12.23,156408.22,7.33,92.8,-12.285,-0,-1,151.38,139.91,152.42,24.94,Cornering,"Hoosier 43075 16x7.5-10 R20, 7 inch rim",13383
78.3,592.148,-2.11,590.85,-250.27,2.002,-43.75,11.98,0.03,0.0084,-2.3608,12.19,156421.52,7.33,92.82,-12.262,-0,-1,151.51,140,152.69,24.94,Cornering,"Hoosier 43075 16x7.5-10 R20, 7 inch rim",13384
78.28,592.158,-5.47,589.79,-251.15,1.99,-45.07,8.18,0.09,0.0218,-2.3484,12.1,43346.18,7.33,92.85,-12.259,-0,-0.9998,151.4,140.02,152.73,24.94,Cornering,"Hoosier 43075 16x7.5-10 R20, 7 inch rim",13385
78.31,592.167,-7.93,589.81,-252.05,1.993,-45.76,4.73,-0.04,0.0315,-2.3401,12.05,-97281.22,7.33,92.87,-12.259,-0,-1.0001,151.38,140.07,152.73,24.95,Cornering,"Hoosier 43075 16x7.5-10 R20, 7 inch rim",13386
78.31,592.177,-8.86,590.3,-252.69,1.993,-46.26,1.81,-0.11,0.035,-2.3361,12,-37119.43,7.33,92.85,-12.233,-0,-1.0002,151.43,140.07,152.77,24.96,Cornering,"Hoosier 43075 16x7.5-10 R20, 7 inch rim",13387
78.28,592.188,-9.23,590.95,-253.34,1.996,-45.25,-1.5,0.09,0.0364,-2.3326,12.05,43400.23,7.33,92.77,-12.236,-0,-0.9998,151.55,140.2,152.83,24.97,Cornering,"Hoosier 43075 16x7.5-10 R20, 7 inch rim",13388
78.29,592.198,-8.85,590.96,-252.99,1.995,-44.23,-4.31,0.03,0.035,-2.3359,12.11,156552.12,7.33,92.76,-12.224,-0,-1,151.77,140.31,152.97,24.96,Cornering,"Hoosier 43075 16x7.5-10 R20, 7 inch rim",13389
78.32,592.208,-9.28,590.49,-252.17,1.989,-43.02,-7.11,0.03,0.0368,-2.3416,12.16,156405.86,7.33,92.75,-12.226,-0,-1,152.05,140.51,153.17,24.93,Cornering,"Hoosier 43075 16x7.5-10 R20, 7 inch rim",13390
78.3,592.218,-10.32,589.84,-250.96,1.999,-42.26,-9.24,0.03,0.0411,-2.3504,12.15,156451.33,7.33,92.72,-12.21,-0,-1,152.24,140.79,153.37,24.94,Cornering,"Hoosier 43075 16x7.5-10 R20, 7 inch rim",13391
78.28,592.227,-12.17,589.06,-250.59,1.995,-41.85,-10.9,0.09,0.0486,-2.3507,12.1,43354.9,7.33,92.68,-12.204,-0,-0.9998,152.43,141.06,153.64,24.94,Cornering,"Hoosier 43075 16x7.5-10 R20, 7 inch rim",13392
78.31,592.237,-13.62,588.25,-249.69,1.989,-43.41,-10.82,0.03,0.0545,-2.3559,12.04,156484.38,7.33,92.64,-12.216,-0,-1,152.76,141.34,153.88,24.94,Cornering,"Hoosier 43075 16x7.5-10 R20, 7 inch rim",13393
78.32,592.247,-14.38,588.24,-249.98,1.99,-44.05,-9.52,0.03,0.0575,-2.3532,12.01,156595.11,7.33,92.59,-12.213,-0,-1,153.06,141.39,154.1,24.96,Cornering,"Hoosier 43075 16x7.5-10 R20, 7 inch rim",13394
78.29,592.258,-14.27,588.2,-249.54,2.005,-45.62,-7.47,-0.04,0.0572,-2.3571,12.02,-97391.2,7.33,92.58,-12.204,-0,-1.0001,153.34,141.45,154.3,24.97,Cornering,"Hoosier 43075 16x7.5-10 R20, 7 inch rim",13395
78.3,592.268,-13.26,588.68,-250.12,2.001,-45.88,-4.89,-0.04,0.053,-2.3536,12.09,-97343.94,7.33,92.57,-12.21,-0,-1.0001,153.34,141.48,154.4,24.96,Cornering,"Hoosier 43075 16x7.5-10 R20, 7 inch rim",13396
78.32,592.278,-12.12,589.32,-250.81,1.992,-46.27,-2.71,0.03,0.0483,-2.3497,12.17,156558.75,7.33,92.53,-12.213,-0,-1,153.14,141.45,154.4,24.96,Cornering,"Hoosier 43075 16x7.5-10 R20, 7 inch rim",13397
78.31,592.287,-10.3,590.75,-251.69,1.985,-45.23,-0.17,-0.04,0.0409,-2.3472,12.19,-97274.59,7.33,92.51,-12.214,-0,-1.0001,153.1,141.5,154.38,24.94,Cornering,"Hoosier 43075 16x7.5-10 R20, 7 inch rim",13398
78.28,592.297,-6.77,591.24,-252.65,1.99,-44.43,3.42,0.03,0.0268,-2.3402,12.18,156492.64,7.33,92.5,-12.201,-0,-1,153.1,141.59,154.36,24.94,Cornering,"Hoosier 43075 16x7.5-10 R20, 7 inch rim",13399
78.3,592.307,-1.25,591.08,-252.52,2.001,-43.76,8.64,-0.04,0.005,-2.3407,12.13,-97279.21,7.33,92.5,-12.201,-0,-1.0001,153.27,141.67,154.38,24.94,Cornering,"Hoosier 43075 16x7.5-10 R20, 7 inch rim",13400
78.32,592.318,4.33,590,-252.18,1.985,-43,14.19,0.16,-0.0172,-2.3396,12.03,25171.61,7.33,92.5,-12.186,-0,-0.9997,153.44,141.87,154.59,24.94,Cornering,"Hoosier 43075 16x7.5-10 R20, 7 inch rim",13401
78.29,592.328,8.17,588.41,-251.04,1.99,-43.14,19.04,-0.04,-0.0326,-2.3439,12,-97367.52,7.33,92.48,-12.144,-0,-1.0001,153.64,142.09,154.83,24.96,Cornering,"Hoosier 43075 16x7.5-10 R20, 7 inch rim",13402
78.29,592.338,10.93,587.78,-250.81,1.993,-42.09,23.73,0.03,-0.0436,-2.3436,12.01,156795.02,7.33,92.46,-12.118,-0,-1,153.81,142.36,155.05,24.98,Cornering,"Hoosier 43075 16x7.5-10 R20, 7 inch rim",13403
78.33,592.347,12.65,587.41,-249.56,2.001,-43.46,27.89,-0.11,-0.0507,-2.3538,12.07,-37173.27,7.33,92.44,-12.091,-0,-1.0002,154.04,142.53,155.27,24.98,Cornering,"Hoosier 43075 16x7.5-10 R20, 7 inch rim",13404
78.31,592.357,12.82,587.75,-250.28,1.995,-42.82,29.98,-0.11,-0.0512,-2.3484,12.16,-37188.3,7.33,92.4,-12.044,-0,-1.0002,154.34,142.66,155.47,24.98,Cornering,"Hoosier 43075 16x7.5-10 R20, 7 inch rim",13405
78.3,592.367,10.57,587.72,-249.76,2.001,-44.32,28.57,-0.04,-0.0423,-2.3531,12.18,-97509.86,7.32,92.39,-11.998,-0,-1.0001,154.6,142.73,155.68,24.98,Cornering,"Hoosier 43075 16x7.5-10 R20, 7 inch rim",13406
78.3,592.378,6.21,588.65,-249.8,1.998,-44.36,23.54,-0.04,-0.0248,-2.3565,12.17,-97461.65,7.33,92.38,-11.942,-0,-1.0001,154.69,142.69,155.8,24.97,Cornering,"Hoosier 43075 16x7.5-10 R20, 7 inch rim",13407
78.32,592.388,1.12,588.98,-250.24,2.004,-44.52,17.14,0.16,-0.0045,-2.3537,12.11,25228.01,7.32,92.37,-11.889,-0,-0.9997,154.56,142.71,155.82,24.97,Cornering,"Hoosier 43075 16x7.5-10 R20, 7 inch rim",13408
78.29,592.398,-3.91,589.5,-251.7,1.996,-44.04,9.96,0.03,0.0155,-2.3421,12.03,156814.12,7.33,92.41,-11.828,-0,-1,154.47,142.73,155.8,24.96,Cornering,"Hoosier 43075 16x7.5-10 R20, 7 inch rim",13409
78.29,592.407,-7.26,589.69,-252.76,2.004,-43.66,3.84,0.03,0.0287,-2.333,12,156804.08,7.32,92.45,-11.781,-0,-1,154.43,142.77,155.78,24.96,Cornering,"Hoosier 43075 16x7.5-10 R20, 7 inch rim",13410
78.32,592.417,-8.37,589.72,-253.11,1.989,-43.3,-0.63,0.03,0.0331,-2.3299,12.03,156912.73,7.33,92.52,-11.716,-0,-1,154.54,142.8,155.78,24.97,Cornering,"Hoosier 43075 16x7.5-10 R20, 7 inch rim",13411
78.31,592.427,-8.19,589.1,-252.7,1.986,-43.18,-4.02,-0.04,0.0324,-2.3313,12.08,-97601.89,7.33,92.58,-11.669,-0,-1.0001,154.73,142.88,155.86,24.98,Cornering,"Hoosier 43075 16x7.5-10 R20, 7 inch rim",13412
78.28,592.438,-9.13,588.01,-252.04,1.985,-42.65,-7.64,0.03,0.0362,-2.333,12.14,157216.03,7.33,92.64,-11.629,-0,-1,154.94,143.08,156,25.01,Cornering,"Hoosier 43075 16x7.5-10 R20, 7 inch rim",13413
78.3,592.448,-11.5,587.05,-250.86,1.989,-42.61,-11.55,-0.04,0.0458,-2.3401,12.11,-97720.91,7.33,92.68,-11.586,-0,-1.0001,155.1,143.32,156.14,25,Cornering,"Hoosier 43075 16x7.5-10 R20, 7 inch rim",13414
78.32,592.458,-14.02,586.53,-249.52,1.998,-43.59,-14.14,-0.04,0.0562,-2.3507,12.08,-97712.39,7.33,92.74,-11.544,-0,-1.0001,155.31,143.57,156.26,25,Cornering,"Hoosier 43075 16x7.5-10 R20, 7 inch rim",13415
78.3,592.468,-15.56,586.06,-249.59,1.996,-44.31,-14.38,-0.04,0.0624,-2.3481,12.01,-97681.64,7.32,92.76,-11.501,-0,-1.0001,155.5,143.68,156.44,24.98,Cornering,"Hoosier 43075 16x7.5-10 R20, 7 inch rim",13416
78.29,592.477,-15.16,586.06,-249.78,1.995,-45.14,-12.64,0.03,0.0607,-2.3463,11.97,157152.48,7.32,92.77,-11.478,-0,-1,155.7,143.7,156.63,24.98,Cornering,"Hoosier 43075 16x7.5-10 R20, 7 inch rim",13417
78.32,592.487,-14.58,586.99,-249.84,1.99,-45.28,-10.88,0.09,0.0584,-2.3495,11.97,43556.02,7.33,92.76,-11.427,-0,-0.9998,155.76,143.74,156.81,24.98,Cornering,"Hoosier 43075 16x7.5-10 R20, 7 inch rim",13418
78.32,592.497,-14.96,588.39,-250.15,2.004,-44.73,-10.41,0.09,0.0598,-2.3521,12.03,43581.37,7.32,92.72,-11.392,-0,-0.9998,155.65,143.72,156.85,25,Cornering,"Hoosier 43075 16x7.5-10 R20, 7 inch rim",13419
78.29,592.508,-15.5,589.52,-251.2,1.989,-43.37,-10.71,-0.04,0.0617,-2.3468,12.1,-97727.88,7.33,92.67,-11.364,-0,-1.0001,155.48,143.72,156.81,24.98,Cornering,"Hoosier 43075 16x7.5-10 R20, 7 inch rim",13420
78.3,592.518,-15.07,589.99,-251.51,1.995,-43.9,-10.5,-0.04,0.0599,-2.3458,12.15,-97669.88,7.32,92.62,-11.334,-0,-1.0001,155.4,143.7,156.77,24.97,Cornering,"Hoosier 43075 16x7.5-10 R20, 7 inch rim",13421
78.32,592.528,-12.62,589.56,-252.62,1.999,-43.31,-9.32,-0.04,0.05,-2.3337,12.15,-97566.51,7.32,92.62,-11.304,-0,-1.0001,155.48,143.68,156.75,24.94,Cornering,"Hoosier 43075 16x7.5-10 R20, 7 inch rim",13422
78.3,592.537,-10.1,588.46,-252.29,2.005,-43.87,-8.31,-0.04,0.04,-2.3324,12.08,-97509.86,7.32,92.6,-11.269,-0,-1.0001,155.63,143.76,156.77,24.92,Cornering,"Hoosier 43075 16x7.5-10 R20, 7 inch rim",13423
78.29,592.547,-7.92,586.6,-252.08,1.989,-44.15,-7.25,-0.04,0.0314,-2.3271,12.03,-97609.56,7.33,92.61,-11.242,-0,-1.0001,155.78,143.92,156.89,24.94,Cornering,"Hoosier 43075 16x7.5-10 R20, 7 inch rim",13424
78.31,592.557,-6.59,584.71,-251.45,2.001,-44.49,-5.95,0.03,0.0262,-2.3253,11.97,157182.95,7.32,92.61,-11.218,-0,-1,155.89,144.12,157.03,24.97,Cornering,"Hoosier 43075 16x7.5-10 R20, 7 inch rim",13425
78.32,592.568,-6.39,584.07,-250.77,1.996,-44.35,-4.76,0.09,0.0255,-2.3291,11.97,43592.52,7.33,92.58,-11.181,-0,-0.9998,156.04,144.29,157.17,24.98,Cornering,"Hoosier 43075 16x7.5-10 R20, 7 inch rim",13426
78.28,592.578,-6,584.53,-250.58,1.989,-43.78,-2.42,0.09,0.0239,-2.3327,12.02,43617.36,7.33,92.58,-11.149,-0,-0.9998,156.19,144.49,157.37,25,Cornering,"Hoosier 43075 16x7.5-10 R20, 7 inch rim",13427
78.29,592.588,-5.47,585.43,-250.04,2.002,-44.17,0.45,0.03,0.0219,-2.3413,12.08,157350.66,7.32,92.55,-11.108,-0,-1,156.4,144.54,157.5,24.98,Cornering,"Hoosier 43075 16x7.5-10 R20, 7 inch rim",13428
78.31,592.597,-4.66,587.14,-249.8,1.996,-43.22,2.98,0.09,0.0187,-2.3504,12.1,43576.8,7.33,92.56,-11.08,-0,-0.9998,156.51,144.54,157.7,24.97,Cornering,"Hoosier 43075 16x7.5-10 R20, 7 inch rim",13429
78.3,592.607,-4.24,588.69,-249.74,2.001,-42.95,4.62,-0.04,0.017,-2.3572,12.08,-97675.6,7.32,92.53,-11.04,-0,-1.0001,156.43,144.49,157.74,24.94,Cornering,"Hoosier 43075 16x7.5-10 R20, 7 inch rim",13430
78.28,592.617,-3.4,589.93,-249.99,1.998,-42.98,6.22,-0.04,0.0136,-2.3598,12.05,-97640.87,7.32,92.54,-11.007,-0,-1.0001,156.23,144.49,157.7,24.93,Cornering,"Hoosier 43075 16x7.5-10 R20, 7 inch rim",13431
78.3,592.628,-2.82,589.8,-250.79,1.999,-43.25,6.87,0.09,0.0112,-2.3518,12,43533.64,7.32,92.53,-10.959,-0,-0.9998,156,144.45,157.58,24.93,Cornering,"Hoosier 43075 16x7.5-10 R20, 7 inch rim",13432
78.32,592.638,-2.66,588.89,-251.81,1.996,-43.95,5.85,0.03,0.0106,-2.3386,12,157228.47,7.33,92.54,-10.921,-0,-1,155.95,144.42,157.45,24.95,Cornering,"Hoosier 43075 16x7.5-10 R20, 7 inch rim",13433
78.29,592.648,-2.16,587.19,-252,1.992,-44.86,3.88,0.03,0.0086,-2.3301,12.04,157289.31,7.33,92.56,-10.874,-0,-1,156.04,144.45,157.39,24.96,Cornering,"Hoosier 43075 16x7.5-10 R20, 7 inch rim",13434
78.29,592.657,-2.39,584.88,-252.29,1.987,-44.93,1.14,0.09,0.0095,-2.3183,12.14,43594.73,7.33,92.58,-10.814,-0,-0.9998,156.23,144.54,157.48,24.96,Cornering,"Hoosier 43075 16x7.5-10 R20, 7 inch rim",13435
78.32,592.667,-2.79,583.64,-252.22,2.002,-43.89,-1.04,-0.04,0.0111,-2.314,12.17,-97807.66,7.32,92.56,-10.77,-0,-1.0001,156.4,144.73,157.56,24.96,Cornering,"Hoosier 43075 16x7.5-10 R20, 7 inch rim",13436
78.31,592.677,-3.63,582.97,-250.16,1.985,-44.47,-2.74,0.09,0.0145,-2.3304,12.19,43607.04,7.33,92.55,-10.727,-0,-0.9998,156.51,144.91,157.7,24.96,Cornering,"Hoosier 43075 16x7.5-10 R20, 7 inch rim",13437
78.28,592.688,-4.95,584.2,-249.36,1.987,-43.57,-3.64,-0.04,0.0198,-2.3428,12.14,-97836.51,7.33,92.52,-10.678,-0,-1.0001,156.68,145.09,157.8,24.96,Cornering,"Hoosier 43075 16x7.5-10 R20, 7 inch rim",13438
78.3,592.698,-6.75,585.44,-249.06,1.985,-42.93,-4.37,0.03,0.0271,-2.3506,12.06,157410.05,7.33,92.55,-10.636,-0,-1,156.94,145.17,157.94,24.96,Cornering,"Hoosier 43075 16x7.5-10 R20, 7 inch rim",13439
78.32,592.708,-9.13,587.13,-248.76,1.99,-42.36,-5.71,-0.04,0.0367,-2.3602,11.97,-97844.6,7.33,92.54,-10.579,-0,-1.0001,157.03,145.13,158.08,24.95,Cornering,"Hoosier 43075 16x7.5-10 R20, 7 inch rim",13440
78.3,592.717,-10.96,588.4,-249.34,1.985,-41.93,-6.99,0.16,0.0439,-2.3598,11.9,25326.22,7.33,92.5,-10.531,-0,-0.9997,157.09,145.02,158.12,24.96,Cornering,"Hoosier 43075 16x7.5-10 R20, 7 inch rim",13441
78.29,592.727,-12.26,588.55,-249.61,1.998,-42.92,-8.17,-0.04,0.0491,-2.3579,11.89,-97963.88,7.32,92.49,-10.488,-0,-1.0001,156.94,145.04,158.1,24.97,Cornering,"Hoosier 43075 16x7.5-10 R20, 7 inch rim",13442
78.32,592.737,-13.24,587.81,-250.96,1.987,-43.74,-9.78,0.03,0.0527,-2.3422,11.93,157765.16,7.33,92.47,-10.437,-0,-1,156.73,145.04,158,25,Cornering,"Hoosier 43075 16x7.5-10 R20, 7 inch rim",13443
78.32,592.747,-13.54,587.05,-251.62,1.982,-44.94,-11.55,0.09,0.0538,-2.3331,12.02,43753.16,7.33,92.45,-10.403,-0,-0.9998,156.58,144.98,157.94,25.01,Cornering,"Hoosier 43075 16x7.5-10 R20, 7 inch rim",13444
78.29,592.758,-12.55,585.05,-252.66,1.995,-45.88,-12.82,0.09,0.0497,-2.3155,12.08,43757.84,7.32,92.45,-10.369,-0,-0.9998,156.62,144.93,157.82,25.01,Cornering,"Hoosier 43075 16x7.5-10 R20, 7 inch rim",13445
78.3,592.768,-11.95,583.34,-252.58,1.998,-45.97,-14.73,-0.04,0.0473,-2.3095,12.13,-98127.93,7.32,92.44,-10.323,-0,-1.0001,156.75,145.02,157.84,25,Cornering,"Hoosier 43075 16x7.5-10 R20, 7 inch rim",13446
78.32,592.777,-10.82,582.73,-252.06,1.987,-44.34,-15.02,-0.04,0.0429,-2.3118,12.14,-98046.91,7.33,92.4,-10.29,-0,-1.0001,156.92,145.17,157.94,24.98,Cornering,"Hoosier 43075 16x7.5-10 R20, 7 inch rim",13447
78.3,592.787,-9.07,582.53,-250.51,1.995,-44.04,-13.55,-0.04,0.0362,-2.3254,12.07,-97989.01,7.33,92.37,-10.256,-0,-1.0001,157,145.33,157.98,24.96,Cornering,"Hoosier 43075 16x7.5-10 R20, 7 inch rim",13448
78.28,592.797,-8.16,583,-250.14,1.987,-42.67,-11.51,0.03,0.0326,-2.3307,12.01,157758.16,7.33,92.37,-10.227,-0,-1,157.18,145.44,158.14,24.98,Cornering,"Hoosier 43075 16x7.5-10 R20, 7 inch rim",13449
78.31,592.807,-8.58,584.05,-249.27,1.99,-42.52,-10.04,0.16,0.0344,-2.3431,11.95,25382.36,7.33,92.36,-10.191,-0,-0.9997,157.39,145.55,158.24,24.98,Cornering,"Hoosier 43075 16x7.5-10 R20, 7 inch rim",13450
78.31,592.818,-9.6,584.66,-249.32,2.006,-42.56,-8.85,0.09,0.0385,-2.345,11.97,43764.91,7.32,92.32,-10.165,-0,-0.9998,157.5,145.53,158.38,25,Cornering,"Hoosier 43075 16x7.5-10 R20, 7 inch rim",13451
78.29,592.828,-10.2,585.3,-249.72,1.985,-42.66,-7.83,-0.04,0.0408,-2.3438,12.03,-98162.41,7.33,92.36,-10.132,-0,-1.0001,157.56,145.46,158.42,25,Cornering,"Hoosier 43075 16x7.5-10 R20, 7 inch rim",13452
78.3,592.837,-9.96,585.3,-250.16,1.993,-43.45,-6.19,0.03,0.0398,-2.3397,12.09,157896.66,7.33,92.4,-10.091,-0,-1,157.43,145.37,158.38,24.99,Cornering,"Hoosier 43075 16x7.5-10 R20, 7 inch rim",13453
78.32,592.847,-8.98,585.16,-251.09,1.995,-44.37,-4.64,0.03,0.0358,-2.3305,12.14,157835,7.32,92.44,-10.067,-0,-1,157.18,145.33,158.26,24.98,Cornering,"Hoosier 43075 16x7.5-10 R20, 7 inch rim",13454
78.3,592.857,-7.18,584.73,-252.22,1.983,-44.74,-3.16,0.03,0.0285,-2.3183,12.11,157781.44,7.33,92.4,-10.025,-0,-1,156.98,145.26,158.08,24.97,Cornering,"Hoosier 43075 16x7.5-10 R20, 7 inch rim",13455
78.29,592.867,-4.95,583.79,-252.59,2.005,-45.79,-2.16,0.03,0.0196,-2.3112,12.08,157794.97,7.32,92.39,-9.996,-0,-1,157,145.24,158,24.97,Cornering,"Hoosier 43075 16x7.5-10 R20, 7 inch rim",13456
78.31,592.878,-2.3,583.04,-252.97,1.996,-44.81,-1.28,-0.11,0.0091,-2.3048,11.99,-37439.23,7.32,92.36,-9.938,-0,-1.0002,157.07,145.26,157.92,24.98,Cornering,"Hoosier 43075 16x7.5-10 R20, 7 inch rim",13457
78.32,592.888,-0.42,582.54,-251.56,1.992,-44.61,-1.08,-0.11,0.0017,-2.3157,11.95,-37450.46,7.33,92.33,-9.915,-0,-1.0002,157.13,145.37,157.98,24.98,Cornering,"Hoosier 43075 16x7.5-10 R20, 7 inch rim",13458
78.29,592.897,0.69,581.93,-251.54,1.995,-42.7,-0.7,0.03,-0.0028,-2.3135,11.96,157930,7.32,92.32,-9.865,-0,-1,157.22,145.59,158.04,24.98,Cornering,"Hoosier 43075 16x7.5-10 R20, 7 inch rim",13459
78.29,592.907,0.16,582.2,-249.93,2.001,-42.58,-0.88,-0.11,-0.0006,-2.3295,12.03,-37416.97,7.32,92.28,-9.825,-0,-1.0002,157.3,145.75,158.12,24.96,Cornering,"Hoosier 43075 16x7.5-10 R20, 7 inch rim",13460
78.32,592.917,-1.88,582.5,-249.49,2.001,-42.16,-1.73,0.09,0.0075,-2.3347,12.13,43724.16,7.32,92.27,-9.777,-0,-0.9998,157.41,145.86,158.2,24.95,Cornering,"Hoosier 43075 16x7.5-10 R20, 7 inch rim",13461
78.3,592.927,-4.1,582.5,-249.51,1.99,-42.6,-2.68,-0.04,0.0164,-2.3346,12.2,-98118.6,7.33,92.24,-9.736,-0,-1.0001,157.5,145.97,158.32,24.96,Cornering,"Hoosier 43075 16x7.5-10 R20, 7 inch rim",13462
78.28,592.938,-6.72,582.35,-249.93,1.993,-43.12,-4.48,-0.04,0.0269,-2.33,12.19,-98226.06,7.32,92.23,-9.679,-0,-1.0001,157.54,145.92,158.4,24.98,Cornering,"Hoosier 43075 16x7.5-10 R20, 7 inch rim",13463
78.31,592.948,-8.46,582.82,-250.33,1.99,-43.44,-6.25,-0.11,0.0338,-2.3282,12.12,-37488.47,7.33,92.24,-9.647,-0,-1.0002,157.39,145.86,158.4,24.99,Cornering,"Hoosier 43075 16x7.5-10 R20, 7 inch rim",13464
78.32,592.957,-9.63,582.68,-251.24,1.998,-44.56,-7.84,0.03,0.0383,-2.3193,12.05,158161.03,7.32,92.24,-9.601,-0,-1,157.18,145.81,158.24,25,Cornering,"Hoosier 43075 16x7.5-10 R20, 7 inch rim",13465
78.3,592.967,-10.17,582.54,-251.92,1.992,-45.5,-9.55,0.09,0.0404,-2.3124,11.97,43824.41,7.32,92.19,-9.547,-0,-0.9998,156.94,145.79,158.12,24.99,Cornering,"Hoosier 43075 16x7.5-10 R20, 7 inch rim",13466
78.29,592.977,-10.42,582.11,-253.13,1.996,-45.29,-11.99,0.03,0.0412,-2.2997,11.97,158168.25,7.32,92.17,-9.504,-0,-1,156.96,145.77,157.98,24.99,Cornering,"Hoosier 43075 16x7.5-10 R20, 7 inch rim",13467
78.31,592.987,-9.41,581.84,-253.82,1.987,-44.54,-13.46,-0.04,0.0371,-2.2923,12.01,-98332.75,7.32,92.13,-9.461,-0,-1.0001,156.96,145.7,157.9,24.99,Cornering,"Hoosier 43075 16x7.5-10 R20, 7 inch rim",13468
78.31,592.997,-8.51,581.35,-252.68,1.992,-44.26,-14.78,0.09,0.0337,-2.3007,12.09,43818.99,7.32,92.09,-9.427,-0,-0.9998,157.05,145.75,157.92,24.98,Cornering,"Hoosier 43075 16x7.5-10 R20, 7 inch rim",13469
78.29,593.008,-7.94,580.87,-251.73,1.995,-43.13,-15.46,0.03,0.0316,-2.3075,12.13,158003.56,7.32,92.03,-9.379,-0,-1,157.11,145.88,157.98,24.96,Cornering,"Hoosier 43075 16x7.5-10 R20, 7 inch rim",13470
78.3,593.017,-8.22,580.53,-250.52,1.986,-42.69,-15.53,0.03,0.0328,-2.3173,12.12,158131.34,7.33,91.97,-9.339,-0,-1,157.11,146.03,158.04,24.97,Cornering,"Hoosier 43075 16x7.5-10 R20, 7 inch rim",13471
78.32,593.027,-9.41,580.35,-249.94,1.995,-42.6,-15.53,-0.04,0.0377,-2.322,12.06,-98284.83,7.32,91.91,-9.303,-0,-1.0001,157.24,146.19,158.1,24.97,Cornering,"Hoosier 43075 16x7.5-10 R20, 7 inch rim",13472
78.29,593.037,-11,580.34,-249.76,1.996,-42.85,-15.35,0.03,0.044,-2.3236,11.98,158240.55,7.33,91.88,-9.258,-0,-1,157.37,146.23,158.22,24.98,Cornering,"Hoosier 43075 16x7.5-10 R20, 7 inch rim",13473
78.28,593.047,-11.49,580.2,-250.42,2.002,-42.98,-14.5,0.03,0.0459,-2.3169,11.97,158473.3,7.32,91.86,-9.229,-0,-1,157.43,146.16,158.28,25.02,Cornering,"Hoosier 43075 16x7.5-10 R20, 7 inch rim",13474
78.31,593.057,-11.75,579.89,-250.73,1.993,-44.14,-14.08,0.09,0.0469,-2.3128,12.02,43948.78,7.32,91.89,-9.196,-0,-0.9998,157.37,146.1,158.34,25.04,Cornering,"Hoosier 43075 16x7.5-10 R20, 7 inch rim",13475
78.32,593.068,-11.8,579.74,-251.43,1.996,-44.87,-13.67,0.03,0.0469,-2.3058,12.08,158613.28,7.33,91.94,-9.16,-0,-1,157.15,146.05,158.24,25.04,Cornering,"Hoosier 43075 16x7.5-10 R20, 7 inch rim",13476
78.29,593.077,-11.09,579.46,-252.56,1.99,-45.46,-13.13,0.03,0.0439,-2.2943,12.14,158627.52,7.33,91.96,-9.127,-0,-1,156.9,145.99,158.1,25.04,Cornering,"Hoosier 43075 16x7.5-10 R20, 7 inch rim",13477
78.3,593.087,-9.89,579.47,-253.13,1.996,-45.71,-12.75,0.03,0.0391,-2.2892,12.17,158461.73,7.32,91.97,-9.086,-0,-1,156.77,145.97,157.92,25.01,Cornering,"Hoosier 43075 16x7.5-10 R20, 7 inch rim",13478
78.32,593.097,-7.44,579.19,-253.75,1.993,-45.07,-11.91,0.09,0.0293,-2.2825,12.14,43884.11,7.32,92,-9.056,-0,-0.9998,156.75,145.94,157.78,24.99,Cornering,"Hoosier 43075 16x7.5-10 R20, 7 inch rim",13479
78.3,593.107,-4.71,578.89,-253.54,1.987,-43.83,-10.69,0.03,0.0186,-2.2833,12.08,158339.89,7.33,91.97,-9.027,-0,-1,156.79,145.92,157.8,24.98,Cornering,"Hoosier 43075 16x7.5-10 R20, 7 inch rim",13480
78.28,593.117,-2.57,578.41,-252.9,1.996,-42.82,-9.44,-0.04,0.0102,-2.2871,12,-98345.23,7.32,92,-8.993,-0,-1.0001,156.9,146.08,157.86,24.96,Cornering,"Hoosier 43075 16x7.5-10 R20, 7 inch rim",13481
78.31,593.128,-1.79,578.08,-251.56,1.982,-42.35,-8.49,-0.04,0.0071,-2.2979,11.95,-98332.16,7.33,92.03,-8.956,-0,-1.0001,156.85,146.27,157.88,24.96,Cornering,"Hoosier 43075 16x7.5-10 R20, 7 inch rim",13482
78.32,593.138,-1.5,578.2,-250.43,1.982,-42.45,-6.96,0.09,0.006,-2.3088,11.97,43839.82,7.33,92.08,-8.913,-0,-0.9998,156.85,146.43,157.92,24.96,Cornering,"Hoosier 43075 16x7.5-10 R20, 7 inch rim",13483
78.29,593.147,-1.98,578.01,-250.24,2.002,-43.15,-5.51,0.16,0.0079,-2.3098,12.02,25436.18,7.32,92.1,-8.875,-0,-0.9997,157,146.47,158.02,24.94,Cornering,"Hoosier 43075 16x7.5-10 R20, 7 inch rim",13484
78.29,593.157,-3.06,577.55,-250.5,1.995,-43.41,-5.04,0.03,0.0122,-2.3056,12.08,158127.8,7.32,92.12,-8.832,-0,-1,157.03,146.36,158.12,24.94,Cornering,"Hoosier 43075 16x7.5-10 R20, 7 inch rim",13485
78.32,593.167,-4.56,577.24,-250.58,1.986,-44.49,-5.74,0.03,0.0182,-2.3036,12.11,158147.38,7.33,92.15,-8.785,-0,-1,157.05,146.32,158.14,24.94,Cornering,"Hoosier 43075 16x7.5-10 R20, 7 inch rim",13486
78.3,593.177,-5.74,577.09,-251.31,2.008,-44.9,-6.63,0.09,0.0228,-2.2963,12.09,43829.36,7.32,92.17,-8.738,-0,-0.9998,156.94,146.16,158,24.94,Cornering,"Hoosier 43075 16x7.5-10 R20, 7 inch rim",13487
78.28,593.188,-6.81,576.99,-252.85,1.99,-44.64,-8.31,0.03,0.0269,-2.2819,12.05,158221.77,7.33,92.15,-8.693,-0,-1,156.62,146.12,157.84,24.94,Cornering,"Hoosier 43075 16x7.5-10 R20, 7 inch rim",13488
78.3,593.198,-7.22,577.18,-253.92,1.987,-44.7,-10.08,-0.11,0.0284,-2.2731,11.99,-37538.64,7.33,92.12,-8.645,-0,-1.0002,156.36,146.03,157.7,24.96,Cornering,"Hoosier 43075 16x7.5-10 R20, 7 inch rim",13489
78.31,593.207,-6.98,576.89,-254.61,1.992,-44.61,-12.2,0.03,0.0274,-2.2657,11.98,158337.19,7.33,92.1,-8.59,-0,-1,156.25,145.97,157.52,24.96,Cornering,"Hoosier 43075 16x7.5-10 R20, 7 inch rim",13490
78.29,593.217,-6.24,576.28,-254.39,1.985,-44.34,-14.03,0.09,0.0245,-2.2653,12.03,43921.66,7.33,92.15,-8.552,-0,-0.9998,156.32,145.99,157.43,24.98,Cornering,"Hoosier 43075 16x7.5-10 R20, 7 inch rim",13491
78.29,593.227,-5.78,575.48,-253.42,1.996,-43.94,-15.52,0.03,0.0228,-2.2708,12.08,158552.19,7.32,92.14,-8.513,-0,-1,156.32,146.1,157.41,24.98,Cornering,"Hoosier 43075 16x7.5-10 R20, 7 inch rim",13492
78.32,593.237,-5.83,574.52,-252.34,1.995,-43.22,-16.45,0.03,0.0231,-2.2768,12.17,158722.2,7.32,92.13,-8.456,-0,-1,156.3,146.27,157.41,25.01,Cornering,"Hoosier 43075 16x7.5-10 R20, 7 inch rim",13493
78.3,593.247,-7.15,573.58,-251.77,1.995,-43.16,-17.54,0.03,0.0284,-2.2782,12.17,158772.66,7.32,92.16,-8.421,-0,-1,156.25,146.43,157.43,25.01,Cornering,"Hoosier 43075 16x7.5-10 R20, 7 inch rim",13494
78.29,593.258,-8.9,573.12,-251.83,1.989,-42.71,-18.36,0.03,0.0353,-2.2758,12.16,158709.27,7.33,92.2,-8.396,-0,-1,156.34,146.52,157.5,25,Cornering,"Hoosier 43075 16x7.5-10 R20, 7 inch rim",13495
78.3,593.267,-9.97,572.65,-252.04,1.992,-43.44,-18.17,0.03,0.0396,-2.272,12.08,158657.11,7.32,92.23,-8.341,-0,-1,156.38,146.47,157.6,24.99,Cornering,"Hoosier 43075 16x7.5-10 R20, 7 inch rim",13496
78.32,593.277,-10.6,572.05,-252.9,1.996,-43.75,-18.07,0.09,0.0419,-2.2619,11.98,43978.99,7.32,92.25,-8.308,-0,-0.9998,156.32,146.41,157.7,25,Cornering,"Hoosier 43075 16x7.5-10 R20, 7 inch rim",13497
78.29,593.287,-11.66,571.9,-253.36,1.986,-44.44,-18.88,-0.11,0.046,-2.2573,11.91,-37627.28,7.33,92.28,-8.26,-0,-1.0002,156.08,146.27,157.66,24.99,Cornering,"Hoosier 43075 16x7.5-10 R20, 7 inch rim",13498
78.29,593.297,-11.82,571.93,-254.64,1.985,-44.87,-19.03,0.09,0.0464,-2.246,11.94,44008.34,7.33,92.3,-8.225,-0,-0.9998,155.8,146.21,157.52,25.01,Cornering,"Hoosier 43075 16x7.5-10 R20, 7 inch rim",13499
78.32,593.307,-11.68,572.11,-255.57,1.992,-44.91,-19.71,-0.04,0.0457,-2.2386,11.97,-98732.76,7.33,92.29,-8.178,-0,-1.0001,155.52,146.1,157.35,25.01,Cornering,"Hoosier 43075 16x7.5-10 R20, 7 inch rim",13500
78.31,593.318,-10.75,571.51,-256.48,1.996,-45.34,-20.33,-0.04,0.0419,-2.2283,12.08,-98736.52,7.32,92.28,-8.162,-0,-1.0001,155.46,146.1,157.15,25.01,Cornering,"Hoosier 43075 16x7.5-10 R20, 7 inch rim",13501
78.29,593.327,-9,571.19,-255.97,1.999,-45.02,-20.34,0.03,0.0352,-2.2314,12.18,158741.91,7.32,92.29,-8.122,-0,-1,155.42,146.08,157.05,24.99,Cornering,"Hoosier 43075 16x7.5-10 R20, 7 inch rim",13502
78.3,593.337,-6.88,570.1,-255.18,1.992,-44.5,-19.66,-0.11,0.027,-2.2341,12.22,-37625.22,7.32,92.28,-8.091,-0,-1.0002,155.5,146.16,157.05,24.98,Cornering,"Hoosier 43075 16x7.5-10 R20, 7 inch rim",13503
78.32,593.347,-6.08,569.61,-254.23,1.993,-43.3,-19.25,0.03,0.0239,-2.2406,12.22,158584.45,7.33,92.28,-8.052,-0,-1,155.52,146.32,157.09,24.96,Cornering,"Hoosier 43075 16x7.5-10 R20, 7 inch rim",13504
78.3,593.357,-4.9,568.51,-253.63,1.998,-42.77,-17.29,-0.04,0.0193,-2.2415,12.14,-98568.04,7.33,92.29,-8.003,-0,-1.0001,155.46,146.52,157.05,24.96,Cornering,"Hoosier 43075 16x7.5-10 R20, 7 inch rim",13505
78.29,593.367,-4.87,567.89,-253.66,1.998,-42.73,-15.6,0.03,0.0192,-2.2388,12.08,158645,7.32,92.26,-7.989,-0,-1,155.5,146.58,157.11,24.97,Cornering,"Hoosier 43075 16x7.5-10 R20, 7 inch rim",13506
78.31,593.378,-4.94,567.12,-254.18,1.983,-43.23,-13.7,0.03,0.0194,-2.2312,12.05,158734.73,7.33,92.22,-7.946,-0,-1,155.59,146.58,157.19,24.98,Cornering,"Hoosier 43075 16x7.5-10 R20, 7 inch rim",13507
78.32,593.387,-5.18,567.29,-254.89,1.999,-43,-12.65,-0.11,0.0203,-2.2256,12.07,-37598.75,7.32,92.21,-7.897,-0,-1.0002,155.52,146.47,157.23,24.95,Cornering,"Hoosier 43075 16x7.5-10 R20, 7 inch rim",13508
78.29,593.397,-5.51,566.81,-255.14,2.009,-44.28,-11.95,0.03,0.0216,-2.2215,12.14,158506.62,7.32,92.16,-7.866,-0,-1,155.31,146.41,157.17,24.94,Cornering,"Hoosier 43075 16x7.5-10 R20, 7 inch rim",13509
78.3,593.407,-5.71,566.55,-256.54,1.989,-44.36,-11.78,-0.04,0.0222,-2.2084,12.21,-98563.86,7.33,92.14,-7.823,-0,-1.0001,155.05,146.32,157.01,24.94,Cornering,"Hoosier 43075 16x7.5-10 R20, 7 inch rim",13510
78.32,593.417,-5.45,566.11,-257.64,1.989,-45.31,-11.94,-0.11,0.0212,-2.1973,12.21,-37616.98,7.33,92.15,-7.789,-0,-1.0002,154.75,146.21,156.75,24.96,Cornering,"Hoosier 43075 16x7.5-10 R20, 7 inch rim",13511
78.3,593.427,-4.86,565.97,-258.21,1.983,-45.74,-12.78,-0.11,0.0188,-2.1919,12.15,-37664.75,7.33,92.12,-7.741,-0,-1.0002,154.47,146.19,156.57,24.98,Cornering,"Hoosier 43075 16x7.5-10 R20, 7 inch rim",13512
78.28,593.438,-3.76,565.36,-258.71,1.999,-44.98,-13.8,0.09,0.0145,-2.1853,12.06,44042.29,7.32,92.11,-7.701,-0,-0.9998,154.37,146.14,156.36,25,Cornering,"Hoosier 43075 16x7.5-10 R20, 7 inch rim",13513
78.32,593.447,-2.49,564.74,-258.03,1.98,-44.57,-14.84,0.03,0.0097,-2.1886,11.99,158990.62,7.33,92.08,-7.65,-0,-1,154.34,146.19,156.34,25,Cornering,"Hoosier 43075 16x7.5-10 R20, 7 inch rim",13514
78.32,593.457,-2.59,563.95,-257.26,1.996,-43.54,-16.43,-0.04,0.0101,-2.1922,11.99,-98771.25,7.33,92.05,-7.614,-0,-1.0001,154.26,146.34,156.26,24.98,Cornering,"Hoosier 43075 16x7.5-10 R20, 7 inch rim",13515
78.28,593.467,-3.87,563.32,-256.45,1.987,-42.61,-18.28,0.09,0.0151,-2.1966,12.03,44034.66,7.32,92.05,-7.572,-0,-0.9998,154.24,146.47,156.28,24.98,Cornering,"Hoosier 43075 16x7.5-10 R20, 7 inch rim",13516
78.29,593.477,-4.88,562.21,-255.64,1.987,-43.28,-18.79,0.03,0.0191,-2.1992,12.1,158890.05,7.33,92.05,-7.518,-0,-1,154.19,146.6,156.3,24.98,Cornering,"Hoosier 43075 16x7.5-10 R20, 7 inch rim",13517
78.33,593.487,-6.87,561.3,-256.56,1.983,-42.79,-19.75,-0.11,0.0268,-2.1878,12.18,-37696.14,7.33,92.05,-7.474,-0,-1.0002,154.34,146.63,156.34,24.99,Cornering,"Hoosier 43075 16x7.5-10 R20, 7 inch rim",13518
78.3,593.497,-8.4,560.52,-256.44,1.977,-43.45,-20.31,0.03,0.0328,-2.1858,12.17,159031.27,7.33,92.08,-7.431,-0,-1,154.3,146.49,156.4,25,Cornering,"Hoosier 43075 16x7.5-10 R20, 7 inch rim",13519
78.28,593.507,-10.32,559.6,-257.24,1.986,-44.04,-21.73,-0.04,0.0401,-2.1754,12.13,-98889.48,7.33,92.14,-7.388,-0,-1.0001,154.22,146.41,156.32,25,Cornering,"Hoosier 43075 16x7.5-10 R20, 7 inch rim",13520
78.31,593.517,-11.58,558.38,-258.45,1.986,-45.22,-23.05,-0.04,0.0448,-2.1605,12.05,-98873.93,7.33,92.14,-7.353,-0,-1.0001,154.02,146.27,156.22,25,Cornering,"Hoosier 43075 16x7.5-10 R20, 7 inch rim",13521
78.32,593.527,-11.78,557.65,-260.08,1.993,-45.66,-23.9,-0.11,0.0453,-2.1441,11.97,-37735.79,7.33,92.14,-7.31,-0,-1.0002,153.74,146.23,156,25.01,Cornering,"Hoosier 43075 16x7.5-10 R20, 7 inch rim",13522
78.29,593.537,-10.73,557.53,-261.19,1.982,-45.6,-24.35,-0.04,0.0411,-2.1346,11.96,-98982.44,7.33,92.12,-7.275,-0,-1.0001,153.53,146.08,155.76,25.02,Cornering,"Hoosier 43075 16x7.5-10 R20, 7 inch rim",13523
78.29,593.547,-9.22,557.23,-261.6,1.99,-45.47,-25.12,0.03,0.0352,-2.1301,11.98,159282.66,7.33,92.11,-7.236,-0,-1,153.49,146.12,155.6,25.03,Cornering,"Hoosier 43075 16x7.5-10 R20, 7 inch rim",13524
78.32,593.557,-8.27,556.75,-260.74,2.002,-45.13,-26.3,0.03,0.0317,-2.1352,12.05,159371.45,7.33,92.09,-7.191,-0,-1,153.49,146.08,155.47,25.04,Cornering,"Hoosier 43075 16x7.5-10 R20, 7 inch rim",13525
78.31,593.567,-6.7,556.12,-259.93,1.992,-43.91,-26.08,-0.04,0.0258,-2.1395,12.08,-99051.51,7.33,92.08,-7.164,-0,-1.0001,153.51,146.23,155.41,25.03,Cornering,"Hoosier 43075 16x7.5-10 R20, 7 inch rim",13526
78.28,593.577,-6.38,555.33,-259.01,1.985,-42.71,-25.8,0.03,0.0246,-2.144,12.08,159285.27,7.33,92.09,-7.118,-0,-1,153.44,146.36,155.39,25.02,Cornering,"Hoosier 43075 16x7.5-10 R20, 7 inch rim",13527
78.3,593.587,-6.14,554.06,-258.35,1.992,-42.92,-24.34,0.03,0.0238,-2.1447,12.03,159145.28,7.33,92.08,-7.096,-0,-1,153.46,146.49,155.37,25,Cornering,"Hoosier 43075 16x7.5-10 R20, 7 inch rim",13528
78.32,593.597,-6.32,552.8,-258.07,1.995,-43.81,-22.57,0.09,0.0245,-2.1421,11.98,44053.05,7.33,92.09,-7.055,-0,-0.9998,153.53,146.49,155.41,24.97,Cornering,"Hoosier 43075 16x7.5-10 R20, 7 inch rim",13529
78.3,593.607,-6.75,551.4,-258.45,1.992,-44.83,-21.32,0.16,0.0261,-2.1335,11.94,25553.41,7.33,92.1,-7.018,-0,-0.9997,153.57,146.47,155.43,24.95,Cornering,"Hoosier 43075 16x7.5-10 R20, 7 inch rim",13530
78.29,593.617,-6.82,549.71,-259.3,1.989,-45.53,-20.19,0.03,0.0263,-2.12,11.98,158849.41,7.33,92.12,-6.985,-0,-1,153.46,146.38,155.43,24.94,Cornering,"Hoosier 43075 16x7.5-10 R20, 7 inch rim",13531
78.32,593.627,-7.1,548.84,-261.29,1.987,-44.82,-19.63,0.09,0.0272,-2.1005,12.03,44043.23,7.33,92.14,-6.938,-0,-0.9998,153.21,146.27,155.33,24.96,Cornering,"Hoosier 43075 16x7.5-10 R20, 7 inch rim",13532
78.31,593.637,-6.45,547.92,-262.11,1.987,-45.7,-18.86,0.16,0.0246,-2.0904,12.11,25558.96,7.33,92.17,-6.912,-0,-0.9997,152.93,146.14,155.13,24.95,Cornering,"Hoosier 43075 16x7.5-10 R20, 7 inch rim",13533
78.29,593.647,-6.18,547.14,-262.51,2.008,-46.66,-19.25,0.03,0.0235,-2.0842,12.13,158886.91,7.33,92.18,-6.869,-0,-1,152.69,146.12,154.89,24.94,Cornering,"Hoosier 43075 16x7.5-10 R20, 7 inch rim",13534
78.3,593.657,-4.84,547.2,-263.81,1.992,-44.43,-19.63,0.03,0.0183,-2.0742,12.11,158864.64,7.33,92.17,-6.823,-0,-1,152.54,146.1,154.65,24.94,Cornering,"Hoosier 43075 16x7.5-10 R20, 7 inch rim",13535
78.32,593.667,-3.11,546.59,-263.42,1.986,-43.61,-19.88,-0.04,0.0118,-2.075,12.03,-98759.91,7.34,92.13,-6.792,-0,-1.0001,152.46,146.14,154.48,24.94,Cornering,"Hoosier 43075 16x7.5-10 R20, 7 inch rim",13536
78.29,593.677,-2.13,545.49,-262.63,1.989,-42.8,-20.56,-0.04,0.0081,-2.077,11.97,-98839.16,7.34,92.04,-6.739,-0,-1.0001,152.46,146.23,154.38,24.96,Cornering,"Hoosier 43075 16x7.5-10 R20, 7 inch rim",13537
78.29,593.687,-2.46,543.57,-261.03,1.993,-43.37,-21.52,0.09,0.0094,-2.0824,11.92,44115.11,7.34,91.98,-6.703,-0,-0.9998,152.39,146.41,154.3,24.98,Cornering,"Hoosier 43075 16x7.5-10 R20, 7 inch rim",13538
78.32,593.697,-2.85,542.16,-260.16,1.985,-43.62,-21.5,-0.04,0.011,-2.0839,11.94,-98993.32,7.34,91.93,-6.655,-0,-1.0001,152.33,146.54,154.18,24.99,Cornering,"Hoosier 43075 16x7.5-10 R20, 7 inch rim",13539
78.31,593.707,-4.87,540.75,-260.07,1.987,-43.78,-22.33,0.09,0.0187,-2.0792,12,44153.71,7.34,91.89,-6.612,-0,-0.9998,152.33,146.63,154.12,25,Cornering,"Hoosier 43075 16x7.5-10 R20, 7 inch rim",13540
78.28,593.717,-6.18,539.2,-260.38,1.993,-44.15,-22.25,-0.04,0.0237,-2.0708,12.06,-99054.91,7.34,91.88,-6.573,-0,-1.0001,152.35,146.65,154.14,25,Cornering,"Hoosier 43075 16x7.5-10 R20, 7 inch rim",13541
78.29,593.727,-7.64,537.66,-261.14,1.999,-43.97,-22.63,0.03,0.0293,-2.0589,12.11,159290.2,7.34,91.84,-6.524,-0,-1,152.22,146.56,154.14,24.99,Cornering,"Hoosier 43075 16x7.5-10 R20, 7 inch rim",13542
78.32,593.737,-8.41,536.28,-261.73,2.001,-44.29,-22.99,-0.04,0.0321,-2.0489,12.11,-99071.46,7.34,91.81,-6.486,-0,-1.0001,152.03,146.56,154.06,25,Cornering,"Hoosier 43075 16x7.5-10 R20, 7 inch rim",13543
78.3,593.747,-8.97,534.93,-263.48,2.004,-43.92,-23.93,0.09,0.034,-2.0303,12.06,44177.98,7.34,91.8,-6.445,-0,-0.9998,151.77,146.47,153.88,25.01,Cornering,"Hoosier 43075 16x7.5-10 R20, 7 inch rim",13544
78.28,593.757,-8.48,534.04,-264.73,1.998,-43.65,-24.46,0.03,0.032,-2.0173,11.99,159549.05,7.34,91.8,-6.401,-0,-1,151.53,146.41,153.64,25.03,Cornering,"Hoosier 43075 16x7.5-10 R20, 7 inch rim",13545
78.31,593.767,-7.8,532.51,-265.71,2.002,-44.25,-25.74,-0.04,0.0293,-2.0041,11.95,-99163.59,7.34,91.79,-6.361,-0,-1.0001,151.36,146.41,153.39,25.02,Cornering,"Hoosier 43075 16x7.5-10 R20, 7 inch rim",13546
78.32,593.777,-6.49,531.14,-265.82,1.986,-43.85,-26.85,-0.04,0.0244,-1.9981,11.96,-99194.2,7.35,91.8,-6.319,-0,-1.0001,151.28,146.45,153.19,25.03,Cornering,"Hoosier 43075 16x7.5-10 R20, 7 inch rim",13547
78.29,593.787,-5.31,529.23,-264.44,1.99,-44.51,-27.49,0.03,0.0201,-2.0014,12.01,159508.19,7.35,91.83,-6.289,-0,-1,151.19,146.54,153.09,25.01,Cornering,"Hoosier 43075 16x7.5-10 R20, 7 inch rim",13548
78.3,593.797,-5.08,527.65,-263.37,1.995,-43.78,-28,-0.04,0.0193,-2.0035,12.08,-99140.12,7.35,91.82,-6.238,-0,-1.0001,151.17,146.63,152.99,25.01,Cornering,"Hoosier 43075 16x7.5-10 R20, 7 inch rim",13549
78.32,593.807,-5.07,526.06,-262.06,2.001,-43.85,-27.63,0.03,0.0193,-2.0074,12.13,159383.27,7.35,91.84,-6.211,-0,-1,151.08,146.71,152.91,24.99,Cornering,"Hoosier 43075 16x7.5-10 R20, 7 inch rim",13550
78.31,593.817,-5.79,524.51,-261.68,1.986,-43.55,-26.98,0.03,0.0221,-2.0043,12.08,159321.7,7.35,91.87,-6.168,-0,-1,151.06,146.85,152.93,24.98,Cornering,"Hoosier 43075 16x7.5-10 R20, 7 inch rim",13551
78.29,593.827,-6.71,523.26,-261.88,1.992,-43.29,-25.99,-0.04,0.0256,-1.9981,12.04,-98998.73,7.35,91.88,-6.129,-0,-1.0001,151.04,146.8,152.91,24.97,Cornering,"Hoosier 43075 16x7.5-10 R20, 7 inch rim",13552
78.31,593.837,-7.24,522.17,-261.8,1.99,-43.79,-25.28,-0.04,0.0277,-1.9945,11.97,-98983.83,7.35,91.87,-6.083,-0,-1.0001,151,146.69,152.93,24.96,Cornering,"Hoosier 43075 16x7.5-10 R20, 7 inch rim",13553
78.32,593.847,-7.75,521.12,-263.11,1.986,-43.49,-24.97,-0.11,0.0294,-1.9806,11.92,-37741.67,7.35,91.86,-6.046,-0,-1.0002,150.78,146.6,152.95,24.95,Cornering,"Hoosier 43075 16x7.5-10 R20, 7 inch rim",13554
78.29,593.857,-8.17,519.46,-264.83,1.995,-43.46,-25.12,0.03,0.0308,-1.9615,11.91,159146.02,7.35,91.84,-6.004,-0,-1,150.53,146.54,152.87,24.94,Cornering,"Hoosier 43075 16x7.5-10 R20, 7 inch rim",13555
78.29,593.867,-8.1,517.8,-266.39,1.987,-43.49,-25.86,0.09,0.0304,-1.9438,12,44104.01,7.36,91.86,-5.962,-0,-0.9998,150.27,146.49,152.69,24.94,Cornering,"Hoosier 43075 16x7.5-10 R20, 7 inch rim",13556
78.32,593.877,-7.03,516.12,-267.58,1.986,-43.91,-26.24,-0.11,0.0263,-1.9288,12.09,-37740.26,7.36,91.89,-5.934,-0,-1.0002,150.07,146.43,152.46,24.94,Cornering,"Hoosier 43075 16x7.5-10 R20, 7 inch rim",13557
78.31,593.887,-5.27,514.57,-267.69,2.001,-43.67,-26.49,-0.04,0.0197,-1.9223,12.17,-98994.72,7.35,91.89,-5.887,-0,-1.0001,149.97,146.38,152.28,24.96,Cornering,"Hoosier 43075 16x7.5-10 R20, 7 inch rim",13558
78.29,593.897,-4.06,513,-266.54,1.992,-43.49,-26.96,0.09,0.0152,-1.9247,12.18,44122.09,7.36,91.89,-5.858,-0,-0.9998,149.92,146.45,152.16,24.95,Cornering,"Hoosier 43075 16x7.5-10 R20, 7 inch rim",13559
78.3,593.907,-3.02,511.09,-264.86,1.987,-43.23,-26.61,0.09,0.0114,-1.9297,12.12,44115.8,7.36,91.9,-5.805,-0,-0.9998,149.86,146.56,152.08,24.94,Cornering,"Hoosier 43075 16x7.5-10 R20, 7 inch rim",13560
78.33,593.917,-2.89,509.8,-263.21,1.99,-43.24,-26.02,0.09,0.011,-1.9369,12.05,44159.15,7.36,91.87,-5.774,-0,-0.9998,149.77,146.63,151.96,24.97,Cornering,"Hoosier 43075 16x7.5-10 R20, 7 inch rim",13561
78.29,593.927,-3.79,508.69,-262.38,1.992,-43.07,-25.66,0.03,0.0145,-1.9388,11.97,159480.92,7.36,91.85,-5.725,-0,-1,149.75,146.74,151.94,24.98,Cornering,"Hoosier 43075 16x7.5-10 R20, 7 inch rim",13562
78.29,593.937,-5.02,508.07,-262.3,1.993,-42.65,-25.29,-0.04,0.0192,-1.9369,11.93,-99189.14,7.36,91.85,-5.687,-0,-1.0001,149.73,146.76,151.94,25,Cornering,"Hoosier 43075 16x7.5-10 R20, 7 inch rim",13563
78.31,593.947,-6.05,506.98,-262.44,1.992,-42.36,-25.19,0.03,0.0231,-1.9318,11.94,159574.17,7.36,91.84,-5.652,-0,-1,149.69,146.74,151.96,25,Cornering,"Hoosier 43075 16x7.5-10 R20, 7 inch rim",13564
78.31,593.957,-7.04,505.93,-263.65,1.998,-42.05,-25.47,0.03,0.0267,-1.9189,12.03,159623.89,7.36,91.86,-5.604,-0,-1,149.52,146.63,151.9,25,Cornering,"Hoosier 43075 16x7.5-10 R20, 7 inch rim",13565
78.28,593.967,-7.83,503.96,-265.17,1.989,-42.17,-26.39,0.09,0.0295,-1.9005,12.11,44205.04,7.37,91.84,-5.566,-0,-0.9998,149.19,146.54,151.78,24.98,Cornering,"Hoosier 43075 16x7.5-10 R20, 7 inch rim",13566
78.3,593.977,-7.95,501.96,-266.38,1.995,-43.33,-27.11,0.03,0.0298,-1.8844,12.19,159423.97,7.37,91.84,-5.518,-0,-1,148.92,146.54,151.59,24.97,Cornering,"Hoosier 43075 16x7.5-10 R20, 7 inch rim",13567
78.33,593.987,-7.49,499.38,-268.31,1.989,-43.31,-28.05,0.03,0.0279,-1.8612,12.19,159465.36,7.37,91.87,-5.5,-0,-1,148.72,146.49,151.41,24.97,Cornering,"Hoosier 43075 16x7.5-10 R20, 7 inch rim",13568
78.3,593.997,-6.25,497.52,-268.32,1.992,-43.91,-28.89,-0.11,0.0233,-1.8542,12.14,-37840.97,7.37,91.87,-5.446,-0,-1.0002,148.59,146.47,151.19,24.99,Cornering,"Hoosier 43075 16x7.5-10 R20, 7 inch rim",13569
78.29,594.007,-5.03,495.47,-267.44,2.006,-43.97,-29.56,0.09,0.0188,-1.8526,12.04,44287.43,7.37,91.86,-5.416,-0,-0.9998,148.51,146.47,151.07,25.03,Cornering,"Hoosier 43075 16x7.5-10 R20, 7 inch rim",13570
78.32,594.017,-3.86,493.89,-265.91,1.99,-43.51,-29.66,-0.04,0.0145,-1.8573,12,-99446.41,7.37,91.85,-5.372,-0,-1.0001,148.4,146.56,151.01,25.05,Cornering,"Hoosier 43075 16x7.5-10 R20, 7 inch rim",13571
78.32,594.027,-3.68,492.79,-265.01,1.989,-42.07,-29.79,-0.04,0.0139,-1.8595,12,-99520.74,7.37,91.83,-5.337,-0,-1.0001,148.34,146.58,150.87,25.07,Cornering,"Hoosier 43075 16x7.5-10 R20, 7 inch rim",13572
78.29,594.037,-4.21,491.97,-263.55,1.999,-41.95,-29.32,0.09,0.016,-1.8667,12.06,44358.61,7.37,91.79,-5.276,-0,-0.9998,148.23,146.65,150.81,25.06,Cornering,"Hoosier 43075 16x7.5-10 R20, 7 inch rim",13573
78.3,594.047,-5.28,491.5,-263.17,1.992,-41.22,-28.83,-0.04,0.0201,-1.8676,12.12,-99464.8,7.38,91.78,-5.251,-0,-1.0001,148.21,146.71,150.81,25.05,Cornering,"Hoosier 43075 16x7.5-10 R20, 7 inch rim",13574
78.32,594.057,-5.98,490.39,-262.61,1.993,-41.45,-28.23,0.03,0.0228,-1.8674,12.17,159906.88,7.38,91.81,-5.213,-0,-1,148.16,146.69,150.85,25.03,Cornering,"Hoosier 43075 16x7.5-10 R20, 7 inch rim",13575
78.3,594.067,-6.72,488.85,-263.35,1.993,-41.72,-28.07,-0.04,0.0255,-1.8563,12.13,-99336.8,7.38,91.84,-5.184,-0,-1.0001,148.01,146.63,150.83,25.01,Cornering,"Hoosier 43075 16x7.5-10 R20, 7 inch rim",13576
78.29,594.077,-7.01,486.41,-264.94,1.986,-41.73,-28.03,0.03,0.0265,-1.8359,12.05,159777.58,7.38,91.86,-5.134,-0,-1,147.71,146.52,150.73,25.01,Cornering,"Hoosier 43075 16x7.5-10 R20, 7 inch rim",13577
78.31,594.087,-7.47,483.65,-266.51,2.004,-43.2,-28.87,0.09,0.028,-1.8147,11.95,44247.55,7.38,91.89,-5.094,-0,-0.9998,147.41,146.45,150.52,24.99,Cornering,"Hoosier 43075 16x7.5-10 R20, 7 inch rim",13578
78.32,594.097,-6.68,481.23,-268.74,1.987,-42.92,-29.37,-0.04,0.0248,-1.7907,11.9,-99264.26,7.38,91.94,-5.051,-0,-1.0001,147.26,146.32,150.34,24.99,Cornering,"Hoosier 43075 16x7.5-10 R20, 7 inch rim",13579
78.29,594.107,-5.58,478.76,-269.44,1.993,-43.9,-30.34,0.09,0.0207,-1.7769,11.92,44222.76,7.38,91.98,-5.001,-0,-0.9998,147.18,146.27,150.06,24.97,Cornering,"Hoosier 43075 16x7.5-10 R20, 7 inch rim",13580
78.29,594.117,-4.06,477.05,-269.03,1.996,-43.41,-30.79,0.03,0.0151,-1.7732,12,159519.28,7.38,92.01,-4.971,-0,-1,147.07,146.25,149.86,24.96,Cornering,"Hoosier 43075 16x7.5-10 R20, 7 inch rim",13581
78.33,594.127,-2.86,475.48,-267.69,1.986,-42.43,-30.95,0.03,0.0107,-1.7762,12.1,159491.05,7.39,92.02,-4.932,-0,-1,147.03,146.34,149.78,24.96,Cornering,"Hoosier 43075 16x7.5-10 R20, 7 inch rim",13582
78.31,594.137,-2.92,474.34,-265.56,1.983,-41.47,-31.25,0.09,0.011,-1.7862,12.14,44177.75,7.39,91.98,-4.901,-0,-0.9998,146.88,146.43,149.63,24.94,Cornering,"Hoosier 43075 16x7.5-10 R20, 7 inch rim",13583
78.28,594.147,-3.26,473.51,-263.6,1.995,-41.01,-30.72,0.03,0.0124,-1.7963,12.13,159359.92,7.39,91.97,-4.856,-0,-1,146.83,146.54,149.57,24.93,Cornering,"Hoosier 43075 16x7.5-10 R20, 7 inch rim",13584
78.31,594.157,-3.99,473.04,-263.16,1.985,-39.79,-29.75,0.09,0.0152,-1.7976,12.04,44162.62,7.39,91.97,-4.813,-0,-0.9998,146.88,146.52,149.55,24.93,Cornering,"Hoosier 43075 16x7.5-10 R20, 7 inch rim",13585
78.33,594.167,-5.16,472.07,-262.23,1.993,-40.43,-29.23,0.03,0.0197,-1.8002,11.95,159452.36,7.39,91.97,-4.773,-0,-1,146.92,146.47,149.51,24.94,Cornering,"Hoosier 43075 16x7.5-10 R20, 7 inch rim",13586
78.29,594.177,-6.74,470.36,-262.34,1.987,-41.21,-29.58,0.03,0.0257,-1.7929,11.92,159495.66,7.4,91.96,-4.744,-0,-1,146.86,146.38,149.51,24.95,Cornering,"Hoosier 43075 16x7.5-10 R20, 7 inch rim",13587
78.29,594.187,-7.41,467.77,-264.19,1.989,-41.33,-29.59,-0.11,0.0281,-1.7706,11.92,-37865.21,7.39,91.96,-4.691,-0,-1.0002,146.64,146.3,149.43,24.98,Cornering,"Hoosier 43075 16x7.5-10 R20, 7 inch rim",13588
78.32,594.197,-7.85,465.03,-266.33,1.987,-41.8,-29.99,0.09,0.0295,-1.746,11.98,44254.07,7.4,91.91,-4.659,-0,-0.9998,146.36,146.21,149.33,24.98,Cornering,"Hoosier 43075 16x7.5-10 R20, 7 inch rim",13589
78.31,594.207,-7.95,461.56,-269.5,1.976,-41.71,-31.07,0.03,0.0295,-1.7126,12.05,159671.23,7.4,91.88,-4.617,-0,-1,146.17,146.19,149.15,24.97,Cornering,"Hoosier 43075 16x7.5-10 R20, 7 inch rim",13590
78.28,594.217,-6.83,459.27,-270.96,1.993,-41.29,-31.76,0.03,0.0252,-1.695,12.06,159607.34,7.4,91.89,-4.568,-0,-1,146.04,146.14,148.97,24.96,Cornering,"Hoosier 43075 16x7.5-10 R20, 7 inch rim",13591
78.3,594.227,-5.05,456.91,-269.85,1.99,-42.23,-32.08,0.03,0.0187,-1.6932,12.06,159689.53,7.4,91.91,-4.53,-0,-1,145.98,146.12,148.77,24.97,Cornering,"Hoosier 43075 16x7.5-10 R20, 7 inch rim",13592
78.32,594.237,-3.75,455.18,-268.56,1.987,-41.03,-32.49,-0.04,0.014,-1.6949,11.99,-99316.77,7.4,91.95,-4.497,-0,-1.0001,145.91,146.14,148.66,24.98,Cornering,"Hoosier 43075 16x7.5-10 R20, 7 inch rim",13593
78.29,594.247,-3.08,453.73,-266.41,1.998,-40.03,-32.46,0.09,0.0116,-1.7031,11.97,44286.77,7.4,91.98,-4.448,-0,-0.9998,145.89,146.19,148.56,24.99,Cornering,"Hoosier 43075 16x7.5-10 R20, 7 inch rim",13594
78.28,594.257,-3.51,452.58,-264.27,1.995,-39.95,-32.32,0.03,0.0133,-1.7126,11.99,159971.27,7.4,91.96,-4.421,-0,-1,145.78,146.32,148.48,25.01,Cornering,"Hoosier 43075 16x7.5-10 R20, 7 inch rim",13595
78.31,594.267,-4.51,451.75,-262.18,1.983,-40.26,-31.73,0.09,0.0172,-1.723,12.05,44331.71,7.41,91.92,-4.379,-0,-0.9998,145.8,146.3,148.42,25.01,Cornering,"Hoosier 43075 16x7.5-10 R20, 7 inch rim",13596
78.32,594.277,-5.53,450.64,-261.96,1.995,-39.96,-30.74,0.09,0.0211,-1.7203,12.11,44293.22,7.41,91.91,-4.332,-0,-0.9998,145.8,146.21,148.4,24.99,Cornering,"Hoosier 43075 16x7.5-10 R20, 7 inch rim",13597
78.29,594.287,-6.74,448.79,-262.29,1.992,-40.29,-30.69,-0.04,0.0257,-1.711,12.15,-99318.94,7.41,91.88,-4.295,-0,-1.0001,145.7,146.14,148.36,24.98,Cornering,"Hoosier 43075 16x7.5-10 R20, 7 inch rim",13598
78.3,594.297,-7.53,446.35,-263.98,1.998,-39.8,-30.59,0.03,0.0285,-1.6908,12.11,159672.19,7.41,91.89,-4.246,-0,-1,145.59,145.99,148.32,24.96,Cornering,"Hoosier 43075 16x7.5-10 R20, 7 inch rim",13599
78.32,594.307,-8.28,443.3,-265.93,1.992,-40.32,-31.28,0.03,0.0311,-1.6669,12.04,159604.64,7.41,91.87,-4.212,-0,-1,145.31,145.88,148.18,24.95,Cornering,"Hoosier 43075 16x7.5-10 R20, 7 inch rim",13600
78.3,594.317,-8.11,440.09,-268.04,1.993,-41.02,-31.63,0.03,0.0303,-1.6419,11.95,159574.39,7.42,91.88,-4.176,-0,-1,145.14,145.86,148.08,24.94,Cornering,"Hoosier 43075 16x7.5-10 R20, 7 inch rim",13601
78.28,594.327,-7.22,437.37,-270.37,2.001,-40.23,-31.99,0.03,0.0267,-1.6177,11.91,159581.7,7.41,91.88,-4.137,-0,-1,145.03,145.79,147.92,24.94,Cornering,"Hoosier 43075 16x7.5-10 R20, 7 inch rim",13602
78.31,594.337,-5.91,435.03,-269.87,2.001,-40.57,-32.4,0.03,0.0219,-1.612,11.92,159704.44,7.41,91.91,-4.076,-0,-1,144.95,145.7,147.76,24.96,Cornering,"Hoosier 43075 16x7.5-10 R20, 7 inch rim",13603
78.32,594.347,-4.26,432.51,-268.5,1.995,-40.46,-32.33,0.03,0.0159,-1.6109,12,159708.41,7.42,91.91,-4.054,-0,-1,144.9,145.64,147.63,24.96,Cornering,"Hoosier 43075 16x7.5-10 R20, 7 inch rim",13604
78.28,594.357,-3.75,430.9,-266.24,1.996,-39.57,-32.48,0.03,0.0141,-1.6185,12.06,159827.27,7.41,91.92,-4.013,-0,-1,144.75,145.77,147.51,24.98,Cornering,"Hoosier 43075 16x7.5-10 R20, 7 inch rim",13605
78.3,594.367,-4.04,429.62,-264.4,1.993,-38.21,-32.4,-0.04,0.0153,-1.6249,12.11,-99425.6,7.42,91.92,-3.974,-0,-1.0001,144.62,145.79,147.41,25,Cornering,"Hoosier 43075 16x7.5-10 R20, 7 inch rim",13606
78.33,594.377,-4.57,428,-262.05,1.996,-38.78,-31.32,-0.04,0.0175,-1.6332,12.09,-99477.62,7.42,91.96,-3.921,-0,-1.0001,144.58,145.79,147.31,25.01,Cornering,"Hoosier 43075 16x7.5-10 R20, 7 inch rim",13607
78.3,594.387,-5.74,426.43,-261.51,1.996,-38.66,-30.51,-0.11,0.0219,-1.6306,12.03,-37955.43,7.42,92.03,-3.884,-0,-1.0002,144.5,145.81,147.35,25.01,Cornering,"Hoosier 43075 16x7.5-10 R20, 7 inch rim",13608
78.27,594.397,-6.99,424.43,-262.26,1.987,-38.17,-30.06,0.03,0.0266,-1.6184,11.95,160113.77,7.42,92.06,-3.862,-0,-1,144.45,145.68,147.37,25.02,Cornering,"Hoosier 43075 16x7.5-10 R20, 7 inch rim",13609
78.31,594.407,-7.54,421.97,-263.26,1.989,-38.7,-29.52,0.03,0.0286,-1.6029,11.96,160159.33,7.43,92.07,-3.814,-0,-1,144.26,145.57,147.35,25.03,Cornering,"Hoosier 43075 16x7.5-10 R20, 7 inch rim",13610
78.32,594.417,-8.41,418.48,-266.02,1.982,-38.82,-30.13,0.03,0.0316,-1.5731,12,160202.83,7.43,92.09,-3.777,-0,-1,144.07,145.5,147.27,25.03,Cornering,"Hoosier 43075 16x7.5-10 R20, 7 inch rim",13611
78.28,594.427,-8.68,415.3,-268.9,1.985,-38.87,-30.67,-0.04,0.0323,-1.5444,12.08,-99567.02,7.43,92.1,-3.734,-0,-1.0001,143.9,145.39,147.17,25.03,Cornering,"Hoosier 43075 16x7.5-10 R20, 7 inch rim",13612
78.29,594.437,-7.81,411.79,-271.15,1.987,-38.82,-30.94,-0.04,0.0288,-1.5187,12.14,-99524.48,7.43,92.13,-3.699,-0,-1.0001,143.72,145.35,147.07,25.01,Cornering,"Hoosier 43075 16x7.5-10 R20, 7 inch rim",13613
78.32,594.447,-6.35,409.16,-271.44,1.992,-38.89,-31.2,-0.04,0.0234,-1.5074,12.11,-99414.05,7.43,92.13,-3.652,-0,-1.0001,143.64,145.33,146.91,24.98,Cornering,"Hoosier 43075 16x7.5-10 R20, 7 inch rim",13614
78.3,594.457,-4.73,406.17,-269.96,1.995,-39.04,-30.98,0.03,0.0175,-1.5046,12.03,159824.05,7.43,92.08,-3.6,-0,-1,143.62,145.35,146.76,24.97,Cornering,"Hoosier 43075 16x7.5-10 R20, 7 inch rim",13615
78.28,594.467,-4.05,403.94,-267.59,1.985,-38.4,-31.34,0.03,0.0151,-1.5096,11.95,159790.64,7.43,92.09,-3.578,-0,-1,143.51,145.39,146.7,24.96,Cornering,"Hoosier 43075 16x7.5-10 R20, 7 inch rim",13616
78.3,594.477,-4.02,402,-264.77,1.993,-38.18,-30.93,0.03,0.0152,-1.5183,11.89,159833.25,7.43,92.11,-3.543,-0,-1,143.42,145.44,146.56,24.97,Cornering,"Hoosier 43075 16x7.5-10 R20, 7 inch rim",13617
78.32,594.487,-4.67,399.94,-263.19,1.986,-37.71,-30.12,0.03,0.0177,-1.5196,11.91,160027.16,7.44,92.1,-3.49,-0,-1,143.36,145.53,146.48,25,Cornering,"Hoosier 43075 16x7.5-10 R20, 7 inch rim",13618
78.29,594.497,-5.89,398.51,-261.94,1.992,-37.16,-29.4,-0.04,0.0225,-1.5214,11.99,-99548.46,7.44,92.12,-3.46,-0,-1.0001,143.32,145.48,146.36,25.01,Cornering,"Hoosier 43075 16x7.5-10 R20, 7 inch rim",13619
78.29,594.507,-7.06,396.49,-261.84,1.992,-36.78,-28.26,0.03,0.027,-1.5143,12.07,160187.8,7.44,92.13,-3.411,-0,-1,143.29,145.42,146.4,25.02,Cornering,"Hoosier 43075 16x7.5-10 R20, 7 inch rim",13620
78.32,594.517,-8.39,393.74,-263.47,1.99,-36.09,-28.11,0.03,0.0318,-1.4944,12.11,160193.91,7.44,92.11,-3.371,-0,-1,143.14,145.33,146.34,25.02,Cornering,"Hoosier 43075 16x7.5-10 R20, 7 inch rim",13621
78.31,594.527,-9.33,390.21,-265.16,1.989,-36.9,-28.18,-0.04,0.0352,-1.4716,12.08,-99536.93,7.44,92.1,-3.338,-0,-1.0001,143.02,145.26,146.24,25.01,Cornering,"Hoosier 43075 16x7.5-10 R20, 7 inch rim",13622
78.28,594.537,-9.63,386.57,-268.2,1.987,-37.05,-28.64,-0.11,0.0359,-1.4413,12.03,-37942.66,7.44,92.05,-3.3,-0,-1.0002,142.87,145.17,146.1,24.99,Cornering,"Hoosier 43075 16x7.5-10 R20, 7 inch rim",13623
78.3,594.547,-8.8,382.61,-270.97,1.99,-37.07,-28.51,-0.04,0.0325,-1.412,11.95,-99428.41,7.45,92,-3.264,-0,-1.0001,142.74,145.13,145.9,24.98,Cornering,"Hoosier 43075 16x7.5-10 R20, 7 inch rim",13624
78.32,594.557,-7.52,378.56,-271,1.993,-38.71,-28.78,0.09,0.0277,-1.3969,11.92,44335.75,7.45,92,-3.215,-0,-0.9998,142.65,145.09,145.79,24.98,Cornering,"Hoosier 43075 16x7.5-10 R20, 7 inch rim",13625
78.29,594.567,-5.86,375.14,-270.49,1.99,-38.2,-28.69,0.03,0.0217,-1.3869,11.96,160037.44,7.45,91.97,-3.172,-0,-1,142.63,145.09,145.63,24.99,Cornering,"Hoosier 43075 16x7.5-10 R20, 7 inch rim",13626
78.29,594.577,-4.65,372.6,-268.01,1.998,-37.22,-28.44,0.09,0.0173,-1.3902,12.03,44339,7.45,91.98,-3.132,-0,-0.9998,142.5,145.09,145.51,24.98,Cornering,"Hoosier 43075 16x7.5-10 R20, 7 inch rim",13627
78.32,594.587,-4.29,370.21,-265.37,1.99,-36.61,-28.12,0.09,0.0162,-1.395,12.07,44361.16,7.45,91.97,-3.091,-0,-0.9998,142.39,145.09,145.45,25,Cornering,"Hoosier 43075 16x7.5-10 R20, 7 inch rim",13628
78.31,594.597,-5.49,368.1,-262.4,1.993,-36.49,-28,-0.04,0.0209,-1.4028,12.06,-99469.65,7.45,91.98,-3.056,-0,-1.0001,142.2,145.09,145.37,24.98,Cornering,"Hoosier 43075 16x7.5-10 R20, 7 inch rim",13629
78.28,594.607,-6.27,366.35,-260.89,1.995,-35.76,-26.77,-0.04,0.024,-1.4042,12.03,-99426.25,7.45,91.97,-3.023,-0,-1.0001,142.16,145.04,145.33,24.97,Cornering,"Hoosier 43075 16x7.5-10 R20, 7 inch rim",13630
78.3,594.617,-7.28,364,-260.23,1.992,-35.57,-25.5,0.03,0.028,-1.3988,11.96,159914.78,7.46,92,-2.983,-0,-1,142.16,145.02,145.37,24.97,Cornering,"Hoosier 43075 16x7.5-10 R20, 7 inch rim",13631
78.32,594.627,-8.89,361.24,-261.16,1.99,-35.18,-25.4,0.09,0.034,-1.3832,11.92,44304.9,7.46,92,-2.943,-0,-0.9998,142.11,144.95,145.37,24.96,Cornering,"Hoosier 43075 16x7.5-10 R20, 7 inch rim",13632
78.3,594.637,-9.71,357.56,-263.26,1.999,-35.07,-25.18,0.03,0.0369,-1.3582,11.95,159926.67,7.46,91.97,-2.892,-0,-1,141.96,144.84,145.37,24.97,Cornering,"Hoosier 43075 16x7.5-10 R20, 7 inch rim",13633
78.28,594.647,-10.1,353.32,-266.64,1.985,-34.97,-25.39,0.03,0.0379,-1.3251,11.97,159892.62,7.46,91.94,-2.867,-0,-1,141.84,144.71,145.31,24.96,Cornering,"Hoosier 43075 16x7.5-10 R20, 7 inch rim",13634
78.31,594.657,-9.49,348.88,-269.13,1.983,-35.75,-25.23,0.09,0.0353,-1.2963,12.06,44329.62,7.46,91.92,-2.826,-0,-0.9998,141.75,144.65,145.19,24.97,Cornering,"Hoosier 43075 16x7.5-10 R20, 7 inch rim",13635
78.32,594.667,-8.36,344.43,-271.01,1.993,-35.97,-25.3,0.03,0.0309,-1.2709,12.08,160088.78,7.46,91.91,-2.783,-0,-1,141.69,144.65,145.01,24.99,Cornering,"Hoosier 43075 16x7.5-10 R20, 7 inch rim",13636
78.29,594.677,-7.1,340.06,-270.32,1.995,-36.37,-25.47,0.03,0.0263,-1.258,12.06,160168.77,7.46,91.9,-2.736,-0,-1,141.64,144.58,144.8,25,Cornering,"Hoosier 43075 16x7.5-10 R20, 7 inch rim",13637
78.3,594.687,-5.64,336.91,-268.02,1.982,-35.95,-25.14,0.03,0.021,-1.257,11.97,160136.06,7.46,91.89,-2.698,-0,-1,141.51,144.58,144.64,25,Cornering,"Hoosier 43075 16x7.5-10 R20, 7 inch rim",13638
78.32,594.697,-5.24,334.21,-265.62,1.989,-34.65,-24.85,-0.04,0.0197,-1.2582,11.89,-99523.57,7.47,91.85,-2.663,-0,-1.0001,141.41,144.54,144.52,24.99,Cornering,"Hoosier 43075 16x7.5-10 R20, 7 inch rim",13639
78.3,594.707,-5.53,332.11,-262.66,1.998,-33.98,-24.09,0.03,0.0211,-1.2644,11.84,159996.7,7.47,91.83,-2.62,-0,-1,141.32,144.51,144.42,24.97,Cornering,"Hoosier 43075 16x7.5-10 R20, 7 inch rim",13640
78.28,594.717,-6.41,330.38,-261.29,1.99,-32.62,-22.91,0.09,0.0245,-1.2644,11.84,44327.36,7.47,91.82,-2.581,-0,-0.9998,141.28,144.45,144.34,24.97,Cornering,"Hoosier 43075 16x7.5-10 R20, 7 inch rim",13641
78.31,594.727,-7.85,328.17,-260.09,1.985,-32.52,-22.17,-0.04,0.0302,-1.2618,11.92,-99486.48,7.47,91.81,-2.534,-0,-1.0001,141.28,144.4,144.26,24.98,Cornering,"Hoosier 43075 16x7.5-10 R20, 7 inch rim",13642
78.32,594.737,-8.72,324.92,-260.72,1.99,-32.27,-20.93,-0.04,0.0334,-1.2462,12,-99604.63,7.47,91.85,-2.494,-0,-1.0001,141.26,144.29,144.28,25.01,Cornering,"Hoosier 43075 16x7.5-10 R20, 7 inch rim",13643
78.29,594.747,-10.12,320.92,-262.33,1.998,-32.78,-21.06,0.09,0.0386,-1.2233,12.08,44423.67,7.47,91.84,-2.459,-0,-0.9998,141.19,144.18,144.26,25.02,Cornering,"Hoosier 43075 16x7.5-10 R20, 7 inch rim",13644
78.29,594.757,-10.49,316.33,-264.94,1.996,-33.44,-21,-0.04,0.0396,-1.194,12.11,-99633.39,7.47,91.8,-2.408,-0,-1.0001,141.08,144.03,144.18,25.01,Cornering,"Hoosier 43075 16x7.5-10 R20, 7 inch rim",13645
78.33,594.767,-10.31,311.3,-268.32,1.992,-33.52,-21.02,0.03,0.0384,-1.1602,12.06,160134.92,7.47,91.75,-2.372,-0,-1,141.04,143.96,144.08,24.99,Cornering,"Hoosier 43075 16x7.5-10 R20, 7 inch rim",13646
78.3,594.777,-9.09,306.25,-270.5,1.983,-33.98,-20.85,0.03,0.0336,-1.1322,11.97,159988.84,7.48,91.73,-2.348,-0,-1,141,143.85,143.96,24.97,Cornering,"Hoosier 43075 16x7.5-10 R20, 7 inch rim",13647
78.29,594.787,-7.34,301.89,-270.27,1.998,-34.39,-20.35,0.09,0.0271,-1.117,11.89,44294.32,7.47,91.7,-2.303,-0,-0.9998,140.91,143.85,143.79,24.94,Cornering,"Hoosier 43075 16x7.5-10 R20, 7 inch rim",13648
78.3,594.797,-6.08,298.13,-268.73,1.986,-33.6,-20.26,0.03,0.0226,-1.1094,11.87,159850.42,7.48,91.68,-2.244,-0,-1,140.87,143.81,143.67,24.94,Cornering,"Hoosier 43075 16x7.5-10 R20, 7 inch rim",13649
78.33,594.807,-5.99,295.25,-265.56,1.995,-33.29,-20.54,0.03,0.0226,-1.1118,11.89,159853.83,7.48,91.69,-2.209,-0,-1,140.74,143.79,143.57,24.94,Cornering,"Hoosier 43075 16x7.5-10 R20, 7 inch rim",13650
78.3,594.817,-6.3,292.71,-263.21,1.995,-31.91,-20.03,-0.04,0.0239,-1.1121,11.96,-99370.59,7.48,91.7,-2.174,-0,-1.0001,140.59,143.68,143.47,24.94,Cornering,"Hoosier 43075 16x7.5-10 R20, 7 inch rim",13651
78.29,594.827,-7.2,290.17,-261.09,1.992,-31.5,-19.04,0.03,0.0276,-1.1114,12.08,159822.91,7.48,91.7,-2.141,-0,-1,140.53,143.65,143.41,24.94,Cornering,"Hoosier 43075 16x7.5-10 R20, 7 inch rim",13652
78.32,594.837,-8.44,287.34,-260.03,1.996,-31.2,-17.89,-0.04,0.0325,-1.105,12.1,-99398.43,7.48,91.67,-2.09,-0,-1.0001,140.55,143.57,143.35,24.95,Cornering,"Hoosier 43075 16x7.5-10 R20, 7 inch rim",13653
78.3,594.847,-9.84,284.09,-260.26,1.996,-30.78,-16.9,-0.04,0.0378,-1.0915,12.08,-99331.1,7.48,91.65,-2.054,-0,-1.0001,140.53,143.43,143.39,24.93,Cornering,"Hoosier 43075 16x7.5-10 R20, 7 inch rim",13654
78.28,594.857,-11.07,279.77,-261.41,1.986,-31.39,-16.43,-0.11,0.0423,-1.0703,12,-37934.15,7.49,91.6,-2.008,-0,-1.0002,140.48,143.3,143.37,24.96,Cornering,"Hoosier 43075 16x7.5-10 R20, 7 inch rim",13655
78.3,594.867,-11.72,274.73,-264.65,1.999,-31.51,-16.05,0.03,0.0443,-1.0381,11.91,160134.64,7.49,91.56,-1.974,-0,-1,140.4,143.17,143.27,24.98,Cornering,"Hoosier 43075 16x7.5-10 R20, 7 inch rim",13656
78.32,594.877,-11.85,269.38,-267.81,2.001,-31.98,-16.02,-0.04,0.0442,-1.0059,11.86,-99660.66,7.49,91.52,-1.934,-0,-1.0001,140.38,143.04,143.15,25.01,Cornering,"Hoosier 43075 16x7.5-10 R20, 7 inch rim",13657
78.29,594.887,-10.89,264.49,-270.42,1.992,-31.75,-15.67,-0.04,0.0403,-0.9781,11.85,-99709.2,7.49,91.58,-1.886,-0,-1.0001,140.31,142.93,143.07,25.03,Cornering,"Hoosier 43075 16x7.5-10 R20, 7 inch rim",13658
78.28,594.897,-9.22,259.53,-270.54,1.998,-32.14,-15.21,0.09,0.0341,-0.9593,11.92,44449.6,7.49,91.62,-1.844,-0,-0.9998,140.21,142.93,142.91,25.03,Cornering,"Hoosier 43075 16x7.5-10 R20, 7 inch rim",13659
78.31,594.907,-8.3,255.47,-269.33,1.996,-30.89,-15.57,-0.04,0.0308,-0.9485,12.01,-99735.98,7.49,91.61,-1.809,-0,-1.0001,140.12,142.86,142.84,25.03,Cornering,"Hoosier 43075 16x7.5-10 R20, 7 inch rim",13660
78.31,594.917,-7.45,251.35,-266.24,1.999,-30.85,-15.39,0.03,0.028,-0.9441,12.08,160373.3,7.49,91.63,-1.772,-0,-1,140.01,142.75,142.7,25.02,Cornering,"Hoosier 43075 16x7.5-10 R20, 7 inch rim",13661
78.29,594.927,-7.44,248.67,-263.97,1.987,-28.78,-14.95,0.03,0.0282,-0.942,12.11,160525.09,7.5,91.63,-1.728,-0,-1,139.84,142.71,142.56,25.04,Cornering,"Hoosier 43075 16x7.5-10 R20, 7 inch rim",13662
78.3,594.937,-8.01,245.48,-261.22,1.998,-29.05,-13.92,0.09,0.0307,-0.9397,12.04,44493.85,7.49,91.65,-1.692,-0,-0.9998,139.8,142.73,142.48,25.05,Cornering,"Hoosier 43075 16x7.5-10 R20, 7 inch rim",13663
78.32,594.947,-9.53,242.79,-259.5,1.996,-28.88,-13.16,0.03,0.0367,-0.9356,11.97,160567.89,7.5,91.67,-1.646,-0,-1,139.73,142.66,142.42,25.05,Cornering,"Hoosier 43075 16x7.5-10 R20, 7 inch rim",13664
78.3,594.957,-10.62,238.91,-259.29,1.985,-29.21,-11.94,-0.04,0.0409,-0.9214,11.86,-99768.04,7.5,91.67,-1.603,-0,-1.0001,139.78,142.62,142.44,25.04,Cornering,"Hoosier 43075 16x7.5-10 R20, 7 inch rim",13665
78.29,594.967,-11.66,234.76,-260.86,1.989,-28.72,-11.04,0.09,0.0447,-0.8999,11.85,44475.57,7.5,91.68,-1.566,-0,-0.9998,139.75,142.49,142.42,25.04,Cornering,"Hoosier 43075 16x7.5-10 R20, 7 inch rim",13666
78.31,594.977,-12.3,229.69,-263.06,1.995,-29.16,-10.69,-0.04,0.0468,-0.8731,11.86,-99748.2,7.5,91.7,-1.52,-0,-1.0001,139.69,142.33,142.36,25.03,Cornering,"Hoosier 43075 16x7.5-10 R20, 7 inch rim",13667
78.32,594.987,-12.5,224.21,-266.99,1.993,-28.76,-10.47,0.03,0.0468,-0.8398,11.93,160429.3,7.5,91.73,-1.487,-0,-1,139.65,142.14,142.3,25.03,Cornering,"Hoosier 43075 16x7.5-10 R20, 7 inch rim",13668
78.29,594.997,-11.66,219.01,-269.29,1.982,-28.3,-10.06,0.03,0.0433,-0.8133,12,160357.16,7.51,91.77,-1.45,-0,-1,139.6,142.05,142.18,25.01,Cornering,"Hoosier 43075 16x7.5-10 R20, 7 inch rim",13669
78.3,595.007,-10.41,213.91,-269.99,1.99,-28.07,-9.57,0.03,0.0385,-0.7923,12.03,160322.56,7.5,91.81,-1.404,-0,-1,139.54,141.94,142.1,25.01,Cornering,"Hoosier 43075 16x7.5-10 R20, 7 inch rim",13670
78.32,595.017,-8.93,209.07,-268.73,1.982,-27.85,-9.2,-0.18,0.0332,-0.778,12,-23470.69,7.51,91.83,-1.37,-0,-1.0003,139.5,141.87,141.98,24.99,Cornering,"Hoosier 43075 16x7.5-10 R20, 7 inch rim",13671
78.3,595.027,-7.89,204.66,-266.56,1.999,-27.44,-8.6,0.03,0.0296,-0.7678,11.92,160103.06,7.51,91.88,-1.34,-0,-1,139.41,141.83,141.89,24.97,Cornering,"Hoosier 43075 16x7.5-10 R20, 7 inch rim",13672
78.28,595.037,-7.99,201.16,-263.19,1.987,-27.11,-8.39,-0.11,0.0304,-0.7643,11.86,-37936.75,7.51,91.89,-1.289,-0,-1.0002,139.18,141.76,141.71,24.96,Cornering,"Hoosier 43075 16x7.5-10 R20, 7 inch rim",13673
78.3,595.047,-8.47,197.83,-260.83,1.995,-26.59,-7.35,0.09,0.0325,-0.7585,11.84,44315.36,7.51,91.93,-1.272,-0,-0.9998,139.07,141.74,141.59,24.94,Cornering,"Hoosier 43075 16x7.5-10 R20, 7 inch rim",13674
78.32,595.057,-9.65,194.85,-259.41,1.986,-26.13,-6.12,-0.04,0.0372,-0.7511,11.89,-99411.44,7.51,91.98,-1.228,-0,-1.0001,139.07,141.7,141.51,24.94,Cornering,"Hoosier 43075 16x7.5-10 R20, 7 inch rim",13675
78.29,595.067,-10.8,191.11,-259.12,1.99,-25.67,-4.63,-0.04,0.0417,-0.7375,11.97,-99366.3,7.51,92.03,-1.191,-0,-1.0001,139.05,141.61,141.47,24.93,Cornering,"Hoosier 43075 16x7.5-10 R20, 7 inch rim",13676
78.29,595.077,-12.15,186.77,-259.91,2.004,-25.51,-3.66,0.03,0.0468,-0.7186,12.07,159851.75,7.51,92.06,-1.153,-0,-1,139.05,141.41,141.43,24.93,Cornering,"Hoosier 43075 16x7.5-10 R20, 7 inch rim",13677
78.32,595.087,-13.09,181.85,-261.31,1.99,-26.1,-3.14,-0.04,0.0501,-0.6959,12.11,-99345.28,7.52,92.06,-1.112,-0,-1.0001,138.96,141.3,141.35,24.93,Cornering,"Hoosier 43075 16x7.5-10 R20, 7 inch rim",13678
78.31,595.097,-13.02,176.36,-264.61,1.989,-25.59,-2.22,-0.11,0.0492,-0.6665,12.08,-37877.17,7.52,92.06,-1.09,-0,-1.0002,138.96,141.1,141.27,24.92,Cornering,"Hoosier 43075 16x7.5-10 R20, 7 inch rim",13679
78.28,595.107,-12.81,170.83,-267.05,1.999,-25.76,-1.66,0.03,0.048,-0.6397,11.99,159856.06,7.52,92.04,-1.046,-0,-1,138.98,140.93,141.19,24.93,Cornering,"Hoosier 43075 16x7.5-10 R20, 7 inch rim",13680
78.3,595.117,-11.31,165.28,-268.33,1.993,-25.52,-0.75,0.09,0.0421,-0.616,11.91,44318.55,7.52,92.03,-0.997,-0,-0.9998,138.96,140.86,141.11,24.94,Cornering,"Hoosier 43075 16x7.5-10 R20, 7 inch rim",13681
78.32,595.127,-9.86,160.13,-267.3,1.99,-25.87,-0.26,-0.11,0.0369,-0.5991,11.82,-37957.54,7.52,92.05,-0.969,-0,-1.0002,138.85,140.79,141.05,24.97,Cornering,"Hoosier 43075 16x7.5-10 R20, 7 inch rim",13682
78.3,595.137,-8.38,155.59,-265.28,1.99,-24.96,0.47,0.03,0.0316,-0.5865,11.82,160083.19,7.52,92.06,-0.926,-0,-1,138.83,140.73,140.99,24.97,Cornering,"Hoosier 43075 16x7.5-10 R20, 7 inch rim",13683
78.29,595.147,-7.85,151.64,-262.28,1.98,-24.22,0.94,0.03,0.0299,-0.5781,11.88,160121.59,7.52,92.08,-0.886,-0,-1,138.68,140.68,140.84,24.97,Cornering,"Hoosier 43075 16x7.5-10 R20, 7 inch rim",13684
78.32,595.157,-7.98,147.96,-258.74,1.987,-24.62,2.17,0.03,0.0308,-0.5718,11.95,160122.91,7.53,92.08,-0.84,-0,-1,138.53,140.64,140.7,24.97,Cornering,"Hoosier 43075 16x7.5-10 R20, 7 inch rim",13685
78.31,595.167,-9.36,144.51,-257.3,1.993,-23.19,2.9,0.09,0.0364,-0.5616,12.05,44371.81,7.52,92.09,-0.784,-0,-0.9998,138.45,140.66,140.62,24.97,Cornering,"Hoosier 43075 16x7.5-10 R20, 7 inch rim",13686
78.28,595.177,-10.9,140.77,-256.76,1.993,-22.35,3.78,0.23,0.0425,-0.5483,12.1,18150.72,7.53,92.11,-0.734,-0,-0.9996,138.4,140.57,140.6,24.98,Cornering,"Hoosier 43075 16x7.5-10 R20, 7 inch rim",13687
78.3,595.187,-12.62,135.98,-257.54,1.999,-21.47,4.33,0.09,0.049,-0.528,12.06,44382.64,7.53,92.12,-0.699,-0,-0.9998,138.34,140.31,140.6,24.98,Cornering,"Hoosier 43075 16x7.5-10 R20, 7 inch rim",13688
78.33,595.197,-13.73,130.31,-260.03,1.995,-20.96,4.87,0.23,0.0528,-0.5011,11.97,18146.71,7.53,92.12,-0.649,-0,-0.9996,138.32,140.15,140.54,24.98,Cornering,"Hoosier 43075 16x7.5-10 R20, 7 inch rim",13689
78.3,595.207,-14.71,124.48,-262.36,1.986,-21.41,4.69,0.09,0.0561,-0.4745,11.88,44383.12,7.53,92.15,-0.605,-0,-0.9998,138.25,140.07,140.5,24.98,Cornering,"Hoosier 43075 16x7.5-10 R20, 7 inch rim",13690
78.29,595.217,-14.67,117.72,-265.31,1.998,-22.23,4.94,0.09,0.0553,-0.4437,11.83,44403.9,7.53,92.17,-0.561,-0,-0.9998,138.25,139.91,140.4,24.99,Cornering,"Hoosier 43075 16x7.5-10 R20, 7 inch rim",13691
78.31,595.227,-13.79,111.4,-266.79,1.989,-22.59,5.29,-0.04,0.0517,-0.4176,11.85,-99586.12,7.53,92.21,-0.5,-0,-1.0001,138.27,139.85,140.32,24.98,Cornering,"Hoosier 43075 16x7.5-10 R20, 7 inch rim",13692
78.32,595.237,-12.11,105.36,-267.06,1.989,-21.91,6.05,-0.04,0.0453,-0.3945,11.92,-99586.29,7.53,92.23,-0.475,-0,-1.0001,138.3,139.82,140.28,24.98,Cornering,"Hoosier 43075 16x7.5-10 R20, 7 inch rim",13693
78.28,595.247,-11.33,99.85,-264.27,1.992,-22.61,5.92,-0.04,0.0429,-0.3778,12.02,-99517.26,7.53,92.3,-0.422,-0,-1.0001,138.21,139.8,140.22,24.97,Cornering,"Hoosier 43075 16x7.5-10 R20, 7 inch rim",13694
78.3,595.257,-11.32,95.12,-261.17,1.982,-22.01,5.57,0.03,0.0433,-0.3642,12.08,160093.14,7.54,92.35,-0.396,-0,-1,138.15,139.74,140.12,24.97,Cornering,"Hoosier 43075 16x7.5-10 R20, 7 inch rim",13695
