AmbientRoomTemperature,ElapsedTime,LongitudinalForce,LateralForce,NormalForce,InclinationAngle,OverturningMoment,AligningTorque,WheelRotationalSpeed,NormalizedLongitudinalForce(FX/FZ),NormalizedLateralForce(FY/FZ),TirePressure,EffectiveRadius,LoadedRadius,RoadSurfaceTemperature,SlipAngle,SlipRatioTextbook,SlipRatioBasedOnRL,TireSurfaceTemperature-Center,TireSurfaceTemperature-Inboard,TireSurfaceTemperature-Outboard,RoadSpeed,testid,tireid,Index
78.49,785.733,-7.62,-16.27,-97.22,3.991,-15.84,26.69,0.03,0.0784,0.1673,12.11,160085.33,7.9,91.93,0.417,-0,-1,122.85,122.88,125.1,24.97,Cornering,"Hoosier 43075 16x7.5-10 R20, 7 inch rim",19942
78.51,785.743,-8.1,-19.23,-99.4,3.99,-15.6,25.87,-0.04,0.0815,0.1934,12.03,-99534.96,7.9,91.97,0.452,-0,-1.0001,122.83,122.9,125.08,24.97,Cornering,"Hoosier 43075 16x7.5-10 R20, 7 inch rim",19943
78.49,785.753,-7.14,-22.52,-100.77,3.981,-15.34,25.59,0.16,0.0709,0.2235,11.94,25747.65,7.9,92.01,0.487,-0,-0.9997,122.85,122.99,125.02,24.97,Cornering,"Hoosier 43075 16x7.5-10 R20, 7 inch rim",19944
78.47,785.763,-5.36,-25.64,-101.35,3.994,-14.89,25.71,0.09,0.0529,0.253,11.9,44390.87,7.9,92,0.535,-0,-0.9998,122.85,122.94,125.02,24.98,Cornering,"Hoosier 43075 16x7.5-10 R20, 7 inch rim",19945
78.5,785.773,-4.59,-28.89,-101.07,3.987,-14.92,24.25,0.09,0.0454,0.2858,11.92,44390.51,7.9,92.02,0.573,-0,-0.9998,122.87,122.99,125.02,24.98,Cornering,"Hoosier 43075 16x7.5-10 R20, 7 inch rim",19946
78.5,785.783,-3.74,-32.19,-99.84,3.978,-15.07,23.78,0.09,0.0375,0.3224,11.96,44379.63,7.9,92,0.628,-0,-0.9998,122.85,123.07,124.96,24.98,Cornering,"Hoosier 43075 16x7.5-10 R20, 7 inch rim",19947
78.47,785.793,-4.25,-34.77,-98.8,3.985,-14.8,22.82,0.09,0.043,0.3519,12.06,44379.24,7.9,92,0.664,-0,-0.9998,122.78,123.14,124.9,24.98,Cornering,"Hoosier 43075 16x7.5-10 R20, 7 inch rim",19948
78.47,785.803,-5,-37.51,-97.58,3.991,-14.83,22.82,0.09,0.0512,0.3844,12.09,44378.66,7.9,91.96,0.714,-0,-0.9998,122.76,123.23,124.86,24.98,Cornering,"Hoosier 43075 16x7.5-10 R20, 7 inch rim",19949
78.49,785.813,-5.37,-39.87,-97.53,3.997,-14.68,24.04,0.03,0.055,0.4088,12.06,160184.69,7.89,91.93,0.75,-0,-1,122.76,123.29,124.92,24.98,Cornering,"Hoosier 43075 16x7.5-10 R20, 7 inch rim",19950
78.49,785.823,-6.65,-42.53,-97.32,3.997,-14.94,24.92,0.09,0.0683,0.437,12.01,44398.34,7.89,91.89,0.789,-0,-0.9998,122.8,123.4,124.96,24.99,Cornering,"Hoosier 43075 16x7.5-10 R20, 7 inch rim",19951
78.46,785.833,-7.8,-45.77,-97.92,3.998,-15.73,25.75,0.03,0.0796,0.4674,11.92,160181.17,7.89,91.84,0.826,-0,-1,122.87,123.45,125.02,24.98,Cornering,"Hoosier 43075 16x7.5-10 R20, 7 inch rim",19952
78.48,785.843,-8.36,-48.28,-99.55,3.99,-15.45,26.56,0.03,0.0839,0.4849,11.87,160216.2,7.9,91.82,0.869,-0,-1,122.85,123.34,125.06,24.99,Cornering,"Hoosier 43075 16x7.5-10 R20, 7 inch rim",19953
78.49,785.853,-8.11,-51.55,-101.42,3.981,-15.77,27.12,-0.04,0.08,0.5083,11.9,-99592.81,7.9,91.77,0.902,-0,-1.0001,122.87,123.25,125.06,24.99,Cornering,"Hoosier 43075 16x7.5-10 R20, 7 inch rim",19954
78.46,785.863,-7.01,-54.58,-103.42,3.996,-15.66,27.67,0.16,0.0678,0.5278,11.99,25762.43,7.89,91.74,0.945,-0,-0.9997,122.89,123.27,125.08,24.98,Cornering,"Hoosier 43075 16x7.5-10 R20, 7 inch rim",19955
78.46,785.873,-5.44,-57.3,-104.18,3.988,-15.72,27.96,0.09,0.0522,0.5501,12.08,44385.39,7.9,91.73,0.976,-0,-0.9998,122.89,123.27,125.1,24.98,Cornering,"Hoosier 43075 16x7.5-10 R20, 7 inch rim",19956
78.48,785.883,-3.72,-59.81,-104.37,3.997,-15.63,27.91,0.03,0.0357,0.573,12.16,160133.61,7.89,91.72,1.022,-0,-1,122.93,123.27,125.12,24.98,Cornering,"Hoosier 43075 16x7.5-10 R20, 7 inch rim",19957
78.47,785.893,-2.36,-61.96,-103.92,3.985,-15.09,27.91,0.09,0.0227,0.5962,12.15,44384.32,7.9,91.7,1.044,-0,-0.9998,122.95,123.34,125.08,24.98,Cornering,"Hoosier 43075 16x7.5-10 R20, 7 inch rim",19958
78.45,785.903,-1.39,-64.39,-102.85,3.994,-15.4,28.52,0.03,0.0135,0.6261,12.11,160092.02,7.89,91.69,1.097,-0,-1,122.8,123.4,125.06,24.97,Cornering,"Hoosier 43075 16x7.5-10 R20, 7 inch rim",19959
78.47,785.913,-0.97,-66.31,-102.15,3.998,-14.58,29.5,0.03,0.0095,0.6492,12.03,160089.7,7.89,91.67,1.134,-0,-1,122.78,123.47,125.02,24.97,Cornering,"Hoosier 43075 16x7.5-10 R20, 7 inch rim",19960
78.48,785.923,-0.91,-68.37,-101.77,4,-14.49,31.22,0.03,0.009,0.6717,11.97,160051.08,7.89,91.64,1.157,-0,-1,122.76,123.58,124.96,24.97,Cornering,"Hoosier 43075 16x7.5-10 R20, 7 inch rim",19961
78.45,785.933,-2,-70.9,-100.72,3.991,-15.13,32.1,0.03,0.0199,0.7039,11.97,160122.88,7.89,91.61,1.195,-0,-1,122.76,123.65,125,24.98,Cornering,"Hoosier 43075 16x7.5-10 R20, 7 inch rim",19962
78.44,785.943,-3.38,-73.63,-101.84,3.993,-14.55,32.97,-0.04,0.0332,0.723,12.06,-99579.56,7.89,91.55,1.254,-0,-1.0001,122.74,123.69,125.08,24.99,Cornering,"Hoosier 43075 16x7.5-10 R20, 7 inch rim",19963
78.47,785.953,-4.74,-76.55,-102.84,3.998,-15.11,32.92,0.16,0.046,0.7443,12.14,25782.87,7.89,91.53,1.29,-0,-0.9997,122.78,123.62,125.1,25.01,Cornering,"Hoosier 43075 16x7.5-10 R20, 7 inch rim",19964
78.47,785.963,-5.35,-79.71,-104.54,4,-15.49,32.51,0.03,0.0512,0.7625,12.18,160224.45,7.89,91.52,1.337,-0,-1,122.74,123.51,125.1,25,Cornering,"Hoosier 43075 16x7.5-10 R20, 7 inch rim",19965
78.43,785.973,-5.02,-83.03,-106.21,4,-15.74,32.02,0.09,0.0473,0.7817,12.19,44409.08,7.89,91.49,1.374,-0,-0.9998,122.72,123.45,125.14,25,Cornering,"Hoosier 43075 16x7.5-10 R20, 7 inch rim",19966
78.45,785.983,-4.17,-86.35,-106.84,3.985,-16.52,31.15,-0.04,0.0391,0.8083,12.13,-99549.47,7.9,91.5,1.409,-0,-1.0001,122.72,123.43,125.14,24.98,Cornering,"Hoosier 43075 16x7.5-10 R20, 7 inch rim",19967
78.47,785.993,-3.25,-88.63,-107.58,3.987,-15.32,29.88,0.03,0.0302,0.8239,12.03,160029.31,7.9,91.5,1.46,-0,-1,122.63,123.47,125.14,24.97,Cornering,"Hoosier 43075 16x7.5-10 R20, 7 inch rim",19968
78.45,786.003,-2.32,-90.29,-106.29,3.994,-15.68,28.82,-0.04,0.0218,0.8494,11.97,-99452.81,7.89,91.49,1.496,-0,-1.0001,122.65,123.43,125.16,24.96,Cornering,"Hoosier 43075 16x7.5-10 R20, 7 inch rim",19969
78.43,786.013,-1.84,-91.61,-104.81,3.991,-15.12,28.13,0.03,0.0175,0.874,11.96,160060.8,7.9,91.48,1.531,-0,-1,122.63,123.47,125.22,24.97,Cornering,"Hoosier 43075 16x7.5-10 R20, 7 inch rim",19970
78.45,786.023,-1.77,-92.6,-103.65,3.99,-14.11,27.74,0.03,0.0171,0.8934,12.03,160056.11,7.89,91.47,1.586,-0,-1,122.57,123.51,125.2,24.97,Cornering,"Hoosier 43075 16x7.5-10 R20, 7 inch rim",19971
78.47,786.033,-2.2,-93.77,-102.88,4,-13.3,28.25,0.09,0.0214,0.9114,12.11,44342.06,7.89,91.48,1.609,-0,-0.9998,122.61,123.58,125.2,24.97,Cornering,"Hoosier 43075 16x7.5-10 R20, 7 inch rim",19972
78.43,786.043,-3.08,-95.99,-101.81,3.994,-13.65,29.08,0.09,0.0302,0.9429,12.18,44330.93,7.89,91.47,1.644,-0,-0.9998,122.65,123.62,125.26,24.96,Cornering,"Hoosier 43075 16x7.5-10 R20, 7 inch rim",19973
78.43,786.053,-4.6,-98.27,-102.21,3.987,-13,29.48,0.03,0.045,0.9614,12.22,159898.98,7.9,91.46,1.684,-0,-1,122.68,123.62,125.36,24.95,Cornering,"Hoosier 43075 16x7.5-10 R20, 7 inch rim",19974
78.46,786.063,-5.99,-101.82,-103.31,3.997,-13.6,29.85,0.03,0.058,0.9856,12.19,159857.8,7.89,91.49,1.728,-0,-1,122.74,123.58,125.45,24.94,Cornering,"Hoosier 43075 16x7.5-10 R20, 7 inch rim",19975
78.44,786.073,-6.1,-105.01,-104.07,3.985,-14.99,30.56,-0.04,0.0586,1.009,12.11,-99323.16,7.9,91.52,1.758,-0,-1.0001,122.74,123.45,125.51,24.93,Cornering,"Hoosier 43075 16x7.5-10 R20, 7 inch rim",19976
78.42,786.083,-5.47,-108.37,-105.61,3.994,-15.58,30.96,0.03,0.0518,1.0261,12.03,159962.52,7.89,91.52,1.8,-0,-1,122.76,123.34,125.47,24.96,Cornering,"Hoosier 43075 16x7.5-10 R20, 7 inch rim",19977
78.44,786.093,-4.64,-111.26,-106.3,3.988,-16.3,30.76,0.03,0.0436,1.0467,11.99,159922.2,7.89,91.55,1.833,-0,-1,122.76,123.4,125.51,24.96,Cornering,"Hoosier 43075 16x7.5-10 R20, 7 inch rim",19978
78.45,786.103,-2.87,-113.22,-106.87,3.984,-15.88,30.76,0.16,0.0269,1.0595,12.03,25732.96,7.89,91.55,1.88,-0,-0.9997,122.8,123.36,125.49,24.97,Cornering,"Hoosier 43075 16x7.5-10 R20, 7 inch rim",19979
78.42,786.113,-1.06,-113.88,-106.17,3.985,-14.86,30.9,0.03,0.0099,1.0726,12.08,159913.38,7.9,91.53,1.921,-0,-1,122.8,123.4,125.45,24.96,Cornering,"Hoosier 43075 16x7.5-10 R20, 7 inch rim",19980
78.42,786.123,0.1,-114.48,-104.86,4,-14.45,30.94,-0.04,-0.0009,1.0917,12.15,-99379.33,7.89,91.52,1.972,-0,-1.0001,122.76,123.43,125.47,24.95,Cornering,"Hoosier 43075 16x7.5-10 R20, 7 inch rim",19981
78.45,786.133,0.27,-114.36,-103.31,3.985,-13.57,30.74,0.03,-0.0026,1.1069,12.17,159792.91,7.9,91.55,2.009,-0,-1,122.61,123.51,125.43,24.94,Cornering,"Hoosier 43075 16x7.5-10 R20, 7 inch rim",19982
78.44,786.143,0.24,-115.18,-102.43,3.984,-12.85,31.16,0.09,-0.0024,1.1245,12.13,44320.11,7.9,91.56,2.043,-0,-0.9998,122.59,123.62,125.43,24.96,Cornering,"Hoosier 43075 16x7.5-10 R20, 7 inch rim",19983
78.41,786.153,-0.9,-116.79,-101.73,3.987,-12.73,31.35,0.09,0.0089,1.148,12.04,44349.52,7.9,91.57,2.092,-0,-0.9998,122.59,123.73,125.47,24.98,Cornering,"Hoosier 43075 16x7.5-10 R20, 7 inch rim",19984
78.43,786.163,-2.03,-119.31,-101.17,3.984,-13.83,32.06,0.03,0.02,1.1793,11.96,160223.7,7.9,91.59,2.145,-0,-1,122.59,123.84,125.57,25.01,Cornering,"Hoosier 43075 16x7.5-10 R20, 7 inch rim",19985
78.44,786.173,-3.97,-122.2,-102.01,3.979,-13.74,31.64,-0.04,0.039,1.1979,11.91,-99595.59,7.9,91.6,2.186,-0,-1.0001,122.55,123.87,125.63,25.01,Cornering,"Hoosier 43075 16x7.5-10 R20, 7 inch rim",19986
78.42,786.183,-5.03,-125.73,-103.34,3.988,-14.4,31.36,0.09,0.0487,1.2167,11.94,44396.75,7.89,91.58,2.226,-0,-0.9998,122.57,123.82,125.67,25.01,Cornering,"Hoosier 43075 16x7.5-10 R20, 7 inch rim",19987
78.42,786.193,-5.49,-128.92,-104.71,3.99,-15.05,30.79,-0.04,0.0524,1.2311,11.99,-99565.84,7.89,91.57,2.278,-0,-1.0001,122.57,123.71,125.71,25,Cornering,"Hoosier 43075 16x7.5-10 R20, 7 inch rim",19988
78.44,786.203,-5.16,-131.35,-105.46,3.988,-14.85,29.99,0.03,0.0489,1.2455,12.08,160017.98,7.89,91.58,2.317,-0,-1,122.57,123.69,125.73,24.98,Cornering,"Hoosier 43075 16x7.5-10 R20, 7 inch rim",19989
78.44,786.213,-4.41,-132.9,-105.58,3.991,-14.65,28.83,0.09,0.0418,1.2587,12.12,44320.69,7.89,91.6,2.348,-0,-0.9998,122.57,123.69,125.79,24.97,Cornering,"Hoosier 43075 16x7.5-10 R20, 7 inch rim",19990
78.4,786.223,-2.65,-133.51,-104.95,3.982,-13.94,28.51,0.03,0.0253,1.2721,12.1,159897.81,7.9,91.65,2.388,-0,-1,122.61,123.71,125.81,24.96,Cornering,"Hoosier 43075 16x7.5-10 R20, 7 inch rim",19991
78.42,786.233,-1.84,-133.63,-103.78,3.996,-13.75,27.74,0.09,0.0177,1.2876,12.01,44297.45,7.89,91.69,2.425,-0,-0.9998,122.55,123.78,125.77,24.96,Cornering,"Hoosier 43075 16x7.5-10 R20, 7 inch rim",19992
78.44,786.243,-1.47,-133.33,-102.8,3.984,-12.64,26.96,0.16,0.0143,1.297,11.93,25704.14,7.9,91.72,2.474,-0,-0.9997,122.55,123.82,125.69,24.95,Cornering,"Hoosier 43075 16x7.5-10 R20, 7 inch rim",19993
78.42,786.253,-1.58,-133.81,-101.07,4,-12.9,27.11,0.03,0.0157,1.3239,11.91,159735.5,7.89,91.74,2.497,-0,-1,122.5,123.95,125.69,24.94,Cornering,"Hoosier 43075 16x7.5-10 R20, 7 inch rim",19994
78.4,786.263,-2.3,-134.75,-99.92,3.982,-12.94,27.43,0.09,0.0231,1.3486,11.94,44273.04,7.9,91.78,2.533,-0,-0.9998,122.5,124.06,125.69,24.94,Cornering,"Hoosier 43075 16x7.5-10 R20, 7 inch rim",19995
78.43,786.273,-3.58,-136.69,-99.28,3.99,-13.25,28,0.09,0.0361,1.3769,12,44302.49,7.9,91.79,2.571,-0,-0.9998,122.5,124.13,125.79,24.96,Cornering,"Hoosier 43075 16x7.5-10 R20, 7 inch rim",19996
78.43,786.283,-4.77,-139.28,-99.79,3.984,-13.27,28.89,0.09,0.0478,1.3958,12.08,44331.97,7.9,91.8,2.609,-0,-0.9998,122.53,124.13,125.83,24.98,Cornering,"Hoosier 43075 16x7.5-10 R20, 7 inch rim",19997
78.4,786.293,-5.89,-141.98,-100.96,3.977,-13.73,29.23,0.03,0.0583,1.4064,12.11,159976.89,7.9,91.78,2.636,-0,-1,122.57,124.11,125.93,24.98,Cornering,"Hoosier 43075 16x7.5-10 R20, 7 inch rim",19998
78.41,786.303,-5.87,-145.12,-102.64,4.01,-13.74,30.05,0.03,0.0571,1.4139,12.08,159970.98,7.89,91.76,2.679,-0,-1,122.5,124.04,125.89,24.98,Cornering,"Hoosier 43075 16x7.5-10 R20, 7 inch rim",19999
78.44,786.313,-4.5,-147.35,-103.3,3.994,-14.08,30.84,0.09,0.0435,1.4264,12.03,44297.62,7.9,91.75,2.7,-0,-0.9998,122.5,123.95,125.91,24.96,Cornering,"Hoosier 43075 16x7.5-10 R20, 7 inch rim",20000
78.41,786.323,-2.44,-148.82,-103.76,3.981,-13.78,31.68,0.09,0.0235,1.4343,11.94,44337.09,7.9,91.74,2.743,-0,-0.9998,122.5,123.93,125.93,24.98,Cornering,"Hoosier 43075 16x7.5-10 R20, 7 inch rim",20001
78.4,786.333,0.11,-149.18,-103.41,3.99,-13.17,32.62,0.09,-0.0011,1.4426,11.89,44366.65,7.9,91.72,2.776,-0,-0.9998,122.59,124,125.89,25,Cornering,"Hoosier 43075 16x7.5-10 R20, 7 inch rim",20002
78.42,786.343,1.14,-148.86,-102.04,4.006,-13.43,32.09,0.09,-0.0111,1.4589,11.92,44385.55,7.9,91.71,2.818,-0,-0.9998,122.55,124,125.85,25.01,Cornering,"Hoosier 43075 16x7.5-10 R20, 7 inch rim",20003
78.43,786.353,2.2,-147.96,-101.19,4.004,-12.47,32.22,0.03,-0.0218,1.4622,12,160093.64,7.9,91.69,2.859,-0,-1,122.53,124.04,125.89,25,Cornering,"Hoosier 43075 16x7.5-10 R20, 7 inch rim",20004
78.4,786.363,2.55,-147.57,-99.56,3.997,-12.64,32.4,0.09,-0.0256,1.4823,12.11,44320.4,7.9,91.66,2.902,-0,-0.9998,122.48,124.11,125.87,24.98,Cornering,"Hoosier 43075 16x7.5-10 R20, 7 inch rim",20005
78.4,786.373,1.89,-147.89,-98.61,3.984,-12.29,32.51,0.03,-0.0191,1.4997,12.2,159784.56,7.9,91.64,2.941,-0,-1,122.48,124.2,125.95,24.96,Cornering,"Hoosier 43075 16x7.5-10 R20, 7 inch rim",20006
78.44,786.383,0.92,-149.17,-97.83,3.979,-12.42,33.01,0.03,-0.0094,1.5248,12.21,159777.14,7.9,91.64,2.99,-0,-1,122.5,124.22,125.97,24.96,Cornering,"Hoosier 43075 16x7.5-10 R20, 7 inch rim",20007
78.42,786.393,-0.42,-151.68,-98.29,3.993,-12.02,33.52,0.09,0.0043,1.5432,12.16,44334.14,7.9,91.63,3.063,-0,-0.9998,122.61,124.26,126.09,24.99,Cornering,"Hoosier 43075 16x7.5-10 R20, 7 inch rim",20008
78.38,786.403,-2.08,-154.77,-98.73,3.994,-12.78,33.18,0.03,0.0211,1.5676,12.08,160132.8,7.9,91.63,3.088,-0,-1,122.55,124.15,126.13,25.01,Cornering,"Hoosier 43075 16x7.5-10 R20, 7 inch rim",20009
78.42,786.413,-3.7,-157.95,-100.32,3.997,-12.73,32.14,0.16,0.0369,1.5745,12.03,25778.24,7.9,91.67,3.137,-0,-0.9997,122.65,124.11,126.13,25.04,Cornering,"Hoosier 43075 16x7.5-10 R20, 7 inch rim",20010
78.43,786.423,-4.45,-160.35,-101.43,3.996,-12.51,30.66,0.16,0.0439,1.581,12.04,25776.97,7.9,91.72,3.186,-0,-0.9997,122.61,124,126.17,25.04,Cornering,"Hoosier 43075 16x7.5-10 R20, 7 inch rim",20011
78.4,786.433,-4.46,-162.19,-101.5,3.988,-13.18,29.01,0.16,0.044,1.5979,12.09,25752.31,7.9,91.69,3.216,-0,-0.9997,122.7,123.98,126.21,25.01,Cornering,"Hoosier 43075 16x7.5-10 R20, 7 inch rim",20012
78.39,786.443,-3.13,-163.11,-101.59,3.988,-13.2,28.19,-0.04,0.0309,1.6056,12.19,-99431.31,7.9,91.71,3.27,-0,-1.0001,122.74,123.93,126.19,24.99,Cornering,"Hoosier 43075 16x7.5-10 R20, 7 inch rim",20013
78.43,786.453,-1.94,-162.72,-100.66,3.996,-12.84,27.15,0.09,0.0193,1.6166,12.24,44312.45,7.9,91.74,3.315,-0,-0.9998,122.76,123.98,126.21,24.98,Cornering,"Hoosier 43075 16x7.5-10 R20, 7 inch rim",20014
78.41,786.463,-1.76,-161.58,-99.32,4.001,-12.75,25.77,-0.04,0.0177,1.6269,12.24,-99376.91,7.9,91.75,3.349,-0,-1.0001,122.83,124,126.23,24.98,Cornering,"Hoosier 43075 16x7.5-10 R20, 7 inch rim",20015
78.39,786.473,-1.93,-160.7,-98,3.996,-12.31,24.79,0.16,0.0197,1.6398,12.17,25711.4,7.9,91.78,3.403,-0,-0.9997,122.78,124.06,126.27,24.98,Cornering,"Hoosier 43075 16x7.5-10 R20, 7 inch rim",20016
78.41,786.483,-2.74,-160.62,-97.42,4.006,-11.29,24.23,0.09,0.0281,1.6488,12.08,44316.91,7.9,91.8,3.436,-0,-0.9998,122.78,124.17,126.27,24.99,Cornering,"Hoosier 43075 16x7.5-10 R20, 7 inch rim",20017
78.43,786.493,-3.4,-161.74,-96.08,3.991,-11.55,24.98,0.16,0.0354,1.6833,12.03,25715.71,7.9,91.84,3.462,-0,-0.9997,122.78,124.22,126.33,24.98,Cornering,"Hoosier 43075 16x7.5-10 R20, 7 inch rim",20018
78.4,786.503,-4.41,-163.28,-95.72,3.982,-11.31,25.87,0.03,0.0461,1.7057,12,159987.98,7.9,91.89,3.506,-0,-1,122.85,124.26,126.42,25,Cornering,"Hoosier 43075 16x7.5-10 R20, 7 inch rim",20019
78.39,786.513,-5.72,-166.03,-96.42,3.981,-11.36,26.53,0.16,0.0593,1.722,12.04,25731.26,7.9,91.92,3.544,-0,-0.9997,122.89,124.22,126.48,25,Cornering,"Hoosier 43075 16x7.5-10 R20, 7 inch rim",20020
78.42,786.523,-6.17,-169.26,-97.5,3.987,-12.46,27.4,0.09,0.0633,1.736,12.13,44309.66,7.9,91.92,3.582,-0,-0.9998,122.89,124.2,126.58,24.99,Cornering,"Hoosier 43075 16x7.5-10 R20, 7 inch rim",20021
78.42,786.533,-5.93,-171.81,-98.81,3.982,-12.49,27.97,0.09,0.0601,1.7387,12.15,44328.91,7.9,91.86,3.608,-0,-0.9998,122.89,124.13,126.56,25,Cornering,"Hoosier 43075 16x7.5-10 R20, 7 inch rim",20022
78.39,786.543,-4.57,-173.66,-99.77,3.996,-12.7,28.58,-0.04,0.0458,1.7407,12.14,-99435.25,7.9,91.85,3.654,-0,-1.0001,123,124.04,126.62,25,Cornering,"Hoosier 43075 16x7.5-10 R20, 7 inch rim",20023
78.4,786.553,-1.99,-174.7,-99.94,3.985,-13.33,29.64,0.03,0.0199,1.7481,12.07,159918.34,7.9,91.82,3.684,-0,-1,123.04,124.02,126.66,25,Cornering,"Hoosier 43075 16x7.5-10 R20, 7 inch rim",20024
78.42,786.563,-0.13,-173.99,-99.11,3.99,-13.24,29.87,-0.04,0.0013,1.7555,11.98,-99404.01,7.9,91.81,3.724,-0,-1.0001,123.04,124,126.7,25,Cornering,"Hoosier 43075 16x7.5-10 R20, 7 inch rim",20025
78.4,786.573,1.56,-172.84,-98.17,3.997,-13.22,30.26,0.09,-0.0159,1.7605,11.91,44321.32,7.9,91.82,3.754,-0,-0.9998,123,124,126.72,25,Cornering,"Hoosier 43075 16x7.5-10 R20, 7 inch rim",20026
78.39,786.583,2.8,-171.31,-97.43,3.996,-12.23,30.75,0.09,-0.0287,1.7583,11.89,44308.07,7.9,91.83,3.81,-0,-0.9998,123,124.09,126.74,25,Cornering,"Hoosier 43075 16x7.5-10 R20, 7 inch rim",20027
78.41,786.593,2.73,-170.61,-96.58,4.003,-11.37,30.96,0.09,-0.0282,1.7666,11.92,44326.76,7.9,91.85,3.844,-0,-0.9998,122.95,124.04,126.76,25.01,Cornering,"Hoosier 43075 16x7.5-10 R20, 7 inch rim",20028
78.41,786.603,2.59,-171.4,-95.44,3.988,-11.38,31.93,0.03,-0.0272,1.796,12.03,159917.97,7.9,91.84,3.879,-0,-1,122.89,124.15,126.78,25,Cornering,"Hoosier 43075 16x7.5-10 R20, 7 inch rim",20029
78.39,786.613,1.27,-172.71,-95.01,3.997,-11.28,32.31,0.03,-0.0134,1.8178,12.11,159835.3,7.9,91.79,3.922,-0,-1,123,124.24,126.88,24.99,Cornering,"Hoosier 43075 16x7.5-10 R20, 7 inch rim",20030
78.4,786.623,-0.15,-175.22,-95.36,4.007,-11.25,32.78,0.09,0.0016,1.8374,12.13,44247.76,7.9,91.76,3.973,-0,-0.9998,122.98,124.26,127,24.97,Cornering,"Hoosier 43075 16x7.5-10 R20, 7 inch rim",20031
78.42,786.633,-1.3,-177.69,-96.41,3.981,-11.23,32.85,0.09,0.0135,1.8431,12.09,44245.84,7.9,91.73,4.008,-0,-0.9998,122.98,124.2,127.04,24.97,Cornering,"Hoosier 43075 16x7.5-10 R20, 7 inch rim",20032
78.4,786.643,-2.29,-180.89,-97.52,3.979,-12.4,32.02,0.09,0.0235,1.855,12,44275.11,7.9,91.7,4.035,-0,-0.9998,123,124.13,127.08,24.98,Cornering,"Hoosier 43075 16x7.5-10 R20, 7 inch rim",20033
78.38,786.653,-2.83,-183.43,-98.23,4.003,-13.54,30.57,0.09,0.0288,1.8674,11.95,44303.06,7.9,91.67,4.085,-0,-0.9998,122.98,124.02,127.14,25,Cornering,"Hoosier 43075 16x7.5-10 R20, 7 inch rim",20034
78.41,786.663,-2.56,-184.73,-98.95,3.99,-13.41,28.97,0.09,0.0258,1.8668,11.95,44310.86,7.9,91.64,4.128,-0,-0.9998,122.98,124.04,127.2,25.01,Cornering,"Hoosier 43075 16x7.5-10 R20, 7 inch rim",20035
78.42,786.673,-2.05,-184.09,-98.79,3.985,-12.97,27.21,0.03,0.0207,1.8635,12,159822.14,7.9,91.6,4.167,-0,-1,123.06,124.09,127.3,25,Cornering,"Hoosier 43075 16x7.5-10 R20, 7 inch rim",20036
78.39,786.683,-1.25,-182.39,-97.8,3.974,-12.54,25.99,0.03,0.0128,1.8649,12.08,159701.86,7.9,91.59,4.21,-0,-1,123.11,124.09,127.32,24.98,Cornering,"Hoosier 43075 16x7.5-10 R20, 7 inch rim",20037
78.39,786.693,-0.46,-180.83,-96.57,3.993,-12.5,25.51,0.09,0.0048,1.8725,12.16,44200.93,7.9,91.59,4.251,-0,-0.9998,123.11,124.11,127.39,24.95,Cornering,"Hoosier 43075 16x7.5-10 R20, 7 inch rim",20038
78.43,786.703,-0.47,-179.28,-95.34,3.978,-11.28,25.15,-0.04,0.0049,1.8804,12.19,-99079.15,7.9,91.63,4.29,-0,-1.0001,123.06,124.22,127.41,24.93,Cornering,"Hoosier 43075 16x7.5-10 R20, 7 inch rim",20039
78.4,786.713,-0.52,-178.99,-94.19,4.003,-10.83,25.98,0.03,0.0055,1.9003,12.16,159416.2,7.9,91.66,4.331,-0,-1,123.13,124.35,127.45,24.94,Cornering,"Hoosier 43075 16x7.5-10 R20, 7 inch rim",20040
78.38,786.723,-1.45,-180.26,-93.53,3.998,-10.7,26.37,0.23,0.0155,1.9272,12.08,18056.7,7.9,91.7,4.373,-0,-0.9996,123.28,124.39,127.55,24.93,Cornering,"Hoosier 43075 16x7.5-10 R20, 7 inch rim",20041
78.4,786.733,-2.98,-182.52,-93.84,3.987,-10.55,26.73,0.09,0.0317,1.9451,12.02,44181.11,7.9,91.69,4.409,-0,-0.9998,123.38,124.46,127.65,24.94,Cornering,"Hoosier 43075 16x7.5-10 R20, 7 inch rim",20042
78.43,786.743,-4.25,-185.65,-94.75,4.003,-11.56,27.35,0.16,0.0449,1.9594,11.97,25636.34,7.9,91.71,4.444,-0,-0.9997,123.51,124.44,127.77,24.94,Cornering,"Hoosier 43075 16x7.5-10 R20, 7 inch rim",20043
78.39,786.753,-5.07,-188.74,-96.34,3.982,-11.76,27.43,0.03,0.0527,1.959,12.01,159344.45,7.9,91.72,4.487,-0,-1,123.56,124.37,127.87,24.93,Cornering,"Hoosier 43075 16x7.5-10 R20, 7 inch rim",20044
78.39,786.763,-4.61,-191.5,-97.48,3.991,-12.61,28,0.03,0.0473,1.9646,12.1,159298.95,7.9,91.67,4.525,-0,-1,123.62,124.31,127.91,24.93,Cornering,"Hoosier 43075 16x7.5-10 R20, 7 inch rim",20045
78.42,786.773,-3.21,-192.85,-98.08,3.988,-12.8,28.43,0.09,0.0328,1.9663,12.2,44171.33,7.9,91.67,4.565,-0,-0.9998,123.64,124.28,127.97,24.94,Cornering,"Hoosier 43075 16x7.5-10 R20, 7 inch rim",20046
78.41,786.783,-1.14,-192.39,-97.93,3.988,-12.58,28.9,-0.04,0.0116,1.9646,12.27,-99127.54,7.9,91.65,4.603,-0,-1.0001,123.66,124.26,127.99,24.96,Cornering,"Hoosier 43075 16x7.5-10 R20, 7 inch rim",20047
78.38,786.793,0.64,-190.75,-96.87,3.988,-12.58,28.99,0.09,-0.0066,1.9691,12.25,44237.64,7.9,91.64,4.651,-0,-0.9998,123.71,124.37,128.03,24.98,Cornering,"Hoosier 43075 16x7.5-10 R20, 7 inch rim",20048
78.4,786.803,1.89,-188.46,-95.77,3.984,-12.03,28.82,0.16,-0.0197,1.9678,12.19,25675.1,7.9,91.65,4.685,-0,-0.9997,123.73,124.39,128.05,24.98,Cornering,"Hoosier 43075 16x7.5-10 R20, 7 inch rim",20049
78.42,786.813,2.53,-186.97,-95.16,3.994,-10.71,29,0.16,-0.0266,1.9648,12.1,25679.57,7.9,91.66,4.724,-0,-0.9997,123.77,124.42,128.11,24.99,Cornering,"Hoosier 43075 16x7.5-10 R20, 7 inch rim",20050
78.4,786.823,2.19,-186.28,-93.64,3.991,-10.37,28.81,0.03,-0.0234,1.9893,12.04,159683.27,7.9,91.65,4.781,-0,-1,123.68,124.44,128.11,25,Cornering,"Hoosier 43075 16x7.5-10 R20, 7 inch rim",20051
78.39,786.833,1.25,-187.57,-92.76,3.988,-10.85,28.91,0.09,-0.0135,2.0221,12.04,44246.79,7.9,91.64,4.822,-0,-0.9998,123.73,124.48,128.19,25,Cornering,"Hoosier 43075 16x7.5-10 R20, 7 inch rim",20052
78.42,786.843,-0.27,-189.45,-92.61,3.988,-10.84,29,0.03,0.0029,2.0456,12.08,159701.5,7.9,91.63,4.858,-0,-1,123.83,124.53,128.25,25,Cornering,"Hoosier 43075 16x7.5-10 R20, 7 inch rim",20053
78.41,786.853,-2.47,-192.39,-93.41,3.997,-11.33,28.47,0.23,0.0264,2.0596,12.14,18080.6,7.9,91.64,4.897,-0,-0.9996,123.9,124.44,128.38,24.98,Cornering,"Hoosier 43075 16x7.5-10 R20, 7 inch rim",20054
78.39,786.863,-3.6,-195.4,-94.61,3.99,-12.05,28.33,0.09,0.0381,2.0654,12.17,44207.23,7.9,91.66,4.951,-0,-0.9998,123.94,124.35,128.44,24.98,Cornering,"Hoosier 43075 16x7.5-10 R20, 7 inch rim",20055
78.4,786.873,-4.35,-197.99,-96.17,4.001,-12.1,27.71,0.03,0.0452,2.0588,12.15,159519.7,7.9,91.68,4.994,-0,-1,123.94,124.31,128.48,24.98,Cornering,"Hoosier 43075 16x7.5-10 R20, 7 inch rim",20056
78.43,786.883,-4.34,-199.49,-96.44,3.991,-12.73,26.54,0.03,0.045,2.0686,12.09,159623.16,7.9,91.66,5.024,-0,-1,124.03,124.22,128.48,25,Cornering,"Hoosier 43075 16x7.5-10 R20, 7 inch rim",20057
78.41,786.893,-3.16,-199.49,-96.69,3.996,-12.78,26.1,-0.04,0.0327,2.0632,12,-99311.37,7.9,91.63,5.061,-0,-1.0001,124.05,124.17,128.5,25.02,Cornering,"Hoosier 43075 16x7.5-10 R20, 7 inch rim",20058
78.39,786.903,-1.89,-197.93,-96.55,3.994,-11.83,25.34,0.09,0.0196,2.0501,11.92,44299.25,7.9,91.63,5.102,-0,-0.9998,124.05,124.15,128.56,25.04,Cornering,"Hoosier 43075 16x7.5-10 R20, 7 inch rim",20059
78.42,786.913,-0.74,-195.44,-95.78,3.985,-10.96,24.82,0.09,0.0077,2.0406,11.92,44286.44,7.9,91.67,5.137,-0,-0.9998,124.13,124.22,128.52,25.03,Cornering,"Hoosier 43075 16x7.5-10 R20, 7 inch rim",20060
78.44,786.923,-0.74,-193.71,-94.55,3.998,-10.84,23.94,0.09,0.0078,2.0487,11.95,44263.05,7.9,91.68,5.177,-0,-0.9998,124.18,124.22,128.58,25.02,Cornering,"Hoosier 43075 16x7.5-10 R20, 7 inch rim",20061
78.4,786.933,0.03,-193,-93.11,3.993,-10.87,24.61,0.16,-0.0004,2.0728,12.04,25677.07,7.9,91.69,5.229,-0,-0.9997,124.2,124.28,128.62,25.01,Cornering,"Hoosier 43075 16x7.5-10 R20, 7 inch rim",20062
78.42,786.943,-0.19,-193.64,-92.36,3.987,-10.71,25.27,0.03,0.0021,2.0966,12.13,159525.81,7.9,91.69,5.258,-0,-1,124.2,124.39,128.68,24.99,Cornering,"Hoosier 43075 16x7.5-10 R20, 7 inch rim",20063
78.44,786.953,-0.7,-195.25,-92.26,3.998,-10.5,26.56,0.03,0.0076,2.1163,12.14,159477.44,7.9,91.68,5.301,-0,-1,124.33,124.5,128.7,24.98,Cornering,"Hoosier 43075 16x7.5-10 R20, 7 inch rim",20064
78.42,786.963,-2.11,-197.4,-92.52,3.994,-10.87,27.16,0.09,0.0228,2.1336,12.1,44191.06,7.9,91.66,5.321,-0,-0.9998,124.37,124.5,128.8,24.98,Cornering,"Hoosier 43075 16x7.5-10 R20, 7 inch rim",20065
78.4,786.973,-2.71,-200.32,-93.41,3.997,-11.79,28.4,0.09,0.029,2.1446,12.02,44166.94,7.9,91.63,5.369,-0,-0.9998,124.46,124.44,128.88,24.97,Cornering,"Hoosier 43075 16x7.5-10 R20, 7 inch rim",20066
78.44,786.983,-2.79,-202.24,-94.62,3.991,-11.8,29,0.03,0.0295,2.1375,11.97,159446.23,7.9,91.6,5.417,-0,-1,124.5,124.33,128.88,24.98,Cornering,"Hoosier 43075 16x7.5-10 R20, 7 inch rim",20067
78.44,786.993,-1.71,-204.06,-95.88,4,-11.71,29.82,0.16,0.0178,2.1284,11.97,25631.79,7.9,91.6,5.451,-0,-0.9997,124.52,124.24,128.96,24.97,Cornering,"Hoosier 43075 16x7.5-10 R20, 7 inch rim",20068
78.42,787.003,-0.84,-204.69,-95.83,3.998,-12.67,29.38,0.09,0.0088,2.136,12.01,44156.99,7.9,91.6,5.501,-0,-0.9998,124.52,124.17,129.04,24.97,Cornering,"Hoosier 43075 16x7.5-10 R20, 7 inch rim",20069
78.43,787.013,0.18,-203.82,-96.46,3.99,-11.48,28.44,0.09,-0.0019,2.113,12.1,44124.05,7.9,91.62,5.53,-0,-0.9998,124.56,124.2,129.06,24.96,Cornering,"Hoosier 43075 16x7.5-10 R20, 7 inch rim",20070
78.45,787.023,1.25,-201.87,-95.96,4,-11,27.69,0.09,-0.013,2.1037,12.16,44120.3,7.9,91.64,5.578,-0,-0.9998,124.56,124.17,129.16,24.96,Cornering,"Hoosier 43075 16x7.5-10 R20, 7 inch rim",20071
78.44,787.033,1.57,-200.67,-94.73,3.991,-11.55,26.69,0.16,-0.0166,2.1183,12.18,25619.08,7.9,91.68,5.603,-0,-0.9997,124.61,124.22,129.24,24.97,Cornering,"Hoosier 43075 16x7.5-10 R20, 7 inch rim",20072
78.42,787.043,1.21,-199.63,-93.66,3.988,-11.19,25.67,-0.04,-0.0129,2.1314,12.11,-99025.47,7.9,91.7,5.67,-0,-1.0001,124.56,124.22,129.31,24.97,Cornering,"Hoosier 43075 16x7.5-10 R20, 7 inch rim",20073
78.44,787.053,1.05,-200.02,-92.66,3.991,-11.25,25.86,0.09,-0.0114,2.1586,12.06,44153,7.9,91.69,5.684,-0,-0.9998,124.61,124.31,129.39,24.98,Cornering,"Hoosier 43075 16x7.5-10 R20, 7 inch rim",20074
78.47,787.063,0.09,-201.1,-92.31,3.985,-10.67,26.05,0.09,-0.0009,2.1784,11.99,44159.05,7.9,91.69,5.737,-0,-0.9998,124.61,124.37,129.53,24.98,Cornering,"Hoosier 43075 16x7.5-10 R20, 7 inch rim",20075
78.43,787.073,-1.38,-203.18,-92.11,3.996,-11.23,26.3,0.03,0.0149,2.2059,11.99,159274.78,7.9,91.71,5.764,-0,-1,124.71,124.33,129.65,24.97,Cornering,"Hoosier 43075 16x7.5-10 R20, 7 inch rim",20076
78.43,787.083,-3.3,-205.78,-93.02,3.997,-11.19,26.1,0.09,0.0355,2.2122,12.05,44131.9,7.89,91.71,5.82,-0,-0.9998,124.78,124.31,129.73,24.97,Cornering,"Hoosier 43075 16x7.5-10 R20, 7 inch rim",20077
78.46,787.093,-4.22,-208.19,-94.39,3.998,-11.32,26.25,0.09,0.0448,2.2056,12.11,44118.53,7.89,91.68,5.859,-0,-0.9998,124.82,124.22,129.89,24.97,Cornering,"Hoosier 43075 16x7.5-10 R20, 7 inch rim",20078
78.45,787.103,-3.98,-210.59,-95.45,3.994,-11.81,26.5,0.03,0.0417,2.2062,12.17,159166.64,7.89,91.66,5.882,-0,-1,124.84,124.11,129.91,24.96,Cornering,"Hoosier 43075 16x7.5-10 R20, 7 inch rim",20079
78.43,787.113,-3.05,-212.06,-96.27,3.985,-12.2,26.5,0.09,0.0317,2.2028,12.17,44102.08,7.89,91.64,5.935,-0,-0.9998,124.89,124.04,130.01,24.96,Cornering,"Hoosier 43075 16x7.5-10 R20, 7 inch rim",20080
78.45,787.123,-1.68,-212.35,-97.04,3.993,-12.19,26.13,0.09,0.0173,2.1883,12.13,44129.38,7.89,91.61,5.976,-0,-0.9998,124.95,124.06,130.07,24.98,Cornering,"Hoosier 43075 16x7.5-10 R20, 7 inch rim",20081
78.47,787.133,-0.44,-211.4,-96.99,3.99,-12.07,25.46,0.16,0.0045,2.1797,12.06,25605.54,7.89,91.6,6.019,-0,-0.9997,125.06,124.11,130.13,24.97,Cornering,"Hoosier 43075 16x7.5-10 R20, 7 inch rim",20082
78.44,787.143,0.34,-209.52,-96.55,3.979,-11.37,24.86,0.09,-0.0035,2.17,11.97,44133.41,7.89,91.57,6.051,-0,-0.9998,125.08,124.2,130.32,24.98,Cornering,"Hoosier 43075 16x7.5-10 R20, 7 inch rim",20083
78.44,787.153,1.34,-208.53,-95.21,3.984,-11.45,25.21,0.09,-0.014,2.1903,11.93,44119.2,7.89,91.55,6.098,-0,-0.9998,125.19,124.28,130.34,24.98,Cornering,"Hoosier 43075 16x7.5-10 R20, 7 inch rim",20084
78.47,787.163,1.24,-208.28,-94.38,3.987,-11.01,25.2,0.16,-0.0132,2.2067,11.97,25599.88,7.89,91.49,6.135,-0,-0.9997,125.19,124.35,130.44,24.97,Cornering,"Hoosier 43075 16x7.5-10 R20, 7 inch rim",20085
78.47,787.173,0.45,-208.41,-93.15,4.001,-10.63,25.51,0.09,-0.0049,2.2374,12.05,44091.54,7.89,91.47,6.183,-0,-0.9998,125.25,124.42,130.56,24.97,Cornering,"Hoosier 43075 16x7.5-10 R20, 7 inch rim",20086
78.44,787.183,-0.46,-209.93,-92.56,3.979,-11.2,26.36,0.03,0.005,2.268,12.15,159028.89,7.89,91.48,6.216,-0,-1,125.36,124.5,130.66,24.96,Cornering,"Hoosier 43075 16x7.5-10 R20, 7 inch rim",20087
78.46,787.193,-1.78,-211.82,-93.2,3.997,-11.01,27.08,-0.04,0.0191,2.2728,12.15,-98824.52,7.89,91.48,6.258,-0,-1.0001,125.4,124.48,130.74,24.95,Cornering,"Hoosier 43075 16x7.5-10 R20, 7 inch rim",20088
78.49,787.203,-3.21,-214.36,-94.51,3.99,-11.15,27.16,0.09,0.0339,2.268,12.11,44061.93,7.89,91.52,6.289,-0,-0.9998,125.49,124.46,130.84,24.96,Cornering,"Hoosier 43075 16x7.5-10 R20, 7 inch rim",20089
78.47,787.213,-3.75,-216.92,-95.78,3.987,-11.8,27.06,0.03,0.0391,2.2647,12.04,159026.8,7.89,91.56,6.34,-0,-1,125.49,124.37,130.92,24.96,Cornering,"Hoosier 43075 16x7.5-10 R20, 7 inch rim",20090
78.45,787.223,-3.22,-219.36,-97.17,3.996,-12.65,27.12,0.09,0.0331,2.2574,11.94,44095.97,7.89,91.6,6.367,-0,-0.9998,125.49,124.31,130.98,24.98,Cornering,"Hoosier 43075 16x7.5-10 R20, 7 inch rim",20091
78.47,787.233,-1.72,-220.04,-97.94,3.987,-12.29,26.92,-0.04,0.0175,2.2468,11.92,-98934.42,7.89,91.6,6.4,-0,-1.0001,125.55,124.26,131.06,24.98,Cornering,"Hoosier 43075 16x7.5-10 R20, 7 inch rim",20092
78.49,787.243,-0.79,-219.36,-98.73,3.987,-11.78,26,-0.04,0.008,2.2218,11.93,-98925.87,7.89,91.62,6.443,-0,-1.0001,125.62,124.28,131.1,24.98,Cornering,"Hoosier 43075 16x7.5-10 R20, 7 inch rim",20093
78.45,787.253,0.35,-217.99,-97.65,3.977,-12.02,25.26,0.03,-0.0036,2.2323,12.01,159127.75,7.89,91.63,6.486,-0,-1,125.64,124.33,131.12,24.98,Cornering,"Hoosier 43075 16x7.5-10 R20, 7 inch rim",20094
78.47,787.263,1.28,-216.4,-96.75,3.993,-11.71,25.24,0.03,-0.0132,2.2366,12.09,159187.61,7.89,91.7,6.529,-0,-1,125.68,124.37,131.14,25,Cornering,"Hoosier 43075 16x7.5-10 R20, 7 inch rim",20095
78.49,787.273,1.63,-215.56,-95.47,3.997,-11.29,25.12,0.03,-0.017,2.2579,12.14,159356.7,7.89,91.72,6.576,-0,-1,125.74,124.44,131.2,25.03,Cornering,"Hoosier 43075 16x7.5-10 R20, 7 inch rim",20096
78.47,787.283,0.93,-215.11,-94.32,3.984,-10.45,25.03,0.16,-0.0099,2.2806,12.14,25628.98,7.89,91.74,6.611,-0,-0.9997,125.79,124.5,131.27,25.03,Cornering,"Hoosier 43075 16x7.5-10 R20, 7 inch rim",20097
78.45,787.293,0.08,-215.94,-93.41,3.984,-10.49,25.47,0.09,-0.0009,2.3118,12.07,44151.48,7.89,91.75,6.659,-0,-0.9998,125.92,124.59,131.41,25.03,Cornering,"Hoosier 43075 16x7.5-10 R20, 7 inch rim",20098
78.48,787.303,-1.58,-217.02,-93.78,3.987,-9.64,25.61,0.09,0.0168,2.314,11.99,44148.3,7.89,91.76,6.694,-0,-0.9998,126.09,124.64,131.59,25.03,Cornering,"Hoosier 43075 16x7.5-10 R20, 7 inch rim",20099
78.49,787.313,-2.64,-219.18,-94.04,3.984,-10.71,26.13,-0.04,0.0281,2.3308,11.93,-99001.99,7.89,91.77,6.744,-0,-1.0001,126.19,124.57,131.75,25.02,Cornering,"Hoosier 43075 16x7.5-10 R20, 7 inch rim",20100
78.46,787.323,-3.31,-222.04,-95.8,3.988,-11.13,26.42,0.16,0.0345,2.3178,11.9,25607.79,7.89,91.79,6.784,-0,-0.9997,126.24,124.57,131.75,25.01,Cornering,"Hoosier 43075 16x7.5-10 R20, 7 inch rim",20101
78.46,787.333,-3.38,-224.03,-96.63,3.991,-11.83,26.13,0.03,0.0349,2.3185,11.94,159202.95,7.89,91.8,6.815,-0,-1,126.32,124.5,131.89,25.01,Cornering,"Hoosier 43075 16x7.5-10 R20, 7 inch rim",20102
78.5,787.343,-2.19,-225.94,-98.09,3.987,-12.73,25.98,0.09,0.0223,2.3035,12.03,44123.32,7.89,91.8,6.851,-0,-0.9998,126.41,124.39,131.95,25.02,Cornering,"Hoosier 43075 16x7.5-10 R20, 7 inch rim",20103
78.48,787.353,-1.19,-225.48,-98.21,3.991,-12.74,25.19,0.09,0.0122,2.296,12.07,44088.17,7.88,91.82,6.899,-0,-0.9998,126.41,124.44,132.03,25,Cornering,"Hoosier 43075 16x7.5-10 R20, 7 inch rim",20104
78.46,787.363,0.1,-223.77,-97.97,3.99,-12.11,24.64,0.09,-0.001,2.2841,12.06,44085.16,7.88,91.84,6.93,-0,-0.9998,126.5,124.46,132.09,25,Cornering,"Hoosier 43075 16x7.5-10 R20, 7 inch rim",20105
78.48,787.373,0.66,-221.93,-97.49,3.991,-11.14,23.82,0.16,-0.0068,2.2765,12.04,25597.6,7.88,91.83,6.969,-0,-0.9997,126.54,124.48,132.15,25.01,Cornering,"Hoosier 43075 16x7.5-10 R20, 7 inch rim",20106
78.5,787.383,1.19,-220.49,-96.24,4.001,-10.37,23.79,0.03,-0.0124,2.291,11.97,159062.06,7.88,91.82,7.01,-0,-1,126.6,124.53,132.17,25,Cornering,"Hoosier 43075 16x7.5-10 R20, 7 inch rim",20107
78.47,787.393,1.03,-219.8,-94.54,3.996,-10.14,23.93,0.16,-0.0109,2.3248,11.92,25586.76,7.88,91.82,7.056,-0,-0.9997,126.69,124.53,132.22,25.01,Cornering,"Hoosier 43075 16x7.5-10 R20, 7 inch rim",20108
78.47,787.403,0.36,-220.43,-93.95,3.988,-9.87,24.41,0.09,-0.0039,2.3463,11.9,44078.73,7.88,91.81,7.102,-0,-0.9998,126.8,124.61,132.32,25.01,Cornering,"Hoosier 43075 16x7.5-10 R20, 7 inch rim",20109
78.5,787.413,-0.77,-221.67,-93.82,3.985,-9.55,25.07,0.09,0.0082,2.3626,11.95,44056.61,7.88,91.84,7.119,-0,-0.9998,126.9,124.7,132.48,25,Cornering,"Hoosier 43075 16x7.5-10 R20, 7 inch rim",20110
78.49,787.423,-1.99,-224.17,-94.07,3.991,-10.75,25.75,0.16,0.0212,2.383,12.02,25550.34,7.88,91.83,7.175,-0,-0.9997,127.05,124.68,132.6,24.98,Cornering,"Hoosier 43075 16x7.5-10 R20, 7 inch rim",20111
78.47,787.433,-3.19,-226.69,-95.57,3.982,-10.84,25.77,0.09,0.0334,2.372,12.11,44006.41,7.88,91.83,7.214,-0,-0.9998,127.16,124.61,132.72,24.97,Cornering,"Hoosier 43075 16x7.5-10 R20, 7 inch rim",20112
78.48,787.443,-3.14,-229.49,-96.97,4.003,-11.83,26.1,0.09,0.0324,2.3666,12.15,43971.78,7.88,91.8,7.254,-0,-0.9998,127.29,124.55,132.86,24.96,Cornering,"Hoosier 43075 16x7.5-10 R20, 7 inch rim",20113
78.5,787.453,-2.33,-231.07,-98.31,3.99,-12.18,26.15,0.03,0.0238,2.3504,12.11,158623.7,7.88,91.8,7.309,-0,-1,127.27,124.53,132.96,24.95,Cornering,"Hoosier 43075 16x7.5-10 R20, 7 inch rim",20114
78.48,787.463,-1.47,-230.73,-98.89,3.994,-11.81,25.44,0.09,0.0149,2.3332,12.03,43963,7.88,91.77,7.341,-0,-0.9998,127.42,124.5,133.06,24.96,Cornering,"Hoosier 43075 16x7.5-10 R20, 7 inch rim",20115
78.47,787.473,0.04,-229.32,-98.91,3.994,-11.61,25.15,0.16,-0.0004,2.3186,11.95,25514.8,7.88,91.77,7.378,-0,-0.9997,127.48,124.5,133.06,24.96,Cornering,"Hoosier 43075 16x7.5-10 R20, 7 inch rim",20116
78.5,787.483,0.79,-227.37,-97.82,3.993,-12.07,24.05,0.16,-0.0081,2.3243,11.92,25506.25,7.88,91.76,7.423,-0,-0.9997,127.5,124.53,133.19,24.95,Cornering,"Hoosier 43075 16x7.5-10 R20, 7 inch rim",20117
78.5,787.493,1.16,-224.68,-97.12,3.974,-10.76,23.41,0.03,-0.0119,2.3134,11.95,158461.77,7.88,91.75,7.45,-0,-1,127.57,124.59,133.19,24.93,Cornering,"Hoosier 43075 16x7.5-10 R20, 7 inch rim",20118
78.47,787.503,1.11,-222.84,-95.71,3.998,-10.5,23.3,0.03,-0.0116,2.3284,12.03,158367.92,7.88,91.75,7.504,-0,-1,127.63,124.64,133.23,24.92,Cornering,"Hoosier 43075 16x7.5-10 R20, 7 inch rim",20119
78.48,787.513,0.97,-222.52,-94.77,3.981,-9.86,23.92,0.09,-0.0102,2.3479,12.11,43882.28,7.88,91.75,7.531,-0,-0.9998,127.7,124.68,133.29,24.92,Cornering,"Hoosier 43075 16x7.5-10 R20, 7 inch rim",20120
78.51,787.523,-0.1,-223.64,-94.48,3.985,-9.46,24.45,0.16,0.001,2.367,12.15,25484.54,7.88,91.76,7.587,-0,-0.9997,127.76,124.81,133.39,24.94,Cornering,"Hoosier 43075 16x7.5-10 R20, 7 inch rim",20121
78.49,787.533,-1.49,-226.31,-94.61,3.993,-10.2,24.8,0.09,0.0158,2.3921,12.14,43935.16,7.88,91.74,7.612,-0,-0.9998,127.89,124.83,133.55,24.96,Cornering,"Hoosier 43075 16x7.5-10 R20, 7 inch rim",20122
78.47,787.543,-2.98,-228.85,-95.71,3.981,-10.33,24.74,0.09,0.0311,2.3909,12.08,43930.05,7.88,91.75,7.66,-0,-0.9998,127.98,124.75,133.65,24.96,Cornering,"Hoosier 43075 16x7.5-10 R20, 7 inch rim",20123
78.5,787.553,-3.41,-231.44,-96.86,3.984,-11.28,25.19,0.09,0.0352,2.3893,11.97,43925.82,7.88,91.74,7.7,-0,-0.9998,128,124.64,133.77,24.96,Cornering,"Hoosier 43075 16x7.5-10 R20, 7 inch rim",20124
78.5,787.563,-2.89,-232.77,-98.6,3.996,-11.15,25.25,0.16,0.0293,2.3608,11.92,25470.13,7.88,91.7,7.726,-0,-0.9997,128,124.53,133.91,24.93,Cornering,"Hoosier 43075 16x7.5-10 R20, 7 inch rim",20125
78.47,787.573,-1.66,-232.67,-99.64,3.987,-11.43,25.18,0.03,0.0166,2.3352,11.95,158266.02,7.88,91.65,7.773,-0,-1,128,124.48,133.97,24.92,Cornering,"Hoosier 43075 16x7.5-10 R20, 7 inch rim",20126
78.48,787.583,-0.56,-230.84,-99.34,3.99,-12.02,24.29,0.09,0.0056,2.3237,12.03,43853.18,7.88,91.66,7.808,-0,-0.9998,128,124.44,134.07,24.92,Cornering,"Hoosier 43075 16x7.5-10 R20, 7 inch rim",20127
78.51,787.593,0.84,-227.87,-99.49,3.99,-11.35,23.93,0.09,-0.0084,2.2904,12.12,43879.77,7.88,91.65,7.845,-0,-0.9998,128.08,124.46,134.16,24.94,Cornering,"Hoosier 43075 16x7.5-10 R20, 7 inch rim",20128
78.5,787.603,1.16,-224.64,-98.34,3.982,-10.87,23.13,0.16,-0.0118,2.2842,12.17,25483.38,7.88,91.67,7.894,-0,-0.9997,128.21,124.5,134.22,24.96,Cornering,"Hoosier 43075 16x7.5-10 R20, 7 inch rim",20129
78.47,787.613,1.02,-222.43,-96.91,3.991,-10.44,22.59,0.09,-0.0106,2.2953,12.17,43900.74,7.88,91.71,7.934,-0,-0.9998,128.32,124.57,134.26,24.96,Cornering,"Hoosier 43075 16x7.5-10 R20, 7 inch rim",20130
78.5,787.623,1.73,-222.18,-95.68,3.988,-10.05,23.78,0.09,-0.018,2.3221,12.09,43897.46,7.88,91.74,7.964,-0,-0.9998,128.4,124.66,134.32,24.96,Cornering,"Hoosier 43075 16x7.5-10 R20, 7 inch rim",20131
78.51,787.633,0.85,-223.67,-94.69,3.994,-10.13,24.35,0.09,-0.009,2.3621,12.03,43892.91,7.88,91.75,8.005,-0,-0.9998,128.51,124.72,134.44,24.96,Cornering,"Hoosier 43075 16x7.5-10 R20, 7 inch rim",20132
78.47,787.643,-0.58,-226,-95.17,4.001,-9.67,24.81,0.03,0.0061,2.3748,11.95,158341.12,7.88,91.77,8.051,-0,-1,128.68,124.81,134.6,24.95,Cornering,"Hoosier 43075 16x7.5-10 R20, 7 inch rim",20133
78.48,787.653,-2.38,-228.76,-95.72,4,-9.97,24.83,-0.04,0.0248,2.3898,11.95,-98441.17,7.88,91.75,8.091,-0,-1.0001,128.79,124.86,134.72,24.96,Cornering,"Hoosier 43075 16x7.5-10 R20, 7 inch rim",20134
78.5,787.663,-3.3,-231.33,-97.06,4.001,-10.91,24.96,0.03,0.034,2.3835,11.98,158308.41,7.88,91.71,8.133,-0,-1,128.79,124.72,134.82,24.95,Cornering,"Hoosier 43075 16x7.5-10 R20, 7 inch rim",20135
78.5,787.673,-3.31,-233.59,-98.6,4.004,-11.57,25.07,-0.04,0.0336,2.369,12.04,-98420.37,7.88,91.66,8.174,-0,-1.0001,128.83,124.57,134.98,24.96,Cornering,"Hoosier 43075 16x7.5-10 R20, 7 inch rim",20136
78.48,787.683,-2.76,-234.38,-99.69,3.987,-12,24.63,0.03,0.0277,2.3512,12.11,158311.56,7.88,91.66,8.216,-0,-1,128.86,124.53,135.06,24.96,Cornering,"Hoosier 43075 16x7.5-10 R20, 7 inch rim",20137
78.49,787.693,-1.04,-233.32,-100.12,4,-11.98,24.64,0.03,0.0104,2.3303,12.08,158294.62,7.87,91.67,8.257,-0,-1,128.88,124.53,135.17,24.96,Cornering,"Hoosier 43075 16x7.5-10 R20, 7 inch rim",20138
78.52,787.703,-0.1,-230.81,-100.08,3.996,-11.66,23.56,0.03,0.001,2.3063,12.03,158353.48,7.88,91.66,8.293,-0,-1,128.94,124.5,135.25,24.97,Cornering,"Hoosier 43075 16x7.5-10 R20, 7 inch rim",20139
78.48,787.713,0.73,-227.44,-99.31,3.998,-10.91,22.8,0.16,-0.0074,2.2902,11.95,25472.22,7.88,91.65,8.34,-0,-0.9997,129.01,124.46,135.31,24.97,Cornering,"Hoosier 43075 16x7.5-10 R20, 7 inch rim",20140
78.48,787.723,1.28,-224.46,-97.9,4.01,-10.77,22.32,0.03,-0.0131,2.2928,11.88,158427.08,7.87,91.67,8.382,-0,-1,129.11,124.48,135.33,24.98,Cornering,"Hoosier 43075 16x7.5-10 R20, 7 inch rim",20141
78.51,787.733,1.14,-223.06,-96.4,3.987,-10.32,21.97,0.09,-0.0119,2.314,11.92,43898.51,7.88,91.67,8.408,-0,-0.9998,129.2,124.53,135.43,24.98,Cornering,"Hoosier 43075 16x7.5-10 R20, 7 inch rim",20142
78.5,787.743,1.17,-223.41,-95.75,3.987,-9.52,22.82,0.03,-0.0122,2.3332,11.96,158395.42,7.88,91.61,8.458,-0,-1,129.31,124.61,135.51,24.98,Cornering,"Hoosier 43075 16x7.5-10 R20, 7 inch rim",20143
78.48,787.753,-0.1,-225.81,-95.07,3.993,-9.9,23.11,-0.04,0.0011,2.3752,12.04,-98428.34,7.88,91.61,8.499,-0,-1.0001,129.46,124.72,135.65,24.98,Cornering,"Hoosier 43075 16x7.5-10 R20, 7 inch rim",20144
78.49,787.763,-1.53,-228.6,-95.57,3.997,-9.87,23.57,0.03,0.016,2.3919,12.11,158362.88,7.87,91.58,8.535,-0,-1,129.54,124.7,135.77,24.98,Cornering,"Hoosier 43075 16x7.5-10 R20, 7 inch rim",20145
78.51,787.773,-2.8,-231.64,-96.29,3.987,-11.17,23.75,0.09,0.0291,2.4057,12.1,43919.86,7.88,91.59,8.574,-0,-0.9998,129.58,124.59,135.93,25.01,Cornering,"Hoosier 43075 16x7.5-10 R20, 7 inch rim",20146
78.49,787.783,-3.07,-233.76,-98.1,4.003,-11.11,24.4,0.09,0.0313,2.3828,12.05,43936.17,7.87,91.57,8.608,-0,-0.9998,129.58,124.53,136.05,25.02,Cornering,"Hoosier 43075 16x7.5-10 R20, 7 inch rim",20147
78.48,787.793,-3.14,-235.38,-99.14,3.996,-11.78,24.04,0.09,0.0317,2.3744,11.99,43930.22,7.87,91.58,8.658,-0,-0.9998,129.58,124.48,136.2,25.02,Cornering,"Hoosier 43075 16x7.5-10 R20, 7 inch rim",20148
78.51,787.803,-2.1,-235.2,-99.68,3.996,-12.29,23.96,0.09,0.0211,2.3595,11.95,43884.22,7.87,91.6,8.703,-0,-0.9998,129.56,124.46,136.3,25,Cornering,"Hoosier 43075 16x7.5-10 R20, 7 inch rim",20149
78.5,787.813,-0.79,-233.1,-99.86,3.981,-11.73,23.53,0.03,0.008,2.3343,11.96,158208.03,7.88,91.65,8.726,-0,-1,129.61,124.48,136.46,24.97,Cornering,"Hoosier 43075 16x7.5-10 R20, 7 inch rim",20150
78.47,787.823,0.2,-229.71,-99.75,3.99,-11.16,22.62,0.09,-0.002,2.303,12,43846.15,7.88,91.68,8.766,-0,-0.9998,129.73,124.55,136.54,24.98,Cornering,"Hoosier 43075 16x7.5-10 R20, 7 inch rim",20151
78.49,787.833,0.92,-225.96,-98.14,3.998,-11.37,22.15,0.09,-0.0094,2.3025,12.12,43840.8,7.87,91.67,8.81,-0,-0.9998,129.86,124.61,136.64,24.98,Cornering,"Hoosier 43075 16x7.5-10 R20, 7 inch rim",20152
78.52,787.843,1.55,-223.6,-97.68,3.987,-10.42,22.23,0.09,-0.0159,2.2892,12.19,43886.46,7.88,91.68,8.853,-0,-0.9998,130.01,124.7,136.7,25.01,Cornering,"Hoosier 43075 16x7.5-10 R20, 7 inch rim",20153
78.49,787.853,1.54,-223.07,-96.51,3.991,-9.97,22.56,0.09,-0.016,2.3113,12.21,43931.9,7.88,91.72,8.897,-0,-0.9998,130.1,124.7,136.72,25.04,Cornering,"Hoosier 43075 16x7.5-10 R20, 7 inch rim",20154
78.47,787.863,1.05,-224.37,-96.01,3.998,-9.46,23.21,0.03,-0.0109,2.337,12.16,158669.09,7.87,91.77,8.93,-0,-1,130.23,124.72,136.86,25.06,Cornering,"Hoosier 43075 16x7.5-10 R20, 7 inch rim",20155
78.51,787.873,-0.63,-226.99,-95.77,3.987,-9.65,23.14,0.03,0.0065,2.3702,12.08,158651.92,7.87,91.82,8.969,-0,-1,130.36,124.79,136.96,25.06,Cornering,"Hoosier 43075 16x7.5-10 R20, 7 inch rim",20156
78.51,787.883,-2.14,-229.6,-96.35,3.987,-9.97,23.22,0.09,0.0222,2.383,12.01,43938.85,7.88,91.83,9.006,-0,-0.9998,130.4,124.72,137.11,25.05,Cornering,"Hoosier 43075 16x7.5-10 R20, 7 inch rim",20157
78.48,787.893,-2.76,-232.27,-97.17,4.001,-11.84,23.69,0.09,0.0284,2.3903,12.03,43870.75,7.87,91.81,9.063,-0,-0.9998,130.42,124.61,137.21,25.01,Cornering,"Hoosier 43075 16x7.5-10 R20, 7 inch rim",20158
78.49,787.903,-2.66,-233.52,-99.07,3.994,-11.86,23.98,0.16,0.0269,2.3571,12.08,25449.36,7.87,91.77,9.095,-0,-0.9997,130.31,124.46,137.37,25,Cornering,"Hoosier 43075 16x7.5-10 R20, 7 inch rim",20159
78.51,787.913,-1.9,-234.23,-100.07,3.993,-12.5,23.85,0.09,0.019,2.3406,12.14,43831.32,7.87,91.77,9.135,-0,-0.9998,130.31,124.33,137.47,25,Cornering,"Hoosier 43075 16x7.5-10 R20, 7 inch rim",20160
78.5,787.923,-0.76,-233.17,-101.11,3.979,-11.34,23.43,0.09,0.0075,2.3062,12.18,43795.62,7.88,91.76,9.177,-0,-0.9998,130.31,124.37,137.57,24.98,Cornering,"Hoosier 43075 16x7.5-10 R20, 7 inch rim",20161
78.48,787.933,0.24,-230.76,-100.41,3.988,-11.39,22.52,0.16,-0.0024,2.2982,12.14,25417.43,7.87,91.77,9.209,-0,-0.9997,130.36,124.35,137.67,24.98,Cornering,"Hoosier 43075 16x7.5-10 R20, 7 inch rim",20162
78.5,787.943,1.22,-227.26,-99.61,3.997,-11.1,21.92,0.09,-0.0123,2.2815,12.09,43776.43,7.87,91.75,9.248,-0,-0.9998,130.49,124.42,137.67,24.97,Cornering,"Hoosier 43075 16x7.5-10 R20, 7 inch rim",20163
78.52,787.953,1.54,-223.72,-98.73,3.996,-9.8,21.44,0.03,-0.0156,2.2661,11.99,157876.89,7.87,91.76,9.304,-0,-1,130.51,124.48,137.79,24.96,Cornering,"Hoosier 43075 16x7.5-10 R20, 7 inch rim",20164
78.49,787.963,1.87,-222.24,-97.41,3.994,-9.77,21.6,0.03,-0.0192,2.2816,11.9,157821.77,7.87,91.76,9.344,-0,-1,130.55,124.53,137.85,24.96,Cornering,"Hoosier 43075 16x7.5-10 R20, 7 inch rim",20165
78.48,787.973,1.64,-222.6,-96.31,3.988,-9.61,22.25,0.09,-0.017,2.3112,11.87,43709.58,7.88,91.78,9.374,-0,-0.9998,130.66,124.59,137.95,24.94,Cornering,"Hoosier 43075 16x7.5-10 R20, 7 inch rim",20166
78.51,787.983,0.09,-224.62,-96.11,3.984,-9.44,22.1,0.09,-0.001,2.3372,11.92,43674.89,7.87,91.81,9.407,-0,-0.9998,130.79,124.66,138.12,24.93,Cornering,"Hoosier 43075 16x7.5-10 R20, 7 inch rim",20167
78.5,787.993,-1.07,-226.62,-96.54,3.984,-9.49,22.91,0.03,0.0111,2.3474,11.99,157548.77,7.87,91.85,9.459,-0,-0.9999,130.85,124.75,138.2,24.92,Cornering,"Hoosier 43075 16x7.5-10 R20, 7 inch rim",20168
78.48,788.003,-2.81,-228.86,-97.65,3.978,-10.22,22.71,0.03,0.0288,2.3438,12.06,157535.39,7.88,91.87,9.487,-0,-0.9999,130.81,124.66,138.34,24.92,Cornering,"Hoosier 43075 16x7.5-10 R20, 7 inch rim",20169
78.5,788.013,-3.13,-230.88,-98.63,3.99,-11.55,23.41,0.03,0.0317,2.3408,12.1,157587.2,7.87,91.85,9.533,-0,-1,130.72,124.55,138.44,24.93,Cornering,"Hoosier 43075 16x7.5-10 R20, 7 inch rim",20170
78.51,788.023,-2.89,-232.5,-100.3,3.994,-11.49,23.69,0.09,0.0288,2.3182,12.08,43714.07,7.87,91.85,9.575,-0,-0.9998,130.59,124.39,138.52,24.96,Cornering,"Hoosier 43075 16x7.5-10 R20, 7 inch rim",20171
78.49,788.033,-2.18,-232.91,-101.03,3.99,-11.57,23.12,0.03,0.0216,2.3054,12.02,157803.03,7.87,91.83,9.619,-0,-1,130.55,124.39,138.66,24.97,Cornering,"Hoosier 43075 16x7.5-10 R20, 7 inch rim",20172
78.48,788.043,-1.01,-231.09,-100.92,4.001,-11.21,22.38,0.09,0.0101,2.2898,11.95,43744.32,7.87,91.86,9.653,-0,-0.9998,130.61,124.33,138.72,24.98,Cornering,"Hoosier 43075 16x7.5-10 R20, 7 inch rim",20173
78.52,788.053,0.07,-227.8,-100.27,3.988,-10.38,21.72,0.09,-0.0007,2.2719,11.92,43739.77,7.87,91.88,9.688,-0,-0.9998,130.7,124.31,138.84,24.98,Cornering,"Hoosier 43075 16x7.5-10 R20, 7 inch rim",20174
78.51,788.063,0.61,-224.06,-99.96,3.984,-8.99,20.87,0.09,-0.0061,2.2415,11.95,43701.91,7.87,91.85,9.744,-0,-0.9998,130.76,124.31,138.88,24.97,Cornering,"Hoosier 43075 16x7.5-10 R20, 7 inch rim",20175
78.48,788.073,1.15,-221.97,-98.64,3.984,-9.29,20.96,0.09,-0.0117,2.2502,12.03,43717.04,7.87,91.82,9.782,-0,-0.9998,130.87,124.35,138.9,24.98,Cornering,"Hoosier 43075 16x7.5-10 R20, 7 inch rim",20176
78.5,788.083,1.26,-221.55,-97.71,3.981,-9.16,21.51,0.09,-0.0129,2.2674,12.1,43733.3,7.87,91.77,9.812,-0,-0.9998,130.96,124.37,138.92,24.99,Cornering,"Hoosier 43075 16x7.5-10 R20, 7 inch rim",20177
78.51,788.093,0.7,-222.74,-96.67,3.99,-9.56,22.07,0.03,-0.0072,2.3042,12.12,157903.53,7.87,91.72,9.867,-0,-1,131.09,124.39,138.96,25.01,Cornering,"Hoosier 43075 16x7.5-10 R20, 7 inch rim",20178
78.49,788.103,-0.7,-225.23,-97.16,3.997,-9.25,22.43,0.09,0.0072,2.3182,12.07,43772.03,7.87,91.72,9.901,-0,-0.9998,131.22,124.37,139.13,25.02,Cornering,"Hoosier 43075 16x7.5-10 R20, 7 inch rim",20179
78.48,788.113,-2.03,-227.83,-97.01,3.981,-10.78,22.49,-0.04,0.0209,2.3485,12,-98159.41,7.87,91.71,9.931,-0,-1.0001,131.28,124.39,139.21,25.01,Cornering,"Hoosier 43075 16x7.5-10 R20, 7 inch rim",20180
78.51,788.123,-2.78,-229.44,-98.79,3.984,-10.49,22.96,0.09,0.0282,2.3224,11.95,43720.57,7.88,91.7,9.981,-0,-0.9998,131.24,124.31,139.29,25,Cornering,"Hoosier 43075 16x7.5-10 R20, 7 inch rim",20181
78.51,788.133,-2.94,-230.35,-99.6,3.99,-11.2,23.15,0.09,0.0295,2.3127,11.95,43667.14,7.87,91.69,10.001,-0,-0.9998,131.22,124.24,139.41,24.97,Cornering,"Hoosier 43075 16x7.5-10 R20, 7 inch rim",20182
78.48,788.143,-2.37,-230.42,-101.03,3.991,-10.67,22.98,0.09,0.0234,2.2807,12,43620.71,7.87,91.65,10.044,-0,-0.9998,131.15,124.22,139.55,24.94,Cornering,"Hoosier 43075 16x7.5-10 R20, 7 inch rim",20183
78.5,788.153,-1.32,-229.65,-100.69,3.988,-11.14,22.56,0.03,0.0132,2.2807,12.1,157318.75,7.87,91.66,10.089,-0,-0.9999,131.22,124.24,139.67,24.93,Cornering,"Hoosier 43075 16x7.5-10 R20, 7 inch rim",20184
78.52,788.163,0.08,-227.27,-101.09,3.985,-10.29,22.24,0.09,-0.0007,2.2483,12.19,43589.61,7.87,91.66,10.123,-0,-0.9998,131.34,124.24,139.77,24.93,Cornering,"Hoosier 43075 16x7.5-10 R20, 7 inch rim",20185
78.5,788.173,0.54,-224.08,-100.27,3.993,-10.17,21.09,0.03,-0.0053,2.2347,12.21,157310.31,7.87,91.64,10.179,-0,-0.9999,131.41,124.28,139.81,24.94,Cornering,"Hoosier 43075 16x7.5-10 R20, 7 inch rim",20186
78.48,788.183,0.99,-221.76,-99.44,3.982,-10.11,20.81,0.09,-0.0099,2.23,12.19,43587.44,7.87,91.61,10.212,-0,-0.9998,131.49,124.31,139.87,24.94,Cornering,"Hoosier 43075 16x7.5-10 R20, 7 inch rim",20187
78.5,788.193,1.37,-219.84,-98.18,3.988,-9.86,21.11,0.03,-0.014,2.2393,12.12,157245.72,7.87,91.62,10.235,-0,-0.9999,131.58,124.39,139.89,24.93,Cornering,"Hoosier 43075 16x7.5-10 R20, 7 inch rim",20188
78.52,788.203,1.04,-219.44,-97.39,3.991,-9.5,21.47,0.03,-0.0107,2.2532,12.06,157254.06,7.87,91.61,10.291,-0,-0.9999,131.73,124.44,139.93,24.94,Cornering,"Hoosier 43075 16x7.5-10 R20, 7 inch rim",20189
78.49,788.213,0.59,-220.35,-97.47,3.988,-8.98,22.52,0.09,-0.0061,2.2606,12.02,43590.84,7.87,91.62,10.332,-0,-0.9998,131.9,124.57,140.02,24.95,Cornering,"Hoosier 43075 16x7.5-10 R20, 7 inch rim",20190
78.48,788.223,-0.94,-222.28,-97.38,4,-9.84,22.63,0.09,0.0096,2.2827,12.03,43595.71,7.87,91.6,10.369,-0,-0.9998,132.07,124.61,140.1,24.96,Cornering,"Hoosier 43075 16x7.5-10 R20, 7 inch rim",20191
78.52,788.233,-2.34,-224.02,-98.48,3.987,-9.48,22.58,0.09,0.0237,2.2748,12.1,43600.16,7.87,91.61,10.409,-0,-0.9998,132.07,124.66,140.14,24.96,Cornering,"Hoosier 43075 16x7.5-10 R20, 7 inch rim",20192
78.5,788.243,-2.99,-225.39,-99.28,3.988,-10.54,22.74,0.09,0.0301,2.2703,12.19,43604.17,7.87,91.59,10.452,-0,-0.9998,132.05,124.57,140.24,24.97,Cornering,"Hoosier 43075 16x7.5-10 R20, 7 inch rim",20193
78.48,788.253,-2.95,-226.3,-101.16,3.975,-10.34,22.61,0.03,0.0292,2.2371,12.2,157372.97,7.87,91.67,10.487,-0,-0.9999,131.99,124.46,140.4,24.97,Cornering,"Hoosier 43075 16x7.5-10 R20, 7 inch rim",20194
78.5,788.263,-1.94,-226.33,-101.92,3.994,-10.79,22.69,0.09,0.0191,2.2207,12.16,43613.13,7.87,91.72,10.531,-0,-0.9998,131.97,124.44,140.48,24.98,Cornering,"Hoosier 43075 16x7.5-10 R20, 7 inch rim",20195
78.52,788.273,-1.07,-224.6,-101.78,3.987,-10.63,22.13,0.16,0.0105,2.2068,12.1,25315.84,7.87,91.76,10.578,-0,-0.9997,131.94,124.39,140.58,24.98,Cornering,"Hoosier 43075 16x7.5-10 R20, 7 inch rim",20196
78.49,788.283,-0.2,-222.61,-101.57,3.993,-10.73,21.6,0.09,0.002,2.1916,12,43590.2,7.87,91.79,10.62,-0,-0.9998,132.09,124.48,140.64,24.97,Cornering,"Hoosier 43075 16x7.5-10 R20, 7 inch rim",20197
78.49,788.293,0.48,-220.49,-100.76,3.994,-10.59,21.02,0.03,-0.0048,2.1884,11.96,157137.5,7.87,91.79,10.659,-0,-0.9999,132.18,124.48,140.68,24.95,Cornering,"Hoosier 43075 16x7.5-10 R20, 7 inch rim",20198
78.51,788.303,0.97,-218.47,-99.6,3.978,-10.23,20.93,0.03,-0.0097,2.1936,11.97,157009.97,7.87,91.79,10.693,-0,-0.9999,132.2,124.53,140.72,24.93,Cornering,"Hoosier 43075 16x7.5-10 R20, 7 inch rim",20199
78.5,788.313,0.63,-218.3,-98.08,3.99,-10.03,20.82,0.03,-0.0064,2.2258,12.03,157024.61,7.87,91.83,10.734,-0,-0.9999,132.25,124.57,140.74,24.94,Cornering,"Hoosier 43075 16x7.5-10 R20, 7 inch rim",20200
78.48,788.323,0.03,-218.91,-98.21,3.991,-8.61,21.12,0.03,-0.0004,2.2291,12.11,157258.84,7.87,91.87,10.775,-0,-0.9999,132.44,124.61,140.8,24.98,Cornering,"Hoosier 43075 16x7.5-10 R20, 7 inch rim",20201
78.5,788.333,-1.15,-220.5,-97.58,3.99,-8.77,21.39,0.09,0.0118,2.2597,12.15,43631.46,7.87,91.91,10.822,-0,-0.9998,132.5,124.61,140.92,25.01,Cornering,"Hoosier 43075 16x7.5-10 R20, 7 inch rim",20202
78.52,788.343,-2.43,-222.08,-98.03,4,-9.25,21.65,0.09,0.0248,2.2654,12.14,43645.1,7.87,91.86,10.866,-0,-0.9998,132.57,124.68,141.03,25.03,Cornering,"Hoosier 43075 16x7.5-10 R20, 7 inch rim",20203
78.49,788.353,-3.56,-223.54,-98.98,3.991,-9.59,21.67,0.16,0.036,2.2585,12.07,25335.99,7.87,91.83,10.893,-0,-0.9997,132.57,124.57,141.11,25.03,Cornering,"Hoosier 43075 16x7.5-10 R20, 7 inch rim",20204
78.48,788.363,-3.99,-225.02,-100.58,3.997,-9.98,21.81,0.09,0.0397,2.2373,11.99,43633.58,7.87,91.79,10.943,-0,-0.9998,132.5,124.46,141.19,25.03,Cornering,"Hoosier 43075 16x7.5-10 R20, 7 inch rim",20205
78.51,788.373,-3.32,-226.01,-101.87,3.99,-10.48,21.93,0.03,0.0326,2.2185,11.91,157227.59,7.87,91.78,10.969,-0,-0.9999,132.52,124.33,141.27,24.99,Cornering,"Hoosier 43075 16x7.5-10 R20, 7 inch rim",20206
78.5,788.383,-1.91,-225.68,-102.37,3.994,-10.6,21.97,0.16,0.0186,2.2044,11.92,25289.86,7.87,91.76,11.019,-0,-0.9997,132.46,124.33,141.37,25,Cornering,"Hoosier 43075 16x7.5-10 R20, 7 inch rim",20207
78.48,788.393,-0.68,-223.95,-102.15,3.985,-10.91,21.25,0.03,0.0067,2.1923,11.98,157000.31,7.87,91.76,11.052,-0,-0.9999,132.5,124.31,141.43,24.96,Cornering,"Hoosier 43075 16x7.5-10 R20, 7 inch rim",20208
78.5,788.403,0.31,-221.22,-101.4,3.994,-10.54,20.65,0.09,-0.0031,2.1818,12.06,43498.77,7.87,91.74,11.101,-0,-0.9998,132.65,124.42,141.49,24.96,Cornering,"Hoosier 43075 16x7.5-10 R20, 7 inch rim",20209
78.52,788.413,1.13,-218.34,-100.25,3.996,-10.19,20.51,0.09,-0.0113,2.178,12.11,43492.48,7.87,91.73,11.142,-0,-0.9998,132.7,124.39,141.49,24.96,Cornering,"Hoosier 43075 16x7.5-10 R20, 7 inch rim",20210
78.5,788.423,1.7,-215.45,-99.56,4.003,-8.44,20.85,0.09,-0.017,2.1639,12.11,43496.7,7.87,91.71,11.181,-0,-0.9998,132.78,124.46,141.51,24.97,Cornering,"Hoosier 43075 16x7.5-10 R20, 7 inch rim",20211
78.48,788.433,1.5,-214.85,-97.76,3.978,-8.92,21.01,0.09,-0.0153,2.1977,12.03,43481.14,7.87,91.68,11.217,-0,-0.9998,132.95,124.53,141.57,24.96,Cornering,"Hoosier 43075 16x7.5-10 R20, 7 inch rim",20212
78.51,788.443,0.52,-215.38,-97.43,3.99,-8.66,21.25,0.03,-0.0054,2.2105,11.97,156854.8,7.87,91.66,11.251,-0,-0.9999,133.06,124.59,141.53,24.96,Cornering,"Hoosier 43075 16x7.5-10 R20, 7 inch rim",20213
78.51,788.453,-0.83,-216.76,-97.55,3.987,-8.59,21.66,0.09,0.0085,2.2221,11.95,43428.92,7.87,91.63,11.294,-0,-0.9998,133.21,124.64,141.67,24.94,Cornering,"Hoosier 43075 16x7.5-10 R20, 7 inch rim",20214
78.48,788.463,-2.51,-218.92,-98.14,3.988,-9.37,21.62,0.09,0.0256,2.2307,11.96,43412.44,7.87,91.6,11.336,-0,-0.9998,133.21,124.66,141.71,24.93,Cornering,"Hoosier 43075 16x7.5-10 R20, 7 inch rim",20215
78.49,788.473,-3.13,-220.85,-100.18,3.997,-9.51,22.04,-0.04,0.0313,2.2046,12.03,-97299.88,7.87,91.61,11.384,-0,-1.0001,133.1,124.59,141.73,24.92,Cornering,"Hoosier 43075 16x7.5-10 R20, 7 inch rim",20216
78.52,788.483,-3.52,-222.75,-101.68,3.99,-9.92,21.71,0.16,0.0346,2.1906,12.09,25172.53,7.87,91.6,11.417,-0,-0.9997,133,124.48,141.85,24.92,Cornering,"Hoosier 43075 16x7.5-10 R20, 7 inch rim",20217
78.5,788.493,-2.48,-223.49,-102.37,3.99,-10.88,21.96,0.16,0.0242,2.1831,12.15,25174.9,7.87,91.61,11.456,-0,-0.9997,132.93,124.44,141.91,24.92,Cornering,"Hoosier 43075 16x7.5-10 R20, 7 inch rim",20218
78.47,788.503,-1.62,-222.56,-102.51,3.994,-10.64,21.23,0.09,0.0158,2.1711,12.15,43377.24,7.87,91.65,11.498,-0,-0.9998,132.93,124.39,141.98,24.93,Cornering,"Hoosier 43075 16x7.5-10 R20, 7 inch rim",20219
78.51,788.513,-0.28,-220.87,-102.2,3.994,-10.54,21.09,0.16,0.0027,2.1611,12.11,25179.21,7.87,91.7,11.538,-0,-0.9997,132.97,124.39,142.04,24.93,Cornering,"Hoosier 43075 16x7.5-10 R20, 7 inch rim",20220
78.51,788.523,0.68,-218,-101.16,4.003,-9.68,20.91,0.09,-0.0067,2.155,12.04,43384.39,7.87,91.72,11.581,-0,-0.9998,133.02,124.39,142.04,24.94,Cornering,"Hoosier 43075 16x7.5-10 R20, 7 inch rim",20221
78.48,788.533,1.05,-216.52,-99.64,3.997,-9.63,20.63,0.09,-0.0105,2.173,11.97,43380.1,7.87,91.74,11.608,-0,-0.9998,133.06,124.46,142.02,24.94,Cornering,"Hoosier 43075 16x7.5-10 R20, 7 inch rim",20222
78.49,788.543,0.76,-215.02,-98.36,3.993,-8.96,20.24,0.09,-0.0077,2.1861,12,43383.16,7.87,91.78,11.652,-0,-0.9998,133.12,124.48,142,24.94,Cornering,"Hoosier 43075 16x7.5-10 R20, 7 inch rim",20223
78.52,788.553,-0.12,-214.86,-98.13,3.988,-7.99,19.84,0.09,0.0012,2.1894,12.07,43396.05,7.87,91.82,11.698,-0,-0.9998,133.21,124.59,142.04,24.96,Cornering,"Hoosier 43075 16x7.5-10 R20, 7 inch rim",20224
78.5,788.563,-1.78,-216.32,-97.51,3.994,-8.73,18.87,0.03,0.0183,2.2185,12.16,156659.42,7.87,91.85,11.727,-0,-0.9999,133.38,124.68,142.1,24.97,Cornering,"Hoosier 43075 16x7.5-10 R20, 7 inch rim",20225
78.47,788.573,-4.26,-218,-98.04,3.994,-8.91,17.29,0.09,0.0434,2.2235,12.21,43446.92,7.87,91.87,11.758,-0,-0.9998,133.4,124.72,142.16,24.99,Cornering,"Hoosier 43075 16x7.5-10 R20, 7 inch rim",20226
78.5,788.583,-7.22,-220.26,-99.13,3.991,-9.41,14.79,0.03,0.0728,2.2219,12.2,156885.88,7.87,91.89,11.775,-0,-0.9999,133.34,124.7,142.2,25.01,Cornering,"Hoosier 43075 16x7.5-10 R20, 7 inch rim",20227
78.52,788.593,-10.59,-221.88,-100.65,3.993,-9.58,11.13,0.16,0.1053,2.2045,12.14,25242.69,7.87,91.9,11.801,-0,-0.9997,133.23,124.64,142.3,25.02,Cornering,"Hoosier 43075 16x7.5-10 R20, 7 inch rim",20228
78.49,788.603,-11.9,-223.16,-102.08,3.985,-10.03,9.08,0.03,0.1166,2.1861,12.06,156858.47,7.87,91.85,11.823,-0,-0.9999,133.1,124.55,142.4,25.01,Cornering,"Hoosier 43075 16x7.5-10 R20, 7 inch rim",20229
78.48,788.613,-10.75,-223.43,-102.58,3.984,-10.58,8.7,0.03,0.1048,2.1782,11.97,156677.53,7.87,91.79,11.821,-0,-0.9999,133.02,124.46,142.48,24.98,Cornering,"Hoosier 43075 16x7.5-10 R20, 7 inch rim",20230
78.51,788.623,-7.59,-221.92,-102.39,3.99,-11.03,10.36,0.09,0.0741,2.1675,11.96,43365.14,7.87,91.76,11.828,-0,-0.9998,133.08,124.5,142.56,24.95,Cornering,"Hoosier 43075 16x7.5-10 R20, 7 inch rim",20231
78.5,788.633,-5.14,-219.84,-101.49,4,-11.29,11.44,0.23,0.0506,2.1661,12,17725.7,7.87,91.73,11.84,-0,-0.9996,133.17,124.46,142.64,24.94,Cornering,"Hoosier 43075 16x7.5-10 R20, 7 inch rim",20232
78.47,788.643,-4.74,-216.9,-100.2,3.985,-10.48,10.43,0.09,0.0473,2.1646,12.06,43333.77,7.87,91.72,11.835,-0,-0.9998,133.32,124.5,142.62,24.93,Cornering,"Hoosier 43075 16x7.5-10 R20, 7 inch rim",20233
78.5,788.653,-6.01,-215.13,-99.56,4.003,-9.51,8.55,0.09,0.0604,2.1609,12.11,43322.77,7.87,91.75,11.841,-0,-0.9998,133.32,124.5,142.72,24.93,Cornering,"Hoosier 43075 16x7.5-10 R20, 7 inch rim",20234
78.52,788.663,-8.24,-214.88,-97.85,3.991,-9.61,6.45,0.09,0.0842,2.1961,12.12,43322.31,7.87,91.77,11.844,-0,-0.9998,133.4,124.57,142.7,24.93,Cornering,"Hoosier 43075 16x7.5-10 R20, 7 inch rim",20235
78.48,788.683,-10.34,-217.76,-97.69,4.007,-9.25,7.72,0.16,0.1059,2.229,11.98,25145.79,7.87,91.82,12.234,-0,-0.9997,133.7,124.68,142.86,24.93,Cornering,"Hoosier 43075 16x7.5-10 R20, 7 inch rim",20236
78.5,788.693,-9.72,-219.94,-98.78,3.985,-9.31,10.56,0.03,0.0984,2.2265,11.93,156344.52,7.87,91.8,12.229,-0,-0.9999,133.81,124.7,142.91,24.93,Cornering,"Hoosier 43075 16x7.5-10 R20, 7 inch rim",20237
78.5,788.703,-8.19,-222.58,-100.16,4.003,-10.31,14.21,0.03,0.0817,2.2222,11.94,156415.56,7.87,91.81,12.232,-0,-0.9999,133.79,124.61,143.01,24.94,Cornering,"Hoosier 43075 16x7.5-10 R20, 7 inch rim",20238
78.48,788.713,-7.27,-224.32,-101.21,3.985,-11.34,16.2,0.16,0.0718,2.2164,11.99,25182.88,7.87,91.82,12.213,-0,-0.9997,133.75,124.5,143.09,24.96,Cornering,"Hoosier 43075 16x7.5-10 R20, 7 inch rim",20239
78.49,788.723,-5.88,-224.3,-102.21,3.996,-11.43,17.78,-0.04,0.0576,2.1944,12.08,-97374.64,7.87,91.85,12.21,-0,-1.0001,133.75,124.46,143.23,24.97,Cornering,"Hoosier 43075 16x7.5-10 R20, 7 inch rim",20240
78.51,788.733,-3.44,-223.18,-102.32,3.99,-11.1,19.75,0.16,0.0337,2.1813,12.14,25213.31,7.87,91.84,12.2,-0,-0.9997,133.77,124.42,143.35,24.99,Cornering,"Hoosier 43075 16x7.5-10 R20, 7 inch rim",20241
78.49,788.743,-0.11,-220.87,-101.99,3.991,-10.52,22.02,0.03,0.001,2.1657,12.17,156652.8,7.87,91.84,12.199,-0,-0.9999,133.81,124.48,143.29,24.97,Cornering,"Hoosier 43075 16x7.5-10 R20, 7 inch rim",20242
78.47,788.753,3.04,-218.55,-101.5,3.988,-9.34,24.58,0.09,-0.0299,2.1532,12.12,43430.88,7.87,91.82,12.193,-0,-0.9998,133.96,124.48,143.31,24.98,Cornering,"Hoosier 43075 16x7.5-10 R20, 7 inch rim",20243
78.49,788.763,4.71,-217.58,-99.94,3.991,-10.18,25.88,0.23,-0.0471,2.1771,12.08,17753.8,7.87,91.84,12.186,-0,-0.9996,134.11,124.5,143.33,24.98,Cornering,"Hoosier 43075 16x7.5-10 R20, 7 inch rim",20244
78.5,788.773,5.93,-216.77,-99.08,4.01,-9.8,27.37,0.09,-0.0599,2.1878,12,43452.64,7.87,91.82,12.183,-0,-0.9998,134.2,124.53,143.31,25,Cornering,"Hoosier 43075 16x7.5-10 R20, 7 inch rim",20245
78.47,788.783,5.34,-216.87,-98.34,3.985,-9.57,27.24,0.09,-0.0543,2.2053,11.97,43451.95,7.87,91.81,12.187,-0,-0.9998,134.39,124.5,143.33,25,Cornering,"Hoosier 43075 16x7.5-10 R20, 7 inch rim",20246
78.47,788.793,4.51,-217.4,-97.55,3.985,-9.92,27.59,0.03,-0.0463,2.2285,12,156840.39,7.87,91.79,12.189,-0,-0.9999,134.58,124.5,143.33,25,Cornering,"Hoosier 43075 16x7.5-10 R20, 7 inch rim",20247
78.5,788.803,2.98,-218.79,-98,3.991,-10.33,27.38,0.03,-0.0305,2.2325,12.08,156846.2,7.87,91.77,12.179,-0,-0.9999,134.65,124.57,143.41,25,Cornering,"Hoosier 43075 16x7.5-10 R20, 7 inch rim",20248
78.47,788.813,0.75,-220.16,-99.15,4.001,-10.28,25.99,-0.04,-0.0076,2.2206,12.17,-97476.38,7.87,91.77,12.179,-0,-1.0001,134.73,124.57,143.49,25,Cornering,"Hoosier 43075 16x7.5-10 R20, 7 inch rim",20249
78.45,788.823,-1.65,-220.84,-100.19,3.993,-10.42,23.55,0.03,0.0165,2.2042,12.22,156816.47,7.87,91.79,12.167,-0,-0.9999,134.73,124.53,143.61,25,Cornering,"Hoosier 43075 16x7.5-10 R20, 7 inch rim",20250
78.48,788.833,-4.56,-221.44,-100.81,3.997,-10.85,19.39,0.03,0.0452,2.1967,12.21,156854.48,7.87,91.79,12.164,-0,-0.9999,134.63,124.39,143.79,25,Cornering,"Hoosier 43075 16x7.5-10 R20, 7 inch rim",20251
78.48,788.843,-6.99,-221.33,-101.71,3.985,-10.53,14.68,0.03,0.0687,2.1761,12.14,156789.2,7.87,91.79,12.151,-0,-0.9999,134.61,124.31,143.88,24.99,Cornering,"Hoosier 43075 16x7.5-10 R20, 7 inch rim",20252
78.46,788.853,-8.55,-220.37,-102.47,3.996,-9.48,10.45,0.03,0.0834,2.1506,12.06,156764.41,7.87,91.81,12.131,-0,-0.9999,134.58,124.31,144,24.98,Cornering,"Hoosier 43075 16x7.5-10 R20, 7 inch rim",20253
78.45,788.863,-9.03,-219.44,-102.03,3.99,-10.13,7.11,0.03,0.0885,2.1508,12,156597.39,7.87,91.82,12.106,-0,-0.9999,134.65,124.28,144.1,24.96,Cornering,"Hoosier 43075 16x7.5-10 R20, 7 inch rim",20254
78.48,788.873,-9.32,-217.29,-101.11,3.985,-9.59,4.64,0.16,0.0921,2.1491,12.02,25178.2,7.87,91.86,12.074,-0,-0.9997,134.69,124.28,144.14,24.94,Cornering,"Hoosier 43075 16x7.5-10 R20, 7 inch rim",20255
78.47,788.883,-10.84,-216.62,-100.01,3.996,-9.94,1.77,0.09,0.1084,2.1659,12.08,43384.3,7.87,91.86,12.043,-0,-0.9998,134.71,124.35,144.18,24.94,Cornering,"Hoosier 43075 16x7.5-10 R20, 7 inch rim",20256
78.44,788.893,-13.18,-216.83,-98.87,3.99,-10.23,-0.83,0.03,0.1333,2.193,12.16,156538.23,7.87,91.87,12.018,-0,-0.9999,134.82,124.44,144.22,24.94,Cornering,"Hoosier 43075 16x7.5-10 R20, 7 inch rim",20257
78.46,788.903,-15.23,-217.59,-98.47,3.979,-10.05,-1.96,0.09,0.1547,2.2097,12.22,43426.07,7.87,91.85,11.97,-0,-0.9998,134.91,124.5,144.18,24.96,Cornering,"Hoosier 43075 16x7.5-10 R20, 7 inch rim",20258
78.47,788.913,-16.07,-218.91,-97.82,3.987,-10.72,-0.66,0.03,0.1642,2.2379,12.22,156696.2,7.87,91.82,11.932,-0,-0.9999,135.01,124.59,144.24,24.96,Cornering,"Hoosier 43075 16x7.5-10 R20, 7 inch rim",20259
78.44,788.923,-14.53,-220.29,-97.85,3.979,-11.28,3.68,0.03,0.1485,2.2513,12.16,156719.67,7.87,91.77,11.891,-0,-0.9999,135.12,124.61,144.22,24.96,Cornering,"Hoosier 43075 16x7.5-10 R20, 7 inch rim",20260
78.45,788.933,-11.13,-221.95,-99.16,3.987,-10.72,9.74,0.03,0.1123,2.2383,12.06,156717.11,7.87,91.74,11.831,-0,-0.9999,135.1,124.55,144.26,24.95,Cornering,"Hoosier 43075 16x7.5-10 R20, 7 inch rim",20261
78.47,788.943,-7.58,-223.01,-100,3.99,-11.01,15.33,-0.04,0.0758,2.2301,12.02,-97454.34,7.87,91.71,11.793,-0,-1.0001,135.12,124.44,144.32,24.96,Cornering,"Hoosier 43075 16x7.5-10 R20, 7 inch rim",20262
78.46,788.953,-4.84,-223.56,-101.54,3.997,-10.5,18.87,0.09,0.0476,2.2016,12.01,43450.37,7.87,91.69,11.749,-0,-0.9998,135.12,124.35,144.44,24.96,Cornering,"Hoosier 43075 16x7.5-10 R20, 7 inch rim",20263
78.43,788.963,-3.06,-223.68,-101.63,3.988,-11.06,20.14,0.03,0.0301,2.2009,12.06,156909.44,7.87,91.7,11.682,-0,-0.9999,135.12,124.37,144.52,24.97,Cornering,"Hoosier 43075 16x7.5-10 R20, 7 inch rim",20264
78.45,788.973,-0.87,-222.4,-102.06,3.985,-10.36,21.65,0.09,0.0085,2.179,12.14,43518.24,7.87,91.69,11.636,-0,-0.9998,135.16,124.37,144.58,24.98,Cornering,"Hoosier 43075 16x7.5-10 R20, 7 inch rim",20265
78.47,788.983,1.57,-220.74,-101.26,3.985,-10.71,23.31,0.03,-0.0155,2.1799,12.17,157100.27,7.87,91.68,11.6,-0,-0.9999,135.21,124.44,144.62,24.99,Cornering,"Hoosier 43075 16x7.5-10 R20, 7 inch rim",20266
78.44,788.993,4.62,-218.83,-99.97,3.991,-11.17,26.16,0.16,-0.0462,2.1889,12.15,25253.71,7.87,91.68,11.562,-0,-0.9997,135.33,124.5,144.66,24.97,Cornering,"Hoosier 43075 16x7.5-10 R20, 7 inch rim",20267
78.43,789.003,6.63,-217.04,-98.76,3.991,-10.55,28.46,-0.04,-0.0672,2.1976,12.07,-97641.91,7.87,91.69,11.511,-0,-1.0001,135.46,124.55,144.7,24.98,Cornering,"Hoosier 43075 16x7.5-10 R20, 7 inch rim",20268
78.45,789.013,6.68,-216.99,-97.73,4.001,-10.97,29.24,0.03,-0.0684,2.2203,11.99,157060.77,7.87,91.69,11.473,-0,-0.9999,135.57,124.68,144.76,24.97,Cornering,"Hoosier 43075 16x7.5-10 R20, 7 inch rim",20269
78.45,789.023,5.48,-216.95,-97.27,3.985,-10.11,29.44,0.16,-0.0563,2.2303,11.93,25258.91,7.87,91.74,11.436,-0,-0.9997,135.76,124.72,144.76,24.97,Cornering,"Hoosier 43075 16x7.5-10 R20, 7 inch rim",20270
78.42,789.033,3.05,-218.53,-97.67,3.998,-9.53,28.66,0.03,-0.0312,2.2375,11.92,157174.88,7.87,91.75,11.397,-0,-0.9999,135.85,124.72,144.87,24.98,Cornering,"Hoosier 43075 16x7.5-10 R20, 7 inch rim",20271
78.44,789.043,1.47,-220.51,-98.32,3.998,-9.67,28.63,0.09,-0.0149,2.2429,11.96,43547.38,7.87,91.8,11.377,-0,-0.9998,135.83,124.75,144.99,24.98,Cornering,"Hoosier 43075 16x7.5-10 R20, 7 inch rim",20272
78.46,789.053,0.55,-222.74,-99.51,3.991,-9.86,28.39,0.09,-0.0055,2.2384,12.04,43575.29,7.87,91.83,11.325,-0,-0.9998,135.85,124.64,145.13,24.99,Cornering,"Hoosier 43075 16x7.5-10 R20, 7 inch rim",20273
78.43,789.063,0.51,-224.56,-100.94,4.001,-9.66,28.37,0.03,-0.005,2.2247,12.1,157260.73,7.87,91.85,11.305,-0,-0.9999,135.81,124.5,145.33,24.99,Cornering,"Hoosier 43075 16x7.5-10 R20, 7 inch rim",20274
78.42,789.073,1.36,-226.36,-101.47,3.991,-10.77,28,0.09,-0.0134,2.2307,12.12,43564.66,7.87,91.86,11.261,-0,-0.9998,135.81,124.42,145.49,24.98,Cornering,"Hoosier 43075 16x7.5-10 R20, 7 inch rim",20275
78.44,789.083,1.37,-226.28,-102.27,3.988,-9.87,25.93,0.09,-0.0134,2.2126,12.07,43560.26,7.87,91.87,11.222,-0,-0.9998,135.76,124.46,145.61,24.97,Cornering,"Hoosier 43075 16x7.5-10 R20, 7 inch rim",20276
78.45,789.093,1.13,-225.37,-101.77,3.985,-10.27,23.4,0.03,-0.0111,2.2145,12,157137.98,7.87,91.89,11.194,-0,-0.9999,135.81,124.44,145.71,24.96,Cornering,"Hoosier 43075 16x7.5-10 R20, 7 inch rim",20277
78.41,789.103,0.87,-223.41,-101.01,3.99,-10.44,21.16,0.09,-0.0086,2.2118,11.92,43520.23,7.87,91.93,11.151,-0,-0.9998,135.83,124.48,145.75,24.94,Cornering,"Hoosier 43075 16x7.5-10 R20, 7 inch rim",20278
78.42,789.113,0.62,-221.63,-99.59,3.991,-10.44,19.76,0.09,-0.0063,2.2255,11.91,43503.78,7.87,91.98,11.125,-0,-0.9998,135.85,124.53,145.82,24.93,Cornering,"Hoosier 43075 16x7.5-10 R20, 7 inch rim",20279
78.45,789.123,-0.46,-220.15,-97.95,3.982,-10.77,18.13,0.03,0.0047,2.2475,11.97,157015.98,7.87,92.03,11.079,-0,-0.9999,135.89,124.59,145.79,24.93,Cornering,"Hoosier 43075 16x7.5-10 R20, 7 inch rim",20280
78.43,789.133,-2.02,-219.11,-98.08,4,-8.77,17.12,0.03,0.0206,2.2338,12.05,156990.75,7.87,92.02,11.058,-0,-0.9999,136.04,124.7,145.77,24.93,Cornering,"Hoosier 43075 16x7.5-10 R20, 7 inch rim",20281
78.4,789.143,-4.24,-219.57,-97.89,3.996,-8.39,16.19,0.16,0.0433,2.243,12.12,25247.16,7.87,92.01,11.025,-0,-0.9997,136.13,124.75,145.9,24.92,Cornering,"Hoosier 43075 16x7.5-10 R20, 7 inch rim",20282
78.44,789.153,-5.69,-220.44,-98,3.984,-8.09,16.24,0.09,0.058,2.2495,12.14,43535.71,7.87,91.97,10.974,-0,-0.9998,136.26,124.81,146,24.94,Cornering,"Hoosier 43075 16x7.5-10 R20, 7 inch rim",20283
78.44,789.163,-7.12,-222.3,-98.7,3.99,-9.03,16.05,0.03,0.0721,2.2524,12.11,157127.17,7.87,91.9,10.936,-0,-0.9999,136.24,124.81,146.06,24.94,Cornering,"Hoosier 43075 16x7.5-10 R20, 7 inch rim",20284
78.41,789.173,-7.67,-224.11,-100.14,3.997,-9.81,16.28,0.16,0.0766,2.2381,12.05,25267.88,7.87,91.85,10.917,-0,-0.9997,136.17,124.68,146.14,24.93,Cornering,"Hoosier 43075 16x7.5-10 R20, 7 inch rim",20285
78.42,789.183,-7.63,-225.55,-101.25,3.984,-10.78,16.13,0.09,0.0753,2.2277,11.99,43562.25,7.87,91.79,10.86,-0,-0.9998,136.09,124.61,146.28,24.94,Cornering,"Hoosier 43075 16x7.5-10 R20, 7 inch rim",20286
78.44,789.193,-6.52,-226.46,-102.25,3.993,-11.36,16.22,0.03,0.0637,2.2148,11.97,157299.48,7.87,91.74,10.814,-0,-0.9999,136.04,124.61,146.4,24.96,Cornering,"Hoosier 43075 16x7.5-10 R20, 7 inch rim",20287
78.43,789.203,-5.11,-225.19,-102.07,3.984,-11.43,16.18,0.03,0.0501,2.2061,12.02,157402.59,7.87,91.72,10.755,-0,-0.9999,136.11,124.59,146.38,24.97,Cornering,"Hoosier 43075 16x7.5-10 R20, 7 inch rim",20288
78.4,789.213,-3.43,-223.35,-101.42,3.979,-11.41,16.53,0.16,0.0339,2.2023,12.1,25337.19,7.87,91.69,10.718,-0,-0.9997,136.17,124.59,146.44,24.98,Cornering,"Hoosier 43075 16x7.5-10 R20, 7 inch rim",20289
78.43,789.223,-2.09,-220.93,-100.64,3.985,-11.26,17.25,-0.04,0.0208,2.1953,12.22,-98004.25,7.87,91.7,10.682,-0,-1.0001,136.21,124.66,146.5,25,Cornering,"Hoosier 43075 16x7.5-10 R20, 7 inch rim",20290
78.44,789.233,-0.6,-218.23,-99.65,3.997,-9.98,18.75,0.03,0.006,2.1899,12.26,157680.03,7.87,91.71,10.641,-0,-1,136.3,124.72,146.54,25,Cornering,"Hoosier 43075 16x7.5-10 R20, 7 inch rim",20291
78.4,789.243,0.54,-216.54,-98.65,3.988,-8.86,20.92,0.3,-0.0055,2.195,12.27,13781.75,7.87,91.72,10.599,-0,-0.9994,136.47,124.77,146.58,24.98,Cornering,"Hoosier 43075 16x7.5-10 R20, 7 inch rim",20292
78.4,789.253,0.78,-216.16,-97.7,3.994,-8.71,22.85,0.03,-0.008,2.2125,12.21,157544.03,7.87,91.71,10.548,-0,-1,136.62,124.81,146.56,24.97,Cornering,"Hoosier 43075 16x7.5-10 R20, 7 inch rim",20293
78.44,789.263,0.5,-217.08,-97.98,3.996,-8.15,24.86,0.16,-0.0051,2.2156,12.12,25336.71,7.87,91.67,10.506,-0,-0.9997,136.79,124.86,146.6,24.97,Cornering,"Hoosier 43075 16x7.5-10 R20, 7 inch rim",20294
78.42,789.273,0.02,-219.41,-98.44,3.997,-9.39,26.31,0.16,-0.0002,2.2289,12.06,25352.02,7.87,91.63,10.462,-0,-0.9997,136.82,124.81,146.7,24.98,Cornering,"Hoosier 43075 16x7.5-10 R20, 7 inch rim",20295
78.4,789.283,-0.37,-221.46,-100.02,3.99,-9.54,27.46,0.03,0.0037,2.2142,12.06,157710.05,7.87,91.59,10.435,-0,-1,136.86,124.77,146.76,24.99,Cornering,"Hoosier 43075 16x7.5-10 R20, 7 inch rim",20296
78.41,789.293,-0.24,-224.98,-101.59,3.998,-11.12,27.86,0.03,0.0024,2.2147,12.11,157844.56,7.87,91.54,10.385,-0,-1,136.75,124.59,146.93,25.01,Cornering,"Hoosier 43075 16x7.5-10 R20, 7 inch rim",20297
78.44,789.303,0.54,-227.09,-102.35,3.993,-11.68,27.72,0.09,-0.0053,2.2189,12.19,43744.36,7.87,91.51,10.353,-0,-0.9998,136.66,124.55,146.97,25.01,Cornering,"Hoosier 43075 16x7.5-10 R20, 7 inch rim",20298
78.4,789.313,1.67,-227.99,-102.75,3.993,-11.42,27.18,0.03,-0.0163,2.2189,12.23,157835.44,7.87,91.5,10.329,-0,-1,136.62,124.53,147.05,25,Cornering,"Hoosier 43075 16x7.5-10 R20, 7 inch rim",20299
78.4,789.323,2.02,-227.37,-102.14,3.984,-11.67,25.26,0.23,-0.0198,2.2261,12.23,17889.84,7.87,91.49,10.277,-0,-0.9996,136.66,124.57,147.11,25.01,Cornering,"Hoosier 43075 16x7.5-10 R20, 7 inch rim",20300
78.43,789.333,1.98,-225.12,-101.37,3.994,-10.65,23.33,-0.04,-0.0195,2.2207,12.16,-98091.46,7.87,91.48,10.253,-0,-1.0001,136.66,124.59,147.11,24.99,Cornering,"Hoosier 43075 16x7.5-10 R20, 7 inch rim",20301
78.42,789.343,0.99,-222.85,-99.74,3.985,-10.44,21.1,0.23,-0.0099,2.2342,12.08,17876.96,7.87,91.47,10.21,-0,-0.9996,136.71,124.64,147.11,24.98,Cornering,"Hoosier 43075 16x7.5-10 R20, 7 inch rim",20302
78.39,789.353,0.82,-220.78,-98.71,4,-9.31,20.71,0.03,-0.0083,2.2368,12.02,157652.36,7.87,91.51,10.178,-0,-1,136.69,124.61,147.11,24.96,Cornering,"Hoosier 43075 16x7.5-10 R20, 7 inch rim",20303
78.41,789.363,-0.24,-219.68,-97.84,3.984,-8.39,19.88,0.09,0.0025,2.2453,12,43682.38,7.87,91.53,10.135,-0,-0.9998,136.84,124.7,147.07,24.96,Cornering,"Hoosier 43075 16x7.5-10 R20, 7 inch rim",20304
78.44,789.373,-2.06,-219.75,-97.72,4,-7.77,19.32,-0.04,0.0211,2.2488,12.03,-98003.43,7.87,91.54,10.091,-0,-1.0001,136.97,124.75,147.11,24.96,Cornering,"Hoosier 43075 16x7.5-10 R20, 7 inch rim",20305
78.41,789.383,-4.58,-221.27,-97.83,3.993,-8.68,18.12,0.09,0.0468,2.2618,12.11,43662,7.87,91.53,10.06,-0,-0.9998,137.12,124.7,147.13,24.94,Cornering,"Hoosier 43075 16x7.5-10 R20, 7 inch rim",20306
78.39,789.393,-6.25,-223.65,-99.08,3.982,-9.26,17.74,0.03,0.0631,2.2573,12.17,157655.84,7.87,91.5,10.018,-0,-1,137.09,124.68,147.21,24.95,Cornering,"Hoosier 43075 16x7.5-10 R20, 7 inch rim",20307
78.41,789.403,-7.17,-226.25,-100.41,3.991,-10.1,17.58,0.16,0.0714,2.2532,12.19,25353.42,7.87,91.55,9.991,-0,-0.9997,137.05,124.59,147.25,24.94,Cornering,"Hoosier 43075 16x7.5-10 R20, 7 inch rim",20308
78.43,789.413,-6.93,-228.09,-101.29,3.997,-10.9,17.56,0.03,0.0684,2.2518,12.14,157619.12,7.87,91.57,9.941,-0,-1,137.03,124.5,147.37,24.94,Cornering,"Hoosier 43075 16x7.5-10 R20, 7 inch rim",20309
78.4,789.423,-5.79,-229.22,-102.31,3.985,-11.2,17.79,0.09,0.0566,2.2404,12.08,43672.28,7.87,91.63,9.903,-0,-0.9998,136.9,124.48,147.47,24.93,Cornering,"Hoosier 43075 16x7.5-10 R20, 7 inch rim",20310
78.4,789.433,-4.28,-228.43,-102.24,3.981,-11.11,17.8,0.09,0.0418,2.2343,11.97,43658.28,7.87,91.64,9.855,-0,-0.9998,136.92,124.5,147.51,24.92,Cornering,"Hoosier 43075 16x7.5-10 R20, 7 inch rim",20311
78.42,789.443,-2.57,-226.78,-101.36,3.982,-11.08,18.4,0.09,0.0254,2.2373,11.92,43695.38,7.87,91.69,9.803,-0,-0.9998,137.01,124.55,147.51,24.94,Cornering,"Hoosier 43075 16x7.5-10 R20, 7 inch rim",20312
78.4,789.453,-1.5,-224.39,-100.7,3.998,-10.46,18.76,0.09,0.0149,2.2283,11.94,43731.91,7.87,91.69,9.756,-0,-0.9998,137.05,124.57,147.51,24.96,Cornering,"Hoosier 43075 16x7.5-10 R20, 7 inch rim",20313
78.39,789.463,-0.79,-221.05,-99.1,3.994,-9.68,19.5,-0.04,0.008,2.2305,12,-98248.3,7.87,91.72,9.72,-0,-1.0001,137.12,124.61,147.51,24.99,Cornering,"Hoosier 43075 16x7.5-10 R20, 7 inch rim",20314
78.41,789.473,-0.27,-219.51,-98.37,3.987,-8.92,20.82,0.09,0.0027,2.2315,12.1,43843.18,7.87,91.74,9.68,-0,-0.9998,137.22,124.66,147.55,25.01,Cornering,"Hoosier 43075 16x7.5-10 R20, 7 inch rim",20315
78.42,789.483,0.04,-219.46,-97.07,3.993,-9.13,22.57,-0.04,-0.0004,2.2609,12.13,-98342.8,7.87,91.78,9.629,-0,-1.0001,137.44,124.72,147.53,25.01,Cornering,"Hoosier 43075 16x7.5-10 R20, 7 inch rim",20316
78.39,789.493,-0.32,-220.83,-97.74,3.996,-8.01,23.99,0.09,0.0032,2.2594,12.1,43853.71,7.87,91.81,9.597,-0,-0.9998,137.59,124.77,147.63,25.01,Cornering,"Hoosier 43075 16x7.5-10 R20, 7 inch rim",20317
78.4,789.503,-0.51,-223.62,-97.71,3.99,-9.25,25.79,0.16,0.0052,2.2885,12.03,25444.89,7.87,91.82,9.554,-0,-0.9997,137.63,124.75,147.73,25,Cornering,"Hoosier 43075 16x7.5-10 R20, 7 inch rim",20318
78.43,789.513,-1.19,-226.74,-99.58,3.982,-9.72,26.35,0.09,0.0119,2.2769,11.94,43865.39,7.87,91.82,9.504,-0,-0.9998,137.54,124.68,147.82,25.01,Cornering,"Hoosier 43075 16x7.5-10 R20, 7 inch rim",20319
78.42,789.523,-0.79,-229.98,-100.9,3.994,-10.77,27.15,0.03,0.0078,2.2793,11.92,158383.75,7.87,91.82,9.474,-0,-1,137.52,124.61,147.9,25.03,Cornering,"Hoosier 43075 16x7.5-10 R20, 7 inch rim",20320
78.39,789.533,-0.35,-232.27,-101.49,3.991,-11.55,26.85,0.03,0.0034,2.2886,11.93,158473.83,7.87,91.78,9.437,-0,-1,137.39,124.53,148.04,25.04,Cornering,"Hoosier 43075 16x7.5-10 R20, 7 inch rim",20321
78.4,789.543,0.54,-233.72,-102,3.974,-11.57,26.09,0.09,-0.0053,2.2913,12,43908.53,7.88,91.78,9.402,-0,-0.9998,137.39,124.53,148.08,25.03,Cornering,"Hoosier 43075 16x7.5-10 R20, 7 inch rim",20322
78.43,789.553,1.01,-232.56,-101.4,3.988,-11.17,24.46,0.09,-0.01,2.2935,12.09,43872.8,7.87,91.77,9.362,-0,-0.9998,137.35,124.53,148.1,25.01,Cornering,"Hoosier 43075 16x7.5-10 R20, 7 inch rim",20323
78.39,789.563,1.08,-229.78,-100.49,3.982,-10.23,22.7,0.03,-0.0108,2.2867,12.14,158229.97,7.87,91.82,9.325,-0,-1,137.44,124.55,148.08,24.99,Cornering,"Hoosier 43075 16x7.5-10 R20, 7 inch rim",20324
78.39,789.573,1.23,-227.07,-99.51,3.99,-9.8,21.6,0.09,-0.0124,2.2819,12.12,43800.56,7.87,91.8,9.288,-0,-0.9998,137.46,124.48,148.08,24.96,Cornering,"Hoosier 43075 16x7.5-10 R20, 7 inch rim",20325
78.42,789.583,0.84,-224.5,-98.12,3.99,-8.68,20.88,0.16,-0.0086,2.288,12.06,25424.52,7.87,91.77,9.262,-0,-0.9997,137.54,124.61,148.12,24.96,Cornering,"Hoosier 43075 16x7.5-10 R20, 7 inch rim",20326
78.41,789.593,0.12,-224.3,-96.85,3.996,-8.79,20.64,0.03,-0.0013,2.3159,11.98,158019.55,7.87,91.76,9.219,-0,-1,137.63,124.75,148.08,24.95,Cornering,"Hoosier 43075 16x7.5-10 R20, 7 inch rim",20327
78.39,789.603,-1.5,-225.49,-96.47,3.978,-8.35,20.3,0.16,0.0155,2.3376,11.94,25430.85,7.88,91.76,9.172,-0,-0.9997,137.95,124.77,148.08,24.96,Cornering,"Hoosier 43075 16x7.5-10 R20, 7 inch rim",20328
78.41,789.613,-3.61,-227.8,-97.49,3.987,-8.51,19.78,-0.04,0.037,2.3365,11.96,-98251.93,7.87,91.73,9.132,-0,-1.0001,138.02,124.79,148.16,24.95,Cornering,"Hoosier 43075 16x7.5-10 R20, 7 inch rim",20329
78.42,789.623,-5.35,-230.14,-97.99,3.994,-9.72,19.64,-0.04,0.0546,2.3486,12.04,-98216.25,7.87,91.7,9.094,-0,-1.0001,137.93,124.83,148.18,24.94,Cornering,"Hoosier 43075 16x7.5-10 R20, 7 inch rim",20330
78.4,789.633,-6.59,-232.04,-99.36,3.982,-10.56,19.11,0.09,0.0663,2.3352,12.13,43797.07,7.87,91.71,9.063,-0,-0.9998,137.84,124.7,148.28,24.94,Cornering,"Hoosier 43075 16x7.5-10 R20, 7 inch rim",20331
78.39,789.643,-6.6,-233.63,-101.3,3.984,-10.82,18.92,0.09,0.0652,2.3065,12.19,43820.99,7.87,91.69,9.033,-0,-0.9998,137.8,124.64,148.34,24.96,Cornering,"Hoosier 43075 16x7.5-10 R20, 7 inch rim",20332
78.42,789.653,-5.81,-233.62,-101.81,3.987,-11.26,18.67,0.09,0.057,2.2947,12.21,43837.92,7.87,91.67,8.976,-0,-0.9998,137.74,124.57,148.44,24.96,Cornering,"Hoosier 43075 16x7.5-10 R20, 7 inch rim",20333
78.41,789.663,-3.88,-232.22,-101.6,3.987,-10.94,19.2,-0.04,0.0381,2.2857,12.14,-98442.16,7.87,91.67,8.931,-0,-1.0001,137.69,124.66,148.44,24.98,Cornering,"Hoosier 43075 16x7.5-10 R20, 7 inch rim",20334
78.39,789.673,-2.26,-230.39,-100.75,3.982,-10.99,19.42,0.16,0.0224,2.2869,12.1,25474.64,7.87,91.68,8.878,-0,-0.9997,137.72,124.7,148.4,24.98,Cornering,"Hoosier 43075 16x7.5-10 R20, 7 inch rim",20335
78.4,789.683,-0.96,-228.18,-99.77,3.998,-9.92,19.77,0.09,0.0096,2.287,12,43902.05,7.87,91.69,8.862,-0,-0.9998,137.8,124.75,148.38,24.99,Cornering,"Hoosier 43075 16x7.5-10 R20, 7 inch rim",20336
78.43,789.693,-0.08,-226.4,-98.13,3.994,-9.94,20.36,0.09,0.0008,2.3071,12,43909.52,7.87,91.68,8.798,-0,-0.9998,137.78,124.77,148.42,24.99,Cornering,"Hoosier 43075 16x7.5-10 R20, 7 inch rim",20337
78.4,789.703,0.25,-226.11,-97.13,3.985,-9.71,21.13,0.16,-0.0026,2.328,12.03,25511.79,7.87,91.69,8.765,-0,-0.9997,137.95,124.81,148.4,25.01,Cornering,"Hoosier 43075 16x7.5-10 R20, 7 inch rim",20338
78.38,789.713,-0.01,-226.57,-97.64,3.993,-8.11,22.24,0.03,0.0001,2.3204,12.11,158743.67,7.87,91.65,8.725,-0,-1,138.04,124.86,148.44,25.03,Cornering,"Hoosier 43075 16x7.5-10 R20, 7 inch rim",20339
78.41,789.723,-1.05,-228.44,-97.28,3.987,-8.93,23.23,0.16,0.0108,2.3482,12.18,25528.76,7.87,91.62,8.688,-0,-0.9997,138.3,124.86,148.42,25.03,Cornering,"Hoosier 43075 16x7.5-10 R20, 7 inch rim",20340
78.41,789.733,-1.63,-230.58,-98.06,3.987,-9.7,24.66,0.03,0.0166,2.3515,12.19,158563.09,7.87,91.57,8.628,-0,-1,138.34,124.88,148.5,25,Cornering,"Hoosier 43075 16x7.5-10 R20, 7 inch rim",20341
78.39,789.743,-2.23,-233.07,-98.92,3.998,-10.91,25.61,-0.04,0.0225,2.3561,12.14,-98458.14,7.87,91.52,8.603,-0,-1.0001,138.25,124.81,148.5,24.97,Cornering,"Hoosier 43075 16x7.5-10 R20, 7 inch rim",20342
78.4,789.753,-2.06,-235.13,-100.09,3.985,-11.81,26.33,0.09,0.0206,2.3492,12.06,43877.35,7.87,91.48,8.543,-0,-0.9998,138.12,124.61,148.6,24.96,Cornering,"Hoosier 43075 16x7.5-10 R20, 7 inch rim",20343
78.42,789.763,-1.05,-236.01,-101.12,3.988,-11.77,26.68,0.16,0.0104,2.334,11.96,25486.23,7.87,91.44,8.525,-0,-0.9997,138.04,124.55,148.58,24.97,Cornering,"Hoosier 43075 16x7.5-10 R20, 7 inch rim",20344
78.4,789.773,-0.38,-235.33,-101.99,3.99,-10.78,25.92,0.09,0.0037,2.3075,11.9,43955.55,7.87,91.44,8.482,-0,-0.9998,137.97,124.5,148.64,25,Cornering,"Hoosier 43075 16x7.5-10 R20, 7 inch rim",20345
78.38,789.783,0.38,-233.46,-101.36,3.981,-10.11,24.81,0.03,-0.0038,2.3032,11.91,158821.05,7.87,91.46,8.444,-0,-1,138,124.48,148.58,25.03,Cornering,"Hoosier 43075 16x7.5-10 R20, 7 inch rim",20346
78.41,789.793,0.92,-231.39,-100.52,3.997,-9.69,23.84,0.03,-0.0092,2.302,11.96,158872.12,7.87,91.48,8.409,-0,-1,138.12,124.57,148.54,25.03,Cornering,"Hoosier 43075 16x7.5-10 R20, 7 inch rim",20347
78.42,789.803,1.05,-229.11,-99.4,3.994,-9.06,22.8,0.09,-0.0105,2.3051,12.06,44028.75,7.87,91.5,8.373,-0,-0.9998,138.21,124.57,148.48,25.03,Cornering,"Hoosier 43075 16x7.5-10 R20, 7 inch rim",20348
78.39,789.813,0.88,-228.11,-98.12,3.994,-9.48,22.34,0.16,-0.009,2.3248,12.12,25534.3,7.87,91.51,8.328,-0,-0.9997,138.34,124.66,148.48,25.01,Cornering,"Hoosier 43075 16x7.5-10 R20, 7 inch rim",20349
78.4,789.823,0.12,-227.39,-96.88,3.988,-9.55,22.14,0.09,-0.0013,2.3471,12.13,43987.46,7.87,91.53,8.284,-0,-0.9998,138.49,124.77,148.38,25,Cornering,"Hoosier 43075 16x7.5-10 R20, 7 inch rim",20350
78.43,789.833,-1.23,-228.16,-96.59,3.981,-9.89,22.22,0.03,0.0127,2.3622,12.08,158712.86,7.87,91.56,8.253,-0,-1,138.66,124.72,148.42,25,Cornering,"Hoosier 43075 16x7.5-10 R20, 7 inch rim",20351
78.41,789.843,-2.77,-229.12,-97.2,3.997,-9.72,22.38,0.03,0.0285,2.3571,12,158760.83,7.87,91.54,8.224,-0,-1,138.75,124.79,148.4,25,Cornering,"Hoosier 43075 16x7.5-10 R20, 7 inch rim",20352
78.39,789.853,-4.48,-230.78,-98.05,3.997,-10.53,22.09,0.09,0.0457,2.3536,11.93,43988.68,7.87,91.6,8.178,-0,-0.9998,138.7,124.77,148.44,25,Cornering,"Hoosier 43075 16x7.5-10 R20, 7 inch rim",20353
78.41,789.863,-5.85,-232.25,-99.61,3.998,-10.78,21.39,0.03,0.0587,2.3315,11.93,158792.95,7.87,91.64,8.141,-0,-1,138.6,124.66,148.48,25,Cornering,"Hoosier 43075 16x7.5-10 R20, 7 inch rim",20354
78.43,789.873,-5.98,-233.38,-100.96,3.991,-10.85,20.92,-0.11,0.0593,2.3115,12.01,-37655.07,7.87,91.69,8.106,-0,-1.0002,138.49,124.57,148.54,25,Cornering,"Hoosier 43075 16x7.5-10 R20, 7 inch rim",20355
78.4,789.883,-4.91,-233.01,-101.77,3.99,-10.64,20.74,0.03,0.0483,2.2896,12.09,158789.55,7.87,91.71,8.054,-0,-1,138.34,124.46,148.56,25,Cornering,"Hoosier 43075 16x7.5-10 R20, 7 inch rim",20356
78.4,789.893,-3.62,-232.08,-102.05,3.997,-10.17,20.24,0.16,0.0354,2.2741,12.15,25530.79,7.87,91.72,8.003,-0,-0.9997,138.38,124.5,148.54,24.98,Cornering,"Hoosier 43075 16x7.5-10 R20, 7 inch rim",20357
78.44,789.903,-2.56,-229.9,-101.18,3.984,-9.99,19.69,0.09,0.0253,2.2722,12.17,43969.82,7.87,91.72,7.97,-0,-0.9998,138.42,124.5,148.46,24.97,Cornering,"Hoosier 43075 16x7.5-10 R20, 7 inch rim",20358
78.42,789.913,-0.88,-228.09,-99.95,3.979,-10.03,20.33,0.09,0.0088,2.2822,12.11,43963.33,7.87,91.72,7.935,-0,-0.9998,138.55,124.48,148.42,24.97,Cornering,"Hoosier 43075 16x7.5-10 R20, 7 inch rim",20359
78.4,789.923,0.32,-227.07,-99.45,3.99,-9.58,21.27,0.09,-0.0032,2.2832,12.06,43977.98,7.87,91.72,7.892,-0,-0.9998,138.55,124.46,148.36,24.97,Cornering,"Hoosier 43075 16x7.5-10 R20, 7 inch rim",20360
78.42,789.933,0.46,-226.88,-98.4,4.003,-9.64,22.08,0.16,-0.0047,2.3057,12.01,25522.66,7.87,91.74,7.843,-0,-0.9997,138.66,124.5,148.32,24.97,Cornering,"Hoosier 43075 16x7.5-10 R20, 7 inch rim",20361
78.44,789.943,-0.16,-227.14,-97.88,3.979,-9.75,22.88,0.16,0.0016,2.3206,12.02,25530.54,7.87,91.77,7.81,-0,-0.9997,138.85,124.57,148.34,24.97,Cornering,"Hoosier 43075 16x7.5-10 R20, 7 inch rim",20362
78.41,789.953,-1.49,-227.81,-97.95,3.994,-9.62,23.57,-0.04,0.0152,2.3258,12.08,-98728.05,7.87,91.74,7.766,-0,-1.0001,138.96,124.53,148.34,24.98,Cornering,"Hoosier 43075 16x7.5-10 R20, 7 inch rim",20363
78.41,789.963,-2.7,-228.82,-98.77,3.985,-9.99,24.4,0.03,0.0273,2.3166,12.15,158803.27,7.87,91.74,7.72,-0,-1,139.11,124.5,148.4,24.98,Cornering,"Hoosier 43075 16x7.5-10 R20, 7 inch rim",20364
78.44,789.973,-3.41,-229.9,-99.7,3.994,-10.53,25.29,0.09,0.0342,2.3059,12.24,44019.97,7.87,91.75,7.68,-0,-0.9998,139.02,124.48,148.44,24.98,Cornering,"Hoosier 43075 16x7.5-10 R20, 7 inch rim",20365
78.44,789.983,-3.28,-230.88,-101.09,3.988,-10.71,25.83,0.09,0.0325,2.2839,12.24,44014.34,7.87,91.8,7.634,-0,-0.9998,138.87,124.33,148.52,24.98,Cornering,"Hoosier 43075 16x7.5-10 R20, 7 inch rim",20366
78.42,789.993,-2.22,-231.17,-102.28,4.003,-10.76,26.32,0.03,0.0217,2.2601,12.19,158772.48,7.87,91.81,7.601,-0,-1,138.79,124.26,148.52,24.97,Cornering,"Hoosier 43075 16x7.5-10 R20, 7 inch rim",20367
78.43,790.003,-0.77,-230.33,-102.71,3.996,-10.35,26.22,0.16,0.0075,2.2425,12.1,25544.57,7.87,91.83,7.57,-0,-0.9997,138.77,124.26,148.54,24.97,Cornering,"Hoosier 43075 16x7.5-10 R20, 7 inch rim",20368
78.46,790.013,-0.01,-228.95,-102.63,4,-10.55,25.14,0.09,0.0001,2.2308,12.04,44045.83,7.87,91.83,7.522,-0,-0.9998,138.72,124.28,148.48,24.99,Cornering,"Hoosier 43075 16x7.5-10 R20, 7 inch rim",20369
78.44,790.023,0.65,-227.58,-101.93,3.997,-10.66,24.34,0.09,-0.0064,2.2327,12.07,44091.05,7.87,91.82,7.478,-0,-0.9998,138.83,124.33,148.4,25.01,Cornering,"Hoosier 43075 16x7.5-10 R20, 7 inch rim",20370
78.43,790.033,1.43,-225.96,-100.82,4.001,-10.46,24.1,0.16,-0.0142,2.2411,12.1,25593.58,7.87,91.82,7.438,-0,-0.9997,138.92,124.31,148.28,25.01,Cornering,"Hoosier 43075 16x7.5-10 R20, 7 inch rim",20371
78.45,790.043,1.28,-224.87,-99.63,3.985,-9.81,23.58,0.03,-0.0128,2.257,12.17,159064.06,7.87,91.82,7.402,-0,-1,138.98,124.33,148.24,25,Cornering,"Hoosier 43075 16x7.5-10 R20, 7 inch rim",20372
78.47,790.053,0.54,-224.2,-98.88,4.001,-9.2,23.68,-0.11,-0.0055,2.2674,12.21,-37675.34,7.87,91.81,7.368,-0,-1.0002,139.09,124.33,148.18,24.97,Cornering,"Hoosier 43075 16x7.5-10 R20, 7 inch rim",20373
78.43,790.063,-1.13,-224.21,-98.64,4,-9.12,23.51,0.09,0.0114,2.273,12.19,44013.75,7.87,91.83,7.326,-0,-0.9998,139.24,124.35,148.1,24.96,Cornering,"Hoosier 43075 16x7.5-10 R20, 7 inch rim",20374
78.44,790.073,-2.8,-224.46,-98.88,3.985,-9.03,23.57,-0.04,0.0284,2.2701,12.15,-98673.34,7.87,91.85,7.286,-0,-1.0001,139.37,124.33,148.1,24.94,Cornering,"Hoosier 43075 16x7.5-10 R20, 7 inch rim",20375
78.47,790.083,-3.76,-225.31,-99.93,3.981,-9.34,23.95,0.03,0.0376,2.2546,12.06,158746.14,7.87,91.92,7.255,-0,-1,139.28,124.33,148.12,24.94,Cornering,"Hoosier 43075 16x7.5-10 R20, 7 inch rim",20376
78.45,790.093,-4.75,-226.84,-101.35,3.994,-10.52,23.68,0.16,0.0468,2.2382,11.98,25528.7,7.87,91.96,7.217,-0,-0.9997,139.15,124.17,148.16,24.94,Cornering,"Hoosier 43075 16x7.5-10 R20, 7 inch rim",20377
78.43,790.103,-4.7,-227.82,-103.08,3.996,-10.3,23.3,0.09,0.0456,2.2102,11.97,43976.59,7.87,91.98,7.179,-0,-0.9998,139.02,124.11,148.2,24.93,Cornering,"Hoosier 43075 16x7.5-10 R20, 7 inch rim",20378
78.46,790.113,-4.58,-228.08,-103.73,3.993,-10.74,22.05,0.03,0.0441,2.1988,12,158712.08,7.87,91.94,7.137,-0,-1,138.94,124.09,148.24,24.93,Cornering,"Hoosier 43075 16x7.5-10 R20, 7 inch rim",20379
78.47,790.123,-3.84,-227.33,-103.3,3.993,-11.54,21.08,0.16,0.0372,2.2007,12.1,25517.48,7.87,91.9,7.096,-0,-0.9997,138.94,124.13,148.18,24.92,Cornering,"Hoosier 43075 16x7.5-10 R20, 7 inch rim",20380
78.44,790.133,-2.6,-225.53,-102.97,4.004,-11.11,20.98,0.09,0.0252,2.1902,12.18,43976.98,7.87,91.89,7.064,-0,-0.9998,138.94,124.2,148.12,24.93,Cornering,"Hoosier 43075 16x7.5-10 R20, 7 inch rim",20381
78.45,790.143,-1.86,-223.51,-102.05,3.993,-10.86,20.78,0.03,0.0182,2.1903,12.19,158865.59,7.87,91.85,7.008,-0,-1,139.05,124.2,148.08,24.95,Cornering,"Hoosier 43075 16x7.5-10 R20, 7 inch rim",20382
78.48,790.153,-1.37,-222.05,-100.71,3.996,-10.72,21.08,0.09,0.0136,2.2048,12.14,44087.62,7.87,91.8,6.972,-0,-0.9998,138.98,124.26,148.1,24.98,Cornering,"Hoosier 43075 16x7.5-10 R20, 7 inch rim",20383
78.47,790.163,-0.59,-221,-99.69,3.99,-9.84,22.57,0.09,0.0059,2.2168,12.05,44143.18,7.87,91.73,6.924,-0,-0.9998,139.02,124.35,148,25.01,Cornering,"Hoosier 43075 16x7.5-10 R20, 7 inch rim",20384
78.44,790.173,-1.43,-220.26,-99.22,3.993,-9.06,23.22,0.03,0.0144,2.2199,11.97,159271.69,7.87,91.7,6.895,-0,-1,139.18,124.48,148,25.01,Cornering,"Hoosier 43075 16x7.5-10 R20, 7 inch rim",20385
78.46,790.183,-2.06,-220.56,-99.06,3.985,-9.64,24.39,0.09,0.0208,2.2265,11.91,44149.87,7.87,91.64,6.849,-0,-0.9998,139.28,124.5,148.02,25.01,Cornering,"Hoosier 43075 16x7.5-10 R20, 7 inch rim",20386
78.49,790.193,-3.63,-221.47,-100.39,4,-9.27,24.6,0.03,0.0362,2.206,11.92,159262.47,7.87,91.59,6.809,-0,-1,139.24,124.5,148.04,25,Cornering,"Hoosier 43075 16x7.5-10 R20, 7 inch rim",20387
78.46,790.203,-4.12,-222.61,-101.93,3.997,-9.34,25.4,0.16,0.0404,2.1839,12,25635.81,7.87,91.57,6.763,-0,-0.9997,139.13,124.46,148.04,25.02,Cornering,"Hoosier 43075 16x7.5-10 R20, 7 inch rim",20388
78.45,790.213,-4.05,-223.93,-102.98,3.991,-10.72,25.48,0.03,0.0393,2.1745,12.06,159399.23,7.87,91.57,6.728,-0,-1,138.98,124.31,148.08,25.02,Cornering,"Hoosier 43075 16x7.5-10 R20, 7 inch rim",20389
78.49,790.223,-3.03,-225.07,-104.44,3.988,-11.17,25.81,0.16,0.0291,2.155,12.1,25633.59,7.87,91.56,6.69,-0,-0.9997,138.92,124.22,148.06,25.01,Cornering,"Hoosier 43075 16x7.5-10 R20, 7 inch rim",20390
78.47,790.233,-1.53,-224.53,-103.9,3.998,-12.27,25.88,0.03,0.0147,2.161,12.07,159349.7,7.87,91.56,6.65,-0,-1,138.81,124.22,148.04,25.01,Cornering,"Hoosier 43075 16x7.5-10 R20, 7 inch rim",20391
78.45,790.243,-0.59,-222.32,-104.29,4,-10.67,25.15,-0.04,0.0056,2.1318,12,-99086.23,7.87,91.54,6.609,-0,-1.0001,138.81,124.22,147.98,25.01,Cornering,"Hoosier 43075 16x7.5-10 R20, 7 inch rim",20392
78.47,790.253,0.56,-220.34,-102.8,3.984,-11.33,24.88,-0.04,-0.0055,2.1434,11.93,-99051.04,7.87,91.54,6.553,-0,-1.0001,138.81,124.26,147.86,25,Cornering,"Hoosier 43075 16x7.5-10 R20, 7 inch rim",20393
78.49,790.263,1.05,-218.4,-101.84,3.991,-10.65,24.62,0.03,-0.0103,2.1446,11.88,159346.06,7.87,91.54,6.543,-0,-1,138.87,124.31,147.76,25,Cornering,"Hoosier 43075 16x7.5-10 R20, 7 inch rim",20394
78.46,790.273,1.22,-216.75,-100.76,3.993,-9.83,24.96,-0.04,-0.0121,2.1513,11.93,-99108.43,7.87,91.51,6.493,-0,-1.0001,138.9,124.35,147.73,25.01,Cornering,"Hoosier 43075 16x7.5-10 R20, 7 inch rim",20395
78.46,790.283,0.17,-215.87,-99.81,3.991,-9.39,24.71,0.16,-0.0017,2.1629,12.03,25633.52,7.87,91.53,6.453,-0,-0.9997,138.98,124.42,147.63,25,Cornering,"Hoosier 43075 16x7.5-10 R20, 7 inch rim",20396
78.49,790.293,-1.32,-215.59,-99.87,4,-8.68,24.91,0.09,0.0132,2.1586,12.11,44155.33,7.87,91.55,6.431,-0,-0.9998,139.15,124.44,147.57,25,Cornering,"Hoosier 43075 16x7.5-10 R20, 7 inch rim",20397
78.49,790.303,-2.93,-216.36,-99.97,3.996,-9.81,25.14,0.03,0.0293,2.1641,12.16,159320.83,7.87,91.59,6.383,-0,-1,139.15,124.44,147.55,24.99,Cornering,"Hoosier 43075 16x7.5-10 R20, 7 inch rim",20398
78.45,790.313,-4.07,-217.53,-101.23,3.997,-10.3,25.52,0.03,0.0402,2.1488,12.14,159219.8,7.87,91.63,6.35,-0,-1,139.07,124.39,147.51,24.97,Cornering,"Hoosier 43075 16x7.5-10 R20, 7 inch rim",20399
78.47,790.323,-4.41,-218.95,-102.68,3.982,-11.13,25.57,0.09,0.0429,2.1323,12.08,44125.15,7.87,91.66,6.301,-0,-0.9998,138.94,124.31,147.49,24.97,Cornering,"Hoosier 43075 16x7.5-10 R20, 7 inch rim",20400
78.5,790.333,-4.73,-219.79,-103.78,3.975,-11.54,24.75,0.09,0.0456,2.1178,12.02,44128.89,7.88,91.69,6.255,-0,-0.9998,138.83,124.2,147.51,24.97,Cornering,"Hoosier 43075 16x7.5-10 R20, 7 inch rim",20401
78.48,790.343,-4.3,-219.6,-104.91,3.988,-11.03,23.87,0.09,0.041,2.0932,11.97,44141.68,7.87,91.7,6.224,-0,-0.9998,138.81,124.13,147.51,24.98,Cornering,"Hoosier 43075 16x7.5-10 R20, 7 inch rim",20402
78.46,790.353,-3.38,-218.55,-105.16,4.003,-11.05,22.98,-0.04,0.0322,2.0782,11.99,-99094.9,7.87,91.67,6.194,-0,-1.0001,138.72,124.17,147.49,25,Cornering,"Hoosier 43075 16x7.5-10 R20, 7 inch rim",20403
78.49,790.363,-2.72,-216.1,-104.11,3.997,-10.6,21.84,0.03,0.0261,2.0757,12.05,159356.56,7.87,91.68,6.135,-0,-1,138.77,124.2,147.37,24.98,Cornering,"Hoosier 43075 16x7.5-10 R20, 7 inch rim",20404
78.5,790.373,-2.11,-213.67,-102.87,3.994,-10.19,21.44,0.16,0.0205,2.0772,12.12,25626.15,7.87,91.65,6.106,-0,-0.9997,138.81,124.17,147.33,24.98,Cornering,"Hoosier 43075 16x7.5-10 R20, 7 inch rim",20405
78.47,790.383,-1.28,-211.9,-101.57,3.997,-9.95,21.91,-0.04,0.0127,2.0862,12.15,-99029.26,7.87,91.68,6.046,-0,-1.0001,138.81,124.24,147.33,24.97,Cornering,"Hoosier 43075 16x7.5-10 R20, 7 inch rim",20406
78.47,790.393,-1.03,-210.82,-100.93,3.991,-9.07,22.89,0.03,0.0102,2.0888,12.12,159240.84,7.87,91.7,6.022,-0,-1,138.85,124.28,147.27,24.96,Cornering,"Hoosier 43075 16x7.5-10 R20, 7 inch rim",20407
78.5,790.403,-1.66,-210.28,-100.19,3.998,-8.86,23.78,0.16,0.0165,2.0988,12.06,25614.75,7.87,91.76,5.964,-0,-0.9997,138.98,124.39,147.21,24.96,Cornering,"Hoosier 43075 16x7.5-10 R20, 7 inch rim",20408
78.48,790.413,-2.87,-210.72,-100.39,3.993,-9.42,24.6,0.09,0.0286,2.0989,11.98,44165.04,7.87,91.78,5.927,-0,-0.9998,139.02,124.39,147.19,24.98,Cornering,"Hoosier 43075 16x7.5-10 R20, 7 inch rim",20409
78.47,790.423,-3.86,-211.79,-101,3.996,-10.37,25.43,0.09,0.0383,2.097,11.93,44167.89,7.87,91.81,5.89,-0,-0.9998,138.96,124.35,147.17,24.98,Cornering,"Hoosier 43075 16x7.5-10 R20, 7 inch rim",20410
78.49,790.433,-4.25,-213.27,-102.68,4.001,-11.14,26.29,-0.04,0.0414,2.0771,11.96,-99061.47,7.87,91.84,5.86,-0,-1.0001,138.79,124.28,147.13,24.97,Cornering,"Hoosier 43075 16x7.5-10 R20, 7 inch rim",20411
78.5,790.443,-3.81,-214.33,-104.7,3.987,-10.83,26.73,0.09,0.0364,2.0471,12.02,44143.32,7.88,91.85,5.808,-0,-0.9998,138.68,124.22,147.11,24.96,Cornering,"Hoosier 43075 16x7.5-10 R20, 7 inch rim",20412
78.48,790.453,-3.45,-214.45,-104.8,3.979,-11.45,26.25,0.09,0.033,2.0462,12.11,44145.79,7.88,91.88,5.775,-0,-0.9998,138.57,124.13,147.07,24.96,Cornering,"Hoosier 43075 16x7.5-10 R20, 7 inch rim",20413
78.47,790.463,-2.01,-213.68,-105.04,3.985,-11.73,26.19,0.09,0.0192,2.0342,12.14,44139.06,7.88,91.9,5.728,-0,-0.9998,138.42,124.17,147.05,24.96,Cornering,"Hoosier 43075 16x7.5-10 R20, 7 inch rim",20414
78.5,790.473,-0.55,-211.23,-104.7,3.991,-10.89,25.99,0.09,0.0052,2.0175,12.13,44141.91,7.88,91.89,5.69,-0,-0.9998,138.34,124.24,146.93,24.96,Cornering,"Hoosier 43075 16x7.5-10 R20, 7 inch rim",20415
78.5,790.483,0.56,-208.51,-103.25,3.987,-11.03,25.87,0.09,-0.0054,2.0194,12.08,44165.77,7.88,91.89,5.644,-0,-0.9998,138.38,124.22,146.93,24.97,Cornering,"Hoosier 43075 16x7.5-10 R20, 7 inch rim",20416
78.47,790.493,1.19,-206.03,-102.39,3.979,-9.85,25.98,0.09,-0.0117,2.0123,11.99,44178.43,7.88,91.88,5.611,-0,-0.9998,138.32,124.24,146.87,24.97,Cornering,"Hoosier 43075 16x7.5-10 R20, 7 inch rim",20417
78.49,790.503,0.99,-204.61,-100.94,3.988,-9.94,25.97,0.03,-0.0098,2.027,11.92,159437.31,7.88,91.88,5.569,-0,-1,138.3,124.2,146.87,24.97,Cornering,"Hoosier 43075 16x7.5-10 R20, 7 inch rim",20418
78.5,790.513,0.27,-203.9,-100.19,3.994,-9.62,26.54,0.03,-0.0027,2.0351,11.92,159409.95,7.88,91.87,5.532,-0,-1,138.36,124.31,146.79,24.97,Cornering,"Hoosier 43075 16x7.5-10 R20, 7 inch rim",20419
78.48,790.523,-1,-204.22,-100.46,4.001,-9.34,27.01,0.03,0.0099,2.0329,11.95,159383.23,7.88,91.89,5.492,-0,-1,138.45,124.31,146.76,24.96,Cornering,"Hoosier 43075 16x7.5-10 R20, 7 inch rim",20420
78.48,790.533,-2.79,-205.07,-101.29,3.991,-9.69,27.16,0.16,0.0276,2.0245,12.03,25630.76,7.88,91.88,5.452,-0,-0.9997,138.34,124.24,146.7,24.96,Cornering,"Hoosier 43075 16x7.5-10 R20, 7 inch rim",20421
78.5,790.543,-4.33,-206.42,-102.32,3.991,-10.95,26.92,0.16,0.0423,2.0173,12.1,25614.24,7.88,91.87,5.419,-0,-0.9997,138.25,124.13,146.72,24.94,Cornering,"Hoosier 43075 16x7.5-10 R20, 7 inch rim",20422
78.5,790.553,-4.58,-207.12,-103.61,3.991,-11.23,27.06,0.03,0.0442,1.999,12.08,159227.88,7.88,91.85,5.375,-0,-1,138.06,124.02,146.66,24.93,Cornering,"Hoosier 43075 16x7.5-10 R20, 7 inch rim",20423
78.47,790.563,-3.95,-207.51,-104.39,3.985,-11.55,26.99,0.09,0.0378,1.9878,12.03,44085.12,7.88,91.81,5.334,-0,-0.9998,137.87,124,146.66,24.91,Cornering,"Hoosier 43075 16x7.5-10 R20, 7 inch rim",20424
78.49,790.573,-3.24,-207.02,-105.19,3.993,-11.12,26.14,-0.04,0.0308,1.9681,11.95,-98897.83,7.88,91.79,5.307,-0,-1.0001,137.76,123.91,146.62,24.91,Cornering,"Hoosier 43075 16x7.5-10 R20, 7 inch rim",20425
78.51,790.583,-2.35,-205.46,-105.16,3.994,-10.65,25.28,0.09,0.0224,1.9538,11.89,44080.22,7.88,91.79,5.256,-0,-0.9998,137.65,123.95,146.6,24.9,Cornering,"Hoosier 43075 16x7.5-10 R20, 7 inch rim",20426
78.49,790.593,-2,-203.35,-104.34,4,-10.4,23.94,0.03,0.0192,1.949,11.92,159190.5,7.88,91.78,5.226,-0,-1,137.57,124.02,146.54,24.92,Cornering,"Hoosier 43075 16x7.5-10 R20, 7 inch rim",20427
78.47,790.603,-1.64,-201.06,-102.94,3.988,-10.38,23.33,0.03,0.0159,1.9532,11.95,159241,7.88,91.82,5.17,-0,-1,137.52,124.02,146.46,24.93,Cornering,"Hoosier 43075 16x7.5-10 R20, 7 inch rim",20428
78.5,790.613,-1.62,-199.45,-101.31,3.985,-10.57,23.19,0.16,0.016,1.9686,12.03,25619.8,7.88,91.89,5.127,-0,-0.9997,137.46,124.04,146.42,24.93,Cornering,"Hoosier 43075 16x7.5-10 R20, 7 inch rim",20429
78.5,790.623,-2.02,-198.31,-100.34,3.998,-9.66,23.78,0.09,0.0202,1.9763,12.09,44153.12,7.88,91.91,5.085,-0,-0.9998,137.46,124.09,146.36,24.94,Cornering,"Hoosier 43075 16x7.5-10 R20, 7 inch rim",20430
78.47,790.633,-3.18,-198.14,-99.64,3.982,-10.18,24.37,0.09,0.0319,1.9887,12.14,44155.54,7.88,91.9,5.048,-0,-0.9998,137.5,124.15,146.34,24.94,Cornering,"Hoosier 43075 16x7.5-10 R20, 7 inch rim",20431
78.48,790.643,-4.34,-198.02,-99.79,3.993,-9.96,25.38,0.16,0.0435,1.9843,12.1,25647.47,7.88,91.9,5.025,-0,-0.9997,137.48,124.15,146.36,24.96,Cornering,"Hoosier 43075 16x7.5-10 R20, 7 inch rim",20432
78.51,790.653,-5.36,-198.63,-100.8,4.003,-10.55,26,0.16,0.0532,1.9706,12.02,25673.44,7.88,91.92,4.968,-0,-0.9997,137.37,124.09,146.3,24.98,Cornering,"Hoosier 43075 16x7.5-10 R20, 7 inch rim",20433
78.49,790.663,-5.42,-198.97,-102.1,3.991,-10.84,26.96,0.16,0.053,1.9488,11.95,25705.18,7.88,91.92,4.915,-0,-0.9997,137.22,123.98,146.3,25.01,Cornering,"Hoosier 43075 16x7.5-10 R20, 7 inch rim",20434
78.48,790.673,-4.76,-199.66,-103.64,3.991,-11.27,27.41,0.16,0.0459,1.9264,11.92,25712.35,7.88,91.92,4.882,-0,-0.9997,137.12,123.87,146.24,25.01,Cornering,"Hoosier 43075 16x7.5-10 R20, 7 inch rim",20435
78.51,790.683,-3.6,-199.11,-104.66,3.99,-10.3,27.57,0.03,0.0344,1.9024,11.97,159833.12,7.88,91.92,4.853,-0,-1,136.99,123.82,146.2,25.01,Cornering,"Hoosier 43075 16x7.5-10 R20, 7 inch rim",20436
78.51,790.693,-2.16,-198.32,-104.57,3.985,-10.96,27.45,0.03,0.0206,1.8965,12.03,159772.48,7.88,91.91,4.793,-0,-1,136.97,123.82,146.14,25,Cornering,"Hoosier 43075 16x7.5-10 R20, 7 inch rim",20437
78.49,790.703,-1.28,-196.72,-103.86,4,-11.43,26.66,0.09,0.0123,1.894,12.14,44255.01,7.88,91.89,4.773,-0,-0.9998,136.97,123.89,146.04,24.98,Cornering,"Hoosier 43075 16x7.5-10 R20, 7 inch rim",20438
78.48,790.713,-0.14,-194.11,-102.93,3.997,-10.6,26.8,0.16,0.0013,1.8858,12.17,25693.7,7.88,91.86,4.737,-0,-0.9997,137.01,123.95,145.92,24.99,Cornering,"Hoosier 43075 16x7.5-10 R20, 7 inch rim",20439
78.52,790.723,0.44,-192.16,-101.69,3.994,-10.56,26.77,0.09,-0.0043,1.8897,12.13,44280.15,7.88,91.89,4.697,-0,-0.9998,136.97,123.93,145.84,25,Cornering,"Hoosier 43075 16x7.5-10 R20, 7 inch rim",20440
78.5,790.733,0.84,-190.94,-100.48,3.981,-10.52,27.86,0.09,-0.0084,1.9002,12.06,44283.24,7.89,91.9,4.646,-0,-0.9998,136.99,124.04,145.77,25,Cornering,"Hoosier 43075 16x7.5-10 R20, 7 inch rim",20441
78.47,790.743,-0.12,-190.26,-99.9,3.998,-9.92,28.33,0.09,0.0012,1.9046,11.98,44284.43,7.88,91.93,4.626,-0,-0.9998,137.09,124.17,145.73,25,Cornering,"Hoosier 43075 16x7.5-10 R20, 7 inch rim",20442
78.5,790.753,-1.95,-189.89,-100.11,3.987,-9.23,28.26,-0.04,0.0195,1.8969,11.97,-99371,7.89,91.95,4.571,-0,-1.0001,137.12,124.24,145.73,25,Cornering,"Hoosier 43075 16x7.5-10 R20, 7 inch rim",20443
78.51,790.763,-3.54,-190.17,-100.84,3.988,-9.34,28.42,0.16,0.0351,1.8859,12,25706.14,7.88,91.94,4.55,-0,-0.9997,137.09,124.17,145.67,25,Cornering,"Hoosier 43075 16x7.5-10 R20, 7 inch rim",20444
78.49,790.773,-4.68,-190.9,-101.77,3.988,-10.67,28.46,0.09,0.0459,1.8757,12.06,44292.3,7.89,91.95,4.491,-0,-0.9998,137.07,124.06,145.69,25,Cornering,"Hoosier 43075 16x7.5-10 R20, 7 inch rim",20445
78.47,790.783,-4.71,-191.33,-103.14,4.001,-10.87,28.61,0.09,0.0457,1.855,12.16,44262.72,7.88,91.93,4.47,-0,-0.9998,136.88,123.98,145.61,24.98,Cornering,"Hoosier 43075 16x7.5-10 R20, 7 inch rim",20446
78.51,790.793,-4.1,-192,-103.82,3.981,-11.96,28.24,0.09,0.0395,1.8493,12.19,44245.35,7.89,91.91,4.414,-0,-0.9998,136.66,123.89,145.55,24.97,Cornering,"Hoosier 43075 16x7.5-10 R20, 7 inch rim",20447
78.5,790.803,-3.42,-191.2,-104.35,3.987,-11.85,27.17,0.03,0.0328,1.8323,12.17,159601.11,7.89,91.85,4.378,-0,-1,136.58,123.84,145.45,24.96,Cornering,"Hoosier 43075 16x7.5-10 R20, 7 inch rim",20448
78.48,790.813,-2.66,-189.8,-104.37,3.988,-11.63,26.11,0.09,0.0255,1.8185,12.1,44249.04,7.89,91.83,4.348,-0,-0.9998,136.54,123.84,145.41,24.97,Cornering,"Hoosier 43075 16x7.5-10 R20, 7 inch rim",20449
78.5,790.823,-2.81,-187.43,-103.41,4.003,-11.37,24.44,0.03,0.0271,1.8125,12,159615.72,7.88,91.83,4.305,-0,-1,136.43,123.89,145.27,24.96,Cornering,"Hoosier 43075 16x7.5-10 R20, 7 inch rim",20450
78.51,790.833,-2.45,-184.65,-101.83,3.984,-11.13,23.83,0.16,0.0241,1.8133,11.95,25661.12,7.89,91.83,4.286,-0,-0.9997,136.36,123.91,145.23,24.94,Cornering,"Hoosier 43075 16x7.5-10 R20, 7 inch rim",20451
78.49,790.843,-2.41,-182.7,-101.27,3.994,-10.59,23.95,0.09,0.0238,1.8041,11.94,44224.87,7.89,91.79,4.226,-0,-0.9998,136.39,123.95,145.17,24.95,Cornering,"Hoosier 43075 16x7.5-10 R20, 7 inch rim",20452
78.48,790.853,-2.94,-181.01,-100.27,3.984,-9.46,24.51,0.03,0.0294,1.8052,12,159564.77,7.89,91.73,4.186,-0,-1,136.43,124.04,145.13,24.94,Cornering,"Hoosier 43075 16x7.5-10 R20, 7 inch rim",20453
78.51,790.863,-4.23,-180.02,-99.49,3.997,-9.54,24.97,0.09,0.0425,1.8095,12.08,44249.55,7.88,91.72,4.149,-0,-0.9998,136.45,124.11,145.07,24.96,Cornering,"Hoosier 43075 16x7.5-10 R20, 7 inch rim",20454
78.51,790.873,-5.27,-180.01,-99.55,3.991,-10.04,26.15,0.09,0.053,1.8081,12.11,44231.77,7.89,91.74,4.096,-0,-0.9998,136.51,124.06,145.03,24.95,Cornering,"Hoosier 43075 16x7.5-10 R20, 7 inch rim",20455
78.48,790.883,-6.42,-180.42,-100.93,3.997,-10.53,26.52,0.09,0.0636,1.7875,12.11,44253.22,7.89,91.73,4.079,-0,-0.9998,136.45,124,144.99,24.96,Cornering,"Hoosier 43075 16x7.5-10 R20, 7 inch rim",20456
78.5,790.893,-6.34,-181.08,-102.47,3.99,-11.08,27.42,0.03,0.0619,1.7672,12.05,159817.5,7.89,91.73,4.026,-0,-1,136.34,123.89,144.85,24.98,Cornering,"Hoosier 43075 16x7.5-10 R20, 7 inch rim",20457
78.52,790.903,-5.5,-181.45,-104.21,3.993,-11.34,27.93,0.23,0.0528,1.7411,11.96,18108.12,7.89,91.76,3.991,-0,-0.9996,136.21,123.87,144.74,24.98,Cornering,"Hoosier 43075 16x7.5-10 R20, 7 inch rim",20458
78.5,790.913,-4.1,-180.78,-104.61,3.988,-11.73,28.23,0.09,0.0392,1.7282,11.9,44342.59,7.89,91.81,3.938,-0,-0.9998,136.15,123.73,144.6,25.01,Cornering,"Hoosier 43075 16x7.5-10 R20, 7 inch rim",20459
78.48,790.923,-2.56,-179.31,-105.27,3.981,-11.05,28.11,0.09,0.0244,1.7034,11.89,44344.3,7.89,91.84,3.904,-0,-0.9998,136.09,123.73,144.46,25.01,Cornering,"Hoosier 43075 16x7.5-10 R20, 7 inch rim",20460
78.5,790.933,-1.73,-176.97,-104.28,4.003,-11.45,27.44,0.03,0.0166,1.697,11.95,159921.95,7.89,91.85,3.858,-0,-1,136.04,123.73,144.38,24.99,Cornering,"Hoosier 43075 16x7.5-10 R20, 7 inch rim",20461
78.51,790.943,-1.06,-173.99,-102.62,4.01,-11.26,27.17,-0.04,0.0103,1.6954,12.03,-99346.47,7.89,91.87,3.815,-0,-1.0001,136.04,123.78,144.24,24.97,Cornering,"Hoosier 43075 16x7.5-10 R20, 7 inch rim",20462
78.48,790.953,-0.28,-170.89,-101.14,3.99,-10.42,27.64,0.09,0.0028,1.6895,12.06,44278.97,7.89,91.86,3.768,-0,-0.9998,135.98,123.78,144.14,24.97,Cornering,"Hoosier 43075 16x7.5-10 R20, 7 inch rim",20463
78.49,790.963,-0.57,-168.89,-100.11,3.979,-9.74,28.04,0.03,0.0057,1.687,12.05,159835.23,7.89,91.89,3.716,-0,-1,136,123.91,144.1,24.97,Cornering,"Hoosier 43075 16x7.5-10 R20, 7 inch rim",20464
78.52,790.973,-1.63,-167.71,-99.29,3.982,-9.62,28.42,0.09,0.0164,1.6891,12,44334.02,7.89,91.87,3.691,-0,-0.9998,136.02,123.98,144.02,25,Cornering,"Hoosier 43075 16x7.5-10 R20, 7 inch rim",20465
78.5,790.983,-3.17,-167.53,-99.85,3.985,-9.57,28.99,0.09,0.0317,1.6778,11.95,44397.63,7.89,91.89,3.649,-0,-0.9998,136,123.98,144,25.03,Cornering,"Hoosier 43075 16x7.5-10 R20, 7 inch rim",20466
78.47,790.993,-4.45,-167.71,-100.45,3.998,-10.59,29.48,0.03,0.0443,1.6696,11.88,160260.09,7.89,91.88,3.616,-0,-1,135.91,123.95,143.98,25.04,Cornering,"Hoosier 43075 16x7.5-10 R20, 7 inch rim",20467
78.51,791.003,-4.99,-168.56,-101.87,3.996,-11.61,29.82,0.09,0.049,1.6546,11.89,44411.64,7.89,91.86,3.568,-0,-0.9998,135.74,123.84,143.94,25.04,Cornering,"Hoosier 43075 16x7.5-10 R20, 7 inch rim",20468
78.51,791.013,-4.75,-168.4,-103.74,3.987,-11.33,29.95,0.09,0.0458,1.6233,11.94,44361.58,7.89,91.86,3.537,-0,-0.9998,135.57,123.78,143.94,25.01,Cornering,"Hoosier 43075 16x7.5-10 R20, 7 inch rim",20469
78.49,791.023,-4.39,-168.08,-104.69,4,-11.66,29.25,0.09,0.042,1.6055,12.03,44322.36,7.89,91.81,3.495,-0,-0.9998,135.46,123.67,143.85,24.98,Cornering,"Hoosier 43075 16x7.5-10 R20, 7 inch rim",20470
78.49,791.033,-3.29,-166.64,-104.45,3.985,-12.15,28.58,0.03,0.0315,1.5954,12.12,159880.27,7.89,91.84,3.44,-0,-1,135.42,123.69,143.79,24.97,Cornering,"Hoosier 43075 16x7.5-10 R20, 7 inch rim",20471
78.51,791.043,-2.32,-164.34,-104.57,3.998,-10.83,27.82,0.09,0.0222,1.5716,12.14,44294.13,7.89,91.84,3.434,-0,-0.9998,135.33,123.71,143.75,24.97,Cornering,"Hoosier 43075 16x7.5-10 R20, 7 inch rim",20472
78.5,791.053,-1.33,-161.35,-102.8,4.001,-10.99,27.19,0.09,0.0129,1.5696,12.09,44296.83,7.89,91.85,3.371,-0,-0.9998,135.33,123.78,143.73,24.97,Cornering,"Hoosier 43075 16x7.5-10 R20, 7 inch rim",20473
78.47,791.063,-1.19,-158.29,-101.55,3.994,-10.18,26.65,0.16,0.0118,1.5586,12.02,25699.79,7.89,91.84,3.331,-0,-0.9997,135.29,123.78,143.63,24.96,Cornering,"Hoosier 43075 16x7.5-10 R20, 7 inch rim",20474
78.5,791.073,-1.25,-156.18,-99.99,3.985,-10.37,26.7,0.09,0.0125,1.5619,11.95,44279.32,7.89,91.81,3.298,-0,-0.9998,135.31,123.84,143.61,24.96,Cornering,"Hoosier 43075 16x7.5-10 R20, 7 inch rim",20475
78.51,791.083,-2.47,-154.49,-99.37,3.981,-9.95,26.58,0.03,0.0249,1.5547,11.97,159797.16,7.89,91.83,3.254,-0,-1,135.31,123.93,143.61,24.96,Cornering,"Hoosier 43075 16x7.5-10 R20, 7 inch rim",20476
78.49,791.093,-4.16,-153.71,-99.59,3.984,-9.7,26.73,0.03,0.0418,1.5433,12.02,159803.02,7.89,91.8,3.214,-0,-1,135.36,123.93,143.61,24.96,Cornering,"Hoosier 43075 16x7.5-10 R20, 7 inch rim",20477
78.48,791.103,-6.03,-153.91,-99.66,3.993,-11.02,26.82,0.03,0.0605,1.5443,12.11,159919.73,7.89,91.77,3.177,-0,-1,135.33,123.89,143.61,24.97,Cornering,"Hoosier 43075 16x7.5-10 R20, 7 inch rim",20478
78.51,791.113,-6.63,-153.83,-101.22,3.997,-11.11,27.62,0.03,0.0655,1.5197,12.19,159813.89,7.89,91.77,3.138,-0,-1,135.18,123.78,143.53,24.96,Cornering,"Hoosier 43075 16x7.5-10 R20, 7 inch rim",20479
78.5,791.123,-6.68,-153.86,-102.41,3.981,-12.28,27.93,0.03,0.0652,1.5024,12.21,159856.23,7.89,91.75,3.101,-0,-1,135.08,123.65,143.51,24.96,Cornering,"Hoosier 43075 16x7.5-10 R20, 7 inch rim",20480
78.48,791.133,-6.09,-153.51,-103.75,3.993,-12.7,28.01,0.03,0.0587,1.4796,12.17,159898.33,7.89,91.72,3.065,-0,-1,134.93,123.6,143.43,24.97,Cornering,"Hoosier 43075 16x7.5-10 R20, 7 inch rim",20481
78.5,791.143,-5.24,-152.22,-104.3,3.988,-12.46,27.53,0.09,0.0503,1.4594,12.1,44351.89,7.89,91.74,3.023,-0,-0.9998,134.88,123.54,143.41,24.99,Cornering,"Hoosier 43075 16x7.5-10 R20, 7 inch rim",20482
78.51,791.153,-3.93,-149.9,-104.15,3.993,-11.7,27.22,0.03,0.0378,1.4393,12,160241.41,7.89,91.72,2.999,-0,-1,134.84,123.51,143.33,25.02,Cornering,"Hoosier 43075 16x7.5-10 R20, 7 inch rim",20483
78.49,791.163,-2.91,-147.63,-103.35,3.997,-11.57,26.81,0.09,0.0281,1.4285,11.96,44416.55,7.89,91.7,2.945,-0,-0.9998,134.78,123.51,143.25,25.03,Cornering,"Hoosier 43075 16x7.5-10 R20, 7 inch rim",20484
78.48,791.173,-2.08,-144.4,-101.95,3.984,-10.82,26.61,0.03,0.0204,1.4164,11.98,160253.77,7.89,91.69,2.906,-0,-1,134.71,123.51,143.17,25.02,Cornering,"Hoosier 43075 16x7.5-10 R20, 7 inch rim",20485
78.51,791.183,-1.5,-141.83,-100.59,3.981,-10.66,27.11,0.09,0.0149,1.41,12.06,44367.65,7.89,91.71,2.875,-0,-0.9998,134.78,123.49,143.13,25,Cornering,"Hoosier 43075 16x7.5-10 R20, 7 inch rim",20486
78.51,791.193,-2.12,-139.43,-99.76,3.99,-10.43,27.09,0.09,0.0213,1.3977,12.14,44348.29,7.89,91.73,2.84,-0,-0.9998,134.69,123.54,143.09,24.98,Cornering,"Hoosier 43075 16x7.5-10 R20, 7 inch rim",20487
78.48,791.203,-3.53,-138.14,-100.35,3.99,-8.89,27.26,0.03,0.0352,1.3765,12.18,160120.75,7.89,91.82,2.784,-0,-1,134.78,123.6,143.11,25,Cornering,"Hoosier 43075 16x7.5-10 R20, 7 inch rim",20488
78.5,791.213,-5.13,-137.73,-99.55,3.985,-11.09,27.38,0.03,0.0515,1.3835,12.17,160274.41,7.89,91.89,2.743,-0,-1,134.69,123.6,143.05,25.02,Cornering,"Hoosier 43075 16x7.5-10 R20, 7 inch rim",20489
78.52,791.223,-6.5,-137.39,-100.98,4,-11.2,27.53,0.16,0.0644,1.3606,12.08,25802.71,7.89,91.91,2.721,-0,-0.9997,134.61,123.51,143.01,25.04,Cornering,"Hoosier 43075 16x7.5-10 R20, 7 inch rim",20490
78.5,791.233,-7.15,-136.71,-102.01,4,-11.94,27.56,0.16,0.0701,1.3401,12,25803.74,7.89,91.93,2.668,-0,-0.9997,134.5,123.38,142.99,25.04,Cornering,"Hoosier 43075 16x7.5-10 R20, 7 inch rim",20491
78.47,791.243,-6.82,-135.92,-103.67,3.984,-11.98,27.36,0.03,0.0658,1.3111,11.95,160399.84,7.9,91.93,2.625,-0,-1,134.3,123.29,142.86,25.04,Cornering,"Hoosier 43075 16x7.5-10 R20, 7 inch rim",20492
78.5,791.253,-6.28,-135.01,-104.07,3.996,-12.87,26.67,0.03,0.0604,1.2974,11.96,160367.2,7.89,91.96,2.587,-0,-1,134.22,123.29,142.8,25.03,Cornering,"Hoosier 43075 16x7.5-10 R20, 7 inch rim",20493
78.52,791.263,-5.19,-132.76,-104.56,3.987,-11.77,26.03,0.03,0.0496,1.2697,12,160150.56,7.89,91.97,2.532,-0,-1,134.15,123.29,142.72,25,Cornering,"Hoosier 43075 16x7.5-10 R20, 7 inch rim",20494
78.49,791.273,-3.94,-130.79,-103.67,3.985,-12.27,25.56,0.16,0.038,1.2616,12.07,25741.28,7.9,91.98,2.492,-0,-0.9997,134.09,123.32,142.66,24.98,Cornering,"Hoosier 43075 16x7.5-10 R20, 7 inch rim",20495
78.49,791.283,-2.77,-127.74,-102.34,3.981,-11.85,25.57,-0.04,0.0271,1.2483,12.12,-99419.84,7.9,91.96,2.455,-0,-1.0001,134,123.34,142.58,24.96,Cornering,"Hoosier 43075 16x7.5-10 R20, 7 inch rim",20496
78.52,791.293,-2.02,-125.5,-101.2,3.985,-12,25.94,0.09,0.02,1.2401,12.09,44342.01,7.9,91.93,2.396,-0,-0.9998,134,123.38,142.52,24.97,Cornering,"Hoosier 43075 16x7.5-10 R20, 7 inch rim",20497
78.5,791.303,-2.28,-122.67,-100.03,3.998,-11.6,26.32,0.16,0.0228,1.2263,12.03,25731.55,7.89,91.88,2.363,-0,-0.9997,133.94,123.4,142.48,24.97,Cornering,"Hoosier 43075 16x7.5-10 R20, 7 inch rim",20498
78.48,791.313,-2.59,-120.46,-99.62,3.984,-11.01,27.62,0.09,0.026,1.2092,11.95,44313.3,7.9,91.87,2.32,-0,-0.9998,133.9,123.49,142.44,24.96,Cornering,"Hoosier 43075 16x7.5-10 R20, 7 inch rim",20499
78.5,791.323,-4.48,-118.84,-99.71,4.007,-11.19,27.75,0.09,0.0449,1.1918,11.87,44314.46,7.89,91.86,2.279,-0,-0.9998,133.92,123.54,142.42,24.96,Cornering,"Hoosier 43075 16x7.5-10 R20, 7 inch rim",20500
78.51,791.333,-5.84,-117.51,-100.11,3.988,-11.4,28.26,0.09,0.0584,1.1737,11.89,44305.23,7.9,91.85,2.24,-0,-0.9998,133.83,123.43,142.36,24.95,Cornering,"Hoosier 43075 16x7.5-10 R20, 7 inch rim",20501
78.48,791.343,-6.02,-116.69,-101.36,3.996,-12.13,29.57,0.09,0.0594,1.1512,11.93,44295.89,7.9,91.83,2.204,-0,-0.9998,133.64,123.34,142.32,24.94,Cornering,"Hoosier 43075 16x7.5-10 R20, 7 inch rim",20502
78.49,791.353,-5.48,-115.66,-103.19,4,-11.84,30.3,0.09,0.0531,1.1208,12.03,44307.46,7.89,91.82,2.156,-0,-0.9998,133.51,123.29,142.22,24.95,Cornering,"Hoosier 43075 16x7.5-10 R20, 7 inch rim",20503
78.52,791.363,-4.65,-114.49,-104.15,3.994,-12.68,30.44,0.09,0.0447,1.0993,12.11,44308.35,7.9,91.82,2.121,-0,-0.9998,133.34,123.23,142.14,24.95,Cornering,"Hoosier 43075 16x7.5-10 R20, 7 inch rim",20504
78.5,791.373,-3.34,-112.87,-104.46,3.982,-12.81,30.06,0.23,0.032,1.0806,12.11,18120.68,7.9,91.79,2.097,-0,-0.9996,133.25,123.18,142,24.96,Cornering,"Hoosier 43075 16x7.5-10 R20, 7 inch rim",20505
78.48,791.383,-2.15,-111.22,-104.57,4,-12.75,29.56,0.03,0.0206,1.0636,12.07,160012.86,7.9,91.76,2.054,-0,-1,133.15,123.21,141.91,24.97,Cornering,"Hoosier 43075 16x7.5-10 R20, 7 inch rim",20506
78.5,791.393,-1.43,-108.8,-103.09,3.994,-12.95,28.53,0.09,0.0139,1.0554,11.99,44362.48,7.9,91.7,2.014,-0,-0.9998,133.08,123.18,141.81,24.98,Cornering,"Hoosier 43075 16x7.5-10 R20, 7 inch rim",20507
78.52,791.403,-1.1,-105.88,-101.92,3.985,-12.51,27.72,0.09,0.0108,1.0388,11.92,44353.04,7.9,91.69,1.978,-0,-0.9998,133.06,123.27,141.69,24.97,Cornering,"Hoosier 43075 16x7.5-10 R20, 7 inch rim",20508
78.49,791.413,-1.47,-103.12,-101.31,3.987,-11.26,27.2,-0.04,0.0145,1.0179,11.92,-99450.03,7.9,91.68,1.948,-0,-1.0001,133.06,123.29,141.63,24.96,Cornering,"Hoosier 43075 16x7.5-10 R20, 7 inch rim",20509
78.48,791.423,-2.84,-100.84,-99.97,3.978,-11.52,26.62,0.16,0.0284,1.0087,11.95,25714.47,7.9,91.66,1.905,-0,-0.9997,133.06,123.34,141.57,24.94,Cornering,"Hoosier 43075 16x7.5-10 R20, 7 inch rim",20510
78.51,791.433,-4.45,-98.74,-99.65,3.993,-11.2,26.5,0.16,0.0446,0.9909,12.05,25708.87,7.9,91.65,1.877,-0,-0.9997,133.06,123.47,141.57,24.94,Cornering,"Hoosier 43075 16x7.5-10 R20, 7 inch rim",20511
78.51,791.443,-6.7,-97.34,-99.89,3.994,-11.41,25.85,0.09,0.067,0.9745,12.13,44294.56,7.9,91.67,1.832,-0,-0.9998,132.97,123.36,141.55,24.94,Cornering,"Hoosier 43075 16x7.5-10 R20, 7 inch rim",20512
78.47,791.453,-8.23,-95.86,-100.77,3.987,-11.83,25.44,0.16,0.0817,0.9513,12.14,25727.89,7.9,91.69,1.789,-0,-0.9997,132.91,123.27,141.45,24.96,Cornering,"Hoosier 43075 16x7.5-10 R20, 7 inch rim",20513
78.5,791.463,-9.47,-94.87,-102.4,3.997,-12.35,24.54,0.09,0.0924,0.9265,12.09,44368.28,7.9,91.7,1.753,-0,-0.9998,132.74,123.12,141.39,24.98,Cornering,"Hoosier 43075 16x7.5-10 R20, 7 inch rim",20514
78.52,791.473,-9.32,-93.86,-103.35,3.991,-13.2,24.02,0.09,0.0902,0.9082,12.02,44368.95,7.9,91.71,1.72,-0,-0.9998,132.63,123.01,141.27,24.98,Cornering,"Hoosier 43075 16x7.5-10 R20, 7 inch rim",20515
78.5,791.483,-8.13,-92.61,-104.06,4,-13.6,23.78,0.09,0.0782,0.89,11.95,44369.86,7.9,91.72,1.675,-0,-0.9998,132.55,122.99,141.23,24.98,Cornering,"Hoosier 43075 16x7.5-10 R20, 7 inch rim",20516
78.48,791.493,-7.2,-90.56,-103.96,3.993,-13.35,23.02,0.03,0.0692,0.8711,11.91,160044.98,7.9,91.72,1.646,-0,-1,132.5,122.94,141.13,24.97,Cornering,"Hoosier 43075 16x7.5-10 R20, 7 inch rim",20517
78.51,791.503,-5.98,-88.41,-103.57,3.996,-12.56,22.67,0.03,0.0577,0.8537,11.95,159937,7.9,91.71,1.594,-0,-1,132.5,122.94,141.09,24.95,Cornering,"Hoosier 43075 16x7.5-10 R20, 7 inch rim",20518
78.5,791.513,-4.88,-85.57,-101.24,3.985,-12.99,22.85,0.09,0.0482,0.8452,12.04,44300.15,7.9,91.72,1.547,-0,-0.9998,132.42,122.99,140.99,24.94,Cornering,"Hoosier 43075 16x7.5-10 R20, 7 inch rim",20519
78.48,791.523,-4.26,-82.37,-100.35,3.991,-11.96,23.6,0.09,0.0425,0.8208,12.12,44300.95,7.9,91.72,1.501,-0,-0.9998,132.37,122.99,140.9,24.94,Cornering,"Hoosier 43075 16x7.5-10 R20, 7 inch rim",20520
78.49,791.533,-4.47,-79.66,-99.52,4,-11.55,24.38,0.03,0.0449,0.8005,12.17,159981.33,7.9,91.72,1.481,-0,-1,132.33,123.05,140.78,24.96,Cornering,"Hoosier 43075 16x7.5-10 R20, 7 inch rim",20521
78.52,791.543,-5.04,-76.74,-98.78,3.994,-11.49,25.52,0.03,0.051,0.7768,12.12,160095.7,7.9,91.72,1.433,-0,-1,132.27,123.12,140.74,24.97,Cornering,"Hoosier 43075 16x7.5-10 R20, 7 inch rim",20522
78.5,791.553,-5.88,-74.38,-99.33,3.997,-10.74,26.65,-0.04,0.0592,0.7488,12.06,-99544.03,7.9,91.72,1.377,-0,-1.0001,132.22,123.14,140.68,24.98,Cornering,"Hoosier 43075 16x7.5-10 R20, 7 inch rim",20523
78.48,791.563,-7,-72.6,-99.97,3.987,-11.6,27.02,0.09,0.07,0.7262,11.96,44386,7.9,91.79,1.334,-0,-0.9998,132.09,123.05,140.62,24.98,Cornering,"Hoosier 43075 16x7.5-10 R20, 7 inch rim",20524
78.51,791.573,-7.14,-71.14,-101.51,3.993,-12.26,27.92,0.03,0.0704,0.7008,11.97,160214.45,7.9,91.84,1.301,-0,-1,131.97,122.94,140.52,24.99,Cornering,"Hoosier 43075 16x7.5-10 R20, 7 inch rim",20525
78.52,791.583,-7.02,-69.35,-102.64,3.988,-13.42,27.97,0.03,0.0684,0.6757,11.98,160329.25,7.9,91.87,1.235,-0,-1,131.79,122.81,140.46,25.01,Cornering,"Hoosier 43075 16x7.5-10 R20, 7 inch rim",20526
78.47,791.593,-5.51,-67.75,-103.68,3.991,-14.18,28.51,0.03,0.0532,0.6535,12.08,160404.75,7.9,91.87,1.211,-0,-1,131.71,122.79,140.32,25.02,Cornering,"Hoosier 43075 16x7.5-10 R20, 7 inch rim",20527
78.49,791.603,-4.06,-65.29,-103.54,3.998,-14.29,28.32,0.09,0.0392,0.6306,12.18,44439.73,7.9,91.82,1.171,-0,-0.9998,131.62,122.72,140.22,25.01,Cornering,"Hoosier 43075 16x7.5-10 R20, 7 inch rim",20528
78.52,791.613,-2.47,-62.58,-103.5,3.982,-12.97,27.96,0.03,0.0238,0.6046,12.23,160446.02,7.9,91.79,1.121,-0,-1,131.6,122.79,140.14,25.03,Cornering,"Hoosier 43075 16x7.5-10 R20, 7 inch rim",20529
78.5,791.623,-1.96,-60.39,-101.98,3.994,-13.08,27.07,-0.04,0.0193,0.5922,12.25,-99668.31,7.9,91.74,1.086,-0,-1.0001,131.58,122.79,140.02,25.01,Cornering,"Hoosier 43075 16x7.5-10 R20, 7 inch rim",20530
78.47,791.633,-1.58,-57.36,-100.4,3.991,-12.46,26.71,-0.04,0.0157,0.5713,12.19,-99622.91,7.9,91.73,1.055,-0,-1.0001,131.56,122.9,139.95,25,Cornering,"Hoosier 43075 16x7.5-10 R20, 7 inch rim",20531
78.5,791.643,-2.36,-54.66,-99.22,3.997,-12.18,26.2,-0.04,0.0238,0.5509,12.09,-99600.81,7.9,91.73,1.013,-0,-1.0001,131.54,122.85,139.87,24.99,Cornering,"Hoosier 43075 16x7.5-10 R20, 7 inch rim",20532
78.51,791.653,-3.5,-51.61,-98.24,3.997,-11.78,26.1,0.03,0.0356,0.5253,12.02,160229.12,7.9,91.73,0.966,-0,-1,131.54,122.9,139.83,24.99,Cornering,"Hoosier 43075 16x7.5-10 R20, 7 inch rim",20533
78.48,791.663,-5.39,-49.44,-97.91,3.991,-12.33,25.82,0.03,0.055,0.5049,12.03,160267.55,7.9,91.72,0.93,-0,-1,131.54,122.94,139.81,25,Cornering,"Hoosier 43075 16x7.5-10 R20, 7 inch rim",20534
78.48,791.673,-6.54,-47.41,-98.28,3.994,-12.62,26.35,0.09,0.0665,0.4824,12.07,44370.71,7.9,91.69,0.884,-0,-0.9998,131.45,122.88,139.73,24.97,Cornering,"Hoosier 43075 16x7.5-10 R20, 7 inch rim",20535
78.52,791.683,-7.98,-45.9,-98.4,4.001,-14.66,25.69,0.09,0.0811,0.4664,12.15,44360.68,7.9,91.7,0.853,-0,-0.9998,131.34,122.74,139.65,24.97,Cornering,"Hoosier 43075 16x7.5-10 R20, 7 inch rim",20536
78.5,791.693,-8.38,-43.54,-100.27,3.985,-13.62,25.18,0.03,0.0836,0.4342,12.21,160085.33,7.9,91.68,0.814,-0,-1,131.17,122.61,139.57,24.97,Cornering,"Hoosier 43075 16x7.5-10 R20, 7 inch rim",20537
78.48,791.703,-8.52,-41.49,-100.94,3.988,-14.19,24,0.03,0.0844,0.411,12.22,160123.2,7.9,91.7,0.788,-0,-1,131.02,122.48,139.47,24.97,Cornering,"Hoosier 43075 16x7.5-10 R20, 7 inch rim",20538
78.5,791.713,-7.91,-39.15,-101.35,3.996,-13.41,22.78,0.09,0.0781,0.3862,12.15,44382.12,7.9,91.72,0.743,-0,-0.9998,130.89,122.48,139.37,24.98,Cornering,"Hoosier 43075 16x7.5-10 R20, 7 inch rim",20539
78.52,791.723,-6.75,-36.98,-100.85,3.991,-12.94,21.98,0.03,0.067,0.3667,12.09,160125.47,7.9,91.72,0.697,-0,-1,130.87,122.41,139.29,24.97,Cornering,"Hoosier 43075 16x7.5-10 R20, 7 inch rim",20540
78.49,791.733,-5.48,-34.3,-98.99,3.993,-12.92,21.43,0.16,0.0553,0.3465,12.01,25754.62,7.9,91.72,0.648,-0,-0.9997,130.85,122.44,139.21,24.97,Cornering,"Hoosier 43075 16x7.5-10 R20, 7 inch rim",20541
78.48,791.743,-4.74,-31.14,-97.03,3.99,-12.19,21.22,0.09,0.0489,0.3209,12,44341.66,7.9,91.71,0.619,-0,-0.9998,130.81,122.48,139.17,24.96,Cornering,"Hoosier 43075 16x7.5-10 R20, 7 inch rim",20542
78.51,791.753,-4.35,-28.47,-95.39,3.996,-12.44,21.72,0.03,0.0455,0.2984,12.05,160016.3,7.9,91.7,0.578,-0,-1,130.81,122.52,139.05,24.96,Cornering,"Hoosier 43075 16x7.5-10 R20, 7 inch rim",20543
78.51,791.763,-5.05,-25.54,-94.58,3.99,-12.02,22.11,0.03,0.0534,0.2701,12.09,159942.72,7.9,91.72,0.529,-0,-1,130.83,122.55,138.98,24.94,Cornering,"Hoosier 43075 16x7.5-10 R20, 7 inch rim",20544
78.48,791.773,-6.3,-22.84,-93.79,4,-12.72,22.64,-0.04,0.0672,0.2436,12.18,-99400.95,7.9,91.71,0.508,-0,-1.0001,130.91,122.61,138.98,24.94,Cornering,"Hoosier 43075 16x7.5-10 R20, 7 inch rim",20545
78.5,791.783,-7.74,-20.15,-94.18,3.991,-12.7,23.06,0.03,0.0822,0.2139,12.19,159943.53,7.9,91.66,0.466,-0,-1,130.89,122.61,138.94,24.94,Cornering,"Hoosier 43075 16x7.5-10 R20, 7 inch rim",20546
78.52,791.793,-8.42,-17.77,-95.61,4,-13.21,23.68,0.09,0.0881,0.1859,12.14,44332.14,7.9,91.63,0.417,-0,-0.9998,130.83,122.57,138.84,24.95,Cornering,"Hoosier 43075 16x7.5-10 R20, 7 inch rim",20547
78.5,791.803,-8.33,-14.69,-96.71,3.982,-13.3,24.31,0.03,0.0861,0.1518,12.04,160092.91,7.9,91.62,0.39,-0,-1,130.68,122.44,138.7,24.97,Cornering,"Hoosier 43075 16x7.5-10 R20, 7 inch rim",20548
78.48,791.813,-8.18,-11.87,-97.94,3.997,-14.22,24.04,0.03,0.0835,0.1212,11.97,160056.03,7.9,91.58,0.344,-0,-1,130.55,122.33,138.6,24.96,Cornering,"Hoosier 43075 16x7.5-10 R20, 7 inch rim",20549
78.51,791.823,-7.17,-9.01,-98.67,3.991,-14.44,23.57,0.09,0.0726,0.0913,11.96,44332.33,7.9,91.56,0.304,-0,-0.9998,130.51,122.28,138.48,24.95,Cornering,"Hoosier 43075 16x7.5-10 R20, 7 inch rim",20550
78.51,791.833,-5.74,-6.13,-99.21,3.982,-13.79,23.11,0.09,0.0579,0.0618,12,44342.65,7.9,91.6,0.271,-0,-0.9998,130.44,122.22,138.38,24.96,Cornering,"Hoosier 43075 16x7.5-10 R20, 7 inch rim",20551
78.47,791.843,-4.53,-3.26,-97.78,3.979,-13.77,22.41,-0.04,0.0463,0.0333,12.09,-99448.27,7.91,91.6,0.231,-0,-1.0001,130.42,122.24,138.3,24.95,Cornering,"Hoosier 43075 16x7.5-10 R20, 7 inch rim",20552
78.5,791.853,-3.72,-0.73,-96.6,3.991,-13.53,21.8,0.09,0.0385,0.0075,12.17,44363.25,7.9,91.58,0.193,-0,-0.9998,130.42,122.28,138.26,24.97,Cornering,"Hoosier 43075 16x7.5-10 R20, 7 inch rim",20553
78.51,791.863,-3.49,1.98,-95.45,3.997,-13.34,21.32,-0.04,0.0366,-0.0208,12.19,-99586.8,7.9,91.61,0.155,-0,-1.0001,130.44,122.3,138.16,24.98,Cornering,"Hoosier 43075 16x7.5-10 R20, 7 inch rim",20554
78.49,791.873,-4.37,5.37,-94.33,3.988,-12.82,20.74,0.03,0.0463,-0.0569,12.15,160204.72,7.9,91.58,0.13,-0,-1,130.49,122.3,138.06,24.98,Cornering,"Hoosier 43075 16x7.5-10 R20, 7 inch rim",20555
78.47,791.883,-5.98,8.6,-94.02,3.99,-12.68,20.21,-0.04,0.0636,-0.0915,12.07,-99540.26,7.9,91.57,0.068,-0,-1.0001,130.51,122.37,138.1,24.97,Cornering,"Hoosier 43075 16x7.5-10 R20, 7 inch rim",20556
78.51,791.893,-7.76,11.83,-93.9,3.994,-13.4,19.88,0.03,0.0827,-0.126,11.98,160055.31,7.9,91.58,0.031,-0,-1,130.51,122.35,138.1,24.96,Cornering,"Hoosier 43075 16x7.5-10 R20, 7 inch rim",20557
78.51,791.903,-8.98,14.86,-94.83,3.99,-13.74,19.92,-0.04,0.0947,-0.1567,11.92,-99424.2,7.9,91.61,-0.016,-0,-1.0001,130.4,122.26,137.97,24.94,Cornering,"Hoosier 43075 16x7.5-10 R20, 7 inch rim",20558
78.49,791.913,-9.69,18.18,-96.23,3.996,-14.26,19.71,0.03,0.1007,-0.1889,11.94,159979.94,7.9,91.61,-0.055,-0,-1,130.25,122.13,137.87,24.95,Cornering,"Hoosier 43075 16x7.5-10 R20, 7 inch rim",20559
78.48,791.923,-9.49,21.57,-97.99,3.991,-14.53,19.8,0.03,0.0969,-0.2201,12.03,159979.42,7.9,91.58,-0.089,-0,-1,130.21,121.97,137.69,24.95,Cornering,"Hoosier 43075 16x7.5-10 R20, 7 inch rim",20560
78.51,791.933,-9.27,25.24,-99.53,3.991,-14.4,18.94,-0.04,0.0932,-0.2536,12.1,-99492.23,7.9,91.58,-0.15,-0,-1.0001,130.14,121.95,137.55,24.96,Cornering,"Hoosier 43075 16x7.5-10 R20, 7 inch rim",20561
78.5,791.943,-7.62,28.65,-99.65,3.996,-14.99,18.98,0.03,0.0764,-0.2875,12.14,160163.53,7.9,91.61,-0.184,-0,-1,130.08,121.95,137.45,24.98,Cornering,"Hoosier 43075 16x7.5-10 R20, 7 inch rim",20562
78.48,791.953,-6.13,31.62,-99.22,3.984,-15.03,18.6,0.09,0.0618,-0.3187,12.14,44371.98,7.9,91.63,-0.248,-0,-0.9998,130.04,121.91,137.33,24.97,Cornering,"Hoosier 43075 16x7.5-10 R20, 7 inch rim",20563
78.5,791.963,-4.16,34.88,-98.69,3.979,-13.73,19.21,0.03,0.0421,-0.3534,12.05,160086.94,7.9,91.63,-0.283,-0,-1,129.97,121.89,137.23,24.97,Cornering,"Hoosier 43075 16x7.5-10 R20, 7 inch rim",20564
78.52,791.973,-3.5,38.07,-97.46,3.979,-13.66,19.21,-0.04,0.0359,-0.3906,11.96,-99466.6,7.9,91.64,-0.326,-0,-1.0001,129.93,121.91,137.11,24.96,Cornering,"Hoosier 43075 16x7.5-10 R20, 7 inch rim",20565
78.49,791.983,-3.39,41.69,-96.15,3.988,-13.1,19.64,0.09,0.0353,-0.4336,11.91,44319.56,7.9,91.65,-0.373,-0,-0.9998,129.84,121.97,137,24.94,Cornering,"Hoosier 43075 16x7.5-10 R20, 7 inch rim",20566
78.48,791.993,-4.42,45.51,-95.21,3.99,-13.15,19.76,-0.04,0.0465,-0.478,11.89,-99395.62,7.9,91.65,-0.417,-0,-1.0001,129.93,121.93,136.94,24.94,Cornering,"Hoosier 43075 16x7.5-10 R20, 7 inch rim",20567
78.52,792.003,-5.13,49.25,-95.48,3.991,-12.73,20.69,0.03,0.0537,-0.5158,11.96,159858.77,7.9,91.65,-0.459,-0,-1,129.97,121.97,136.86,24.93,Cornering,"Hoosier 43075 16x7.5-10 R20, 7 inch rim",20568
78.5,792.013,-6.05,52.72,-95.92,3.981,-13.1,21.3,0.03,0.063,-0.5496,12.04,159894.84,7.9,91.66,-0.49,-0,-1,129.88,121.86,136.76,24.94,Cornering,"Hoosier 43075 16x7.5-10 R20, 7 inch rim",20569
78.47,792.023,-6.09,55.83,-96.6,3.987,-14.87,22.37,0.09,0.063,-0.578,12.08,44297.52,7.9,91.68,-0.529,-0,-0.9998,129.82,121.75,136.66,24.93,Cornering,"Hoosier 43075 16x7.5-10 R20, 7 inch rim",20570
78.5,792.033,-5.9,59.2,-98.73,3.994,-15.17,22.78,0.09,0.0598,-0.5996,12.08,44307.61,7.9,91.67,-0.549,-0,-0.9998,129.58,121.62,136.5,24.94,Cornering,"Hoosier 43075 16x7.5-10 R20, 7 inch rim",20571
78.52,792.043,-5.83,62.58,-100.13,3.987,-15.45,21.78,-0.04,0.0583,-0.625,12.03,-99437.86,7.9,91.67,-0.593,-0,-1.0001,129.5,121.51,136.36,24.95,Cornering,"Hoosier 43075 16x7.5-10 R20, 7 inch rim",20572
78.49,792.053,-5.04,65.88,-101.38,4,-15.26,20.83,0.09,0.0497,-0.6498,11.96,44358.22,7.9,91.65,-0.628,-0,-0.9998,129.48,121.38,136.22,24.97,Cornering,"Hoosier 43075 16x7.5-10 R20, 7 inch rim",20573
78.48,792.063,-4.31,68.56,-101.25,3.99,-15.07,19.16,0.03,0.0426,-0.6771,11.9,160149.09,7.9,91.64,-0.641,-0,-1,129.43,121.31,136.07,24.98,Cornering,"Hoosier 43075 16x7.5-10 R20, 7 inch rim",20574
78.51,792.073,-3.59,71.28,-100.15,3.993,-14.97,17.87,0.03,0.0358,-0.7117,11.94,160221.47,7.9,91.65,-0.685,-0,-1,129.37,121.31,136.01,24.99,Cornering,"Hoosier 43075 16x7.5-10 R20, 7 inch rim",20575
78.51,792.083,-3.15,73.71,-98.8,3.985,-14.76,16.78,-0.04,0.0319,-0.7461,11.99,-99596.2,7.9,91.66,-0.718,-0,-1.0001,129.35,121.27,135.91,24.99,Cornering,"Hoosier 43075 16x7.5-10 R20, 7 inch rim",20576
78.47,792.093,-3.79,76.61,-97.72,3.984,-13.89,15.56,0.16,0.0387,-0.784,12.09,25775.38,7.9,91.64,-0.749,-0,-0.9997,129.28,121.29,135.71,25,Cornering,"Hoosier 43075 16x7.5-10 R20, 7 inch rim",20577
78.5,792.103,-5.25,79.2,-96.98,3.987,-13.92,14.37,0.03,0.0541,-0.8167,12.2,160290.75,7.9,91.63,-0.791,-0,-1,129.31,121.33,135.71,25,Cornering,"Hoosier 43075 16x7.5-10 R20, 7 inch rim",20578
78.52,792.113,-7.32,81.65,-96.66,3.99,-14.34,13.46,-0.04,0.0757,-0.8447,12.23,-99662.4,7.9,91.65,-0.82,-0,-1.0001,129.31,121.4,135.65,25.01,Cornering,"Hoosier 43075 16x7.5-10 R20, 7 inch rim",20579
78.5,792.123,-9.45,84.5,-97.75,3.993,-13.89,12.42,0.03,0.0967,-0.8645,12.19,160287.66,7.9,91.69,-0.851,-0,-1,129.26,121.4,135.57,25,Cornering,"Hoosier 43075 16x7.5-10 R20, 7 inch rim",20580
78.47,792.133,-9.98,86.99,-98.07,3.994,-15.3,12.87,0.16,0.1018,-0.887,12.13,25780.11,7.9,91.7,-0.9,-0,-0.9997,129.22,121.29,135.49,25,Cornering,"Hoosier 43075 16x7.5-10 R20, 7 inch rim",20581
78.52,792.143,-10.95,89.67,-100.28,3.979,-15.36,11.9,0.09,0.1092,-0.8942,12.04,44415.75,7.9,91.69,-0.937,-0,-0.9998,129.03,121.2,135.37,25,Cornering,"Hoosier 43075 16x7.5-10 R20, 7 inch rim",20582
78.51,792.153,-11.11,92.48,-101.47,3.994,-17.03,11.04,0.09,0.1095,-0.9113,12.02,44415.17,7.9,91.69,-0.973,-0,-0.9998,128.94,121.07,135.27,25,Cornering,"Hoosier 43075 16x7.5-10 R20, 7 inch rim",20583
78.49,792.163,-10.37,95.09,-103.13,3.987,-17.18,10.21,0.03,0.1006,-0.9221,12.03,160277.81,7.9,91.66,-1.023,-0,-1,128.96,121.03,135.17,25,Cornering,"Hoosier 43075 16x7.5-10 R20, 7 inch rim",20584
78.49,792.173,-8.89,97.88,-103.1,3.99,-17.53,9.91,0.03,0.0862,-0.9493,12.13,160275.58,7.9,91.7,-1.059,-0,-1,128.96,120.98,135.1,25,Cornering,"Hoosier 43075 16x7.5-10 R20, 7 inch rim",20585
78.51,792.183,-6.75,100.81,-102.55,3.99,-16.33,10.36,0.16,0.0658,-0.9831,12.19,25789.8,7.9,91.72,-1.13,-0,-0.9997,128.94,121.05,135.02,25.01,Cornering,"Hoosier 43075 16x7.5-10 R20, 7 inch rim",20586
78.5,792.193,-5.47,102.92,-101.31,3.988,-16.13,10.42,0.03,0.054,-1.0159,12.21,160341.73,7.9,91.74,-1.182,-0,-1,128.92,121.05,134.94,25.01,Cornering,"Hoosier 43075 16x7.5-10 R20, 7 inch rim",20587
78.48,792.203,-5,105.64,-100.33,3.996,-15.09,10.74,0.03,0.0499,-1.0529,12.17,160377.2,7.9,91.8,-1.206,-0,-1,128.83,121.09,134.86,25.02,Cornering,"Hoosier 43075 16x7.5-10 R20, 7 inch rim",20588
78.5,792.213,-4.93,108.66,-99.35,4.001,-14.74,11.57,0.03,0.0497,-1.0938,12.08,160297.3,7.9,91.81,-1.284,-0,-1,128.77,121.09,134.78,25.01,Cornering,"Hoosier 43075 16x7.5-10 R20, 7 inch rim",20589
78.51,792.223,-5.1,111.78,-99.11,3.993,-14.92,13,-0.04,0.0515,-1.1278,12,-99619.84,7.9,91.78,-1.312,-0,-1.0001,128.83,121.14,134.78,25,Cornering,"Hoosier 43075 16x7.5-10 R20, 7 inch rim",20590
78.48,792.233,-5.24,114.6,-99.29,3.988,-15.52,14.64,0.16,0.0528,-1.1541,11.96,25763.1,7.9,91.76,-1.369,-0,-0.9997,128.86,121.14,134.76,24.99,Cornering,"Hoosier 43075 16x7.5-10 R20, 7 inch rim",20591
78.49,792.243,-4.82,116.95,-100.35,3.998,-16.2,16.79,0.03,0.0481,-1.1654,11.96,160101.81,7.9,91.79,-1.41,-0,-1,128.77,121.11,134.7,24.98,Cornering,"Hoosier 43075 16x7.5-10 R20, 7 inch rim",20592
78.51,792.253,-4.61,119.21,-101.87,3.998,-17.16,18.02,0.16,0.0452,-1.1702,12.03,25738.21,7.9,91.8,-1.447,-0,-0.9997,128.6,120.96,134.54,24.97,Cornering,"Hoosier 43075 16x7.5-10 R20, 7 inch rim",20593
78.5,792.263,-3.63,121.95,-103.49,3.996,-18.08,19.08,0.16,0.0351,-1.1783,12.13,25737.57,7.9,91.81,-1.494,-0,-0.9997,128.53,120.87,134.42,24.97,Cornering,"Hoosier 43075 16x7.5-10 R20, 7 inch rim",20594
78.48,792.273,-2.39,124.93,-105.46,3.979,-17.56,19.37,0.03,0.0227,-1.1846,12.17,160054.53,7.9,91.81,-1.531,-0,-1,128.51,120.78,134.26,24.97,Cornering,"Hoosier 43075 16x7.5-10 R20, 7 inch rim",20595
78.5,792.283,-1.16,127.63,-105.26,4.004,-18.38,19,-0.04,0.011,-1.2126,12.14,-99422.07,7.9,91.81,-1.568,-0,-1.0001,128.47,120.74,134.13,24.96,Cornering,"Hoosier 43075 16x7.5-10 R20, 7 inch rim",20596
78.52,792.293,0.65,130.28,-104.79,3.997,-17.67,18.94,0.03,-0.0062,-1.2432,12.08,159937.19,7.9,91.82,-1.599,-0,-1,128.51,120.7,134.09,24.96,Cornering,"Hoosier 43075 16x7.5-10 R20, 7 inch rim",20597
78.49,792.303,1.78,132.17,-103.1,4.004,-17.36,18.6,0.03,-0.0172,-1.282,11.97,159932.64,7.9,91.84,-1.649,-0,-1,128.45,120.67,134.01,24.96,Cornering,"Hoosier 43075 16x7.5-10 R20, 7 inch rim",20598
78.49,792.313,1.9,133.82,-101.86,4.001,-16.62,17.89,0.03,-0.0187,-1.3137,11.92,159929.59,7.9,91.86,-1.682,-0,-1,128.38,120.72,133.93,24.96,Cornering,"Hoosier 43075 16x7.5-10 R20, 7 inch rim",20599
78.51,792.323,0.8,135.96,-100.71,3.993,-15.85,16.56,0.09,-0.008,-1.35,11.92,44306.98,7.9,91.88,-1.703,-0,-0.9998,128.43,120.72,133.85,24.95,Cornering,"Hoosier 43075 16x7.5-10 R20, 7 inch rim",20600
78.5,792.333,-1.17,137.19,-100.54,3.994,-16.01,15.16,0.09,0.0117,-1.3645,11.97,44326.17,7.9,91.85,-1.756,-0,-0.9998,128.53,120.81,133.79,24.96,Cornering,"Hoosier 43075 16x7.5-10 R20, 7 inch rim",20601
78.48,792.343,-3.51,138.72,-100.2,3.991,-16.79,13.88,0.09,0.035,-1.3845,12.05,44336.15,7.9,91.83,-1.768,-0,-0.9998,128.62,120.81,133.75,24.97,Cornering,"Hoosier 43075 16x7.5-10 R20, 7 inch rim",20602
78.5,792.353,-5.28,139.97,-101.14,4.007,-17.06,13.1,-0.04,0.0522,-1.3838,12.09,-99523.05,7.9,91.79,-1.816,-0,-1.0001,128.58,120.78,133.69,24.98,Cornering,"Hoosier 43075 16x7.5-10 R20, 7 inch rim",20603
78.52,792.363,-7.61,141.64,-102.62,4,-17.25,11.17,-0.11,0.0741,-1.3802,12.09,-37952.77,7.9,91.76,-1.851,-0,-1.0002,128.49,120.74,133.61,24.98,Cornering,"Hoosier 43075 16x7.5-10 R20, 7 inch rim",20604
78.49,792.373,-8.53,143.47,-104.09,3.988,-17.92,9.84,0.03,0.082,-1.3784,12.06,159984.17,7.9,91.74,-1.882,-0,-1,128.43,120.67,133.51,24.97,Cornering,"Hoosier 43075 16x7.5-10 R20, 7 inch rim",20605
78.49,792.383,-8.42,145.89,-105.83,3.996,-17.96,8.82,0.09,0.0796,-1.3786,11.96,44300.51,7.9,91.76,-1.936,-0,-0.9998,128.34,120.56,133.35,24.95,Cornering,"Hoosier 43075 16x7.5-10 R20, 7 inch rim",20606
78.51,792.393,-7.83,148.29,-106.7,3.994,-17.41,7.59,0.03,0.0733,-1.3898,11.9,159866.14,7.9,91.75,-1.945,-0,-1,128.45,120.54,133.19,24.95,Cornering,"Hoosier 43075 16x7.5-10 R20, 7 inch rim",20607
78.51,792.403,-7.43,150.27,-105.79,3.99,-17.77,5.77,-0.04,0.0702,-1.4204,11.89,-99418.98,7.9,91.76,-1.997,-0,-1.0001,128.45,120.54,133.1,24.96,Cornering,"Hoosier 43075 16x7.5-10 R20, 7 inch rim",20608
78.48,792.413,-6.05,151.42,-104.39,3.993,-18.27,5.59,-0.04,0.058,-1.4505,11.92,-99462.12,7.9,91.77,-2.041,-0,-1.0001,128.45,120.54,133.02,24.97,Cornering,"Hoosier 43075 16x7.5-10 R20, 7 inch rim",20609
78.5,792.423,-5.54,152.4,-103.2,4.004,-17.7,5.33,-0.04,0.0537,-1.4767,12,-99529.08,7.9,91.79,-2.074,-0,-1.0001,128.38,120.59,132.96,24.99,Cornering,"Hoosier 43075 16x7.5-10 R20, 7 inch rim",20610
78.52,792.433,-4.79,153.83,-102.67,3.985,-16.55,6.25,0.03,0.0466,-1.4983,12.11,160180.72,7.9,91.78,-2.123,-0,-1,128.32,120.61,132.92,25,Cornering,"Hoosier 43075 16x7.5-10 R20, 7 inch rim",20611
78.49,792.443,-4.74,155.34,-101.94,3.984,-16.57,7.48,0.09,0.0465,-1.5239,12.14,44355.5,7.9,91.79,-2.156,-0,-0.9998,128.32,120.7,132.86,24.98,Cornering,"Hoosier 43075 16x7.5-10 R20, 7 inch rim",20612
78.48,792.453,-5.32,156.64,-101.05,3.994,-17.96,8.5,-0.11,0.0526,-1.5501,12.13,-37943.39,7.9,91.78,-2.209,-0,-1.0002,128.32,120.7,132.9,24.98,Cornering,"Hoosier 43075 16x7.5-10 R20, 7 inch rim",20613
78.5,792.463,-5.97,158.27,-102.15,3.991,-17.5,9.66,-0.04,0.0584,-1.5494,12.04,-99423.95,7.9,91.79,-2.25,-0,-1.0001,128.28,120.7,132.86,24.97,Cornering,"Hoosier 43075 16x7.5-10 R20, 7 inch rim",20614
78.51,792.473,-6.87,160.04,-102.8,3.982,-18.22,10.3,0.03,0.0668,-1.5568,12,159861.77,7.9,91.78,-2.306,-0,-1,128.21,120.56,132.8,24.96,Cornering,"Hoosier 43075 16x7.5-10 R20, 7 inch rim",20615
78.47,792.483,-6.48,162.4,-104.11,3.997,-18.44,11.42,0.09,0.0623,-1.5599,11.97,44277.28,7.9,91.79,-2.34,-0,-0.9998,128.1,120.43,132.7,24.94,Cornering,"Hoosier 43075 16x7.5-10 R20, 7 inch rim",20616
78.49,792.493,-5.07,165.16,-105.49,3.985,-18.94,12.69,0.09,0.0481,-1.5657,12.01,44275.47,7.9,91.77,-2.392,-0,-0.9998,128.02,120.28,132.6,24.94,Cornering,"Hoosier 43075 16x7.5-10 R20, 7 inch rim",20617
78.52,792.503,-3.55,167.74,-106.67,3.981,-18.8,13.38,0.09,0.0332,-1.5724,12.1,44284.17,7.9,91.77,-2.436,-0,-0.9998,128,120.21,132.54,24.95,Cornering,"Hoosier 43075 16x7.5-10 R20, 7 inch rim",20618
78.5,792.513,-1.59,170.08,-107.08,3.988,-18.17,13.84,-0.04,0.0149,-1.5883,12.18,-99336.55,7.9,91.76,-2.481,-0,-1.0001,128,120.15,132.44,24.95,Cornering,"Hoosier 43075 16x7.5-10 R20, 7 inch rim",20619
78.48,792.523,0.19,171.12,-106.15,3.987,-18.25,14.24,0.16,-0.0018,-1.6121,12.24,25713.86,7.9,91.73,-2.506,-0,-0.9997,128.02,120.15,132.4,24.96,Cornering,"Hoosier 43075 16x7.5-10 R20, 7 inch rim",20620
78.51,792.533,1.5,172.07,-104.34,3.993,-18.15,14.57,-0.04,-0.0144,-1.6492,12.19,-99446.09,7.9,91.74,-2.551,-0,-1.0001,128,120.08,132.36,24.98,Cornering,"Hoosier 43075 16x7.5-10 R20, 7 inch rim",20621
78.52,792.543,2.15,172.78,-103.31,3.996,-17.42,15.05,-0.04,-0.0209,-1.6725,12.12,-99465.26,7.9,91.75,-2.597,-0,-1.0001,127.85,120.15,132.3,24.98,Cornering,"Hoosier 43075 16x7.5-10 R20, 7 inch rim",20622
78.48,792.553,1.33,173.83,-102.03,3.982,-17.6,14.71,0.09,-0.013,-1.7037,12.04,44338.67,7.9,91.74,-2.629,-0,-0.9998,127.89,120.17,132.26,24.98,Cornering,"Hoosier 43075 16x7.5-10 R20, 7 inch rim",20623
78.49,792.563,-0.11,175.34,-101.75,3.991,-17.29,14.38,0.09,0.001,-1.7232,12,44295.73,7.9,91.74,-2.675,-0,-0.9998,127.93,120.21,132.26,24.96,Cornering,"Hoosier 43075 16x7.5-10 R20, 7 inch rim",20624
78.52,792.573,-1.82,176.47,-102.02,3.982,-17.55,13.94,0.09,0.0179,-1.7297,12.05,44304.55,7.9,91.72,-2.713,-0,-0.9998,127.91,120.23,132.3,24.97,Cornering,"Hoosier 43075 16x7.5-10 R20, 7 inch rim",20625
78.5,792.583,-3.94,177.72,-102.83,3.994,-18.05,12.97,-0.04,0.0383,-1.7282,12.11,-99499.44,7.9,91.7,-2.733,-0,-1.0001,127.87,120.19,132.28,25,Cornering,"Hoosier 43075 16x7.5-10 R20, 7 inch rim",20626
78.47,792.593,-5.06,179.26,-104.44,3.982,-17.95,12.22,0.09,0.0484,-1.7163,12.19,44384.35,7.9,91.72,-2.774,-0,-0.9998,127.72,120.12,132.24,25.01,Cornering,"Hoosier 43075 16x7.5-10 R20, 7 inch rim",20627
78.5,792.603,-5.27,181.11,-105.19,3.996,-19.25,11.56,0.09,0.0501,-1.7218,12.25,44393.05,7.9,91.72,-2.813,-0,-0.9998,127.63,120.04,132.22,25.02,Cornering,"Hoosier 43075 16x7.5-10 R20, 7 inch rim",20628
78.52,792.613,-5.61,183.43,-106.72,3.985,-18.97,9.77,0.03,0.0526,-1.7188,12.22,160047.17,7.9,91.71,-2.849,-0,-1,127.61,119.9,132.13,25,Cornering,"Hoosier 43075 16x7.5-10 R20, 7 inch rim",20629
78.49,792.623,-5.34,185.09,-106.68,3.997,-19.42,8.1,0.03,0.0501,-1.7351,12.17,159857.3,7.9,91.72,-2.877,-0,-1,127.61,119.88,132.05,24.97,Cornering,"Hoosier 43075 16x7.5-10 R20, 7 inch rim",20630
78.49,792.633,-4.01,185.88,-106.43,3.991,-19.21,7.46,-0.04,0.0377,-1.7465,12.08,-99366.41,7.9,91.7,-2.923,-0,-1.0001,127.57,119.9,132.05,24.97,Cornering,"Hoosier 43075 16x7.5-10 R20, 7 inch rim",20631
78.52,792.643,-3.06,186.54,-104.67,3.997,-18.67,7.11,0.03,0.0292,-1.7821,12,159917.86,7.9,91.63,-2.966,-0,-1,127.46,119.97,132.05,24.98,Cornering,"Hoosier 43075 16x7.5-10 R20, 7 inch rim",20632
78.51,792.653,-2.92,186.93,-103.43,3.997,-17.98,6.74,0.09,0.0282,-1.8073,12,44343.88,7.9,91.61,-3.002,-0,-0.9998,127.44,119.97,132.03,25,Cornering,"Hoosier 43075 16x7.5-10 R20, 7 inch rim",20633
78.48,792.663,-3.02,187.54,-102.69,3.987,-17.5,6.98,0.09,0.0294,-1.8264,12.05,44372.96,7.9,91.61,-3.042,-0,-0.9998,127.5,120.08,132.01,25.01,Cornering,"Hoosier 43075 16x7.5-10 R20, 7 inch rim",20634
78.5,792.673,-4.08,188.58,-101.87,3.987,-17.5,7.03,-0.04,0.04,-1.8512,12.12,-99511.54,7.9,91.59,-3.089,-0,-1.0001,127.59,120.15,131.99,25.01,Cornering,"Hoosier 43075 16x7.5-10 R20, 7 inch rim",20635
78.52,792.683,-4.81,189.99,-102.16,3.988,-17.1,7.89,-0.04,0.0471,-1.8597,12.15,-99460.76,7.9,91.59,-3.135,-0,-1.0001,127.65,120.17,132.03,25,Cornering,"Hoosier 43075 16x7.5-10 R20, 7 inch rim",20636
78.49,792.693,-6.35,190.93,-102.34,3.985,-18.09,7.8,0.03,0.062,-1.8657,12.12,159847.77,7.9,91.58,-3.171,-0,-1,127.72,120.1,132.01,24.97,Cornering,"Hoosier 43075 16x7.5-10 R20, 7 inch rim",20637
78.47,792.703,-6.83,192.18,-103.26,3.997,-19.06,8.53,0.03,0.0661,-1.8612,12.06,159803.48,7.9,91.61,-3.214,-0,-1,127.61,119.97,132.03,24.97,Cornering,"Hoosier 43075 16x7.5-10 R20, 7 inch rim",20638
78.51,792.713,-6.75,194.29,-104.49,3.991,-19.53,8.99,0.09,0.0646,-1.8594,11.97,44259.98,7.9,91.63,-3.264,-0,-0.9998,127.55,119.77,131.93,24.96,Cornering,"Hoosier 43075 16x7.5-10 R20, 7 inch rim",20639
78.5,792.723,-5.56,196.58,-106.53,3.997,-19.32,9.56,0.03,0.0522,-1.8454,11.92,159714.67,7.9,91.63,-3.3,-0,-1,127.57,119.66,131.85,24.96,Cornering,"Hoosier 43075 16x7.5-10 R20, 7 inch rim",20640
78.48,792.733,-3.87,198.63,-106.93,3.996,-19.55,10.11,-0.04,0.0362,-1.8576,11.91,-99278.4,7.9,91.62,-3.334,-0,-1.0001,127.61,119.6,131.79,24.96,Cornering,"Hoosier 43075 16x7.5-10 R20, 7 inch rim",20641
78.5,792.743,-1.99,199.87,-106.66,3.993,-19,10.51,0.03,0.0187,-1.874,11.95,159698.44,7.9,91.6,-3.393,-0,-1,127.61,119.6,131.67,24.96,Cornering,"Hoosier 43075 16x7.5-10 R20, 7 inch rim",20642
78.52,792.753,-0.02,200.7,-105.05,3.994,-18.87,11.29,0.09,0.0002,-1.9106,12.04,44242.1,7.9,91.58,-3.421,-0,-0.9998,127.74,119.6,131.69,24.95,Cornering,"Hoosier 43075 16x7.5-10 R20, 7 inch rim",20643
78.49,792.763,1.02,200.8,-104.17,4,-17.67,11.88,-0.04,-0.0098,-1.9276,12.1,-99194.1,7.9,91.57,-3.471,-0,-1.0001,127.65,119.62,131.71,24.94,Cornering,"Hoosier 43075 16x7.5-10 R20, 7 inch rim",20644
78.49,792.773,1.28,201.3,-102.05,3.994,-17.98,12.55,0.09,-0.0126,-1.9726,12.13,44227.6,7.9,91.54,-3.506,-0,-0.9998,127.65,119.64,131.63,24.94,Cornering,"Hoosier 43075 16x7.5-10 R20, 7 inch rim",20645
78.5,792.783,1.22,202.03,-101.33,3.996,-17.83,13.57,-0.04,-0.0121,-1.9938,12.08,-99209.04,7.9,91.54,-3.543,-0,-1.0001,127.72,119.71,131.65,24.94,Cornering,"Hoosier 43075 16x7.5-10 R20, 7 inch rim",20646
78.51,792.793,-0.18,203.01,-101.43,3.982,-17.41,13.67,0.03,0.0018,-2.0016,12.01,159511.84,7.9,91.55,-3.603,-0,-1,127.8,119.73,131.67,24.93,Cornering,"Hoosier 43075 16x7.5-10 R20, 7 inch rim",20647
78.48,792.803,-1.1,203.73,-101.63,3.998,-18.24,14.24,0.09,0.0108,-2.0047,11.93,44191.13,7.9,91.53,-3.616,-0,-0.9998,127.87,119.73,131.73,24.93,Cornering,"Hoosier 43075 16x7.5-10 R20, 7 inch rim",20648
78.48,792.813,-2.84,204.74,-102.67,3.996,-18.75,13.59,0.09,0.0277,-1.9941,11.91,44178.91,7.9,91.54,-3.653,-0,-0.9998,127.83,119.66,131.75,24.92,Cornering,"Hoosier 43075 16x7.5-10 R20, 7 inch rim",20649
78.52,792.823,-3.65,206.26,-104.33,3.988,-18.91,13.15,-0.04,0.035,-1.9769,11.97,-99213.88,7.9,91.55,-3.699,-0,-1.0001,127.72,119.55,131.73,24.95,Cornering,"Hoosier 43075 16x7.5-10 R20, 7 inch rim",20650
78.5,792.833,-3.79,208.16,-105.08,3.991,-20.03,12.27,-0.04,0.0361,-1.9809,12.05,-99254.65,7.9,91.57,-3.743,-0,-1.0001,127.65,119.46,131.73,24.96,Cornering,"Hoosier 43075 16x7.5-10 R20, 7 inch rim",20651
78.48,792.843,-3.87,209.8,-106.51,3.991,-19.98,10.66,0.03,0.0364,-1.9698,12.13,159702.59,7.9,91.57,-3.769,-0,-1,127.68,119.42,131.73,24.97,Cornering,"Hoosier 43075 16x7.5-10 R20, 7 inch rim",20652
78.5,792.853,-3.07,211.24,-106.45,3.982,-19.19,9.47,-0.04,0.0289,-1.9844,12.14,-99246.12,7.9,91.55,-3.814,-0,-1.0001,127.68,119.33,131.71,24.96,Cornering,"Hoosier 43075 16x7.5-10 R20, 7 inch rim",20653
78.51,792.863,-2.69,211.31,-105.13,3.985,-19.21,8.13,-0.04,0.0256,-2.01,12.1,-99217.61,7.9,91.53,-3.858,-0,-1.0001,127.7,119.4,131.73,24.96,Cornering,"Hoosier 43075 16x7.5-10 R20, 7 inch rim",20654
78.48,792.873,-2.29,211.38,-103.74,3.988,-18.12,7.32,0.03,0.022,-2.0376,12.04,159530.48,7.9,91.53,-3.889,-0,-1,127.63,119.42,131.73,24.94,Cornering,"Hoosier 43075 16x7.5-10 R20, 7 inch rim",20655
78.49,792.883,-2.52,211.42,-102.22,3.994,-17.49,6.92,0.03,0.0247,-2.0683,11.97,159487.36,7.9,91.55,-3.92,-0,-1,127.61,119.51,131.75,24.94,Cornering,"Hoosier 43075 16x7.5-10 R20, 7 inch rim",20656
78.51,792.893,-3.06,211.25,-101.5,3.985,-17.65,6.95,-0.04,0.0301,-2.0812,11.96,-99226.25,7.9,91.59,-3.973,-0,-1.0001,127.65,119.55,131.67,24.96,Cornering,"Hoosier 43075 16x7.5-10 R20, 7 inch rim",20657
78.5,792.903,-3.99,211.84,-101.22,3.988,-17.84,7.27,-0.04,0.0394,-2.0929,12.01,-99337.05,7.9,91.65,-4.007,-0,-1.0001,127.72,119.55,131.63,24.99,Cornering,"Hoosier 43075 16x7.5-10 R20, 7 inch rim",20658
78.48,792.913,-4.93,212.2,-101.78,3.981,-18.28,7.83,-0.04,0.0484,-2.085,12.08,-99424.03,7.9,91.71,-4.047,-0,-1.0001,127.85,119.6,131.59,25.01,Cornering,"Hoosier 43075 16x7.5-10 R20, 7 inch rim",20659
78.5,792.923,-6.25,212.82,-102.51,3.994,-18.95,8.09,-0.04,0.0609,-2.0761,12.19,-99396.7,7.9,91.75,-4.08,-0,-1.0001,127.78,119.53,131.43,25.01,Cornering,"Hoosier 43075 16x7.5-10 R20, 7 inch rim",20660
78.51,792.933,-6.17,214.25,-103.18,3.993,-20.02,8.88,0.03,0.0598,-2.0765,12.26,159816.42,7.9,91.8,-4.12,-0,-1,127.68,119.44,131.37,25,Cornering,"Hoosier 43075 16x7.5-10 R20, 7 inch rim",20661
78.49,792.943,-6.47,216.26,-105.06,3.984,-19.9,8.43,0.09,0.0616,-2.0584,12.25,44252.71,7.9,91.79,-4.17,-0,-0.9998,127.74,119.31,131.2,24.98,Cornering,"Hoosier 43075 16x7.5-10 R20, 7 inch rim",20662
78.49,792.953,-6.06,218.66,-106.3,3.99,-19.51,7.99,0.03,0.057,-2.057,12.19,159573.5,7.9,91.8,-4.216,-0,-1,127.72,119.24,131.06,24.96,Cornering,"Hoosier 43075 16x7.5-10 R20, 7 inch rim",20663
78.51,792.963,-4.32,220.22,-106.5,3.993,-19.31,8.49,0.03,0.0405,-2.0678,12.1,159565.39,7.9,91.79,-4.253,-0,-1,127.72,119.24,130.92,24.96,Cornering,"Hoosier 43075 16x7.5-10 R20, 7 inch rim",20664
78.5,792.973,-2.16,220.75,-105.7,4.006,-19,9.35,-0.04,0.0204,-2.0886,12.05,-99160.8,7.9,91.79,-4.293,-0,-1.0001,127.7,119.2,130.86,24.96,Cornering,"Hoosier 43075 16x7.5-10 R20, 7 inch rim",20665
78.48,792.983,-0.08,220.58,-104.7,3.996,-17.83,10.43,0.03,0.0008,-2.1068,12.06,159544.84,7.9,91.77,-4.346,-0,-1,127.74,119.22,130.88,24.96,Cornering,"Hoosier 43075 16x7.5-10 R20, 7 inch rim",20666
78.5,792.993,0.34,219.68,-102.73,3.996,-18.21,10.77,-0.04,-0.0033,-2.1384,12.12,-99148.31,7.9,91.82,-4.383,-0,-1.0001,127.74,119.24,130.92,24.96,Cornering,"Hoosier 43075 16x7.5-10 R20, 7 inch rim",20667
78.51,793.003,0.39,219.38,-101.15,4.007,-18.6,11.57,0.03,-0.0039,-2.1689,12.19,159416.31,7.9,91.83,-4.424,-0,-1,127.76,119.27,131,24.94,Cornering,"Hoosier 43075 16x7.5-10 R20, 7 inch rim",20668
78.5,793.013,-0.26,219.78,-101.46,3.987,-17.57,12.15,0.03,0.0025,-2.1663,12.24,159406.84,7.9,91.82,-4.465,-0,-1,127.85,119.38,131.12,24.94,Cornering,"Hoosier 43075 16x7.5-10 R20, 7 inch rim",20669
78.48,793.023,-1.01,219.78,-101.42,3.984,-18.32,13.1,0.16,0.01,-2.1669,12.22,25643.02,7.9,91.85,-4.514,-0,-0.9997,127.98,119.38,131.27,24.95,Cornering,"Hoosier 43075 16x7.5-10 R20, 7 inch rim",20670
78.51,793.033,-2.05,220.55,-101.52,3.984,-19.12,13.67,0.03,0.0202,-2.1725,12.16,159501.12,7.9,91.83,-4.538,-0,-1,127.98,119.4,131.37,24.96,Cornering,"Hoosier 43075 16x7.5-10 R20, 7 inch rim",20671
78.51,793.043,-2.96,221.85,-102.85,3.991,-19.3,13.87,0.03,0.0288,-2.157,12.06,159566.52,7.9,91.81,-4.575,-0,-1,127.91,119.38,131.43,24.97,Cornering,"Hoosier 43075 16x7.5-10 R20, 7 inch rim",20672
78.48,793.053,-3.12,223.5,-104.37,3.991,-19.76,13.89,0.03,0.0299,-2.1413,12,159556.73,7.9,91.77,-4.617,-0,-1,127.87,119.24,131.47,24.97,Cornering,"Hoosier 43075 16x7.5-10 R20, 7 inch rim",20673
78.49,793.062,-3.11,226.05,-105.51,3.994,-19.58,13.16,-0.04,0.0295,-2.1425,11.97,-99223.62,7.9,91.77,-4.66,-0,-1.0001,127.91,119.16,131.45,24.98,Cornering,"Hoosier 43075 16x7.5-10 R20, 7 inch rim",20674
78.52,793.073,-2.97,227.65,-106.42,4,-19.15,11.84,0.09,0.0279,-2.1391,12.02,44240.77,7.9,91.78,-4.686,-0,-0.9998,127.89,119.13,131.47,24.99,Cornering,"Hoosier 43075 16x7.5-10 R20, 7 inch rim",20675
78.5,793.083,-1.51,228.05,-105.84,4.009,-18.93,11.51,0.03,0.0143,-2.1547,12.09,159679.17,7.9,91.79,-4.724,-0,-1,127.91,119.11,131.53,25,Cornering,"Hoosier 43075 16x7.5-10 R20, 7 inch rim",20676
78.48,793.093,-0.78,226.97,-105.01,3.994,-18.1,10.62,0.09,0.0074,-2.1614,12.15,44245.07,7.9,91.81,-4.774,-0,-0.9998,127.89,119.09,131.61,25,Cornering,"Hoosier 43075 16x7.5-10 R20, 7 inch rim",20677
78.5,793.103,-0.36,225.29,-103.12,3.997,-18.57,10.17,-0.04,0.0035,-2.1846,12.14,-99178.84,7.9,91.83,-4.804,-0,-1.0001,127.89,119.13,131.69,24.98,Cornering,"Hoosier 43075 16x7.5-10 R20, 7 inch rim",20678
78.52,793.113,-1.15,224.59,-102.09,4.001,-18.01,9.3,0.03,0.0113,-2.1999,12.08,159466.05,7.9,91.85,-4.839,-0,-1,127.83,119.18,131.73,24.97,Cornering,"Hoosier 43075 16x7.5-10 R20, 7 inch rim",20679
78.48,793.122,-2.68,224.38,-101.18,4,-18.44,8.43,0.03,0.0265,-2.2175,12.03,159455.03,7.9,91.84,-4.883,-0,-1,127.91,119.22,131.81,24.97,Cornering,"Hoosier 43075 16x7.5-10 R20, 7 inch rim",20680
78.49,793.133,-3.58,224.37,-101.18,4.003,-18.59,8.97,0.03,0.0353,-2.2175,11.96,159444.64,7.9,91.82,-4.925,-0,-1,128,119.29,131.91,24.97,Cornering,"Hoosier 43075 16x7.5-10 R20, 7 inch rim",20681
78.51,793.143,-5.14,225.2,-101.62,3.991,-18.89,8.96,0.03,0.0506,-2.2162,11.92,159585.83,7.9,91.83,-4.952,-0,-1,128.08,119.35,131.99,24.99,Cornering,"Hoosier 43075 16x7.5-10 R20, 7 inch rim",20682
78.5,793.153,-5.77,226,-102.33,3.998,-19.24,9.54,0.03,0.0564,-2.2084,11.95,159649.69,7.9,91.83,-4.992,-0,-1,128.1,119.31,132.13,25,Cornering,"Hoosier 43075 16x7.5-10 R20, 7 inch rim",20683
78.48,793.163,-6.43,227.76,-103.09,3.996,-19.59,9.54,0.03,0.0623,-2.2093,12.02,159637.58,7.9,91.83,-5.039,-0,-1,128.04,119.22,132.13,25,Cornering,"Hoosier 43075 16x7.5-10 R20, 7 inch rim",20684
78.51,793.173,-6.22,230.27,-103.88,4.001,-19.77,9.7,0.03,0.0598,-2.2167,12.11,159553.95,7.9,91.83,-5.076,-0,-1,128.08,119.09,132.17,24.99,Cornering,"Hoosier 43075 16x7.5-10 R20, 7 inch rim",20685
78.51,793.182,-6,231.9,-104.78,3.997,-19.85,8.97,0.16,0.0573,-2.2132,12.14,25654.54,7.9,91.84,-5.125,-0,-0.9997,128.1,119.07,132.24,24.98,Cornering,"Hoosier 43075 16x7.5-10 R20, 7 inch rim",20686
78.48,793.193,-4.93,232.42,-105.14,3.99,-19.13,8.77,-0.04,0.0469,-2.2105,12.09,-99144.32,7.9,91.82,-5.168,-0,-1.0001,128.13,119.05,132.26,24.98,Cornering,"Hoosier 43075 16x7.5-10 R20, 7 inch rim",20687
78.49,793.203,-3.31,231.23,-104.03,4,-19.46,9.19,-0.04,0.0318,-2.2227,12.02,-99182.78,7.9,91.76,-5.214,-0,-1.0001,128.21,119.07,132.28,25,Cornering,"Hoosier 43075 16x7.5-10 R20, 7 inch rim",20688
78.51,793.213,-1.25,229.84,-103.32,3.987,-18.59,10.37,0.03,0.0121,-2.2246,11.95,159576.61,7.9,91.75,-5.271,-0,-1,128.19,119.11,132.32,25,Cornering,"Hoosier 43075 16x7.5-10 R20, 7 inch rim",20689
78.5,793.223,-0.24,228.48,-101.91,3.994,-18.63,11.38,0.09,0.0024,-2.242,11.93,44227.93,7.9,91.73,-5.303,-0,-0.9998,128.17,119.16,132.38,25.01,Cornering,"Hoosier 43075 16x7.5-10 R20, 7 inch rim",20690
78.48,793.233,-0.13,228.1,-100.71,3.993,-18.69,12.25,-0.04,0.0012,-2.2648,11.97,-99231.45,7.9,91.72,-5.336,-0,-1.0001,128.1,119.2,132.42,25.01,Cornering,"Hoosier 43075 16x7.5-10 R20, 7 inch rim",20691
78.5,793.242,-0.72,228.74,-100.78,3.988,-18.52,13.02,0.03,0.0072,-2.2696,12.04,159657.67,7.9,91.73,-5.381,-0,-1,128.23,119.24,132.48,25.02,Cornering,"Hoosier 43075 16x7.5-10 R20, 7 inch rim",20692
78.52,793.253,-2.13,229.96,-100.84,3.996,-18.26,13.23,-0.04,0.0211,-2.2805,12.12,-99194.07,7.9,91.72,-5.42,-0,-1.0001,128.3,119.29,132.58,25.01,Cornering,"Hoosier 43075 16x7.5-10 R20, 7 inch rim",20693
78.49,793.263,-2.62,231.38,-101.29,3.997,-18.56,14.23,-0.04,0.0259,-2.2842,12.11,-99162.45,7.9,91.72,-5.47,-0,-1.0001,128.28,119.27,132.62,25,Cornering,"Hoosier 43075 16x7.5-10 R20, 7 inch rim",20694
78.49,793.273,-2.98,233.15,-102.24,3.993,-18.86,14.8,0.03,0.0291,-2.2805,12.1,159439.45,7.9,91.72,-5.502,-0,-1,128.3,119.16,132.66,24.99,Cornering,"Hoosier 43075 16x7.5-10 R20, 7 inch rim",20695
78.51,793.283,-3.11,235.55,-103.14,3.988,-19.34,14.72,0.03,0.0301,-2.2839,12.03,159426.59,7.9,91.7,-5.548,-0,-1,128.28,119.07,132.68,24.99,Cornering,"Hoosier 43075 16x7.5-10 R20, 7 inch rim",20696
78.5,793.293,-2.78,237.35,-104.83,3.996,-18.95,14.27,0.03,0.0265,-2.264,11.95,159378.7,7.9,91.74,-5.586,-0,-1,128.25,118.94,132.66,24.98,Cornering,"Hoosier 43075 16x7.5-10 R20, 7 inch rim",20697
78.48,793.302,-1.83,237.82,-104.88,3.996,-19.51,13.87,0.03,0.0175,-2.2674,11.92,159368.52,7.9,91.77,-5.622,-0,-1,128.3,118.91,132.66,24.98,Cornering,"Hoosier 43075 16x7.5-10 R20, 7 inch rim",20698
78.5,793.312,-0.91,236.55,-104.29,3.99,-20.03,13.05,0.09,0.0087,-2.2682,11.94,44168.73,7.9,91.82,-5.671,-0,-0.9998,128.32,118.96,132.64,24.99,Cornering,"Hoosier 43075 16x7.5-10 R20, 7 inch rim",20699
78.52,793.323,0.2,234.37,-103.63,3.984,-19.29,12.93,-0.04,-0.0019,-2.2615,12,-99051.05,7.9,91.86,-5.711,-0,-1.0001,128.34,119,132.7,24.98,Cornering,"Hoosier 43075 16x7.5-10 R20, 7 inch rim",20700
78.49,793.333,0.52,232.57,-102.28,3.985,-18.81,12.73,0.03,-0.0051,-2.2738,12.08,159333.02,7.9,91.86,-5.745,-0,-1,128.4,118.96,132.78,24.98,Cornering,"Hoosier 43075 16x7.5-10 R20, 7 inch rim",20701
78.49,793.343,0.04,231.54,-100.83,3.987,-19.12,12.44,0.03,-0.0004,-2.2964,12.13,159286,7.9,91.83,-5.78,-0,-1,128.43,119,132.82,24.98,Cornering,"Hoosier 43075 16x7.5-10 R20, 7 inch rim",20702
78.51,793.353,-1.41,231.66,-100.51,3.993,-18.7,11.93,-0.04,0.014,-2.3049,12.08,-98916.93,7.9,91.83,-5.817,-0,-1.0001,128.49,119.09,132.92,24.96,Cornering,"Hoosier 43075 16x7.5-10 R20, 7 inch rim",20703
78.51,793.362,-2.81,232.87,-99.76,3.987,-18.74,11.78,0.03,0.0281,-2.3343,12.03,159154.03,7.9,91.81,-5.851,-0,-1,128.66,119.09,133,24.96,Cornering,"Hoosier 43075 16x7.5-10 R20, 7 inch rim",20704
78.48,793.372,-4.72,234.43,-100.4,3.997,-18.33,11.35,0.09,0.047,-2.3349,11.97,44089.86,7.9,91.76,-5.885,-0,-0.9998,128.73,119.09,133.16,24.96,Cornering,"Hoosier 43075 16x7.5-10 R20, 7 inch rim",20705
78.49,793.383,-5.9,235.71,-100.94,3.996,-18.98,11.15,-0.04,0.0585,-2.3351,11.97,-98941.16,7.9,91.78,-5.934,-0,-1.0001,128.77,119,133.27,24.97,Cornering,"Hoosier 43075 16x7.5-10 R20, 7 inch rim",20706
78.52,793.393,-6.19,237.54,-102.63,3.99,-19.1,11.22,-0.04,0.0603,-2.3145,12.03,-98955.55,7.9,91.79,-5.98,-0,-1.0001,128.68,118.94,133.31,24.97,Cornering,"Hoosier 43075 16x7.5-10 R20, 7 inch rim",20707
78.49,793.403,-5.65,238.83,-104.05,4.001,-19.6,11.38,0.03,0.0543,-2.2953,12.11,159217.62,7.9,91.8,-6.009,-0,-1,128.75,118.91,133.31,24.98,Cornering,"Hoosier 43075 16x7.5-10 R20, 7 inch rim",20708
78.49,793.413,-5.05,239.52,-104.56,3.991,-20.13,10.71,0.03,0.0483,-2.2908,12.19,159167.58,7.9,91.85,-6.052,-0,-1,128.77,118.87,133.29,24.97,Cornering,"Hoosier 43075 16x7.5-10 R20, 7 inch rim",20709
78.5,793.423,-3.67,238.79,-104.75,3.981,-19.42,10.6,0.03,0.0351,-2.2797,12.25,159007.5,7.9,91.85,-6.092,-0,-1,128.83,118.89,133.35,24.95,Cornering,"Hoosier 43075 16x7.5-10 R20, 7 inch rim",20710
78.51,793.432,-2.94,236.83,-103.36,3.985,-19.76,10.11,0.03,0.0284,-2.2913,12.23,158921.27,7.9,91.9,-6.132,-0,-1,128.79,118.94,133.41,24.94,Cornering,"Hoosier 43075 16x7.5-10 R20, 7 inch rim",20711
78.48,793.443,-1.82,235.22,-102.28,3.984,-18.6,10.81,0.03,0.0178,-2.2998,12.17,158907.03,7.9,91.87,-6.178,-0,-1,128.81,118.94,133.43,24.94,Cornering,"Hoosier 43075 16x7.5-10 R20, 7 inch rim",20712
78.49,793.453,-1.3,234.32,-100.69,3.993,-18.48,11.5,-0.04,0.013,-2.3271,12.06,-98750.41,7.9,91.85,-6.212,-0,-1.0001,128.83,118.89,133.51,24.93,Cornering,"Hoosier 43075 16x7.5-10 R20, 7 inch rim",20713
78.51,793.463,-1.3,234.23,-99.56,3.996,-18.78,12.66,-0.11,0.013,-2.3526,12.01,-37673.45,7.9,91.79,-6.252,-0,-1.0002,128.79,118.94,133.59,24.94,Cornering,"Hoosier 43075 16x7.5-10 R20, 7 inch rim",20714
78.5,793.473,-1.96,235.35,-99.63,3.988,-18.24,13.59,0.09,0.0197,-2.3622,12.04,44033.97,7.9,91.77,-6.301,-0,-0.9998,128.88,118.94,133.69,24.94,Cornering,"Hoosier 43075 16x7.5-10 R20, 7 inch rim",20715
78.48,793.483,-2.67,236.7,-99.52,3.996,-18.82,14.66,0.09,0.0268,-2.3785,12.1,44051.27,7.9,91.74,-6.337,-0,-0.9998,128.92,118.96,133.81,24.96,Cornering,"Hoosier 43075 16x7.5-10 R20, 7 inch rim",20716
78.5,793.492,-3.59,238.05,-100.38,3.979,-18.78,15.08,0.09,0.0358,-2.3715,12.18,44057.56,7.9,91.71,-6.381,-0,-0.9998,128.94,118.87,133.87,24.96,Cornering,"Hoosier 43075 16x7.5-10 R20, 7 inch rim",20717
78.52,793.503,-3.85,239.35,-101.5,3.981,-19.53,15.71,0.03,0.0379,-2.3581,12.22,158975.98,7.9,91.65,-6.425,-0,-1,128.92,118.76,133.95,24.96,Cornering,"Hoosier 43075 16x7.5-10 R20, 7 inch rim",20718
78.48,793.513,-3.91,241.3,-103.13,3.988,-19.59,15.49,-0.04,0.0379,-2.3397,12.2,-98839.78,7.9,91.61,-6.455,-0,-1.0001,128.92,118.65,133.97,24.97,Cornering,"Hoosier 43075 16x7.5-10 R20, 7 inch rim",20719
78.48,793.523,-3.69,242.53,-103.64,4,-20.31,14.83,0.03,0.0356,-2.3402,12.17,159099.36,7.9,91.58,-6.5,-0,-1,128.96,118.58,133.99,24.98,Cornering,"Hoosier 43075 16x7.5-10 R20, 7 inch rim",20720
78.51,793.533,-2.45,242.44,-104.18,3.993,-19.94,14.47,-0.04,0.0235,-2.327,12.06,-98939.05,7.9,91.55,-6.531,-0,-1.0001,128.98,118.54,134.05,25,Cornering,"Hoosier 43075 16x7.5-10 R20, 7 inch rim",20721
78.49,793.543,-1.13,241.11,-102.95,3.996,-19.63,14.3,0.03,0.0109,-2.3421,11.99,159220.52,7.9,91.55,-6.58,-0,-1,128.94,118.65,134.07,25.01,Cornering,"Hoosier 43075 16x7.5-10 R20, 7 inch rim",20722
78.48,793.552,-0.54,238.86,-101.78,3.997,-19.37,13.67,0.03,0.0053,-2.347,11.99,159172.66,7.9,91.53,-6.613,-0,-1,128.94,118.63,134.18,25,Cornering,"Hoosier 43075 16x7.5-10 R20, 7 inch rim",20723
78.5,793.562,-0.29,237.26,-100.46,3.988,-18.68,13.64,0.09,0.0029,-2.3618,12.03,44094.01,7.9,91.56,-6.654,-0,-0.9998,128.9,118.67,134.22,25,Cornering,"Hoosier 43075 16x7.5-10 R20, 7 inch rim",20724
78.52,793.573,-0.81,236.73,-99.79,3.997,-18.12,13.47,0.03,0.0081,-2.3722,12.11,159108.84,7.9,91.57,-6.693,-0,-1,128.9,118.69,134.34,25,Cornering,"Hoosier 43075 16x7.5-10 R20, 7 inch rim",20725
78.5,793.583,-2.36,237.52,-99.32,3.985,-17.77,12.86,-0.04,0.0237,-2.3914,12.18,-98920.6,7.9,91.58,-6.73,-0,-1.0001,128.98,118.8,134.48,25,Cornering,"Hoosier 43075 16x7.5-10 R20, 7 inch rim",20726
78.48,793.593,-3.7,238.58,-99.41,3.993,-17.76,12.87,0.09,0.0372,-2.3999,12.19,44093.22,7.9,91.56,-6.772,-0,-0.9998,129.16,118.85,134.62,25,Cornering,"Hoosier 43075 16x7.5-10 R20, 7 inch rim",20727
78.51,793.603,-4.83,239.7,-99.64,3.985,-18.67,13.08,-0.04,0.0485,-2.4058,12.14,-98903.59,7.9,91.54,-6.81,-0,-1.0001,129.22,118.76,134.76,25,Cornering,"Hoosier 43075 16x7.5-10 R20, 7 inch rim",20728
78.5,793.612,-5.62,240.98,-100.42,3.985,-19.56,13.19,-0.04,0.0559,-2.3999,12.05,-98847.01,7.9,91.54,-6.861,-0,-1.0001,129.24,118.72,134.86,24.99,Cornering,"Hoosier 43075 16x7.5-10 R20, 7 inch rim",20729
78.47,793.622,-5.96,242.74,-101.85,3.997,-19.83,12.91,0.09,0.0585,-2.3834,11.98,44071.25,7.9,91.49,-6.895,-0,-0.9998,129.22,118.69,134.9,25,Cornering,"Hoosier 43075 16x7.5-10 R20, 7 inch rim",20730
78.49,793.633,-5.69,244.49,-102.74,4.003,-20.14,12.65,0.03,0.0554,-2.3796,11.92,159029.27,7.9,91.46,-6.925,-0,-1,129.22,118.65,134.92,25,Cornering,"Hoosier 43075 16x7.5-10 R20, 7 inch rim",20731
78.53,793.643,-4.56,244.69,-103.55,4.004,-20.13,12.61,-0.04,0.044,-2.3629,11.94,-98868.68,7.9,91.46,-6.972,-0,-1.0001,129.26,118.58,134.96,25,Cornering,"Hoosier 43075 16x7.5-10 R20, 7 inch rim",20732
78.49,793.653,-3.27,244,-103.77,3.987,-18.46,12.46,-0.04,0.0316,-2.3514,12,-98791.47,7.9,91.45,-7.011,-0,-1.0001,129.22,118.58,135,24.98,Cornering,"Hoosier 43075 16x7.5-10 R20, 7 inch rim",20733
78.47,793.663,-1.57,241.56,-102.22,3.991,-18.46,13.03,0.03,0.0154,-2.3632,12.08,158908.17,7.9,91.4,-7.06,-0,-1,129.2,118.67,135.1,24.98,Cornering,"Hoosier 43075 16x7.5-10 R20, 7 inch rim",20734
78.51,793.672,-0.6,239.57,-100.45,3.997,-18.15,13.63,0.03,0.006,-2.3849,12.09,158712.64,7.9,91.4,-7.091,-0,-1,129.26,118.63,135.19,24.96,Cornering,"Hoosier 43075 16x7.5-10 R20, 7 inch rim",20735
78.51,793.682,-0.49,238.07,-99.25,4.003,-18.32,14.01,0.03,0.0049,-2.3988,12.03,158659.42,7.9,91.41,-7.137,-0,-1,129.18,118.67,135.25,24.95,Cornering,"Hoosier 43075 16x7.5-10 R20, 7 inch rim",20736
78.48,793.693,-0.98,237.93,-98.85,3.993,-18.18,14.8,0.03,0.0099,-2.4069,11.99,158534.97,7.9,91.45,-7.176,-0,-1,129.22,118.83,135.37,24.93,Cornering,"Hoosier 43075 16x7.5-10 R20, 7 inch rim",20737
78.49,793.703,-2.02,238.64,-98.7,4.006,-18.35,15.43,-0.04,0.0204,-2.4179,11.92,-98516.55,7.9,91.46,-7.217,-0,-1.0001,129.24,118.94,135.51,24.93,Cornering,"Hoosier 43075 16x7.5-10 R20, 7 inch rim",20738
78.52,793.713,-2.96,239.65,-99.2,3.991,-18.69,15.95,0.03,0.0299,-2.4159,11.9,158357.52,7.9,91.52,-7.259,-0,-1,129.39,118.94,135.67,24.91,Cornering,"Hoosier 43075 16x7.5-10 R20, 7 inch rim",20739
78.49,793.723,-3.91,240.94,-99.75,3.985,-19.28,16.19,-0.04,0.0392,-2.4155,11.95,-98517.41,7.9,91.57,-7.314,-0,-1.0001,129.39,118.87,135.75,24.93,Cornering,"Hoosier 43075 16x7.5-10 R20, 7 inch rim",20740
78.48,793.732,-4.42,242.79,-100.21,3.994,-20.25,16.37,0.09,0.0441,-2.4228,12.03,43915.36,7.9,91.61,-7.335,-0,-0.9998,129.37,118.8,135.89,24.93,Cornering,"Hoosier 43075 16x7.5-10 R20, 7 inch rim",20741
78.51,793.742,-4.38,244.78,-101.9,3.993,-19.54,16.14,-0.04,0.043,-2.4021,12.12,-98503.98,7.9,91.64,-7.373,-0,-1.0001,129.41,118.67,135.91,24.93,Cornering,"Hoosier 43075 16x7.5-10 R20, 7 inch rim",20742
78.51,793.753,-3.75,245.77,-102.39,3.982,-19.74,15.71,-0.18,0.0367,-2.4004,12.15,-23195.48,7.9,91.65,-7.422,-0,-1.0003,129.52,118.61,135.91,24.92,Cornering,"Hoosier 43075 16x7.5-10 R20, 7 inch rim",20743
78.48,793.763,-2.85,245.15,-103.09,4,-18.6,15.29,0.03,0.0276,-2.378,12.12,158287.41,7.9,91.63,-7.449,-0,-1,129.52,118.5,135.99,24.91,Cornering,"Hoosier 43075 16x7.5-10 R20, 7 inch rim",20744
78.49,793.773,-1.73,242.92,-101.76,3.991,-19,14.83,0.09,0.017,-2.3873,12.08,43887.75,7.9,91.61,-7.503,-0,-0.9998,129.58,118.58,136.07,24.93,Cornering,"Hoosier 43075 16x7.5-10 R20, 7 inch rim",20745
78.52,793.783,-1.33,240.38,-101.02,3.996,-18.42,14.16,-0.04,0.0131,-2.3796,12.01,-98558.66,7.9,91.6,-7.532,-0,-1.0001,129.52,118.63,136.18,24.96,Cornering,"Hoosier 43075 16x7.5-10 R20, 7 inch rim",20746
78.5,793.792,-1.38,238.43,-99.58,3.994,-18.5,13.88,0.09,0.0139,-2.3943,11.97,43962.5,7.9,91.59,-7.569,-0,-0.9998,129.58,118.63,136.24,24.97,Cornering,"Hoosier 43075 16x7.5-10 R20, 7 inch rim",20747
78.47,793.802,-2.41,238.11,-99.13,3.99,-18.33,13.32,0.03,0.0243,-2.402,12,158590.27,7.9,91.59,-7.622,-0,-1,129.56,118.74,136.34,24.97,Cornering,"Hoosier 43075 16x7.5-10 R20, 7 inch rim",20748
78.5,793.812,-3.25,238.49,-98.16,3.994,-19.04,13.67,0.03,0.0331,-2.4297,12.05,158578.2,7.9,91.57,-7.654,-0,-1,129.71,118.8,136.5,24.97,Cornering,"Hoosier 43075 16x7.5-10 R20, 7 inch rim",20749
78.52,793.823,-4.25,239.78,-98.79,3.991,-18.45,14.13,0.03,0.043,-2.4272,12.17,158492.48,7.9,91.59,-7.685,-0,-1,129.88,118.8,136.66,24.96,Cornering,"Hoosier 43075 16x7.5-10 R20, 7 inch rim",20750
78.48,793.833,-5.42,241.32,-98.77,3.994,-19.15,14.46,0.16,0.0549,-2.4433,12.2,25488.24,7.9,91.59,-7.743,-0,-0.9997,130.04,118.83,136.82,24.96,Cornering,"Hoosier 43075 16x7.5-10 R20, 7 inch rim",20751
78.48,793.843,-5.9,243.41,-99.83,3.994,-18.22,14.83,-0.04,0.0591,-2.4382,12.2,-98567.9,7.9,91.61,-7.781,-0,-1.0001,130.01,118.76,136.96,24.97,Cornering,"Hoosier 43075 16x7.5-10 R20, 7 inch rim",20752
78.51,793.852,-6.06,244.85,-100.25,3.985,-19.63,14.85,0.09,0.0604,-2.4424,12.14,43986.86,7.9,91.66,-7.818,-0,-0.9998,130.08,118.69,137.09,25,Cornering,"Hoosier 43075 16x7.5-10 R20, 7 inch rim",20753
78.5,793.862,-5.07,246.33,-101.98,3.997,-18.81,15.19,-0.04,0.0498,-2.4155,12.06,-98709.19,7.9,91.67,-7.859,-0,-1.0001,130.06,118.61,137.15,25.01,Cornering,"Hoosier 43075 16x7.5-10 R20, 7 inch rim",20754
78.48,793.872,-3.99,245.74,-102.21,3.988,-19.94,14.99,0.03,0.0391,-2.4042,11.99,158850.78,7.9,91.68,-7.899,-0,-1,130.08,118.56,137.25,25.03,Cornering,"Hoosier 43075 16x7.5-10 R20, 7 inch rim",20755
78.5,793.883,-2.88,244.06,-102.28,3.984,-19.46,14.53,-0.04,0.0282,-2.3862,11.97,-98713.73,7.9,91.68,-7.933,-0,-1.0001,130.06,118.54,137.33,25.02,Cornering,"Hoosier 43075 16x7.5-10 R20, 7 inch rim",20756
78.51,793.893,-1.02,241.66,-101.95,4.003,-18.48,15.29,-0.11,0.01,-2.3703,12.02,-37623.73,7.9,91.65,-7.973,-0,-1.0002,130.08,118.58,137.43,25,Cornering,"Hoosier 43075 16x7.5-10 R20, 7 inch rim",20757
78.48,793.903,-0.55,239.41,-100.34,3.993,-18.54,15.2,0.09,0.0054,-2.3861,12.09,43954.14,7.9,91.63,-8.023,-0,-0.9998,130.06,118.61,137.51,25,Cornering,"Hoosier 43075 16x7.5-10 R20, 7 inch rim",20758
78.48,793.912,-0.54,238.4,-99.32,3.998,-18.32,15.54,0.03,0.0054,-2.4004,12.17,158528.02,7.9,91.61,-8.062,-0,-1,130.06,118.67,137.63,24.98,Cornering,"Hoosier 43075 16x7.5-10 R20, 7 inch rim",20759
78.51,793.922,-0.9,238.8,-98.35,3.998,-18.12,16.3,0.03,0.0092,-2.428,12.17,158436.52,7.9,91.58,-8.106,-0,-1,130.16,118.83,137.83,24.97,Cornering,"Hoosier 43075 16x7.5-10 R20, 7 inch rim",20760
78.5,793.932,-2.12,240.26,-98.19,3.978,-17.66,16.42,0.03,0.0216,-2.4469,12.14,158311.66,7.9,91.53,-8.142,-0,-1,130.31,118.87,138.01,24.96,Cornering,"Hoosier 43075 16x7.5-10 R20, 7 inch rim",20761
78.47,793.943,-3.16,241.29,-98.5,3.998,-18.13,16.76,0.03,0.0321,-2.4496,12.04,158219.42,7.9,91.5,-8.188,-0,-1,130.51,118.87,138.18,24.94,Cornering,"Hoosier 43075 16x7.5-10 R20, 7 inch rim",20762
78.49,793.953,-4.14,243.14,-98.66,4.006,-18.64,16.85,-0.04,0.0419,-2.4643,11.97,-98346.05,7.9,91.47,-8.214,-0,-1.0001,130.57,118.8,138.36,24.94,Cornering,"Hoosier 43075 16x7.5-10 R20, 7 inch rim",20763
78.52,793.963,-4.85,244.68,-100.35,3.994,-18.75,16.39,0.09,0.0484,-2.4383,11.9,43825.93,7.9,91.47,-8.257,-0,-0.9998,130.55,118.74,138.54,24.94,Cornering,"Hoosier 43075 16x7.5-10 R20, 7 inch rim",20764
78.49,793.972,-4.84,246.03,-101.39,3.981,-19.42,15.89,0.09,0.0477,-2.4264,11.92,43840.56,7.9,91.49,-8.307,-0,-0.9998,130.57,118.63,138.62,24.95,Cornering,"Hoosier 43075 16x7.5-10 R20, 7 inch rim",20765
78.48,793.982,-4.48,246.02,-101.9,3.991,-20.19,15.18,0.09,0.0439,-2.4142,12,43847.78,7.9,91.49,-8.333,-0,-0.9998,130.66,118.56,138.68,24.96,Cornering,"Hoosier 43075 16x7.5-10 R20, 7 inch rim",20766
78.51,793.992,-3.46,244.65,-102.27,3.994,-19.36,14.74,0.03,0.0339,-2.3922,12.08,158140.67,7.9,91.51,-8.378,-0,-1,130.64,118.5,138.76,24.94,Cornering,"Hoosier 43075 16x7.5-10 R20, 7 inch rim",20767
78.51,794.003,-2.46,241.77,-101.08,3.996,-19.43,14.4,0.16,0.0244,-2.3918,12.12,25421.47,7.9,91.52,-8.407,-0,-0.9997,130.64,118.61,138.82,24.93,Cornering,"Hoosier 43075 16x7.5-10 R20, 7 inch rim",20768
78.47,794.013,-1.17,239.24,-100.13,3.993,-18.62,14.94,0.16,0.0117,-2.3894,12.11,25430.09,7.9,91.55,-8.454,-0,-0.9997,130.66,118.63,138.96,24.94,Cornering,"Hoosier 43075 16x7.5-10 R20, 7 inch rim",20769
78.49,794.023,-1.27,237.76,-98.53,3.99,-18.48,14.74,-0.04,0.0129,-2.413,12.06,-98365.8,7.9,91.58,-8.49,-0,-1.0001,130.55,118.67,139.03,24.97,Cornering,"Hoosier 43075 16x7.5-10 R20, 7 inch rim",20770
78.51,794.032,-2.15,237.69,-97.8,3.996,-18.02,14.69,0.03,0.022,-2.4305,11.98,158331.97,7.9,91.56,-8.534,-0,-1,130.57,118.65,139.27,24.98,Cornering,"Hoosier 43075 16x7.5-10 R20, 7 inch rim",20771
78.5,794.042,-3,238.8,-98.03,3.994,-17.56,15.6,0.09,0.0306,-2.4361,11.95,43889.88,7.9,91.62,-8.582,-0,-0.9998,130.68,118.8,139.43,25,Cornering,"Hoosier 43075 16x7.5-10 R20, 7 inch rim",20772
78.48,794.052,-4.14,240.34,-97.66,3.99,-18.19,15.81,-0.04,0.0424,-2.461,11.95,-98376.1,7.9,91.6,-8.623,-0,-1.0001,130.83,118.85,139.59,24.98,Cornering,"Hoosier 43075 16x7.5-10 R20, 7 inch rim",20773
78.51,794.062,-4.87,241.92,-98.43,3.994,-18.22,16.64,0.09,0.0495,-2.4577,11.99,43820.63,7.9,91.61,-8.65,-0,-0.9998,130.91,118.78,139.73,24.96,Cornering,"Hoosier 43075 16x7.5-10 R20, 7 inch rim",20774
78.51,794.073,-5.32,243.8,-99.07,3.998,-19.05,16.94,-0.04,0.0537,-2.4608,12.08,-98245.45,7.9,91.59,-8.685,-0,-1.0001,130.89,118.65,139.91,24.95,Cornering,"Hoosier 43075 16x7.5-10 R20, 7 inch rim",20775
78.48,794.083,-5.69,245.62,-100.34,3.988,-19.6,16.36,0.09,0.0567,-2.4479,12.14,43831.86,7.9,91.58,-8.726,-0,-0.9998,130.85,118.56,139.97,24.97,Cornering,"Hoosier 43075 16x7.5-10 R20, 7 inch rim",20776
78.5,794.093,-4.89,246.79,-101.56,3.987,-19.81,16.3,0.03,0.0481,-2.4301,12.17,158186.92,7.9,91.57,-8.785,-0,-1,130.94,118.58,140.02,24.98,Cornering,"Hoosier 43075 16x7.5-10 R20, 7 inch rim",20777
78.51,794.102,-3.83,246.25,-102.72,3.987,-19.29,15.94,-0.04,0.0373,-2.3973,12.12,-98482.34,7.9,91.59,-8.821,-0,-1.0001,131,118.5,140.04,25.02,Cornering,"Hoosier 43075 16x7.5-10 R20, 7 inch rim",20778
78.5,794.112,-2.5,244.13,-102.05,4.003,-19.82,15.83,0.03,0.0245,-2.3923,12.03,158520.5,7.9,91.61,-8.861,-0,-1,131.04,118.47,140.16,25.04,Cornering,"Hoosier 43075 16x7.5-10 R20, 7 inch rim",20779
78.48,794.122,-1.24,242.16,-101.42,3.981,-18.62,15.76,0.03,0.0122,-2.3877,11.99,158540.67,7.9,91.62,-8.898,-0,-1,130.98,118.56,140.2,25.04,Cornering,"Hoosier 43075 16x7.5-10 R20, 7 inch rim",20780
78.5,794.133,-0.61,240.59,-99.7,4.001,-18.6,15.92,0.03,0.0061,-2.4131,11.99,158450.7,7.9,91.59,-8.935,-0,-1,131,118.61,140.32,25.03,Cornering,"Hoosier 43075 16x7.5-10 R20, 7 inch rim",20781
78.52,794.143,-0.98,240.1,-99.09,3.997,-17.87,15.84,0.09,0.0098,-2.423,12.04,43851.87,7.9,91.57,-8.978,-0,-0.9998,130.98,118.63,140.48,25,Cornering,"Hoosier 43075 16x7.5-10 R20, 7 inch rim",20782
78.49,794.153,-1.72,240.54,-98.27,3.99,-18.09,16.15,0.03,0.0175,-2.4476,12.11,158120.64,7.9,91.54,-9.017,-0,-1,131.09,118.76,140.66,24.98,Cornering,"Hoosier 43075 16x7.5-10 R20, 7 inch rim",20783
78.49,794.162,-2.85,241.93,-98.12,3.988,-18.18,16.38,-0.04,0.029,-2.4657,12.17,-98233.58,7.9,91.53,-9.06,-0,-1.0001,131.26,118.78,140.88,24.97,Cornering,"Hoosier 43075 16x7.5-10 R20, 7 inch rim",20784
78.52,794.172,-4.23,243.16,-98.31,3.991,-19.18,16.46,0.03,0.043,-2.4735,12.18,157977.66,7.9,91.54,-9.09,-0,-0.9999,131.39,118.76,141.03,24.97,Cornering,"Hoosier 43075 16x7.5-10 R20, 7 inch rim",20785
78.5,794.182,-5.11,244.9,-98.83,3.991,-19.47,16.52,0.03,0.0517,-2.4779,12.13,157885.47,7.9,91.55,-9.131,-0,-0.9999,131.49,118.67,141.19,24.96,Cornering,"Hoosier 43075 16x7.5-10 R20, 7 inch rim",20786
78.48,794.193,-5.49,246.87,-100.73,3.997,-19.05,16.62,0.03,0.0545,-2.4508,12.06,157869.83,7.9,91.54,-9.166,-0,-0.9999,131.45,118.58,141.29,24.96,Cornering,"Hoosier 43075 16x7.5-10 R20, 7 inch rim",20787
78.5,794.203,-5.42,248.2,-102.24,3.998,-19.72,16.3,0.03,0.053,-2.4275,12.03,157847.56,7.9,91.58,-9.215,-0,-0.9999,131.47,118.54,141.33,24.96,Cornering,"Hoosier 43075 16x7.5-10 R20, 7 inch rim",20788
78.52,794.213,-4.84,248.64,-103.73,3.99,-18.84,15.78,0.09,0.0467,-2.3969,12.04,43746.31,7.9,91.55,-9.252,-0,-0.9998,131.56,118.52,141.37,24.96,Cornering,"Hoosier 43075 16x7.5-10 R20, 7 inch rim",20789
78.49,794.222,-3.96,247.33,-103.05,3.996,-19.37,15.4,-0.04,0.0385,-2.4001,12.11,-98120.88,7.9,91.59,-9.296,-0,-1.0001,131.6,118.5,141.45,24.96,Cornering,"Hoosier 43075 16x7.5-10 R20, 7 inch rim",20790
78.49,794.232,-2.69,245.15,-102.54,3.991,-18.48,15.41,0.09,0.0263,-2.3907,12.19,43746.74,7.9,91.64,-9.328,-0,-0.9998,131.56,118.58,141.53,24.97,Cornering,"Hoosier 43075 16x7.5-10 R20, 7 inch rim",20791
78.51,794.242,-1.62,242.55,-100.97,3.996,-18.52,15.72,0.09,0.016,-2.4022,12.22,43750.06,7.9,91.67,-9.381,-0,-0.9998,131.52,118.63,141.65,24.97,Cornering,"Hoosier 43075 16x7.5-10 R20, 7 inch rim",20792
78.51,794.253,-1.34,241.08,-99.74,3.996,-18.38,15.93,0.03,0.0135,-2.4171,12.22,157866.61,7.9,91.64,-9.411,-0,-0.9999,131.52,118.63,141.75,24.97,Cornering,"Hoosier 43075 16x7.5-10 R20, 7 inch rim",20793
78.48,794.263,-2.34,241,-98.89,4.003,-18.31,15.63,0.03,0.0237,-2.4371,12.15,157883.75,7.89,91.64,-9.452,-0,-0.9999,131.64,118.69,141.94,24.98,Cornering,"Hoosier 43075 16x7.5-10 R20, 7 inch rim",20794
78.5,794.273,-3.03,241.92,-98.72,4,-18.59,16.08,-0.04,0.0307,-2.4506,12.08,-98224.55,7.9,91.65,-9.488,-0,-1.0001,131.77,118.76,142.16,25,Cornering,"Hoosier 43075 16x7.5-10 R20, 7 inch rim",20795
78.51,794.282,-3.37,243.33,-98.69,3.996,-19.16,17.2,-0.04,0.0341,-2.4655,12.03,-98230.87,7.9,91.64,-9.544,-0,-1.0001,131.86,118.8,142.38,25.01,Cornering,"Hoosier 43075 16x7.5-10 R20, 7 inch rim",20796
78.49,794.292,-4.47,244.95,-99.45,3.987,-19.54,17.27,-0.04,0.0449,-2.4631,12.05,-98287.3,7.9,91.61,-9.584,-0,-1.0001,131.97,118.74,142.48,25.03,Cornering,"Hoosier 43075 16x7.5-10 R20, 7 inch rim",20797
78.48,794.302,-5.17,247.29,-100.07,3.996,-20.01,17.11,-0.04,0.0516,-2.4713,12.09,-98164.54,7.9,91.63,-9.614,-0,-1.0001,131.99,118.65,142.64,25,Cornering,"Hoosier 43075 16x7.5-10 R20, 7 inch rim",20798
78.5,794.312,-5.29,249.1,-101.68,3.996,-19.96,17.04,0.09,0.052,-2.4498,12.17,43714.57,7.89,91.63,-9.651,-0,-0.9998,131.99,118.56,142.74,24.97,Cornering,"Hoosier 43075 16x7.5-10 R20, 7 inch rim",20799
78.52,794.323,-4.86,250.46,-103.14,3.99,-19.31,16.59,0.03,0.0471,-2.4282,12.24,157660.06,7.9,91.63,-9.691,-0,-0.9999,132.03,118.52,142.8,24.96,Cornering,"Hoosier 43075 16x7.5-10 R20, 7 inch rim",20800
78.48,794.333,-3.52,249.87,-103.45,3.988,-19.23,16.58,0.09,0.034,-2.4153,12.25,43692.38,7.9,91.62,-9.741,-0,-0.9998,132.07,118.45,142.88,24.97,Cornering,"Hoosier 43075 16x7.5-10 R20, 7 inch rim",20801
78.49,794.342,-2.65,247.68,-103.13,3.987,-19.22,15.99,0.03,0.0257,-2.4015,12.16,157726.92,7.9,91.6,-9.78,-0,-0.9999,132.09,118.41,142.99,24.98,Cornering,"Hoosier 43075 16x7.5-10 R20, 7 inch rim",20802
78.53,794.352,-1.63,245.12,-102.2,3.993,-18.67,15.87,-0.04,0.016,-2.3984,12.06,-98123.58,7.9,91.55,-9.826,-0,-1.0001,132.05,118.43,143.09,25,Cornering,"Hoosier 43075 16x7.5-10 R20, 7 inch rim",20803
78.5,794.362,-0.94,243.02,-100.93,3.993,-18.78,16.06,-0.04,0.0093,-2.4078,11.97,-98066.75,7.89,91.56,-9.863,-0,-1.0001,132.09,118.47,143.21,24.99,Cornering,"Hoosier 43075 16x7.5-10 R20, 7 inch rim",20804
78.48,794.372,-1.02,242.19,-100.1,3.996,-18.36,16.4,-0.04,0.0102,-2.4195,11.97,-98054.51,7.89,91.56,-9.903,-0,-1.0001,132.14,118.5,143.41,24.99,Cornering,"Hoosier 43075 16x7.5-10 R20, 7 inch rim",20805
78.5,794.383,-2.29,242.44,-99.49,4,-19.04,16.24,-0.04,0.023,-2.4369,12,-97907.54,7.89,91.58,-9.938,-0,-1.0001,132.18,118.58,143.61,24.96,Cornering,"Hoosier 43075 16x7.5-10 R20, 7 inch rim",20806
78.51,794.393,-3.05,244.05,-99.35,3.979,-18.55,16.79,0.03,0.0307,-2.4565,12.08,157376.72,7.9,91.59,-9.972,-0,-0.9999,132.33,118.67,143.79,24.94,Cornering,"Hoosier 43075 16x7.5-10 R20, 7 inch rim",20807
78.48,794.402,-4.03,245.53,-99.41,4.001,-19.32,17.22,0.03,0.0406,-2.4699,12.14,157242.16,7.89,91.57,-10.022,-0,-0.9999,132.5,118.72,143.96,24.92,Cornering,"Hoosier 43075 16x7.5-10 R20, 7 inch rim",20808
78.5,794.412,-4.95,247.62,-99.99,3.99,-19.33,17.34,0.03,0.0495,-2.4765,12.16,157184.92,7.89,91.58,-10.064,-0,-0.9999,132.55,118.65,144.08,24.92,Cornering,"Hoosier 43075 16x7.5-10 R20, 7 inch rim",20809
78.51,794.422,-5.3,249.85,-101.04,3.994,-19.16,17.34,0.03,0.0525,-2.4729,12.1,157163.47,7.89,91.6,-10.107,-0,-0.9999,132.57,118.58,144.26,24.92,Cornering,"Hoosier 43075 16x7.5-10 R20, 7 inch rim",20810
78.5,794.432,-5.22,251,-102.57,4.004,-19.41,17.06,0.09,0.0509,-2.447,12.03,43567.21,7.89,91.67,-10.138,-0,-0.9998,132.61,118.52,144.32,24.93,Cornering,"Hoosier 43075 16x7.5-10 R20, 7 inch rim",20811
78.48,794.443,-5.05,251.07,-103.62,4.001,-19.63,16.26,0.03,0.0487,-2.4229,11.95,157092.39,7.89,91.67,-10.175,-0,-0.9999,132.67,118.47,144.36,24.91,Cornering,"Hoosier 43075 16x7.5-10 R20, 7 inch rim",20812
78.5,794.453,-3.7,249.6,-104,3.987,-19.24,16.22,0.09,0.0356,-2.4,11.89,43534.74,7.9,91.66,-10.225,-0,-0.9998,132.72,118.45,144.42,24.92,Cornering,"Hoosier 43075 16x7.5-10 R20, 7 inch rim",20813
78.52,794.462,-2.58,246.74,-103.09,3.987,-19.68,16.11,0.03,0.0251,-2.3935,11.91,157195.84,7.9,91.66,-10.26,-0,-0.9999,132.7,118.45,144.52,24.93,Cornering,"Hoosier 43075 16x7.5-10 R20, 7 inch rim",20814
78.49,794.472,-2.03,244.31,-101.86,3.996,-19.57,15.9,-0.04,0.02,-2.3984,11.97,-97767.7,7.89,91.62,-10.313,-0,-1.0001,132.74,118.5,144.6,24.95,Cornering,"Hoosier 43075 16x7.5-10 R20, 7 inch rim",20815
78.48,794.482,-1.48,242.43,-101.14,3.985,-19.1,16.45,-0.04,0.0147,-2.3971,12.08,-97826.72,7.89,91.6,-10.341,-0,-1.0001,132.7,118.54,144.74,24.97,Cornering,"Hoosier 43075 16x7.5-10 R20, 7 inch rim",20816
78.51,794.492,-2.11,242.49,-100.08,3.994,-18.97,16.55,-0.04,0.0211,-2.423,12.14,-97883.87,7.89,91.59,-10.376,-0,-1.0001,132.8,118.58,144.99,24.98,Cornering,"Hoosier 43075 16x7.5-10 R20, 7 inch rim",20817
78.5,794.503,-2.86,243.72,-99.71,3.993,-18.24,16.87,-0.04,0.0287,-2.4442,12.11,-97913.2,7.89,91.61,-10.426,-0,-1.0001,132.85,118.69,145.19,25,Cornering,"Hoosier 43075 16x7.5-10 R20, 7 inch rim",20818
78.48,794.513,-3.56,245.37,-99.38,4.003,-18.54,17.65,-0.04,0.0359,-2.469,12.08,-97903.97,7.89,91.63,-10.454,-0,-1.0001,133.02,118.74,145.41,25,Cornering,"Hoosier 43075 16x7.5-10 R20, 7 inch rim",20819
78.5,794.522,-4.36,247.28,-99.49,3.99,-19.14,17.99,0.09,0.0438,-2.4854,12,43667.07,7.89,91.66,-10.505,-0,-0.9998,133.12,118.72,145.53,25.01,Cornering,"Hoosier 43075 16x7.5-10 R20, 7 inch rim",20820
78.51,794.532,-4.87,249.38,-100.98,3.994,-18.45,18.16,0.09,0.0482,-2.4697,11.95,43642.27,7.89,91.64,-10.536,-0,-0.9998,133.15,118.63,145.67,25,Cornering,"Hoosier 43075 16x7.5-10 R20, 7 inch rim",20821
78.49,794.542,-5.2,250.69,-102.17,3.994,-19.38,17.83,0.09,0.0509,-2.4537,11.97,43637.5,7.89,91.62,-10.569,-0,-0.9998,133.19,118.58,145.75,25,Cornering,"Hoosier 43075 16x7.5-10 R20, 7 inch rim",20822
78.48,794.552,-4.8,251.75,-104.01,3.993,-19.03,17.48,-0.04,0.0462,-2.4204,12.04,-97760.16,7.89,91.64,-10.618,-0,-1.0001,133.25,118.45,145.82,24.97,Cornering,"Hoosier 43075 16x7.5-10 R20, 7 inch rim",20823
78.51,794.562,-4.18,250.38,-104.73,3.997,-19.76,16.92,-0.04,0.0399,-2.3908,12.14,-97768.3,7.89,91.63,-10.662,-0,-1.0001,133.27,118.5,145.84,24.98,Cornering,"Hoosier 43075 16x7.5-10 R20, 7 inch rim",20824
78.51,794.573,-3.05,247.6,-104.17,3.979,-20.33,16.43,0.03,0.0293,-2.3768,12.19,157335.73,7.89,91.63,-10.694,-0,-0.9999,133.21,118.43,145.94,24.99,Cornering,"Hoosier 43075 16x7.5-10 R20, 7 inch rim",20825
78.48,794.582,-1.87,244.98,-102.84,3.997,-20.13,16.52,-0.04,0.0182,-2.3822,12.22,-97862.84,7.89,91.64,-10.719,-0,-1.0001,133.15,118.54,146.06,25.01,Cornering,"Hoosier 43075 16x7.5-10 R20, 7 inch rim",20826
78.49,794.592,-1.39,242.59,-101.64,3.994,-19.78,16.46,0.03,0.0137,-2.3868,12.15,157511.97,7.89,91.63,-10.774,-0,-0.9999,133.06,118.56,146.18,25.03,Cornering,"Hoosier 43075 16x7.5-10 R20, 7 inch rim",20827
78.52,794.602,-1.51,242.04,-100.44,3.996,-19.16,16.56,0.03,0.015,-2.4099,12.07,157531.58,7.89,91.65,-10.805,-0,-0.9999,133.08,118.58,146.36,25.03,Cornering,"Hoosier 43075 16x7.5-10 R20, 7 inch rim",20828
78.49,794.612,-2.37,242.93,-99.86,3.998,-18.7,16.67,0.16,0.0238,-2.4327,11.99,25321.68,7.89,91.67,-10.85,-0,-0.9997,133.21,118.63,146.56,25.02,Cornering,"Hoosier 43075 16x7.5-10 R20, 7 inch rim",20829
78.48,794.622,-3.32,244.45,-99.37,3.998,-18.94,16.96,-0.04,0.0334,-2.46,11.96,-97781.48,7.89,91.69,-10.896,-0,-1.0001,133.32,118.72,146.79,25,Cornering,"Hoosier 43075 16x7.5-10 R20, 7 inch rim",20830
78.51,794.633,-4.39,246.38,-100.13,3.996,-18.44,17.28,0.09,0.0439,-2.4606,12,43553.23,7.89,91.7,-10.934,-0,-0.9998,133.51,118.65,146.99,24.98,Cornering,"Hoosier 43075 16x7.5-10 R20, 7 inch rim",20831
78.52,794.642,-4.91,248.14,-100.6,3.985,-19.05,17.71,0.09,0.0488,-2.4667,12.06,43517.54,7.89,91.69,-10.97,-0,-0.9998,133.64,118.63,147.13,24.97,Cornering,"Hoosier 43075 16x7.5-10 R20, 7 inch rim",20832
78.48,794.652,-5.56,249.42,-101.58,3.99,-20.06,17.43,0.03,0.0547,-2.4555,12.11,157023.66,7.89,91.69,-11.003,-0,-0.9999,133.62,118.54,147.29,24.97,Cornering,"Hoosier 43075 16x7.5-10 R20, 7 inch rim",20833
78.49,794.662,-5.42,250.46,-103.3,3.99,-20.12,17.22,-0.04,0.0524,-2.4245,12.14,-97616.41,7.89,91.67,-11.049,-0,-1.0001,133.7,118.47,147.37,24.97,Cornering,"Hoosier 43075 16x7.5-10 R20, 7 inch rim",20834
78.51,794.672,-4.56,249.92,-104.56,3.991,-20.09,17.11,-0.04,0.0436,-2.3901,12.1,-97578.16,7.89,91.64,-11.095,-0,-1.0001,133.83,118.45,147.37,24.97,Cornering,"Hoosier 43075 16x7.5-10 R20, 7 inch rim",20835
78.5,794.682,-3.6,247.76,-104.45,3.982,-20.69,16.51,0.03,0.0345,-2.3722,12.03,156984.78,7.89,91.59,-11.14,-0,-0.9999,133.9,118.45,147.43,24.97,Cornering,"Hoosier 43075 16x7.5-10 R20, 7 inch rim",20836
78.47,794.693,-2.45,245.08,-104.06,3.988,-20.14,16.33,0.03,0.0235,-2.3552,11.94,156929.38,7.89,91.53,-11.175,-0,-0.9999,133.98,118.5,147.49,24.97,Cornering,"Hoosier 43075 16x7.5-10 R20, 7 inch rim",20837
78.51,794.703,-1.19,243.3,-102.77,3.99,-19.04,16.68,0.09,0.0116,-2.3674,11.89,43460.77,7.89,91.53,-11.211,-0,-0.9998,133.94,118.58,147.63,24.96,Cornering,"Hoosier 43075 16x7.5-10 R20, 7 inch rim",20838
78.52,794.712,-1.35,242.42,-101.55,4,-18.03,16.4,0.03,0.0133,-2.3872,11.92,156782,7.89,91.55,-11.243,-0,-0.9999,134,118.58,147.71,24.95,Cornering,"Hoosier 43075 16x7.5-10 R20, 7 inch rim",20839
78.48,794.722,-1.86,242.34,-100.28,3.998,-18.44,16.69,-0.04,0.0185,-2.4165,11.99,-97465.37,7.89,91.55,-11.291,-0,-1.0001,134.13,118.72,147.92,24.96,Cornering,"Hoosier 43075 16x7.5-10 R20, 7 inch rim",20840
78.49,794.732,-2.48,243.25,-100.11,4.003,-18.06,17.28,0.03,0.0248,-2.4299,12.08,156771.3,7.89,91.55,-11.328,-0,-0.9999,134.24,118.74,148.14,24.96,Cornering,"Hoosier 43075 16x7.5-10 R20, 7 inch rim",20841
78.52,794.742,-3.49,244.54,-100.38,3.993,-18.18,17.72,-0.04,0.0348,-2.4362,12.14,-97437.45,7.89,91.56,-11.371,-0,-1.0001,134.48,118.8,148.36,24.96,Cornering,"Hoosier 43075 16x7.5-10 R20, 7 inch rim",20842
78.5,794.753,-4.65,245.5,-101.03,3.993,-18.8,17.72,-0.04,0.046,-2.43,12.14,-97422.42,7.89,91.56,-11.414,-0,-1.0001,134.61,118.83,148.6,24.96,Cornering,"Hoosier 43075 16x7.5-10 R20, 7 inch rim",20843
78.48,794.763,-5.37,246.64,-101.98,3.994,-19.66,17.95,0.03,0.0527,-2.4186,12.06,156774.8,7.89,91.51,-11.451,-0,-0.9999,134.71,118.72,148.75,24.97,Cornering,"Hoosier 43075 16x7.5-10 R20, 7 inch rim",20844
78.5,794.772,-5.62,247.83,-103.14,3.984,-20.28,17.92,0.03,0.0545,-2.4028,11.99,156748,7.89,91.48,-11.498,-0,-0.9999,134.71,118.65,148.87,24.97,Cornering,"Hoosier 43075 16x7.5-10 R20, 7 inch rim",20845
78.52,794.782,-5.41,248.78,-104.12,3.996,-20.83,17.58,0.03,0.0519,-2.3894,11.95,156655.67,7.89,91.45,-11.533,-0,-0.9999,134.86,118.54,148.93,24.96,Cornering,"Hoosier 43075 16x7.5-10 R20, 7 inch rim",20846
78.49,794.792,-4.42,248.4,-105.24,3.994,-20.02,17.4,-0.04,0.042,-2.3602,11.95,-97343.21,7.89,91.45,-11.574,-0,-1.0001,134.91,118.41,148.97,24.95,Cornering,"Hoosier 43075 16x7.5-10 R20, 7 inch rim",20847
78.49,794.802,-3.04,246.85,-104.9,3.987,-19.32,17.61,0.09,0.0289,-2.3532,12.01,43357.82,7.89,91.45,-11.611,-0,-0.9998,134.97,118.41,149.05,24.93,Cornering,"Hoosier 43075 16x7.5-10 R20, 7 inch rim",20848
78.52,794.812,-1.26,244.72,-103.44,3.994,-18.79,18.82,0.09,0.0121,-2.3659,12.09,43372.29,7.89,91.5,-11.647,-0,-0.9998,134.95,118.45,149.13,24.94,Cornering,"Hoosier 43075 16x7.5-10 R20, 7 inch rim",20849
78.5,794.823,0.42,242.55,-102.77,3.985,-17.18,20.56,-0.04,-0.0041,-2.3601,12.19,-97371.17,7.89,91.53,-11.686,-0,-1.0001,134.95,118.54,149.23,24.97,Cornering,"Hoosier 43075 16x7.5-10 R20, 7 inch rim",20850
78.47,794.832,2.74,241.57,-101.97,3.985,-16.18,23.89,0.03,-0.0269,-2.369,12.21,156774.44,7.89,91.53,-11.706,-0,-0.9999,134.91,118.56,149.39,24.99,Cornering,"Hoosier 43075 16x7.5-10 R20, 7 inch rim",20851
78.5,794.842,4.59,241.33,-101.79,4.004,-16.22,27.68,0.09,-0.0451,-2.3709,12.17,43482.68,7.89,91.53,-11.713,-0,-0.9998,135.1,118.65,149.61,25.01,Cornering,"Hoosier 43075 16x7.5-10 R20, 7 inch rim",20852
78.52,794.852,5.63,241.47,-101.39,3.994,-18.37,30.42,0.03,-0.0555,-2.3817,12.07,156899.12,7.89,91.53,-11.742,-0,-0.9999,135.29,118.72,149.88,25.01,Cornering,"Hoosier 43075 16x7.5-10 R20, 7 inch rim",20853
78.49,794.862,4.05,242.47,-101.13,4.01,-20.45,30.5,0.03,-0.0401,-2.3976,11.99,156824.73,7.88,91.53,-11.745,-0,-0.9999,135.48,118.74,150.06,25,Cornering,"Hoosier 43075 16x7.5-10 R20, 7 inch rim",20854
78.47,794.872,2.34,244.55,-101.38,3.991,-22.12,30.19,0.09,-0.0231,-2.4122,11.95,43425.39,7.89,91.56,-11.756,-0,-0.9998,135.64,118.61,150.2,24.98,Cornering,"Hoosier 43075 16x7.5-10 R20, 7 inch rim",20855
78.51,794.883,2.06,247.52,-102.16,4,-22.13,30.82,-0.04,-0.0202,-2.4229,12,-97364.38,7.89,91.59,-11.767,-0,-1.0001,135.66,118.47,150.28,24.97,Cornering,"Hoosier 43075 16x7.5-10 R20, 7 inch rim",20856
78.51,794.892,4.09,250.57,-103.21,3.993,-21.03,32.98,0.03,-0.0397,-2.4279,12.06,156630.5,7.89,91.61,-11.766,-0,-0.9999,135.7,118.43,150.34,24.97,Cornering,"Hoosier 43075 16x7.5-10 R20, 7 inch rim",20857
78.49,794.912,8.75,251.14,-104.75,3.998,-19.05,35.39,-0.04,-0.0836,-2.3974,12.17,-97342.3,7.89,91.6,-12.128,-0,-1.0001,135.87,118.32,150.34,24.97,Cornering,"Hoosier 43075 16x7.5-10 R20, 7 inch rim",20858
78.53,794.922,8.49,248.99,-104.65,3.991,-18.08,33.08,0.16,-0.0811,-2.3793,12.14,25180.22,7.89,91.57,-12.132,-0,-0.9997,135.83,118.3,150.44,24.96,Cornering,"Hoosier 43075 16x7.5-10 R20, 7 inch rim",20859
78.5,794.932,6.63,245.38,-104.09,3.994,-18.07,29.31,0.03,-0.0637,-2.3575,12.08,156557.78,7.89,91.57,-12.128,-0,-0.9999,135.79,118.39,150.48,24.96,Cornering,"Hoosier 43075 16x7.5-10 R20, 7 inch rim",20860
78.48,794.943,3.63,243,-103.11,3.991,-18.64,24.96,0.09,-0.0352,-2.3566,12,43356.71,7.89,91.59,-12.106,-0,-0.9998,135.81,118.5,150.56,24.94,Cornering,"Hoosier 43075 16x7.5-10 R20, 7 inch rim",20861
78.51,794.952,1,241.89,-102.49,3.985,-18.99,21.76,0.03,-0.0097,-2.3602,11.95,156497.53,7.89,91.58,-12.106,-0,-0.9999,135.91,118.52,150.71,24.95,Cornering,"Hoosier 43075 16x7.5-10 R20, 7 inch rim",20862
78.51,794.962,-1.45,242.01,-102.21,3.991,-19.54,19.47,0.03,0.0142,-2.3677,11.95,156648.78,7.89,91.61,-12.096,-0,-0.9999,136.09,118.67,150.95,24.97,Cornering,"Hoosier 43075 16x7.5-10 R20, 7 inch rim",20863
78.48,794.972,-3.29,244.05,-102.09,3.982,-19.05,18.18,-0.04,0.0322,-2.3906,12.02,-97360.37,7.89,91.6,-12.078,-0,-1.0001,136.26,118.74,151.19,24.97,Cornering,"Hoosier 43075 16x7.5-10 R20, 7 inch rim",20864
78.49,794.982,-5.92,246.09,-102.2,3.979,-18.95,15.99,-0.04,0.058,-2.4078,12.13,-97385.03,7.89,91.57,-12.072,-0,-1.0001,136.45,118.74,151.39,24.97,Cornering,"Hoosier 43075 16x7.5-10 R20, 7 inch rim",20865
78.52,794.992,-8.65,248.36,-102.02,3.993,-19.48,13.2,0.03,0.0847,-2.4343,12.18,156523.22,7.89,91.55,-12.062,-0,-0.9999,136.51,118.65,151.53,24.95,Cornering,"Hoosier 43075 16x7.5-10 R20, 7 inch rim",20866
78.5,795.003,-10.64,250.17,-103.7,3.997,-18.94,10.67,0.09,0.1026,-2.4123,12.19,43382.38,7.89,91.55,-12.072,-0,-0.9998,136.56,118.5,151.74,24.96,Cornering,"Hoosier 43075 16x7.5-10 R20, 7 inch rim",20867
78.48,795.012,-11.72,251.18,-104.88,3.997,-19.04,8.45,-0.04,0.1117,-2.395,12.13,-97324.93,7.89,91.58,-12.05,-0,-1.0001,136.6,118.5,151.8,24.96,Cornering,"Hoosier 43075 16x7.5-10 R20, 7 inch rim",20868
78.5,795.022,-11.25,250.3,-105.84,4,-19.62,7.44,0.03,0.1063,-2.3649,12.05,156596.77,7.88,91.62,-12.06,-0,-0.9999,136.75,118.45,151.9,24.96,Cornering,"Hoosier 43075 16x7.5-10 R20, 7 inch rim",20869
78.51,795.032,-10.22,248.05,-106.22,3.982,-19.75,6.9,-0.04,0.0963,-2.3352,11.97,-97339.82,7.89,91.62,-12.072,-0,-1.0001,136.77,118.43,152,24.96,Cornering,"Hoosier 43075 16x7.5-10 R20, 7 inch rim",20870
78.49,795.042,-8.22,244.97,-105.1,3.997,-20.65,8.07,-0.11,0.0782,-2.3309,11.94,-37131.19,7.89,91.63,-12.06,-0,-1.0002,136.77,118.47,152.1,24.96,Cornering,"Hoosier 43075 16x7.5-10 R20, 7 inch rim",20871
78.48,795.052,-6.51,242.61,-104.39,3.994,-19.98,9.74,0.03,0.0623,-2.324,11.98,156593.45,7.89,91.62,-12.066,-0,-0.9999,136.82,118.54,152.2,24.96,Cornering,"Hoosier 43075 16x7.5-10 R20, 7 inch rim",20872
78.52,795.062,-5.24,241.74,-102.52,3.987,-19.83,11.99,0.03,0.0511,-2.358,12.06,156554.61,7.89,91.64,-12.07,-0,-0.9999,136.77,118.54,152.34,24.96,Cornering,"Hoosier 43075 16x7.5-10 R20, 7 inch rim",20873
78.51,795.072,-4.97,241.8,-101.78,4,-19.56,14.17,-0.04,0.0488,-2.3758,12.12,-97365,7.89,91.67,-12.065,-0,-1.0001,136.94,118.58,152.56,24.97,Cornering,"Hoosier 43075 16x7.5-10 R20, 7 inch rim",20874
78.48,795.082,-4.05,243.25,-101.47,3.979,-18.53,17.47,-0.04,0.0399,-2.3973,12.14,-97432.81,7.89,91.67,-12.065,-0,-1.0001,137.05,118.69,152.71,24.98,Cornering,"Hoosier 43075 16x7.5-10 R20, 7 inch rim",20875
78.5,795.092,-2.3,245.08,-101.41,3.987,-18.3,21.97,0.09,0.0227,-2.4168,12.09,43454.51,7.89,91.68,-12.062,-0,-0.9998,137.24,118.69,152.87,25,Cornering,"Hoosier 43075 16x7.5-10 R20, 7 inch rim",20876
78.52,795.102,1.54,246.79,-102.1,3.998,-18.14,28.63,0.03,-0.0151,-2.4172,12.03,156781.06,7.88,91.71,-12.056,-0,-0.9999,137.35,118.63,153.07,24.99,Cornering,"Hoosier 43075 16x7.5-10 R20, 7 inch rim",20877
78.48,795.112,5.05,248.54,-103.13,4.001,-18.31,34.46,0.03,-0.049,-2.4099,11.93,156687.67,7.88,91.72,-12.029,-0,-0.9999,137.37,118.52,153.21,24.97,Cornering,"Hoosier 43075 16x7.5-10 R20, 7 inch rim",20878
78.48,795.122,8.34,249.44,-104.51,3.987,-19.18,39.13,0.03,-0.0798,-2.3868,11.89,156698.41,7.89,91.74,-12.01,-0,-0.9999,137.35,118.52,153.29,24.97,Cornering,"Hoosier 43075 16x7.5-10 R20, 7 inch rim",20879
78.51,795.132,12.37,249.47,-105.89,4.003,-19.81,43.9,-0.04,-0.1168,-2.3558,11.92,-97376.21,7.88,91.74,-11.97,-0,-1.0001,137.39,118.47,153.31,24.96,Cornering,"Hoosier 43075 16x7.5-10 R20, 7 inch rim",20880
78.5,795.142,15.62,248.49,-106.87,3.988,-19.23,46.55,0.09,-0.1461,-2.3252,11.99,43414.12,7.89,91.77,-11.936,-0,-0.9998,137.42,118.36,153.39,24.96,Cornering,"Hoosier 43075 16x7.5-10 R20, 7 inch rim",20881
78.47,795.152,17.69,245.92,-105.6,3.987,-20.39,47.15,-0.04,-0.1675,-2.3287,12.08,-97426.3,7.89,91.75,-11.893,-0,-1.0001,137.37,118.32,153.43,24.97,Cornering,"Hoosier 43075 16x7.5-10 R20, 7 inch rim",20882
78.5,795.162,16.78,243.49,-104.63,4.003,-19.79,44.49,0.03,-0.1604,-2.3272,12.16,156827.28,7.89,91.77,-11.849,-0,-0.9999,137.33,118.39,153.51,24.98,Cornering,"Hoosier 43075 16x7.5-10 R20, 7 inch rim",20883
78.52,795.172,13.2,242.02,-103.26,4.001,-18.86,38.88,0.03,-0.1278,-2.3438,12.17,156821.72,7.89,91.81,-11.794,-0,-0.9999,137.31,118.45,153.57,24.97,Cornering,"Hoosier 43075 16x7.5-10 R20, 7 inch rim",20884
78.5,795.182,7.7,241.71,-102.44,3.993,-17.73,31.95,0.03,-0.0752,-2.3595,12.11,156747.2,7.89,91.82,-11.733,-0,-0.9999,137.39,118.5,153.7,24.96,Cornering,"Hoosier 43075 16x7.5-10 R20, 7 inch rim",20885
78.48,795.192,2.39,242.59,-101.7,3.996,-17.27,25.91,0.03,-0.0235,-2.3853,12.03,156739.69,7.88,91.78,-11.681,-0,-0.9999,137.57,118.58,153.86,24.95,Cornering,"Hoosier 43075 16x7.5-10 R20, 7 inch rim",20886
78.52,795.202,-2.3,244.38,-100.44,3.994,-18.01,20.9,0.16,0.0229,-2.4332,11.97,25220.75,7.88,91.75,-11.625,-0,-0.9997,137.76,118.58,154.06,24.96,Cornering,"Hoosier 43075 16x7.5-10 R20, 7 inch rim",20887
78.51,795.212,-5.13,246.19,-101.65,3.991,-16.93,17.84,-0.04,0.0505,-2.4218,12,-97516.72,7.89,91.71,-11.569,-0,-1.0001,137.91,118.63,154.24,24.96,Cornering,"Hoosier 43075 16x7.5-10 R20, 7 inch rim",20888
78.48,795.222,-6.73,247.79,-102.45,3.991,-17.6,15.9,0.09,0.0657,-2.4185,12.05,43478.55,7.89,91.65,-11.522,-0,-0.9998,137.87,118.47,154.4,24.96,Cornering,"Hoosier 43075 16x7.5-10 R20, 7 inch rim",20889
78.49,795.232,-9.67,248.65,-103.36,3.981,-18.91,11.95,0.03,0.0935,-2.4056,12.14,156957.02,7.89,91.59,-11.486,-0,-0.9999,137.87,118.41,154.52,24.97,Cornering,"Hoosier 43075 16x7.5-10 R20, 7 inch rim",20890
78.52,795.242,-12.13,249.13,-104.41,3.993,-20.01,8.23,-0.04,0.1162,-2.3861,12.19,-97563.3,7.89,91.59,-11.433,-0,-1.0001,137.84,118.32,154.61,24.96,Cornering,"Hoosier 43075 16x7.5-10 R20, 7 inch rim",20891
78.5,795.252,-12.89,248.12,-105.91,3.998,-20.54,5.81,0.09,0.1217,-2.3427,12.23,43488.27,7.89,91.59,-11.392,-0,-0.9998,137.91,118.3,154.63,24.96,Cornering,"Hoosier 43075 16x7.5-10 R20, 7 inch rim",20892
78.48,795.262,-11.19,246.28,-105.74,3.99,-20.72,5.68,-0.11,0.1058,-2.329,12.18,-37198.76,7.89,91.61,-11.357,-0,-1.0002,137.87,118.23,154.67,24.94,Cornering,"Hoosier 43075 16x7.5-10 R20, 7 inch rim",20893
78.5,795.272,-8.59,243.75,-105.27,3.996,-20.52,7.17,0.09,0.0816,-2.3154,12.11,43498.84,7.88,91.65,-11.322,-0,-0.9998,137.8,118.23,154.75,24.96,Cornering,"Hoosier 43075 16x7.5-10 R20, 7 inch rim",20894
78.51,795.282,-6.96,241.99,-104.01,3.988,-19.36,7.87,-0.04,0.0669,-2.3265,12.03,-97612.72,7.89,91.67,-11.287,-0,-1.0001,137.74,118.3,154.75,24.96,Cornering,"Hoosier 43075 16x7.5-10 R20, 7 inch rim",20895
78.48,795.292,-6.98,241.59,-102.83,3.996,-18.06,8.03,-0.04,0.0678,-2.3495,12.02,-97647.88,7.89,91.68,-11.25,-0,-1.0001,137.72,118.39,154.89,24.97,Cornering,"Hoosier 43075 16x7.5-10 R20, 7 inch rim",20896
78.49,795.302,-7.96,242.44,-101.51,3.997,-17.69,7.92,-0.04,0.0784,-2.3884,12.06,-97661.29,7.89,91.65,-11.21,-0,-1.0001,137.78,118.43,155.07,24.97,Cornering,"Hoosier 43075 16x7.5-10 R20, 7 inch rim",20897
78.52,795.312,-8.63,243.99,-101.18,3.994,-16.9,8.87,0.03,0.0853,-2.4115,12.13,157198.67,7.89,91.63,-11.176,-0,-0.9999,137.93,118.5,155.19,24.98,Cornering,"Hoosier 43075 16x7.5-10 R20, 7 inch rim",20898
78.5,795.322,-8.6,245.67,-101.03,3.997,-16.98,10.72,0.09,0.0851,-2.4317,12.21,43545.53,7.89,91.6,-11.144,-0,-0.9998,138.1,118.52,155.31,24.97,Cornering,"Hoosier 43075 16x7.5-10 R20, 7 inch rim",20899
78.47,795.332,-8.29,246.55,-101.77,3.978,-17.57,12.85,0.03,0.0814,-2.4225,12.25,157193.56,7.89,91.59,-11.117,-0,-0.9999,138.21,118.52,155.37,24.97,Cornering,"Hoosier 43075 16x7.5-10 R20, 7 inch rim",20900
78.5,795.342,-7.56,247.26,-102.19,3.998,-19.49,14.81,0.09,0.074,-2.4196,12.21,43574,7.89,91.58,-11.088,-0,-0.9998,138.23,118.41,155.41,24.98,Cornering,"Hoosier 43075 16x7.5-10 R20, 7 inch rim",20901
78.51,795.352,-7.37,247.98,-103.85,4,-20.4,15.35,0.03,0.0709,-2.3878,12.14,157268.08,7.89,91.57,-11.045,-0,-0.9999,138.23,118.28,155.45,24.98,Cornering,"Hoosier 43075 16x7.5-10 R20, 7 inch rim",20902
78.49,795.362,-6.45,248.11,-105.54,3.991,-20.72,16.14,0.09,0.0611,-2.3508,12.06,43561.97,7.89,91.51,-11.032,-0,-0.9998,138.25,118.28,155.41,24.97,Cornering,"Hoosier 43075 16x7.5-10 R20, 7 inch rim",20903
78.49,795.372,-4.38,247.51,-106.19,3.997,-20.65,17.26,0.09,0.0412,-2.3309,11.99,43577.74,7.89,91.49,-10.994,-0,-0.9998,138.32,118.14,155.37,24.97,Cornering,"Hoosier 43075 16x7.5-10 R20, 7 inch rim",20904
78.52,795.382,-1.71,246.58,-105.81,3.993,-19.53,19,0.09,0.0161,-2.3304,11.97,43582.12,7.89,91.45,-10.964,-0,-0.9998,138.27,118.19,155.37,24.97,Cornering,"Hoosier 43075 16x7.5-10 R20, 7 inch rim",20905
78.5,795.392,1.06,244.98,-104.74,3.99,-18.35,21.13,0.03,-0.0101,-2.339,12.02,157295.66,7.89,91.42,-10.924,-0,-0.9999,138.15,118.19,155.43,24.97,Cornering,"Hoosier 43075 16x7.5-10 R20, 7 inch rim",20906
78.47,795.402,3.03,244.09,-102.72,3.985,-17.64,23.13,-0.04,-0.0295,-2.3763,12.1,-97812.71,7.89,91.41,-10.888,-0,-1.0001,138.08,118.28,155.47,24.98,Cornering,"Hoosier 43075 16x7.5-10 R20, 7 inch rim",20907
78.5,795.412,3.99,243.53,-101.56,3.994,-16.64,24.85,-0.04,-0.0393,-2.3979,12.14,-97870.16,7.89,91.41,-10.851,-0,-1.0001,138.15,118.3,155.58,24.99,Cornering,"Hoosier 43075 16x7.5-10 R20, 7 inch rim",20908
78.52,795.422,3.44,243.51,-101.18,3.991,-16.67,25.53,-0.11,-0.034,-2.4068,12.11,-37354.53,7.89,91.4,-10.808,-0,-1.0002,138.25,118.34,155.74,25,Cornering,"Hoosier 43075 16x7.5-10 R20, 7 inch rim",20909
78.5,795.432,2.81,243.8,-101.3,3.998,-17.31,26.45,0.03,-0.0277,-2.4067,12.04,157567.55,7.89,91.39,-10.752,-0,-0.9999,138.38,118.41,155.86,25,Cornering,"Hoosier 43075 16x7.5-10 R20, 7 inch rim",20910
78.48,795.442,1.16,244.65,-102.12,3.99,-17.57,25.82,-0.11,-0.0114,-2.3958,11.97,-37348.25,7.89,91.39,-10.717,-0,-1.0002,138.49,118.39,156,24.99,Cornering,"Hoosier 43075 16x7.5-10 R20, 7 inch rim",20911
78.51,795.452,-0.91,245.27,-102.45,3.991,-19.53,24.38,0.03,0.0089,-2.394,11.89,157639.44,7.89,91.38,-10.683,-0,-0.9999,138.55,118.28,156.04,25.01,Cornering,"Hoosier 43075 16x7.5-10 R20, 7 inch rim",20912
78.5,795.462,-2.67,246.94,-104.03,3.985,-20,22.27,-0.04,0.0256,-2.3737,11.88,-98032.1,7.89,91.39,-10.629,-0,-1.0001,138.55,118.14,156.08,25.01,Cornering,"Hoosier 43075 16x7.5-10 R20, 7 inch rim",20913
78.49,795.472,-3.2,248.39,-105.34,3.996,-19.88,20.84,0.16,0.0303,-2.358,11.92,25387.16,7.89,91.44,-10.573,-0,-0.9997,138.57,118.14,156.04,25.03,Cornering,"Hoosier 43075 16x7.5-10 R20, 7 inch rim",20914
78.5,795.482,-3.45,249.11,-106.25,3.987,-19.67,18.87,-0.04,0.0325,-2.3446,12,-98131.91,7.89,91.48,-10.528,-0,-1.0001,138.6,118.01,156,25.03,Cornering,"Hoosier 43075 16x7.5-10 R20, 7 inch rim",20915
78.52,795.492,-2.96,248.44,-105.4,3.985,-19.58,17.24,-0.04,0.028,-2.3571,12.09,-98034.89,7.89,91.5,-10.475,-0,-1.0001,138.64,118.06,155.96,25,Cornering,"Hoosier 43075 16x7.5-10 R20, 7 inch rim",20916
78.49,795.502,-2.7,246.86,-104.95,3.991,-17.88,15.52,0.09,0.0257,-2.3521,12.12,43698.14,7.89,91.54,-10.432,-0,-0.9998,138.51,118.06,155.9,25,Cornering,"Hoosier 43075 16x7.5-10 R20, 7 inch rim",20917
78.48,795.512,-3.19,244.85,-102.7,3.994,-17.85,13.63,0.03,0.031,-2.384,12.1,157607.88,7.89,91.57,-10.384,-0,-0.9999,138.42,118.17,155.96,24.98,Cornering,"Hoosier 43075 16x7.5-10 R20, 7 inch rim",20918
78.51,795.522,-3.8,243.26,-102.05,3.994,-16.93,12.59,0.03,0.0373,-2.3838,12.05,157628.5,7.89,91.59,-10.342,-0,-0.9999,138.4,118.25,155.98,24.98,Cornering,"Hoosier 43075 16x7.5-10 R20, 7 inch rim",20919
78.52,795.532,-4.85,242.5,-101.7,3.984,-16.57,11.81,0.09,0.0477,-2.3844,11.97,43694.84,7.89,91.59,-10.309,-0,-0.9998,138.47,118.3,156.06,24.98,Cornering,"Hoosier 43075 16x7.5-10 R20, 7 inch rim",20920
78.48,795.542,-5.8,242.41,-101.22,3.997,-18.23,11.95,0.09,0.0573,-2.395,11.97,43722.16,7.89,91.57,-10.258,-0,-0.9998,138.62,118.43,156.1,25,Cornering,"Hoosier 43075 16x7.5-10 R20, 7 inch rim",20921
78.5,795.552,-7.85,242.92,-101.78,3.994,-18.67,11.05,0.09,0.0771,-2.3867,12.02,43748.09,7.89,91.55,-10.216,-0,-0.9998,138.75,118.5,156.16,25.01,Cornering,"Hoosier 43075 16x7.5-10 R20, 7 inch rim",20922
78.51,795.562,-9.57,244.21,-102.25,3.984,-19.58,10.28,0.03,0.0936,-2.3884,12.11,157777.08,7.89,91.54,-10.189,-0,-0.9999,138.81,118.45,156.24,24.99,Cornering,"Hoosier 43075 16x7.5-10 R20, 7 inch rim",20923
78.5,795.572,-10.33,246.44,-103.46,3.993,-19.44,10.31,-0.11,0.0998,-2.3818,12.17,-37415.7,7.89,91.52,-10.149,-0,-1.0002,138.85,118.34,156.28,24.99,Cornering,"Hoosier 43075 16x7.5-10 R20, 7 inch rim",20924
78.48,795.582,-9.3,248.19,-104.37,3.994,-19.72,11.35,0.09,0.0891,-2.378,12.19,43691.99,7.89,91.5,-10.106,-0,-0.9998,138.79,118.23,156.26,24.97,Cornering,"Hoosier 43075 16x7.5-10 R20, 7 inch rim",20925
78.5,795.592,-8.2,249.8,-105.36,3.998,-19.65,11.89,-0.04,0.0778,-2.3708,12.16,-97977.43,7.89,91.51,-10.069,-0,-1.0001,138.75,118.17,156.2,24.96,Cornering,"Hoosier 43075 16x7.5-10 R20, 7 inch rim",20926
78.51,795.602,-6.35,249.56,-105.84,3.988,-19.04,12.7,-0.04,0.06,-2.3578,12.08,-97963.67,7.89,91.5,-10.039,-0,-1.0001,138.79,118.14,156.1,24.95,Cornering,"Hoosier 43075 16x7.5-10 R20, 7 inch rim",20927
78.49,795.612,-5.22,248.3,-105.56,3.991,-17.89,12.81,0.09,0.0494,-2.3521,12.02,43653.5,7.89,91.5,-10.014,-0,-0.9998,138.72,118.17,156.06,24.94,Cornering,"Hoosier 43075 16x7.5-10 R20, 7 inch rim",20928
78.49,795.622,-3.77,245.75,-104.33,3.985,-18.29,13.47,0.09,0.0362,-2.3554,11.97,43667.44,7.89,91.5,-9.986,-0,-0.9998,138.57,118.19,156.06,24.94,Cornering,"Hoosier 43075 16x7.5-10 R20, 7 inch rim",20929
78.51,795.632,-2.6,243.93,-102.83,3.99,-18.13,14.93,-0.04,0.0253,-2.3722,12.02,-97994.32,7.89,91.52,-9.936,-0,-1.0001,138.47,118.23,156.1,24.95,Cornering,"Hoosier 43075 16x7.5-10 R20, 7 inch rim",20930
78.5,795.642,-1.43,242.29,-101.81,3.996,-18.44,17.21,0.03,0.014,-2.3798,12.11,157650.52,7.89,91.52,-9.92,-0,-0.9999,138.4,118.28,156.1,24.95,Cornering,"Hoosier 43075 16x7.5-10 R20, 7 inch rim",20931
78.47,795.652,-1.24,242.23,-101.35,4.004,-18.5,19.04,-0.04,0.0123,-2.3901,12.19,-98131.79,7.88,91.54,-9.855,-0,-1.0001,138.51,118.34,156.24,24.98,Cornering,"Hoosier 43075 16x7.5-10 R20, 7 inch rim",20932
78.5,795.662,-0.8,242.65,-101.86,3.981,-18.27,21.42,-0.04,0.0078,-2.3821,12.25,-98135.57,7.89,91.57,-9.842,-0,-1.0001,138.62,118.43,156.32,24.98,Cornering,"Hoosier 43075 16x7.5-10 R20, 7 inch rim",20933
78.52,795.672,-0.76,243.82,-101.53,3.991,-18.91,23.01,0.09,0.0075,-2.4015,12.22,43773.83,7.89,91.62,-9.794,-0,-0.9998,138.77,118.45,156.38,24.99,Cornering,"Hoosier 43075 16x7.5-10 R20, 7 inch rim",20934
78.49,795.682,-0.74,245.36,-101.69,3.997,-19.61,24.03,0.03,0.0073,-2.4127,12.16,157951.28,7.89,91.63,-9.748,-0,-1,138.79,118.39,156.44,24.98,Cornering,"Hoosier 43075 16x7.5-10 R20, 7 inch rim",20935
78.48,795.692,-0.56,247.78,-103.21,4.001,-18.87,24.56,0.09,0.0055,-2.4007,12.06,43765.21,7.89,91.64,-9.704,-0,-0.9998,138.68,118.32,156.42,24.98,Cornering,"Hoosier 43075 16x7.5-10 R20, 7 inch rim",20936
78.52,795.702,-0.2,249.29,-104.55,3.991,-19.16,24.26,0.09,0.002,-2.3844,11.99,43788.29,7.89,91.64,-9.682,-0,-0.9998,138.66,118.28,156.4,24.99,Cornering,"Hoosier 43075 16x7.5-10 R20, 7 inch rim",20937
78.5,795.712,-0.18,249.84,-105.66,3.99,-19.22,22.69,-0.04,0.0017,-2.3646,11.98,-98288.19,7.89,91.65,-9.631,-0,-1.0001,138.64,118.25,156.34,25,Cornering,"Hoosier 43075 16x7.5-10 R20, 7 inch rim",20938
78.48,795.722,0.03,248.43,-105.83,3.996,-19.27,21.06,-0.04,-0.0003,-2.3474,12.02,-98327.38,7.89,91.62,-9.573,-0,-1.0001,138.55,118.23,156.28,25.01,Cornering,"Hoosier 43075 16x7.5-10 R20, 7 inch rim",20939
78.5,795.732,-0.11,246.13,-105.47,3.982,-18.8,18.95,0.03,0.001,-2.3337,12.1,158229.94,7.89,91.63,-9.542,-0,-1,138.47,118.25,156.22,25.01,Cornering,"Hoosier 43075 16x7.5-10 R20, 7 inch rim",20940
78.52,795.742,-0.48,243.84,-103.99,3.991,-18.28,17.31,0.03,0.0046,-2.3448,12.14,158144.11,7.89,91.59,-9.489,-0,-1,138.36,118.36,156.24,25,Cornering,"Hoosier 43075 16x7.5-10 R20, 7 inch rim",20941
78.49,795.752,-1,242.64,-102.4,3.996,-18.15,16.32,0.03,0.0098,-2.3695,12.11,158022.11,7.89,91.62,-9.434,-0,-1,138.27,118.43,156.24,24.97,Cornering,"Hoosier 43075 16x7.5-10 R20, 7 inch rim",20942
78.48,795.762,-2.57,242.18,-101.77,3.984,-17.95,14.99,0.09,0.0253,-2.3796,12.08,43783.04,7.89,91.65,-9.403,-0,-0.9998,138.36,118.45,156.28,24.97,Cornering,"Hoosier 43075 16x7.5-10 R20, 7 inch rim",20943
78.51,795.772,-3.5,242.74,-101.44,3.994,-18.1,15.02,0.03,0.0345,-2.3931,11.98,158024.08,7.89,91.67,-9.349,-0,-1,138.55,118.5,156.4,24.97,Cornering,"Hoosier 43075 16x7.5-10 R20, 7 inch rim",20944
78.51,795.782,-5.43,244.2,-101.8,3.985,-17.7,14,0.03,0.0533,-2.3988,11.91,158182.98,7.89,91.7,-9.321,-0,-1,138.64,118.58,156.48,24.99,Cornering,"Hoosier 43075 16x7.5-10 R20, 7 inch rim",20945
78.48,795.792,-7.45,245.55,-101.67,3.993,-18.98,13.02,0.09,0.0733,-2.4151,11.93,43840.91,7.89,91.68,-9.264,-0,-0.9998,138.72,118.47,156.55,24.99,Cornering,"Hoosier 43075 16x7.5-10 R20, 7 inch rim",20946
78.49,795.802,-8.41,247.24,-103.52,3.988,-18.28,12.45,-0.04,0.0813,-2.3882,11.97,-98332.1,7.89,91.69,-9.231,-0,-1.0001,138.7,118.39,156.59,24.98,Cornering,"Hoosier 43075 16x7.5-10 R20, 7 inch rim",20947
78.52,795.812,-8.16,248.48,-104.08,3.994,-19.94,12.5,0.03,0.0784,-2.3874,12.06,158023.12,7.89,91.7,-9.185,-0,-1,138.6,118.28,156.55,24.96,Cornering,"Hoosier 43075 16x7.5-10 R20, 7 inch rim",20948
78.49,795.822,-7.66,249.36,-105.6,3.994,-20.03,12.17,0.03,0.0725,-2.3613,12.13,157926.84,7.89,91.71,-9.154,-0,-1,138.64,118.23,156.53,24.94,Cornering,"Hoosier 43075 16x7.5-10 R20, 7 inch rim",20949
78.48,795.832,-6.85,248.96,-106.25,3.987,-19.47,11.62,0.03,0.0645,-2.3432,12.12,157867.2,7.89,91.72,-9.122,-0,-1,138.62,118.17,156.4,24.93,Cornering,"Hoosier 43075 16x7.5-10 R20, 7 inch rim",20950
78.51,795.842,-6.14,246.91,-105.86,3.991,-19.24,10.91,0.03,0.058,-2.3324,12.08,157884.64,7.89,91.75,-9.082,-0,-1,138.55,118.17,156.38,24.93,Cornering,"Hoosier 43075 16x7.5-10 R20, 7 inch rim",20951
78.51,795.852,-4.94,244.64,-104.51,3.996,-19.21,11.15,-0.04,0.0473,-2.3408,12,-98223.01,7.88,91.77,-9.045,-0,-1.0001,138.51,118.14,156.34,24.94,Cornering,"Hoosier 43075 16x7.5-10 R20, 7 inch rim",20952
78.48,795.862,-4.38,242.85,-103.02,3.993,-18.83,11.41,0.03,0.0425,-2.3573,11.97,158099.2,7.89,91.74,-9.011,-0,-1,138.34,118.23,156.36,24.96,Cornering,"Hoosier 43075 16x7.5-10 R20, 7 inch rim",20953
78.49,795.872,-3.85,242.02,-102.19,3.993,-18.39,12.58,-0.04,0.0377,-2.3683,11.96,-98287.85,7.89,91.72,-8.973,-0,-1.0001,138.32,118.23,156.38,24.96,Cornering,"Hoosier 43075 16x7.5-10 R20, 7 inch rim",20954
78.51,795.882,-3.64,242.34,-101.79,3.984,-17.95,14.26,0.03,0.0357,-2.3808,12.02,158128.73,7.89,91.71,-8.942,-0,-1,138.49,118.25,156.44,24.96,Cornering,"Hoosier 43075 16x7.5-10 R20, 7 inch rim",20955
78.5,795.892,-3.75,243.22,-101.63,3.994,-17.89,16.01,-0.04,0.0369,-2.3932,12.11,-98281.78,7.89,91.7,-8.91,-0,-1.0001,138.6,118.3,156.55,24.95,Cornering,"Hoosier 43075 16x7.5-10 R20, 7 inch rim",20956
78.48,795.902,-3.52,244.03,-101.9,3.985,-18.36,17.87,0.03,0.0345,-2.3949,12.19,158303.16,7.89,91.68,-8.877,-0,-1,138.68,118.32,156.59,24.98,Cornering,"Hoosier 43075 16x7.5-10 R20, 7 inch rim",20957
78.5,795.912,-3.44,245.27,-102.36,3.993,-19.02,19.32,-0.04,0.0337,-2.3962,12.26,-98460.53,7.89,91.68,-8.839,-0,-1.0001,138.72,118.21,156.55,24.99,Cornering,"Hoosier 43075 16x7.5-10 R20, 7 inch rim",20958
78.51,795.922,-2.77,246.58,-103.85,3.998,-19.74,20.49,0.03,0.0267,-2.3745,12.22,158335.3,7.89,91.67,-8.802,-0,-1,138.68,118.06,156.57,24.98,Cornering,"Hoosier 43075 16x7.5-10 R20, 7 inch rim",20959
78.48,795.932,-1.77,247.93,-105.42,3.997,-19.74,21.31,0.09,0.0168,-2.3518,12.15,43881.55,7.89,91.66,-8.754,-0,-0.9998,138.66,118.03,156.44,24.98,Cornering,"Hoosier 43075 16x7.5-10 R20, 7 inch rim",20960
78.49,795.942,-0.55,248.33,-106.31,3.988,-19.7,21.54,0.03,0.0051,-2.3358,12.07,158412.28,7.89,91.61,-8.706,-0,-1,138.68,118.01,156.34,24.98,Cornering,"Hoosier 43075 16x7.5-10 R20, 7 inch rim",20961
78.51,795.952,0.71,247.4,-106.43,3.991,-19.13,21.24,-0.04,-0.0066,-2.3245,12.02,-98528.19,7.89,91.6,-8.667,-0,-1.0001,138.66,117.97,156.2,25,Cornering,"Hoosier 43075 16x7.5-10 R20, 7 inch rim",20962
78.5,795.962,1.64,245.1,-105.25,4.007,-19.25,20.84,-0.04,-0.0156,-2.3287,12.05,-98603.75,7.89,91.58,-8.64,-0,-1.0001,138.57,117.99,156.1,25.01,Cornering,"Hoosier 43075 16x7.5-10 R20, 7 inch rim",20963
78.48,795.972,1.88,242.85,-103.93,4.006,-19.11,20.02,0.03,-0.0181,-2.3366,12.11,158646.48,7.89,91.55,-8.584,-0,-1,138.47,118.06,156.04,25.01,Cornering,"Hoosier 43075 16x7.5-10 R20, 7 inch rim",20964
78.5,795.982,1.23,241.59,-102.99,3.997,-18.22,19.03,0.03,-0.012,-2.3457,12.19,158517.06,7.89,91.48,-8.541,-0,-1,138.36,118.08,156.04,24.99,Cornering,"Hoosier 43075 16x7.5-10 R20, 7 inch rim",20965
78.52,795.992,0.15,241.39,-102.15,3.993,-17.94,18.38,0.03,-0.0014,-2.3631,12.24,158458.73,7.89,91.46,-8.504,-0,-1,138.45,118.06,156.02,24.98,Cornering,"Hoosier 43075 16x7.5-10 R20, 7 inch rim",20966
78.49,796.002,-1.7,241.35,-101.68,3.994,-18.54,17.56,-0.04,0.0167,-2.3737,12.2,-98444.01,7.89,91.38,-8.459,-0,-1.0001,138.55,118.06,156.08,24.96,Cornering,"Hoosier 43075 16x7.5-10 R20, 7 inch rim",20967
78.49,796.012,-3.81,242.64,-102.26,3.993,-17.73,16.54,-0.11,0.0373,-2.3728,12.17,-37546.88,7.89,91.37,-8.409,-0,-1.0002,138.68,118.14,156.1,24.96,Cornering,"Hoosier 43075 16x7.5-10 R20, 7 inch rim",20968
78.51,796.022,-5.52,243.69,-102.04,3.996,-19.51,15.52,0.03,0.0541,-2.3881,12.09,158587.81,7.89,91.34,-8.366,-0,-1,138.72,118.06,156.12,24.99,Cornering,"Hoosier 43075 16x7.5-10 R20, 7 inch rim",20969
78.51,796.032,-6.45,245.43,-104.52,3.99,-18.08,14.84,0.03,0.0617,-2.3482,12.02,158825.72,7.89,91.3,-8.323,-0,-1,138.62,117.9,156.08,25.03,Cornering,"Hoosier 43075 16x7.5-10 R20, 7 inch rim",20970
78.48,796.042,-6.99,246.68,-104.96,3.993,-19.94,13.68,0.09,0.0666,-2.3502,12.02,44026.72,7.89,91.22,-8.282,-0,-0.9998,138.51,117.79,156.04,25.03,Cornering,"Hoosier 43075 16x7.5-10 R20, 7 inch rim",20971
78.5,796.052,-7.04,247.97,-105.46,3.987,-20.17,12.28,0.03,0.0667,-2.3513,12.06,158823.61,7.89,91.18,-8.236,-0,-1,138.47,117.73,156,25.02,Cornering,"Hoosier 43075 16x7.5-10 R20, 7 inch rim",20972
78.52,796.062,-6.44,247.45,-106.74,3.985,-19.23,11.19,0.09,0.0603,-2.3183,12.14,43994.72,7.89,91.18,-8.202,-0,-0.9998,138.47,117.66,155.88,25.01,Cornering,"Hoosier 43075 16x7.5-10 R20, 7 inch rim",20973
78.49,796.072,-5.23,245.65,-106.09,4.001,-18.81,10.87,0.03,0.0493,-2.3154,12.18,158642.14,7.89,91.17,-8.136,-0,-1,138.38,117.61,155.84,24.98,Cornering,"Hoosier 43075 16x7.5-10 R20, 7 inch rim",20974
78.49,796.082,-4.11,243.1,-104.59,3.993,-18.72,10.74,-0.04,0.0393,-2.3245,12.17,-98574.83,7.89,91.17,-8.114,-0,-1.0001,138.23,117.64,155.76,24.97,Cornering,"Hoosier 43075 16x7.5-10 R20, 7 inch rim",20975
78.5,796.092,-3.95,241.33,-103.43,3.991,-18.22,10.4,-0.04,0.0382,-2.3332,12.09,-98537.34,7.89,91.18,-8.08,-0,-1.0001,138.1,117.68,155.7,24.96,Cornering,"Hoosier 43075 16x7.5-10 R20, 7 inch rim",20976
78.5,796.102,-3.79,240.14,-101.98,3.993,-18.67,11.2,0.03,0.0372,-2.3547,11.99,158530.95,7.89,91.17,-8.043,-0,-1,138.1,117.77,155.7,24.96,Cornering,"Hoosier 43075 16x7.5-10 R20, 7 inch rim",20977
78.48,796.112,-4.87,240.1,-101.72,4,-18.67,11.4,0.09,0.0478,-2.3605,11.95,43924.17,7.89,91.17,-8.004,-0,-0.9998,138.19,117.86,155.76,24.96,Cornering,"Hoosier 43075 16x7.5-10 R20, 7 inch rim",20978
78.5,796.122,-5.47,240.8,-102.23,3.985,-18.49,12.43,0.03,0.0535,-2.3554,11.93,158518.81,7.89,91.16,-7.978,-0,-1,138.25,117.97,155.8,24.96,Cornering,"Hoosier 43075 16x7.5-10 R20, 7 inch rim",20979
78.52,796.132,-5.98,241.71,-102.42,3.993,-18.97,13.57,0.03,0.0584,-2.3601,11.98,158464.23,7.89,91.19,-7.928,-0,-1,138.34,117.99,155.82,24.94,Cornering,"Hoosier 43075 16x7.5-10 R20, 7 inch rim",20980
78.49,796.142,-5.82,242.86,-103.5,3.991,-19.57,15.01,0.03,0.0562,-2.3465,12.06,158479.92,7.89,91.23,-7.887,-0,-1,138.34,117.97,155.78,24.94,Cornering,"Hoosier 43075 16x7.5-10 R20, 7 inch rim",20981
78.47,796.152,-5.02,244.77,-104.41,3.996,-19.86,16.41,0.09,0.0481,-2.3444,12.14,43928.72,7.89,91.25,-7.864,-0,-0.9998,138.21,117.88,155.68,24.95,Cornering,"Hoosier 43075 16x7.5-10 R20, 7 inch rim",20982
78.51,796.162,-4.12,246.28,-106.08,3.993,-19.32,17.22,-0.04,0.0388,-2.3217,12.11,-98529.25,7.89,91.24,-7.824,-0,-1.0001,138.19,117.88,155.6,24.94,Cornering,"Hoosier 43075 16x7.5-10 R20, 7 inch rim",20983
78.5,796.172,-2.15,246.47,-106.37,3.988,-19.45,18.24,0.09,0.0202,-2.3171,12.08,43926.23,7.89,91.25,-7.789,-0,-0.9998,138.21,117.79,155.49,24.94,Cornering,"Hoosier 43075 16x7.5-10 R20, 7 inch rim",20984
78.49,796.182,-0.74,245.15,-105.59,3.998,-19.63,18.43,-0.04,0.007,-2.3218,12,-98590.62,7.89,91.3,-7.756,-0,-1.0001,138.12,117.79,155.31,24.96,Cornering,"Hoosier 43075 16x7.5-10 R20, 7 inch rim",20985
78.49,796.192,0.75,242.52,-105.44,3.993,-18.92,18.7,-0.04,-0.0071,-2.3001,11.95,-98647.29,7.89,91.35,-7.709,-0,-1.0001,138.06,117.84,155.23,24.97,Cornering,"Hoosier 43075 16x7.5-10 R20, 7 inch rim",20986
78.52,796.202,1.63,240.16,-104.27,3.982,-18.46,18.92,0.09,-0.0157,-2.3033,11.92,43989.3,7.89,91.35,-7.672,-0,-0.9998,137.95,117.92,155.19,24.97,Cornering,"Hoosier 43075 16x7.5-10 R20, 7 inch rim",20987
78.5,796.212,1.59,238.81,-102.74,3.985,-18.7,19.16,0.03,-0.0155,-2.3243,11.96,158870.25,7.89,91.36,-7.629,-0,-1,137.84,118.01,155.13,24.99,Cornering,"Hoosier 43075 16x7.5-10 R20, 7 inch rim",20988
78.48,796.222,1.15,238.13,-102.71,4,-18.65,19.66,-0.04,-0.0112,-2.3186,12.07,-98813.7,7.89,91.41,-7.582,-0,-1.0001,137.93,118.08,155.17,25,Cornering,"Hoosier 43075 16x7.5-10 R20, 7 inch rim",20989
78.5,796.232,-0.12,238.64,-102.56,3.987,-18.19,19.41,0.09,0.0012,-2.3269,12.17,44032.07,7.89,91.43,-7.552,-0,-0.9998,138.04,118.17,155.27,24.99,Cornering,"Hoosier 43075 16x7.5-10 R20, 7 inch rim",20990
78.5,796.242,-1.67,239.24,-102.6,3.991,-19.01,18.86,-0.04,0.0163,-2.3318,12.21,-98785.23,7.89,91.45,-7.504,-0,-1.0001,138.1,118.23,155.29,24.99,Cornering,"Hoosier 43075 16x7.5-10 R20, 7 inch rim",20991
78.49,796.252,-3.15,240.21,-102.98,3.985,-19.05,18.07,0.03,0.0306,-2.3325,12.19,158935.86,7.89,91.44,-7.447,-0,-1,138.12,118.23,155.25,24.99,Cornering,"Hoosier 43075 16x7.5-10 R20, 7 inch rim",20992
78.48,796.262,-4.54,241.83,-104.19,3.988,-19.09,16.71,-0.04,0.0436,-2.3211,12.13,-98828.48,7.89,91.45,-7.413,-0,-1.0001,138.08,118.14,155.23,25,Cornering,"Hoosier 43075 16x7.5-10 R20, 7 inch rim",20993
78.52,796.272,-5.2,243.52,-105.57,3.974,-19.29,15.21,0.03,0.0492,-2.3067,12.06,159108.73,7.89,91.48,-7.375,-0,-1,138.06,118.08,155.19,25.01,Cornering,"Hoosier 43075 16x7.5-10 R20, 7 inch rim",20994
78.5,796.282,-4.96,244.27,-106.38,3.997,-19.48,14.02,0.03,0.0467,-2.2962,12.04,159163.25,7.89,91.51,-7.325,-0,-1,137.95,118.01,155.07,25.02,Cornering,"Hoosier 43075 16x7.5-10 R20, 7 inch rim",20995
78.47,796.292,-4.54,243.41,-106.89,3.987,-19.35,12.54,0.03,0.0425,-2.2773,12.07,159102.02,7.89,91.5,-7.29,-0,-1,137.89,118.06,154.93,25.01,Cornering,"Hoosier 43075 16x7.5-10 R20, 7 inch rim",20996
78.5,796.302,-3.82,241.35,-106.44,3.994,-18.88,11.56,0.03,0.0359,-2.2674,12.14,159046.19,7.89,91.52,-7.238,-0,-1,137.89,118.03,154.83,25,Cornering,"Hoosier 43075 16x7.5-10 R20, 7 inch rim",20997
78.51,796.312,-3.88,238.34,-105.18,3.985,-19.32,10.11,-0.04,0.0368,-2.266,12.24,-98757.15,7.89,91.57,-7.214,-0,-1.0001,137.78,118.1,154.73,24.97,Cornering,"Hoosier 43075 16x7.5-10 R20, 7 inch rim",20998
78.49,796.322,-3.37,236.5,-103.8,4,-19.17,10.34,0.03,0.0325,-2.2784,12.28,158812.17,7.89,91.61,-7.168,-0,-1,137.65,118.19,154.73,24.96,Cornering,"Hoosier 43075 16x7.5-10 R20, 7 inch rim",20999
78.48,796.332,-3.75,235.88,-103.08,3.987,-18.63,10.53,-0.04,0.0363,-2.2884,12.27,-98684.33,7.89,91.69,-7.125,-0,-1.0001,137.69,118.28,154.69,24.94,Cornering,"Hoosier 43075 16x7.5-10 R20, 7 inch rim",21000
78.52,796.342,-4.3,235.97,-102.43,3.994,-18.55,11.26,0.03,0.042,-2.3038,12.2,158838.98,7.89,91.74,-7.089,-0,-1,137.78,118.34,154.69,24.96,Cornering,"Hoosier 43075 16x7.5-10 R20, 7 inch rim",21001
78.51,796.352,-5.61,236.57,-102.3,3.997,-18.6,11.46,0.03,0.0548,-2.3126,12.11,158743.28,7.89,91.76,-7.045,-0,-1,137.89,118.32,154.73,24.94,Cornering,"Hoosier 43075 16x7.5-10 R20, 7 inch rim",21002
78.47,796.362,-5.87,237.52,-102.94,4.003,-18.53,12.75,0.09,0.057,-2.3073,12.03,43991.5,7.89,91.79,-7.019,-0,-0.9998,137.91,118.34,154.69,24.94,Cornering,"Hoosier 43075 16x7.5-10 R20, 7 inch rim",21003
78.5,796.372,-6,238.34,-103.56,3.998,-19.75,13.6,0.03,0.058,-2.3015,12.04,158767.23,7.89,91.75,-6.973,-0,-1,137.87,118.25,154.59,24.94,Cornering,"Hoosier 43075 16x7.5-10 R20, 7 inch rim",21004
78.51,796.382,-5.72,239.9,-105.48,3.987,-19.21,14.11,0.09,0.0543,-2.2743,12.08,43999.03,7.89,91.69,-6.937,-0,-0.9998,137.78,118.12,154.48,24.94,Cornering,"Hoosier 43075 16x7.5-10 R20, 7 inch rim",21005
78.5,796.392,-4.65,241.02,-106.42,3.993,-20.13,14.75,0.03,0.0437,-2.2647,12.16,158789.52,7.89,91.67,-6.906,-0,-1,137.74,118.08,154.36,24.94,Cornering,"Hoosier 43075 16x7.5-10 R20, 7 inch rim",21006
78.48,796.402,-3.33,240.8,-107.5,3.988,-19.74,15.05,-0.04,0.031,-2.24,12.22,-98830.48,7.89,91.61,-6.863,-0,-1.0001,137.63,118.03,154.22,24.97,Cornering,"Hoosier 43075 16x7.5-10 R20, 7 inch rim",21007
78.51,796.412,-1.6,239.09,-107.48,3.99,-19.12,15.49,-0.04,0.0149,-2.2245,12.25,-98860.41,7.89,91.54,-6.828,-0,-1.0001,137.59,118.01,154.04,24.97,Cornering,"Hoosier 43075 16x7.5-10 R20, 7 inch rim",21008
78.51,796.422,0.31,236.51,-106.14,3.991,-19.2,16.29,-0.11,-0.003,-2.2284,12.19,-37703.65,7.89,91.48,-6.793,-0,-1.0002,137.52,118.06,153.98,24.97,Cornering,"Hoosier 43075 16x7.5-10 R20, 7 inch rim",21009
78.48,796.432,1.47,234.4,-104.57,3.991,-18.85,17.23,0.09,-0.014,-2.2416,12.11,44066.51,7.89,91.42,-6.757,-0,-0.9998,137.44,118.1,153.86,24.97,Cornering,"Hoosier 43075 16x7.5-10 R20, 7 inch rim",21010
78.49,796.442,1.17,233.36,-103.17,3.997,-18.7,17.32,0.03,-0.0114,-2.262,12.01,159147.66,7.89,91.42,-6.712,-0,-1,137.39,118.14,153.82,24.98,Cornering,"Hoosier 43075 16x7.5-10 R20, 7 inch rim",21011
78.52,796.452,0.81,233.05,-103.02,3.994,-18.29,18.05,0.03,-0.0079,-2.2622,11.96,159196.94,7.89,91.39,-6.674,-0,-1,137.46,118.23,153.86,24.99,Cornering,"Hoosier 43075 16x7.5-10 R20, 7 inch rim",21012
78.5,796.462,-0.42,233.02,-102.76,3.996,-18.94,18.09,0.03,0.0041,-2.2677,11.94,159286.7,7.89,91.41,-6.624,-0,-1,137.59,118.23,153.84,25,Cornering,"Hoosier 43075 16x7.5-10 R20, 7 inch rim",21013
78.48,796.472,-1.57,233.65,-103.02,3.998,-18.96,18.14,0.09,0.0153,-2.268,11.99,44152.43,7.89,91.44,-6.595,-0,-0.9998,137.69,118.21,153.86,25.01,Cornering,"Hoosier 43075 16x7.5-10 R20, 7 inch rim",21014
78.51,796.482,-3.27,234.51,-104.08,3.994,-18.73,17.09,-0.11,0.0314,-2.2532,12.08,-37784.5,7.89,91.48,-6.534,-0,-1.0002,137.72,118.17,153.76,25.01,Cornering,"Hoosier 43075 16x7.5-10 R20, 7 inch rim",21015
78.51,796.492,-4.53,235.36,-104.89,3.982,-19.71,15.91,-0.04,0.0432,-2.2439,12.1,-99040.91,7.89,91.54,-6.496,-0,-1.0001,137.63,118.03,153.64,25,Cornering,"Hoosier 43075 16x7.5-10 R20, 7 inch rim",21016
78.48,796.502,-5.12,236.06,-106.52,3.991,-19.82,14.66,-0.04,0.048,-2.216,12.08,-99093.16,7.89,91.59,-6.463,-0,-1.0001,137.67,117.95,153.49,25.01,Cornering,"Hoosier 43075 16x7.5-10 R20, 7 inch rim",21017
78.49,796.512,-4.53,236.11,-107.2,3.99,-20.07,13.86,-0.04,0.0423,-2.2026,12.02,-99125.17,7.89,91.61,-6.416,-0,-1.0001,137.59,117.88,153.37,25.02,Cornering,"Hoosier 43075 16x7.5-10 R20, 7 inch rim",21018
78.52,796.522,-3.48,234.84,-107.11,3.997,-19.77,13.03,0.09,0.0325,-2.1926,11.94,44222.2,7.89,91.65,-6.379,-0,-0.9998,137.59,117.92,153.21,25.04,Cornering,"Hoosier 43075 16x7.5-10 R20, 7 inch rim",21019
78.5,796.532,-2.67,233.11,-106.04,3.987,-19.24,11.97,-0.04,0.0252,-2.1983,11.87,-99257.09,7.89,91.7,-6.326,-0,-1.0001,137.39,117.97,153.07,25.05,Cornering,"Hoosier 43075 16x7.5-10 R20, 7 inch rim",21020
78.48,796.542,-2.42,230.56,-105.09,3.99,-18.57,11.18,0.03,0.0231,-2.1938,11.87,159611.78,7.89,91.71,-6.289,-0,-1,137.31,117.99,152.89,25.04,Cornering,"Hoosier 43075 16x7.5-10 R20, 7 inch rim",21021
78.5,796.552,-2.4,229.52,-103.49,3.994,-18.26,10.92,0.09,0.0232,-2.2177,11.94,44212.74,7.89,91.72,-6.247,-0,-0.9998,137.16,118.06,152.81,25.03,Cornering,"Hoosier 43075 16x7.5-10 R20, 7 inch rim",21022
78.52,796.562,-3.48,228.91,-103.13,3.985,-17.76,10.25,0.09,0.0337,-2.2196,12,44204.39,7.89,91.74,-6.224,-0,-0.9998,137.16,118.1,152.79,25.02,Cornering,"Hoosier 43075 16x7.5-10 R20, 7 inch rim",21023
78.48,796.572,-3.9,228.4,-102.81,3.987,-18.58,11.19,0.03,0.038,-2.2215,12.08,159462.81,7.89,91.74,-6.168,-0,-1,137.31,118.21,152.81,25.01,Cornering,"Hoosier 43075 16x7.5-10 R20, 7 inch rim",21024
78.49,796.582,-4.86,228.67,-102.68,3.997,-19.01,11.61,0.03,0.0474,-2.227,12.08,159472.48,7.89,91.74,-6.135,-0,-1,137.35,118.25,152.79,25.01,Cornering,"Hoosier 43075 16x7.5-10 R20, 7 inch rim",21025
78.52,796.592,-5.52,228.99,-102.96,3.994,-19.99,12.27,0.09,0.0536,-2.2241,12.04,44183.59,7.89,91.72,-6.103,-0,-0.9998,137.35,118.23,152.77,25,Cornering,"Hoosier 43075 16x7.5-10 R20, 7 inch rim",21026
78.5,796.602,-5.71,230.01,-104.44,3.997,-20.02,12.73,-0.04,0.0547,-2.2022,11.97,-99146.31,7.89,91.7,-6.054,-0,-1.0001,137.24,118.12,152.67,25.01,Cornering,"Hoosier 43075 16x7.5-10 R20, 7 inch rim",21027
78.48,796.612,-5.24,231.41,-106.32,3.985,-19.36,13.28,0.03,0.0493,-2.1765,11.94,159435.08,7.89,91.69,-6.009,-0,-1,137.12,118.03,152.58,25,Cornering,"Hoosier 43075 16x7.5-10 R20, 7 inch rim",21028
78.5,796.622,-4.62,232.33,-107.12,4.004,-20.14,12.95,-0.04,0.0431,-2.1689,11.96,-99067.68,7.89,91.66,-5.979,-0,-1.0001,137.07,118.01,152.44,24.98,Cornering,"Hoosier 43075 16x7.5-10 R20, 7 inch rim",21029
78.52,796.632,-3.43,231.94,-107.94,3.998,-19.55,12.8,-0.04,0.0318,-2.1488,12.03,-99051.52,7.89,91.66,-5.941,-0,-1.0001,136.99,117.99,152.28,24.98,Cornering,"Hoosier 43075 16x7.5-10 R20, 7 inch rim",21030
78.49,796.642,-1.93,230.35,-107.07,3.996,-19.18,12.98,0.03,0.018,-2.1513,12.1,159280.31,7.89,91.69,-5.903,-0,-1,136.97,118.03,152.1,24.97,Cornering,"Hoosier 43075 16x7.5-10 R20, 7 inch rim",21031
78.49,796.652,-0.57,227.92,-105.53,3.996,-19.12,13.33,0.03,0.0054,-2.1597,12.16,159330.12,7.89,91.69,-5.858,-0,-1,136.82,118.08,152,24.97,Cornering,"Hoosier 43075 16x7.5-10 R20, 7 inch rim",21032
78.51,796.662,0.18,225.82,-104.37,4,-18.17,13.99,0.03,-0.0017,-2.1636,12.14,159373.89,7.89,91.68,-5.833,-0,-1,136.75,118.14,151.9,24.98,Cornering,"Hoosier 43075 16x7.5-10 R20, 7 inch rim",21033
78.51,796.672,0.41,224.51,-102.81,3.99,-18.79,14.84,0.03,-0.0039,-2.1836,12.11,159460.53,7.89,91.69,-5.788,-0,-1,136.69,118.25,151.82,24.99,Cornering,"Hoosier 43075 16x7.5-10 R20, 7 inch rim",21034
78.48,796.682,0.17,224.19,-102.66,3.988,-18.35,15.83,0.03,-0.0016,-2.1838,12.03,159512.06,7.89,91.69,-5.735,-0,-1,136.79,118.36,151.86,25,Cornering,"Hoosier 43075 16x7.5-10 R20, 7 inch rim",21035
78.49,796.692,-0.73,223.88,-102.76,3.987,-19.04,16.34,-0.04,0.0071,-2.1788,11.95,-99091.79,7.89,91.7,-5.707,-0,-1.0001,136.94,118.39,151.84,24.98,Cornering,"Hoosier 43075 16x7.5-10 R20, 7 inch rim",21036
78.52,796.702,-2.33,223.9,-103.66,3.998,-19.23,16,0.03,0.0225,-2.1599,11.97,159493.36,7.89,91.67,-5.667,-0,-1,136.99,118.39,151.8,24.99,Cornering,"Hoosier 43075 16x7.5-10 R20, 7 inch rim",21037
78.5,796.712,-3.67,224.54,-104.19,3.998,-20.23,15.38,0.03,0.0352,-2.1552,12,159468.31,7.89,91.7,-5.623,-0,-1,136.92,118.36,151.76,24.98,Cornering,"Hoosier 43075 16x7.5-10 R20, 7 inch rim",21038
78.48,796.722,-4.33,226.24,-105.67,3.985,-19.34,14.51,0.09,0.041,-2.1409,12.11,44202.28,7.89,91.7,-5.596,-0,-0.9998,136.84,118.28,151.61,24.99,Cornering,"Hoosier 43075 16x7.5-10 R20, 7 inch rim",21039
78.5,796.732,-4.33,227.03,-106.81,4.003,-19.93,13.66,0.03,0.0406,-2.1256,12.18,159527,7.89,91.72,-5.541,-0,-1,136.84,118.21,151.43,24.99,Cornering,"Hoosier 43075 16x7.5-10 R20, 7 inch rim",21040
78.51,796.742,-3.34,227.41,-107.5,3.998,-19.09,13.15,0.03,0.0311,-2.1155,12.18,159574.92,7.89,91.75,-5.5,-0,-1,136.77,118.14,151.31,25,Cornering,"Hoosier 43075 16x7.5-10 R20, 7 inch rim",21041
78.47,796.752,-2.38,225.84,-106.94,3.993,-19.15,12.23,-0.04,0.0223,-2.1118,12.15,-99272.13,7.89,91.77,-5.451,-0,-1.0001,136.73,118.14,151.15,25.01,Cornering,"Hoosier 43075 16x7.5-10 R20, 7 inch rim",21042
78.5,796.762,-1.63,223.21,-106.43,3.984,-18.44,11.38,-0.04,0.0153,-2.0971,12.04,-99255.34,7.89,91.75,-5.412,-0,-1.0001,136.66,118.21,151.07,25.01,Cornering,"Hoosier 43075 16x7.5-10 R20, 7 inch rim",21043
78.52,796.772,-0.96,220.76,-104.63,3.984,-18.9,11.39,-0.04,0.0092,-2.1099,11.97,-99260.84,7.89,91.72,-5.378,-0,-1.0001,136.58,118.28,150.99,25.01,Cornering,"Hoosier 43075 16x7.5-10 R20, 7 inch rim",21044
78.49,796.782,-1.24,218.95,-103.28,3.99,-18.63,11.19,0.03,0.012,-2.1199,11.95,159654.42,7.89,91.71,-5.335,-0,-1,136.49,118.3,150.97,25,Cornering,"Hoosier 43075 16x7.5-10 R20, 7 inch rim",21045
78.48,796.792,-2.05,217.98,-103.09,3.996,-18.7,11.24,0.09,0.0199,-2.1144,11.97,44213.33,7.89,91.68,-5.299,-0,-0.9998,136.54,118.41,150.93,24.98,Cornering,"Hoosier 43075 16x7.5-10 R20, 7 inch rim",21046
78.51,796.802,-3.07,217.98,-102.9,3.993,-18.7,11.52,0.03,0.0298,-2.1183,12.05,159449.31,7.89,91.61,-5.268,-0,-1,136.6,118.45,150.95,24.97,Cornering,"Hoosier 43075 16x7.5-10 R20, 7 inch rim",21047
78.51,796.812,-4.18,218.43,-102.94,3.997,-18.78,11.78,0.09,0.0407,-2.1219,12.11,44178.84,7.89,91.58,-5.205,-0,-0.9998,136.73,118.45,150.95,24.96,Cornering,"Hoosier 43075 16x7.5-10 R20, 7 inch rim",21048
78.48,796.822,-4.83,218.79,-103.39,3.987,-19.46,12.08,-0.04,0.0468,-2.1163,12.12,-99061.8,7.89,91.57,-5.179,-0,-1.0001,136.73,118.43,150.89,24.95,Cornering,"Hoosier 43075 16x7.5-10 R20, 7 inch rim",21049
78.49,796.832,-5.18,220.1,-104.59,3.993,-18.98,12.41,0.03,0.0495,-2.1043,12.08,159298.5,7.89,91.6,-5.129,-0,-1,136.64,118.32,150.79,24.94,Cornering,"Hoosier 43075 16x7.5-10 R20, 7 inch rim",21050
78.52,796.842,-5.09,221.1,-105.78,3.993,-19.23,12.09,0.03,0.0481,-2.0903,11.99,159378.8,7.89,91.61,-5.103,-0,-1,136.64,118.21,150.64,24.95,Cornering,"Hoosier 43075 16x7.5-10 R20, 7 inch rim",21051
78.49,796.852,-3.99,221.37,-107.06,3.984,-19.3,12.1,0.03,0.0373,-2.0677,11.89,159424.81,7.89,91.6,-5.066,-0,-1,136.66,118.14,150.48,24.96,Cornering,"Hoosier 43075 16x7.5-10 R20, 7 inch rim",21052
78.47,796.862,-3.11,220.11,-107.12,3.988,-19.57,11.41,-0.04,0.029,-2.0549,11.83,-99107.88,7.89,91.58,-5.026,-0,-1.0001,136.64,118.08,150.28,24.96,Cornering,"Hoosier 43075 16x7.5-10 R20, 7 inch rim",21053
78.5,796.872,-1.93,218.2,-106.21,3.987,-19.31,11.09,0.03,0.0182,-2.0545,11.85,159443.27,7.89,91.57,-4.989,-0,-1,136.6,118.12,150.12,24.96,Cornering,"Hoosier 43075 16x7.5-10 R20, 7 inch rim",21054
78.52,796.882,-0.79,215.29,-104.9,3.997,-19.16,11.57,0.09,0.0075,-2.0523,11.92,44175.34,7.89,91.58,-4.95,-0,-0.9998,136.51,118.12,149.96,24.95,Cornering,"Hoosier 43075 16x7.5-10 R20, 7 inch rim",21055
78.49,796.892,0.01,213.46,-103.06,3.998,-19.17,12.62,0.09,-0.0001,-2.0712,12.02,44188.38,7.89,91.59,-4.907,-0,-0.9998,136.43,118.17,149.86,24.96,Cornering,"Hoosier 43075 16x7.5-10 R20, 7 inch rim",21056
78.48,796.902,0.41,212.52,-102.23,3.987,-18.51,13.81,-0.04,-0.004,-2.0788,12.07,-99245.38,7.9,91.57,-4.873,-0,-1.0001,136.41,118.28,149.8,24.98,Cornering,"Hoosier 43075 16x7.5-10 R20, 7 inch rim",21057
78.51,796.912,-0.2,211.99,-101.73,3.994,-18.67,14.73,0.03,0.002,-2.0839,12.06,159739.89,7.89,91.59,-4.828,-0,-1,136.47,118.39,149.76,25,Cornering,"Hoosier 43075 16x7.5-10 R20, 7 inch rim",21058
78.5,796.922,-1.23,212.14,-101.84,3.997,-18.42,15.32,0.03,0.012,-2.083,12.02,159820.19,7.89,91.6,-4.801,-0,-1,136.58,118.41,149.74,25.01,Cornering,"Hoosier 43075 16x7.5-10 R20, 7 inch rim",21059
78.48,796.932,-2.37,212.48,-102.15,3.993,-18.7,15.33,0.03,0.0232,-2.0801,11.95,159828.33,7.89,91.59,-4.765,-0,-1,136.58,118.45,149.76,25.01,Cornering,"Hoosier 43075 16x7.5-10 R20, 7 inch rim",21060
78.5,796.942,-3.35,213.19,-103.37,3.991,-18.49,14.88,0.09,0.0325,-2.0623,11.89,44303.17,7.9,91.58,-4.715,-0,-0.9998,136.51,118.43,149.65,25.01,Cornering,"Hoosier 43075 16x7.5-10 R20, 7 inch rim",21061
78.51,796.952,-3.83,214.04,-104.63,3.99,-19.12,14.11,0.03,0.0366,-2.0457,11.9,159850.45,7.9,91.56,-4.666,-0,-1,136.45,118.34,149.55,25.01,Cornering,"Hoosier 43075 16x7.5-10 R20, 7 inch rim",21062
78.49,796.962,-3.56,214.16,-106.17,3.982,-19.57,13,-0.04,0.0336,-2.0172,11.95,-99371.8,7.9,91.51,-4.628,-0,-1.0001,136.36,118.25,149.45,25.01,Cornering,"Hoosier 43075 16x7.5-10 R20, 7 inch rim",21063
78.49,796.972,-2.59,213.72,-106.67,3.985,-19.47,12.31,0.09,0.0243,-2.0037,12.05,44311.4,7.9,91.47,-4.58,-0,-0.9998,136.36,118.28,149.31,25.01,Cornering,"Hoosier 43075 16x7.5-10 R20, 7 inch rim",21064
78.51,796.982,-2.03,211.52,-106.45,3.993,-19.29,11.17,0.03,0.0191,-1.987,12.11,159874.28,7.89,91.45,-4.558,-0,-1,136.26,118.34,149.19,25.01,Cornering,"Hoosier 43075 16x7.5-10 R20, 7 inch rim",21065
78.5,796.992,-1.56,208.87,-104.27,3.997,-19.97,10.31,-0.04,0.015,-2.0032,12.13,-99457.5,7.89,91.45,-4.505,-0,-1.0001,136.17,118.39,149.09,25.03,Cornering,"Hoosier 43075 16x7.5-10 R20, 7 inch rim",21066
78.47,797.002,-0.8,206.63,-102.94,3.994,-18.99,10.63,-0.04,0.0078,-2.0074,12.08,-99463.74,7.89,91.46,-4.457,-0,-1.0001,136.09,118.41,149.01,25.03,Cornering,"Hoosier 43075 16x7.5-10 R20, 7 inch rim",21067
78.5,797.012,-1.15,205.18,-101.62,3.987,-18.27,10.56,0.03,0.0113,-2.0192,12,160013.22,7.9,91.47,-4.427,-0,-1,136.04,118.5,148.93,25.03,Cornering,"Hoosier 43075 16x7.5-10 R20, 7 inch rim",21068
78.52,797.022,-1.72,204.26,-101.63,3.985,-17.39,11.06,0.03,0.0169,-2.0098,11.95,159947.48,7.9,91.49,-4.387,-0,-1,136.11,118.65,148.87,25.01,Cornering,"Hoosier 43075 16x7.5-10 R20, 7 inch rim",21069
78.49,797.032,-2.92,204.2,-101.2,3.996,-17.57,11.34,-0.04,0.0289,-2.0178,11.95,-99362.85,7.89,91.5,-4.347,-0,-1.0001,136.21,118.72,148.89,25,Cornering,"Hoosier 43075 16x7.5-10 R20, 7 inch rim",21070
78.48,797.042,-4.13,203.93,-101.49,3.985,-18.02,11.55,0.03,0.0407,-2.0095,12.01,159743.94,7.9,91.48,-4.296,-0,-1,136.26,118.65,148.91,24.98,Cornering,"Hoosier 43075 16x7.5-10 R20, 7 inch rim",21071
78.51,797.052,-4.8,203.79,-102.2,3.991,-18.89,11.7,0.03,0.0469,-1.9941,12.1,159712.66,7.9,91.51,-4.267,-0,-1,136.28,118.58,148.85,24.97,Cornering,"Hoosier 43075 16x7.5-10 R20, 7 inch rim",21072
78.51,797.062,-5.24,203.91,-104.01,3.988,-19.13,11.46,-0.04,0.0504,-1.9604,12.17,-99264.05,7.9,91.53,-4.217,-0,-1.0001,136.15,118.54,148.77,24.97,Cornering,"Hoosier 43075 16x7.5-10 R20, 7 inch rim",21073
78.48,797.072,-4.87,204.29,-105.07,3.987,-20,11.22,-0.04,0.0464,-1.9443,12.19,-99244.89,7.9,91.56,-4.185,-0,-1.0001,136.09,118.45,148.68,24.96,Cornering,"Hoosier 43075 16x7.5-10 R20, 7 inch rim",21074
78.49,797.082,-3.91,203.86,-105.95,3.994,-20.03,10.86,0.03,0.0369,-1.924,12.17,159587.44,7.89,91.56,-4.151,-0,-1,136.04,118.41,148.6,24.95,Cornering,"Hoosier 43075 16x7.5-10 R20, 7 inch rim",21075
78.52,797.092,-2.74,202.48,-105.74,3.985,-19.76,10.48,-0.04,0.0259,-1.9149,12.09,-99255.34,7.9,91.59,-4.099,-0,-1.0001,135.98,118.45,148.46,24.96,Cornering,"Hoosier 43075 16x7.5-10 R20, 7 inch rim",21076
78.5,797.102,-1.75,200.23,-104.73,3.988,-19.38,10.16,0.03,0.0167,-1.912,12,159603.83,7.9,91.64,-4.066,-0,-1,135.91,118.56,148.32,24.95,Cornering,"Hoosier 43075 16x7.5-10 R20, 7 inch rim",21077
78.47,797.112,-1.27,197.94,-103.22,3.997,-18.74,10.14,0.09,0.0123,-1.9177,11.97,44219.71,7.9,91.71,-4.021,-0,-0.9998,135.79,118.63,148.2,24.94,Cornering,"Hoosier 43075 16x7.5-10 R20, 7 inch rim",21078
78.5,797.122,-0.78,196.49,-101.99,3.993,-17.71,10.89,0.03,0.0077,-1.9266,12,159580.34,7.9,91.76,-3.995,-0,-1,135.7,118.63,148.1,24.94,Cornering,"Hoosier 43075 16x7.5-10 R20, 7 inch rim",21079
78.51,797.132,-0.92,195.97,-100.86,3.988,-17.32,11.9,-0.04,0.0091,-1.943,12.08,-99180.89,7.9,91.8,-3.949,-0,-1.0001,135.7,118.74,148.04,24.94,Cornering,"Hoosier 43075 16x7.5-10 R20, 7 inch rim",21080
78.49,797.142,-1.8,195.35,-100.95,3.99,-16.64,12.43,-0.11,0.0179,-1.9352,12.14,-37850.91,7.9,91.83,-3.916,-0,-1.0002,135.76,118.8,148,24.95,Cornering,"Hoosier 43075 16x7.5-10 R20, 7 inch rim",21081
78.5,797.152,-2.49,194.73,-101.26,3.993,-16.92,13.53,0.03,0.0246,-1.9232,12.15,159679.7,7.89,91.85,-3.859,-0,-1,135.83,118.8,148,24.96,Cornering,"Hoosier 43075 16x7.5-10 R20, 7 inch rim",21082
78.52,797.162,-3.1,193.98,-101.79,3.991,-18.12,14.08,-0.04,0.0304,-1.9057,12.1,-99310.34,7.9,91.82,-3.824,-0,-1.0001,135.83,118.72,147.96,24.97,Cornering,"Hoosier 43075 16x7.5-10 R20, 7 inch rim",21083
78.5,797.172,-3.67,193.56,-102.91,3.996,-19.23,14.26,0.03,0.0357,-1.8809,12.03,159767.28,7.9,91.8,-3.784,-0,-1,135.68,118.72,147.9,24.97,Cornering,"Hoosier 43075 16x7.5-10 R20, 7 inch rim",21084
78.48,797.182,-3.42,193.37,-104.7,3.993,-19.54,14.1,0.03,0.0327,-1.8468,11.95,159700.2,7.89,91.78,-3.744,-0,-1,135.59,118.61,147.78,24.96,Cornering,"Hoosier 43075 16x7.5-10 R20, 7 inch rim",21085
78.5,797.192,-2.96,193.26,-105.11,3.985,-20.28,13.34,0.03,0.0282,-1.8387,11.89,159596.2,7.9,91.81,-3.703,-0,-1,135.53,118.56,147.63,24.94,Cornering,"Hoosier 43075 16x7.5-10 R20, 7 inch rim",21086
78.52,797.202,-2.14,192.53,-105.56,3.982,-19.24,12.49,0.09,0.0203,-1.8239,11.89,44206.55,7.9,91.84,-3.668,-0,-0.9998,135.44,118.52,147.51,24.93,Cornering,"Hoosier 43075 16x7.5-10 R20, 7 inch rim",21087
78.48,797.212,-1.61,190.93,-105.05,3.991,-18.2,11.47,0.03,0.0154,-1.8175,11.95,159497.98,7.9,91.83,-3.627,-0,-1,135.4,118.63,147.39,24.92,Cornering,"Hoosier 43075 16x7.5-10 R20, 7 inch rim",21088
78.48,797.222,-1.12,188.62,-103.59,4.004,-17.89,10.84,0.03,0.0108,-1.8209,12.04,159653.89,7.89,91.83,-3.582,-0,-1,135.31,118.67,147.29,24.94,Cornering,"Hoosier 43075 16x7.5-10 R20, 7 inch rim",21089
78.52,797.232,-1.27,186.37,-101.9,3.997,-17.73,10.51,-0.04,0.0124,-1.829,12.11,-99318.41,7.89,91.82,-3.535,-0,-1.0001,135.25,118.78,147.19,24.96,Cornering,"Hoosier 43075 16x7.5-10 R20, 7 inch rim",21090
78.5,797.242,-1.78,185.24,-100.37,3.981,-17.41,10.56,0.09,0.0178,-1.8456,12.11,44316.71,7.9,91.79,-3.511,-0,-0.9998,135.27,118.83,147.11,24.98,Cornering,"Hoosier 43075 16x7.5-10 R20, 7 inch rim",21091
78.48,797.252,-2.35,183.81,-100.53,3.993,-16.97,11.42,-0.04,0.0234,-1.8284,12.05,-99417.26,7.9,91.76,-3.471,-0,-1.0001,135.36,119,147.11,24.98,Cornering,"Hoosier 43075 16x7.5-10 R20, 7 inch rim",21092
78.5,797.262,-3.64,182.43,-100.77,3.991,-17.37,11.66,0.03,0.0361,-1.8103,11.97,159903.11,7.9,91.73,-3.421,-0,-1,135.42,119.07,147.07,24.98,Cornering,"Hoosier 43075 16x7.5-10 R20, 7 inch rim",21093
78.52,797.272,-4.74,181.35,-101.45,3.998,-17.98,11.96,0.09,0.0467,-1.7875,11.92,44270.89,7.89,91.71,-3.386,-0,-0.9998,135.42,119.11,147.03,24.96,Cornering,"Hoosier 43075 16x7.5-10 R20, 7 inch rim",21094
78.49,797.282,-5.75,180.92,-102.19,3.997,-18.96,11.92,-0.04,0.0563,-1.7705,11.91,-99267.62,7.9,91.72,-3.352,-0,-1.0001,135.27,118.98,146.99,24.94,Cornering,"Hoosier 43075 16x7.5-10 R20, 7 inch rim",21095
78.48,797.292,-5.79,180.6,-103.7,3.981,-19.6,11.93,0.03,0.0558,-1.7416,11.97,159735.64,7.9,91.72,-3.306,-0,-1,135.16,118.91,146.91,24.95,Cornering,"Hoosier 43075 16x7.5-10 R20, 7 inch rim",21096
78.51,797.302,-5.07,180.93,-104.77,3.996,-19.27,11.94,-0.04,0.0483,-1.7269,12.05,-99345.79,7.9,91.72,-3.259,-0,-1.0001,135.1,118.8,146.85,24.96,Cornering,"Hoosier 43075 16x7.5-10 R20, 7 inch rim",21097
78.51,797.312,-4.16,180,-104.92,4,-19.71,11.45,0.03,0.0396,-1.7155,12.1,159786.53,7.89,91.72,-3.216,-0,-1,135.01,118.8,146.7,24.96,Cornering,"Hoosier 43075 16x7.5-10 R20, 7 inch rim",21098
78.47,797.322,-2.74,178.9,-104.64,4.003,-18.37,11.32,-0.04,0.0262,-1.7096,12.11,-99329.04,7.89,91.68,-3.192,-0,-1.0001,134.91,118.78,146.58,24.96,Cornering,"Hoosier 43075 16x7.5-10 R20, 7 inch rim",21099
78.5,797.332,-1.62,176.54,-103.42,3.99,-17.66,11.15,0.09,0.0157,-1.707,12.06,44301.95,7.9,91.68,-3.139,-0,-0.9998,134.8,118.87,146.46,24.97,Cornering,"Hoosier 43075 16x7.5-10 R20, 7 inch rim",21100
78.53,797.342,-0.59,174.1,-101.33,3.982,-17.61,11.82,0.03,0.0058,-1.7182,11.97,159914.39,7.9,91.7,-3.104,-0,-1,134.71,118.94,146.36,24.97,Cornering,"Hoosier 43075 16x7.5-10 R20, 7 inch rim",21101
78.49,797.352,-0.57,171.64,-100.13,3.997,-17.81,12.55,0.03,0.0057,-1.7142,11.93,159957.5,7.89,91.71,-3.063,-0,-1,134.65,119.02,146.32,24.98,Cornering,"Hoosier 43075 16x7.5-10 R20, 7 inch rim",21102
78.48,797.362,-0.79,169.92,-99.71,3.991,-17.96,13.52,0.09,0.0079,-1.7042,11.96,44326.93,7.9,91.72,-3.028,-0,-0.9998,134.69,119.07,146.26,24.98,Cornering,"Hoosier 43075 16x7.5-10 R20, 7 inch rim",21103
78.51,797.372,-2.04,168.72,-99.85,3.981,-17.63,13.93,0.03,0.0205,-1.6898,12.03,159931.5,7.9,91.74,-2.984,-0,-1,134.8,119.16,146.26,24.97,Cornering,"Hoosier 43075 16x7.5-10 R20, 7 inch rim",21104
78.51,797.382,-3.27,167.44,-99.99,3.993,-18.64,14.32,0.03,0.0327,-1.6746,12.12,159972.8,7.9,91.77,-2.954,-0,-1,134.84,119.11,146.28,24.98,Cornering,"Hoosier 43075 16x7.5-10 R20, 7 inch rim",21105
78.48,797.392,-4.37,167.06,-101.33,3.991,-18.1,14.25,0.03,0.0432,-1.6488,12.21,160091.39,7.9,91.8,-2.901,-0,-1,134.82,119.05,146.26,25,Cornering,"Hoosier 43075 16x7.5-10 R20, 7 inch rim",21106
78.5,797.402,-5,166.53,-102.44,3.984,-19.01,13.97,0.03,0.0488,-1.6256,12.22,160207.78,7.9,91.83,-2.864,-0,-1,134.76,118.96,146.22,25.01,Cornering,"Hoosier 43075 16x7.5-10 R20, 7 inch rim",21107
78.52,797.412,-4.86,166.12,-103.88,3.994,-19.03,13.62,-0.04,0.0468,-1.5992,12.17,-99614.77,7.89,91.83,-2.826,-0,-1.0001,134.78,118.87,146.18,25.02,Cornering,"Hoosier 43075 16x7.5-10 R20, 7 inch rim",21108
78.5,797.422,-4.25,165.74,-105.18,3.996,-18.21,13.04,-0.04,0.0404,-1.5757,12.11,-99595.3,7.9,91.8,-2.782,-0,-1.0001,134.69,118.87,146.06,25.01,Cornering,"Hoosier 43075 16x7.5-10 R20, 7 inch rim",21109
78.48,797.432,-3.3,164.49,-104.96,3.994,-17.96,12.46,0.09,0.0314,-1.5672,12,44368.47,7.9,91.79,-2.742,-0,-0.9998,134.69,118.89,145.96,25,Cornering,"Hoosier 43075 16x7.5-10 R20, 7 inch rim",21110
78.5,797.442,-2.89,162.29,-104.04,3.985,-17.71,11.42,0.03,0.0278,-1.5599,11.98,160043.14,7.9,91.8,-2.702,-0,-1,134.61,118.94,145.86,24.98,Cornering,"Hoosier 43075 16x7.5-10 R20, 7 inch rim",21111
78.52,797.452,-2.19,159.99,-102.59,3.997,-17.35,11.38,-0.04,0.0213,-1.5595,11.99,-99558.84,7.9,91.79,-2.659,-0,-1.0001,134.56,118.98,145.75,25,Cornering,"Hoosier 43075 16x7.5-10 R20, 7 inch rim",21112
78.48,797.462,-2.19,157.6,-101.12,3.987,-17.46,11.48,0.03,0.0216,-1.5585,12.06,160312.8,7.9,91.81,-2.623,-0,-1,134.52,119,145.63,25.03,Cornering,"Hoosier 43075 16x7.5-10 R20, 7 inch rim",21113
78.49,797.472,-2.46,155.62,-100.16,4.004,-17.54,12.13,0.03,0.0245,-1.5537,12.15,160502.09,7.89,91.8,-2.593,-0,-1,134.52,119.05,145.57,25.05,Cornering,"Hoosier 43075 16x7.5-10 R20, 7 inch rim",21114
78.52,797.482,-3.33,153.88,-99.65,4,-18.2,12.65,0.03,0.0334,-1.5442,12.19,160582.17,7.9,91.82,-2.544,-0,-1,134.61,119.11,145.51,25.07,Cornering,"Hoosier 43075 16x7.5-10 R20, 7 inch rim",21115
78.5,797.492,-4.16,152.54,-100.14,3.993,-17.9,13.59,0.09,0.0415,-1.5232,12.17,44489.46,7.9,91.83,-2.511,-0,-0.9998,134.65,119.18,145.51,25.06,Cornering,"Hoosier 43075 16x7.5-10 R20, 7 inch rim",21116
78.48,797.502,-5.32,151.52,-100.76,3.982,-17.88,13.69,0.03,0.0528,-1.5037,12.08,160442.14,7.9,91.84,-2.471,-0,-1,134.65,119.22,145.45,25.04,Cornering,"Hoosier 43075 16x7.5-10 R20, 7 inch rim",21117
78.51,797.512,-5.73,150.7,-102.54,3.982,-17.87,14,0.16,0.0559,-1.4696,12,25788.28,7.9,91.81,-2.427,-0,-0.9997,134.56,119.13,145.41,25.03,Cornering,"Hoosier 43075 16x7.5-10 R20, 7 inch rim",21118
78.51,797.522,-5.38,149.96,-103.74,3.99,-18.69,14.2,0.03,0.0519,-1.4456,11.93,160192.17,7.9,91.76,-2.383,-0,-1,134.52,119.09,145.33,25,Cornering,"Hoosier 43075 16x7.5-10 R20, 7 inch rim",21119
78.49,797.532,-4.09,149.5,-104.48,4.003,-19.03,14.65,-0.04,0.0392,-1.4309,11.95,-99604.25,7.89,91.73,-2.35,-0,-1.0001,134.52,119.11,145.21,25.01,Cornering,"Hoosier 43075 16x7.5-10 R20, 7 inch rim",21120
78.48,797.542,-3.14,148.23,-105.31,3.984,-18.06,13.96,-0.04,0.0299,-1.4075,12,-99560.47,7.9,91.76,-2.314,-0,-1.0001,134.41,119.07,145.09,25,Cornering,"Hoosier 43075 16x7.5-10 R20, 7 inch rim",21121
78.5,797.552,-2.12,145.71,-104.81,3.987,-17.53,13.55,-0.11,0.0202,-1.3903,12.08,-37960.14,7.9,91.82,-2.271,-0,-1.0002,134.35,119.13,144.99,24.98,Cornering,"Hoosier 43075 16x7.5-10 R20, 7 inch rim",21122
78.5,797.562,-1.5,142.95,-103.09,3.99,-17.85,13.13,0.03,0.0145,-1.3866,12.14,160135.08,7.9,91.84,-2.221,-0,-1,134.28,119.2,144.89,24.99,Cornering,"Hoosier 43075 16x7.5-10 R20, 7 inch rim",21123
78.47,797.572,-1.14,140.34,-101.13,3.988,-17.77,13.47,0.03,0.0113,-1.3878,12.11,159990.28,7.9,91.85,-2.184,-0,-1,134.2,119.29,144.78,24.97,Cornering,"Hoosier 43075 16x7.5-10 R20, 7 inch rim",21124
78.5,797.582,-1.8,138.08,-100.23,3.997,-17.33,13.49,0.09,0.018,-1.3776,12.06,44314.82,7.9,91.83,-2.156,-0,-0.9998,134.22,119.4,144.72,24.96,Cornering,"Hoosier 43075 16x7.5-10 R20, 7 inch rim",21125
78.52,797.592,-2.46,136.53,-99.56,3.985,-17.07,14.25,-0.11,0.0247,-1.3713,11.97,-37911.22,7.9,91.81,-2.106,-0,-1.0002,134.22,119.46,144.62,24.95,Cornering,"Hoosier 43075 16x7.5-10 R20, 7 inch rim",21126
78.48,797.602,-3.44,135.29,-99.77,3.988,-16.51,15.08,0.03,0.0345,-1.356,11.9,159816.02,7.9,91.82,-2.066,-0,-1,134.26,119.51,144.6,24.94,Cornering,"Hoosier 43075 16x7.5-10 R20, 7 inch rim",21127
78.48,797.612,-4.76,134.21,-100.47,3.997,-16.4,15.43,-0.04,0.0474,-1.3359,11.9,-99324.33,7.89,91.8,-2.026,-0,-1.0001,134.3,119.49,144.56,24.93,Cornering,"Hoosier 43075 16x7.5-10 R20, 7 inch rim",21128
78.51,797.622,-6.25,132.85,-101.08,3.994,-17.48,14.76,-0.04,0.0619,-1.3144,11.95,-99349.54,7.89,91.8,-1.989,-0,-1.0001,134.22,119.42,144.52,24.94,Cornering,"Hoosier 43075 16x7.5-10 R20, 7 inch rim",21129
78.51,797.632,-6.22,131.74,-102.75,3.984,-17.79,14.94,-0.04,0.0605,-1.2822,12.02,-99375.73,7.9,91.81,-1.933,-0,-1.0001,134.15,119.33,144.46,24.94,Cornering,"Hoosier 43075 16x7.5-10 R20, 7 inch rim",21130
78.48,797.642,-5.73,130.4,-104.31,3.996,-18.11,14.8,0.09,0.0549,-1.2502,12.08,44300.79,7.9,91.78,-1.901,-0,-0.9998,134.07,119.29,144.38,24.94,Cornering,"Hoosier 43075 16x7.5-10 R20, 7 inch rim",21131
78.5,797.652,-4.54,128.86,-104.26,3.99,-18.74,14.65,0.09,0.0436,-1.236,12.07,44322.26,7.9,91.77,-1.864,-0,-0.9998,134.03,119.29,144.26,24.96,Cornering,"Hoosier 43075 16x7.5-10 R20, 7 inch rim",21132
78.51,797.662,-3.89,126.67,-104.01,3.991,-18.24,13.82,0.09,0.0374,-1.218,12.01,44302.7,7.9,91.78,-1.82,-0,-0.9998,134,119.29,144.18,24.94,Cornering,"Hoosier 43075 16x7.5-10 R20, 7 inch rim",21133
78.49,797.672,-3.02,124.3,-103.07,3.988,-17.36,13.53,-0.04,0.0293,-1.2061,11.95,-99359.88,7.9,91.76,-1.796,-0,-1.0001,133.96,119.31,144.08,24.94,Cornering,"Hoosier 43075 16x7.5-10 R20, 7 inch rim",21134
78.48,797.682,-2.38,121.69,-101.22,3.994,-17.06,13.94,0.09,0.0236,-1.2022,11.91,44273.35,7.9,91.74,-1.751,-0,-0.9998,133.81,119.35,144.04,24.93,Cornering,"Hoosier 43075 16x7.5-10 R20, 7 inch rim",21135
78.5,797.692,-2.43,119.82,-99.96,3.975,-16,14.43,0.03,0.0243,-1.1986,11.89,159735.47,7.9,91.71,-1.705,-0,-1,133.79,119.46,143.85,24.92,Cornering,"Hoosier 43075 16x7.5-10 R20, 7 inch rim",21136
78.5,797.702,-3.26,118,-98.72,3.981,-16.23,14.89,0.09,0.033,-1.1953,11.96,44306.19,7.9,91.69,-1.66,-0,-0.9998,133.9,119.55,143.77,24.94,Cornering,"Hoosier 43075 16x7.5-10 R20, 7 inch rim",21137
78.48,797.712,-4.52,116.7,-98.84,4.001,-15.6,15.44,0.03,0.0457,-1.1807,12.03,160113.02,7.89,91.69,-1.625,-0,-1,133.96,119.64,143.75,24.98,Cornering,"Hoosier 43075 16x7.5-10 R20, 7 inch rim",21138
78.48,797.722,-5.46,114.68,-98.72,3.996,-16.51,16.14,-0.04,0.0553,-1.1616,12.14,-99578.08,7.9,91.66,-1.576,-0,-1.0001,133.98,119.66,143.75,24.99,Cornering,"Hoosier 43075 16x7.5-10 R20, 7 inch rim",21139
78.52,797.732,-6.36,113.1,-100.63,3.994,-15.92,16.46,0.03,0.0632,-1.1239,12.14,160267.62,7.9,91.64,-1.541,-0,-1,133.94,119.62,143.73,25,Cornering,"Hoosier 43075 16x7.5-10 R20, 7 inch rim",21140
78.5,797.742,-6.48,111.17,-101.78,3.985,-17.12,16.82,-0.11,0.0637,-1.0922,12.11,-37967.15,7.9,91.55,-1.492,-0,-1.0002,133.92,119.57,143.67,24.98,Cornering,"Hoosier 43075 16x7.5-10 R20, 7 inch rim",21141
78.48,797.752,-6.27,109.32,-103.04,4.001,-18.23,16.63,0.09,0.0609,-1.0609,12.04,44320.39,7.89,91.5,-1.458,-0,-0.9998,133.85,119.62,143.61,24.95,Cornering,"Hoosier 43075 16x7.5-10 R20, 7 inch rim",21142
78.51,797.762,-5.58,108,-103.5,3.987,-18.31,16.13,-0.04,0.0539,-1.0434,11.96,-99469.2,7.9,91.46,-1.418,-0,-1.0001,133.83,119.57,143.55,24.96,Cornering,"Hoosier 43075 16x7.5-10 R20, 7 inch rim",21143
78.52,797.772,-4.72,106.12,-103.34,3.991,-18,15.55,-0.04,0.0457,-1.0269,11.94,-99447.87,7.9,91.45,-1.372,-0,-1.0001,133.75,119.62,143.49,24.96,Cornering,"Hoosier 43075 16x7.5-10 R20, 7 inch rim",21144
78.48,797.782,-3.63,103.94,-102.77,3.985,-16.89,15.2,0.09,0.0353,-1.0114,11.99,44332.91,7.9,91.47,-1.327,-0,-0.9998,133.73,119.68,143.39,24.96,Cornering,"Hoosier 43075 16x7.5-10 R20, 7 inch rim",21145
78.49,797.792,-3.05,101.45,-100.19,3.984,-17.3,15.18,0.03,0.0305,-1.0126,12.06,160022.41,7.9,91.49,-1.306,-0,-1,133.62,119.77,143.29,24.96,Cornering,"Hoosier 43075 16x7.5-10 R20, 7 inch rim",21146
78.51,797.802,-2.58,98.93,-99.6,3.985,-15.74,15.75,0.09,0.0259,-0.9933,12.14,44333.89,7.9,91.5,-1.266,-0,-0.9998,133.53,119.82,143.17,24.96,Cornering,"Hoosier 43075 16x7.5-10 R20, 7 inch rim",21147
78.5,797.812,-3.49,96.65,-98.23,3.991,-15.72,15.92,0.03,0.0356,-0.9839,12.17,159916.14,7.9,91.5,-1.211,-0,-1,133.6,119.88,143.07,24.94,Cornering,"Hoosier 43075 16x7.5-10 R20, 7 inch rim",21148
78.47,797.822,-4.65,94.68,-97.52,4.007,-16,16.47,0.03,0.0477,-0.9708,12.15,159880.27,7.89,91.5,-1.187,-0,-1,133.66,119.97,143.03,24.94,Cornering,"Hoosier 43075 16x7.5-10 R20, 7 inch rim",21149
78.5,797.832,-5.56,92.27,-97.99,3.993,-16.27,17.37,0.03,0.0567,-0.9416,12.08,160031.48,7.89,91.48,-1.135,-0,-1,133.64,120.06,143.03,24.96,Cornering,"Hoosier 43075 16x7.5-10 R20, 7 inch rim",21150
78.52,797.842,-6.87,90,-98.67,3.985,-16.64,17.68,0.03,0.0696,-0.9121,12,160180.7,7.9,91.46,-1.124,-0,-1,133.66,120.06,143.03,24.98,Cornering,"Hoosier 43075 16x7.5-10 R20, 7 inch rim",21151
78.49,797.852,-7.18,88.1,-100.44,3.982,-16.49,18.32,-0.04,0.0714,-0.8771,11.96,-99549.91,7.9,91.46,-1.082,-0,-1.0001,133.58,120.01,142.97,24.98,Cornering,"Hoosier 43075 16x7.5-10 R20, 7 inch rim",21152
78.48,797.862,-6.63,86.25,-101.52,3.993,-17.56,18.91,0.16,0.0653,-0.8496,11.99,25764.04,7.9,91.45,-1.029,-0,-0.9997,133.53,119.93,142.97,24.98,Cornering,"Hoosier 43075 16x7.5-10 R20, 7 inch rim",21153
78.51,797.872,-5.67,84.64,-102.63,3.985,-17.47,19.13,-0.04,0.0553,-0.8247,12.08,-99505.91,7.9,91.46,-1.004,-0,-1.0001,133.55,119.86,142.95,24.97,Cornering,"Hoosier 43075 16x7.5-10 R20, 7 inch rim",21154
78.5,797.882,-4.72,82.99,-103.13,3.981,-16.49,18.82,0.03,0.0458,-0.8047,12.18,160001.47,7.9,91.45,-0.978,-0,-1,133.51,119.93,142.91,24.96,Cornering,"Hoosier 43075 16x7.5-10 R20, 7 inch rim",21155
78.47,797.892,-3.51,80.13,-101.96,3.979,-16.59,18.74,-0.04,0.0344,-0.7859,12.25,-99530.98,7.9,91.43,-0.926,-0,-1.0001,133.45,119.95,142.84,24.97,Cornering,"Hoosier 43075 16x7.5-10 R20, 7 inch rim",21156
78.5,797.902,-2.64,76.87,-100.58,3.998,-16.34,18.87,-0.04,0.0262,-0.7643,12.21,-99577.96,7.9,91.46,-0.893,-0,-1.0001,133.43,119.99,142.8,24.98,Cornering,"Hoosier 43075 16x7.5-10 R20, 7 inch rim",21157
78.52,797.912,-1.82,74.02,-99.02,3.987,-15.58,19.58,-0.04,0.0183,-0.7476,12.13,-99578.74,7.9,91.44,-0.859,-0,-1.0001,133.36,120.12,142.7,24.98,Cornering,"Hoosier 43075 16x7.5-10 R20, 7 inch rim",21158
78.49,797.922,-2.17,71.41,-97.87,4.003,-15.19,20.23,0.16,0.0221,-0.7296,12.04,25759.46,7.89,91.47,-0.803,-0,-0.9997,133.36,120.15,142.66,24.98,Cornering,"Hoosier 43075 16x7.5-10 R20, 7 inch rim",21159
78.48,797.932,-2.96,68.46,-97.44,3.993,-15.33,20.88,-0.04,0.0304,-0.7026,11.97,-99511.2,7.9,91.49,-0.775,-0,-1.0001,133.36,120.3,142.62,24.97,Cornering,"Hoosier 43075 16x7.5-10 R20, 7 inch rim",21160
78.51,797.942,-4.3,66.13,-97.38,3.991,-15.13,21.32,0.03,0.0442,-0.6791,11.98,160084.67,7.9,91.51,-0.727,-0,-1,133.43,120.34,142.64,24.97,Cornering,"Hoosier 43075 16x7.5-10 R20, 7 inch rim",21161
78.51,797.952,-5.7,63.46,-97.5,3.998,-16.01,21.66,0.09,0.0585,-0.6509,12.02,44412.65,7.89,91.52,-0.683,-0,-0.9998,133.34,120.39,142.66,25,Cornering,"Hoosier 43075 16x7.5-10 R20, 7 inch rim",21162
78.47,797.962,-6.62,60.63,-98.91,3.985,-16.5,21.74,-0.04,0.0669,-0.613,12.09,-99652.41,7.9,91.54,-0.626,-0,-1.0001,133.36,120.28,142.62,25,Cornering,"Hoosier 43075 16x7.5-10 R20, 7 inch rim",21163
78.5,797.972,-7.03,58.08,-100.51,3.987,-16.88,21.58,-0.04,0.07,-0.5779,12.18,-99652.91,7.9,91.53,-0.591,-0,-1.0001,133.27,120.17,142.62,25,Cornering,"Hoosier 43075 16x7.5-10 R20, 7 inch rim",21164
78.52,797.982,-6.89,55.61,-101.32,3.997,-17.14,21.06,0.09,0.068,-0.5489,12.17,44413.64,7.89,91.51,-0.531,-0,-0.9998,133.21,120.1,142.58,25,Cornering,"Hoosier 43075 16x7.5-10 R20, 7 inch rim",21165
78.49,797.992,-6.37,53.02,-102,3.996,-16.72,20.29,0.09,0.0624,-0.5199,12.11,44393.31,7.9,91.54,-0.48,-0,-0.9998,133.19,120.06,142.6,24.98,Cornering,"Hoosier 43075 16x7.5-10 R20, 7 inch rim",21166
78.48,798.002,-5.76,49.95,-101.61,3.982,-16.09,19.3,0.03,0.0567,-0.4916,12.03,160239.66,7.9,91.58,-0.445,-0,-1,133.15,120.1,142.56,24.99,Cornering,"Hoosier 43075 16x7.5-10 R20, 7 inch rim",21167
78.51,798.012,-4.79,46.45,-100.67,3.991,-15.26,19.12,-0.04,0.0476,-0.4614,11.95,-99585.78,7.9,91.61,-0.397,-0,-1.0001,133.15,120.1,142.52,24.98,Cornering,"Hoosier 43075 16x7.5-10 R20, 7 inch rim",21168
78.51,798.022,-4.41,42.86,-98.03,3.991,-16.19,18.88,0.09,0.045,-0.4372,11.94,44383.5,7.9,91.6,-0.357,-0,-0.9998,133.08,120.15,142.42,24.98,Cornering,"Hoosier 43075 16x7.5-10 R20, 7 inch rim",21169
