AmbientRoomTemperature,ElapsedTime,LongitudinalForce,LateralForce,NormalForce,InclinationAngle,OverturningMoment,AligningTorque,WheelRotationalSpeed,NormalizedLongitudinalForce(FX/FZ),NormalizedLateralForce(FY/FZ),TirePressure,EffectiveRadius,LoadedRadius,RoadSurfaceTemperature,SlipAngle,SlipRatioTextbook,SlipRatioBasedOnRL,TireSurfaceTemperature-Center,TireSurfaceTemperature-Inboard,TireSurfaceTemperature-Outboard,RoadSpeed,testid,tireid,Index
78.39,718.124,-0.13,-16.55,-52.86,4.003,-10.44,24.03,0.09,0.0024,0.313,12.09,44485.03,8.02,91.35,0.39,-0,-0.9998,126.86,119.99,126.11,25.04,Cornering,"Hoosier 43075 16x7.5-10 R20, 7 inch rim",17450
78.38,718.134,0.37,-18.1,-52.36,3.997,-10.04,22.72,-0.04,-0.007,0.3456,11.99,-99766.68,8.02,91.38,0.448,-0,-1.0001,126.82,120.01,126.09,25.03,Cornering,"Hoosier 43075 16x7.5-10 R20, 7 inch rim",17451
78.42,718.144,-0.08,-19.82,-51.65,3.991,-9.71,21.17,0.03,0.0015,0.3837,11.93,160344.86,8.02,91.41,0.473,-0,-0.9999,126.8,120.08,126.07,25.01,Cornering,"Hoosier 43075 16x7.5-10 R20, 7 inch rim",17452
78.42,718.154,-1.03,-21.72,-50.77,3.987,-9.72,19.97,0.03,0.0204,0.4277,11.96,160157.7,8.02,91.41,0.517,-0,-0.9999,126.69,120.3,126.05,24.98,Cornering,"Hoosier 43075 16x7.5-10 R20, 7 inch rim",17453
78.38,718.164,-1.7,-23.12,-50.5,3.985,-8.74,19.92,0.03,0.0337,0.4578,12.01,160156.02,8.02,91.42,0.569,-0,-0.9999,126.6,120.41,126.07,24.98,Cornering,"Hoosier 43075 16x7.5-10 R20, 7 inch rim",17454
78.4,718.174,-2.79,-25.39,-49.74,3.994,-9.64,20.27,0.09,0.0561,0.5105,12.08,44400.71,8.02,91.44,0.616,-0,-0.9998,126.6,120.52,126.09,24.99,Cornering,"Hoosier 43075 16x7.5-10 R20, 7 inch rim",17455
78.42,718.184,-4.59,-27.33,-50.79,3.991,-9,19.97,0.09,0.0904,0.5382,12.14,44369.26,8.02,91.47,0.67,-0,-0.9998,126.67,120.63,126.17,24.97,Cornering,"Hoosier 43075 16x7.5-10 R20, 7 inch rim",17456
78.4,718.194,-6.17,-29.51,-51.03,3.994,-9.99,19.65,0.09,0.1209,0.5784,12.11,44358.5,8.02,91.49,0.712,-0,-0.9998,126.71,120.63,126.17,24.97,Cornering,"Hoosier 43075 16x7.5-10 R20, 7 inch rim",17457
78.38,718.204,-7.61,-31.55,-52.32,3.981,-10.36,18.55,0.03,0.1455,0.6031,12.08,160111.81,8.02,91.51,0.752,-0,-0.9999,126.71,120.52,126.15,24.97,Cornering,"Hoosier 43075 16x7.5-10 R20, 7 inch rim",17458
78.41,718.214,-7.61,-33.54,-53.44,3.988,-10.71,18.09,0.09,0.1424,0.6276,11.98,44357.53,8.02,91.49,0.794,-0,-0.9998,126.77,120.45,126.15,24.97,Cornering,"Hoosier 43075 16x7.5-10 R20, 7 inch rim",17459
78.41,718.224,-6.29,-35.48,-54.5,3.985,-10.75,18.2,0.03,0.1155,0.6509,11.95,160070.84,8.02,91.49,0.836,-0,-0.9999,126.8,120.37,126.11,24.97,Cornering,"Hoosier 43075 16x7.5-10 R20, 7 inch rim",17460
78.38,718.234,-5.1,-36.88,-54.48,3.988,-10.68,17.79,0.09,0.0935,0.677,11.95,44346.27,8.02,91.45,0.868,-0,-0.9998,126.77,120.41,126.13,24.96,Cornering,"Hoosier 43075 16x7.5-10 R20, 7 inch rim",17461
78.39,718.244,-3.4,-38.46,-53.9,3.985,-10.82,17.94,0.09,0.0631,0.7136,12.03,44335.46,8.02,91.4,0.905,-0,-0.9998,126.77,120.43,126.11,24.96,Cornering,"Hoosier 43075 16x7.5-10 R20, 7 inch rim",17462
78.42,718.254,-2.41,-39.28,-53.9,3.997,-9.71,18.15,0.09,0.0446,0.7287,12.12,44324.7,8.02,91.36,0.938,-0,-0.9998,126.77,120.5,126.09,24.95,Cornering,"Hoosier 43075 16x7.5-10 R20, 7 inch rim",17463
78.4,718.264,-1.21,-40.3,-52.59,3.998,-9.72,19.19,0.16,0.023,0.7662,12.19,25726.61,8.02,91.34,0.975,-0,-0.9997,126.62,120.61,126.05,24.95,Cornering,"Hoosier 43075 16x7.5-10 R20, 7 inch rim",17464
78.38,718.274,-1.52,-41.27,-51.69,3.996,-9.06,19.84,0.09,0.0295,0.7984,12.19,44333.8,8.02,91.33,1.018,-0,-0.9998,126.54,120.78,126.05,24.96,Cornering,"Hoosier 43075 16x7.5-10 R20, 7 inch rim",17465
78.41,718.284,-1.97,-42.4,-51.2,3.997,-8.68,20.89,0.09,0.0384,0.8282,12.15,44364.12,8.02,91.32,1.054,-0,-0.9998,126.45,120.92,126.11,24.97,Cornering,"Hoosier 43075 16x7.5-10 R20, 7 inch rim",17466
78.42,718.294,-2.86,-43.75,-51.31,3.988,-8.59,22.02,-0.04,0.0558,0.8526,12.06,-99541.22,8.02,91.31,1.093,-0,-1.0001,126.47,120.96,126.21,24.98,Cornering,"Hoosier 43075 16x7.5-10 R20, 7 inch rim",17467
78.39,718.304,-3.25,-45.43,-51.69,3.984,-9.06,23.46,0.03,0.0629,0.8788,12,160092.28,8.02,91.32,1.127,-0,-0.9999,126.45,121,126.27,24.97,Cornering,"Hoosier 43075 16x7.5-10 R20, 7 inch rim",17468
78.4,718.314,-3.1,-47.7,-53.35,3.993,-9.57,24.88,-0.11,0.0581,0.8942,11.99,-37950.77,8.02,91.32,1.157,-0,-1.0002,126.45,120.94,126.29,24.97,Cornering,"Hoosier 43075 16x7.5-10 R20, 7 inch rim",17469
78.42,718.324,-2.54,-49.2,-54.07,3.99,-10.42,25.62,0.03,0.0469,0.91,12.04,159939.33,8.02,91.3,1.196,-0,-0.9999,126.52,120.89,126.25,24.95,Cornering,"Hoosier 43075 16x7.5-10 R20, 7 inch rim",17470
78.4,718.334,-1.38,-51.13,-55.32,3.985,-10.43,25.89,0.03,0.0249,0.9242,12.11,159898.59,8.02,91.26,1.25,-0,-0.9999,126.45,120.76,126.31,24.94,Cornering,"Hoosier 43075 16x7.5-10 R20, 7 inch rim",17471
78.37,718.344,-0.28,-52.29,-54.99,3.997,-11.37,25.47,0.03,0.0052,0.9508,12.19,159933.61,8.02,91.22,1.282,-0,-0.9999,126.54,120.76,126.35,24.95,Cornering,"Hoosier 43075 16x7.5-10 R20, 7 inch rim",17472
78.4,718.354,0.85,-53.03,-54.52,3.984,-11.36,24.87,0.23,-0.0155,0.9728,12.2,18145.51,8.02,91.22,1.32,-0,-0.9996,126.5,120.78,126.33,24.98,Cornering,"Hoosier 43075 16x7.5-10 R20, 7 inch rim",17473
78.42,718.364,1.38,-53.41,-54.59,4.001,-10.17,24.04,0.09,-0.0254,0.9784,12.15,44368.78,8.02,91.17,1.366,-0,-0.9998,126.47,120.74,126.37,24.98,Cornering,"Hoosier 43075 16x7.5-10 R20, 7 inch rim",17474
78.39,718.374,1.63,-53.9,-53.57,3.994,-10.22,23.38,0.09,-0.0304,1.0062,12.07,44378.16,8.02,91.17,1.411,-0,-0.9998,126.41,120.76,126.33,24.98,Cornering,"Hoosier 43075 16x7.5-10 R20, 7 inch rim",17475
78.39,718.384,0.9,-54.55,-52.66,3.99,-9.22,22.6,-0.04,-0.0171,1.0359,11.99,-99456.67,8.02,91.17,1.452,-0,-1.0001,126.24,120.92,126.33,24.96,Cornering,"Hoosier 43075 16x7.5-10 R20, 7 inch rim",17476
78.42,718.394,-0.37,-55.68,-51.69,3.985,-9.21,22.22,0.16,0.0071,1.0772,11.97,25709.03,8.02,91.18,1.501,-0,-0.9997,126.15,121.03,126.33,24.94,Cornering,"Hoosier 43075 16x7.5-10 R20, 7 inch rim",17477
78.41,718.404,-2.11,-57.25,-51.88,3.991,-8.74,21.77,0.09,0.0406,1.1034,12.03,44272.59,8.02,91.19,1.532,-0,-0.9998,126.11,121.16,126.35,24.93,Cornering,"Hoosier 43075 16x7.5-10 R20, 7 inch rim",17478
78.38,718.414,-3.76,-58.65,-51.6,3.987,-9.46,21.6,0.09,0.0728,1.1366,12.09,44282.11,8.02,91.23,1.567,-0,-0.9998,126.13,121.18,126.46,24.93,Cornering,"Hoosier 43075 16x7.5-10 R20, 7 inch rim",17479
78.4,718.424,-4.57,-60.26,-52.99,3.984,-9.18,21.93,0.23,0.0862,1.1373,12.14,18113.5,8.02,91.25,1.61,-0,-0.9996,126.15,121.18,126.48,24.94,Cornering,"Hoosier 43075 16x7.5-10 R20, 7 inch rim",17480
78.42,718.434,-4.8,-62.46,-53.9,3.998,-10.52,22.14,0.09,0.0891,1.1588,12.15,44310.97,8.02,91.29,1.653,-0,-0.9998,126.13,121.05,126.5,24.95,Cornering,"Hoosier 43075 16x7.5-10 R20, 7 inch rim",17481
78.39,718.444,-4.52,-64.45,-55.11,4.009,-11.24,21.75,0.03,0.082,1.1696,12.1,159827.89,8.02,91.31,1.683,-0,-0.9999,126.24,120.92,126.48,24.94,Cornering,"Hoosier 43075 16x7.5-10 R20, 7 inch rim",17482
78.38,718.454,-3.4,-65.69,-55.73,3.981,-11.38,21.41,0.09,0.0609,1.1786,12.03,44278.3,8.02,91.3,1.726,-0,-0.9998,126.3,120.85,126.54,24.93,Cornering,"Hoosier 43075 16x7.5-10 R20, 7 inch rim",17483
78.41,718.464,-2.45,-65.93,-55.62,4.001,-10.93,20.58,0.09,0.0441,1.1854,11.93,44246.37,8.02,91.31,1.767,-0,-0.9998,126.28,120.87,126.56,24.92,Cornering,"Hoosier 43075 16x7.5-10 R20, 7 inch rim",17484
78.41,718.474,-1.52,-65.75,-54.86,3.987,-10.74,19.9,0.16,0.0277,1.1986,11.89,25698.98,8.02,91.33,1.794,-0,-0.9997,126.32,120.92,126.6,24.93,Cornering,"Hoosier 43075 16x7.5-10 R20, 7 inch rim",17485
78.38,718.484,-0.54,-65.83,-54.15,3.996,-10.14,20.08,0.16,0.0099,1.2158,11.92,25722.2,8.02,91.32,1.839,-0,-0.9997,126.3,120.96,126.52,24.96,Cornering,"Hoosier 43075 16x7.5-10 R20, 7 inch rim",17486
78.4,718.494,-0.28,-65.57,-53.4,3.998,-9.2,20.26,0.09,0.0053,1.2281,11.99,44336.22,8.02,91.32,1.873,-0,-0.9998,126.26,121.05,126.5,24.97,Cornering,"Hoosier 43075 16x7.5-10 R20, 7 inch rim",17487
78.42,718.504,-0.38,-66.06,-52.51,3.991,-8.28,20.85,-0.04,0.0072,1.2579,12.11,-99454.21,8.02,91.3,1.918,-0,-1.0001,126.13,121.2,126.52,24.97,Cornering,"Hoosier 43075 16x7.5-10 R20, 7 inch rim",17488
78.4,718.514,-1.35,-67.18,-51.91,3.99,-8.26,21.37,-0.04,0.0261,1.294,12.16,-99381.71,8.02,91.3,1.969,-0,-1.0001,126.07,121.29,126.58,24.95,Cornering,"Hoosier 43075 16x7.5-10 R20, 7 inch rim",17489
78.38,718.524,-2.52,-68.61,-51.74,3.993,-8.65,22.17,-0.04,0.0488,1.3259,12.14,-99402.78,8.02,91.27,2.001,-0,-1.0001,126.07,121.38,126.64,24.96,Cornering,"Hoosier 43075 16x7.5-10 R20, 7 inch rim",17490
78.4,718.534,-3.09,-71.25,-52.55,4,-9.96,23.32,0.03,0.0588,1.3557,12.08,159867.48,8.02,91.24,2.041,-0,-0.9999,126.11,121.4,126.72,24.95,Cornering,"Hoosier 43075 16x7.5-10 R20, 7 inch rim",17491
78.42,718.544,-2.75,-73.18,-53.72,3.994,-10.61,24.72,0.09,0.0513,1.362,12.01,44320.03,8.02,91.27,2.081,-0,-0.9998,126.11,121.29,126.68,24.96,Cornering,"Hoosier 43075 16x7.5-10 R20, 7 inch rim",17492
78.39,718.554,-1.96,-74.95,-54.92,3.99,-11.22,25.39,-0.04,0.0357,1.3647,12,-99440.2,8.02,91.3,2.132,-0,-1.0001,126.24,121.18,126.66,24.97,Cornering,"Hoosier 43075 16x7.5-10 R20, 7 inch rim",17493
78.4,718.564,-0.59,-76.15,-55.29,3.985,-11.89,25.59,0.03,0.0107,1.3773,12.04,159965.36,8.02,91.32,2.165,-0,-0.9999,126.26,121.09,126.68,24.97,Cornering,"Hoosier 43075 16x7.5-10 R20, 7 inch rim",17494
78.42,718.574,0.16,-76.48,-55.56,3.994,-11.45,24.68,-0.04,-0.0029,1.3766,12.1,-99365.16,8.02,91.33,2.215,-0,-1.0001,126.3,121.09,126.66,24.95,Cornering,"Hoosier 43075 16x7.5-10 R20, 7 inch rim",17495
78.4,718.584,0.66,-75.83,-55.17,3.984,-10.9,23.19,0.09,-0.012,1.3745,12.19,44283.93,8.02,91.36,2.25,-0,-0.9998,126.34,121.11,126.66,24.94,Cornering,"Hoosier 43075 16x7.5-10 R20, 7 inch rim",17496
78.38,718.594,0.81,-74.83,-54.18,3.993,-9.95,21.92,-0.04,-0.015,1.3811,12.22,-99381.51,8.02,91.42,2.308,-0,-1.0001,126.3,121.2,126.64,24.96,Cornering,"Hoosier 43075 16x7.5-10 R20, 7 inch rim",17497
78.4,718.604,0.58,-74.85,-53.58,3.991,-9.03,21.17,0.09,-0.0109,1.3969,12.21,44332.28,8.02,91.48,2.344,-0,-0.9998,126.24,121.18,126.62,24.97,Cornering,"Hoosier 43075 16x7.5-10 R20, 7 inch rim",17498
78.42,718.614,0.06,-75.09,-52.65,3.998,-8.5,20.99,0.09,-0.0011,1.4263,12.12,44351.32,8.02,91.53,2.39,-0,-0.9998,126.11,121.33,126.62,24.98,Cornering,"Hoosier 43075 16x7.5-10 R20, 7 inch rim",17499
78.39,718.624,-0.78,-76.2,-52.19,3.997,-8.21,21.12,0.03,0.015,1.46,12.04,160045.25,8.02,91.54,2.432,-0,-0.9999,126.02,121.44,126.68,24.98,Cornering,"Hoosier 43075 16x7.5-10 R20, 7 inch rim",17500
78.39,718.634,-2.56,-77.82,-51.22,3.994,-9.43,21.02,0.03,0.05,1.5193,11.99,159966.86,8.02,91.55,2.465,-0,-0.9999,126.07,121.53,126.74,24.97,Cornering,"Hoosier 43075 16x7.5-10 R20, 7 inch rim",17501
78.42,718.644,-4.09,-79.77,-51.92,3.988,-9.79,21.07,0.16,0.0788,1.5364,12.03,25728.14,8.02,91.52,2.503,-0,-0.9997,126.17,121.51,126.82,24.97,Cornering,"Hoosier 43075 16x7.5-10 R20, 7 inch rim",17502
78.41,718.654,-4.96,-81.9,-52.89,3.988,-10.55,21.3,0.09,0.0937,1.5484,12.09,44335.76,8.02,91.48,2.54,-0,-0.9998,126.22,121.49,126.9,24.98,Cornering,"Hoosier 43075 16x7.5-10 R20, 7 inch rim",17503
78.38,718.664,-5.14,-83.12,-53.9,3.997,-10.75,21.31,0.03,0.0953,1.5421,12.18,159990.52,8.02,91.49,2.569,-0,-0.9999,126.26,121.33,126.86,24.98,Cornering,"Hoosier 43075 16x7.5-10 R20, 7 inch rim",17504
78.4,718.674,-4.58,-84.27,-54.93,3.991,-10.97,20.9,0.16,0.0833,1.5341,12.22,25749.58,8.02,91.51,2.619,-0,-0.9997,126.3,121.29,126.84,25,Cornering,"Hoosier 43075 16x7.5-10 R20, 7 inch rim",17505
78.42,718.684,-3.46,-84.15,-54.65,3.996,-11.22,20.34,0.09,0.0633,1.5398,12.19,44383.46,8.02,91.47,2.642,-0,-0.9998,126.34,121.29,126.84,25.01,Cornering,"Hoosier 43075 16x7.5-10 R20, 7 inch rim",17506
78.4,718.694,-1.69,-83.19,-54.93,3.997,-9.97,20.21,0.03,0.0308,1.5145,12.11,160124.98,8.02,91.48,2.674,-0,-0.9999,126.34,121.31,126.88,25,Cornering,"Hoosier 43075 16x7.5-10 R20, 7 inch rim",17507
78.39,718.704,-0.59,-82.31,-53.95,3.994,-9.97,19.95,0.09,0.011,1.5258,12,44370.18,8.02,91.49,2.721,-0,-0.9998,126.34,121.36,126.86,25,Cornering,"Hoosier 43075 16x7.5-10 R20, 7 inch rim",17508
78.41,718.714,0.32,-81.87,-53.16,3.991,-9.56,20.24,0.23,-0.006,1.5401,11.95,18124.07,8.02,91.51,2.759,-0,-0.9996,126.28,121.44,126.86,24.98,Cornering,"Hoosier 43075 16x7.5-10 R20, 7 inch rim",17509
78.41,718.724,1,-81.9,-52.33,3.988,-8.56,21.22,0.03,-0.0191,1.5651,11.93,159885.28,8.02,91.49,2.795,-0,-0.9999,126.19,121.53,126.84,24.97,Cornering,"Hoosier 43075 16x7.5-10 R20, 7 inch rim",17510
78.38,718.734,1.33,-82.56,-51.76,3.988,-8.3,22.63,0.03,-0.0257,1.5951,11.99,159956.03,8.02,91.47,2.82,-0,-0.9999,126.15,121.69,126.84,24.98,Cornering,"Hoosier 43075 16x7.5-10 R20, 7 inch rim",17511
78.4,718.744,1.25,-84.26,-50.59,4.001,-9.54,24.43,-0.04,-0.0247,1.6656,12.06,-99497.48,8.02,91.42,2.863,-0,-1.0001,126.17,121.82,126.96,25,Cornering,"Hoosier 43075 16x7.5-10 R20, 7 inch rim",17512
78.42,718.754,0.51,-85.79,-50.77,3.997,-9.86,25.7,0.09,-0.0101,1.6897,12.09,44363.07,8.02,91.41,2.9,-0,-0.9998,126.19,121.91,127.04,25,Cornering,"Hoosier 43075 16x7.5-10 R20, 7 inch rim",17513
78.39,718.764,-0.46,-87.41,-51.8,3.991,-9.74,26.19,0.03,0.0089,1.6875,12.1,160011.11,8.02,91.4,2.95,-0,-0.9999,126.24,121.91,127.1,24.99,Cornering,"Hoosier 43075 16x7.5-10 R20, 7 inch rim",17514
78.38,718.774,-1.18,-88.76,-52.67,3.99,-10.33,26.23,0.09,0.0223,1.6853,12.04,44338.69,8.02,91.38,2.991,-0,-0.9998,126.3,121.8,127.12,24.99,Cornering,"Hoosier 43075 16x7.5-10 R20, 7 inch rim",17515
78.42,718.784,-0.75,-89.63,-53.68,3.991,-10.28,26.24,-0.04,0.014,1.6699,11.95,-99435.17,8.02,91.38,3.036,-0,-1.0001,126.39,121.75,127.12,24.98,Cornering,"Hoosier 43075 16x7.5-10 R20, 7 inch rim",17516
78.41,718.794,0.39,-90.14,-53.97,4.003,-10.89,25.92,0.03,-0.0073,1.6703,11.94,159990.45,8.02,91.39,3.084,-0,-0.9999,126.43,121.67,127.14,24.99,Cornering,"Hoosier 43075 16x7.5-10 R20, 7 inch rim",17517
78.38,718.804,1.26,-89.18,-53.87,3.998,-10.51,24.85,-0.04,-0.0234,1.6555,11.95,-99497.14,8.02,91.4,3.11,-0,-1.0001,126.52,121.62,127.18,25,Cornering,"Hoosier 43075 16x7.5-10 R20, 7 inch rim",17518
78.4,718.814,1.95,-87.91,-53.14,3.985,-9.73,23.41,0.03,-0.0366,1.6544,12.04,160015.77,8.03,91.41,3.159,-0,-0.9999,126.47,121.62,127.2,25,Cornering,"Hoosier 43075 16x7.5-10 R20, 7 inch rim",17519
78.42,718.824,1.84,-87.04,-52.29,3.988,-9.49,21.96,0.03,-0.0352,1.6645,12.14,160042.67,8.03,91.43,3.222,-0,-0.9999,126.5,121.67,127.24,25,Cornering,"Hoosier 43075 16x7.5-10 R20, 7 inch rim",17520
78.4,718.834,1.03,-87.08,-51.24,3.984,-9.1,20.5,0.09,-0.02,1.6996,12.17,44336.87,8.03,91.46,3.266,-0,-0.9998,126.52,121.73,127.24,25,Cornering,"Hoosier 43075 16x7.5-10 R20, 7 inch rim",17521
78.39,718.844,-0.11,-87.84,-50.49,4.003,-8.85,19.83,0.03,0.0023,1.7398,12.15,159992.3,8.02,91.43,3.302,-0,-0.9999,126.43,121.82,127.3,25,Cornering,"Hoosier 43075 16x7.5-10 R20, 7 inch rim",17522
78.41,718.854,-1.2,-89.11,-49.71,3.998,-8.97,19.79,0.09,0.0242,1.7925,12.09,44312.86,8.02,91.38,3.341,-0,-0.9998,126.37,121.93,127.39,24.98,Cornering,"Hoosier 43075 16x7.5-10 R20, 7 inch rim",17523
78.43,718.864,-2.11,-90.63,-50.14,3.997,-8.68,20.43,0.09,0.0421,1.8075,12.02,44300.14,8.02,91.35,3.392,-0,-0.9998,126.37,122,127.51,24.98,Cornering,"Hoosier 43075 16x7.5-10 R20, 7 inch rim",17524
78.4,718.874,-3.52,-92.35,-50.38,4,-9.32,20.44,0.16,0.0698,1.8331,11.99,25699.75,8.02,91.35,3.428,-0,-0.9997,126.37,121.95,127.61,24.97,Cornering,"Hoosier 43075 16x7.5-10 R20, 7 inch rim",17525
78.4,718.884,-5,-93.72,-50.89,3.998,-10.08,19.8,0.03,0.0983,1.8415,12.02,159631,8.03,91.34,3.462,-0,-0.9999,126.39,121.91,127.65,24.94,Cornering,"Hoosier 43075 16x7.5-10 R20, 7 inch rim",17526
78.44,718.894,-5.54,-95.01,-52.71,4.001,-9.69,19.06,0.03,0.1052,1.8024,12.09,159624.72,8.02,91.36,3.498,-0,-0.9999,126.34,121.78,127.65,24.94,Cornering,"Hoosier 43075 16x7.5-10 R20, 7 inch rim",17527
78.42,718.904,-4.56,-95.27,-52.95,3.994,-10.03,19.16,0.09,0.0862,1.7993,12.18,44210.9,8.03,91.36,3.537,-0,-0.9998,126.39,121.64,127.67,24.93,Cornering,"Hoosier 43075 16x7.5-10 R20, 7 inch rim",17528
78.4,718.914,-3.11,-95.07,-52.92,3.982,-10.52,19.01,0.03,0.0588,1.7965,12.22,159575.91,8.03,91.36,3.564,-0,-0.9999,126.34,121.6,127.65,24.94,Cornering,"Hoosier 43075 16x7.5-10 R20, 7 inch rim",17529
78.43,718.924,-2.1,-93.94,-52.4,4,-10.63,18.46,0.03,0.0401,1.7927,12.19,159531.06,8.03,91.4,3.607,-0,-0.9999,126.37,121.58,127.69,24.93,Cornering,"Hoosier 43075 16x7.5-10 R20, 7 inch rim",17530
78.44,718.934,-0.73,-93.15,-52.06,3.996,-10.19,18.85,0.03,0.014,1.7894,12.12,159748.08,8.03,91.42,3.637,-0,-0.9999,126.3,121.62,127.69,24.97,Cornering,"Hoosier 43075 16x7.5-10 R20, 7 inch rim",17531
78.41,718.944,-0.35,-92.84,-51.51,3.99,-9.31,18.94,0.03,0.0067,1.8023,12.03,159811.12,8.03,91.4,3.697,-0,-0.9999,126.3,121.67,127.67,24.98,Cornering,"Hoosier 43075 16x7.5-10 R20, 7 inch rim",17532
78.41,718.954,0.27,-93.55,-50.17,3.988,-9.86,20.11,0.09,-0.0054,1.8645,11.94,44273.7,8.03,91.41,3.717,-0,-0.9998,126.19,121.8,127.65,24.97,Cornering,"Hoosier 43075 16x7.5-10 R20, 7 inch rim",17533
78.45,718.964,0.55,-93.82,-49.56,4.006,-9.13,22.02,0.03,-0.0112,1.8929,11.92,159947.59,8.02,91.42,3.76,-0,-0.9999,126.15,121.95,127.67,25,Cornering,"Hoosier 43075 16x7.5-10 R20, 7 inch rim",17534
78.44,718.974,0.44,-94.74,-48.8,3.993,-9.14,23.48,0.03,-0.0091,1.9416,11.97,160050.09,8.03,91.46,3.806,-0,-0.9999,126.24,122.04,127.75,25.02,Cornering,"Hoosier 43075 16x7.5-10 R20, 7 inch rim",17535
78.42,718.984,0.45,-96.08,-49.42,3.987,-8.78,25.54,0.16,-0.009,1.9443,12.04,25759.15,8.03,91.47,3.841,-0,-0.9997,126.28,122.08,127.87,25.04,Cornering,"Hoosier 43075 16x7.5-10 R20, 7 inch rim",17536
78.44,718.994,-0.59,-97.21,-50.38,3.975,-8.89,25.57,0.09,0.0116,1.9295,12.15,44439.85,8.03,91.49,3.878,-0,-0.9998,126.34,122.06,127.89,25.07,Cornering,"Hoosier 43075 16x7.5-10 R20, 7 inch rim",17537
78.45,719.004,-1.02,-98.79,-51.31,3.991,-9.84,25.73,-0.04,0.0198,1.9252,12.14,-99686.07,8.03,91.53,3.905,-0,-1.0001,126.39,121.95,127.87,25.07,Cornering,"Hoosier 43075 16x7.5-10 R20, 7 inch rim",17538
78.42,719.014,-0.13,-99.88,-51.79,3.997,-10.9,25.88,0.16,0.0024,1.9285,12.11,25773.23,8.03,91.57,3.961,-0,-0.9997,126.47,121.82,127.87,25.05,Cornering,"Hoosier 43075 16x7.5-10 R20, 7 inch rim",17539
78.43,719.024,0.92,-99.66,-52.28,3.99,-11.09,25.44,0.16,-0.0176,1.9064,12.04,25741.94,8.03,91.58,4.007,-0,-0.9997,126.5,121.75,127.85,25.03,Cornering,"Hoosier 43075 16x7.5-10 R20, 7 inch rim",17540
78.46,719.034,2.03,-98.57,-52.09,3.988,-11.07,24.53,-0.04,-0.039,1.8922,11.97,-99392.78,8.03,91.58,4.04,-0,-1.0001,126.54,121.73,127.91,25,Cornering,"Hoosier 43075 16x7.5-10 R20, 7 inch rim",17541
78.47,719.044,2.27,-97.25,-51.53,3.998,-10.86,22.98,0.09,-0.0441,1.8874,11.97,44274.71,8.03,91.56,4.077,-0,-0.9998,126.54,121.75,127.97,24.98,Cornering,"Hoosier 43075 16x7.5-10 R20, 7 inch rim",17542
78.43,719.054,2.57,-96.29,-51.19,3.991,-9.51,22.09,0.09,-0.0503,1.881,12.03,44283.1,8.03,91.54,4.11,-0,-0.9998,126.45,121.8,127.99,24.99,Cornering,"Hoosier 43075 16x7.5-10 R20, 7 inch rim",17543
78.44,719.064,1.97,-96.35,-50.28,3.993,-8.9,20.95,0.09,-0.0392,1.9162,12.11,44310.36,8.03,91.55,4.171,-0,-0.9998,126.45,121.89,128.01,25.01,Cornering,"Hoosier 43075 16x7.5-10 R20, 7 inch rim",17544
78.47,719.074,0.95,-96.69,-49.5,3.99,-8.35,20.41,0.03,-0.0192,1.9532,12.14,160043.91,8.03,91.57,4.204,-0,-0.9999,126.32,122.06,128.07,25.03,Cornering,"Hoosier 43075 16x7.5-10 R20, 7 inch rim",17545
78.44,719.084,-0.27,-97.47,-49.15,3.987,-7.46,20.46,0.09,0.0055,1.9831,12.15,44347.91,8.03,91.59,4.231,-0,-0.9998,126.3,122.17,128.15,25.03,Cornering,"Hoosier 43075 16x7.5-10 R20, 7 inch rim",17546
78.44,719.094,-1.62,-98.78,-48.52,3.991,-8.25,20.57,0.09,0.0333,2.036,12.1,44334.84,8.03,91.61,4.279,-0,-0.9998,126.28,122.24,128.25,25.03,Cornering,"Hoosier 43075 16x7.5-10 R20, 7 inch rim",17547
78.46,719.104,-3.01,-100.9,-49.48,3.99,-9.01,20.58,0.03,0.0609,2.0392,12.02,159832.2,8.03,91.59,4.327,-0,-0.9999,126.34,122.19,128.29,25,Cornering,"Hoosier 43075 16x7.5-10 R20, 7 inch rim",17548
78.47,719.114,-3.82,-102.5,-50.06,4.006,-10.12,20.67,-0.04,0.0764,2.0475,11.96,-99280.62,8.03,91.63,4.367,-0,-1.0001,126.41,122.08,128.31,24.98,Cornering,"Hoosier 43075 16x7.5-10 R20, 7 inch rim",17549
78.44,719.124,-3.47,-103.76,-51.22,3.99,-11.07,20.8,0.09,0.0678,2.026,11.97,44244.83,8.03,91.64,4.409,-0,-0.9998,126.39,121.95,128.34,24.98,Cornering,"Hoosier 43075 16x7.5-10 R20, 7 inch rim",17550
78.45,719.134,-2.73,-103.87,-51.94,3.99,-10.85,20.45,0.09,0.0527,1.9998,12.03,44201.91,8.03,91.62,4.439,-0,-0.9998,126.39,121.89,128.29,24.96,Cornering,"Hoosier 43075 16x7.5-10 R20, 7 inch rim",17551
78.48,719.144,-1.45,-102.65,-51.64,3.991,-11.08,20.22,0.03,0.0281,1.9877,12.12,159501,8.03,91.56,4.485,-0,-0.9999,126.45,121.8,128.36,24.96,Cornering,"Hoosier 43075 16x7.5-10 R20, 7 inch rim",17552
78.47,719.154,-0.07,-101.26,-51.24,3.99,-10.77,20,0.09,0.0014,1.9762,12.2,44176.93,8.03,91.51,4.511,-0,-0.9998,126.5,121.82,128.4,24.94,Cornering,"Hoosier 43075 16x7.5-10 R20, 7 inch rim",17553
78.44,719.164,1.08,-99.89,-51,3.994,-9.52,20.16,0.03,-0.0213,1.9585,12.2,159334.03,8.03,91.5,4.568,-0,-0.9999,126.47,121.84,128.4,24.93,Cornering,"Hoosier 43075 16x7.5-10 R20, 7 inch rim",17554
78.47,719.174,2.01,-99.31,-49.95,3.99,-8.76,20.99,0.09,-0.0403,1.9881,12.15,44160.06,8.03,91.5,4.615,-0,-0.9998,126.43,121.91,128.4,24.94,Cornering,"Hoosier 43075 16x7.5-10 R20, 7 inch rim",17555
78.47,719.184,2.45,-99.6,-48.57,4,-8.78,21.86,0.09,-0.0503,2.0506,12.06,44147.78,8.03,91.51,4.647,-0,-0.9998,126.41,121.95,128.34,24.93,Cornering,"Hoosier 43075 16x7.5-10 R20, 7 inch rim",17556
78.45,719.194,2.31,-100.34,-48.12,3.987,-8.35,22.82,0.03,-0.048,2.0851,11.96,159195.11,8.03,91.52,4.688,-0,-0.9999,126.34,122.13,128.38,24.92,Cornering,"Hoosier 43075 16x7.5-10 R20, 7 inch rim",17557
78.46,719.204,1.21,-101.92,-48.24,3.994,-8.38,23.46,0.09,-0.0251,2.1129,11.95,44101.34,8.03,91.51,4.73,-0,-0.9998,126.34,122.24,128.48,24.91,Cornering,"Hoosier 43075 16x7.5-10 R20, 7 inch rim",17558
78.49,719.214,-0.35,-103.74,-48.76,3.988,-8.76,23.6,0.03,0.0072,2.1274,11.97,159136.77,8.03,91.49,4.778,-0,-0.9999,126.41,122.22,128.54,24.91,Cornering,"Hoosier 43075 16x7.5-10 R20, 7 inch rim",17559
78.47,719.224,-1.53,-105.53,-49.78,3.985,-9.54,23.52,0.09,0.0308,2.1198,12.04,44116.1,8.03,91.44,4.817,-0,-0.9998,126.39,122.15,128.54,24.92,Cornering,"Hoosier 43075 16x7.5-10 R20, 7 inch rim",17560
78.45,719.234,-2.33,-106.96,-49.98,3.991,-11.33,22.97,0.03,0.0467,2.1402,12.11,159302.28,8.03,91.41,4.86,-0,-0.9999,126.45,122.08,128.52,24.94,Cornering,"Hoosier 43075 16x7.5-10 R20, 7 inch rim",17561
78.48,719.244,-2.03,-107.24,-50.94,3.998,-11.42,22.43,0.03,0.0399,2.1054,12.11,159402.52,8.03,91.37,4.904,-0,-0.9999,126.47,121.91,128.52,24.96,Cornering,"Hoosier 43075 16x7.5-10 R20, 7 inch rim",17562
78.49,719.254,-1.39,-106.06,-51.37,3.985,-10.79,21.37,-0.11,0.0271,2.0646,12.08,-37794.8,8.03,91.37,4.933,-0,-1.0002,126.43,121.86,128.5,24.96,Cornering,"Hoosier 43075 16x7.5-10 R20, 7 inch rim",17563
78.46,719.264,-0.79,-104.28,-50.92,3.998,-10.71,20.2,0.03,0.0155,2.048,12,159422.94,8.03,91.37,4.972,-0,-0.9999,126.41,121.84,128.48,24.96,Cornering,"Hoosier 43075 16x7.5-10 R20, 7 inch rim",17564
78.47,719.274,-0.21,-102.57,-50.41,3.994,-9.7,19.06,0.03,0.0042,2.0346,11.97,159301.19,8.03,91.37,5.015,-0,-0.9999,126.37,121.84,128.52,24.94,Cornering,"Hoosier 43075 16x7.5-10 R20, 7 inch rim",17565
78.5,719.284,0.39,-101.77,-50.19,3.99,-8.18,18.76,-0.04,-0.0078,2.0277,11.97,-99042.04,8.03,91.37,5.053,-0,-1.0001,126.41,121.97,128.54,24.95,Cornering,"Hoosier 43075 16x7.5-10 R20, 7 inch rim",17566
78.48,719.294,0.8,-102.04,-49.2,4.001,-8.17,19.13,0.03,-0.0163,2.0742,12.02,159352.81,8.03,91.38,5.103,-0,-0.9999,126.41,122.06,128.56,24.96,Cornering,"Hoosier 43075 16x7.5-10 R20, 7 inch rim",17567
78.46,719.304,0.71,-103.02,-48.3,3.998,-8.35,19.74,0.09,-0.0147,2.1328,12.11,44175.68,8.03,91.36,5.143,-0,-0.9998,126.3,122.22,128.68,24.97,Cornering,"Hoosier 43075 16x7.5-10 R20, 7 inch rim",17568
78.48,719.314,-0.11,-104.12,-47.86,3.996,-8.17,20.38,-0.04,0.0023,2.1754,12.18,-99183.3,8.03,91.31,5.178,-0,-1.0001,126.39,122.33,128.78,24.99,Cornering,"Hoosier 43075 16x7.5-10 R20, 7 inch rim",17569
78.49,719.324,-1.27,-105.81,-47.81,3.987,-9.28,20.82,0.09,0.0266,2.2131,12.19,44212.7,8.03,91.3,5.199,-0,-0.9998,126.41,122.44,128.9,24.99,Cornering,"Hoosier 43075 16x7.5-10 R20, 7 inch rim",17570
78.47,719.334,-2.06,-107.32,-48.12,3.979,-10.2,21.64,0.03,0.0429,2.2302,12.16,159538.23,8.03,91.29,5.245,-0,-0.9999,126.47,122.39,129.02,24.99,Cornering,"Hoosier 43075 16x7.5-10 R20, 7 inch rim",17571
78.47,719.344,-2.29,-108.85,-49.17,3.987,-10.85,22.36,0.16,0.0465,2.2136,12.06,25628.24,8.03,91.25,5.292,-0,-0.9997,126.45,122.28,129.04,24.96,Cornering,"Hoosier 43075 16x7.5-10 R20, 7 inch rim",17572
78.5,719.354,-1.94,-109.26,-50.43,3.991,-10.69,22.55,0.09,0.0385,2.1666,11.97,44121.93,8.03,91.26,5.32,-0,-0.9998,126.5,122.19,129.08,24.94,Cornering,"Hoosier 43075 16x7.5-10 R20, 7 inch rim",17573
78.5,719.364,-1.21,-108.79,-50.77,3.996,-10.92,22.21,0.09,0.0239,2.1427,11.95,44107.88,8.03,91.28,5.371,-0,-0.9998,126.56,122.04,129.18,24.94,Cornering,"Hoosier 43075 16x7.5-10 R20, 7 inch rim",17574
78.47,719.374,0.28,-107.4,-50.98,4.001,-10.68,22.24,0.23,-0.0056,2.1067,11.97,18029.06,8.03,91.31,5.404,-0,-0.9996,126.6,121.97,129.24,24.93,Cornering,"Hoosier 43075 16x7.5-10 R20, 7 inch rim",17575
78.49,719.384,1.57,-105.03,-50.19,3.984,-9.78,21.61,0.03,-0.0313,2.0926,12.06,159152.27,8.03,91.32,5.444,-0,-0.9999,126.62,122,129.28,24.94,Cornering,"Hoosier 43075 16x7.5-10 R20, 7 inch rim",17576
78.5,719.394,2.39,-104.51,-49.74,4.001,-9.77,21.37,0.03,-0.0481,2.1012,12.12,159139.02,8.03,91.35,5.493,-0,-0.9999,126.65,121.95,129.35,24.94,Cornering,"Hoosier 43075 16x7.5-10 R20, 7 inch rim",17577
78.48,719.404,3.02,-104.4,-49.14,4.004,-8.71,21.63,0.03,-0.0616,2.1247,12.14,159018.62,8.03,91.39,5.527,-0,-0.9999,126.67,122.04,129.39,24.92,Cornering,"Hoosier 43075 16x7.5-10 R20, 7 inch rim",17578
78.47,719.414,2.66,-105.52,-48.12,3.997,-9.31,21.55,0.03,-0.0553,2.193,12.11,159005.19,8.03,91.37,5.576,-0,-0.9999,126.62,122.15,129.45,24.92,Cornering,"Hoosier 43075 16x7.5-10 R20, 7 inch rim",17579
78.5,719.424,1.72,-106.17,-47.49,3.996,-8.8,21.65,0.09,-0.0363,2.2357,12.02,44079.09,8.03,91.39,5.616,-0,-0.9998,126.65,122.33,129.59,24.93,Cornering,"Hoosier 43075 16x7.5-10 R20, 7 inch rim",17580
78.5,719.434,0.17,-108.18,-47.22,3.987,-9.99,21.49,0.03,-0.0036,2.2911,11.96,159093.34,8.03,91.36,5.658,-0,-0.9999,126.67,122.48,129.71,24.94,Cornering,"Hoosier 43075 16x7.5-10 R20, 7 inch rim",17581
78.47,719.444,-1.15,-109.4,-47.93,3.99,-9.87,21.83,0.16,0.024,2.2825,11.9,25592.31,8.03,91.36,5.703,-0,-0.9997,126.6,122.5,129.81,24.94,Cornering,"Hoosier 43075 16x7.5-10 R20, 7 inch rim",17582
78.48,719.454,-2.18,-110.56,-49.04,3.987,-9.77,21.9,0.09,0.0445,2.2543,11.93,44091.41,8.03,91.34,5.721,-0,-0.9998,126.67,122.44,129.87,24.94,Cornering,"Hoosier 43075 16x7.5-10 R20, 7 inch rim",17583
78.5,719.464,-2.68,-111.15,-49.38,3.984,-10.83,21.55,0.03,0.0543,2.2512,12,159133.5,8.03,91.34,5.776,-0,-0.9999,126.75,122.33,129.85,24.95,Cornering,"Hoosier 43075 16x7.5-10 R20, 7 inch rim",17584
78.48,719.474,-2.17,-111,-50.07,3.993,-11.12,21.29,0.09,0.0434,2.2168,12.1,44124.65,8.03,91.34,5.818,-0,-0.9998,126.8,122.22,129.91,24.97,Cornering,"Hoosier 43075 16x7.5-10 R20, 7 inch rim",17585
78.47,719.484,-1.32,-109.41,-50.55,3.994,-10.32,20.55,0.09,0.0261,2.1642,12.17,44142.95,8.03,91.33,5.845,-0,-0.9998,126.77,122.04,129.91,24.98,Cornering,"Hoosier 43075 16x7.5-10 R20, 7 inch rim",17586
78.49,719.494,-0.38,-107.39,-50.05,3.99,-9.99,19.8,0.09,0.0076,2.1456,12.18,44117.71,8.03,91.34,5.904,-0,-0.9998,126.8,122.08,129.97,24.97,Cornering,"Hoosier 43075 16x7.5-10 R20, 7 inch rim",17587
78.5,719.504,0.75,-106.49,-49.5,3.988,-10.17,19.42,0.03,-0.0152,2.1513,12.11,159120.41,8.03,91.36,5.948,-0,-0.9999,126.75,122.13,129.99,24.96,Cornering,"Hoosier 43075 16x7.5-10 R20, 7 inch rim",17588
78.48,719.514,1.76,-106.39,-48.89,3.994,-9.87,19.78,0.09,-0.036,2.1764,12.04,44029.58,8.03,91.36,5.98,-0,-0.9998,126.8,122.22,130.03,24.92,Cornering,"Hoosier 43075 16x7.5-10 R20, 7 inch rim",17589
78.49,719.524,2.08,-106.88,-48.23,3.991,-9.08,20.38,0.03,-0.043,2.2162,11.97,158846.86,8.03,91.37,5.998,-0,-0.9999,126.75,122.26,130.01,24.92,Cornering,"Hoosier 43075 16x7.5-10 R20, 7 inch rim",17590
78.51,719.534,1.33,-108.02,-47.81,3.997,-8.92,20.55,0.09,-0.0278,2.2594,11.97,44064.49,8.03,91.3,6.053,-0,-0.9998,126.75,122.39,130.07,24.94,Cornering,"Hoosier 43075 16x7.5-10 R20, 7 inch rim",17591
78.5,719.544,0.7,-109.07,-47.13,3.977,-9.41,21.16,0.09,-0.0148,2.3143,12.01,44071.86,8.03,91.33,6.087,-0,-0.9998,126.75,122.57,130.21,24.95,Cornering,"Hoosier 43075 16x7.5-10 R20, 7 inch rim",17592
78.47,719.554,-0.35,-110.05,-47.63,3.994,-8.96,21.95,0.16,0.0073,2.3107,12.11,25619.46,8.03,91.34,6.134,-0,-0.9997,126.88,122.61,130.32,24.99,Cornering,"Hoosier 43075 16x7.5-10 R20, 7 inch rim",17593
78.5,719.564,-1.33,-111.07,-48.23,3.987,-9.12,22.42,0.03,0.0275,2.3029,12.15,159426.09,8.03,91.34,6.16,-0,-0.9999,126.86,122.55,130.4,25.01,Cornering,"Hoosier 43075 16x7.5-10 R20, 7 inch rim",17594
78.5,719.574,-1.95,-112.41,-49.29,3.987,-9.7,22.5,-0.18,0.0396,2.2805,12.15,-23358.44,8.03,91.33,6.213,-0,-1.0003,126.86,122.39,130.52,25.02,Cornering,"Hoosier 43075 16x7.5-10 R20, 7 inch rim",17595
78.48,719.584,-2.1,-112.56,-49.99,3.994,-10.29,22.06,0.09,0.042,2.2515,12.07,44150,8.03,91.3,6.252,-0,-0.9998,126.86,122.28,130.5,25,Cornering,"Hoosier 43075 16x7.5-10 R20, 7 inch rim",17596
78.48,719.594,-1.25,-111.78,-50.51,4.001,-10.18,21.66,0.03,0.0247,2.2129,12,159236.2,8.03,91.29,6.296,-0,-0.9999,126.9,122.19,130.6,24.99,Cornering,"Hoosier 43075 16x7.5-10 R20, 7 inch rim",17597
78.51,719.604,-0.27,-110.71,-50.15,4,-11.02,20.82,0.09,0.0053,2.2078,11.91,44112.98,8.03,91.3,6.325,-0,-0.9998,126.92,122.13,130.68,24.98,Cornering,"Hoosier 43075 16x7.5-10 R20, 7 inch rim",17598
78.5,719.614,0.81,-109.16,-50.09,4.003,-10.43,20.02,0.03,-0.0161,2.1792,11.89,159211.88,8.03,91.32,6.373,-0,-0.9999,126.9,122.13,130.72,24.99,Cornering,"Hoosier 43075 16x7.5-10 R20, 7 inch rim",17599
78.47,719.624,1.75,-108.37,-49.36,3.99,-10,19.87,0.03,-0.0355,2.1955,11.95,159233.78,8.03,91.33,6.421,-0,-0.9999,126.86,122.19,130.74,25,Cornering,"Hoosier 43075 16x7.5-10 R20, 7 inch rim",17600
78.49,719.634,2.56,-108.33,-48.51,4.004,-9.53,20.55,0.03,-0.0528,2.233,11.99,159225.09,8.03,91.33,6.448,-0,-0.9999,126.84,122.24,130.76,25,Cornering,"Hoosier 43075 16x7.5-10 R20, 7 inch rim",17601
78.51,719.644,2.41,-108.44,-47.83,3.988,-8.48,20.66,0.03,-0.0504,2.2671,12.11,159249.12,8.03,91.32,6.488,-0,-0.9999,126.8,122.26,130.8,25,Cornering,"Hoosier 43075 16x7.5-10 R20, 7 inch rim",17602
78.49,719.654,1.53,-109.11,-46.8,3.984,-8.75,20.87,0.16,-0.0327,2.3313,12.17,25593.6,8.03,91.32,6.528,-0,-0.9997,126.8,122.39,130.9,24.98,Cornering,"Hoosier 43075 16x7.5-10 R20, 7 inch rim",17603
78.48,719.664,0.18,-110.11,-46.62,3.994,-8.7,21.03,0.03,-0.0039,2.362,12.16,159145.09,8.03,91.33,6.581,-0,-0.9999,126.84,122.55,131,24.99,Cornering,"Hoosier 43075 16x7.5-10 R20, 7 inch rim",17604
78.5,719.674,-0.83,-111.36,-46.77,3.997,-9.49,21.65,-0.04,0.0177,2.3813,12.09,-98876.03,8.03,91.36,6.611,-0,-1.0001,126.9,122.52,131.06,24.98,Cornering,"Hoosier 43075 16x7.5-10 R20, 7 inch rim",17605
78.5,719.684,-1.77,-112.45,-48.54,3.987,-8.9,21.7,0.03,0.0364,2.3168,11.99,159050.14,8.03,91.36,6.645,-0,-0.9999,126.86,122.44,131.16,24.98,Cornering,"Hoosier 43075 16x7.5-10 R20, 7 inch rim",17606
78.47,719.694,-1.92,-113.41,-48.92,3.996,-10.35,21.88,0.09,0.0393,2.3183,11.95,44050.14,8.03,91.37,6.684,-0,-0.9998,126.88,122.35,131.12,24.97,Cornering,"Hoosier 43075 16x7.5-10 R20, 7 inch rim",17607
78.5,719.704,-1.63,-113.62,-49.93,3.987,-10.71,21.3,0.09,0.0326,2.2754,11.97,44055.61,8.03,91.4,6.736,-0,-0.9998,126.88,122.24,131.14,24.97,Cornering,"Hoosier 43075 16x7.5-10 R20, 7 inch rim",17608
78.51,719.714,-0.93,-112.7,-49.85,3.988,-11.22,20.4,0.09,0.0186,2.2609,12.05,44042.07,8.03,91.41,6.771,-0,-0.9998,126.9,122.24,131.18,24.97,Cornering,"Hoosier 43075 16x7.5-10 R20, 7 inch rim",17609
78.48,719.724,0.36,-111.2,-49.68,4,-10.93,19.91,0.03,-0.0073,2.2384,12.14,158917.53,8.03,91.43,6.822,-0,-0.9999,126.88,122.17,131.27,24.97,Cornering,"Hoosier 43075 16x7.5-10 R20, 7 inch rim",17610
78.47,719.734,1.62,-109.89,-49.64,3.988,-9.82,19.72,-0.04,-0.0326,2.2138,12.18,-98847.84,8.03,91.43,6.857,-0,-1.0001,126.86,122.28,131.31,24.98,Cornering,"Hoosier 43075 16x7.5-10 R20, 7 inch rim",17611
78.5,719.744,2.13,-109.62,-48.51,3.982,-9.73,19.39,0.09,-0.0439,2.2596,12.17,44061.72,8.03,91.43,6.889,-0,-0.9998,126.86,122.33,131.27,24.98,Cornering,"Hoosier 43075 16x7.5-10 R20, 7 inch rim",17612
78.51,719.754,2.11,-110.19,-47.58,3.991,-9.39,19.55,0.09,-0.0443,2.3156,12.11,44037.75,8.03,91.44,6.926,-0,-0.9998,126.75,122.39,131.33,24.97,Cornering,"Hoosier 43075 16x7.5-10 R20, 7 inch rim",17613
78.48,719.764,1.64,-110.79,-47.82,3.993,-7.57,20.07,0.09,-0.0343,2.3168,12.03,43993.45,8.03,91.46,6.962,-0,-0.9998,126.73,122.46,131.37,24.95,Cornering,"Hoosier 43075 16x7.5-10 R20, 7 inch rim",17614
78.49,719.774,0.48,-112.08,-46.69,3.987,-8.72,20.23,0.09,-0.0103,2.4004,11.97,43978.15,8.03,91.47,7.015,-0,-0.9998,126.84,122.63,131.49,24.94,Cornering,"Hoosier 43075 16x7.5-10 R20, 7 inch rim",17615
78.52,719.784,-0.63,-112.87,-46.95,3.991,-8.8,20.81,0.16,0.0134,2.4043,11.97,25535.24,8.03,91.52,7.058,-0,-0.9997,126.9,122.68,131.53,24.96,Cornering,"Hoosier 43075 16x7.5-10 R20, 7 inch rim",17616
78.5,719.794,-1.64,-113.91,-47.65,3.99,-9.33,21.1,0.09,0.0344,2.3908,12.03,44043.45,8.03,91.56,7.079,-0,-0.9998,126.9,122.61,131.59,24.98,Cornering,"Hoosier 43075 16x7.5-10 R20, 7 inch rim",17617
78.47,719.804,-2.24,-114.96,-48.61,3.993,-10.1,21.38,0.09,0.046,2.3651,12.08,44058.86,8.03,91.56,7.131,-0,-0.9998,126.9,122.5,131.59,25,Cornering,"Hoosier 43075 16x7.5-10 R20, 7 inch rim",17618
78.5,719.814,-2.07,-115.79,-49.43,3.979,-11,21.12,0.03,0.0419,2.3423,12.14,159055.55,8.03,91.56,7.168,-0,-0.9999,126.9,122.37,131.59,25.01,Cornering,"Hoosier 43075 16x7.5-10 R20, 7 inch rim",17619
78.51,719.824,-1.1,-114.91,-49.99,3.998,-10.91,21,-0.04,0.022,2.2986,12.11,-98839.3,8.03,91.57,7.214,-0,-1.0001,126.92,122.24,131.69,25,Cornering,"Hoosier 43075 16x7.5-10 R20, 7 inch rim",17620
78.48,719.834,-0.37,-113.2,-49.87,3.997,-10.74,20.01,0.16,0.0074,2.2698,12.05,25542.6,8.03,91.57,7.241,-0,-0.9997,126.95,122.15,131.73,24.97,Cornering,"Hoosier 43075 16x7.5-10 R20, 7 inch rim",17621
78.49,719.844,1.01,-111.6,-49.78,3.99,-9.97,19.76,0.09,-0.0202,2.2422,11.96,43972.35,8.03,91.55,7.283,-0,-0.9998,126.92,122.15,131.79,24.96,Cornering,"Hoosier 43075 16x7.5-10 R20, 7 inch rim",17622
78.51,719.854,1.83,-111.09,-48.74,3.998,-9.98,19.48,0.09,-0.0376,2.2792,11.92,43956.69,8.03,91.54,7.337,-0,-0.9998,126.95,122.19,131.85,24.95,Cornering,"Hoosier 43075 16x7.5-10 R20, 7 inch rim",17623
78.5,719.864,2.62,-110.78,-48.28,3.997,-8.61,19.87,0.09,-0.0542,2.2945,11.93,43941.86,8.03,91.55,7.383,-0,-0.9998,126.99,122.26,131.89,24.94,Cornering,"Hoosier 43075 16x7.5-10 R20, 7 inch rim",17624
78.48,719.874,2.37,-111.3,-47.19,3.994,-8.47,20.01,0.09,-0.0503,2.3586,12.02,43959.23,8.03,91.54,7.413,-0,-0.9998,127.01,122.33,131.95,24.96,Cornering,"Hoosier 43075 16x7.5-10 R20, 7 inch rim",17625
78.5,719.884,1.49,-112.03,-46.04,4,-9.08,20.25,0.03,-0.0324,2.4331,12.1,158588.64,8.03,91.55,7.44,-0,-0.9999,126.99,122.46,131.97,24.95,Cornering,"Hoosier 43075 16x7.5-10 R20, 7 inch rim",17626
78.51,719.894,0.36,-113.2,-46.85,3.996,-8.53,20.6,0.03,-0.0077,2.4163,12.14,158536.5,8.03,91.51,7.482,-0,-0.9999,127.05,122.52,132.11,24.94,Cornering,"Hoosier 43075 16x7.5-10 R20, 7 inch rim",17627
78.49,719.904,-0.65,-114.59,-46.67,3.988,-9.71,21.17,-0.04,0.0139,2.4555,12.14,-98473.45,8.03,91.49,7.515,-0,-1.0001,127.14,122.57,132.22,24.93,Cornering,"Hoosier 43075 16x7.5-10 R20, 7 inch rim",17628
78.48,719.914,-1.59,-115.8,-47.78,3.993,-10.37,21.29,0.09,0.0333,2.4238,12.08,43932.86,8.03,91.46,7.57,-0,-0.9998,127.14,122.52,132.26,24.95,Cornering,"Hoosier 43075 16x7.5-10 R20, 7 inch rim",17629
78.51,719.924,-1.8,-116.61,-49.36,3.988,-10.38,21.31,-0.04,0.0366,2.3624,12.03,-98587.87,8.03,91.47,7.613,-0,-1.0001,127.14,122.39,132.38,24.96,Cornering,"Hoosier 43075 16x7.5-10 R20, 7 inch rim",17630
78.5,719.934,-1.71,-115.98,-49.55,3.99,-10.7,20.71,0.16,0.0344,2.3408,11.95,25524.52,8.03,91.44,7.646,-0,-0.9997,127.16,122.35,132.48,24.98,Cornering,"Hoosier 43075 16x7.5-10 R20, 7 inch rim",17631
78.47,719.944,-0.98,-114.88,-49.63,3.987,-11,20.02,0.09,0.0198,2.3147,11.97,43970.11,8.03,91.41,7.702,-0,-0.9998,127.22,122.28,132.54,24.98,Cornering,"Hoosier 43075 16x7.5-10 R20, 7 inch rim",17632
78.5,719.954,0.18,-113.04,-49.1,3.987,-10.63,19.55,-0.04,-0.0036,2.3024,12.03,-98650.05,8.03,91.38,7.738,-0,-1.0001,127.2,122.24,132.64,24.98,Cornering,"Hoosier 43075 16x7.5-10 R20, 7 inch rim",17633
78.52,719.964,1.12,-111.82,-48.73,3.99,-9.76,19.13,0.09,-0.0231,2.2945,12.11,43953.08,8.03,91.35,7.767,-0,-0.9998,127.22,122.35,132.66,24.97,Cornering,"Hoosier 43075 16x7.5-10 R20, 7 inch rim",17634
78.49,719.974,2.29,-111.98,-48.4,3.988,-9.21,19.61,-0.04,-0.0473,2.3138,12.19,-98610.05,8.03,91.33,7.81,-0,-1.0001,127.25,122.48,132.72,24.98,Cornering,"Hoosier 43075 16x7.5-10 R20, 7 inch rim",17635
78.48,719.984,2.14,-112.2,-47.6,3.991,-8.38,19.51,0.09,-0.045,2.3572,12.18,43974.18,8.03,91.3,7.855,-0,-0.9998,127.2,122.46,132.74,24.99,Cornering,"Hoosier 43075 16x7.5-10 R20, 7 inch rim",17636
78.51,719.994,1.8,-113.39,-46.93,4.004,-8.8,20.01,0.16,-0.0384,2.4162,12.13,25533.34,8.03,91.3,7.887,-0,-0.9997,127.16,122.57,132.78,25,Cornering,"Hoosier 43075 16x7.5-10 R20, 7 inch rim",17637
78.51,720.004,0.7,-114.25,-46.86,3.987,-8.45,20.21,0.03,-0.015,2.4383,12.06,158774.72,8.03,91.34,7.92,-0,-0.9999,127.25,122.59,132.9,25.01,Cornering,"Hoosier 43075 16x7.5-10 R20, 7 inch rim",17638
78.48,720.014,-0.34,-115.39,-46.52,3.991,-9.53,20.62,0.03,0.0073,2.4806,11.98,158794.64,8.03,91.36,7.963,-0,-0.9999,127.29,122.7,133.02,25.01,Cornering,"Hoosier 43075 16x7.5-10 R20, 7 inch rim",17639
78.49,720.024,-1.22,-116.46,-47.03,3.993,-10.1,21.15,0.09,0.026,2.4761,11.99,43977.77,8.03,91.38,8.01,-0,-0.9998,127.27,122.57,133.1,25,Cornering,"Hoosier 43075 16x7.5-10 R20, 7 inch rim",17640
78.52,720.034,-1.64,-117.17,-47.79,3.987,-10.66,21.43,0.03,0.0342,2.4516,12.03,158728.95,8.03,91.41,8.036,-0,-0.9999,127.29,122.44,133.21,25.01,Cornering,"Hoosier 43075 16x7.5-10 R20, 7 inch rim",17641
78.49,720.044,-1.67,-116.92,-49.21,3.987,-9.95,21.21,0.03,0.0339,2.3757,12.1,158748.62,8.03,91.41,8.079,-0,-0.9999,127.29,122.3,133.25,25.01,Cornering,"Hoosier 43075 16x7.5-10 R20, 7 inch rim",17642
78.48,720.054,-0.95,-116.03,-49.16,3.996,-10.63,20.87,0.09,0.0193,2.3602,12.14,43984.54,8.03,91.37,8.133,-0,-0.9998,127.27,122.28,133.37,25.01,Cornering,"Hoosier 43075 16x7.5-10 R20, 7 inch rim",17643
78.51,720.064,0.25,-114.61,-49.3,3.994,-10.15,20.3,0.16,-0.005,2.3246,12.11,25521.44,8.03,91.33,8.166,-0,-0.9997,127.31,122.22,133.51,25.01,Cornering,"Hoosier 43075 16x7.5-10 R20, 7 inch rim",17644
78.51,720.074,1.29,-112.89,-48.71,3.985,-9.63,19.56,0.09,-0.0264,2.3175,12.06,43956.79,8.03,91.31,8.199,-0,-0.9998,127.31,122.28,133.57,25,Cornering,"Hoosier 43075 16x7.5-10 R20, 7 inch rim",17645
78.49,720.084,2.33,-112.94,-48.16,3.988,-9.68,19.51,0.09,-0.0485,2.3448,11.96,43930.12,8.03,91.29,8.255,-0,-0.9998,127.33,122.3,133.65,24.99,Cornering,"Hoosier 43075 16x7.5-10 R20, 7 inch rim",17646
78.5,720.094,2.75,-113.44,-47.64,3.991,-9.37,19.54,0.09,-0.0578,2.3813,11.9,43915.39,8.03,91.27,8.295,-0,-0.9998,127.33,122.41,133.67,24.98,Cornering,"Hoosier 43075 16x7.5-10 R20, 7 inch rim",17647
78.52,720.104,2.3,-114.33,-46.79,4.001,-9.61,19.48,0.03,-0.0491,2.4436,11.89,158463.77,8.03,91.28,8.328,-0,-0.9999,127.35,122.37,133.73,24.98,Cornering,"Hoosier 43075 16x7.5-10 R20, 7 inch rim",17648
78.5,720.114,1.57,-114.79,-46.16,3.993,-9.02,19.81,0.09,-0.0341,2.4868,11.93,43886.53,8.03,91.24,8.369,-0,-0.9998,127.35,122.48,133.77,24.97,Cornering,"Hoosier 43075 16x7.5-10 R20, 7 inch rim",17649
78.48,720.124,0.31,-115.53,-46.51,3.99,-8.67,19.94,0.03,-0.0067,2.4839,12.02,158354.77,8.03,91.25,8.414,-0,-0.9999,127.46,122.59,133.85,24.97,Cornering,"Hoosier 43075 16x7.5-10 R20, 7 inch rim",17650
78.5,720.134,-0.92,-115.83,-46.42,3.985,-8.64,20.25,0.09,0.0198,2.4954,12.14,43867.13,8.03,91.23,8.45,-0,-0.9998,127.5,122.55,133.91,24.97,Cornering,"Hoosier 43075 16x7.5-10 R20, 7 inch rim",17651
78.52,720.144,-1.68,-116.72,-47.36,3.988,-9.26,20.72,0.03,0.0355,2.4645,12.13,158282.17,8.03,91.25,8.5,-0,-0.9999,127.55,122.48,134.05,24.97,Cornering,"Hoosier 43075 16x7.5-10 R20, 7 inch rim",17652
78.49,720.154,-1.9,-117.19,-48,3.996,-9.83,20.77,0.09,0.0397,2.4415,12.11,43847.81,8.03,91.22,8.528,-0,-0.9998,127.48,122.39,134.16,24.96,Cornering,"Hoosier 43075 16x7.5-10 R20, 7 inch rim",17653
78.49,720.164,-1.74,-116.77,-48.83,3.984,-9.81,20.23,-0.04,0.0357,2.3913,12.04,-98327.97,8.03,91.19,8.568,-0,-1.0001,127.52,122.33,134.3,24.96,Cornering,"Hoosier 43075 16x7.5-10 R20, 7 inch rim",17654
78.52,720.174,-1.32,-116.15,-49.36,3.991,-9.86,19.3,0.03,0.0267,2.3531,11.97,158233.84,8.03,91.19,8.614,-0,-0.9999,127.52,122.28,134.36,24.97,Cornering,"Hoosier 43075 16x7.5-10 R20, 7 inch rim",17655
78.5,720.184,0.25,-114.94,-48.77,3.991,-10.49,19.15,0.03,-0.005,2.3569,11.99,158251.69,8.03,91.17,8.659,-0,-0.9999,127.5,122.19,134.48,24.97,Cornering,"Hoosier 43075 16x7.5-10 R20, 7 inch rim",17656
78.47,720.194,1.51,-114.21,-48.81,4.003,-9.97,19.05,0.16,-0.0309,2.34,12.06,25457.21,8.03,91.18,8.684,-0,-0.9997,127.48,122.28,134.58,24.98,Cornering,"Hoosier 43075 16x7.5-10 R20, 7 inch rim",17657
78.5,720.204,2.34,-114.46,-48.12,3.981,-9.76,18.95,0.03,-0.0485,2.3785,12.14,158295.06,8.03,91.15,8.729,-0,-0.9999,127.48,122.33,134.56,24.98,Cornering,"Hoosier 43075 16x7.5-10 R20, 7 inch rim",17658
78.51,720.214,2.56,-114.99,-47.18,3.982,-9.36,19.23,0.16,-0.0543,2.4372,12.21,25463.47,8.03,91.18,8.765,-0,-0.9997,127.48,122.39,134.58,24.99,Cornering,"Hoosier 43075 16x7.5-10 R20, 7 inch rim",17659
78.49,720.224,1.88,-115.42,-46.46,3.998,-9.01,19.25,0.09,-0.0404,2.484,12.19,43845.12,8.03,91.18,8.809,-0,-0.9998,127.5,122.46,134.68,24.98,Cornering,"Hoosier 43075 16x7.5-10 R20, 7 inch rim",17660
78.48,720.234,1.14,-115.84,-45.6,3.978,-9.14,19.84,-0.04,-0.0251,2.5403,12.16,-98368.02,8.03,91.24,8.846,-0,-1.0001,127.61,122.61,134.78,24.98,Cornering,"Hoosier 43075 16x7.5-10 R20, 7 inch rim",17661
78.51,720.244,-0.09,-116.6,-46.29,3.982,-8.55,20.19,0.09,0.0019,2.5191,12.06,43867.15,8.03,91.27,8.879,-0,-0.9998,127.63,122.61,134.86,25,Cornering,"Hoosier 43075 16x7.5-10 R20, 7 inch rim",17662
78.51,720.254,-0.86,-117.62,-46.37,4,-9.59,21,0.09,0.0184,2.5367,12.01,43841.77,8.02,91.3,8.921,-0,-0.9998,127.65,122.59,134.92,24.98,Cornering,"Hoosier 43075 16x7.5-10 R20, 7 inch rim",17663
78.48,720.264,-1.73,-118.11,-47.56,3.988,-9.43,20.84,0.03,0.0364,2.4836,12,158228.08,8.03,91.33,8.967,-0,-0.9999,127.63,122.55,135.02,24.99,Cornering,"Hoosier 43075 16x7.5-10 R20, 7 inch rim",17664
78.5,720.274,-1.81,-119.02,-48.42,3.994,-10.41,20.54,0.09,0.0375,2.4581,12.03,43831.25,8.03,91.35,9.007,-0,-0.9998,127.55,122.41,135.19,24.98,Cornering,"Hoosier 43075 16x7.5-10 R20, 7 inch rim",17665
78.52,720.284,-1.15,-118.59,-49.23,4.012,-10.89,20.13,0.16,0.0234,2.409,12.11,25443.75,8.02,91.35,9.044,-0,-0.9997,127.57,122.35,135.25,24.99,Cornering,"Hoosier 43075 16x7.5-10 R20, 7 inch rim",17666
78.49,720.294,-0.45,-117.52,-49.82,3.991,-10.21,19.16,0.03,0.009,2.359,12.16,158170.06,8.03,91.34,9.097,-0,-0.9999,127.57,122.3,135.37,24.99,Cornering,"Hoosier 43075 16x7.5-10 R20, 7 inch rim",17667
78.48,720.304,1.06,-116.3,-49.14,3.988,-10.46,18.86,0.09,-0.0216,2.3669,12.14,43814.75,8.03,91.33,9.14,-0,-0.9998,127.57,122.22,135.41,24.98,Cornering,"Hoosier 43075 16x7.5-10 R20, 7 inch rim",17668
78.51,720.314,2.04,-115.9,-48.29,3.991,-10.56,18.68,0.09,-0.0422,2.4,12.11,43791.02,8.03,91.37,9.167,-0,-0.9998,127.61,122.28,135.43,24.97,Cornering,"Hoosier 43075 16x7.5-10 R20, 7 inch rim",17669
78.51,720.324,2.55,-115.42,-47.84,3.985,-9.14,18.67,0.09,-0.0533,2.4126,11.99,43755.87,8.03,91.39,9.204,-0,-0.9998,127.63,122.35,135.43,24.96,Cornering,"Hoosier 43075 16x7.5-10 R20, 7 inch rim",17670
78.48,720.334,2.49,-115.83,-46.96,3.994,-8.88,18.92,0.03,-0.053,2.4668,11.92,157771.47,8.03,91.4,9.249,-0,-0.9999,127.61,122.44,135.49,24.94,Cornering,"Hoosier 43075 16x7.5-10 R20, 7 inch rim",17671
78.5,720.344,1.7,-115.99,-46.17,3.985,-8.26,19.1,0.09,-0.0369,2.512,11.89,43704.4,8.03,91.41,9.29,-0,-0.9998,127.65,122.5,135.55,24.93,Cornering,"Hoosier 43075 16x7.5-10 R20, 7 inch rim",17672
78.52,720.354,0.65,-116.52,-45.68,3.991,-8.24,19.83,0.09,-0.0143,2.5508,11.94,43720.54,8.03,91.39,9.323,-0,-0.9998,127.76,122.59,135.63,24.94,Cornering,"Hoosier 43075 16x7.5-10 R20, 7 inch rim",17673
78.49,720.364,-0.45,-118.01,-46.48,3.988,-8.74,20.4,0.16,0.0097,2.5388,12,25372.55,8.03,91.36,9.373,-0,-0.9997,127.76,122.59,135.75,24.94,Cornering,"Hoosier 43075 16x7.5-10 R20, 7 inch rim",17674
78.48,720.374,-1.42,-119.42,-47.23,3.997,-9.65,20.62,-0.04,0.0302,2.5284,12.08,-98050.81,8.02,91.32,9.41,-0,-1.0001,127.8,122.48,135.85,24.94,Cornering,"Hoosier 43075 16x7.5-10 R20, 7 inch rim",17675
78.51,720.384,-1.83,-120.55,-48.37,3.988,-10.49,20.6,0.03,0.0378,2.4921,12.12,157642.05,8.03,91.29,9.45,-0,-0.9999,127.76,122.41,136.03,24.93,Cornering,"Hoosier 43075 16x7.5-10 R20, 7 inch rim",17676
78.51,720.394,-1.7,-120.8,-49.6,3.991,-10.91,20.22,0.09,0.0342,2.4357,12.1,43688.74,8.03,91.22,9.492,-0,-0.9998,127.74,122.26,136.2,24.94,Cornering,"Hoosier 43075 16x7.5-10 R20, 7 inch rim",17677
78.48,720.404,-1.03,-119.81,-50.14,3.985,-10.78,19.39,0.09,0.0205,2.3896,12.03,43694.25,8.03,91.18,9.528,-0,-0.9998,127.74,122.17,136.36,24.94,Cornering,"Hoosier 43075 16x7.5-10 R20, 7 inch rim",17678
78.49,720.414,0.66,-118.27,-49.95,3.987,-10.45,19.45,0.16,-0.0132,2.3675,11.97,25369.87,8.03,91.16,9.566,-0,-0.9997,127.78,122.13,136.48,24.96,Cornering,"Hoosier 43075 16x7.5-10 R20, 7 inch rim",17679
78.52,720.424,1.52,-117.04,-49.45,3.985,-9.82,18.71,0.09,-0.0307,2.3667,11.96,43724.04,8.03,91.16,9.611,-0,-0.9998,127.74,122.19,136.52,24.97,Cornering,"Hoosier 43075 16x7.5-10 R20, 7 inch rim",17680
78.5,720.434,2.49,-116.5,-48.65,3.994,-9.19,18.86,0.03,-0.0512,2.3945,12.03,157845.09,8.02,91.13,9.642,-0,-0.9999,127.74,122.22,136.5,24.98,Cornering,"Hoosier 43075 16x7.5-10 R20, 7 inch rim",17681
78.48,720.444,2.17,-117.01,-47.74,3.993,-8.91,18.38,0.09,-0.0454,2.4513,12.12,43744.32,8.02,91.12,9.688,-0,-0.9998,127.72,122.35,136.56,24.98,Cornering,"Hoosier 43075 16x7.5-10 R20, 7 inch rim",17682
78.5,720.454,1.95,-117.32,-47.3,3.987,-8.16,18.73,0.09,-0.0411,2.4804,12.16,43717.01,8.03,91.14,9.741,-0,-0.9998,127.74,122.46,136.6,24.97,Cornering,"Hoosier 43075 16x7.5-10 R20, 7 inch rim",17683
78.52,720.464,1.09,-117.72,-45.98,3.987,-8.68,19.16,0.09,-0.0237,2.5601,12.15,43703.25,8.03,91.19,9.768,-0,-0.9998,127.8,122.7,136.62,24.97,Cornering,"Hoosier 43075 16x7.5-10 R20, 7 inch rim",17684
78.48,720.474,-0.05,-118.67,-46.28,3.993,-9.04,19.55,0.09,0.001,2.564,12.1,43698.86,8.03,91.21,9.801,-0,-0.9998,127.93,122.72,136.64,24.97,Cornering,"Hoosier 43075 16x7.5-10 R20, 7 inch rim",17685
78.49,720.484,-0.97,-119.71,-47.11,3.993,-9.32,20.14,-0.04,0.0205,2.5408,12,-98012.12,8.02,91.23,9.851,-0,-1.0001,127.95,122.68,136.74,24.97,Cornering,"Hoosier 43075 16x7.5-10 R20, 7 inch rim",17686
78.52,720.494,-1.91,-120.55,-47.63,3.978,-10.61,20.18,0.09,0.0402,2.531,11.95,43696.9,8.03,91.24,9.891,-0,-0.9998,127.91,122.59,136.82,24.97,Cornering,"Hoosier 43075 16x7.5-10 R20, 7 inch rim",17687
78.5,720.504,-1.97,-120.85,-49.17,3.996,-10.72,20.12,0.09,0.0402,2.4579,11.96,43691.88,8.02,91.27,9.929,-0,-0.9998,127.91,122.5,137.02,24.97,Cornering,"Hoosier 43075 16x7.5-10 R20, 7 inch rim",17688
78.48,720.514,-1.75,-119.88,-49.6,3.993,-11.02,19.42,0.23,0.0354,2.4169,12.03,17870,8.02,91.28,9.973,-0,-0.9996,127.87,122.37,137.15,24.98,Cornering,"Hoosier 43075 16x7.5-10 R20, 7 inch rim",17689
78.5,720.524,-0.66,-118.14,-50.07,3.996,-10.09,19.14,0.09,0.0132,2.3594,12.1,43721.35,8.02,91.29,10.01,-0,-0.9998,127.87,122.28,137.29,25,Cornering,"Hoosier 43075 16x7.5-10 R20, 7 inch rim",17690
78.51,720.534,0.66,-117.04,-50.13,3.994,-9.43,18.82,0.09,-0.0132,2.3347,12.14,43726.39,8.02,91.32,10.048,-0,-0.9998,127.8,122.26,137.41,25,Cornering,"Hoosier 43075 16x7.5-10 R20, 7 inch rim",17691
78.49,720.544,1.83,-116.8,-49.27,3.998,-9.58,18.68,0.09,-0.0372,2.3705,12.15,43740.57,8.02,91.35,10.092,-0,-0.9998,127.78,122.28,137.37,25.01,Cornering,"Hoosier 43075 16x7.5-10 R20, 7 inch rim",17692
78.49,720.554,2.22,-117.13,-48.09,3.988,-9.73,18.44,0.03,-0.0462,2.4356,12.1,157755.47,8.02,91.37,10.128,-0,-0.9999,127.8,122.28,137.43,25,Cornering,"Hoosier 43075 16x7.5-10 R20, 7 inch rim",17693
78.51,720.564,2.15,-117.94,-48.1,3.997,-8.61,18.47,0.09,-0.0446,2.4522,12.03,43730.49,8.02,91.37,10.165,-0,-0.9998,127.83,122.33,137.47,25.01,Cornering,"Hoosier 43075 16x7.5-10 R20, 7 inch rim",17694
78.51,720.574,1.77,-118.56,-47.48,3.988,-8.19,18.99,0.03,-0.0372,2.4969,11.95,157715.38,8.02,91.36,10.208,-0,-0.9999,127.87,122.44,137.47,25,Cornering,"Hoosier 43075 16x7.5-10 R20, 7 inch rim",17695
78.49,720.584,0.94,-119.37,-46.97,3.987,-8.31,19.62,0.03,-0.0201,2.5412,11.92,157697.38,8.02,91.34,10.244,-0,-0.9999,127.95,122.5,137.53,25,Cornering,"Hoosier 43075 16x7.5-10 R20, 7 inch rim",17696
78.5,720.594,0.17,-120.15,-47.15,3.988,-8.88,20.4,0.09,-0.0037,2.5484,11.95,43683.73,8.02,91.35,10.282,-0,-0.9998,128.08,122.46,137.63,25,Cornering,"Hoosier 43075 16x7.5-10 R20, 7 inch rim",17697
78.52,720.604,-0.94,-120.71,-48.28,3.99,-9.28,20.66,0.09,0.0194,2.5003,12.03,43688.24,8.02,91.38,10.322,-0,-0.9998,128.08,122.46,137.79,25,Cornering,"Hoosier 43075 16x7.5-10 R20, 7 inch rim",17698
78.5,720.614,-1.58,-120.86,-49.22,3.998,-10.11,20.73,-0.04,0.032,2.4553,12.11,-97967.5,8.02,91.41,10.364,-0,-1.0001,128.02,122.35,137.97,25,Cornering,"Hoosier 43075 16x7.5-10 R20, 7 inch rim",17699
78.48,720.624,-1.48,-120.43,-49.82,3.979,-10.83,20.36,0.03,0.0298,2.417,12.11,157504.91,8.03,91.45,10.407,-0,-0.9999,127.95,122.22,138.18,24.98,Cornering,"Hoosier 43075 16x7.5-10 R20, 7 inch rim",17700
78.51,720.634,-0.58,-119.5,-50.64,3.993,-11.05,20.07,0.09,0.0114,2.3598,12.08,43620,8.02,91.45,10.447,-0,-0.9998,127.93,122.17,138.4,24.97,Cornering,"Hoosier 43075 16x7.5-10 R20, 7 inch rim",17701
78.51,720.644,0.68,-117.91,-50.82,3.99,-9.77,19.62,0.09,-0.0134,2.3202,12,43604.78,8.02,91.47,10.483,-0,-0.9998,127.91,122.08,138.46,24.97,Cornering,"Hoosier 43075 16x7.5-10 R20, 7 inch rim",17702
78.47,720.654,1.43,-117.18,-50.14,3.993,-9.55,18.66,0.03,-0.0284,2.3369,11.92,157225.39,8.02,91.47,10.524,-0,-0.9999,127.95,122.13,138.6,24.95,Cornering,"Hoosier 43075 16x7.5-10 R20, 7 inch rim",17703
78.48,720.664,2.78,-117.74,-49.6,4.004,-9.88,18.92,0.09,-0.0561,2.3737,11.93,43573.27,8.02,91.45,10.562,-0,-0.9998,128.02,122.15,138.6,24.96,Cornering,"Hoosier 43075 16x7.5-10 R20, 7 inch rim",17704
78.51,720.674,2.62,-118.52,-49.1,4,-9.1,18.28,0.03,-0.0534,2.4136,11.97,157364.95,8.02,91.44,10.607,-0,-0.9999,128.02,122.24,138.64,24.98,Cornering,"Hoosier 43075 16x7.5-10 R20, 7 inch rim",17705
78.5,720.684,2.48,-118.97,-48.12,3.984,-8.64,18.39,0.03,-0.0514,2.4723,12.06,157377.55,8.02,91.46,10.653,-0,-0.9999,128.04,122.37,138.7,24.98,Cornering,"Hoosier 43075 16x7.5-10 R20, 7 inch rim",17706
78.47,720.694,1.35,-119.7,-46.95,3.991,-9.1,18.49,-0.04,-0.0287,2.5495,12.12,-97792.14,8.02,91.45,10.698,-0,-1.0001,128.08,122.57,138.74,24.98,Cornering,"Hoosier 43075 16x7.5-10 R20, 7 inch rim",17707
78.5,720.704,0.58,-120.25,-46.38,3.998,-9.6,19.26,0.09,-0.0125,2.5926,12.15,43568.22,8.02,91.45,10.736,-0,-0.9998,128.17,122.68,138.84,24.97,Cornering,"Hoosier 43075 16x7.5-10 R20, 7 inch rim",17708
78.5,720.714,-0.5,-120.6,-47.37,3.988,-9.31,19.71,0.03,0.0106,2.5461,12.11,157134.09,8.02,91.42,10.769,-0,-0.9999,128.28,122.77,138.92,24.96,Cornering,"Hoosier 43075 16x7.5-10 R20, 7 inch rim",17709
78.47,720.724,-1.71,-120.71,-48.2,3.988,-9.75,19.62,0.03,0.0354,2.5043,12.04,157115.16,8.02,91.39,10.805,-0,-0.9999,128.21,122.68,139.07,24.96,Cornering,"Hoosier 43075 16x7.5-10 R20, 7 inch rim",17710
78.48,720.734,-2.4,-120.63,-49.44,3.987,-10.09,19.23,0.16,0.0485,2.4402,12,25272.11,8.02,91.36,10.852,-0,-0.9997,128.13,122.61,139.31,24.96,Cornering,"Hoosier 43075 16x7.5-10 R20, 7 inch rim",17711
78.5,720.744,-2.43,-120.3,-50.39,3.994,-10.53,18.73,-0.04,0.0482,2.3874,11.98,-97749.27,8.02,91.34,10.897,-0,-1.0001,128.13,122.55,139.51,24.98,Cornering,"Hoosier 43075 16x7.5-10 R20, 7 inch rim",17712
78.48,720.754,-1.33,-119.29,-50.78,3.982,-10.67,18.4,0.09,0.0262,2.349,12.01,43568.81,8.02,91.32,10.938,-0,-0.9998,128.13,122.44,139.65,24.98,Cornering,"Hoosier 43075 16x7.5-10 R20, 7 inch rim",17713
78.46,720.764,0.02,-118,-51.04,3.979,-9.95,17.97,0.03,-0.0004,2.312,12.11,157241.48,8.02,91.29,10.978,-0,-0.9999,128.13,122.46,139.73,24.99,Cornering,"Hoosier 43075 16x7.5-10 R20, 7 inch rim",17714
78.48,720.774,1.65,-117.36,-50.24,3.998,-9.94,18.32,0.09,-0.0329,2.3362,12.18,43527.39,8.02,91.27,11.013,-0,-0.9998,128.17,122.46,139.73,24.97,Cornering,"Hoosier 43075 16x7.5-10 R20, 7 inch rim",17715
78.49,720.784,2.51,-117.85,-49.65,3.996,-10.21,18.19,-0.04,-0.0506,2.3734,12.22,-97514.27,8.02,91.19,11.057,-0,-1.0001,128.19,122.5,139.75,24.94,Cornering,"Hoosier 43075 16x7.5-10 R20, 7 inch rim",17716
78.46,720.794,2.62,-117.91,-48.9,4,-9.47,18.24,0.03,-0.0535,2.4113,12.17,156849.05,8.02,91.17,11.097,-0,-0.9999,128.25,122.5,139.77,24.94,Cornering,"Hoosier 43075 16x7.5-10 R20, 7 inch rim",17717
78.46,720.804,2.05,-118.07,-47.79,3.985,-9.1,18.38,0.09,-0.0429,2.4704,12.08,43429.14,8.02,91.15,11.129,-0,-0.9998,128.19,122.59,139.77,24.92,Cornering,"Hoosier 43075 16x7.5-10 R20, 7 inch rim",17718
78.48,720.814,1.1,-118.49,-47.31,4.003,-8.98,18.86,0.16,-0.0233,2.5045,11.99,25202.98,8.02,91.17,11.176,-0,-0.9997,128.25,122.72,139.81,24.92,Cornering,"Hoosier 43075 16x7.5-10 R20, 7 inch rim",17719
78.47,720.824,0.57,-118.73,-47.39,3.987,-8.86,20.03,0.03,-0.012,2.5054,11.96,156715.19,8.02,91.18,11.209,-0,-0.9999,128.36,122.79,139.81,24.93,Cornering,"Hoosier 43075 16x7.5-10 R20, 7 inch rim",17720
78.45,720.834,-0.51,-119.47,-47.79,3.984,-9.62,20.49,0.09,0.0106,2.4997,11.98,43409.81,8.02,91.18,11.256,-0,-0.9998,128.36,122.79,139.93,24.92,Cornering,"Hoosier 43075 16x7.5-10 R20, 7 inch rim",17721
78.47,720.844,-1.2,-120.07,-49.25,3.997,-9.66,20.79,0.16,0.0245,2.438,12.03,25186.49,8.02,91.17,11.296,-0,-0.9997,128.32,122.72,140.1,24.92,Cornering,"Hoosier 43075 16x7.5-10 R20, 7 inch rim",17722
78.49,720.854,-1.68,-120.31,-50.55,3.998,-10.42,20.36,-0.04,0.0332,2.3801,12.11,-97332.04,8.02,91.13,11.326,-0,-1.0001,128.25,122.55,140.32,24.92,Cornering,"Hoosier 43075 16x7.5-10 R20, 7 inch rim",17723
78.45,720.864,-1.24,-119.64,-50.97,3.994,-10.92,19.91,0.03,0.0243,2.3471,12.11,156663.06,8.02,91.16,11.369,-0,-0.9999,128.25,122.44,140.52,24.93,Cornering,"Hoosier 43075 16x7.5-10 R20, 7 inch rim",17724
78.45,720.874,-0.54,-118.65,-51.3,3.987,-10.72,19,0.09,0.0104,2.3131,12.08,43425.76,8.02,91.16,11.415,-0,-0.9998,128.21,122.33,140.7,24.94,Cornering,"Hoosier 43075 16x7.5-10 R20, 7 inch rim",17725
78.47,720.884,0.82,-117.28,-51.18,3.993,-9.95,18.6,0.09,-0.016,2.2916,12,43430.08,8.02,91.2,11.452,-0,-0.9998,128.19,122.35,140.72,24.95,Cornering,"Hoosier 43075 16x7.5-10 R20, 7 inch rim",17726
78.47,720.894,2.24,-116.73,-50.58,4.001,-9.27,18.64,0.03,-0.0443,2.3079,11.94,156671.05,8.02,91.19,11.485,-0,-0.9999,128.28,122.35,140.76,24.94,Cornering,"Hoosier 43075 16x7.5-10 R20, 7 inch rim",17727
78.44,720.904,2.57,-117.05,-49.53,3.991,-9.17,18.29,0.09,-0.0519,2.3632,11.9,43429.46,8.02,91.19,11.521,-0,-0.9998,128.21,122.37,140.74,24.96,Cornering,"Hoosier 43075 16x7.5-10 R20, 7 inch rim",17728
78.45,720.914,2.61,-117.42,-48.77,3.994,-8.63,18.51,0.09,-0.0535,2.4078,11.93,43441.34,8.02,91.21,11.574,-0,-0.9998,128.15,122.39,140.74,24.97,Cornering,"Hoosier 43075 16x7.5-10 R20, 7 inch rim",17729
78.47,720.924,2.11,-118.1,-47.99,3.997,-8.27,18.85,-0.04,-0.0439,2.4609,12.02,-97525.81,8.02,91.22,11.614,-0,-1.0001,128.17,122.52,140.7,24.99,Cornering,"Hoosier 43075 16x7.5-10 R20, 7 inch rim",17730
78.44,720.934,1.13,-118.73,-47.49,3.991,-8.35,19.34,0.16,-0.0237,2.5003,12.08,25224.03,8.02,91.26,11.658,-0,-0.9997,128.21,122.63,140.7,24.98,Cornering,"Hoosier 43075 16x7.5-10 R20, 7 inch rim",17731
78.43,720.944,-0.2,-119.38,-47.99,4.003,-8.53,19.39,0.16,0.0041,2.4874,12.17,25220.74,8.02,91.25,11.694,-0,-0.9997,128.28,122.7,140.8,24.98,Cornering,"Hoosier 43075 16x7.5-10 R20, 7 inch rim",17732
78.46,720.954,-1.49,-119.7,-48.8,3.981,-9.15,19.2,0.09,0.0305,2.4527,12.14,43408.64,8.02,91.22,11.717,-0,-0.9998,128.28,122.63,140.92,24.96,Cornering,"Hoosier 43075 16x7.5-10 R20, 7 inch rim",17733
78.46,720.964,-2.73,-120.18,-50.06,4,-9.81,18.16,0.09,0.0545,2.4006,12.08,43360.12,8.02,91.21,11.769,-0,-0.9998,128.21,122.55,141.19,24.94,Cornering,"Hoosier 43075 16x7.5-10 R20, 7 inch rim",17734
78.43,720.974,-4.08,-119.71,-51.26,3.981,-9.71,15.82,0.03,0.0796,2.3352,12.03,156535.47,8.02,91.25,11.787,-0,-0.9999,128.25,122.39,141.43,24.95,Cornering,"Hoosier 43075 16x7.5-10 R20, 7 inch rim",17735
78.44,720.984,-5.85,-118.58,-52.11,3.987,-9.1,12.13,0.03,0.1122,2.2754,12,156630.52,8.02,91.24,11.812,-0,-0.9999,128.19,122.33,141.57,24.97,Cornering,"Hoosier 43075 16x7.5-10 R20, 7 inch rim",17736
78.46,720.994,-7.24,-117.76,-52.6,3.985,-8.81,8.5,0.09,0.1376,2.2386,12.01,43431.8,8.02,91.24,11.824,-0,-0.9998,128.21,122.24,141.67,24.98,Cornering,"Hoosier 43075 16x7.5-10 R20, 7 inch rim",17737
78.44,721.004,-7.13,-117.55,-52.19,4.003,-9.08,6.53,0.23,0.1367,2.2524,12.08,17772.99,8.02,91.22,11.845,-0,-0.9995,128.21,122.3,141.67,25.01,Cornering,"Hoosier 43075 16x7.5-10 R20, 7 inch rim",17738
78.41,721.014,-5.56,-118.24,-50.9,3.998,-10.56,6.99,0.03,0.1092,2.3231,12.14,156859.3,8.02,91.19,11.856,-0,-0.9999,128.25,122.3,141.65,25.01,Cornering,"Hoosier 43075 16x7.5-10 R20, 7 inch rim",17739
78.45,721.024,-3.03,-119.19,-49.53,3.981,-11.2,9.06,0.03,0.0611,2.4064,12.17,156814.62,8.02,91.16,11.87,-0,-0.9999,128.25,122.35,141.57,25,Cornering,"Hoosier 43075 16x7.5-10 R20, 7 inch rim",17740
78.45,721.034,-2.62,-119.78,-48.31,3.993,-11.28,9.73,0.09,0.0542,2.4795,12.14,43425.12,8.02,91.15,11.866,-0,-0.9998,128.28,122.46,141.53,24.98,Cornering,"Hoosier 43075 16x7.5-10 R20, 7 inch rim",17741
78.42,721.044,-4.54,-119.84,-47.68,3.997,-10.31,8.58,-0.04,0.0953,2.5134,12.08,-97411.05,8.02,91.16,11.872,-0,-1.0001,128.38,122.57,141.49,24.98,Cornering,"Hoosier 43075 16x7.5-10 R20, 7 inch rim",17742
78.45,721.064,-10.71,-120.15,-48.16,4.004,-9.41,4.74,0.09,0.2224,2.4945,11.96,43421.2,8.01,91.2,12.198,-0,-0.9998,128.55,122.68,141.59,24.98,Cornering,"Hoosier 43075 16x7.5-10 R20, 7 inch rim",17743
78.44,721.074,-12.16,-120.91,-49.58,3.985,-9.62,4.44,0.16,0.2452,2.4387,11.97,25192.43,8.02,91.23,12.181,-0,-0.9997,128.62,122.59,141.83,24.97,Cornering,"Hoosier 43075 16x7.5-10 R20, 7 inch rim",17744
78.41,721.084,-11.8,-121.94,-51.3,3.996,-10.34,5.79,0.03,0.23,2.3768,12.04,156698.08,8.02,91.31,12.191,-0,-0.9999,128.6,122.48,142.1,24.98,Cornering,"Hoosier 43075 16x7.5-10 R20, 7 inch rim",17745
78.43,721.094,-9.02,-122.46,-52.41,3.985,-11.38,8.83,0.09,0.1722,2.3367,12.08,43423.28,8.02,91.35,12.185,-0,-0.9998,128.58,122.33,142.32,24.98,Cornering,"Hoosier 43075 16x7.5-10 R20, 7 inch rim",17746
78.44,721.104,-5.47,-122.29,-53.15,3.991,-11.89,12.03,0.09,0.1028,2.301,12.1,43393.98,8.02,91.4,12.179,-0,-0.9998,128.58,122.26,142.5,24.97,Cornering,"Hoosier 43075 16x7.5-10 R20, 7 inch rim",17747
78.41,721.114,-2.77,-121.09,-52.63,3.994,-12.04,13.87,0.09,0.0527,2.301,12.05,43376.59,8.02,91.4,12.162,-0,-0.9998,128.58,122.24,142.62,24.96,Cornering,"Hoosier 43075 16x7.5-10 R20, 7 inch rim",17748
78.41,721.124,-0.69,-119.71,-52.05,3.993,-11.03,15.17,0.09,0.0133,2.2999,11.97,43378.43,8.02,91.43,12.151,-0,-0.9998,128.58,122.26,142.6,24.96,Cornering,"Hoosier 43075 16x7.5-10 R20, 7 inch rim",17749
78.44,721.134,1.69,-118.85,-51.16,3.997,-9.87,17.36,0.16,-0.033,2.3232,11.91,25184.21,8.02,91.45,12.144,-0,-0.9997,128.64,122.33,142.54,24.96,Cornering,"Hoosier 43075 16x7.5-10 R20, 7 inch rim",17750
78.43,721.144,3.97,-118.55,-50.3,3.991,-8.54,20.14,0.16,-0.079,2.3571,11.92,25177.69,8.02,91.49,12.151,-0,-0.9997,128.64,122.35,142.48,24.96,Cornering,"Hoosier 43075 16x7.5-10 R20, 7 inch rim",17751
78.4,721.154,5.38,-118.77,-49.17,3.988,-8.1,22.83,0.09,-0.1094,2.4153,11.98,43399.5,8.02,91.55,12.145,-0,-0.9998,128.64,122.5,142.44,24.97,Cornering,"Hoosier 43075 16x7.5-10 R20, 7 inch rim",17752
78.42,721.164,5.66,-119.41,-48.31,3.979,-8.32,24.93,0.09,-0.1171,2.4715,12.05,43410.5,8.02,91.59,12.139,-0,-0.9998,128.7,122.61,142.34,24.97,Cornering,"Hoosier 43075 16x7.5-10 R20, 7 inch rim",17753
78.43,721.174,4.92,-120.63,-48.69,4.01,-9.1,26,-0.04,-0.101,2.4772,12.12,-97384.43,8.01,91.61,12.128,-0,-1.0001,128.86,122.66,142.32,24.97,Cornering,"Hoosier 43075 16x7.5-10 R20, 7 inch rim",17754
78.41,721.184,3.82,-122.24,-49.6,3.998,-10.21,26.54,0.09,-0.0769,2.4643,12.14,43391.73,8.02,91.59,12.131,-0,-0.9998,128.86,122.68,142.3,24.96,Cornering,"Hoosier 43075 16x7.5-10 R20, 7 inch rim",17755
78.41,721.194,2.69,-123.57,-50.49,3.994,-11.72,26.26,0.03,-0.0533,2.4473,12.12,156556.97,8.02,91.54,12.121,-0,-0.9999,128.86,122.55,142.36,24.96,Cornering,"Hoosier 43075 16x7.5-10 R20, 7 inch rim",17756
78.43,721.204,2.13,-123.61,-51.87,3.987,-11.91,25.49,0.16,-0.0411,2.383,12.06,25156.7,8.02,91.52,12.125,-0,-0.9997,128.88,122.39,142.54,24.93,Cornering,"Hoosier 43075 16x7.5-10 R20, 7 inch rim",17757
78.43,721.214,1.57,-123.12,-52.37,3.988,-11.97,23.59,0.03,-0.0299,2.3507,12.02,156447.06,8.02,91.47,12.122,-0,-0.9999,128.77,122.24,142.64,24.94,Cornering,"Hoosier 43075 16x7.5-10 R20, 7 inch rim",17758
78.4,721.224,0.95,-121.55,-52.38,3.987,-11.58,20.63,0.09,-0.0181,2.3205,12.01,43361.96,8.02,91.44,12.128,-0,-0.9998,128.7,122.19,142.76,24.94,Cornering,"Hoosier 43075 16x7.5-10 R20, 7 inch rim",17759
78.42,721.234,-0.65,-119.36,-52.22,3.988,-9.96,16.15,0.09,0.0125,2.286,12.05,43415.09,8.02,91.4,12.111,-0,-0.9998,128.7,122.15,142.78,24.97,Cornering,"Hoosier 43075 16x7.5-10 R20, 7 inch rim",17760
78.44,721.244,-2.83,-118.82,-51.39,3.996,-9.92,11.36,0.03,0.055,2.3122,12.12,156750.36,8.02,91.4,12.101,-0,-0.9999,128.68,122.15,142.68,24.98,Cornering,"Hoosier 43075 16x7.5-10 R20, 7 inch rim",17761
78.4,721.254,-4.55,-118.5,-51.08,3.994,-8.25,7.89,0.09,0.0891,2.3199,12.18,43440.51,8.02,91.36,12.078,-0,-0.9998,128.66,122.22,142.58,24.98,Cornering,"Hoosier 43075 16x7.5-10 R20, 7 inch rim",17762
78.4,721.264,-6.1,-118.89,-49.9,3.994,-8.35,5.39,-0.04,0.1222,2.3826,12.19,-97411.13,8.02,91.35,12.053,-0,-1.0001,128.58,122.3,142.48,24.97,Cornering,"Hoosier 43075 16x7.5-10 R20, 7 inch rim",17763
78.42,721.274,-7.97,-119.64,-49.5,3.985,-8.03,3.49,0.03,0.1611,2.4172,12.14,156686.56,8.02,91.34,12.022,-0,-0.9999,128.6,122.41,142.34,24.97,Cornering,"Hoosier 43075 16x7.5-10 R20, 7 inch rim",17764
78.43,721.284,-11.16,-120.14,-49.23,3.988,-8.07,0.71,0.09,0.2267,2.4403,12.04,43402.87,8.02,91.35,11.998,-0,-0.9998,128.75,122.46,142.38,24.96,Cornering,"Hoosier 43075 16x7.5-10 R20, 7 inch rim",17765
78.4,721.294,-14.83,-121.09,-49.59,3.996,-8.66,-1.83,0.16,0.299,2.4416,11.95,25201.15,8.02,91.34,11.96,-0,-0.9997,128.86,122.5,142.44,24.96,Cornering,"Hoosier 43075 16x7.5-10 R20, 7 inch rim",17766
78.4,721.304,-17.38,-122.34,-49.67,3.994,-10.77,-3.24,0.03,0.35,2.4628,11.93,156785.08,8.02,91.35,11.913,-0,-0.9999,128.86,122.48,142.62,24.97,Cornering,"Hoosier 43075 16x7.5-10 R20, 7 inch rim",17767
78.43,721.314,-17.38,-122.9,-50.09,3.982,-12.3,-2.16,0.03,0.3469,2.4536,11.96,156946.89,8.02,91.35,11.884,-0,-0.9999,128.81,122.37,142.93,25,Cornering,"Hoosier 43075 16x7.5-10 R20, 7 inch rim",17768
78.41,721.324,-14.67,-123.18,-51.63,3.996,-12.51,1.47,0.09,0.2842,2.3856,12.03,43488.64,8.02,91.33,11.837,-0,-0.9998,128.75,122.24,143.25,24.99,Cornering,"Hoosier 43075 16x7.5-10 R20, 7 inch rim",17769
78.4,721.334,-9.28,-122.06,-51.85,3.991,-12.71,7.18,0.09,0.1791,2.3541,12.09,43464.64,8.02,91.33,11.797,-0,-0.9998,128.66,122.22,143.55,24.97,Cornering,"Hoosier 43075 16x7.5-10 R20, 7 inch rim",17770
78.42,721.344,-4.25,-120.29,-52.21,3.985,-11.37,11.89,0.03,0.0815,2.3042,12.11,156884.42,8.02,91.34,11.737,-0,-0.9999,128.64,122.15,143.73,24.97,Cornering,"Hoosier 43075 16x7.5-10 R20, 7 inch rim",17771
78.43,721.354,-0.97,-119.07,-51.99,3.988,-10.4,14.7,0.09,0.0187,2.29,12.06,43482.2,8.02,91.33,11.684,-0,-0.9998,128.7,122.15,143.85,24.97,Cornering,"Hoosier 43075 16x7.5-10 R20, 7 inch rim",17772
78.39,721.364,1.35,-118.25,-51.15,4.003,-9.37,16.84,0.09,-0.0263,2.3117,12,43490.14,8.01,91.29,11.632,-0,-0.9998,128.73,122.19,143.88,24.97,Cornering,"Hoosier 43075 16x7.5-10 R20, 7 inch rim",17773
78.4,721.374,2.68,-118.81,-49.55,4.001,-9.57,18.59,0.09,-0.0541,2.3976,11.95,43536.46,8.02,91.28,11.594,-0,-0.9998,128.73,122.24,143.79,25,Cornering,"Hoosier 43075 16x7.5-10 R20, 7 inch rim",17774
78.43,721.384,4.19,-119.92,-49.14,4.001,-8.65,21.33,0.09,-0.0853,2.4403,11.94,43553.79,8.01,91.27,11.546,-0,-0.9998,128.75,122.33,143.75,25,Cornering,"Hoosier 43075 16x7.5-10 R20, 7 inch rim",17775
78.41,721.394,5.5,-121.2,-48.02,3.991,-9.07,24.59,0.03,-0.1145,2.524,11.98,157123.11,8.02,91.33,11.504,-0,-0.9999,128.81,122.44,143.67,24.99,Cornering,"Hoosier 43075 16x7.5-10 R20, 7 inch rim",17776
78.39,721.404,6.18,-122.74,-48.34,3.993,-9.17,27.35,0.03,-0.1279,2.5393,12.08,157186.23,8.02,91.38,11.455,-0,-0.9999,128.92,122.55,143.65,25,Cornering,"Hoosier 43075 16x7.5-10 R20, 7 inch rim",17777
78.41,721.414,4.8,-124.75,-48.39,3.985,-10.95,27.83,0.03,-0.0992,2.5781,12.15,157202.66,8.02,91.36,11.425,-0,-0.9999,129.01,122.61,143.69,25,Cornering,"Hoosier 43075 16x7.5-10 R20, 7 inch rim",17778
78.42,721.424,3.37,-126.29,-49.41,3.996,-11.53,27.65,0.09,-0.0681,2.5558,12.17,43567.16,8.02,91.37,11.392,-0,-0.9998,129.03,122.52,143.92,25,Cornering,"Hoosier 43075 16x7.5-10 R20, 7 inch rim",17779
78.39,721.434,2.19,-127.32,-50.57,3.997,-12.22,26.99,0.09,-0.0432,2.5178,12.14,43584.37,8.02,91.39,11.345,-0,-0.9998,129.01,122.39,144.2,25,Cornering,"Hoosier 43075 16x7.5-10 R20, 7 inch rim",17780
78.4,721.444,1.88,-126.73,-51.54,3.984,-11.94,26.02,0.09,-0.0365,2.4588,12.06,43590.59,8.02,91.39,11.303,-0,-0.9998,128.94,122.26,144.52,25,Cornering,"Hoosier 43075 16x7.5-10 R20, 7 inch rim",17781
78.42,721.454,2.91,-124.67,-52.38,3.991,-10.66,25.65,0.09,-0.0555,2.3803,11.97,43596.57,8.02,91.41,11.263,-0,-0.9998,128.94,122.15,144.72,25,Cornering,"Hoosier 43075 16x7.5-10 R20, 7 inch rim",17782
78.41,721.464,4.28,-121.91,-52.23,3.998,-9.55,25.14,0.09,-0.0819,2.334,11.95,43590.94,8.02,91.41,11.233,-0,-0.9998,128.94,122.11,144.82,25,Cornering,"Hoosier 43075 16x7.5-10 R20, 7 inch rim",17783
78.39,721.474,5.29,-120.42,-51.18,3.998,-9.66,24.23,-0.04,-0.1034,2.3526,12,-97836.16,8.02,91.44,11.216,-0,-1.0001,129.03,122.11,144.78,25.01,Cornering,"Hoosier 43075 16x7.5-10 R20, 7 inch rim",17784
78.4,721.484,5.32,-119.81,-49.79,3.984,-9.85,22.64,0.23,-0.1069,2.4064,12.07,17835.93,8.02,91.45,11.154,-0,-0.9996,129.03,122.17,144.74,25.01,Cornering,"Hoosier 43075 16x7.5-10 R20, 7 inch rim",17785
78.43,721.494,4.23,-120.15,-49.85,3.993,-8.61,20.9,-0.04,-0.0849,2.4101,12.15,-97885.45,8.02,91.47,11.136,-0,-1.0001,129.03,122.26,144.6,25.01,Cornering,"Hoosier 43075 16x7.5-10 R20, 7 inch rim",17786
78.4,721.504,2.51,-120.99,-48.85,3.993,-9.01,19.19,0.03,-0.0514,2.4766,12.19,157485.39,8.02,91.48,11.103,-0,-0.9999,129.07,122.35,144.52,25.01,Cornering,"Hoosier 43075 16x7.5-10 R20, 7 inch rim",17787
78.4,721.514,0.87,-122.09,-48.43,3.99,-9.68,18.1,0.16,-0.018,2.521,12.19,25320.64,8.02,91.5,11.073,-0,-0.9997,129.18,122.48,144.4,25,Cornering,"Hoosier 43075 16x7.5-10 R20, 7 inch rim",17788
78.42,721.524,-1.25,-122.83,-48.36,3.978,-10.05,17.16,0.09,0.0258,2.5396,12.11,43599.61,8.02,91.48,11.037,-0,-0.9998,129.28,122.5,144.4,24.98,Cornering,"Hoosier 43075 16x7.5-10 R20, 7 inch rim",17789
78.42,721.534,-3.46,-123.31,-49.44,3.997,-10.05,16.01,0.03,0.07,2.4942,12.03,157246.28,8.02,91.45,11.002,-0,-0.9999,129.35,122.5,144.46,24.97,Cornering,"Hoosier 43075 16x7.5-10 R20, 7 inch rim",17790
78.39,721.544,-5,-123.24,-50.32,3.993,-10.53,15.12,0.03,0.0994,2.4492,11.95,157229.27,8.02,91.39,10.965,-0,-0.9999,129.31,122.44,144.7,24.96,Cornering,"Hoosier 43075 16x7.5-10 R20, 7 inch rim",17791
78.4,721.554,-5.87,-122.57,-51.17,3.993,-10.39,14.09,-0.04,0.1148,2.3952,11.96,-97704.25,8.02,91.37,10.926,-0,-1.0001,129.31,122.28,144.93,24.95,Cornering,"Hoosier 43075 16x7.5-10 R20, 7 inch rim",17792
78.43,721.564,-5.75,-121.41,-51.69,3.985,-10.15,13.34,0.09,0.1112,2.3488,11.99,43571.83,8.02,91.36,10.879,-0,-0.9998,129.26,122.19,145.23,24.96,Cornering,"Hoosier 43075 16x7.5-10 R20, 7 inch rim",17793
78.4,721.574,-4.43,-120.47,-51.98,3.988,-9.77,13.34,0.09,0.0853,2.3177,12.08,43585.86,8.02,91.35,10.852,-0,-0.9998,129.31,122.13,145.41,24.96,Cornering,"Hoosier 43075 16x7.5-10 R20, 7 inch rim",17794
78.38,721.584,-3.38,-119.81,-51.8,3.979,-9.33,12.61,0.03,0.0652,2.3128,12.13,157281.09,8.02,91.33,10.795,-0,-0.9999,129.26,122.13,145.43,24.96,Cornering,"Hoosier 43075 16x7.5-10 R20, 7 inch rim",17795
78.41,721.594,-1.9,-119.75,-51.13,3.991,-9.54,12.79,0.09,0.0371,2.342,12.08,43557.83,8.02,91.33,10.765,-0,-0.9998,129.28,122.11,145.37,24.94,Cornering,"Hoosier 43075 16x7.5-10 R20, 7 inch rim",17796
78.41,721.604,-1.19,-120.79,-50,3.998,-10.3,12.87,0.09,0.0237,2.4156,12.03,43545.49,8.02,91.34,10.709,-0,-0.9998,129.35,122.15,145.31,24.93,Cornering,"Hoosier 43075 16x7.5-10 R20, 7 inch rim",17797
78.39,721.614,-1.12,-121.43,-49.36,3.993,-10.48,13.3,-0.04,0.0228,2.4602,11.95,-97741.7,8.02,91.31,10.667,-0,-1.0001,129.28,122.22,145.27,24.94,Cornering,"Hoosier 43075 16x7.5-10 R20, 7 inch rim",17798
78.4,721.624,-0.87,-122.23,-48.68,3.988,-10.74,14.92,0.09,0.0178,2.5107,11.95,43566.9,8.02,91.3,10.629,-0,-0.9998,129.39,122.28,145.13,24.93,Cornering,"Hoosier 43075 16x7.5-10 R20, 7 inch rim",17799
78.42,721.634,-0.93,-122.68,-48.78,3.987,-10.01,16.86,0.03,0.019,2.5148,11.99,157310.88,8.02,91.29,10.593,-0,-0.9999,129.5,122.41,145.09,24.94,Cornering,"Hoosier 43075 16x7.5-10 R20, 7 inch rim",17800
78.4,721.644,-0.91,-122.5,-48.64,3.979,-9.51,19.1,0.09,0.0188,2.5184,12.07,43621.21,8.02,91.27,10.53,-0,-0.9998,129.58,122.52,145.05,24.96,Cornering,"Hoosier 43075 16x7.5-10 R20, 7 inch rim",17801
78.39,721.654,-0.8,-122.97,-48.95,3.982,-9.64,21.4,0.09,0.0163,2.5124,12.15,43666.71,8.02,91.25,10.494,-0,-0.9998,129.54,122.52,145.15,24.98,Cornering,"Hoosier 43075 16x7.5-10 R20, 7 inch rim",17802
78.41,721.664,-0.61,-123.71,-50.02,3.988,-9.86,22.92,0.16,0.0121,2.4734,12.16,25359.77,8.02,91.19,10.457,-0,-0.9997,129.48,122.35,145.37,24.99,Cornering,"Hoosier 43075 16x7.5-10 R20, 7 inch rim",17803
78.42,721.674,0.48,-124.45,-51.3,3.996,-10.03,24.22,0.16,-0.0093,2.4259,12.13,25374.98,8.02,91.13,10.414,-0,-0.9997,129.43,122.28,145.61,25,Cornering,"Hoosier 43075 16x7.5-10 R20, 7 inch rim",17804
78.39,721.684,1.29,-123.8,-51.78,3.997,-9.96,24.18,0.09,-0.025,2.3909,12.06,43742.94,8.02,91.1,10.382,-0,-0.9998,129.41,122.17,145.84,25.01,Cornering,"Hoosier 43075 16x7.5-10 R20, 7 inch rim",17805
78.39,721.694,2.79,-123.11,-52.35,3.99,-10.14,24.18,0.03,-0.0534,2.3518,12,157947.95,8.02,91.1,10.342,-0,-0.9999,129.39,122.13,145.92,25.03,Cornering,"Hoosier 43075 16x7.5-10 R20, 7 inch rim",17806
78.42,721.704,4.37,-122.39,-51.71,3.994,-10.91,24.05,0.09,-0.0844,2.3668,11.97,43795.83,8.02,91.1,10.292,-0,-0.9998,129.43,122.19,145.9,25.04,Cornering,"Hoosier 43075 16x7.5-10 R20, 7 inch rim",17807
78.4,721.714,5.26,-121.72,-51.36,3.979,-10.57,23.47,-0.04,-0.1024,2.3699,11.99,-98324.31,8.02,91.13,10.255,-0,-1.0001,129.5,122.13,145.79,25.05,Cornering,"Hoosier 43075 16x7.5-10 R20, 7 inch rim",17808
78.38,721.724,5.03,-121.83,-50.12,3.987,-11.01,22.43,0.09,-0.1004,2.4306,12.06,43866.6,8.02,91.15,10.219,-0,-0.9998,129.54,122.17,145.71,25.07,Cornering,"Hoosier 43075 16x7.5-10 R20, 7 inch rim",17809
78.4,721.734,3.61,-121.72,-49.99,3.997,-9.46,21.04,0.09,-0.0723,2.435,12.14,43859.75,8.02,91.18,10.195,-0,-0.9998,129.65,122.28,145.59,25.07,Cornering,"Hoosier 43075 16x7.5-10 R20, 7 inch rim",17810
78.43,721.744,1.65,-121.28,-48.85,3.988,-9.33,19.61,0.03,-0.0338,2.4827,12.21,158368.53,8.02,91.2,10.156,-0,-0.9999,129.69,122.39,145.45,25.08,Cornering,"Hoosier 43075 16x7.5-10 R20, 7 inch rim",17811
78.39,721.754,-0.19,-121.02,-48.67,3.997,-8.39,18.84,0.03,0.004,2.4868,12.18,158240.16,8.02,91.2,10.119,-0,-0.9999,129.78,122.48,145.39,25.05,Cornering,"Hoosier 43075 16x7.5-10 R20, 7 inch rim",17812
78.39,721.764,-1.82,-121.3,-48.96,3.994,-8.3,18.26,0.09,0.0372,2.4773,12.09,43803.75,8.02,91.21,10.083,-0,-0.9998,129.82,122.55,145.45,25.03,Cornering,"Hoosier 43075 16x7.5-10 R20, 7 inch rim",17813
78.42,721.774,-3.6,-121.82,-49.84,3.984,-8.41,17.2,0.03,0.0722,2.4444,12,158055.67,8.02,91.23,10.046,-0,-0.9999,129.8,122.52,145.57,25.02,Cornering,"Hoosier 43075 16x7.5-10 R20, 7 inch rim",17814
78.41,721.784,-4.86,-122.72,-51.11,3.994,-8.63,15.93,0.09,0.0951,2.4012,11.92,43783.39,8.02,91.26,10.007,-0,-0.9998,129.71,122.41,145.79,25.01,Cornering,"Hoosier 43075 16x7.5-10 R20, 7 inch rim",17815
78.38,721.794,-5.03,-123.46,-51.77,3.993,-10.28,14.94,0.03,0.0971,2.3848,11.91,157986.83,8.02,91.27,9.96,-0,-0.9999,129.56,122.28,146.02,25,Cornering,"Hoosier 43075 16x7.5-10 R20, 7 inch rim",17816
78.4,721.804,-4.23,-123.15,-52.22,3.997,-11.01,14.1,0.09,0.0809,2.3582,11.96,43784.19,8.02,91.3,9.924,-0,-0.9998,129.5,122.17,146.14,25,Cornering,"Hoosier 43075 16x7.5-10 R20, 7 inch rim",17817
78.42,721.814,-2.85,-122.24,-51.81,3.997,-11.79,13.89,0.09,0.0549,2.3595,12.05,43769.7,8.02,91.3,9.88,-0,-0.9998,129.48,122.19,146.14,24.99,Cornering,"Hoosier 43075 16x7.5-10 R20, 7 inch rim",17818
78.39,721.824,-1.55,-121.44,-51.35,3.987,-11.71,13.63,0.09,0.0302,2.3649,12.11,43754.06,8.02,91.29,9.844,-0,-0.9998,129.54,122.19,146.1,24.98,Cornering,"Hoosier 43075 16x7.5-10 R20, 7 inch rim",17819
78.39,721.834,-0.4,-120.89,-50.74,3.994,-11.06,14.16,0.09,0.0079,2.3825,12.08,43759.26,8.02,91.27,9.804,-0,-0.9998,129.63,122.22,146.02,24.98,Cornering,"Hoosier 43075 16x7.5-10 R20, 7 inch rim",17820
78.41,721.844,0.03,-120.63,-50.18,4,-10.12,15,0.09,-0.0006,2.4041,12.01,43745.24,8.02,91.29,9.755,-0,-0.9998,129.65,122.24,145.94,24.97,Cornering,"Hoosier 43075 16x7.5-10 R20, 7 inch rim",17821
78.4,721.854,0.07,-119.89,-49.37,3.998,-8.73,16.04,-0.04,-0.0014,2.4283,11.97,-98190.41,8.02,91.29,9.708,-0,-1.0001,129.73,122.37,145.77,24.98,Cornering,"Hoosier 43075 16x7.5-10 R20, 7 inch rim",17822
78.39,721.864,0.44,-120.08,-48.38,3.991,-8.88,18.18,0.09,-0.009,2.4822,11.95,43776.75,8.02,91.35,9.668,-0,-0.9998,129.86,122.44,145.63,24.98,Cornering,"Hoosier 43075 16x7.5-10 R20, 7 inch rim",17823
78.4,721.874,-0.31,-120.2,-49.2,3.997,-7.65,19.47,0.09,0.0064,2.4433,11.97,43782.41,8.02,91.41,9.624,-0,-0.9998,129.97,122.55,145.57,24.98,Cornering,"Hoosier 43075 16x7.5-10 R20, 7 inch rim",17824
78.42,721.884,-0.84,-120.97,-49.58,3.998,-8.32,20.7,-0.04,0.0169,2.4399,12.05,-98271.98,8.02,91.42,9.582,-0,-1.0001,129.91,122.52,145.61,24.99,Cornering,"Hoosier 43075 16x7.5-10 R20, 7 inch rim",17825
78.4,721.894,-0.92,-122.03,-50.43,4.001,-9.47,21.83,-0.04,0.0182,2.4199,12.11,-98194.2,8.02,91.4,9.535,-0,-1.0001,129.8,122.37,145.84,24.97,Cornering,"Hoosier 43075 16x7.5-10 R20, 7 inch rim",17826
78.38,721.904,-0.24,-123.03,-51.46,3.993,-10.53,22.78,0.09,0.0047,2.3907,12.15,43738.59,8.02,91.35,9.487,-0,-0.9998,129.65,122.26,146.06,24.94,Cornering,"Hoosier 43075 16x7.5-10 R20, 7 inch rim",17827
78.4,721.914,0.98,-123.3,-52.56,3.998,-11.2,23.38,0.03,-0.0186,2.346,12.14,157856.03,8.02,91.3,9.45,-0,-0.9999,129.54,122.13,146.28,24.94,Cornering,"Hoosier 43075 16x7.5-10 R20, 7 inch rim",17828
78.42,721.924,2.7,-122.4,-52.15,3.998,-12.01,23.65,0.03,-0.0517,2.3473,12.07,157872.75,8.02,91.24,9.413,-0,-0.9999,129.5,122.06,146.34,24.94,Cornering,"Hoosier 43075 16x7.5-10 R20, 7 inch rim",17829
78.39,721.934,4.02,-121.47,-52,3.997,-12.25,23.33,0.16,-0.0772,2.3359,11.99,25394.08,8.02,91.22,9.386,-0,-0.9997,129.5,122.08,146.3,24.94,Cornering,"Hoosier 43075 16x7.5-10 R20, 7 inch rim",17830
78.4,721.944,4.19,-120.08,-51.7,3.998,-10.75,22.25,0.09,-0.081,2.3225,11.94,43746.03,8.02,91.23,9.346,-0,-0.9998,129.56,122.08,146.22,24.94,Cornering,"Hoosier 43075 16x7.5-10 R20, 7 inch rim",17831
78.42,721.954,3.99,-119.74,-51.09,3.987,-9.57,21.34,0.09,-0.0781,2.3437,11.97,43762.35,8.02,91.25,9.296,-0,-0.9998,129.58,122.17,146.1,24.94,Cornering,"Hoosier 43075 16x7.5-10 R20, 7 inch rim",17832
78.4,721.964,3.09,-119.16,-50.21,3.985,-8.67,20.43,0.09,-0.0615,2.3733,12.04,43796.36,8.02,91.27,9.267,-0,-0.9998,129.65,122.26,146,24.96,Cornering,"Hoosier 43075 16x7.5-10 R20, 7 inch rim",17833
78.39,721.974,1.44,-118.94,-49.13,3.991,-8.06,19.66,0.09,-0.0292,2.421,12.13,43822.12,8.02,91.29,9.223,-0,-0.9998,129.78,122.35,145.86,24.97,Cornering,"Hoosier 43075 16x7.5-10 R20, 7 inch rim",17834
78.41,721.984,0.23,-119.06,-49.13,3.984,-7.47,19.89,-0.04,-0.0047,2.4233,12.17,-98382.66,8.02,91.27,9.184,-0,-1.0001,129.82,122.39,145.73,24.99,Cornering,"Hoosier 43075 16x7.5-10 R20, 7 inch rim",17835
78.41,721.994,-1.73,-119.92,-49.2,4,-8.37,19.19,0.09,0.0352,2.4375,12.14,43858.72,8.02,91.24,9.172,-0,-0.9998,129.91,122.41,145.77,24.99,Cornering,"Hoosier 43075 16x7.5-10 R20, 7 inch rim",17836
78.38,722.004,-3.32,-121.07,-49.65,3.985,-9.63,18.48,0.03,0.067,2.4384,12.08,158257.91,8.02,91.25,9.122,-0,-0.9999,129.84,122.41,145.86,24.98,Cornering,"Hoosier 43075 16x7.5-10 R20, 7 inch rim",17837
78.39,722.014,-4.34,-122.4,-51.21,3.988,-10.61,17.64,0.09,0.0848,2.39,11.98,43878.22,8.02,91.3,9.095,-0,-0.9998,129.78,122.28,146.08,25,Cornering,"Hoosier 43075 16x7.5-10 R20, 7 inch rim",17838
78.42,722.024,-4.6,-123.08,-52.37,3.984,-11.1,16.63,0.03,0.0878,2.3501,11.96,158324.98,8.02,91.29,9.052,-0,-0.9999,129.67,122.15,146.28,24.99,Cornering,"Hoosier 43075 16x7.5-10 R20, 7 inch rim",17839
78.4,722.034,-3.99,-122.65,-52.47,3.991,-11.84,15.77,-0.04,0.0761,2.3376,11.95,-98430.49,8.02,91.29,9.006,-0,-1.0001,129.67,122.04,146.42,24.99,Cornering,"Hoosier 43075 16x7.5-10 R20, 7 inch rim",17840
78.39,722.044,-2.85,-121.61,-52.47,4.003,-11.73,15.13,0.03,0.0543,2.3177,12,158328.2,8.02,91.26,8.959,-0,-0.9999,129.65,122.02,146.46,24.98,Cornering,"Hoosier 43075 16x7.5-10 R20, 7 inch rim",17841
78.4,722.054,-1.56,-120.16,-52.26,3.991,-10.63,14.86,0.03,0.0299,2.2992,12.08,158307.33,8.02,91.26,8.922,-0,-0.9999,129.67,122,146.42,24.98,Cornering,"Hoosier 43075 16x7.5-10 R20, 7 inch rim",17842
78.42,722.064,-0.53,-118.96,-51.34,3.99,-9.97,15.09,0.16,0.0104,2.3169,12.08,25464.75,8.02,91.24,8.882,-0,-0.9997,129.76,122.04,146.26,24.98,Cornering,"Hoosier 43075 16x7.5-10 R20, 7 inch rim",17843
78.39,722.074,0.45,-118.37,-50.62,3.988,-8.91,16.04,0.03,-0.009,2.3383,12.04,158193.05,8.02,91.23,8.845,-0,-0.9999,129.78,122.08,146.16,24.96,Cornering,"Hoosier 43075 16x7.5-10 R20, 7 inch rim",17844
78.39,722.084,0.75,-118.61,-50.1,4,-8.49,17.3,0.03,-0.015,2.3675,11.97,158174.33,8.02,91.24,8.802,-0,-0.9999,129.88,122.24,145.98,24.95,Cornering,"Hoosier 43075 16x7.5-10 R20, 7 inch rim",17845
78.42,722.094,0.69,-118.61,-49.21,3.988,-8.2,18.9,0.03,-0.014,2.41,11.91,158159.09,8.02,91.21,8.75,-0,-0.9999,130.06,122.3,145.84,24.94,Cornering,"Hoosier 43075 16x7.5-10 R20, 7 inch rim",17846
78.41,722.104,-0.48,-119.89,-49.1,3.991,-9.51,19.37,0.03,0.0098,2.4417,11.92,158248.06,8.02,91.18,8.713,-0,-0.9999,130.16,122.41,145.75,24.96,Cornering,"Hoosier 43075 16x7.5-10 R20, 7 inch rim",17847
78.38,722.114,-1.1,-120.96,-49.64,3.993,-10.24,20.58,0.09,0.0221,2.4368,11.97,43865.5,8.02,91.16,8.683,-0,-0.9998,130.16,122.37,145.82,24.96,Cornering,"Hoosier 43075 16x7.5-10 R20, 7 inch rim",17848
78.4,722.124,-1.46,-122.06,-50.34,4.001,-11.55,21.66,0.09,0.0291,2.4247,12.05,43913.11,8.02,91.16,8.623,-0,-0.9998,130.1,122.28,145.92,24.98,Cornering,"Hoosier 43075 16x7.5-10 R20, 7 inch rim",17849
78.42,722.134,-1.22,-123.02,-51.33,3.985,-12.44,22.07,0.09,0.0237,2.3967,12.11,43909.42,8.02,91.18,8.565,-0,-0.9998,130.01,122.13,146.1,24.98,Cornering,"Hoosier 43075 16x7.5-10 R20, 7 inch rim",17850
78.4,722.144,-0.16,-122.19,-52.54,3.991,-12.02,22.54,0.09,0.0031,2.3257,12.13,43912.49,8.02,91.17,8.538,-0,-0.9998,129.93,122.06,146.26,24.98,Cornering,"Hoosier 43075 16x7.5-10 R20, 7 inch rim",17851
78.39,722.154,1.49,-120.67,-52.36,3.998,-11.7,22.72,0.16,-0.0285,2.3048,12.09,25459.96,8.02,91.16,8.51,-0,-0.9997,129.84,122.08,146.32,24.95,Cornering,"Hoosier 43075 16x7.5-10 R20, 7 inch rim",17852
78.4,722.164,2.83,-118.33,-52.16,3.996,-10.79,22.59,0.03,-0.0542,2.2687,12.03,158271.05,8.02,91.2,8.477,-0,-0.9999,129.82,122.02,146.26,24.94,Cornering,"Hoosier 43075 16x7.5-10 R20, 7 inch rim",17853
78.41,722.174,3.61,-116.94,-51.29,3.988,-10.15,22.01,0.09,-0.0705,2.2801,11.97,43854.27,8.02,91.23,8.421,-0,-0.9998,129.93,122.06,146.16,24.94,Cornering,"Hoosier 43075 16x7.5-10 R20, 7 inch rim",17854
78.38,722.184,3.66,-116.52,-50.62,3.99,-9.39,21.31,0.03,-0.0723,2.302,11.94,158308.91,8.02,91.24,8.382,-0,-0.9999,129.95,122.11,146.02,24.94,Cornering,"Hoosier 43075 16x7.5-10 R20, 7 inch rim",17855
78.4,722.194,2.89,-116.73,-49.76,3.991,-9.19,20.65,-0.04,-0.0581,2.3458,11.99,-98527.19,8.02,91.28,8.363,-0,-1.0001,130.01,122.19,145.88,24.97,Cornering,"Hoosier 43075 16x7.5-10 R20, 7 inch rim",17856
78.42,722.204,1.96,-117.65,-49.39,3.984,-9.18,20.42,0.03,-0.0397,2.3819,12.06,158562.58,8.02,91.25,8.299,-0,-0.9999,130.1,122.33,145.69,24.98,Cornering,"Hoosier 43075 16x7.5-10 R20, 7 inch rim",17857
78.4,722.214,0.56,-118.63,-48.96,3.987,-9.71,20.12,0.03,-0.0114,2.4229,12.14,158647.45,8.02,91.23,8.27,-0,-0.9999,130.23,122.37,145.55,24.99,Cornering,"Hoosier 43075 16x7.5-10 R20, 7 inch rim",17858
78.38,722.224,-0.73,-119.83,-49.48,3.982,-10.41,20.34,0.03,0.0148,2.4219,12.19,158474.7,8.02,91.2,8.242,-0,-0.9999,130.31,122.44,145.53,24.96,Cornering,"Hoosier 43075 16x7.5-10 R20, 7 inch rim",17859
78.41,722.234,-1.67,-121.11,-50.2,3.998,-11.09,20.48,0.09,0.0333,2.4125,12.15,43898.93,8.02,91.19,8.199,-0,-0.9998,130.25,122.41,145.59,24.95,Cornering,"Hoosier 43075 16x7.5-10 R20, 7 inch rim",17860
78.41,722.244,-3.04,-122.07,-51.43,3.987,-11.36,19.73,0.09,0.0591,2.3735,12.08,43883.16,8.02,91.2,8.156,-0,-0.9998,130.14,122.26,145.77,24.94,Cornering,"Hoosier 43075 16x7.5-10 R20, 7 inch rim",17861
78.38,722.254,-3.55,-122.07,-52.08,3.994,-11.58,18.61,0.03,0.0682,2.344,11.99,158301.17,8.02,91.21,8.12,-0,-0.9999,130.01,122.13,145.88,24.93,Cornering,"Hoosier 43075 16x7.5-10 R20, 7 inch rim",17862
78.4,722.264,-3.32,-121.19,-52.83,3.985,-10.85,17.59,0.09,0.0629,2.294,11.96,43889.89,8.02,91.22,8.093,-0,-0.9998,129.93,122.04,145.98,24.94,Cornering,"Hoosier 43075 16x7.5-10 R20, 7 inch rim",17863
78.41,722.274,-2.22,-119.47,-52.76,3.984,-10.07,17.01,0.09,0.0421,2.2644,11.98,43886.37,8.02,91.2,8.03,-0,-0.9998,129.86,121.93,145.96,24.93,Cornering,"Hoosier 43075 16x7.5-10 R20, 7 inch rim",17864
78.4,722.284,-1.37,-118.16,-52.23,3.997,-9.99,16.31,0.03,0.0261,2.2624,12.07,158378.02,8.02,91.19,8.016,-0,-0.9999,129.88,121.86,145.88,24.93,Cornering,"Hoosier 43075 16x7.5-10 R20, 7 inch rim",17865
78.38,722.294,-0.34,-117.47,-51.87,3.978,-9.65,16.5,0.03,0.0065,2.2648,12.11,158393.77,8.02,91.22,7.974,-0,-0.9999,129.86,121.8,145.73,24.93,Cornering,"Hoosier 43075 16x7.5-10 R20, 7 inch rim",17866
78.4,722.304,0.42,-117.62,-50.99,3.997,-9.98,17.05,0.09,-0.0082,2.3067,12.12,43938.16,8.02,91.24,7.925,-0,-0.9998,129.95,121.84,145.63,24.96,Cornering,"Hoosier 43075 16x7.5-10 R20, 7 inch rim",17867
78.42,722.314,0.41,-117.94,-50.51,3.994,-9.87,17.66,0.03,-0.0081,2.3351,12.08,158648.67,8.02,91.25,7.884,-0,-0.9999,130.01,121.91,145.51,24.97,Cornering,"Hoosier 43075 16x7.5-10 R20, 7 inch rim",17868
78.39,722.324,0.41,-118.43,-49.73,3.987,-10.29,19.1,0.09,-0.0083,2.3815,11.99,43956.54,8.02,91.25,7.847,-0,-0.9998,130.21,121.91,145.31,24.96,Cornering,"Hoosier 43075 16x7.5-10 R20, 7 inch rim",17869
78.38,722.334,-0.38,-119.08,-49.48,3.988,-10.62,19.93,0.09,0.0078,2.4067,11.94,43972.49,8.02,91.25,7.791,-0,-0.9998,130.38,121.89,145.21,24.97,Cornering,"Hoosier 43075 16x7.5-10 R20, 7 inch rim",17870
78.42,722.344,-1.5,-119.49,-50.6,3.991,-10.04,20.52,0.09,0.0296,2.3617,11.89,43987.24,8.02,91.25,7.746,-0,-0.9998,130.4,121.84,145.21,24.97,Cornering,"Hoosier 43075 16x7.5-10 R20, 7 inch rim",17871
78.41,722.354,-1.9,-120.13,-50.69,3.993,-10.94,21.38,0.09,0.0374,2.37,11.92,44020.2,8.02,91.24,7.723,-0,-0.9998,130.36,121.75,145.37,24.99,Cornering,"Hoosier 43075 16x7.5-10 R20, 7 inch rim",17872
78.38,722.364,-2.15,-120.23,-52,3.998,-10.84,21.54,0.09,0.0414,2.3122,11.97,44076.48,8.02,91.22,7.672,-0,-0.9998,130.19,121.53,145.55,25.02,Cornering,"Hoosier 43075 16x7.5-10 R20, 7 inch rim",17873
78.4,722.374,-1.25,-119.85,-52.85,3.997,-10.88,21.83,0.03,0.0237,2.268,12.08,159035.83,8.02,91.2,7.633,-0,-0.9999,130.12,121.36,145.71,25.01,Cornering,"Hoosier 43075 16x7.5-10 R20, 7 inch rim",17874
78.42,722.384,0.06,-118.36,-53.14,3.982,-10.31,21.74,0.16,-0.0012,2.2274,12.14,25570.17,8.02,91.17,7.585,-0,-0.9997,130.06,121.25,145.77,25,Cornering,"Hoosier 43075 16x7.5-10 R20, 7 inch rim",17875
78.39,722.394,1.78,-117.17,-52.69,3.987,-10.68,22.03,0.09,-0.0337,2.2238,12.13,44017.91,8.02,91.12,7.543,-0,-0.9998,130.04,121.29,145.73,24.98,Cornering,"Hoosier 43075 16x7.5-10 R20, 7 inch rim",17876
78.39,722.404,3.07,-116.44,-52.74,4,-10.18,21.88,0.03,-0.0582,2.208,12.08,158746.88,8.02,91.07,7.514,-0,-0.9999,130.06,121.31,145.61,24.96,Cornering,"Hoosier 43075 16x7.5-10 R20, 7 inch rim",17877
78.42,722.414,3.02,-116.65,-51.89,3.998,-10.78,21.15,0.09,-0.0583,2.2478,12,43983.98,8.02,91.05,7.473,-0,-0.9998,130.12,121.4,145.43,24.96,Cornering,"Hoosier 43075 16x7.5-10 R20, 7 inch rim",17878
78.41,722.424,3.03,-116.36,-51.16,3.996,-9.94,21.14,0.03,-0.0591,2.2744,11.96,158815.22,8.02,91.05,7.426,-0,-0.9999,130.08,121.47,145.27,24.97,Cornering,"Hoosier 43075 16x7.5-10 R20, 7 inch rim",17879
78.38,722.434,2.19,-116.83,-50.6,3.99,-9.6,20.94,0.09,-0.0432,2.3089,11.99,44052.7,8.02,91.07,7.397,-0,-0.9998,130.1,121.62,145.09,24.99,Cornering,"Hoosier 43075 16x7.5-10 R20, 7 inch rim",17880
78.4,722.444,0.95,-116.69,-50.11,3.985,-9.15,20.97,0.09,-0.019,2.3288,12.07,44087.52,8.02,91.08,7.354,-0,-0.9998,130.27,121.73,144.97,25.01,Cornering,"Hoosier 43075 16x7.5-10 R20, 7 inch rim",17881
78.42,722.454,-0.37,-117.02,-50.06,3.99,-9.27,20.98,0.16,0.0074,2.3376,12.16,25585.42,8.02,91.1,7.317,-0,-0.9997,130.25,121.82,144.91,25,Cornering,"Hoosier 43075 16x7.5-10 R20, 7 inch rim",17882
78.39,722.464,-1.85,-117.45,-50.44,3.984,-9.69,20.81,-0.04,0.0367,2.3284,12.2,-98847.58,8.02,91.11,7.274,-0,-1.0001,130.27,121.8,144.95,24.99,Cornering,"Hoosier 43075 16x7.5-10 R20, 7 inch rim",17883
78.38,722.474,-2.76,-118.36,-51.44,3.993,-10.46,20.55,0.09,0.0536,2.3011,12.18,44068.27,8.02,91.13,7.235,-0,-0.9998,130.12,121.75,145.03,24.99,Cornering,"Hoosier 43075 16x7.5-10 R20, 7 inch rim",17884
78.41,722.484,-2.59,-118.95,-52.27,3.994,-11.1,20.38,0.09,0.0496,2.2756,12.13,44030.11,8.02,91.12,7.207,-0,-0.9998,130.01,121.62,145.17,24.97,Cornering,"Hoosier 43075 16x7.5-10 R20, 7 inch rim",17885
78.41,722.494,-2.29,-118.75,-52.76,3.991,-11.33,19.5,-0.04,0.0434,2.2508,12.06,-98734.08,8.02,91.12,7.161,-0,-1.0001,129.99,121.6,145.31,24.96,Cornering,"Hoosier 43075 16x7.5-10 R20, 7 inch rim",17886
78.38,722.504,-1.49,-117.96,-53.23,3.997,-10.97,18.67,0.09,0.0281,2.2162,12,44028.64,8.02,91.13,7.113,-0,-0.9998,130.01,121.56,145.33,24.96,Cornering,"Hoosier 43075 16x7.5-10 R20, 7 inch rim",17887
78.4,722.514,-0.82,-117.16,-53.19,3.993,-11,17.56,0.03,0.0153,2.2027,12,158897.03,8.02,91.13,7.081,-0,-0.9999,129.97,121.62,145.25,24.96,Cornering,"Hoosier 43075 16x7.5-10 R20, 7 inch rim",17888
78.43,722.524,-0.5,-115.95,-52.16,3.987,-10.67,16.89,-0.04,0.0095,2.2228,12.05,-98827.46,8.02,91.13,7.043,-0,-1.0001,130.04,121.73,145.15,24.97,Cornering,"Hoosier 43075 16x7.5-10 R20, 7 inch rim",17889
78.4,722.534,-0.03,-115.61,-52.19,3.984,-9.72,17,0.09,0.0005,2.2152,12.12,44059.84,8.02,91.11,6.998,-0,-0.9998,130.06,121.82,145.09,24.97,Cornering,"Hoosier 43075 16x7.5-10 R20, 7 inch rim",17890
78.39,722.544,0.18,-114.97,-50.86,3.994,-9.29,17.6,0.03,-0.0035,2.2606,12.17,159048.72,8.02,91.1,6.957,-0,-0.9999,130.1,121.97,144.97,24.98,Cornering,"Hoosier 43075 16x7.5-10 R20, 7 inch rim",17891
78.42,722.554,-0.01,-114.49,-50.36,3.985,-8.59,18.66,0.03,0.0001,2.2734,12.17,158989.02,8.02,91.11,6.914,-0,-0.9999,130.23,122.06,144.85,24.97,Cornering,"Hoosier 43075 16x7.5-10 R20, 7 inch rim",17892
78.43,722.564,-0.59,-114.86,-49.94,3.993,-8.82,19.79,-0.04,0.0119,2.3002,12.1,-98814.47,8.02,91.12,6.883,-0,-1.0001,130.36,122.19,144.74,24.96,Cornering,"Hoosier 43075 16x7.5-10 R20, 7 inch rim",17893
78.4,722.574,-1.49,-115.34,-50.31,3.998,-9.16,20.63,0.09,0.0297,2.2927,11.99,44053.82,8.02,91.14,6.839,-0,-0.9998,130.42,122.15,144.72,24.96,Cornering,"Hoosier 43075 16x7.5-10 R20, 7 inch rim",17894
78.4,722.584,-1.67,-116.54,-51,3.996,-10.59,21.73,0.03,0.0327,2.285,11.95,158951.94,8.02,91.15,6.801,-0,-0.9999,130.25,122.06,144.8,24.96,Cornering,"Hoosier 43075 16x7.5-10 R20, 7 inch rim",17895
78.43,722.594,-2.35,-117.37,-51.93,3.985,-11.13,21.31,0.09,0.0452,2.2602,11.95,44060.98,8.02,91.16,6.758,-0,-0.9998,130.19,121.97,144.95,24.96,Cornering,"Hoosier 43075 16x7.5-10 R20, 7 inch rim",17896
78.42,722.604,-1.87,-117.8,-52.95,3.99,-11.6,21.13,0.03,0.0353,2.2246,11.99,159053.73,8.02,91.14,6.714,-0,-0.9999,130.1,121.93,145.07,24.97,Cornering,"Hoosier 43075 16x7.5-10 R20, 7 inch rim",17897
78.4,722.614,-0.87,-116.9,-53.01,3.997,-11.89,20.85,0.03,0.0163,2.2052,12.06,159066.44,8.02,91.16,6.674,-0,-0.9999,130.06,121.82,145.15,24.97,Cornering,"Hoosier 43075 16x7.5-10 R20, 7 inch rim",17898
78.42,722.624,0.98,-115.65,-53.3,4.001,-11.32,21.06,0.03,-0.0184,2.1696,12.11,159115.55,8.02,91.16,6.635,-0,-0.9999,130.06,121.78,145.09,24.97,Cornering,"Hoosier 43075 16x7.5-10 R20, 7 inch rim",17899
78.44,722.634,1.89,-114.04,-52.17,3.975,-11.19,20.63,0.09,-0.0362,2.1861,12.11,44024.22,8.02,91.12,6.594,-0,-0.9998,130.1,121.75,144.97,24.93,Cornering,"Hoosier 43075 16x7.5-10 R20, 7 inch rim",17900
78.41,722.644,2.79,-113.06,-51.51,3.99,-10.84,20.99,0.09,-0.0541,2.1947,12.05,44017.32,8.02,91.1,6.555,-0,-0.9998,130.1,121.78,144.87,24.93,Cornering,"Hoosier 43075 16x7.5-10 R20, 7 inch rim",17901
78.41,722.654,2.82,-112.6,-50.96,3.985,-9.81,20.89,-0.04,-0.0554,2.2097,11.96,-98726.28,8.02,91.08,6.515,-0,-1.0001,130.08,121.82,144.72,24.92,Cornering,"Hoosier 43075 16x7.5-10 R20, 7 inch rim",17902
78.44,722.664,2.12,-112.06,-50.1,3.993,-9.1,21.18,0.16,-0.0423,2.2366,11.9,25552.27,8.02,91.08,6.479,-0,-0.9997,130.19,121.93,144.56,24.93,Cornering,"Hoosier 43075 16x7.5-10 R20, 7 inch rim",17903
78.44,722.674,1.32,-111.96,-49.65,3.998,-8.82,21.73,-0.04,-0.0265,2.255,11.9,-98833.92,8.02,91.06,6.432,-0,-1.0001,130.29,121.97,144.46,24.94,Cornering,"Hoosier 43075 16x7.5-10 R20, 7 inch rim",17904
78.42,722.684,-0.17,-112.71,-49.81,3.993,-9.34,21.9,0.03,0.0033,2.2629,11.95,159112.8,8.02,91.07,6.405,-0,-0.9999,130.36,122.11,144.4,24.96,Cornering,"Hoosier 43075 16x7.5-10 R20, 7 inch rim",17905
78.44,722.694,-1.8,-113.48,-50.83,4.004,-9.36,21.67,-0.04,0.0353,2.2324,12.03,-98939.25,8.02,91.07,6.36,-0,-1.0001,130.29,122.06,144.48,24.97,Cornering,"Hoosier 43075 16x7.5-10 R20, 7 inch rim",17906
78.45,722.704,-2.58,-114.97,-51.41,3.996,-11.3,21.57,0.03,0.0502,2.2363,12.08,159099.11,8.02,91.1,6.327,-0,-0.9999,130.21,122,144.56,24.96,Cornering,"Hoosier 43075 16x7.5-10 R20, 7 inch rim",17907
78.42,722.714,-2.41,-115.69,-52.68,4,-11.49,21.41,-0.04,0.0457,2.1959,12.08,-98840.08,8.02,91.14,6.276,-0,-1.0001,130.04,121.84,144.7,24.94,Cornering,"Hoosier 43075 16x7.5-10 R20, 7 inch rim",17908
78.42,722.724,-1.37,-115.58,-53.35,3.985,-11.78,21.28,0.09,0.0257,2.1664,12,44042.87,8.02,91.21,6.25,-0,-0.9998,129.99,121.75,144.82,24.93,Cornering,"Hoosier 43075 16x7.5-10 R20, 7 inch rim",17909
78.46,722.734,-0.64,-113.88,-53.29,3.99,-11.02,20.31,0.16,0.012,2.137,11.95,25553.08,8.02,91.26,6.216,-0,-0.9997,129.88,121.73,144.8,24.92,Cornering,"Hoosier 43075 16x7.5-10 R20, 7 inch rim",17910
78.46,722.744,-0.07,-112.25,-52.6,3.998,-10.87,19.23,0.16,0.0013,2.1341,11.92,25555.5,8.02,91.28,6.164,-0,-0.9997,129.88,121.71,144.74,24.92,Cornering,"Hoosier 43075 16x7.5-10 R20, 7 inch rim",17911
78.43,722.754,0.28,-110.81,-52.23,3.987,-9.9,18.43,0.09,-0.0054,2.1218,11.94,44062.85,8.02,91.27,6.13,-0,-0.9998,129.93,121.8,144.6,24.93,Cornering,"Hoosier 43075 16x7.5-10 R20, 7 inch rim",17912
78.45,722.764,0.1,-110.04,-51.6,3.981,-9.16,17.74,0.09,-0.002,2.1326,12.01,44076.18,8.02,91.28,6.091,-0,-0.9998,129.91,121.89,144.54,24.94,Cornering,"Hoosier 43075 16x7.5-10 R20, 7 inch rim",17913
78.47,722.774,-0.15,-109.87,-50.03,3.99,-9.71,17.92,-0.04,0.0031,2.1963,12.11,-98858.77,8.02,91.29,6.045,-0,-1.0001,129.95,122.02,144.36,24.93,Cornering,"Hoosier 43075 16x7.5-10 R20, 7 inch rim",17914
78.45,722.784,-0.82,-110,-50.12,3.985,-8.63,18.38,-0.04,0.0164,2.1949,12.19,-98934.04,8.02,91.3,6.01,-0,-1.0001,130.06,122.13,144.24,24.95,Cornering,"Hoosier 43075 16x7.5-10 R20, 7 inch rim",17915
78.44,722.794,-1.78,-110.49,-49.64,3.982,-9.55,19.08,0.03,0.0359,2.2259,12.19,159238.83,8.02,91.31,5.974,-0,-0.9999,130.19,122.22,144.1,24.96,Cornering,"Hoosier 43075 16x7.5-10 R20, 7 inch rim",17916
78.46,722.804,-2.27,-111.54,-50.45,3.984,-9.73,20.2,0.16,0.045,2.2109,12.14,25632.53,8.02,91.31,5.911,-0,-0.9997,130.23,122.19,144.06,24.98,Cornering,"Hoosier 43075 16x7.5-10 R20, 7 inch rim",17917
78.47,722.814,-3.19,-112.49,-51.61,4.001,-10.41,20.56,0.09,0.0618,2.1797,12.07,44195.01,8.02,91.32,5.882,-0,-0.9998,130.16,122.06,144.06,25,Cornering,"Hoosier 43075 16x7.5-10 R20, 7 inch rim",17918
78.44,722.824,-2.98,-112.86,-52.23,3.988,-10.98,21.06,0.09,0.057,2.1607,12.03,44188.71,8.02,91.29,5.831,-0,-0.9998,130.06,121.93,144.16,24.99,Cornering,"Hoosier 43075 16x7.5-10 R20, 7 inch rim",17919
78.45,722.834,-2.07,-112.83,-53.06,3.993,-11.11,21.39,0.09,0.039,2.1264,12.05,44171.05,8.02,91.28,5.793,-0,-0.9998,129.97,121.82,144.22,24.98,Cornering,"Hoosier 43075 16x7.5-10 R20, 7 inch rim",17920
78.47,722.844,-1.07,-111.74,-53.17,3.994,-10.71,21.09,0.09,0.0201,2.1015,12.12,44174.62,8.02,91.27,5.746,-0,-0.9998,129.86,121.75,144.3,24.98,Cornering,"Hoosier 43075 16x7.5-10 R20, 7 inch rim",17921
78.46,722.854,0.06,-110.16,-52.77,3.985,-10.36,20.67,-0.04,-0.0012,2.0875,12.19,-99147.12,8.02,91.25,5.706,-0,-1.0001,129.84,121.67,144.22,24.99,Cornering,"Hoosier 43075 16x7.5-10 R20, 7 inch rim",17922
78.45,722.864,1.09,-108.91,-52.54,3.981,-10.05,20.57,0.03,-0.0208,2.073,12.23,159580.77,8.02,91.21,5.672,-0,-0.9999,129.78,121.64,144.14,25,Cornering,"Hoosier 43075 16x7.5-10 R20, 7 inch rim",17923
78.47,722.874,1.63,-108.37,-51.65,3.988,-9.92,20.51,0.03,-0.0315,2.0981,12.21,159591.47,8.02,91.21,5.632,-0,-0.9999,129.8,121.71,144,25,Cornering,"Hoosier 43075 16x7.5-10 R20, 7 inch rim",17924
78.48,722.884,2.39,-107.97,-50.95,3.993,-9.95,21.52,0.03,-0.0469,2.119,12.13,159563.95,8.02,91.19,5.596,-0,-0.9999,129.69,121.69,143.94,25,Cornering,"Hoosier 43075 16x7.5-10 R20, 7 inch rim",17925
78.46,722.894,2.04,-108.08,-51.01,3.985,-8.71,21.94,0.16,-0.04,2.1187,12.04,25654.23,8.02,91.15,5.548,-0,-0.9997,129.71,121.78,143.81,24.98,Cornering,"Hoosier 43075 16x7.5-10 R20, 7 inch rim",17926
78.46,722.904,0.96,-108.33,-50.33,3.996,-9.28,22.14,0.03,-0.0192,2.1525,11.98,159510.22,8.02,91.12,5.518,-0,-0.9999,129.8,121.86,143.71,24.98,Cornering,"Hoosier 43075 16x7.5-10 R20, 7 inch rim",17927
78.49,722.914,0,-108.96,-49.99,3.99,-10.08,22.83,0.16,-0.0001,2.1795,11.96,25674.9,8.02,91.11,5.481,-0,-0.9997,129.84,121.91,143.67,25,Cornering,"Hoosier 43075 16x7.5-10 R20, 7 inch rim",17928
78.47,722.924,-1.63,-109.18,-50.98,3.984,-9.65,22.53,0.03,0.032,2.1418,12.03,159827.72,8.02,91.12,5.435,-0,-0.9999,129.76,121.86,143.67,25.03,Cornering,"Hoosier 43075 16x7.5-10 R20, 7 inch rim",17929
78.45,722.934,-2.23,-109.94,-51.46,3.985,-10.66,22.5,-0.04,0.0433,2.1364,12.09,-99382.2,8.02,91.15,5.392,-0,-1.0001,129.58,121.73,143.73,25.04,Cornering,"Hoosier 43075 16x7.5-10 R20, 7 inch rim",17930
78.48,722.944,-2.37,-110.17,-52.75,3.985,-10.54,22.04,0.09,0.045,2.0886,12.16,44305.52,8.02,91.15,5.355,-0,-0.9998,129.52,121.69,143.81,25.04,Cornering,"Hoosier 43075 16x7.5-10 R20, 7 inch rim",17931
78.49,722.954,-1.67,-109.69,-52.96,3.985,-11.01,21.47,0.03,0.0316,2.0713,12.17,159782.05,8.02,91.14,5.324,-0,-0.9999,129.5,121.53,143.92,25.02,Cornering,"Hoosier 43075 16x7.5-10 R20, 7 inch rim",17932
78.46,722.964,-0.51,-108.6,-52.96,3.985,-10.98,21.01,0.03,0.0096,2.0505,12.11,159755.05,8.02,91.17,5.284,-0,-0.9999,129.46,121.47,143.9,25.01,Cornering,"Hoosier 43075 16x7.5-10 R20, 7 inch rim",17933
78.46,722.974,0.22,-106.91,-52.39,3.984,-10.51,20.02,0.09,-0.0042,2.0409,12.02,44241.84,8.02,91.18,5.238,-0,-0.9998,129.48,121.51,143.79,25,Cornering,"Hoosier 43075 16x7.5-10 R20, 7 inch rim",17934
78.49,722.984,0.8,-105.69,-52.1,3.985,-10,19.2,0.03,-0.0153,2.0285,11.92,159517.44,8.02,91.22,5.196,-0,-0.9999,129.52,121.58,143.67,24.97,Cornering,"Hoosier 43075 16x7.5-10 R20, 7 inch rim",17935
78.48,722.994,0.77,-104.92,-51.51,3.981,-9.37,18.67,0.03,-0.0149,2.0368,11.91,159638.62,8.02,91.22,5.155,-0,-0.9999,129.52,121.62,143.53,24.99,Cornering,"Hoosier 43075 16x7.5-10 R20, 7 inch rim",17936
78.45,723.004,-0.02,-104.51,-50.56,3.981,-9.14,18.3,0.09,0.0004,2.0671,11.95,44218.32,8.02,91.17,5.13,-0,-0.9998,129.54,121.69,143.39,24.98,Cornering,"Hoosier 43075 16x7.5-10 R20, 7 inch rim",17937
78.48,723.014,-0.88,-104.35,-49.53,3.998,-9.58,18.48,0.09,0.0177,2.1068,12.05,44231.35,8.02,91.16,5.089,-0,-0.9998,129.65,121.82,143.31,24.98,Cornering,"Hoosier 43075 16x7.5-10 R20, 7 inch rim",17938
78.5,723.024,-2.02,-104.33,-49.44,3.991,-9.33,18.8,0.03,0.0409,2.1099,12.13,159551.59,8.02,91.11,5.054,-0,-0.9999,129.73,121.84,143.17,24.97,Cornering,"Hoosier 43075 16x7.5-10 R20, 7 inch rim",17939
78.47,723.034,-2.98,-105.04,-50.08,3.985,-9.42,19.5,0.09,0.0594,2.0973,12.15,44195.57,8.02,91.12,5.009,-0,-0.9998,129.71,121.84,143.11,24.96,Cornering,"Hoosier 43075 16x7.5-10 R20, 7 inch rim",17940
78.47,723.044,-4.08,-105.82,-51.14,4,-9.58,19.81,0.03,0.0798,2.0693,12.11,159461.7,8.02,91.14,4.964,-0,-0.9999,129.71,121.84,143.15,24.96,Cornering,"Hoosier 43075 16x7.5-10 R20, 7 inch rim",17941
78.5,723.054,-3.85,-106.15,-51.94,3.979,-10.08,20.5,0.09,0.0741,2.0436,12.06,44191.4,8.03,91.15,4.914,-0,-0.9998,129.63,121.69,143.23,24.96,Cornering,"Hoosier 43075 16x7.5-10 R20, 7 inch rim",17942
78.49,723.064,-2.87,-106.6,-52.94,3.988,-10.47,20.95,0.09,0.0543,2.0136,11.98,44214.66,8.02,91.17,4.871,-0,-0.9998,129.56,121.6,143.29,24.97,Cornering,"Hoosier 43075 16x7.5-10 R20, 7 inch rim",17943
78.46,723.074,-1.31,-106.15,-53.1,3.996,-10.73,21.45,0.09,0.0247,1.999,11.96,44227,8.02,91.18,4.838,-0,-0.9998,129.5,121.49,143.27,24.97,Cornering,"Hoosier 43075 16x7.5-10 R20, 7 inch rim",17944
78.48,723.084,-0.18,-104.95,-52.45,3.996,-11.1,21.06,0.09,0.0035,2.001,12.02,44240.76,8.02,91.23,4.782,-0,-0.9998,129.52,121.51,143.21,24.98,Cornering,"Hoosier 43075 16x7.5-10 R20, 7 inch rim",17945
78.5,723.094,0.98,-104.02,-51.99,3.99,-10.9,20.89,0.03,-0.0189,2.0006,12.1,159658.81,8.02,91.31,4.75,-0,-0.9999,129.54,121.51,143.13,24.98,Cornering,"Hoosier 43075 16x7.5-10 R20, 7 inch rim",17946
78.48,723.104,1.66,-103.13,-51.5,3.996,-9.8,21.26,0.09,-0.0323,2.0024,12.17,44224.99,8.02,91.34,4.705,-0,-0.9998,129.63,121.56,143.05,24.97,Cornering,"Hoosier 43075 16x7.5-10 R20, 7 inch rim",17947
78.47,723.114,2.09,-102.51,-51.24,3.994,-9.09,21.78,0.09,-0.0408,2.0006,12.18,44247.62,8.02,91.38,4.671,-0,-0.9998,129.67,121.64,142.93,24.98,Cornering,"Hoosier 43075 16x7.5-10 R20, 7 inch rim",17948
78.49,723.124,1.91,-102.1,-49.73,3.984,-9.84,22.53,0.09,-0.0384,2.053,12.15,44270.14,8.02,91.44,4.638,-0,-0.9998,129.76,121.78,142.82,24.99,Cornering,"Hoosier 43075 16x7.5-10 R20, 7 inch rim",17949
78.51,723.134,1.29,-101.57,-49.75,4.004,-8.77,23.48,0.16,-0.0259,2.0416,12.08,25696.7,8.02,91.48,4.596,-0,-0.9997,129.86,121.84,142.74,24.99,Cornering,"Hoosier 43075 16x7.5-10 R20, 7 inch rim",17950
78.47,723.144,0.04,-101.68,-49.7,3.991,-9.63,23.75,0.03,-0.0009,2.046,11.97,159809.05,8.03,91.47,4.571,-0,-0.9999,129.93,121.82,142.68,25,Cornering,"Hoosier 43075 16x7.5-10 R20, 7 inch rim",17951
78.48,723.154,-1.5,-102.1,-50.44,3.99,-9.89,23.51,0.09,0.0297,2.0242,11.94,44287.64,8.02,91.43,4.516,-0,-0.9998,129.86,121.8,142.64,25,Cornering,"Hoosier 43075 16x7.5-10 R20, 7 inch rim",17952
78.51,723.164,-2.47,-102.62,-51.57,3.982,-10.22,23.04,0.03,0.0478,1.99,11.95,159864.62,8.03,91.41,4.483,-0,-0.9999,129.82,121.69,142.68,25,Cornering,"Hoosier 43075 16x7.5-10 R20, 7 inch rim",17953
78.49,723.174,-2.36,-103.36,-52.33,3.982,-11.53,22.74,0.03,0.0451,1.975,12.03,159908.58,8.03,91.41,4.45,-0,-0.9999,129.69,121.53,142.72,25.01,Cornering,"Hoosier 43075 16x7.5-10 R20, 7 inch rim",17954
78.47,723.184,-1.35,-102.88,-52.95,3.99,-11.23,22.49,0.09,0.0255,1.9429,12.11,44324.43,8.03,91.39,4.413,-0,-0.9998,129.69,121.47,142.7,25.01,Cornering,"Hoosier 43075 16x7.5-10 R20, 7 inch rim",17955
78.5,723.194,-0.31,-101.97,-52.93,3.996,-11.15,21.83,0.16,0.0058,1.9267,12.15,25715.93,8.02,91.41,4.38,-0,-0.9997,129.69,121.36,142.68,25,Cornering,"Hoosier 43075 16x7.5-10 R20, 7 inch rim",17956
78.5,723.204,0.09,-100.48,-52.37,4.003,-10.87,20.36,0.03,-0.0017,1.9185,12.14,159748.23,8.02,91.44,4.329,-0,-0.9999,129.63,121.38,142.58,24.98,Cornering,"Hoosier 43075 16x7.5-10 R20, 7 inch rim",17957
78.48,723.214,0.04,-98.77,-51.7,3.997,-10.02,18.98,0.09,-0.0007,1.9105,12.07,44248.96,8.02,91.44,4.294,-0,-0.9998,129.65,121.47,142.4,24.97,Cornering,"Hoosier 43075 16x7.5-10 R20, 7 inch rim",17958
78.48,723.224,-0.58,-97.85,-50.95,3.99,-9.49,17.78,0.16,0.0113,1.9204,12,25666.09,8.03,91.43,4.263,-0,-0.9997,129.61,121.47,142.28,24.95,Cornering,"Hoosier 43075 16x7.5-10 R20, 7 inch rim",17959
78.51,723.234,-1.08,-96.79,-50.17,3.987,-8.73,17.45,0.03,0.0216,1.9293,11.94,159622.22,8.03,91.42,4.217,-0,-0.9999,129.61,121.53,142.12,24.96,Cornering,"Hoosier 43075 16x7.5-10 R20, 7 inch rim",17960
78.49,723.244,-1.55,-96.24,-49.44,3.991,-8.6,18.18,0.03,0.0313,1.9464,11.93,159629.5,8.02,91.41,4.18,-0,-0.9999,129.65,121.62,142.02,24.96,Cornering,"Hoosier 43075 16x7.5-10 R20, 7 inch rim",17961
78.47,723.254,-2.51,-96.74,-49.5,3.998,-9.26,18.92,0.03,0.0507,1.9544,12,159637.83,8.02,91.33,4.137,-0,-0.9999,129.73,121.64,141.85,24.96,Cornering,"Hoosier 43075 16x7.5-10 R20, 7 inch rim",17962
78.5,723.264,-3.47,-97.15,-50.34,3.996,-9.14,19.61,0.23,0.0689,1.9298,12.08,18075.47,8.02,91.29,4.089,-0,-0.9996,129.8,121.64,141.79,24.94,Cornering,"Hoosier 43075 16x7.5-10 R20, 7 inch rim",17963
78.5,723.274,-4.51,-97.96,-51.01,3.977,-10.29,19.6,0.09,0.0884,1.9206,12.16,44231.48,8.03,91.28,4.046,-0,-0.9998,129.69,121.56,141.83,24.95,Cornering,"Hoosier 43075 16x7.5-10 R20, 7 inch rim",17964
78.48,723.284,-4.02,-98.66,-51.93,4.003,-11.33,20.62,-0.04,0.0775,1.8998,12.16,-99203.24,8.02,91.26,4.009,-0,-1.0001,129.61,121.47,141.91,24.94,Cornering,"Hoosier 43075 16x7.5-10 R20, 7 inch rim",17965
78.48,723.294,-3.15,-98.56,-52.4,3.988,-11.65,20.97,0.16,0.0602,1.8809,12.11,25675.43,8.02,91.25,3.959,-0,-0.9997,129.54,121.31,142.02,24.95,Cornering,"Hoosier 43075 16x7.5-10 R20, 7 inch rim",17966
78.51,723.304,-1.47,-97.5,-52.85,4.001,-11.04,21.39,0.09,0.0277,1.8448,12.03,44278.83,8.02,91.22,3.925,-0,-0.9998,129.54,121.29,142.04,24.97,Cornering,"Hoosier 43075 16x7.5-10 R20, 7 inch rim",17967
78.5,723.314,0.1,-96.07,-52.79,3.996,-10.56,21.5,0.03,-0.0018,1.8198,11.97,159797.41,8.03,91.17,3.878,-0,-0.9999,129.48,121.27,142.06,24.97,Cornering,"Hoosier 43075 16x7.5-10 R20, 7 inch rim",17968
78.47,723.324,0.87,-94.04,-51.98,3.984,-9.76,21.21,0.16,-0.0167,1.8092,12.03,25685.31,8.03,91.13,3.825,-0,-0.9997,129.48,121.31,141.96,24.96,Cornering,"Hoosier 43075 16x7.5-10 R20, 7 inch rim",17969
78.5,723.334,0.94,-93.17,-50.62,3.979,-9.92,20.68,0.03,-0.0185,1.8406,12.08,159737,8.03,91.11,3.8,-0,-0.9999,129.48,121.31,141.94,24.96,Cornering,"Hoosier 43075 16x7.5-10 R20, 7 inch rim",17970
78.52,723.344,1.29,-92.16,-50.21,3.993,-9.08,21.42,-0.04,-0.0257,1.8356,12.14,-99276.98,8.03,91.12,3.763,-0,-1.0001,129.52,121.42,141.85,24.96,Cornering,"Hoosier 43075 16x7.5-10 R20, 7 inch rim",17971
78.48,723.354,1.27,-91.8,-49.18,4,-9.41,22.37,0.16,-0.0258,1.8666,12.19,25694.38,8.02,91.14,3.714,-0,-0.9997,129.52,121.58,141.79,24.96,Cornering,"Hoosier 43075 16x7.5-10 R20, 7 inch rim",17972
78.49,723.364,0.55,-91.45,-49.26,3.993,-8.82,23.21,0.09,-0.0112,1.8564,12.17,44290.61,8.02,91.17,3.684,-0,-0.9998,129.61,121.58,141.73,24.97,Cornering,"Hoosier 43075 16x7.5-10 R20, 7 inch rim",17973
78.51,723.374,-0.66,-91.77,-49.37,3.994,-9.66,23.74,0.09,0.0134,1.8587,12.1,44303.18,8.03,91.2,3.636,-0,-0.9998,129.63,121.67,141.71,24.98,Cornering,"Hoosier 43075 16x7.5-10 R20, 7 inch rim",17974
78.5,723.384,-2.05,-92.26,-50.79,3.985,-9.59,23.59,0.03,0.0403,1.8167,12.02,159847.25,8.03,91.2,3.59,-0,-0.9999,129.54,121.56,141.75,24.97,Cornering,"Hoosier 43075 16x7.5-10 R20, 7 inch rim",17975
78.48,723.394,-2.66,-92.37,-51.22,3.978,-10.76,23.53,0.03,0.0518,1.8033,11.95,159890.52,8.03,91.23,3.552,-0,-0.9999,129.39,121.4,141.75,24.98,Cornering,"Hoosier 43075 16x7.5-10 R20, 7 inch rim",17976
78.5,723.404,-2.31,-92.2,-52.23,3.99,-10.79,23.43,0.03,0.0442,1.7652,11.94,159972.42,8.03,91.21,3.505,-0,-0.9999,129.31,121.36,141.83,24.99,Cornering,"Hoosier 43075 16x7.5-10 R20, 7 inch rim",17977
78.52,723.414,-1.51,-91.74,-52.17,3.99,-10.91,22.89,0.09,0.029,1.7586,11.98,44351.55,8.03,91.23,3.477,-0,-0.9998,129.24,121.27,141.85,25,Cornering,"Hoosier 43075 16x7.5-10 R20, 7 inch rim",17978
78.49,723.424,-0.47,-90.62,-52.57,3.99,-10.09,22.18,0.16,0.0089,1.7237,12.07,25749.25,8.03,91.24,3.447,-0,-0.9997,129.22,121.29,141.81,25.01,Cornering,"Hoosier 43075 16x7.5-10 R20, 7 inch rim",17979
78.47,723.434,0.08,-88.96,-51.67,3.99,-9.92,21.18,0.16,-0.0015,1.7217,12.14,25732.55,8.03,91.23,3.399,-0,-0.9997,129.18,121.29,141.75,24.99,Cornering,"Hoosier 43075 16x7.5-10 R20, 7 inch rim",17980
78.5,723.444,0.55,-87.43,-50.77,3.984,-9.86,20.31,0.09,-0.0108,1.7221,12.16,44325.79,8.03,91.2,3.361,-0,-0.9998,129.18,121.25,141.65,24.98,Cornering,"Hoosier 43075 16x7.5-10 R20, 7 inch rim",17981
78.51,723.454,0.24,-86.51,-50.55,3.985,-9.07,19.73,0.09,-0.0047,1.7114,12.12,44286.61,8.03,91.16,3.315,-0,-0.9998,129.18,121.29,141.57,24.96,Cornering,"Hoosier 43075 16x7.5-10 R20, 7 inch rim",17982
78.48,723.464,-0.24,-86.21,-49.44,4.004,-9.84,19.68,0.03,0.0048,1.7438,12.05,159784.56,8.02,91.12,3.283,-0,-0.9999,129.2,121.36,141.45,24.96,Cornering,"Hoosier 43075 16x7.5-10 R20, 7 inch rim",17983
78.49,723.474,-1.41,-85.37,-49.78,3.997,-8.38,19.48,0.16,0.0283,1.7148,11.96,25706.79,8.03,91.07,3.233,-0,-0.9997,129.31,121.44,141.39,24.96,Cornering,"Hoosier 43075 16x7.5-10 R20, 7 inch rim",17984
78.51,723.484,-2.72,-85.02,-49.32,3.982,-8.79,19.63,0.09,0.0551,1.7238,11.97,44281.08,8.03,91.04,3.2,-0,-0.9998,129.37,121.53,141.35,24.96,Cornering,"Hoosier 43075 16x7.5-10 R20, 7 inch rim",17985
78.49,723.494,-3.81,-85.23,-49.53,3.993,-9.87,20.14,0.03,0.0769,1.7208,12,159839.09,8.03,91.03,3.166,-0,-0.9999,129.31,121.49,141.33,24.96,Cornering,"Hoosier 43075 16x7.5-10 R20, 7 inch rim",17986
78.47,723.504,-4.7,-85.32,-50.55,3.993,-10.3,20.34,0.03,0.093,1.6879,12.09,159844.47,8.03,91.02,3.129,-0,-0.9999,129.26,121.38,141.33,24.96,Cornering,"Hoosier 43075 16x7.5-10 R20, 7 inch rim",17987
78.5,723.514,-4.18,-85.34,-52.02,3.982,-10.08,21.13,0.09,0.0804,1.6404,12.17,44285.55,8.03,91.03,3.089,-0,-0.9998,129.16,121.29,141.39,24.96,Cornering,"Hoosier 43075 16x7.5-10 R20, 7 inch rim",17988
78.51,723.524,-3.31,-84.86,-52.19,3.982,-10.42,21.22,0.03,0.0634,1.6259,12.18,159671.44,8.03,91.02,3.04,-0,-0.9999,129.11,121.2,141.37,24.93,Cornering,"Hoosier 43075 16x7.5-10 R20, 7 inch rim",17989
78.49,723.534,-2.15,-84.14,-52.37,3.997,-10.54,21.11,0.09,0.041,1.6066,12.14,44237.61,8.03,91.04,2.998,-0,-0.9998,129.07,121.14,141.29,24.93,Cornering,"Hoosier 43075 16x7.5-10 R20, 7 inch rim",17990
78.48,723.544,-0.8,-83.06,-52.35,3.998,-10.4,21,0.09,0.0153,1.5866,12.07,44238.69,8.03,91.09,2.97,-0,-0.9998,129.03,121.14,141.25,24.93,Cornering,"Hoosier 43075 16x7.5-10 R20, 7 inch rim",17991
78.51,723.554,0.48,-81.37,-51.54,3.994,-9.83,21.05,0.03,-0.0093,1.5788,12.01,159760.73,8.03,91.12,2.93,-0,-0.9999,129.01,121.2,141.17,24.94,Cornering,"Hoosier 43075 16x7.5-10 R20, 7 inch rim",17992
78.5,723.564,0.85,-80.29,-50.63,3.984,-10.1,20.77,0.09,-0.0168,1.5859,12.02,44334.04,8.03,91.19,2.895,-0,-0.9998,128.94,121.22,141.05,24.98,Cornering,"Hoosier 43075 16x7.5-10 R20, 7 inch rim",17993
78.47,723.574,0.83,-79.26,-49.94,3.987,-9.73,21.08,0.09,-0.0167,1.5872,12.07,44315.39,8.03,91.26,2.842,-0,-0.9998,128.96,121.25,141.01,24.97,Cornering,"Hoosier 43075 16x7.5-10 R20, 7 inch rim",17994
78.5,723.584,0.34,-78.27,-49.05,3.996,-9.42,21.61,0.03,-0.0069,1.5956,12.14,159923.34,8.03,91.34,2.822,-0,-0.9999,128.96,121.31,140.94,24.97,Cornering,"Hoosier 43075 16x7.5-10 R20, 7 inch rim",17995
78.52,723.594,-0.87,-77.78,-49.08,3.99,-9.3,21.82,0.03,0.0178,1.5848,12.18,159854.39,8.03,91.37,2.781,-0,-0.9999,129.03,121.4,140.92,24.96,Cornering,"Hoosier 43075 16x7.5-10 R20, 7 inch rim",17996
78.48,723.604,-2.58,-77.66,-49.16,3.997,-9.7,21.76,0.09,0.0526,1.5795,12.19,44308.44,8.03,91.39,2.748,-0,-0.9998,129.09,121.38,140.86,24.96,Cornering,"Hoosier 43075 16x7.5-10 R20, 7 inch rim",17997
78.49,723.614,-3.64,-77.39,-50.1,3.985,-9.5,21.78,0.09,0.0726,1.5448,12.12,44340.88,8.03,91.41,2.702,-0,-0.9998,129.03,121.27,140.86,24.98,Cornering,"Hoosier 43075 16x7.5-10 R20, 7 inch rim",17998
78.51,723.624,-4.55,-77.28,-51.38,3.978,-10.03,21.11,0.09,0.0885,1.504,12.03,44373.39,8.03,91.4,2.653,-0,-0.9998,128.9,121.18,140.88,25,Cornering,"Hoosier 43075 16x7.5-10 R20, 7 inch rim",17999
78.5,723.634,-4.41,-77.25,-52.26,3.982,-10.43,20.73,-0.04,0.0845,1.4782,11.98,-99612.12,8.03,91.43,2.619,-0,-1.0001,128.88,121.09,140.84,25.01,Cornering,"Hoosier 43075 16x7.5-10 R20, 7 inch rim",18000
78.48,723.644,-3.81,-76.75,-52.14,4.007,-11.05,19.92,0.03,0.073,1.472,11.98,160249.81,8.03,91.43,2.583,-0,-0.9999,128.86,121,140.88,25.01,Cornering,"Hoosier 43075 16x7.5-10 R20, 7 inch rim",18001
78.49,723.654,-3.01,-75.91,-51.93,3.993,-11.12,19.01,0.09,0.0579,1.4618,12.04,44408.46,8.03,91.43,2.524,-0,-0.9998,128.79,120.98,140.82,25.01,Cornering,"Hoosier 43075 16x7.5-10 R20, 7 inch rim",18002
78.52,723.664,-1.97,-74.33,-51.98,3.99,-10.12,18.61,0.03,0.038,1.4301,12.11,160224.52,8.03,91.44,2.48,-0,-0.9999,128.81,121.07,140.72,25.01,Cornering,"Hoosier 43075 16x7.5-10 R20, 7 inch rim",18003
78.49,723.674,-1.5,-72.87,-51.09,3.998,-10.16,18.11,0.03,0.0294,1.4265,12.15,160154.53,8.03,91.42,2.441,-0,-0.9999,128.83,121.11,140.62,25,Cornering,"Hoosier 43075 16x7.5-10 R20, 7 inch rim",18004
78.48,723.684,-0.53,-71.42,-50.73,3.984,-9.31,19,0.09,0.0104,1.4078,12.15,44360.85,8.03,91.38,2.4,-0,-0.9998,128.83,121.2,140.56,24.98,Cornering,"Hoosier 43075 16x7.5-10 R20, 7 inch rim",18005
78.5,723.694,-0.53,-69.79,-49.96,3.991,-8.22,19.84,-0.04,0.0106,1.3968,12.08,-99422.98,8.03,91.34,2.353,-0,-1.0001,128.86,121.25,140.5,24.96,Cornering,"Hoosier 43075 16x7.5-10 R20, 7 inch rim",18006
78.51,723.704,-0.69,-69.38,-49.71,3.998,-8.6,21.15,-0.04,0.0139,1.3957,12,-99426.05,8.03,91.36,2.305,-0,-1.0001,128.96,121.4,140.42,24.96,Cornering,"Hoosier 43075 16x7.5-10 R20, 7 inch rim",18007
78.48,723.714,-1.7,-68.57,-49.59,3.988,-8.53,21.9,0.09,0.0342,1.3826,11.93,44302.93,8.03,91.34,2.268,-0,-0.9998,128.98,121.4,140.32,24.95,Cornering,"Hoosier 43075 16x7.5-10 R20, 7 inch rim",18008
78.5,723.724,-2.67,-68.26,-49.53,3.985,-9.83,22.59,0.09,0.0539,1.378,11.93,44324.8,8.03,91.31,2.222,-0,-0.9998,128.96,121.29,140.28,24.96,Cornering,"Hoosier 43075 16x7.5-10 R20, 7 inch rim",18009
78.52,723.734,-3.26,-68.13,-50.35,4,-10.77,23.1,0.09,0.0648,1.3532,11.97,44336.57,8.03,91.28,2.168,-0,-0.9998,128.9,121.2,140.26,24.97,Cornering,"Hoosier 43075 16x7.5-10 R20, 7 inch rim",18010
78.49,723.744,-3.02,-68.16,-51.61,3.99,-11.32,23.52,0.09,0.0586,1.3207,12.06,44337.52,8.03,91.23,2.132,-0,-0.9998,128.73,121.03,140.24,24.97,Cornering,"Hoosier 43075 16x7.5-10 R20, 7 inch rim",18011
78.48,723.754,-1.53,-67.84,-52.31,3.996,-11.55,24.17,0.09,0.0292,1.2968,12.09,44359.19,8.03,91.23,2.091,-0,-0.9998,128.68,120.96,140.2,24.98,Cornering,"Hoosier 43075 16x7.5-10 R20, 7 inch rim",18012
78.52,723.764,0.04,-66.82,-52.93,3.987,-10.94,24.28,0.09,-0.0007,1.2623,12.09,44359.52,8.03,91.25,2.078,-0,-0.9998,128.66,120.89,140.16,24.98,Cornering,"Hoosier 43075 16x7.5-10 R20, 7 inch rim",18013
78.51,723.774,1.33,-65.81,-52.05,3.991,-11.29,24.04,-0.04,-0.0255,1.2643,12.03,-99465.46,8.03,91.26,2.035,-0,-1.0001,128.6,120.85,140.12,24.97,Cornering,"Hoosier 43075 16x7.5-10 R20, 7 inch rim",18014
78.49,723.784,1.55,-64.26,-51.69,3.991,-10.22,23.06,0.09,-0.0301,1.2433,11.97,44341.09,8.03,91.29,1.992,-0,-0.9998,128.62,120.87,140.02,24.97,Cornering,"Hoosier 43075 16x7.5-10 R20, 7 inch rim",18015
78.49,723.794,1.86,-62.29,-51.02,3.996,-9.26,22.73,-0.04,-0.0364,1.2209,11.93,-99539,8.03,91.31,1.957,-0,-1.0001,128.55,120.92,139.93,24.98,Cornering,"Hoosier 43075 16x7.5-10 R20, 7 inch rim",18016
78.53,723.804,1.35,-60.79,-50,3.993,-8.77,22.07,0.09,-0.027,1.2157,11.94,44414.63,8.03,91.36,1.93,-0,-0.9998,128.55,120.98,139.83,25.01,Cornering,"Hoosier 43075 16x7.5-10 R20, 7 inch rim",18017
78.5,723.814,0.27,-59.72,-49.18,3.985,-8.73,21.89,0.09,-0.0054,1.2143,12.01,44446.75,8.03,91.4,1.877,-0,-0.9998,128.68,121.05,139.77,25.03,Cornering,"Hoosier 43075 16x7.5-10 R20, 7 inch rim",18018
78.47,723.824,-1.41,-58.84,-48.84,3.993,-8.39,21.43,-0.04,0.0288,1.2047,12.1,-99636.62,8.03,91.41,1.857,-0,-1.0001,128.66,121.11,139.69,25.01,Cornering,"Hoosier 43075 16x7.5-10 R20, 7 inch rim",18019
78.5,723.834,-3.12,-58.4,-48.56,3.993,-9.44,21.03,0.03,0.0642,1.2027,12.19,160139.52,8.03,91.41,1.819,-0,-0.9999,128.7,121.11,139.59,24.98,Cornering,"Hoosier 43075 16x7.5-10 R20, 7 inch rim",18020
78.52,723.844,-5,-58.3,-49.98,3.99,-9.75,19.95,0.03,0.1,1.1666,12.21,159993.3,8.03,91.4,1.788,-0,-0.9999,128.6,121.03,139.57,24.96,Cornering,"Hoosier 43075 16x7.5-10 R20, 7 inch rim",18021
78.48,723.854,-6.31,-58.29,-50.69,3.994,-11.15,18.72,0.09,0.1244,1.1499,12.15,44326.14,8.03,91.38,1.744,-0,-0.9998,128.53,120.94,139.55,24.96,Cornering,"Hoosier 43075 16x7.5-10 R20, 7 inch rim",18022
78.49,723.864,-6.58,-57.91,-51.73,3.993,-11.18,17.72,0.16,0.1272,1.1194,12.08,25746.04,8.03,91.39,1.715,-0,-0.9997,128.45,120.83,139.57,24.97,Cornering,"Hoosier 43075 16x7.5-10 R20, 7 inch rim",18023
78.52,723.874,-5.35,-57.57,-52.12,3.993,-11.63,17.39,0.09,0.1026,1.1047,12,44379.45,8.03,91.41,1.655,-0,-0.9998,128.3,120.74,139.55,24.98,Cornering,"Hoosier 43075 16x7.5-10 R20, 7 inch rim",18024
78.5,723.884,-4.15,-56.34,-52.05,3.996,-11.23,17.13,0.03,0.0798,1.0824,11.94,160265.72,8.03,91.42,1.622,-0,-0.9999,128.25,120.72,139.51,25,Cornering,"Hoosier 43075 16x7.5-10 R20, 7 inch rim",18025
78.48,723.894,-3.27,-54.65,-51.52,3.994,-10.14,16.61,0.03,0.0635,1.0606,11.95,160194.19,8.03,91.44,1.582,-0,-0.9999,128.21,120.72,139.45,24.99,Cornering,"Hoosier 43075 16x7.5-10 R20, 7 inch rim",18026
78.5,723.904,-2.47,-52.88,-50.28,4,-10.15,16.57,-0.04,0.0491,1.0518,12.02,-99559.05,8.03,91.46,1.535,-0,-1.0001,128.21,120.78,139.41,24.98,Cornering,"Hoosier 43075 16x7.5-10 R20, 7 inch rim",18027
78.52,723.914,-2.68,-50.93,-49.68,4.009,-8.73,16.56,0.09,0.0539,1.0251,12.1,44351.58,8.02,91.48,1.495,-0,-0.9998,128.19,120.83,139.35,24.97,Cornering,"Hoosier 43075 16x7.5-10 R20, 7 inch rim",18028
78.49,723.924,-2.65,-49.72,-48.75,4.003,-8.91,17.55,0.09,0.0544,1.0199,12.14,44331.79,8.03,91.49,1.449,-0,-0.9998,128.23,120.92,139.29,24.96,Cornering,"Hoosier 43075 16x7.5-10 R20, 7 inch rim",18029
78.5,723.934,-2.73,-49.11,-48.33,3.997,-9.31,19.13,0.03,0.0564,1.016,12.11,159982.8,8.03,91.51,1.402,-0,-0.9999,128.32,120.96,139.23,24.96,Cornering,"Hoosier 43075 16x7.5-10 R20, 7 inch rim",18030
78.52,723.944,-3.44,-48.33,-48.56,3.998,-9.89,20.51,0.03,0.0707,0.9953,12.03,159984.89,8.03,91.53,1.366,-0,-0.9999,128.34,121,139.17,24.96,Cornering,"Hoosier 43075 16x7.5-10 R20, 7 inch rim",18031
78.5,723.954,-4.01,-47.67,-49.44,4,-10.05,21.8,0.09,0.0812,0.9642,11.94,44354.54,8.03,91.55,1.316,-0,-0.9998,128.38,120.96,139.15,24.97,Cornering,"Hoosier 43075 16x7.5-10 R20, 7 inch rim",18032
78.48,723.964,-4.59,-46.82,-50.65,3.998,-10.59,22.46,-0.04,0.0905,0.9244,11.89,-99545.88,8.03,91.53,1.267,-0,-1.0001,128.32,120.87,139.11,24.98,Cornering,"Hoosier 43075 16x7.5-10 R20, 7 inch rim",18033
78.5,723.974,-4.26,-45.79,-51.61,3.991,-10.7,22.89,0.03,0.0826,0.8874,11.95,160178.03,8.03,91.48,1.231,-0,-0.9999,128.25,120.72,139.13,24.98,Cornering,"Hoosier 43075 16x7.5-10 R20, 7 inch rim",18034
78.51,723.984,-2.75,-44.89,-51.79,3.998,-11.6,23.44,0.03,0.053,0.8668,12,160254.44,8.03,91.43,1.19,-0,-0.9999,128.17,120.56,139.09,25,Cornering,"Hoosier 43075 16x7.5-10 R20, 7 inch rim",18035
78.49,723.994,-1.03,-43.49,-51.76,3.998,-11.26,23.71,0.03,0.0199,0.8401,12.06,160330.77,8.03,91.38,1.148,-0,-0.9999,128.15,120.48,139.03,25.01,Cornering,"Hoosier 43075 16x7.5-10 R20, 7 inch rim",18036
78.48,724.004,0.45,-41.73,-52.04,3.996,-9.44,23.52,0.09,-0.0086,0.8019,12.08,44460.21,8.03,91.32,1.124,-0,-0.9998,128.13,120.5,138.98,25.03,Cornering,"Hoosier 43075 16x7.5-10 R20, 7 inch rim",18037
78.51,724.014,1.35,-40.29,-50.34,3.997,-10.15,23.19,0.03,-0.0269,0.8004,12.08,160408.28,8.03,91.31,1.078,-0,-0.9999,128.1,120.54,138.88,25.02,Cornering,"Hoosier 43075 16x7.5-10 R20, 7 inch rim",18038
78.51,724.024,1.81,-38.75,-49.84,3.994,-9.34,22.98,0.09,-0.0364,0.7774,12.02,44430.42,8.03,91.3,1.034,-0,-0.9998,128.04,120.59,138.82,25.01,Cornering,"Hoosier 43075 16x7.5-10 R20, 7 inch rim",18039
78.48,724.034,1.02,-37.11,-48.73,3.996,-9.22,22.27,0.09,-0.0209,0.7616,11.95,44441.09,8.03,91.29,1.001,-0,-0.9998,127.98,120.63,138.74,25.01,Cornering,"Hoosier 43075 16x7.5-10 R20, 7 inch rim",18040
78.5,724.044,-0.28,-35.98,-48.8,3.987,-8.81,21.82,-0.04,0.0057,0.7372,11.94,-99739.42,8.03,91.26,0.958,-0,-1.0001,128.02,120.81,138.68,25.03,Cornering,"Hoosier 43075 16x7.5-10 R20, 7 inch rim",18041
78.52,724.054,-1.93,-35.12,-48.32,3.994,-9.59,21.54,0.03,0.04,0.7267,11.96,160563.7,8.03,91.27,0.908,-0,-0.9999,128.06,120.85,138.66,25.04,Cornering,"Hoosier 43075 16x7.5-10 R20, 7 inch rim",18042
78.49,724.064,-3.55,-33.98,-48.4,3.982,-10.02,21.12,0.03,0.0734,0.7021,12.03,160527.97,8.03,91.28,0.866,-0,-0.9999,128.04,120.87,138.58,25.04,Cornering,"Hoosier 43075 16x7.5-10 R20, 7 inch rim",18043
78.47,724.074,-4.4,-32.82,-49.75,3.985,-10.12,21.1,0.09,0.0884,0.6597,12.14,44463.36,8.03,91.29,0.833,-0,-0.9998,128.02,120.78,138.56,25.03,Cornering,"Hoosier 43075 16x7.5-10 R20, 7 inch rim",18044
78.51,724.084,-5.47,-31.7,-50.33,3.984,-11.02,20,0.03,0.1087,0.6298,12.22,160344.77,8.03,91.3,0.783,-0,-0.9999,127.95,120.67,138.54,25.01,Cornering,"Hoosier 43075 16x7.5-10 R20, 7 inch rim",18045
78.51,724.094,-5.41,-30.45,-51.29,3.997,-10.93,19.22,0.09,0.1054,0.5937,12.22,44433.07,8.03,91.3,0.76,-0,-0.9998,127.91,120.54,138.5,25.01,Cornering,"Hoosier 43075 16x7.5-10 R20, 7 inch rim",18046
78.48,724.104,-5.36,-28.78,-51.6,3.978,-10.15,17.49,-0.04,0.1038,0.5577,12.17,-99651.82,8.03,91.29,0.717,-0,-1.0001,127.89,120.45,138.44,25,Cornering,"Hoosier 43075 16x7.5-10 R20, 7 inch rim",18047
78.48,724.114,-4.57,-27.46,-51.08,3.99,-10.19,16.67,0.09,0.0894,0.5376,12.07,44464.51,8.03,91.29,0.687,-0,-0.9998,127.85,120.43,138.36,25.03,Cornering,"Hoosier 43075 16x7.5-10 R20, 7 inch rim",18048
78.52,724.124,-3.74,-26.13,-50.2,3.991,-10.33,16.01,0.16,0.0746,0.5204,12.02,25820.16,8.03,91.28,0.653,-0,-0.9997,127.83,120.41,138.3,25.04,Cornering,"Hoosier 43075 16x7.5-10 R20, 7 inch rim",18049
78.5,724.134,-2.85,-24.73,-49.36,3.981,-9.79,16.27,0.09,0.0577,0.501,12.02,44496,8.03,91.28,0.59,-0,-0.9998,127.83,120.5,138.2,25.04,Cornering,"Hoosier 43075 16x7.5-10 R20, 7 inch rim",18050
78.49,724.144,-2.31,-23.28,-48.58,3.994,-9.64,17.03,0.09,0.0476,0.4793,12.03,44496.17,8.03,91.28,0.559,-0,-0.9998,127.76,120.52,138.12,25.04,Cornering,"Hoosier 43075 16x7.5-10 R20, 7 inch rim",18051
78.5,724.154,-2.35,-21.59,-48.29,3.996,-8.94,17.93,-0.04,0.0487,0.4472,12.08,-99677.51,8.03,91.29,0.524,-0,-1.0001,127.76,120.61,138.06,25.01,Cornering,"Hoosier 43075 16x7.5-10 R20, 7 inch rim",18052
78.52,724.164,-3.18,-20.29,-46.95,3.993,-10.64,18.72,0.09,0.0678,0.4321,12.13,44393.57,8.03,91.29,0.475,-0,-0.9998,127.78,120.7,138.03,24.98,Cornering,"Hoosier 43075 16x7.5-10 R20, 7 inch rim",18053
78.49,724.174,-4.01,-18.67,-47.52,3.988,-9.62,19.53,0.03,0.0843,0.3929,12.11,160091.89,8.03,91.28,0.437,-0,-0.9999,127.83,120.72,137.99,24.97,Cornering,"Hoosier 43075 16x7.5-10 R20, 7 inch rim",18054
78.49,724.184,-4.56,-16.8,-47.9,3.991,-10.05,20.39,0.09,0.0953,0.3508,12.03,44383.55,8.03,91.23,0.394,-0,-0.9998,127.8,120.61,137.91,24.98,Cornering,"Hoosier 43075 16x7.5-10 R20, 7 inch rim",18055
78.51,724.194,-4.51,-15.04,-48.94,3.993,-10.04,21.01,0.03,0.0922,0.3072,11.95,160167,8.03,91.19,0.365,-0,-0.9999,127.8,120.52,137.93,24.98,Cornering,"Hoosier 43075 16x7.5-10 R20, 7 inch rim",18056
78.5,724.204,-3.97,-13.27,-49.73,3.99,-10.51,21.07,0.03,0.0798,0.2668,11.89,160130.2,8.03,91.17,0.318,-0,-0.9999,127.7,120.41,137.93,24.97,Cornering,"Hoosier 43075 16x7.5-10 R20, 7 inch rim",18057
78.48,724.214,-3.16,-11.72,-49.89,3.994,-10.88,20.73,0.03,0.0634,0.235,11.93,160056.06,8.03,91.18,0.285,-0,-0.9999,127.68,120.3,137.91,24.96,Cornering,"Hoosier 43075 16x7.5-10 R20, 7 inch rim",18058
78.5,724.224,-2.47,-10.15,-50.04,3.993,-10.35,19.83,0.03,0.0493,0.2027,11.97,159981.84,8.03,91.12,0.256,-0,-0.9999,127.63,120.26,137.87,24.95,Cornering,"Hoosier 43075 16x7.5-10 R20, 7 inch rim",18059
78.52,724.234,-1.34,-8.63,-49.18,3.99,-10.42,19.43,-0.04,0.0273,0.1755,12.08,-99402.05,8.03,91.11,0.218,-0,-1.0001,127.61,120.3,137.89,24.94,Cornering,"Hoosier 43075 16x7.5-10 R20, 7 inch rim",18060
78.48,724.244,-0.65,-7.1,-48.2,3.984,-10.01,18.82,0.03,0.0134,0.1474,12.11,159981.98,8.03,91.09,0.178,-0,-0.9999,127.57,120.3,137.81,24.95,Cornering,"Hoosier 43075 16x7.5-10 R20, 7 inch rim",18061
78.48,724.254,-0.29,-5.51,-47.29,3.997,-9.94,18.94,-0.04,0.0061,0.1166,12.13,-99517.55,8.03,91.08,0.138,-0,-1.0001,127.52,120.37,137.71,24.97,Cornering,"Hoosier 43075 16x7.5-10 R20, 7 inch rim",18062
78.51,724.264,-0.56,-3.72,-46.38,4,-9.79,19.07,0.03,0.0122,0.0802,12.08,160093.36,8.03,91.07,0.106,-0,-0.9999,127.61,120.43,137.65,24.97,Cornering,"Hoosier 43075 16x7.5-10 R20, 7 inch rim",18063
78.5,724.274,-1.48,-1.54,-46,3.996,-9.21,19.24,-0.04,0.0322,0.0335,12.02,-99517.34,8.03,91.1,0.053,-0,-1.0001,127.59,120.5,137.57,24.97,Cornering,"Hoosier 43075 16x7.5-10 R20, 7 inch rim",18064
78.48,724.284,-3.67,0.63,-46.08,3.997,-9,18.39,-0.04,0.0797,-0.0137,11.98,-99517.17,8.03,91.09,0.016,-0,-1.0001,127.63,120.52,137.51,24.97,Cornering,"Hoosier 43075 16x7.5-10 R20, 7 inch rim",18065
78.49,724.294,-5.15,2.55,-46.95,3.996,-8.97,18.12,0.09,0.1097,-0.0544,11.99,44373.28,8.03,91.06,-0.021,-0,-0.9998,127.65,120.41,137.47,24.97,Cornering,"Hoosier 43075 16x7.5-10 R20, 7 inch rim",18066
78.52,724.304,-6.67,4.02,-47.61,3.988,-10,17.07,0.03,0.1401,-0.0844,12.04,160092.09,8.03,91.05,-0.059,-0,-0.9999,127.61,120.21,137.45,24.97,Cornering,"Hoosier 43075 16x7.5-10 R20, 7 inch rim",18067
78.5,724.314,-6.67,6.11,-48.8,3.988,-10.37,16.93,-0.04,0.1367,-0.1252,12.11,-99493.18,8.03,91.04,-0.112,-0,-1.0001,127.55,120.06,137.39,24.96,Cornering,"Hoosier 43075 16x7.5-10 R20, 7 inch rim",18068
78.48,724.324,-6.53,8.12,-49.47,4,-10.99,16.14,-0.11,0.132,-0.1641,12.18,-37915.62,8.03,91.05,-0.149,-0,-1.0002,127.55,119.93,137.35,24.94,Cornering,"Hoosier 43075 16x7.5-10 R20, 7 inch rim",18069
78.51,724.334,-5.5,9.43,-49.95,3.991,-11.17,15.71,0.03,0.11,-0.1888,12.18,159829.89,8.03,91.05,-0.196,-0,-0.9999,127.48,119.79,137.29,24.93,Cornering,"Hoosier 43075 16x7.5-10 R20, 7 inch rim",18070
78.51,724.344,-4.74,11.44,-49.3,3.985,-10.98,14.88,0.09,0.0962,-0.2321,12.11,44300.25,8.03,91.06,-0.245,-0,-0.9998,127.44,119.68,137.23,24.93,Cornering,"Hoosier 43075 16x7.5-10 R20, 7 inch rim",18071
78.48,724.354,-3.35,13.29,-49.34,3.991,-9.84,15.2,0.03,0.0678,-0.2694,12.04,160088.19,8.03,91.06,-0.286,-0,-0.9999,127.48,119.73,137.17,24.97,Cornering,"Hoosier 43075 16x7.5-10 R20, 7 inch rim",18072
78.5,724.364,-2.43,15.3,-48.3,3.981,-9.68,15.65,0.16,0.0503,-0.3167,11.96,25772.14,8.03,91.1,-0.344,-0,-0.9997,127.42,119.68,137.04,24.99,Cornering,"Hoosier 43075 16x7.5-10 R20, 7 inch rim",18073
78.51,724.374,-1.9,17.5,-46.71,3.987,-9.65,16.39,0.03,0.0407,-0.3746,11.95,160345.8,8.03,91.13,-0.387,-0,-0.9999,127.37,119.75,136.96,25.01,Cornering,"Hoosier 43075 16x7.5-10 R20, 7 inch rim",18074
78.5,724.384,-1.55,19.97,-46.35,3.985,-8.9,17.88,0.09,0.0335,-0.431,11.97,44422.52,8.03,91.15,-0.431,-0,-0.9998,127.35,119.84,136.88,25,Cornering,"Hoosier 43075 16x7.5-10 R20, 7 inch rim",18075
78.48,724.394,-2.27,22.29,-46.23,3.987,-8.54,18.62,-0.04,0.049,-0.4822,12.05,-99626.68,8.03,91.18,-0.47,-0,-1.0001,127.4,119.93,136.9,25,Cornering,"Hoosier 43075 16x7.5-10 R20, 7 inch rim",18076
78.51,724.404,-3.26,24.27,-46.32,3.994,-9.39,19.3,-0.04,0.0704,-0.524,12.14,-99579.61,8.03,91.19,-0.513,-0,-1.0001,127.44,119.9,136.86,24.98,Cornering,"Hoosier 43075 16x7.5-10 R20, 7 inch rim",18077
78.51,724.414,-3.87,26.19,-47.34,3.996,-9.24,20.04,0.03,0.0818,-0.5533,12.14,160117.81,8.03,91.22,-0.545,-0,-0.9999,127.4,119.82,136.8,24.97,Cornering,"Hoosier 43075 16x7.5-10 R20, 7 inch rim",18078
78.48,724.424,-3.32,27.51,-48.07,3.987,-10.65,20.92,-0.04,0.069,-0.5722,12.09,-99508.98,8.03,91.27,-0.573,-0,-1.0001,127.35,119.68,136.78,24.97,Cornering,"Hoosier 43075 16x7.5-10 R20, 7 inch rim",18079
78.5,724.434,-2.29,29.68,-48.75,3.996,-11.23,21.35,0.09,0.0469,-0.6089,12,44348.7,8.03,91.28,-0.614,-0,-0.9998,127.31,119.55,136.74,24.96,Cornering,"Hoosier 43075 16x7.5-10 R20, 7 inch rim",18080
78.52,724.444,-1.08,31.41,-49.56,4.004,-11.02,21.31,0.03,0.0217,-0.6336,11.93,160002.36,8.03,91.3,-0.65,-0,-0.9999,127.27,119.44,136.7,24.96,Cornering,"Hoosier 43075 16x7.5-10 R20, 7 inch rim",18081
78.5,724.454,-0.22,33.16,-49.62,3.997,-10.65,20.24,0.03,0.0045,-0.6683,11.93,160038.45,8.03,91.32,-0.676,-0,-0.9999,127.25,119.33,136.66,24.96,Cornering,"Hoosier 43075 16x7.5-10 R20, 7 inch rim",18082
78.48,724.464,-0.11,34.88,-48.8,3.985,-9.89,18.65,-0.04,0.0023,-0.7147,11.97,-99481.95,8.03,91.33,-0.729,-0,-1.0001,127.27,119.33,136.58,24.96,Cornering,"Hoosier 43075 16x7.5-10 R20, 7 inch rim",18083
78.5,724.474,-0.16,36.47,-47.46,3.994,-9.59,17.32,0.03,0.0034,-0.7685,12.05,159998.25,8.03,91.33,-0.746,-0,-0.9999,127.16,119.35,136.52,24.96,Cornering,"Hoosier 43075 16x7.5-10 R20, 7 inch rim",18084
78.52,724.484,-0.53,37.97,-46.13,3.99,-9.37,16.29,0.03,0.0116,-0.8231,12.12,159959.77,8.03,91.36,-0.775,-0,-0.9999,127.12,119.44,136.4,24.95,Cornering,"Hoosier 43075 16x7.5-10 R20, 7 inch rim",18085
78.49,724.494,-0.83,39.48,-45.98,3.997,-8.6,16.23,0.03,0.0181,-0.8586,12.16,159846.88,8.03,91.35,-0.805,-0,-0.9999,127.12,119.49,136.34,24.93,Cornering,"Hoosier 43075 16x7.5-10 R20, 7 inch rim",18086
78.48,724.504,-2.94,41.06,-45.93,3.993,-8.13,14.9,0.03,0.064,-0.894,12.13,159919.38,8.03,91.35,-0.842,-0,-0.9999,127.12,119.55,136.3,24.94,Cornering,"Hoosier 43075 16x7.5-10 R20, 7 inch rim",18087
78.52,724.514,-5.27,42.47,-46.33,3.996,-8.16,13.63,0.09,0.1138,-0.9165,12.07,44314.52,8.03,91.31,-0.876,-0,-0.9998,127.18,119.6,136.28,24.94,Cornering,"Hoosier 43075 16x7.5-10 R20, 7 inch rim",18088
78.5,724.524,-7.14,43.4,-46.68,3.996,-9.89,12.75,-0.04,0.1531,-0.9298,12.01,-99406.86,8.03,91.28,-0.919,-0,-1.0001,127.14,119.57,136.22,24.94,Cornering,"Hoosier 43075 16x7.5-10 R20, 7 inch rim",18089
78.47,724.534,-8.01,44.91,-48.39,3.994,-10.46,12.19,0.09,0.1656,-0.928,11.99,44313.45,8.03,91.27,-0.949,-0,-0.9998,127.1,119.44,136.22,24.94,Cornering,"Hoosier 43075 16x7.5-10 R20, 7 inch rim",18090
78.5,724.544,-8,46.6,-49.62,3.979,-11.05,11.7,-0.04,0.1613,-0.9393,12.02,-99473.44,8.03,91.26,-0.998,-0,-1.0001,127.07,119.4,136.18,24.96,Cornering,"Hoosier 43075 16x7.5-10 R20, 7 inch rim",18091
78.52,724.554,-7.8,48.97,-50.45,3.984,-11.28,10.69,0.09,0.1545,-0.9706,12.08,44343.12,8.03,91.27,-1.027,-0,-0.9998,127.05,119.29,136.16,24.96,Cornering,"Hoosier 43075 16x7.5-10 R20, 7 inch rim",18092
78.5,724.564,-7.26,50.65,-50.44,3.99,-11.65,9.67,0.03,0.1439,-1.0042,12.14,160054.78,8.03,91.27,-1.08,-0,-0.9999,127.05,119.2,136.12,24.97,Cornering,"Hoosier 43075 16x7.5-10 R20, 7 inch rim",18093
78.48,724.574,-5.98,52.49,-49.93,3.988,-11.38,9.41,0.03,0.1197,-1.0514,12.17,159976.97,8.03,91.25,-1.135,-0,-0.9999,127.03,119.22,136.07,24.96,Cornering,"Hoosier 43075 16x7.5-10 R20, 7 inch rim",18094
78.52,724.584,-4.49,53.89,-49.86,3.991,-10.1,10.06,0.03,0.09,-1.0807,12.11,159973.5,8.03,91.21,-1.188,-0,-0.9999,127.03,119.24,136.03,24.96,Cornering,"Hoosier 43075 16x7.5-10 R20, 7 inch rim",18095
78.51,724.594,-3.69,55.28,-49.24,3.985,-9.7,10.61,0.03,0.075,-1.1227,12.04,160008.34,8.03,91.19,-1.223,-0,-0.9999,126.99,119.29,135.97,24.96,Cornering,"Hoosier 43075 16x7.5-10 R20, 7 inch rim",18096
78.48,724.604,-3.57,56.92,-48.44,3.988,-9.33,11.36,0.03,0.0737,-1.1752,11.94,160116.61,8.03,91.2,-1.269,-0,-0.9999,126.9,119.35,135.89,24.98,Cornering,"Hoosier 43075 16x7.5-10 R20, 7 inch rim",18097
78.49,724.614,-3.47,58.78,-48.14,3.985,-9.32,12.98,-0.04,0.0721,-1.221,11.91,-99645.51,8.03,91.2,-1.311,-0,-1.0001,126.88,119.42,135.85,25.01,Cornering,"Hoosier 43075 16x7.5-10 R20, 7 inch rim",18098
78.52,724.624,-3.78,60.45,-48.22,3.994,-9.5,14.36,0.03,0.0784,-1.2537,11.94,160369.23,8.03,91.24,-1.37,-0,-0.9999,126.92,119.44,135.81,25.02,Cornering,"Hoosier 43075 16x7.5-10 R20, 7 inch rim",18099
78.49,724.634,-3.53,61.77,-49.41,3.991,-9.71,16.42,0.09,0.0715,-1.2502,12.02,44449.14,8.03,91.28,-1.409,-0,-0.9998,126.88,119.38,135.77,25.03,Cornering,"Hoosier 43075 16x7.5-10 R20, 7 inch rim",18100
78.49,724.644,-3.55,63.19,-50.25,3.997,-10.82,17.52,0.03,0.0707,-1.2575,12.11,160214.06,8.02,91.32,-1.455,-0,-0.9999,126.95,119.24,135.71,25,Cornering,"Hoosier 43075 16x7.5-10 R20, 7 inch rim",18101
78.5,724.654,-2.42,64.99,-51.18,3.987,-11.83,19.02,0.03,0.0472,-1.2698,12.14,160209.64,8.03,91.33,-1.509,-0,-0.9999,126.92,119.09,135.63,25,Cornering,"Hoosier 43075 16x7.5-10 R20, 7 inch rim",18102
78.5,724.664,-1.2,66.92,-52.44,3.99,-11.75,19.8,-0.04,0.0229,-1.2762,12.12,-99541.22,8.03,91.35,-1.555,-0,-1.0001,126.92,118.96,135.59,24.98,Cornering,"Hoosier 43075 16x7.5-10 R20, 7 inch rim",18103
78.49,724.674,0.53,68.97,-52.94,3.99,-11.57,20.26,0.03,-0.01,-1.3028,12.06,160129.33,8.03,91.37,-1.581,-0,-0.9999,126.9,118.87,135.55,24.98,Cornering,"Hoosier 43075 16x7.5-10 R20, 7 inch rim",18104
78.5,724.684,1.87,70.67,-53.02,3.997,-10.72,20.17,0.09,-0.0353,-1.3327,12,44392.53,8.02,91.36,-1.632,-0,-0.9998,126.88,118.85,135.47,25,Cornering,"Hoosier 43075 16x7.5-10 R20, 7 inch rim",18105
78.52,724.694,2.82,71.9,-52.39,3.993,-10.34,19.72,0.03,-0.0538,-1.3722,11.96,160196.95,8.03,91.37,-1.657,-0,-0.9999,126.86,118.87,135.43,25,Cornering,"Hoosier 43075 16x7.5-10 R20, 7 inch rim",18106
78.49,724.704,3.51,72.79,-51.47,3.988,-10.56,19.44,-0.04,-0.0682,-1.4143,12,-99533.38,8.02,91.39,-1.698,-0,-1.0001,126.77,118.87,135.37,24.98,Cornering,"Hoosier 43075 16x7.5-10 R20, 7 inch rim",18107
78.48,724.714,3.36,73.4,-51.24,3.988,-9.94,18.99,0.09,-0.0655,-1.4326,12.06,44379.34,8.03,91.4,-1.747,-0,-0.9998,126.69,118.96,135.27,24.99,Cornering,"Hoosier 43075 16x7.5-10 R20, 7 inch rim",18108
78.51,724.724,2.13,74.3,-50.61,3.987,-9.95,18.39,0.09,-0.042,-1.4683,12.14,44358.45,8.03,91.38,-1.758,-0,-0.9998,126.71,118.98,135.23,24.98,Cornering,"Hoosier 43075 16x7.5-10 R20, 7 inch rim",18109
78.51,724.734,-0.75,75.09,-50.32,3.978,-10.61,16.33,0.09,0.0149,-1.4924,12.15,44367.18,8.03,91.37,-1.817,-0,-0.9998,126.82,119.05,135.19,24.98,Cornering,"Hoosier 43075 16x7.5-10 R20, 7 inch rim",18110
78.48,724.744,-2.61,76,-50.69,3.988,-10.95,15.51,0.09,0.0516,-1.4993,12.14,44407.89,8.02,91.34,-1.834,-0,-0.9998,126.82,119.11,135.19,25.01,Cornering,"Hoosier 43075 16x7.5-10 R20, 7 inch rim",18111
78.49,724.754,-4.01,77.46,-51.83,3.99,-10.75,14.75,0.03,0.0774,-1.4945,12.05,160324.56,8.03,91.31,-1.877,-0,-0.9999,126.82,118.98,135.13,25.02,Cornering,"Hoosier 43075 16x7.5-10 R20, 7 inch rim",18112
78.51,724.764,-5.83,79.08,-53.13,3.993,-11.12,12.87,-0.04,0.1098,-1.4884,11.97,-99659.05,8.02,91.29,-1.911,-0,-1.0001,126.84,118.76,135.08,25.02,Cornering,"Hoosier 43075 16x7.5-10 R20, 7 inch rim",18113
78.5,724.774,-6.03,80.87,-54.43,3.994,-11.3,11.87,0.09,0.1108,-1.4857,11.95,44405.13,8.02,91.27,-1.933,-0,-0.9998,126.86,118.56,135.04,25.01,Cornering,"Hoosier 43075 16x7.5-10 R20, 7 inch rim",18114
78.47,724.784,-5.96,82.63,-55.1,3.993,-11.16,10.41,0.03,0.1082,-1.4997,11.97,160165.67,8.02,91.27,-1.977,-0,-0.9999,126.84,118.52,135.02,25,Cornering,"Hoosier 43075 16x7.5-10 R20, 7 inch rim",18115
78.5,724.794,-4.92,83.77,-55.62,3.99,-10.79,9.69,0.03,0.0884,-1.5061,12.04,160197.94,8.03,91.28,-2.023,-0,-0.9999,126.84,118.45,135,25,Cornering,"Hoosier 43075 16x7.5-10 R20, 7 inch rim",18116
78.51,724.804,-4.17,84.16,-54.64,3.994,-11.18,8.74,0.03,0.0764,-1.5402,12.09,160194.69,8.02,91.26,-2.053,-0,-0.9999,126.77,118.43,134.96,25,Cornering,"Hoosier 43075 16x7.5-10 R20, 7 inch rim",18117
78.49,724.814,-4.27,84.12,-53.74,3.991,-11.37,7.59,0.03,0.0795,-1.5652,12.11,160152.34,8.02,91.25,-2.1,-0,-0.9999,126.75,118.45,134.94,25,Cornering,"Hoosier 43075 16x7.5-10 R20, 7 inch rim",18118
78.48,724.824,-3.67,84.08,-52.84,3.985,-11.56,7.89,0.03,0.0696,-1.5914,12.1,160185.14,8.03,91.24,-2.139,-0,-0.9999,126.67,118.47,134.86,25,Cornering,"Hoosier 43075 16x7.5-10 R20, 7 inch rim",18119
78.51,724.834,-3.54,84.6,-52.07,3.998,-11.39,8.7,0.09,0.068,-1.6248,12,44377.14,8.02,91.26,-2.178,-0,-0.9998,126.62,118.54,134.78,25,Cornering,"Hoosier 43075 16x7.5-10 R20, 7 inch rim",18120
78.51,724.844,-3.67,85.89,-51.93,3.985,-10.67,9.84,0.09,0.0707,-1.6541,11.95,44365.65,8.03,91.3,-2.215,-0,-0.9998,126.65,118.58,134.76,24.99,Cornering,"Hoosier 43075 16x7.5-10 R20, 7 inch rim",18121
78.47,724.854,-4.28,86.82,-51.96,3.985,-11.1,10.93,0.09,0.0824,-1.6709,11.92,44363.77,8.03,91.33,-2.272,-0,-0.9998,126.6,118.65,134.74,24.99,Cornering,"Hoosier 43075 16x7.5-10 R20, 7 inch rim",18122
78.5,724.864,-5.11,88.06,-52.42,3.99,-11.57,11.74,-0.04,0.0975,-1.68,11.95,-99585.3,8.02,91.33,-2.308,-0,-1.0001,126.52,118.58,134.68,25.01,Cornering,"Hoosier 43075 16x7.5-10 R20, 7 inch rim",18123
78.53,724.874,-5.41,89.85,-53.61,3.99,-11.42,12.46,-0.04,0.1008,-1.6758,12.03,-99536.2,8.03,91.32,-2.347,-0,-1.0001,126.52,118.41,134.7,25,Cornering,"Hoosier 43075 16x7.5-10 R20, 7 inch rim",18124
78.49,724.884,-4.51,91.46,-54.94,3.994,-11.92,13.57,0.03,0.0821,-1.6648,12.11,160044.22,8.02,91.31,-2.387,-0,-0.9999,126.47,118.3,134.7,24.98,Cornering,"Hoosier 43075 16x7.5-10 R20, 7 inch rim",18125
78.48,724.894,-3.2,93.56,-55.88,3.988,-11.89,14.31,0.09,0.0573,-1.6745,12.19,44316.98,8.03,91.29,-2.437,-0,-0.9998,126.43,118.17,134.7,24.97,Cornering,"Hoosier 43075 16x7.5-10 R20, 7 inch rim",18126
78.51,724.904,-1.58,94.37,-56.62,3.993,-12,14.89,0.09,0.028,-1.6668,12.16,44305.11,8.02,91.29,-2.481,-0,-0.9998,126.5,118.12,134.68,24.96,Cornering,"Hoosier 43075 16x7.5-10 R20, 7 inch rim",18127
78.5,724.914,0.29,94.96,-56.13,3.994,-11.91,15.61,0.03,-0.0052,-1.6917,12.08,159765.33,8.02,91.27,-2.534,-0,-0.9999,126.37,118.06,134.62,24.94,Cornering,"Hoosier 43075 16x7.5-10 R20, 7 inch rim",18128
78.48,724.924,1.95,95.1,-55.67,3.991,-11.4,16.39,-0.04,-0.0351,-1.7082,12,-99310.15,8.03,91.29,-2.576,-0,-1.0001,126.37,118.1,134.6,24.94,Cornering,"Hoosier 43075 16x7.5-10 R20, 7 inch rim",18129
78.5,724.934,2.8,95.17,-54.5,3.994,-11.3,16.91,0.03,-0.0514,-1.7463,11.97,159717.66,8.02,91.26,-2.613,-0,-0.9999,126.32,118.17,134.48,24.94,Cornering,"Hoosier 43075 16x7.5-10 R20, 7 inch rim",18130
78.52,724.944,3.16,95.93,-53.85,3.99,-10.43,17.6,0.03,-0.0586,-1.7814,12,159674.66,8.03,91.22,-2.656,-0,-0.9999,126.26,118.19,134.38,24.93,Cornering,"Hoosier 43075 16x7.5-10 R20, 7 inch rim",18131
78.5,724.954,2.23,97.34,-53.33,3.981,-9.66,17.53,0.03,-0.0418,-1.8254,12.11,159670.67,8.03,91.2,-2.685,-0,-0.9999,126.3,118.32,134.34,24.93,Cornering,"Hoosier 43075 16x7.5-10 R20, 7 inch rim",18132
78.48,724.964,1.04,98.25,-53.02,3.981,-10.23,17.68,0.09,-0.0196,-1.8531,12.16,44224.13,8.03,91.19,-2.72,-0,-0.9998,126.37,118.36,134.3,24.92,Cornering,"Hoosier 43075 16x7.5-10 R20, 7 inch rim",18133
78.51,724.974,-0.95,99.14,-53.22,3.993,-10.74,16.91,-0.04,0.0179,-1.8629,12.18,-99155.53,8.02,91.18,-2.763,-0,-1.0001,126.41,118.41,134.26,24.91,Cornering,"Hoosier 43075 16x7.5-10 R20, 7 inch rim",18134
78.51,724.984,-2.56,100.15,-53.93,3.982,-11.34,15.88,0.09,0.0475,-1.8571,12.14,44190.15,8.03,91.2,-2.799,-0,-0.9998,126.45,118.25,134.26,24.9,Cornering,"Hoosier 43075 16x7.5-10 R20, 7 inch rim",18135
78.48,724.994,-3.29,101.3,-55.42,3.988,-12.05,14.98,-0.04,0.0594,-1.8279,12.1,-99240.2,8.02,91.22,-2.848,-0,-1.0001,126.43,118.14,134.26,24.93,Cornering,"Hoosier 43075 16x7.5-10 R20, 7 inch rim",18136
78.5,725.004,-3.64,102.9,-56.63,3.997,-12.09,13.87,-0.04,0.0643,-1.8169,12,-99285.02,8.02,91.21,-2.862,-0,-1.0001,126.5,118.08,134.28,24.94,Cornering,"Hoosier 43075 16x7.5-10 R20, 7 inch rim",18137
78.52,725.014,-3.47,104.04,-57.17,3.993,-12.57,12.43,0.03,0.0607,-1.8199,11.95,159788.91,8.02,91.2,-2.894,-0,-0.9999,126.47,117.97,134.24,24.96,Cornering,"Hoosier 43075 16x7.5-10 R20, 7 inch rim",18138
78.5,725.024,-3.25,104.82,-57.03,3.99,-12.11,10.91,0.03,0.057,-1.8381,11.97,159669.36,8.03,91.2,-2.948,-0,-0.9999,126.5,117.9,134.2,24.94,Cornering,"Hoosier 43075 16x7.5-10 R20, 7 inch rim",18139
78.47,725.034,-2.66,104.64,-56.83,3.996,-11.33,10.15,-0.04,0.0469,-1.8414,12,-99228,8.02,91.18,-2.978,-0,-1.0001,126.52,117.95,134.16,24.93,Cornering,"Hoosier 43075 16x7.5-10 R20, 7 inch rim",18140
78.5,725.044,-2.57,104.79,-55.43,3.978,-10.71,9.3,0.09,0.0465,-1.8906,12.06,44253.13,8.03,91.17,-3.015,-0,-0.9998,126.5,117.97,134.09,24.94,Cornering,"Hoosier 43075 16x7.5-10 R20, 7 inch rim",18141
78.51,725.054,-2.1,104.36,-54.36,3.991,-10.79,9.77,0.03,0.0386,-1.9196,12.11,159728.95,8.02,91.18,-3.043,-0,-0.9999,126.47,118.01,134.01,24.95,Cornering,"Hoosier 43075 16x7.5-10 R20, 7 inch rim",18142
78.48,725.064,-2.68,105.1,-53.3,3.984,-10.57,9.92,0.03,0.0503,-1.9719,12.08,159867.84,8.02,91.2,-3.103,-0,-0.9999,126.45,118.12,133.97,24.97,Cornering,"Hoosier 43075 16x7.5-10 R20, 7 inch rim",18143
78.49,725.074,-3.52,105.68,-52.91,3.987,-11.14,10.25,0.03,0.0665,-1.9971,12.03,160011.19,8.03,91.23,-3.134,-0,-0.9999,126.5,118.14,133.97,25,Cornering,"Hoosier 43075 16x7.5-10 R20, 7 inch rim",18144
78.52,725.084,-4.74,106.96,-53.48,3.987,-10.33,10.45,-0.04,0.0886,-1.9999,11.94,-99506.45,8.02,91.23,-3.194,-0,-1.0001,126.56,118.14,134.01,25.01,Cornering,"Hoosier 43075 16x7.5-10 R20, 7 inch rim",18145
78.5,725.094,-5.68,107.58,-54.2,3.996,-11.53,10.76,-0.04,0.1048,-1.9847,11.87,-99527.15,8.02,91.26,-3.217,-0,-1.0001,126.56,118.12,134.05,25.01,Cornering,"Hoosier 43075 16x7.5-10 R20, 7 inch rim",18146
78.48,725.104,-5.72,109.07,-55.21,3.985,-12.23,11.29,-0.11,0.1036,-1.9757,11.89,-37961.98,8.03,91.29,-3.267,-0,-1.0002,126.56,117.97,134.05,25.01,Cornering,"Hoosier 43075 16x7.5-10 R20, 7 inch rim",18147
78.5,725.114,-5.28,110.52,-56.23,3.987,-13.14,11.66,-0.04,0.094,-1.9654,11.95,-99445.8,8.03,91.3,-3.333,-0,-1.0001,126.56,117.86,134.03,25,Cornering,"Hoosier 43075 16x7.5-10 R20, 7 inch rim",18148
78.51,725.124,-3.86,112.02,-57.33,3.979,-13.35,12.13,-0.04,0.0674,-1.954,12.06,-99420.3,8.03,91.29,-3.356,-0,-1.0001,126.54,117.77,134.05,24.99,Cornering,"Hoosier 43075 16x7.5-10 R20, 7 inch rim",18149
78.49,725.134,-2.48,112.93,-57.56,3.988,-12.92,12.25,-0.04,0.0432,-1.9621,12.09,-99346.65,8.02,91.28,-3.398,-0,-1.0001,126.56,117.7,134.05,24.97,Cornering,"Hoosier 43075 16x7.5-10 R20, 7 inch rim",18150
78.48,725.144,-0.48,113.16,-57.42,4.01,-11.56,13.32,0.03,0.0084,-1.9708,12.09,159701.97,8.02,91.27,-3.428,-0,-0.9999,126.54,117.7,134.03,24.96,Cornering,"Hoosier 43075 16x7.5-10 R20, 7 inch rim",18151
78.51,725.154,0.78,113.02,-56.15,3.988,-10.83,13.74,-0.04,-0.014,-2.0128,12.04,-99244.04,8.02,91.26,-3.492,-0,-1.0001,126.58,117.68,133.95,24.95,Cornering,"Hoosier 43075 16x7.5-10 R20, 7 inch rim",18152
78.51,725.164,1.67,112.61,-54.84,3.994,-10.49,14.5,-0.04,-0.0304,-2.0535,11.97,-99195.22,8.02,91.28,-3.517,-0,-1.0001,126.54,117.75,133.83,24.94,Cornering,"Hoosier 43075 16x7.5-10 R20, 7 inch rim",18153
78.47,725.174,1.62,112.43,-53.92,3.985,-10.71,15.18,-0.04,-0.0301,-2.0853,11.92,-99234.87,8.03,91.29,-3.574,-0,-1.0001,126.5,117.79,133.75,24.95,Cornering,"Hoosier 43075 16x7.5-10 R20, 7 inch rim",18154
78.51,725.184,1.68,113.14,-53.4,3.993,-10.68,16.45,0.16,-0.0315,-2.1186,11.89,25681.06,8.02,91.29,-3.61,-0,-0.9997,126.52,117.99,133.71,24.96,Cornering,"Hoosier 43075 16x7.5-10 R20, 7 inch rim",18155
78.51,725.194,0.59,113.56,-53.39,4.001,-11.41,16.95,0.03,-0.011,-2.1269,11.95,159702.58,8.02,91.3,-3.63,-0,-0.9999,126.58,118.06,133.67,24.96,Cornering,"Hoosier 43075 16x7.5-10 R20, 7 inch rim",18156
78.48,725.204,-0.6,114.11,-54.21,3.991,-11.98,17.04,-0.04,0.0111,-2.105,12.03,-99269.26,8.03,91.31,-3.675,-0,-1.0001,126.62,118.01,133.59,24.96,Cornering,"Hoosier 43075 16x7.5-10 R20, 7 inch rim",18157
78.49,725.214,-1.66,115.13,-55.39,3.987,-12.23,16.75,-0.04,0.0299,-2.0786,12.12,-99241.34,8.03,91.31,-3.717,-0,-1.0001,126.65,117.95,133.59,24.96,Cornering,"Hoosier 43075 16x7.5-10 R20, 7 inch rim",18158
78.51,725.224,-2.17,116.43,-56.47,3.988,-12.67,16.08,0.16,0.0385,-2.0618,12.15,25676.33,8.03,91.35,-3.766,-0,-0.9997,126.62,117.79,133.57,24.96,Cornering,"Hoosier 43075 16x7.5-10 R20, 7 inch rim",18159
78.51,725.234,-2.33,117.82,-56.97,3.998,-13.09,15.03,0.09,0.0409,-2.0683,12.12,44257.32,8.03,91.37,-3.78,-0,-0.9998,126.65,117.7,133.53,24.97,Cornering,"Hoosier 43075 16x7.5-10 R20, 7 inch rim",18160
78.48,725.244,-2,119.03,-57.91,3.987,-11.87,13.71,0.03,0.0345,-2.0555,12.06,159775.06,8.03,91.39,-3.833,-0,-0.9999,126.62,117.59,133.55,24.98,Cornering,"Hoosier 43075 16x7.5-10 R20, 7 inch rim",18161
78.5,725.254,-1.71,119.1,-56.83,3.991,-12.1,12.36,-0.04,0.0301,-2.0957,11.99,-99385.09,8.03,91.37,-3.863,-0,-1.0001,126.67,117.57,133.57,25,Cornering,"Hoosier 43075 16x7.5-10 R20, 7 inch rim",18162
78.51,725.264,-1.27,118.47,-56.32,3.988,-11.03,11.45,0.09,0.0225,-2.1035,11.99,44332.18,8.03,91.38,-3.915,-0,-0.9998,126.69,117.61,133.57,25.01,Cornering,"Hoosier 43075 16x7.5-10 R20, 7 inch rim",18163
78.49,725.274,-1.57,117.67,-55.44,3.984,-10.17,10.35,0.09,0.0284,-2.1225,12.02,44299.61,8.03,91.37,-3.946,-0,-0.9998,126.62,117.61,133.57,25,Cornering,"Hoosier 43075 16x7.5-10 R20, 7 inch rim",18164
78.48,725.284,-1.78,116.92,-54.71,4.003,-10.31,10.18,-0.11,0.0325,-2.1371,12.1,-37868.91,8.02,91.39,-3.983,-0,-1.0002,126.58,117.66,133.59,24.97,Cornering,"Hoosier 43075 16x7.5-10 R20, 7 inch rim",18165
78.51,725.294,-2.59,116.44,-54.03,3.994,-10.93,10.18,-0.04,0.048,-2.1553,12.16,-99250.94,8.03,91.38,-4.015,-0,-1.0001,126.6,117.79,133.63,24.97,Cornering,"Hoosier 43075 16x7.5-10 R20, 7 inch rim",18166
78.51,725.304,-3.28,116.73,-53.94,3.997,-11.28,10.65,-0.11,0.0607,-2.1642,12.17,-37865.37,8.02,91.4,-4.056,-0,-1.0002,126.58,117.88,133.63,24.97,Cornering,"Hoosier 43075 16x7.5-10 R20, 7 inch rim",18167
78.49,725.314,-4.46,117.04,-53.5,3.987,-12.43,10.75,0.03,0.0833,-2.1878,12.11,159832.41,8.03,91.42,-4.099,-0,-0.9999,126.69,117.88,133.69,25,Cornering,"Hoosier 43075 16x7.5-10 R20, 7 inch rim",18168
78.49,725.324,-5.39,117.82,-54.4,3.998,-12.74,11.07,0.03,0.0991,-2.1657,12.04,159970.73,8.03,91.48,-4.147,-0,-0.9999,126.62,117.75,133.73,25.02,Cornering,"Hoosier 43075 16x7.5-10 R20, 7 inch rim",18169
78.51,725.334,-5.06,119.8,-55.23,3.984,-12.21,11.67,0.09,0.0916,-2.1693,11.97,44356.75,8.03,91.5,-4.202,-0,-0.9998,126.62,117.66,133.75,25.04,Cornering,"Hoosier 43075 16x7.5-10 R20, 7 inch rim",18170
78.5,725.344,-4.7,121.25,-56.71,3.994,-11.91,11.76,0.09,0.0829,-2.1382,11.95,44334.69,8.03,91.51,-4.228,-0,-0.9998,126.62,117.61,133.75,25.03,Cornering,"Hoosier 43075 16x7.5-10 R20, 7 inch rim",18171
78.47,725.354,-3.49,122.46,-57.13,3.972,-11.65,11.95,0.03,0.0611,-2.1436,11.96,159944.34,8.03,91.48,-4.27,-0,-0.9999,126.6,117.5,133.77,25.02,Cornering,"Hoosier 43075 16x7.5-10 R20, 7 inch rim",18172
78.51,725.364,-2.14,122.68,-56.73,3.99,-11.63,12.21,0.03,0.0377,-2.1624,12.04,159822.25,8.03,91.45,-4.32,-0,-0.9999,126.56,117.39,133.79,25,Cornering,"Hoosier 43075 16x7.5-10 R20, 7 inch rim",18173
78.51,725.374,-0.3,121.65,-56.96,3.982,-10.66,12.84,0.03,0.0053,-2.1355,12.08,159778.25,8.03,91.43,-4.351,-0,-0.9999,126.62,117.44,133.79,25,Cornering,"Hoosier 43075 16x7.5-10 R20, 7 inch rim",18174
78.49,725.384,0.63,119.96,-55.05,3.984,-11.86,13.19,0.03,-0.0115,-2.179,12.09,159693.67,8.03,91.45,-4.399,-0,-0.9999,126.54,117.5,133.77,24.98,Cornering,"Hoosier 43075 16x7.5-10 R20, 7 inch rim",18175
78.49,725.394,1.45,119.29,-54.61,3.991,-10.52,14.16,0.09,-0.0266,-2.1844,12.05,44239.98,8.03,91.44,-4.434,-0,-0.9998,126.5,117.53,133.75,24.98,Cornering,"Hoosier 43075 16x7.5-10 R20, 7 inch rim",18176
78.52,725.404,1.04,118.39,-53.35,3.998,-11.67,14.52,0.03,-0.0196,-2.2193,11.98,159642.8,8.03,91.45,-4.46,-0,-0.9999,126.45,117.66,133.79,24.98,Cornering,"Hoosier 43075 16x7.5-10 R20, 7 inch rim",18177
78.5,725.414,0.12,118.7,-53.29,3.997,-11.24,14.8,0.03,-0.0022,-2.2277,11.94,159590.42,8.03,91.45,-4.527,-0,-0.9999,126.52,117.68,133.81,24.97,Cornering,"Hoosier 43075 16x7.5-10 R20, 7 inch rim",18178
78.47,725.424,-1.04,119.33,-52.92,3.99,-11.73,15.12,0.09,0.0196,-2.2549,11.93,44212.13,8.03,91.43,-4.55,-0,-0.9998,126.56,117.75,133.87,24.97,Cornering,"Hoosier 43075 16x7.5-10 R20, 7 inch rim",18179
78.5,725.434,-1.89,120.27,-53.09,3.988,-11.88,15.74,-0.04,0.0356,-2.2656,11.98,-99172.17,8.03,91.4,-4.595,-0,-1.0001,126.6,117.7,133.89,24.97,Cornering,"Hoosier 43075 16x7.5-10 R20, 7 inch rim",18180
78.52,725.444,-2.45,121.57,-53.95,3.987,-12.21,15.79,0.03,0.0454,-2.2534,12.06,159493.11,8.03,91.37,-4.628,-0,-0.9999,126.62,117.53,133.91,24.96,Cornering,"Hoosier 43075 16x7.5-10 R20, 7 inch rim",18181
78.49,725.454,-2.47,122.99,-55.23,4,-11.98,15.8,-0.04,0.0447,-2.227,12.11,-99138.09,8.03,91.37,-4.671,-0,-1.0001,126.6,117.44,133.91,24.96,Cornering,"Hoosier 43075 16x7.5-10 R20, 7 inch rim",18182
78.49,725.464,-2.28,124.05,-56.18,3.987,-11.75,14.83,0.09,0.0405,-2.2079,12.12,44180.91,8.03,91.37,-4.715,-0,-0.9998,126.65,117.33,133.89,24.96,Cornering,"Hoosier 43075 16x7.5-10 R20, 7 inch rim",18183
78.51,725.474,-1.38,123.87,-56.3,3.996,-11.58,14.36,0.09,0.0245,-2.2002,12.07,44198.58,8.03,91.38,-4.758,-0,-0.9998,126.67,117.31,133.89,24.97,Cornering,"Hoosier 43075 16x7.5-10 R20, 7 inch rim",18184
78.51,725.484,-0.37,122.44,-55.17,3.985,-12.4,13.85,0.09,0.0067,-2.2193,12.03,44207.21,8.03,91.36,-4.782,-0,-0.9998,126.69,117.28,133.89,24.97,Cornering,"Hoosier 43075 16x7.5-10 R20, 7 inch rim",18185
78.48,725.494,0.27,120.65,-55,4.004,-11.47,13.39,0.09,-0.005,-2.1934,11.95,44224.84,8.03,91.33,-4.825,-0,-0.9998,126.75,117.28,133.91,24.98,Cornering,"Hoosier 43075 16x7.5-10 R20, 7 inch rim",18186
78.5,725.504,-0.06,119.09,-53.51,3.984,-11.59,12.34,-0.04,0.0011,-2.2254,11.96,-99293.47,8.03,91.31,-4.862,-0,-1.0001,126.77,117.37,133.91,25.01,Cornering,"Hoosier 43075 16x7.5-10 R20, 7 inch rim",18187
78.51,725.514,-0.24,118.36,-52.59,3.994,-11.56,12.36,0.03,0.0045,-2.2508,11.99,159648.67,8.03,91.31,-4.904,-0,-0.9999,126.69,117.44,133.89,25,Cornering,"Hoosier 43075 16x7.5-10 R20, 7 inch rim",18188
78.5,725.524,-1.86,118.68,-52.04,3.985,-11.38,11.45,-0.04,0.0358,-2.2807,12.06,-99189.73,8.03,91.3,-4.938,-0,-1.0001,126.77,117.59,133.97,24.98,Cornering,"Hoosier 43075 16x7.5-10 R20, 7 inch rim",18189
78.48,725.534,-2.83,119.38,-51.54,3.994,-11.49,11.87,0.09,0.0549,-2.3162,12.11,44184.05,8.03,91.29,-4.971,-0,-0.9998,126.77,117.68,134.01,24.97,Cornering,"Hoosier 43075 16x7.5-10 R20, 7 inch rim",18190
78.51,725.544,-3.8,120.51,-52,3.991,-11.06,12.24,0.03,0.0731,-2.3177,12.12,159360.86,8.03,91.3,-5.019,-0,-0.9999,126.82,117.66,134.01,24.96,Cornering,"Hoosier 43075 16x7.5-10 R20, 7 inch rim",18191
78.51,725.554,-4.68,121.77,-52.47,3.994,-11.49,12.33,0.09,0.0891,-2.3208,12.06,44209.1,8.03,91.32,-5.053,-0,-0.9998,126.77,117.57,134.05,24.98,Cornering,"Hoosier 43075 16x7.5-10 R20, 7 inch rim",18192
78.48,725.564,-4.86,123.3,-53.82,3.984,-11.17,12.42,0.03,0.0903,-2.2908,11.96,159636.84,8.03,91.37,-5.097,-0,-0.9999,126.8,117.46,134.09,25,Cornering,"Hoosier 43075 16x7.5-10 R20, 7 inch rim",18193
78.49,725.574,-4.53,124.38,-54.55,3.994,-12.02,12.3,0.03,0.0831,-2.2801,11.91,159698.64,8.03,91.37,-5.145,-0,-0.9999,126.77,117.33,134.11,25.01,Cornering,"Hoosier 43075 16x7.5-10 R20, 7 inch rim",18194
78.51,725.584,-3.22,124.85,-55.59,3.974,-11.61,12.52,0.03,0.0579,-2.246,11.89,159686.31,8.04,91.37,-5.192,-0,-0.9999,126.77,117.22,134.16,25.01,Cornering,"Hoosier 43075 16x7.5-10 R20, 7 inch rim",18195
78.5,725.594,-1.98,124.1,-55.04,3.994,-12.46,12.59,-0.04,0.0359,-2.2547,11.95,-99190.08,8.03,91.38,-5.225,-0,-1.0001,126.8,117.2,134.18,25,Cornering,"Hoosier 43075 16x7.5-10 R20, 7 inch rim",18196
78.48,725.604,-0.57,122.71,-54.72,3.99,-11.91,13.02,0.03,0.0104,-2.2426,12.03,159443.16,8.03,91.41,-5.272,-0,-0.9999,126.75,117.2,134.18,24.98,Cornering,"Hoosier 43075 16x7.5-10 R20, 7 inch rim",18197
78.51,725.614,0.43,120.96,-53.74,3.984,-12.1,13.46,0.09,-0.0079,-2.2508,12.06,44149.86,8.04,91.4,-5.305,-0,-0.9998,126.8,117.26,134.22,24.96,Cornering,"Hoosier 43075 16x7.5-10 R20, 7 inch rim",18198
78.52,725.624,0.87,120.74,-52.5,3.982,-11.07,13.99,-0.11,-0.0165,-2.2997,12.06,-37757.16,8.03,91.39,-5.352,-0,-1.0002,126.8,117.35,134.22,24.95,Cornering,"Hoosier 43075 16x7.5-10 R20, 7 inch rim",18199
78.49,725.634,0.7,120.67,-52.24,3.996,-10.23,14.83,-0.04,-0.0134,-2.31,12,-98978.27,8.03,91.41,-5.392,-0,-1.0001,126.8,117.44,134.24,24.95,Cornering,"Hoosier 43075 16x7.5-10 R20, 7 inch rim",18200
78.49,725.644,0.08,121.2,-51.51,4.007,-10.32,15.45,0.03,-0.0015,-2.3527,11.95,159288.58,8.03,91.4,-5.434,-0,-0.9999,126.8,117.55,134.26,24.96,Cornering,"Hoosier 43075 16x7.5-10 R20, 7 inch rim",18201
78.52,725.654,-1.33,122.33,-51.35,3.993,-10.36,15.57,0.09,0.026,-2.3825,11.95,44116.88,8.03,91.37,-5.471,-0,-0.9998,126.92,117.57,134.3,24.95,Cornering,"Hoosier 43075 16x7.5-10 R20, 7 inch rim",18202
78.5,725.664,-2.33,123.3,-51.64,3.987,-10.96,15.7,0.03,0.0452,-2.3878,11.99,159224.77,8.03,91.32,-5.531,-0,-0.9999,126.88,117.53,134.42,24.96,Cornering,"Hoosier 43075 16x7.5-10 R20, 7 inch rim",18203
78.48,725.674,-2.8,124.13,-52.9,3.991,-11.76,15.79,0.09,0.0529,-2.3466,12.06,44140.92,8.03,91.3,-5.558,-0,-0.9998,126.8,117.42,134.46,24.97,Cornering,"Hoosier 43075 16x7.5-10 R20, 7 inch rim",18204
78.5,725.684,-2.9,125.27,-53.8,3.991,-12.37,15.43,0.03,0.054,-2.3282,12.14,159317.69,8.03,91.29,-5.596,-0,-0.9999,126.8,117.35,134.5,24.97,Cornering,"Hoosier 43075 16x7.5-10 R20, 7 inch rim",18205
78.52,725.694,-2.49,125.53,-55.22,3.987,-12.34,14.77,-0.04,0.045,-2.2733,12.17,-99097.99,8.04,91.29,-5.631,-0,-1.0001,126.8,117.24,134.56,24.99,Cornering,"Hoosier 43075 16x7.5-10 R20, 7 inch rim",18206
78.48,725.704,-1.86,124.91,-55.13,3.985,-13.06,13.9,0.09,0.0338,-2.2657,12.12,44172.49,8.04,91.29,-5.679,-0,-0.9998,126.82,117.22,134.56,24.99,Cornering,"Hoosier 43075 16x7.5-10 R20, 7 inch rim",18207
78.48,725.714,-0.98,123.93,-54.82,3.996,-11.66,13.54,0.03,0.0179,-2.2605,12.07,159395.23,8.03,91.32,-5.713,-0,-0.9999,126.9,117.17,134.6,24.99,Cornering,"Hoosier 43075 16x7.5-10 R20, 7 inch rim",18208
78.52,725.724,-0.22,122.33,-53.81,3.993,-11.61,13.24,0.03,0.0041,-2.2732,11.97,159457.61,8.03,91.37,-5.753,-0,-0.9999,126.84,117.28,134.62,25,Cornering,"Hoosier 43075 16x7.5-10 R20, 7 inch rim",18209
78.5,725.734,-0.22,121.67,-52.73,3.988,-10.62,12.74,-0.04,0.0042,-2.3075,11.92,-99231,8.03,91.38,-5.787,-0,-1.0001,126.84,117.31,134.56,25.03,Cornering,"Hoosier 43075 16x7.5-10 R20, 7 inch rim",18210
78.49,725.744,-0.2,121.66,-51.95,3.981,-9.68,13.26,0.03,0.0038,-2.3418,11.93,159582.53,8.04,91.34,-5.832,-0,-0.9999,126.73,117.42,134.64,25.03,Cornering,"Hoosier 43075 16x7.5-10 R20, 7 inch rim",18211
78.5,725.754,-1.12,122.05,-51.03,3.985,-9.74,13.26,-0.04,0.0219,-2.3915,11.99,-99146.93,8.04,91.35,-5.87,-0,-1.0001,126.82,117.55,134.68,25.01,Cornering,"Hoosier 43075 16x7.5-10 R20, 7 inch rim",18212
78.51,725.764,-2.55,122.43,-50.7,3.996,-10.78,13.27,0.09,0.0503,-2.4148,12.08,44143.07,8.03,91.32,-5.916,-0,-0.9998,126.92,117.59,134.78,24.98,Cornering,"Hoosier 43075 16x7.5-10 R20, 7 inch rim",18213
78.49,725.774,-3.36,122.94,-51.13,3.991,-11.45,13.78,0.03,0.0658,-2.4045,12.12,159174.8,8.04,91.33,-5.961,-0,-0.9999,126.9,117.59,134.86,24.97,Cornering,"Hoosier 43075 16x7.5-10 R20, 7 inch rim",18214
78.48,725.784,-3.89,123.76,-52.09,3.994,-11.81,14.06,-0.04,0.0747,-2.3761,12.11,-98918.73,8.03,91.34,-5.986,-0,-1.0001,126.95,117.5,134.94,24.96,Cornering,"Hoosier 43075 16x7.5-10 R20, 7 inch rim",18215
78.51,725.794,-3.73,124.81,-53.38,3.984,-12.31,14.34,0.03,0.0699,-2.3383,12.04,159227.61,8.04,91.38,-6.031,-0,-0.9999,126.95,117.39,134.98,24.98,Cornering,"Hoosier 43075 16x7.5-10 R20, 7 inch rim",18216
78.51,725.804,-3.42,125.88,-54.48,4.004,-12.46,14.05,0.03,0.0628,-2.3105,11.96,159251.52,8.03,91.38,-6.074,-0,-0.9999,126.97,117.31,134.96,24.98,Cornering,"Hoosier 43075 16x7.5-10 R20, 7 inch rim",18217
78.48,725.814,-2.54,126.44,-54.8,3.988,-12.28,13.76,0.09,0.0464,-2.3073,11.9,44167.86,8.04,91.35,-6.11,-0,-0.9998,126.99,117.24,135,25.01,Cornering,"Hoosier 43075 16x7.5-10 R20, 7 inch rim",18218
78.5,725.824,-1.26,125.66,-54.75,3.99,-11.72,13.67,-0.11,0.023,-2.2952,11.91,-37772.36,8.04,91.3,-6.154,-0,-1.0002,127.01,117.24,135.08,25,Cornering,"Hoosier 43075 16x7.5-10 R20, 7 inch rim",18219
78.52,725.834,-0.04,124.67,-53.38,3.985,-11.32,13.75,0.16,0.0008,-2.3356,11.98,25590.11,8.04,91.29,-6.194,-0,-0.9997,127.01,117.26,135.08,24.97,Cornering,"Hoosier 43075 16x7.5-10 R20, 7 inch rim",18220
78.49,725.844,0.99,123.5,-52.44,3.991,-10.61,14.14,-0.11,-0.0188,-2.3552,12.06,-37714.02,8.04,91.28,-6.233,-0,-1.0002,127.01,117.28,135.1,24.96,Cornering,"Hoosier 43075 16x7.5-10 R20, 7 inch rim",18221
78.48,725.854,0.72,122.62,-51.56,4.003,-10.16,14.15,0.09,-0.014,-2.3782,12.12,44041.73,8.03,91.26,-6.267,-0,-0.9998,127.03,117.35,135.06,24.94,Cornering,"Hoosier 43075 16x7.5-10 R20, 7 inch rim",18222
78.52,725.864,0.24,122.31,-50.67,3.988,-10.47,14.62,0.03,-0.0047,-2.4142,12.11,158885.48,8.04,91.24,-6.301,-0,-0.9999,127.07,117.46,135.1,24.94,Cornering,"Hoosier 43075 16x7.5-10 R20, 7 inch rim",18223
78.51,725.874,-1.09,122.8,-50.81,3.985,-9.97,14.6,0.03,0.0215,-2.417,12.05,158796.23,8.04,91.21,-6.35,-0,-0.9999,127.07,117.59,135.13,24.93,Cornering,"Hoosier 43075 16x7.5-10 R20, 7 inch rim",18224
78.47,725.884,-2.06,122.97,-51.32,3.988,-10.54,15,0.09,0.0401,-2.3962,12,44010.09,8.04,91.18,-6.395,-0,-0.9998,127.14,117.57,135.19,24.93,Cornering,"Hoosier 43075 16x7.5-10 R20, 7 inch rim",18225
78.5,725.894,-3.12,123.91,-51.6,3.988,-11.18,15.03,-0.04,0.0604,-2.4016,11.95,-98740.88,8.04,91.18,-6.432,-0,-1.0001,127.14,117.53,135.25,24.94,Cornering,"Hoosier 43075 16x7.5-10 R20, 7 inch rim",18226
78.52,725.904,-3.65,125.19,-52.1,3.984,-12.38,14.98,0.09,0.0701,-2.4031,11.99,44024.05,8.04,91.18,-6.468,-0,-0.9998,127.12,117.44,135.29,24.94,Cornering,"Hoosier 43075 16x7.5-10 R20, 7 inch rim",18227
78.5,725.914,-4.07,126.64,-53.32,3.99,-12.58,14.36,-0.04,0.0763,-2.3752,12.05,-98703.27,8.04,91.21,-6.505,-0,-1.0001,127.12,117.31,135.33,24.93,Cornering,"Hoosier 43075 16x7.5-10 R20, 7 inch rim",18228
78.49,725.924,-3.6,128.07,-54.13,3.997,-11.83,13.85,0.03,0.0666,-2.3657,12.11,158842.39,8.03,91.25,-6.551,-0,-0.9999,127.1,117.26,135.35,24.94,Cornering,"Hoosier 43075 16x7.5-10 R20, 7 inch rim",18229
78.51,725.934,-2.58,127.81,-53.99,3.984,-11.9,13.54,0.03,0.0478,-2.3673,12.16,158832.53,8.04,91.25,-6.581,-0,-0.9999,127.07,117.2,135.41,24.94,Cornering,"Hoosier 43075 16x7.5-10 R20, 7 inch rim",18230
78.52,725.944,-1.54,126.47,-53.61,4.001,-11.38,13.35,0.03,0.0288,-2.3592,12.13,158779.58,8.03,91.23,-6.629,-0,-0.9999,127.12,117.24,135.49,24.94,Cornering,"Hoosier 43075 16x7.5-10 R20, 7 inch rim",18231
78.48,725.954,-0.54,125.09,-52.72,3.985,-10.68,13.45,-0.04,0.0102,-2.373,12.05,-98759.28,8.04,91.28,-6.679,-0,-1.0001,127.14,117.28,135.53,24.96,Cornering,"Hoosier 43075 16x7.5-10 R20, 7 inch rim",18232
78.49,725.964,-0.08,123.56,-51.48,4,-10.78,13.76,-0.04,0.0015,-2.3999,11.97,-98777.16,8.03,91.32,-6.704,-0,-1.0001,127.12,117.28,135.57,24.96,Cornering,"Hoosier 43075 16x7.5-10 R20, 7 inch rim",18233
78.52,725.974,-0.51,123.06,-50.94,3.998,-10.46,13.87,0.09,0.0101,-2.4158,11.92,44058.93,8.03,91.33,-6.757,-0,-0.9998,127.22,117.37,135.59,24.98,Cornering,"Hoosier 43075 16x7.5-10 R20, 7 inch rim",18234
78.5,725.984,-1.37,123.22,-50.74,3.996,-10.32,13.98,0.03,0.027,-2.4286,11.94,159136.55,8.04,91.32,-6.775,-0,-0.9999,127.25,117.5,135.67,25,Cornering,"Hoosier 43075 16x7.5-10 R20, 7 inch rim",18235
78.48,725.994,-2.21,123.52,-50.08,3.985,-11.37,14.57,-0.04,0.0442,-2.4664,12,-98911.21,8.04,91.29,-6.83,-0,-1.0001,127.31,117.53,135.77,25,Cornering,"Hoosier 43075 16x7.5-10 R20, 7 inch rim",18236
78.5,726.004,-2.97,124.62,-50.55,3.99,-11.13,15.23,0.09,0.0588,-2.4654,12.08,44068.7,8.04,91.24,-6.87,-0,-0.9998,127.37,117.5,135.83,24.99,Cornering,"Hoosier 43075 16x7.5-10 R20, 7 inch rim",18237
78.51,726.014,-3.38,125.77,-51.42,3.985,-11.62,15.71,0.03,0.0658,-2.4458,12.14,158944.95,8.04,91.22,-6.904,-0,-0.9999,127.4,117.44,135.89,24.98,Cornering,"Hoosier 43075 16x7.5-10 R20, 7 inch rim",18238
78.48,726.024,-3.72,127.2,-52.35,3.991,-12.2,15.41,-0.04,0.071,-2.4298,12.11,-98768.37,8.04,91.2,-6.962,-0,-1.0001,127.33,117.31,135.93,24.97,Cornering,"Hoosier 43075 16x7.5-10 R20, 7 inch rim",18239
78.48,726.034,-3.32,128.18,-53.25,3.993,-12.85,15.08,0.09,0.0624,-2.4072,12.07,44037.56,8.04,91.19,-6.982,-0,-0.9998,127.35,117.17,135.95,24.98,Cornering,"Hoosier 43075 16x7.5-10 R20, 7 inch rim",18240
78.52,726.044,-2.62,128.85,-53.89,3.993,-11.77,14.52,0.09,0.0485,-2.3912,11.97,44073.71,8.03,91.17,-7.03,-0,-0.9998,127.29,117.13,135.97,25,Cornering,"Hoosier 43075 16x7.5-10 R20, 7 inch rim",18241
78.5,726.054,-1.3,127.68,-53.23,4.001,-12.25,14.35,0.03,0.0244,-2.3986,11.94,159181.45,8.03,91.2,-7.072,-0,-0.9999,127.33,117.09,136.01,25.03,Cornering,"Hoosier 43075 16x7.5-10 R20, 7 inch rim",18242
78.48,726.064,-0.14,126.44,-52.6,3.996,-11.07,14.32,0.09,0.0026,-2.4036,11.96,44106.73,8.04,91.21,-7.11,-0,-0.9998,127.35,117.13,136.07,25.03,Cornering,"Hoosier 43075 16x7.5-10 R20, 7 inch rim",18243
78.5,726.074,0.34,124.65,-51.42,3.997,-11.37,14.26,0.09,-0.0065,-2.4239,12.03,44093.12,8.03,91.21,-7.145,-0,-0.9998,127.33,117.15,136.1,25.02,Cornering,"Hoosier 43075 16x7.5-10 R20, 7 inch rim",18244
78.52,726.084,0.1,123.73,-51.11,3.991,-10.6,14.1,0.03,-0.002,-2.4207,12.11,158956.34,8.04,91.18,-7.186,-0,-0.9999,127.4,117.2,136.14,25,Cornering,"Hoosier 43075 16x7.5-10 R20, 7 inch rim",18245
78.49,726.094,-0.56,123.26,-50.38,3.979,-10.95,14.23,-0.04,0.0111,-2.4466,12.18,-98710.42,8.04,91.16,-7.225,-0,-1.0001,127.4,117.28,136.16,24.97,Cornering,"Hoosier 43075 16x7.5-10 R20, 7 inch rim",18246
78.48,726.104,-1.66,123.93,-50.08,3.998,-11.24,14.76,-0.04,0.0331,-2.4746,12.18,-98676.9,8.04,91.18,-7.272,-0,-1.0001,127.48,117.35,136.2,24.97,Cornering,"Hoosier 43075 16x7.5-10 R20, 7 inch rim",18247
78.52,726.114,-2.78,124.74,-49.99,3.988,-11.89,14.96,0.03,0.0556,-2.4955,12.14,158653.34,8.04,91.23,-7.311,-0,-0.9999,127.57,117.42,136.28,24.96,Cornering,"Hoosier 43075 16x7.5-10 R20, 7 inch rim",18248
78.5,726.124,-3.23,126.48,-50.97,3.996,-10.95,15.58,0.09,0.0633,-2.4814,12.03,43971.35,8.04,91.32,-7.341,-0,-0.9998,127.59,117.35,136.36,24.96,Cornering,"Hoosier 43075 16x7.5-10 R20, 7 inch rim",18249
78.47,726.134,-3.73,128.13,-52.13,3.99,-11.4,15.41,0.03,0.0715,-2.4581,12,158695.58,8.04,91.33,-7.397,-0,-0.9999,127.55,117.22,136.42,24.97,Cornering,"Hoosier 43075 16x7.5-10 R20, 7 inch rim",18250
78.5,726.144,-3.84,129.78,-52.77,3.977,-11.94,15,0.09,0.0728,-2.4595,12,43962.3,8.04,91.35,-7.43,-0,-0.9998,127.48,117.15,136.46,24.96,Cornering,"Hoosier 43075 16x7.5-10 R20, 7 inch rim",18251
78.52,726.154,-2.96,130.24,-53.71,3.991,-11.7,14.82,0.09,0.0551,-2.4249,12.06,43969.28,8.04,91.33,-7.461,-0,-0.9998,127.52,117.06,136.52,24.97,Cornering,"Hoosier 43075 16x7.5-10 R20, 7 inch rim",18252
78.49,726.164,-2.05,129.28,-53.96,4.001,-11.82,14.35,0.03,0.038,-2.3961,12.14,158650.91,8.03,91.32,-7.517,-0,-0.9999,127.65,117.09,136.58,24.97,Cornering,"Hoosier 43075 16x7.5-10 R20, 7 inch rim",18253
78.48,726.174,-0.85,127.58,-53.14,3.99,-11.7,14.21,0.03,0.016,-2.4009,12.16,158677,8.04,91.32,-7.546,-0,-0.9999,127.61,117.09,136.66,24.97,Cornering,"Hoosier 43075 16x7.5-10 R20, 7 inch rim",18254
78.51,726.184,-0.15,125.53,-52.47,3.988,-10.99,14.09,-0.04,0.0028,-2.3926,12.12,-98670.42,8.04,91.29,-7.599,-0,-1.0001,127.57,117.17,136.7,24.98,Cornering,"Hoosier 43075 16x7.5-10 R20, 7 inch rim",18255
78.51,726.194,0.58,124.4,-51.72,3.99,-10.23,14.72,-0.11,-0.0113,-2.405,12.07,-37642.42,8.04,91.34,-7.637,-0,-1.0002,127.55,117.26,136.74,24.99,Cornering,"Hoosier 43075 16x7.5-10 R20, 7 inch rim",18256
78.48,726.204,-0.32,124.05,-50.81,3.984,-10.63,14.38,0.09,0.0063,-2.4416,11.98,43997.86,8.04,91.37,-7.676,-0,-0.9998,127.52,117.35,136.78,25,Cornering,"Hoosier 43075 16x7.5-10 R20, 7 inch rim",18257
78.5,726.214,-0.95,125.29,-50.76,3.985,-9.65,14.98,0.09,0.0187,-2.4684,11.93,43964.07,8.04,91.37,-7.706,-0,-0.9998,127.55,117.42,136.9,24.98,Cornering,"Hoosier 43075 16x7.5-10 R20, 7 inch rim",18258
78.51,726.224,-1.82,126.12,-49.78,3.991,-10.87,15.39,0.09,0.0366,-2.5335,11.95,43959.03,8.04,91.39,-7.753,-0,-0.9998,127.5,117.46,136.98,24.98,Cornering,"Hoosier 43075 16x7.5-10 R20, 7 inch rim",18259
78.5,726.234,-2.68,127.39,-50.67,3.997,-10.67,16.01,0.03,0.0529,-2.5142,12,158654.39,8.03,91.37,-7.798,-0,-0.9999,127.52,117.48,137.07,24.98,Cornering,"Hoosier 43075 16x7.5-10 R20, 7 inch rim",18260
78.48,726.244,-3.7,128.42,-51.26,3.982,-11.49,15.58,0.03,0.0722,-2.5053,12.08,158711.28,8.04,91.39,-7.841,-0,-0.9999,127.52,117.33,137.13,25,Cornering,"Hoosier 43075 16x7.5-10 R20, 7 inch rim",18261
78.51,726.254,-4.07,129.61,-52.53,3.977,-11.9,15.34,-0.04,0.0774,-2.4675,12.12,-98650.7,8.04,91.38,-7.872,-0,-1.0001,127.48,117.22,137.25,25,Cornering,"Hoosier 43075 16x7.5-10 R20, 7 inch rim",18262
78.52,726.264,-3.42,130.4,-53.62,3.988,-12.03,15.22,0.03,0.0637,-2.4319,12.11,158721.12,8.04,91.36,-7.909,-0,-0.9999,127.46,117.11,137.27,25,Cornering,"Hoosier 43075 16x7.5-10 R20, 7 inch rim",18263
78.48,726.274,-2.68,130.26,-54.11,3.994,-11.79,14.89,0.09,0.0495,-2.4071,12.06,43977.32,8.04,91.36,-7.961,-0,-0.9998,127.52,117.06,137.25,25,Cornering,"Hoosier 43075 16x7.5-10 R20, 7 inch rim",18264
78.49,726.284,-1.76,128.41,-53.74,3.985,-12.04,14.39,-0.04,0.0327,-2.3894,11.97,-98712.31,8.04,91.39,-7.994,-0,-1.0001,127.5,116.98,137.31,25.02,Cornering,"Hoosier 43075 16x7.5-10 R20, 7 inch rim",18265
78.52,726.294,-0.65,126.61,-52.92,3.994,-11.51,14.29,0.03,0.0122,-2.3927,11.92,158857.92,8.03,91.41,-8.028,-0,-0.9999,127.52,117.04,137.39,25.03,Cornering,"Hoosier 43075 16x7.5-10 R20, 7 inch rim",18266
78.5,726.304,-0.09,125.62,-52.13,3.998,-10.48,14.27,0.09,0.0017,-2.4096,11.95,44025.97,8.03,91.35,-8.074,-0,-0.9998,127.5,117.09,137.45,25.04,Cornering,"Hoosier 43075 16x7.5-10 R20, 7 inch rim",18267
78.48,726.314,-0.36,125.23,-50.67,3.997,-10.22,14.22,-0.04,0.0071,-2.4716,12.03,-98730.93,8.04,91.35,-8.103,-0,-1.0001,127.5,117.13,137.55,25.03,Cornering,"Hoosier 43075 16x7.5-10 R20, 7 inch rim",18268
78.5,726.324,-0.47,125.23,-50.19,3.99,-9.75,14.8,0.03,0.0093,-2.4953,12.14,158697.98,8.04,91.37,-8.151,-0,-0.9999,127.61,117.2,137.63,25.01,Cornering,"Hoosier 43075 16x7.5-10 R20, 7 inch rim",18269
78.52,726.334,-1.8,126.05,-50.06,3.979,-9.41,14.76,-0.04,0.036,-2.5178,12.19,-98614.93,8.04,91.39,-8.2,-0,-1.0001,127.7,117.26,137.79,25.01,Cornering,"Hoosier 43075 16x7.5-10 R20, 7 inch rim",18270
78.49,726.344,-2.77,126.19,-49.69,4.009,-10.76,15.24,-0.04,0.0557,-2.5395,12.19,-98586.62,8.03,91.42,-8.222,-0,-1.0001,127.74,117.28,137.85,25,Cornering,"Hoosier 43075 16x7.5-10 R20, 7 inch rim",18271
78.48,726.354,-3.43,127.23,-50.39,3.993,-11.2,15.52,-0.04,0.068,-2.525,12.12,-98570.92,8.04,91.44,-8.283,-0,-1.0001,127.83,117.2,137.97,25,Cornering,"Hoosier 43075 16x7.5-10 R20, 7 inch rim",18272
78.52,726.364,-3.52,128.41,-51.4,3.984,-12.09,15.66,0.03,0.0684,-2.4984,12.05,158482.31,8.04,91.44,-8.319,-0,-0.9999,127.8,117.13,138.08,24.99,Cornering,"Hoosier 43075 16x7.5-10 R20, 7 inch rim",18273
78.5,726.374,-3.81,129.79,-53.52,3.985,-11.19,14.94,0.03,0.0711,-2.425,11.99,158469.86,8.04,91.43,-8.349,-0,-0.9999,127.76,116.95,138.18,24.99,Cornering,"Hoosier 43075 16x7.5-10 R20, 7 inch rim",18274
78.48,726.384,-3.33,130.41,-53.48,3.984,-12.11,14.4,0.03,0.0623,-2.4385,11.98,158414.06,8.04,91.41,-8.395,-0,-0.9999,127.76,116.89,138.3,24.98,Cornering,"Hoosier 43075 16x7.5-10 R20, 7 inch rim",18275
78.5,726.394,-2.15,129.62,-53.48,3.99,-11.84,14.3,0.09,0.0402,-2.4238,12.03,43873.03,8.04,91.41,-8.433,-0,-0.9998,127.8,116.84,138.34,24.97,Cornering,"Hoosier 43075 16x7.5-10 R20, 7 inch rim",18276
78.51,726.404,-1.1,127.98,-52.94,4.003,-11.61,14.09,-0.04,0.0209,-2.4175,12.11,-98383.84,8.03,91.4,-8.476,-0,-1.0001,127.8,116.89,138.48,24.97,Cornering,"Hoosier 43075 16x7.5-10 R20, 7 inch rim",18277
78.49,726.414,0.17,126.88,-51.83,3.991,-10.66,14.59,0.03,-0.0033,-2.4482,12.15,158219.03,8.04,91.37,-8.509,-0,-0.9999,127.8,116.95,138.56,24.96,Cornering,"Hoosier 43075 16x7.5-10 R20, 7 inch rim",18278
78.48,726.424,0.56,126.06,-51.12,3.991,-9.82,15.01,0.09,-0.0109,-2.4661,12.11,43817.25,8.04,91.38,-8.562,-0,-0.9998,127.87,117.02,138.6,24.95,Cornering,"Hoosier 43075 16x7.5-10 R20, 7 inch rim",18279
78.52,726.434,0.02,126,-50.27,3.994,-9.6,15.11,-0.04,-0.0004,-2.5067,12.06,-98332,8.04,91.35,-8.587,-0,-1.0001,127.93,117.11,138.64,24.96,Cornering,"Hoosier 43075 16x7.5-10 R20, 7 inch rim",18280
78.51,726.444,-0.56,126.16,-49.98,3.988,-9.95,15.56,0.03,0.0112,-2.5239,11.98,158131.19,8.04,91.35,-8.63,-0,-0.9999,127.95,117.35,138.7,24.96,Cornering,"Hoosier 43075 16x7.5-10 R20, 7 inch rim",18281
78.48,726.454,-2.15,127.2,-50.12,4,-10.04,15.44,-0.04,0.043,-2.5381,11.92,-98308.38,8.04,91.35,-8.675,-0,-1.0001,128.02,117.33,138.82,24.96,Cornering,"Hoosier 43075 16x7.5-10 R20, 7 inch rim",18282
78.5,726.464,-2.72,127.7,-50.29,3.991,-11.22,16.07,0.03,0.0541,-2.5394,11.95,158093.64,8.04,91.34,-8.717,-0,-0.9999,128.06,117.33,138.88,24.96,Cornering,"Hoosier 43075 16x7.5-10 R20, 7 inch rim",18283
78.52,726.474,-3.37,128.83,-51.33,3.996,-11.74,16.11,0.03,0.0657,-2.5096,12.02,158117.97,8.04,91.35,-8.746,-0,-0.9999,128.02,117.24,138.98,24.96,Cornering,"Hoosier 43075 16x7.5-10 R20, 7 inch rim",18284
78.49,726.484,-3.83,130.33,-52.24,3.985,-11.95,15.52,0.03,0.0733,-2.4946,12.1,158060.73,8.04,91.32,-8.793,-0,-0.9999,127.95,117.17,139.09,24.96,Cornering,"Hoosier 43075 16x7.5-10 R20, 7 inch rim",18285
78.48,726.494,-3.49,131.1,-53.29,4.003,-12.02,15.12,0.03,0.0654,-2.4599,12.16,158004.02,8.03,91.29,-8.839,-0,-0.9999,127.91,117.04,139.17,24.95,Cornering,"Hoosier 43075 16x7.5-10 R20, 7 inch rim",18286
78.51,726.504,-2.81,130.72,-53.54,3.985,-12.17,14.61,0.03,0.0524,-2.4413,12.15,157954.12,8.04,91.32,-8.869,-0,-0.9999,127.95,116.98,139.21,24.94,Cornering,"Hoosier 43075 16x7.5-10 R20, 7 inch rim",18287
78.51,726.514,-1.74,129.77,-53.51,3.993,-11.08,14.27,-0.04,0.0324,-2.4249,12.08,-98129.15,8.04,91.34,-8.916,-0,-1.0001,127.91,116.93,139.25,24.93,Cornering,"Hoosier 43075 16x7.5-10 R20, 7 inch rim",18288
78.48,726.524,-0.6,128,-52.32,3.99,-11.2,14.35,-0.04,0.0115,-2.4462,12.01,-98165.33,8.04,91.36,-8.95,-0,-1.0001,128.02,117,139.35,24.94,Cornering,"Hoosier 43075 16x7.5-10 R20, 7 inch rim",18289
78.49,726.534,-0.23,126.51,-51.56,4,-10.72,14.31,0.09,0.0045,-2.4537,11.95,43776.2,8.03,91.4,-8.988,-0,-0.9998,127.93,117.09,139.41,24.96,Cornering,"Hoosier 43075 16x7.5-10 R20, 7 inch rim",18290
78.52,726.544,-0.44,125.87,-50.74,3.994,-10.05,14.37,-0.11,0.0086,-2.4806,11.97,-37463.05,8.04,91.4,-9.022,-0,-1.0002,127.95,117.15,139.47,24.96,Cornering,"Hoosier 43075 16x7.5-10 R20, 7 inch rim",18291
78.49,726.554,-1.07,125.74,-50.46,3.985,-9.71,14.7,0.03,0.0213,-2.4919,12.02,157973.91,8.04,91.35,-9.072,-0,-0.9999,128.08,117.31,139.61,24.96,Cornering,"Hoosier 43075 16x7.5-10 R20, 7 inch rim",18292
78.47,726.564,-2.1,125.93,-49.81,3.998,-11.21,15.02,-0.04,0.0421,-2.5285,12.12,-98189.98,8.03,91.37,-9.108,-0,-1.0001,128.19,117.35,139.71,24.96,Cornering,"Hoosier 43075 16x7.5-10 R20, 7 inch rim",18293
78.51,726.574,-3.39,127.08,-50.39,3.994,-10.51,15.41,0.09,0.0672,-2.5217,12.2,43754.82,8.04,91.38,-9.159,-0,-0.9998,128.28,117.39,139.83,24.96,Cornering,"Hoosier 43075 16x7.5-10 R20, 7 inch rim",18294
78.52,726.584,-4.05,127.86,-51,4,-11.05,15.79,0.03,0.0793,-2.5072,12.2,157886.78,8.04,91.38,-9.184,-0,-0.9999,128.3,117.39,139.93,24.96,Cornering,"Hoosier 43075 16x7.5-10 R20, 7 inch rim",18295
78.49,726.594,-4.39,129.67,-51.41,3.982,-11.33,15.7,0.03,0.0853,-2.5222,12.18,157897.98,8.04,91.38,-9.24,-0,-0.9999,128.21,117.24,140.04,24.96,Cornering,"Hoosier 43075 16x7.5-10 R20, 7 inch rim",18296
78.49,726.604,-4.15,131.07,-53.24,3.975,-10.62,15.5,-0.04,0.078,-2.4619,12.08,-98143.84,8.04,91.34,-9.271,-0,-1.0001,128.13,117.13,140.1,24.96,Cornering,"Hoosier 43075 16x7.5-10 R20, 7 inch rim",18297
78.52,726.614,-3.58,131.64,-53.3,3.987,-11.42,15.05,0.03,0.0672,-2.4698,11.99,157899.81,8.04,91.32,-9.315,-0,-0.9999,128.1,117.06,140.16,24.97,Cornering,"Hoosier 43075 16x7.5-10 R20, 7 inch rim",18298
78.5,726.624,-2.24,130.73,-53.8,3.99,-10.82,15.08,0.03,0.0417,-2.4301,11.96,157919.94,8.04,91.32,-9.351,-0,-0.9999,128.15,117.04,140.16,24.97,Cornering,"Hoosier 43075 16x7.5-10 R20, 7 inch rim",18299
78.47,726.634,-0.86,128.95,-52.56,3.988,-11.58,15,0.09,0.0163,-2.4534,11.97,43777.21,8.04,91.33,-9.383,-0,-0.9998,128.17,117.04,140.26,24.98,Cornering,"Hoosier 43075 16x7.5-10 R20, 7 inch rim",18300
78.5,726.644,-0.12,127.05,-52.27,3.993,-10.83,14.82,0.09,0.0024,-2.4307,12.04,43751.73,8.04,91.37,-9.423,-0,-0.9998,128.25,117.11,140.36,24.97,Cornering,"Hoosier 43075 16x7.5-10 R20, 7 inch rim",18301
78.51,726.654,0.03,125.73,-51.24,3.996,-10.66,14.78,-0.04,-0.0005,-2.454,12.12,-98132.05,8.04,91.39,-9.47,-0,-1.0001,128.25,117.2,140.42,24.97,Cornering,"Hoosier 43075 16x7.5-10 R20, 7 inch rim",18302
78.49,726.664,-0.04,125.37,-50.08,3.99,-10.83,15.29,0.09,0.0009,-2.5034,12.16,43750.36,8.04,91.39,-9.512,-0,-0.9998,128.34,117.26,140.5,24.98,Cornering,"Hoosier 43075 16x7.5-10 R20, 7 inch rim",18303
78.49,726.674,-0.96,125.51,-50.02,3.994,-10.6,15.3,0.03,0.0192,-2.5091,12.11,157938.11,8.04,91.42,-9.547,-0,-0.9999,128.45,117.37,140.62,24.99,Cornering,"Hoosier 43075 16x7.5-10 R20, 7 inch rim",18304
78.51,726.684,-1.97,126.56,-49.6,3.996,-10.7,15.78,0.03,0.0396,-2.5513,12.04,158022.89,8.04,91.39,-9.6,-0,-0.9999,128.58,117.44,140.74,25.01,Cornering,"Hoosier 43075 16x7.5-10 R20, 7 inch rim",18305
78.5,726.694,-2.69,127.66,-50.16,3.998,-10.8,16.32,0.09,0.0536,-2.5453,11.97,43795.47,8.04,91.4,-9.632,-0,-0.9998,128.66,117.44,140.84,25.01,Cornering,"Hoosier 43075 16x7.5-10 R20, 7 inch rim",18306
78.47,726.704,-3.75,129.06,-50.51,4.001,-11.47,16.07,0.03,0.0743,-2.5551,11.95,157911.38,8.03,91.38,-9.681,-0,-0.9999,128.58,117.33,140.97,25,Cornering,"Hoosier 43075 16x7.5-10 R20, 7 inch rim",18307
78.5,726.714,-3.87,130.74,-51.86,3.994,-11,15.98,0.03,0.0746,-2.5212,11.97,157787.8,8.04,91.37,-9.709,-0,-0.9999,128.47,117.26,141.07,24.98,Cornering,"Hoosier 43075 16x7.5-10 R20, 7 inch rim",18308
78.52,726.724,-3.4,131.07,-52.62,4,-11.62,15.77,0.16,0.0646,-2.491,12.05,25363.47,8.03,91.37,-9.751,-0,-0.9997,128.43,117.17,141.13,24.97,Cornering,"Hoosier 43075 16x7.5-10 R20, 7 inch rim",18309
78.49,726.734,-2.63,130.51,-53.2,3.993,-11.83,15.31,0.16,0.0493,-2.4532,12.15,25366.36,8.04,91.36,-9.789,-0,-0.9997,128.36,117.06,141.21,24.97,Cornering,"Hoosier 43075 16x7.5-10 R20, 7 inch rim",18310
78.48,726.744,-1.74,129.09,-53.24,4,-11.31,14.96,-0.04,0.0327,-2.4249,12.19,-98048.2,8.04,91.38,-9.83,-0,-1.0001,128.45,117.09,141.27,24.98,Cornering,"Hoosier 43075 16x7.5-10 R20, 7 inch rim",18311
78.51,726.754,-0.69,126.97,-51.76,4.001,-12.19,14.71,0.03,0.0134,-2.4529,12.19,157672.2,8.04,91.37,-9.872,-0,-0.9999,128.51,117.09,141.41,24.97,Cornering,"Hoosier 43075 16x7.5-10 R20, 7 inch rim",18312
78.52,726.764,0.05,125.78,-51.53,3.988,-10.91,14.97,0.03,-0.0009,-2.4411,12.12,157652.59,8.04,91.39,-9.913,-0,-0.9999,128.47,117.11,141.47,24.97,Cornering,"Hoosier 43075 16x7.5-10 R20, 7 inch rim",18313
78.49,726.774,-0.28,125.11,-50.44,3.985,-10.8,14.8,0.03,0.0056,-2.4803,12.03,157629.41,8.04,91.41,-9.96,-0,-0.9999,128.47,117.22,141.55,24.97,Cornering,"Hoosier 43075 16x7.5-10 R20, 7 inch rim",18314
78.49,726.784,-0.8,125.38,-50.28,3.993,-10.11,15.12,-0.04,0.0158,-2.4937,11.98,-98043.09,8.04,91.43,-9.996,-0,-1.0001,128.6,117.31,141.55,24.99,Cornering,"Hoosier 43075 16x7.5-10 R20, 7 inch rim",18315
78.51,726.794,-1.89,126.62,-49.37,3.979,-10.21,15.21,0.03,0.0382,-2.5645,11.97,157702.36,8.04,91.46,-10.034,-0,-0.9999,128.68,117.46,141.71,24.99,Cornering,"Hoosier 43075 16x7.5-10 R20, 7 inch rim",18316
78.5,726.804,-2.96,127.66,-49.68,3.994,-10.32,15.62,0.03,0.0595,-2.5694,12.06,157648.02,8.04,91.46,-10.07,-0,-0.9999,128.75,117.48,141.83,24.98,Cornering,"Hoosier 43075 16x7.5-10 R20, 7 inch rim",18317
78.48,726.814,-3.74,128.8,-50.26,3.99,-10.36,16.01,0.03,0.0745,-2.5627,12.12,157628.03,8.04,91.46,-10.11,-0,-0.9999,128.77,117.46,141.94,24.98,Cornering,"Hoosier 43075 16x7.5-10 R20, 7 inch rim",18318
78.51,726.824,-4.26,129.56,-50.93,4,-11.32,16,0.03,0.0837,-2.5438,12.16,157534.83,8.03,91.44,-10.15,-0,-0.9999,128.62,117.35,142.02,24.97,Cornering,"Hoosier 43075 16x7.5-10 R20, 7 inch rim",18319
78.51,726.834,-4.21,130.02,-51.31,4.006,-12.64,15.81,0.09,0.0821,-2.5338,12.12,43648.25,8.03,91.41,-10.193,-0,-0.9998,128.49,117.22,142.18,24.97,Cornering,"Hoosier 43075 16x7.5-10 R20, 7 inch rim",18320
78.48,726.844,-3.54,130.01,-52.63,3.993,-12.27,15.3,-0.04,0.0672,-2.47,12.06,-97920.66,8.04,91.42,-10.243,-0,-1.0001,128.45,117.13,142.26,24.98,Cornering,"Hoosier 43075 16x7.5-10 R20, 7 inch rim",18321
78.49,726.854,-2.41,129.13,-52.95,3.985,-12.33,15.01,0.09,0.0456,-2.4389,11.97,43666.4,8.04,91.41,-10.281,-0,-0.9998,128.4,117.06,142.32,24.99,Cornering,"Hoosier 43075 16x7.5-10 R20, 7 inch rim",18322
78.51,726.864,-1.16,127.54,-52.77,3.991,-11.9,15.03,0.03,0.0219,-2.4168,11.93,157518.91,8.04,91.43,-10.326,-0,-0.9999,128.38,116.95,142.44,24.98,Cornering,"Hoosier 43075 16x7.5-10 R20, 7 inch rim",18323
78.5,726.874,-0.43,126.26,-51.97,3.991,-10.91,14.84,-0.04,0.0083,-2.4295,11.92,-97927.13,8.04,91.45,-10.366,-0,-1.0001,128.4,117.04,142.52,24.99,Cornering,"Hoosier 43075 16x7.5-10 R20, 7 inch rim",18324
78.47,726.884,-0.22,125.29,-50.83,3.985,-10.73,14.87,-0.04,0.0044,-2.4648,11.97,-97873.05,8.04,91.46,-10.394,-0,-1.0001,128.38,117.09,142.58,24.98,Cornering,"Hoosier 43075 16x7.5-10 R20, 7 inch rim",18325
78.5,726.894,-0.48,125.37,-49.91,3.99,-10.12,15.06,0.09,0.0096,-2.5119,12.02,43593.05,8.04,91.45,-10.441,-0,-0.9998,128.38,117.13,142.7,24.96,Cornering,"Hoosier 43075 16x7.5-10 R20, 7 inch rim",18326
78.51,726.904,-0.75,126.11,-49.36,3.99,-9.79,15.82,-0.11,0.0153,-2.5551,12.08,-37314.39,8.04,91.45,-10.475,-0,-1.0002,128.45,117.24,142.78,24.97,Cornering,"Hoosier 43075 16x7.5-10 R20, 7 inch rim",18327
78.48,726.914,-1.6,126.58,-49.6,3.991,-9.82,16.46,0.09,0.0322,-2.5519,12.08,43603.25,8.04,91.4,-10.511,-0,-0.9998,128.53,117.31,142.88,24.97,Cornering,"Hoosier 43075 16x7.5-10 R20, 7 inch rim",18328
78.48,726.924,-2.38,127.57,-50.13,3.987,-9.77,16.85,-0.04,0.0475,-2.5447,12,-97891.94,8.04,91.37,-10.547,-0,-1.0001,128.55,117.35,142.99,25,Cornering,"Hoosier 43075 16x7.5-10 R20, 7 inch rim",18329
78.52,726.934,-3.34,128.32,-49.9,3.984,-11.56,16.59,0.09,0.067,-2.5715,11.93,43641.24,8.04,91.35,-10.598,-0,-0.9998,128.49,117.31,143.09,25,Cornering,"Hoosier 43075 16x7.5-10 R20, 7 inch rim",18330
78.52,726.944,-3.45,129.12,-51.25,3.997,-12.06,16.6,-0.04,0.0674,-2.5193,11.87,-97908.01,8.04,91.36,-10.637,-0,-1.0001,128.36,117.15,143.27,25.01,Cornering,"Hoosier 43075 16x7.5-10 R20, 7 inch rim",18331
78.47,726.954,-3.55,129.83,-52.57,3.996,-12.23,15.91,0.03,0.0675,-2.4695,11.89,157334.83,8.04,91.37,-10.681,-0,-0.9999,128.25,117.06,143.39,24.98,Cornering,"Hoosier 43075 16x7.5-10 R20, 7 inch rim",18332
78.5,726.964,-2.84,129.6,-53.2,3.987,-12.35,15.33,-0.04,0.0534,-2.4361,11.95,-97720.58,8.04,91.4,-10.724,-0,-1.0001,128.3,116.98,143.49,24.97,Cornering,"Hoosier 43075 16x7.5-10 R20, 7 inch rim",18333
78.51,726.974,-1.83,128.52,-53.15,3.985,-11.96,14.84,0.09,0.0344,-2.418,12.04,43558.61,8.04,91.41,-10.749,-0,-0.9998,128.34,116.98,143.55,24.97,Cornering,"Hoosier 43075 16x7.5-10 R20, 7 inch rim",18334
78.49,726.984,-0.51,127.07,-52.1,3.985,-11.65,14.97,0.09,0.0099,-2.4388,12.17,43572.31,8.04,91.39,-10.793,-0,-0.9998,128.38,116.98,143.59,24.98,Cornering,"Hoosier 43075 16x7.5-10 R20, 7 inch rim",18335
78.48,726.994,-0.32,125.95,-51.41,3.985,-10.26,14.54,-0.11,0.0062,-2.4498,12.21,-37295.75,8.04,91.37,-10.833,-0,-1.0002,128.45,117.11,143.67,24.99,Cornering,"Hoosier 43075 16x7.5-10 R20, 7 inch rim",18336
78.51,727.004,-0.15,124.92,-50.37,3.994,-9.94,14.74,0.09,0.003,-2.4799,12.19,43571.19,8.04,91.34,-10.869,-0,-0.9998,128.6,117.13,143.71,24.98,Cornering,"Hoosier 43075 16x7.5-10 R20, 7 inch rim",18337
78.5,727.014,-0.78,124.73,-49.39,3.987,-9.93,14.77,0.03,0.0157,-2.5255,12.13,157251.62,8.04,91.34,-10.906,-0,-0.9999,128.75,117.24,143.81,24.99,Cornering,"Hoosier 43075 16x7.5-10 R20, 7 inch rim",18338
78.49,727.024,-1.8,125.66,-49.38,3.988,-9.4,15.04,0.03,0.0365,-2.5446,12.06,157081.08,8.04,91.33,-10.952,-0,-0.9999,129.01,117.35,143.92,24.97,Cornering,"Hoosier 43075 16x7.5-10 R20, 7 inch rim",18339
78.5,727.034,-2.56,126.38,-49.43,3.998,-10.2,15.73,0.03,0.0518,-2.5566,12.05,156992.69,8.03,91.29,-10.981,-0,-0.9999,129.16,117.42,144.04,24.96,Cornering,"Hoosier 43075 16x7.5-10 R20, 7 inch rim",18340
78.52,727.044,-3.62,127.25,-50.26,3.988,-10.58,15.72,0.09,0.072,-2.532,12.06,43457.79,8.04,91.26,-11.019,-0,-0.9998,129.2,117.35,144.16,24.93,Cornering,"Hoosier 43075 16x7.5-10 R20, 7 inch rim",18341
78.49,727.054,-3.97,128.17,-50.34,3.988,-12.8,16.01,0.03,0.0788,-2.5459,12.11,156759.12,8.04,91.24,-11.075,-0,-0.9999,129.2,117.24,144.28,24.93,Cornering,"Hoosier 43075 16x7.5-10 R20, 7 inch rim",18342
78.48,727.064,-4.2,129.54,-51.97,3.984,-12.16,15.72,0.03,0.0809,-2.4925,12.18,156738.83,8.04,91.23,-11.112,-0,-0.9999,129.07,117.17,144.36,24.93,Cornering,"Hoosier 43075 16x7.5-10 R20, 7 inch rim",18343
78.52,727.074,-3.39,130.01,-52.53,3.99,-12.62,15.7,0.03,0.0646,-2.4748,12.15,156650.28,8.04,91.22,-11.141,-0,-0.9999,129.01,117.09,144.46,24.92,Cornering,"Hoosier 43075 16x7.5-10 R20, 7 inch rim",18344
78.51,727.084,-2.68,129.67,-53.75,3.981,-11.26,15.12,-0.04,0.0498,-2.4125,12.11,-97384.23,8.04,91.23,-11.187,-0,-1.0001,128.98,116.98,144.52,24.92,Cornering,"Hoosier 43075 16x7.5-10 R20, 7 inch rim",18345
78.47,727.094,-1.48,128.26,-52.25,3.997,-11.72,15.07,-0.04,0.0284,-2.455,12.03,-97346.88,8.03,91.2,-11.23,-0,-1.0001,128.96,116.98,144.64,24.92,Cornering,"Hoosier 43075 16x7.5-10 R20, 7 inch rim",18346
78.5,727.104,-0.38,126.72,-51.93,3.994,-10.48,15.25,0.03,0.0074,-2.4403,11.97,156691.8,8.04,91.18,-11.264,-0,-0.9999,129.03,117.02,144.7,24.93,Cornering,"Hoosier 43075 16x7.5-10 R20, 7 inch rim",18347
78.53,727.114,-0.2,125.4,-50.87,3.996,-10.17,15.11,0.03,0.0039,-2.4651,11.97,156783.59,8.04,91.16,-11.296,-0,-0.9999,129.07,117.09,144.74,24.95,Cornering,"Hoosier 43075 16x7.5-10 R20, 7 inch rim",18348
78.5,727.124,-0.62,124.52,-49.7,4.001,-10.8,14.94,0.03,0.0126,-2.5057,12.03,156902.16,8.03,91.17,-11.344,-0,-0.9999,129.18,117.17,144.78,24.97,Cornering,"Hoosier 43075 16x7.5-10 R20, 7 inch rim",18349
78.48,727.134,-0.95,124.41,-49.84,3.994,-10.65,15.55,0.03,0.0191,-2.4961,12.09,156838.52,8.04,91.17,-11.393,-0,-0.9999,129.33,117.24,144.85,24.97,Cornering,"Hoosier 43075 16x7.5-10 R20, 7 inch rim",18350
78.51,727.144,-1.49,124.92,-49.87,3.984,-10.33,16.42,-0.04,0.0298,-2.5047,12.15,-97458.59,8.04,91.2,-11.43,-0,-1.0001,129.46,117.28,144.99,24.96,Cornering,"Hoosier 43075 16x7.5-10 R20, 7 inch rim",18351
78.51,727.154,-2.79,125.63,-49.73,3.996,-11.17,16.35,0.09,0.0561,-2.5262,12.12,43448.78,8.04,91.19,-11.473,-0,-0.9998,129.5,117.28,145.09,24.97,Cornering,"Hoosier 43075 16x7.5-10 R20, 7 inch rim",18352
78.48,727.164,-3.29,126.49,-50.35,3.984,-11.43,16.8,-0.04,0.0654,-2.5123,12.07,-97453.59,8.04,91.2,-11.509,-0,-1.0001,129.5,117.24,145.19,24.97,Cornering,"Hoosier 43075 16x7.5-10 R20, 7 inch rim",18353
78.49,727.174,-3.91,127.9,-50.94,3.99,-11.47,16.44,0.09,0.0767,-2.5109,12,43478.33,8.04,91.17,-11.542,-0,-0.9998,129.35,117.15,145.29,24.99,Cornering,"Hoosier 43075 16x7.5-10 R20, 7 inch rim",18354
78.51,727.184,-3.73,128.52,-51.72,4,-12.04,16.2,0.03,0.072,-2.4848,11.97,156909.55,8.04,91.18,-11.589,-0,-0.9999,129.28,117.09,145.37,25,Cornering,"Hoosier 43075 16x7.5-10 R20, 7 inch rim",18355
78.5,727.194,-2.94,128.96,-52.53,3.984,-11.59,16.22,0.03,0.056,-2.4549,12.03,156811.42,8.04,91.19,-11.634,-0,-0.9999,129.24,117,145.45,24.98,Cornering,"Hoosier 43075 16x7.5-10 R20, 7 inch rim",18356
78.48,727.204,-1.57,128.02,-52.82,3.991,-11.09,16.48,0.03,0.0297,-2.4235,12.08,156572.66,8.04,91.21,-11.669,-0,-0.9999,129.22,116.98,145.53,24.95,Cornering,"Hoosier 43075 16x7.5-10 R20, 7 inch rim",18357
78.5,727.214,-0.42,126.65,-52.42,4.015,-10.62,16.85,0.03,0.0079,-2.416,12.17,156333.06,8.03,91.22,-11.707,-0,-0.9999,129.2,116.98,145.61,24.92,Cornering,"Hoosier 43075 16x7.5-10 R20, 7 inch rim",18358
78.51,727.224,1.87,124.78,-51.29,4,-10.94,19.11,0.03,-0.0364,-2.4329,12.22,156320.72,8.03,91.25,-11.728,-0,-0.9999,129.2,117.02,145.65,24.92,Cornering,"Hoosier 43075 16x7.5-10 R20, 7 inch rim",18359
78.48,727.234,3.98,123.85,-50.73,3.993,-9.94,21.86,0.03,-0.0784,-2.4414,12.18,156480.23,8.04,91.23,-11.767,-0,-0.9999,129.26,117.13,145.65,24.94,Cornering,"Hoosier 43075 16x7.5-10 R20, 7 inch rim",18360
78.49,727.244,6.61,123.44,-50.03,4.003,-9.99,26,0.16,-0.1322,-2.4675,12.14,25179.71,8.03,91.2,-11.768,-0,-0.9997,129.39,117.17,145.73,24.96,Cornering,"Hoosier 43075 16x7.5-10 R20, 7 inch rim",18361
78.52,727.254,8.18,124.06,-49.66,3.996,-10.46,29.29,0.09,-0.1646,-2.4982,12.05,43427.24,8.04,91.17,-11.8,-0,-0.9998,129.56,117.31,145.77,24.98,Cornering,"Hoosier 43075 16x7.5-10 R20, 7 inch rim",18362
78.5,727.264,7.22,125.5,-49.83,3.988,-10.22,30.19,0.16,-0.1448,-2.5184,11.97,25194.19,8.04,91.18,-11.801,-0,-0.9997,129.71,117.35,145.94,24.97,Cornering,"Hoosier 43075 16x7.5-10 R20, 7 inch rim",18363
78.48,727.274,5.06,126.58,-50.17,3.993,-11.1,29.56,0.03,-0.1009,-2.523,12,156594.14,8.04,91.17,-11.821,-0,-0.9999,129.73,117.35,146.1,24.97,Cornering,"Hoosier 43075 16x7.5-10 R20, 7 inch rim",18364
78.5,727.284,4.52,128.3,-50.81,4,-11.21,30.16,0.03,-0.0889,-2.525,12.04,156449.55,8.03,91.2,-11.82,-0,-0.9999,129.65,117.2,146.24,24.94,Cornering,"Hoosier 43075 16x7.5-10 R20, 7 inch rim",18365
78.51,727.294,5.75,129.89,-51.83,4.004,-11.27,31.76,-0.04,-0.111,-2.5062,12.14,-97226.73,8.03,91.25,-11.828,-0,-1.0001,129.46,117.09,146.42,24.94,Cornering,"Hoosier 43075 16x7.5-10 R20, 7 inch rim",18366
78.48,727.314,8.76,130.11,-53.05,4.007,-11.3,32.75,0.03,-0.1651,-2.4526,12.17,156373.53,8.03,91.35,-12.107,-0,-0.9999,129.39,116.89,146.64,24.93,Cornering,"Hoosier 43075 16x7.5-10 R20, 7 inch rim",18367
78.51,727.324,8.67,128.79,-53.3,3.997,-10.48,30.46,0.03,-0.1627,-2.4164,12.09,156377.69,8.03,91.37,-12.099,-0,-0.9999,129.37,116.8,146.76,24.93,Cornering,"Hoosier 43075 16x7.5-10 R20, 7 inch rim",18368
78.5,727.334,6.52,126.73,-52.75,4,-10.27,26.3,-0.04,-0.1236,-2.4026,12,-97182.57,8.03,91.38,-12.107,-0,-1.0001,129.41,116.82,146.87,24.93,Cornering,"Hoosier 43075 16x7.5-10 R20, 7 inch rim",18369
78.47,727.344,3.98,125.27,-51.7,4,-9.95,22.06,0.09,-0.077,-2.4232,11.95,43315.04,8.03,91.38,-12.089,-0,-0.9998,129.5,116.89,146.91,24.92,Cornering,"Hoosier 43075 16x7.5-10 R20, 7 inch rim",18370
78.49,727.354,1.82,124.27,-50.51,3.998,-10.39,19.01,-0.04,-0.036,-2.4604,11.95,-97151.29,8.03,91.39,-12.068,-0,-1.0001,129.58,116.98,146.99,24.92,Cornering,"Hoosier 43075 16x7.5-10 R20, 7 inch rim",18371
78.51,727.364,0.3,124.41,-50.35,4.003,-9.7,17.54,0.09,-0.006,-2.4709,12.01,43287.11,8.03,91.37,-12.075,-0,-0.9998,129.71,117.13,147.13,24.9,Cornering,"Hoosier 43075 16x7.5-10 R20, 7 inch rim",18372
78.48,727.374,-1.83,125.67,-49.78,3.99,-9.5,15.97,0.03,0.0367,-2.5247,12.08,156224.06,8.04,91.34,-12.051,-0,-0.9999,129.86,117.33,147.21,24.9,Cornering,"Hoosier 43075 16x7.5-10 R20, 7 inch rim",18373
78.47,727.384,-4.33,126.61,-49.51,3.982,-10.13,14.01,-0.11,0.0874,-2.5571,12.12,-37051.25,8.04,91.35,-12.052,-0,-1.0002,129.99,117.33,147.31,24.91,Cornering,"Hoosier 43075 16x7.5-10 R20, 7 inch rim",18374
78.5,727.394,-7.29,127.72,-50.51,3.994,-9.76,11.39,0.03,0.1443,-2.5283,12.11,156376.94,8.03,91.36,-12.038,-0,-0.9999,129.95,117.31,147.41,24.93,Cornering,"Hoosier 43075 16x7.5-10 R20, 7 inch rim",18375
78.49,727.404,-9.41,128.87,-51.4,3.991,-10.22,9.22,-0.04,0.1832,-2.5073,12.06,-97230.92,8.04,91.37,-12.035,-0,-1.0001,129.8,117.26,147.55,24.93,Cornering,"Hoosier 43075 16x7.5-10 R20, 7 inch rim",18376
78.47,727.414,-10.56,129.35,-52,3.996,-11.65,7.21,0.03,0.203,-2.4873,12.01,156558.75,8.03,91.38,-12.038,-0,-0.9999,129.61,117.13,147.69,24.96,Cornering,"Hoosier 43075 16x7.5-10 R20, 7 inch rim",18377
78.48,727.424,-10.1,129.12,-53.21,3.993,-11.91,6.46,0.09,0.1898,-2.4268,12,43422.45,8.03,91.37,-12.048,-0,-0.9998,129.58,117.04,147.8,24.98,Cornering,"Hoosier 43075 16x7.5-10 R20, 7 inch rim",18378
78.5,727.434,-8.76,128.05,-53.67,3.997,-12.08,6.5,-0.04,0.1632,-2.386,12.02,-97455.41,8.03,91.36,-12.039,-0,-1.0001,129.56,116.93,147.92,24.99,Cornering,"Hoosier 43075 16x7.5-10 R20, 7 inch rim",18379
78.47,727.444,-6.73,126.48,-53.09,3.993,-12.21,7.48,-0.04,0.1268,-2.3824,12.07,-97362.95,8.03,91.36,-12.045,-0,-1.0001,129.52,116.91,148,24.97,Cornering,"Hoosier 43075 16x7.5-10 R20, 7 inch rim",18380
78.46,727.454,-4.84,125.19,-52.41,3.994,-10.99,8.87,0.03,0.0924,-2.3889,12.15,156590.14,8.03,91.38,-12.046,-0,-0.9999,129.54,117.02,148.06,24.96,Cornering,"Hoosier 43075 16x7.5-10 R20, 7 inch rim",18381
78.48,727.464,-3.45,124.48,-50.8,3.991,-11.19,10.74,0.03,0.0678,-2.4503,12.16,156521.56,8.04,91.39,-12.039,-0,-0.9999,129.65,117.11,148.12,24.95,Cornering,"Hoosier 43075 16x7.5-10 R20, 7 inch rim",18382
78.48,727.474,-2.57,124.62,-50,3.985,-10.13,12.88,-0.04,0.0514,-2.4923,12.13,-97318.25,8.04,91.37,-12.044,-0,-1.0001,129.78,117.26,148.18,24.96,Cornering,"Hoosier 43075 16x7.5-10 R20, 7 inch rim",18383
78.45,727.484,-1.52,125.61,-49.85,4.006,-9.27,16.29,-0.04,0.0304,-2.5199,12.06,-97404.55,8.03,91.37,-12.055,-0,-1.0001,129.95,117.39,148.22,24.98,Cornering,"Hoosier 43075 16x7.5-10 R20, 7 inch rim",18384
78.45,727.494,0.61,126.82,-49.74,4.01,-9.09,21.18,-0.04,-0.0122,-2.5496,11.97,-97522.71,8.03,91.34,-12.041,-0,-1.0001,130.12,117.46,148.34,25.01,Cornering,"Hoosier 43075 16x7.5-10 R20, 7 inch rim",18385
78.48,727.504,3.69,127.64,-49.82,3.998,-9.71,27.07,0.09,-0.074,-2.5619,11.95,43486.81,8.03,91.34,-12.023,-0,-0.9998,130.25,117.48,148.44,25.01,Cornering,"Hoosier 43075 16x7.5-10 R20, 7 inch rim",18386
78.46,727.514,6.73,128.57,-50.37,4.003,-10.86,32.78,-0.04,-0.1337,-2.5524,11.95,-97492.41,8.03,91.31,-11.999,-0,-1.0001,130.14,117.35,148.54,25,Cornering,"Hoosier 43075 16x7.5-10 R20, 7 inch rim",18387
78.44,727.524,9.71,128.96,-51.51,3.997,-12.23,37.53,-0.04,-0.1886,-2.5035,12.02,-97386.55,8.03,91.29,-11.979,-0,-1.0001,130.06,117.26,148.68,24.97,Cornering,"Hoosier 43075 16x7.5-10 R20, 7 inch rim",18388
78.47,727.534,13.31,129.65,-53.22,4.006,-11.83,41.75,0.03,-0.2501,-2.4362,12.11,156609.84,8.03,91.29,-11.949,-0,-0.9999,129.93,117.13,148.81,24.96,Cornering,"Hoosier 43075 16x7.5-10 R20, 7 inch rim",18389
78.48,727.544,16.32,129.22,-53.51,3.998,-12.44,44.47,0.09,-0.3049,-2.4148,12.14,43383.65,8.03,91.3,-11.912,-0,-0.9998,129.88,117.02,148.89,24.94,Cornering,"Hoosier 43075 16x7.5-10 R20, 7 inch rim",18390
78.44,727.554,18.25,128.11,-53.42,4.004,-11.99,45.16,0.03,-0.3416,-2.3981,12.14,156580.45,8.03,91.3,-11.873,-0,-0.9999,129.86,117.02,149.01,24.94,Cornering,"Hoosier 43075 16x7.5-10 R20, 7 inch rim",18391
78.44,727.564,17.14,127.19,-52.63,3.994,-10.58,42.02,0.03,-0.3256,-2.4166,12.07,156609.75,8.04,91.25,-11.822,-0,-0.9999,129.88,117,149.09,24.94,Cornering,"Hoosier 43075 16x7.5-10 R20, 7 inch rim",18392
78.46,727.574,13.47,125.78,-52.62,4.003,-8.99,36.11,-0.04,-0.256,-2.3905,11.97,-97395.28,8.03,91.21,-11.763,-0,-1.0001,129.93,117.02,149.13,24.95,Cornering,"Hoosier 43075 16x7.5-10 R20, 7 inch rim",18393
78.45,727.584,8.56,125.52,-51.28,4.009,-8.35,29.58,0.03,-0.167,-2.4478,11.92,156743.98,8.03,91.15,-11.713,-0,-0.9999,130.01,117.11,149.17,24.96,Cornering,"Hoosier 43075 16x7.5-10 R20, 7 inch rim",18394
78.42,727.594,3.24,125.8,-50.34,4.004,-8.09,23.01,0.09,-0.0643,-2.499,11.93,43464.61,8.03,91.13,-11.653,-0,-0.9998,130.21,117.15,149.23,24.97,Cornering,"Hoosier 43075 16x7.5-10 R20, 7 inch rim",18395
78.45,727.604,-1.09,126.16,-50.15,3.991,-8.42,18.16,0.09,0.0217,-2.5158,12,43484.44,8.04,91.12,-11.59,-0,-0.9998,130.42,117.26,149.31,24.97,Cornering,"Hoosier 43075 16x7.5-10 R20, 7 inch rim",18396
78.46,727.614,-3.52,126.91,-49.91,3.991,-9.38,15.73,0.03,0.0704,-2.5427,12.06,157022.02,8.04,91.11,-11.541,-0,-0.9999,130.59,117.33,149.37,24.98,Cornering,"Hoosier 43075 16x7.5-10 R20, 7 inch rim",18397
78.43,727.624,-5.85,127.37,-50.23,3.997,-10.5,13.34,0.03,0.1164,-2.5357,12.11,157151.92,8.03,91.13,-11.504,-0,-0.9999,130.61,117.22,149.47,25,Cornering,"Hoosier 43075 16x7.5-10 R20, 7 inch rim",18398
78.42,727.634,-8.18,128.35,-51.02,3.996,-11.51,10.63,0.09,0.1603,-2.5155,12.12,43567.42,8.03,91.14,-11.444,-0,-0.9998,130.51,117.17,149.57,25.01,Cornering,"Hoosier 43075 16x7.5-10 R20, 7 inch rim",18399
78.46,727.644,-10.52,129.22,-52.31,3.994,-11.4,7.07,-0.04,0.2011,-2.4701,12.06,-97770.12,8.03,91.12,-11.399,-0,-1.0001,130.29,117.04,149.67,25.01,Cornering,"Hoosier 43075 16x7.5-10 R20, 7 inch rim",18400
78.44,727.654,-11.56,129.58,-53.1,3.994,-11.92,4.76,-0.11,0.2176,-2.4403,12,-37270.25,8.03,91.14,-11.381,-0,-1.0002,130.21,116.98,149.74,25,Cornering,"Hoosier 43075 16x7.5-10 R20, 7 inch rim",18401
78.41,727.664,-9.78,128.98,-53.43,3.994,-11.99,4.96,0.03,0.1831,-2.414,11.97,157250.17,8.03,91.15,-11.325,-0,-0.9999,130.14,116.91,149.76,25,Cornering,"Hoosier 43075 16x7.5-10 R20, 7 inch rim",18402
78.44,727.674,-7.26,127.61,-53.53,3.991,-10.8,6.28,0.03,0.1355,-2.3839,12.01,157264.19,8.03,91.19,-11.299,-0,-0.9999,130.14,116.95,149.88,25,Cornering,"Hoosier 43075 16x7.5-10 R20, 7 inch rim",18403
78.46,727.684,-5.33,126.31,-52.39,3.988,-10.81,7.25,0.09,0.1017,-2.411,12.09,43575.16,8.03,91.25,-11.259,-0,-0.9998,130.08,116.98,149.82,25,Cornering,"Hoosier 43075 16x7.5-10 R20, 7 inch rim",18404
78.43,727.694,-5.17,125.39,-51.24,4.007,-10.06,6.97,-0.04,0.101,-2.4473,12.17,-97738.07,8.03,91.25,-11.226,-0,-1.0001,130.16,117.04,149.84,24.99,Cornering,"Hoosier 43075 16x7.5-10 R20, 7 inch rim",18405
78.41,727.704,-6.38,125.11,-50.37,3.988,-9.59,6.01,0.03,0.1266,-2.4836,12.21,157214.41,8.04,91.23,-11.189,-0,-0.9999,130.27,117.11,149.88,24.98,Cornering,"Hoosier 43075 16x7.5-10 R20, 7 inch rim",18406
78.44,727.714,-6.94,125.71,-49.99,3.988,-9.28,6.71,0.03,0.1387,-2.5145,12.19,157235.92,8.04,91.21,-11.149,-0,-0.9999,130.44,117.22,149.9,24.98,Cornering,"Hoosier 43075 16x7.5-10 R20, 7 inch rim",18407
78.44,727.724,-6.92,126.62,-49.62,3.985,-9.62,8.31,-0.04,0.1395,-2.5517,12.13,-97768.21,8.03,91.21,-11.136,-0,-1.0001,130.57,117.35,150,24.99,Cornering,"Hoosier 43075 16x7.5-10 R20, 7 inch rim",18408
78.41,727.734,-6.76,126.93,-50.16,3.991,-10.29,10.42,-0.04,0.1347,-2.5303,12.04,-97828.31,8.03,91.26,-11.091,-0,-1.0001,130.61,117.31,150.06,25,Cornering,"Hoosier 43075 16x7.5-10 R20, 7 inch rim",18409
78.43,727.744,-6.26,128.06,-50.81,3.988,-10.7,12.67,0.09,0.1231,-2.5205,11.97,43645.2,8.04,91.3,-11.06,-0,-0.9998,130.46,117.2,150.14,25.02,Cornering,"Hoosier 43075 16x7.5-10 R20, 7 inch rim",18410
78.44,727.754,-6.14,129.23,-51.9,3.984,-11.27,13.67,0.03,0.1184,-2.4899,11.94,157556.22,8.04,91.29,-11.027,-0,-0.9999,130.29,117.13,150.22,25.03,Cornering,"Hoosier 43075 16x7.5-10 R20, 7 inch rim",18411
78.42,727.764,-5.36,130.13,-52.59,3.998,-12.21,14.59,-0.04,0.1019,-2.4743,11.98,-97972.95,8.03,91.29,-10.997,-0,-1.0001,130.14,116.95,150.28,25.03,Cornering,"Hoosier 43075 16x7.5-10 R20, 7 inch rim",18412
78.41,727.774,-3.75,130.88,-53.25,3.981,-11.71,15.71,0.03,0.0705,-2.4579,12.05,157590.33,8.04,91.31,-10.962,-0,-0.9999,130.01,116.87,150.36,25.03,Cornering,"Hoosier 43075 16x7.5-10 R20, 7 inch rim",18413
78.44,727.784,-1.09,129.95,-53.98,3.993,-10.68,17.49,0.03,0.0201,-2.4072,12.14,157607.67,8.03,91.33,-10.93,-0,-0.9999,129.99,116.78,150.38,25.03,Cornering,"Hoosier 43075 16x7.5-10 R20, 7 inch rim",18414
78.44,727.794,1.61,128.49,-53.19,3.994,-10.75,19.46,0.09,-0.0303,-2.4159,12.13,43658.14,8.03,91.37,-10.902,-0,-0.9998,129.99,116.82,150.34,25.01,Cornering,"Hoosier 43075 16x7.5-10 R20, 7 inch rim",18415
78.4,727.804,3.97,127.66,-51.77,3.988,-10.04,21.24,0.03,-0.0766,-2.4661,12.06,157575.19,8.04,91.41,-10.852,-0,-0.9999,130.04,116.87,150.38,25.01,Cornering,"Hoosier 43075 16x7.5-10 R20, 7 inch rim",18416
78.41,727.814,4.88,126.66,-51.21,3.997,-9.31,22.23,-0.11,-0.0953,-2.4736,11.97,-37350.47,8.03,91.44,-10.815,-0,-1.0002,130.1,116.89,150.36,25,Cornering,"Hoosier 43075 16x7.5-10 R20, 7 inch rim",18417
78.44,727.824,5.43,126.18,-50.83,3.994,-8.85,23.59,-0.11,-0.1068,-2.4826,11.92,-37380.86,8.03,91.44,-10.779,-0,-1.0002,130.21,116.95,150.36,25.02,Cornering,"Hoosier 43075 16x7.5-10 R20, 7 inch rim",18418
78.42,727.834,4.35,126.13,-50.09,3.993,-9.93,23.73,0.09,-0.0868,-2.518,11.95,43651.95,8.03,91.45,-10.735,-0,-0.9998,130.36,117.11,150.36,25,Cornering,"Hoosier 43075 16x7.5-10 R20, 7 inch rim",18419
78.4,727.844,2.49,126.6,-50.22,3.993,-10.18,22.89,-0.11,-0.0496,-2.5212,11.96,-37330.58,8.03,91.47,-10.695,-0,-1.0002,130.49,117.22,150.52,24.98,Cornering,"Hoosier 43075 16x7.5-10 R20, 7 inch rim",18420
78.43,727.854,1.07,127.21,-50.36,3.996,-11.3,22.26,0.03,-0.0212,-2.5261,12.06,157388.08,8.03,91.45,-10.649,-0,-0.9999,130.49,117.22,150.52,24.97,Cornering,"Hoosier 43075 16x7.5-10 R20, 7 inch rim",18421
78.43,727.864,-0.51,128.96,-51.27,4.001,-10.85,21.16,-0.04,0.01,-2.515,12.11,-97829.02,8.03,91.44,-10.599,-0,-1.0001,130.44,117.2,150.6,24.96,Cornering,"Hoosier 43075 16x7.5-10 R20, 7 inch rim",18422
78.4,727.874,-1.33,130.48,-52.66,3.993,-10.64,19.88,-0.04,0.0253,-2.4776,12.12,-97821.66,8.03,91.42,-10.55,-0,-1.0001,130.27,117.15,150.71,24.96,Cornering,"Hoosier 43075 16x7.5-10 R20, 7 inch rim",18423
78.4,727.884,-1.66,131.14,-53.34,3.994,-11.39,18.45,0.03,0.0312,-2.4583,12.08,157345.38,8.03,91.44,-10.517,-0,-0.9999,130.23,116.98,150.73,24.95,Cornering,"Hoosier 43075 16x7.5-10 R20, 7 inch rim",18424
78.44,727.894,-2.09,131.17,-53.75,3.993,-11.3,16.17,0.03,0.0388,-2.4406,12.03,157413.66,8.03,91.43,-10.454,-0,-0.9999,130.16,117,150.79,24.96,Cornering,"Hoosier 43075 16x7.5-10 R20, 7 inch rim",18425
78.42,727.904,-2.09,130.06,-53.51,3.997,-10.95,14.25,0.03,0.0391,-2.4307,11.97,157395.02,8.03,91.45,-10.418,-0,-0.9999,130.08,116.93,150.81,24.95,Cornering,"Hoosier 43075 16x7.5-10 R20, 7 inch rim",18426
78.39,727.914,-2.19,128.81,-52.78,3.99,-10.13,12.59,0.09,0.0415,-2.4404,11.98,43622.02,8.03,91.44,-10.371,-0,-0.9998,130.01,117.04,150.81,24.95,Cornering,"Hoosier 43075 16x7.5-10 R20, 7 inch rim",18427
78.42,727.924,-2.39,127.2,-51.71,3.988,-9.86,11.55,-0.04,0.0463,-2.4599,12.03,-97871.6,8.03,91.46,-10.317,-0,-1.0001,130.1,117.09,150.77,24.95,Cornering,"Hoosier 43075 16x7.5-10 R20, 7 inch rim",18428
78.43,727.934,-2.74,126.35,-51.15,3.998,-9.81,10.9,0.09,0.0536,-2.4704,12.13,43624.86,8.03,91.45,-10.277,-0,-0.9998,130.19,117.2,150.75,24.94,Cornering,"Hoosier 43075 16x7.5-10 R20, 7 inch rim",18429
78.4,727.944,-4.05,126.03,-50.83,3.997,-9.56,10.29,0.03,0.0797,-2.4792,12.21,157448.58,8.03,91.41,-10.237,-0,-0.9999,130.38,117.26,150.75,24.94,Cornering,"Hoosier 43075 16x7.5-10 R20, 7 inch rim",18430
78.4,727.954,-5.39,126.97,-50.56,3.99,-9.34,9.96,0.03,0.1065,-2.5112,12.19,157473.84,8.03,91.38,-10.185,-0,-0.9999,130.57,117.33,150.79,24.94,Cornering,"Hoosier 43075 16x7.5-10 R20, 7 inch rim",18431
78.43,727.964,-7.62,127.63,-50.5,3.979,-10.26,8.98,0.03,0.1509,-2.527,12.16,157565.2,8.04,91.37,-10.148,-0,-0.9999,130.72,117.42,150.85,24.96,Cornering,"Hoosier 43075 16x7.5-10 R20, 7 inch rim",18432
78.42,727.974,-8.56,128.71,-51.08,3.987,-10.5,9.28,0.09,0.1677,-2.5198,12.06,43687.75,8.04,91.36,-10.112,-0,-0.9998,130.64,117.33,150.93,24.97,Cornering,"Hoosier 43075 16x7.5-10 R20, 7 inch rim",18433
78.39,727.984,-8.75,129.78,-51.79,3.998,-11.39,9.77,-0.04,0.169,-2.5061,11.98,-98104.06,8.03,91.35,-10.076,-0,-1.0001,130.49,117.22,151.01,24.99,Cornering,"Hoosier 43075 16x7.5-10 R20, 7 inch rim",18434
78.41,727.994,-7,131.14,-53.07,3.993,-10.9,11.34,0.09,0.132,-2.4712,11.97,43768.56,8.03,91.39,-10.039,-0,-0.9998,130.27,117.09,151.09,25.01,Cornering,"Hoosier 43075 16x7.5-10 R20, 7 inch rim",18435
78.43,728.004,-5.91,131.2,-53.95,3.99,-11.23,11.67,-0.04,0.1095,-2.432,12,-98167.21,8.03,91.39,-10.017,-0,-1.0001,130.19,116.98,151.09,25,Cornering,"Hoosier 43075 16x7.5-10 R20, 7 inch rim",18436
78.4,728.014,-4.94,130.54,-53.36,3.991,-11.55,11.28,0.03,0.0926,-2.4465,12.06,157827.17,8.03,91.41,-9.985,-0,-0.9999,130.08,116.91,151.09,24.98,Cornering,"Hoosier 43075 16x7.5-10 R20, 7 inch rim",18437
78.4,728.024,-3.81,128.84,-53.16,3.988,-10.93,11.36,0.09,0.0717,-2.4234,12.13,43739.8,8.04,91.39,-9.95,-0,-0.9998,130.04,116.89,151.09,24.98,Cornering,"Hoosier 43075 16x7.5-10 R20, 7 inch rim",18438
78.42,728.034,-1.86,127.59,-53.12,3.991,-9.16,12.88,0.09,0.035,-2.4019,12.11,43692.47,8.03,91.39,-9.924,-0,-0.9998,130.06,116.8,151.09,24.96,Cornering,"Hoosier 43075 16x7.5-10 R20, 7 inch rim",18439
78.42,728.044,-0.24,126.57,-51.65,3.99,-9.31,14.71,0.09,0.0046,-2.4508,12.08,43678.77,8.03,91.41,-9.874,-0,-0.9998,130.06,116.89,151.05,24.94,Cornering,"Hoosier 43075 16x7.5-10 R20, 7 inch rim",18440
78.39,728.054,0.65,126.03,-51.1,4,-9.23,16.6,0.03,-0.0127,-2.4665,12,157632.89,8.03,91.42,-9.854,-0,-0.9999,130.23,116.95,151.09,24.94,Cornering,"Hoosier 43075 16x7.5-10 R20, 7 inch rim",18441
78.4,728.064,1.23,126.47,-50.31,3.993,-9.67,18.67,0.03,-0.0244,-2.5137,11.92,157803.75,8.03,91.43,-9.803,-0,-0.9999,130.46,117.06,151.01,24.97,Cornering,"Hoosier 43075 16x7.5-10 R20, 7 inch rim",18442
78.44,728.074,0.96,127.68,-50.22,3.998,-9.48,20.27,0.03,-0.0191,-2.5424,11.92,157777.2,8.03,91.41,-9.781,-0,-0.9999,130.57,117.13,151.03,24.96,Cornering,"Hoosier 43075 16x7.5-10 R20, 7 inch rim",18443
78.4,728.084,0.66,128.48,-50.67,3.997,-10.12,21.61,0.09,-0.013,-2.5358,11.95,43727.16,8.03,91.37,-9.737,-0,-0.9998,130.61,117.13,150.99,24.96,Cornering,"Hoosier 43075 16x7.5-10 R20, 7 inch rim",18444
78.39,728.094,1.02,129.75,-51.54,4,-10.64,23.11,-0.04,-0.0197,-2.5176,12.03,-98084.06,8.03,91.31,-9.681,-0,-1.0001,130.49,117.09,151.05,24.96,Cornering,"Hoosier 43075 16x7.5-10 R20, 7 inch rim",18445
78.42,728.104,1.18,130.78,-52.69,3.993,-11.44,23.41,0.03,-0.0223,-2.4822,12.09,157806,8.03,91.29,-9.641,-0,-0.9999,130.29,116.98,151.11,24.96,Cornering,"Hoosier 43075 16x7.5-10 R20, 7 inch rim",18446
78.42,728.114,0.99,131.78,-53.91,3.994,-11.8,22.4,-0.04,-0.0183,-2.4447,12.13,-98220.66,8.03,91.26,-9.602,-0,-1.0001,130.16,116.95,151.11,24.98,Cornering,"Hoosier 43075 16x7.5-10 R20, 7 inch rim",18447
78.39,728.124,0.99,131.8,-54.3,3.997,-11.75,20.97,0.03,-0.0182,-2.4274,12.1,158176.86,8.03,91.27,-9.552,-0,-0.9999,130.14,116.93,151.11,25.01,Cornering,"Hoosier 43075 16x7.5-10 R20, 7 inch rim",18448
78.4,728.134,0.31,130.71,-54.48,4.003,-10.78,18.39,0.03,-0.0056,-2.3994,12.03,158191.95,8.03,91.3,-9.519,-0,-0.9999,130.14,116.87,151.11,25.01,Cornering,"Hoosier 43075 16x7.5-10 R20, 7 inch rim",18449
78.42,728.144,0.21,128.97,-53.18,3.991,-11.08,16.72,0.03,-0.0039,-2.4251,11.99,158177.53,8.03,91.32,-9.471,-0,-0.9999,130.12,116.98,151.11,25,Cornering,"Hoosier 43075 16x7.5-10 R20, 7 inch rim",18450
78.4,728.154,-0.24,127.66,-52.46,4,-9.8,15.25,-0.11,0.0045,-2.4333,12,-37501.48,8.03,91.31,-9.432,-0,-1.0002,130.23,117.04,151.07,25,Cornering,"Hoosier 43075 16x7.5-10 R20, 7 inch rim",18451
78.38,728.164,-0.39,126.67,-51.38,3.997,-9.86,14.6,0.03,0.0077,-2.4657,12.04,158115.48,8.03,91.28,-9.365,-0,-0.9999,130.25,117.09,151.03,24.98,Cornering,"Hoosier 43075 16x7.5-10 R20, 7 inch rim",18452
78.41,728.174,-1.76,126.89,-50.79,3.975,-9.34,13.49,-0.04,0.0347,-2.4984,12.11,-98366.02,8.04,91.27,-9.33,-0,-1.0001,130.49,117.22,151.05,25,Cornering,"Hoosier 43075 16x7.5-10 R20, 7 inch rim",18453
78.42,728.184,-3.49,127.29,-50.23,3.981,-10.1,12.6,0.03,0.0695,-2.5341,12.19,158257.66,8.04,91.28,-9.293,-0,-0.9999,130.66,117.31,151.03,25,Cornering,"Hoosier 43075 16x7.5-10 R20, 7 inch rim",18454
78.39,728.194,-5.35,127.86,-50.99,4.003,-10.09,11.83,0.03,0.1049,-2.5078,12.2,158315.41,8.03,91.29,-9.246,-0,-0.9999,130.79,117.37,151.09,25.01,Cornering,"Hoosier 43075 16x7.5-10 R20, 7 inch rim",18455
78.4,728.204,-6.62,128.87,-51.46,3.993,-10.48,11.27,0.09,0.1286,-2.5043,12.17,43864.95,8.03,91.28,-9.208,-0,-0.9998,130.74,117.35,151.11,25,Cornering,"Hoosier 43075 16x7.5-10 R20, 7 inch rim",18456
78.42,728.214,-7.26,129.98,-52.29,3.998,-10.93,11.01,-0.04,0.1389,-2.4858,12.08,-98433.97,8.03,91.29,-9.167,-0,-1.0001,130.57,117.33,151.15,25.01,Cornering,"Hoosier 43075 16x7.5-10 R20, 7 inch rim",18457
78.41,728.224,-6.44,131.41,-53.35,4.004,-11.25,11.49,0.03,0.1208,-2.4633,11.99,158328.72,8.03,91.33,-9.133,-0,-0.9999,130.46,117.15,151.19,25,Cornering,"Hoosier 43075 16x7.5-10 R20, 7 inch rim",18458
78.38,728.234,-6.06,131.96,-53.9,3.994,-11.33,10.93,-0.04,0.1125,-2.4483,11.93,-98409.05,8.03,91.36,-9.091,-0,-1.0001,130.34,117.04,151.19,25,Cornering,"Hoosier 43075 16x7.5-10 R20, 7 inch rim",18459
78.41,728.244,-5.16,131.36,-54.29,3.997,-10.93,10.44,0.09,0.095,-2.4193,11.93,43875.14,8.03,91.39,-9.041,-0,-0.9998,130.25,117.04,151.15,25,Cornering,"Hoosier 43075 16x7.5-10 R20, 7 inch rim",18460
78.42,728.254,-4.33,129.45,-53.96,4.003,-10.82,9.96,0.09,0.0802,-2.399,11.97,43868.07,8.03,91.41,-9.015,-0,-0.9998,130.27,116.98,151.17,24.99,Cornering,"Hoosier 43075 16x7.5-10 R20, 7 inch rim",18461
78.39,728.264,-3.36,127.68,-52.61,3.997,-11.07,10.2,0.09,0.0638,-2.4267,12.03,43851.84,8.03,91.38,-8.981,-0,-0.9998,130.23,117.09,151.09,24.98,Cornering,"Hoosier 43075 16x7.5-10 R20, 7 inch rim",18462
78.39,728.274,-2.46,126.13,-52.02,3.99,-10.31,10.93,-0.04,0.0473,-2.4244,12.08,-98358.25,8.04,91.34,-8.941,-0,-1.0001,130.23,117.09,151.07,24.97,Cornering,"Hoosier 43075 16x7.5-10 R20, 7 inch rim",18463
78.42,728.284,-2.1,125.49,-51.63,3.987,-9.89,12.25,0.03,0.0407,-2.4308,12.08,158204.03,8.03,91.31,-8.912,-0,-0.9999,130.31,117.13,151.07,24.97,Cornering,"Hoosier 43075 16x7.5-10 R20, 7 inch rim",18464
78.41,728.294,-1.54,125.86,-50.88,3.997,-10,14.17,0.03,0.0303,-2.4738,12.02,158142.2,8.03,91.29,-8.885,-0,-0.9999,130.53,117.15,151.07,24.96,Cornering,"Hoosier 43075 16x7.5-10 R20, 7 inch rim",18465
78.38,728.304,-1.81,126.62,-50.49,3.994,-10.36,15.74,0.03,0.0359,-2.5078,11.94,158116.44,8.03,91.27,-8.859,-0,-0.9999,130.68,117.2,151.09,24.95,Cornering,"Hoosier 43075 16x7.5-10 R20, 7 inch rim",18466
78.4,728.314,-1.53,128.22,-51.05,3.991,-10.07,17.7,0.03,0.0299,-2.5119,11.92,158249.72,8.03,91.24,-8.805,-0,-0.9999,130.7,117.15,151.09,24.97,Cornering,"Hoosier 43075 16x7.5-10 R20, 7 inch rim",18467
78.42,728.324,-1.48,129.29,-51.56,4.001,-10.98,18.97,0.03,0.0287,-2.5074,11.95,158154.59,8.03,91.22,-8.769,-0,-0.9999,130.57,117.04,151.15,24.95,Cornering,"Hoosier 43075 16x7.5-10 R20, 7 inch rim",18468
78.4,728.334,-1.06,131.09,-52.47,3.991,-11.01,19.92,0.09,0.0201,-2.4985,12.01,43831.3,8.03,91.16,-8.723,-0,-0.9998,130.4,116.93,151.15,24.95,Cornering,"Hoosier 43075 16x7.5-10 R20, 7 inch rim",18469
78.39,728.344,-0.07,132.14,-53.9,3.987,-10.56,20.52,0.03,0.0014,-2.4514,12.08,158041.2,8.04,91.18,-8.689,-0,-0.9999,130.25,116.8,151.17,24.93,Cornering,"Hoosier 43075 16x7.5-10 R20, 7 inch rim",18470
78.41,728.354,1.03,131.82,-54.33,3.994,-10.99,20.59,0.03,-0.019,-2.4264,12.1,158058.45,8.03,91.15,-8.647,-0,-0.9999,130.19,116.76,151.09,24.93,Cornering,"Hoosier 43075 16x7.5-10 R20, 7 inch rim",18471
78.42,728.364,1.7,130.11,-54.27,3.994,-11,19.93,0.09,-0.0314,-2.3976,12.07,43845.32,8.03,91.12,-8.601,-0,-0.9998,130.16,116.73,151.05,24.95,Cornering,"Hoosier 43075 16x7.5-10 R20, 7 inch rim",18472
78.38,728.374,2.11,127.91,-53.57,3.991,-11.02,18.93,0.03,-0.0393,-2.3878,11.99,158350.05,8.04,91.09,-8.564,-0,-0.9999,130.12,116.8,150.99,24.97,Cornering,"Hoosier 43075 16x7.5-10 R20, 7 inch rim",18473
78.4,728.384,2.03,125.81,-52.46,3.994,-11.02,18.13,0.09,-0.0387,-2.398,11.94,43936.28,8.03,91.05,-8.518,-0,-0.9998,130.23,116.95,150.91,25,Cornering,"Hoosier 43075 16x7.5-10 R20, 7 inch rim",18474
78.42,728.394,1.99,124.83,-51.92,3.998,-10.23,17.76,0.09,-0.0384,-2.4044,11.91,43940.17,8.03,91.02,-8.484,-0,-0.9998,130.27,117.06,150.87,25,Cornering,"Hoosier 43075 16x7.5-10 R20, 7 inch rim",18475
78.4,728.404,0.9,124.96,-51.1,3.994,-9.9,17.09,-0.04,-0.0177,-2.4452,11.97,-98536.53,8.03,91.01,-8.43,-0,-1.0001,130.49,117.15,150.85,24.98,Cornering,"Hoosier 43075 16x7.5-10 R20, 7 inch rim",18476
78.39,728.414,-1.32,125.68,-50.47,3.997,-10.11,15.56,0.09,0.0261,-2.4902,12.02,43891.24,8.03,91.08,-8.375,-0,-0.9998,130.7,117.28,150.85,24.96,Cornering,"Hoosier 43075 16x7.5-10 R20, 7 inch rim",18477
78.41,728.424,-2.74,126.81,-50.78,3.991,-9.77,14.91,-0.04,0.054,-2.4974,12.11,-98446.22,8.04,91.11,-8.334,-0,-1.0001,130.83,117.31,150.91,24.96,Cornering,"Hoosier 43075 16x7.5-10 R20, 7 inch rim",18478
78.42,728.434,-4.54,128.12,-51.4,3.985,-9.87,13.82,-0.04,0.0883,-2.4925,12.14,-98478.67,8.04,91.17,-8.295,-0,-1.0001,130.74,117.28,150.89,24.96,Cornering,"Hoosier 43075 16x7.5-10 R20, 7 inch rim",18479
78.38,728.444,-5.47,129.42,-52.45,3.987,-10.2,13.18,-0.11,0.1042,-2.4673,12.11,-37602.16,8.04,91.22,-8.261,-0,-1.0002,130.53,117.2,150.91,24.98,Cornering,"Hoosier 43075 16x7.5-10 R20, 7 inch rim",18480
78.4,728.454,-6.15,130.17,-53.07,3.998,-11.63,11.9,0.03,0.1159,-2.453,12.03,158747.77,8.03,91.22,-8.216,-0,-0.9999,130.29,117.11,150.89,25.01,Cornering,"Hoosier 43075 16x7.5-10 R20, 7 inch rim",18481
78.42,728.464,-5.85,130.59,-54.16,3.99,-11.71,11,-0.04,0.1081,-2.4113,11.92,-98762.29,8.03,91.24,-8.165,-0,-1.0001,130.23,116.98,150.85,25.03,Cornering,"Hoosier 43075 16x7.5-10 R20, 7 inch rim",18482
78.4,728.474,-4.85,129.7,-54.57,3.987,-11.42,10.52,-0.04,0.0889,-2.3767,11.88,-98677.41,8.04,91.28,-8.137,-0,-1.0001,130.16,116.95,150.77,25,Cornering,"Hoosier 43075 16x7.5-10 R20, 7 inch rim",18483
78.38,728.484,-3.74,127.67,-54.42,3.988,-11.28,10.1,0.03,0.0687,-2.3461,11.89,158616.47,8.04,91.29,-8.082,-0,-0.9999,130.12,116.95,150.71,24.98,Cornering,"Hoosier 43075 16x7.5-10 R20, 7 inch rim",18484
78.4,728.494,-3.2,125.74,-53.28,3.988,-10.96,9.85,0.09,0.06,-2.3599,11.96,43925.82,8.04,91.25,-8.059,-0,-0.9998,130.1,117.11,150.54,24.96,Cornering,"Hoosier 43075 16x7.5-10 R20, 7 inch rim",18485
78.43,728.504,-2.7,124.47,-52.04,3.978,-10.47,9.96,0.03,0.0519,-2.3919,12.06,158491.38,8.04,91.17,-8.024,-0,-0.9999,130.14,117.15,150.44,24.96,Cornering,"Hoosier 43075 16x7.5-10 R20, 7 inch rim",18486
78.39,728.514,-2.98,124.08,-51.6,3.991,-9.13,10.29,0.03,0.0577,-2.4046,12.12,158472.16,8.03,91.13,-7.979,-0,-0.9999,130.27,117.31,150.32,24.95,Cornering,"Hoosier 43075 16x7.5-10 R20, 7 inch rim",18487
78.39,728.524,-2.95,124.33,-50.89,3.994,-9.31,11.66,-0.04,0.0579,-2.4432,12.13,-98403.78,8.03,91.09,-7.943,-0,-1.0001,130.49,117.39,150.32,24.92,Cornering,"Hoosier 43075 16x7.5-10 R20, 7 inch rim",18488
78.41,728.534,-3.98,125.28,-50.82,3.99,-9.24,12.21,0.09,0.0784,-2.4653,12.08,43880.57,8.03,91.09,-7.908,-0,-0.9998,130.66,117.42,150.3,24.93,Cornering,"Hoosier 43075 16x7.5-10 R20, 7 inch rim",18489
78.4,728.544,-4.13,126.37,-50.61,3.984,-10.1,13.69,-0.04,0.0816,-2.4969,12,-98442.52,8.03,91.13,-7.875,-0,-1.0001,130.68,117.39,150.22,24.93,Cornering,"Hoosier 43075 16x7.5-10 R20, 7 inch rim",18490
78.39,728.554,-3.84,127.48,-52.08,3.997,-10.18,15.42,0.03,0.0737,-2.4478,11.96,158487.47,8.03,91.16,-7.841,-0,-0.9999,130.55,117.39,150.18,24.94,Cornering,"Hoosier 43075 16x7.5-10 R20, 7 inch rim",18491
78.4,728.564,-3.04,128.14,-52.9,3.998,-11.65,16.82,-0.04,0.0574,-2.422,11.96,-98619.84,8.03,91.22,-7.802,-0,-1.0001,130.36,117.24,150.18,24.97,Cornering,"Hoosier 43075 16x7.5-10 R20, 7 inch rim",18492
78.42,728.574,-2.19,129.32,-53.96,3.991,-11.95,17.47,0.03,0.0405,-2.3965,12.02,158738.48,8.03,91.24,-7.761,-0,-0.9999,130.19,117.15,150.14,24.98,Cornering,"Hoosier 43075 16x7.5-10 R20, 7 inch rim",18493
78.39,728.584,-0.71,129.01,-54.46,3.998,-11.87,18.25,0.09,0.0131,-2.369,12.1,43991.75,8.03,91.21,-7.722,-0,-0.9998,130.12,117.02,150.08,24.98,Cornering,"Hoosier 43075 16x7.5-10 R20, 7 inch rim",18494
78.38,728.594,0.6,127.64,-54.54,3.994,-11.4,18.36,0.03,-0.011,-2.3402,12.14,158802.41,8.03,91.21,-7.688,-0,-0.9999,130.06,117.02,150.08,24.98,Cornering,"Hoosier 43075 16x7.5-10 R20, 7 inch rim",18495
78.42,728.604,1.71,126.04,-53.58,3.993,-10.73,18.24,-0.04,-0.0319,-2.3524,12.14,-98818.08,8.03,91.22,-7.638,-0,-1.0001,130.08,117.02,150.02,25.01,Cornering,"Hoosier 43075 16x7.5-10 R20, 7 inch rim",18496
78.41,728.614,2.56,124.47,-52.96,3.99,-9.9,18.25,0.03,-0.0483,-2.3502,12.09,159126.62,8.03,91.25,-7.608,-0,-0.9999,130.14,117.02,149.96,25.03,Cornering,"Hoosier 43075 16x7.5-10 R20, 7 inch rim",18497
78.38,728.624,2.51,123.87,-51.31,3.997,-9.9,18.2,0.03,-0.0489,-2.4144,12.01,159294.91,8.03,91.28,-7.55,-0,-0.9999,130.16,117.15,149.88,25.05,Cornering,"Hoosier 43075 16x7.5-10 R20, 7 inch rim",18498
78.4,728.634,2.01,123.98,-51.47,3.977,-8.63,18.11,0.09,-0.0391,-2.4089,11.95,44134.34,8.04,91.32,-7.525,-0,-0.9998,130.31,117.33,149.84,25.05,Cornering,"Hoosier 43075 16x7.5-10 R20, 7 inch rim",18499
78.42,728.644,0.78,124.5,-51.16,3.994,-8.92,17.9,0.03,-0.0152,-2.4335,11.94,159105.84,8.03,91.34,-7.462,-0,-0.9999,130.51,117.39,149.84,25.02,Cornering,"Hoosier 43075 16x7.5-10 R20, 7 inch rim",18500
78.4,728.654,-0.93,124.8,-51.09,3.993,-10.1,17.19,0.03,0.0182,-2.4428,11.96,159003.97,8.03,91.37,-7.437,-0,-0.9999,130.59,117.46,149.82,25,Cornering,"Hoosier 43075 16x7.5-10 R20, 7 inch rim",18501
78.38,728.664,-3.03,125.54,-51.89,3.977,-10.34,15.81,-0.04,0.0584,-2.4195,12.07,-98780.45,8.04,91.4,-7.397,-0,-1.0001,130.64,117.5,149.82,24.98,Cornering,"Hoosier 43075 16x7.5-10 R20, 7 inch rim",18502
78.41,728.674,-4.17,126.29,-52.87,3.996,-11.07,14.99,0.09,0.0788,-2.3885,12.14,44049.08,8.03,91.41,-7.354,-0,-0.9998,130.44,117.35,149.84,24.99,Cornering,"Hoosier 43075 16x7.5-10 R20, 7 inch rim",18503
78.41,728.684,-4.38,126.95,-53.99,4.003,-11.33,14.12,0.09,0.0812,-2.3515,12.16,44074.96,8.03,91.41,-7.298,-0,-0.9998,130.27,117.22,149.86,25,Cornering,"Hoosier 43075 16x7.5-10 R20, 7 inch rim",18504
78.38,728.694,-3.96,127.19,-54.59,3.993,-11.83,13.15,0.09,0.0725,-2.3298,12.11,44119.31,8.03,91.39,-7.263,-0,-0.9998,130.16,117.15,149.76,25.03,Cornering,"Hoosier 43075 16x7.5-10 R20, 7 inch rim",18505
78.4,728.704,-3.45,126.74,-54.68,3.99,-11.49,12.03,0.03,0.0631,-2.3181,12.02,159299.86,8.04,91.39,-7.225,-0,-0.9999,130.12,117.09,149.74,25.04,Cornering,"Hoosier 43075 16x7.5-10 R20, 7 inch rim",18506
78.42,728.714,-3.09,125.59,-53.5,3.99,-11.25,10.81,-0.04,0.0577,-2.3476,11.96,-98965.64,8.03,91.38,-7.178,-0,-1.0001,130.08,117.11,149.7,25.02,Cornering,"Hoosier 43075 16x7.5-10 R20, 7 inch rim",18507
78.4,728.724,-2.67,124.37,-53.24,3.984,-10.03,10,0.03,0.0501,-2.3358,11.94,159106.27,8.04,91.37,-7.145,-0,-0.9999,130.1,117.15,149.59,25,Cornering,"Hoosier 43075 16x7.5-10 R20, 7 inch rim",18508
78.38,728.734,-2.7,123,-51.9,3.994,-10.31,9.66,0.03,0.052,-2.3697,11.97,159012.75,8.03,91.37,-7.095,-0,-0.9999,130.12,117.2,149.53,24.98,Cornering,"Hoosier 43075 16x7.5-10 R20, 7 inch rim",18509
78.41,728.744,-2.39,122.51,-51.49,3.993,-9.75,10.57,0.09,0.0464,-2.3792,12.05,44047.23,8.03,91.34,-7.054,-0,-0.9998,130.29,117.24,149.51,24.97,Cornering,"Hoosier 43075 16x7.5-10 R20, 7 inch rim",18510
78.42,728.754,-2.91,122.38,-51.45,3.987,-9.64,11.15,-0.11,0.0565,-2.3787,12.11,-37656.97,8.03,91.32,-7.028,-0,-1.0002,130.46,117.33,149.51,24.95,Cornering,"Hoosier 43075 16x7.5-10 R20, 7 inch rim",18511
78.39,728.764,-3.32,122.52,-51.03,3.981,-10.23,12.26,-0.04,0.065,-2.4011,12.16,-98729.8,8.04,91.31,-6.992,-0,-1.0001,130.64,117.46,149.53,24.95,Cornering,"Hoosier 43075 16x7.5-10 R20, 7 inch rim",18512
78.39,728.774,-4.04,122.98,-51.74,3.991,-10.77,13.16,0.16,0.0781,-2.3769,12.14,25547.78,8.03,91.31,-6.949,-0,-0.9997,130.66,117.48,149.51,24.95,Cornering,"Hoosier 43075 16x7.5-10 R20, 7 inch rim",18513
78.42,728.784,-4.21,123.62,-52.57,3.997,-11.57,14.16,0.16,0.08,-2.3515,12.08,25543.53,8.03,91.32,-6.918,-0,-0.9997,130.57,117.35,149.45,24.94,Cornering,"Hoosier 43075 16x7.5-10 R20, 7 inch rim",18514
78.41,728.794,-3.8,125.1,-53.54,3.993,-11.35,14.93,0.03,0.071,-2.3367,11.99,158789.52,8.03,91.33,-6.88,-0,-0.9999,130.27,117.26,149.35,24.94,Cornering,"Hoosier 43075 16x7.5-10 R20, 7 inch rim",18515
78.39,728.804,-2.73,126.38,-54.34,3.996,-11.47,15.57,0.03,0.0502,-2.3256,11.97,158803.62,8.03,91.33,-6.837,-0,-0.9999,130.16,117.15,149.27,24.94,Cornering,"Hoosier 43075 16x7.5-10 R20, 7 inch rim",18516
78.41,728.814,-1.35,126.22,-54.11,3.991,-12.11,15.97,-0.04,0.0249,-2.3328,12,-98699.8,8.03,91.36,-6.803,-0,-1.0001,130.04,117.11,149.21,24.93,Cornering,"Hoosier 43075 16x7.5-10 R20, 7 inch rim",18517
78.43,728.824,0.21,125.15,-54.08,3.991,-10.98,16.56,0.03,-0.0039,-2.3142,12.09,158751.25,8.03,91.41,-6.771,-0,-0.9999,129.93,117.09,149.11,24.93,Cornering,"Hoosier 43075 16x7.5-10 R20, 7 inch rim",18518
78.4,728.834,1.31,123.24,-53.6,3.996,-10.26,16.75,-0.04,-0.0245,-2.2993,12.16,-98760.96,8.03,91.43,-6.727,-0,-1.0001,129.91,117.11,148.99,24.94,Cornering,"Hoosier 43075 16x7.5-10 R20, 7 inch rim",18519
78.4,728.844,1.88,120.9,-52.46,3.981,-10.06,16.99,0.03,-0.0359,-2.3045,12.17,158927.05,8.04,91.4,-6.684,-0,-0.9999,129.93,117.09,148.93,24.95,Cornering,"Hoosier 43075 16x7.5-10 R20, 7 inch rim",18520
78.43,728.854,1.93,119.58,-51.67,3.987,-10.13,17.26,-0.04,-0.0373,-2.3146,12.14,-98915.21,8.04,91.36,-6.644,-0,-1.0001,129.99,117.24,148.87,24.98,Cornering,"Hoosier 43075 16x7.5-10 R20, 7 inch rim",18521
78.42,728.864,1.3,119.36,-50.54,3.985,-10.42,17.33,0.16,-0.0257,-2.3618,12.03,25618.96,8.04,91.32,-6.61,-0,-0.9997,130.14,117.28,148.79,25,Cornering,"Hoosier 43075 16x7.5-10 R20, 7 inch rim",18522
78.4,728.874,0.03,119.63,-50.72,3.997,-10.46,17.17,0.03,-0.0007,-2.3585,11.98,159375.03,8.03,91.34,-6.552,-0,-0.9999,130.31,117.39,148.75,25.01,Cornering,"Hoosier 43075 16x7.5-10 R20, 7 inch rim",18523
78.42,728.884,-1.52,120.45,-51.08,3.991,-10.58,16.59,0.03,0.0297,-2.3582,11.92,159424.53,8.03,91.33,-6.512,-0,-0.9999,130.36,117.39,148.66,25.02,Cornering,"Hoosier 43075 16x7.5-10 R20, 7 inch rim",18524
78.44,728.894,-3,121.4,-51.7,3.996,-11.08,15.83,0.03,0.0581,-2.348,11.95,159286.61,8.03,91.31,-6.481,-0,-0.9999,130.25,117.37,148.62,25,Cornering,"Hoosier 43075 16x7.5-10 R20, 7 inch rim",18525
78.42,728.904,-3.75,123.19,-52.73,3.993,-10.89,15.21,0.03,0.071,-2.3361,12,159267.84,8.03,91.31,-6.422,-0,-0.9999,130.1,117.31,148.62,24.99,Cornering,"Hoosier 43075 16x7.5-10 R20, 7 inch rim",18526
78.41,728.914,-3.93,124.35,-53.78,3.99,-11.2,14.2,-0.04,0.0731,-2.3121,12.1,-99010.62,8.04,91.33,-6.389,-0,-1.0001,129.95,117.2,148.56,24.99,Cornering,"Hoosier 43075 16x7.5-10 R20, 7 inch rim",18527
78.44,728.924,-3.14,125.29,-54.14,3.994,-11.23,13.65,-0.04,0.0581,-2.3143,12.14,-99086.59,8.03,91.37,-6.352,-0,-1.0001,129.84,117.11,148.48,25.01,Cornering,"Hoosier 43075 16x7.5-10 R20, 7 inch rim",18528
78.45,728.934,-2.51,124.39,-54.67,3.996,-10.72,12.79,-0.04,0.0459,-2.2754,12.12,-99187.92,8.04,91.42,-6.302,-0,-1.0001,129.78,117.06,148.44,25.03,Cornering,"Hoosier 43075 16x7.5-10 R20, 7 inch rim",18529
78.41,728.944,-1.87,122.92,-53.85,4.001,-10.68,11.96,-0.11,0.0347,-2.2827,12.08,-37827.86,8.03,91.42,-6.273,-0,-1.0002,129.8,117.15,148.38,25.03,Cornering,"Hoosier 43075 16x7.5-10 R20, 7 inch rim",18530
78.43,728.954,-1.63,120.57,-53.32,4,-10.77,11.13,0.03,0.0305,-2.2613,12,159509.09,8.03,91.43,-6.236,-0,-0.9999,129.86,117.15,148.3,25.02,Cornering,"Hoosier 43075 16x7.5-10 R20, 7 inch rim",18531
78.45,728.964,-1.45,119.45,-52.17,3.99,-10.56,10.96,0.03,0.0277,-2.2896,11.95,159450.95,8.04,91.46,-6.183,-0,-0.9999,129.97,117.17,148.26,25.01,Cornering,"Hoosier 43075 16x7.5-10 R20, 7 inch rim",18532
78.43,728.974,-1.84,118.51,-51.74,3.987,-10.21,10.97,0.03,0.0356,-2.2903,11.95,159351.92,8.03,91.49,-6.143,-0,-0.9999,130.1,117.31,148.14,24.99,Cornering,"Hoosier 43075 16x7.5-10 R20, 7 inch rim",18533
78.42,728.984,-2.61,118.36,-51.25,3.978,-10.61,11.39,0.09,0.0509,-2.3095,12.04,44119.59,8.04,91.51,-6.109,-0,-0.9998,130.27,117.44,148.12,24.97,Cornering,"Hoosier 43075 16x7.5-10 R20, 7 inch rim",18534
78.45,728.994,-3.24,119.38,-51.1,3.991,-10.41,12.32,0.09,0.0634,-2.3361,12.14,44112.01,8.03,91.52,-6.076,-0,-0.9998,130.44,117.53,148.12,24.96,Cornering,"Hoosier 43075 16x7.5-10 R20, 7 inch rim",18535
78.46,729.004,-3.81,119.85,-51.74,3.997,-10.56,13.32,-0.04,0.0736,-2.3165,12.21,-98939.49,8.03,91.48,-6.028,-0,-1.0001,130.4,117.48,148.04,24.96,Cornering,"Hoosier 43075 16x7.5-10 R20, 7 inch rim",18536
78.43,729.014,-4.19,121.47,-52.34,3.991,-10.33,13.71,-0.11,0.08,-2.3208,12.19,-37741.66,8.03,91.44,-6.001,-0,-1.0002,130.31,117.35,148,24.96,Cornering,"Hoosier 43075 16x7.5-10 R20, 7 inch rim",18537
78.44,729.024,-3.97,122.59,-53.36,3.997,-10.75,14.16,-0.04,0.0743,-2.2973,12.14,-98930.79,8.03,91.41,-5.948,-0,-1.0001,130.1,117.26,147.94,24.95,Cornering,"Hoosier 43075 16x7.5-10 R20, 7 inch rim",18538
78.47,729.034,-3.38,123.47,-54.21,3.985,-11.08,14.12,-0.04,0.0624,-2.2775,12.06,-98936.85,8.04,91.38,-5.914,-0,-1.0001,129.97,117.17,147.86,24.95,Cornering,"Hoosier 43075 16x7.5-10 R20, 7 inch rim",18539
78.45,729.044,-2.3,122.82,-54.57,3.996,-11.5,14.01,0.03,0.0421,-2.2507,11.98,159205.95,8.03,91.39,-5.879,-0,-0.9999,129.93,117.11,147.84,24.96,Cornering,"Hoosier 43075 16x7.5-10 R20, 7 inch rim",18540
78.43,729.054,-0.92,121.3,-54.33,3.985,-11.27,14.2,0.03,0.0169,-2.2327,11.97,159293.14,8.04,91.39,-5.832,-0,-0.9999,129.88,117.09,147.82,24.97,Cornering,"Hoosier 43075 16x7.5-10 R20, 7 inch rim",18541
78.46,729.064,0.65,119.04,-53.86,4,-10.95,14.86,0.09,-0.0121,-2.2103,12.01,44154.04,8.03,91.43,-5.802,-0,-0.9998,129.88,117.13,147.73,24.97,Cornering,"Hoosier 43075 16x7.5-10 R20, 7 inch rim",18542
78.47,729.074,1.53,116.99,-52.62,3.988,-10.97,15.37,0.09,-0.029,-2.2236,12.08,44168.13,8.04,91.44,-5.752,-0,-0.9998,129.88,117.15,147.59,24.98,Cornering,"Hoosier 43075 16x7.5-10 R20, 7 inch rim",18543
78.45,729.084,1.84,116.35,-52.21,3.99,-9.72,15.98,0.03,-0.0353,-2.2286,12.11,159399.55,8.03,91.46,-5.715,-0,-0.9999,130.01,117.15,147.51,24.98,Cornering,"Hoosier 43075 16x7.5-10 R20, 7 inch rim",18544
78.44,729.094,1.3,115.94,-50.92,3.991,-10.34,16.38,0.09,-0.0256,-2.2769,12.07,44163.63,8.03,91.51,-5.676,-0,-0.9998,130.16,117.28,147.47,24.97,Cornering,"Hoosier 43075 16x7.5-10 R20, 7 inch rim",18545
78.47,729.104,-0.21,116.73,-50.73,3.987,-9.8,16.03,-0.04,0.0042,-2.3011,12.03,-99146.45,8.04,91.54,-5.63,-0,-1.0001,130.34,117.39,147.47,24.99,Cornering,"Hoosier 43075 16x7.5-10 R20, 7 inch rim",18546
78.47,729.114,-1.77,117.68,-51.18,3.988,-9.57,15.74,0.03,0.0346,-2.2994,11.96,159507.61,8.04,91.55,-5.589,-0,-0.9999,130.4,117.42,147.47,24.99,Cornering,"Hoosier 43075 16x7.5-10 R20, 7 inch rim",18547
78.44,729.124,-3.13,118.58,-51.57,4.001,-10.07,15.25,-0.04,0.0607,-2.2995,11.91,-99204.6,8.03,91.55,-5.557,-0,-1.0001,130.36,117.33,147.41,25,Cornering,"Hoosier 43075 16x7.5-10 R20, 7 inch rim",18548
78.47,729.134,-3.9,119.44,-52.51,3.994,-10.93,14.72,0.09,0.0743,-2.2746,11.93,44216.43,8.03,91.56,-5.517,-0,-0.9998,130.19,117.24,147.39,25,Cornering,"Hoosier 43075 16x7.5-10 R20, 7 inch rim",18549
78.48,729.144,-3.81,120.44,-53.88,3.998,-11.19,14.12,0.03,0.0707,-2.2353,12,159576.8,8.03,91.52,-5.467,-0,-0.9999,130.06,117.13,147.33,25,Cornering,"Hoosier 43075 16x7.5-10 R20, 7 inch rim",18550
78.45,729.154,-3.32,120.42,-55.08,3.984,-11.03,13.25,-0.11,0.0603,-2.1865,12.08,-37804.74,8.04,91.47,-5.434,-0,-1.0002,130.01,117.04,147.19,24.97,Cornering,"Hoosier 43075 16x7.5-10 R20, 7 inch rim",18551
78.46,729.164,-2.47,119.25,-54.32,3.991,-11.91,12.67,0.09,0.0455,-2.1954,12.13,44205.54,8.03,91.44,-5.384,-0,-0.9998,129.93,117.04,147.09,24.98,Cornering,"Hoosier 43075 16x7.5-10 R20, 7 inch rim",18552
78.48,729.174,-1.36,117.23,-54.12,3.99,-11.47,12.24,0.09,0.0251,-2.1662,12.11,44238.86,8.04,91.38,-5.348,-0,-0.9998,129.91,117.06,146.97,25,Cornering,"Hoosier 43075 16x7.5-10 R20, 7 inch rim",18553
78.48,729.184,-0.84,115.58,-52.35,3.988,-11.54,11.76,-0.04,0.0161,-2.208,12.05,-99290.43,8.04,91.35,-5.311,-0,-1.0001,129.91,117.13,146.81,25.01,Cornering,"Hoosier 43075 16x7.5-10 R20, 7 inch rim",18554
78.45,729.194,-0.75,114.44,-51.89,3.996,-10.42,11.66,0.09,0.0145,-2.2056,11.97,44265.31,8.04,91.31,-5.264,-0,-0.9998,129.91,117.15,146.64,25.01,Cornering,"Hoosier 43075 16x7.5-10 R20, 7 inch rim",18555
78.47,729.204,-1,114.29,-50.94,3.981,-9.6,11.75,0.09,0.0197,-2.2436,11.92,44235.94,8.04,91.31,-5.244,-0,-0.9998,129.93,117.22,146.52,25,Cornering,"Hoosier 43075 16x7.5-10 R20, 7 inch rim",18556
78.49,729.214,-1.77,114.58,-50.97,3.988,-8.9,12.23,-0.04,0.0347,-2.2482,11.94,-99170.93,8.04,91.3,-5.192,-0,-1.0001,130.1,117.35,146.48,24.98,Cornering,"Hoosier 43075 16x7.5-10 R20, 7 inch rim",18557
78.47,729.224,-2.98,114.93,-50.95,3.978,-8.53,12.44,0.09,0.0585,-2.256,11.99,44180.4,8.04,91.3,-5.156,-0,-0.9998,130.16,117.31,146.4,24.96,Cornering,"Hoosier 43075 16x7.5-10 R20, 7 inch rim",18558
78.45,729.234,-3.64,114.87,-51.05,3.99,-10.09,13.15,0.03,0.0712,-2.2501,12.06,159334.12,8.04,91.31,-5.109,-0,-0.9999,130.14,117.28,146.32,24.94,Cornering,"Hoosier 43075 16x7.5-10 R20, 7 inch rim",18559
78.49,729.244,-4.01,115.66,-51.74,3.996,-11.01,13.56,0.03,0.0775,-2.2354,12.13,159304.77,8.03,91.31,-5.078,-0,-0.9999,129.97,117.15,146.28,24.94,Cornering,"Hoosier 43075 16x7.5-10 R20, 7 inch rim",18560
78.49,729.254,-3.93,116.21,-52.99,3.991,-11.81,13.55,0.03,0.0741,-2.193,12.13,159316.48,8.03,91.29,-5.029,-0,-0.9999,129.78,117.04,146.3,24.94,Cornering,"Hoosier 43075 16x7.5-10 R20, 7 inch rim",18561
78.46,729.264,-3.46,116.9,-54.19,3.996,-11.54,13.34,0.03,0.0639,-2.1571,12.08,159324.02,8.03,91.31,-4.997,-0,-0.9999,129.67,116.89,146.24,24.94,Cornering,"Hoosier 43075 16x7.5-10 R20, 7 inch rim",18562
78.47,729.274,-2.78,116.63,-53.96,3.981,-12.11,12.83,0.03,0.0516,-2.1612,11.99,159369.88,8.04,91.32,-4.96,-0,-0.9999,129.63,116.91,146.24,24.94,Cornering,"Hoosier 43075 16x7.5-10 R20, 7 inch rim",18563
78.5,729.284,-1.31,115.3,-54.05,4.006,-11.21,13.18,-0.04,0.0243,-2.133,11.95,-99049.57,8.03,91.34,-4.927,-0,-1.0001,129.54,116.93,146.14,24.94,Cornering,"Hoosier 43075 16x7.5-10 R20, 7 inch rim",18564
78.48,729.294,-0.1,114.22,-52.95,3.99,-10.22,13.54,0.03,0.0018,-2.1572,11.95,159277.25,8.04,91.31,-4.881,-0,-0.9999,129.54,117.02,146.1,24.93,Cornering,"Hoosier 43075 16x7.5-10 R20, 7 inch rim",18565
78.46,729.304,1.32,112.76,-51.82,3.988,-9.7,14.82,0.03,-0.0255,-2.1758,12.03,159320.59,8.04,91.3,-4.854,-0,-0.9999,129.54,117.09,146.06,24.93,Cornering,"Hoosier 43075 16x7.5-10 R20, 7 inch rim",18566
78.48,729.314,1.77,111.75,-50.79,3.991,-9.33,15.69,-0.04,-0.0348,-2.2002,12.11,-99066.51,8.04,91.27,-4.81,-0,-1.0001,129.67,117.22,146,24.94,Cornering,"Hoosier 43075 16x7.5-10 R20, 7 inch rim",18567
78.5,729.324,1.04,111.27,-50.69,3.994,-8.52,16.05,0.03,-0.0206,-2.1953,12.12,159561.55,8.03,91.22,-4.773,-0,-0.9999,129.82,117.28,145.96,24.97,Cornering,"Hoosier 43075 16x7.5-10 R20, 7 inch rim",18568
78.46,729.334,0.03,110.81,-50.65,3.991,-8.75,16.33,-0.04,-0.0006,-2.1876,12.11,-99241.02,8.03,91.2,-4.715,-0,-1.0001,129.97,117.39,145.96,24.98,Cornering,"Hoosier 43075 16x7.5-10 R20, 7 inch rim",18569
78.48,729.344,-1.48,110.42,-50.43,4.003,-9.96,16.02,0.09,0.0294,-2.1898,12.05,44241.75,8.03,91.16,-4.687,-0,-0.9998,129.97,117.39,145.98,24.98,Cornering,"Hoosier 43075 16x7.5-10 R20, 7 inch rim",18570
78.51,729.354,-2.74,110.6,-50.9,4.001,-11.08,15.52,-0.04,0.0539,-2.1729,11.96,-99206.47,8.03,91.19,-4.632,-0,-1.0001,129.86,117.35,145.96,24.97,Cornering,"Hoosier 43075 16x7.5-10 R20, 7 inch rim",18571
78.49,729.364,-3.53,111.24,-51.77,4.009,-11.99,14.82,0.16,0.0683,-2.1487,11.93,25663.76,8.03,91.19,-4.607,-0,-0.9997,129.76,117.24,145.92,24.96,Cornering,"Hoosier 43075 16x7.5-10 R20, 7 inch rim",18572
78.47,729.374,-3.41,112.02,-53.13,3.991,-12,14.05,-0.04,0.0641,-2.1086,11.95,-99193.95,8.04,91.22,-4.555,-0,-1.0001,129.69,117.15,145.92,24.96,Cornering,"Hoosier 43075 16x7.5-10 R20, 7 inch rim",18573
78.49,729.384,-3.38,112.48,-53.71,4.003,-11.78,12.55,0.09,0.0629,-2.0942,12,44242.02,8.03,91.21,-4.513,-0,-0.9998,129.71,117.09,145.79,24.97,Cornering,"Hoosier 43075 16x7.5-10 R20, 7 inch rim",18574
78.51,729.394,-2.32,112.07,-53.83,3.994,-10.66,12.16,0.09,0.0431,-2.0822,12.08,44234.12,8.03,91.19,-4.473,-0,-0.9998,129.67,117.04,145.69,24.97,Cornering,"Hoosier 43075 16x7.5-10 R20, 7 inch rim",18575
78.47,729.404,-1.27,110.44,-52.9,4,-10.3,11.94,-0.04,0.0241,-2.0876,12.11,-99278.7,8.03,91.2,-4.438,-0,-1.0001,129.69,117.04,145.61,24.98,Cornering,"Hoosier 43075 16x7.5-10 R20, 7 inch rim",18576
78.48,729.414,-0.61,108.89,-51.9,3.987,-9.3,11.89,-0.04,0.0118,-2.0981,12.11,-99306.98,8.04,91.19,-4.397,-0,-1.0001,129.73,117.15,145.53,24.98,Cornering,"Hoosier 43075 16x7.5-10 R20, 7 inch rim",18577
78.5,729.424,-0.55,107.17,-50.98,4.013,-9.39,11.93,0.16,0.0108,-2.1023,12.06,25708.27,8.03,91.22,-4.352,-0,-0.9997,129.76,117.22,145.43,25,Cornering,"Hoosier 43075 16x7.5-10 R20, 7 inch rim",18578
78.49,729.434,-0.95,106.27,-50.51,4,-8.71,12.24,0.03,0.0189,-2.1039,11.97,159736.92,8.03,91.24,-4.304,-0,-0.9999,129.91,117.35,145.33,24.98,Cornering,"Hoosier 43075 16x7.5-10 R20, 7 inch rim",18579
78.47,729.444,-2.55,105.79,-49.87,3.991,-9.57,11.84,0.03,0.0512,-2.1211,11.92,159743.06,8.04,91.27,-4.274,-0,-0.9999,130.06,117.44,145.33,24.98,Cornering,"Hoosier 43075 16x7.5-10 R20, 7 inch rim",18580
78.49,729.454,-3.7,105.32,-49.63,3.987,-10.56,12.17,0.03,0.0745,-2.1221,11.92,159715.83,8.04,91.28,-4.226,-0,-0.9999,130.16,117.5,145.35,24.97,Cornering,"Hoosier 43075 16x7.5-10 R20, 7 inch rim",18581
78.51,729.464,-4.41,105.52,-50.76,3.991,-10.43,12.75,0.03,0.0869,-2.079,12.04,159685.92,8.04,91.28,-4.19,-0,-0.9999,130.14,117.48,145.29,24.97,Cornering,"Hoosier 43075 16x7.5-10 R20, 7 inch rim",18582
78.47,729.474,-4.71,106.22,-51.59,3.984,-11,12.95,0.03,0.0914,-2.0591,12.11,159616.91,8.04,91.29,-4.164,-0,-0.9999,130.01,117.35,145.25,24.96,Cornering,"Hoosier 43075 16x7.5-10 R20, 7 inch rim",18583
78.47,729.484,-4.54,107.17,-52.85,3.997,-10.98,13.03,-0.04,0.086,-2.0278,12.17,-99226.92,8.03,91.29,-4.118,-0,-1.0001,129.88,117.26,145.21,24.96,Cornering,"Hoosier 43075 16x7.5-10 R20, 7 inch rim",18584
78.51,729.494,-3.76,107.87,-53.38,3.988,-10.93,12.74,0.03,0.0704,-2.0207,12.18,159669.97,8.04,91.31,-4.082,-0,-0.9999,129.86,117.17,145.15,24.96,Cornering,"Hoosier 43075 16x7.5-10 R20, 7 inch rim",18585
78.49,729.504,-2.79,107.22,-53.37,3.997,-10.51,12.4,0.16,0.0523,-2.0091,12.12,25676.29,8.03,91.31,-4.048,-0,-0.9997,129.82,117.17,145.07,24.96,Cornering,"Hoosier 43075 16x7.5-10 R20, 7 inch rim",18586
78.47,729.514,-1.6,106.07,-52.27,3.996,-10.6,12.27,0.03,0.0306,-2.0293,12.06,159646.38,8.03,91.35,-4.012,-0,-0.9999,129.8,117.11,144.97,24.96,Cornering,"Hoosier 43075 16x7.5-10 R20, 7 inch rim",18587
78.49,729.524,-0.37,103.99,-51.77,4.004,-9.96,12.75,0.03,0.0072,-2.0086,12,159694.3,8.03,91.36,-3.955,-0,-0.9999,129.8,117.22,144.93,24.96,Cornering,"Hoosier 43075 16x7.5-10 R20, 7 inch rim",18588
78.51,729.534,0.59,102.14,-51.15,3.993,-9.28,13.57,-0.04,-0.0115,-1.9968,12.03,-99318.53,8.03,91.35,-3.929,-0,-1.0001,129.84,117.2,144.76,24.97,Cornering,"Hoosier 43075 16x7.5-10 R20, 7 inch rim",18589
78.49,729.544,1.06,100.81,-50.04,3.994,-9.59,14.65,-0.04,-0.0212,-2.0148,12.06,-99346.7,8.03,91.37,-3.885,-0,-1.0001,129.91,117.31,144.7,24.98,Cornering,"Hoosier 43075 16x7.5-10 R20, 7 inch rim",18590
78.47,729.554,0.58,99.98,-49.45,3.997,-10.25,15.49,0.03,-0.0117,-2.0218,12.14,159863.83,8.03,91.35,-3.841,-0,-0.9999,129.99,117.42,144.64,24.98,Cornering,"Hoosier 43075 16x7.5-10 R20, 7 inch rim",18591
78.5,729.564,-0.47,99.66,-49.94,3.971,-9.85,15.78,0.03,0.0094,-1.9955,12.15,159907.67,8.04,91.31,-3.803,-0,-0.9999,130.04,117.46,144.66,24.99,Cornering,"Hoosier 43075 16x7.5-10 R20, 7 inch rim",18592
78.5,729.574,-1.53,99.76,-50.05,3.984,-10.55,16.2,0.03,0.0305,-1.993,12.12,159878.05,8.04,91.31,-3.762,-0,-0.9999,130.01,117.46,144.62,24.98,Cornering,"Hoosier 43075 16x7.5-10 R20, 7 inch rim",18593
78.47,729.584,-2.45,100.38,-50.82,3.994,-10.3,16.22,0.16,0.0483,-1.9754,12.06,25727.89,8.03,91.31,-3.716,-0,-0.9997,129.91,117.37,144.62,25,Cornering,"Hoosier 43075 16x7.5-10 R20, 7 inch rim",18594
78.5,729.594,-2.99,101.19,-50.97,3.987,-11.15,15.64,0.09,0.0587,-1.9852,11.95,44317.48,8.03,91.34,-3.687,-0,-0.9998,129.67,117.26,144.6,24.99,Cornering,"Hoosier 43075 16x7.5-10 R20, 7 inch rim",18595
78.51,729.604,-3.23,102.08,-52.6,3.988,-10.03,14.55,-0.04,0.0615,-1.9407,11.89,-99419.84,8.04,91.35,-3.641,-0,-1.0001,129.54,117.17,144.56,24.99,Cornering,"Hoosier 43075 16x7.5-10 R20, 7 inch rim",18596
78.49,729.614,-2.92,101.36,-52.33,4.006,-11.18,13.44,-0.04,0.0558,-1.9367,11.9,-99447.33,8.03,91.39,-3.6,-0,-1.0001,129.48,117.15,144.52,25,Cornering,"Hoosier 43075 16x7.5-10 R20, 7 inch rim",18597
78.47,729.624,-2.34,100.06,-52.17,3.981,-10.9,12.39,0.03,0.0448,-1.9181,11.96,159987.05,8.04,91.39,-3.561,-0,-0.9999,129.46,117.24,144.46,25,Cornering,"Hoosier 43075 16x7.5-10 R20, 7 inch rim",18598
78.5,729.634,-1.44,97.99,-51.86,3.991,-10.23,12.07,0.09,0.0279,-1.8894,12.03,44325.48,8.04,91.41,-3.518,-0,-0.9998,129.46,117.24,144.34,24.99,Cornering,"Hoosier 43075 16x7.5-10 R20, 7 inch rim",18599
78.51,729.644,-0.9,95.63,-50.75,3.981,-10.19,11.78,-0.04,0.0177,-1.8845,12.1,-99391.28,8.04,91.43,-3.474,-0,-1.0001,129.48,117.35,144.22,24.98,Cornering,"Hoosier 43075 16x7.5-10 R20, 7 inch rim",18600
78.47,729.654,-0.6,94.17,-50.14,3.988,-9.56,12.23,0.03,0.0119,-1.8781,12.1,160007,8.03,91.48,-3.441,-0,-0.9999,129.54,117.44,144.1,25,Cornering,"Hoosier 43075 16x7.5-10 R20, 7 inch rim",18601
78.49,729.664,-1.09,93.13,-49.43,4.003,-9.14,12.61,-0.04,0.0221,-1.8839,12.06,-99491.49,8.03,91.51,-3.395,-0,-1.0001,129.63,117.5,144.06,25,Cornering,"Hoosier 43075 16x7.5-10 R20, 7 inch rim",18602
78.51,729.674,-2.2,92.64,-48.78,3.997,-9.18,12.87,0.09,0.045,-1.8992,11.97,44363.37,8.03,91.48,-3.362,-0,-0.9998,129.82,117.57,144,25.01,Cornering,"Hoosier 43075 16x7.5-10 R20, 7 inch rim",18603
78.5,729.684,-3.4,92.52,-48.86,3.991,-8.82,13.09,0.09,0.0696,-1.8936,11.93,44364.88,8.03,91.49,-3.328,-0,-0.9998,129.95,117.55,143.94,25.01,Cornering,"Hoosier 43075 16x7.5-10 R20, 7 inch rim",18604
78.47,729.694,-4.39,92.49,-49.05,3.998,-9.85,13.3,0.03,0.0895,-1.8854,11.95,159996.52,8.03,91.47,-3.273,-0,-0.9999,129.84,117.55,143.92,24.99,Cornering,"Hoosier 43075 16x7.5-10 R20, 7 inch rim",18605
78.5,729.704,-4.69,93.21,-50.13,3.991,-9.78,13.5,-0.11,0.0936,-1.8594,12,-37911.97,8.03,91.48,-3.245,-0,-1.0002,129.73,117.39,143.85,24.97,Cornering,"Hoosier 43075 16x7.5-10 R20, 7 inch rim",18606
78.51,729.714,-4.11,93.21,-51.11,4.003,-10.85,13.87,0.03,0.0803,-1.8236,12.08,159897.02,8.03,91.47,-3.196,-0,-0.9999,129.54,117.31,143.85,24.97,Cornering,"Hoosier 43075 16x7.5-10 R20, 7 inch rim",18607
78.49,729.724,-3.74,93.23,-52.1,3.978,-10.52,13.05,-0.04,0.0718,-1.7895,12.11,-99352.11,8.04,91.44,-3.166,-0,-1.0001,129.48,117.22,143.81,24.96,Cornering,"Hoosier 43075 16x7.5-10 R20, 7 inch rim",18608
78.48,729.734,-2.93,92.24,-52.15,3.993,-10.7,12.6,-0.04,0.0561,-1.7687,12.09,-99356.98,8.03,91.43,-3.113,-0,-1.0001,129.46,117.24,143.79,24.96,Cornering,"Hoosier 43075 16x7.5-10 R20, 7 inch rim",18609
78.51,729.744,-0.93,90.51,-51.29,3.985,-10.49,13.39,0.09,0.0181,-1.7646,12.08,44292.65,8.04,91.39,-3.089,-0,-0.9998,129.37,117.2,143.75,24.96,Cornering,"Hoosier 43075 16x7.5-10 R20, 7 inch rim",18610
78.5,729.754,0.05,88.59,-50.37,3.985,-10.29,13.65,-0.04,-0.001,-1.7589,12,-99340.11,8.04,91.37,-3.044,-0,-1.0001,129.41,117.24,143.67,24.96,Cornering,"Hoosier 43075 16x7.5-10 R20, 7 inch rim",18611
78.47,729.764,0.9,87.42,-49.11,3.987,-9.85,14.52,0.09,-0.0184,-1.7801,11.96,44285.9,8.04,91.32,-3,-0,-0.9998,129.43,117.37,143.59,24.96,Cornering,"Hoosier 43075 16x7.5-10 R20, 7 inch rim",18612
78.5,729.774,0.87,86.58,-48.59,3.996,-9.21,15.3,-0.04,-0.018,-1.7818,12,-99300.89,8.03,91.28,-2.966,-0,-1.0001,129.56,117.48,143.49,24.94,Cornering,"Hoosier 43075 16x7.5-10 R20, 7 inch rim",18613
78.51,729.784,-0.14,86.26,-47.93,3.987,-9.06,15.57,0.09,0.0029,-1.7997,12.06,44258.41,8.04,91.26,-2.913,-0,-0.9998,129.73,117.64,143.49,24.94,Cornering,"Hoosier 43075 16x7.5-10 R20, 7 inch rim",18614
78.48,729.794,-1.12,85.91,-47.84,3.996,-9.13,16.1,-0.11,0.0235,-1.7958,12.13,-37862.39,8.03,91.26,-2.894,-0,-1.0002,129.84,117.68,143.45,24.93,Cornering,"Hoosier 43075 16x7.5-10 R20, 7 inch rim",18615
78.48,729.804,-2.6,85.54,-48.28,3.978,-9.55,15.9,-0.04,0.0539,-1.7715,12.17,-99334.54,8.04,91.28,-2.841,-0,-1.0001,129.86,117.61,143.37,24.95,Cornering,"Hoosier 43075 16x7.5-10 R20, 7 inch rim",18616
78.51,729.814,-3.49,85.12,-49.59,3.984,-9.79,15.83,0.09,0.0703,-1.7164,12.15,44323.81,8.04,91.28,-2.814,-0,-0.9998,129.8,117.59,143.35,24.97,Cornering,"Hoosier 43075 16x7.5-10 R20, 7 inch rim",18617
78.5,729.824,-3.71,85.3,-50.21,3.985,-10.67,15.56,-0.04,0.0739,-1.699,12.08,-99456.38,8.04,91.28,-2.762,-0,-1.0001,129.71,117.44,143.31,24.98,Cornering,"Hoosier 43075 16x7.5-10 R20, 7 inch rim",18618
78.48,729.834,-3.6,84.93,-51.39,3.982,-10.95,14.66,0.03,0.07,-1.6524,12,160000.2,8.04,91.31,-2.722,-0,-0.9999,129.63,117.37,143.27,24.98,Cornering,"Hoosier 43075 16x7.5-10 R20, 7 inch rim",18619
78.5,729.844,-3.1,83.96,-51.51,3.993,-11.31,13.91,0.09,0.0601,-1.6298,11.97,44328.77,8.04,91.33,-2.675,-0,-0.9998,129.61,117.33,143.17,24.97,Cornering,"Hoosier 43075 16x7.5-10 R20, 7 inch rim",18620
78.52,729.854,-2.27,82.9,-51.65,3.991,-10.05,13.1,0.03,0.0439,-1.6049,12,159972.45,8.03,91.36,-2.648,-0,-0.9999,129.61,117.31,143.11,24.97,Cornering,"Hoosier 43075 16x7.5-10 R20, 7 inch rim",18621
78.49,729.864,-1.47,81.24,-50.57,4,-9.85,12.73,0.09,0.0291,-1.6066,12.08,44341.38,8.03,91.35,-2.608,-0,-0.9998,129.56,117.37,143.01,24.98,Cornering,"Hoosier 43075 16x7.5-10 R20, 7 inch rim",18622
78.47,729.874,-0.9,79.47,-49.41,4,-9.39,12.7,0.03,0.0183,-1.6082,12.14,159984.66,8.03,91.34,-2.548,-0,-0.9999,129.54,117.46,142.86,24.97,Cornering,"Hoosier 43075 16x7.5-10 R20, 7 inch rim",18623
78.5,729.884,-0.92,78.52,-48.06,3.984,-9.03,12.76,0.03,0.0191,-1.6338,12.19,160173.55,8.04,91.33,-2.52,-0,-0.9999,129.63,117.53,142.74,25,Cornering,"Hoosier 43075 16x7.5-10 R20, 7 inch rim",18624
78.51,729.894,-1.7,77.67,-47.83,3.998,-8.04,13.09,0.03,0.0355,-1.6241,12.16,160216.03,8.03,91.33,-2.475,-0,-0.9999,129.76,117.66,142.66,25.01,Cornering,"Hoosier 43075 16x7.5-10 R20, 7 inch rim",18625
78.47,729.904,-2.62,76.7,-47.1,3.994,-8.94,13.7,0.03,0.0555,-1.6286,12.07,160257.3,8.03,91.3,-2.439,-0,-0.9999,129.8,117.79,142.66,25.01,Cornering,"Hoosier 43075 16x7.5-10 R20, 7 inch rim",18626
78.49,729.914,-3.23,75.96,-47.69,3.994,-8.83,14.6,0.09,0.0677,-1.5927,11.99,44378.95,8.03,91.28,-2.402,-0,-0.9998,129.84,117.84,142.62,25,Cornering,"Hoosier 43075 16x7.5-10 R20, 7 inch rim",18627
78.52,729.924,-4.24,75.36,-48.66,4.001,-9.41,14.91,-0.04,0.0872,-1.5488,11.93,-99532.06,8.03,91.27,-2.367,-0,-1.0001,129.73,117.79,142.6,24.99,Cornering,"Hoosier 43075 16x7.5-10 R20, 7 inch rim",18628
78.5,729.934,-4.19,75.11,-49.29,3.994,-10.58,15.28,0.09,0.0851,-1.524,11.92,44329.86,8.03,91.25,-2.324,-0,-0.9998,129.58,117.7,142.6,24.97,Cornering,"Hoosier 43075 16x7.5-10 R20, 7 inch rim",18629
78.48,729.944,-3.82,74.84,-50.43,4,-10.8,15.39,-0.04,0.0757,-1.484,12,-99422.9,8.03,91.24,-2.274,-0,-1.0001,129.46,117.64,142.56,24.96,Cornering,"Hoosier 43075 16x7.5-10 R20, 7 inch rim",18630
78.5,729.954,-2.98,74.12,-50.55,3.988,-11.56,15.02,0.09,0.059,-1.4663,12.06,44300.84,8.04,91.21,-2.261,-0,-0.9998,129.39,117.57,142.5,24.95,Cornering,"Hoosier 43075 16x7.5-10 R20, 7 inch rim",18631
78.5,729.964,-1.64,73.38,-50.3,3.978,-10.81,15.01,0.09,0.0326,-1.4588,12.12,44302.37,8.04,91.17,-2.208,-0,-0.9998,129.37,117.53,142.44,24.95,Cornering,"Hoosier 43075 16x7.5-10 R20, 7 inch rim",18632
78.48,729.974,-0.47,71.89,-49.65,3.993,-9.96,15.06,0.03,0.0095,-1.4478,12.09,159766.44,8.03,91.13,-2.168,-0,-0.9999,129.39,117.53,142.32,24.93,Cornering,"Hoosier 43075 16x7.5-10 R20, 7 inch rim",18633
78.49,729.984,0.09,70.81,-48.95,3.984,-8.38,15.01,0.03,-0.0018,-1.4466,12.02,159771.28,8.04,91.1,-2.119,-0,-0.9999,129.33,117.66,142.22,24.93,Cornering,"Hoosier 43075 16x7.5-10 R20, 7 inch rim",18634
78.51,729.994,0.24,69.28,-47.7,3.996,-8.33,15.01,0.03,-0.0051,-1.4524,11.96,159923.33,8.04,91.1,-2.084,-0,-0.9999,129.31,117.75,142.14,24.96,Cornering,"Hoosier 43075 16x7.5-10 R20, 7 inch rim",18635
78.5,730.004,-0.16,67.97,-46.88,3.998,-8.27,15.39,-0.04,0.0033,-1.45,11.88,-99437.53,8.03,91.1,-2.039,-0,-1.0001,129.43,117.9,142.06,24.96,Cornering,"Hoosier 43075 16x7.5-10 R20, 7 inch rim",18636
78.48,730.014,-1.63,67.04,-46.71,3.997,-8.27,15.26,0.09,0.0348,-1.4352,11.89,44328.72,8.03,91.1,-1.995,-0,-0.9998,129.58,118.01,142.02,24.96,Cornering,"Hoosier 43075 16x7.5-10 R20, 7 inch rim",18637
78.5,730.024,-3.28,65.62,-46.81,4,-8.99,15.1,0.03,0.0701,-1.402,11.97,159971.36,8.03,91.13,-1.968,-0,-0.9999,129.67,118.1,142.02,24.96,Cornering,"Hoosier 43075 16x7.5-10 R20, 7 inch rim",18638
78.51,730.034,-4.42,64.91,-47.39,3.993,-9.55,15.44,0.03,0.0933,-1.3695,12.07,159975.48,8.03,91.14,-1.922,-0,-0.9999,129.65,118.1,141.96,24.96,Cornering,"Hoosier 43075 16x7.5-10 R20, 7 inch rim",18639
78.49,730.044,-4.8,64.41,-47.89,3.971,-10.2,15.58,0.03,0.1003,-1.345,12.17,160127.84,8.04,91.17,-1.879,-0,-0.9999,129.46,118.01,141.96,24.98,Cornering,"Hoosier 43075 16x7.5-10 R20, 7 inch rim",18640
78.48,730.054,-5.26,64.08,-48.65,3.985,-10.53,14.91,-0.04,0.1082,-1.3171,12.19,-99702.48,8.04,91.22,-1.843,-0,-1.0001,129.41,117.9,141.98,25.03,Cornering,"Hoosier 43075 16x7.5-10 R20, 7 inch rim",18641
78.52,730.064,-4.37,63.63,-49.97,4.001,-9.97,14.77,0.03,0.0874,-1.2734,12.16,160469.56,8.03,91.25,-1.792,-0,-0.9999,129.33,117.86,141.94,25.04,Cornering,"Hoosier 43075 16x7.5-10 R20, 7 inch rim",18642
78.51,730.074,-3.46,63.17,-49.64,3.997,-9.56,14.27,0.09,0.0698,-1.2725,12.07,44468.28,8.03,91.25,-1.756,-0,-0.9998,129.33,117.79,141.87,25.04,Cornering,"Hoosier 43075 16x7.5-10 R20, 7 inch rim",18643
78.47,730.084,-2.39,62.1,-49.14,3.988,-8.8,13.89,-0.04,0.0487,-1.2636,12,-99685.12,8.03,91.27,-1.731,-0,-1.0001,129.35,117.79,141.81,25.02,Cornering,"Hoosier 43075 16x7.5-10 R20, 7 inch rim",18644
78.5,730.094,-1.25,59.96,-48.19,4.001,-8.73,14.04,-0.04,0.026,-1.2443,11.98,-99596.27,8.03,91.25,-1.658,-0,-1.0001,129.35,117.81,141.71,25,Cornering,"Hoosier 43075 16x7.5-10 R20, 7 inch rim",18645
78.52,730.104,-1.07,58.35,-46.85,3.994,-8.94,13.88,0.09,0.0228,-1.2456,12.03,44388.64,8.03,91.24,-1.63,-0,-0.9998,129.37,117.86,141.63,24.99,Cornering,"Hoosier 43075 16x7.5-10 R20, 7 inch rim",18646
78.49,730.114,-1.24,56.65,-46.5,3.99,-8.61,14.17,0.03,0.0266,-1.2182,12.12,160262.25,8.03,91.24,-1.591,-0,-0.9999,129.52,117.99,141.49,25,Cornering,"Hoosier 43075 16x7.5-10 R20, 7 inch rim",18647
78.48,730.124,-2.27,55.48,-45.9,3.997,-8.65,14.29,0.03,0.0494,-1.2089,12.17,160413.44,8.03,91.23,-1.555,-0,-0.9999,129.63,118.14,141.43,25.03,Cornering,"Hoosier 43075 16x7.5-10 R20, 7 inch rim",18648
78.51,730.134,-2.75,54.37,-45.18,3.991,-9.7,15.41,-0.11,0.0609,-1.2033,12.17,-38036.82,8.03,91.23,-1.517,-0,-1.0002,129.69,118.17,141.41,25.03,Cornering,"Hoosier 43075 16x7.5-10 R20, 7 inch rim",18649
78.51,730.144,-3.93,53.74,-45.91,4.001,-9.37,15.9,0.16,0.0855,-1.1706,12.12,25801.67,8.03,91.19,-1.474,-0,-0.9997,129.69,118.21,141.31,25.03,Cornering,"Hoosier 43075 16x7.5-10 R20, 7 inch rim",18650
78.48,730.154,-4.62,53.04,-47.24,4.003,-9.05,16.18,-0.04,0.0978,-1.1228,12.05,-99676,8.03,91.18,-1.419,-0,-1.0001,129.58,118.14,141.25,25.01,Cornering,"Hoosier 43075 16x7.5-10 R20, 7 inch rim",18651
78.5,730.164,-4.69,52.81,-47.79,3.993,-9.83,16.32,0.03,0.0981,-1.105,11.96,160164.03,8.03,91.16,-1.396,-0,-0.9999,129.46,118.06,141.19,24.98,Cornering,"Hoosier 43075 16x7.5-10 R20, 7 inch rim",18652
78.52,730.174,-4.52,52.63,-49.15,3.982,-9.03,15.82,-0.04,0.0919,-1.071,11.93,-99517.32,8.03,91.15,-1.342,-0,-1.0001,129.37,117.99,141.23,24.97,Cornering,"Hoosier 43075 16x7.5-10 R20, 7 inch rim",18653
78.5,730.184,-3.52,51.57,-49.45,3.981,-9.32,15.64,-0.04,0.0712,-1.0429,11.96,-99495.29,8.03,91.14,-1.313,-0,-1.0001,129.33,117.97,141.21,24.97,Cornering,"Hoosier 43075 16x7.5-10 R20, 7 inch rim",18654
78.48,730.194,-2.82,50.46,-49.21,3.985,-9,14.92,0.09,0.0574,-1.0253,12.01,44354.1,8.03,91.11,-1.265,-0,-0.9998,129.37,117.97,141.19,24.97,Cornering,"Hoosier 43075 16x7.5-10 R20, 7 inch rim",18655
78.51,730.204,-1.75,48.57,-48.67,3.984,-8.72,14.89,0.09,0.036,-0.9979,12.09,44344.32,8.03,91.08,-1.232,-0,-0.9998,129.39,118.01,141.09,24.96,Cornering,"Hoosier 43075 16x7.5-10 R20, 7 inch rim",18656
78.51,730.214,-1.08,46.26,-47.72,4,-8.83,14.93,0.03,0.0227,-0.9694,12.13,159990.23,8.03,91.12,-1.19,-0,-0.9999,129.41,118.03,140.99,24.96,Cornering,"Hoosier 43075 16x7.5-10 R20, 7 inch rim",18657
78.48,730.224,-1.1,44.86,-46.59,3.985,-8.93,15.02,0.03,0.0235,-0.9628,12.08,159992.17,8.03,91.1,-1.153,-0,-0.9999,129.41,118.08,140.9,24.96,Cornering,"Hoosier 43075 16x7.5-10 R20, 7 inch rim",18658
78.5,730.234,-1.81,43.34,-45.92,4.001,-8.99,15.47,0.09,0.0394,-0.9438,12.03,44325.34,8.03,91.11,-1.12,-0,-0.9998,129.54,118.21,140.8,24.95,Cornering,"Hoosier 43075 16x7.5-10 R20, 7 inch rim",18659
78.51,730.244,-2.85,42.45,-45.99,3.994,-8.31,15.85,0.03,0.0619,-0.923,11.93,159921.19,8.03,91.16,-1.086,-0,-0.9999,129.63,118.28,140.74,24.94,Cornering,"Hoosier 43075 16x7.5-10 R20, 7 inch rim",18660
78.49,730.254,-3.89,41.33,-45.88,3.997,-8.74,16.56,0.16,0.0848,-0.901,11.89,25727.83,8.03,91.19,-1.051,-0,-0.9997,129.67,118.28,140.7,24.95,Cornering,"Hoosier 43075 16x7.5-10 R20, 7 inch rim",18661
78.47,730.264,-4.72,40.71,-46.22,4.001,-9.15,17.22,0.09,0.1022,-0.8807,11.91,44316.39,8.03,91.23,-1.017,-0,-0.9998,129.61,118.21,140.68,24.94,Cornering,"Hoosier 43075 16x7.5-10 R20, 7 inch rim",18662
78.5,730.274,-5.04,40.31,-47.3,4,-9.12,17.55,-0.04,0.1066,-0.8524,12,-99413.54,8.03,91.28,-0.977,-0,-1.0001,129.52,118.06,140.68,24.94,Cornering,"Hoosier 43075 16x7.5-10 R20, 7 inch rim",18663
78.51,730.284,-4.7,39.63,-48.41,3.996,-9.36,17.72,-0.04,0.097,-0.8185,12.08,-99368.09,8.03,91.29,-0.948,-0,-1.0001,129.41,117.92,140.68,24.93,Cornering,"Hoosier 43075 16x7.5-10 R20, 7 inch rim",18664
78.48,730.294,-4.08,38.68,-49.68,3.984,-8.74,17.42,0.03,0.082,-0.7785,12.13,160040.55,8.03,91.32,-0.905,-0,-0.9999,129.37,117.81,140.7,24.96,Cornering,"Hoosier 43075 16x7.5-10 R20, 7 inch rim",18665
78.49,730.304,-2.94,36.9,-49.69,4,-9.22,17.25,0.03,0.0592,-0.7425,12.14,160078.86,8.03,91.34,-0.875,-0,-0.9999,129.35,117.79,140.66,24.97,Cornering,"Hoosier 43075 16x7.5-10 R20, 7 inch rim",18666
78.52,730.314,-1.52,34.83,-49.35,4.006,-9.12,17.44,0.03,0.0309,-0.7058,12.06,160117.7,8.02,91.34,-0.829,-0,-0.9999,129.41,117.79,140.6,24.97,Cornering,"Hoosier 43075 16x7.5-10 R20, 7 inch rim",18667
78.5,730.324,-0.55,32.51,-48.5,3.991,-9.38,17.64,0.03,0.0113,-0.6703,12,160118.66,8.03,91.36,-0.802,-0,-0.9999,129.41,117.88,140.56,24.97,Cornering,"Hoosier 43075 16x7.5-10 R20, 7 inch rim",18668
78.48,730.334,-0.08,30.81,-47.7,3.979,-8.68,17.84,-0.04,0.0017,-0.6459,11.96,-99511.12,8.03,91.41,-0.753,-0,-1.0001,129.46,117.92,140.52,24.97,Cornering,"Hoosier 43075 16x7.5-10 R20, 7 inch rim",18669
78.5,730.344,-0.19,29.1,-46.65,4,-8.84,18.35,0.03,0.0041,-0.6238,11.97,160010.47,8.02,91.44,-0.698,-0,-0.9999,129.5,118.01,140.46,24.96,Cornering,"Hoosier 43075 16x7.5-10 R20, 7 inch rim",18670
78.52,730.354,-1.29,27.9,-46.5,3.988,-8.22,18.58,-0.04,0.0276,-0.6,12.05,-99466.82,8.02,91.47,-0.649,-0,-1.0001,129.58,118.17,140.44,24.96,Cornering,"Hoosier 43075 16x7.5-10 R20, 7 inch rim",18671
78.48,730.364,-2.67,26.54,-45.53,3.997,-9.33,18.83,0.03,0.0585,-0.5829,12.14,160087.38,8.02,91.47,-0.602,-0,-0.9999,129.65,118.25,140.4,24.97,Cornering,"Hoosier 43075 16x7.5-10 R20, 7 inch rim",18672
78.48,730.374,-3.86,25.54,-46.08,3.987,-9.09,19.04,-0.04,0.0838,-0.5542,12.19,-99583.48,8.03,91.45,-0.574,-0,-1.0001,129.61,118.28,140.36,24.98,Cornering,"Hoosier 43075 16x7.5-10 R20, 7 inch rim",18673
78.51,730.384,-5.01,24.06,-47.7,3.991,-8.92,18.91,-0.04,0.105,-0.5045,12.16,-99676.61,8.02,91.46,-0.521,-0,-1.0001,129.54,118.19,140.32,25.01,Cornering,"Hoosier 43075 16x7.5-10 R20, 7 inch rim",18674
